Speed,LapDistPct,Lat,Lon,Brake,Throttle,RPM,SteeringWheelAngle,Gear,OffAsphalt
58.2858,0.000000,60.000088,0.000124,0.0000,1.0000,7941.5,0.0271,5,0
58.3064,0.000000,60.000085,0.000133,0.0000,1.0000,7982.2,0.0299,5,0
58.3291,0.000000,60.000082,0.000142,0.0000,1.0000,7944.6,0.0321,5,0
58.3409,0.000000,60.000080,0.000151,0.0000,1.0000,7968.7,0.0357,5,0
58.3775,0.000000,60.000077,0.000160,0.0000,1.0000,7938.7,0.0395,5,0
58.3971,0.001340,60.000074,0.000168,0.0000,1.0000,7953.8,0.0420,5,0
58.4150,0.001340,60.000071,0.000177,0.0000,1.0000,7962.2,0.0455,5,0
58.4191,0.001340,60.000068,0.000186,0.0000,1.0000,8024.3,0.0487,5,0
58.4518,0.001340,60.000066,0.000195,0.0000,1.0000,7990.5,0.0506,5,0
58.4681,0.001340,60.000063,0.000204,0.0000,1.0000,8001.7,0.0523,5,0
58.4816,0.001340,60.000060,0.000212,0.0000,1.0000,8009.9,0.0536,5,0
58.5145,0.001340,60.000057,0.000221,0.0000,1.0000,7971.8,0.0540,5,0
58.5380,0.001340,60.000054,0.000230,0.0000,1.0000,7967.3,0.0548,5,0
58.5569,0.001340,60.000051,0.000239,0.0000,1.0000,7970.2,0.0551,5,0
58.5857,0.001340,60.000048,0.000248,0.0000,1.0000,7980.9,0.0552,5,0
58.6062,0.002773,60.000045,0.000256,0.0000,1.0000,7992.4,0.0546,5,0
58.6297,0.002773,60.000042,0.000265,0.0000,1.0000,7992.2,0.0538,5,0
58.6553,0.002773,60.000039,0.000274,0.0000,1.0000,7966.4,0.0525,5,0
58.6740,0.002773,60.000036,0.000283,0.0000,1.0000,7997.8,0.0512,5,0
58.6941,0.002773,60.000033,0.000292,0.0000,1.0000,8010.5,0.0491,5,0
58.7122,0.002773,60.000030,0.000300,0.0000,1.0000,8017.1,0.0471,5,0
58.7287,0.002773,60.000027,0.000309,0.0000,1.0000,8009.8,0.0453,5,0
58.7645,0.002773,60.000024,0.000318,0.0000,1.0000,8001.2,0.0449,5,0
58.7848,0.002773,60.000021,0.000327,0.0000,1.0000,7984.3,0.0428,5,0
58.8080,0.002773,60.000018,0.000335,0.0000,1.0000,7985.6,0.0417,5,0
58.8228,0.004210,60.000015,0.000344,0.0000,1.0000,8039.5,0.0403,5,0
58.8475,0.004210,60.000012,0.000353,0.0000,1.0000,8032.0,0.0390,5,0
58.8695,0.004210,60.000009,0.000362,0.0000,1.0000,8027.0,0.0382,5,0
58.8906,0.004210,60.000006,0.000370,0.0000,1.0000,8030.1,0.0377,5,0
58.9105,0.004210,60.000003,0.000379,0.0000,1.0000,8041.1,0.0373,5,0
58.9486,0.004210,60.000000,0.000388,0.0000,1.0000,7985.8,0.0368,5,0
58.9731,0.004210,59.999997,0.000397,0.0000,1.0000,7979.0,0.0365,5,0
58.9903,0.004210,59.999994,0.000405,0.0000,1.0000,7989.9,0.0358,5,0
59.0141,0.004210,59.999991,0.000414,0.0000,1.0000,7987.2,0.0348,5,0
59.0265,0.004210,59.999988,0.000423,0.0000,1.0000,8006.3,0.0331,5,0
59.0563,0.005654,59.999985,0.000432,0.0000,1.0000,7990.7,0.0320,5,0
59.0721,0.005654,59.999982,0.000440,0.0000,1.0000,8004.9,0.0291,5,0
59.0941,0.005654,59.999979,0.000449,0.0000,1.0000,8011.0,0.0266,5,0
59.1123,0.005654,59.999976,0.000458,0.0000,1.0000,8028.0,0.0233,5,0
59.1364,0.005654,59.999973,0.000466,0.0000,1.0000,8010.7,0.0201,5,0
59.1563,0.005654,59.999970,0.000475,0.0000,1.0000,8000.3,0.0159,5,0
59.1808,0.005654,59.999967,0.000484,0.0000,1.0000,8009.1,0.0122,5,0
59.2045,0.005654,59.999964,0.000492,0.0000,1.0000,8013.1,0.0102,5,0
59.2094,0.005654,59.999961,0.000501,0.0000,1.0000,8042.2,0.0074,5,0
59.2419,0.005654,59.999958,0.000510,0.0000,1.0000,8042.0,0.0046,5,0
59.2685,0.007102,59.999955,0.000519,0.0000,1.0000,8047.2,0.0039,5,0
59.2850,0.007102,59.999952,0.000527,0.0000,1.0000,8056.3,0.0031,5,0
59.2985,0.007102,59.999949,0.000536,0.0000,1.0000,8080.0,0.0014,5,0
59.3237,0.007102,59.999946,0.000545,0.0000,1.0000,8083.2,0.0008,5,0
59.3577,0.007102,59.999943,0.000553,0.0000,1.0000,8047.8,0.0009,5,0
59.3867,0.007102,59.999940,0.000562,0.0000,1.0000,8031.2,0.0009,5,0
59.4020,0.007102,59.999937,0.000571,0.0000,1.0000,8018.0,0.0010,5,0
59.4366,0.007102,59.999934,0.000579,0.0000,1.0000,8008.3,-0.0000,5,0
59.4638,0.007102,59.999931,0.000588,0.0000,1.0000,7991.3,0.0017,5,0
59.4827,0.007102,59.999928,0.000597,0.0000,1.0000,8003.7,0.0019,5,0
59.5112,0.008557,59.999925,0.000605,0.0000,1.0000,7985.2,0.0016,5,0
59.5347,0.008557,59.999922,0.000614,0.0000,1.0000,7975.1,0.0019,5,0
59.5568,0.008557,59.999919,0.000623,0.0000,1.0000,7985.7,0.0024,5,0
59.5792,0.008557,59.999916,0.000631,0.0000,1.0000,7988.6,0.0027,5,0
59.6075,0.008557,59.999913,0.000640,0.0000,1.0000,7971.5,0.0030,5,0
59.6310,0.008557,59.999910,0.000649,0.0000,1.0000,7976.7,0.0033,5,0
59.6496,0.008557,59.999907,0.000657,0.0000,1.0000,8001.3,0.0037,5,0
59.6765,0.008557,59.999904,0.000666,0.0000,1.0000,7990.2,0.0039,5,0
59.7027,0.008557,59.999900,0.000675,0.0000,1.0000,7983.4,0.0041,5,0
59.7237,0.008557,59.999897,0.000683,0.0000,1.0000,7998.7,0.0043,5,0
59.7430,0.010018,59.999894,0.000692,0.0000,1.0000,8017.9,0.0045,5,0
59.7710,0.010018,59.999891,0.000701,0.0000,1.0000,8000.8,0.0045,5,0
59.7958,0.010018,59.999888,0.000710,0.0000,1.0000,7997.0,0.0042,5,0
59.8137,0.010018,59.999884,0.000718,0.0000,1.0000,8020.0,0.0041,5,0
59.8355,0.010018,59.999881,0.000727,0.0000,1.0000,8024.1,0.0037,5,0
59.8599,0.010018,59.999878,0.000736,0.0000,1.0000,8017.6,0.0032,5,0
59.8828,0.010018,59.999875,0.000744,0.0000,1.0000,8017.5,0.0027,5,0
59.9012,0.010018,59.999872,0.000753,0.0000,1.0000,8034.4,0.0023,5,0
59.9257,0.010018,59.999869,0.000762,0.0000,1.0000,8025.3,0.0017,5,0
59.9503,0.010018,59.999866,0.000771,0.0000,1.0000,8017.4,0.0011,5,0
59.9695,0.011485,59.999863,0.000779,0.0000,1.0000,8033.0,0.0005,5,0
59.9900,0.011485,59.999859,0.000788,0.0000,1.0000,8042.4,-0.0002,5,0
60.0181,0.011485,59.999856,0.000797,0.0000,1.0000,8022.3,-0.0012,5,0
60.0409,0.011485,59.999853,0.000805,0.0000,1.0000,8025.8,-0.0023,5,0
60.0581,0.011485,59.999850,0.000814,0.0000,1.0000,8052.1,-0.0034,5,0
60.0847,0.011485,59.999847,0.000823,0.0000,1.0000,8039.0,-0.0049,5,0
60.1099,0.011485,59.999844,0.000832,0.0000,1.0000,8035.2,-0.0064,5,0
60.1307,0.011485,59.999840,0.000840,0.0000,1.0000,8050.5,-0.0081,5,0
60.1496,0.011485,59.999837,0.000849,0.0000,1.0000,8070.3,-0.0099,5,0
60.1784,0.011485,59.999833,0.000858,0.0000,1.0000,8050.6,-0.0120,5,0
60.2021,0.012960,59.999830,0.000867,0.0000,1.0000,8050.7,-0.0141,5,0
60.2192,0.012960,59.999827,0.000875,0.0000,1.0000,8076.9,-0.0162,5,0
60.2415,0.012960,59.999823,0.000884,0.0000,1.0000,8078.5,-0.0183,5,0
60.2671,0.012960,59.999820,0.000893,0.0000,1.0000,8065.2,-0.0203,5,0
60.2890,0.012960,59.999816,0.000902,0.0000,1.0000,8069.1,-0.0221,5,0
60.3055,0.012960,59.999813,0.000910,0.0000,1.0000,8091.1,-0.0236,5,0
60.3284,0.012960,59.999810,0.000919,0.0000,1.0000,8086.2,-0.0249,5,0
60.3538,0.012960,59.999807,0.000928,0.0000,1.0000,8073.0,-0.0259,5,0
60.3720,0.012960,59.999804,0.000937,0.0000,1.0000,8089.2,-0.0263,5,0
60.3919,0.012960,59.999801,0.000946,0.0000,1.0000,8097.1,-0.0264,5,0
60.4175,0.014441,59.999798,0.000955,0.0000,1.0000,8081.8,-0.0261,5,0
60.4400,0.014441,59.999795,0.000963,0.0000,1.0000,8082.0,-0.0253,5,0
60.4560,0.014441,59.999792,0.000972,0.0000,1.0000,8105.8,-0.0242,5,0
60.4800,0.014441,59.999789,0.000981,0.0000,1.0000,8097.3,-0.0229,5,0
60.5038,0.014441,59.999786,0.000990,0.0000,1.0000,8090.8,-0.0215,5,0
60.5225,0.014441,59.999783,0.000999,0.0000,1.0000,8107.9,-0.0199,5,0
60.5413,0.014441,59.999780,0.001007,0.0000,1.0000,8120.5,-0.0182,5,0
60.5671,0.014441,59.999777,0.001016,0.0000,1.0000,8106.9,-0.0166,5,0
60.5901,0.014441,59.999774,0.001025,0.0000,1.0000,8108.2,-0.0151,5,0
60.6073,0.014441,59.999771,0.001034,0.0000,1.0000,8131.6,-0.0136,5,0
60.6312,0.015927,59.999768,0.001043,0.0000,1.0000,8126.2,-0.0124,5,0
60.6571,0.015927,59.999764,0.001052,0.0000,1.0000,8116.5,-0.0114,5,0
60.6773,0.015927,59.999761,0.001061,0.0000,1.0000,8128.5,-0.0106,5,0
60.6958,0.015927,59.999758,0.001070,0.0000,1.0000,8144.0,-0.0101,5,0
60.7212,0.015927,59.999755,0.001079,0.0000,1.0000,8130.3,-0.0100,5,0
60.7438,0.015927,59.999752,0.001087,0.0000,1.0000,8129.1,-0.0099,5,0
60.7605,0.015927,59.999749,0.001096,0.0000,1.0000,8148.2,-0.0100,5,0
60.7802,0.015927,59.999745,0.001105,0.0000,1.0000,8155.4,-0.0103,5,0
60.8042,0.015927,59.999742,0.001114,0.0000,1.0000,8148.0,-0.0108,5,0
60.8275,0.015927,59.999738,0.001123,0.0000,1.0000,8143.8,-0.0114,5,0
60.8446,0.017420,59.999735,0.001132,0.0000,1.0000,8160.6,-0.0122,5,0
60.8698,0.017420,59.999732,0.001141,0.0000,1.0000,8146.6,-0.0130,5,0
60.8930,0.017420,59.999728,0.001150,0.0000,1.0000,8142.3,-0.0139,5,0
60.9107,0.017420,59.999725,0.001159,0.0000,1.0000,8158.3,-0.0148,5,0
60.9302,0.017420,59.999721,0.001168,0.0000,1.0000,8164.4,-0.0158,5,0
60.9554,0.017420,59.999718,0.001177,0.0000,1.0000,8152.0,-0.0168,5,0
60.9766,0.017420,59.999715,0.001186,0.0000,1.0000,8155.7,-0.0177,5,0
60.9928,0.017420,59.999712,0.001195,0.0000,1.0000,8176.8,-0.0185,5,0
61.0170,0.017420,59.999709,0.001204,0.0000,1.0000,8166.7,-0.0193,5,0
61.0405,0.017420,59.999706,0.001213,0.0000,1.0000,8161.3,-0.0200,5,0
61.0586,0.018923,59.999703,0.001222,0.0000,1.0000,8177.6,-0.0206,5,0
61.0778,0.018923,59.999699,0.001231,0.0000,1.0000,8186.7,-0.0211,5,0
61.1034,0.018923,59.999696,0.001240,0.0000,1.0000,8174.2,-0.0215,5,0
61.1256,0.018923,59.999693,0.001249,0.0000,1.0000,8176.4,-0.0217,5,0
61.1429,0.018923,59.999690,0.001258,0.0000,1.0000,8196.3,-0.0218,5,0
61.1670,0.018923,59.999687,0.001267,0.0000,1.0000,8188.3,-0.0217,5,0
61.1910,0.018923,59.999684,0.001276,0.0000,1.0000,8184.2,-0.0213,5,0
61.2098,0.018923,59.999681,0.001285,0.0000,1.0000,8198.1,-0.0207,5,0
61.2280,0.018923,59.999678,0.001295,0.0000,1.0000,8212.8,-0.0199,5,0
61.2502,0.018923,59.999675,0.001304,0.0000,1.0000,8212.2,-0.0189,5,0
61.2725,0.020433,59.999672,0.001313,0.0000,1.0000,8210.0,-0.0176,5,0
61.2906,0.020433,59.999669,0.001322,0.0000,1.0000,8223.8,-0.0161,5,0
61.3108,0.020433,59.999666,0.001331,0.0000,1.0000,8228.0,-0.0143,5,0
61.3319,0.020433,59.999663,0.001340,0.0000,1.0000,8229.8,-0.0124,5,0
61.3517,0.020433,59.999660,0.001349,0.0000,1.0000,8233.7,-0.0101,5,0
61.3707,0.020433,59.999657,0.001358,0.0000,1.0000,8240.5,-0.0078,5,0
61.3929,0.020433,59.999654,0.001367,0.0000,1.0000,8237.6,-0.0054,5,0
61.4141,0.020433,59.999651,0.001377,0.0000,1.0000,8238.8,-0.0028,5,0
61.4336,0.020433,59.999648,0.001386,0.0000,1.0000,8244.0,-0.0002,5,0
61.4556,0.020433,59.999645,0.001395,0.0000,1.0000,8241.8,0.0022,5,0
61.4793,0.021944,59.999641,0.001404,0.0000,1.0000,8233.2,0.0045,5,0
61.5001,0.021944,59.999638,0.001413,0.0000,1.0000,8233.9,0.0065,5,0
61.5178,0.021944,59.999635,0.001422,0.0000,1.0000,8247.6,0.0082,5,0
61.5429,0.021944,59.999632,0.001432,0.0000,1.0000,8232.1,0.0095,5,0
61.5654,0.021944,59.999629,0.001441,0.0000,1.0000,8226.9,0.0104,5,0
61.5806,0.021944,59.999626,0.001450,0.0000,1.0000,8249.4,0.0108,5,0
61.6034,0.021944,59.999623,0.001459,0.0000,1.0000,8243.6,0.0108,5,0
61.6265,0.021944,59.999620,0.001468,0.0000,1.0000,8236.4,0.0106,5,0
61.6440,0.021944,59.999617,0.001477,0.0000,1.0000,8249.6,0.0099,5,0
61.6611,0.021944,59.999614,0.001487,0.0000,1.0000,8266.9,0.0090,5,0
61.6868,0.023457,59.999611,0.001496,0.0000,1.0000,8250.2,0.0080,5,0
61.7075,0.023457,59.999608,0.001505,0.0000,1.0000,8252.5,0.0067,5,0
61.7229,0.023457,59.999605,0.001514,0.0000,1.0000,8276.2,0.0055,5,0
61.7463,0.023457,59.999602,0.001523,0.0000,1.0000,8268.3,0.0042,5,0
61.7695,0.023457,59.999599,0.001533,0.0000,1.0000,8261.6,0.0029,5,0
61.7870,0.023457,59.999596,0.001542,0.0000,1.0000,8276.1,0.0017,5,0
61.8045,0.023457,59.999593,0.001551,0.0000,1.0000,8291.0,0.0005,5,0
61.8300,0.023457,59.999590,0.001560,0.0000,1.0000,8274.0,-0.0006,5,0
61.8502,0.023457,59.999587,0.001570,0.0000,1.0000,8277.3,-0.0018,5,0
61.8657,0.023457,59.999584,0.001579,0.0000,1.0000,8299.1,-0.0030,5,0
61.8892,0.024977,59.999580,0.001588,0.0000,1.0000,8290.3,-0.0042,5,0
61.9123,0.024977,59.999577,0.001597,0.0000,1.0000,8281.6,-0.0056,5,0
61.9304,0.024977,59.999574,0.001607,0.0000,1.0000,8292.8,-0.0071,5,0
61.9471,0.024977,59.999571,0.001616,0.0000,1.0000,8310.4,-0.0087,5,0
61.9729,0.024977,59.999568,0.001625,0.0000,1.0000,8290.5,-0.0102,5,0
61.9936,0.024977,59.999565,0.001634,0.0000,1.0000,8291.3,-0.0119,5,0
62.0086,0.024977,59.999562,0.001643,0.0000,1.0000,8314.2,-0.0135,5,0
62.0309,0.024977,59.999559,0.001653,0.0000,1.0000,8308.0,-0.0149,5,0
62.0541,0.024977,59.999556,0.001662,0.0000,1.0000,8298.0,-0.0161,5,0
62.0722,0.024977,59.999553,0.001671,0.0000,1.0000,8308.2,-0.0171,5,0
62.0884,0.026500,59.999550,0.001680,0.0000,1.0000,8327.1,-0.0178,5,0
62.1143,0.026500,59.999547,0.001690,0.0000,1.0000,8306.9,-0.0183,5,0
62.1350,0.026500,59.999544,0.001699,0.0000,1.0000,8307.4,-0.0186,5,0
62.1499,0.026500,59.999541,0.001708,0.0000,1.0000,8331.2,-0.0186,5,0
62.1717,0.026500,59.999538,0.001718,0.0000,1.0000,8327.3,-0.0186,5,0
62.1946,0.026500,59.999535,0.001727,0.0000,1.0000,8316.8,-0.0181,5,0
62.2118,0.026500,59.999532,0.001736,0.0000,1.0000,8328.8,-0.0176,5,0
62.2285,0.026500,59.999528,0.001745,0.0000,1.0000,8344.0,-0.0168,5,0
62.2519,0.026500,59.999524,0.001755,0.0000,1.0000,8329.7,-0.0158,5,0
62.2724,0.026500,59.999521,0.001764,0.0000,1.0000,8327.6,-0.0147,5,0
62.2872,0.028028,59.999517,0.001773,0.0000,1.0000,8349.7,-0.0133,5,0
62.3093,0.028028,59.999514,0.001783,0.0000,1.0000,8343.7,-0.0118,5,0
62.3316,0.028028,59.999510,0.001792,0.0000,1.0000,8334.6,-0.0101,5,0
62.3493,0.028028,59.999507,0.001801,0.0000,1.0000,8346.4,-0.0082,5,0
62.3665,0.028028,59.999503,0.001811,0.0000,1.0000,8359.5,-0.0062,5,0
62.3902,0.028028,59.999500,0.001820,0.0000,1.0000,8346.2,-0.0042,5,0
62.4108,0.028028,59.999497,0.001829,0.0000,1.0000,8344.8,-0.0021,5,0
62.4253,0.028028,59.999494,0.001839,0.0000,1.0000,8368.0,0.0000,5,0
62.4462,0.028028,59.999491,0.001848,0.0000,1.0000,8364.3,0.0023,5,0
62.4684,0.028028,59.999488,0.001857,0.0000,1.0000,8353.2,0.0043,5,0
62.4853,0.029562,59.999485,0.001867,0.0000,1.0000,8365.3,0.0063,5,0
62.5015,0.029562,59.999482,0.001876,0.0000,1.0000,8377.9,0.0081,5,0
62.5244,0.029562,59.999479,0.001885,0.0000,1.0000,8361.2,0.0097,5,0
62.5439,0.029562,59.999476,0.001895,0.0000,1.0000,8361.4,0.0109,5,0
62.5575,0.029562,59.999473,0.001904,0.0000,1.0000,8385.1,0.0117,5,0
62.5802,0.029562,59.999470,0.001914,0.0000,1.0000,8370.7,0.0121,5,0
62.6011,0.029562,59.999467,0.001923,0.0000,1.0000,8363.6,0.0122,5,0
62.6162,0.029562,59.999464,0.001932,0.0000,1.0000,8383.2,0.0118,5,0
62.6353,0.029562,59.999461,0.001942,0.0000,1.0000,8386.3,0.0111,5,0
62.6584,0.029562,59.999458,0.001951,0.0000,1.0000,8373.9,0.0099,5,0
62.6767,0.031105,59.999455,0.001961,0.0000,1.0000,8383.5,0.0085,5,0
62.6920,0.031105,59.999452,0.001970,0.0000,1.0000,8406.1,0.0069,5,0
62.7172,0.031105,59.999449,0.001979,0.0000,1.0000,8388.8,0.0051,5,0
62.7385,0.031105,59.999446,0.001989,0.0000,1.0000,8389.2,0.0034,5,0
62.7553,0.031105,59.999443,0.001998,0.0000,1.0000,8409.0,0.0017,5,0
62.7756,0.031105,59.999440,0.002008,0.0000,1.0000,8409.7,0.0000,5,0
62.7989,0.031105,59.999437,0.002017,0.0000,1.0000,8397.3,-0.0016,5,0
62.8168,0.031105,59.999434,0.002026,0.0000,1.0000,8405.8,-0.0032,5,0
62.8314,0.031105,59.999431,0.002036,0.0000,1.0000,8422.9,-0.0047,5,0
62.8508,0.031105,59.999428,0.002045,0.0000,1.0000,8419.5,-0.0062,5,0
62.8697,0.032648,59.999425,0.002055,0.0000,1.0000,8416.7,-0.0077,5,0
62.8858,0.032648,59.999422,0.002064,0.0000,1.0000,8427.9,-0.0090,5,0
62.9044,0.032648,59.999419,0.002074,0.0000,1.0000,8428.0,-0.0101,5,0
62.9266,0.032648,59.999416,0.002083,0.0000,1.0000,8415.8,-0.0111,5,0
62.9458,0.032648,59.999413,0.002092,0.0000,1.0000,8418.6,-0.0119,5,0
62.9609,0.032648,59.999410,0.002102,0.0000,1.0000,8434.2,-0.0123,5,0
62.9838,0.032648,59.999407,0.002111,0.0000,1.0000,8417.6,-0.0124,5,0
63.0031,0.032648,59.999404,0.002121,0.0000,1.0000,8417.2,-0.0123,5,0
63.0164,0.032648,59.999401,0.002130,0.0000,1.0000,8440.2,-0.0116,5,0
63.0375,0.032648,59.999398,0.002140,0.0000,1.0000,8430.5,-0.0108,5,0
63.0577,0.034196,59.999395,0.002149,0.0000,1.0000,8425.5,-0.0098,5,0
63.0735,0.034196,59.999392,0.002159,0.0000,1.0000,8440.3,-0.0084,5,0
63.0899,0.034196,59.999389,0.002168,0.0000,1.0000,8449.0,-0.0068,5,0
63.1123,0.034196,59.999386,0.002177,0.0000,1.0000,8434.5,-0.0051,5,0
63.1297,0.034196,59.999383,0.002187,0.0000,1.0000,8442.0,-0.0034,5,0
63.1431,0.034196,59.999380,0.002196,0.0000,1.0000,8464.4,-0.0016,5,0
63.1655,0.034196,59.999377,0.002206,0.0000,1.0000,8448.6,0.0001,5,0
63.1850,0.034196,59.999374,0.002215,0.0000,1.0000,8447.2,0.0017,5,0
63.1992,0.034196,59.999370,0.002225,0.0000,1.0000,8469.1,0.0032,5,0
63.2187,0.034196,59.999367,0.002234,0.0000,1.0000,8466.0,0.0044,5,0
63.2407,0.035748,59.999364,0.002244,0.0000,1.0000,8456.2,0.0054,5,0
63.2578,0.035748,59.999361,0.002253,0.0000,1.0000,8466.8,0.0062,5,0
63.2722,0.035748,59.999358,0.002263,0.0000,1.0000,8484.6,0.0066,5,0
63.2958,0.035748,59.999354,0.002272,0.0000,1.0000,8467.1,0.0067,5,0
63.3153,0.035748,59.999351,0.002282,0.0000,1.0000,8468.0,0.0067,5,0
63.3292,0.035748,59.999348,0.002291,0.0000,1.0000,8489.3,0.0065,5,0
63.3495,0.035748,59.999344,0.002301,0.0000,1.0000,8482.7,0.0061,5,0
63.3712,0.035748,59.999341,0.002310,0.0000,1.0000,8472.9,0.0057,5,0
63.3879,0.035748,59.999337,0.002320,0.0000,1.0000,8483.1,0.0053,5,0
63.4023,0.035748,59.999334,0.002329,0.0000,1.0000,8499.4,0.0049,5,0
63.4254,0.037302,59.999330,0.002339,0.0000,1.0000,8482.0,0.0046,5,0
63.4445,0.037302,59.999327,0.002349,0.0000,1.0000,8481.8,0.0044,5,0
63.4572,0.037302,59.999324,0.002358,0.0000,1.0000,8503.1,0.0042,5,0
63.4780,0.037302,59.999320,0.002368,0.0000,1.0000,8492.1,0.0041,5,0
63.4979,0.037302,59.999316,0.002377,0.0000,1.0000,8486.3,0.0038,5,0
63.5124,0.037302,59.999313,0.002387,0.0000,1.0000,8501.7,0.0035,5,0
63.5287,0.037302,59.999310,0.002396,0.0000,1.0000,8508.0,0.0031,5,0
63.5511,0.037302,59.999307,0.002406,0.0000,1.0000,8494.0,0.0026,5,0
63.5688,0.037302,59.999304,0.002415,0.0000,1.0000,8498.4,0.0020,5,0
63.5817,0.037302,59.999301,0.002425,0.0000,1.0000,8519.2,0.0014,5,0
63.6041,0.038861,59.999298,0.002434,0.0000,1.0000,8504.0,0.0007,5,0
63.6230,0.038861,59.999295,0.002444,0.0000,1.0000,8502.4,0.0001,5,0
63.6362,0.038861,59.999292,0.002453,0.0000,1.0000,8522.0,-0.0005,5,0
63.6547,0.038861,59.999289,0.002463,0.0000,1.0000,8520.0,-0.0010,5,0
63.6756,0.038861,59.999286,0.002473,0.0000,1.0000,8510.1,-0.0015,5,0
63.6918,0.038861,59.999283,0.002482,0.0000,1.0000,8519.5,-0.0019,5,0
63.7054,0.038861,59.999280,0.002492,0.0000,1.0000,8536.9,-0.0023,5,0
63.7287,0.038861,59.999277,0.002501,0.0000,1.0000,8518.0,-0.0027,5,0
63.7473,0.038861,59.999274,0.002511,0.0000,1.0000,8518.4,-0.0030,5,0
63.7596,0.038861,59.999271,0.002520,0.0000,1.0000,8541.3,-0.0034,5,0
63.7803,0.040427,59.999268,0.002530,0.0000,1.0000,8531.9,-0.0037,5,0
63.8001,0.040427,59.999264,0.002540,0.0000,1.0000,8526.1,-0.0040,5,0
63.8145,0.040427,59.999261,0.002549,0.0000,1.0000,8541.0,-0.0042,5,0
63.8303,0.040427,59.999258,0.002559,0.0000,1.0000,8548.1,-0.0045,5,0
63.8524,0.040427,59.999255,0.002568,0.0000,1.0000,8532.1,-0.0046,5,0
63.8697,0.040427,59.999252,0.002578,0.0000,1.0000,8534.9,-0.0046,5,0
63.8812,0.040427,59.999249,0.002587,0.0000,1.0000,8559.0,-0.0046,5,0
63.9025,0.040427,59.999246,0.002597,0.0000,1.0000,8544.2,-0.0046,5,0
63.9215,0.040427,59.999242,0.002607,0.0000,1.0000,8540.2,-0.0043,5,0
63.9340,0.040427,59.999239,0.002616,0.0000,1.0000,8560.8,-0.0040,5,0
63.9528,0.041998,59.999236,0.002626,0.0000,1.0000,8555.6,-0.0036,5,0
63.9727,0.041998,59.999233,0.002635,0.0000,1.0000,8548.2,-0.0032,5,0
63.9883,0.041998,59.999230,0.002645,0.0000,1.0000,8557.1,-0.0025,5,0
64.0019,0.041998,59.999226,0.002655,0.0000,1.0000,8571.6,-0.0019,5,0
64.0239,0.041998,59.999223,0.002664,0.0000,1.0000,8555.6,-0.0012,5,0
64.0417,0.041998,59.999220,0.002674,0.0000,1.0000,8554.9,-0.0003,5,0
64.0533,0.041998,59.999217,0.002683,0.0000,1.0000,8577.3,0.0004,5,0
64.0734,0.041998,59.999213,0.002693,0.0000,1.0000,8567.7,0.0013,5,0
64.0926,0.041998,59.999210,0.002703,0.0000,1.0000,8561.2,0.0021,5,0
64.1055,0.041998,59.999207,0.002712,0.0000,1.0000,8578.7,0.0027,5,0
64.1223,0.043571,59.999204,0.002722,0.0000,1.0000,8580.9,0.0033,5,0
64.1437,0.043571,59.999200,0.002732,0.0000,1.0000,8565.6,0.0038,5,0
64.1587,0.043571,59.999197,0.002741,0.0000,1.0000,8574.9,0.0040,5,0
64.1705,0.043571,59.999194,0.002751,0.0000,1.0000,8596.6,0.0041,5,0
64.1927,0.043571,59.999190,0.002760,0.0000,1.0000,8577.4,0.0041,5,0
64.2100,0.043571,59.999187,0.002770,0.0000,1.0000,8577.4,0.0041,5,0
64.2216,0.043571,59.999184,0.002780,0.0000,1.0000,8600.2,0.0040,5,0
64.2414,0.043571,59.999181,0.002789,0.0000,1.0000,8590.9,0.0038,5,0
64.2607,0.043571,59.999178,0.002799,0.0000,1.0000,8583.4,0.0036,5,0
64.2738,0.043571,59.999175,0.002809,0.0000,1.0000,8599.1,0.0033,5,0
64.2889,0.045147,59.999172,0.002818,0.0000,1.0000,8607.2,0.0032,5,0
64.3096,0.045147,59.999169,0.002828,0.0000,1.0000,8593.8,0.0030,5,0
64.3249,0.045147,59.999166,0.002838,0.0000,1.0000,8599.3,0.0027,5,0
64.3372,0.045147,59.999163,0.002847,0.0000,1.0000,8619.4,0.0024,5,0
64.3584,0.045147,59.999160,0.002857,0.0000,1.0000,8604.0,0.0021,5,0
64.3759,0.045147,59.999157,0.002867,0.0000,1.0000,8602.6,0.0016,5,0
64.3887,0.045147,59.999154,0.002876,0.0000,1.0000,8620.6,0.0012,5,0
64.4073,0.045147,59.999151,0.002886,0.0000,1.0000,8616.5,0.0007,5,0
64.4263,0.045147,59.999148,0.002896,0.0000,1.0000,8608.6,0.0002,5,0
64.4410,0.045147,59.999145,0.002905,0.0000,1.0000,8619.1,-0.0003,5,0
64.4547,0.046728,59.999141,0.002915,0.0000,1.0000,8632.0,-0.0008,5,0
64.4762,0.046728,59.999138,0.002925,0.0000,1.0000,8614.5,-0.0013,5,0
64.4925,0.046728,59.999135,0.002934,0.0000,1.0000,8616.2,-0.0019,5,0
64.5037,0.046728,59.999132,0.002944,0.0000,1.0000,8640.1,-0.0023,5,0
64.5236,0.046728,59.999129,0.002954,0.0000,1.0000,8627.7,-0.0028,5,0
64.5419,0.046728,59.999126,0.002963,0.0000,1.0000,8620.1,-0.0033,5,0
64.5541,0.046728,59.999123,0.002973,0.0000,1.0000,8638.0,-0.0037,5,0
64.5701,0.046728,59.999119,0.002983,0.0000,1.0000,8639.7,-0.0041,5,0
64.5891,0.046728,59.999116,0.002993,0.0000,1.0000,8628.7,-0.0046,5,0
64.6039,0.046728,59.999112,0.003002,0.0000,1.0000,8635.4,-0.0050,5,0
64.6157,0.048312,59.999109,0.003012,0.0000,1.0000,8652.9,-0.0055,5,0
64.6364,0.048312,59.999106,0.003022,0.0000,1.0000,8635.5,-0.0059,5,0
64.6526,0.048312,59.999102,0.003031,0.0000,1.0000,8635.0,-0.0063,5,0
64.6636,0.048312,59.999099,0.003041,0.0000,1.0000,8657.3,-0.0066,5,0
64.6835,0.048312,59.999095,0.003051,0.0000,1.0000,8643.3,-0.0068,5,0
64.7004,0.048312,59.999092,0.003060,0.0000,1.0000,8639.3,-0.0070,5,0
64.7120,0.048312,59.999089,0.003070,0.0000,1.0000,8659.2,-0.0071,5,0
64.7276,0.048312,59.999086,0.003080,0.0000,1.0000,8660.8,-0.0071,5,0
64.7468,0.048312,59.999082,0.003090,0.0000,1.0000,8648.4,-0.0070,5,0
64.7611,0.048312,59.999079,0.003099,0.0000,1.0000,8656.9,-0.0068,5,0
64.7727,0.049899,59.999076,0.003109,0.0000,1.0000,8675.4,-0.0064,5,0
64.7937,0.049899,59.999073,0.003119,0.0000,1.0000,8656.9,-0.0060,5,0
64.8093,0.049899,59.999070,0.003129,0.0000,1.0000,8660.1,-0.0056,5,0
64.8207,0.049899,59.999066,0.003138,0.0000,1.0000,8681.9,-0.0051,5,0
64.8403,0.049899,59.999063,0.003148,0.0000,1.0000,8669.2,-0.0046,5,0
64.8583,0.049899,59.999060,0.003158,0.0000,1.0000,8663.7,-0.0041,5,0
64.8712,0.049899,59.999057,0.003167,0.0000,1.0000,8681.4,-0.0036,5,0
64.8876,0.049899,59.999054,0.003177,0.0000,1.0000,8683.2,-0.0031,5,0
64.9074,0.049899,59.999051,0.003187,0.0000,1.0000,8671.3,-0.0026,5,0
64.9230,0.049899,59.999048,0.003197,0.0000,1.0000,8677.5,-0.0022,5,0
64.9349,0.051492,59.999045,0.003207,0.0000,1.0000,8696.6,-0.0017,5,0
64.9547,0.051492,59.999042,0.003216,0.0000,1.0000,8682.7,-0.0013,5,0
64.9720,0.051492,59.999039,0.003226,0.0000,1.0000,8681.2,-0.0009,5,0
64.9840,0.051492,59.999036,0.003236,0.0000,1.0000,8699.5,-0.0007,5,0
65.0015,0.051492,59.999033,0.003246,0.0000,1.0000,8693.6,-0.0004,5,0
65.0185,0.051492,59.999030,0.003255,0.0000,1.0000,8691.2,-0.0002,5,0
65.0333,0.051492,59.999027,0.003265,0.0000,1.0000,8697.3,-0.0001,5,0
65.0486,0.051492,59.999023,0.003275,0.0000,1.0000,8699.8,-0.0001,5,0
65.0660,0.051492,59.999020,0.003285,0.0000,1.0000,8694.0,-0.0001,5,0
65.0818,0.051492,59.999017,0.003295,0.0000,1.0000,8695.8,-0.0001,5,0
65.0947,0.053089,59.999013,0.003304,0.0000,1.0000,8707.5,-0.0001,5,0
65.1119,0.053089,59.999010,0.003314,0.0000,1.0000,8699.6,-0.0002,5,0
65.1272,0.053089,59.999007,0.003324,0.0000,1.0000,8701.3,-0.0002,5,0
65.1400,0.053089,59.999004,0.003334,0.0000,1.0000,8712.3,-0.0002,5,0
65.1559,0.053089,59.999000,0.003344,0.0000,1.0000,8709.8,-0.0002,5,0
65.1739,0.053089,59.998997,0.003353,0.0000,1.0000,8701.5,-0.0002,5,0
65.1870,0.053089,59.998994,0.003363,0.0000,1.0000,8712.9,-0.0001,5,0
65.2013,0.053089,59.998991,0.003373,0.0000,1.0000,8716.5,0.0002,5,0
65.2198,0.053089,59.998988,0.003383,0.0000,1.0000,8704.2,0.0005,5,0
65.2337,0.053089,59.998985,0.003393,0.0000,1.0000,8710.2,0.0008,5,0
65.2447,0.054689,59.998981,0.003402,0.0000,1.0000,8726.3,0.0013,5,0
65.2634,0.054689,59.998978,0.003412,0.0000,1.0000,8710.6,0.0016,5,0
65.2786,0.054689,59.998975,0.003422,0.0000,1.0000,8713.4,0.0021,5,0
65.2886,0.054689,59.998972,0.003432,0.0000,1.0000,8735.0,0.0024,5,0
65.3072,0.054689,59.998969,0.003442,0.0000,1.0000,8721.8,0.0026,5,0
65.3231,0.054689,59.998966,0.003452,0.0000,1.0000,8721.8,0.0027,5,0
65.3339,0.054689,59.998962,0.003461,0.0000,1.0000,8741.2,0.0028,5,0
65.3498,0.054689,59.998959,0.003471,0.0000,1.0000,8737.3,0.0028,5,0
65.3673,0.054689,59.998955,0.003481,0.0000,1.0000,8729.3,0.0026,5,0
65.3797,0.054689,59.998952,0.003491,0.0000,1.0000,8742.9,0.0024,5,0
65.3910,0.056294,59.998948,0.003501,0.0000,1.0000,8756.0,0.0020,5,0
65.4105,0.056294,59.998944,0.003511,0.0000,1.0000,8738.9,0.0016,5,0
65.4247,0.056294,59.998941,0.003520,0.0000,1.0000,8745.8,0.0013,5,0
65.4345,0.056294,59.998937,0.003530,0.0000,1.0000,8766.4,0.0010,5,0
65.4532,0.056294,59.998934,0.003540,0.0000,1.0000,8751.3,0.0007,5,0
65.4691,0.056294,59.998930,0.003550,0.0000,1.0000,8751.1,0.0004,5,0
65.4797,0.056294,59.998927,0.003560,0.0000,1.0000,8770.0,0.0003,5,0
65.4963,0.056294,59.998924,0.003570,0.0000,1.0000,8763.6,0.0001,5,0
65.5140,0.056294,59.998921,0.003580,0.0000,1.0000,8756.8,0.0000,5,0
65.5271,0.056294,59.998918,0.003589,0.0000,1.0000,8769.3,0.0000,5,0
65.5403,0.057902,59.998915,0.003599,0.0000,1.0000,8776.6,-0.0000,5,0
65.5600,0.057902,59.998912,0.003609,0.0000,1.0000,8762.0,-0.0000,5,0
65.5750,0.057902,59.998909,0.003619,0.0000,1.0000,8766.9,-0.0000,5,0
65.5854,0.057902,59.998906,0.003629,0.0000,1.0000,8785.9,0.0000,5,0
65.6051,0.057902,59.998903,0.003639,0.0000,1.0000,8768.8,0.0001,5,0
65.6219,0.057902,59.998900,0.003649,0.0000,1.0000,8766.6,0.0003,5,0
65.6326,0.057902,59.998897,0.003659,0.0000,1.0000,8786.1,0.0005,5,0
65.6496,0.057902,59.998893,0.003668,0.0000,1.0000,8779.3,0.0007,5,0
65.6674,0.057902,59.998890,0.003678,0.0000,1.0000,8771.3,0.0009,5,0
65.6798,0.057902,59.998887,0.003688,0.0000,1.0000,8783.9,0.0012,5,0
65.6923,0.059513,59.998883,0.003698,0.0000,1.0000,8791.6,0.0015,5,0
65.7108,0.059513,59.998880,0.003708,0.0000,1.0000,8777.3,0.0017,5,0
65.7250,0.059513,59.998877,0.003718,0.0000,1.0000,8780.1,0.0021,5,0
65.7351,0.059513,59.998874,0.003728,0.0000,1.0000,8796.5,0.0023,5,0
65.7521,0.059513,59.998870,0.003738,0.0000,1.0000,8785.8,0.0026,5,0
65.7680,0.059513,59.998867,0.003747,0.0000,1.0000,8781.4,0.0029,5,0
65.7776,0.059513,59.998864,0.003757,0.0000,1.0000,8799.7,0.0031,5,0
65.7945,0.059513,59.998861,0.003767,0.0000,1.0000,8789.3,0.0032,5,0
65.8109,0.059513,59.998858,0.003777,0.0000,1.0000,8783.4,0.0033,5,0
65.8213,0.059513,59.998855,0.003787,0.0000,1.0000,8799.4,0.0033,5,0
65.8350,0.061129,59.998852,0.003797,0.0000,1.0000,8802.2,0.0033,5,0
65.8532,0.061129,59.998849,0.003807,0.0000,1.0000,8789.2,0.0031,5,0
65.8659,0.061129,59.998846,0.003817,0.0000,1.0000,8797.0,0.0029,5,0
65.8753,0.061129,59.998843,0.003827,0.0000,1.0000,8816.4,0.0025,5,0
65.8952,0.061129,59.998840,0.003837,0.0000,1.0000,8796.8,0.0021,5,0
65.9091,0.061129,59.998837,0.003846,0.0000,1.0000,8799.6,0.0016,5,0
65.9188,0.061129,59.998834,0.003856,0.0000,1.0000,8819.0,0.0011,5,0
65.9369,0.061129,59.998830,0.003866,0.0000,1.0000,8805.2,0.0007,5,0
65.9519,0.061129,59.998826,0.003876,0.0000,1.0000,8804.3,0.0001,5,0
65.9617,0.061129,59.998823,0.003886,0.0000,1.0000,8823.2,-0.0004,5,0
65.9779,0.062747,59.998819,0.003896,0.0000,1.0000,8816.3,-0.0008,5,0
65.9941,0.062747,59.998816,0.003906,0.0000,1.0000,8810.9,-0.0012,5,0
66.0057,0.062747,59.998812,0.003916,0.0000,1.0000,8822.2,-0.0015,5,0
66.0177,0.062747,59.998809,0.003926,0.0000,1.0000,8831.3,-0.0016,5,0
66.0361,0.062747,59.998805,0.003936,0.0000,1.0000,8816.2,-0.0017,5,0
66.0489,0.062747,59.998802,0.003946,0.0000,1.0000,8821.2,-0.0017,5,0
66.0580,0.062747,59.998799,0.003956,0.0000,1.0000,8840.3,-0.0015,5,0
66.0765,0.062747,59.998796,0.003965,0.0000,1.0000,8822.4,-0.0012,5,0
66.0906,0.062747,59.998792,0.003975,0.0000,1.0000,8822.4,-0.0009,5,0
66.0994,0.062747,59.998789,0.003985,0.0000,1.0000,8842.7,-0.0006,5,0
66.1169,0.064370,59.998786,0.003995,0.0000,1.0000,8830.3,-0.0002,5,0
66.1321,0.064370,59.998783,0.004005,0.0000,1.0000,8826.0,0.0001,5,0
66.1419,0.064370,59.998780,0.004015,0.0000,1.0000,8842.7,0.0004,5,0
66.1567,0.064370,59.998776,0.004025,0.0000,1.0000,8840.9,0.0007,5,0
66.1737,0.064370,59.998773,0.004035,0.0000,1.0000,8831.4,0.0010,5,0
66.1853,0.064370,59.998770,0.004045,0.0000,1.0000,8842.7,0.0012,5,0
66.1964,0.064370,59.998767,0.004055,0.0000,1.0000,8855.4,0.0016,5,0
66.2152,0.064370,59.998763,0.004065,0.0000,1.0000,8839.4,0.0019,5,0
66.2290,0.064370,59.998760,0.004075,0.0000,1.0000,8842.8,0.0022,5,0
66.2381,0.064370,59.998757,0.004085,0.0000,1.0000,8862.8,0.0025,5,0
66.2565,0.065996,59.998753,0.004095,0.0000,1.0000,8847.2,0.0030,5,0
66.2709,0.065996,59.998750,0.004105,0.0000,1.0000,8846.1,0.0034,5,0
66.2811,0.065996,59.998747,0.004115,0.0000,1.0000,8862.6,0.0039,5,0
66.2966,0.065996,59.998744,0.004125,0.0000,1.0000,8856.8,0.0045,5,0
66.3121,0.065996,59.998740,0.004135,0.0000,1.0000,8850.5,0.0051,5,0
66.3227,0.065996,59.998737,0.004145,0.0000,1.0000,8862.6,0.0058,5,0
66.3346,0.065996,59.998734,0.004154,0.0000,1.0000,8868.5,0.0067,5,0
66.3508,0.065996,59.998731,0.004164,0.0000,1.0000,8856.2,0.0077,5,0
66.3626,0.065996,59.998728,0.004174,0.0000,1.0000,8860.3,0.0086,5,0
66.3718,0.065996,59.998725,0.004184,0.0000,1.0000,8875.0,0.0097,5,0
66.3883,0.067624,59.998722,0.004194,0.0000,1.0000,8860.2,0.0105,5,0
66.4010,0.067624,59.998719,0.004204,0.0000,1.0000,8860.6,0.0113,5,0
66.4094,0.067624,59.998716,0.004214,0.0000,1.0000,8880.0,0.0121,5,0
66.4252,0.067624,59.998713,0.004224,0.0000,1.0000,8867.7,0.0129,5,0
66.4381,0.067624,59.998710,0.004234,0.0000,1.0000,8868.0,0.0135,5,0
66.4470,0.067624,59.998707,0.004244,0.0000,1.0000,8886.9,0.0142,5,0
66.4616,0.067624,59.998704,0.004254,0.0000,1.0000,8883.1,0.0149,5,0
66.4764,0.067624,59.998700,0.004264,0.0000,1.0000,8877.2,0.0160,5,0
66.4864,0.067624,59.998697,0.004274,0.0000,1.0000,8891.6,0.0170,5,0
66.4985,0.067624,59.998693,0.004284,0.0000,1.0000,8897.6,0.0181,5,0
66.5153,0.069256,59.998689,0.004294,0.0000,1.0000,8884.5,0.0191,5,0
66.5271,0.069256,59.998686,0.004304,0.0000,1.0000,8892.7,0.0202,5,0
66.5373,0.069256,59.998683,0.004314,0.0000,1.0000,8907.0,0.0213,5,0
66.5542,0.069256,59.998679,0.004324,0.0000,1.0000,8890.7,0.0223,5,0
66.5666,0.069256,59.998675,0.004334,0.0000,1.0000,8892.6,0.0234,5,0
66.5754,0.069256,59.998672,0.004344,0.0000,1.0000,8909.6,0.0246,5,0
66.5900,0.069256,59.998669,0.004354,0.0000,1.0000,8899.2,0.0258,5,0
66.6024,0.069256,59.998666,0.004364,0.0000,1.0000,8898.0,0.0269,5,0
66.6114,0.069256,59.998662,0.004374,0.0000,1.0000,8911.7,0.0281,5,0
66.6236,0.069256,59.998659,0.004384,0.0000,1.0000,8910.2,0.0290,5,0
66.6369,0.070890,59.998656,0.004394,0.0000,1.0000,8902.6,0.0296,5,0
66.6456,0.070890,59.998653,0.004404,0.0000,1.0000,8916.3,0.0301,5,0
66.6559,0.070890,59.998650,0.004414,0.0000,1.0000,8921.1,0.0304,5,0
66.6697,0.070890,59.998646,0.004424,0.0000,1.0000,8910.0,0.0303,5,0
66.6796,0.070890,59.998643,0.004434,0.0000,1.0000,8918.2,0.0303,5,0
66.6872,0.070890,59.998640,0.004444,0.0000,1.0000,8932.6,0.0300,5,0
66.7024,0.070890,59.998636,0.004454,0.0000,1.0000,8919.8,0.0295,5,0
66.7129,0.070890,59.998633,0.004463,0.0000,1.0000,8925.6,0.0294,5,0
66.7216,0.070890,59.998629,0.004473,0.0000,1.0000,8940.9,0.0294,5,0
66.7361,0.070890,59.998626,0.004483,0.0000,1.0000,8930.5,0.0295,5,0
66.7487,0.072526,59.998622,0.004493,0.0000,1.0000,8932.4,0.0300,5,0
66.7585,0.072526,59.998618,0.004503,0.0000,1.0000,8945.7,0.0308,5,0
66.7714,0.072526,59.998615,0.004513,0.0000,1.0000,8944.1,0.0317,5,0
66.7871,0.072526,59.998611,0.004523,0.0000,1.0000,8933.3,0.0328,5,0
66.7973,0.072526,59.998608,0.004533,0.0000,1.0000,8944.7,0.0340,5,0
66.8082,0.072526,59.998604,0.004543,0.0000,1.0000,8948.7,0.0352,5,0
66.8228,0.072526,59.998601,0.004553,0.0000,1.0000,8941.6,0.0366,5,0
66.8346,0.072526,59.998597,0.004562,0.0000,1.0000,8945.9,0.0378,5,0
66.8436,0.072526,59.998594,0.004572,0.0000,0.9725,8954.7,0.0391,5,0
66.8560,0.072526,59.998590,0.004582,0.0000,0.9450,8946.8,0.0400,5,0
66.8682,0.074158,59.998587,0.004592,0.0000,0.8721,8934.9,0.0408,5,0
66.8728,0.074158,59.998584,0.004602,0.0000,0.7992,8934.2,0.0410,5,0
66.8783,0.074158,59.998580,0.004612,0.0114,0.6993,8910.1,0.0406,5,0
66.8769,0.074158,59.998577,0.004622,0.0229,0.5994,8888.7,0.0398,5,0
66.8648,0.074158,59.998573,0.004631,0.0301,0.5250,8879.5,0.0385,5,0
66.8487,0.074158,59.998570,0.004641,0.0374,0.4505,8859.5,0.0365,5,0
66.8263,0.074158,59.998567,0.004651,0.0518,0.3641,8842.8,0.0343,5,0
66.7947,0.074158,59.998563,0.004661,0.0662,0.2776,8832.2,0.0320,5,0
66.7579,0.074158,59.998559,0.004671,0.0892,0.2161,8814.0,0.0295,5,0
66.7151,0.074158,59.998556,0.004680,0.1122,0.1547,8798.9,0.0276,5,0
66.6636,0.075785,59.998553,0.004690,0.1349,0.1150,8793.0,0.0258,5,0
66.6081,0.075785,59.998549,0.004700,0.1577,0.0754,8782.0,0.0242,5,0
66.5496,0.075785,59.998545,0.004710,0.1786,0.0539,8766.7,0.0232,5,0
66.4839,0.075785,59.998542,0.004719,0.1995,0.0324,8758.6,0.0224,5,0
66.4140,0.075785,59.998538,0.004729,0.2334,0.0162,8744.3,0.0217,5,0
66.3386,0.075785,59.998535,0.004739,0.2673,0.0000,8723.6,0.0213,5,0
66.2567,0.075785,59.998531,0.004748,0.2927,0.0000,8709.5,0.0211,5,0
66.1697,0.075785,59.998528,0.004758,0.3181,0.0000,8693.8,0.0211,5,0
66.0795,0.075785,59.998524,0.004768,0.3443,0.0000,8671.7,0.0213,5,0
65.9843,0.075785,59.998521,0.004777,0.3705,0.0000,8647.8,0.0219,5,0
65.8836,0.077395,59.998517,0.004787,0.3901,0.0000,8623.5,0.0227,5,0
65.7780,0.077395,59.998514,0.004796,0.4096,0.0000,8596.6,0.0237,5,0
65.6691,0.077395,59.998511,0.004806,0.4350,0.0000,8565.0,0.0248,5,0
65.5527,0.077395,59.998507,0.004815,0.4604,0.0000,8539.2,0.0256,5,0
65.4304,0.077395,59.998503,0.004825,0.4824,0.0000,8514.8,0.0259,5,0
65.3034,0.077395,59.998500,0.004835,0.5043,0.0000,8491.4,0.0260,5,0
65.1703,0.077395,59.998497,0.004844,0.5201,0.0000,8475.4,0.0255,5,0
65.0348,0.077395,59.998493,0.004853,0.5359,0.0000,8460.1,0.0244,5,0
64.8956,0.077395,59.998490,0.004862,0.5490,0.0000,8444.2,0.0231,5,0
64.7546,0.077395,59.998486,0.004872,0.5621,0.0000,8424.1,0.0219,5,0
64.6096,0.078965,59.998483,0.004881,0.5693,0.0000,8402.7,0.0201,5,0
64.4629,0.078965,59.998480,0.004890,0.5765,0.0000,8383.2,0.0186,5,0
64.3163,0.078965,59.998476,0.004900,0.5819,0.0000,8365.0,0.0172,5,0
64.1664,0.078965,59.998473,0.004909,0.5872,0.0000,8351.5,0.0161,5,0
64.0170,0.078965,59.998469,0.004918,0.5953,0.0000,8336.9,0.0151,5,0
63.8668,0.078965,59.998466,0.004928,0.6033,0.0000,8320.9,0.0144,5,0
63.7158,0.078965,59.998463,0.004937,0.6067,0.0000,8303.5,0.0139,5,0
63.5652,0.078965,59.998459,0.004946,0.6100,0.0000,8288.0,0.0136,5,0
63.4159,0.078965,59.998456,0.004955,0.6162,0.0000,8262.5,0.0137,5,0
63.2650,0.078965,59.998452,0.004964,0.6224,0.0000,8236.4,0.0139,5,0
63.1124,0.080513,59.998449,0.004973,0.6222,0.0000,8214.0,0.0144,5,0
62.9604,0.080513,59.998446,0.004982,0.6220,0.0000,8187.4,0.0152,5,0
62.8094,0.080513,59.998442,0.004991,0.6231,0.0000,8161.4,0.0162,5,0
62.6570,0.080513,59.998439,0.005000,0.6241,0.0000,8135.4,0.0174,5,0
62.5034,0.080513,59.998435,0.005009,0.6249,0.0000,8113.2,0.0186,5,0
62.3499,0.080513,59.998432,0.005018,0.6256,0.0000,8090.7,0.0196,5,0
62.1946,0.080513,59.998428,0.005026,0.6301,0.0000,8066.5,0.0205,5,0
62.0387,0.080513,59.998424,0.005035,0.6347,0.0000,8044.4,0.0210,5,0
61.8814,0.080513,59.998421,0.005044,0.6387,0.0000,8025.1,0.0211,5,0
61.7239,0.080513,59.998417,0.005052,0.6427,0.0000,8004.6,0.0209,5,0
61.5647,0.082022,59.998413,0.005061,0.6377,0.0000,7985.5,0.0204,5,0
61.4052,0.082022,59.998409,0.005070,0.6327,0.0000,7974.6,0.0198,5,0
61.2492,0.082022,59.998405,0.005078,0.6298,0.0000,7961.0,0.0193,5,0
61.0941,0.082022,59.998402,0.005087,0.6268,0.0000,7944.3,0.0187,5,0
60.9387,0.082022,59.998398,0.005096,0.6309,0.0000,7927.9,0.0183,5,0
60.7831,0.082022,59.998394,0.005105,0.6349,0.0000,7909.3,0.0181,5,0
60.6277,0.082022,59.998391,0.005113,0.6338,0.0000,7890.6,0.0180,5,0
60.4734,0.082022,59.998387,0.005121,0.6327,0.0000,7867.4,0.0182,5,0
60.3186,0.082022,59.998384,0.005130,0.6364,0.0000,8122.1,0.0187,5,0
60.1664,0.082022,59.998380,0.005138,0.6400,0.0000,8629.1,0.0193,5,0
60.0133,0.083490,59.998377,0.005146,0.6391,0.0000,9079.8,0.0200,5,0
59.8612,0.083490,59.998374,0.005155,0.6381,0.0000,9055.6,0.0208,5,0
59.7090,0.083490,59.998370,0.005163,0.6381,0.0000,9025.5,0.0218,4,0
59.5583,0.083490,59.998367,0.005172,0.6381,0.0000,8991.1,0.0228,4,0
59.4056,0.083490,59.998363,0.005180,0.6383,0.0000,8956.9,0.0239,4,0
59.2543,0.083490,59.998360,0.005188,0.6386,0.0000,8923.8,0.0252,4,0
59.1017,0.083490,59.998357,0.005197,0.6379,0.0000,8894.6,0.0267,4,0
58.9492,0.083490,59.998354,0.005205,0.6373,0.0000,8865.1,0.0283,4,0
58.7988,0.083490,59.998351,0.005213,0.6377,0.0000,8830.5,0.0299,4,0
58.6483,0.083490,59.998348,0.005221,0.6380,0.0000,8794.0,0.0316,4,0
58.4984,0.084920,59.998345,0.005229,0.6392,0.0000,8754.7,0.0331,4,0
58.3476,0.084920,59.998342,0.005237,0.6403,0.0000,8705.3,0.0344,4,0
58.1985,0.084920,59.998339,0.005245,0.6392,0.0000,8702.1,0.0356,4,0
58.0469,0.084920,59.998336,0.005253,0.6381,0.0000,8682.5,0.0364,4,0
57.8962,0.084920,59.998333,0.005261,0.6378,0.0000,8650.3,0.0368,4,0
57.7465,0.084920,59.998330,0.005269,0.6376,0.0000,8626.8,0.0368,4,0
57.5951,0.084920,59.998327,0.005277,0.6336,0.0000,8626.1,0.0366,4,0
57.4456,0.084920,59.998323,0.005285,0.6295,0.0000,8592.5,0.0358,4,0
57.2971,0.084920,59.998320,0.005293,0.6267,0.0000,8573.8,0.0348,4,0
57.1462,0.084920,59.998316,0.005301,0.6239,0.0000,8575.5,0.0335,4,0
56.9985,0.086308,59.998312,0.005308,0.6213,0.0000,8544.6,0.0319,4,0
56.8535,0.086308,59.998309,0.005316,0.6188,0.0000,8499.5,0.0301,4,0
56.7029,0.086308,59.998306,0.005324,0.6182,0.0000,8517.0,0.0283,4,0
56.5514,0.086308,59.998302,0.005332,0.6176,0.0000,8513.7,0.0265,4,0
56.4015,0.086308,59.998298,0.005340,0.6200,0.0000,8491.5,0.0250,4,0
56.2531,0.086308,59.998295,0.005347,0.6224,0.0000,8460.6,0.0236,4,0
56.1024,0.086308,59.998292,0.005355,0.6200,0.0000,8432.0,0.0229,4,0
55.9548,0.086308,59.998288,0.005362,0.6176,0.0000,8399.4,0.0223,4,0
55.8064,0.086308,59.998284,0.005370,0.6165,0.0000,8372.3,0.0223,4,0
55.6597,0.086308,59.998281,0.005377,0.6154,0.0000,8345.7,0.0226,4,0
55.5095,0.087672,59.998278,0.005385,0.6127,0.0000,8331.9,0.0232,4,0
55.3616,0.087672,59.998274,0.005392,0.6100,0.0000,8318.6,0.0242,4,0
55.2145,0.087672,59.998271,0.005400,0.6064,0.0000,8305.3,0.0252,4,0
55.0688,0.087672,59.998267,0.005407,0.6029,0.0000,8291.1,0.0265,4,0
54.9227,0.087672,59.998264,0.005415,0.6039,0.0000,8277.5,0.0279,4,0
54.7794,0.087672,59.998260,0.005422,0.6049,0.0000,8254.9,0.0297,4,0
54.6355,0.087672,59.998257,0.005429,0.6039,0.0000,8226.5,0.0315,4,0
54.4918,0.087672,59.998253,0.005437,0.6029,0.0000,8191.0,0.0332,4,0
54.3482,0.087672,59.998250,0.005444,0.6013,0.0000,8153.6,0.0350,4,0
54.2059,0.087672,59.998246,0.005451,0.5997,0.0000,8107.5,0.0365,4,0
54.0602,0.089001,59.998243,0.005458,0.5986,0.0000,8116.6,0.0373,4,0
53.9129,0.089001,59.998240,0.005465,0.5976,0.0000,8107.7,0.0374,4,0
53.7671,0.089001,59.998236,0.005472,0.5953,0.0000,8090.6,0.0365,4,0
53.6223,0.089001,59.998233,0.005480,0.5931,0.0000,8073.1,0.0349,4,0
53.4770,0.089001,59.998229,0.005487,0.5918,0.0000,8056.7,0.0325,4,0
53.3330,0.089001,59.998226,0.005494,0.5904,0.0000,8037.8,0.0297,4,0
53.1895,0.089001,59.998223,0.005501,0.5859,0.0000,8020.6,0.0271,4,0
53.0484,0.089001,59.998220,0.005508,0.5814,0.0000,8003.4,0.0248,4,0
52.9081,0.089001,59.998217,0.005515,0.5765,0.0000,7987.5,0.0229,4,0
52.7708,0.089001,59.998214,0.005521,0.5716,0.0000,7968.4,0.0214,4,0
52.6342,0.090294,59.998211,0.005528,0.5666,0.0000,7948.0,0.0210,4,0
52.4999,0.090294,59.998208,0.005535,0.5616,0.0000,7926.5,0.0213,4,0
52.3664,0.090294,59.998205,0.005542,0.5568,0.0000,7906.7,0.0223,4,0
52.2331,0.090294,59.998202,0.005549,0.5521,0.0000,7884.5,0.0238,4,0
52.1008,0.090294,59.998199,0.005556,0.5500,0.0000,7860.1,0.0258,4,0
51.9698,0.090294,59.998196,0.005563,0.5479,0.0000,7835.0,0.0280,4,0
51.8390,0.090294,59.998192,0.005569,0.5422,0.0000,7810.1,0.0299,4,0
51.7068,0.090294,59.998189,0.005576,0.5364,0.0000,7789.5,0.0315,4,0
51.5778,0.090294,59.998185,0.005582,0.5286,0.0000,7763.9,0.0326,4,0
51.4494,0.090294,59.998182,0.005589,0.5208,0.0000,7744.2,0.0334,4,0
51.3236,0.091554,59.998178,0.005596,0.5135,0.0000,7725.3,0.0335,4,0
51.1965,0.091554,59.998174,0.005602,0.5061,0.0000,7714.0,0.0329,4,0
51.0736,0.091554,59.998171,0.005609,0.4974,0.0000,7700.1,0.0319,4,0
50.9524,0.091554,59.998167,0.005615,0.4888,0.0000,7686.3,0.0309,4,0
50.8336,0.091554,59.998164,0.005622,0.4805,0.0000,7674.5,0.0297,4,0
50.7152,0.091554,59.998160,0.005628,0.4722,0.0000,7663.4,0.0284,4,0
50.5996,0.091554,59.998157,0.005635,0.4602,0.0000,7651.2,0.0272,4,0
50.4866,0.091554,59.998153,0.005641,0.4483,0.0000,7636.6,0.0267,4,0
50.3771,0.091554,59.998150,0.005647,0.4362,0.0000,7622.0,0.0264,4,0
50.2692,0.091554,59.998147,0.005654,0.4241,0.0000,7609.2,0.0264,4,0
50.1627,0.092784,59.998143,0.005660,0.4091,0.0000,7599.7,0.0268,4,0
50.0606,0.092784,59.998140,0.005666,0.3941,0.0000,7589.6,0.0275,4,0
49.9620,0.092784,59.998137,0.005672,0.3799,0.0000,7579.7,0.0287,4,0
49.8661,0.092784,59.998134,0.005679,0.3658,0.0000,7570.8,0.0300,4,0
49.7720,0.092784,59.998130,0.005685,0.3566,0.0000,7561.0,0.0313,4,0
49.6798,0.092784,59.998127,0.005691,0.3475,0.0000,7552.6,0.0328,4,0
49.5897,0.092784,59.998124,0.005697,0.3396,0.0000,7541.5,0.0344,4,0
49.5025,0.092784,59.998121,0.005703,0.3318,0.0000,7528.1,0.0357,4,0
49.4157,0.092784,59.998118,0.005709,0.3238,0.0000,7517.9,0.0368,4,0
49.3309,0.092784,59.998115,0.005715,0.3159,0.0000,7508.5,0.0377,4,0
49.2480,0.093989,59.998111,0.005721,0.3092,0.0000,7500.2,0.0385,4,0
49.1675,0.093989,59.998108,0.005728,0.3025,0.0000,7490.3,0.0397,4,0
49.0885,0.093989,59.998105,0.005734,0.2912,0.0000,7480.2,0.0405,4,0
49.0106,0.093989,59.998102,0.005740,0.2798,0.0000,7473.3,0.0415,4,0
48.9355,0.093989,59.998099,0.005746,0.2809,0.0000,7465.9,0.0428,4,0
48.8621,0.093989,59.998096,0.005752,0.2820,0.0000,7454.4,0.0443,4,0
48.7891,0.093989,59.998093,0.005757,0.2814,0.0000,7440.1,0.0460,4,0
48.7151,0.093989,59.998089,0.005763,0.2808,0.0000,7430.1,0.0478,4,0
48.6422,0.093989,59.998086,0.005769,0.2803,0.0000,7419.4,0.0502,4,0
48.5706,0.093989,59.998082,0.005775,0.2798,0.0000,7407.5,0.0534,4,0
48.5010,0.095176,59.998079,0.005781,0.2776,0.0000,7390.2,0.0569,4,0
48.4303,0.095176,59.998076,0.005787,0.2754,0.0000,7371.7,0.0608,4,0
48.3596,0.095176,59.998072,0.005792,0.2736,0.0000,7354.2,0.0651,4,0
48.2878,0.095176,59.998069,0.005798,0.2717,0.0000,7338.7,0.0697,4,0
48.2168,0.095176,59.998065,0.005804,0.2684,0.0000,7321.0,0.0742,4,0
48.1448,0.095176,59.998062,0.005810,0.2651,0.0000,7302.6,0.0780,4,0
48.0725,0.095176,59.998059,0.005815,0.2604,0.0000,7288.1,0.0810,4,0
48.0007,0.095176,59.998056,0.005821,0.2556,0.0000,7279.1,0.0832,4,0
47.9307,0.095176,59.998052,0.005827,0.2512,0.0000,7272.5,0.0846,4,0
47.8621,0.095176,59.998049,0.005832,0.2468,0.0000,7264.2,0.0848,4,0
47.7929,0.096343,59.998046,0.005838,0.2445,0.0000,7258.5,0.0839,4,0
47.7229,0.096343,59.998043,0.005843,0.2422,0.0000,7256.5,0.0822,4,0
47.6539,0.096343,59.998040,0.005849,0.2402,0.0000,7254.9,0.0803,4,0
47.5859,0.096343,59.998036,0.005855,0.2383,0.0000,7251.7,0.0780,4,0
47.5190,0.096343,59.998033,0.005860,0.2372,0.0000,7242.8,0.0752,4,0
47.4504,0.096343,59.998030,0.005866,0.2361,0.0000,7238.1,0.0721,4,0
47.3832,0.096343,59.998027,0.005871,0.2349,0.0000,7234.2,0.0694,4,0
47.3162,0.096343,59.998023,0.005876,0.2336,0.0000,7232.8,0.0673,4,0
47.2510,0.096343,59.998020,0.005882,0.2325,0.0000,7225.7,0.0653,4,0
47.1848,0.096343,59.998017,0.005887,0.2314,0.0000,7221.8,0.0639,4,0
47.1189,0.097493,59.998013,0.005892,0.2317,0.0000,7219.4,0.0631,4,0
47.0579,0.097493,59.998010,0.005898,0.2319,0.0000,7199.0,0.0630,4,0
46.9914,0.097493,59.998007,0.005903,0.2293,0.0000,7204.7,0.0637,4,0
46.9273,0.097493,59.998004,0.005908,0.2266,0.0000,7201.5,0.0650,4,0
46.8655,0.097493,59.998000,0.005914,0.2239,0.0000,7186.3,0.0668,4,0
46.8033,0.097493,59.997997,0.005919,0.2212,0.0000,7175.5,0.0693,4,0
46.7418,0.097493,59.997994,0.005924,0.2157,0.0000,7162.8,0.0718,4,0
46.6812,0.097493,59.997990,0.005929,0.2102,0.0000,7155.2,0.0759,4,0
46.6203,0.097493,59.997987,0.005934,0.2049,0.0000,7144.3,0.0796,4,0
46.5613,0.097493,59.997983,0.005939,0.1995,0.0000,7133.0,0.0834,4,0
46.5025,0.098628,59.997980,0.005944,0.1928,0.0000,7121.8,0.0874,4,0
46.4448,0.098628,59.997977,0.005950,0.1861,0.0000,7114.9,0.0911,4,0
46.3887,0.098628,59.997973,0.005955,0.1808,0.0000,7106.9,0.0942,4,0
46.3330,0.098628,59.997970,0.005960,0.1755,0.0000,7099.7,0.0969,4,0
46.2789,0.098628,59.997966,0.005965,0.1675,0.0000,7096.7,0.0993,4,0
46.2262,0.098628,59.997963,0.005970,0.1594,0.0000,7095.0,0.1013,4,0
46.1750,0.098628,59.997960,0.005975,0.1482,0.0000,7095.4,0.1030,4,0
46.1248,0.098628,59.997957,0.005979,0.1370,0.0000,7096.8,0.1039,4,0
46.0776,0.098628,59.997954,0.005984,0.1212,0.0000,7096.4,0.1047,4,0
46.0337,0.098628,59.997951,0.005989,0.1055,0.0000,7101.6,0.1053,4,0
45.9916,0.099755,59.997947,0.005994,0.0899,0.0000,7104.8,0.1057,4,0
45.9532,0.099755,59.997944,0.005999,0.0742,0.0000,7109.6,0.1060,4,0
45.9178,0.099755,59.997941,0.006004,0.0606,0.0000,7110.9,0.1061,4,0
45.8854,0.099755,59.997938,0.006008,0.0469,0.0000,7112.6,0.1065,4,0
45.8548,0.099755,59.997935,0.006013,0.0371,0.0000,7116.6,0.1070,4,0
45.8253,0.099755,59.997932,0.006018,0.0272,0.0000,7126.0,0.1075,4,0
45.7993,0.099755,59.997929,0.006023,0.0207,0.0000,7128.5,0.1080,4,0
45.7755,0.099755,59.997926,0.006027,0.0142,0.0000,7127.7,0.1087,4,0
45.7542,0.099755,59.997922,0.006032,0.0077,0.0000,7126.6,0.1096,4,0
45.7321,0.099755,59.997919,0.006036,0.0012,0.0000,7133.3,0.1108,4,0
45.7121,0.100882,59.997916,0.006041,0.0006,0.0000,7135.4,0.1121,4,0
45.6927,0.100882,59.997913,0.006045,0.0000,0.0000,7132.7,0.1136,4,0
45.6739,0.100882,59.997910,0.006050,0.0000,0.0000,7129.8,0.1155,4,0
45.6550,0.100882,59.997906,0.006055,0.0000,0.0000,7125.3,0.1176,4,0
45.6363,0.100882,59.997903,0.006059,0.0000,0.0000,7121.6,0.1196,4,0
45.6168,0.100882,59.997900,0.006064,0.0000,0.0000,7118.2,0.1214,4,0
45.5981,0.100882,59.997896,0.006068,0.0000,0.0000,7110.1,0.1230,4,0
45.5798,0.100882,59.997892,0.006072,0.0000,0.0000,7102.8,0.1246,4,0
45.5609,0.100882,59.997888,0.006077,0.0000,0.0000,7098.5,0.1257,4,0
45.5416,0.100882,59.997884,0.006081,0.0000,0.0000,7095.4,0.1266,4,0
45.5223,0.101992,59.997880,0.006085,0.0000,0.0000,7092.3,0.1268,4,0
45.5039,0.101992,59.997876,0.006090,0.0000,0.0000,7087.0,0.1271,4,0
45.4860,0.101992,59.997872,0.006094,0.0000,0.0000,7082.2,0.1271,4,0
45.4677,0.101992,59.997868,0.006098,0.0000,0.0000,7079.3,0.1271,4,0
45.4489,0.101992,59.997864,0.006103,0.0000,0.0000,7077.3,0.1271,4,0
45.4308,0.101992,59.997860,0.006107,0.0000,0.0000,7073.3,0.1271,4,0
45.4134,0.101992,59.997857,0.006111,0.0000,0.0000,7066.0,0.1276,4,0
45.3961,0.101992,59.997853,0.006115,0.0000,0.0000,7059.3,0.1283,4,0
45.3775,0.101992,59.997850,0.006119,0.0000,0.0000,7056.0,0.1292,4,0
45.3589,0.101992,59.997846,0.006123,0.0000,0.0000,7052.4,0.1305,4,0
45.3404,0.103124,59.997843,0.006127,0.0000,0.0000,7047.3,0.1324,4,0
45.3221,0.103124,59.997840,0.006131,0.0000,0.0000,7042.0,0.1345,4,0
45.3034,0.103124,59.997836,0.006135,0.0000,0.0000,7038.3,0.1369,4,0
45.2840,0.103124,59.997833,0.006139,0.0000,0.0000,7037.5,0.1391,4,0
45.2652,0.103124,59.997829,0.006144,0.0000,0.0000,7034.4,0.1414,4,0
45.2465,0.103124,59.997826,0.006148,0.0000,0.0000,7032.6,0.1440,4,0
45.2287,0.103124,59.997822,0.006151,0.0000,0.0000,7027.5,0.1462,4,0
45.2103,0.103124,59.997819,0.006155,0.0000,0.0000,7026.1,0.1484,4,0
45.1917,0.103124,59.997815,0.006159,0.0000,0.0000,7023.7,0.1503,4,0
45.1739,0.103124,59.997812,0.006163,0.0000,0.0000,7019.4,0.1521,4,0
45.1563,0.104258,59.997808,0.006167,0.0000,0.0000,7014.5,0.1536,4,0
45.1397,0.104258,59.997804,0.006171,0.0000,0.0000,7007.1,0.1548,4,0
45.1205,0.104258,59.997801,0.006175,0.0000,0.0000,7007.9,0.1557,4,0
45.1020,0.104258,59.997797,0.006178,0.0000,0.0000,7004.0,0.1562,4,0
45.0837,0.104258,59.997794,0.006182,0.0000,0.0000,6999.0,0.1566,4,0
45.0658,0.104258,59.997790,0.006186,0.0000,0.0000,6993.3,0.1567,4,0
45.0470,0.104258,59.997786,0.006190,0.0000,0.0000,6990.6,0.1566,4,0
45.0271,0.104258,59.997783,0.006193,0.0000,0.0000,6989.7,0.1561,4,0
45.0077,0.104258,59.997779,0.006197,0.0000,0.0000,6989.2,0.1556,4,0
44.9896,0.104258,59.997775,0.006200,0.0000,0.0000,6985.3,0.1551,4,0
44.9715,0.105391,59.997771,0.006204,0.0000,0.0000,6980.5,0.1545,4,0
44.9531,0.105391,59.997768,0.006208,0.0000,0.0000,6977.6,0.1539,4,0
44.9342,0.105391,59.997764,0.006211,0.0000,0.0000,6974.7,0.1532,4,0
44.9156,0.105391,59.997760,0.006215,0.0000,0.0000,6973.3,0.1528,4,0
44.8973,0.105391,59.997757,0.006218,0.0000,0.0000,6970.8,0.1525,4,0
44.8792,0.105391,59.997753,0.006222,0.0000,0.0000,6967.0,0.1521,4,0
44.8595,0.105391,59.997750,0.006225,0.0000,0.0000,6966.2,0.1518,4,0
44.8389,0.105391,59.997746,0.006229,0.0000,0.0000,6970.5,0.1516,4,0
44.8198,0.105391,59.997743,0.006232,0.0000,0.0000,6969.9,0.1518,4,0
44.8023,0.105391,59.997740,0.006235,0.0000,0.0000,6965.7,0.1522,4,0
44.7833,0.106526,59.997737,0.006239,0.0000,0.0000,6964.5,0.1528,4,0
44.7644,0.106526,59.997733,0.006242,0.0000,0.0000,6963.3,0.1535,4,0
44.7462,0.106526,59.997730,0.006245,0.0000,0.0009,6961.5,0.1545,4,0
44.7284,0.106526,59.997727,0.006249,0.0000,0.0017,6963.2,0.1555,4,0
44.7115,0.106526,59.997723,0.006252,0.0000,0.0061,6960.4,0.1564,4,0
44.6939,0.106526,59.997720,0.006255,0.0000,0.0105,6958.0,0.1572,4,0
44.6772,0.106526,59.997716,0.006258,0.0000,0.0131,6955.6,0.1581,4,0
44.6602,0.106526,59.997712,0.006261,0.0000,0.0157,6956.2,0.1589,4,0
44.6435,0.106526,59.997708,0.006264,0.0000,0.0171,6954.5,0.1597,4,0
44.6280,0.106526,59.997704,0.006267,0.0000,0.0184,6948.3,0.1604,4,0
44.6114,0.107665,59.997700,0.006270,0.0000,0.0211,6944.2,0.1612,4,0
44.5950,0.107665,59.997696,0.006274,0.0000,0.0237,6942.3,0.1622,4,0
44.5790,0.107665,59.997692,0.006277,0.0000,0.0272,6937.1,0.1633,4,0
44.5632,0.107665,59.997688,0.006280,0.0000,0.0307,6930.3,0.1643,4,0
44.5453,0.107665,59.997684,0.006283,0.0000,0.0351,6925.9,0.1654,4,0
44.5280,0.107665,59.997680,0.006286,0.0000,0.0396,6921.5,0.1665,4,0
44.5095,0.107665,59.997676,0.006288,0.0000,0.0440,6917.8,0.1673,4,0
44.4901,0.107665,59.997673,0.006291,0.0000,0.0483,6916.4,0.1680,4,0
44.4699,0.107665,59.997669,0.006294,0.0000,0.0532,6915.7,0.1681,4,0
44.4501,0.107665,59.997665,0.006297,0.0000,0.0580,6912.2,0.1676,4,0
44.4296,0.108810,59.997661,0.006300,0.0000,0.0609,6912.3,0.1668,4,0
44.4092,0.108810,59.997658,0.006302,0.0000,0.0638,6916.2,0.1654,4,0
44.3892,0.108810,59.997654,0.006305,0.0000,0.0700,6918.3,0.1635,4,0
44.3688,0.108810,59.997650,0.006308,0.0000,0.0763,6923.4,0.1612,4,0
44.3499,0.108810,59.997647,0.006311,0.0000,0.0845,6926.6,0.1591,4,0
44.3298,0.108810,59.997643,0.006313,0.0000,0.0927,6937.8,0.1569,4,0
44.3118,0.108810,59.997639,0.006316,0.0000,0.1032,6948.2,0.1551,4,0
44.2952,0.108810,59.997635,0.006318,0.0000,0.1136,6954.3,0.1535,4,0
44.2796,0.108810,59.997631,0.006321,0.0000,0.1265,6959.7,0.1525,4,0
44.2663,0.108810,59.997627,0.006323,0.0000,0.1394,6962.0,0.1523,4,0
44.2532,0.109956,59.997624,0.006326,0.0000,0.1512,6967.2,0.1529,4,0
44.2415,0.109956,59.997620,0.006328,0.0000,0.1629,6973.7,0.1541,4,0
44.2313,0.109956,59.997616,0.006331,0.0000,0.1743,6972.2,0.1556,4,0
44.2214,0.109956,59.997612,0.006333,0.0000,0.1856,6969.0,0.1578,4,0
44.2125,0.109956,59.997608,0.006335,0.0000,0.1948,6966.1,0.1604,4,0
44.2038,0.109956,59.997604,0.006338,0.0000,0.2041,6964.0,0.1633,4,0
44.1956,0.109956,59.997600,0.006340,0.0000,0.2098,6960.5,0.1662,4,0
44.1882,0.109956,59.997596,0.006342,0.0000,0.2156,6954.0,0.1692,4,0
44.1808,0.109956,59.997593,0.006344,0.0000,0.2229,6949.2,0.1723,4,0
44.1717,0.109956,59.997589,0.006347,0.0000,0.2303,6952.2,0.1752,4,0
44.1630,0.111101,59.997585,0.006349,0.0000,0.2407,6954.6,0.1777,4,0
44.1539,0.111101,59.997581,0.006351,0.0000,0.2512,6956.9,0.1796,4,0
44.1456,0.111101,59.997577,0.006353,0.0000,0.2671,6958.6,0.1809,4,0
44.1374,0.111101,59.997574,0.006355,0.0000,0.2830,6959.6,0.1818,4,0
44.1294,0.111101,59.997570,0.006357,0.0000,0.3024,6963.5,0.1820,4,0
44.1214,0.111101,59.997566,0.006359,0.0000,0.3219,6969.3,0.1814,4,0
44.1145,0.111101,59.997562,0.006361,0.0000,0.3405,6974.4,0.1802,4,0
44.1090,0.111101,59.997558,0.006363,0.0000,0.3590,6978.1,0.1786,4,0
44.1037,0.111101,59.997555,0.006365,0.0000,0.3737,6983.6,0.1770,4,0
44.0977,0.111101,59.997551,0.006367,0.0000,0.3884,6992.3,0.1748,4,0
44.0935,0.112239,59.997547,0.006369,0.0000,0.3961,6997.9,0.1724,4,0
44.0884,0.112239,59.997543,0.006371,0.0000,0.4037,7000.7,0.1700,4,0
44.0839,0.112239,59.997539,0.006373,0.0000,0.4058,7001.4,0.1681,4,0
44.0794,0.112239,59.997536,0.006374,0.0000,0.4079,7005.7,0.1667,4,0
44.0748,0.112239,59.997532,0.006376,0.0000,0.4062,7011.3,0.1656,4,0
44.0698,0.112239,59.997528,0.006378,0.0000,0.4044,7015.1,0.1650,4,0
44.0659,0.112239,59.997524,0.006380,0.0000,0.3977,7013.1,0.1649,4,0
44.0615,0.112239,59.997520,0.006381,0.0000,0.3910,7015.2,0.1656,4,0
44.0569,0.112239,59.997517,0.006383,0.0000,0.3840,7017.2,0.1665,4,0
44.0512,0.112239,59.997513,0.006384,0.0000,0.3770,7019.7,0.1676,4,0
44.0444,0.113373,59.997509,0.006386,0.0000,0.3707,7021.8,0.1686,4,0
44.0392,0.113373,59.997505,0.006387,0.0000,0.3643,7015.0,0.1699,4,0
44.0333,0.113373,59.997501,0.006389,0.0000,0.3582,7013.6,0.1712,4,0
44.0269,0.113373,59.997498,0.006390,0.0000,0.3521,7011.6,0.1719,4,0
44.0190,0.113373,59.997494,0.006392,0.0000,0.3477,7013.5,0.1721,4,0
44.0121,0.113373,59.997490,0.006393,0.0000,0.3434,7010.9,0.1718,4,0
44.0066,0.113373,59.997486,0.006395,0.0000,0.3370,7004.8,0.1713,4,0
44.0003,0.113373,59.997482,0.006396,0.0000,0.3307,7007.0,0.1705,4,0
43.9931,0.113373,59.997478,0.006397,0.0000,0.3294,7009.3,0.1693,4,0
43.9860,0.113373,59.997474,0.006398,0.0000,0.3282,7010.1,0.1680,4,0
43.9807,0.114501,59.997470,0.006399,0.0000,0.3285,7006.1,0.1670,4,0
43.9769,0.114501,59.997466,0.006401,0.0000,0.3289,7001.4,0.1664,4,0
43.9730,0.114501,59.997462,0.006402,0.0000,0.3294,6997.5,0.1661,4,0
43.9680,0.114501,59.997458,0.006403,0.0000,0.3299,6994.2,0.1660,4,0
43.9636,0.114501,59.997454,0.006404,0.0000,0.3294,6988.1,0.1659,4,0
43.9595,0.114501,59.997450,0.006405,0.0000,0.3289,6980.3,0.1664,4,0
43.9565,0.114501,59.997446,0.006406,0.0000,0.3276,6971.1,0.1671,4,0
43.9526,0.114501,59.997442,0.006407,0.0000,0.3262,6964.1,0.1676,4,0
43.9471,0.114501,59.997438,0.006408,0.0000,0.3244,6958.7,0.1680,4,0
43.9419,0.114501,59.997434,0.006409,0.0000,0.3227,6954.4,0.1682,4,0
43.9369,0.115577,59.997430,0.006409,0.0000,0.3214,6950.8,0.1687,4,0
43.9323,0.115577,59.997426,0.006410,0.0000,0.3202,6944.3,0.1691,4,0
43.9270,0.115577,59.997422,0.006411,0.0000,0.3202,6940.4,0.1693,4,0
43.9200,0.115577,59.997418,0.006412,0.0000,0.3202,6939.0,0.1694,4,0
43.9126,0.115577,59.997414,0.006413,0.0000,0.3202,6939.6,0.1696,4,0
43.9049,0.115577,59.997410,0.006414,0.0000,0.3202,6940.9,0.1699,4,0
43.8987,0.115577,59.997406,0.006414,0.0000,0.3214,6937.6,0.1699,4,0
43.8906,0.115577,59.997402,0.006415,0.0000,0.3227,6938.4,0.1698,4,0
43.8821,0.115577,59.997398,0.006415,0.0000,0.3244,6941.7,0.1694,4,0
43.8739,0.115577,59.997394,0.006416,0.0000,0.3262,6943.9,0.1690,4,0
43.8666,0.116690,59.997390,0.006416,0.0000,0.3262,6946.1,0.1686,4,0
43.8596,0.116690,59.997386,0.006417,0.0000,0.3262,6945.6,0.1680,4,0
43.8517,0.116690,59.997382,0.006417,0.0000,0.3258,6946.4,0.1673,4,0
43.8446,0.116690,59.997378,0.006418,0.0000,0.3254,6946.7,0.1667,4,0
43.8371,0.116690,59.997374,0.006418,0.0000,0.3254,6949.5,0.1662,4,0
43.8309,0.116690,59.997370,0.006419,0.0000,0.3254,6951.6,0.1660,4,0
43.8236,0.116690,59.997366,0.006419,0.0000,0.3254,6955.3,0.1660,4,0
43.8165,0.116690,59.997363,0.006419,0.0000,0.3254,6957.0,0.1663,4,0
43.8109,0.116690,59.997359,0.006419,0.0000,0.3299,6957.3,0.1671,4,0
43.8063,0.116690,59.997356,0.006419,0.0000,0.3344,6955.0,0.1682,4,0
43.8024,0.117793,59.997352,0.006420,0.0000,0.3463,6951.8,0.1697,4,0
43.7979,0.117793,59.997348,0.006420,0.0000,0.3583,6951.1,0.1712,4,0
43.7944,0.117793,59.997345,0.006420,0.0000,0.3755,6949.8,0.1729,4,0
43.7922,0.117793,59.997341,0.006420,0.0000,0.3927,6946.3,0.1746,4,0
43.7913,0.117793,59.997338,0.006420,0.0000,0.4136,6943.1,0.1760,4,0
43.7905,0.117793,59.997334,0.006421,0.0000,0.4345,6943.0,0.1768,4,0
43.7878,0.117793,59.997330,0.006420,0.0000,0.4578,6952.8,0.1769,4,0
43.7865,0.117793,59.997325,0.006420,0.0000,0.4811,6960.3,0.1762,4,0
43.7865,0.117793,59.997321,0.006420,0.0000,0.5035,6967.1,0.1747,4,0
43.7870,0.117793,59.997316,0.006420,0.0000,0.5258,6976.5,0.1723,4,0
43.7875,0.118885,59.997312,0.006420,0.0000,0.5602,6991.7,0.1690,4,0
43.7887,0.118885,59.997308,0.006420,0.0000,0.5947,7011.0,0.1649,4,0
43.7920,0.118885,59.997303,0.006420,0.0000,0.6304,7029.6,0.1603,4,0
43.7986,0.118885,59.997299,0.006420,0.0000,0.6662,7043.4,0.1547,4,0
43.8074,0.118885,59.997294,0.006420,0.0000,0.6971,7057.6,0.1487,4,0
43.8180,0.118885,59.997290,0.006420,0.0000,0.7280,7068.0,0.1420,4,0
43.8291,0.118885,59.997286,0.006419,0.0000,0.7510,7081.2,0.1351,4,0
43.8429,0.118885,59.997283,0.006419,0.0000,0.7739,7091.9,0.1280,4,0
43.8581,0.118885,59.997279,0.006419,0.0000,0.7888,7098.7,0.1209,4,0
43.8737,0.118885,59.997275,0.006418,0.0000,0.8036,7107.9,0.1138,4,0
43.8901,0.119963,59.997271,0.006418,0.0000,0.8133,7114.1,0.1069,4,0
43.9063,0.119963,59.997268,0.006417,0.0000,0.8229,7124.8,0.1005,4,0
43.9240,0.119963,59.997264,0.006417,0.0000,0.8294,7132.8,0.0943,4,0
43.9429,0.119963,59.997260,0.006417,0.0000,0.8359,7137.4,0.0882,4,0
43.9617,0.119963,59.997257,0.006416,0.0000,0.8445,7144.6,0.0823,4,0
43.9806,0.119963,59.997253,0.006416,0.0000,0.8531,7149.7,0.0765,4,0
43.9997,0.119963,59.997249,0.006415,0.0000,0.8602,7159.0,0.0710,4,0
44.0203,0.119963,59.997245,0.006415,0.0000,0.8673,7161.7,0.0659,4,0
44.0399,0.119963,59.997242,0.006414,0.0000,0.8755,7169.5,0.0609,4,0
44.0600,0.119963,59.997238,0.006413,0.0000,0.8837,7173.8,0.0563,4,0
44.0799,0.121035,59.997234,0.006413,0.0000,0.8932,7181.6,0.0518,4,0
44.1007,0.121035,59.997230,0.006412,0.0000,0.9027,7191.0,0.0477,4,0
44.1233,0.121035,59.997226,0.006411,0.0000,0.9149,7192.9,0.0433,4,0
44.1458,0.121035,59.997223,0.006411,0.0000,0.9271,7199.2,0.0388,4,0
44.1689,0.121035,59.997219,0.006410,0.0000,0.9411,7203.9,0.0343,4,0
44.1906,0.121035,59.997215,0.006410,0.0000,0.9550,7216.4,0.0299,4,0
44.2154,0.121035,59.997211,0.006409,0.0000,0.9690,7218.8,0.0257,4,0
44.2403,0.121035,59.997207,0.006408,0.0000,0.9830,7220.3,0.0216,4,0
44.2645,0.121035,59.997202,0.006407,0.0000,0.9915,7223.2,0.0179,4,0
44.2888,0.121035,59.997198,0.006406,0.0000,1.0000,7226.8,0.0151,4,0
44.3135,0.122107,59.997194,0.006405,0.0000,1.0000,7233.4,0.0131,4,0
44.3404,0.122107,59.997190,0.006404,0.0000,1.0000,7231.4,0.0116,4,0
44.3656,0.122107,59.997186,0.006403,0.0000,1.0000,7233.2,0.0108,4,0
44.3926,0.122107,59.997181,0.006402,0.0000,1.0000,7235.1,0.0106,4,0
44.4160,0.122107,59.997177,0.006401,0.0000,1.0000,7238.9,0.0108,4,0
44.4413,0.122107,59.997173,0.006400,0.0000,1.0000,7238.5,0.0115,4,0
44.4651,0.122107,59.997169,0.006399,0.0000,1.0000,7235.5,0.0127,4,0
44.4925,0.122107,59.997165,0.006398,0.0000,1.0000,7235.7,0.0145,4,0
44.5185,0.122107,59.997162,0.006397,0.0000,1.0000,7231.8,0.0168,4,0
44.5426,0.122107,59.997158,0.006395,0.0000,1.0000,7233.5,0.0193,4,0
44.5700,0.123184,59.997154,0.006394,0.0000,1.0000,7225.4,0.0221,4,0
44.5958,0.123184,59.997150,0.006393,0.0000,1.0000,7217.1,0.0248,4,0
44.6243,0.123184,59.997146,0.006392,0.0000,1.0000,7212.4,0.0271,4,0
44.6492,0.123184,59.997143,0.006391,0.0000,1.0000,7210.9,0.0310,4,0
44.6738,0.123184,59.997139,0.006389,0.0000,1.0000,7214.2,0.0342,4,0
44.6998,0.123184,59.997135,0.006388,0.0000,1.0000,7211.0,0.0375,4,0
44.7260,0.123184,59.997131,0.006387,0.0000,1.0000,7212.0,0.0409,4,0
44.7523,0.123184,59.997127,0.006385,0.0000,1.0000,7210.8,0.0445,4,0
44.7781,0.123184,59.997124,0.006384,0.0000,1.0000,7211.4,0.0479,4,0
44.8038,0.123184,59.997120,0.006382,0.0000,1.0000,7211.3,0.0516,4,0
44.8307,0.124268,59.997116,0.006381,0.0000,1.0000,7206.7,0.0554,4,0
44.8580,0.124268,59.997112,0.006379,0.0000,1.0000,7207.8,0.0594,4,0
44.8858,0.124268,59.997108,0.006378,0.0000,1.0000,7201.6,0.0638,4,0
44.9117,0.124268,59.997105,0.006376,0.0000,1.0000,7202.2,0.0683,4,0
44.9386,0.124268,59.997101,0.006375,0.0000,1.0000,7199.8,0.0729,4,0
44.9646,0.124268,59.997097,0.006373,0.0000,1.0000,7198.9,0.0774,4,0
44.9911,0.124268,59.997093,0.006372,0.0000,1.0000,7202.4,0.0816,4,0
45.0157,0.124268,59.997089,0.006370,0.0000,1.0000,7203.5,0.0854,4,0
45.0401,0.124268,59.997084,0.006368,0.0000,1.0000,7204.2,0.0887,4,0
45.0650,0.124268,59.997080,0.006367,0.0000,1.0000,7206.3,0.0916,4,0
45.0915,0.125368,59.997076,0.006365,0.0000,1.0000,7203.5,0.0939,4,0
45.1181,0.125368,59.997072,0.006363,0.0000,1.0000,7204.9,0.0959,4,0
45.1416,0.125368,59.997068,0.006362,0.0000,1.0000,7207.4,0.0974,4,0
45.1645,0.125368,59.997063,0.006360,0.0000,1.0000,7212.0,0.0982,4,0
45.1879,0.125368,59.997059,0.006358,0.0000,1.0000,7212.7,0.0985,4,0
45.2138,0.125368,59.997055,0.006356,0.0000,1.0000,7220.0,0.0983,4,0
45.2358,0.125368,59.997051,0.006354,0.0000,1.0000,7225.5,0.0977,4,0
45.2576,0.125368,59.997047,0.006353,0.0000,1.0000,7237.2,0.0961,4,0
45.2804,0.125368,59.997044,0.006351,0.0000,1.0000,7243.4,0.0938,4,0
45.3040,0.125368,59.997040,0.006349,0.0000,1.0000,7249.6,0.0910,4,0
45.3248,0.126463,59.997036,0.006347,0.0000,1.0000,7264.3,0.0881,4,0
45.3465,0.126463,59.997032,0.006345,0.0000,1.0000,7281.0,0.0852,4,0
45.3677,0.126463,59.997028,0.006343,0.0000,1.0000,7297.9,0.0828,4,0
45.3923,0.126463,59.997025,0.006341,0.0000,1.0000,7301.4,0.0808,4,0
45.4176,0.126463,59.997021,0.006339,0.0000,1.0000,7302.7,0.0795,4,0
45.4417,0.126463,59.997017,0.006337,0.0000,1.0000,7308.4,0.0790,4,0
45.4667,0.126463,59.997013,0.006335,0.0000,1.0000,7310.6,0.0793,4,0
45.4922,0.126463,59.997010,0.006333,0.0000,1.0000,7310.7,0.0804,4,0
45.5174,0.126463,59.997006,0.006331,0.0000,1.0000,7309.4,0.0817,4,0
45.5426,0.126463,59.997002,0.006328,0.0000,1.0000,7306.8,0.0843,4,0
45.5661,0.127559,59.996999,0.006326,0.0000,1.0000,7305.8,0.0869,4,0
45.5896,0.127559,59.996995,0.006324,0.0000,1.0000,7308.4,0.0900,4,0
45.6133,0.127559,59.996991,0.006322,0.0000,1.0000,7310.4,0.0932,4,0
45.6357,0.127559,59.996987,0.006320,0.0000,1.0000,7316.6,0.0969,4,0
45.6594,0.127559,59.996984,0.006318,0.0000,1.0000,7315.4,0.1006,4,0
45.6828,0.127559,59.996980,0.006316,0.0000,1.0000,7312.5,0.1045,4,0
45.7046,0.127559,59.996976,0.006313,0.0000,1.0000,7316.4,0.1085,4,0
45.7271,0.127559,59.996971,0.006311,0.0000,1.0000,7316.4,0.1122,4,0
45.7469,0.127559,59.996967,0.006308,0.0000,1.0000,7327.2,0.1155,4,0
45.7675,0.127559,59.996963,0.006306,0.0000,1.0000,7331.5,0.1186,4,0
45.7865,0.128658,59.996959,0.006304,0.0000,1.0000,7340.9,0.1212,4,0
45.8066,0.128658,59.996954,0.006301,0.0000,1.0000,7347.5,0.1233,4,0
45.8274,0.128658,59.996950,0.006299,0.0000,1.0000,7353.6,0.1248,4,0
45.8456,0.128658,59.996946,0.006297,0.0000,1.0000,7367.1,0.1258,4,0
45.8663,0.128658,59.996941,0.006294,0.0000,1.0000,7371.4,0.1266,4,0
45.8855,0.128658,59.996937,0.006292,0.0000,1.0000,7380.5,0.1272,4,0
45.9066,0.128658,59.996933,0.006289,0.0000,1.0000,7381.5,0.1274,4,0
45.9274,0.128658,59.996930,0.006287,0.0000,1.0000,7383.7,0.1275,4,0
45.9452,0.128658,59.996926,0.006284,0.0000,1.0000,7393.7,0.1276,4,0
45.9637,0.128658,59.996922,0.006281,0.0000,1.0000,7401.5,0.1277,4,0
45.9818,0.129762,59.996918,0.006279,0.0000,1.0000,7409.1,0.1276,4,0
46.0021,0.129762,59.996915,0.006276,0.0000,1.0000,7409.3,0.1272,4,0
46.0197,0.129762,59.996911,0.006274,0.0000,1.0000,7416.9,0.1266,4,0
46.0379,0.129762,59.996907,0.006271,0.0000,1.0000,7422.6,0.1260,4,0
46.0553,0.129762,59.996904,0.006268,0.0000,1.0000,7430.8,0.1251,4,0
46.0744,0.129762,59.996900,0.006266,0.0000,1.0000,7433.7,0.1239,4,0
46.0933,0.129762,59.996896,0.006263,0.0000,1.0000,7436.7,0.1221,4,0
46.1111,0.129762,59.996892,0.006260,0.0000,1.0000,7443.5,0.1201,4,0
46.1294,0.129762,59.996888,0.006257,0.0000,1.0000,7450.1,0.1179,4,0
46.1479,0.129762,59.996884,0.006254,0.0000,1.0000,7454.9,0.1151,4,0
46.1680,0.130875,59.996880,0.006252,0.0000,1.0000,7456.7,0.1119,4,0
46.1858,0.130875,59.996876,0.006249,0.0000,1.0000,7465.0,0.1085,4,0
46.2056,0.130875,59.996872,0.006246,0.0000,1.0000,7468.8,0.1054,4,0
46.2242,0.130875,59.996868,0.006243,0.0000,1.0000,7475.9,0.1023,4,0
46.2445,0.130875,59.996864,0.006240,0.0000,1.0000,7479.7,0.0991,4,0
46.2626,0.130875,59.996860,0.006237,0.0000,1.0000,7488.7,0.0963,4,0
46.2812,0.130875,59.996856,0.006234,0.0000,1.0000,7494.2,0.0937,4,0
46.3002,0.130875,59.996852,0.006231,0.0000,1.0000,7501.2,0.0914,4,0
46.3184,0.130875,59.996849,0.006228,0.0000,1.0000,7508.1,0.0892,4,0
46.3378,0.130875,59.996845,0.006225,0.0000,1.0000,7508.0,0.0869,4,0
46.3564,0.131997,59.996841,0.006222,0.0000,1.0000,7510.4,0.0847,4,0
46.3753,0.131997,59.996837,0.006219,0.0000,1.0000,7512.6,0.0829,4,0
46.3928,0.131997,59.996833,0.006216,0.0000,1.0000,7519.1,0.0812,4,0
46.4124,0.131997,59.996830,0.006213,0.0000,1.0000,7517.6,0.0795,4,0
46.4300,0.131997,59.996826,0.006210,0.0000,1.0000,7522.2,0.0780,4,0
46.4478,0.131997,59.996822,0.006206,0.0000,1.0000,7526.5,0.0768,4,0
46.4651,0.131997,59.996818,0.006203,0.0000,1.0000,7532.3,0.0762,4,0
46.4831,0.131997,59.996814,0.006200,0.0000,1.0000,7535.7,0.0757,4,0
46.5014,0.131997,59.996811,0.006196,0.0000,1.0000,7537.9,0.0757,4,0
46.5176,0.131997,59.996807,0.006193,0.0000,1.0000,7545.6,0.0761,4,0
46.5352,0.133126,59.996803,0.006190,0.0000,1.0000,7548.2,0.0771,4,0
46.5517,0.133126,59.996799,0.006186,0.0000,1.0000,7555.1,0.0784,4,0
46.5698,0.133126,59.996795,0.006183,0.0000,1.0000,7556.1,0.0799,4,0
46.5858,0.133126,59.996792,0.006180,0.0000,1.0000,7560.7,0.0815,4,0
46.6023,0.133126,59.996788,0.006176,0.0000,1.0000,7565.4,0.0833,4,0
46.6182,0.133126,59.996784,0.006173,0.0000,1.0000,7572.2,0.0853,4,0
46.6351,0.133126,59.996780,0.006169,0.0000,1.0000,7574.1,0.0871,4,0
46.6529,0.133126,59.996776,0.006166,0.0000,1.0000,7573.7,0.0889,4,0
46.6697,0.133126,59.996773,0.006162,0.0000,1.0000,7577.7,0.0908,4,0
46.6871,0.133126,59.996769,0.006159,0.0000,1.0000,7580.4,0.0928,4,0
46.7051,0.134253,59.996765,0.006155,0.0000,1.0000,7582.5,0.0948,4,0
46.7238,0.134253,59.996761,0.006152,0.0000,1.0000,7580.6,0.0970,4,0
46.7415,0.134253,59.996757,0.006148,0.0000,1.0000,7581.4,0.0992,4,0
46.7605,0.134253,59.996754,0.006144,0.0000,1.0000,7579.2,0.1017,4,0
46.7774,0.134253,59.996750,0.006141,0.0000,1.0000,7582.2,0.1045,4,0
46.7962,0.134253,59.996746,0.006137,0.0000,1.0000,7578.4,0.1072,4,0
46.8139,0.134253,59.996742,0.006133,0.0000,1.0000,7578.2,0.1101,4,0
46.8314,0.134253,59.996738,0.006130,0.0000,1.0000,7578.8,0.1131,4,0
46.8476,0.134253,59.996735,0.006126,0.0000,1.0000,7585.5,0.1163,4,0
46.8649,0.134253,59.996731,0.006122,0.0000,1.0000,7588.9,0.1193,4,0
46.8843,0.135380,59.996727,0.006118,0.0000,1.0000,7582.8,0.1220,4,0
46.9027,0.135380,59.996723,0.006114,0.0000,1.0000,7581.7,0.1246,4,0
46.9203,0.135380,59.996719,0.006110,0.0000,1.0000,7583.1,0.1271,4,0
46.9370,0.135380,59.996716,0.006107,0.0000,1.0000,7589.3,0.1292,4,0
46.9562,0.135380,59.996712,0.006103,0.0000,1.0000,7583.0,0.1308,4,0
46.9730,0.135380,59.996708,0.006099,0.0000,1.0000,7585.8,0.1321,4,0
46.9904,0.135380,59.996705,0.006095,0.0000,1.0000,7585.6,0.1331,4,0
47.0055,0.135380,59.996701,0.006091,0.0000,1.0000,7593.3,0.1337,4,0
47.0219,0.135380,59.996698,0.006087,0.0000,1.0000,7594.1,0.1338,4,0
47.0387,0.135380,59.996694,0.006083,0.0000,1.0000,7592.4,0.1333,4,0
47.0550,0.135380,59.996691,0.006079,0.0000,1.0000,7592.4,0.1328,4,0
47.0713,0.136511,59.996688,0.006075,0.0000,1.0000,7593.7,0.1321,4,0
47.0865,0.136511,59.996684,0.006071,0.0000,1.0000,7600.5,0.1311,4,0
47.1039,0.136511,59.996681,0.006067,0.0000,1.0000,7598.6,0.1300,4,0
47.1206,0.136511,59.996677,0.006063,0.0000,1.0000,7600.3,0.1289,4,0
47.1376,0.136511,59.996674,0.006059,0.0000,1.0000,7602.7,0.1279,4,0
47.1533,0.136511,59.996670,0.006054,0.0000,1.0000,7610.6,0.1268,4,0
47.1710,0.136511,59.996666,0.006050,0.0000,1.0000,7611.8,0.1258,4,0
47.1891,0.136511,59.996662,0.006046,0.0000,1.0000,7612.7,0.1248,4,0
47.2066,0.136511,59.996658,0.006042,0.0000,1.0000,7617.5,0.1242,4,0
47.2249,0.136511,59.996654,0.006037,0.0000,1.0000,7618.2,0.1235,4,0
47.2430,0.137668,59.996651,0.006033,0.0000,1.0000,7620.1,0.1228,4,0
47.2617,0.137668,59.996647,0.006029,0.0000,1.0000,7617.9,0.1219,4,0
47.2792,0.137668,59.996643,0.006025,0.0000,1.0000,7619.7,0.1209,4,0
47.2969,0.137668,59.996639,0.006020,0.0000,1.0000,7619.7,0.1198,4,0
47.3137,0.137668,59.996635,0.006016,0.0000,1.0000,7621.3,0.1182,4,0
47.3312,0.137668,59.996631,0.006012,0.0000,1.0000,7620.6,0.1163,4,0
47.3486,0.137668,59.996628,0.006007,0.0000,1.0000,7620.2,0.1142,4,0
47.3662,0.137668,59.996624,0.006003,0.0000,1.0000,7622.2,0.1119,4,0
47.3841,0.137668,59.996621,0.005998,0.0000,1.0000,7623.4,0.1094,4,0
47.4013,0.137668,59.996617,0.005994,0.0000,1.0000,7625.1,0.1067,4,0
47.4198,0.138808,59.996614,0.005989,0.0000,1.0000,7622.3,0.1038,4,0
47.4375,0.138808,59.996611,0.005985,0.0000,1.0000,7626.4,0.1013,4,0
47.4563,0.138808,59.996607,0.005980,0.0000,1.0000,7626.8,0.0987,4,0
47.4747,0.138808,59.996603,0.005976,0.0000,1.0000,7630.4,0.0964,4,0
47.4939,0.138808,59.996600,0.005971,0.0000,1.0000,7630.0,0.0945,4,0
47.5133,0.138808,59.996596,0.005967,0.0000,1.0000,7631.4,0.0932,4,0
47.5325,0.138808,59.996593,0.005962,0.0000,1.0000,7633.9,0.0925,4,0
47.5509,0.138808,59.996589,0.005957,0.0000,1.0000,7639.1,0.0925,4,0
47.5706,0.138808,59.996585,0.005953,0.0000,1.0000,7641.9,0.0929,4,0
47.5918,0.138808,59.996582,0.005948,0.0000,1.0000,7637.4,0.0939,4,0
47.6115,0.139952,59.996578,0.005943,0.0000,1.0000,7639.2,0.0957,4,0
47.6319,0.139952,59.996574,0.005938,0.0000,1.0000,7639.3,0.0977,4,0
47.6517,0.139952,59.996570,0.005934,0.0000,1.0000,7641.9,0.1002,4,0
47.6724,0.139952,59.996567,0.005929,0.0000,1.0000,7639.0,0.1030,4,0
47.6923,0.139952,59.996563,0.005924,0.0000,1.0000,7640.3,0.1060,4,0
47.7119,0.139952,59.996560,0.005920,0.0000,1.0000,7641.0,0.1093,4,0
47.7319,0.139952,59.996556,0.005915,0.0000,1.0000,7640.6,0.1125,4,0
47.7525,0.139952,59.996553,0.005910,0.0000,1.0000,7638.4,0.1156,4,0
47.7726,0.139952,59.996550,0.005905,0.0000,1.0000,7639.8,0.1187,4,0
47.7925,0.139952,59.996547,0.005900,0.0000,1.0000,7641.7,0.1217,4,0
47.8127,0.141101,59.996543,0.005895,0.0000,1.0000,7642.1,0.1243,4,0
47.8320,0.141101,59.996540,0.005890,0.0000,1.0000,7643.0,0.1264,4,0
47.8516,0.141101,59.996537,0.005885,0.0000,1.0000,7641.6,0.1280,4,0
47.8695,0.141101,59.996533,0.005880,0.0000,1.0000,7648.1,0.1290,4,0
47.8885,0.141101,59.996530,0.005875,0.0000,1.0000,7648.8,0.1293,4,0
47.9066,0.141101,59.996526,0.005870,0.0000,1.0000,7650.1,0.1287,4,0
47.9253,0.141101,59.996523,0.005865,0.0000,1.0000,7649.8,0.1272,4,0
47.9444,0.141101,59.996519,0.005860,0.0000,1.0000,7653.4,0.1252,4,0
47.9627,0.141101,59.996516,0.005855,0.0000,1.0000,7657.1,0.1227,4,0
47.9808,0.141101,59.996512,0.005850,0.0000,1.0000,7661.7,0.1194,4,0
47.9992,0.142253,59.996508,0.005845,0.0000,1.0000,7664.4,0.1157,4,0
48.0183,0.142253,59.996505,0.005840,0.0000,1.0000,7663.4,0.1119,4,0
48.0350,0.142253,59.996501,0.005835,0.0000,1.0000,7675.4,0.1079,4,0
48.0529,0.142253,59.996498,0.005830,0.0000,1.0000,7684.4,0.1037,4,0
48.0711,0.142253,59.996494,0.005825,0.0000,1.0000,7692.3,0.0995,4,0
48.0899,0.142253,59.996491,0.005819,0.0000,1.0000,7694.0,0.0955,4,0
48.1081,0.142253,59.996487,0.005814,0.0000,1.0000,7703.6,0.0918,4,0
48.1272,0.142253,59.996484,0.005809,0.0000,1.0000,7708.5,0.0886,4,0
48.1465,0.142253,59.996480,0.005804,0.0000,1.0000,7712.6,0.0854,4,0
48.1657,0.142253,59.996477,0.005798,0.0000,1.0000,7716.1,0.0827,4,0
48.1839,0.143412,59.996474,0.005793,0.0000,1.0000,7722.0,0.0805,4,0
48.2035,0.143412,59.996470,0.005788,0.0000,1.0000,7724.0,0.0790,4,0
48.2224,0.143412,59.996467,0.005783,0.0000,1.0000,7730.6,0.0771,4,0
48.2412,0.143412,59.996463,0.005777,0.0000,1.0000,7736.0,0.0760,4,0
48.2617,0.143412,59.996460,0.005772,0.0000,1.0000,7733.9,0.0752,4,0
48.2802,0.143412,59.996457,0.005767,0.0000,1.0000,7742.3,0.0747,4,0
48.2989,0.143412,59.996453,0.005761,0.0000,1.0000,7747.1,0.0744,4,0
48.3184,0.143412,59.996450,0.005756,0.0000,1.0000,7751.1,0.0744,4,0
48.3388,0.143412,59.996446,0.005750,0.0000,1.0000,7750.0,0.0745,4,0
48.3591,0.143412,59.996443,0.005745,0.0000,1.0000,7753.6,0.0749,4,0
48.3779,0.144578,59.996440,0.005739,0.0000,1.0000,7755.0,0.0753,4,0
48.3969,0.144578,59.996436,0.005734,0.0000,1.0000,7761.2,0.0757,4,0
48.4180,0.144578,59.996433,0.005728,0.0000,1.0000,7757.6,0.0763,4,0
48.4391,0.144578,59.996429,0.005723,0.0000,1.0000,7756.0,0.0771,4,0
48.4602,0.144578,59.996426,0.005717,0.0000,1.0000,7757.5,0.0779,4,0
48.4802,0.144578,59.996423,0.005712,0.0000,1.0000,7759.1,0.0788,4,0
48.5004,0.144578,59.996420,0.005706,0.0000,1.0000,7758.4,0.0798,4,0
48.5211,0.144578,59.996417,0.005700,0.0000,1.0000,7756.7,0.0810,4,0
48.5411,0.144578,59.996414,0.005695,0.0000,1.0000,7758.1,0.0823,4,0
48.5621,0.144578,59.996411,0.005689,0.0000,1.0000,7755.8,0.0835,4,0
48.5811,0.145754,59.996407,0.005683,0.0000,1.0000,7759.2,0.0846,4,0
48.6012,0.145754,59.996404,0.005678,0.0000,1.0000,7757.6,0.0856,4,0
48.6211,0.145754,59.996401,0.005672,0.0000,1.0000,7759.8,0.0865,4,0
48.6415,0.145754,59.996398,0.005666,0.0000,1.0000,7759.7,0.0870,4,0
48.6614,0.145754,59.996395,0.005661,0.0000,1.0000,7764.5,0.0873,4,0
48.6823,0.145754,59.996392,0.005655,0.0000,1.0000,7762.4,0.0876,4,0
48.7032,0.145754,59.996388,0.005649,0.0000,1.0000,7765.0,0.0879,4,0
48.7241,0.145754,59.996384,0.005643,0.0000,1.0000,7767.8,0.0881,4,0
48.7455,0.145754,59.996381,0.005637,0.0000,1.0000,7767.7,0.0884,4,0
48.7668,0.145754,59.996378,0.005631,0.0000,1.0000,7766.5,0.0889,4,0
48.7883,0.146938,59.996374,0.005626,0.0000,1.0000,7764.6,0.0895,4,0
48.8095,0.146938,59.996371,0.005620,0.0000,1.0000,7763.6,0.0901,4,0
48.8309,0.146938,59.996367,0.005614,0.0000,1.0000,7761.5,0.0905,4,0
48.8497,0.146938,59.996364,0.005608,0.0000,1.0000,7765.4,0.0908,4,0
48.8696,0.146938,59.996360,0.005602,0.0000,1.0000,7765.5,0.0909,4,0
48.8886,0.146938,59.996357,0.005596,0.0000,1.0000,7768.5,0.0908,4,0
48.9076,0.146938,59.996354,0.005590,0.0000,1.0000,7771.5,0.0902,4,0
48.9265,0.146938,59.996351,0.005584,0.0000,1.0000,7776.3,0.0891,4,0
48.9456,0.146938,59.996348,0.005578,0.0000,1.0000,7781.1,0.0878,4,0
48.9644,0.146938,59.996345,0.005572,0.0000,1.0000,7787.9,0.0862,4,0
48.9836,0.148124,59.996342,0.005566,0.0000,1.0000,7795.1,0.0842,4,0
49.0038,0.148124,59.996339,0.005560,0.0000,1.0000,7795.3,0.0819,4,0
49.0235,0.148124,59.996336,0.005554,0.0000,1.0000,7798.2,0.0796,4,0
49.0425,0.148124,59.996333,0.005548,0.0000,1.0000,7806.6,0.0775,4,0
49.0616,0.148124,59.996330,0.005542,0.0000,1.0000,7815.0,0.0754,4,0
49.0839,0.148124,59.996327,0.005536,0.0000,1.0000,7816.4,0.0732,4,0
49.1027,0.148124,59.996324,0.005530,0.0000,1.0000,7822.1,0.0714,4,0
49.1229,0.148124,59.996321,0.005524,0.0000,1.0000,7830.1,0.0698,4,0
49.1412,0.148124,59.996318,0.005518,0.0000,1.0000,7838.5,0.0683,4,0
49.1627,0.148124,59.996315,0.005511,0.0000,1.0000,7839.7,0.0668,4,0
49.1822,0.149312,59.996312,0.005505,0.0000,1.0000,7842.1,0.0655,4,0
49.2017,0.149312,59.996309,0.005499,0.0000,1.0000,7846.0,0.0644,4,0
49.2215,0.149312,59.996306,0.005493,0.0000,1.0000,7852.4,0.0634,4,0
49.2413,0.149312,59.996303,0.005487,0.0000,1.0000,7857.6,0.0626,4,0
49.2606,0.149312,59.996300,0.005481,0.0000,1.0000,7859.6,0.0620,4,0
49.2804,0.149312,59.996296,0.005474,0.0000,1.0000,7861.9,0.0616,4,0
49.3007,0.149312,59.996293,0.005468,0.0000,1.0000,7867.7,0.0614,4,0
49.3202,0.149312,59.996289,0.005461,0.0000,1.0000,7871.7,0.0612,4,0
49.3403,0.149312,59.996286,0.005455,0.0000,1.0000,7871.1,0.0610,4,0
49.3602,0.149312,59.996282,0.005449,0.0000,1.0000,7872.8,0.0609,4,0
49.3805,0.150508,59.996279,0.005442,0.0000,1.0000,7876.8,0.0607,4,0
49.4004,0.150508,59.996276,0.005436,0.0000,1.0000,7880.5,0.0603,4,0
49.4212,0.150508,59.996272,0.005430,0.0000,1.0000,7880.8,0.0597,4,0
49.4410,0.150508,59.996268,0.005423,0.0000,1.0000,7880.4,0.0590,4,0
49.4614,0.150508,59.996265,0.005417,0.0000,1.0000,7883.7,0.0581,4,0
49.4812,0.150508,59.996263,0.005411,0.0000,1.0000,7889.5,0.0571,4,0
49.5022,0.150508,59.996260,0.005404,0.0000,1.0000,7888.4,0.0558,4,0
49.5221,0.150508,59.996257,0.005398,0.0000,1.0000,7886.5,0.0544,4,0
49.5429,0.150508,59.996255,0.005391,0.0000,1.0000,7889.1,0.0531,4,0
49.5634,0.150508,59.996253,0.005385,0.0000,1.0000,7891.3,0.0517,4,0
49.5838,0.151711,59.996250,0.005378,0.0000,1.0000,7893.8,0.0500,4,0
49.6046,0.151711,59.996248,0.005372,0.0000,1.0000,7891.7,0.0482,4,0
49.6253,0.151711,59.996245,0.005365,0.0000,1.0000,7892.3,0.0467,4,0
49.6472,0.151711,59.996243,0.005359,0.0000,1.0000,7891.3,0.0452,4,0
49.6678,0.151711,59.996240,0.005352,0.0000,1.0000,7895.4,0.0437,4,0
49.6886,0.151711,59.996237,0.005345,0.0000,1.0000,7894.9,0.0423,4,0
49.7094,0.151711,59.996234,0.005339,0.0000,1.0000,7895.8,0.0412,4,0
49.7314,0.151711,59.996231,0.005332,0.0000,1.0000,7897.0,0.0404,4,0
49.7528,0.151711,59.996228,0.005325,0.0000,1.0000,7898.4,0.0395,4,0
49.7743,0.151711,59.996225,0.005319,0.0000,1.0000,7895.9,0.0386,4,0
49.7959,0.152923,59.996222,0.005312,0.0000,1.0000,7893.3,0.0377,4,0
49.8174,0.152923,59.996219,0.005305,0.0000,1.0000,7897.1,0.0372,4,0
49.8387,0.152923,59.996216,0.005299,0.0000,1.0000,7899.7,0.0361,4,0
49.8604,0.152923,59.996213,0.005292,0.0000,1.0000,7898.9,0.0350,4,0
49.8831,0.152923,59.996210,0.005286,0.0000,1.0000,7892.4,0.0338,4,0
49.9050,0.152923,59.996207,0.005279,0.0000,1.0000,7893.5,0.0328,4,0
49.9255,0.152923,59.996204,0.005272,0.0000,1.0000,7901.1,0.0317,4,0
49.9467,0.152923,59.996200,0.005265,0.0000,1.0000,7903.4,0.0304,4,0
49.9700,0.152923,59.996197,0.005258,0.0000,1.0000,7894.9,0.0292,4,0
49.9926,0.152923,59.996194,0.005252,0.0000,1.0000,7891.1,0.0284,4,0
50.0148,0.154144,59.996191,0.005245,0.0000,1.0000,7892.5,0.0272,4,0
50.0366,0.154144,59.996188,0.005238,0.0000,1.0000,7892.4,0.0260,4,0
50.0592,0.154144,59.996184,0.005231,0.0000,1.0000,7887.4,0.0247,4,0
50.0812,0.154144,59.996181,0.005225,0.0000,1.0000,7886.7,0.0235,4,0
50.1025,0.154144,59.996178,0.005218,0.0000,1.0000,7892.6,0.0221,4,0
50.1240,0.154144,59.996175,0.005211,0.0000,1.0000,7896.9,0.0204,4,0
50.1471,0.154144,59.996172,0.005204,0.0000,1.0000,7891.6,0.0184,4,0
50.1697,0.154144,59.996170,0.005197,0.0000,1.0000,7889.8,0.0164,4,0
50.1936,0.154144,59.996167,0.005190,0.0000,1.0000,7886.1,0.0143,4,0
50.2150,0.154144,59.996164,0.005183,0.0000,1.0000,7893.9,0.0120,4,0
50.2378,0.155372,59.996161,0.005176,0.0000,1.0000,7891.9,0.0095,4,0
50.2593,0.155372,59.996158,0.005170,0.0000,1.0000,7896.7,0.0071,4,0
50.2828,0.155372,59.996156,0.005163,0.0000,1.0000,7895.6,0.0047,4,0
50.3020,0.155372,59.996153,0.005156,0.0000,1.0000,7912.5,0.0023,4,0
50.3253,0.155372,59.996150,0.005149,0.0000,1.0000,7910.5,-0.0002,4,0
50.3493,0.155372,59.996147,0.005142,0.0000,1.0000,7904.7,-0.0029,4,0
50.3727,0.155372,59.996144,0.005135,0.0000,1.0000,7901.0,-0.0056,4,0
50.3956,0.155372,59.996141,0.005128,0.0000,1.0000,7900.9,-0.0086,4,0
50.4178,0.155372,59.996138,0.005121,0.0000,1.0000,7902.4,-0.0118,4,0
50.4403,0.155372,59.996135,0.005114,0.0000,1.0000,7899.7,-0.0154,4,0
50.4628,0.156607,59.996132,0.005107,0.0000,1.0000,7897.5,-0.0193,4,0
50.4856,0.156607,59.996129,0.005100,0.0000,1.0000,7894.7,-0.0234,4,0
50.5075,0.156607,59.996126,0.005094,0.0000,1.0000,7895.0,-0.0277,4,0
50.5283,0.156607,59.996123,0.005087,0.0000,1.0000,7897.0,-0.0320,4,0
50.5474,0.156607,59.996120,0.005080,0.0000,1.0000,7907.2,-0.0363,4,0
50.5690,0.156607,59.996117,0.005073,0.0000,1.0000,7909.1,-0.0408,4,0
50.5910,0.156607,59.996114,0.005066,0.0000,1.0000,7909.0,-0.0452,4,0
50.6114,0.156607,59.996111,0.005059,0.0000,1.0000,7913.2,-0.0492,4,0
50.6309,0.156607,59.996108,0.005052,0.0000,1.0000,7920.1,-0.0531,4,0
50.6514,0.156607,59.996105,0.005045,0.0000,1.0000,7926.9,-0.0569,4,0
50.6699,0.157849,59.996102,0.005038,0.0000,1.0000,7940.5,-0.0602,4,0
50.6887,0.157849,59.996099,0.005031,0.0000,1.0000,7951.8,-0.0631,4,0
50.7090,0.157849,59.996096,0.005024,0.0000,1.0000,7952.9,-0.0657,4,0
50.7301,0.157849,59.996093,0.005017,0.0000,1.0000,7956.1,-0.0679,4,0
50.7506,0.157849,59.996090,0.005010,0.0000,1.0000,7960.1,-0.0696,4,0
50.7701,0.157849,59.996087,0.005003,0.0000,1.0000,7967.5,-0.0708,4,0
50.7912,0.157849,59.996085,0.004996,0.0000,1.0000,7963.8,-0.0716,4,0
50.8118,0.157849,59.996082,0.004989,0.0000,1.0000,7969.0,-0.0721,4,0
50.8336,0.157849,59.996079,0.004983,0.0000,1.0000,7966.6,-0.0725,4,0
50.8508,0.157849,59.996077,0.004976,0.0000,1.0000,7981.8,-0.0723,4,0
50.8713,0.159095,59.996074,0.004969,0.0000,1.0000,7979.1,-0.0719,4,0
50.8902,0.159095,59.996071,0.004962,0.0000,1.0000,7988.3,-0.0716,4,0
50.9082,0.159095,59.996068,0.004955,0.0000,1.0000,8001.2,-0.0713,4,0
50.9232,0.159095,59.996066,0.004948,0.0000,1.0000,8024.9,-0.0708,4,0
50.9393,0.159095,59.996063,0.004941,0.0000,1.0000,8040.5,-0.0704,4,0
50.9580,0.159095,59.996060,0.004934,0.0000,1.0000,8048.6,-0.0704,4,0
50.9757,0.159095,59.996057,0.004927,0.0000,1.0000,8064.0,-0.0707,4,0
50.9948,0.159095,59.996054,0.004921,0.0000,1.0000,8071.7,-0.0714,4,0
51.0140,0.159095,59.996051,0.004914,0.0000,1.0000,8075.2,-0.0723,4,0
51.0320,0.159095,59.996048,0.004907,0.0000,1.0000,8078.5,-0.0737,4,0
51.0512,0.160346,59.996045,0.004900,0.0000,1.0000,8081.8,-0.0760,4,0
51.0697,0.160346,59.996042,0.004893,0.0000,1.0000,8087.9,-0.0787,4,0
51.0875,0.160346,59.996039,0.004886,0.0000,1.0000,8093.4,-0.0819,4,0
51.1066,0.160346,59.996036,0.004880,0.0000,1.0000,8093.3,-0.0857,4,0
51.1247,0.160346,59.996033,0.004873,0.0000,1.0000,8094.1,-0.0897,4,0
51.1420,0.160346,59.996030,0.004866,0.0000,1.0000,8098.8,-0.0937,4,0
51.1586,0.160346,59.996027,0.004859,0.0000,1.0000,8105.8,-0.0975,4,0
51.1772,0.160346,59.996024,0.004853,0.0000,1.0000,8104.9,-0.1012,4,0
51.1945,0.160346,59.996021,0.004846,0.0000,1.0000,8110.0,-0.1048,4,0
51.2116,0.160346,59.996017,0.004839,0.0000,1.0000,8114.5,-0.1076,4,0
51.2287,0.161602,59.996014,0.004832,0.0000,1.0000,8120.3,-0.1099,4,0
51.2460,0.161602,59.996011,0.004826,0.0000,0.9955,8122.5,-0.1115,4,0
51.2630,0.161602,59.996008,0.004819,0.0000,0.9911,8126.5,-0.1128,4,0
51.2806,0.161602,59.996005,0.004812,0.0000,0.9532,8125.7,-0.1132,4,0
51.2961,0.161602,59.996002,0.004805,0.0000,0.9153,8125.8,-0.1131,4,0
51.3111,0.161602,59.995999,0.004799,0.0000,0.8604,8117.8,-0.1127,4,0
51.3238,0.161602,59.995995,0.004792,0.0000,0.8056,8107.3,-0.1122,4,0
51.3338,0.161602,59.995992,0.004785,0.0000,0.7338,8096.2,-0.1115,4,0
51.3406,0.161602,59.995988,0.004779,0.0000,0.6620,8082.4,-0.1108,4,0
51.3446,0.161602,59.995985,0.004772,0.0000,0.5860,8062.4,-0.1103,4,0
51.3458,0.162861,59.995982,0.004766,0.0000,0.5099,8037.5,-0.1100,4,0
51.3436,0.162861,59.995978,0.004759,0.0000,0.4589,8016.4,-0.1099,4,0
51.3357,0.162861,59.995975,0.004752,0.0000,0.4079,8002.8,-0.1098,4,0
51.3265,0.162861,59.995971,0.004746,0.0000,0.3670,7981.0,-0.1098,4,0
51.3178,0.162861,59.995968,0.004739,0.0000,0.3262,7953.2,-0.1100,4,0
51.3060,0.162861,59.995965,0.004733,0.0000,0.3152,7931.6,-0.1102,4,0
51.2914,0.162861,59.995962,0.004726,0.0000,0.3043,7924.0,-0.1102,4,0
51.2765,0.162861,59.995959,0.004720,0.0000,0.3077,7918.6,-0.1101,4,0
51.2602,0.162861,59.995956,0.004713,0.0000,0.3112,7918.7,-0.1099,4,0
51.2448,0.162861,59.995953,0.004707,0.0000,0.3197,7918.3,-0.1095,4,0
51.2287,0.164119,59.995949,0.004700,0.0000,0.3281,7922.0,-0.1087,4,0
51.2136,0.164119,59.995946,0.004694,0.0000,0.3401,7922.1,-0.1078,4,0
51.1990,0.164119,59.995943,0.004687,0.0000,0.3521,7924.8,-0.1070,4,0
51.1850,0.164119,59.995940,0.004681,0.0000,0.3666,7926.3,-0.1061,4,0
51.1700,0.164119,59.995937,0.004674,0.0000,0.3812,7933.6,-0.1051,4,0
51.1561,0.164119,59.995934,0.004668,0.0000,0.3951,7939.9,-0.1041,4,0
51.1442,0.164119,59.995930,0.004662,0.0000,0.4089,7943.5,-0.1032,4,0
51.1334,0.164119,59.995927,0.004655,0.0000,0.4306,7947.9,-0.1023,4,0
51.1214,0.164119,59.995923,0.004649,0.0000,0.4523,7959.1,-0.1014,4,0
51.1112,0.164119,59.995920,0.004643,0.0000,0.4776,7968.7,-0.1004,4,0
51.1035,0.165374,59.995917,0.004637,0.0000,0.5029,7973.5,-0.0998,4,0
51.0970,0.165374,59.995913,0.004630,0.0000,0.5267,7980.0,-0.0994,4,0
51.0903,0.165374,59.995910,0.004624,0.0000,0.5505,7989.9,-0.0991,4,0
51.0838,0.165374,59.995906,0.004618,0.0000,0.5708,8003.7,-0.0991,4,0
51.0796,0.165374,59.995903,0.004611,0.0000,0.5911,8012.8,-0.0996,4,0
51.0772,0.165374,59.995900,0.004605,0.0000,0.6071,8017.9,-0.1002,4,0
51.0748,0.165374,59.995896,0.004599,0.0000,0.6231,8027.5,-0.1009,4,0
51.0729,0.165374,59.995893,0.004593,0.0000,0.6372,8035.0,-0.1018,4,0
51.0726,0.165374,59.995890,0.004587,0.0000,0.6513,8043.6,-0.1029,4,0
51.0728,0.165374,59.995886,0.004581,0.0000,0.6620,8048.1,-0.1043,4,0
51.0733,0.166627,59.995883,0.004574,0.0000,0.6727,8054.2,-0.1056,4,0
51.0747,0.166627,59.995880,0.004568,0.0000,0.6855,8060.6,-0.1071,4,0
51.0767,0.166627,59.995877,0.004562,0.0000,0.6982,8067.0,-0.1088,4,0
51.0795,0.166627,59.995873,0.004556,0.0000,0.7093,8072.0,-0.1105,4,0
51.0826,0.166627,59.995870,0.004550,0.0000,0.7204,8077.3,-0.1120,4,0
51.0867,0.166627,59.995866,0.004544,0.0000,0.7293,8080.7,-0.1134,4,0
51.0921,0.166627,59.995863,0.004538,0.0000,0.7383,8083.2,-0.1147,4,0
51.0971,0.166627,59.995859,0.004532,0.0000,0.7464,8085.8,-0.1159,4,0
51.1029,0.166627,59.995856,0.004526,0.0000,0.7545,8087.9,-0.1167,4,0
51.1094,0.166627,59.995852,0.004520,0.0000,0.7601,8089.0,-0.1171,4,0
51.1161,0.167880,59.995848,0.004514,0.0000,0.7658,8092.1,-0.1173,4,0
51.1231,0.167880,59.995845,0.004508,0.0000,0.7690,8093.9,-0.1173,4,0
51.1302,0.167880,59.995841,0.004502,0.0000,0.7722,8095.1,-0.1168,4,0
51.1382,0.167880,59.995838,0.004496,0.0000,0.7740,8095.1,-0.1160,4,0
51.1469,0.167880,59.995834,0.004490,0.0000,0.7757,8094.9,-0.1155,4,0
51.1562,0.167880,59.995831,0.004484,0.0000,0.7797,8095.2,-0.1150,4,0
51.1662,0.167880,59.995827,0.004478,0.0000,0.7837,8092.7,-0.1147,4,0
51.1765,0.167880,59.995824,0.004473,0.0000,0.7887,8092.4,-0.1146,4,0
51.1870,0.167880,59.995820,0.004467,0.0000,0.7937,8095.0,-0.1149,4,0
51.1979,0.167880,59.995817,0.004461,0.0000,0.7991,8096.0,-0.1155,4,0
51.2103,0.169135,59.995814,0.004455,0.0000,0.8044,8093.6,-0.1162,4,0
51.2219,0.169135,59.995810,0.004449,0.0000,0.8099,8093.2,-0.1171,4,0
51.2345,0.169135,59.995807,0.004444,0.0000,0.8154,8092.3,-0.1183,4,0
51.2475,0.169135,59.995803,0.004438,0.0000,0.8242,8090.7,-0.1194,4,0
51.2612,0.169135,59.995800,0.004432,0.0000,0.8331,8088.6,-0.1206,4,0
51.2746,0.169135,59.995796,0.004426,0.0000,0.8453,8086.9,-0.1214,4,0
51.2887,0.169135,59.995792,0.004420,0.0000,0.8575,8086.3,-0.1220,4,0
51.3032,0.169135,59.995788,0.004415,0.0000,0.8714,8087.8,-0.1222,4,0
51.3194,0.169135,59.995784,0.004409,0.0000,0.8854,8084.0,-0.1217,4,0
51.3356,0.169135,59.995780,0.004403,0.0000,0.8954,8083.3,-0.1206,4,0
51.3536,0.170400,59.995776,0.004398,0.0000,0.9055,8082.6,-0.1192,4,0
51.3716,0.170400,59.995772,0.004392,0.0000,0.9177,8085.0,-0.1172,4,0
51.3926,0.170400,59.995768,0.004386,0.0000,0.9299,8081.3,-0.1147,4,0
51.4136,0.170400,59.995764,0.004380,0.0000,0.9416,8081.3,-0.1118,4,0
51.4349,0.170400,59.995760,0.004375,0.0000,0.9533,8083.8,-0.1087,4,0
51.4556,0.170400,59.995756,0.004369,0.0000,0.9646,8092.2,-0.1052,4,0
51.4790,0.170400,59.995753,0.004364,0.0000,0.9758,8092.2,-0.1013,4,0
51.5016,0.170400,59.995749,0.004358,0.0000,0.9852,8092.0,-0.0972,4,0
51.5254,0.170400,59.995746,0.004352,0.0000,0.9947,8094.0,-0.0929,4,0
51.5475,0.170400,59.995742,0.004347,0.0000,0.9973,8097.7,-0.0883,4,0
51.5695,0.171674,59.995738,0.004341,0.0000,1.0000,8100.1,-0.0837,4,0
51.5939,0.171674,59.995735,0.004335,0.0000,1.0000,8098.8,-0.0789,4,0
51.6161,0.171674,59.995731,0.004330,0.0000,1.0000,8098.9,-0.0744,4,0
51.6381,0.171674,59.995728,0.004324,0.0000,1.0000,8104.1,-0.0686,4,0
51.6633,0.171674,59.995724,0.004319,0.0000,1.0000,8106.0,-0.0631,4,0
51.6862,0.171674,59.995721,0.004313,0.0000,1.0000,8109.0,-0.0578,4,0
51.7094,0.171674,59.995717,0.004307,0.0000,1.0000,8114.3,-0.0528,4,0
51.7325,0.171674,59.995714,0.004302,0.0000,1.0000,8121.5,-0.0484,4,0
51.7563,0.171674,59.995710,0.004296,0.0000,1.0000,8126.5,-0.0448,4,0
51.7797,0.171674,59.995707,0.004291,0.0000,1.0000,8129.5,-0.0421,4,0
51.8033,0.172959,59.995704,0.004285,0.0000,1.0000,8134.1,-0.0405,4,0
51.8273,0.172959,59.995700,0.004280,0.0000,1.0000,8139.6,-0.0398,4,0
51.8511,0.172959,59.995697,0.004274,0.0000,1.0000,8145.1,-0.0398,4,0
51.8750,0.172959,59.995693,0.004269,0.0000,1.0000,8147.2,-0.0407,4,0
51.8996,0.172959,59.995690,0.004263,0.0000,1.0000,8148.6,-0.0421,4,0
51.9236,0.172959,59.995686,0.004257,0.0000,1.0000,8154.5,-0.0438,4,0
51.9469,0.172959,59.995682,0.004252,0.0000,1.0000,8163.2,-0.0456,4,0
51.9709,0.172959,59.995678,0.004247,0.0000,1.0000,8166.3,-0.0474,4,0
51.9964,0.172959,59.995674,0.004241,0.0000,1.0000,8163.3,-0.0488,4,0
52.0207,0.172959,59.995670,0.004236,0.0000,1.0000,8169.4,-0.0500,4,0
52.0433,0.174253,59.995666,0.004230,0.0000,1.0000,8180.2,-0.0503,4,0
52.0679,0.174253,59.995662,0.004225,0.0000,1.0000,8182.7,-0.0501,4,0
52.0926,0.174253,59.995658,0.004219,0.0000,1.0000,8181.8,-0.0491,4,0
52.1171,0.174253,59.995654,0.004214,0.0000,1.0000,8186.6,-0.0478,4,0
52.1411,0.174253,59.995650,0.004208,0.0000,1.0000,8194.4,-0.0462,4,0
52.1665,0.174253,59.995646,0.004203,0.0000,1.0000,8192.9,-0.0447,4,0
52.1919,0.174253,59.995643,0.004197,0.0000,1.0000,8192.5,-0.0433,4,0
52.2178,0.174253,59.995639,0.004192,0.0000,1.0000,8192.1,-0.0425,4,0
52.2433,0.174253,59.995635,0.004186,0.0000,1.0000,8194.0,-0.0421,4,0
52.2694,0.174253,59.995632,0.004181,0.0000,1.0000,8191.9,-0.0423,4,0
52.2945,0.175558,59.995628,0.004175,0.0000,1.0000,8195.3,-0.0431,4,0
52.3197,0.175558,59.995624,0.004170,0.0000,1.0000,8198.4,-0.0445,4,0
52.3452,0.175558,59.995620,0.004165,0.0000,1.0000,8200.8,-0.0464,4,0
52.3712,0.175558,59.995617,0.004159,0.0000,1.0000,8200.9,-0.0488,4,0
52.3967,0.175558,59.995613,0.004154,0.0000,1.0000,8202.0,-0.0517,4,0
52.4216,0.175558,59.995609,0.004148,0.0000,1.0000,8207.0,-0.0550,4,0
52.4469,0.175558,59.995605,0.004143,0.0000,1.0000,8211.8,-0.0589,4,0
52.4719,0.175558,59.995602,0.004138,0.0000,1.0000,8215.4,-0.0633,4,0
52.4956,0.175558,59.995598,0.004132,0.0000,1.0000,8222.7,-0.0680,4,0
52.5207,0.175558,59.995594,0.004127,0.0000,1.0000,8224.2,-0.0733,4,0
52.5448,0.176876,59.995590,0.004121,0.0000,1.0000,8229.7,-0.0789,4,0
52.5695,0.176876,59.995586,0.004116,0.0000,1.0000,8230.4,-0.0845,4,0
52.5930,0.176876,59.995583,0.004111,0.0000,1.0000,8232.8,-0.0902,4,0
52.6163,0.176876,59.995579,0.004105,0.0000,1.0000,8235.7,-0.0958,4,0
52.6394,0.176876,59.995575,0.004100,0.0000,1.0000,8239.5,-0.1010,4,0
52.6618,0.176876,59.995571,0.004095,0.0000,1.0000,8244.7,-0.1056,4,0
52.6833,0.176876,59.995567,0.004089,0.0000,1.0000,8252.0,-0.1096,4,0
52.7054,0.176876,59.995562,0.004084,0.0000,0.9782,8256.7,-0.1125,4,0
52.7255,0.176876,59.995558,0.004079,0.0000,0.9564,8263.6,-0.1143,4,0
52.7484,0.176876,59.995554,0.004073,0.0000,0.8999,8248.4,-0.1148,4,0
52.7666,0.178239,59.995550,0.004068,0.0000,0.8434,8239.1,-0.1144,4,0
52.7847,0.178239,59.995546,0.004063,0.0000,0.7622,8212.1,-0.1125,4,0
52.7974,0.178239,59.995541,0.004057,0.0000,0.6810,8190.0,-0.1095,4,0
52.8038,0.178239,59.995537,0.004052,0.0000,0.6126,8180.3,-0.1057,4,0
52.8038,0.178239,59.995533,0.004047,0.0000,0.5443,8178.2,-0.1015,4,0
52.8025,0.178239,59.995529,0.004041,0.0000,0.4601,8163.4,-0.0962,4,0
52.7982,0.178239,59.995525,0.004036,0.0000,0.3760,8144.4,-0.0914,4,0
52.7897,0.178239,59.995522,0.004031,0.0000,0.3092,8139.7,-0.0870,4,0
52.7720,0.178239,59.995518,0.004026,0.0000,0.2425,8155.9,-0.0823,4,0
52.7534,0.178239,59.995514,0.004021,0.0000,0.1963,8167.2,-0.0782,4,0
52.7307,0.179567,59.995510,0.004015,0.0000,0.1502,8178.8,-0.0748,4,0
52.7106,0.179567,59.995506,0.004010,0.0000,0.1159,8175.9,-0.0730,4,0
52.6958,0.179567,59.995503,0.004005,0.0000,0.0816,8143.1,-0.0721,4,0
52.6765,0.179567,59.995499,0.004000,0.0000,0.0558,8133.7,-0.0720,4,1
52.6556,0.179567,59.995495,0.003995,0.0000,0.0300,8145.3,-0.0719,4,1
52.6328,0.179567,59.995491,0.003990,0.0000,0.0150,8158.9,-0.0717,4,1
52.6086,0.179567,59.995487,0.003985,0.0000,0.0000,8166.0,-0.0719,4,0
52.5872,0.179567,59.995482,0.003980,0.0000,0.0000,8164.5,-0.0729,4,0
52.5723,0.179567,59.995478,0.003975,0.0000,0.0000,8141.9,-0.0740,4,0
52.5573,0.179567,59.995474,0.003970,0.0000,0.0000,8106.0,-0.0747,4,0
52.5359,0.180894,59.995470,0.003965,0.0000,0.0000,8087.1,-0.0747,4,0
52.5105,0.180894,59.995466,0.003959,0.0000,0.0000,8100.7,-0.0734,4,0
52.4901,0.180894,59.995461,0.003954,0.0000,0.0000,8108.6,-0.0706,4,0
52.4649,0.180894,59.995457,0.003949,0.0000,0.0000,8119.0,-0.0654,4,0
52.4422,0.180894,59.995453,0.003944,0.0000,0.0000,8122.2,-0.0564,4,0
52.4236,0.180894,59.995449,0.003940,0.0000,0.0000,8118.7,-0.0482,4,0
52.4054,0.180894,59.995445,0.003935,0.0000,0.0000,8116.4,-0.0388,4,0
52.3926,0.180894,59.995442,0.003930,0.0000,0.0000,8094.4,-0.0303,4,0
52.3752,0.180894,59.995438,0.003925,0.0000,0.0000,8071.6,-0.0220,4,0
52.3545,0.180894,59.995434,0.003920,0.0000,0.0000,8061.8,-0.0149,4,0
52.3328,0.182216,59.995430,0.003915,0.0000,0.0000,8064.1,-0.0094,4,0
52.3067,0.182216,59.995426,0.003910,0.0021,0.0000,8077.7,-0.0057,4,0
52.2858,0.182216,59.995423,0.003906,0.0042,0.0000,8070.8,-0.0048,4,0
52.2667,0.182216,59.995419,0.003901,0.0165,0.0000,8053.2,-0.0068,4,0
52.2335,0.182216,59.995415,0.003896,0.0288,0.0000,8071.9,-0.0083,4,0
52.2079,0.182216,59.995411,0.003891,0.0503,0.0000,8066.7,-0.0113,4,0
52.1818,0.182216,59.995407,0.003887,0.0719,0.0000,8031.0,-0.0144,4,0
52.1451,0.182216,59.995402,0.003882,0.1005,0.0000,8016.1,-0.0173,4,0
52.1030,0.182216,59.995398,0.003877,0.1291,0.0000,8001.3,-0.0197,4,0
52.0553,0.182216,59.995394,0.003873,0.1586,0.0000,7979.1,-0.0214,4,0
52.0028,0.183533,59.995390,0.003868,0.1881,0.0000,7960.0,-0.0227,4,0
51.9425,0.183533,59.995386,0.003863,0.2116,0.0000,7948.1,-0.0233,4,0
51.8784,0.183533,59.995381,0.003859,0.2350,0.0000,7928.9,-0.0237,4,0
51.8092,0.183533,59.995377,0.003854,0.2568,0.0000,7905.7,-0.0241,4,0
51.7395,0.183533,59.995373,0.003850,0.2786,0.0000,7887.1,-0.0255,4,0
51.6594,0.183533,59.995369,0.003845,0.3015,0.0000,7864.4,-0.0270,4,0
51.5789,0.183533,59.995364,0.003841,0.3245,0.0000,7840.2,-0.0293,4,0
51.4925,0.183533,59.995360,0.003836,0.3497,0.0000,7811.2,-0.0313,4,0
51.3984,0.183533,59.995356,0.003832,0.3750,0.0000,7783.1,-0.0340,4,0
51.3008,0.183533,59.995351,0.003828,0.3967,0.0000,7757.5,-0.0364,4,0
51.1927,0.184838,59.995347,0.003823,0.4184,0.0000,7741.2,-0.0386,4,0
51.0919,0.184838,59.995343,0.003819,0.4370,0.0000,7709.4,-0.0410,4,0
50.9800,0.184838,59.995339,0.003814,0.4555,0.0000,7684.4,-0.0420,4,0
50.8646,0.184838,59.995334,0.003810,0.4753,0.0000,7665.2,-0.0431,4,0
50.7451,0.184838,59.995330,0.003806,0.4951,0.0000,7644.2,-0.0427,4,0
50.6202,0.184838,59.995326,0.003801,0.5117,0.0000,7625.0,-0.0422,4,0
50.4974,0.184838,59.995323,0.003797,0.5283,0.0000,7589.2,-0.0418,4,0
50.3661,0.184838,59.995319,0.003793,0.5441,0.0000,7567.1,-0.0408,4,0
50.2285,0.184838,59.995315,0.003789,0.5598,0.0000,7550.3,-0.0394,4,0
50.0875,0.184838,59.995311,0.003785,0.5716,0.0000,7531.7,-0.0379,4,0
49.9477,0.186114,59.995308,0.003780,0.5833,0.0000,7505.3,-0.0367,4,0
49.8038,0.186114,59.995304,0.003776,0.5957,0.0000,7481.5,-0.0353,4,0
49.6541,0.186114,59.995300,0.003772,0.6080,0.0000,7469.8,-0.0337,4,0
49.4994,0.186114,59.995297,0.003768,0.6211,0.0000,7465.8,-0.0322,4,0
49.3447,0.186114,59.995293,0.003764,0.6342,0.0000,7453.7,-0.0310,4,0
49.1892,0.186114,59.995289,0.003760,0.6431,0.0000,7436.0,-0.0301,4,0
49.0322,0.186114,59.995285,0.003756,0.6520,0.0000,7420.2,-0.0291,4,0
48.8739,0.186114,59.995282,0.003752,0.6570,0.0000,7401.7,-0.0281,4,0
48.7170,0.186114,59.995278,0.003748,0.6620,0.0000,7375.7,-0.0275,4,0
48.5613,0.186114,59.995274,0.003744,0.6652,0.0000,7345.0,-0.0274,4,0
48.4066,0.187355,59.995270,0.003740,0.6684,0.0000,7313.1,-0.0274,4,0
48.2504,0.187355,59.995266,0.003736,0.6711,0.0000,7285.2,-0.0278,4,0
48.0957,0.187355,59.995263,0.003732,0.6738,0.0000,7256.7,-0.0286,4,0
47.9427,0.187355,59.995259,0.003729,0.6772,0.0000,7222.9,-0.0298,4,0
47.7930,0.187355,59.995255,0.003725,0.6806,0.0000,7185.5,-0.0316,4,0
47.6470,0.187355,59.995251,0.003721,0.6825,0.0000,7137.4,-0.0332,4,0
47.4994,0.187355,59.995247,0.003717,0.6845,0.0000,7106.6,-0.0352,4,0
47.3513,0.187355,59.995243,0.003714,0.6876,0.0000,7648.9,-0.0373,4,0
47.2049,0.187355,59.995239,0.003710,0.6906,0.0000,8175.8,-0.0394,4,0
47.0587,0.187355,59.995235,0.003706,0.6953,0.0000,8434.0,-0.0414,4,0
46.9086,0.188560,59.995232,0.003703,0.6999,0.0000,8411.0,-0.0430,4,0
46.7584,0.188560,59.995228,0.003699,0.6980,0.0000,8440.2,-0.0435,3,0
46.6065,0.188560,59.995224,0.003695,0.6960,0.0000,8386.2,-0.0436,3,0
46.4525,0.188560,59.995220,0.003692,0.6969,0.0000,8327.6,-0.0439,3,0
46.3017,0.188560,59.995216,0.003688,0.6977,0.0000,8282.0,-0.0422,3,0
46.1421,0.188560,59.995212,0.003685,0.6977,0.0000,8318.6,-0.0407,3,0
45.9858,0.188560,59.995209,0.003681,0.6977,0.0000,8287.2,-0.0379,3,0
45.8288,0.188560,59.995205,0.003678,0.6964,0.0000,8234.1,-0.0359,3,0
45.6752,0.188560,59.995202,0.003674,0.6950,0.0000,8168.8,-0.0338,3,0
45.5200,0.188560,59.995198,0.003671,0.6988,0.0000,8178.4,-0.0318,3,0
45.3595,0.189721,59.995194,0.003668,0.7026,0.0000,8181.5,-0.0302,3,0
45.2039,0.189721,59.995191,0.003664,0.7004,0.0000,8136.2,-0.0291,3,0
45.0468,0.189721,59.995187,0.003661,0.6982,0.0000,8081.5,-0.0285,3,0
44.8957,0.189721,59.995184,0.003657,0.7006,0.0000,8029.8,-0.0281,3,0
44.7360,0.189721,59.995180,0.003654,0.7031,0.0000,8069.4,-0.0279,3,0
44.5790,0.189721,59.995176,0.003651,0.7015,0.0000,8036.4,-0.0276,3,0
44.4228,0.189721,59.995172,0.003648,0.6999,0.0000,7989.2,-0.0277,3,0
44.2669,0.189721,59.995168,0.003644,0.6945,0.0000,7935.1,-0.0279,3,0
44.1157,0.189721,59.995164,0.003641,0.6892,0.0000,7893.9,-0.0279,3,0
43.9585,0.189721,59.995160,0.003638,0.6868,0.0000,7938.2,-0.0276,3,0
43.8078,0.190837,59.995156,0.003635,0.6845,0.0000,7904.8,-0.0272,3,0
43.6584,0.190837,59.995152,0.003632,0.6783,0.0000,7862.5,-0.0268,3,0
43.5074,0.190837,59.995148,0.003629,0.6720,0.0000,7820.3,-0.0268,3,0
43.3611,0.190837,59.995144,0.003625,0.6711,0.0000,7770.6,-0.0268,3,0
43.2128,0.190837,59.995140,0.003622,0.6701,0.0000,7740.4,-0.0260,3,0
43.0603,0.190837,59.995137,0.003619,0.6684,0.0000,7738.4,-0.0255,3,0
42.9076,0.190837,59.995133,0.003616,0.6667,0.0000,7715.4,-0.0246,3,0
42.7545,0.190837,59.995130,0.003613,0.6593,0.0000,7684.9,-0.0240,3,0
42.6042,0.190837,59.995126,0.003610,0.6520,0.0000,7650.3,-0.0232,3,0
42.4517,0.190837,59.995123,0.003607,0.6482,0.0000,7614.8,-0.0221,3,0
42.2993,0.191909,59.995120,0.003604,0.6444,0.0000,7572.8,-0.0209,3,0
42.1513,0.191909,59.995116,0.003601,0.6335,0.0000,7557.6,-0.0199,3,0
41.9996,0.191909,59.995113,0.003598,0.6225,0.0000,7579.8,-0.0183,3,0
41.8577,0.191909,59.995109,0.003595,0.6200,0.0000,7553.6,-0.0163,3,0
41.7146,0.191909,59.995106,0.003592,0.6175,0.0000,7523.1,-0.0139,3,0
41.5703,0.191909,59.995102,0.003590,0.6124,0.0000,7493.5,-0.0113,3,0
41.4272,0.191909,59.995099,0.003587,0.6073,0.0000,7470.8,-0.0087,3,0
41.2840,0.191909,59.995095,0.003584,0.6007,0.0000,7452.7,-0.0062,3,0
41.1455,0.191909,59.995092,0.003581,0.5941,0.0000,7429.2,-0.0038,3,0
41.0050,0.191909,59.995088,0.003578,0.5950,0.0000,7410.1,-0.0012,3,0
40.8645,0.192918,59.995084,0.003576,0.5958,0.0000,7386.4,0.0012,3,0
40.7262,0.192918,59.995081,0.003573,0.5915,0.0000,7360.7,0.0032,3,0
40.5879,0.192918,59.995077,0.003570,0.5872,0.0000,7340.7,0.0051,3,0
40.4518,0.192918,59.995074,0.003567,0.5864,0.0000,7316.7,0.0068,3,0
40.3164,0.192918,59.995070,0.003564,0.5855,0.0000,7290.7,0.0082,3,0
40.1790,0.192918,59.995067,0.003562,0.5850,0.0000,7266.1,0.0097,3,0
40.0430,0.192918,59.995063,0.003559,0.5846,0.0000,7240.8,0.0110,3,0
39.9072,0.192918,59.995060,0.003557,0.5783,0.0000,7219.2,0.0124,3,0
39.7752,0.192918,59.995057,0.003554,0.5721,0.0000,7194.2,0.0140,3,0
39.6438,0.192918,59.995053,0.003551,0.5730,0.0000,7165.1,0.0155,3,0
39.5105,0.193912,59.995050,0.003549,0.5738,0.0000,7138.9,0.0174,3,0
39.3774,0.193912,59.995047,0.003546,0.5666,0.0000,7115.7,0.0194,3,0
39.2465,0.193912,59.995044,0.003543,0.5594,0.0000,7094.1,0.0214,3,0
39.1172,0.193912,59.995040,0.003541,0.5557,0.0000,7070.5,0.0235,3,0
38.9901,0.193912,59.995037,0.003538,0.5521,0.0000,7045.4,0.0257,3,0
38.8625,0.193912,59.995034,0.003535,0.5462,0.0000,7021.0,0.0278,3,0
38.7351,0.193912,59.995031,0.003533,0.5403,0.0000,6999.5,0.0301,3,0
38.6116,0.193912,59.995028,0.003530,0.5274,0.0000,6975.3,0.0328,3,0
38.4900,0.193912,59.995025,0.003528,0.5144,0.0000,6955.9,0.0357,3,0
38.3718,0.193912,59.995022,0.003525,0.5053,0.0000,6932.1,0.0389,3,0
38.2548,0.194866,59.995019,0.003523,0.4961,0.0000,6915.0,0.0418,3,0
38.1392,0.194866,59.995016,0.003520,0.4805,0.0000,6895.6,0.0447,3,0
38.0256,0.194866,59.995013,0.003518,0.4649,0.0000,6883.2,0.0475,3,0
37.9174,0.194866,59.995010,0.003515,0.4538,0.0000,6861.2,0.0503,3,0
37.8096,0.194866,59.995007,0.003512,0.4426,0.0000,6849.2,0.0535,3,0
37.7055,0.194866,59.995004,0.003510,0.4319,0.0000,6832.0,0.0566,3,0
37.6027,0.194866,59.995000,0.003507,0.4212,0.0000,6817.5,0.0595,3,0
37.5013,0.194866,59.994996,0.003505,0.4119,0.0000,6801.5,0.0625,3,0
37.4027,0.194866,59.994993,0.003502,0.4026,0.0000,6785.4,0.0656,3,0
37.3058,0.194866,59.994990,0.003500,0.3991,0.0000,6769.4,0.0686,3,0
37.2080,0.195786,59.994986,0.003497,0.3955,0.0000,6755.6,0.0719,3,0
37.1129,0.195786,59.994982,0.003495,0.3862,0.0000,6741.2,0.0747,3,0
37.0205,0.195786,59.994979,0.003492,0.3769,0.0000,6720.0,0.0771,3,0
36.9280,0.195786,59.994975,0.003490,0.3700,0.0000,6706.1,0.0792,3,0
36.8387,0.195786,59.994972,0.003487,0.3630,0.0000,6692.8,0.0811,3,0
36.7511,0.195786,59.994969,0.003484,0.3555,0.0000,6675.0,0.0833,3,0
36.6650,0.195786,59.994967,0.003482,0.3479,0.0000,6661.4,0.0857,3,0
36.5812,0.195786,59.994964,0.003479,0.3452,0.0000,6646.4,0.0879,3,0
36.4974,0.195786,59.994962,0.003477,0.3425,0.0000,6630.6,0.0900,3,0
36.4130,0.195786,59.994959,0.003474,0.3502,0.0000,6612.6,0.0921,3,0
36.3274,0.196672,59.994956,0.003471,0.3578,0.0000,6594.5,0.0942,3,0
36.2413,0.196672,59.994954,0.003469,0.3591,0.0000,6574.4,0.0967,3,0
36.1544,0.196672,59.994951,0.003466,0.3603,0.0000,6554.6,0.0991,3,0
36.0667,0.196672,59.994949,0.003464,0.3633,0.0000,6537.7,0.1014,3,0
35.9800,0.196672,59.994946,0.003461,0.3662,0.0000,6515.8,0.1036,3,0
35.8911,0.196672,59.994943,0.003458,0.3650,0.0000,6496.2,0.1052,3,0
35.8027,0.196672,59.994940,0.003456,0.3638,0.0000,6474.5,0.1067,3,0
35.7165,0.196672,59.994937,0.003453,0.3656,0.0000,6451.2,0.1082,3,0
35.6299,0.196672,59.994934,0.003450,0.3674,0.0000,6429.0,0.1096,3,0
35.5448,0.196672,59.994930,0.003448,0.3717,0.0000,6401.6,0.1106,3,0
35.4576,0.197532,59.994927,0.003445,0.3760,0.0000,6414.2,0.1117,3,0
35.3701,0.197532,59.994924,0.003442,0.3728,0.0000,6399.5,0.1128,3,0
35.2872,0.197532,59.994921,0.003440,0.3696,0.0000,6374.7,0.1143,3,0
35.2033,0.197532,59.994918,0.003437,0.3696,0.0000,6349.4,0.1160,3,0
35.1190,0.197532,59.994915,0.003434,0.3696,0.0000,6342.8,0.1180,3,0
35.0356,0.197532,59.994912,0.003431,0.3658,0.0000,6342.6,0.1205,3,0
34.9535,0.197532,59.994909,0.003429,0.3621,0.0000,6317.1,0.1227,3,0
34.8716,0.197532,59.994906,0.003426,0.3557,0.0000,6290.0,0.1250,3,0
34.7910,0.197532,59.994903,0.003423,0.3494,0.0000,6295.1,0.1279,3,0
34.7111,0.197532,59.994900,0.003420,0.3500,0.0000,6278.0,0.1304,3,0
34.6332,0.198367,59.994896,0.003418,0.3506,0.0000,6247.1,0.1329,3,0
34.5556,0.198367,59.994893,0.003415,0.3457,0.0000,6249.5,0.1353,3,0
34.4789,0.198367,59.994890,0.003412,0.3408,0.0000,6227.2,0.1369,3,0
34.4021,0.198367,59.994887,0.003409,0.3370,0.0000,6216.3,0.1380,3,0
34.3262,0.198367,59.994884,0.003406,0.3332,0.0000,6210.7,0.1395,3,0
34.2526,0.198367,59.994881,0.003404,0.3259,0.0000,6183.7,0.1407,3,0
34.1791,0.198367,59.994879,0.003401,0.3186,0.0000,6186.2,0.1423,3,0
34.1073,0.198367,59.994876,0.003398,0.3068,0.0000,6169.7,0.1436,3,0
34.0377,0.198367,59.994874,0.003395,0.2949,0.0000,6163.1,0.1450,3,0
33.9676,0.198367,59.994871,0.003392,0.2904,0.0000,6159.2,0.1459,3,0
33.8976,0.199189,59.994868,0.003389,0.2859,0.0000,6138.6,0.1465,3,0
33.8281,0.199189,59.994866,0.003386,0.2764,0.0000,6132.4,0.1473,3,0
33.7613,0.199189,59.994863,0.003384,0.2669,0.0000,6129.2,0.1488,3,0
33.6959,0.199189,59.994861,0.003381,0.2642,0.0000,6112.5,0.1497,3,0
33.6300,0.199189,59.994858,0.003378,0.2614,0.0000,6096.0,0.1507,3,0
33.5637,0.199189,59.994856,0.003375,0.2559,0.0000,6092.2,0.1514,3,0
33.4971,0.199189,59.994853,0.003372,0.2503,0.0000,6094.8,0.1517,3,0
33.4343,0.199189,59.994851,0.003369,0.2467,0.0000,6084.5,0.1525,3,0
33.3749,0.199189,59.994849,0.003366,0.2432,0.0000,6070.1,0.1534,3,0
33.3166,0.199189,59.994847,0.003363,0.2424,0.0000,6054.4,0.1543,3,0
33.2596,0.199988,59.994844,0.003360,0.2417,0.0000,6040.7,0.1557,3,0
33.2029,0.199988,59.994842,0.003357,0.2322,0.0000,6033.1,0.1575,3,0
33.1459,0.199988,59.994840,0.003354,0.2227,0.0000,6030.1,0.1590,3,0
33.0916,0.199988,59.994837,0.003351,0.2145,0.0000,6028.9,0.1613,3,0
33.0379,0.199988,59.994835,0.003348,0.2063,0.0000,6030.6,0.1642,3,0
32.9863,0.199988,59.994833,0.003345,0.1951,0.0000,6025.1,0.1669,3,0
32.9366,0.199988,59.994830,0.003342,0.1839,0.0000,6019.6,0.1702,3,0
32.8879,0.199988,59.994827,0.003339,0.1692,0.0000,6017.0,0.1733,3,0
32.8407,0.199988,59.994825,0.003336,0.1546,0.0000,6013.8,0.1763,3,0
32.7948,0.199988,59.994822,0.003333,0.1474,0.0000,6008.7,0.1790,3,0
32.7492,0.200819,59.994820,0.003330,0.1402,0.0000,6002.2,0.1817,3,0
32.7037,0.200819,59.994818,0.003326,0.1281,0.0000,5997.7,0.1839,3,0
32.6619,0.200819,59.994815,0.003323,0.1160,0.0000,5993.2,0.1858,3,0
32.6228,0.200819,59.994813,0.003320,0.1099,0.0000,5989.6,0.1872,3,0
32.5853,0.200819,59.994810,0.003317,0.1038,0.0000,5983.2,0.1882,3,0
32.5478,0.200819,59.994808,0.003314,0.0952,0.0000,5982.6,0.1887,3,0
32.5127,0.200819,59.994805,0.003311,0.0867,0.0000,5982.9,0.1891,3,0
32.4795,0.200819,59.994802,0.003307,0.0745,0.0000,5985.2,0.1894,3,0
32.4484,0.200819,59.994800,0.003304,0.0623,0.0000,5987.9,0.1896,3,0
32.4207,0.200819,59.994798,0.003301,0.0552,0.0000,5987.4,0.1897,3,0
32.3944,0.201692,59.994795,0.003298,0.0482,0.0000,5985.6,0.1898,3,0
32.3682,0.201692,59.994793,0.003295,0.0462,0.0000,5985.5,0.1898,3,0
32.3428,0.201692,59.994790,0.003291,0.0442,0.0000,5984.9,0.1897,3,0
32.3175,0.201692,59.994788,0.003288,0.0388,0.0000,5984.3,0.1899,3,0
32.2930,0.201692,59.994785,0.003285,0.0335,0.0000,5985.1,0.1901,3,0
32.2697,0.201692,59.994782,0.003282,0.0338,0.0000,5981.4,0.1903,3,0
32.2468,0.201692,59.994780,0.003278,0.0342,0.0000,5978.9,0.1903,3,0
32.2239,0.201692,59.994777,0.003275,0.0311,0.0000,5977.3,0.1903,3,0
32.2014,0.201692,59.994775,0.003271,0.0281,0.0000,5976.6,0.1900,3,0
32.1799,0.201692,59.994772,0.003268,0.0249,0.0000,5976.4,0.1899,3,0
32.1592,0.202478,59.994770,0.003265,0.0217,0.0000,5977.9,0.1898,3,0
32.1394,0.202478,59.994768,0.003261,0.0250,0.0000,5976.9,0.1898,3,0
32.1203,0.202478,59.994765,0.003258,0.0283,0.0000,5972.2,0.1899,3,0
32.1001,0.202478,59.994763,0.003254,0.0282,0.0000,5967.9,0.1899,3,0
32.0801,0.202478,59.994760,0.003251,0.0281,0.0000,5962.0,0.1898,3,0
32.0592,0.202478,59.994758,0.003247,0.0244,0.0000,5962.3,0.1898,3,0
32.0383,0.202478,59.994755,0.003244,0.0208,0.0000,5964.5,0.1900,3,0
32.0186,0.202478,59.994753,0.003240,0.0177,0.0000,5965.0,0.1903,3,0
32.0010,0.202478,59.994750,0.003237,0.0147,0.0000,5962.9,0.1905,3,0
31.9846,0.202478,59.994748,0.003233,0.0077,0.0000,5960.9,0.1906,3,0
31.9687,0.203391,59.994746,0.003230,0.0008,0.0000,5959.0,0.1906,3,0
31.9539,0.203391,59.994743,0.003226,0.0004,0.0000,5957.6,0.1906,3,0
31.9402,0.203391,59.994741,0.003222,0.0000,0.0000,5954.6,0.1907,3,0
31.9264,0.203391,59.994738,0.003219,0.0000,0.0000,5953.4,0.1911,3,0
31.9128,0.203391,59.994736,0.003215,0.0000,0.0000,5951.2,0.1914,3,0
31.9002,0.203391,59.994734,0.003211,0.0000,0.0000,5944.7,0.1916,3,0
31.8877,0.203391,59.994732,0.003208,0.0000,0.0000,5937.7,0.1917,3,0
31.8745,0.203391,59.994730,0.003204,0.0000,0.0000,5933.3,0.1918,3,0
31.8614,0.203391,59.994728,0.003200,0.0000,0.0000,5928.3,0.1919,3,0
31.8478,0.203391,59.994726,0.003196,0.0000,0.0000,5925.2,0.1921,3,0
31.8344,0.204337,59.994725,0.003193,0.0000,0.0000,5923.6,0.1922,3,0
31.8219,0.204337,59.994723,0.003189,0.0000,0.0000,5918.7,0.1923,3,0
31.8095,0.204337,59.994721,0.003185,0.0000,0.0000,5913.3,0.1921,3,0
31.7965,0.204337,59.994719,0.003181,0.0000,0.0000,5908.9,0.1918,3,0
31.7851,0.204337,59.994717,0.003178,0.0000,0.0000,5898.9,0.1915,3,0
31.7734,0.204337,59.994715,0.003174,0.0000,0.0000,5891.6,0.1913,3,0
31.7610,0.204337,59.994712,0.003170,0.0000,0.0000,5890.2,0.1912,3,0
31.7482,0.204337,59.994710,0.003166,0.0000,0.0000,5888.7,0.1912,3,0
31.7357,0.204337,59.994708,0.003162,0.0000,0.0000,5885.7,0.1912,3,0
31.7240,0.204337,59.994706,0.003158,0.0000,0.0000,5880.8,0.1912,3,0
31.7119,0.205112,59.994703,0.003154,0.0000,0.0000,5875.4,0.1913,3,0
31.7009,0.205112,59.994701,0.003150,0.0000,0.0000,5865.6,0.1915,3,0
31.6889,0.205112,59.994699,0.003146,0.0000,0.0000,5860.1,0.1919,3,0
31.6761,0.205112,59.994696,0.003142,0.0000,0.0000,5859.2,0.1922,3,0
31.6644,0.205112,59.994694,0.003139,0.0000,0.0000,5854.8,0.1923,3,0
31.6532,0.205112,59.994692,0.003134,0.0000,0.0000,5849.9,0.1923,3,0
31.6403,0.205112,59.994690,0.003130,0.0000,0.0000,5847.4,0.1922,3,0
31.6266,0.205112,59.994688,0.003126,0.0000,0.0066,5850.9,0.1921,3,0
31.6156,0.205112,59.994686,0.003122,0.0000,0.0132,5847.2,0.1921,3,0
31.6058,0.205112,59.994685,0.003118,0.0000,0.0250,5845.6,0.1921,3,0
31.5945,0.206011,59.994683,0.003114,0.0000,0.0368,5859.0,0.1919,3,0
31.5856,0.206011,59.994681,0.003110,0.0000,0.0565,5866.7,0.1916,3,0
31.5801,0.206011,59.994679,0.003106,0.0000,0.0762,5873.7,0.1909,3,0
31.5758,0.206011,59.994677,0.003102,0.0000,0.0918,5883.0,0.1902,3,0
31.5724,0.206011,59.994675,0.003098,0.0000,0.1074,5894.9,0.1897,3,0
31.5714,0.206011,59.994673,0.003093,0.0000,0.1278,5903.6,0.1891,3,0
31.5729,0.206011,59.994671,0.003089,0.0000,0.1483,5911.3,0.1885,3,0
31.5753,0.206011,59.994669,0.003085,0.0000,0.1673,5920.0,0.1877,3,0
31.5783,0.206011,59.994667,0.003081,0.0000,0.1864,5930.7,0.1869,3,0
31.5818,0.206011,59.994665,0.003076,0.0000,0.2013,5943.5,0.1861,3,0
31.5877,0.206812,59.994664,0.003072,0.0000,0.2162,5950.4,0.1857,3,0
31.5946,0.206812,59.994662,0.003068,0.0000,0.2245,5956.6,0.1855,3,0
31.6028,0.206812,59.994660,0.003064,0.0000,0.2327,5962.2,0.1855,3,0
31.6106,0.206812,59.994658,0.003059,0.0000,0.2354,5970.5,0.1856,3,0
31.6190,0.206812,59.994656,0.003055,0.0000,0.2380,5975.6,0.1858,3,0
31.6277,0.206812,59.994654,0.003051,0.0000,0.2407,5978.4,0.1860,3,0
31.6360,0.206812,59.994653,0.003046,0.0000,0.2435,5981.8,0.1865,3,0
31.6455,0.206812,59.994651,0.003042,0.0000,0.2487,5984.7,0.1872,3,0
31.6556,0.206812,59.994650,0.003037,0.0000,0.2539,5988.9,0.1880,3,0
31.6657,0.206812,59.994648,0.003033,0.0000,0.2675,5994.9,0.1889,3,0
31.6771,0.207554,59.994646,0.003029,0.0000,0.2811,6001.8,0.1898,3,0
31.6891,0.207554,59.994645,0.003024,0.0000,0.3010,6009.7,0.1907,3,0
31.7018,0.207554,59.994643,0.003020,0.0000,0.3209,6018.9,0.1915,3,0
31.7172,0.207554,59.994642,0.003015,0.0000,0.3431,6024.3,0.1923,3,0
31.7333,0.207554,59.994640,0.003011,0.0000,0.3652,6030.9,0.1933,3,0
31.7497,0.207554,59.994638,0.003006,0.0000,0.3856,6040.5,0.1941,3,0
31.7671,0.207554,59.994636,0.003002,0.0000,0.4060,6052.0,0.1945,3,0
31.7842,0.207554,59.994634,0.002997,0.0000,0.4242,6070.6,0.1946,3,0
31.8014,0.207554,59.994632,0.002993,0.0000,0.4425,6091.0,0.1943,3,0
31.8195,0.207554,59.994630,0.002988,0.0000,0.4593,6114.1,0.1935,3,0
31.8398,0.208301,59.994628,0.002983,0.0000,0.4761,6131.2,0.1924,3,0
31.8615,0.208301,59.994626,0.002979,0.0000,0.4881,6145.7,0.1908,3,0
31.8856,0.208301,59.994624,0.002974,0.0000,0.5001,6152.5,0.1887,3,0
31.9091,0.208301,59.994622,0.002970,0.0000,0.5142,6164.8,0.1861,3,0
31.9330,0.208301,59.994620,0.002965,0.0000,0.5283,6179.0,0.1830,3,0
31.9588,0.208301,59.994619,0.002960,0.0000,0.5389,6187.4,0.1795,3,0
31.9852,0.208301,59.994617,0.002956,0.0000,0.5495,6195.8,0.1758,3,0
32.0121,0.208301,59.994616,0.002951,0.0000,0.5570,6206.5,0.1722,3,0
32.0390,0.208301,59.994614,0.002946,0.0000,0.5645,6217.9,0.1683,3,0
32.0670,0.208301,59.994613,0.002941,0.0000,0.5720,6225.9,0.1643,3,0
32.0929,0.209052,59.994612,0.002937,0.0000,0.5796,6243.3,0.1603,3,0
32.1196,0.209052,59.994610,0.002932,0.0000,0.5859,6257.5,0.1559,3,0
32.1487,0.209052,59.994609,0.002927,0.0000,0.5921,6264.1,0.1516,3,0
32.1767,0.209052,59.994607,0.002922,0.0000,0.5974,6276.8,0.1474,3,0
32.2059,0.209052,59.994606,0.002918,0.0000,0.6026,6287.5,0.1432,3,0
32.2359,0.209052,59.994604,0.002913,0.0000,0.6061,6296.0,0.1391,3,0
32.2649,0.209052,59.994603,0.002908,0.0000,0.6096,6306.7,0.1351,3,0
32.2954,0.209052,59.994601,0.002903,0.0000,0.6122,6314.3,0.1311,3,0
32.3252,0.209052,59.994600,0.002898,0.0000,0.6149,6321.1,0.1273,3,0
32.3551,0.209052,59.994598,0.002893,0.0000,0.6190,6329.7,0.1240,3,0
32.3857,0.209820,59.994596,0.002888,0.0000,0.6231,6338.7,0.1210,3,0
32.4165,0.209820,59.994595,0.002883,0.0000,0.6288,6346.8,0.1188,3,0
32.4475,0.209820,59.994593,0.002879,0.0000,0.6346,6354.7,0.1157,3,0
32.4772,0.209820,59.994592,0.002874,0.0000,0.6394,6369.3,0.1135,3,0
32.5059,0.209820,59.994590,0.002869,0.0000,0.6443,6345.9,0.1116,3,0
32.5328,0.209820,59.994589,0.002864,0.0000,0.6474,6361.8,0.1102,3,0
32.5617,0.209820,59.994587,0.002859,0.0000,0.6505,6381.6,0.1092,3,0
32.5918,0.209820,59.994586,0.002854,0.0000,0.6518,6371.0,0.1086,3,0
32.6179,0.209820,59.994584,0.002849,0.0000,0.6530,6375.8,0.1081,3,0
32.6438,0.209820,59.994583,0.002843,0.0000,0.6544,6409.2,0.1079,3,0
32.6705,0.210597,59.994582,0.002838,0.0000,0.6558,6383.1,0.1078,3,0
32.6965,0.210597,59.994580,0.002833,0.0000,0.6566,6415.9,0.1078,3,0
32.7235,0.210597,59.994579,0.002828,0.0000,0.6575,6390.3,0.1080,3,0
32.7494,0.210597,59.994577,0.002823,0.0000,0.6601,6424.5,0.1083,3,0
32.7765,0.210597,59.994576,0.002818,0.0000,0.6628,6411.6,0.1087,3,0
32.8011,0.210597,59.994574,0.002813,0.0000,0.6655,6439.7,0.1089,3,0
32.8261,0.210597,59.994573,0.002808,0.0000,0.6682,6423.6,0.1089,3,0
32.8514,0.210597,59.994571,0.002803,0.0000,0.6700,6433.5,0.1088,3,0
32.8754,0.210597,59.994570,0.002797,0.0000,0.6717,6448.5,0.1084,3,0
32.9016,0.210597,59.994568,0.002792,0.0000,0.6731,6443.6,0.1077,3,0
32.9274,0.211386,59.994566,0.002787,0.0000,0.6745,6452.2,0.1062,3,0
32.9513,0.211386,59.994565,0.002782,0.0000,0.6767,6459.1,0.1040,3,0
32.9754,0.211386,59.994563,0.002777,0.0000,0.6790,6457.5,0.1007,3,0
32.9993,0.211386,59.994562,0.002771,0.0000,0.6819,6462.3,0.0966,3,0
33.0222,0.211386,59.994560,0.002766,0.0000,0.6849,6482.4,0.0917,3,0
33.0473,0.211386,59.994559,0.002761,0.0000,0.6881,6468.9,0.0861,3,0
33.0716,0.211386,59.994558,0.002755,0.0000,0.6912,6473.9,0.0797,3,0
33.0970,0.211386,59.994557,0.002750,0.0000,0.6964,6489.6,0.0726,3,0
33.1209,0.211386,59.994556,0.002745,0.0000,0.7017,6502.0,0.0651,3,0
33.1468,0.211386,59.994555,0.002739,0.0000,0.7080,6490.5,0.0568,3,0
33.1714,0.212189,59.994554,0.002734,0.0000,0.7144,6497.3,0.0484,3,0
33.1973,0.212189,59.994553,0.002729,0.0000,0.7205,6507.7,0.0401,3,0
33.2230,0.212189,59.994552,0.002723,0.0000,0.7266,6513.4,0.0314,3,0
33.2495,0.212189,59.994551,0.002718,0.0000,0.7329,6526.4,0.0227,3,0
33.2759,0.212189,59.994550,0.002713,0.0000,0.7393,6519.9,0.0139,3,0
33.3026,0.212189,59.994549,0.002707,0.0000,0.7437,6533.0,0.0050,3,0
33.3300,0.212189,59.994547,0.002702,0.0000,0.7480,6525.3,-0.0036,3,0
33.3569,0.212189,59.994546,0.002696,0.0000,0.7504,6538.0,-0.0120,3,0
33.3856,0.212189,59.994545,0.002691,0.0000,0.7528,6554.0,-0.0201,3,0
33.4147,0.212189,59.994543,0.002685,0.0000,0.7528,6540.3,-0.0280,3,0
33.4423,0.213004,59.994542,0.002680,0.0000,0.7528,6551.8,-0.0359,3,0
33.4702,0.213004,59.994541,0.002674,0.0000,0.7528,6562.8,-0.0437,3,0
33.4986,0.213004,59.994540,0.002669,0.0000,0.7528,6553.2,-0.0510,3,0
33.5288,0.213004,59.994538,0.002663,0.0000,0.7528,6570.4,-0.0577,3,0
33.5587,0.213004,59.994537,0.002658,0.0000,0.7528,6570.7,-0.0635,3,0
33.5890,0.213004,59.994536,0.002652,0.0000,0.7532,6578.3,-0.0685,3,0
33.6202,0.213004,59.994535,0.002647,0.0000,0.7536,6587.2,-0.0725,3,0
33.6508,0.213004,59.994534,0.002641,0.0000,0.7544,6600.6,-0.0754,3,0
33.6821,0.213004,59.994533,0.002635,0.0000,0.7553,6579.6,-0.0771,3,0
33.7151,0.213004,59.994532,0.002630,0.0000,0.7575,6617.0,-0.0775,3,0
33.7487,0.213839,59.994530,0.002624,0.0000,0.7598,6587.6,-0.0769,3,0
33.7833,0.213839,59.994529,0.002619,0.0000,0.7633,6619.5,-0.0755,3,0
33.8211,0.213839,59.994528,0.002613,0.0000,0.7668,6606.8,-0.0735,3,0
33.8547,0.213839,59.994527,0.002607,0.0000,0.7713,6610.7,-0.0713,3,0
33.8901,0.213839,59.994526,0.002602,0.0000,0.7757,6639.0,-0.0690,3,0
33.9315,0.213839,59.994525,0.002596,0.0000,0.7821,6645.6,-0.0667,3,0
33.9734,0.213839,59.994524,0.002590,0.0000,0.7885,6652.3,-0.0648,3,0
34.0171,0.213839,59.994522,0.002585,0.0000,0.7952,6654.5,-0.0636,3,0
34.0605,0.213839,59.994521,0.002579,0.0000,0.8019,6659.3,-0.0633,3,0
34.1045,0.213839,59.994520,0.002573,0.0000,0.8087,6662.1,-0.0639,3,0
34.1517,0.214673,59.994519,0.002567,0.0000,0.8154,6655.7,-0.0655,3,0
34.2007,0.214673,59.994518,0.002562,0.0000,0.8239,6643.5,-0.0680,3,0
34.2487,0.214673,59.994516,0.002556,0.0000,0.8323,6638.8,-0.0710,3,0
34.2965,0.214673,59.994515,0.002550,0.0000,0.8413,6639.7,-0.0746,3,0
34.3458,0.214673,59.994514,0.002544,0.0000,0.8503,6635.9,-0.0789,3,0
34.3940,0.214673,59.994513,0.002539,0.0000,0.8575,6638.7,-0.0834,3,0
34.4466,0.214673,59.994512,0.002533,0.0000,0.8648,6624.3,-0.0881,3,0
34.5002,0.214673,59.994511,0.002527,0.0000,0.8734,6609.5,-0.0926,3,0
34.5530,0.214673,59.994510,0.002521,0.0000,0.8820,6600.8,-0.0968,3,0
34.6047,0.214673,59.994509,0.002515,0.0000,0.8896,6593.7,-0.1008,3,0
34.6587,0.215536,59.994507,0.002509,0.0000,0.8972,6584.1,-0.1046,3,0
34.7115,0.215536,59.994506,0.002503,0.0000,0.9049,6578.4,-0.1076,3,0
34.7636,0.215536,59.994505,0.002498,0.0000,0.9126,6577.4,-0.1095,3,0
34.8146,0.215536,59.994504,0.002492,0.0000,0.9204,6580.9,-0.1103,3,0
34.8652,0.215536,59.994503,0.002486,0.0000,0.9281,6589.3,-0.1101,3,0
34.9155,0.215536,59.994502,0.002480,0.0000,0.9349,6598.7,-0.1089,3,0
34.9664,0.215536,59.994501,0.002474,0.0000,0.9416,6605.8,-0.1073,3,0
35.0181,0.215536,59.994501,0.002468,0.0000,0.9470,6610.8,-0.1051,3,0
35.0672,0.215536,59.994500,0.002462,0.0000,0.9523,6626.3,-0.1029,3,0
35.1140,0.215536,59.994499,0.002456,0.0000,0.9551,6653.8,-0.1005,3,0
35.1593,0.216416,59.994498,0.002450,0.0000,0.9578,6684.1,-0.0985,3,0
35.1987,0.216416,59.994497,0.002444,0.0000,0.9601,6738.5,-0.0966,3,0
35.2422,0.216416,59.994497,0.002438,0.0000,0.9623,6778.2,-0.0950,3,0
35.2881,0.216416,59.994496,0.002432,0.0000,0.9632,6804.0,-0.0940,3,0
35.3366,0.216416,59.994495,0.002426,0.0000,0.9641,6815.1,-0.0934,3,0
35.3866,0.216416,59.994494,0.002420,0.0000,0.9649,6822.2,-0.0932,3,0
35.4353,0.216416,59.994493,0.002414,0.0000,0.9658,6830.1,-0.0937,3,0
35.4842,0.216416,59.994492,0.002408,0.0000,0.9658,6838.2,-0.0950,3,0
35.5330,0.216416,59.994491,0.002403,0.0000,0.9658,6847.3,-0.0967,3,0
35.5819,0.216416,59.994490,0.002397,0.0000,0.9673,6854.6,-0.0991,3,0
35.6308,0.217286,59.994488,0.002391,0.0000,0.9688,6859.8,-0.1017,3,0
35.6790,0.217286,59.994487,0.002385,0.0000,0.9709,6866.9,-0.1044,3,0
35.7272,0.217286,59.994486,0.002379,0.0000,0.9730,6876.1,-0.1070,3,0
35.7753,0.217286,59.994485,0.002373,0.0000,0.9763,6884.8,-0.1097,3,0
35.8237,0.217286,59.994484,0.002367,0.0000,0.9795,6891.9,-0.1121,3,0
35.8712,0.217286,59.994483,0.002361,0.0000,0.9826,6906.2,-0.1141,3,0
35.9189,0.217286,59.994481,0.002355,0.0000,0.9858,6913.7,-0.1153,3,0
35.9678,0.217286,59.994480,0.002349,0.0000,0.9893,6920.4,-0.1158,3,0
36.0145,0.217286,59.994478,0.002343,0.0000,0.9927,6933.6,-0.1154,3,0
36.0611,0.217286,59.994477,0.002337,0.0000,0.9942,6943.7,-0.1140,3,0
36.1094,0.218195,59.994476,0.002331,0.0000,0.9957,6951.1,-0.1118,3,0
36.1558,0.218195,59.994474,0.002325,0.0000,0.9957,6966.3,-0.1086,3,0
36.2020,0.218195,59.994473,0.002319,0.0000,0.9957,6979.4,-0.1046,3,0
36.2502,0.218195,59.994471,0.002313,0.0000,0.9957,6988.5,-0.0996,3,0
36.2982,0.218195,59.994470,0.002307,0.0000,0.9957,6998.7,-0.0940,3,0
36.3461,0.218195,59.994469,0.002301,0.0000,0.9957,7007.7,-0.0875,3,0
36.3947,0.218195,59.994467,0.002295,0.0000,0.9957,7016.0,-0.0808,3,0
36.4430,0.218195,59.994466,0.002289,0.0000,0.9957,7024.6,-0.0740,3,0
36.4910,0.218195,59.994465,0.002283,0.0000,0.9957,7032.1,-0.0674,3,0
36.5394,0.218195,59.994463,0.002277,0.0000,0.9957,7040.0,-0.0615,3,0
36.5854,0.219126,59.994462,0.002271,0.0000,0.9957,7053.6,-0.0569,3,0
36.6350,0.219126,59.994461,0.002265,0.0000,0.9952,7056.0,-0.0539,3,0
36.6832,0.219126,59.994460,0.002259,0.0000,0.9947,7065.3,-0.0526,3,0
36.7313,0.219126,59.994458,0.002253,0.0000,0.9929,7073.6,-0.0530,3,0
36.7808,0.219126,59.994457,0.002247,0.0000,0.9910,7074.9,-0.0549,3,0
36.8284,0.219126,59.994456,0.002241,0.0000,0.9893,7080.8,-0.0580,3,0
36.8756,0.219126,59.994454,0.002235,0.0000,0.9875,7088.9,-0.0621,3,0
36.9243,0.219126,59.994453,0.002229,0.0000,0.9870,7095.5,-0.0669,3,0
36.9721,0.219126,59.994451,0.002223,0.0000,0.9865,7104.0,-0.0723,3,0
37.0197,0.219126,59.994450,0.002217,0.0000,0.9865,7111.3,-0.0777,3,0
37.0672,0.220077,59.994448,0.002211,0.0000,0.9865,7117.7,-0.0830,3,0
37.1148,0.220077,59.994446,0.002205,0.0000,0.9861,7123.7,-0.0881,3,0
37.1608,0.220077,59.994445,0.002199,0.0000,0.9858,7131.3,-0.0929,3,0
37.2082,0.220077,59.994444,0.002193,0.0000,0.9835,7140.0,-0.0976,3,0
37.2545,0.220077,59.994442,0.002187,0.0000,0.9813,7153.1,-0.1020,3,0
37.3012,0.220077,59.994440,0.002181,0.0000,0.9780,7158.5,-0.1060,3,0
37.3499,0.220077,59.994439,0.002175,0.0000,0.9748,7161.9,-0.1097,3,0
37.3962,0.220077,59.994438,0.002169,0.0000,0.9686,7168.8,-0.1132,3,0
37.4414,0.220077,59.994436,0.002163,0.0000,0.9623,7181.1,-0.1160,3,0
37.4873,0.220077,59.994434,0.002157,0.0000,0.9552,7193.5,-0.1194,3,0
37.5331,0.220993,59.994433,0.002151,0.0000,0.9481,7203.5,-0.1220,3,0
37.5823,0.220993,59.994432,0.002145,0.0000,0.9394,7205.5,-0.1240,3,0
37.6306,0.220993,59.994430,0.002139,0.0000,0.9307,7206.0,-0.1256,3,0
37.6760,0.220993,59.994429,0.002133,0.0000,0.9190,7213.5,-0.1268,3,0
37.7212,0.220993,59.994427,0.002127,0.0000,0.9073,7220.2,-0.1276,3,0
37.7656,0.220993,59.994425,0.002121,0.0000,0.8905,7228.5,-0.1279,3,0
37.8094,0.220993,59.994424,0.002115,0.0000,0.8738,7232.6,-0.1280,3,0
37.8559,0.220993,59.994422,0.002109,0.0000,0.8564,7223.6,-0.1279,3,0
37.8987,0.220993,59.994420,0.002103,0.0000,0.8390,7220.8,-0.1278,3,0
37.9387,0.220993,59.994419,0.002097,0.0000,0.8235,7227.2,-0.1277,3,0
37.9774,0.221971,59.994417,0.002091,0.0000,0.8080,7236.4,-0.1280,3,0
38.0155,0.221971,59.994415,0.002085,0.0000,0.7973,7242.9,-0.1284,3,0
38.0561,0.221971,59.994413,0.002079,0.0000,0.7867,7235.8,-0.1289,3,0
38.0952,0.221971,59.994412,0.002073,0.0000,0.7741,7229.6,-0.1296,3,0
38.1344,0.221971,59.994410,0.002067,0.0000,0.7615,7216.6,-0.1306,3,0
38.1711,0.221971,59.994408,0.002061,0.0000,0.7508,7214.4,-0.1317,3,0
38.2066,0.221971,59.994406,0.002055,0.0000,0.7401,7212.2,-0.1330,3,0
38.2436,0.221971,59.994405,0.002049,0.0000,0.7338,7202.1,-0.1344,3,0
38.2752,0.221971,59.994403,0.002043,0.0000,0.7276,7214.1,-0.1357,3,0
38.3065,0.221971,59.994401,0.002038,0.0000,0.7259,7225.2,-0.1371,3,0
38.3383,0.222963,59.994399,0.002032,0.0000,0.7241,7231.5,-0.1387,3,0
38.3669,0.222963,59.994397,0.002026,0.0000,0.7245,7252.2,-0.1404,3,0
38.3980,0.222963,59.994396,0.002020,0.0000,0.7249,7261.4,-0.1421,3,0
38.4295,0.222963,59.994394,0.002014,0.0000,0.7266,7269.2,-0.1438,3,0
38.4598,0.222963,59.994392,0.002008,0.0000,0.7283,7281.0,-0.1456,3,0
38.4886,0.222963,59.994390,0.002002,0.0000,0.7298,7301.9,-0.1473,3,0
38.5164,0.222963,59.994389,0.001996,0.0000,0.7313,7327.2,-0.1496,3,0
38.5460,0.222963,59.994388,0.001990,0.0000,0.7322,7342.1,-0.1516,3,0
38.5773,0.222963,59.994386,0.001984,0.0000,0.7331,7349.7,-0.1536,3,0
38.6086,0.222963,59.994384,0.001978,0.0000,0.7340,7354.8,-0.1551,3,0
38.6385,0.223971,59.994383,0.001972,0.0000,0.7348,7363.1,-0.1572,3,0
38.6670,0.223971,59.994382,0.001966,0.0000,0.7357,7379.7,-0.1589,3,0
38.6970,0.223971,59.994380,0.001961,0.0000,0.7366,7389.5,-0.1604,3,0
38.7272,0.223971,59.994379,0.001955,0.0000,0.7366,7398.2,-0.1616,3,0
38.7579,0.223971,59.994377,0.001949,0.0000,0.7366,7404.8,-0.1622,3,0
38.7885,0.223971,59.994375,0.001943,0.0000,0.7370,7409.2,-0.1625,3,0
38.8183,0.223971,59.994373,0.001937,0.0000,0.7373,7417.6,-0.1627,3,0
38.8493,0.223971,59.994371,0.001931,0.0000,0.7373,7422.8,-0.1629,3,0
38.8818,0.223971,59.994369,0.001925,0.0000,0.7373,7423.9,-0.1629,3,0
38.9132,0.223971,59.994368,0.001920,0.0000,0.7373,7426.7,-0.1629,3,0
38.9430,0.224992,59.994366,0.001914,0.0000,0.7373,7433.9,-0.1628,3,0
38.9724,0.224992,59.994364,0.001908,0.0000,0.7373,7442.6,-0.1631,3,0
39.0019,0.224992,59.994362,0.001902,0.0000,0.7373,7449.8,-0.1637,3,0
39.0319,0.224992,59.994360,0.001896,0.0000,0.7373,7452.1,-0.1642,3,0
39.0612,0.224992,59.994358,0.001891,0.0000,0.7373,7457.5,-0.1648,3,0
39.0894,0.224992,59.994356,0.001885,0.0000,0.7373,7465.3,-0.1652,3,0
39.1178,0.224992,59.994353,0.001879,0.0000,0.7373,7469.7,-0.1656,3,0
39.1461,0.224992,59.994351,0.001873,0.0000,0.7373,7478.5,-0.1660,3,0
39.1757,0.224992,59.994349,0.001868,0.0000,0.7373,7481.4,-0.1663,3,0
39.2059,0.224992,59.994346,0.001862,0.0000,0.7373,7482.2,-0.1663,3,0
39.2360,0.225951,59.994344,0.001856,0.0000,0.7373,7483.8,-0.1658,3,0
39.2642,0.225951,59.994342,0.001850,0.0000,0.7373,7488.3,-0.1652,3,0
39.2930,0.225951,59.994340,0.001845,0.0000,0.7373,7496.0,-0.1647,3,0
39.3217,0.225951,59.994337,0.001839,0.0000,0.7370,7503.1,-0.1639,3,0
39.3510,0.225951,59.994335,0.001833,0.0000,0.7366,7509.0,-0.1628,3,0
39.3799,0.225951,59.994333,0.001827,0.0000,0.7357,7516.2,-0.1617,3,0
39.4084,0.225951,59.994331,0.001822,0.0000,0.7348,7522.1,-0.1602,3,0
39.4371,0.225951,59.994329,0.001816,0.0000,0.7321,7529.2,-0.1591,3,0
39.4666,0.225951,59.994327,0.001810,0.0000,0.7293,7533.4,-0.1582,3,0
39.4959,0.225951,59.994325,0.001805,0.0000,0.7254,7538.6,-0.1576,3,0
39.5251,0.226987,59.994324,0.001799,0.0000,0.7214,7544.4,-0.1572,3,0
39.5540,0.226987,59.994322,0.001794,0.0000,0.7156,7547.1,-0.1570,3,0
39.5822,0.226987,59.994320,0.001788,0.0000,0.7099,7551.2,-0.1574,3,0
39.6111,0.226987,59.994318,0.001782,0.0000,0.7054,7553.5,-0.1583,3,0
39.6398,0.226987,59.994316,0.001777,0.0000,0.7009,7557.0,-0.1595,3,0
39.6685,0.226987,59.994314,0.001771,0.0000,0.6978,7559.9,-0.1610,3,0
39.6962,0.226987,59.994311,0.001765,0.0000,0.6947,7563.0,-0.1627,3,0
39.7237,0.226987,59.994309,0.001760,0.0000,0.6933,7564.9,-0.1647,3,0
39.7508,0.226987,59.994307,0.001754,0.0000,0.6919,7570.1,-0.1671,3,0
39.7779,0.226987,59.994304,0.001749,0.0000,0.6919,7575.7,-0.1696,3,0
39.8059,0.228028,59.994302,0.001743,0.0000,0.6919,7575.9,-0.1720,3,0
39.8332,0.228028,59.994300,0.001738,0.0000,0.6919,7577.7,-0.1741,3,0
39.8604,0.228028,59.994298,0.001732,0.0000,0.6919,7578.8,-0.1762,3,0
39.8875,0.228028,59.994295,0.001727,0.0000,0.6929,7582.5,-0.1781,3,0
39.9143,0.228028,59.994293,0.001721,0.0000,0.6939,7586.4,-0.1799,3,0
39.9411,0.228028,59.994291,0.001716,0.0000,0.6952,7590.9,-0.1811,3,0
39.9689,0.228028,59.994288,0.001710,0.0000,0.6964,7592.6,-0.1820,3,0
39.9961,0.228028,59.994286,0.001705,0.0000,0.6990,7595.1,-0.1825,3,0
40.0234,0.228028,59.994284,0.001699,0.0000,0.7017,7596.7,-0.1830,3,0
40.0499,0.228028,59.994281,0.001694,0.0000,0.7040,7603.6,-0.1833,3,0
40.0765,0.229072,59.994279,0.001688,0.0000,0.7064,7609.6,-0.1834,3,0
40.1040,0.229072,59.994277,0.001683,0.0000,0.7073,7612.0,-0.1834,3,0
40.1309,0.229072,59.994275,0.001677,0.0000,0.7082,7614.4,-0.1832,3,0
40.1588,0.229072,59.994272,0.001672,0.0000,0.7086,7612.2,-0.1831,3,0
40.1856,0.229072,59.994270,0.001666,0.0000,0.7091,7615.0,-0.1829,3,0
40.2112,0.229072,59.994267,0.001661,0.0000,0.7095,7625.5,-0.1826,3,0
40.2375,0.229072,59.994265,0.001656,0.0000,0.7099,7632.2,-0.1822,3,0
40.2637,0.229072,59.994262,0.001650,0.0000,0.7108,7636.2,-0.1816,3,0
40.2909,0.229072,59.994260,0.001645,0.0000,0.7116,7636.3,-0.1810,3,0
40.3170,0.229072,59.994257,0.001640,0.0000,0.7125,7640.1,-0.1805,3,0
40.3424,0.230120,59.994254,0.001634,0.0000,0.7134,7648.8,-0.1798,3,0
40.3682,0.230120,59.994252,0.001629,0.0000,0.7143,7656.6,-0.1788,3,0
40.3945,0.230120,59.994249,0.001624,0.0000,0.7151,7659.6,-0.1776,3,0
40.4209,0.230120,59.994247,0.001618,0.0000,0.7165,7664.1,-0.1763,3,0
40.4467,0.230120,59.994244,0.001613,0.0000,0.7179,7672.2,-0.1749,3,0
40.4718,0.230120,59.994242,0.001608,0.0000,0.7200,7684.4,-0.1735,3,0
40.4966,0.230120,59.994239,0.001602,0.0000,0.7221,7699.4,-0.1720,3,0
40.5220,0.230120,59.994237,0.001597,0.0000,0.7240,7709.2,-0.1704,3,0
40.5477,0.230120,59.994234,0.001592,0.0000,0.7259,7718.1,-0.1689,3,0
40.5738,0.230120,59.994232,0.001587,0.0000,0.7271,7726.3,-0.1677,3,0
40.6003,0.231169,59.994230,0.001582,0.0000,0.7283,7734.2,-0.1664,3,0
40.6271,0.231169,59.994227,0.001576,0.0000,0.7302,7743.7,-0.1653,3,0
40.6541,0.231169,59.994225,0.001571,0.0000,0.7321,7750.8,-0.1643,3,0
40.6814,0.231169,59.994222,0.001566,0.0000,0.7343,7758.9,-0.1638,3,0
40.7086,0.231169,59.994220,0.001561,0.0000,0.7366,7766.2,-0.1636,3,0
40.7364,0.231169,59.994217,0.001556,0.0000,0.7388,7773.8,-0.1637,3,0
40.7642,0.231169,59.994215,0.001550,0.0000,0.7411,7781.4,-0.1641,3,0
40.7917,0.231169,59.994212,0.001545,0.0000,0.7441,7789.7,-0.1648,3,0
40.8192,0.231169,59.994210,0.001540,0.0000,0.7470,7797.2,-0.1658,3,0
40.8466,0.231169,59.994207,0.001535,0.0000,0.7508,7805.2,-0.1672,3,0
40.8742,0.232170,59.994204,0.001530,0.0000,0.7545,7815.4,-0.1686,3,0
40.9008,0.232170,59.994202,0.001525,0.0000,0.7601,7829.0,-0.1701,3,0
40.9288,0.232170,59.994199,0.001520,0.0000,0.7658,7838.0,-0.1715,3,0
40.9566,0.232170,59.994197,0.001515,0.0000,0.7721,7847.7,-0.1729,3,0
40.9845,0.232170,59.994194,0.001510,0.0000,0.7785,7858.8,-0.1742,3,0
41.0135,0.232170,59.994191,0.001505,0.0000,0.7830,7866.1,-0.1752,3,0
41.0425,0.232170,59.994189,0.001500,0.0000,0.7875,7875.1,-0.1756,3,0
41.0718,0.232170,59.994186,0.001495,0.0000,0.7937,7882.9,-0.1756,3,0
41.1015,0.232170,59.994183,0.001490,0.0000,0.7999,7889.8,-0.1749,3,0
41.1312,0.232170,59.994180,0.001485,0.0000,0.8067,7898.1,-0.1737,3,0
41.1618,0.233230,59.994178,0.001480,0.0000,0.8134,7903.7,-0.1717,3,0
41.1926,0.233230,59.994175,0.001475,0.0000,0.8202,7911.3,-0.1690,3,0
41.2230,0.233230,59.994172,0.001470,0.0000,0.8271,7917.8,-0.1657,3,0
41.2542,0.233230,59.994170,0.001465,0.0000,0.8319,7924.3,-0.1618,3,0
41.2849,0.233230,59.994167,0.001460,0.0000,0.8366,7934.0,-0.1577,3,0
41.3163,0.233230,59.994164,0.001455,0.0000,0.8403,7942.1,-0.1533,3,0
41.3478,0.233230,59.994161,0.001450,0.0000,0.8441,7951.2,-0.1489,3,0
41.3798,0.233230,59.994158,0.001446,0.0000,0.8468,7958.1,-0.1445,3,0
41.4121,0.233230,59.994155,0.001441,0.0000,0.8496,7965.8,-0.1403,3,0
41.4443,0.233230,59.994152,0.001436,0.0000,0.8517,7973.3,-0.1368,3,0
41.4774,0.234298,59.994149,0.001431,0.0000,0.8538,7978.9,-0.1333,3,0
41.5100,0.234298,59.994146,0.001426,0.0000,0.8588,7988.5,-0.1304,3,0
41.5433,0.234298,59.994143,0.001421,0.0000,0.8638,7995.4,-0.1280,3,0
41.5769,0.234298,59.994140,0.001417,0.0000,0.8705,8002.2,-0.1257,3,0
41.6114,0.234298,59.994137,0.001412,0.0000,0.8773,8009.7,-0.1240,3,0
41.6459,0.234298,59.994134,0.001407,0.0000,0.8850,8017.0,-0.1226,3,0
41.6807,0.234298,59.994132,0.001402,0.0000,0.8927,8027.7,-0.1215,3,0
41.7154,0.234298,59.994129,0.001398,0.0000,0.9013,8036.3,-0.1204,3,0
41.7522,0.234298,59.994126,0.001393,0.0000,0.9099,8039.7,-0.1195,3,0
41.7886,0.234298,59.994124,0.001388,0.0000,0.9194,8048.7,-0.1188,3,0
41.8252,0.235375,59.994121,0.001384,0.0000,0.9289,8057.0,-0.1180,3,0
41.8623,0.235375,59.994118,0.001379,0.0000,0.9388,8068.1,-0.1172,3,0
41.9007,0.235375,59.994115,0.001374,0.0000,0.9488,8074.1,-0.1162,3,0
41.9396,0.235375,59.994113,0.001370,0.0000,0.9561,8080.6,-0.1152,3,0
41.9782,0.235375,59.994110,0.001365,0.0000,0.9633,8090.5,-0.1143,3,0
42.0184,0.235375,59.994107,0.001360,0.0000,0.9709,8097.6,-0.1134,3,0
42.0597,0.235375,59.994104,0.001356,0.0000,0.9785,8102.7,-0.1126,3,0
42.1000,0.235375,59.994101,0.001351,0.0000,0.9843,8110.0,-0.1120,3,0
42.1409,0.235375,59.994098,0.001347,0.0000,0.9900,8117.3,-0.1118,3,0
42.1827,0.235375,59.994095,0.001342,0.0000,0.9941,8122.0,-0.1118,3,0
42.2247,0.236458,59.994092,0.001338,0.0000,0.9982,8125.7,-0.1122,3,0
42.2659,0.236458,59.994089,0.001333,0.0000,0.9991,8131.2,-0.1126,3,0
42.3060,0.236458,59.994086,0.001328,0.0000,1.0000,8140.1,-0.1130,3,0
42.3482,0.236458,59.994083,0.001324,0.0000,1.0000,8142.0,-0.1136,3,0
42.3893,0.236458,59.994080,0.001319,0.0000,1.0000,8146.0,-0.1138,3,0
42.4309,0.236458,59.994076,0.001315,0.0000,1.0000,8148.9,-0.1139,3,0
42.4726,0.236458,59.994073,0.001311,0.0000,1.0000,8153.6,-0.1137,3,0
42.5145,0.236458,59.994069,0.001306,0.0000,1.0000,8156.9,-0.1132,3,0
42.5552,0.236458,59.994066,0.001302,0.0000,1.0000,8163.9,-0.1124,3,0
42.5964,0.236458,59.994062,0.001297,0.0000,1.0000,8170.0,-0.1114,3,0
42.6383,0.237550,59.994059,0.001293,0.0000,1.0000,8174.4,-0.1099,3,0
42.6805,0.237550,59.994056,0.001288,0.0000,1.0000,8179.7,-0.1082,3,0
42.7213,0.237550,59.994052,0.001284,0.0000,1.0000,8188.5,-0.1066,3,0
42.7638,0.237550,59.994048,0.001280,0.0000,1.0000,8195.6,-0.1048,3,0
42.8058,0.237550,59.994045,0.001275,0.0000,1.0000,8200.9,-0.1034,3,0
42.8482,0.237550,59.994042,0.001271,0.0000,1.0000,8205.9,-0.1023,3,0
42.8899,0.237550,59.994039,0.001267,0.0000,1.0000,8213.6,-0.1016,3,0
42.9309,0.237550,59.994036,0.001262,0.0000,1.0000,8224.2,-0.1014,3,0
42.9729,0.237550,59.994033,0.001258,0.0000,1.0000,8229.8,-0.1019,3,0
43.0138,0.237550,59.994030,0.001254,0.0000,1.0000,8237.2,-0.1029,3,0
43.0560,0.238651,59.994027,0.001250,0.0000,1.0000,8243.0,-0.1044,3,0
43.0977,0.238651,59.994024,0.001245,0.0000,1.0000,8248.6,-0.1063,3,0
43.1384,0.238651,59.994021,0.001241,0.0000,1.0000,8256.6,-0.1085,3,0
43.1791,0.238651,59.994018,0.001237,0.0000,1.0000,8263.0,-0.1110,3,0
43.2199,0.238651,59.994015,0.001233,0.0000,1.0000,8268.1,-0.1133,3,0
43.2604,0.238651,59.994011,0.001228,0.0000,1.0000,8276.1,-0.1154,3,0
43.3014,0.238651,59.994008,0.001224,0.0000,1.0000,8283.5,-0.1174,3,0
43.3403,0.238651,59.994004,0.001220,0.0000,1.0000,8293.1,-0.1191,3,0
43.3812,0.238651,59.994001,0.001216,0.0000,1.0000,8301.8,-0.1205,3,0
43.4209,0.238651,59.993997,0.001212,0.0000,1.0000,8307.8,-0.1213,3,0
43.4608,0.239755,59.993994,0.001208,0.0000,1.0000,8316.7,-0.1215,3,0
43.5009,0.239755,59.993991,0.001204,0.0000,1.0000,8326.7,-0.1216,3,0
43.5409,0.239755,59.993987,0.001199,0.0000,1.0000,8336.2,-0.1216,3,0
43.5807,0.239755,59.993983,0.001195,0.0000,1.0000,8345.0,-0.1213,3,0
43.6204,0.239755,59.993980,0.001191,0.0000,1.0000,8357.0,-0.1208,3,0
43.6608,0.239755,59.993977,0.001187,0.0000,1.0000,8363.3,-0.1204,3,0
43.6999,0.239755,59.993973,0.001183,0.0000,1.0000,8374.7,-0.1199,3,0
43.7389,0.239755,59.993970,0.001179,0.0000,1.0000,8386.6,-0.1197,3,0
43.7785,0.239755,59.993966,0.001175,0.0000,1.0000,8393.1,-0.1193,3,0
43.8174,0.239755,59.993963,0.001171,0.0000,1.0000,8401.6,-0.1189,3,0
43.8566,0.240863,59.993960,0.001167,0.0000,1.0000,8408.4,-0.1184,3,0
43.8952,0.240863,59.993956,0.001163,0.0000,1.0000,8421.3,-0.1178,3,0
43.9350,0.240863,59.993953,0.001159,0.0000,1.0000,8429.4,-0.1175,3,0
43.9734,0.240863,59.993949,0.001155,0.0000,1.0000,8442.1,-0.1169,3,0
44.0112,0.240863,59.993946,0.001151,0.0000,1.0000,8457.1,-0.1164,3,0
44.0506,0.240863,59.993942,0.001148,0.0000,1.0000,8465.7,-0.1161,3,0
44.0893,0.240863,59.993939,0.001144,0.0000,1.0000,8476.4,-0.1161,3,0
44.1284,0.240863,59.993935,0.001140,0.0000,1.0000,8486.8,-0.1163,3,0
44.1672,0.240863,59.993932,0.001136,0.0000,1.0000,8500.0,-0.1168,3,0
44.2063,0.240863,59.993928,0.001132,0.0000,1.0000,8509.9,-0.1175,3,0
44.2448,0.241942,59.993924,0.001129,0.0000,1.0000,8521.5,-0.1184,3,0
44.2843,0.241942,59.993921,0.001125,0.0000,1.0000,8528.2,-0.1198,3,0
44.3246,0.241942,59.993917,0.001121,0.0000,1.0000,8530.6,-0.1211,3,0
44.3639,0.241942,59.993914,0.001117,0.0000,1.0000,8536.7,-0.1223,3,0
44.4024,0.241942,59.993910,0.001113,0.0000,1.0000,8543.5,-0.1235,3,0
44.4408,0.241942,59.993907,0.001110,0.0000,1.0000,8548.8,-0.1245,3,0
44.4802,0.241942,59.993903,0.001106,0.0000,1.0000,8551.5,-0.1252,3,0
44.5184,0.241942,59.993900,0.001102,0.0000,1.0000,8558.6,-0.1253,3,0
44.5558,0.241942,59.993897,0.001099,0.0000,1.0000,8567.7,-0.1249,3,0
44.5932,0.241942,59.993893,0.001095,0.0000,1.0000,8573.5,-0.1238,3,0
44.6309,0.243061,59.993890,0.001091,0.0000,1.0000,8578.7,-0.1223,3,0
44.6689,0.243061,59.993887,0.001088,0.0000,1.0000,8582.9,-0.1202,3,0
44.7051,0.243061,59.993884,0.001084,0.0000,1.0000,8594.0,-0.1177,3,0
44.7418,0.243061,59.993880,0.001080,0.0000,1.0000,8600.9,-0.1147,3,0
44.7779,0.243061,59.993877,0.001076,0.0000,1.0000,8609.5,-0.1116,3,0
44.8147,0.243061,59.993874,0.001073,0.0000,1.0000,8617.2,-0.1089,3,0
44.8513,0.243061,59.993870,0.001069,0.0000,1.0000,8625.9,-0.1061,3,0
44.8873,0.243061,59.993867,0.001066,0.0000,1.0000,8636.2,-0.1037,3,0
44.9238,0.243061,59.993863,0.001062,0.0000,1.0000,8644.3,-0.1016,3,0
44.9601,0.243061,59.993860,0.001059,0.0000,1.0000,8651.8,-0.1003,3,0
44.9979,0.244178,59.993857,0.001055,0.0000,1.0000,8657.3,-0.0997,3,0
45.0344,0.244178,59.993853,0.001052,0.0000,1.0000,8664.7,-0.0995,3,0
45.0696,0.244178,59.993850,0.001048,0.0000,1.0000,8678.1,-0.0998,3,0
45.1056,0.244178,59.993846,0.001045,0.0000,1.0000,8684.8,-0.1006,3,0
45.1423,0.244178,59.993843,0.001041,0.0000,1.0000,8690.5,-0.1021,3,0
45.1791,0.244178,59.993839,0.001038,0.0000,1.0000,8695.4,-0.1038,3,0
45.2145,0.244178,59.993835,0.001035,0.0000,1.0000,8705.3,-0.1057,3,0
45.2499,0.244178,59.993832,0.001031,0.0000,1.0000,8714.2,-0.1075,3,0
45.2857,0.244178,59.993828,0.001028,0.0000,1.0000,8720.6,-0.1094,3,0
45.3223,0.244178,59.993824,0.001024,0.0000,1.0000,8724.4,-0.1113,3,0
45.3586,0.245296,59.993820,0.001021,0.0000,1.0000,8729.7,-0.1130,3,0
45.3934,0.245296,59.993816,0.001018,0.0000,1.0000,8738.1,-0.1144,3,0
45.4281,0.245296,59.993813,0.001014,0.0000,1.0000,8745.2,-0.1155,3,0
45.4634,0.245296,59.993809,0.001011,0.0000,1.0000,8751.3,-0.1166,3,0
45.4999,0.245296,59.993805,0.001008,0.0000,1.0000,8753.8,-0.1175,3,0
45.5351,0.245296,59.993801,0.001005,0.0000,1.0000,8760.0,-0.1180,3,0
45.5703,0.245296,59.993797,0.001001,0.0000,1.0000,8765.4,-0.1182,3,0
45.6049,0.245296,59.993794,0.000998,0.0000,1.0000,8773.1,-0.1184,3,0
45.6407,0.245296,59.993790,0.000995,0.0000,1.0000,8777.8,-0.1185,3,0
45.6774,0.245296,59.993786,0.000992,0.0000,1.0000,8779.2,-0.1185,3,0
45.7121,0.246418,59.993782,0.000989,0.0000,1.0000,8786.2,-0.1183,3,0
45.7463,0.246418,59.993778,0.000986,0.0000,1.0000,8793.6,-0.1179,3,0
45.7808,0.246418,59.993775,0.000982,0.0000,1.0000,8799.6,-0.1177,3,0
45.8163,0.246418,59.993771,0.000979,0.0000,1.0000,8802.6,-0.1177,3,0
45.8510,0.246418,59.993767,0.000976,0.0000,1.0000,8807.8,-0.1173,3,0
45.8843,0.246418,59.993763,0.000973,0.0000,1.0000,8816.7,-0.1168,3,0
45.9181,0.246418,59.993760,0.000970,0.0000,1.0000,8822.6,-0.1163,3,0
45.9529,0.246418,59.993756,0.000967,0.0000,1.0000,8827.5,-0.1159,3,0
45.9878,0.246418,59.993752,0.000964,0.0000,1.0000,8832.2,-0.1153,3,0
46.0216,0.246418,59.993748,0.000961,0.0000,1.0000,8840.3,-0.1147,3,0
46.0553,0.247547,59.993745,0.000958,0.0000,1.0000,8847.5,-0.1138,3,0
46.0894,0.247547,59.993741,0.000955,0.0000,1.0000,8854.3,-0.1132,3,0
46.1244,0.247547,59.993737,0.000952,0.0000,1.0000,8858.3,-0.1125,3,0
46.1586,0.247547,59.993734,0.000949,0.0000,1.0000,8864.0,-0.1117,3,0
46.1920,0.247547,59.993730,0.000946,0.0000,1.0000,8873.3,-0.1108,3,0
46.2262,0.247547,59.993726,0.000943,0.0000,1.0000,8878.3,-0.1100,3,0
46.2602,0.247547,59.993722,0.000940,0.0000,1.0000,8884.5,-0.1093,3,0
46.2946,0.247547,59.993718,0.000938,0.0000,1.0000,8889.2,-0.1085,3,0
46.3284,0.247547,59.993714,0.000935,0.0000,1.0000,8893.7,-0.1071,3,0
46.3617,0.247547,59.993710,0.000932,0.0000,1.0000,8901.1,-0.1056,3,0
46.3954,0.248685,59.993706,0.000929,0.0000,1.0000,8906.1,-0.1041,3,0
46.4298,0.248685,59.993702,0.000926,0.0000,1.0000,8910.8,-0.1024,3,0
46.4645,0.248685,59.993698,0.000924,0.0000,1.0000,8915.7,-0.1005,3,0
46.4987,0.248685,59.993694,0.000921,0.0000,1.0000,8920.3,-0.0985,3,0
46.5329,0.248685,59.993690,0.000918,0.0000,1.0000,8926.3,-0.0967,3,0
46.5677,0.248685,59.993686,0.000915,0.0000,1.0000,8929.9,-0.0951,3,0
46.6027,0.248685,59.993682,0.000913,0.0000,1.0000,8935.6,-0.0936,3,0
46.6375,0.248685,59.993678,0.000910,0.0000,1.0000,8940.2,-0.0921,3,0
46.6723,0.248685,59.993674,0.000907,0.0000,1.0000,8943.7,-0.0910,3,0
46.7068,0.248685,59.993670,0.000905,0.0000,1.0000,8948.8,-0.0902,3,0
46.7417,0.249830,59.993666,0.000902,0.0000,1.0000,8952.4,-0.0897,3,0
46.7762,0.249830,59.993662,0.000900,0.0000,1.0000,8956.2,-0.0892,3,0
46.8105,0.249830,59.993658,0.000897,0.0000,1.0000,8958.3,-0.0889,3,0
46.8450,0.249830,59.993654,0.000894,0.0000,1.0000,8961.0,-0.0887,3,0
46.8782,0.249830,59.993650,0.000892,0.0000,1.0000,8968.1,-0.0885,3,0
46.9123,0.249830,59.993646,0.000889,0.0000,1.0000,8971.2,-0.0882,3,0
46.9476,0.249830,59.993642,0.000887,0.0000,1.0000,8973.0,-0.0876,3,0
46.9807,0.249830,59.993638,0.000884,0.0000,1.0000,8980.0,-0.0870,3,0
47.0154,0.249830,59.993634,0.000882,0.0000,1.0000,8984.3,-0.0864,3,0
47.0499,0.249830,59.993630,0.000879,0.0000,1.0000,8989.0,-0.0855,3,0
47.0850,0.250984,59.993626,0.000877,0.0000,1.0000,8990.4,-0.0845,3,0
47.1189,0.250984,59.993622,0.000874,0.0000,1.0000,8995.9,-0.0833,3,0
47.1532,0.250984,59.993618,0.000872,0.0000,1.0000,9000.0,-0.0821,3,0
47.1875,0.250984,59.993614,0.000870,0.0000,1.0000,9006.8,-0.0809,3,0
47.2218,0.250984,59.993610,0.000867,0.0000,1.0000,9012.0,-0.0796,3,0
47.2573,0.250984,59.993606,0.000865,0.0000,1.0000,9011.7,-0.0779,3,0
47.2923,0.250984,59.993602,0.000863,0.0000,1.0000,9013.6,-0.0760,3,0
47.3268,0.250984,59.993598,0.000860,0.0000,1.0000,9017.1,-0.0741,3,0
47.3608,0.250984,59.993594,0.000858,0.0000,1.0000,9024.1,-0.0718,3,0
47.3952,0.250984,59.993590,0.000856,0.0000,1.0000,9029.1,-0.0691,3,0
47.4289,0.252144,59.993586,0.000853,0.0000,1.0000,9035.3,-0.0662,3,0
47.4627,0.252144,59.993582,0.000851,0.0000,1.0000,9042.1,-0.0631,3,0
47.4971,0.252144,59.993578,0.000849,0.0000,1.0000,9048.5,-0.0599,3,0
47.5329,0.252144,59.993574,0.000846,0.0000,1.0000,9054.0,-0.0567,3,0
47.5672,0.252144,59.993570,0.000844,0.0000,1.0000,9056.5,-0.0533,3,0
47.6021,0.252144,59.993566,0.000842,0.0000,1.0000,9056.6,-0.0497,3,0
47.6366,0.252144,59.993561,0.000840,0.0000,1.0000,9065.1,-0.0464,3,0
47.6708,0.252144,59.993557,0.000838,0.0000,1.0000,9071.6,-0.0431,3,0
47.7047,0.252144,59.993552,0.000836,0.0000,1.0000,9078.0,-0.0397,3,0
47.7385,0.252144,59.993548,0.000833,0.0000,1.0000,9082.9,-0.0365,3,0
47.7732,0.253311,59.993544,0.000831,0.0000,1.0000,9089.4,-0.0338,3,0
47.8027,0.253311,59.993539,0.000829,0.0000,1.0000,9067.3,-0.0313,3,0
47.8079,0.253311,59.993535,0.000827,0.0000,1.0000,9018.0,-0.0291,3,0
47.7952,0.253311,59.993530,0.000825,0.0000,1.0000,8969.0,-0.0272,3,0
47.7877,0.253311,59.993526,0.000823,0.0000,1.0000,8920.1,-0.0259,3,0
47.7802,0.253311,59.993522,0.000821,0.0000,1.0000,8659.8,-0.0249,4,0
47.8250,0.253311,59.993518,0.000819,0.0000,1.0000,7767.0,-0.0243,4,0
47.8751,0.253311,59.993513,0.000817,0.0000,1.0000,7589.0,-0.0239,4,0
47.9152,0.253311,59.993509,0.000815,0.0000,1.0000,7581.1,-0.0235,4,0
47.9536,0.253311,59.993505,0.000813,0.0000,1.0000,7580.7,-0.0232,4,0
47.9921,0.254481,59.993501,0.000811,0.0000,1.0000,7580.9,-0.0227,4,0
48.0294,0.254481,59.993497,0.000809,0.0000,1.0000,7581.7,-0.0217,4,0
48.0676,0.254481,59.993492,0.000807,0.0000,1.0000,7578.5,-0.0203,4,0
48.1059,0.254481,59.993488,0.000805,0.0000,1.0000,7575.5,-0.0184,4,0
48.1420,0.254481,59.993484,0.000803,0.0000,1.0000,7581.5,-0.0164,4,0
48.1789,0.254481,59.993480,0.000801,0.0000,1.0000,7584.9,-0.0135,4,0
48.2161,0.254481,59.993476,0.000799,0.0000,1.0000,7584.6,-0.0105,4,0
48.2537,0.254481,59.993472,0.000797,0.0000,1.0000,7583.4,-0.0074,4,0
48.2915,0.254481,59.993468,0.000795,0.0000,1.0000,7583.4,-0.0042,4,0
48.3287,0.254481,59.993464,0.000793,0.0000,1.0000,7587.1,-0.0009,4,0
48.3671,0.255660,59.993459,0.000791,0.0000,1.0000,7585.2,0.0024,4,0
48.4040,0.255660,59.993455,0.000789,0.0000,1.0000,7589.8,0.0058,4,0
48.4412,0.255660,59.993451,0.000787,0.0000,1.0000,7592.7,0.0094,4,0
48.4801,0.255660,59.993447,0.000785,0.0000,1.0000,7589.9,0.0130,4,0
48.5183,0.255660,59.993443,0.000783,0.0000,1.0000,7589.7,0.0169,4,0
48.5553,0.255660,59.993439,0.000781,0.0000,1.0000,7593.8,0.0212,4,0
48.5913,0.255660,59.993434,0.000780,0.0000,1.0000,7600.4,0.0257,4,0
48.6281,0.255660,59.993430,0.000778,0.0000,1.0000,7603.9,0.0306,4,0
48.6654,0.255660,59.993426,0.000776,0.0000,1.0000,7606.6,0.0356,4,0
48.7018,0.255660,59.993421,0.000774,0.0000,1.0000,7611.6,0.0409,4,0
48.7372,0.256850,59.993417,0.000772,0.0000,1.0000,7619.2,0.0464,4,0
48.7738,0.256850,59.993413,0.000770,0.0000,1.0000,7621.7,0.0520,4,0
48.8119,0.256850,59.993409,0.000768,0.0000,1.0000,7619.2,0.0577,4,0
48.8469,0.256850,59.993404,0.000766,0.0000,1.0000,7629.4,0.0635,4,0
48.8807,0.256850,59.993400,0.000764,0.0000,1.0000,7644.1,0.0688,4,0
48.9187,0.256850,59.993396,0.000762,0.0000,1.0000,7639.5,0.0738,4,0
48.9560,0.256850,59.993392,0.000760,0.0000,1.0000,7637.7,0.0786,4,0
48.9931,0.256850,59.993388,0.000758,0.0000,0.9812,7639.3,0.0831,4,0
49.0251,0.256850,59.993384,0.000756,0.0000,0.9624,7658.8,0.0875,4,0
49.0588,0.256850,59.993380,0.000754,0.0000,0.9249,7664.6,0.0917,4,0
49.0936,0.258050,59.993376,0.000752,0.0000,0.8874,7655.6,0.0960,4,0
49.1251,0.258050,59.993372,0.000750,0.0000,0.8313,7655.1,0.1005,4,0
49.1523,0.258050,59.993368,0.000748,0.0000,0.7751,7659.3,0.1051,4,0
49.1771,0.258050,59.993364,0.000746,0.0000,0.7103,7654.1,0.1096,4,0
49.1996,0.258050,59.993360,0.000744,0.0000,0.6454,7640.0,0.1140,4,0
49.2169,0.258050,59.993355,0.000742,0.0001,0.6006,7634.1,0.1183,4,0
49.2310,0.258050,59.993351,0.000739,0.0002,0.5558,7630.3,0.1226,4,0
49.2427,0.258050,59.993346,0.000737,0.0005,0.5151,7626.0,0.1263,4,0
49.2542,0.258050,59.993341,0.000735,0.0007,0.4745,7613.0,0.1297,4,0
49.2627,0.258050,59.993336,0.000733,0.0011,0.4559,7608.6,0.1327,4,0
49.2693,0.259259,59.993332,0.000731,0.0015,0.4373,7606.9,0.1351,4,0
49.2736,0.259259,59.993327,0.000729,0.0033,0.4271,7612.1,0.1366,4,0
49.2789,0.259259,59.993322,0.000726,0.0051,0.4169,7609.9,0.1374,4,0
49.2832,0.259259,59.993318,0.000724,0.0067,0.4081,7609.1,0.1375,4,0
49.2868,0.259259,59.993313,0.000722,0.0083,0.3992,7608.0,0.1372,4,0
49.2890,0.259259,59.993309,0.000720,0.0089,0.3911,7611.1,0.1360,4,0
49.2901,0.259259,59.993304,0.000717,0.0095,0.3830,7612.3,0.1345,4,0
49.2918,0.259259,59.993300,0.000715,0.0095,0.3786,7612.8,0.1330,4,0
49.2934,0.259259,59.993296,0.000713,0.0095,0.3743,7613.7,0.1316,4,0
49.2945,0.259259,59.993291,0.000710,0.0111,0.3698,7614.8,0.1303,4,0
49.2930,0.260473,59.993287,0.000708,0.0127,0.3653,7621.4,0.1293,4,0
49.2935,0.260473,59.993283,0.000706,0.0132,0.3596,7618.2,0.1288,4,0
49.2921,0.260473,59.993279,0.000703,0.0137,0.3539,7622.1,0.1288,4,0
49.2920,0.260473,59.993274,0.000701,0.0139,0.3468,7617.2,0.1290,4,0
49.2882,0.260473,59.993270,0.000699,0.0142,0.3397,7622.4,0.1294,4,0
49.2851,0.260473,59.993266,0.000696,0.0161,0.3334,7621.5,0.1299,4,0
49.2818,0.260473,59.993262,0.000693,0.0181,0.3272,7619.3,0.1306,4,0
49.2755,0.260473,59.993258,0.000691,0.0178,0.3211,7628.3,0.1314,4,0
49.2730,0.260473,59.993254,0.000688,0.0176,0.3150,7618.9,0.1322,4,0
49.2668,0.260473,59.993250,0.000686,0.0181,0.3136,7622.3,0.1330,4,0
49.2614,0.261686,59.993246,0.000683,0.0185,0.3122,7623.1,0.1340,4,0
49.2540,0.261686,59.993242,0.000681,0.0193,0.3122,7634.3,0.1350,4,0
49.2489,0.261686,59.993238,0.000678,0.0200,0.3122,7634.3,0.1359,4,0
49.2420,0.261686,59.993234,0.000675,0.0195,0.3122,7636.9,0.1365,4,0
49.2355,0.261686,59.993230,0.000673,0.0191,0.3122,7640.5,0.1371,4,0
49.2269,0.261686,59.993226,0.000670,0.0186,0.3117,7654.0,0.1375,4,0
49.2211,0.261686,59.993221,0.000667,0.0181,0.3112,7657.2,0.1378,4,0
49.2145,0.261686,59.993217,0.000664,0.0172,0.3109,7660.5,0.1379,4,0
49.2083,0.261686,59.993213,0.000662,0.0164,0.3105,7663.5,0.1380,4,0
49.2018,0.261686,59.993208,0.000659,0.0153,0.3127,7669.3,0.1383,4,0
49.1964,0.262893,59.993204,0.000656,0.0142,0.3150,7672.6,0.1385,4,0
49.1906,0.262893,59.993200,0.000653,0.0132,0.3219,7676.2,0.1387,4,0
49.1850,0.262893,59.993196,0.000650,0.0122,0.3289,7678.9,0.1389,4,0
49.1805,0.262893,59.993191,0.000648,0.0111,0.3365,7683.5,0.1393,4,0
49.1769,0.262893,59.993187,0.000645,0.0100,0.3441,7688.3,0.1395,4,0
49.1742,0.262893,59.993183,0.000642,0.0094,0.3498,7692.1,0.1397,4,0
49.1709,0.262893,59.993179,0.000639,0.0088,0.3556,7697.0,0.1400,4,0
49.1703,0.262893,59.993174,0.000636,0.0065,0.3604,7697.0,0.1406,4,0
49.1705,0.262893,59.993170,0.000633,0.0042,0.3653,7695.4,0.1414,4,0
49.1704,0.262893,59.993166,0.000629,0.0028,0.3720,7698.1,0.1423,4,0
49.1700,0.264100,59.993162,0.000626,0.0015,0.3787,7706.0,0.1433,4,0
49.1711,0.264100,59.993158,0.000623,0.0007,0.3903,7709.3,0.1445,4,0
49.1739,0.264100,59.993153,0.000620,0.0000,0.4019,7709.8,0.1467,4,0
49.1775,0.264100,59.993149,0.000617,0.0000,0.4172,7712.7,0.1486,4,0
49.1806,0.264100,59.993145,0.000614,0.0000,0.4326,7716.3,0.1506,4,0
49.1840,0.264100,59.993141,0.000611,0.0000,0.4503,7722.2,0.1529,4,0
49.1893,0.264100,59.993137,0.000608,0.0000,0.4681,7725.7,0.1553,4,0
49.1951,0.264100,59.993134,0.000604,0.0000,0.4811,7732.1,0.1574,4,0
49.2017,0.264100,59.993130,0.000601,0.0000,0.4941,7734.2,0.1591,4,0
49.2082,0.264100,59.993126,0.000598,0.0000,0.5117,7740.8,0.1605,4,0
49.2166,0.265301,59.993122,0.000594,0.0000,0.5293,7744.2,0.1613,4,0
49.2252,0.265301,59.993118,0.000591,0.0000,0.5446,7751.4,0.1613,4,0
49.2355,0.265301,59.993115,0.000588,0.0000,0.5600,7752.7,0.1603,4,0
49.2455,0.265301,59.993111,0.000585,0.0000,0.5712,7758.3,0.1586,4,0
49.2570,0.265301,59.993107,0.000581,0.0000,0.5824,7762.2,0.1566,4,0
49.2697,0.265301,59.993103,0.000578,0.0000,0.5925,7764.0,0.1540,4,0
49.2826,0.265301,59.993099,0.000574,0.0000,0.6026,7766.8,0.1510,4,0
49.2953,0.265301,59.993094,0.000571,0.0000,0.6146,7770.9,0.1479,4,0
49.3081,0.265301,59.993090,0.000567,0.0000,0.6265,7778.0,0.1453,4,0
49.3238,0.265301,59.993086,0.000564,0.0000,0.6393,7778.3,0.1420,4,0
49.3389,0.266503,59.993082,0.000560,0.0000,0.6520,7783.7,0.1388,4,0
49.3555,0.266503,59.993078,0.000557,0.0000,0.6610,7785.9,0.1356,4,0
49.3727,0.266503,59.993073,0.000553,0.0000,0.6700,7790.3,0.1327,4,0
49.3910,0.266503,59.993069,0.000550,0.0000,0.6801,7793.3,0.1300,4,0
49.4098,0.266503,59.993065,0.000546,0.0000,0.6902,7799.0,0.1274,4,0
49.4293,0.266503,59.993061,0.000542,0.0000,0.6997,7802.8,0.1252,4,0
49.4500,0.266503,59.993057,0.000539,0.0000,0.7091,7805.8,0.1237,4,0
49.4705,0.266503,59.993052,0.000535,0.0000,0.7179,7811.1,0.1225,4,0
49.4911,0.266503,59.993048,0.000531,0.0000,0.7266,7817.8,0.1215,4,0
49.5123,0.266503,59.993044,0.000527,0.0000,0.7333,7821.6,0.1209,4,0
49.5354,0.267703,59.993040,0.000524,0.0000,0.7401,7819.1,0.1205,4,0
49.5592,0.267703,59.993036,0.000520,0.0000,0.7444,7817.5,0.1204,4,0
49.5821,0.267703,59.993031,0.000516,0.0000,0.7488,7821.7,0.1201,4,0
49.6056,0.267703,59.993027,0.000512,0.0000,0.7529,7822.1,0.1197,4,0
49.6302,0.267703,59.993023,0.000509,0.0000,0.7570,7818.8,0.1193,4,0
49.6558,0.267703,59.993019,0.000505,0.0000,0.7614,7813.5,0.1192,4,0
49.6818,0.267703,59.993015,0.000501,0.0000,0.7658,7810.9,0.1188,4,0
49.7072,0.267703,59.993012,0.000497,0.0000,0.7695,7808.9,0.1185,4,0
49.7337,0.267703,59.993008,0.000493,0.0000,0.7733,7802.8,0.1181,4,0
49.7610,0.267703,59.993004,0.000489,0.0000,0.7762,7797.7,0.1180,4,0
49.7881,0.268905,59.993000,0.000485,0.0000,0.7792,7795.2,0.1178,4,0
49.8148,0.268905,59.992996,0.000481,0.0000,0.7797,7795.4,0.1175,4,0
49.8421,0.268905,59.992993,0.000477,0.0000,0.7802,7793.1,0.1171,4,0
49.8705,0.268905,59.992989,0.000473,0.0000,0.7802,7787.9,0.1168,4,0
49.8950,0.268905,59.992985,0.000469,0.0000,0.7802,7796.7,0.1164,4,0
49.9234,0.268905,59.992981,0.000465,0.0000,0.7802,7792.9,0.1160,4,0
49.9506,0.268905,59.992977,0.000461,0.0000,0.7802,7794.2,0.1159,4,0
49.9772,0.268905,59.992974,0.000457,0.0000,0.7802,7799.7,0.1164,4,0
50.0025,0.268905,59.992970,0.000452,0.0000,0.7802,7812.5,0.1174,4,0
50.0301,0.268905,59.992966,0.000448,0.0000,0.7802,7813.1,0.1189,4,0
50.0562,0.270111,59.992962,0.000444,0.0000,0.7802,7818.0,0.1208,4,0
50.0829,0.270111,59.992958,0.000440,0.0000,0.7802,7820.9,0.1232,4,0
50.1064,0.270111,59.992955,0.000436,0.0000,0.7802,7835.4,0.1257,4,0
50.1325,0.270111,59.992951,0.000432,0.0000,0.7785,7839.0,0.1284,4,0
50.1584,0.270111,59.992947,0.000427,0.0000,0.7767,7838.1,0.1308,4,0
50.1839,0.270111,59.992943,0.000423,0.0000,0.7754,7838.7,0.1337,4,0
50.2078,0.270111,59.992939,0.000419,0.0000,0.7740,7845.4,0.1362,4,0
50.2313,0.270111,59.992934,0.000414,0.0000,0.7736,7854.1,0.1385,4,0
50.2565,0.270111,59.992930,0.000410,0.0000,0.7733,7851.4,0.1404,4,0
50.2813,0.270111,59.992926,0.000406,0.0000,0.7728,7851.5,0.1420,4,0
50.3059,0.271327,59.992922,0.000401,0.0000,0.7723,7856.3,0.1434,4,0
50.3279,0.271327,59.992918,0.000397,0.0000,0.7719,7870.7,0.1444,4,0
50.3517,0.271327,59.992913,0.000393,0.0000,0.7715,7872.0,0.1449,4,0
50.3755,0.271327,59.992909,0.000388,0.0000,0.7700,7872.2,0.1451,4,0
50.3988,0.271327,59.992905,0.000384,0.0000,0.7685,7876.6,0.1450,4,0
50.4210,0.271327,59.992901,0.000379,0.0000,0.7685,7888.9,0.1446,4,0
50.4431,0.271327,59.992897,0.000375,0.0000,0.7685,7897.9,0.1442,4,0
50.4656,0.271327,59.992894,0.000370,0.0000,0.7690,7907.4,0.1438,4,0
50.4886,0.271327,59.992890,0.000366,0.0000,0.7695,7914.3,0.1438,4,0
50.5125,0.271327,59.992886,0.000361,0.0000,0.7695,7920.6,0.1442,4,0
50.5352,0.272556,59.992882,0.000357,0.0000,0.7695,7929.3,0.1449,4,0
50.5559,0.272556,59.992878,0.000352,0.0000,0.7695,7945.5,0.1459,4,0
50.5781,0.272556,59.992875,0.000347,0.0000,0.7695,7958.8,0.1472,4,0
50.6017,0.272556,59.992871,0.000343,0.0000,0.7695,7965.3,0.1488,4,0
50.6252,0.272556,59.992867,0.000338,0.0000,0.7695,7971.4,0.1505,4,0
50.6454,0.272556,59.992863,0.000333,0.0000,0.7695,7986.8,0.1524,4,0
50.6674,0.272556,59.992860,0.000329,0.0000,0.7695,7995.3,0.1546,4,0
50.6898,0.272556,59.992856,0.000324,0.0000,0.7700,7999.3,0.1567,4,0
50.7118,0.272556,59.992852,0.000319,0.0000,0.7705,8002.3,0.1587,4,0
50.7323,0.272556,59.992848,0.000314,0.0000,0.7705,8009.4,0.1602,4,0
50.7537,0.273800,59.992845,0.000309,0.0000,0.7705,8011.7,0.1614,4,0
50.7759,0.273800,59.992841,0.000305,0.0000,0.7710,8011.6,0.1619,4,0
50.7983,0.273800,59.992837,0.000300,0.0000,0.7715,8012.4,0.1616,4,0
50.8188,0.273800,59.992834,0.000295,0.0000,0.7715,8019.3,0.1604,4,0
50.8406,0.273800,59.992830,0.000290,0.0000,0.7715,8024.3,0.1586,4,0
50.8623,0.273800,59.992826,0.000285,0.0000,0.7715,8029.6,0.1559,4,0
50.8843,0.273800,59.992822,0.000280,0.0000,0.7715,8034.9,0.1527,4,0
50.9044,0.273800,59.992818,0.000275,0.0000,0.7715,8045.0,0.1492,4,0
50.9263,0.273800,59.992814,0.000270,0.0000,0.7715,8053.7,0.1458,4,0
50.9493,0.273800,59.992810,0.000265,0.0000,0.7715,8058.1,0.1424,4,0
50.9721,0.275071,59.992806,0.000260,0.0000,0.7715,8062.6,0.1396,4,0
50.9934,0.275071,59.992802,0.000255,0.0000,0.7724,8072.5,0.1374,4,0
51.0166,0.275071,59.992798,0.000250,0.0000,0.7733,8078.7,0.1363,4,0
51.0411,0.275071,59.992794,0.000245,0.0000,0.7750,8081.8,0.1360,4,0
51.0651,0.275071,59.992790,0.000240,0.0000,0.7767,8086.8,0.1365,4,0
51.0877,0.275071,59.992786,0.000235,0.0000,0.7788,8092.8,0.1380,4,0
51.1119,0.275071,59.992782,0.000230,0.0000,0.7810,8095.5,0.1404,4,0
51.1356,0.275071,59.992779,0.000224,0.0000,0.7829,8097.7,0.1435,4,0
51.1600,0.275071,59.992775,0.000219,0.0000,0.7847,8099.2,0.1472,4,0
51.1828,0.275071,59.992771,0.000214,0.0000,0.7875,8104.4,0.1516,4,0
51.2079,0.276441,59.992767,0.000209,0.0000,0.7902,8103.6,0.1571,4,0
51.2326,0.276441,59.992763,0.000203,0.0000,0.7920,8103.4,0.1630,4,0
51.2567,0.276441,59.992760,0.000198,0.0000,0.7937,8100.4,0.1687,4,0
51.2793,0.276441,59.992756,0.000193,0.0000,0.7937,8106.8,0.1745,4,1
51.3006,0.276441,59.992752,0.000188,0.0000,0.7937,8120.6,0.1805,4,1
51.3198,0.276441,59.992748,0.000182,0.0000,0.7941,8143.3,0.1856,4,0
51.3406,0.276441,59.992744,0.000177,0.0000,0.7944,8160.0,0.1905,4,1
51.3594,0.276441,59.992741,0.000171,0.0000,0.7944,8179.2,0.1950,4,1
51.3578,0.276441,59.992737,0.000166,0.0000,0.7944,8196.3,0.1989,4,1
51.3707,0.276441,59.992733,0.000160,0.0000,0.7941,8203.1,0.2016,4,1
51.3890,0.277776,59.992729,0.000155,0.0000,0.7937,8239.2,0.2018,4,1
51.4001,0.277776,59.992725,0.000149,0.0000,0.7928,8298.4,0.2014,4,1
51.4186,0.277776,59.992722,0.000144,0.0000,0.7920,8325.9,0.2013,4,1
51.4449,0.277776,59.992718,0.000138,0.0000,0.7906,8309.7,0.2010,4,1
51.4708,0.277776,59.992714,0.000133,0.0000,0.7892,8302.3,0.2001,4,1
51.4759,0.277776,59.992711,0.000127,0.0000,0.7880,8315.3,0.1981,4,1
51.4707,0.277776,59.992707,0.000122,0.0000,0.7867,8382.3,0.1943,4,0
51.4724,0.277776,59.992704,0.000116,0.0000,0.7849,8440.2,0.1847,4,0
51.4809,0.277776,59.992700,0.000110,0.0000,0.7830,8449.0,0.1743,4,1
51.4922,0.277776,59.992697,0.000105,0.0000,0.7816,8431.1,0.1624,4,1
51.5003,0.279121,59.992694,0.000099,0.0000,0.7802,8388.6,0.1498,4,0
51.5288,0.279121,59.992690,0.000093,0.0000,0.7802,8332.1,0.1369,4,0
51.5588,0.279121,59.992687,0.000088,0.0000,0.7802,8316.1,0.1242,4,0
51.5828,0.279121,59.992683,0.000082,0.0000,0.7806,8330.1,0.1119,4,0
51.6013,0.279121,59.992680,0.000076,0.0000,0.7810,8342.7,0.1008,4,0
51.6280,0.279121,59.992677,0.000070,0.0000,0.7810,8338.7,0.0921,4,0
51.6415,0.279121,59.992673,0.000064,0.0000,0.7810,8385.7,0.0854,4,0
51.6555,0.279121,59.992669,0.000058,0.0000,0.7829,8419.5,0.0817,4,0
51.6751,0.279121,59.992666,0.000052,0.0000,0.7847,8431.0,0.0804,4,0
51.6902,0.279121,59.992663,0.000047,0.0000,0.7866,8467.5,0.0807,4,0
51.7021,0.280474,59.992659,0.000041,0.0000,0.7885,8476.0,0.0828,4,0
51.7135,0.280474,59.992656,0.000035,0.0000,0.7902,8475.0,0.0864,4,0
51.7242,0.280474,59.992652,0.000029,0.0000,0.7919,8488.6,0.0912,4,0
51.7360,0.280474,59.992649,0.000023,0.0000,0.7932,8485.1,0.0967,4,0
51.7488,0.280474,59.992645,0.000017,0.0000,0.7944,8487.3,0.1029,4,0
51.7597,0.280474,59.992641,0.000011,0.0000,0.7949,8496.8,0.1094,4,0
51.7685,0.280474,59.992637,0.000005,0.0000,0.7954,8512.5,0.1161,4,0
51.7852,0.280474,59.992634,-0.000001,0.0000,0.7954,8496.5,0.1227,4,0
51.8115,0.280474,59.992630,-0.000008,0.0000,0.7954,8438.0,0.1290,4,0
51.8326,0.280474,59.992626,-0.000014,0.0000,0.7958,8428.8,0.1351,4,0
51.8550,0.281827,59.992622,-0.000020,0.0000,0.7962,8436.4,0.1405,4,0
51.8828,0.281827,59.992618,-0.000026,0.0000,0.7958,8416.1,0.1452,4,0
51.9050,0.281827,59.992615,-0.000032,0.0000,0.7954,8426.8,0.1494,4,0
51.9255,0.281827,59.992611,-0.000038,0.0000,0.7955,8432.4,0.1526,4,0
51.9496,0.281827,59.992607,-0.000044,0.0000,0.7955,8422.4,0.1552,4,0
51.9720,0.281827,59.992604,-0.000050,0.0000,0.7955,8396.1,0.1567,4,0
51.9872,0.281827,59.992600,-0.000057,0.0000,0.7954,8368.9,0.1555,4,0
52.0010,0.281827,59.992597,-0.000063,0.0000,0.7954,8341.6,0.1526,4,0
52.0049,0.281827,59.992593,-0.000069,0.0000,0.7954,8352.3,0.1477,4,0
52.0130,0.281827,59.992590,-0.000075,0.0000,0.7954,8358.0,0.1408,4,0
52.0269,0.283168,59.992587,-0.000082,0.0000,0.7954,8354.0,0.1328,4,0
52.0413,0.283168,59.992583,-0.000088,0.0000,0.7987,8370.1,0.1243,4,0
52.0567,0.283168,59.992580,-0.000094,0.0000,0.8019,8385.7,0.1169,4,0
52.0704,0.283168,59.992576,-0.000100,0.0000,0.8104,8412.1,0.1105,4,0
52.0914,0.283168,59.992573,-0.000107,0.0000,0.8188,8409.5,0.1049,4,0
52.1093,0.283168,59.992570,-0.000113,0.0000,0.8327,8424.5,0.1015,4,0
52.1272,0.283168,59.992567,-0.000120,0.0000,0.8465,8460.5,0.1006,4,0
52.1433,0.283168,59.992564,-0.000126,0.0000,0.8628,8504.9,0.1011,4,0
52.1632,0.283168,59.992561,-0.000133,0.0000,0.8792,8509.8,0.1035,4,0
52.1807,0.283168,59.992558,-0.000139,0.0000,0.8932,8511.5,0.1069,4,0
52.2105,0.284491,59.992554,-0.000145,0.0000,0.9072,8504.9,0.1111,4,0
52.2358,0.284491,59.992551,-0.000152,0.0000,0.9253,8506.9,0.1162,4,0
52.2656,0.284491,59.992548,-0.000158,0.0000,0.9434,8479.0,0.1211,4,0
52.2973,0.284491,59.992545,-0.000165,0.0000,0.9596,8458.0,0.1258,4,0
52.3346,0.284491,59.992542,-0.000171,0.0000,0.9758,8448.6,0.1301,4,0
52.3672,0.284491,59.992539,-0.000178,0.0000,0.9879,8453.2,0.1335,4,0
52.3987,0.284491,59.992535,-0.000185,0.0000,1.0000,8437.7,0.1347,4,0
52.4249,0.284491,59.992532,-0.000191,0.0000,1.0000,8449.3,0.1348,4,0
52.4541,0.284491,59.992528,-0.000198,0.0000,1.0000,8434.9,0.1328,4,0
52.4892,0.284491,59.992525,-0.000205,0.0000,1.0000,8406.3,0.1295,4,0
52.5217,0.285811,59.992522,-0.000211,0.0000,1.0000,8389.4,0.1247,4,0
52.5494,0.285811,59.992518,-0.000218,0.0000,1.0000,8398.8,0.1207,4,0
52.5763,0.285811,59.992515,-0.000225,0.0000,1.0000,8414.2,0.1159,4,0
52.6050,0.285811,59.992511,-0.000231,0.0000,1.0000,8420.8,0.1121,4,0
52.6310,0.285811,59.992508,-0.000238,0.0000,1.0000,8439.3,0.1090,4,0
52.6585,0.285811,59.992505,-0.000245,0.0000,1.0000,8455.7,0.1071,4,0
52.6846,0.285811,59.992502,-0.000252,0.0000,1.0000,8474.7,0.1059,4,0
52.7115,0.285811,59.992499,-0.000259,0.0000,1.0000,8484.6,0.1055,4,0
52.7420,0.285811,59.992496,-0.000266,0.0000,1.0000,8478.9,0.1054,4,0
52.7751,0.285811,59.992492,-0.000273,0.0000,1.0000,8472.8,0.1056,4,0
52.8096,0.287128,59.992489,-0.000280,0.0000,1.0000,8463.7,0.1061,4,0
52.8446,0.287128,59.992486,-0.000287,0.0000,1.0000,8457.6,0.1065,4,0
52.8790,0.287128,59.992483,-0.000293,0.0000,1.0000,8454.5,0.1070,4,0
52.9111,0.287128,59.992480,-0.000300,0.0000,1.0000,8459.0,0.1079,4,0
52.9440,0.287128,59.992477,-0.000307,0.0000,1.0000,8462.8,0.1090,4,0
52.9777,0.287128,59.992474,-0.000314,0.0000,1.0000,8466.0,0.1100,4,0
53.0112,0.287128,59.992470,-0.000322,0.0000,1.0000,8467.9,0.1111,4,0
53.0447,0.287128,59.992467,-0.000329,0.0000,1.0000,8473.3,0.1127,4,0
53.0794,0.287128,59.992463,-0.000336,0.0000,1.0000,8472.0,0.1142,4,0
53.1142,0.287128,59.992460,-0.000343,0.0000,1.0000,8470.3,0.1160,4,0
53.1489,0.288448,59.992457,-0.000350,0.0000,1.0000,8462.9,0.1176,4,0
53.1817,0.288448,59.992453,-0.000357,0.0000,1.0000,8464.4,0.1197,4,0
53.2129,0.288448,59.992450,-0.000365,0.0000,1.0000,8468.0,0.1213,4,0
53.2421,0.288448,59.992446,-0.000372,0.0000,1.0000,8474.0,0.1224,4,0
53.2727,0.288448,59.992443,-0.000379,0.0000,1.0000,8470.0,0.1228,4,0
53.3023,0.288448,59.992440,-0.000386,0.0000,1.0000,8473.0,0.1225,4,0
53.3309,0.288448,59.992437,-0.000394,0.0000,1.0000,8476.4,0.1210,4,0
53.3627,0.288448,59.992434,-0.000401,0.0000,1.0000,8475.3,0.1185,4,0
53.3939,0.288448,59.992431,-0.000409,0.0000,1.0000,8475.4,0.1154,4,0
53.4255,0.288448,59.992428,-0.000416,0.0000,1.0000,8477.8,0.1122,4,0
53.4544,0.289765,59.992425,-0.000423,0.0000,1.0000,8490.7,0.1085,4,0
53.4840,0.289765,59.992422,-0.000431,0.0000,1.0000,8504.4,0.1052,4,0
53.5140,0.289765,59.992419,-0.000438,0.0000,1.0000,8510.7,0.1016,4,0
53.5446,0.289765,59.992416,-0.000445,0.0000,1.0000,8517.5,0.0991,4,0
53.5737,0.289765,59.992413,-0.000453,0.0000,1.0000,8531.4,0.0969,4,0
53.6020,0.289765,59.992410,-0.000460,0.0000,1.0000,8543.3,0.0955,4,0
53.6313,0.289765,59.992408,-0.000468,0.0000,1.0000,8551.1,0.0948,4,0
53.6602,0.289765,59.992405,-0.000476,0.0000,1.0000,8560.9,0.0948,4,0
53.6892,0.289765,59.992402,-0.000483,0.0000,1.0000,8570.1,0.0952,4,0
53.7186,0.289765,59.992400,-0.000491,0.0000,1.0000,8576.5,0.0958,4,0
53.7470,0.291068,59.992397,-0.000499,0.0000,1.0000,8584.6,0.0967,4,0
53.7741,0.291068,59.992394,-0.000506,0.0000,1.0000,8596.3,0.0979,4,0
53.8028,0.291068,59.992391,-0.000514,0.0000,1.0000,8601.8,0.0990,4,0
53.8302,0.291068,59.992389,-0.000521,0.0000,1.0000,8608.5,0.0999,4,0
53.8572,0.291068,59.992386,-0.000529,0.0000,1.0000,8617.5,0.1009,4,0
53.8846,0.291068,59.992383,-0.000537,0.0000,1.0000,8625.2,0.1014,4,0
53.9136,0.291068,59.992380,-0.000545,0.0000,1.0000,8625.5,0.1018,4,0
53.9412,0.291068,59.992377,-0.000552,0.0000,1.0000,8629.7,0.1017,4,0
53.9686,0.291068,59.992374,-0.000560,0.0000,1.0000,8636.8,0.1014,4,0
53.9956,0.291068,59.992370,-0.000568,0.0000,1.0000,8643.1,0.1009,4,0
54.0245,0.292357,59.992367,-0.000576,0.0000,1.0000,8642.7,0.1002,4,0
54.0529,0.292357,59.992364,-0.000584,0.0000,1.0000,8646.1,0.0995,4,0
54.0794,0.292357,59.992361,-0.000592,0.0000,1.0000,8656.2,0.0988,4,0
54.1065,0.292357,59.992358,-0.000599,0.0000,1.0000,8659.5,0.0981,4,0
54.1335,0.292357,59.992355,-0.000607,0.0000,1.0000,8663.4,0.0970,4,0
54.1596,0.292357,59.992353,-0.000615,0.0000,1.0000,8666.7,0.0958,4,0
54.1850,0.292357,59.992350,-0.000623,0.0000,1.0000,8671.9,0.0947,4,0
54.2088,0.292357,59.992348,-0.000631,0.0000,1.0000,8680.1,0.0934,4,0
54.2331,0.292357,59.992345,-0.000639,0.0000,1.0000,8685.2,0.0924,4,0
54.2578,0.292357,59.992343,-0.000648,0.0000,1.0000,8693.1,0.0917,4,0
54.2812,0.293658,59.992340,-0.000656,0.0000,1.0000,8707.0,0.0914,4,0
54.3036,0.293658,59.992338,-0.000664,0.0000,1.0000,8711.0,0.0911,4,0
54.3271,0.293658,59.992335,-0.000672,0.0000,1.0000,8715.0,0.0908,4,0
54.3512,0.293658,59.992333,-0.000680,0.0000,1.0000,8724.5,0.0904,4,0
54.3743,0.293658,59.992330,-0.000688,0.0000,1.0000,8735.3,0.0902,4,0
54.3997,0.293658,59.992327,-0.000696,0.0000,1.0000,8736.4,0.0899,4,0
54.4233,0.293658,59.992324,-0.000704,0.0000,1.0000,8741.3,0.0898,4,0
54.4472,0.293658,59.992322,-0.000713,0.0000,1.0000,8746.8,0.0896,4,0
54.4697,0.293658,59.992319,-0.000721,0.0000,1.0000,8754.2,0.0894,4,0
54.4926,0.293658,59.992316,-0.000729,0.0000,1.0000,8758.1,0.0888,4,0
54.5124,0.294975,59.992313,-0.000737,0.0000,1.0000,8766.7,0.0881,4,0
54.5326,0.294975,59.992310,-0.000746,0.0000,1.0000,8772.4,0.0869,4,0
54.5534,0.294975,59.992308,-0.000754,0.0000,1.0000,8779.2,0.0853,4,0
54.5739,0.294975,59.992305,-0.000762,0.0000,1.0000,8785.5,0.0832,4,0
54.5980,0.294975,59.992302,-0.000770,0.0000,1.0000,8783.5,0.0807,4,0
54.6219,0.294975,59.992300,-0.000779,0.0000,1.0000,8786.6,0.0770,4,0
54.6443,0.294975,59.992298,-0.000787,0.0000,1.0000,8793.4,0.0715,4,0
54.6678,0.294975,59.992295,-0.000796,0.0000,1.0000,8797.0,0.0653,4,0
54.6930,0.294975,59.992293,-0.000804,0.0000,1.0000,8800.3,0.0580,4,0
54.7171,0.294975,59.992291,-0.000813,0.0000,1.0000,8807.5,0.0502,4,0
54.7423,0.296308,59.992289,-0.000821,0.0000,1.0000,8809.8,0.0418,4,0
54.7697,0.296308,59.992287,-0.000830,0.0000,1.0000,8808.9,0.0331,4,0
54.7997,0.296308,59.992284,-0.000838,0.0000,1.0000,8807.8,0.0243,4,0
54.8329,0.296308,59.992282,-0.000847,0.0000,1.0000,8807.2,0.0157,4,0
54.8585,0.296308,59.992280,-0.000855,0.0000,1.0000,8803.8,0.0071,4,0
54.8867,0.296308,59.992278,-0.000864,0.0000,1.0000,8797.8,-0.0014,4,0
54.9153,0.296308,59.992275,-0.000873,0.0000,1.0000,8790.3,-0.0092,4,0
54.9441,0.296308,59.992273,-0.000881,0.0000,1.0000,8780.5,-0.0160,4,0
54.9732,0.296308,59.992270,-0.000890,0.0000,1.0000,8772.9,-0.0216,4,0
55.0016,0.296308,59.992268,-0.000899,0.0000,1.0000,8770.4,-0.0254,4,0
55.0309,0.297659,59.992266,-0.000907,0.0000,1.0000,8763.2,-0.0283,4,0
55.0600,0.297659,59.992263,-0.000916,0.0000,1.0000,8758.5,-0.0299,4,0
55.0896,0.297659,59.992261,-0.000925,0.0000,1.0000,8751.5,-0.0310,4,0
55.1201,0.297659,59.992258,-0.000933,0.0000,1.0000,8741.6,-0.0314,4,0
55.1505,0.297659,59.992256,-0.000942,0.0000,1.0000,8730.9,-0.0317,4,0
55.1800,0.297659,59.992253,-0.000951,0.0000,1.0000,8724.6,-0.0320,4,0
55.2100,0.297659,59.992251,-0.000959,0.0000,1.0000,8715.6,-0.0325,4,0
55.2408,0.297659,59.992248,-0.000968,0.0000,1.0000,8700.6,-0.0332,4,0
55.2757,0.297659,59.992246,-0.000977,0.0000,1.0000,8668.5,-0.0342,4,0
55.3110,0.297659,59.992243,-0.000986,0.0000,1.0000,8634.0,-0.0355,4,0
55.3430,0.299028,59.992240,-0.000994,0.0000,1.0000,8614.2,-0.0369,4,0
55.3689,0.299028,59.992238,-0.001003,0.0000,1.0000,8618.2,-0.0384,4,0
55.3872,0.299028,59.992235,-0.001012,0.0000,1.0000,8629.0,-0.0400,4,0
55.4084,0.299028,59.992233,-0.001021,0.0000,1.0000,8629.6,-0.0417,4,0
55.4257,0.299028,59.992230,-0.001029,0.0000,1.0000,8641.0,-0.0437,4,0
55.4486,0.299028,59.992228,-0.001038,0.0000,1.0000,8657.0,-0.0469,4,0
55.4683,0.299028,59.992225,-0.001047,0.0000,1.0000,8670.9,-0.0496,4,0
55.4884,0.299028,59.992223,-0.001056,0.0000,1.0000,8681.3,-0.0538,4,0
55.5099,0.299028,59.992221,-0.001064,0.0000,1.0000,8684.4,-0.0587,4,0
55.5259,0.299028,59.992218,-0.001073,0.0000,1.0000,8704.7,-0.0641,4,0
55.5549,0.300419,59.992216,-0.001082,0.0000,1.0000,8708.1,-0.0701,4,0
55.5760,0.300419,59.992214,-0.001091,0.0000,1.0000,8718.4,-0.0747,4,0
55.5839,0.300419,59.992212,-0.001100,0.0000,1.0000,8755.0,-0.0779,4,0
55.6059,0.300419,59.992209,-0.001108,0.0000,1.0000,8778.0,-0.0813,4,0
55.6265,0.300419,59.992207,-0.001117,0.0000,1.0000,8770.2,-0.0832,4,0
55.6398,0.300419,59.992205,-0.001126,0.0000,1.0000,8793.0,-0.0835,4,0
55.6681,0.300419,59.992202,-0.001134,0.0000,1.0000,8771.2,-0.0828,4,0
55.6835,0.300419,59.992200,-0.001143,0.0000,1.0000,8794.3,-0.0806,4,0
55.7039,0.300419,59.992198,-0.001152,0.0000,1.0000,8803.2,-0.0782,4,0
55.7309,0.300419,59.992196,-0.001160,0.0000,1.0000,8794.7,-0.0742,4,0
55.7388,0.301834,59.992193,-0.001169,0.0000,1.0000,8836.6,-0.0701,4,0
55.7537,0.301834,59.992191,-0.001178,0.0000,1.0000,8877.0,-0.0656,4,0
55.7672,0.301834,59.992189,-0.001187,0.0000,1.0000,8926.3,-0.0623,4,0
55.7841,0.301834,59.992186,-0.001195,0.0000,1.0000,8938.3,-0.0603,4,0
55.8079,0.301834,59.992184,-0.001204,0.0000,1.0000,8931.1,-0.0596,4,0
55.8190,0.301834,59.992181,-0.001213,0.0000,1.0000,8938.6,-0.0597,4,0
55.8439,0.301834,59.992179,-0.001221,0.0000,1.0000,8947.3,-0.0614,4,0
55.8600,0.301834,59.992176,-0.001230,0.0000,1.0000,8951.9,-0.0627,4,0
55.8878,0.301834,59.992173,-0.001238,0.0000,1.0000,8928.9,-0.0654,4,0
55.8993,0.301834,59.992171,-0.001247,0.0000,1.0000,8948.2,-0.0679,4,0
55.9187,0.303268,59.992168,-0.001255,0.0000,1.0000,8941.9,-0.0705,4,0
55.9342,0.303268,59.992165,-0.001264,0.0000,1.0000,8941.2,-0.0728,4,0
55.9578,0.303268,59.992162,-0.001273,0.0000,1.0000,8910.1,-0.0745,4,0
55.9731,0.303268,59.992160,-0.001281,0.0000,1.0000,8913.6,-0.0764,4,0
55.9938,0.303268,59.992157,-0.001290,0.0000,1.0000,8908.8,-0.0778,4,0
56.0107,0.303268,59.992154,-0.001298,0.0000,1.0000,8898.9,-0.0793,4,0
56.0343,0.303268,59.992152,-0.001307,0.0000,1.0000,8893.7,-0.0801,4,0
56.0406,0.303268,59.992149,-0.001315,0.0000,1.0000,8922.8,-0.0811,4,0
56.0500,0.303268,59.992146,-0.001324,0.0000,1.0000,8965.5,-0.0827,4,0
56.0672,0.303268,59.992143,-0.001332,0.0000,1.0000,8952.5,-0.0825,4,0
56.0765,0.304781,59.992141,-0.001341,0.0000,1.0000,8984.8,-0.0826,4,0
56.0962,0.304781,59.992138,-0.001349,0.0000,1.0000,8979.1,-0.0825,4,0
56.1144,0.304781,59.992135,-0.001358,0.0000,1.0000,8935.0,-0.0818,4,0
56.1281,0.304781,59.992133,-0.001366,0.0000,1.0000,8935.2,-0.0814,4,0
56.1383,0.304781,59.992130,-0.001375,0.0000,1.0000,8959.5,-0.0801,4,0
56.1477,0.304781,59.992127,-0.001383,0.0000,1.0000,8982.1,-0.0788,4,0
56.1691,0.304781,59.992124,-0.001392,0.0000,1.0000,8983.0,-0.0778,4,0
56.1791,0.304781,59.992121,-0.001400,0.0000,1.0000,8982.5,-0.0756,4,0
56.1878,0.304781,59.992118,-0.001408,0.0000,1.0000,9001.4,-0.0729,4,0
56.1960,0.304781,59.992115,-0.001417,0.0000,1.0000,9024.5,-0.0697,4,0
56.2137,0.306215,59.992112,-0.001425,0.0000,1.0000,9039.2,-0.0667,4,0
56.2387,0.306215,59.992109,-0.001433,0.0000,1.0000,9004.1,-0.0637,4,0
56.2516,0.306215,59.992106,-0.001442,0.0000,1.0000,9011.0,-0.0609,4,0
56.2582,0.306215,59.992103,-0.001450,0.0000,1.0000,9047.3,-0.0591,4,0
56.2868,0.306215,59.992100,-0.001459,0.0000,1.0000,9031.6,-0.0581,4,0
56.3045,0.306215,59.992097,-0.001467,0.0000,1.0000,9021.3,-0.0576,4,0
56.3266,0.306215,59.992095,-0.001475,0.0000,1.0000,9016.4,-0.0578,4,0
56.3455,0.306215,59.992092,-0.001483,0.0000,1.0000,9010.1,-0.0588,4,0
56.3565,0.306215,59.992089,-0.001492,0.0000,1.0000,9029.6,-0.0604,4,0
56.3775,0.306215,59.992086,-0.001500,0.0000,1.0000,8996.4,-0.0626,4,0
56.4005,0.307631,59.992084,-0.001508,0.0000,1.0000,8983.2,-0.0653,4,0
56.4197,0.307631,59.992081,-0.001516,0.0000,1.0000,8970.3,-0.0680,4,0
56.4374,0.307631,59.992078,-0.001525,0.0000,1.0000,8956.1,-0.0711,4,0
56.4535,0.307631,59.992076,-0.001533,0.0000,1.0000,8947.9,-0.0741,4,0
56.4617,0.307631,59.992073,-0.001541,0.0000,1.0000,8975.3,-0.0767,4,0
56.4835,0.307631,59.992070,-0.001549,0.0000,1.0000,8962.5,-0.0785,4,0
56.4913,0.307631,59.992067,-0.001557,0.0000,1.0000,8979.3,-0.0795,4,0
56.5000,0.307631,59.992064,-0.001565,0.0000,1.0000,9001.4,-0.0798,4,0
56.5147,0.307631,59.992061,-0.001574,0.0000,1.0000,9013.2,-0.0796,4,0
56.5308,0.307631,59.992058,-0.001582,0.0000,1.0000,8983.4,-0.0770,4,0
56.5367,0.309048,59.992055,-0.001590,0.0000,1.0000,9015.4,-0.0730,4,0
56.5531,0.309048,59.992052,-0.001598,0.0000,1.0000,8977.0,-0.0672,4,0
56.5444,0.309048,59.992049,-0.001606,0.0000,1.0000,8928.2,-0.0603,4,0
56.5068,0.309048,59.992046,-0.001614,0.0000,1.0000,8879.5,-0.0528,4,0
56.4747,0.309048,59.992043,-0.001622,0.0000,1.0000,8831.1,-0.0453,4,0
56.4427,0.309048,59.992040,-0.001630,0.0000,1.0000,8571.2,-0.0382,5,0
56.4618,0.309048,59.992036,-0.001638,0.0000,1.0000,7733.5,-0.0319,5,0
56.4655,0.309048,59.992033,-0.001646,0.0000,1.0000,7807.1,-0.0265,5,0
56.4756,0.309048,59.992030,-0.001654,0.0000,1.0000,7837.2,-0.0223,5,0
56.4870,0.309048,59.992027,-0.001662,0.0000,1.0000,7864.6,-0.0197,5,0
56.5020,0.310469,59.992023,-0.001670,0.0000,1.0000,7879.7,-0.0186,5,0
56.5195,0.310469,59.992020,-0.001678,0.0000,1.0000,7881.8,-0.0184,5,0
56.5372,0.310469,59.992017,-0.001686,0.0000,1.0000,7878.8,-0.0190,5,0
56.5572,0.310469,59.992013,-0.001694,0.0000,1.0000,7869.2,-0.0202,5,0
56.5783,0.310469,59.992010,-0.001702,0.0000,1.0000,7855.4,-0.0216,5,0
56.6001,0.310469,59.992007,-0.001710,0.0000,1.0000,7837.1,-0.0226,5,0
56.6199,0.310469,59.992004,-0.001718,0.0000,1.0000,7824.7,-0.0234,5,0
56.6402,0.310469,59.992000,-0.001726,0.0000,1.0000,7811.8,-0.0240,5,0
56.6618,0.310469,59.991997,-0.001734,0.0000,1.0000,7793.8,-0.0240,5,0
56.6817,0.310469,59.991994,-0.001741,0.0000,1.0000,7778.7,-0.0237,5,0
56.7027,0.311890,59.991991,-0.001749,0.0000,1.0000,7760.9,-0.0232,5,0
56.7217,0.311890,59.991988,-0.001757,0.0000,1.0000,7752.0,-0.0226,5,0
56.7412,0.311890,59.991984,-0.001765,0.0000,1.0000,7740.3,-0.0219,5,0
56.7590,0.311890,59.991981,-0.001773,0.0000,1.0000,7731.1,-0.0213,5,0
56.7803,0.311890,59.991978,-0.001781,0.0000,1.0000,7708.4,-0.0209,5,0
56.8017,0.311890,59.991975,-0.001788,0.0000,1.0000,7687.6,-0.0204,5,0
56.8225,0.311890,59.991971,-0.001796,0.0000,1.0000,7666.4,-0.0199,5,0
56.8439,0.311890,59.991968,-0.001804,0.0000,1.0000,7641.3,-0.0192,5,0
56.8616,0.311890,59.991964,-0.001812,0.0000,1.0000,7635.7,-0.0185,5,0
56.8799,0.311890,59.991960,-0.001820,0.0000,1.0000,7626.8,-0.0173,5,0
56.8954,0.313330,59.991957,-0.001827,0.0000,1.0000,7628.7,-0.0156,5,0
56.9108,0.313330,59.991954,-0.001835,0.0000,1.0000,7630.1,-0.0136,5,0
56.9269,0.313330,59.991950,-0.001843,0.0000,1.0000,7632.5,-0.0111,5,0
56.9438,0.313330,59.991946,-0.001851,0.0000,1.0000,7630.8,-0.0080,5,0
56.9579,0.313330,59.991943,-0.001859,0.0000,1.0000,7638.0,-0.0045,5,0
56.9750,0.313330,59.991940,-0.001866,0.0000,1.0000,7637.5,-0.0008,5,0
56.9910,0.313330,59.991937,-0.001874,0.0000,1.0000,7641.2,0.0028,5,0
57.0089,0.313330,59.991934,-0.001882,0.0000,1.0000,7635.7,0.0061,5,0
57.0240,0.313330,59.991931,-0.001890,0.0000,1.0000,7641.7,0.0092,5,0
57.0403,0.313330,59.991928,-0.001897,0.0000,1.0000,7644.4,0.0113,5,0
57.0567,0.314735,59.991925,-0.001905,0.0000,1.0000,7645.7,0.0133,5,0
57.0737,0.314735,59.991922,-0.001913,0.0000,1.0000,7641.2,0.0151,5,0
57.0882,0.314735,59.991919,-0.001921,0.0000,1.0000,7648.8,0.0165,5,0
57.1039,0.314735,59.991916,-0.001928,0.0000,1.0000,7652.1,0.0177,5,0
57.1203,0.314735,59.991913,-0.001936,0.0000,1.0000,7650.1,0.0189,5,0
57.1362,0.314735,59.991910,-0.001944,0.0000,1.0000,7649.1,0.0200,5,0
57.1511,0.314735,59.991906,-0.001952,0.0000,1.0000,7652.2,0.0212,5,0
57.1656,0.314735,59.991903,-0.001959,0.0000,1.0000,7658.4,0.0222,5,0
57.1818,0.314735,59.991900,-0.001967,0.0000,1.0000,7655.6,0.0231,5,0
57.1960,0.314735,59.991896,-0.001975,0.0000,1.0000,7659.4,0.0237,5,0
57.2115,0.316131,59.991893,-0.001983,0.0000,1.0000,7660.6,0.0244,5,0
57.2266,0.316131,59.991890,-0.001990,0.0000,1.0000,7663.1,0.0251,5,0
57.2423,0.316131,59.991887,-0.001998,0.0000,1.0000,7660.5,0.0255,5,0
57.2555,0.316131,59.991883,-0.002006,0.0000,1.0000,7668.6,0.0261,5,0
57.2710,0.316131,59.991880,-0.002014,0.0000,1.0000,7669.9,0.0267,5,0
57.2863,0.316131,59.991876,-0.002022,0.0000,1.0000,7671.3,0.0272,5,0
57.3014,0.316131,59.991873,-0.002029,0.0000,1.0000,7671.6,0.0275,5,0
57.3141,0.316131,59.991869,-0.002037,0.0000,1.0000,7681.4,0.0277,5,0
57.3303,0.316131,59.991866,-0.002045,0.0000,1.0000,7679.7,0.0277,5,0
57.3446,0.316131,59.991862,-0.002053,0.0000,1.0000,7682.0,0.0276,5,0
57.3589,0.317517,59.991858,-0.002061,0.0000,1.0000,7684.5,0.0273,5,0
57.3719,0.317517,59.991855,-0.002068,0.0000,1.0000,7694.2,0.0274,5,0
57.3875,0.317517,59.991851,-0.002076,0.0000,1.0000,7693.2,0.0280,5,0
57.4027,0.317517,59.991848,-0.002084,0.0000,1.0000,7691.2,0.0293,5,0
57.4165,0.317517,59.991844,-0.002092,0.0000,1.0000,7694.7,0.0313,5,0
57.4299,0.317517,59.991841,-0.002100,0.0000,1.0000,7701.8,0.0342,5,0
57.4448,0.317517,59.991837,-0.002108,0.0000,1.0000,7701.1,0.0376,5,0
57.4589,0.317517,59.991834,-0.002116,0.0000,1.0000,7701.0,0.0412,5,0
57.4706,0.317517,59.991830,-0.002124,0.0000,1.0000,7711.6,0.0450,5,0
57.4859,0.317517,59.991827,-0.002131,0.0000,1.0000,7709.2,0.0489,5,0
57.4998,0.318902,59.991824,-0.002139,0.0000,1.0000,7708.9,0.0525,5,0
57.5127,0.318902,59.991820,-0.002147,0.0000,1.0000,7711.2,0.0557,5,0
57.5244,0.318902,59.991817,-0.002155,0.0000,1.0000,7720.9,0.0588,5,0
57.5395,0.318902,59.991813,-0.002163,0.0000,1.0000,7715.9,0.0614,5,0
57.5520,0.318902,59.991810,-0.002171,0.0000,1.0000,7717.6,0.0633,5,0
57.5633,0.318902,59.991807,-0.002179,0.0000,1.0000,7724.9,0.0647,5,0
57.5740,0.318902,59.991804,-0.002187,0.0000,1.0000,7736.1,0.0658,5,0
57.5881,0.318902,59.991801,-0.002195,0.0000,1.0000,7733.5,0.0663,5,0
57.6001,0.318902,59.991798,-0.002203,0.0000,1.0000,7736.2,0.0663,5,0
57.6106,0.318902,59.991795,-0.002211,0.0000,1.0000,7746.0,0.0663,5,0
57.6219,0.320293,59.991792,-0.002219,0.0000,1.0000,7754.9,0.0660,5,0
57.6350,0.320293,59.991789,-0.002227,0.0000,1.0000,7754.4,0.0656,5,0
57.6470,0.320293,59.991786,-0.002235,0.0000,1.0000,7757.8,0.0650,5,0
57.6576,0.320293,59.991783,-0.002243,0.0000,1.0000,7768.1,0.0648,5,0
57.6706,0.320293,59.991780,-0.002251,0.0000,1.0000,7767.2,0.0647,5,0
57.6827,0.320293,59.991777,-0.002259,0.0000,1.0000,7768.8,0.0646,5,0
57.6944,0.320293,59.991774,-0.002268,0.0000,1.0000,7772.0,0.0649,5,0
57.7036,0.320293,59.991771,-0.002276,0.0000,1.0000,7786.6,0.0656,5,0
57.7143,0.320293,59.991768,-0.002284,0.0000,1.0000,7794.2,0.0664,5,0
57.7213,0.320293,59.991765,-0.002292,0.0000,1.0000,7814.4,0.0674,5,0
57.7361,0.321687,59.991762,-0.002300,0.0000,1.0000,7806.3,0.0686,5,0
57.7465,0.321687,59.991759,-0.002308,0.0000,1.0000,7814.6,0.0699,5,0
57.7523,0.321687,59.991756,-0.002317,0.0000,1.0000,7839.2,0.0713,5,0
57.7592,0.321687,59.991753,-0.002325,0.0000,1.0000,7863.3,0.0730,5,0
57.7694,0.321687,59.991750,-0.002333,0.0000,1.0000,7873.0,0.0751,5,0
57.7800,0.321687,59.991747,-0.002341,0.0000,1.0000,7880.1,0.0774,5,0
57.7902,0.321687,59.991744,-0.002349,0.0000,1.0000,7887.9,0.0801,5,0
57.8015,0.321687,59.991741,-0.002358,0.0000,1.0000,7889.2,0.0830,5,0
57.8126,0.321687,59.991738,-0.002366,0.0000,1.0000,7889.2,0.0861,5,0
57.8223,0.321687,59.991735,-0.002374,0.0000,1.0000,7889.8,0.0887,5,0
57.8299,0.323113,59.991732,-0.002383,0.0000,1.0000,7895.1,0.0908,5,0
57.8390,0.323113,59.991729,-0.002391,0.0000,1.0000,7893.9,0.0920,5,0
57.8456,0.323113,59.991726,-0.002399,0.0000,1.0000,7896.4,0.0920,5,0
57.8535,0.323113,59.991723,-0.002408,0.0000,1.0000,7899.1,0.0908,5,0
57.8610,0.323113,59.991720,-0.002416,0.0000,1.0000,7902.7,0.0885,5,0
57.8727,0.323113,59.991717,-0.002424,0.0000,1.0000,7890.8,0.0851,5,0
57.8793,0.323113,59.991714,-0.002433,0.0000,1.0000,7894.7,0.0806,5,0
57.8864,0.323113,59.991710,-0.002441,0.0000,0.9794,7899.4,0.0753,5,0
57.8950,0.323113,59.991707,-0.002450,0.0000,0.9588,7899.6,0.0698,5,0
57.8950,0.323113,59.991704,-0.002458,0.0000,0.8890,7906.4,0.0641,5,0
57.8932,0.324568,59.991701,-0.002467,0.0000,0.8191,7911.4,0.0580,5,0
57.8918,0.324568,59.991698,-0.002475,0.0012,0.7168,7908.9,0.0524,5,0
57.8849,0.324568,59.991694,-0.002484,0.0024,0.6144,7899.3,0.0471,5,0
57.8872,0.324568,59.991691,-0.002492,0.0083,0.5378,7884.7,0.0424,5,0
57.8793,0.324568,59.991688,-0.002501,0.0142,0.4612,7871.7,0.0381,5,0
57.8526,0.324568,59.991685,-0.002509,0.0305,0.3801,7871.7,0.0352,5,0
57.8349,0.324568,59.991682,-0.002518,0.0469,0.2990,7855.8,0.0338,5,0
57.8035,0.324568,59.991679,-0.002526,0.0676,0.2416,7832.4,0.0330,5,0
57.7758,0.324568,59.991676,-0.002535,0.0883,0.1841,7765.6,0.0334,5,0
57.7495,0.324568,59.991672,-0.002544,0.1186,0.1388,7694.7,0.0342,5,0
57.7067,0.326060,59.991669,-0.002552,0.1489,0.0936,7657.7,0.0351,5,0
57.6594,0.326060,59.991666,-0.002561,0.1698,0.0683,7610.5,0.0364,5,0
57.6014,0.326060,59.991663,-0.002569,0.1907,0.0431,7601.5,0.0377,5,0
57.5468,0.326060,59.991660,-0.002578,0.2188,0.0216,7566.8,0.0390,5,0
57.4911,0.326060,59.991657,-0.002587,0.2468,0.0000,7522.5,0.0405,5,0
57.4249,0.326060,59.991654,-0.002595,0.2701,0.0000,7498.8,0.0423,5,0
57.3538,0.326060,59.991652,-0.002604,0.2934,0.0000,7484.4,0.0447,5,0
57.2808,0.326060,59.991649,-0.002612,0.3163,0.0000,7463.3,0.0473,5,0
57.2055,0.326060,59.991646,-0.002621,0.3391,0.0000,7435.9,0.0502,5,0
57.1283,0.326060,59.991643,-0.002630,0.3636,0.0000,7396.2,0.0534,5,0
57.0380,0.327554,59.991641,-0.002638,0.3881,0.0000,7382.7,0.0562,5,0
56.9421,0.327554,59.991638,-0.002647,0.4053,0.0000,7379.8,0.0584,5,0
56.8461,0.327554,59.991635,-0.002656,0.4225,0.0000,7347.4,0.0588,5,0
56.7478,0.327554,59.991633,-0.002664,0.4446,0.0000,7316.0,0.0577,5,1
56.6367,0.327554,59.991630,-0.002673,0.4667,0.0000,7300.2,0.0557,5,1
56.5096,0.327554,59.991627,-0.002681,0.4791,0.0000,7291.7,0.0530,5,1
56.3661,0.327554,59.991625,-0.002690,0.4914,0.0000,7286.4,0.0501,5,1
56.2203,0.327554,59.991622,-0.002698,0.5070,0.0000,7271.4,0.0473,5,1
56.0688,0.327554,59.991620,-0.002707,0.5225,0.0000,7239.6,0.0444,5,1
55.9379,0.327554,59.991617,-0.002716,0.5392,0.0000,7210.6,0.0416,5,1
55.8187,0.329015,59.991614,-0.002724,0.5560,0.0000,7237.6,0.0390,5,1
55.6991,0.329015,59.991612,-0.002733,0.5656,0.0000,7223.0,0.0378,5,1
55.5715,0.329015,59.991609,-0.002741,0.5753,0.0000,7237.2,0.0373,5,1
55.4432,0.329015,59.991607,-0.002750,0.5885,0.0000,7227.7,0.0378,5,1
55.3042,0.329015,59.991604,-0.002758,0.6017,0.0000,7173.1,0.0389,5,1
55.1753,0.329015,59.991601,-0.002767,0.6089,0.0000,7098.7,0.0386,5,1
55.0469,0.329015,59.991599,-0.002775,0.6161,0.0000,7123.3,0.0367,5,0
54.9163,0.329015,59.991596,-0.002784,0.6244,0.0000,7098.3,0.0331,5,0
54.7762,0.329015,59.991593,-0.002792,0.6327,0.0000,7068.4,0.0291,5,0
54.6112,0.329015,59.991591,-0.002800,0.6426,0.0000,7089.1,0.0237,5,0
54.4407,0.330478,59.991588,-0.002809,0.6525,0.0000,7083.0,0.0177,5,0
54.2793,0.330478,59.991585,-0.002817,0.6530,0.0000,7625.6,0.0108,5,0
54.1314,0.330478,59.991582,-0.002826,0.6535,0.0000,8105.9,0.0036,5,0
53.9685,0.330478,59.991580,-0.002834,0.6567,0.0000,8105.0,-0.0030,5,0
53.7983,0.330478,59.991577,-0.002843,0.6598,0.0000,8137.6,-0.0069,5,0
53.6324,0.330478,59.991575,-0.002851,0.6625,0.0000,8118.3,-0.0094,4,0
53.4549,0.330478,59.991572,-0.002859,0.6652,0.0000,8095.2,-0.0107,4,0
53.2965,0.330478,59.991570,-0.002867,0.6708,0.0000,8030.1,-0.0110,4,0
53.1427,0.330478,59.991568,-0.002875,0.6764,0.0000,7968.7,-0.0107,4,0
52.9684,0.330478,59.991566,-0.002884,0.6823,0.0000,7926.3,-0.0099,4,0
52.7961,0.331835,59.991563,-0.002892,0.6882,0.0000,7902.7,-0.0083,4,0
52.6214,0.331835,59.991561,-0.002900,0.6907,0.0000,7871.2,-0.0068,4,0
52.4503,0.331835,59.991559,-0.002908,0.6933,0.0000,7810.2,-0.0054,4,0
52.2934,0.331835,59.991556,-0.002916,0.6978,0.0000,7707.2,-0.0033,4,0
52.1229,0.331835,59.991554,-0.002925,0.7023,0.0000,7718.4,-0.0013,4,0
51.9652,0.331835,59.991552,-0.002933,0.7043,0.0000,7705.1,0.0004,4,0
51.7972,0.331835,59.991549,-0.002941,0.7063,0.0000,7674.6,0.0023,4,0
51.6225,0.331835,59.991547,-0.002948,0.7105,0.0000,7695.3,0.0046,4,0
51.4539,0.331835,59.991544,-0.002956,0.7148,0.0000,7662.8,0.0076,4,0
51.2880,0.331835,59.991542,-0.002964,0.7187,0.0000,7622.3,0.0101,4,0
51.1202,0.333146,59.991540,-0.002972,0.7226,0.0000,7574.6,0.0119,4,0
50.9574,0.333146,59.991537,-0.002980,0.7223,0.0000,7544.5,0.0144,4,0
50.7639,0.333146,59.991535,-0.002988,0.7219,0.0000,7563.2,0.0159,4,0
50.5746,0.333146,59.991532,-0.002996,0.7239,0.0000,7536.3,0.0183,4,0
50.4198,0.333146,59.991530,-0.003004,0.7258,0.0000,7454.4,0.0210,4,0
50.2366,0.333146,59.991528,-0.003012,0.7250,0.0000,7441.1,0.0221,4,0
50.0756,0.333146,59.991526,-0.003019,0.7241,0.0000,7406.1,0.0240,4,0
49.8882,0.333146,59.991524,-0.003027,0.7254,0.0000,7418.6,0.0243,4,0
49.7092,0.333146,59.991522,-0.003035,0.7268,0.0000,7442.5,0.0257,4,0
49.5504,0.333146,59.991520,-0.003042,0.7243,0.0000,7366.7,0.0259,4,0
49.3861,0.334412,59.991518,-0.003050,0.7219,0.0000,7340.9,0.0290,4,0
49.2429,0.334412,59.991516,-0.003058,0.7241,0.0000,7284.5,0.0291,4,0
49.0740,0.334412,59.991514,-0.003065,0.7263,0.0000,7297.8,0.0301,4,0
48.9323,0.334412,59.991512,-0.003073,0.7268,0.0000,7248.5,0.0314,4,0
48.7992,0.334412,59.991510,-0.003081,0.7273,0.0000,7252.9,0.0334,4,0
48.6744,0.334412,59.991508,-0.003088,0.7252,0.0000,7194.2,0.0337,4,0
48.5436,0.334412,59.991505,-0.003095,0.7231,0.0000,7152.4,0.0367,4,0
48.4034,0.334412,59.991503,-0.003103,0.7176,0.0000,7198.7,0.0382,4,0
48.2581,0.334412,59.991500,-0.003110,0.7121,0.0000,7183.0,0.0395,4,0
48.1199,0.334412,59.991498,-0.003118,0.7102,0.0000,7064.7,0.0384,4,0
47.9823,0.335631,59.991496,-0.003125,0.7082,0.0000,7039.4,0.0383,4,0
47.8410,0.335631,59.991493,-0.003133,0.7070,0.0000,7052.7,0.0342,4,0
47.6857,0.335631,59.991491,-0.003140,0.7058,0.0000,7119.8,0.0304,4,0
47.5223,0.335631,59.991488,-0.003147,0.7049,0.0000,7088.9,0.0257,4,0
47.3566,0.335631,59.991486,-0.003155,0.7041,0.0000,7050.9,0.0209,4,0
47.1824,0.335631,59.991484,-0.003162,0.7030,0.0000,7036.3,0.0167,4,0
47.0128,0.335631,59.991481,-0.003169,0.7019,0.0000,7009.1,0.0130,4,0
46.8421,0.335631,59.991479,-0.003176,0.6937,0.0000,6982.9,0.0105,4,0
46.6692,0.335631,59.991477,-0.003184,0.6855,0.0000,7115.5,0.0087,4,0
46.5002,0.335631,59.991475,-0.003191,0.6837,0.0000,7657.6,0.0069,4,0
46.3362,0.336795,59.991472,-0.003198,0.6818,0.0000,8184.1,0.0054,4,0
46.1738,0.336795,59.991470,-0.003205,0.6749,0.0000,8354.4,0.0036,4,0
46.0113,0.336795,59.991468,-0.003212,0.6679,0.0000,8325.2,0.0015,4,0
45.8533,0.336795,59.991465,-0.003219,0.6652,0.0000,8286.1,-0.0014,3,0
45.6931,0.336795,59.991463,-0.003227,0.6625,0.0000,8255.1,-0.0052,3,0
45.5361,0.336795,59.991461,-0.003233,0.6554,0.0000,8222.1,-0.0097,3,0
45.3781,0.336795,59.991458,-0.003240,0.6482,0.0000,8188.9,-0.0146,3,0
45.2220,0.336795,59.991456,-0.003247,0.6388,0.0000,8156.5,-0.0200,3,0
45.0686,0.336795,59.991454,-0.003254,0.6293,0.0000,8128.3,-0.0256,3,0
44.9164,0.336795,59.991452,-0.003261,0.6226,0.0000,8099.6,-0.0314,3,0
44.7684,0.337886,59.991449,-0.003268,0.6159,0.0000,8068.1,-0.0366,3,0
44.6202,0.337886,59.991447,-0.003275,0.6061,0.0000,8036.7,-0.0413,3,0
44.4745,0.337886,59.991445,-0.003282,0.5963,0.0000,8008.5,-0.0454,3,0
44.3318,0.337886,59.991442,-0.003289,0.5899,0.0000,7981.0,-0.0489,3,0
44.1884,0.337886,59.991440,-0.003296,0.5836,0.0000,7954.7,-0.0519,3,0
44.0489,0.337886,59.991438,-0.003302,0.5676,0.0000,7930.1,-0.0537,3,0
43.9111,0.337886,59.991436,-0.003309,0.5516,0.0000,7903.0,-0.0547,3,0
43.7774,0.337886,59.991434,-0.003316,0.5362,0.0000,7878.6,-0.0553,3,0
43.6469,0.337886,59.991432,-0.003322,0.5208,0.0000,7856.8,-0.0559,3,0
43.5201,0.337886,59.991430,-0.003329,0.5087,0.0000,7832.9,-0.0564,3,0
43.3972,0.338915,59.991428,-0.003336,0.4966,0.0000,7811.1,-0.0566,3,0
43.2751,0.338915,59.991426,-0.003342,0.4767,0.0000,7791.4,-0.0570,3,0
43.1570,0.338915,59.991424,-0.003349,0.4568,0.0000,7770.6,-0.0579,3,0
43.0408,0.338915,59.991422,-0.003356,0.4382,0.0000,7755.5,-0.0595,3,0
42.9280,0.338915,59.991420,-0.003362,0.4195,0.0000,7741.0,-0.0619,3,0
42.8212,0.338915,59.991418,-0.003369,0.4020,0.0000,7723.4,-0.0646,3,0
42.7176,0.338915,59.991416,-0.003375,0.3845,0.0000,7706.2,-0.0675,3,0
42.6182,0.338915,59.991414,-0.003382,0.3685,0.0000,7690.0,-0.0706,3,0
42.5208,0.338915,59.991412,-0.003388,0.3525,0.0000,7678.8,-0.0739,3,0
42.4251,0.338915,59.991410,-0.003395,0.3448,0.0000,7668.0,-0.0773,3,0
42.3313,0.339910,59.991408,-0.003401,0.3371,0.0000,7655.0,-0.0802,3,0
42.2380,0.339910,59.991406,-0.003408,0.3227,0.0000,7643.7,-0.0828,3,0
42.1477,0.339910,59.991404,-0.003414,0.3083,0.0000,7633.6,-0.0850,3,0
42.0605,0.339910,59.991402,-0.003421,0.2930,0.0000,7624.3,-0.0869,3,0
41.9754,0.339910,59.991400,-0.003427,0.2776,0.0000,7621.6,-0.0886,3,0
41.8944,0.339910,59.991398,-0.003433,0.2550,0.0000,7615.9,-0.0897,3,0
41.8164,0.339910,59.991396,-0.003440,0.2325,0.0000,7611.2,-0.0899,3,0
41.7416,0.339910,59.991394,-0.003446,0.2176,0.0000,7610.3,-0.0896,3,0
41.6714,0.339910,59.991392,-0.003452,0.2027,0.0000,7608.1,-0.0890,3,0
41.6026,0.339910,59.991390,-0.003458,0.2042,0.0000,7607.1,-0.0884,3,0
41.5348,0.340906,59.991388,-0.003464,0.2058,0.0000,7599.6,-0.0877,3,0
41.4665,0.340906,59.991386,-0.003471,0.2007,0.0000,7590.8,-0.0869,3,0
41.3976,0.340906,59.991384,-0.003477,0.1956,0.0000,7587.9,-0.0860,3,0
41.3313,0.340906,59.991382,-0.003483,0.1921,0.0000,7578.4,-0.0855,3,0
41.2649,0.340906,59.991380,-0.003489,0.1887,0.0000,7576.1,-0.0854,3,0
41.2003,0.340906,59.991378,-0.003495,0.1764,0.0000,7571.4,-0.0855,3,0
41.1386,0.340906,59.991376,-0.003501,0.1641,0.0000,7566.1,-0.0855,3,0
41.0764,0.340906,59.991374,-0.003507,0.1548,0.0000,7572.8,-0.0854,3,0
41.0226,0.340906,59.991372,-0.003513,0.1455,0.0000,7554.5,-0.0855,3,0
40.9678,0.340906,59.991370,-0.003519,0.1405,0.0000,7542.6,-0.0860,3,0
40.9105,0.341956,59.991368,-0.003525,0.1355,0.0000,7544.6,-0.0870,3,0
40.8549,0.341956,59.991366,-0.003531,0.1226,0.0000,7551.6,-0.0883,3,0
40.8043,0.341956,59.991364,-0.003537,0.1097,0.0000,7547.5,-0.0902,3,0
40.7554,0.341956,59.991362,-0.003543,0.1056,0.0000,7540.7,-0.0922,3,0
40.7141,0.341956,59.991360,-0.003549,0.1016,0.0000,7513.8,-0.0948,3,0
40.6635,0.341956,59.991358,-0.003555,0.1053,0.0000,7513.9,-0.0977,3,0
40.6142,0.341956,59.991355,-0.003561,0.1091,0.0000,7517.2,-0.1006,3,0
40.5657,0.341956,59.991353,-0.003566,0.1138,0.0000,7511.6,-0.1037,3,0
40.5145,0.341956,59.991351,-0.003572,0.1184,0.0000,7500.7,-0.1063,3,0
40.4666,0.341956,59.991349,-0.003578,0.1222,0.0000,7477.5,-0.1089,3,0
40.4165,0.343053,59.991346,-0.003584,0.1260,0.0000,7462.1,-0.1114,3,0
40.3619,0.343053,59.991344,-0.003589,0.1194,0.0000,7464.8,-0.1136,3,0
40.3116,0.343053,59.991342,-0.003595,0.1128,0.0000,7464.9,-0.1157,3,0
40.2615,0.343053,59.991339,-0.003601,0.1123,0.0000,7458.1,-0.1175,3,0
40.2138,0.343053,59.991337,-0.003607,0.1118,0.0000,7447.6,-0.1197,3,0
40.1674,0.343053,59.991335,-0.003612,0.1075,0.0000,7431.0,-0.1222,3,0
40.1185,0.343053,59.991332,-0.003618,0.1033,0.0000,7427.4,-0.1249,3,0
40.0704,0.343053,59.991330,-0.003623,0.0991,0.0000,7424.1,-0.1278,3,0
40.0244,0.343053,59.991328,-0.003629,0.0950,0.0000,7412.3,-0.1310,3,0
39.9788,0.343053,59.991326,-0.003634,0.0899,0.0000,7401.2,-0.1345,3,0
39.9322,0.344146,59.991323,-0.003640,0.0848,0.0000,7394.7,-0.1380,3,0
39.8875,0.344146,59.991321,-0.003645,0.0764,0.0000,7387.0,-0.1412,3,0
39.8428,0.344146,59.991319,-0.003651,0.0681,0.0000,7382.5,-0.1439,3,0
39.7980,0.344146,59.991316,-0.003656,0.0597,0.0000,7381.9,-0.1457,3,0
39.7520,0.344146,59.991314,-0.003662,0.0513,0.0000,7377.0,-0.1474,3,0
39.7082,0.344146,59.991311,-0.003667,0.0437,0.0000,7375.4,-0.1485,3,0
39.6721,0.344146,59.991309,-0.003672,0.0361,0.0000,7370.3,-0.1496,3,0
39.6421,0.344146,59.991306,-0.003677,0.0305,0.0000,7373.2,-0.1493,3,0
39.5903,0.344146,59.991303,-0.003683,0.0249,0.0000,7373.8,-0.1494,3,0
39.5605,0.344146,59.991301,-0.003688,0.0215,0.0000,7374.4,-0.1494,3,0
39.5267,0.345225,59.991298,-0.003693,0.0181,0.0000,7379.2,-0.1477,3,0
39.4935,0.345225,59.991295,-0.003698,0.0100,0.0000,7387.6,-0.1460,3,0
39.4487,0.345225,59.991292,-0.003704,0.0020,0.0000,7395.0,-0.1440,3,0
39.4123,0.345225,59.991290,-0.003709,0.0010,0.0000,7409.2,-0.1424,3,0
39.3625,0.345225,59.991287,-0.003714,0.0000,0.0000,7456.5,-0.1394,3,0
39.3438,0.345225,59.991285,-0.003719,0.0000,0.0000,7449.5,-0.1366,3,0
39.3198,0.345225,59.991282,-0.003724,0.0000,0.0000,7437.2,-0.1334,3,0
39.2893,0.345225,59.991280,-0.003729,0.0000,0.0000,7424.7,-0.1313,3,0
39.2593,0.345225,59.991278,-0.003734,0.0000,0.0000,7416.9,-0.1287,3,0
39.2212,0.345225,59.991276,-0.003739,0.0000,0.0000,7448.7,-0.1267,3,0
39.1968,0.346189,59.991273,-0.003744,0.0000,0.0000,7419.1,-0.1256,3,0
39.1635,0.346189,59.991271,-0.003749,0.0000,0.0000,7432.8,-0.1246,3,0
39.1396,0.346189,59.991269,-0.003754,0.0000,0.0000,7418.6,-0.1253,3,0
39.1130,0.346189,59.991266,-0.003759,0.0000,0.0000,7387.3,-0.1263,3,0
39.0860,0.346189,59.991264,-0.003764,0.0000,0.0000,7381.6,-0.1289,3,0
39.0608,0.346189,59.991261,-0.003769,0.0000,0.0000,7363.4,-0.1323,3,0
39.0361,0.346189,59.991259,-0.003773,0.0000,0.0000,7346.8,-0.1364,3,0
39.0103,0.346189,59.991256,-0.003778,0.0000,0.0000,7332.4,-0.1411,3,0
38.9879,0.346189,59.991254,-0.003783,0.0000,0.0000,7311.7,-0.1466,3,0
38.9642,0.346189,59.991251,-0.003788,0.0000,0.0000,7292.3,-0.1519,3,0
38.9408,0.347251,59.991248,-0.003792,0.0000,0.0000,7275.0,-0.1577,3,0
38.9189,0.347251,59.991246,-0.003797,0.0000,0.0044,7248.8,-0.1634,3,0
38.8943,0.347251,59.991243,-0.003802,0.0000,0.0087,7235.0,-0.1687,3,0
38.8671,0.347251,59.991241,-0.003807,0.0000,0.0118,7235.7,-0.1736,3,0
38.8421,0.347251,59.991238,-0.003811,0.0000,0.0149,7222.8,-0.1779,3,0
38.8185,0.347251,59.991235,-0.003816,0.0000,0.0171,7198.7,-0.1808,3,0
38.7911,0.347251,59.991232,-0.003821,0.0000,0.0192,7191.9,-0.1840,3,0
38.7610,0.347251,59.991230,-0.003825,0.0000,0.0210,7178.5,-0.1857,3,0
38.7309,0.347251,59.991227,-0.003830,0.0000,0.0229,7166.8,-0.1859,3,0
38.6940,0.347251,59.991224,-0.003834,0.0000,0.0241,7162.4,-0.1840,3,0
38.6584,0.348303,59.991221,-0.003839,0.0000,0.0254,7168.3,-0.1815,3,0
38.6219,0.348303,59.991218,-0.003843,0.0000,0.0263,7173.5,-0.1786,3,0
38.5871,0.348303,59.991216,-0.003848,0.0000,0.0272,7171.5,-0.1752,3,0
38.5502,0.348303,59.991213,-0.003853,0.0000,0.0294,7169.0,-0.1701,3,0
38.5180,0.348303,59.991210,-0.003857,0.0000,0.0316,7167.8,-0.1646,3,0
38.4773,0.348303,59.991207,-0.003862,0.0000,0.0356,7173.1,-0.1591,3,0
38.4468,0.348303,59.991205,-0.003866,0.0000,0.0396,7195.2,-0.1532,3,0
38.4147,0.348303,59.991202,-0.003870,0.0000,0.0462,7203.0,-0.1487,3,0
38.3822,0.348303,59.991200,-0.003875,0.0000,0.0527,7202.0,-0.1453,3,0
38.3487,0.348303,59.991197,-0.003879,0.0000,0.0610,7207.8,-0.1425,3,0
38.3070,0.349350,59.991194,-0.003883,0.0000,0.0692,7240.1,-0.1417,3,0
38.2699,0.349350,59.991192,-0.003888,0.0000,0.0770,7248.9,-0.1413,3,0
38.2452,0.349350,59.991189,-0.003892,0.0000,0.0847,7231.4,-0.1424,3,0
38.2198,0.349350,59.991187,-0.003896,0.0000,0.0904,7226.5,-0.1437,3,0
38.1945,0.349350,59.991184,-0.003901,0.0000,0.0962,7204.4,-0.1471,3,0
38.1710,0.349350,59.991181,-0.003905,0.0000,0.1027,7198.5,-0.1505,3,0
38.1484,0.349350,59.991179,-0.003909,0.0000,0.1091,7192.5,-0.1549,3,0
38.1285,0.349350,59.991176,-0.003913,0.0000,0.1217,7169.4,-0.1598,3,0
38.1070,0.349350,59.991174,-0.003917,0.0000,0.1343,7167.4,-0.1647,3,0
38.0918,0.349350,59.991171,-0.003921,0.0000,0.1544,7143.7,-0.1691,3,0
38.0704,0.350388,59.991168,-0.003925,0.0000,0.1744,7154.6,-0.1725,3,0
38.0545,0.350388,59.991166,-0.003929,0.0000,0.1992,7151.4,-0.1755,3,0
38.0378,0.350388,59.991163,-0.003934,0.0000,0.2240,7147.9,-0.1788,3,0
38.0242,0.350388,59.991161,-0.003938,0.0000,0.2490,7148.1,-0.1806,3,0
38.0094,0.350388,59.991158,-0.003942,0.0000,0.2740,7161.8,-0.1829,3,0
37.9966,0.350388,59.991155,-0.003946,0.0000,0.2988,7161.2,-0.1844,3,0
37.9916,0.350388,59.991152,-0.003950,0.0000,0.3236,7142.2,-0.1847,3,0
37.9736,0.350388,59.991150,-0.003953,0.0000,0.3413,7166.1,-0.1845,3,0
37.9618,0.350388,59.991147,-0.003957,0.0000,0.3591,7155.6,-0.1830,3,0
37.9441,0.350388,59.991144,-0.003961,0.0000,0.3796,7189.5,-0.1794,3,0
37.9345,0.351385,59.991141,-0.003965,0.0000,0.4002,7194.0,-0.1751,3,0
37.9254,0.351385,59.991138,-0.003969,0.0000,0.4174,7208.2,-0.1700,3,0
37.9240,0.351385,59.991136,-0.003973,0.0000,0.4346,7190.5,-0.1641,3,0
37.9219,0.351385,59.991133,-0.003977,0.0000,0.4488,7183.0,-0.1581,3,0
37.9191,0.351385,59.991130,-0.003981,0.0000,0.4630,7186.7,-0.1520,3,0
37.9166,0.351385,59.991127,-0.003985,0.0000,0.4741,7194.8,-0.1461,3,0
37.9165,0.351385,59.991124,-0.003988,0.0000,0.4851,7196.3,-0.1409,3,0
37.9152,0.351385,59.991121,-0.003992,0.0000,0.4935,7204.9,-0.1366,3,0
37.9147,0.351385,59.991118,-0.003996,0.0000,0.5018,7216.8,-0.1336,3,0
37.9172,0.351385,59.991115,-0.003999,0.0000,0.5071,7224.2,-0.1320,3,0
37.9217,0.352288,59.991112,-0.004003,0.0000,0.5123,7224.2,-0.1315,3,0
37.9265,0.352288,59.991109,-0.004007,0.0000,0.5145,7225.8,-0.1321,3,0
37.9316,0.352288,59.991106,-0.004010,0.0000,0.5166,7223.4,-0.1336,3,0
37.9363,0.352288,59.991103,-0.004014,0.0000,0.5198,7220.9,-0.1359,3,0
37.9412,0.352288,59.991100,-0.004018,0.0000,0.5231,7222.8,-0.1387,3,0
37.9476,0.352288,59.991097,-0.004021,0.0000,0.5288,7219.8,-0.1418,3,0
37.9543,0.352288,59.991095,-0.004024,0.0000,0.5345,7217.5,-0.1450,3,0
37.9608,0.352288,59.991092,-0.004028,0.0000,0.5446,7216.5,-0.1480,3,0
37.9686,0.352288,59.991090,-0.004031,0.0000,0.5548,7211.1,-0.1508,3,0
37.9757,0.352288,59.991087,-0.004035,0.0000,0.5660,7211.6,-0.1532,3,0
37.9833,0.353225,59.991084,-0.004038,0.0000,0.5772,7213.6,-0.1550,3,0
37.9919,0.353225,59.991082,-0.004042,0.0000,0.5894,7214.3,-0.1562,3,0
38.0000,0.353225,59.991079,-0.004045,0.0000,0.6016,7222.9,-0.1565,3,0
38.0078,0.353225,59.991077,-0.004049,0.0000,0.6146,7232.2,-0.1565,3,0
38.0167,0.353225,59.991074,-0.004052,0.0000,0.6275,7241.0,-0.1560,3,0
38.0266,0.353225,59.991071,-0.004055,0.0000,0.6380,7249.0,-0.1554,3,0
38.0384,0.353225,59.991068,-0.004058,0.0000,0.6485,7254.5,-0.1545,3,0
38.0505,0.353225,59.991065,-0.004062,0.0000,0.6637,7263.9,-0.1535,3,0
38.0628,0.353225,59.991062,-0.004065,0.0000,0.6790,7273.3,-0.1525,3,0
38.0750,0.353225,59.991058,-0.004068,0.0000,0.6967,7287.3,-0.1517,3,0
38.0892,0.354131,59.991055,-0.004071,0.0000,0.7144,7298.1,-0.1512,3,0
38.1040,0.354131,59.991052,-0.004075,0.0000,0.7357,7313.1,-0.1508,3,0
38.1198,0.354131,59.991049,-0.004078,0.0000,0.7570,7328.1,-0.1506,3,0
38.1378,0.354131,59.991046,-0.004081,0.0000,0.7803,7341.0,-0.1504,3,0
38.1555,0.354131,59.991043,-0.004084,0.0000,0.8036,7354.8,-0.1504,3,0
38.1754,0.354131,59.991040,-0.004087,0.0000,0.8278,7367.9,-0.1508,3,0
38.1962,0.354131,59.991037,-0.004091,0.0000,0.8519,7381.4,-0.1513,3,0
38.2197,0.354131,59.991034,-0.004094,0.0000,0.8740,7396.0,-0.1519,3,0
38.2447,0.354131,59.991031,-0.004097,0.0000,0.8961,7408.1,-0.1524,3,0
38.2702,0.354131,59.991028,-0.004100,0.0000,0.9098,7424.1,-0.1529,3,0
38.2972,0.355025,59.991025,-0.004103,0.0000,0.9234,7433.7,-0.1536,3,0
38.3233,0.355025,59.991022,-0.004106,0.0000,0.9392,7449.9,-0.1544,3,0
38.3495,0.355025,59.991019,-0.004109,0.0000,0.9551,7469.5,-0.1553,3,0
38.3787,0.355025,59.991016,-0.004112,0.0000,0.9673,7476.3,-0.1562,3,0
38.4087,0.355025,59.991013,-0.004115,0.0000,0.9795,7484.4,-0.1571,3,0
38.4387,0.355025,59.991010,-0.004118,0.0000,0.9898,7494.3,-0.1582,3,0
38.4683,0.355025,59.991007,-0.004121,0.0000,1.0000,7505.0,-0.1597,3,0
38.4981,0.355025,59.991004,-0.004124,0.0000,1.0000,7515.7,-0.1615,3,0
38.5279,0.355025,59.991001,-0.004127,0.0000,1.0000,7525.7,-0.1634,3,0
38.5578,0.355025,59.990998,-0.004129,0.0000,1.0000,7536.7,-0.1656,3,0
38.5874,0.355933,59.990994,-0.004132,0.0000,1.0000,7550.9,-0.1679,3,0
38.6172,0.355933,59.990991,-0.004135,0.0000,1.0000,7563.4,-0.1705,3,0
38.6453,0.355933,59.990988,-0.004138,0.0000,1.0000,7581.4,-0.1732,3,0
38.6741,0.355933,59.990985,-0.004141,0.0000,1.0000,7560.6,-0.1757,3,0
38.6984,0.355933,59.990982,-0.004144,0.0000,1.0000,7555.7,-0.1779,3,0
38.7203,0.355933,59.990979,-0.004147,0.0000,1.0000,7596.8,-0.1797,3,0
38.7443,0.355933,59.990975,-0.004150,0.0000,1.0000,7574.3,-0.1810,3,0
38.7651,0.355933,59.990972,-0.004152,0.0000,1.0000,7604.1,-0.1819,3,0
38.7860,0.355933,59.990968,-0.004155,0.0000,1.0000,7593.2,-0.1823,3,0
38.8077,0.355933,59.990965,-0.004158,0.0000,1.0000,7616.7,-0.1822,3,0
38.8283,0.356831,59.990962,-0.004161,0.0000,1.0000,7586.7,-0.1814,3,0
38.8473,0.356831,59.990958,-0.004163,0.0000,1.0000,7614.0,-0.1803,3,0
38.8669,0.356831,59.990955,-0.004166,0.0000,1.0000,7612.5,-0.1790,3,0
38.8858,0.356831,59.990951,-0.004169,0.0000,1.0000,7624.7,-0.1775,3,0
38.9044,0.356831,59.990948,-0.004172,0.0000,1.0000,7638.7,-0.1758,3,0
38.9230,0.356831,59.990945,-0.004174,0.0000,1.0000,7620.1,-0.1741,3,0
38.9411,0.356831,59.990942,-0.004177,0.0000,1.0000,7635.8,-0.1724,3,0
38.9587,0.356831,59.990939,-0.004180,0.0000,1.0000,7651.8,-0.1708,3,0
38.9756,0.356831,59.990936,-0.004182,0.0000,1.0000,7637.5,-0.1694,3,0
38.9922,0.356831,59.990933,-0.004185,0.0000,1.0000,7642.4,-0.1680,3,0
39.0073,0.357733,59.990929,-0.004188,0.0000,1.0000,7645.8,-0.1666,3,0
39.0221,0.357733,59.990926,-0.004190,0.0000,1.0000,7662.2,-0.1650,3,0
39.0377,0.357733,59.990923,-0.004193,0.0000,1.0000,7646.2,-0.1634,3,0
39.0523,0.357733,59.990920,-0.004195,0.0000,1.0000,7654.0,-0.1618,3,0
39.0665,0.357733,59.990917,-0.004198,0.0000,1.0000,7665.5,-0.1595,3,0
39.0804,0.357733,59.990914,-0.004200,0.0000,1.0000,7656.6,-0.1567,3,0
39.0936,0.357733,59.990910,-0.004203,0.0000,1.0000,7667.2,-0.1532,3,0
39.1064,0.357733,59.990907,-0.004205,0.0000,1.0000,7681.4,-0.1494,3,0
39.1046,0.357733,59.990903,-0.004208,0.0000,1.0000,7668.8,-0.1453,3,0
39.1149,0.357733,59.990900,-0.004210,0.0000,1.0000,7679.1,-0.1407,3,0
39.1247,0.358647,59.990897,-0.004213,0.0000,1.0000,7653.0,-0.1361,3,0
39.1186,0.358647,59.990893,-0.004215,0.0000,1.0000,7658.4,-0.1294,3,0
39.1348,0.358647,59.990890,-0.004218,0.0000,1.0000,7660.0,-0.1220,3,0
39.1493,0.358647,59.990886,-0.004220,0.0000,1.0000,7679.9,-0.1164,3,0
39.1817,0.358647,59.990883,-0.004222,0.0000,1.0000,7628.5,-0.1093,3,0
39.2024,0.358647,59.990880,-0.004225,0.0000,1.0000,7669.3,-0.1058,3,0
39.2073,0.358647,59.990877,-0.004227,0.0000,1.0000,7742.2,-0.1049,3,0
39.2301,0.358647,59.990874,-0.004229,0.0000,1.0000,7691.8,-0.1046,3,0
39.2426,0.358647,59.990871,-0.004231,0.0000,1.0000,7715.4,-0.1063,3,0
39.2586,0.358647,59.990867,-0.004234,0.0000,1.0000,7693.7,-0.1112,3,0
39.2835,0.359585,59.990864,-0.004236,0.0000,1.0000,7665.7,-0.1161,3,0
39.3008,0.359585,59.990861,-0.004238,0.0000,1.0000,7667.1,-0.1224,3,0
39.3264,0.359585,59.990858,-0.004240,0.0000,1.0000,7679.7,-0.1293,3,0
39.3543,0.359585,59.990855,-0.004242,0.0000,1.0000,7670.7,-0.1369,3,0
39.3770,0.359585,59.990852,-0.004245,0.0000,1.0000,7702.3,-0.1437,3,0
39.4134,0.359585,59.990849,-0.004247,0.0000,1.0000,7690.4,-0.1501,3,0
39.4479,0.359585,59.990845,-0.004249,0.0000,1.0000,7674.3,-0.1560,3,0
39.4755,0.359585,59.990842,-0.004251,0.0000,1.0000,7650.9,-0.1600,3,0
39.4881,0.359585,59.990838,-0.004253,0.0000,1.0000,7656.6,-0.1612,3,0
39.4856,0.359585,59.990835,-0.004255,0.0000,1.0000,7706.4,-0.1596,3,0
39.5208,0.360521,59.990832,-0.004257,0.0000,1.0000,7695.2,-0.1541,3,0
39.5416,0.360521,59.990828,-0.004259,0.0000,1.0000,7676.8,-0.1464,3,0
39.5742,0.360521,59.990825,-0.004261,0.0000,1.0000,7708.7,-0.1366,3,0
39.6132,0.360521,59.990821,-0.004263,0.0000,1.0000,7720.3,-0.1251,3,0
39.6407,0.360521,59.990818,-0.004265,0.0000,1.0000,7759.5,-0.1147,3,0
39.6631,0.360521,59.990815,-0.004267,0.0000,1.0000,7765.6,-0.1063,3,0
39.6716,0.360521,59.990811,-0.004268,0.0000,1.0000,7813.0,-0.1014,3,0
39.7112,0.360521,59.990808,-0.004270,0.0000,1.0000,7724.2,-0.0984,3,0
39.7478,0.360521,59.990804,-0.004272,0.0000,1.0000,7715.0,-0.0985,3,0
39.7794,0.360521,59.990801,-0.004274,0.0000,1.0000,7729.6,-0.1007,3,0
39.8049,0.361469,59.990798,-0.004276,0.0000,1.0000,7770.4,-0.1045,3,0
39.8173,0.361469,59.990794,-0.004278,0.0000,1.0000,7846.5,-0.1097,3,0
39.8234,0.361469,59.990791,-0.004280,0.0000,1.0000,7901.3,-0.1157,3,0
39.8230,0.361469,59.990787,-0.004281,0.0000,1.0000,7978.7,-0.1221,3,0
39.8258,0.361469,59.990784,-0.004283,0.0000,1.0000,8036.2,-0.1288,3,0
39.8256,0.361469,59.990781,-0.004285,0.0000,1.0000,8111.7,-0.1357,3,0
39.8247,0.361469,59.990777,-0.004287,0.0000,1.0000,8190.3,-0.1421,3,0
39.8226,0.361469,59.990774,-0.004288,0.0000,1.0000,8263.2,-0.1482,3,0
39.8275,0.361469,59.990770,-0.004290,0.0000,1.0000,8317.7,-0.1530,3,0
39.8404,0.361469,59.990767,-0.004292,0.0000,1.0000,8324.7,-0.1583,3,0
39.8650,0.362424,59.990764,-0.004294,0.0000,1.0000,8267.2,-0.1617,3,0
39.8805,0.362424,59.990760,-0.004295,0.0000,1.0000,8233.8,-0.1635,3,0
39.9186,0.362424,59.990757,-0.004297,0.0000,1.0000,8099.1,-0.1637,3,0
39.9614,0.362424,59.990753,-0.004299,0.0000,1.0000,7937.5,-0.1608,3,0
40.0017,0.362424,59.990750,-0.004301,0.0000,1.0000,7792.6,-0.1566,3,0
40.0352,0.362424,59.990747,-0.004302,0.0000,1.0000,7722.4,-0.1494,3,0
40.0598,0.362424,59.990743,-0.004304,0.0000,1.0000,7727.4,-0.1415,3,0
40.0851,0.362424,59.990739,-0.004305,0.0000,1.0000,7745.7,-0.1322,3,0
40.1069,0.362424,59.990736,-0.004307,0.0000,1.0000,7781.9,-0.1218,3,0
40.1310,0.362424,59.990733,-0.004308,0.0000,1.0000,7816.6,-0.1114,3,0
40.1505,0.363397,59.990729,-0.004310,0.0000,1.0000,7851.3,-0.1009,3,0
40.1749,0.363397,59.990726,-0.004312,0.0000,1.0000,7847.3,-0.0911,3,0
40.1960,0.363397,59.990722,-0.004313,0.0000,1.0000,7855.7,-0.0824,3,0
40.2303,0.363397,59.990718,-0.004315,0.0000,1.0000,7858.2,-0.0753,3,0
40.2573,0.363397,59.990715,-0.004316,0.0000,1.0000,7878.5,-0.0694,3,1
40.2910,0.363397,59.990711,-0.004318,0.0000,1.0000,7867.2,-0.0652,3,0
40.3255,0.363397,59.990707,-0.004319,0.0000,1.0000,7863.8,-0.0630,3,1
40.2692,0.363397,59.990704,-0.004320,0.0000,1.0000,7881.1,-0.0618,3,1
40.1651,0.363397,59.990700,-0.004322,0.0000,1.0000,7885.4,-0.0615,3,1
40.1030,0.363397,59.990696,-0.004323,0.0000,1.0000,7802.2,-0.0614,3,1
40.1142,0.364373,59.990692,-0.004324,0.0000,1.0000,7814.1,-0.0614,3,1
40.1498,0.364373,59.990688,-0.004326,0.0000,1.0000,7837.4,-0.0621,3,1
40.1801,0.364373,59.990685,-0.004327,0.0000,1.0000,7911.4,-0.0642,3,1
40.2155,0.364373,59.990681,-0.004328,0.0000,1.0000,7843.6,-0.0677,3,1
40.2543,0.364373,59.990677,-0.004330,0.0000,1.0000,7831.1,-0.0714,3,1
40.2744,0.364373,59.990674,-0.004331,0.0000,1.0000,7892.8,-0.0758,3,1
40.2935,0.364373,59.990670,-0.004332,0.0000,1.0000,7898.7,-0.0809,3,1
40.3227,0.364373,59.990667,-0.004333,0.0000,1.0000,7897.6,-0.0858,3,1
40.3713,0.364373,59.990663,-0.004334,0.0000,1.0000,7837.9,-0.0901,3,1
40.3971,0.364373,59.990660,-0.004336,0.0000,1.0000,7854.2,-0.0947,3,1
40.4281,0.365363,59.990657,-0.004337,0.0000,1.0000,7857.8,-0.0961,3,1
40.4693,0.365363,59.990653,-0.004338,0.0000,1.0000,7809.4,-0.0959,3,1
40.5089,0.365363,59.990650,-0.004339,0.0000,1.0000,7788.2,-0.0947,3,1
40.5509,0.365363,59.990646,-0.004340,0.0000,1.0000,7752.2,-0.0929,3,1
40.5779,0.365363,59.990643,-0.004342,0.0000,1.0000,7793.8,-0.0894,3,1
40.5869,0.365363,59.990640,-0.004343,0.0000,1.0000,7902.3,-0.0862,3,1
40.5988,0.365363,59.990636,-0.004344,0.0000,1.0000,8001.7,-0.0817,3,0
40.5964,0.365363,59.990633,-0.004345,0.0000,1.0000,8098.4,-0.0790,3,0
40.5992,0.365363,59.990630,-0.004346,0.0000,1.0000,8168.7,-0.0765,3,0
40.5976,0.365363,59.990626,-0.004347,0.0000,1.0000,8252.6,-0.0757,3,0
40.5987,0.366364,59.990623,-0.004349,0.0000,1.0000,8327.1,-0.0755,3,1
40.6080,0.366364,59.990620,-0.004350,0.0000,1.0000,8366.5,-0.0764,3,1
40.6129,0.366364,59.990617,-0.004351,0.0000,1.0000,8418.3,-0.0785,3,1
40.6307,0.366364,59.990613,-0.004352,0.0000,1.0000,8417.3,-0.0814,3,1
40.6393,0.366364,59.990610,-0.004353,0.0000,1.0000,8452.9,-0.0850,3,1
40.6836,0.366364,59.990606,-0.004354,0.0000,1.0000,8327.7,-0.0893,3,1
40.7377,0.366364,59.990602,-0.004355,0.0000,1.0000,8165.0,-0.0935,3,1
40.7679,0.366364,59.990598,-0.004357,0.0000,1.0000,8119.1,-0.0984,3,1
40.7898,0.366364,59.990594,-0.004358,0.0000,1.0000,8061.9,-0.1034,3,1
40.8104,0.366364,59.990590,-0.004359,0.0000,1.0000,7976.1,-0.1056,3,1
40.8375,0.367368,59.990586,-0.004360,0.0000,1.0000,7982.4,-0.1026,3,1
40.8549,0.367368,59.990582,-0.004361,0.0000,1.0000,8041.2,-0.1064,3,0
40.8647,0.367368,59.990578,-0.004362,0.0000,1.0000,8093.9,-0.1076,3,0
40.8707,0.367368,59.990574,-0.004364,0.0000,1.0000,8158.8,-0.1067,3,1
40.8989,0.367368,59.990570,-0.004365,0.0000,1.0000,8100.4,-0.1067,3,1
40.9368,0.367368,59.990567,-0.004366,0.0000,1.0000,7987.1,-0.1069,3,0
40.9548,0.367368,59.990563,-0.004367,0.0000,1.0000,8017.2,-0.1068,3,0
41.0265,0.367368,59.990560,-0.004368,0.0000,1.0000,7879.6,-0.1073,3,0
41.0633,0.367368,59.990556,-0.004369,0.0000,1.0000,7887.5,-0.1080,3,0
41.0679,0.367368,59.990553,-0.004370,0.0000,1.0000,8037.2,-0.1094,3,0
41.0703,0.368372,59.990550,-0.004372,0.0000,1.0000,8134.2,-0.1116,3,0
41.0719,0.368372,59.990546,-0.004373,0.0000,1.0000,8217.7,-0.1143,3,0
41.0674,0.368372,59.990543,-0.004374,0.0000,1.0000,8329.6,-0.1172,3,0
41.0567,0.368372,59.990539,-0.004375,0.0000,1.0000,8468.6,-0.1206,3,0
41.0575,0.368372,59.990536,-0.004376,0.0000,1.0000,8551.6,-0.1243,3,0
41.0629,0.368372,59.990532,-0.004377,0.0000,1.0000,8613.9,-0.1278,3,0
41.0591,0.368372,59.990528,-0.004378,0.0000,1.0000,8717.5,-0.1315,3,0
41.0489,0.368372,59.990525,-0.004380,0.0000,1.0000,8843.5,-0.1346,3,0
41.0366,0.368372,59.990521,-0.004381,0.0000,1.0000,8970.9,-0.1369,3,0
41.0261,0.368372,59.990517,-0.004382,0.0000,1.0000,9088.5,-0.1382,3,0
41.0177,0.369381,59.990513,-0.004383,0.0000,1.0000,9194.6,-0.1385,3,0
41.0121,0.369381,59.990509,-0.004384,0.0000,1.0000,9285.2,-0.1378,3,0
41.0098,0.369381,59.990506,-0.004385,0.0000,1.0000,9360.0,-0.1362,3,0
41.0104,0.369381,59.990502,-0.004386,0.0000,1.0000,9363.5,-0.1332,3,0
41.0160,0.369381,59.990498,-0.004387,0.0000,1.0000,9254.8,-0.1294,3,0
41.0198,0.369381,59.990494,-0.004389,0.0000,1.0000,9139.6,-0.1245,3,0
41.0228,0.369381,59.990490,-0.004390,0.0000,1.0000,9006.0,-0.1183,3,0
41.0567,0.369381,59.990487,-0.004391,0.0000,1.0000,8737.8,-0.1105,3,0
41.1184,0.369381,59.990483,-0.004392,0.0000,1.0000,8411.2,-0.1018,3,0
41.1918,0.369381,59.990479,-0.004393,0.0000,1.0000,8154.3,-0.0923,3,0
41.2235,0.370392,59.990475,-0.004394,0.0000,1.0000,8085.4,-0.0826,3,0
41.2507,0.370392,59.990471,-0.004395,0.0000,1.0000,8063.5,-0.0739,3,0
41.2860,0.370392,59.990468,-0.004396,0.0000,1.0000,8059.5,-0.0665,3,0
41.3236,0.370392,59.990464,-0.004397,0.0000,1.0000,8048.9,-0.0604,3,0
41.3621,0.370392,59.990460,-0.004398,0.0000,1.0000,8037.0,-0.0558,3,0
41.3993,0.370392,59.990457,-0.004399,0.0000,1.0000,8031.7,-0.0526,3,0
41.4369,0.370392,59.990453,-0.004400,0.0000,1.0000,8027.6,-0.0507,3,0
41.4768,0.370392,59.990449,-0.004401,0.0000,1.0000,8014.2,-0.0496,3,0
41.5149,0.370392,59.990446,-0.004402,0.0000,1.0000,8009.8,-0.0493,3,0
41.5519,0.370392,59.990443,-0.004403,0.0000,1.0000,8009.3,-0.0492,3,0
41.5885,0.371408,59.990439,-0.004403,0.0000,1.0000,8010.8,-0.0492,3,0
41.6246,0.371408,59.990436,-0.004404,0.0000,1.0000,8014.9,-0.0492,3,0
41.6625,0.371408,59.990432,-0.004405,0.0000,1.0000,8014.4,-0.0495,3,0
41.7001,0.371408,59.990429,-0.004406,0.0000,1.0000,8015.5,-0.0500,3,0
41.7371,0.371408,59.990425,-0.004407,0.0000,1.0000,8017.6,-0.0510,3,0
41.7747,0.371408,59.990421,-0.004408,0.0000,1.0000,8017.6,-0.0525,3,0
41.8113,0.371408,59.990417,-0.004408,0.0000,1.0000,8021.9,-0.0544,3,0
41.8504,0.371408,59.990414,-0.004409,0.0000,1.0000,8016.1,-0.0569,3,0
41.8875,0.371408,59.990410,-0.004410,0.0000,1.0000,8019.1,-0.0596,3,0
41.9252,0.371408,59.990406,-0.004410,0.0000,1.0000,8018.7,-0.0625,3,0
41.9634,0.372434,59.990402,-0.004411,0.0000,1.0000,8018.4,-0.0655,3,0
42.0002,0.372434,59.990398,-0.004412,0.0000,1.0000,8022.6,-0.0686,3,0
42.0395,0.372434,59.990395,-0.004413,0.0000,1.0000,8020.8,-0.0717,3,0
42.0773,0.372434,59.990391,-0.004413,0.0000,1.0000,8022.5,-0.0748,3,0
42.1150,0.372434,59.990387,-0.004414,0.0000,1.0000,8021.9,-0.0777,3,0
42.1504,0.372434,59.990383,-0.004415,0.0000,1.0000,8021.5,-0.0800,3,0
42.1850,0.372434,59.990380,-0.004415,0.0000,1.0000,8024.4,-0.0812,3,0
42.2229,0.372434,59.990376,-0.004416,0.0000,1.0000,8022.6,-0.0812,3,0
42.2554,0.372434,59.990372,-0.004416,0.0000,1.0000,8038.4,-0.0800,3,0
42.2849,0.372434,59.990369,-0.004417,0.0000,1.0000,8060.2,-0.0777,3,0
42.3199,0.373475,59.990365,-0.004417,0.0000,1.0000,8060.7,-0.0743,3,0
42.3567,0.373475,59.990361,-0.004418,0.0000,1.0000,8056.7,-0.0705,3,0
42.3960,0.373475,59.990357,-0.004418,0.0000,1.0000,8050.1,-0.0666,3,0
42.4327,0.373475,59.990354,-0.004419,0.0000,1.0000,8056.6,-0.0632,3,0
42.4648,0.373475,59.990350,-0.004420,0.0000,1.0000,8081.9,-0.0605,3,0
42.4959,0.373475,59.990346,-0.004420,0.0000,1.0000,8115.4,-0.0590,3,0
42.5297,0.373475,59.990342,-0.004420,0.0000,1.0000,8135.7,-0.0590,3,0
42.5674,0.373475,59.990338,-0.004421,0.0000,1.0000,8140.8,-0.0604,3,0
42.6061,0.373475,59.990334,-0.004421,0.0000,1.0000,8141.2,-0.0633,3,0
42.6463,0.373475,59.990330,-0.004422,0.0000,1.0000,8134.6,-0.0674,3,0
42.6832,0.374519,59.990326,-0.004422,0.0000,1.0000,8140.6,-0.0726,3,0
42.7213,0.374519,59.990322,-0.004423,0.0000,1.0000,8141.5,-0.0788,3,0
42.7610,0.374519,59.990318,-0.004423,0.0000,1.0000,8133.4,-0.0855,3,0
42.8005,0.374519,59.990314,-0.004424,0.0000,1.0000,8126.1,-0.0925,3,0
42.8386,0.374519,59.990310,-0.004424,0.0000,1.0000,8123.6,-0.0994,3,0
42.8758,0.374519,59.990306,-0.004424,0.0000,1.0000,8123.2,-0.1059,3,0
42.9129,0.374519,59.990303,-0.004425,0.0000,1.0000,8123.5,-0.1118,3,0
42.9490,0.374519,59.990299,-0.004425,0.0000,1.0000,8129.5,-0.1168,3,0
42.9843,0.374519,59.990295,-0.004425,0.0000,1.0000,8137.1,-0.1209,3,0
43.0189,0.374519,59.990291,-0.004426,0.0000,1.0000,8146.9,-0.1238,3,0
43.0548,0.375582,59.990288,-0.004426,0.0000,1.0000,8149.3,-0.1257,3,0
43.0897,0.375582,59.990284,-0.004426,0.0000,1.0000,8152.8,-0.1263,3,0
43.1229,0.375582,59.990280,-0.004427,0.0000,1.0000,8162.4,-0.1259,3,0
43.1551,0.375582,59.990277,-0.004427,0.0000,1.0000,8178.6,-0.1246,3,0
43.1867,0.375582,59.990273,-0.004427,0.0000,1.0000,8196.4,-0.1224,3,0
43.2179,0.375582,59.990269,-0.004428,0.0000,1.0000,8213.5,-0.1198,3,0
43.2509,0.375582,59.990265,-0.004428,0.0000,1.0000,8226.1,-0.1172,3,0
43.2844,0.375582,59.990261,-0.004428,0.0000,1.0000,8238.7,-0.1145,3,0
43.3170,0.375582,59.990257,-0.004428,0.0000,1.0000,8252.4,-0.1117,3,0
43.3507,0.375582,59.990254,-0.004428,0.0000,1.0000,8262.8,-0.1088,3,0
43.3833,0.376650,59.990250,-0.004429,0.0000,1.0000,8276.8,-0.1064,3,0
43.4157,0.376650,59.990246,-0.004429,0.0000,1.0000,8289.8,-0.1043,3,0
43.4491,0.376650,59.990242,-0.004429,0.0000,1.0000,8301.9,-0.1023,3,0
43.4841,0.376650,59.990238,-0.004429,0.0000,1.0000,8311.5,-0.1005,3,0
43.5165,0.376650,59.990234,-0.004430,0.0000,1.0000,8331.0,-0.0991,3,0
43.5513,0.376650,59.990230,-0.004430,0.0000,1.0000,8340.6,-0.0983,3,0
43.5868,0.376650,59.990226,-0.004430,0.0000,1.0000,8345.8,-0.0977,3,0
43.6246,0.376650,59.990221,-0.004430,0.0000,1.0000,8339.6,-0.0974,3,0
43.6599,0.376650,59.990217,-0.004430,0.0000,1.0000,8345.6,-0.0970,3,0
43.6944,0.376650,59.990213,-0.004430,0.0000,1.0000,8359.0,-0.0965,3,0
43.7277,0.377721,59.990209,-0.004430,0.0000,1.0000,8373.0,-0.0960,3,0
43.7614,0.377721,59.990205,-0.004430,0.0000,1.0000,8386.3,-0.0952,3,0
43.7964,0.377721,59.990200,-0.004430,0.0000,1.0000,8392.5,-0.0942,3,0
43.8337,0.377721,59.990196,-0.004430,0.0000,1.0000,8394.5,-0.0927,3,0
43.8700,0.377721,59.990192,-0.004430,0.0000,1.0000,8398.1,-0.0908,3,0
43.9054,0.377721,59.990188,-0.004430,0.0000,1.0000,8406.9,-0.0884,3,0
43.9399,0.377721,59.990184,-0.004430,0.0000,1.0000,8418.6,-0.0857,3,0
43.9743,0.377721,59.990181,-0.004430,0.0000,1.0000,8429.8,-0.0822,3,0
44.0090,0.377721,59.990177,-0.004430,0.0000,1.0000,8439.6,-0.0783,3,0
44.0433,0.377721,59.990173,-0.004430,0.0000,1.0000,8449.1,-0.0739,3,0
44.0780,0.378792,59.990169,-0.004430,0.0000,1.0000,8456.6,-0.0693,3,0
44.1138,0.378792,59.990165,-0.004429,0.0000,1.0000,8464.8,-0.0641,3,0
44.1484,0.378792,59.990162,-0.004429,0.0000,1.0000,8470.0,-0.0586,3,0
44.1844,0.378792,59.990158,-0.004429,0.0000,1.0000,8475.7,-0.0525,3,0
44.2212,0.378792,59.990154,-0.004429,0.0000,1.0000,8473.8,-0.0462,3,0
44.2588,0.378792,59.990150,-0.004429,0.0000,1.0000,8471.1,-0.0399,3,0
44.2966,0.378792,59.990146,-0.004429,0.0000,1.0000,8469.3,-0.0336,3,0
44.3317,0.378792,59.990143,-0.004428,0.0000,1.0000,8478.6,-0.0277,3,0
44.3675,0.378792,59.990139,-0.004428,0.0000,1.0000,8485.3,-0.0224,3,0
44.4032,0.378792,59.990135,-0.004428,0.0000,1.0000,8492.7,-0.0180,3,0
44.4411,0.379871,59.990131,-0.004427,0.0000,1.0000,8494.8,-0.0148,3,0
44.4781,0.379871,59.990127,-0.004427,0.0000,1.0000,8498.5,-0.0126,3,0
44.5143,0.379871,59.990124,-0.004427,0.0000,1.0000,8503.2,-0.0115,3,0
44.5511,0.379871,59.990120,-0.004427,0.0000,1.0000,8504.1,-0.0111,3,0
44.5873,0.379871,59.990116,-0.004426,0.0000,1.0000,8509.3,-0.0114,3,0
44.6253,0.379871,59.990112,-0.004426,0.0000,1.0000,8507.4,-0.0122,3,0
44.6626,0.379871,59.990108,-0.004426,0.0000,1.0000,8509.2,-0.0130,3,0
44.7005,0.379871,59.990103,-0.004425,0.0000,1.0000,8508.3,-0.0136,3,0
44.7384,0.379871,59.990099,-0.004425,0.0000,1.0000,8507.1,-0.0139,3,0
44.7773,0.379871,59.990095,-0.004424,0.0000,1.0000,8503.0,-0.0140,3,0
44.8179,0.380958,59.990091,-0.004424,0.0000,1.0000,8494.4,-0.0138,3,0
44.8562,0.380958,59.990087,-0.004424,0.0000,1.0000,8492.3,-0.0128,3,0
44.8950,0.380958,59.990082,-0.004423,0.0000,1.0000,8495.0,-0.0112,3,0
44.9327,0.380958,59.990078,-0.004423,0.0000,1.0000,8502.8,-0.0093,3,0
44.9721,0.380958,59.990074,-0.004422,0.0000,1.0000,8500.4,-0.0078,3,0
45.0124,0.380958,59.990070,-0.004422,0.0000,1.0000,8485.3,-0.0054,3,0
45.0555,0.380958,59.990066,-0.004421,0.0000,1.0000,8482.7,-0.0022,3,0
45.0881,0.380958,59.990061,-0.004421,0.0000,1.0000,8487.0,-0.0003,3,0
45.1241,0.380958,59.990057,-0.004420,0.0000,1.0000,8497.1,0.0031,3,0
45.1634,0.380958,59.990053,-0.004420,0.0000,1.0000,8488.6,0.0051,3,0
45.1942,0.382053,59.990049,-0.004419,0.0000,1.0000,8521.6,0.0072,3,0
45.2331,0.382053,59.990045,-0.004419,0.0000,1.0000,8521.9,0.0109,3,0
45.2756,0.382053,59.990040,-0.004418,0.0000,1.0000,8529.8,0.0130,3,0
45.3090,0.382053,59.990036,-0.004418,0.0000,1.0000,8554.9,0.0133,3,0
45.3484,0.382053,59.990032,-0.004417,0.0000,1.0000,8553.4,0.0154,3,0
45.3742,0.382053,59.990028,-0.004417,0.0000,1.0000,8611.3,0.0170,3,0
45.4065,0.382053,59.990024,-0.004417,0.0000,1.0000,8635.3,0.0179,3,0
45.4512,0.382053,59.990021,-0.004416,0.0000,1.0000,8610.5,0.0188,3,0
45.4806,0.382053,59.990017,-0.004416,0.0000,1.0000,8653.7,0.0195,3,0
45.4959,0.382053,59.990013,-0.004415,0.0000,1.0000,8757.7,0.0201,3,0
45.5100,0.383155,59.990009,-0.004415,0.0000,1.0000,8863.4,0.0204,3,1
45.5237,0.383155,59.990005,-0.004414,0.0000,1.0000,8965.8,0.0208,3,0
45.5335,0.383155,59.990002,-0.004414,0.0000,1.0000,9012.5,0.0213,3,0
45.5403,0.383155,59.989998,-0.004413,0.0000,1.0000,9071.3,0.0219,3,1
45.5537,0.383155,59.989994,-0.004413,0.0000,1.0000,9074.2,0.0227,3,1
45.5676,0.383155,59.989990,-0.004412,0.0000,1.0000,9075.9,0.0232,3,1
45.5906,0.383155,59.989986,-0.004412,0.0000,1.0000,9066.9,0.0234,3,1
45.6203,0.383155,59.989981,-0.004411,0.0000,1.0000,9023.9,0.0234,3,1
45.6693,0.383155,59.989977,-0.004411,0.0000,1.0000,8903.0,0.0234,3,1
45.7189,0.383155,59.989973,-0.004411,0.0000,1.0000,8821.1,0.0235,3,1
45.7590,0.384263,59.989969,-0.004410,0.0000,1.0000,8792.9,0.0241,3,1
45.7909,0.384263,59.989965,-0.004410,0.0000,1.0000,8783.9,0.0242,3,1
45.8236,0.384263,59.989960,-0.004409,0.0000,1.0000,8772.4,0.0218,3,1
45.8531,0.384263,59.989956,-0.004409,0.0000,1.0000,8795.9,0.0187,3,1
45.8660,0.384263,59.989952,-0.004408,0.0000,1.0000,8884.6,0.0167,3,0
45.8780,0.384263,59.989948,-0.004408,0.0000,1.0000,8976.7,0.0139,3,0
45.9171,0.384263,59.989944,-0.004408,0.0000,1.0000,8977.2,0.0085,3,0
45.9593,0.384263,59.989939,-0.004407,0.0000,1.0000,8983.7,0.0043,3,0
45.9953,0.384263,59.989935,-0.004407,0.0000,1.0000,8985.0,0.0002,3,0
46.0239,0.384263,59.989931,-0.004407,0.0000,1.0000,8999.1,-0.0029,3,0
46.0611,0.385380,59.989927,-0.004406,0.0000,1.0000,8994.8,-0.0046,3,0
46.1093,0.385380,59.989923,-0.004406,0.0000,1.0000,8935.8,-0.0060,3,0
46.1628,0.385380,59.989918,-0.004406,0.0000,1.0000,8858.9,-0.0065,3,0
46.2082,0.385380,59.989914,-0.004405,0.0000,1.0000,8822.7,-0.0062,3,0
46.2434,0.385380,59.989910,-0.004405,0.0000,1.0000,8829.5,-0.0049,3,0
46.2822,0.385380,59.989906,-0.004405,0.0000,1.0000,8822.4,-0.0031,3,0
46.3213,0.385380,59.989902,-0.004404,0.0000,1.0000,8814.2,-0.0007,3,0
46.3608,0.385380,59.989898,-0.004404,0.0000,1.0000,8805.3,0.0022,3,0
46.3969,0.385380,59.989894,-0.004404,0.0000,1.0000,8808.9,0.0056,3,0
46.4349,0.385380,59.989890,-0.004403,0.0000,1.0000,8804.6,0.0092,3,0
46.4745,0.386507,59.989886,-0.004403,0.0000,1.0000,8795.6,0.0127,3,0
46.5146,0.386507,59.989882,-0.004403,0.0000,1.0000,8785.7,0.0162,3,0
46.5539,0.386507,59.989878,-0.004402,0.0000,1.0000,8779.5,0.0194,3,0
46.5929,0.386507,59.989874,-0.004402,0.0000,1.0000,8774.5,0.0222,3,0
46.6321,0.386507,59.989870,-0.004402,0.0000,1.0000,8768.7,0.0245,3,0
46.6693,0.386507,59.989866,-0.004402,0.0000,1.0000,8773.3,0.0264,3,0
46.7072,0.386507,59.989861,-0.004401,0.0000,1.0000,8775.0,0.0280,3,0
46.7439,0.386507,59.989857,-0.004401,0.0000,1.0000,8781.9,0.0292,3,0
46.7808,0.386507,59.989852,-0.004401,0.0000,1.0000,8787.4,0.0299,3,0
46.8185,0.386507,59.989848,-0.004401,0.0000,1.0000,8789.9,0.0304,3,0
46.8575,0.387644,59.989844,-0.004400,0.0000,1.0000,8785.1,0.0307,3,0
46.8955,0.387644,59.989839,-0.004400,0.0000,1.0000,8785.3,0.0308,3,0
46.9331,0.387644,59.989835,-0.004400,0.0000,1.0000,8787.3,0.0308,3,0
46.9687,0.387644,59.989830,-0.004400,0.0000,1.0000,8796.8,0.0306,3,0
47.0041,0.387644,59.989826,-0.004399,0.0000,1.0000,8806.7,0.0305,3,0
47.0400,0.387644,59.989822,-0.004399,0.0000,1.0000,8813.4,0.0303,3,0
47.0757,0.387644,59.989818,-0.004399,0.0000,1.0000,8820.4,0.0302,3,0
47.1105,0.387644,59.989813,-0.004399,0.0000,1.0000,8831.3,0.0301,3,0
47.1455,0.387644,59.989809,-0.004398,0.0000,1.0000,8841.2,0.0300,3,0
47.1800,0.387644,59.989805,-0.004398,0.0000,1.0000,8852.4,0.0300,3,0
47.2152,0.388791,59.989801,-0.004398,0.0000,1.0000,8861.0,0.0299,3,0
47.2496,0.388791,59.989797,-0.004398,0.0000,1.0000,8871.0,0.0298,3,0
47.2850,0.388791,59.989792,-0.004397,0.0000,1.0000,8878.1,0.0296,3,0
47.3208,0.388791,59.989788,-0.004397,0.0000,1.0000,8882.9,0.0295,3,0
47.3561,0.388791,59.989784,-0.004397,0.0000,1.0000,8888.4,0.0293,3,0
47.3913,0.388791,59.989780,-0.004397,0.0000,1.0000,8894.8,0.0291,3,0
47.4259,0.388791,59.989776,-0.004397,0.0000,1.0000,8902.0,0.0288,3,0
47.4621,0.388791,59.989771,-0.004396,0.0000,1.0000,8903.8,0.0284,3,0
47.4974,0.388791,59.989767,-0.004396,0.0000,1.0000,8910.0,0.0281,3,0
47.5332,0.388791,59.989763,-0.004396,0.0000,1.0000,8913.4,0.0275,3,0
47.5677,0.389948,59.989759,-0.004396,0.0000,1.0000,8921.4,0.0267,3,0
47.6044,0.389948,59.989755,-0.004396,0.0000,1.0000,8921.8,0.0260,3,0
47.6384,0.389948,59.989750,-0.004396,0.0000,1.0000,8935.6,0.0252,3,0
47.6735,0.389948,59.989746,-0.004395,0.0000,1.0000,8945.1,0.0243,3,0
47.7112,0.389948,59.989742,-0.004395,0.0000,1.0000,8940.9,0.0232,3,0
47.7494,0.389948,59.989738,-0.004395,0.0000,1.0000,8935.6,0.0223,3,0
47.7857,0.389948,59.989734,-0.004395,0.0000,1.0000,8941.9,0.0215,3,0
47.8187,0.389948,59.989729,-0.004395,0.0000,1.0000,8960.8,0.0208,3,0
47.8554,0.389948,59.989725,-0.004395,0.0000,1.0000,8961.0,0.0201,3,0
47.8931,0.389948,59.989721,-0.004395,0.0000,1.0000,8958.1,0.0195,3,0
47.9291,0.391113,59.989717,-0.004394,0.0000,1.0000,8963.9,0.0190,3,0
47.9619,0.391113,59.989713,-0.004394,0.0000,1.0000,8984.9,0.0185,3,0
47.9951,0.391113,59.989708,-0.004394,0.0000,1.0000,9001.2,0.0180,3,0
48.0326,0.391113,59.989704,-0.004394,0.0000,1.0000,8998.0,0.0175,3,0
48.0694,0.391113,59.989700,-0.004394,0.0000,1.0000,8999.4,0.0169,3,0
48.1048,0.391113,59.989695,-0.004394,0.0000,1.0000,9007.6,0.0162,3,0
48.1368,0.391113,59.989691,-0.004394,0.0000,1.0000,9029.4,0.0155,3,0
48.1722,0.391113,59.989686,-0.004394,0.0000,1.0000,9034.2,0.0147,3,0
48.2088,0.391113,59.989682,-0.004394,0.0000,1.0000,9033.1,0.0139,3,0
48.2447,0.391113,59.989677,-0.004394,0.0000,1.0000,9036.8,0.0131,3,0
48.2774,0.392287,59.989673,-0.004394,0.0000,1.0000,9054.0,0.0123,3,0
48.3114,0.392287,59.989669,-0.004394,0.0000,1.0000,9063.2,0.0115,3,0
48.3462,0.392287,59.989664,-0.004394,0.0000,1.0000,9067.3,0.0107,3,0
48.3810,0.392287,59.989660,-0.004393,0.0000,1.0000,9073.3,0.0101,3,0
48.4166,0.392287,59.989655,-0.004393,0.0000,1.0000,9076.2,0.0095,3,0
48.4503,0.392287,59.989651,-0.004393,0.0000,1.0000,9086.4,0.0090,3,0
48.4852,0.392287,59.989647,-0.004393,0.0000,1.0000,9088.3,0.0085,3,0
48.5201,0.392287,59.989642,-0.004393,0.0000,1.0000,9091.5,0.0080,3,0
48.5558,0.392287,59.989638,-0.004393,0.0000,1.0000,9093.3,0.0076,3,0
48.5898,0.392287,59.989634,-0.004393,0.0000,1.0000,9101.4,0.0074,3,0
48.6226,0.393471,59.989630,-0.004393,0.0000,1.0000,9112.1,0.0073,3,0
48.6582,0.393471,59.989626,-0.004393,0.0000,1.0000,9111.4,0.0073,3,0
48.6945,0.393471,59.989621,-0.004393,0.0000,1.0000,9109.6,0.0073,3,0
48.7287,0.393471,59.989617,-0.004393,0.0000,1.0000,9117.3,0.0075,3,0
48.7366,0.393471,59.989613,-0.004393,0.0000,1.0000,9067.9,0.0078,3,0
48.7259,0.393471,59.989608,-0.004393,0.0000,1.0000,9018.6,0.0080,3,0
48.7164,0.393471,59.989604,-0.004393,0.0000,1.0000,8969.5,0.0082,3,0
48.7073,0.393471,59.989599,-0.004393,0.0000,1.0000,8920.7,0.0083,3,0
48.7273,0.393471,59.989595,-0.004393,0.0000,1.0000,8237.8,0.0086,4,0
48.7861,0.393471,59.989590,-0.004393,0.0000,1.0000,7657.4,0.0086,4,0
48.8220,0.394662,59.989585,-0.004393,0.0000,1.0000,7648.5,0.0086,4,0
48.8609,0.394662,59.989581,-0.004393,0.0000,1.0000,7646.5,0.0086,4,0
48.8996,0.394662,59.989576,-0.004393,0.0000,1.0000,7643.1,0.0086,4,0
48.9356,0.394662,59.989572,-0.004393,0.0000,1.0000,7648.4,0.0086,4,0
48.9732,0.394662,59.989567,-0.004393,0.0000,1.0000,7646.4,0.0086,4,0
49.0109,0.394662,59.989563,-0.004393,0.0000,1.0000,7645.2,0.0087,4,0
49.0479,0.394662,59.989559,-0.004393,0.0000,1.0000,7649.2,0.0089,4,0
49.0810,0.394662,59.989554,-0.004393,0.0000,1.0000,7667.3,0.0092,4,0
49.1165,0.394662,59.989550,-0.004393,0.0000,1.0000,7673.4,0.0095,4,0
49.1529,0.394662,59.989546,-0.004393,0.0000,1.0000,7676.7,0.0098,4,0
49.1901,0.395862,59.989542,-0.004393,0.0000,1.0000,7677.6,0.0101,4,0
49.2251,0.395862,59.989538,-0.004393,0.0000,1.0000,7686.6,0.0103,4,0
49.2591,0.395862,59.989533,-0.004393,0.0000,1.0000,7696.9,0.0105,4,0
49.2954,0.395862,59.989529,-0.004393,0.0000,1.0000,7699.0,0.0105,4,0
49.3315,0.395862,59.989525,-0.004393,0.0000,1.0000,7702.6,0.0106,4,0
49.3669,0.395862,59.989520,-0.004394,0.0000,1.0000,7709.9,0.0106,4,0
49.4012,0.395862,59.989516,-0.004394,0.0000,1.0000,7719.6,0.0104,4,0
49.4366,0.395862,59.989511,-0.004394,0.0000,1.0000,7723.7,0.0101,4,0
49.4733,0.395862,59.989507,-0.004394,0.0000,1.0000,7725.1,0.0098,4,0
49.5099,0.395862,59.989503,-0.004394,0.0000,1.0000,7728.0,0.0095,4,0
49.5437,0.397071,59.989498,-0.004394,0.0000,1.0000,7740.5,0.0092,4,0
49.5784,0.397071,59.989494,-0.004394,0.0000,1.0000,7747.0,0.0089,4,0
49.6148,0.397071,59.989489,-0.004394,0.0000,1.0000,7748.6,0.0087,4,0
49.6508,0.397071,59.989485,-0.004394,0.0000,1.0000,7752.9,0.0085,4,0
49.6858,0.397071,59.989480,-0.004394,0.0000,1.0000,7761.3,0.0085,4,0
49.7202,0.397071,59.989476,-0.004394,0.0000,1.0000,7767.7,0.0084,4,0
49.7565,0.397071,59.989471,-0.004394,0.0000,1.0000,7768.1,0.0084,4,0
49.7944,0.397071,59.989467,-0.004394,0.0000,1.0000,7763.1,0.0084,4,0
49.8300,0.397071,59.989463,-0.004394,0.0000,1.0000,7769.5,0.0084,4,0
49.8611,0.397071,59.989458,-0.004394,0.0000,1.0000,7789.6,0.0084,4,0
49.8984,0.398288,59.989454,-0.004394,0.0000,1.0000,7784.7,0.0083,4,0
49.9382,0.398288,59.989450,-0.004395,0.0000,1.0000,7771.2,0.0083,4,0
49.9742,0.398288,59.989446,-0.004395,0.0000,1.0000,7774.0,0.0084,4,0
50.0039,0.398288,59.989441,-0.004395,0.0000,1.0000,7801.4,0.0085,4,0
50.0398,0.398288,59.989437,-0.004395,0.0000,1.0000,7801.1,0.0086,4,0
50.0794,0.398288,59.989432,-0.004395,0.0000,1.0000,7786.2,0.0088,4,0
50.1145,0.398288,59.989428,-0.004395,0.0000,1.0000,7792.9,0.0089,4,0
50.1443,0.398288,59.989423,-0.004395,0.0000,1.0000,7818.9,0.0091,4,0
50.1761,0.398288,59.989418,-0.004395,0.0000,1.0000,7834.4,0.0091,4,0
50.2169,0.398288,59.989413,-0.004395,0.0000,1.0000,7813.8,0.0090,4,0
50.2528,0.399516,59.989409,-0.004395,0.0000,1.0000,7815.5,0.0087,4,0
50.2845,0.399516,59.989404,-0.004395,0.0000,1.0000,7834.3,0.0082,4,0
50.3146,0.399516,59.989399,-0.004396,0.0000,1.0000,7856.5,0.0075,4,0
50.3540,0.399516,59.989395,-0.004396,0.0000,1.0000,7841.0,0.0068,4,0
50.3910,0.399516,59.989390,-0.004396,0.0000,1.0000,7838.1,0.0060,4,0
50.4243,0.399516,59.989386,-0.004396,0.0000,1.0000,7851.1,0.0054,4,0
50.4530,0.399516,59.989381,-0.004396,0.0000,1.0000,7878.8,0.0049,4,0
50.4898,0.399516,59.989377,-0.004396,0.0000,1.0000,7873.3,0.0045,4,0
50.5289,0.399516,59.989372,-0.004396,0.0000,1.0000,7861.8,0.0041,4,0
50.5628,0.399516,59.989368,-0.004396,0.0000,1.0000,7871.5,0.0040,4,0
50.5918,0.400753,59.989364,-0.004397,0.0000,1.0000,7898.1,0.0040,4,0
50.6252,0.400753,59.989359,-0.004397,0.0000,1.0000,7905.4,0.0040,4,0
50.6652,0.400753,59.989355,-0.004397,0.0000,1.0000,7887.4,0.0042,4,0
50.7001,0.400753,59.989350,-0.004397,0.0000,1.0000,7891.3,0.0046,4,0
50.7299,0.400753,59.989346,-0.004397,0.0000,1.0000,7913.7,0.0049,4,0
50.7601,0.400753,59.989341,-0.004397,0.0000,1.0000,7931.6,0.0053,4,0
50.7997,0.400753,59.989337,-0.004397,0.0000,1.0000,7912.7,0.0057,4,0
50.8354,0.400753,59.989332,-0.004398,0.0000,1.0000,7910.7,0.0060,4,0
50.8661,0.400753,59.989328,-0.004398,0.0000,1.0000,7926.0,0.0064,4,0
50.8941,0.400753,59.989323,-0.004398,0.0000,1.0000,7952.4,0.0066,4,0
50.9310,0.401998,59.989318,-0.004398,0.0000,1.0000,7942.4,0.0068,4,0
50.9684,0.401998,59.989314,-0.004398,0.0000,1.0000,7930.6,0.0069,4,0
51.0005,0.401998,59.989309,-0.004398,0.0000,1.0000,7940.5,0.0070,4,0
51.0272,0.401998,59.989305,-0.004399,0.0000,1.0000,7969.2,0.0070,4,0
51.0622,0.401998,59.989300,-0.004399,0.0000,1.0000,7964.7,0.0069,4,0
51.1004,0.401998,59.989295,-0.004399,0.0000,1.0000,7950.0,0.0068,4,0
51.1329,0.401998,59.989291,-0.004399,0.0000,1.0000,7957.2,0.0065,4,0
51.1600,0.401998,59.989286,-0.004399,0.0000,1.0000,7984.3,0.0062,4,0
51.1925,0.401998,59.989282,-0.004399,0.0000,1.0000,7990.0,0.0059,4,0
51.2315,0.401998,59.989277,-0.004400,0.0000,1.0000,7971.2,0.0057,4,0
51.2644,0.403253,59.989272,-0.004400,0.0000,1.0000,7976.5,0.0054,4,0
51.2923,0.403253,59.989268,-0.004400,0.0000,1.0000,8001.7,0.0052,4,0
51.3230,0.403253,59.989263,-0.004400,0.0000,1.0000,8014.6,0.0050,4,0
51.3617,0.403253,59.989259,-0.004400,0.0000,1.0000,7995.6,0.0049,4,0
51.3953,0.403253,59.989254,-0.004401,0.0000,1.0000,7997.6,0.0049,4,0
51.4241,0.403253,59.989250,-0.004401,0.0000,1.0000,8016.9,0.0048,4,0
51.4523,0.403253,59.989245,-0.004401,0.0000,1.0000,8038.5,0.0048,4,0
51.4894,0.403253,59.989241,-0.004401,0.0000,1.0000,8023.6,0.0048,4,0
51.5246,0.403253,59.989236,-0.004401,0.0000,1.0000,8018.0,0.0049,4,0
51.5552,0.403253,59.989232,-0.004402,0.0000,1.0000,8028.2,0.0049,4,0
51.5812,0.404516,59.989228,-0.004402,0.0000,1.0000,8056.2,0.0049,4,0
51.6169,0.404516,59.989223,-0.004402,0.0000,1.0000,8046.0,0.0050,4,0
51.6527,0.404516,59.989219,-0.004402,0.0000,1.0000,8035.7,0.0050,4,0
51.6833,0.404516,59.989214,-0.004402,0.0000,1.0000,8044.3,0.0050,4,0
51.7086,0.404516,59.989210,-0.004403,0.0000,1.0000,8074.5,0.0050,4,0
51.7419,0.404516,59.989205,-0.004403,0.0000,1.0000,8071.7,0.0049,4,0
51.7786,0.404516,59.989200,-0.004403,0.0000,1.0000,8056.6,0.0049,4,0
51.8096,0.404516,59.989196,-0.004403,0.0000,1.0000,8061.0,0.0048,4,0
51.8352,0.404516,59.989191,-0.004403,0.0000,1.0000,8089.4,0.0047,4,0
51.8669,0.404516,59.989186,-0.004404,0.0000,1.0000,8094.0,0.0046,4,0
51.9037,0.405786,59.989181,-0.004404,0.0000,1.0000,8077.3,0.0046,4,0
51.9353,0.405786,59.989176,-0.004404,0.0000,1.0000,8079.9,0.0045,4,0
51.9623,0.405786,59.989172,-0.004404,0.0000,1.0000,8102.6,0.0045,4,0
51.9915,0.405786,59.989167,-0.004405,0.0000,1.0000,8115.4,0.0044,4,0
52.0283,0.405786,59.989162,-0.004405,0.0000,1.0000,8098.1,0.0044,4,0
52.0605,0.405786,59.989157,-0.004405,0.0000,1.0000,8099.0,0.0043,4,0
52.0874,0.405786,59.989152,-0.004405,0.0000,1.0000,8119.2,0.0043,4,0
52.1150,0.405786,59.989147,-0.004406,0.0000,1.0000,8138.4,0.0043,4,0
52.1524,0.405786,59.989142,-0.004406,0.0000,1.0000,8117.8,0.0042,4,0
52.1847,0.405786,59.989138,-0.004406,0.0000,1.0000,8116.6,0.0042,4,0
52.2121,0.407064,59.989133,-0.004406,0.0000,1.0000,8134.6,0.0041,4,0
52.2386,0.407064,59.989128,-0.004406,0.0000,1.0000,8157.7,0.0041,4,0
52.2740,0.407064,59.989123,-0.004407,0.0000,1.0000,8143.8,0.0040,4,0
52.3077,0.407064,59.989118,-0.004407,0.0000,1.0000,8134.9,0.0038,4,0
52.3359,0.407064,59.989113,-0.004407,0.0000,1.0000,8149.1,0.0037,4,0
52.3610,0.407064,59.989108,-0.004407,0.0000,1.0000,8177.4,0.0035,4,0
52.3961,0.407064,59.989104,-0.004408,0.0000,1.0000,8164.8,0.0034,4,0
52.4295,0.407064,59.989099,-0.004408,0.0000,1.0000,8157.1,0.0033,4,0
52.4589,0.407064,59.989095,-0.004408,0.0000,1.0000,8165.6,0.0032,4,0
52.4833,0.407064,59.989090,-0.004408,0.0000,1.0000,8194.4,0.0031,4,0
52.5161,0.408350,59.989085,-0.004409,0.0000,1.0000,8190.2,0.0030,4,0
52.5497,0.408350,59.989081,-0.004409,0.0000,1.0000,8180.3,0.0030,4,0
52.5793,0.408350,59.989076,-0.004409,0.0000,1.0000,8185.1,0.0030,4,0
52.6038,0.408350,59.989072,-0.004410,0.0000,1.0000,8213.2,0.0030,4,0
52.6358,0.408350,59.989067,-0.004410,0.0000,1.0000,8212.1,0.0030,4,0
52.6699,0.408350,59.989062,-0.004410,0.0000,1.0000,8198.2,0.0030,4,0
52.7006,0.408350,59.989057,-0.004410,0.0000,1.0000,8199.1,0.0029,4,0
52.7251,0.408350,59.989052,-0.004411,0.0000,1.0000,8227.2,0.0029,4,0
52.7562,0.408350,59.989047,-0.004411,0.0000,1.0000,8229.1,0.0028,4,0
52.7904,0.408350,59.989042,-0.004411,0.0000,1.0000,8215.0,0.0026,4,0
52.8210,0.409643,59.989037,-0.004411,0.0000,1.0000,8217.5,0.0024,4,0
52.8454,0.409643,59.989032,-0.004412,0.0000,1.0000,8245.6,0.0023,4,0
52.8755,0.409643,59.989027,-0.004412,0.0000,1.0000,8251.5,0.0020,4,0
52.9093,0.409643,59.989022,-0.004412,0.0000,1.0000,8238.6,0.0017,4,0
52.9406,0.409643,59.989017,-0.004412,0.0000,1.0000,8236.1,0.0015,4,0
52.9666,0.409643,59.989012,-0.004413,0.0000,1.0000,8257.2,0.0012,4,0
52.9939,0.409643,59.989008,-0.004413,0.0000,1.0000,8271.7,0.0009,4,0
53.0272,0.409643,59.989003,-0.004413,0.0000,1.0000,8261.2,0.0006,4,0
53.0583,0.409643,59.988998,-0.004414,0.0000,1.0000,8258.0,0.0003,4,0
53.0844,0.409643,59.988993,-0.004414,0.0000,1.0000,8277.0,0.0000,4,0
53.1117,0.410944,59.988989,-0.004414,0.0000,1.0000,8290.9,-0.0002,4,0
53.1448,0.410944,59.988984,-0.004414,0.0000,1.0000,8280.3,-0.0004,4,0
53.1766,0.410944,59.988979,-0.004415,0.0000,1.0000,8274.4,-0.0007,4,0
53.2020,0.410944,59.988975,-0.004415,0.0000,1.0000,8296.2,-0.0009,4,0
53.2297,0.410944,59.988970,-0.004415,0.0000,1.0000,8308.3,-0.0012,4,0
53.2633,0.410944,59.988965,-0.004416,0.0000,1.0000,8294.3,-0.0015,4,0
53.2949,0.410944,59.988960,-0.004416,0.0000,1.0000,8288.7,-0.0017,4,0
53.3213,0.410944,59.988956,-0.004416,0.0000,1.0000,8306.0,-0.0019,4,0
53.3472,0.410944,59.988951,-0.004416,0.0000,1.0000,8324.1,-0.0022,4,0
53.3807,0.410944,59.988946,-0.004417,0.0000,1.0000,8310.4,-0.0023,4,0
53.4121,0.412253,59.988941,-0.004417,0.0000,1.0000,8303.6,-0.0026,4,0
53.4374,0.412253,59.988936,-0.004417,0.0000,1.0000,8324.9,-0.0027,4,0
53.4625,0.412253,59.988932,-0.004418,0.0000,1.0000,8345.5,-0.0029,4,0
53.4965,0.412253,59.988927,-0.004418,0.0000,1.0000,8328.2,-0.0031,4,0
53.5274,0.412253,59.988922,-0.004418,0.0000,1.0000,8321.9,-0.0032,4,0
53.5528,0.412253,59.988917,-0.004418,0.0000,1.0000,8342.6,-0.0033,4,0
53.5775,0.412253,59.988913,-0.004419,0.0000,1.0000,8365.4,-0.0034,4,0
53.6111,0.412253,59.988908,-0.004419,0.0000,1.0000,8349.5,-0.0035,4,0
53.6424,0.412253,59.988904,-0.004419,0.0000,1.0000,8342.1,-0.0035,4,0
53.6692,0.412253,59.988899,-0.004420,0.0000,1.0000,8357.7,-0.0035,4,0
53.6939,0.413570,59.988894,-0.004420,0.0000,1.0000,8380.6,-0.0035,4,0
53.7277,0.413570,59.988890,-0.004420,0.0000,1.0000,8363.2,-0.0034,4,0
53.7582,0.413570,59.988885,-0.004420,0.0000,1.0000,8360.5,-0.0032,4,0
53.7840,0.413570,59.988881,-0.004421,0.0000,1.0000,8379.6,-0.0031,4,0
53.8090,0.413570,59.988876,-0.004421,0.0000,1.0000,8401.6,-0.0030,4,0
53.8436,0.413570,59.988871,-0.004421,0.0000,1.0000,8382.6,-0.0029,4,0
53.8743,0.413570,59.988866,-0.004422,0.0000,1.0000,8379.0,-0.0028,4,0
53.9008,0.413570,59.988861,-0.004422,0.0000,1.0000,8396.0,-0.0028,4,0
53.9267,0.413570,59.988856,-0.004422,0.0000,1.0000,8414.7,-0.0028,4,0
53.9597,0.413570,59.988851,-0.004422,0.0000,1.0000,8401.0,-0.0028,4,0
53.9909,0.414893,59.988847,-0.004423,0.0000,1.0000,8394.7,-0.0029,4,0
54.0169,0.414893,59.988842,-0.004423,0.0000,1.0000,8413.5,-0.0030,4,0
54.0422,0.414893,59.988837,-0.004423,0.0000,1.0000,8433.2,-0.0032,4,0
54.0724,0.414893,59.988832,-0.004423,0.0000,1.0000,8429.6,-0.0035,4,0
54.1027,0.414893,59.988827,-0.004424,0.0000,1.0000,8427.2,-0.0039,4,0
54.1307,0.414893,59.988822,-0.004424,0.0000,1.0000,8435.0,-0.0044,4,0
54.1568,0.414893,59.988817,-0.004424,0.0000,1.0000,8450.4,-0.0049,4,0
54.1867,0.414893,59.988812,-0.004425,0.0000,1.0000,8448.0,-0.0056,4,0
54.2162,0.414893,59.988807,-0.004425,0.0000,1.0000,8449.0,-0.0063,4,0
54.2443,0.414893,59.988802,-0.004425,0.0000,1.0000,8456.7,-0.0069,4,0
54.2714,0.416225,59.988797,-0.004425,0.0000,1.0000,8467.3,-0.0074,4,0
54.3008,0.416225,59.988792,-0.004426,0.0000,1.0000,8466.5,-0.0079,4,0
54.3310,0.416225,59.988787,-0.004426,0.0000,1.0000,8461.9,-0.0083,4,0
54.3582,0.416225,59.988782,-0.004426,0.0000,1.0000,8471.9,-0.0085,4,0
54.3845,0.416225,59.988777,-0.004426,0.0000,1.0000,8482.6,-0.0085,4,0
54.4142,0.416225,59.988772,-0.004427,0.0000,1.0000,8477.7,-0.0084,4,0
54.4435,0.416225,59.988767,-0.004427,0.0000,1.0000,8476.6,-0.0081,4,0
54.4703,0.416225,59.988762,-0.004427,0.0000,1.0000,8488.1,-0.0077,4,0
54.4963,0.416225,59.988757,-0.004427,0.0000,1.0000,8501.9,-0.0071,4,0
54.5267,0.416225,59.988753,-0.004428,0.0000,1.0000,8495.8,-0.0066,4,0
54.5576,0.417569,59.988748,-0.004428,0.0000,1.0000,8489.1,-0.0061,4,0
54.5842,0.417569,59.988743,-0.004428,0.0000,1.0000,8502.6,-0.0055,4,0
54.6103,0.417569,59.988738,-0.004428,0.0000,1.0000,8515.9,-0.0051,4,0
54.6410,0.417569,59.988733,-0.004429,0.0000,1.0000,8509.0,-0.0047,4,0
54.6718,0.417569,59.988728,-0.004429,0.0000,1.0000,8503.3,-0.0044,4,0
54.6970,0.417569,59.988723,-0.004429,0.0000,1.0000,8522.3,-0.0041,4,0
54.7226,0.417569,59.988718,-0.004429,0.0000,1.0000,8537.8,-0.0039,4,0
54.7537,0.417569,59.988714,-0.004430,0.0000,1.0000,8528.5,-0.0036,4,0
54.7854,0.417569,59.988709,-0.004430,0.0000,1.0000,8520.2,-0.0034,4,0
54.8105,0.417569,59.988704,-0.004430,0.0000,1.0000,8538.6,-0.0031,4,0
54.8353,0.418917,59.988699,-0.004430,0.0000,1.0000,8556.5,-0.0027,4,0
54.8662,0.418917,59.988694,-0.004431,0.0000,1.0000,8548.4,-0.0023,4,0
54.8976,0.418917,59.988690,-0.004431,0.0000,1.0000,8539.6,-0.0018,4,0
54.9227,0.418917,59.988685,-0.004431,0.0000,1.0000,8558.5,-0.0012,4,0
54.9493,0.418917,59.988680,-0.004431,0.0000,1.0000,8566.9,-0.0005,4,0
54.9789,0.418917,59.988675,-0.004431,0.0000,1.0000,8564.0,0.0002,4,0
55.0104,0.418917,59.988670,-0.004432,0.0000,1.0000,8555.7,0.0010,4,0
55.0350,0.418917,59.988666,-0.004432,0.0000,1.0000,8575.7,0.0018,4,0
55.0617,0.418917,59.988661,-0.004432,0.0000,1.0000,8584.7,0.0025,4,0
55.0925,0.418917,59.988656,-0.004432,0.0000,1.0000,8578.1,0.0031,4,0
55.1232,0.420273,59.988651,-0.004433,0.0000,1.0000,8574.5,0.0036,4,0
55.1479,0.420273,59.988646,-0.004433,0.0000,1.0000,8594.1,0.0040,4,0
55.1755,0.420273,59.988642,-0.004433,0.0000,1.0000,8597.2,0.0041,4,0
55.2062,0.420273,59.988637,-0.004433,0.0000,1.0000,8590.7,0.0041,4,0
55.2348,0.420273,59.988632,-0.004433,0.0000,1.0000,8593.5,0.0040,4,0
55.2598,0.420273,59.988627,-0.004434,0.0000,1.0000,8608.5,0.0036,4,0
55.2867,0.420273,59.988622,-0.004434,0.0000,1.0000,8613.8,0.0032,4,0
55.3160,0.420273,59.988617,-0.004434,0.0000,1.0000,8610.4,0.0026,4,0
55.3447,0.420273,59.988612,-0.004434,0.0000,1.0000,8611.0,0.0019,4,0
55.3695,0.420273,59.988608,-0.004435,0.0000,1.0000,8626.0,0.0013,4,0
55.3976,0.421637,59.988603,-0.004435,0.0000,1.0000,8625.5,0.0006,4,0
55.4274,0.421637,59.988598,-0.004435,0.0000,1.0000,8622.3,-0.0002,4,0
55.4560,0.421637,59.988593,-0.004435,0.0000,1.0000,8624.3,-0.0009,4,0
55.4796,0.421637,59.988588,-0.004435,0.0000,1.0000,8644.6,-0.0017,4,0
55.5088,0.421637,59.988583,-0.004436,0.0000,1.0000,8641.1,-0.0025,4,0
55.5385,0.421637,59.988578,-0.004436,0.0000,1.0000,8637.6,-0.0034,4,0
55.5669,0.421637,59.988572,-0.004436,0.0000,1.0000,8640.6,-0.0043,4,0
55.5902,0.421637,59.988567,-0.004436,0.0000,1.0000,8662.3,-0.0052,4,0
55.6198,0.421637,59.988562,-0.004437,0.0000,1.0000,8657.2,-0.0060,4,0
55.6506,0.421637,59.988556,-0.004437,0.0000,1.0000,8650.0,-0.0069,4,0
55.6775,0.423007,59.988551,-0.004437,0.0000,1.0000,8660.6,-0.0078,4,0
55.7011,0.423007,59.988546,-0.004437,0.0000,1.0000,8680.9,-0.0087,4,0
55.7317,0.423007,59.988541,-0.004437,0.0000,1.0000,8672.6,-0.0096,4,0
55.7620,0.423007,59.988535,-0.004438,0.0000,1.0000,8667.0,-0.0106,4,0
55.7876,0.423007,59.988530,-0.004438,0.0000,1.0000,8680.6,-0.0115,4,0
55.8120,0.423007,59.988525,-0.004438,0.0000,1.0000,8696.2,-0.0123,4,0
55.8414,0.423007,59.988520,-0.004438,0.0000,1.0000,8690.3,-0.0132,4,0
55.8713,0.423007,59.988515,-0.004439,0.0000,1.0000,8684.8,-0.0141,4,0
55.8962,0.423007,59.988510,-0.004439,0.0000,1.0000,8699.6,-0.0150,4,0
55.9212,0.423007,59.988505,-0.004439,0.0000,1.0000,8712.1,-0.0159,4,0
55.9517,0.424385,59.988500,-0.004439,0.0000,1.0000,8704.2,-0.0170,4,0
55.9821,0.424385,59.988495,-0.004439,0.0000,1.0000,8699.2,-0.0179,4,0
56.0061,0.424385,59.988490,-0.004440,0.0000,1.0000,8719.4,-0.0190,4,0
56.0328,0.424385,59.988485,-0.004440,0.0000,1.0000,8726.3,-0.0200,4,0
56.0633,0.424385,59.988480,-0.004440,0.0000,1.0000,8718.7,-0.0211,4,0
56.0922,0.424385,59.988475,-0.004440,0.0000,1.0000,8719.1,-0.0223,4,0
56.1162,0.424385,59.988470,-0.004440,0.0000,1.0000,8736.2,-0.0233,4,0
56.1429,0.424385,59.988465,-0.004441,0.0000,1.0000,8740.9,-0.0244,4,0
56.1711,0.424385,59.988460,-0.004441,0.0000,1.0000,8740.9,-0.0253,4,0
56.1990,0.424385,59.988455,-0.004441,0.0000,1.0000,8742.7,-0.0261,4,0
56.2235,0.425766,59.988450,-0.004441,0.0000,1.0000,8756.0,-0.0267,4,0
56.2508,0.425766,59.988445,-0.004441,0.0000,1.0000,8756.8,-0.0271,4,0
56.2788,0.425766,59.988440,-0.004442,0.0000,1.0000,8759.0,-0.0274,4,0
56.3065,0.425766,59.988435,-0.004442,0.0000,1.0000,8761.3,-0.0276,4,0
56.3308,0.425766,59.988430,-0.004442,0.0000,1.0000,8774.5,-0.0275,4,0
56.3585,0.425766,59.988425,-0.004442,0.0000,1.0000,8773.9,-0.0273,4,0
56.3865,0.425766,59.988420,-0.004442,0.0000,1.0000,8774.9,-0.0270,4,0
56.4133,0.425766,59.988415,-0.004442,0.0000,1.0000,8779.7,-0.0265,4,0
56.4372,0.425766,59.988410,-0.004442,0.0000,1.0000,8793.6,-0.0259,4,0
56.4668,0.425766,59.988405,-0.004443,0.0000,1.0000,8786.7,-0.0253,4,0
56.4957,0.427152,59.988400,-0.004443,0.0000,1.0000,8785.6,-0.0246,4,0
56.5209,0.427152,59.988395,-0.004443,0.0000,1.0000,8796.3,-0.0239,4,0
56.5461,0.427152,59.988390,-0.004443,0.0000,1.0000,8805.5,-0.0232,4,0
56.5757,0.427152,59.988385,-0.004443,0.0000,1.0000,8800.5,-0.0225,4,0
56.6031,0.427152,59.988380,-0.004443,0.0000,1.0000,8803.3,-0.0218,4,0
56.6276,0.427152,59.988375,-0.004443,0.0000,1.0000,8816.9,-0.0211,4,0
56.6534,0.427152,59.988369,-0.004443,0.0000,1.0000,8824.2,-0.0204,4,0
56.6824,0.427152,59.988364,-0.004443,0.0000,1.0000,8820.4,-0.0196,4,0
56.7103,0.427152,59.988359,-0.004443,0.0000,1.0000,8820.8,-0.0189,4,0
56.7341,0.427152,59.988354,-0.004443,0.0000,1.0000,8836.5,-0.0181,4,0
56.7613,0.428543,59.988348,-0.004443,0.0000,1.0000,8839.0,-0.0173,4,0
56.7899,0.428543,59.988343,-0.004444,0.0000,1.0000,8836.8,-0.0165,4,0
56.8178,0.428543,59.988338,-0.004444,0.0000,1.0000,8837.2,-0.0157,4,0
56.8417,0.428543,59.988332,-0.004444,0.0000,1.0000,8851.2,-0.0149,4,0
56.8704,0.428543,59.988327,-0.004444,0.0000,1.0000,8848.5,-0.0140,4,0
56.8994,0.428543,59.988322,-0.004444,0.0000,1.0000,8845.0,-0.0132,4,0
56.9263,0.428543,59.988317,-0.004444,0.0000,1.0000,8849.3,-0.0125,4,0
56.9497,0.428543,59.988312,-0.004444,0.0000,1.0000,8867.3,-0.0119,4,0
56.9795,0.428543,59.988307,-0.004444,0.0000,1.0000,8860.2,-0.0115,4,0
57.0085,0.428543,59.988302,-0.004444,0.0000,1.0000,8857.3,-0.0111,4,0
57.0338,0.429947,59.988297,-0.004444,0.0000,1.0000,8867.7,-0.0108,4,0
57.0579,0.429947,59.988292,-0.004444,0.0000,1.0000,8883.6,-0.0108,4,0
57.0886,0.429947,59.988287,-0.004444,0.0000,1.0000,8872.5,-0.0107,4,0
57.1169,0.429947,59.988282,-0.004444,0.0000,1.0000,8870.0,-0.0107,4,0
57.1400,0.429947,59.988277,-0.004444,0.0000,1.0000,8888.4,-0.0107,4,0
57.1658,0.429947,59.988272,-0.004444,0.0000,1.0000,8895.5,-0.0109,4,0
57.1962,0.429947,59.988267,-0.004443,0.0000,1.0000,8885.6,-0.0110,4,0
57.2242,0.429947,59.988262,-0.004443,0.0000,1.0000,8885.0,-0.0111,4,0
57.2465,0.429947,59.988257,-0.004443,0.0000,1.0000,8908.1,-0.0112,4,0
57.2749,0.429947,59.988253,-0.004443,0.0000,1.0000,8906.3,-0.0114,4,0
57.3053,0.431354,59.988248,-0.004443,0.0000,1.0000,8896.6,-0.0115,4,0
57.3316,0.431354,59.988243,-0.004443,0.0000,1.0000,8901.3,-0.0116,4,0
57.3534,0.431354,59.988238,-0.004443,0.0000,1.0000,8925.4,-0.0117,4,0
57.3826,0.431354,59.988233,-0.004443,0.0000,1.0000,8919.8,-0.0118,4,0
57.4113,0.431354,59.988228,-0.004443,0.0000,1.0000,8913.0,-0.0119,4,0
57.4357,0.431354,59.988223,-0.004443,0.0000,1.0000,8924.7,-0.0119,4,0
57.4590,0.431354,59.988217,-0.004443,0.0000,1.0000,8942.1,-0.0119,4,0
57.4891,0.431354,59.988212,-0.004443,0.0000,1.0000,8931.0,-0.0119,4,0
57.5167,0.431354,59.988206,-0.004443,0.0000,1.0000,8929.4,-0.0116,4,0
57.5402,0.431354,59.988201,-0.004442,0.0000,1.0000,8944.9,-0.0114,4,0
57.5656,0.432766,59.988196,-0.004442,0.0000,1.0000,8953.6,-0.0111,4,0
57.5961,0.432766,59.988190,-0.004442,0.0000,1.0000,8939.9,-0.0107,4,0
57.6226,0.432766,59.988185,-0.004442,0.0000,1.0000,8941.5,-0.0102,4,0
57.6435,0.432766,59.988179,-0.004442,0.0000,1.0000,8966.0,-0.0097,4,0
57.6706,0.432766,59.988174,-0.004442,0.0000,1.0000,8966.3,-0.0090,4,0
57.6999,0.432766,59.988169,-0.004442,0.0000,1.0000,8955.5,-0.0082,4,0
57.7250,0.432766,59.988163,-0.004442,0.0000,1.0000,8961.4,-0.0074,4,0
57.7466,0.432766,59.988158,-0.004442,0.0000,1.0000,8984.9,-0.0066,4,0
57.7772,0.432766,59.988152,-0.004441,0.0000,1.0000,8971.7,-0.0058,4,0
57.8052,0.432766,59.988147,-0.004441,0.0000,1.0000,8968.8,-0.0050,4,0
57.8288,0.434185,59.988142,-0.004441,0.0000,1.0000,8983.3,-0.0044,4,0
57.8524,0.434185,59.988136,-0.004441,0.0000,1.0000,9000.9,-0.0040,4,0
57.8833,0.434185,59.988131,-0.004441,0.0000,1.0000,8987.2,-0.0037,4,0
57.9099,0.434185,59.988125,-0.004441,0.0000,1.0000,8989.2,-0.0035,4,0
57.9327,0.434185,59.988120,-0.004441,0.0000,1.0000,9009.1,-0.0035,4,0
57.9584,0.434185,59.988115,-0.004440,0.0000,1.0000,9016.7,-0.0036,4,0
57.9883,0.434185,59.988110,-0.004440,0.0000,1.0000,9004.3,-0.0038,4,0
58.0143,0.434185,59.988105,-0.004440,0.0000,1.0000,9007.0,-0.0039,4,0
58.0363,0.434185,59.988100,-0.004440,0.0000,1.0000,9027.0,-0.0040,4,0
58.0630,0.434185,59.988095,-0.004440,0.0000,1.0000,9027.3,-0.0040,4,0
58.0912,0.435611,59.988090,-0.004440,0.0000,1.0000,9019.2,-0.0037,4,0
58.1161,0.435611,59.988085,-0.004439,0.0000,1.0000,9024.2,-0.0031,4,0
58.1380,0.435611,59.988080,-0.004439,0.0000,1.0000,9044.5,-0.0024,4,0
58.1664,0.435611,59.988075,-0.004439,0.0000,1.0000,9035.9,-0.0016,4,0
58.1931,0.435611,59.988070,-0.004439,0.0000,1.0000,9033.6,-0.0005,4,0
58.2169,0.435611,59.988065,-0.004439,0.0000,1.0000,9043.8,0.0006,4,0
58.2400,0.435611,59.988060,-0.004439,0.0000,1.0000,9057.6,0.0017,4,0
58.2691,0.435611,59.988054,-0.004438,0.0000,1.0000,9043.5,0.0028,4,0
58.2950,0.435611,59.988049,-0.004438,0.0000,1.0000,9042.8,0.0038,4,0
58.3161,0.435611,59.988044,-0.004438,0.0000,1.0000,9064.2,0.0046,4,0
58.3411,0.437042,59.988039,-0.004438,0.0000,1.0000,9067.6,0.0053,4,0
58.3698,0.437042,59.988034,-0.004438,0.0000,1.0000,9054.8,0.0056,4,0
58.3946,0.437042,59.988028,-0.004437,0.0000,1.0000,9059.1,0.0058,4,0
58.4155,0.437042,59.988023,-0.004437,0.0000,1.0000,9082.8,0.0058,4,0
58.4436,0.437042,59.988018,-0.004437,0.0000,1.0000,9072.3,0.0057,4,0
58.4704,0.437042,59.988013,-0.004437,0.0000,1.0000,9068.0,0.0054,4,0
58.4943,0.437042,59.988007,-0.004437,0.0000,1.0000,9079.9,0.0051,4,0
58.5161,0.437042,59.988002,-0.004437,0.0000,1.0000,9098.9,0.0047,4,0
58.5455,0.437042,59.987997,-0.004436,0.0000,1.0000,9085.4,0.0043,4,0
58.5711,0.437042,59.987991,-0.004436,0.0000,1.0000,9087.9,0.0040,4,0
58.5936,0.438479,59.987986,-0.004436,0.0000,1.0000,9105.9,0.0038,4,0
58.6182,0.438479,59.987981,-0.004436,0.0000,1.0000,9112.9,0.0035,4,0
58.6472,0.438479,59.987976,-0.004436,0.0000,1.0000,9100.2,0.0033,4,0
58.6724,0.438479,59.987970,-0.004435,0.0000,1.0000,9104.6,0.0031,4,0
58.6937,0.438479,59.987965,-0.004435,0.0000,1.0000,9125.4,0.0029,4,0
58.7201,0.438479,59.987960,-0.004435,0.0000,1.0000,9122.0,0.0025,4,0
58.7474,0.438479,59.987954,-0.004435,0.0000,1.0000,9115.4,0.0022,4,0
58.7718,0.438479,59.987949,-0.004435,0.0000,1.0000,9122.2,0.0017,4,0
58.7930,0.438479,59.987943,-0.004435,0.0000,1.0000,9141.6,0.0013,4,0
58.8210,0.438479,59.987938,-0.004434,0.0000,1.0000,9130.3,0.0007,4,0
58.8470,0.439919,59.987932,-0.004434,0.0000,1.0000,9127.8,0.0000,4,0
58.8690,0.439919,59.987927,-0.004434,0.0000,1.0000,9144.0,-0.0007,4,0
58.8918,0.439919,59.987921,-0.004434,0.0000,1.0000,9154.6,-0.0015,4,0
58.9194,0.439919,59.987915,-0.004434,0.0000,1.0000,9143.5,-0.0023,4,0
58.9450,0.439919,59.987910,-0.004434,0.0000,1.0000,9143.4,-0.0032,4,0
58.9663,0.439919,59.987905,-0.004434,0.0000,1.0000,9162.1,-0.0040,4,0
58.9912,0.439919,59.987900,-0.004433,0.0000,1.0000,9163.2,-0.0049,4,0
59.0192,0.439919,59.987895,-0.004433,0.0000,1.0000,9152.4,-0.0057,4,0
59.0436,0.439919,59.987890,-0.004433,0.0000,1.0000,9159.0,-0.0064,4,0
59.0648,0.439919,59.987885,-0.004433,0.0000,1.0000,9178.9,-0.0072,4,0
59.0926,0.441367,59.987880,-0.004433,0.0000,1.0000,9168.2,-0.0079,4,0
59.1189,0.441367,59.987875,-0.004433,0.0000,1.0000,9165.9,-0.0086,4,0
59.1419,0.441367,59.987870,-0.004432,0.0000,1.0000,9178.2,-0.0092,4,0
59.1633,0.441367,59.987865,-0.004432,0.0000,1.0000,9194.2,-0.0098,4,0
59.1900,0.441367,59.987860,-0.004432,0.0000,1.0000,9185.5,-0.0102,4,0
59.2153,0.441367,59.987855,-0.004432,0.0000,1.0000,9185.7,-0.0105,4,0
59.2364,0.441367,59.987850,-0.004432,0.0000,1.0000,9202.2,-0.0105,4,0
59.2605,0.441367,59.987845,-0.004432,0.0000,1.0000,9201.7,-0.0104,4,0
59.2865,0.441367,59.987840,-0.004431,0.0000,1.0000,9195.4,-0.0100,4,0
59.3109,0.441367,59.987835,-0.004431,0.0000,1.0000,9198.6,-0.0093,4,0
59.3309,0.442822,59.987830,-0.004431,0.0000,1.0000,9218.2,-0.0084,4,0
59.3582,0.442822,59.987825,-0.004431,0.0000,1.0000,9204.6,-0.0074,4,0
59.3833,0.442822,59.987820,-0.004431,0.0000,1.0000,9203.0,-0.0062,4,0
59.4048,0.442822,59.987815,-0.004431,0.0000,1.0000,9217.2,-0.0048,4,0
59.4263,0.442822,59.987810,-0.004430,0.0000,1.0000,9226.2,-0.0038,4,0
59.4490,0.442822,59.987805,-0.004430,0.0000,1.0000,9192.7,-0.0026,4,0
59.4315,0.442822,59.987799,-0.004430,0.0000,1.0000,9142.9,-0.0018,4,0
59.4185,0.442822,59.987794,-0.004430,0.0000,1.0000,9093.3,-0.0013,4,0
59.4054,0.442822,59.987788,-0.004430,0.0000,1.0000,9043.9,-0.0010,4,0
59.3928,0.442822,59.987783,-0.004429,0.0000,1.0000,8783.1,-0.0009,5,0
59.4292,0.444281,59.987777,-0.004429,0.0000,1.0000,7998.1,-0.0010,5,0
59.4627,0.444281,59.987772,-0.004429,0.0000,1.0000,7995.2,-0.0014,5,0
59.4987,0.444281,59.987766,-0.004429,0.0000,1.0000,7960.2,-0.0019,5,0
59.5284,0.444281,59.987761,-0.004429,0.0000,1.0000,7955.4,-0.0026,5,0
59.5515,0.444281,59.987755,-0.004428,0.0000,1.0000,7975.3,-0.0034,5,0
59.5776,0.444281,59.987749,-0.004428,0.0000,1.0000,7978.9,-0.0042,5,0
59.6078,0.444281,59.987744,-0.004428,0.0000,1.0000,7968.9,-0.0051,5,0
59.6334,0.444281,59.987738,-0.004428,0.0000,1.0000,7977.3,-0.0059,5,0
59.6550,0.444281,59.987733,-0.004428,0.0000,1.0000,7998.3,-0.0066,5,0
59.6844,0.444281,59.987727,-0.004427,0.0000,1.0000,7985.8,-0.0073,5,0
59.7121,0.445746,59.987722,-0.004427,0.0000,1.0000,7983.7,-0.0081,5,0
59.7360,0.445746,59.987716,-0.004427,0.0000,1.0000,7995.7,-0.0087,5,0
59.7575,0.445746,59.987711,-0.004427,0.0000,1.0000,8011.6,-0.0093,5,0
59.7881,0.445746,59.987705,-0.004427,0.0000,1.0000,7995.0,-0.0100,5,0
59.8142,0.445746,59.987700,-0.004426,0.0000,1.0000,7998.8,-0.0106,5,0
59.8361,0.445746,59.987695,-0.004426,0.0000,1.0000,8016.5,-0.0111,5,0
59.8627,0.445746,59.987690,-0.004426,0.0000,1.0000,8014.0,-0.0115,5,0
59.8916,0.445746,59.987684,-0.004426,0.0000,1.0000,8005.0,-0.0120,5,0
59.9154,0.445746,59.987679,-0.004425,0.0000,1.0000,8016.8,-0.0122,5,0
59.9365,0.445746,59.987674,-0.004425,0.0000,1.0000,8035.2,-0.0124,5,0
59.9656,0.447216,59.987669,-0.004425,0.0000,1.0000,8022.3,-0.0124,5,0
59.9922,0.447216,59.987664,-0.004425,0.0000,1.0000,8022.9,-0.0124,5,0
60.0138,0.447216,59.987658,-0.004424,0.0000,1.0000,8040.1,-0.0122,5,0
60.0375,0.447216,59.987653,-0.004424,0.0000,1.0000,8045.5,-0.0118,5,0
60.0667,0.447216,59.987648,-0.004424,0.0000,1.0000,8033.4,-0.0114,5,0
60.0910,0.447216,59.987642,-0.004424,0.0000,1.0000,8040.9,-0.0109,5,0
60.1109,0.447216,59.987636,-0.004423,0.0000,1.0000,8061.7,-0.0105,5,0
60.1388,0.447216,59.987631,-0.004423,0.0000,1.0000,8051.5,-0.0102,5,0
60.1657,0.447216,59.987625,-0.004423,0.0000,1.0000,8048.9,-0.0101,5,0
60.1876,0.447216,59.987619,-0.004423,0.0000,1.0000,8062.8,-0.0100,5,0
60.2089,0.448694,59.987613,-0.004422,0.0000,1.0000,8075.0,-0.0100,5,0
60.2380,0.448694,59.987607,-0.004422,0.0000,1.0000,8061.4,-0.0103,5,0
60.2626,0.448694,59.987602,-0.004422,0.0000,1.0000,8065.7,-0.0105,5,0
60.2821,0.448694,59.987596,-0.004422,0.0000,1.0000,8085.1,-0.0108,5,0
60.3079,0.448694,59.987590,-0.004421,0.0000,1.0000,8080.2,-0.0112,5,0
60.3352,0.448694,59.987585,-0.004421,0.0000,1.0000,8072.8,-0.0117,5,0
60.3569,0.448694,59.987579,-0.004421,0.0000,1.0000,8084.7,-0.0121,5,0
60.3762,0.448694,59.987574,-0.004420,0.0000,1.0000,8102.7,-0.0126,5,0
60.4050,0.448694,59.987569,-0.004420,0.0000,1.0000,8087.2,-0.0132,5,0
60.4292,0.448694,59.987564,-0.004420,0.0000,1.0000,8089.7,-0.0137,5,0
60.4484,0.450176,59.987558,-0.004419,0.0000,1.0000,8108.0,-0.0142,5,0
60.4721,0.450176,59.987553,-0.004419,0.0000,1.0000,8108.2,-0.0148,5,0
60.4995,0.450176,59.987548,-0.004419,0.0000,1.0000,8098.1,-0.0154,5,0
60.5211,0.450176,59.987542,-0.004418,0.0000,1.0000,8107.2,-0.0159,5,0
60.5398,0.450176,59.987537,-0.004418,0.0000,1.0000,8124.9,-0.0165,5,0
60.5668,0.450176,59.987532,-0.004418,0.0000,1.0000,8113.6,-0.0173,5,0
60.5912,0.450176,59.987526,-0.004417,0.0000,1.0000,8112.5,-0.0179,5,0
60.6100,0.450176,59.987521,-0.004417,0.0000,1.0000,8129.2,-0.0185,5,0
60.6316,0.450176,59.987516,-0.004416,0.0000,1.0000,8136.3,-0.0190,5,0
60.6594,0.450176,59.987510,-0.004416,0.0000,1.0000,8121.3,-0.0194,5,0
60.6809,0.451664,59.987505,-0.004416,0.0000,1.0000,8129.4,-0.0196,5,0
60.6987,0.451664,59.987500,-0.004415,0.0000,1.0000,8149.6,-0.0197,5,0
60.7256,0.451664,59.987495,-0.004415,0.0000,1.0000,8138.4,-0.0197,5,0
60.7502,0.451664,59.987489,-0.004415,0.0000,1.0000,8135.0,-0.0196,5,0
60.7694,0.451664,59.987484,-0.004414,0.0000,1.0000,8149.0,-0.0192,5,0
60.7894,0.451664,59.987479,-0.004414,0.0000,1.0000,8160.5,-0.0189,5,0
60.8165,0.451664,59.987473,-0.004413,0.0000,1.0000,8144.4,-0.0185,5,0
60.8379,0.451664,59.987468,-0.004413,0.0000,1.0000,8146.8,-0.0180,5,0
60.8551,0.451664,59.987462,-0.004412,0.0000,1.0000,8165.8,-0.0176,5,0
60.8793,0.451664,59.987457,-0.004412,0.0000,1.0000,8160.1,-0.0173,5,0
60.9034,0.453157,59.987452,-0.004411,0.0000,1.0000,8153.1,-0.0168,5,0
60.9220,0.453157,59.987446,-0.004411,0.0000,1.0000,8165.0,-0.0163,5,0
60.9404,0.453157,59.987441,-0.004411,0.0000,1.0000,8181.5,-0.0159,5,0
60.9671,0.453157,59.987435,-0.004410,0.0000,1.0000,8163.8,-0.0153,5,0
60.9882,0.453157,59.987430,-0.004410,0.0000,1.0000,8166.3,-0.0145,5,0
61.0046,0.453157,59.987424,-0.004409,0.0000,1.0000,8185.9,-0.0135,5,0
61.0274,0.453157,59.987419,-0.004409,0.0000,1.0000,8183.7,-0.0124,5,0
61.0521,0.453157,59.987413,-0.004408,0.0000,1.0000,8173.3,-0.0110,5,0
61.0706,0.453157,59.987407,-0.004408,0.0000,1.0000,8183.6,-0.0094,5,0
61.0885,0.453157,59.987402,-0.004407,0.0000,1.0000,8200.6,-0.0079,5,0
61.1141,0.454657,59.987396,-0.004407,0.0000,1.0000,8185.5,-0.0062,5,0
61.1349,0.454657,59.987390,-0.004406,0.0000,1.0000,8185.9,-0.0045,5,0
61.1521,0.454657,59.987384,-0.004405,0.0000,1.0000,8203.9,-0.0030,5,0
61.1741,0.454657,59.987379,-0.004405,0.0000,1.0000,8202.7,-0.0016,5,0
61.1983,0.454657,59.987373,-0.004404,0.0000,1.0000,8192.7,-0.0002,5,0
61.2177,0.454657,59.987368,-0.004404,0.0000,1.0000,8201.0,0.0010,5,0
61.2354,0.454657,59.987362,-0.004403,0.0000,1.0000,8218.3,0.0020,5,0
61.2613,0.454657,59.987357,-0.004403,0.0000,1.0000,8203.0,0.0029,5,0
61.2829,0.454657,59.987352,-0.004402,0.0000,1.0000,8201.9,0.0035,5,0
61.3011,0.454657,59.987347,-0.004401,0.0012,0.9964,8216.6,0.0040,5,0
61.3215,0.456162,59.987341,-0.004401,0.0024,0.9929,8220.0,0.0045,5,0
61.3453,0.456162,59.987336,-0.004400,0.0118,0.9448,8200.4,0.0048,5,0
61.3602,0.456162,59.987331,-0.004400,0.0212,0.8967,8198.0,0.0051,5,0
61.3683,0.456162,59.987325,-0.004399,0.0255,0.8345,8204.0,0.0056,5,0
61.3777,0.456162,59.987320,-0.004399,0.0298,0.7723,8181.8,0.0060,5,0
61.3764,0.456162,59.987314,-0.004398,0.0547,0.6742,8165.2,0.0064,5,0
61.3639,0.456162,59.987309,-0.004397,0.0796,0.5762,8158.0,0.0068,5,0
61.3432,0.456162,59.987303,-0.004397,0.1036,0.4877,8141.9,0.0071,5,0
61.3136,0.456162,59.987297,-0.004396,0.1277,0.3992,8121.3,0.0073,5,0
61.2710,0.456162,59.987291,-0.004396,0.1646,0.3311,8110.1,0.0074,5,0
61.2187,0.457668,59.987286,-0.004395,0.2015,0.2629,8095.6,0.0074,5,0
61.1587,0.457668,59.987280,-0.004394,0.2389,0.2101,8073.8,0.0072,5,0
61.0855,0.457668,59.987274,-0.004394,0.2762,0.1572,8055.1,0.0069,5,0
61.0018,0.457668,59.987269,-0.004393,0.3032,0.1281,8041.5,0.0066,5,0
60.9108,0.457668,59.987263,-0.004393,0.3301,0.0989,8029.3,0.0065,5,0
60.8115,0.457668,59.987258,-0.004392,0.3657,0.0736,8007.8,0.0063,5,0
60.7042,0.457668,59.987252,-0.004392,0.4014,0.0483,7996.3,0.0063,5,0
60.5907,0.457668,59.987247,-0.004391,0.4318,0.0338,7979.8,0.0063,5,0
60.4695,0.457668,59.987242,-0.004390,0.4622,0.0192,7964.0,0.0063,5,0
60.3442,0.457668,59.987236,-0.004390,0.4928,0.0126,7943.6,0.0063,5,0
60.2125,0.459157,59.987231,-0.004389,0.5234,0.0060,7928.8,0.0065,5,0
60.0775,0.459157,59.987226,-0.004389,0.5507,0.0030,7907.6,0.0066,5,0
59.9356,0.459157,59.987221,-0.004388,0.5781,0.0000,7883.0,0.0068,5,0
59.7904,0.459157,59.987215,-0.004388,0.6018,0.0000,7860.5,0.0072,5,0
59.6422,0.459157,59.987210,-0.004387,0.6255,0.0000,7833.3,0.0077,5,0
59.4877,0.459157,59.987205,-0.004387,0.6437,0.0000,7807.7,0.0082,5,0
59.3327,0.459157,59.987199,-0.004386,0.6618,0.0000,7774.3,0.0088,5,0
59.1700,0.459157,59.987194,-0.004386,0.6782,0.0000,7744.3,0.0094,5,0
59.0082,0.459157,59.987188,-0.004385,0.6945,0.0000,7708.3,0.0101,5,0
58.8415,0.459157,59.987183,-0.004385,0.7133,0.0000,7672.7,0.0106,5,0
58.6720,0.460616,59.987178,-0.004384,0.7322,0.0000,7636.2,0.0111,5,0
58.4976,0.460616,59.987172,-0.004383,0.7445,0.0000,7599.5,0.0115,5,0
58.3193,0.460616,59.987167,-0.004383,0.7568,0.0000,7564.7,0.0117,5,0
58.1412,0.460616,59.987161,-0.004382,0.7650,0.0000,7527.6,0.0118,5,0
57.9589,0.460616,59.987156,-0.004382,0.7732,0.0000,7491.8,0.0119,5,0
57.7745,0.460616,59.987151,-0.004381,0.7836,0.0000,7460.7,0.0118,5,0
57.5842,0.460616,59.987146,-0.004381,0.7940,0.0000,7433.8,0.0114,5,0
57.3935,0.460616,59.987141,-0.004381,0.7992,0.0000,7409.5,0.0112,5,0
57.1986,0.460616,59.987136,-0.004380,0.8045,0.0000,7393.3,0.0109,5,0
57.0052,0.460616,59.987131,-0.004380,0.8100,0.0000,7371.0,0.0108,5,0
56.8069,0.462028,59.987126,-0.004379,0.8155,0.0000,7357.1,0.0107,5,0
56.6108,0.462028,59.987121,-0.004379,0.8210,0.0000,7332.8,0.0108,5,0
56.4127,0.462028,59.987116,-0.004378,0.8265,0.0000,7309.7,0.0110,5,0
56.2160,0.462028,59.987111,-0.004378,0.8245,0.0000,7286.0,0.0113,5,0
56.0190,0.462028,59.987106,-0.004377,0.8226,0.0000,7263.0,0.0115,5,0
55.8232,0.462028,59.987101,-0.004377,0.8281,0.0000,7521.7,0.0119,5,0
55.6259,0.462028,59.987096,-0.004376,0.8336,0.0000,8053.3,0.0123,5,0
55.4284,0.462028,59.987091,-0.004376,0.8353,0.0000,8362.3,0.0124,5,0
55.2317,0.462028,59.987086,-0.004376,0.8370,0.0000,8337.7,0.0124,5,0
55.0350,0.462028,59.987082,-0.004375,0.8416,0.0000,8300.1,0.0126,4,0
54.8378,0.463392,59.987077,-0.004375,0.8463,0.0000,8265.0,0.0127,4,0
54.6378,0.463392,59.987072,-0.004375,0.8485,0.0000,8233.5,0.0127,4,0
54.4390,0.463392,59.987067,-0.004374,0.8507,0.0000,8206.3,0.0128,4,0
54.2400,0.463392,59.987062,-0.004374,0.8503,0.0000,8171.0,0.0131,4,0
54.0429,0.463392,59.987057,-0.004373,0.8500,0.0000,8140.9,0.0136,4,0
53.8450,0.463392,59.987052,-0.004373,0.8503,0.0000,8106.0,0.0140,4,0
53.6495,0.463392,59.987047,-0.004373,0.8507,0.0000,8071.8,0.0146,4,0
53.4535,0.463392,59.987042,-0.004372,0.8520,0.0000,8034.2,0.0154,4,0
53.2588,0.463392,59.987037,-0.004372,0.8534,0.0000,7997.7,0.0164,4,0
53.0632,0.463392,59.987032,-0.004372,0.8569,0.0000,7956.6,0.0173,4,0
52.8679,0.464709,59.987027,-0.004371,0.8605,0.0000,7919.0,0.0185,4,0
52.6730,0.464709,59.987022,-0.004371,0.8661,0.0000,7872.5,0.0198,4,0
52.4794,0.464709,59.987017,-0.004371,0.8717,0.0000,7824.0,0.0211,4,0
52.2842,0.464709,59.987012,-0.004370,0.8671,0.0000,7783.9,0.0224,4,0
52.0920,0.464709,59.987007,-0.004370,0.8624,0.0000,7740.3,0.0235,4,0
51.9059,0.464709,59.987002,-0.004370,0.8640,0.0000,7708.0,0.0247,4,0
51.7173,0.464709,59.986998,-0.004370,0.8656,0.0000,7708.3,0.0259,4,0
51.5272,0.464709,59.986993,-0.004369,0.8626,0.0000,7685.6,0.0267,4,0
51.3400,0.464709,59.986988,-0.004369,0.8595,0.0000,7649.2,0.0286,4,0
51.1555,0.464709,59.986984,-0.004369,0.8626,0.0000,7611.2,0.0299,4,0
50.9690,0.465977,59.986979,-0.004369,0.8656,0.0000,7575.8,0.0307,4,0
50.7800,0.465977,59.986974,-0.004368,0.8689,0.0000,7570.5,0.0314,4,0
50.5866,0.465977,59.986969,-0.004368,0.8722,0.0000,7546.9,0.0315,4,0
50.3988,0.465977,59.986965,-0.004368,0.8650,0.0000,7508.9,0.0318,4,0
50.2167,0.465977,59.986960,-0.004368,0.8578,0.0000,7452.7,0.0319,4,0
50.0323,0.465977,59.986956,-0.004368,0.8562,0.0000,7468.5,0.0323,4,0
49.8465,0.465977,59.986951,-0.004367,0.8546,0.0000,7475.7,0.0320,4,0
49.6647,0.465977,59.986947,-0.004367,0.8515,0.0000,7435.4,0.0317,4,0
49.4834,0.465977,59.986942,-0.004367,0.8485,0.0000,7393.5,0.0311,4,0
49.3051,0.465977,59.986938,-0.004367,0.8460,0.0000,7333.9,0.0306,4,0
49.1308,0.467200,59.986934,-0.004367,0.8436,0.0000,7320.1,0.0307,4,0
48.9482,0.467200,59.986929,-0.004367,0.8444,0.0000,7299.0,0.0292,4,0
48.7661,0.467200,59.986925,-0.004367,0.8453,0.0000,7258.1,0.0284,4,0
48.5842,0.467200,59.986920,-0.004367,0.8392,0.0000,7257.7,0.0273,4,0
48.4019,0.467200,59.986916,-0.004366,0.8331,0.0000,7233.6,0.0262,4,0
48.2202,0.467200,59.986912,-0.004366,0.8316,0.0000,7192.8,0.0254,4,0
48.0371,0.467200,59.986908,-0.004366,0.8302,0.0000,7587.9,0.0258,4,0
47.8576,0.467200,59.986903,-0.004366,0.8259,0.0000,8117.0,0.0258,4,0
47.6826,0.467200,59.986899,-0.004366,0.8216,0.0000,8624.3,0.0258,4,0
47.5016,0.467200,59.986895,-0.004366,0.8186,0.0000,8576.9,0.0257,4,0
47.3198,0.468376,59.986891,-0.004366,0.8155,0.0000,8515.2,0.0254,3,0
47.1384,0.468376,59.986887,-0.004366,0.8098,0.0000,8462.6,0.0252,3,0
46.9607,0.468376,59.986882,-0.004366,0.8040,0.0000,8404.5,0.0250,3,0
46.7817,0.468376,59.986878,-0.004366,0.7984,0.0000,8404.0,0.0247,3,0
46.6012,0.468376,59.986874,-0.004366,0.7928,0.0000,8391.8,0.0244,3,0
46.4223,0.468376,59.986870,-0.004366,0.7920,0.0000,8358.4,0.0243,3,0
46.2464,0.468376,59.986865,-0.004366,0.7913,0.0000,8317.1,0.0246,3,0
46.0710,0.468376,59.986861,-0.004366,0.7895,0.0000,8267.8,0.0254,3,0
45.8989,0.468376,59.986856,-0.004367,0.7877,0.0000,8209.2,0.0265,3,0
45.7262,0.468376,59.986852,-0.004367,0.7900,0.0000,8207.7,0.0278,3,0
45.5494,0.469506,59.986848,-0.004367,0.7923,0.0000,8198.6,0.0296,3,0
45.3780,0.469506,59.986843,-0.004367,0.7891,0.0000,8163.3,0.0317,3,0
45.2078,0.469506,59.986839,-0.004367,0.7859,0.0000,8116.3,0.0340,3,0
45.0395,0.469506,59.986834,-0.004367,0.7840,0.0000,8065.1,0.0368,3,0
44.8742,0.469506,59.986830,-0.004367,0.7820,0.0000,8025.8,0.0392,3,0
44.7036,0.469506,59.986826,-0.004367,0.7840,0.0000,8032.1,0.0416,3,0
44.5372,0.469506,59.986823,-0.004368,0.7859,0.0000,8005.4,0.0440,3,0
44.3707,0.469506,59.986819,-0.004368,0.7823,0.0000,7958.3,0.0467,3,0
44.2099,0.469506,59.986816,-0.004368,0.7786,0.0000,7904.5,0.0488,3,0
44.0496,0.469506,59.986812,-0.004368,0.7808,0.0000,7893.1,0.0514,3,0
43.8880,0.470592,59.986808,-0.004368,0.7830,0.0000,7874.5,0.0548,3,0
43.7265,0.470592,59.986805,-0.004369,0.7825,0.0000,7829.2,0.0563,3,0
43.5683,0.470592,59.986801,-0.004369,0.7820,0.0000,7785.2,0.0579,3,0
43.4070,0.470592,59.986798,-0.004369,0.7796,0.0000,7772.5,0.0594,3,0
43.2503,0.470592,59.986794,-0.004369,0.7771,0.0000,7718.2,0.0614,3,0
43.0908,0.470592,59.986790,-0.004370,0.7774,0.0000,7704.5,0.0618,3,0
42.9303,0.470592,59.986785,-0.004370,0.7776,0.0000,7671.7,0.0621,3,0
42.7700,0.470592,59.986781,-0.004370,0.7715,0.0000,7627.6,0.0623,3,0
42.6122,0.470592,59.986776,-0.004371,0.7654,0.0000,7651.2,0.0621,3,0
42.4558,0.470592,59.986772,-0.004371,0.7617,0.0000,7615.3,0.0615,3,0
42.2989,0.471637,59.986768,-0.004371,0.7581,0.0000,7561.8,0.0611,3,0
42.1493,0.471637,59.986763,-0.004372,0.7515,0.0000,7523.9,0.0610,3,0
41.9934,0.471637,59.986759,-0.004372,0.7449,0.0000,7554.9,0.0592,3,0
41.8428,0.471637,59.986754,-0.004372,0.7358,0.0000,7522.7,0.0579,3,0
41.6934,0.471637,59.986750,-0.004372,0.7268,0.0000,7472.4,0.0568,3,0
41.5462,0.471637,59.986747,-0.004373,0.7181,0.0000,7429.5,0.0569,3,0
41.3981,0.471637,59.986743,-0.004373,0.7095,0.0000,7468.4,0.0566,3,0
41.2518,0.471637,59.986740,-0.004374,0.6957,0.0000,7437.4,0.0563,3,0
41.1097,0.471637,59.986737,-0.004374,0.6819,0.0000,7386.9,0.0562,3,0
40.9721,0.471637,59.986733,-0.004375,0.6667,0.0000,7335.3,0.0576,3,0
40.8344,0.472645,59.986730,-0.004375,0.6515,0.0000,7329.8,0.0582,3,0
40.6946,0.472645,59.986727,-0.004376,0.6386,0.0000,7313.3,0.0590,3,0
40.5588,0.472645,59.986724,-0.004376,0.6256,0.0000,7279.2,0.0599,3,0
40.4282,0.472645,59.986720,-0.004377,0.6073,0.0000,7259.5,0.0615,3,0
40.3001,0.472645,59.986717,-0.004377,0.5890,0.0000,7271.8,0.0640,3,0
40.1739,0.472645,59.986713,-0.004378,0.5808,0.0000,7243.9,0.0655,3,0
40.0479,0.472645,59.986710,-0.004378,0.5726,0.0000,7210.5,0.0675,3,0
39.9234,0.472645,59.986706,-0.004379,0.5565,0.0000,7179.7,0.0695,3,0
39.7978,0.472645,59.986702,-0.004379,0.5403,0.0000,7151.0,0.0721,3,0
39.6790,0.472645,59.986699,-0.004380,0.5266,0.0000,7137.5,0.0747,3,0
39.5571,0.473615,59.986695,-0.004381,0.5130,0.0000,7147.9,0.0769,3,0
39.4399,0.473615,59.986691,-0.004381,0.4897,0.0000,7119.0,0.0789,3,0
39.3261,0.473615,59.986687,-0.004382,0.4664,0.0000,7090.1,0.0805,3,0
39.2154,0.473615,59.986684,-0.004382,0.4438,0.0000,7069.6,0.0819,3,0
39.1095,0.473615,59.986680,-0.004383,0.4212,0.0000,7055.5,0.0827,3,0
39.0087,0.473615,59.986677,-0.004384,0.4061,0.0000,7037.3,0.0833,3,0
38.9097,0.473615,59.986673,-0.004384,0.3909,0.0000,7025.3,0.0835,3,0
38.8135,0.473615,59.986669,-0.004385,0.3789,0.0000,7010.7,0.0834,3,0
38.7188,0.473615,59.986666,-0.004386,0.3669,0.0000,7001.6,0.0829,3,0
38.6255,0.473615,59.986663,-0.004387,0.3525,0.0000,7001.3,0.0824,3,0
38.5381,0.474556,59.986659,-0.004387,0.3381,0.0000,6989.2,0.0818,3,0
38.4534,0.474556,59.986656,-0.004388,0.3141,0.0000,6980.7,0.0815,3,0
38.3734,0.474556,59.986652,-0.004389,0.2900,0.0000,6974.5,0.0814,3,0
38.2977,0.474556,59.986649,-0.004390,0.2653,0.0000,6977.3,0.0814,3,0
38.2284,0.474556,59.986645,-0.004390,0.2405,0.0000,6974.0,0.0816,3,0
38.1625,0.474556,59.986642,-0.004391,0.2288,0.0000,6970.1,0.0820,3,0
38.1005,0.474556,59.986638,-0.004392,0.2171,0.0000,6957.9,0.0828,3,0
38.0384,0.474556,59.986635,-0.004393,0.2112,0.0000,6954.1,0.0840,3,0
37.9787,0.474556,59.986631,-0.004394,0.2053,0.0000,6942.6,0.0852,3,0
37.9182,0.474556,59.986627,-0.004395,0.2058,0.0000,6936.1,0.0865,3,0
37.8572,0.475473,59.986624,-0.004396,0.2063,0.0000,6927.9,0.0875,3,0
37.7975,0.475473,59.986621,-0.004397,0.1975,0.0000,6918.5,0.0884,3,0
37.7396,0.475473,59.986617,-0.004398,0.1887,0.0000,6914.8,0.0893,3,0
37.6845,0.475473,59.986613,-0.004399,0.1738,0.0000,6912.0,0.0902,3,0
37.6340,0.475473,59.986610,-0.004400,0.1589,0.0000,6900.6,0.0909,3,0
37.5853,0.475473,59.986607,-0.004401,0.1472,0.0000,6896.4,0.0914,3,0
37.5377,0.475473,59.986604,-0.004402,0.1355,0.0000,6895.4,0.0917,3,0
37.4931,0.475473,59.986601,-0.004403,0.1226,0.0000,6893.5,0.0924,3,0
37.4518,0.475473,59.986598,-0.004404,0.1096,0.0000,6892.9,0.0933,3,0
37.4143,0.475473,59.986595,-0.004406,0.1019,0.0000,6885.2,0.0946,3,0
37.3782,0.476378,59.986592,-0.004407,0.0942,0.0000,6876.0,0.0961,3,0
37.3424,0.476378,59.986589,-0.004408,0.0827,0.0000,6878.3,0.0979,3,0
37.3076,0.476378,59.986586,-0.004409,0.0711,0.0000,6877.3,0.1000,3,0
37.2771,0.476378,59.986583,-0.004410,0.0628,0.0000,6871.8,0.1024,3,0
37.2479,0.476378,59.986580,-0.004411,0.0545,0.0000,6870.5,0.1050,3,0
37.2204,0.476378,59.986577,-0.004413,0.0526,0.0000,6861.7,0.1077,3,0
37.1942,0.476378,59.986573,-0.004414,0.0508,0.0000,6851.3,0.1102,3,0
37.1664,0.476378,59.986570,-0.004416,0.0481,0.0000,6851.2,0.1126,3,0
37.1377,0.476378,59.986566,-0.004417,0.0454,0.0000,6847.5,0.1146,3,0
37.1124,0.476378,59.986563,-0.004418,0.0443,0.0000,6837.8,0.1162,3,0
37.0850,0.477272,59.986560,-0.004420,0.0432,0.0000,6839.9,0.1174,3,0
37.0626,0.477272,59.986556,-0.004421,0.0365,0.0000,6824.0,0.1178,3,0
37.0375,0.477272,59.986553,-0.004423,0.0298,0.0000,6825.6,0.1178,3,0
37.0136,0.477272,59.986549,-0.004424,0.0262,0.0000,6826.1,0.1175,3,0
36.9916,0.477272,59.986546,-0.004425,0.0227,0.0000,6824.1,0.1169,3,0
36.9711,0.477272,59.986543,-0.004427,0.0153,0.0000,6820.7,0.1165,3,0
36.9512,0.477272,59.986540,-0.004429,0.0078,0.0000,6824.0,0.1158,3,0
36.9343,0.477272,59.986537,-0.004430,0.0039,0.0000,6816.2,0.1150,3,0
36.9177,0.477272,59.986534,-0.004432,0.0000,0.0000,6814.2,0.1143,3,0
36.9002,0.477272,59.986531,-0.004434,0.0000,0.0000,6818.5,0.1138,3,0
36.8832,0.478172,59.986527,-0.004435,0.0000,0.0000,6819.6,0.1137,3,0
36.8681,0.478172,59.986524,-0.004437,0.0000,0.0000,6810.2,0.1141,3,0
36.8500,0.478172,59.986521,-0.004439,0.0000,0.0000,6813.8,0.1146,3,0
36.8362,0.478172,59.986518,-0.004440,0.0000,0.0000,6801.1,0.1155,3,0
36.8200,0.478172,59.986515,-0.004442,0.0000,0.0000,6802.2,0.1166,3,0
36.8013,0.478172,59.986511,-0.004444,0.0000,0.0000,6806.7,0.1180,3,0
36.7855,0.478172,59.986508,-0.004446,0.0000,0.0000,6801.2,0.1197,3,0
36.7704,0.478172,59.986504,-0.004448,0.0000,0.0000,6795.0,0.1215,3,0
36.7545,0.478172,59.986501,-0.004449,0.0000,0.0000,6790.9,0.1235,3,0
36.7396,0.478172,59.986497,-0.004451,0.0000,0.0012,6788.4,0.1254,3,0
36.7239,0.479089,59.986494,-0.004453,0.0000,0.0025,6785.2,0.1274,3,0
36.7074,0.479089,59.986491,-0.004455,0.0000,0.0056,6785.0,0.1294,3,0
36.6937,0.479089,59.986487,-0.004457,0.0000,0.0087,6776.8,0.1315,3,0
36.6796,0.479089,59.986483,-0.004459,0.0000,0.0101,6771.8,0.1335,3,0
36.6656,0.479089,59.986480,-0.004461,0.0000,0.0115,6765.3,0.1352,3,0
36.6499,0.479089,59.986477,-0.004463,0.0000,0.0115,6764.3,0.1367,3,0
36.6350,0.479089,59.986474,-0.004465,0.0000,0.0115,6761.2,0.1382,3,0
36.6191,0.479089,59.986471,-0.004467,0.0000,0.0123,6760.7,0.1396,3,0
36.6062,0.479089,59.986468,-0.004469,0.0000,0.0132,6746.8,0.1409,3,0
36.5906,0.479089,59.986465,-0.004471,0.0000,0.0144,6745.3,0.1419,3,0
36.5753,0.479972,59.986462,-0.004473,0.0000,0.0157,6740.5,0.1423,3,0
36.5605,0.479972,59.986459,-0.004476,0.0000,0.0166,6735.4,0.1426,3,0
36.5439,0.479972,59.986456,-0.004478,0.0000,0.0174,6739.1,0.1426,3,0
36.5298,0.479972,59.986453,-0.004480,0.0000,0.0202,6733.3,0.1427,3,0
36.5153,0.479972,59.986450,-0.004482,0.0000,0.0229,6728.2,0.1426,3,0
36.4996,0.479972,59.986447,-0.004484,0.0000,0.0282,6731.7,0.1423,3,0
36.4860,0.479972,59.986444,-0.004487,0.0000,0.0334,6729.3,0.1419,3,0
36.4709,0.479972,59.986441,-0.004489,0.0000,0.0417,6727.6,0.1414,3,0
36.4553,0.479972,59.986438,-0.004491,0.0000,0.0501,6733.6,0.1412,3,0
36.4406,0.479972,59.986435,-0.004494,0.0000,0.0606,6735.5,0.1410,3,0
36.4293,0.480910,59.986432,-0.004496,0.0000,0.0710,6727.1,0.1408,3,0
36.4168,0.480910,59.986429,-0.004498,0.0000,0.0832,6729.6,0.1406,3,0
36.4014,0.480910,59.986426,-0.004501,0.0000,0.0954,6744.3,0.1404,3,0
36.3934,0.480910,59.986423,-0.004503,0.0000,0.1087,6736.1,0.1404,3,0
36.3834,0.480910,59.986420,-0.004505,0.0000,0.1221,6741.6,0.1409,3,0
36.3722,0.480910,59.986417,-0.004508,0.0000,0.1386,6757.2,0.1416,3,0
36.3647,0.480910,59.986414,-0.004511,0.0000,0.1552,6764.5,0.1425,3,0
36.3600,0.480910,59.986411,-0.004513,0.0000,0.1683,6766.3,0.1436,3,0
36.3531,0.480910,59.986408,-0.004516,0.0000,0.1814,6778.5,0.1451,3,0
36.3493,0.480910,59.986405,-0.004518,0.0000,0.1967,6784.5,0.1474,3,0
36.3460,0.481852,59.986402,-0.004521,0.0000,0.2121,6793.8,0.1500,3,0
36.3443,0.481852,59.986399,-0.004523,0.0000,0.2212,6800.0,0.1532,3,0
36.3417,0.481852,59.986396,-0.004526,0.0000,0.2303,6810.7,0.1566,3,0
36.3403,0.481852,59.986393,-0.004529,0.0000,0.2329,6814.9,0.1603,3,0
36.3402,0.481852,59.986390,-0.004531,0.0000,0.2355,6812.2,0.1640,3,0
36.3403,0.481852,59.986387,-0.004534,0.0000,0.2355,6811.0,0.1681,3,0
36.3390,0.481852,59.986384,-0.004537,0.0000,0.2355,6812.6,0.1720,3,0
36.3378,0.481852,59.986382,-0.004540,0.0000,0.2355,6813.8,0.1757,3,0
36.3374,0.481852,59.986379,-0.004542,0.0000,0.2355,6810.7,0.1788,3,0
36.3356,0.481852,59.986376,-0.004545,0.0000,0.2355,6810.7,0.1813,3,0
36.3351,0.482808,59.986373,-0.004548,0.0000,0.2355,6806.1,0.1834,3,0
36.3336,0.482808,59.986370,-0.004551,0.0000,0.2364,6803.0,0.1852,3,0
36.3308,0.482808,59.986368,-0.004554,0.0000,0.2372,6804.6,0.1864,3,0
36.3293,0.482808,59.986365,-0.004556,0.0000,0.2386,6804.2,0.1870,3,0
36.3254,0.482808,59.986362,-0.004559,0.0000,0.2400,6808.8,0.1868,3,0
36.3232,0.482808,59.986359,-0.004562,0.0000,0.2417,6808.4,0.1861,3,0
36.3200,0.482808,59.986356,-0.004565,0.0000,0.2435,6816.9,0.1852,3,0
36.3185,0.482808,59.986353,-0.004568,0.0000,0.2456,6816.2,0.1846,3,0
36.3172,0.482808,59.986350,-0.004571,0.0000,0.2477,6811.2,0.1838,3,0
36.3131,0.482808,59.986347,-0.004575,0.0000,0.2494,6818.4,0.1827,3,0
36.3094,0.483692,59.986344,-0.004578,0.0000,0.2512,6823.0,0.1814,3,0
36.3052,0.483692,59.986341,-0.004581,0.0000,0.2517,6828.1,0.1803,3,0
36.3007,0.483692,59.986338,-0.004584,0.0000,0.2522,6831.8,0.1792,3,0
36.2966,0.483692,59.986335,-0.004587,0.0000,0.2526,6838.8,0.1782,3,0
36.2940,0.483692,59.986332,-0.004590,0.0000,0.2529,6843.2,0.1772,3,0
36.2903,0.483692,59.986329,-0.004593,0.0000,0.2539,6847.4,0.1762,3,0
36.2868,0.483692,59.986327,-0.004596,0.0000,0.2549,6850.3,0.1753,3,0
36.2827,0.483692,59.986324,-0.004600,0.0000,0.2579,6854.9,0.1744,3,0
36.2791,0.483692,59.986321,-0.004603,0.0000,0.2609,6859.0,0.1737,3,0
36.2763,0.483692,59.986318,-0.004606,0.0000,0.2658,6861.5,0.1731,3,0
36.2717,0.484679,59.986316,-0.004610,0.0000,0.2706,6875.4,0.1730,3,0
36.2702,0.484679,59.986313,-0.004613,0.0000,0.2755,6881.5,0.1728,3,0
36.2695,0.484679,59.986310,-0.004616,0.0000,0.2803,6883.4,0.1732,3,0
36.2690,0.484679,59.986308,-0.004620,0.0000,0.2834,6885.4,0.1736,3,0
36.2667,0.484679,59.986305,-0.004623,0.0000,0.2865,6886.4,0.1741,3,0
36.2606,0.484679,59.986303,-0.004627,0.0000,0.2871,6888.9,0.1746,3,0
36.2659,0.484679,59.986300,-0.004630,0.0000,0.2876,6892.2,0.1745,3,0
36.2581,0.484679,59.986297,-0.004634,0.0000,0.2876,6896.6,0.1747,3,0
36.2603,0.484679,59.986295,-0.004637,0.0000,0.2876,6907.8,0.1753,3,0
36.2586,0.484679,59.986292,-0.004641,0.0000,0.2876,6907.2,0.1758,3,0
36.2592,0.485681,59.986290,-0.004645,0.0000,0.2876,6909.6,0.1766,3,0
36.2607,0.485681,59.986288,-0.004648,0.0000,0.2881,6898.5,0.1777,3,0
36.2626,0.485681,59.986285,-0.004652,0.0000,0.2886,6892.8,0.1793,3,0
36.2601,0.485681,59.986283,-0.004656,0.0000,0.2889,6920.1,0.1803,3,0
36.2651,0.485681,59.986280,-0.004659,0.0000,0.2893,6899.4,0.1825,3,0
36.2628,0.485681,59.986277,-0.004663,0.0000,0.2924,6916.9,0.1842,3,0
36.2611,0.485681,59.986274,-0.004667,0.0000,0.2955,6920.0,0.1863,3,0
36.2524,0.485681,59.986271,-0.004671,0.0000,0.3025,6949.7,0.1887,3,0
36.2571,0.485681,59.986268,-0.004674,0.0000,0.3095,6927.4,0.1901,3,0
36.2640,0.485681,59.986265,-0.004678,0.0000,0.3196,6901.1,0.1918,3,0
36.2611,0.486693,59.986262,-0.004682,0.0000,0.3297,6931.8,0.1936,3,0
36.2598,0.486693,59.986259,-0.004686,0.0000,0.3395,6928.7,0.1953,3,0
36.2642,0.486693,59.986256,-0.004690,0.0000,0.3493,6930.8,0.1962,3,0
36.2639,0.486693,59.986253,-0.004694,0.0000,0.3595,6951.5,0.1972,3,0
36.2683,0.486693,59.986250,-0.004697,0.0000,0.3697,6938.8,0.1978,3,0
36.2738,0.486693,59.986247,-0.004701,0.0000,0.3786,6957.5,0.1986,3,0
36.2773,0.486693,59.986245,-0.004705,0.0000,0.3875,6938.5,0.1997,3,0
36.2663,0.486693,59.986242,-0.004709,0.0000,0.3991,6984.5,0.1994,3,0
36.2737,0.486693,59.986240,-0.004713,0.0000,0.4107,6986.4,0.1988,3,0
36.2753,0.486693,59.986238,-0.004717,0.0000,0.4209,7000.4,0.1979,3,0
36.2786,0.487702,59.986235,-0.004721,0.0000,0.4311,7023.3,0.1970,3,0
36.2864,0.487702,59.986232,-0.004725,0.0000,0.4394,7017.4,0.1962,3,0
36.2830,0.487702,59.986230,-0.004729,0.0000,0.4478,7028.0,0.1955,3,0
36.2943,0.487702,59.986227,-0.004733,0.0000,0.4550,7006.9,0.1940,3,0
36.3067,0.487702,59.986225,-0.004738,0.0000,0.4622,6994.3,0.1925,3,0
36.3090,0.487702,59.986222,-0.004742,0.0000,0.4670,7012.8,0.1911,3,0
36.3066,0.487702,59.986220,-0.004746,0.0000,0.4717,7050.9,0.1899,3,0
36.3176,0.487702,59.986217,-0.004750,0.0000,0.4748,7042.2,0.1883,3,0
36.3229,0.487702,59.986215,-0.004754,0.0000,0.4779,7060.8,0.1876,3,0
36.3378,0.487702,59.986213,-0.004759,0.0000,0.4802,7035.2,0.1873,3,0
36.3395,0.488593,59.986210,-0.004763,0.0000,0.4824,7048.2,0.1873,3,0
36.3483,0.488593,59.986207,-0.004767,0.0000,0.4847,7037.6,0.1875,3,0
36.3493,0.488593,59.986205,-0.004771,0.0000,0.4869,7064.8,0.1883,3,0
36.3632,0.488593,59.986202,-0.004776,0.0000,0.4892,7034.2,0.1882,3,0
36.3684,0.488593,59.986200,-0.004780,0.0000,0.4914,7057.8,0.1881,3,0
36.3743,0.488593,59.986198,-0.004784,0.0000,0.4966,7082.5,0.1878,3,0
36.3807,0.488593,59.986195,-0.004789,0.0000,0.5019,7095.2,0.1879,3,0
36.3959,0.488593,59.986193,-0.004793,0.0000,0.5097,7074.2,0.1881,3,0
36.3996,0.488593,59.986190,-0.004798,0.0000,0.5176,7097.6,0.1887,3,0
36.4194,0.488593,59.986188,-0.004802,0.0000,0.5269,7054.9,0.1889,3,0
36.4343,0.489579,59.986186,-0.004806,0.0000,0.5362,7040.8,0.1888,3,0
36.4430,0.489579,59.986183,-0.004811,0.0000,0.5451,7062.3,0.1878,3,0
36.4461,0.489579,59.986181,-0.004815,0.0000,0.5540,7089.2,0.1868,3,0
36.4561,0.489579,59.986178,-0.004820,0.0000,0.5598,7113.5,0.1855,3,0
36.4730,0.489579,59.986176,-0.004824,0.0000,0.5657,7086.0,0.1835,3,0
36.4854,0.489579,59.986174,-0.004829,0.0000,0.5744,7095.9,0.1809,3,0
36.5047,0.489579,59.986171,-0.004833,0.0000,0.5832,7078.8,0.1786,3,0
36.5107,0.489579,59.986169,-0.004838,0.0000,0.5938,7098.8,0.1766,3,0
36.5276,0.489579,59.986167,-0.004843,0.0000,0.6044,7102.9,0.1741,3,0
36.5429,0.489579,59.986165,-0.004847,0.0000,0.6160,7121.9,0.1719,3,0
36.5627,0.490559,59.986162,-0.004852,0.0000,0.6276,7090.6,0.1714,3,0
36.5821,0.490559,59.986160,-0.004857,0.0000,0.6386,7092.2,0.1684,3,0
36.5976,0.490559,59.986158,-0.004861,0.0000,0.6495,7111.1,0.1670,3,0
36.6078,0.490559,59.986155,-0.004866,0.0000,0.6579,7155.4,0.1654,3,0
36.6375,0.490559,59.986153,-0.004871,0.0000,0.6662,7121.8,0.1642,3,0
36.6544,0.490559,59.986151,-0.004876,0.0000,0.6743,7134.0,0.1648,3,0
36.6672,0.490559,59.986148,-0.004880,0.0000,0.6824,7178.7,0.1660,3,0
36.7034,0.490559,59.986146,-0.004885,0.0000,0.6902,7122.5,0.1672,3,0
36.7278,0.490559,59.986144,-0.004890,0.0000,0.6981,7118.4,0.1698,3,0
36.7426,0.490559,59.986142,-0.004895,0.0000,0.7031,7152.1,0.1725,3,0
36.7682,0.491552,59.986139,-0.004900,0.0000,0.7082,7150.0,0.1758,3,0
36.7901,0.491552,59.986137,-0.004905,0.0000,0.7116,7164.2,0.1802,3,0
36.8211,0.491552,59.986135,-0.004910,0.0000,0.7151,7132.5,0.1845,3,0
36.8409,0.491552,59.986132,-0.004914,0.0000,0.7156,7137.4,0.1891,3,0
36.8607,0.491552,59.986130,-0.004919,0.0000,0.7161,7159.1,0.1928,3,0
36.8913,0.491552,59.986128,-0.004924,0.0000,0.7135,7113.0,0.1965,3,0
36.9085,0.491552,59.986125,-0.004929,0.0000,0.7109,7130.2,0.1993,3,0
36.9226,0.491552,59.986123,-0.004934,0.0000,0.7054,7160.9,0.2010,3,0
36.9422,0.491552,59.986121,-0.004940,0.0000,0.6999,7163.8,0.2014,3,0
36.9700,0.491552,59.986119,-0.004945,0.0000,0.6933,7123.7,0.2006,3,0
36.9937,0.492545,59.986116,-0.004950,0.0000,0.6867,7109.1,0.1991,3,0
37.0155,0.492545,59.986114,-0.004955,0.0000,0.6797,7098.7,0.1975,3,0
37.0364,0.492545,59.986112,-0.004960,0.0000,0.6728,7096.1,0.1954,3,0
37.0564,0.492545,59.986109,-0.004965,0.0000,0.6681,7101.8,0.1926,3,0
37.0753,0.492545,59.986107,-0.004970,0.0000,0.6635,7109.4,0.1900,3,0
37.0920,0.492545,59.986105,-0.004975,0.0000,0.6583,7118.3,0.1872,3,0
37.1092,0.492545,59.986103,-0.004981,0.0000,0.6530,7122.6,0.1847,3,0
37.1270,0.492545,59.986101,-0.004986,0.0000,0.6508,7121.5,0.1824,3,0
37.1468,0.492545,59.986099,-0.004991,0.0000,0.6485,7121.2,0.1799,3,0
37.1647,0.492545,59.986097,-0.004996,0.0000,0.6482,7127.4,0.1775,3,0
37.1806,0.493451,59.986096,-0.005002,0.0000,0.6478,7145.4,0.1750,3,0
37.1990,0.493451,59.986094,-0.005007,0.0000,0.6478,7150.5,0.1727,3,0
37.2198,0.493451,59.986092,-0.005012,0.0000,0.6478,7145.6,0.1710,3,0
37.2403,0.493451,59.986090,-0.005018,0.0000,0.6473,7144.7,0.1700,3,0
37.2604,0.493451,59.986088,-0.005023,0.0000,0.6468,7149.1,0.1695,3,0
37.2806,0.493451,59.986086,-0.005028,0.0000,0.6442,7147.8,0.1694,3,0
37.2999,0.493451,59.986084,-0.005034,0.0000,0.6416,7146.8,0.1697,3,0
37.3168,0.493451,59.986083,-0.005039,0.0000,0.6372,7156.3,0.1707,3,0
37.3352,0.493451,59.986081,-0.005045,0.0000,0.6328,7160.6,0.1720,3,0
37.3538,0.493451,59.986079,-0.005050,0.0000,0.6238,7162.0,0.1735,3,0
37.3717,0.494432,59.986077,-0.005056,0.0000,0.6149,7163.2,0.1750,3,0
37.3879,0.494432,59.986075,-0.005062,0.0000,0.6048,7164.6,0.1763,3,0
37.4042,0.494432,59.986074,-0.005067,0.0000,0.5947,7166.2,0.1778,3,0
37.4210,0.494432,59.986072,-0.005073,0.0000,0.5846,7161.5,0.1795,3,0
37.4368,0.494432,59.986070,-0.005078,0.0000,0.5745,7159.3,0.1814,3,0
37.4526,0.494432,59.986068,-0.005084,0.0000,0.5637,7154.4,0.1830,3,0
37.4655,0.494432,59.986066,-0.005089,0.0000,0.5530,7154.6,0.1844,3,0
37.4773,0.494432,59.986064,-0.005095,0.0000,0.5412,7152.5,0.1855,3,0
37.4891,0.494432,59.986062,-0.005101,0.0000,0.5294,7148.6,0.1863,3,0
37.4990,0.494432,59.986060,-0.005106,0.0000,0.5167,7147.6,0.1871,3,0
37.5088,0.495401,59.986058,-0.005112,0.0000,0.5041,7143.3,0.1874,3,0
37.5174,0.495401,59.986056,-0.005118,0.0000,0.4936,7142.1,0.1872,3,0
37.5243,0.495401,59.986054,-0.005124,0.0000,0.4832,7142.0,0.1864,3,0
37.5300,0.495401,59.986052,-0.005129,0.0000,0.4705,7141.6,0.1853,3,0
37.5368,0.495401,59.986050,-0.005135,0.0000,0.4578,7136.5,0.1843,3,0
37.5432,0.495401,59.986048,-0.005141,0.0000,0.4467,7130.3,0.1834,3,0
37.5496,0.495401,59.986047,-0.005147,0.0000,0.4356,7124.4,0.1826,3,0
37.5534,0.495401,59.986045,-0.005153,0.0000,0.4262,7121.3,0.1819,3,0
37.5553,0.495401,59.986044,-0.005158,0.0000,0.4169,7122.3,0.1814,3,0
37.5575,0.495401,59.986042,-0.005164,0.0000,0.4080,7120.4,0.1813,3,0
37.5590,0.496357,59.986040,-0.005170,0.0000,0.3992,7118.3,0.1816,3,0
37.5596,0.496357,59.986039,-0.005176,0.0000,0.3899,7117.7,0.1821,3,0
37.5604,0.496357,59.986037,-0.005182,0.0000,0.3805,7114.4,0.1826,3,0
37.5595,0.496357,59.986036,-0.005188,0.0010,0.3703,7111.6,0.1828,3,0
37.5571,0.496357,59.986034,-0.005193,0.0019,0.3601,7112.0,0.1830,3,0
37.5544,0.496357,59.986033,-0.005199,0.0016,0.3512,7110.5,0.1833,3,0
37.5518,0.496357,59.986031,-0.005205,0.0012,0.3424,7107.4,0.1834,3,0
37.5479,0.496357,59.986030,-0.005211,0.0021,0.3287,7106.7,0.1833,3,0
37.5433,0.496357,59.986028,-0.005217,0.0029,0.3150,7102.4,0.1826,3,0
37.5365,0.496357,59.986027,-0.005223,0.0015,0.3003,7103.5,0.1815,3,0
37.5291,0.497295,59.986026,-0.005229,0.0000,0.2856,7104.0,0.1802,3,0
37.5224,0.497295,59.986024,-0.005235,0.0000,0.2720,7099.6,0.1790,3,0
37.5160,0.497295,59.986023,-0.005241,0.0000,0.2584,7092.1,0.1773,3,0
37.5085,0.497295,59.986021,-0.005247,0.0000,0.2487,7087.0,0.1753,3,0
37.5000,0.497295,59.986020,-0.005253,0.0000,0.2390,7081.7,0.1729,3,0
37.4893,0.497295,59.986018,-0.005260,0.0000,0.2381,7085.0,0.1699,3,0
37.4801,0.497295,59.986017,-0.005266,0.0000,0.2372,7084.4,0.1665,3,0
37.4720,0.497295,59.986015,-0.005272,0.0000,0.2469,7083.1,0.1625,3,0
37.4639,0.497295,59.986014,-0.005278,0.0000,0.2566,7083.8,0.1576,3,0
37.4566,0.497295,59.986012,-0.005284,0.0000,0.2707,7085.3,0.1520,3,0
37.4498,0.498197,59.986010,-0.005290,0.0000,0.2848,7088.2,0.1457,3,0
37.4451,0.498197,59.986009,-0.005296,0.0000,0.3074,7091.4,0.1390,3,0
37.4410,0.498197,59.986007,-0.005302,0.0000,0.3299,7096.2,0.1319,3,0
37.4403,0.498197,59.986006,-0.005309,0.0000,0.3552,7098.6,0.1245,3,0
37.4407,0.498197,59.986004,-0.005315,0.0000,0.3805,7103.6,0.1171,3,0
37.4410,0.498197,59.986003,-0.005321,0.0000,0.4075,7113.7,0.1100,3,0
37.4433,0.498197,59.986002,-0.005327,0.0000,0.4346,7124.1,0.1035,3,0
37.4475,0.498197,59.986000,-0.005333,0.0000,0.4603,7134.7,0.0977,3,0
37.4534,0.498197,59.985999,-0.005340,0.0000,0.4861,7142.3,0.0927,3,0
37.4605,0.498197,59.985998,-0.005346,0.0000,0.5094,7153.3,0.0886,3,0
37.4696,0.499108,59.985997,-0.005352,0.0000,0.5327,7162.8,0.0857,3,0
37.4790,0.499108,59.985996,-0.005358,0.0000,0.5518,7174.2,0.0839,3,0
37.4889,0.499108,59.985994,-0.005364,0.0000,0.5709,7190.5,0.0834,3,0
37.4997,0.499108,59.985993,-0.005371,0.0000,0.5828,7201.5,0.0838,3,0
37.5133,0.499108,59.985992,-0.005377,0.0000,0.5947,7207.6,0.0852,3,0
37.5264,0.499108,59.985991,-0.005383,0.0000,0.6080,7218.1,0.0875,3,0
37.5412,0.499108,59.985990,-0.005390,0.0000,0.6214,7225.6,0.0903,3,0
37.5557,0.499108,59.985988,-0.005396,0.0000,0.6293,7234.9,0.0938,3,0
37.5714,0.499108,59.985987,-0.005402,0.0000,0.6373,7242.5,0.0976,3,0
37.5863,0.499108,59.985986,-0.005409,0.0000,0.6391,7253.7,0.1016,3,0
37.6045,0.500006,59.985985,-0.005415,0.0000,0.6408,7253.0,0.1055,3,0
37.6208,0.500006,59.985984,-0.005421,0.0000,0.6408,7255.6,0.1092,3,0
37.6379,0.500006,59.985982,-0.005428,0.0000,0.6408,7255.0,0.1126,3,0
37.6529,0.500006,59.985981,-0.005434,0.0000,0.6408,7263.9,0.1157,3,0
37.6689,0.500006,59.985980,-0.005440,0.0000,0.6408,7269.5,0.1182,3,0
37.6873,0.500006,59.985979,-0.005447,0.0000,0.6417,7267.0,0.1201,3,0
37.7051,0.500006,59.985978,-0.005453,0.0000,0.6425,7267.2,0.1213,3,0
37.7227,0.500006,59.985977,-0.005460,0.0000,0.6455,7268.9,0.1217,3,0
37.7408,0.500006,59.985976,-0.005466,0.0000,0.6485,7269.1,0.1217,3,0
37.7566,0.500006,59.985975,-0.005473,0.0000,0.6534,7279.7,0.1212,3,0
37.7746,0.500912,59.985974,-0.005479,0.0000,0.6583,7287.2,0.1202,3,0
37.7950,0.500912,59.985973,-0.005486,0.0000,0.6667,7285.8,0.1188,3,0
37.8150,0.500912,59.985972,-0.005492,0.0000,0.6752,7287.3,0.1171,3,0
37.8357,0.500912,59.985971,-0.005499,0.0000,0.6850,7289.1,0.1151,3,0
37.8567,0.500912,59.985970,-0.005505,0.0000,0.6947,7294.4,0.1130,3,0
37.8776,0.500912,59.985969,-0.005512,0.0000,0.7054,7301.6,0.1106,3,0
37.8995,0.500912,59.985968,-0.005518,0.0000,0.7161,7307.5,0.1077,3,0
37.9201,0.500912,59.985968,-0.005525,0.0000,0.7286,7322.9,0.1044,3,0
37.9421,0.500912,59.985967,-0.005531,0.0000,0.7410,7335.1,0.1007,3,0
37.9661,0.500912,59.985966,-0.005538,0.0000,0.7548,7341.7,0.0969,3,0
37.9879,0.501817,59.985965,-0.005544,0.0000,0.7685,7356.6,0.0928,3,0
38.0124,0.501817,59.985964,-0.005551,0.0000,0.7833,7367.6,0.0886,3,0
38.0399,0.501817,59.985964,-0.005557,0.0000,0.7981,7371.2,0.0844,3,0
38.0673,0.501817,59.985963,-0.005564,0.0000,0.8080,7380.2,0.0802,3,0
38.0948,0.501817,59.985962,-0.005571,0.0000,0.8179,7388.1,0.0759,3,0
38.1223,0.501817,59.985961,-0.005577,0.0000,0.8296,7402.7,0.0717,3,0
38.1496,0.501817,59.985961,-0.005583,0.0000,0.8413,7417.1,0.0675,3,0
38.1795,0.501817,59.985960,-0.005589,0.0000,0.8504,7423.6,0.0632,3,0
38.2099,0.501817,59.985959,-0.005595,0.0000,0.8596,7430.2,0.0590,3,0
38.2393,0.501817,59.985958,-0.005601,0.0000,0.8675,7437.5,0.0550,3,0
38.2706,0.502738,59.985958,-0.005607,0.0000,0.8755,7445.1,0.0515,3,0
38.3006,0.502738,59.985957,-0.005613,0.0000,0.8846,7458.1,0.0485,3,0
38.3326,0.502738,59.985956,-0.005619,0.0000,0.8937,7462.9,0.0457,3,0
38.3660,0.502738,59.985955,-0.005625,0.0000,0.9023,7464.5,0.0432,3,0
38.3991,0.502738,59.985955,-0.005631,0.0000,0.9109,7471.0,0.0404,3,0
38.4338,0.502738,59.985954,-0.005637,0.0000,0.9186,7474.1,0.0378,3,0
38.4672,0.502738,59.985953,-0.005644,0.0000,0.9264,7486.9,0.0352,3,0
38.5012,0.502738,59.985953,-0.005651,0.0000,0.9322,7498.1,0.0323,3,0
38.5392,0.502738,59.985952,-0.005658,0.0000,0.9381,7494.3,0.0291,3,0
38.5766,0.502738,59.985951,-0.005664,0.0000,0.9452,7492.7,0.0257,3,0
38.6147,0.503668,59.985951,-0.005671,0.0000,0.9523,7491.7,0.0221,3,0
38.6522,0.503668,59.985950,-0.005678,0.0000,0.9597,7495.2,0.0184,3,0
38.6891,0.503668,59.985949,-0.005685,0.0000,0.9671,7505.2,0.0147,3,0
38.7287,0.503668,59.985948,-0.005691,0.0000,0.9728,7502.2,0.0109,3,0
38.7686,0.503668,59.985948,-0.005698,0.0000,0.9785,7498.9,0.0070,3,0
38.8098,0.503668,59.985947,-0.005705,0.0000,0.9839,7494.4,0.0032,3,0
38.8511,0.503668,59.985946,-0.005712,0.0000,0.9892,7489.7,-0.0004,3,0
38.8917,0.503668,59.985946,-0.005719,0.0000,0.9937,7489.7,-0.0036,3,0
38.9328,0.503668,59.985945,-0.005726,0.0000,0.9982,7486.8,-0.0062,3,0
38.9762,0.503668,59.985944,-0.005732,0.0000,0.9991,7478.0,-0.0081,3,0
39.0180,0.504616,59.985944,-0.005739,0.0000,1.0000,7474.8,-0.0088,3,0
39.0596,0.504616,59.985943,-0.005746,0.0000,1.0000,7473.0,-0.0086,3,0
39.1027,0.504616,59.985942,-0.005753,0.0000,1.0000,7464.4,-0.0071,3,0
39.1457,0.504616,59.985941,-0.005760,0.0000,1.0000,7456.9,-0.0045,3,0
39.1878,0.504616,59.985941,-0.005767,0.0000,1.0000,7453.3,-0.0009,3,0
39.2296,0.504616,59.985940,-0.005774,0.0000,1.0000,7450.8,0.0036,3,0
39.2719,0.504616,59.985940,-0.005781,0.0000,1.0000,7446.3,0.0087,3,0
39.3142,0.504616,59.985939,-0.005788,0.0000,1.0000,7441.6,0.0145,3,0
39.3567,0.504616,59.985938,-0.005795,0.0000,1.0000,7435.6,0.0210,3,0
39.3980,0.504616,59.985938,-0.005802,0.0000,1.0000,7436.0,0.0280,3,0
39.4394,0.505567,59.985937,-0.005809,0.0000,1.0000,7434.6,0.0354,3,0
39.4788,0.505567,59.985937,-0.005816,0.0000,1.0000,7440.3,0.0432,3,0
39.5187,0.505567,59.985937,-0.005823,0.0000,1.0000,7444.1,0.0507,3,0
39.5588,0.505567,59.985936,-0.005830,0.0000,1.0000,7449.0,0.0582,3,0
39.5987,0.505567,59.985935,-0.005837,0.0000,1.0000,7453.4,0.0652,3,0
39.6378,0.505567,59.985935,-0.005843,0.0000,1.0000,7458.8,0.0719,3,0
39.6767,0.505567,59.985934,-0.005851,0.0000,1.0000,7463.9,0.0778,3,0
39.7175,0.505567,59.985934,-0.005858,0.0000,1.0000,7463.2,0.0831,3,0
39.7564,0.505567,59.985933,-0.005865,0.0000,1.0000,7470.0,0.0877,3,0
39.7910,0.505567,59.985932,-0.005872,0.0000,1.0000,7494.2,0.0916,3,0
39.8276,0.506527,59.985931,-0.005879,0.0000,1.0000,7509.1,0.0949,3,0
39.8692,0.506527,59.985931,-0.005886,0.0000,1.0000,7499.9,0.0975,3,0
39.9091,0.506527,59.985930,-0.005893,0.0000,1.0000,7497.9,0.0994,3,0
39.9457,0.506527,59.985929,-0.005900,0.0000,1.0000,7512.5,0.1009,3,0
39.9791,0.506527,59.985929,-0.005907,0.0000,1.0000,7538.5,0.1018,3,0
40.0145,0.506527,59.985928,-0.005914,0.0000,1.0000,7555.1,0.1021,3,0
40.0534,0.506527,59.985928,-0.005921,0.0000,1.0000,7554.8,0.1018,3,0
40.0907,0.506527,59.985927,-0.005928,0.0000,1.0000,7562.8,0.1011,3,0
40.1265,0.506527,59.985927,-0.005935,0.0000,1.0000,7575.9,0.1002,3,0
40.1611,0.506527,59.985926,-0.005943,0.0000,1.0000,7596.8,0.0992,3,0
40.1945,0.507501,59.985926,-0.005950,0.0000,1.0000,7620.0,0.0980,3,0
40.2293,0.507501,59.985926,-0.005957,0.0000,1.0000,7636.9,0.0966,3,0
40.2576,0.507501,59.985925,-0.005964,0.0000,1.0000,7682.0,0.0953,3,0
40.2855,0.507501,59.985925,-0.005971,0.0000,1.0000,7728.2,0.0938,3,0
40.3181,0.507501,59.985924,-0.005978,0.0000,1.0000,7755.0,0.0925,3,0
40.3523,0.507501,59.985924,-0.005985,0.0000,1.0000,7771.7,0.0911,3,0
40.3869,0.507501,59.985924,-0.005993,0.0000,1.0000,7786.7,0.0898,3,0
40.4186,0.507501,59.985923,-0.006000,0.0000,1.0000,7798.9,0.0886,3,0
40.4548,0.507501,59.985923,-0.006007,0.0000,1.0000,7809.5,0.0871,3,0
40.4935,0.507501,59.985922,-0.006014,0.0000,1.0000,7808.6,0.0862,3,0
40.5313,0.508490,59.985922,-0.006022,0.0000,1.0000,7807.0,0.0849,3,0
40.5678,0.508490,59.985922,-0.006029,0.0000,1.0000,7791.9,0.0833,3,0
40.6088,0.508490,59.985921,-0.006036,0.0000,1.0000,7786.6,0.0809,3,0
40.6377,0.508490,59.985921,-0.006043,0.0000,1.0000,7788.9,0.0798,3,0
40.6828,0.508490,59.985920,-0.006050,0.0000,1.0000,7779.7,0.0762,3,0
40.7174,0.508490,59.985920,-0.006058,0.0000,1.0000,7780.4,0.0758,3,0
40.7575,0.508490,59.985920,-0.006065,0.0000,1.0000,7770.0,0.0716,3,0
40.7917,0.508490,59.985919,-0.006072,0.0000,1.0000,7773.7,0.0703,3,0
40.8213,0.508490,59.985919,-0.006080,0.0000,1.0000,7780.4,0.0664,3,0
40.8519,0.508490,59.985918,-0.006087,0.0000,1.0000,7824.3,0.0640,3,0
40.8979,0.509490,59.985918,-0.006094,0.0000,1.0000,7801.6,0.0614,3,0
40.9239,0.509490,59.985918,-0.006101,0.0000,0.9898,7841.6,0.0592,3,0
40.9501,0.509490,59.985917,-0.006109,0.0000,0.9795,7881.9,0.0560,3,0
40.9793,0.509490,59.985917,-0.006116,0.0000,0.9230,7893.1,0.0537,3,0
41.0007,0.509490,59.985916,-0.006123,0.0000,0.8665,7907.8,0.0502,3,0
41.0354,0.509490,59.985916,-0.006131,0.0000,0.7749,7886.3,0.0463,3,0
41.0734,0.509490,59.985916,-0.006138,0.0000,0.6832,7802.9,0.0419,3,0
41.0930,0.509490,59.985916,-0.006145,0.0135,0.5693,7771.5,0.0364,3,0
41.1077,0.509490,59.985916,-0.006153,0.0271,0.4553,7706.9,0.0319,3,0
41.1088,0.509490,59.985916,-0.006160,0.0427,0.3561,7667.4,0.0256,3,0
41.0997,0.510497,59.985916,-0.006167,0.0583,0.2569,7648.6,0.0204,3,0
41.0843,0.510497,59.985916,-0.006175,0.0810,0.2026,7593.3,0.0162,3,0
41.0535,0.510497,59.985916,-0.006182,0.1038,0.1483,7578.8,0.0106,3,0
41.0214,0.510497,59.985916,-0.006190,0.1323,0.0992,7534.3,0.0071,3,0
40.9660,0.510497,59.985916,-0.006197,0.1609,0.0501,7536.7,0.0038,3,0
40.9091,0.510497,59.985916,-0.006204,0.1910,0.0250,7520.6,0.0012,3,0
40.8572,0.510497,59.985916,-0.006212,0.2212,0.0000,7472.3,-0.0009,3,0
40.7767,0.510497,59.985915,-0.006219,0.2471,0.0000,7477.8,-0.0018,3,0
40.7046,0.510497,59.985915,-0.006226,0.2731,0.0000,7450.1,-0.0032,3,0
40.6464,0.510497,59.985914,-0.006234,0.2964,0.0000,7402.4,-0.0038,3,0
40.5673,0.511499,59.985914,-0.006241,0.3198,0.0000,7393.8,-0.0031,3,0
40.4813,0.511499,59.985914,-0.006248,0.3460,0.0000,7365.0,-0.0026,3,0
40.3843,0.511499,59.985913,-0.006255,0.3722,0.0000,7340.9,-0.0026,3,0
40.2818,0.511499,59.985913,-0.006263,0.3868,0.0000,7327.2,-0.0027,3,0
40.1831,0.511499,59.985912,-0.006270,0.4014,0.0000,7325.1,-0.0026,3,0
40.0790,0.511499,59.985912,-0.006277,0.4269,0.0000,7262.3,-0.0012,3,0
39.9914,0.511499,59.985912,-0.006285,0.4524,0.0000,7177.1,-0.0013,3,0
39.8828,0.511499,59.985912,-0.006292,0.4758,0.0000,7121.5,0.0005,3,0
39.7554,0.511499,59.985912,-0.006299,0.4993,0.0000,7124.7,0.0014,3,0
39.6226,0.511499,59.985912,-0.006306,0.5154,0.0000,7395.6,0.0021,3,0
39.5033,0.512478,59.985912,-0.006313,0.5315,0.0000,7931.3,0.0024,3,0
39.3634,0.512478,59.985912,-0.006320,0.5497,0.0000,8447.2,0.0022,3,0
39.2394,0.512478,59.985912,-0.006327,0.5679,0.0000,8761.2,0.0023,3,0
39.0983,0.512478,59.985912,-0.006335,0.5780,0.0000,8763.2,0.0022,2,0
38.9881,0.512478,59.985912,-0.006342,0.5882,0.0000,8647.8,0.0025,2,0
38.8477,0.512478,59.985912,-0.006349,0.5994,0.0000,8610.6,0.0037,2,0
38.7025,0.512478,59.985912,-0.006356,0.6106,0.0000,8589.3,0.0041,2,0
38.5620,0.512478,59.985912,-0.006363,0.6154,0.0000,8570.4,0.0056,2,0
38.4111,0.512478,59.985912,-0.006370,0.6202,0.0000,8570.2,0.0058,2,0
38.2831,0.512478,59.985912,-0.006377,0.6265,0.0000,8515.7,0.0062,2,0
38.1517,0.513428,59.985912,-0.006383,0.6327,0.0000,8407.3,0.0076,2,0
38.0252,0.513428,59.985912,-0.006390,0.6388,0.0000,8411.1,0.0074,2,0
37.8681,0.513428,59.985912,-0.006397,0.6449,0.0000,8452.9,0.0101,2,0
37.7344,0.513428,59.985912,-0.006404,0.6513,0.0000,8364.6,0.0107,2,0
37.5935,0.513428,59.985912,-0.006411,0.6576,0.0000,8291.5,0.0126,2,0
37.4489,0.513428,59.985912,-0.006418,0.6625,0.0000,8249.0,0.0131,2,0
37.3049,0.513428,59.985912,-0.006425,0.6674,0.0000,8187.1,0.0152,2,0
37.1562,0.513428,59.985912,-0.006431,0.6708,0.0000,8204.3,0.0156,2,0
37.0253,0.513428,59.985911,-0.006438,0.6743,0.0000,8132.8,0.0180,2,0
36.8957,0.513428,59.985911,-0.006445,0.6794,0.0000,8083.6,0.0190,2,0
36.7724,0.514341,59.985911,-0.006451,0.6845,0.0000,7997.0,0.0196,2,0
36.6371,0.514341,59.985911,-0.006458,0.6894,0.0000,8045.0,0.0200,2,0
36.4976,0.514341,59.985911,-0.006465,0.6943,0.0000,8090.5,0.0218,2,0
36.3591,0.514341,59.985910,-0.006471,0.6973,0.0000,8065.2,0.0202,2,0
36.2339,0.514341,59.985910,-0.006478,0.7004,0.0000,7966.0,0.0202,2,0
36.1119,0.514341,59.985910,-0.006485,0.7049,0.0000,7853.6,0.0208,2,0
35.9943,0.514341,59.985910,-0.006491,0.7094,0.0000,7798.5,0.0215,2,0
35.8718,0.514341,59.985910,-0.006498,0.7138,0.0000,7873.1,0.0218,2,0
35.7416,0.514341,59.985910,-0.006504,0.7182,0.0000,7810.1,0.0231,2,0
35.5821,0.514341,59.985910,-0.006511,0.7220,0.0000,7822.9,0.0233,2,0
35.4269,0.515224,59.985910,-0.006517,0.7258,0.0000,7864.9,0.0231,2,0
35.2918,0.515224,59.985910,-0.006523,0.7306,0.0000,7750.2,0.0222,2,0
35.1504,0.515224,59.985910,-0.006530,0.7353,0.0000,7588.5,0.0221,2,0
35.0105,0.515224,59.985910,-0.006536,0.7377,0.0000,7572.2,0.0217,2,0
34.8709,0.515224,59.985910,-0.006543,0.7400,0.0000,7636.7,0.0225,2,0
34.7161,0.515224,59.985910,-0.006549,0.7433,0.0000,7651.8,0.0231,2,0
34.5548,0.515224,59.985910,-0.006555,0.7466,0.0000,7621.1,0.0238,2,0
34.3974,0.515224,59.985910,-0.006562,0.7500,0.0000,7615.8,0.0257,2,0
34.2393,0.515224,59.985910,-0.006568,0.7534,0.0000,7573.8,0.0276,2,0
34.0843,0.515224,59.985910,-0.006574,0.7560,0.0000,7482.7,0.0299,2,0
33.9278,0.516070,59.985910,-0.006580,0.7586,0.0000,7424.8,0.0324,2,0
33.7638,0.516070,59.985910,-0.006586,0.7608,0.0000,7449.2,0.0358,2,0
33.6019,0.516070,59.985910,-0.006592,0.7630,0.0000,7407.5,0.0386,2,0
33.4434,0.516070,59.985910,-0.006599,0.7645,0.0000,7368.6,0.0416,2,0
33.2892,0.516070,59.985910,-0.006605,0.7661,0.0000,7305.9,0.0446,2,0
33.1357,0.516070,59.985910,-0.006611,0.7648,0.0000,7257.9,0.0460,2,0
32.9735,0.516070,59.985910,-0.006617,0.7634,0.0000,7300.3,0.0484,2,0
32.8171,0.516070,59.985910,-0.006623,0.7599,0.0000,7253.5,0.0505,2,0
32.6643,0.516070,59.985910,-0.006629,0.7564,0.0000,7182.5,0.0518,2,0
32.5146,0.516070,59.985910,-0.006635,0.7531,0.0000,7167.9,0.0533,2,0
32.3569,0.516875,59.985910,-0.006640,0.7497,0.0000,7308.1,0.0548,2,0
32.2033,0.516875,59.985910,-0.006646,0.7516,0.0000,7846.1,0.0560,2,0
32.0574,0.516875,59.985910,-0.006652,0.7534,0.0000,8365.5,0.0572,2,0
31.9181,0.516875,59.985910,-0.006658,0.7523,0.0000,8854.7,0.0591,2,0
31.7651,0.516875,59.985910,-0.006664,0.7512,0.0000,9055.5,0.0597,2,0
31.6150,0.516875,59.985910,-0.006670,0.7531,0.0000,9037.5,0.0609,1,0
31.4693,0.516875,59.985910,-0.006676,0.7549,0.0000,8990.4,0.0620,1,0
31.3265,0.516875,59.985910,-0.006681,0.7542,0.0000,8908.8,0.0639,1,0
31.1803,0.516875,59.985910,-0.006687,0.7534,0.0000,8821.0,0.0640,1,0
31.0312,0.516875,59.985910,-0.006692,0.7432,0.0000,8811.7,0.0654,1,0
30.8828,0.517645,59.985910,-0.006698,0.7329,0.0000,8761.0,0.0671,1,0
30.7434,0.517645,59.985910,-0.006704,0.7353,0.0000,8705.3,0.0701,1,0
30.5989,0.517645,59.985910,-0.006709,0.7378,0.0000,8699.7,0.0713,1,0
30.4512,0.517645,59.985910,-0.006715,0.7340,0.0000,8646.0,0.0739,1,0
30.3030,0.517645,59.985910,-0.006721,0.7302,0.0000,8597.9,0.0773,1,0
30.1544,0.517645,59.985910,-0.006726,0.7305,0.0000,8554.6,0.0805,1,0
30.0104,0.517645,59.985910,-0.006732,0.7307,0.0000,8500.7,0.0848,1,0
29.8702,0.517645,59.985910,-0.006737,0.7276,0.0000,8495.8,0.0895,1,0
29.7292,0.517645,59.985910,-0.006742,0.7246,0.0000,8439.8,0.0949,1,0
29.5950,0.517645,59.985910,-0.006748,0.7200,0.0000,8388.4,0.1021,1,0
29.4585,0.518377,59.985910,-0.006753,0.7153,0.0000,8339.6,0.1084,1,0
29.3233,0.518377,59.985910,-0.006758,0.7126,0.0000,8286.9,0.1148,1,0
29.1945,0.518377,59.985910,-0.006764,0.7099,0.0000,8285.4,0.1229,1,0
29.0620,0.518377,59.985910,-0.006769,0.6995,0.0000,8231.8,0.1296,1,0
28.9345,0.518377,59.985910,-0.006775,0.6892,0.0000,8181.3,0.1361,1,0
28.8126,0.518377,59.985910,-0.006780,0.6817,0.0000,8172.3,0.1432,1,0
28.6854,0.518377,59.985910,-0.006785,0.6743,0.0000,8121.5,0.1494,1,0
28.5552,0.518377,59.985910,-0.006790,0.6627,0.0000,8074.5,0.1546,1,0
28.4304,0.518377,59.985910,-0.006795,0.6511,0.0000,8068.6,0.1609,1,0
28.2991,0.518377,59.985910,-0.006800,0.6335,0.0000,8027.9,0.1654,1,0
28.1652,0.519077,59.985910,-0.006806,0.6159,0.0000,8012.9,0.1691,1,0
28.0363,0.519077,59.985910,-0.006811,0.6011,0.0000,7985.3,0.1728,1,0
27.9076,0.519077,59.985910,-0.006816,0.5864,0.0000,7955.3,0.1745,1,0
27.7826,0.519077,59.985910,-0.006821,0.5695,0.0000,7935.1,0.1765,1,0
27.6656,0.519077,59.985910,-0.006826,0.5525,0.0000,7907.1,0.1777,1,0
27.5476,0.519077,59.985910,-0.006831,0.5354,0.0000,7875.8,0.1772,1,0
27.4319,0.519077,59.985910,-0.006836,0.5183,0.0000,7852.4,0.1762,1,0
27.3174,0.519077,59.985910,-0.006841,0.5018,0.0000,7819.9,0.1748,1,0
27.2037,0.519077,59.985910,-0.006846,0.4853,0.0000,7791.2,0.1731,1,0
27.0956,0.519077,59.985910,-0.006851,0.4657,0.0000,7776.1,0.1711,1,0
26.9905,0.519742,59.985910,-0.006856,0.4460,0.0000,7758.5,0.1691,1,0
26.8871,0.519742,59.985910,-0.006861,0.4332,0.0000,7738.6,0.1676,1,0
26.7884,0.519742,59.985910,-0.006866,0.4204,0.0000,7726.7,0.1665,1,0
26.6934,0.519742,59.985910,-0.006870,0.4020,0.0000,7687.4,0.1655,1,0
26.5993,0.519742,59.985910,-0.006875,0.3836,0.0000,7663.0,0.1650,1,0
26.5036,0.519742,59.985910,-0.006880,0.3709,0.0000,7657.7,0.1649,1,0
26.4163,0.519742,59.985910,-0.006885,0.3582,0.0000,7621.5,0.1654,1,0
26.3272,0.519742,59.985910,-0.006890,0.3484,0.0000,7606.8,0.1663,1,0
26.2381,0.519742,59.985911,-0.006894,0.3387,0.0000,7604.5,0.1678,1,0
26.1558,0.519742,59.985911,-0.006899,0.3311,0.0000,7570.9,0.1700,1,0
26.0733,0.520382,59.985911,-0.006904,0.3235,0.0000,7543.2,0.1724,1,0
25.9912,0.520382,59.985911,-0.006908,0.3213,0.0000,7518.0,0.1749,1,0
25.9082,0.520382,59.985911,-0.006913,0.3191,0.0000,7494.9,0.1773,1,0
25.8257,0.520382,59.985912,-0.006918,0.3097,0.0000,7475.6,0.1801,1,0
25.7438,0.520382,59.985912,-0.006923,0.3003,0.0000,7460.9,0.1829,1,0
25.6650,0.520382,59.985912,-0.006927,0.2949,0.0000,7443.9,0.1858,1,0
25.5873,0.520382,59.985912,-0.006932,0.2895,0.0000,7425.0,0.1887,1,0
25.5113,0.520382,59.985913,-0.006936,0.2840,0.0000,7405.7,0.1920,1,0
25.4357,0.520382,59.985913,-0.006941,0.2786,0.0000,7385.2,0.1951,1,0
25.3639,0.520382,59.985914,-0.006945,0.2711,0.0000,7363.3,0.1983,1,0
25.2928,0.520992,59.985914,-0.006950,0.2637,0.0000,7340.2,0.2014,1,0
25.2213,0.520992,59.985914,-0.006955,0.2610,0.0000,7322.5,0.2045,1,0
25.1510,0.520992,59.985915,-0.006959,0.2583,0.0000,7298.8,0.2077,1,0
25.0810,0.520992,59.985915,-0.006964,0.2487,0.0000,7278.5,0.2107,1,0
25.0130,0.520992,59.985916,-0.006968,0.2391,0.0000,7260.7,0.2139,1,0
24.9465,0.520992,59.985916,-0.006973,0.2357,0.0000,7245.5,0.2172,1,0
24.8811,0.520992,59.985916,-0.006977,0.2324,0.0000,7226.8,0.2206,1,0
24.8172,0.520992,59.985917,-0.006981,0.2252,0.0000,7208.9,0.2239,1,0
24.7555,0.520992,59.985917,-0.006986,0.2180,0.0000,7190.9,0.2270,1,0
24.6947,0.520992,59.985918,-0.006990,0.2085,0.0000,7177.2,0.2298,1,0
24.6350,0.521587,59.985918,-0.006995,0.1990,0.0000,7164.6,0.2325,1,0
24.5760,0.521587,59.985918,-0.006999,0.1946,0.0000,7151.3,0.2349,1,0
24.5181,0.521587,59.985919,-0.007003,0.1902,0.0000,7135.9,0.2371,1,0
24.4612,0.521587,59.985919,-0.007008,0.1789,0.0000,7124.6,0.2393,1,0
24.4065,0.521587,59.985920,-0.007012,0.1675,0.0000,7114.0,0.2418,1,0
24.3538,0.521587,59.985920,-0.007017,0.1624,0.0000,7103.6,0.2443,1,0
24.3028,0.521587,59.985920,-0.007021,0.1572,0.0000,7091.9,0.2467,1,0
24.2534,0.521587,59.985921,-0.007025,0.1469,0.0000,7079.1,0.2489,1,0
24.2053,0.521587,59.985921,-0.007029,0.1365,0.0000,7068.7,0.2510,1,0
24.1587,0.521587,59.985922,-0.007033,0.1270,0.0000,7060.2,0.2528,1,0
24.1152,0.522148,59.985922,-0.007038,0.1174,0.0000,7049.8,0.2545,1,0
24.0725,0.522148,59.985922,-0.007042,0.1124,0.0000,7041.2,0.2562,1,0
24.0310,0.522148,59.985923,-0.007046,0.1074,0.0000,7031.0,0.2579,1,0
23.9901,0.522148,59.985923,-0.007050,0.1011,0.0000,7023.1,0.2596,1,0
23.9508,0.522148,59.985924,-0.007055,0.0947,0.0000,7013.9,0.2611,1,0
23.9129,0.522148,59.985924,-0.007059,0.0920,0.0000,7004.3,0.2623,1,0
23.8769,0.522148,59.985925,-0.007063,0.0894,0.0000,6991.4,0.2632,1,0
23.8401,0.522148,59.985925,-0.007067,0.0802,0.0000,6981.8,0.2639,1,0
23.8047,0.522148,59.985926,-0.007071,0.0710,0.0000,6975.2,0.2642,1,0
23.7713,0.522148,59.985926,-0.007075,0.0623,0.0000,6965.6,0.2644,1,0
23.7382,0.522706,59.985927,-0.007079,0.0536,0.0000,6959.6,0.2646,1,0
23.7075,0.522706,59.985928,-0.007084,0.0484,0.0000,6958.1,0.2650,1,0
23.6790,0.522706,59.985928,-0.007088,0.0432,0.0000,6956.1,0.2654,1,0
23.6521,0.522706,59.985929,-0.007092,0.0287,0.0000,6949.8,0.2657,1,0
23.6264,0.522706,59.985929,-0.007096,0.0142,0.0000,6948.7,0.2657,1,0
23.6038,0.522706,59.985930,-0.007100,0.0092,0.0000,6944.7,0.2658,1,0
23.5825,0.522706,59.985931,-0.007104,0.0042,0.0000,6942.3,0.2657,1,0
23.5624,0.522706,59.985932,-0.007108,0.0021,0.0000,6939.4,0.2654,1,0
23.5427,0.522706,59.985933,-0.007112,0.0000,0.0000,6936.8,0.2653,1,0
23.5243,0.522706,59.985934,-0.007116,0.0000,0.0000,6931.0,0.2653,1,0
23.5055,0.523233,59.985935,-0.007120,0.0000,0.0000,6924.7,0.2655,1,0
23.4857,0.523233,59.985936,-0.007124,0.0000,0.0000,6924.2,0.2657,1,0
23.4669,0.523233,59.985937,-0.007128,0.0000,0.0000,6919.6,0.2657,1,0
23.4478,0.523233,59.985938,-0.007132,0.0000,0.0000,6916.6,0.2656,1,0
23.4301,0.523233,59.985939,-0.007136,0.0000,0.0000,6909.5,0.2652,1,0
23.4123,0.523233,59.985940,-0.007140,0.0000,0.0000,6902.2,0.2646,1,0
23.3937,0.523233,59.985941,-0.007144,0.0000,0.0000,6898.1,0.2639,1,0
23.3759,0.523233,59.985941,-0.007148,0.0000,0.0000,6890.9,0.2633,1,0
23.3573,0.523233,59.985942,-0.007151,0.0000,0.0000,6886.4,0.2627,1,0
23.3389,0.523233,59.985943,-0.007155,0.0000,0.0000,6880.5,0.2623,1,0
23.3200,0.523772,59.985944,-0.007159,0.0000,0.0000,6878.9,0.2617,1,0
23.3017,0.523772,59.985944,-0.007163,0.0000,0.0000,6874.4,0.2610,1,0
23.2842,0.523772,59.985945,-0.007167,0.0000,0.0000,6867.7,0.2602,1,0
23.2667,0.523772,59.985946,-0.007171,0.0000,0.0000,6862.2,0.2592,1,0
23.2489,0.523772,59.985946,-0.007175,0.0000,0.0000,6856.6,0.2582,1,0
23.2316,0.523772,59.985947,-0.007179,0.0000,0.0000,6850.2,0.2572,1,0
23.2145,0.523772,59.985948,-0.007182,0.0000,0.0000,6843.1,0.2563,1,0
23.1971,0.523772,59.985948,-0.007186,0.0000,0.0000,6835.9,0.2556,1,0
23.1802,0.523772,59.985949,-0.007190,0.0000,0.0000,6828.1,0.2550,1,0
23.1621,0.523772,59.985950,-0.007193,0.0000,0.0000,6825.5,0.2545,1,0
23.1441,0.524322,59.985951,-0.007197,0.0000,0.0000,6823.8,0.2540,1,0
23.1267,0.524322,59.985951,-0.007201,0.0000,0.0000,6820.4,0.2537,1,0
23.1096,0.524322,59.985952,-0.007205,0.0000,0.0000,6814.9,0.2535,1,0
23.0928,0.524322,59.985953,-0.007208,0.0000,0.0000,6808.5,0.2534,1,0
23.0756,0.524322,59.985953,-0.007212,0.0000,0.0000,6803.1,0.2535,1,0
23.0587,0.524322,59.985954,-0.007216,0.0000,0.0000,6797.8,0.2540,1,0
23.0419,0.524322,59.985955,-0.007219,0.0000,0.0000,6791.2,0.2548,1,0
23.0253,0.524322,59.985956,-0.007223,0.0000,0.0000,6784.1,0.2558,1,0
23.0076,0.524322,59.985958,-0.007227,0.0000,0.0000,6782.1,0.2570,1,0
22.9903,0.524322,59.985959,-0.007230,0.0000,0.0000,6779.3,0.2583,1,0
22.9729,0.524856,59.985960,-0.007234,0.0000,0.0000,6776.1,0.2596,1,0
22.9561,0.524856,59.985961,-0.007237,0.0000,0.0000,6771.7,0.2609,1,0
22.9401,0.524856,59.985962,-0.007241,0.0000,0.0000,6764.1,0.2621,1,0
22.9234,0.524856,59.985964,-0.007245,0.0000,0.0000,6759.2,0.2631,1,0
22.9068,0.524856,59.985965,-0.007248,0.0000,0.0000,6753.7,0.2643,1,0
22.8903,0.524856,59.985966,-0.007252,0.0000,0.0000,6748.1,0.2653,1,0
22.8742,0.524856,59.985967,-0.007255,0.0000,0.0000,6740.6,0.2663,1,0
22.8575,0.524856,59.985968,-0.007259,0.0000,0.0000,6735.7,0.2672,1,0
22.8405,0.524856,59.985969,-0.007262,0.0000,0.0000,6732.6,0.2678,1,0
22.8234,0.524856,59.985970,-0.007266,0.0000,0.0000,6729.6,0.2685,1,0
22.8075,0.525374,59.985971,-0.007269,0.0000,0.0000,6723.5,0.2690,1,0
22.7913,0.525374,59.985973,-0.007273,0.0000,0.0000,6716.8,0.2695,1,0
22.7750,0.525374,59.985974,-0.007276,0.0000,0.0000,6710.9,0.2701,1,0
22.7596,0.525374,59.985975,-0.007279,0.0000,0.0000,6703.4,0.2709,1,0
22.7438,0.525374,59.985976,-0.007283,0.0000,0.0000,6696.2,0.2718,1,0
22.7278,0.525374,59.985977,-0.007286,0.0000,0.0000,6690.2,0.2729,1,0
22.7120,0.525374,59.985978,-0.007290,0.0000,0.0000,6683.5,0.2740,1,0
22.6956,0.525374,59.985980,-0.007293,0.0000,0.0000,6680.3,0.2751,1,0
22.6793,0.525374,59.985981,-0.007296,0.0000,0.0000,6676.8,0.2763,1,0
22.6630,0.525374,59.985982,-0.007299,0.0000,0.0000,6672.2,0.2775,1,0
22.6467,0.526031,59.985984,-0.007303,0.0000,0.0000,6665.7,0.2787,1,0
22.6310,0.526031,59.985985,-0.007306,0.0000,0.0000,6659.0,0.2801,1,0
22.6152,0.526031,59.985986,-0.007309,0.0000,0.0000,6653.7,0.2815,1,0
22.5993,0.526031,59.985987,-0.007313,0.0000,0.0000,6647.4,0.2831,1,0
22.5833,0.526031,59.985989,-0.007316,0.0000,0.0000,6641.9,0.2847,1,0
22.5673,0.526031,59.985990,-0.007319,0.0000,0.0000,6635.7,0.2861,1,0
22.5509,0.526031,59.985991,-0.007322,0.0000,0.0000,6631.6,0.2875,1,0
22.5348,0.526031,59.985992,-0.007325,0.0000,0.0000,6628.7,0.2886,1,0
22.5178,0.526031,59.985993,-0.007329,0.0000,0.0000,6626.1,0.2897,1,0
22.5015,0.526031,59.985994,-0.007332,0.0000,0.0000,6621.4,0.2907,1,0
22.4855,0.526556,59.985995,-0.007335,0.0000,0.0000,6615.4,0.2916,1,0
22.4693,0.526556,59.985996,-0.007338,0.0000,0.0066,6611.6,0.2926,1,0
22.4532,0.526556,59.985997,-0.007341,0.0000,0.0131,6609.6,0.2935,1,0
22.4382,0.526556,59.985998,-0.007344,0.0000,0.0175,6606.7,0.2942,1,0
22.4231,0.526556,59.985999,-0.007347,0.0000,0.0219,6605.3,0.2946,1,0
22.4091,0.526556,59.986000,-0.007351,0.0000,0.0237,6600.6,0.2948,1,0
22.3943,0.526556,59.986002,-0.007353,0.0000,0.0254,6600.2,0.2948,1,0
22.3803,0.526556,59.986003,-0.007356,0.0000,0.0280,6597.5,0.2946,1,0
22.3658,0.526556,59.986004,-0.007359,0.0000,0.0307,6596.1,0.2943,1,0
22.3514,0.526556,59.986006,-0.007362,0.0000,0.0346,6594.1,0.2939,1,0
22.3382,0.527305,59.986007,-0.007365,0.0000,0.0386,6592.7,0.2937,1,0
22.3253,0.527305,59.986009,-0.007368,0.0000,0.0457,6590.8,0.2936,1,0
22.3126,0.527305,59.986010,-0.007371,0.0000,0.0528,6591.6,0.2934,1,0
22.3009,0.527305,59.986012,-0.007374,0.0000,0.0593,6591.2,0.2932,1,0
22.2898,0.527305,59.986013,-0.007377,0.0000,0.0658,6590.1,0.2929,1,0
22.2786,0.527305,59.986015,-0.007380,0.0000,0.0705,6592.1,0.2924,1,0
22.2676,0.527305,59.986017,-0.007383,0.0000,0.0752,6596.3,0.2917,1,0
22.2575,0.527305,59.986018,-0.007386,0.0000,0.0792,6600.2,0.2910,1,0
22.2484,0.527305,59.986019,-0.007388,0.0000,0.0832,6601.6,0.2905,1,0
22.2405,0.527305,59.986021,-0.007391,0.0000,0.0862,6601.1,0.2902,1,0
22.2326,0.528084,59.986023,-0.007394,0.0000,0.0892,6603.2,0.2900,1,0
22.2253,0.528084,59.986024,-0.007397,0.0000,0.0936,6606.3,0.2900,1,0
22.2186,0.528084,59.986025,-0.007399,0.0000,0.0979,6608.6,0.2899,1,0
22.2138,0.528084,59.986027,-0.007402,0.0000,0.1027,6608.9,0.2898,1,0
22.2084,0.528084,59.986028,-0.007405,0.0000,0.1074,6612.9,0.2897,1,0
22.2028,0.528084,59.986030,-0.007408,0.0000,0.1131,6618.9,0.2897,1,0
22.1983,0.528084,59.986032,-0.007410,0.0000,0.1189,6624.0,0.2897,1,0
22.1954,0.528084,59.986033,-0.007413,0.0000,0.1266,6626.0,0.2897,1,0
22.1927,0.528084,59.986035,-0.007415,0.0000,0.1343,6632.3,0.2900,1,0
22.1915,0.528084,59.986036,-0.007418,0.0000,0.1448,6637.5,0.2903,1,0
22.1909,0.528628,59.986038,-0.007421,0.0000,0.1552,6643.6,0.2904,1,0
22.1916,0.528628,59.986040,-0.007423,0.0000,0.1669,6649.7,0.2905,1,0
22.1932,0.528628,59.986041,-0.007426,0.0000,0.1786,6656.5,0.2900,1,0
22.1957,0.528628,59.986043,-0.007428,0.0000,0.1900,6665.0,0.2892,1,0
22.1988,0.528628,59.986044,-0.007431,0.0000,0.2013,6674.8,0.2881,1,0
22.2024,0.528628,59.986046,-0.007433,0.0000,0.2097,6687.4,0.2867,1,0
22.2071,0.528628,59.986047,-0.007436,0.0000,0.2180,6699.0,0.2852,1,0
22.2136,0.528628,59.986049,-0.007438,0.0000,0.2271,6708.7,0.2837,1,0
22.2212,0.528628,59.986050,-0.007441,0.0000,0.2362,6717.7,0.2821,1,0
22.2308,0.528628,59.986052,-0.007443,0.0000,0.2464,6725.2,0.2803,1,0
22.2398,0.529429,59.986053,-0.007445,0.0000,0.2567,6739.6,0.2781,1,0
22.2498,0.529429,59.986054,-0.007448,0.0000,0.2680,6755.7,0.2753,1,0
22.2609,0.529429,59.986056,-0.007450,0.0000,0.2793,6771.2,0.2719,1,0
22.2737,0.529429,59.986057,-0.007453,0.0000,0.2900,6783.8,0.2677,1,0
22.2873,0.529429,59.986059,-0.007455,0.0000,0.3007,6796.5,0.2632,1,0
22.3010,0.529429,59.986060,-0.007457,0.0000,0.3100,6810.9,0.2583,1,0
22.3152,0.529429,59.986062,-0.007459,0.0000,0.3192,6827.6,0.2533,1,0
22.3310,0.529429,59.986063,-0.007462,0.0000,0.3290,6840.9,0.2482,1,0
22.3481,0.529429,59.986065,-0.007464,0.0000,0.3388,6851.5,0.2427,1,0
22.3661,0.529429,59.986066,-0.007466,0.0000,0.3463,6864.2,0.2370,1,0
22.3836,0.529977,59.986068,-0.007468,0.0000,0.3538,6881.9,0.2308,1,0
22.4015,0.529977,59.986070,-0.007470,0.0000,0.3641,6903.0,0.2243,1,0
22.4188,0.529977,59.986071,-0.007473,0.0000,0.3743,6927.2,0.2174,1,0
22.4380,0.529977,59.986073,-0.007475,0.0000,0.3835,6950.2,0.2102,1,0
22.4568,0.529977,59.986074,-0.007477,0.0000,0.3927,6974.2,0.2029,1,0
22.4785,0.529977,59.986076,-0.007479,0.0000,0.4017,6994.1,0.1957,1,0
22.5026,0.529977,59.986078,-0.007481,0.0000,0.4107,7008.3,0.1893,1,0
22.5283,0.529977,59.986080,-0.007483,0.0000,0.4214,7018.1,0.1832,1,0
22.5548,0.529977,59.986082,-0.007485,0.0000,0.4321,7033.3,0.1778,1,0
22.5811,0.529977,59.986084,-0.007487,0.0000,0.4432,7047.0,0.1726,1,0
22.6087,0.530801,59.986086,-0.007489,0.0000,0.4542,7061.4,0.1676,1,0
22.6387,0.530801,59.986087,-0.007491,0.0000,0.4666,7074.9,0.1631,1,0
22.6678,0.530801,59.986089,-0.007494,0.0000,0.4789,7071.5,0.1590,1,0
22.6925,0.530801,59.986091,-0.007496,0.0000,0.4883,7062.6,0.1552,1,0
22.7172,0.530801,59.986093,-0.007498,0.0000,0.4976,7105.6,0.1523,1,0
22.7448,0.530801,59.986095,-0.007500,0.0000,0.5081,7069.6,0.1502,1,0
22.7730,0.530801,59.986097,-0.007501,0.0000,0.5186,7110.1,0.1489,1,0
22.8046,0.530801,59.986099,-0.007503,0.0000,0.5279,7103.2,0.1483,1,0
22.8310,0.530801,59.986101,-0.007505,0.0000,0.5373,7119.1,0.1483,1,0
22.8621,0.530801,59.986103,-0.007507,0.0000,0.5457,7137.7,0.1489,1,0
22.8930,0.531356,59.986105,-0.007509,0.0000,0.5540,7125.5,0.1499,1,0
22.9248,0.531356,59.986107,-0.007511,0.0000,0.5611,7163.9,0.1512,1,0
22.9571,0.531356,59.986109,-0.007513,0.0000,0.5682,7142.6,0.1527,1,0
22.9852,0.531356,59.986111,-0.007515,0.0000,0.5766,7182.0,0.1543,1,0
23.0180,0.531356,59.986113,-0.007516,0.0000,0.5849,7165.3,0.1562,1,0
23.0497,0.531356,59.986115,-0.007518,0.0000,0.5951,7200.5,0.1580,1,0
23.0858,0.531356,59.986117,-0.007520,0.0000,0.6054,7174.7,0.1599,1,0
23.1179,0.531356,59.986119,-0.007522,0.0000,0.6125,7213.7,0.1618,1,0
23.1548,0.531356,59.986121,-0.007523,0.0000,0.6196,7213.6,0.1638,1,0
23.1890,0.531356,59.986123,-0.007525,0.0000,0.6285,7227.1,0.1657,1,0
23.2264,0.532137,59.986124,-0.007527,0.0000,0.6373,7249.9,0.1676,1,0
23.2617,0.532137,59.986126,-0.007528,0.0000,0.6469,7242.5,0.1693,1,0
23.2979,0.532137,59.986128,-0.007530,0.0000,0.6565,7272.8,0.1709,1,0
23.3343,0.532137,59.986130,-0.007532,0.0000,0.6659,7267.2,0.1722,1,0
23.3723,0.532137,59.986132,-0.007534,0.0000,0.6752,7296.5,0.1733,1,0
23.4091,0.532137,59.986134,-0.007535,0.0000,0.6854,7292.1,0.1738,1,0
23.4454,0.532137,59.986136,-0.007537,0.0000,0.6956,7311.3,0.1737,1,0
23.4811,0.532137,59.986138,-0.007538,0.0000,0.7054,7340.6,0.1731,1,0
23.5193,0.532137,59.986140,-0.007540,0.0000,0.7151,7334.8,0.1717,1,0
23.5543,0.532137,59.986142,-0.007541,0.0000,0.7236,7372.0,0.1696,1,0
23.5891,0.532698,59.986143,-0.007543,0.0000,0.7320,7357.4,0.1669,1,0
23.6236,0.532698,59.986145,-0.007545,0.0000,0.7383,7375.1,0.1637,1,0
23.6579,0.532698,59.986147,-0.007546,0.0000,0.7446,7395.4,0.1605,1,0
23.6925,0.532698,59.986149,-0.007548,0.0000,0.7525,7419.0,0.1572,1,0
23.7275,0.532698,59.986151,-0.007549,0.0000,0.7605,7410.3,0.1537,1,0
23.7635,0.532698,59.986153,-0.007551,0.0000,0.7681,7433.6,0.1505,1,0
23.8001,0.532698,59.986155,-0.007552,0.0000,0.7757,7426.6,0.1473,1,0
23.8383,0.532698,59.986156,-0.007553,0.0000,0.7825,7445.3,0.1442,1,0
23.8733,0.532698,59.986158,-0.007555,0.0000,0.7892,7470.7,0.1412,1,0
23.9083,0.532698,59.986160,-0.007556,0.0000,0.7955,7473.9,0.1381,1,0
23.9439,0.533385,59.986162,-0.007558,0.0000,0.8018,7507.2,0.1353,1,0
23.9823,0.533385,59.986163,-0.007559,0.0000,0.8067,7495.7,0.1324,1,0
24.0204,0.533385,59.986165,-0.007560,0.0000,0.8116,7524.1,0.1294,1,0
24.0586,0.533385,59.986167,-0.007562,0.0000,0.8165,7514.9,0.1261,1,0
24.0968,0.533385,59.986168,-0.007563,0.0000,0.8214,7540.7,0.1221,1,0
24.1358,0.533385,59.986170,-0.007564,0.0000,0.8264,7537.8,0.1174,1,0
24.1748,0.533385,59.986173,-0.007566,0.0000,0.8314,7562.1,0.1117,1,0
24.2133,0.533385,59.986175,-0.007567,0.0000,0.8395,7564.5,0.1049,1,0
24.2523,0.533385,59.986178,-0.007568,0.0000,0.8476,7595.7,0.0973,1,0
24.2925,0.533385,59.986180,-0.007569,0.0000,0.8579,7593.0,0.0891,1,0
24.3336,0.533955,59.986182,-0.007570,0.0000,0.8683,7625.8,0.0803,1,0
24.3767,0.533955,59.986185,-0.007572,0.0000,0.8783,7616.1,0.0710,1,0
24.4189,0.533955,59.986187,-0.007573,0.0000,0.8882,7646.2,0.0614,1,0
24.4643,0.533955,59.986190,-0.007574,0.0000,0.8968,7640.1,0.0516,1,0
24.5087,0.533955,59.986193,-0.007575,0.0000,0.9055,7664.8,0.0420,1,0
24.5548,0.533955,59.986195,-0.007576,0.0000,0.9132,7658.3,0.0325,1,0
24.6008,0.533955,59.986197,-0.007578,0.0000,0.9209,7684.0,0.0235,1,0
24.6470,0.533955,59.986199,-0.007579,0.0000,0.9295,7707.6,0.0149,1,0
24.6971,0.533955,59.986201,-0.007580,0.0000,0.9380,7691.6,0.0073,1,0
24.7505,0.533955,59.986203,-0.007581,0.0000,0.9478,7728.6,0.0008,1,0
24.8047,0.534569,59.986204,-0.007582,0.0000,0.9576,7763.3,-0.0041,1,0
24.8610,0.534569,59.986206,-0.007583,0.0000,0.9650,7725.7,-0.0073,1,0
24.9196,0.534569,59.986208,-0.007584,0.0000,0.9723,7778.6,-0.0086,1,0
24.9802,0.534569,59.986210,-0.007585,0.0000,0.9817,7764.5,-0.0083,1,0
25.0412,0.534569,59.986212,-0.007586,0.0000,0.9910,7806.2,-0.0062,1,0
25.1043,0.534569,59.986214,-0.007587,0.0000,0.9955,7786.2,-0.0027,1,0
25.1703,0.534569,59.986216,-0.007588,0.0000,1.0000,7846.1,0.0023,1,0
25.2447,0.534569,59.986219,-0.007589,0.0000,1.0000,7873.6,0.0087,1,0
25.3212,0.534569,59.986221,-0.007590,0.0000,1.0000,7891.9,0.0162,1,0
25.3993,0.534569,59.986223,-0.007591,0.0000,1.0000,7902.6,0.0248,1,0
25.4784,0.535162,59.986225,-0.007592,0.0000,1.0000,7908.2,0.0340,1,0
25.5582,0.535162,59.986228,-0.007593,0.0000,1.0000,7910.7,0.0435,1,0
25.6362,0.535162,59.986230,-0.007594,0.0000,1.0000,7919.4,0.0531,1,0
25.7129,0.535162,59.986232,-0.007594,0.0000,1.0000,7932.5,0.0628,1,0
25.7898,0.535162,59.986235,-0.007595,0.0000,1.0000,7944.0,0.0722,1,0
25.8676,0.535162,59.986237,-0.007596,0.0000,1.0000,7952.9,0.0813,1,0
25.9432,0.535162,59.986239,-0.007597,0.0000,1.0000,7971.0,0.0898,1,0
26.0170,0.535162,59.986242,-0.007598,0.0000,1.0000,7995.2,0.0975,1,0
26.0909,0.535162,59.986244,-0.007599,0.0000,1.0000,8018.7,0.1044,1,0
26.1656,0.535162,59.986246,-0.007600,0.0000,1.0000,8037.6,0.1105,1,0
26.2400,0.535777,59.986249,-0.007601,0.0000,1.0000,8055.9,0.1157,1,0
26.3109,0.535777,59.986251,-0.007602,0.0000,1.0000,8087.7,0.1202,1,0
26.3819,0.535777,59.986253,-0.007602,0.0000,1.0000,8118.9,0.1240,1,0
26.4555,0.535777,59.986255,-0.007603,0.0000,1.0000,8139.7,0.1269,1,0
26.5287,0.535777,59.986258,-0.007604,0.0000,1.0000,8161.7,0.1291,1,0
26.6000,0.535777,59.986260,-0.007605,0.0000,1.0000,8190.2,0.1307,1,0
26.6712,0.535777,59.986262,-0.007606,0.0000,1.0000,8219.0,0.1318,1,0
26.7419,0.535777,59.986264,-0.007606,0.0000,1.0000,8248.2,0.1323,1,0
26.8112,0.535777,59.986267,-0.007607,0.0000,1.0000,8281.4,0.1324,1,0
26.8792,0.535777,59.986269,-0.007608,0.0000,1.0000,8318.7,0.1324,1,0
26.9488,0.536411,59.986271,-0.007609,0.0000,1.0000,8349.5,0.1321,1,0
27.0201,0.536411,59.986273,-0.007610,0.0000,1.0000,8373.1,0.1317,1,0
27.0897,0.536411,59.986275,-0.007610,0.0000,1.0000,8403.8,0.1311,1,0
27.1584,0.536411,59.986278,-0.007611,0.0000,1.0000,8436.6,0.1304,1,0
27.2275,0.536411,59.986280,-0.007612,0.0000,1.0000,8467.5,0.1295,1,0
27.2957,0.536411,59.986282,-0.007613,0.0000,1.0000,8499.2,0.1284,1,0
27.3606,0.536411,59.986285,-0.007613,0.0000,1.0000,8540.4,0.1272,1,0
27.4263,0.536411,59.986288,-0.007614,0.0000,1.0000,8576.3,0.1258,1,0
27.4918,0.536411,59.986290,-0.007615,0.0000,1.0000,8505.6,0.1246,1,0
27.5489,0.536411,59.986293,-0.007615,0.0000,1.0000,8547.1,0.1233,1,0
27.6067,0.537062,59.986296,-0.007616,0.0000,1.0000,8615.8,0.1221,1,0
27.6691,0.537062,59.986299,-0.007616,0.0000,1.0000,8623.3,0.1206,1,0
27.7270,0.537062,59.986302,-0.007617,0.0000,1.0000,8589.5,0.1191,1,0
27.7807,0.537062,59.986304,-0.007618,0.0000,1.0000,8667.4,0.1174,1,0
27.8379,0.537062,59.986307,-0.007618,0.0000,1.0000,8660.1,0.1157,1,0
27.8898,0.537062,59.986310,-0.007619,0.0000,1.0000,8675.1,0.1139,1,0
27.9468,0.537062,59.986312,-0.007620,0.0000,1.0000,8738.3,0.1124,1,0
28.0051,0.537062,59.986314,-0.007620,0.0000,1.0000,8690.3,0.1107,1,0
28.0555,0.537062,59.986317,-0.007621,0.0000,1.0000,8746.9,0.1090,1,0
28.1121,0.537062,59.986319,-0.007621,0.0000,1.0000,8769.2,0.1072,1,0
28.1643,0.537734,59.986321,-0.007622,0.0000,1.0000,8749.0,0.1051,1,0
28.2137,0.537734,59.986323,-0.007622,0.0000,1.0000,8830.8,0.1027,1,0
28.2653,0.537734,59.986325,-0.007623,0.0000,1.0000,8770.9,0.0998,1,0
28.3157,0.537734,59.986328,-0.007623,0.0000,1.0000,8853.0,0.0964,1,0
28.3686,0.537734,59.986330,-0.007624,0.0000,1.0000,8820.1,0.0923,1,0
28.4179,0.537734,59.986332,-0.007624,0.0000,1.0000,8871.8,0.0872,1,0
28.4678,0.537734,59.986335,-0.007624,0.0000,1.0000,8850.6,0.0813,1,0
28.5155,0.537734,59.986338,-0.007625,0.0000,1.0000,8906.5,0.0745,1,0
28.5640,0.537734,59.986340,-0.007625,0.0000,1.0000,8888.8,0.0671,1,0
28.6112,0.537734,59.986343,-0.007625,0.0000,1.0000,8943.8,0.0592,1,0
28.6629,0.538418,59.986346,-0.007626,0.0000,1.0000,8912.8,0.0513,1,0
28.7123,0.538418,59.986349,-0.007626,0.0000,1.0000,8960.0,0.0436,1,0
28.7645,0.538418,59.986352,-0.007626,0.0000,1.0000,8961.0,0.0360,1,0
28.8139,0.538418,59.986354,-0.007627,0.0000,1.0000,8973.6,0.0288,1,0
28.8678,0.538418,59.986357,-0.007627,0.0000,1.0000,9029.0,0.0224,1,0
28.9204,0.538418,59.986360,-0.007627,0.0000,1.0000,8960.4,0.0165,1,0
28.9700,0.538418,59.986362,-0.007628,0.0000,1.0000,9035.3,0.0118,1,0
29.0268,0.538418,59.986365,-0.007628,0.0000,1.0000,9073.9,0.0081,1,0
29.0874,0.538418,59.986368,-0.007628,0.0000,1.0000,9034.0,0.0056,1,0
29.1407,0.538418,59.986370,-0.007628,0.0000,1.0000,9026.0,0.0044,1,0
29.1950,0.539117,59.986373,-0.007628,0.0000,1.0000,9076.8,0.0043,1,0
29.2545,0.539117,59.986375,-0.007629,0.0000,1.0000,9102.2,0.0053,1,0
29.3142,0.539117,59.986377,-0.007629,0.0000,1.0000,9123.3,0.0073,1,0
29.3420,0.539117,59.986380,-0.007629,0.0000,1.0000,9073.8,0.0102,1,0
29.3354,0.539117,59.986382,-0.007629,0.0000,1.0000,9024.5,0.0138,1,0
29.3298,0.539117,59.986385,-0.007629,0.0000,1.0000,8975.5,0.0180,1,0
29.3248,0.539117,59.986388,-0.007629,0.0000,1.0000,8926.6,0.0226,1,0
29.3576,0.539117,59.986390,-0.007629,0.0000,1.0000,8243.7,0.0275,2,0
29.4292,0.539117,59.986393,-0.007630,0.0000,1.0000,7420.1,0.0324,2,0
29.5085,0.539117,59.986396,-0.007630,0.0000,1.0000,7290.3,0.0370,2,0
29.5788,0.539832,59.986398,-0.007630,0.0000,1.0000,7173.3,0.0415,2,0
29.6489,0.539832,59.986401,-0.007630,0.0000,1.0000,7064.5,0.0460,2,0
29.7147,0.539832,59.986404,-0.007630,0.0000,1.0000,7056.7,0.0503,2,0
29.7757,0.539832,59.986407,-0.007630,0.0000,1.0000,7067.9,0.0545,2,0
29.8354,0.539832,59.986409,-0.007630,0.0000,1.0000,7085.0,0.0582,2,0
29.8970,0.539832,59.986412,-0.007630,0.0000,1.0000,7093.6,0.0616,2,0
29.9584,0.539832,59.986415,-0.007630,0.0000,1.0000,7101.4,0.0647,2,0
30.0189,0.539832,59.986418,-0.007630,0.0000,1.0000,7114.4,0.0673,2,0
30.0798,0.539832,59.986420,-0.007630,0.0000,1.0000,7124.8,0.0694,2,0
30.1413,0.539832,59.986423,-0.007630,0.0000,1.0000,7134.0,0.0710,2,0
30.2013,0.540555,59.986426,-0.007630,0.0000,1.0000,7152.1,0.0722,2,0
30.2611,0.540555,59.986429,-0.007629,0.0000,1.0000,7170.2,0.0730,2,0
30.3225,0.540555,59.986432,-0.007629,0.0000,1.0000,7181.2,0.0732,2,0
30.3846,0.540555,59.986434,-0.007629,0.0000,1.0000,7188.2,0.0730,2,0
30.4451,0.540555,59.986437,-0.007629,0.0000,1.0000,7202.2,0.0723,2,0
30.5060,0.540555,59.986440,-0.007629,0.0000,1.0000,7215.7,0.0715,2,0
30.5675,0.540555,59.986443,-0.007629,0.0000,1.0000,7226.6,0.0704,2,0
30.6285,0.540555,59.986445,-0.007629,0.0000,1.0000,7240.7,0.0693,2,0
30.6901,0.540555,59.986448,-0.007629,0.0000,1.0000,7251.8,0.0682,2,0
30.7525,0.540555,59.986450,-0.007628,0.0000,1.0000,7258.8,0.0671,2,0
30.8143,0.541303,59.986452,-0.007628,0.0000,1.0000,7268.0,0.0660,2,0
30.8755,0.541303,59.986455,-0.007628,0.0000,1.0000,7278.8,0.0651,2,0
30.9363,0.541303,59.986458,-0.007628,0.0000,1.0000,7292.0,0.0643,2,0
30.9978,0.541303,59.986460,-0.007628,0.0000,1.0000,7304.0,0.0636,2,0
31.0583,0.541303,59.986463,-0.007628,0.0000,1.0000,7319.6,0.0631,2,0
31.1186,0.541303,59.986465,-0.007627,0.0000,1.0000,7336.2,0.0627,2,0
31.1804,0.541303,59.986468,-0.007627,0.0000,1.0000,7345.5,0.0623,2,0
31.2417,0.541303,59.986471,-0.007627,0.0000,1.0000,7356.3,0.0620,2,0
31.3017,0.541303,59.986474,-0.007626,0.0000,1.0000,7372.6,0.0619,2,0
31.3622,0.541303,59.986477,-0.007626,0.0000,1.0000,7387.4,0.0619,2,0
31.4235,0.542059,59.986480,-0.007626,0.0000,1.0000,7400.7,0.0619,2,0
31.4830,0.542059,59.986484,-0.007626,0.0000,1.0000,7419.5,0.0621,2,0
31.5428,0.542059,59.986487,-0.007625,0.0000,1.0000,7437.7,0.0623,2,0
31.6055,0.542059,59.986490,-0.007625,0.0000,1.0000,7442.9,0.0625,2,0
31.6663,0.542059,59.986493,-0.007625,0.0000,1.0000,7455.6,0.0629,2,0
31.7256,0.542059,59.986496,-0.007624,0.0000,1.0000,7474.0,0.0633,2,0
31.7860,0.542059,59.986499,-0.007624,0.0000,1.0000,7488.6,0.0638,2,0
31.8463,0.542059,59.986501,-0.007624,0.0000,1.0000,7504.4,0.0644,2,0
31.9062,0.542059,59.986504,-0.007623,0.0000,1.0000,7522.1,0.0650,2,0
31.9669,0.542059,59.986507,-0.007623,0.0000,1.0000,7534.2,0.0658,2,0
32.0287,0.542833,59.986509,-0.007623,0.0000,1.0000,7540.9,0.0665,2,0
32.0883,0.542833,59.986512,-0.007622,0.0000,1.0000,7556.4,0.0672,2,0
32.1483,0.542833,59.986515,-0.007622,0.0000,1.0000,7572.3,0.0680,2,0
32.2082,0.542833,59.986518,-0.007621,0.0000,1.0000,7587.1,0.0687,2,0
32.2678,0.542833,59.986520,-0.007621,0.0000,1.0000,7602.5,0.0694,2,0
32.3272,0.542833,59.986523,-0.007621,0.0000,1.0000,7618.5,0.0700,2,0
32.3876,0.542833,59.986526,-0.007620,0.0000,1.0000,7629.1,0.0704,2,0
32.4474,0.542833,59.986529,-0.007620,0.0000,1.0000,7643.1,0.0706,2,0
32.5061,0.542833,59.986532,-0.007619,0.0000,1.0000,7659.0,0.0707,2,0
32.5652,0.542833,59.986535,-0.007619,0.0000,1.0000,7674.8,0.0707,2,0
32.6245,0.543628,59.986538,-0.007618,0.0000,1.0000,7689.6,0.0705,2,0
32.6829,0.543628,59.986541,-0.007618,0.0000,1.0000,7708.9,0.0699,2,0
32.7418,0.543628,59.986544,-0.007617,0.0000,1.0000,7724.4,0.0693,2,0
32.8019,0.543628,59.986547,-0.007617,0.0000,1.0000,7732.8,0.0684,2,0
32.8598,0.543628,59.986550,-0.007617,0.0000,1.0000,7750.5,0.0675,2,0
32.9188,0.543628,59.986553,-0.007616,0.0000,1.0000,7763.5,0.0665,2,0
32.9782,0.543628,59.986556,-0.007616,0.0000,1.0000,7776.2,0.0655,2,0
33.0348,0.543628,59.986558,-0.007615,0.0000,1.0000,7799.5,0.0645,2,0
33.0930,0.543628,59.986561,-0.007614,0.0000,1.0000,7815.7,0.0635,2,0
33.1526,0.543628,59.986564,-0.007614,0.0000,1.0000,7825.3,0.0625,2,0
33.2124,0.544438,59.986566,-0.007613,0.0000,1.0000,7832.6,0.0615,2,0
33.2707,0.544438,59.986569,-0.007613,0.0000,1.0000,7847.5,0.0606,2,0
33.3292,0.544438,59.986572,-0.007612,0.0000,1.0000,7859.8,0.0599,2,0
33.3857,0.544438,59.986575,-0.007612,0.0000,1.0000,7882.3,0.0591,2,0
33.4423,0.544438,59.986577,-0.007611,0.0000,1.0000,7903.7,0.0584,2,0
33.5002,0.544438,59.986580,-0.007610,0.0000,1.0000,7918.1,0.0576,2,0
33.5593,0.544438,59.986583,-0.007610,0.0000,1.0000,7926.6,0.0570,2,0
33.6175,0.544438,59.986586,-0.007609,0.0000,1.0000,7937.9,0.0564,2,0
33.6743,0.544438,59.986589,-0.007608,0.0000,1.0000,7955.3,0.0560,2,0
33.7330,0.544438,59.986592,-0.007608,0.0000,1.0000,7967.6,0.0556,2,0
33.7897,0.545264,59.986595,-0.007607,0.0000,1.0000,7987.6,0.0552,2,0
33.8478,0.545264,59.986598,-0.007606,0.0000,1.0000,7999.0,0.0548,2,0
33.9067,0.545264,59.986601,-0.007606,0.0000,1.0000,8006.6,0.0544,2,0
33.9660,0.545264,59.986604,-0.007605,0.0000,1.0000,8015.3,0.0540,2,0
34.0227,0.545264,59.986607,-0.007604,0.0000,1.0000,8029.1,0.0538,2,0
34.0820,0.545264,59.986610,-0.007604,0.0000,1.0000,8039.5,0.0536,2,0
34.1382,0.545264,59.986613,-0.007603,0.0000,1.0000,8060.2,0.0535,2,0
34.1965,0.545264,59.986616,-0.007602,0.0000,1.0000,8068.6,0.0534,2,0
34.2574,0.545264,59.986619,-0.007601,0.0000,1.0000,8070.0,0.0532,2,0
34.3157,0.545264,59.986622,-0.007600,0.0000,1.0000,8077.6,0.0531,2,0
34.3731,0.546103,59.986625,-0.007600,0.0000,1.0000,8089.9,0.0530,2,0
34.4319,0.546103,59.986628,-0.007599,0.0000,1.0000,8098.3,0.0530,2,0
34.4878,0.546103,59.986631,-0.007598,0.0000,1.0000,8117.0,0.0530,2,0
34.5457,0.546103,59.986634,-0.007597,0.0000,1.0000,8125.6,0.0529,2,0
34.6051,0.546103,59.986637,-0.007597,0.0000,1.0000,8129.2,0.0526,2,0
34.6614,0.546103,59.986640,-0.007596,0.0000,1.0000,8141.2,0.0522,2,0
34.7172,0.546103,59.986643,-0.007595,0.0000,1.0000,8159.5,0.0518,2,0
34.7729,0.546103,59.986646,-0.007594,0.0000,1.0000,8176.2,0.0513,2,0
34.8303,0.546103,59.986649,-0.007593,0.0000,1.0000,8184.9,0.0508,2,0
34.8867,0.546103,59.986652,-0.007592,0.0000,1.0000,8199.5,0.0503,2,0
34.9418,0.546954,59.986655,-0.007591,0.0000,1.0000,8218.0,0.0496,2,0
34.9992,0.546954,59.986658,-0.007591,0.0000,1.0000,8226.0,0.0488,2,0
35.0544,0.546954,59.986661,-0.007590,0.0000,1.0000,8242.6,0.0481,2,0
35.1089,0.546954,59.986664,-0.007589,0.0000,1.0000,8263.7,0.0473,2,0
35.1660,0.546954,59.986667,-0.007588,0.0000,1.0000,8273.9,0.0465,2,0
35.2204,0.546954,59.986670,-0.007587,0.0000,1.0000,8292.7,0.0457,2,0
35.2765,0.546954,59.986674,-0.007586,0.0000,1.0000,8306.0,0.0450,2,0
35.3328,0.546954,59.986677,-0.007585,0.0000,1.0000,8316.4,0.0443,2,0
35.3875,0.546954,59.986681,-0.007584,0.0000,1.0000,8331.2,0.0436,2,0
35.4433,0.546954,59.986684,-0.007583,0.0000,1.0000,8342.0,0.0428,2,0
35.5010,0.547816,59.986688,-0.007582,0.0000,1.0000,8349.3,0.0421,2,0
35.5565,0.547816,59.986692,-0.007581,0.0000,1.0000,8363.2,0.0413,2,0
35.6138,0.547816,59.986695,-0.007580,0.0000,1.0000,8371.0,0.0406,2,0
35.6691,0.547816,59.986699,-0.007579,0.0000,1.0000,8380.6,0.0398,2,0
35.7236,0.547816,59.986702,-0.007579,0.0000,1.0000,8396.8,0.0390,2,0
35.7787,0.547816,59.986706,-0.007578,0.0000,1.0000,8409.0,0.0385,2,0
35.8342,0.547816,59.986709,-0.007577,0.0000,1.0000,8422.4,0.0377,2,0
35.8905,0.547816,59.986712,-0.007575,0.0000,1.0000,8431.5,0.0371,2,0
35.9460,0.547816,59.986715,-0.007574,0.0000,1.0000,8439.7,0.0368,2,0
36.0023,0.547816,59.986718,-0.007573,0.0000,1.0000,8445.8,0.0365,2,0
36.0564,0.548696,59.986721,-0.007572,0.0000,1.0000,8462.5,0.0365,2,0
36.1120,0.548696,59.986724,-0.007571,0.0000,1.0000,8472.3,0.0365,2,0
36.1667,0.548696,59.986727,-0.007570,0.0000,1.0000,8486.7,0.0366,2,0
36.2197,0.548696,59.986730,-0.007569,0.0000,1.0000,8502.3,0.0368,2,0
36.2775,0.548696,59.986733,-0.007568,0.0000,1.0000,8502.1,0.0367,2,0
36.3309,0.548696,59.986736,-0.007567,0.0000,1.0000,8515.9,0.0365,2,0
36.3844,0.548696,59.986739,-0.007566,0.0000,1.0000,8530.9,0.0362,2,0
36.4388,0.548696,59.986742,-0.007565,0.0000,1.0000,8543.3,0.0358,2,0
36.4911,0.548696,59.986745,-0.007564,0.0000,1.0000,8561.4,0.0351,2,0
36.5431,0.548696,59.986748,-0.007563,0.0000,1.0000,8579.3,0.0343,2,0
36.5990,0.549588,59.986751,-0.007562,0.0000,1.0000,8579.3,0.0333,2,0
36.6524,0.549588,59.986755,-0.007561,0.0000,1.0000,8589.0,0.0322,2,0
36.7043,0.549588,59.986758,-0.007559,0.0000,1.0000,8606.0,0.0312,2,0
36.7556,0.549588,59.986761,-0.007558,0.0000,1.0000,8626.1,0.0303,2,0
36.8070,0.549588,59.986764,-0.007557,0.0000,1.0000,8643.1,0.0296,2,0
36.8592,0.549588,59.986767,-0.007556,0.0000,1.0000,8652.8,0.0291,2,0
36.9135,0.549588,59.986770,-0.007555,0.0000,1.0000,8652.9,0.0287,2,0
36.9645,0.549588,59.986774,-0.007554,0.0000,1.0000,8669.3,0.0286,2,0
37.0145,0.549588,59.986777,-0.007553,0.0000,1.0000,8687.6,0.0286,2,0
37.0667,0.549588,59.986780,-0.007551,0.0000,1.0000,8698.0,0.0285,2,0
37.1167,0.550494,59.986784,-0.007550,0.0000,1.0000,8713.7,0.0284,2,0
37.1688,0.550494,59.986787,-0.007549,0.0000,1.0000,8717.9,0.0281,2,0
37.2199,0.550494,59.986790,-0.007548,0.0000,1.0000,8727.5,0.0278,2,0
37.2689,0.550494,59.986793,-0.007547,0.0000,1.0000,8746.4,0.0275,2,0
37.3190,0.550494,59.986797,-0.007545,0.0000,1.0000,8758.8,0.0273,2,0
37.3680,0.550494,59.986800,-0.007544,0.0000,1.0000,8776.4,0.0269,2,0
37.4180,0.550494,59.986804,-0.007543,0.0000,1.0000,8786.5,0.0267,2,0
37.4688,0.550494,59.986807,-0.007542,0.0000,1.0000,8792.8,0.0264,2,0
37.5180,0.550494,59.986811,-0.007541,0.0000,1.0000,8803.5,0.0263,2,0
37.5674,0.550494,59.986814,-0.007539,0.0000,1.0000,8817.2,0.0262,2,0
37.6161,0.551412,59.986818,-0.007538,0.0000,1.0000,8832.2,0.0262,2,0
37.6644,0.551412,59.986821,-0.007537,0.0000,1.0000,8847.4,0.0262,2,0
37.7141,0.551412,59.986824,-0.007536,0.0000,1.0000,8855.7,0.0262,2,0
37.7642,0.551412,59.986828,-0.007534,0.0000,1.0000,8860.8,0.0263,2,0
37.8139,0.551412,59.986832,-0.007533,0.0000,1.0000,8868.4,0.0264,2,0
37.8625,0.551412,59.986835,-0.007532,0.0000,1.0000,8880.0,0.0266,2,0
37.9113,0.551412,59.986838,-0.007531,0.0000,1.0000,8891.1,0.0268,2,0
37.9613,0.551412,59.986841,-0.007529,0.0000,1.0000,8895.7,0.0270,2,0
38.0112,0.551412,59.986844,-0.007528,0.0000,1.0000,8898.8,0.0271,2,0
38.0614,0.551412,59.986847,-0.007527,0.0000,1.0000,8900.5,0.0272,2,0
38.1100,0.552342,59.986851,-0.007525,0.0000,1.0000,8909.2,0.0274,2,0
38.1584,0.552342,59.986854,-0.007524,0.0000,1.0000,8917.3,0.0275,2,0
38.2074,0.552342,59.986857,-0.007523,0.0000,1.0000,8923.7,0.0276,2,0
38.2557,0.552342,59.986860,-0.007522,0.0000,1.0000,8930.2,0.0276,2,0
38.3042,0.552342,59.986863,-0.007520,0.0000,1.0000,8935.1,0.0274,2,0
38.3186,0.552342,59.986866,-0.007519,0.0000,1.0000,8886.4,0.0273,2,0
38.3087,0.552342,59.986869,-0.007518,0.0000,1.0000,8837.9,0.0271,2,0
38.3007,0.552342,59.986873,-0.007516,0.0000,1.0000,8789.6,0.0269,2,0
38.2938,0.552342,59.986876,-0.007515,0.0000,1.0000,8741.6,0.0266,2,0
38.3217,0.552342,59.986880,-0.007514,0.0000,1.0000,8059.4,0.0262,3,0
38.3855,0.553279,59.986883,-0.007512,0.0000,1.0000,7408.8,0.0257,3,0
38.4520,0.553279,59.986886,-0.007511,0.0000,1.0000,7327.9,0.0251,3,0
38.5113,0.553279,59.986890,-0.007509,0.0000,1.0000,7279.9,0.0244,3,0
38.5590,0.553279,59.986893,-0.007508,0.0000,1.0000,7283.0,0.0237,3,0
38.6032,0.553279,59.986897,-0.007507,0.0000,1.0000,7300.2,0.0230,3,0
38.6485,0.553279,59.986900,-0.007505,0.0000,1.0000,7309.5,0.0223,3,0
38.6944,0.553279,59.986903,-0.007504,0.0000,1.0000,7316.0,0.0216,3,0
38.7389,0.553279,59.986907,-0.007503,0.0000,1.0000,7329.8,0.0210,3,0
38.7841,0.553279,59.986911,-0.007501,0.0000,1.0000,7341.5,0.0204,3,0
38.8288,0.553279,59.986914,-0.007500,0.0000,1.0000,7354.7,0.0199,3,0
38.8748,0.554226,59.986918,-0.007498,0.0000,1.0000,7360.2,0.0195,3,0
38.9209,0.554226,59.986921,-0.007497,0.0000,1.0000,7364.4,0.0191,3,0
38.9656,0.554226,59.986925,-0.007496,0.0000,1.0000,7378.1,0.0188,3,0
39.0105,0.554226,59.986928,-0.007494,0.0000,1.0000,7390.2,0.0185,3,0
39.0561,0.554226,59.986932,-0.007493,0.0000,1.0000,7400.2,0.0180,3,0
39.1018,0.554226,59.986935,-0.007491,0.0000,1.0000,7406.9,0.0175,3,0
39.1486,0.554226,59.986939,-0.007490,0.0000,1.0000,7410.2,0.0171,3,0
39.1925,0.554226,59.986942,-0.007488,0.0000,1.0000,7425.7,0.0167,3,0
39.2378,0.554226,59.986946,-0.007487,0.0000,1.0000,7437.7,0.0165,3,0
39.2826,0.554226,59.986949,-0.007485,0.0000,1.0000,7451.1,0.0163,3,0
39.3282,0.555180,59.986953,-0.007484,0.0000,1.0000,7460.9,0.0162,3,0
39.3737,0.555180,59.986956,-0.007482,0.0000,1.0000,7468.8,0.0161,3,0
39.4207,0.555180,59.986959,-0.007481,0.0000,1.0000,7470.7,0.0160,3,0
39.4654,0.555180,59.986963,-0.007479,0.0000,1.0000,7484.2,0.0160,3,0
39.5109,0.555180,59.986967,-0.007478,0.0000,1.0000,7494.9,0.0160,3,0
39.5562,0.555180,59.986970,-0.007477,0.0000,1.0000,7504.3,0.0160,3,0
39.6017,0.555180,59.986973,-0.007475,0.0000,1.0000,7511.0,0.0160,3,0
39.6484,0.555180,59.986977,-0.007473,0.0000,1.0000,7512.3,0.0160,3,0
39.6939,0.555180,59.986980,-0.007472,0.0000,1.0000,7519.0,0.0159,3,0
39.7393,0.555180,59.986983,-0.007470,0.0000,1.0000,7527.6,0.0158,3,0
39.7850,0.556151,59.986987,-0.007469,0.0000,1.0000,7533.8,0.0154,3,0
39.8302,0.556151,59.986990,-0.007467,0.0000,1.0000,7540.4,0.0150,3,0
39.8755,0.556151,59.986993,-0.007466,0.0000,1.0000,7545.8,0.0144,3,0
39.9200,0.556151,59.986996,-0.007464,0.0000,1.0000,7554.5,0.0138,3,0
39.9646,0.556151,59.987000,-0.007463,0.0000,1.0000,7565.1,0.0131,3,0
40.0097,0.556151,59.987003,-0.007461,0.0000,1.0000,7572.8,0.0123,3,0
40.0547,0.556151,59.987007,-0.007460,0.0000,1.0000,7580.0,0.0115,3,0
40.0989,0.556151,59.987010,-0.007458,0.0000,1.0000,7588.7,0.0107,3,0
40.1442,0.556151,59.987014,-0.007457,0.0000,1.0000,7592.6,0.0099,3,0
40.1884,0.556151,59.987018,-0.007455,0.0000,1.0000,7603.1,0.0091,3,0
40.2330,0.557121,59.987022,-0.007454,0.0000,1.0000,7611.6,0.0083,3,0
40.2774,0.557121,59.987025,-0.007452,0.0000,1.0000,7620.1,0.0076,3,0
40.3220,0.557121,59.987029,-0.007450,0.0000,1.0000,7626.3,0.0070,3,0
40.3661,0.557121,59.987033,-0.007449,0.0000,1.0000,7633.3,0.0064,3,0
40.4106,0.557121,59.987036,-0.007447,0.0000,1.0000,7639.6,0.0059,3,0
40.4545,0.557121,59.987040,-0.007446,0.0000,1.0000,7650.0,0.0054,3,0
40.4993,0.557121,59.987044,-0.007444,0.0000,1.0000,7655.6,0.0050,3,0
40.5432,0.557121,59.987047,-0.007443,0.0000,1.0000,7663.1,0.0047,3,0
40.5870,0.557121,59.987051,-0.007441,0.0000,1.0000,7669.2,0.0044,3,0
40.6309,0.557121,59.987054,-0.007439,0.0000,1.0000,7677.6,0.0042,3,0
40.6746,0.558101,59.987058,-0.007438,0.0000,1.0000,7686.8,0.0041,3,0
40.7183,0.558101,59.987062,-0.007436,0.0000,1.0000,7695.5,0.0040,3,0
40.7619,0.558101,59.987065,-0.007435,0.0000,1.0000,7702.3,0.0040,3,0
40.8051,0.558101,59.987069,-0.007433,0.0000,1.0000,7710.1,0.0041,3,0
40.8481,0.558101,59.987072,-0.007431,0.0000,1.0000,7719.8,0.0042,3,0
40.8915,0.558101,59.987076,-0.007430,0.0000,1.0000,7729.6,0.0044,3,0
40.9347,0.558101,59.987079,-0.007428,0.0000,1.0000,7737.9,0.0046,3,0
40.9780,0.558101,59.987083,-0.007426,0.0000,1.0000,7747.0,0.0047,3,0
41.0206,0.558101,59.987086,-0.007425,0.0000,1.0000,7755.0,0.0049,3,0
41.0635,0.558101,59.987090,-0.007423,0.0000,1.0000,7763.1,0.0051,3,0
41.1060,0.559095,59.987093,-0.007422,0.0000,1.0000,7774.4,0.0052,3,0
41.1495,0.559095,59.987096,-0.007420,0.0000,1.0000,7782.4,0.0053,3,0
41.1919,0.559095,59.987100,-0.007418,0.0000,1.0000,7792.3,0.0053,3,0
41.2346,0.559095,59.987103,-0.007417,0.0000,1.0000,7799.7,0.0053,3,0
41.2777,0.559095,59.987107,-0.007415,0.0000,1.0000,7805.7,0.0051,3,0
41.3198,0.559095,59.987110,-0.007413,0.0000,1.0000,7818.2,0.0050,3,0
41.3625,0.559095,59.987114,-0.007412,0.0000,1.0000,7827.4,0.0048,3,0
41.4057,0.559095,59.987118,-0.007410,0.0000,1.0000,7833.3,0.0044,3,0
41.4482,0.559095,59.987122,-0.007409,0.0000,1.0000,7840.7,0.0041,3,0
41.4906,0.559095,59.987126,-0.007407,0.0000,1.0000,7847.9,0.0038,3,0
41.5333,0.560104,59.987130,-0.007405,0.0000,1.0000,7856.1,0.0033,3,0
41.5762,0.560104,59.987134,-0.007404,0.0000,1.0000,7862.6,0.0027,3,0
41.6198,0.560104,59.987138,-0.007402,0.0000,1.0000,7866.1,0.0021,3,0
41.6617,0.560104,59.987142,-0.007400,0.0000,1.0000,7874.2,0.0012,3,0
41.7045,0.560104,59.987146,-0.007399,0.0000,1.0000,7878.8,0.0002,3,0
41.7466,0.560104,59.987150,-0.007397,0.0000,1.0000,7886.9,-0.0008,3,0
41.7893,0.560104,59.987154,-0.007395,0.0000,1.0000,7893.2,-0.0021,3,0
41.8315,0.560104,59.987157,-0.007394,0.0000,1.0000,7900.4,-0.0036,3,0
41.8735,0.560104,59.987161,-0.007392,0.0000,1.0000,7907.0,-0.0052,3,0
41.9157,0.560104,59.987164,-0.007390,0.0000,1.0000,7912.4,-0.0070,3,0
41.9578,0.561128,59.987168,-0.007389,0.0000,1.0000,7919.7,-0.0087,3,0
41.9995,0.561128,59.987172,-0.007387,0.0000,1.0000,7928.6,-0.0106,3,0
42.0420,0.561128,59.987175,-0.007385,0.0000,1.0000,7934.2,-0.0123,3,0
42.0830,0.561128,59.987179,-0.007384,0.0000,1.0000,7944.0,-0.0139,3,0
42.1246,0.561128,59.987182,-0.007382,0.0000,1.0000,7950.6,-0.0155,3,0
42.1661,0.561128,59.987186,-0.007380,0.0000,1.0000,7959.0,-0.0168,3,0
42.2076,0.561128,59.987189,-0.007378,0.0000,1.0000,7966.9,-0.0180,3,0
42.2497,0.561128,59.987193,-0.007377,0.0000,1.0000,7972.7,-0.0189,3,0
42.2904,0.561128,59.987196,-0.007375,0.0000,1.0000,7981.7,-0.0195,3,0
42.3310,0.561128,59.987200,-0.007373,0.0000,1.0000,7991.2,-0.0199,3,0
42.3721,0.562165,59.987203,-0.007372,0.0000,1.0000,7999.3,-0.0200,3,0
42.4133,0.562165,59.987206,-0.007370,0.0000,1.0000,8008.4,-0.0200,3,0
42.4545,0.562165,59.987210,-0.007368,0.0000,1.0000,8015.8,-0.0195,3,0
42.4947,0.562165,59.987213,-0.007367,0.0000,1.0000,8024.7,-0.0189,3,0
42.5351,0.562165,59.987217,-0.007365,0.0000,1.0000,8034.3,-0.0181,3,0
42.5753,0.562165,59.987220,-0.007363,0.0000,1.0000,8045.5,-0.0171,3,0
42.6163,0.562165,59.987224,-0.007362,0.0000,1.0000,8054.5,-0.0161,3,0
42.6578,0.562165,59.987228,-0.007360,0.0000,1.0000,8059.4,-0.0151,3,0
42.6976,0.562165,59.987232,-0.007358,0.0000,1.0000,8069.7,-0.0140,3,0
42.7375,0.562165,59.987236,-0.007357,0.0000,1.0000,8079.4,-0.0130,3,0
42.7778,0.563210,59.987240,-0.007355,0.0000,1.0000,8090.8,-0.0121,3,0
42.8188,0.563210,59.987244,-0.007353,0.0000,1.0000,8097.4,-0.0113,3,0
42.8603,0.563210,59.987248,-0.007352,0.0000,1.0000,8100.3,-0.0106,3,0
42.8994,0.563210,59.987252,-0.007350,0.0000,1.0000,8111.5,-0.0100,3,0
42.9398,0.563210,59.987256,-0.007348,0.0000,1.0000,8119.0,-0.0095,3,0
42.9797,0.563210,59.987260,-0.007347,0.0000,1.0000,8128.4,-0.0092,3,0
43.0203,0.563210,59.987264,-0.007345,0.0000,1.0000,8134.6,-0.0090,3,0
43.0618,0.563210,59.987267,-0.007343,0.0000,1.0000,8137.4,-0.0088,3,0
43.1021,0.563210,59.987271,-0.007342,0.0000,1.0000,8142.4,-0.0088,3,0
43.1418,0.563210,59.987275,-0.007340,0.0000,1.0000,8150.9,-0.0088,3,0
43.1824,0.564266,59.987279,-0.007338,0.0000,1.0000,8156.9,-0.0090,3,0
43.2232,0.564266,59.987282,-0.007337,0.0000,1.0000,8163.1,-0.0092,3,0
43.2637,0.564266,59.987286,-0.007335,0.0000,1.0000,8168.9,-0.0096,3,0
43.3038,0.564266,59.987290,-0.007333,0.0000,1.0000,8174.8,-0.0100,3,0
43.3438,0.564266,59.987293,-0.007332,0.0000,1.0000,8181.9,-0.0105,3,0
43.3838,0.564266,59.987297,-0.007330,0.0000,1.0000,8189.2,-0.0110,3,0
43.4245,0.564266,59.987301,-0.007328,0.0000,1.0000,8193.5,-0.0117,3,0
43.4643,0.564266,59.987305,-0.007327,0.0000,1.0000,8199.8,-0.0123,3,0
43.5040,0.564266,59.987308,-0.007325,0.0000,1.0000,8205.8,-0.0130,3,0
43.5426,0.564266,59.987312,-0.007323,0.0000,1.0000,8215.7,-0.0137,3,0
43.5823,0.565330,59.987316,-0.007322,0.0000,1.0000,8221.9,-0.0144,3,0
43.6223,0.565330,59.987320,-0.007320,0.0000,1.0000,8227.3,-0.0151,3,0
43.6614,0.565330,59.987324,-0.007318,0.0000,1.0000,8234.6,-0.0157,3,0
43.6992,0.565330,59.987327,-0.007317,0.0000,1.0000,8246.9,-0.0163,3,0
43.7378,0.565330,59.987331,-0.007315,0.0000,1.0000,8255.9,-0.0169,3,0
43.7771,0.565330,59.987335,-0.007313,0.0000,1.0000,8264.0,-0.0175,3,0
43.8157,0.565330,59.987339,-0.007312,0.0000,1.0000,8272.7,-0.0180,3,0
43.8547,0.565330,59.987343,-0.007310,0.0000,1.0000,8279.1,-0.0184,3,0
43.8921,0.565330,59.987346,-0.007309,0.0000,1.0000,8290.3,-0.0188,3,0
43.9299,0.565330,59.987350,-0.007307,0.0000,1.0000,8302.0,-0.0193,3,0
43.9680,0.566406,59.987354,-0.007305,0.0000,1.0000,8312.7,-0.0198,3,0
44.0071,0.566406,59.987358,-0.007304,0.0000,1.0000,8318.2,-0.0202,3,0
44.0456,0.566406,59.987362,-0.007302,0.0000,1.0000,8324.8,-0.0206,3,0
44.0831,0.566406,59.987365,-0.007300,0.0000,1.0000,8334.9,-0.0210,3,0
44.1221,0.566406,59.987369,-0.007299,0.0000,1.0000,8341.1,-0.0216,3,0
44.1594,0.566406,59.987373,-0.007297,0.0000,1.0000,8354.0,-0.0222,3,0
44.1993,0.566406,59.987377,-0.007295,0.0000,1.0000,8355.3,-0.0228,3,0
44.2363,0.566406,59.987380,-0.007294,0.0000,1.0000,8367.3,-0.0233,3,0
44.2740,0.566406,59.987384,-0.007292,0.0000,1.0000,8376.7,-0.0239,3,0
44.3130,0.566406,59.987388,-0.007291,0.0000,1.0000,8381.6,-0.0246,3,0
44.3508,0.567492,59.987392,-0.007289,0.0000,1.0000,8391.2,-0.0253,3,0
44.3901,0.567492,59.987395,-0.007287,0.0000,1.0000,8394.0,-0.0259,3,0
44.4272,0.567492,59.987399,-0.007286,0.0000,1.0000,8403.4,-0.0263,3,0
44.4653,0.567492,59.987403,-0.007284,0.0000,1.0000,8410.5,-0.0268,3,0
44.5030,0.567492,59.987406,-0.007282,0.0000,1.0000,8419.5,-0.0272,3,0
44.5416,0.567492,59.987410,-0.007281,0.0000,1.0000,8424.4,-0.0276,3,0
44.5806,0.567492,59.987414,-0.007279,0.0000,1.0000,8425.9,-0.0277,3,0
44.6182,0.567492,59.987419,-0.007278,0.0000,1.0000,8431.3,-0.0278,3,0
44.6558,0.567492,59.987423,-0.007276,0.0000,1.0000,8438.8,-0.0278,3,0
44.6934,0.567492,59.987427,-0.007274,0.0000,1.0000,8447.2,-0.0277,3,0
44.7314,0.568588,59.987431,-0.007273,0.0000,1.0000,8452.4,-0.0274,3,0
44.7693,0.568588,59.987436,-0.007271,0.0000,1.0000,8455.6,-0.0270,3,0
44.8067,0.568588,59.987440,-0.007270,0.0000,1.0000,8461.3,-0.0265,3,0
44.8438,0.568588,59.987444,-0.007268,0.0000,1.0000,8470.1,-0.0259,3,0
44.8808,0.568588,59.987449,-0.007267,0.0000,1.0000,8479.1,-0.0252,3,0
44.9185,0.568588,59.987453,-0.007265,0.0000,1.0000,8484.0,-0.0244,3,0
44.9559,0.568588,59.987457,-0.007263,0.0000,1.0000,8487.9,-0.0234,3,0
44.9926,0.568588,59.987460,-0.007262,0.0000,1.0000,8495.8,-0.0225,3,0
45.0292,0.568588,59.987464,-0.007260,0.0000,1.0000,8505.5,-0.0216,3,0
45.0660,0.568588,59.987468,-0.007259,0.0000,1.0000,8514.3,-0.0206,3,0
45.1032,0.569696,59.987471,-0.007257,0.0000,1.0000,8518.9,-0.0197,3,0
45.1402,0.569696,59.987475,-0.007256,0.0000,1.0000,8522.9,-0.0188,3,0
45.1765,0.569696,59.987479,-0.007254,0.0000,1.0000,8532.4,-0.0180,3,0
45.2131,0.569696,59.987483,-0.007253,0.0000,1.0000,8540.4,-0.0174,3,0
45.2501,0.569696,59.987486,-0.007251,0.0000,1.0000,8546.7,-0.0168,3,0
45.2878,0.569696,59.987490,-0.007250,0.0000,1.0000,8548.6,-0.0162,3,0
45.3243,0.569696,59.987494,-0.007248,0.0000,1.0000,8555.0,-0.0157,3,0
45.3617,0.569696,59.987499,-0.007247,0.0000,1.0000,8558.9,-0.0154,3,0
45.3979,0.569696,59.987503,-0.007245,0.0000,1.0000,8568.6,-0.0151,3,0
45.4354,0.569696,59.987508,-0.007243,0.0000,1.0000,8571.7,-0.0148,3,0
45.4723,0.570808,59.987512,-0.007242,0.0000,1.0000,8576.3,-0.0145,3,0
45.5076,0.570808,59.987516,-0.007240,0.0000,1.0000,8586.7,-0.0144,3,0
45.5436,0.570808,59.987521,-0.007239,0.0000,1.0000,8595.6,-0.0142,3,0
45.5804,0.570808,59.987525,-0.007237,0.0000,1.0000,8600.8,-0.0142,3,0
45.6173,0.570808,59.987530,-0.007236,0.0000,1.0000,8602.5,-0.0141,3,0
45.6542,0.570808,59.987534,-0.007234,0.0000,1.0000,8603.9,-0.0140,3,0
45.6903,0.570808,59.987538,-0.007233,0.0000,1.0000,8609.4,-0.0140,3,0
45.7273,0.570808,59.987541,-0.007231,0.0000,1.0000,8611.5,-0.0139,3,0
45.7640,0.570808,59.987545,-0.007230,0.0000,1.0000,8613.6,-0.0139,3,0
45.8007,0.570808,59.987548,-0.007228,0.0000,1.0000,8615.0,-0.0139,3,0
45.8346,0.571934,59.987552,-0.007227,0.0000,1.0000,8626.3,-0.0139,3,0
45.8694,0.571934,59.987556,-0.007225,0.0000,1.0000,8635.1,-0.0139,3,0
45.9053,0.571934,59.987559,-0.007224,0.0000,1.0000,8640.1,-0.0140,3,0
45.9399,0.571934,59.987563,-0.007222,0.0000,1.0000,8648.8,-0.0141,3,0
45.9751,0.571934,59.987566,-0.007221,0.0000,1.0000,8653.8,-0.0141,3,0
46.0086,0.571934,59.987570,-0.007220,0.0000,1.0000,8665.9,-0.0141,3,0
46.0450,0.571934,59.987574,-0.007218,0.0000,1.0000,8666.9,-0.0142,3,0
46.0787,0.571934,59.987579,-0.007217,0.0000,1.0000,8678.3,-0.0143,3,0
46.1141,0.571934,59.987583,-0.007215,0.0000,1.0000,8680.5,-0.0144,3,0
46.1494,0.571934,59.987588,-0.007214,0.0000,1.0000,8682.9,-0.0144,3,0
46.1829,0.573072,59.987592,-0.007212,0.0000,1.0000,8692.9,-0.0146,3,0
46.2177,0.573072,59.987596,-0.007211,0.0000,1.0000,8700.3,-0.0148,3,0
46.2502,0.573072,59.987601,-0.007209,0.0000,1.0000,8715.1,-0.0150,3,0
46.2857,0.573072,59.987605,-0.007208,0.0000,1.0000,8714.4,-0.0150,3,0
46.3196,0.573072,59.987610,-0.007206,0.0000,1.0000,8721.2,-0.0152,3,0
46.3546,0.573072,59.987614,-0.007205,0.0000,1.0000,8725.4,-0.0153,3,0
46.3874,0.573072,59.987618,-0.007203,0.0000,1.0000,8738.6,-0.0155,3,0
46.4207,0.573072,59.987622,-0.007202,0.0000,1.0000,8747.5,-0.0155,3,0
46.4545,0.573072,59.987627,-0.007200,0.0000,1.0000,8752.4,-0.0155,3,0
46.4876,0.573072,59.987631,-0.007199,0.0000,1.0000,8762.4,-0.0156,3,0
46.5208,0.574219,59.987635,-0.007198,0.0000,1.0000,8772.8,-0.0157,3,0
46.5528,0.574219,59.987639,-0.007196,0.0000,1.0000,8787.2,-0.0159,3,0
46.5872,0.574219,59.987643,-0.007195,0.0000,1.0000,8788.2,-0.0161,3,0
46.6209,0.574219,59.987648,-0.007193,0.0000,1.0000,8792.4,-0.0164,3,0
46.6543,0.574219,59.987652,-0.007192,0.0000,1.0000,8799.3,-0.0168,3,0
46.6877,0.574219,59.987656,-0.007190,0.0000,1.0000,8805.1,-0.0173,3,0
46.7211,0.574219,59.987660,-0.007189,0.0000,1.0000,8808.5,-0.0178,3,0
46.7565,0.574219,59.987664,-0.007187,0.0000,1.0000,8802.2,-0.0183,3,0
46.7893,0.574219,59.987669,-0.007186,0.0000,1.0000,8808.5,-0.0188,3,0
46.8241,0.574219,59.987673,-0.007185,0.0000,1.0000,8806.6,-0.0193,3,0
46.8564,0.575375,59.987677,-0.007183,0.0000,1.0000,8813.7,-0.0198,3,0
46.8902,0.575375,59.987681,-0.007182,0.0000,1.0000,8813.7,-0.0201,3,0
46.9227,0.575375,59.987685,-0.007180,0.0000,1.0000,8818.4,-0.0204,3,0
46.9544,0.575375,59.987690,-0.007179,0.0000,1.0000,8827.3,-0.0206,3,0
46.9873,0.575375,59.987694,-0.007177,0.0000,1.0000,8832.2,-0.0208,3,0
47.0196,0.575375,59.987698,-0.007176,0.0000,1.0000,8837.4,-0.0209,3,0
47.0525,0.575375,59.987702,-0.007175,0.0000,1.0000,8838.6,-0.0208,3,0
47.0833,0.575375,59.987706,-0.007173,0.0000,1.0000,8850.8,-0.0206,3,0
47.1155,0.575375,59.987709,-0.007172,0.0000,1.0000,8857.1,-0.0205,3,0
47.1459,0.575375,59.987713,-0.007171,0.0000,1.0000,8870.4,-0.0204,3,0
47.1786,0.576541,59.987717,-0.007169,0.0000,1.0000,8871.4,-0.0201,3,0
47.2100,0.576541,59.987721,-0.007168,0.0000,1.0000,8878.1,-0.0201,3,0
47.2413,0.576541,59.987725,-0.007166,0.0000,1.0000,8887.1,-0.0200,3,0
47.2744,0.576541,59.987728,-0.007165,0.0000,1.0000,8889.0,-0.0200,3,0
47.3043,0.576541,59.987732,-0.007164,0.0000,1.0000,8901.8,-0.0199,3,0
47.3375,0.576541,59.987736,-0.007162,0.0000,1.0000,8898.3,-0.0197,3,0
47.3684,0.576541,59.987740,-0.007161,0.0000,1.0000,8905.2,-0.0197,3,0
47.4008,0.576541,59.987744,-0.007160,0.0000,1.0000,8907.4,-0.0199,3,0
47.4061,0.576541,59.987749,-0.007158,0.0000,1.0000,8858.8,-0.0201,3,0
47.3887,0.576541,59.987753,-0.007157,0.0000,1.0000,8810.4,-0.0205,3,0
47.3736,0.577713,59.987757,-0.007156,0.0000,1.0000,8762.3,-0.0209,3,0
47.3596,0.577713,59.987761,-0.007154,0.0000,1.0000,8714.3,-0.0214,3,0
47.3768,0.577713,59.987765,-0.007153,0.0000,1.0000,8032.3,-0.0218,4,0
47.4260,0.577713,59.987770,-0.007151,0.0000,1.0000,7463.3,-0.0222,4,0
47.4566,0.577713,59.987774,-0.007150,0.0000,1.0000,7453.8,-0.0226,4,0
47.4900,0.577713,59.987778,-0.007149,0.0000,1.0000,7452.7,-0.0229,4,0
47.5229,0.577713,59.987783,-0.007148,0.0000,1.0000,7450.4,-0.0232,4,0
47.5537,0.577713,59.987787,-0.007146,0.0000,1.0000,7456.6,-0.0235,4,0
47.5851,0.577713,59.987792,-0.007145,0.0000,1.0000,7457.8,-0.0236,4,0
47.6171,0.577713,59.987796,-0.007144,0.0000,1.0000,7457.2,-0.0238,4,0
47.6467,0.578891,59.987800,-0.007142,0.0000,1.0000,7466.9,-0.0239,4,0
47.6786,0.578891,59.987805,-0.007141,0.0000,1.0000,7466.9,-0.0241,4,0
47.7089,0.578891,59.987809,-0.007140,0.0000,1.0000,7471.7,-0.0243,4,0
47.7420,0.578891,59.987814,-0.007138,0.0000,1.0000,7463.5,-0.0245,4,0
47.7704,0.578891,59.987818,-0.007137,0.0000,1.0000,7477.8,-0.0248,4,0
47.8016,0.578891,59.987823,-0.007136,0.0000,1.0000,7479.6,-0.0252,4,0
47.8324,0.578891,59.987827,-0.007135,0.0000,1.0000,7482.3,-0.0255,4,0
47.8638,0.578891,59.987831,-0.007133,0.0000,1.0000,7481.0,-0.0259,4,0
47.8937,0.578891,59.987836,-0.007132,0.0000,1.0000,7487.9,-0.0263,4,0
47.9227,0.578891,59.987840,-0.007131,0.0000,1.0000,7499.3,-0.0269,4,0
47.9543,0.580074,59.987844,-0.007130,0.0000,1.0000,7499.1,-0.0274,4,0
47.9849,0.580074,59.987848,-0.007128,0.0000,1.0000,7501.7,-0.0278,4,0
48.0169,0.580074,59.987852,-0.007127,0.0000,1.0000,7499.5,-0.0283,4,0
48.0451,0.580074,59.987857,-0.007126,0.0000,1.0000,7514.7,-0.0287,4,0
48.0748,0.580074,59.987861,-0.007125,0.0000,1.0000,7522.7,-0.0293,4,0
48.1072,0.580074,59.987865,-0.007123,0.0000,1.0000,7518.4,-0.0297,4,0
48.1384,0.580074,59.987869,-0.007122,0.0000,1.0000,7518.8,-0.0301,4,0
48.1678,0.580074,59.987873,-0.007121,0.0000,1.0000,7527.5,-0.0306,4,0
48.1964,0.580074,59.987878,-0.007120,0.0000,1.0000,7540.6,-0.0309,4,0
48.2278,0.580074,59.987882,-0.007119,0.0000,1.0000,7540.3,-0.0311,4,0
48.2586,0.581267,59.987886,-0.007118,0.0000,1.0000,7541.1,-0.0312,4,0
48.2897,0.581267,59.987890,-0.007116,0.0000,1.0000,7540.9,-0.0312,4,0
48.3169,0.581267,59.987894,-0.007115,0.0000,1.0000,7558.3,-0.0310,4,0
48.3474,0.581267,59.987899,-0.007114,0.0000,1.0000,7562.4,-0.0305,4,0
48.3759,0.581267,59.987903,-0.007113,0.0000,1.0000,7572.4,-0.0296,4,0
48.4050,0.581267,59.987907,-0.007112,0.0000,1.0000,7579.3,-0.0285,4,0
48.4359,0.581267,59.987911,-0.007110,0.0000,1.0000,7581.1,-0.0272,4,0
48.4662,0.581267,59.987916,-0.007109,0.0000,1.0000,7585.3,-0.0257,4,0
48.4964,0.581267,59.987920,-0.007108,0.0000,1.0000,7588.2,-0.0241,4,0
48.5275,0.581267,59.987924,-0.007107,0.0000,1.0000,7587.6,-0.0223,4,0
48.5583,0.582469,59.987928,-0.007106,0.0000,1.0000,7588.7,-0.0206,4,0
48.5863,0.582469,59.987933,-0.007105,0.0000,1.0000,7601.7,-0.0189,4,0
48.6175,0.582469,59.987937,-0.007104,0.0000,1.0000,7601.5,-0.0173,4,0
48.6484,0.582469,59.987941,-0.007103,0.0000,1.0000,7600.3,-0.0158,4,0
48.6800,0.582469,59.987946,-0.007102,0.0000,1.0000,7598.2,-0.0145,4,0
48.7078,0.582469,59.987950,-0.007100,0.0000,1.0000,7612.9,-0.0135,4,0
48.7358,0.582469,59.987955,-0.007099,0.0000,1.0000,7625.7,-0.0128,4,0
48.7661,0.582469,59.987959,-0.007098,0.0000,1.0000,7627.9,-0.0123,4,0
48.7944,0.582469,59.987963,-0.007097,0.0000,1.0000,7638.7,-0.0120,4,0
48.8253,0.582469,59.987968,-0.007096,0.0000,1.0000,7638.6,-0.0119,4,0
48.8539,0.583677,59.987972,-0.007095,0.0000,1.0000,7649.2,-0.0120,4,0
48.8848,0.583677,59.987977,-0.007094,0.0000,1.0000,7648.0,-0.0124,4,0
48.9159,0.583677,59.987981,-0.007093,0.0000,1.0000,7645.3,-0.0129,4,0
48.9486,0.583677,59.987986,-0.007092,0.0000,1.0000,7636.5,-0.0135,4,0
48.9778,0.583677,59.987990,-0.007091,0.0000,1.0000,7642.6,-0.0143,4,0
49.0093,0.583677,59.987995,-0.007090,0.0000,1.0000,7638.8,-0.0153,4,0
49.0385,0.583677,59.987999,-0.007089,0.0000,1.0000,7642.5,-0.0163,4,0
49.0677,0.583677,59.988003,-0.007088,0.0000,1.0000,7646.9,-0.0175,4,0
49.0981,0.583677,59.988008,-0.007087,0.0000,1.0000,7647.9,-0.0188,4,0
49.1269,0.583677,59.988012,-0.007086,0.0000,1.0000,7654.9,-0.0201,4,0
49.1563,0.584893,59.988016,-0.007085,0.0000,1.0000,7657.5,-0.0215,4,0
49.1847,0.584893,59.988020,-0.007084,0.0000,1.0000,7664.3,-0.0226,4,0
49.2162,0.584893,59.988024,-0.007083,0.0000,1.0000,7660.4,-0.0239,4,0
49.2437,0.584893,59.988029,-0.007082,0.0000,1.0000,7673.2,-0.0249,4,0
49.2744,0.584893,59.988033,-0.007081,0.0000,1.0000,7670.3,-0.0258,4,0
49.3015,0.584893,59.988037,-0.007080,0.0000,1.0000,7683.0,-0.0264,4,0
49.3321,0.584893,59.988042,-0.007079,0.0000,1.0000,7681.9,-0.0270,4,0
49.3606,0.584893,59.988046,-0.007078,0.0000,1.0000,7690.2,-0.0274,4,0
49.3896,0.584893,59.988051,-0.007077,0.0000,1.0000,7694.8,-0.0277,4,0
49.4180,0.584893,59.988055,-0.007076,0.0000,1.0000,7700.7,-0.0278,4,0
49.4467,0.586116,59.988060,-0.007075,0.0000,1.0000,7705.7,-0.0278,4,0
49.4759,0.586116,59.988065,-0.007074,0.0000,1.0000,7709.4,-0.0278,4,0
49.5028,0.586116,59.988069,-0.007073,0.0000,1.0000,7721.5,-0.0278,4,0
49.5325,0.586116,59.988074,-0.007072,0.0000,1.0000,7720.6,-0.0276,4,0
49.5609,0.586116,59.988078,-0.007071,0.0000,1.0000,7725.7,-0.0273,4,0
49.5908,0.586116,59.988083,-0.007070,0.0000,1.0000,7725.8,-0.0270,4,0
49.6169,0.586116,59.988087,-0.007069,0.0000,1.0000,7741.1,-0.0266,4,0
49.6455,0.586116,59.988091,-0.007068,0.0000,1.0000,7744.3,-0.0260,4,0
49.6743,0.586116,59.988096,-0.007067,0.0000,1.0000,7746.5,-0.0254,4,0
49.7041,0.586116,59.988100,-0.007067,0.0000,1.0000,7746.1,-0.0248,4,0
49.7318,0.587347,59.988104,-0.007066,0.0000,1.0000,7755.0,-0.0240,4,0
49.7582,0.587347,59.988108,-0.007065,0.0000,1.0000,7767.6,-0.0233,4,0
49.7881,0.587347,59.988112,-0.007064,0.0000,1.0000,7764.6,-0.0225,4,0
49.8174,0.587347,59.988117,-0.007063,0.0000,1.0000,7766.0,-0.0218,4,0
49.8457,0.587347,59.988121,-0.007062,0.0000,1.0000,7771.4,-0.0211,4,0
49.8711,0.587347,59.988125,-0.007061,0.0000,1.0000,7787.3,-0.0205,4,0
49.9001,0.587347,59.988129,-0.007060,0.0000,1.0000,7787.5,-0.0198,4,0
49.9279,0.587347,59.988134,-0.007060,0.0000,1.0000,7793.4,-0.0192,4,0
49.9572,0.587347,59.988138,-0.007059,0.0000,1.0000,7792.2,-0.0187,4,0
49.9820,0.587347,59.988143,-0.007058,0.0000,1.0000,7810.1,-0.0182,4,0
50.0107,0.588587,59.988147,-0.007057,0.0000,1.0000,7809.8,-0.0177,4,0
50.0390,0.588587,59.988152,-0.007056,0.0000,1.0000,7811.6,-0.0172,4,0
50.0689,0.588587,59.988156,-0.007055,0.0000,1.0000,7807.8,-0.0168,4,0
50.0961,0.588587,59.988161,-0.007055,0.0000,1.0000,7815.3,-0.0165,4,0
50.1230,0.588587,59.988165,-0.007054,0.0000,1.0000,7821.5,-0.0162,4,0
50.1528,0.588587,59.988170,-0.007053,0.0000,1.0000,7816.2,-0.0161,4,0
50.1814,0.588587,59.988175,-0.007052,0.0000,1.0000,7816.4,-0.0160,4,0
50.2099,0.588587,59.988179,-0.007051,0.0000,1.0000,7818.7,-0.0160,4,0
50.2356,0.588587,59.988184,-0.007051,0.0000,1.0000,7828.3,-0.0160,4,0
50.2645,0.588587,59.988188,-0.007050,0.0000,1.0000,7825.9,-0.0162,4,0
50.2911,0.589835,59.988193,-0.007049,0.0000,1.0000,7834.4,-0.0164,4,0
50.3199,0.589835,59.988198,-0.007048,0.0000,1.0000,7832.1,-0.0168,4,0
50.3453,0.589835,59.988202,-0.007048,0.0000,1.0000,7844.1,-0.0172,4,0
50.3738,0.589835,59.988207,-0.007047,0.0000,1.0000,7841.4,-0.0177,4,0
50.3995,0.589835,59.988211,-0.007046,0.0000,1.0000,7851.3,-0.0183,4,0
50.4284,0.589835,59.988216,-0.007045,0.0000,1.0000,7849.0,-0.0190,4,0
50.4539,0.589835,59.988221,-0.007045,0.0000,1.0000,7858.8,-0.0198,4,0
50.4817,0.589835,59.988225,-0.007044,0.0000,1.0000,7858.4,-0.0206,4,0
50.5074,0.589835,59.988230,-0.007043,0.0000,1.0000,7867.7,-0.0215,4,0
50.5350,0.589835,59.988234,-0.007043,0.0000,1.0000,7870.0,-0.0224,4,0
50.5613,0.591091,59.988239,-0.007042,0.0000,1.0000,7875.7,-0.0232,4,0
50.5877,0.591091,59.988244,-0.007041,0.0000,1.0000,7881.0,-0.0241,4,0
50.6138,0.591091,59.988248,-0.007041,0.0000,1.0000,7886.8,-0.0248,4,0
50.6403,0.591091,59.988253,-0.007040,0.0000,1.0000,7892.0,-0.0256,4,0
50.6673,0.591091,59.988257,-0.007039,0.0000,1.0000,7893.4,-0.0262,4,0
50.6920,0.591091,59.988262,-0.007038,0.0000,1.0000,7901.7,-0.0265,4,0
50.7180,0.591091,59.988267,-0.007038,0.0000,1.0000,7904.9,-0.0267,4,0
50.7430,0.591091,59.988271,-0.007037,0.0000,1.0000,7913.6,-0.0267,4,0
50.7707,0.591091,59.988276,-0.007037,0.0000,1.0000,7910.8,-0.0263,4,0
50.7950,0.591091,59.988280,-0.007036,0.0000,1.0000,7919.5,-0.0256,4,0
50.8222,0.592350,59.988285,-0.007035,0.0000,1.0000,7917.9,-0.0246,4,0
50.8466,0.592350,59.988290,-0.007035,0.0000,1.0000,7927.8,-0.0234,4,0
50.8741,0.592350,59.988294,-0.007034,0.0000,1.0000,7925.5,-0.0221,4,0
50.8982,0.592350,59.988299,-0.007033,0.0000,1.0000,7935.3,-0.0206,4,0
50.9248,0.592350,59.988303,-0.007033,0.0000,1.0000,7935.5,-0.0190,4,0
50.9498,0.592350,59.988308,-0.007032,0.0000,1.0000,7944.2,-0.0177,4,0
50.9767,0.592350,59.988313,-0.007032,0.0000,1.0000,7945.1,-0.0164,4,0
51.0022,0.592350,59.988317,-0.007031,0.0000,1.0000,7950.5,-0.0153,4,0
51.0281,0.592350,59.988322,-0.007030,0.0000,1.0000,7955.0,-0.0146,4,0
51.0542,0.592350,59.988326,-0.007030,0.0000,1.0000,7959.1,-0.0141,4,0
51.0804,0.593610,59.988331,-0.007029,0.0000,1.0000,7963.1,-0.0140,4,0
51.1072,0.593610,59.988336,-0.007029,0.0000,1.0000,7964.0,-0.0141,4,0
51.1322,0.593610,59.988340,-0.007028,0.0000,1.0000,7970.6,-0.0145,4,0
51.1592,0.593610,59.988345,-0.007028,0.0000,1.0000,7971.4,-0.0150,4,0
51.1847,0.593610,59.988349,-0.007027,0.0000,1.0000,7977.5,-0.0157,4,0
51.2110,0.593610,59.988354,-0.007027,0.0000,1.0000,7977.9,-0.0165,4,0
51.2341,0.593610,59.988359,-0.007026,0.0000,1.0000,7991.7,-0.0173,4,0
51.2602,0.593610,59.988363,-0.007026,0.0000,1.0000,7992.5,-0.0183,4,0
51.2850,0.593610,59.988368,-0.007025,0.0000,1.0000,7998.6,-0.0192,4,0
51.3100,0.593610,59.988372,-0.007025,0.0000,1.0000,8001.7,-0.0200,4,0
51.3325,0.594872,59.988377,-0.007024,0.0000,1.0000,8014.1,-0.0209,4,0
51.3570,0.594872,59.988382,-0.007024,0.0000,1.0000,8016.1,-0.0216,4,0
51.3809,0.594872,59.988386,-0.007023,0.0000,1.0000,8020.9,-0.0224,4,0
51.4050,0.594872,59.988391,-0.007023,0.0000,1.0000,8022.8,-0.0229,4,0
51.4282,0.594872,59.988395,-0.007022,0.0000,1.0000,8026.3,-0.0232,4,0
51.4517,0.594872,59.988400,-0.007022,0.0000,1.0000,8031.3,-0.0234,4,0
51.4779,0.594872,59.988405,-0.007021,0.0000,1.0000,8025.1,-0.0235,4,0
51.5026,0.594872,59.988409,-0.007021,0.0000,1.0000,8021.6,-0.0234,4,0
51.5267,0.594872,59.988414,-0.007020,0.0000,1.0000,8022.0,-0.0231,4,0
51.5502,0.594872,59.988418,-0.007020,0.0000,1.0000,8024.8,-0.0225,4,0
51.5733,0.596140,59.988422,-0.007020,0.0000,1.0000,8029.9,-0.0219,4,0
51.5970,0.596140,59.988427,-0.007019,0.0000,1.0000,8034.2,-0.0212,4,0
51.6210,0.596140,59.988431,-0.007019,0.0000,1.0000,8036.2,-0.0202,4,0
51.6433,0.596140,59.988436,-0.007018,0.0000,1.0000,8044.1,-0.0193,4,0
51.6670,0.596140,59.988440,-0.007018,0.0000,1.0000,8049.1,-0.0182,4,0
51.6898,0.596140,59.988445,-0.007017,0.0000,1.0000,8057.1,-0.0172,4,0
51.7148,0.596140,59.988450,-0.007017,0.0000,1.0000,8056.1,-0.0161,4,0
51.7376,0.596140,59.988454,-0.007017,0.0000,1.0000,8064.6,-0.0151,4,0
51.7626,0.596140,59.988459,-0.007016,0.0000,1.0000,8066.9,-0.0142,4,0
51.7861,0.596140,59.988463,-0.007016,0.0000,1.0000,8075.7,-0.0135,4,0
51.8122,0.597418,59.988467,-0.007016,0.0000,1.0000,8072.6,-0.0129,4,0
51.8354,0.597418,59.988472,-0.007015,0.0000,1.0000,8081.5,-0.0124,4,0
51.8614,0.597418,59.988476,-0.007015,0.0000,1.0000,8080.4,-0.0123,4,0
51.8846,0.597418,59.988481,-0.007015,0.0000,1.0000,8088.8,-0.0122,4,0
51.9103,0.597418,59.988485,-0.007014,0.0000,1.0000,8086.3,-0.0123,4,0
51.9327,0.597418,59.988490,-0.007014,0.0000,1.0000,8096.9,-0.0125,4,0
51.9569,0.597418,59.988495,-0.007014,0.0000,1.0000,8099.8,-0.0129,4,0
51.9804,0.597418,59.988499,-0.007013,0.0000,1.0000,8105.7,-0.0134,4,0
52.0041,0.597418,59.988504,-0.007013,0.0000,1.0000,8109.4,-0.0138,4,0
52.0262,0.597418,59.988509,-0.007013,0.0000,1.0000,8118.7,-0.0143,4,0
52.0494,0.598702,59.988513,-0.007012,0.0000,1.0000,8123.2,-0.0148,4,0
52.0725,0.598702,59.988518,-0.007012,0.0000,1.0000,8127.4,-0.0153,4,0
52.0953,0.598702,59.988523,-0.007012,0.0000,1.0000,8132.1,-0.0158,4,0
52.1184,0.598702,59.988528,-0.007011,0.0000,1.0000,8134.0,-0.0163,4,0
52.1403,0.598702,59.988532,-0.007011,0.0000,1.0000,8142.4,-0.0168,4,0
52.1636,0.598702,59.988537,-0.007011,0.0000,1.0000,8143.1,-0.0173,4,0
52.1863,0.598702,59.988542,-0.007011,0.0000,1.0000,8146.1,-0.0179,4,0
52.2095,0.598702,59.988547,-0.007010,0.0000,1.0000,8146.4,-0.0184,4,0
52.2323,0.598702,59.988552,-0.007010,0.0000,1.0000,8148.3,-0.0189,4,0
52.2569,0.598702,59.988557,-0.007010,0.0000,1.0000,8144.4,-0.0193,4,0
52.2804,0.599993,59.988562,-0.007010,0.0000,1.0000,8143.4,-0.0199,4,0
52.3040,0.599993,59.988566,-0.007009,0.0000,1.0000,8142.4,-0.0203,4,0
52.3247,0.599993,59.988571,-0.007009,0.0000,1.0000,8155.1,-0.0209,4,0
52.3493,0.599993,59.988576,-0.007009,0.0000,1.0000,8150.4,-0.0213,4,0
52.3717,0.599993,59.988581,-0.007009,0.0000,1.0000,8152.7,-0.0219,4,0
52.3958,0.599993,59.988586,-0.007008,0.0000,1.0000,8149.8,-0.0224,4,0
52.4169,0.599993,59.988591,-0.007008,0.0000,1.0000,8159.6,-0.0228,4,0
52.4402,0.599993,59.988595,-0.007008,0.0000,1.0000,8159.3,-0.0232,4,0
52.4615,0.599993,59.988600,-0.007008,0.0000,1.0000,8166.5,-0.0235,4,0
52.4847,0.599993,59.988604,-0.007007,0.0000,1.0000,8166.4,-0.0237,4,0
52.5058,0.601291,59.988609,-0.007007,0.0000,1.0000,8176.5,-0.0238,4,0
52.5293,0.601291,59.988614,-0.007007,0.0000,1.0000,8174.1,-0.0238,4,0
52.5505,0.601291,59.988618,-0.007007,0.0000,1.0000,8183.6,-0.0237,4,0
52.5743,0.601291,59.988623,-0.007007,0.0000,1.0000,8181.9,-0.0234,4,0
52.5953,0.601291,59.988627,-0.007006,0.0000,1.0000,8192.3,-0.0232,4,0
52.6184,0.601291,59.988632,-0.007006,0.0000,1.0000,8193.1,-0.0228,4,0
52.6405,0.601291,59.988637,-0.007006,0.0000,1.0000,8199.9,-0.0224,4,0
52.6635,0.601291,59.988641,-0.007006,0.0000,1.0000,8201.0,-0.0219,4,0
52.6847,0.601291,59.988646,-0.007006,0.0000,1.0000,8210.2,-0.0215,4,0
52.7080,0.601291,59.988650,-0.007006,0.0000,1.0000,8210.1,-0.0210,4,0
52.7296,0.602595,59.988655,-0.007006,0.0000,1.0000,8215.5,-0.0204,4,0
52.7520,0.602595,59.988660,-0.007006,0.0000,1.0000,8215.3,-0.0196,4,0
52.7723,0.602595,59.988664,-0.007005,0.0000,1.0000,8222.9,-0.0187,4,0
52.7926,0.602595,59.988669,-0.007005,0.0000,1.0000,8231.0,-0.0177,4,0
52.8140,0.602595,59.988673,-0.007005,0.0000,1.0000,8231.9,-0.0164,4,0
52.8358,0.602595,59.988678,-0.007005,0.0000,1.0000,8231.2,-0.0149,4,0
52.8574,0.602595,59.988683,-0.007005,0.0000,1.0000,8233.6,-0.0134,4,0
52.8791,0.602595,59.988688,-0.007005,0.0000,1.0000,8234.0,-0.0119,4,0
52.9004,0.602595,59.988693,-0.007005,0.0000,1.0000,8236.3,-0.0104,4,0
52.9228,0.602595,59.988698,-0.007005,0.0000,1.0000,8236.3,-0.0089,4,0
52.9440,0.603901,59.988703,-0.007005,0.0000,1.0000,8241.6,-0.0075,4,0
52.9654,0.603901,59.988708,-0.007005,0.0000,1.0000,8245.2,-0.0064,4,0
52.9863,0.603901,59.988713,-0.007005,0.0000,1.0000,8252.9,-0.0057,4,0
53.0088,0.603901,59.988718,-0.007005,0.0000,1.0000,8254.0,-0.0053,4,0
53.0310,0.603901,59.988723,-0.007005,0.0000,1.0000,8258.3,-0.0051,4,0
53.0536,0.603901,59.988728,-0.007004,0.0000,1.0000,8261.0,-0.0053,4,0
53.0755,0.603901,59.988733,-0.007004,0.0000,1.0000,8266.9,-0.0058,4,0
53.0978,0.603901,59.988737,-0.007004,0.0000,1.0000,8271.0,-0.0065,4,0
53.1207,0.603901,59.988742,-0.007004,0.0000,1.0000,8273.2,-0.0074,4,0
53.1429,0.603901,59.988746,-0.007004,0.0000,1.0000,8277.7,-0.0084,4,0
53.1657,0.605210,59.988751,-0.007004,0.0000,1.0000,8278.9,-0.0096,4,0
53.1862,0.605210,59.988755,-0.007004,0.0000,1.0000,8289.7,-0.0108,4,0
53.2096,0.605210,59.988760,-0.007004,0.0000,1.0000,8289.6,-0.0121,4,0
53.2300,0.605210,59.988764,-0.007004,0.0000,1.0000,8302.1,-0.0135,4,0
53.2525,0.605210,59.988768,-0.007004,0.0000,1.0000,8304.6,-0.0149,4,0
53.2735,0.605210,59.988773,-0.007004,0.0000,1.0000,8310.7,-0.0165,4,0
53.2961,0.605210,59.988778,-0.007004,0.0000,1.0000,8311.5,-0.0181,4,0
53.3178,0.605210,59.988783,-0.007005,0.0000,1.0000,8313.4,-0.0198,4,0
53.3391,0.605210,59.988788,-0.007005,0.0000,1.0000,8315.5,-0.0216,4,0
53.3608,0.605210,59.988793,-0.007005,0.0000,1.0000,8315.8,-0.0233,4,0
53.3817,0.606530,59.988798,-0.007005,0.0000,1.0000,8316.6,-0.0250,4,0
53.4021,0.606530,59.988803,-0.007005,0.0000,1.0000,8318.5,-0.0267,4,0
53.4219,0.606530,59.988808,-0.007005,0.0000,1.0000,8323.2,-0.0281,4,0
53.4412,0.606530,59.988813,-0.007005,0.0000,1.0000,8329.4,-0.0292,4,0
53.4626,0.606530,59.988818,-0.007005,0.0000,1.0000,8329.1,-0.0299,4,0
53.4821,0.606530,59.988823,-0.007005,0.0000,1.0000,8337.0,-0.0302,4,0
53.5033,0.606530,59.988828,-0.007005,0.0000,1.0000,8337.8,-0.0302,4,0
53.5238,0.606530,59.988832,-0.007005,0.0000,1.0000,8341.7,-0.0297,4,0
53.5452,0.606530,59.988837,-0.007005,0.0000,1.0000,8342.0,-0.0288,4,0
53.5654,0.606530,59.988842,-0.007005,0.0000,1.0000,8348.0,-0.0277,4,0
53.5884,0.607847,59.988846,-0.007005,0.0000,1.0000,8340.8,-0.0262,4,0
53.6098,0.607847,59.988851,-0.007005,0.0000,1.0000,8342.0,-0.0245,4,0
53.6323,0.607847,59.988856,-0.007005,0.0000,1.0000,8340.1,-0.0225,4,0
53.6515,0.607847,59.988861,-0.007005,0.0000,1.0000,8350.9,-0.0205,4,0
53.6735,0.607847,59.988865,-0.007006,0.0000,1.0000,8350.7,-0.0184,4,0
53.6940,0.607847,59.988870,-0.007006,0.0000,1.0000,8357.6,-0.0162,4,0
53.7163,0.607847,59.988875,-0.007006,0.0000,1.0000,8358.0,-0.0141,4,0
53.7364,0.607847,59.988880,-0.007006,0.0000,1.0000,8367.7,-0.0122,4,0
53.7594,0.607847,59.988885,-0.007006,0.0000,1.0000,8367.0,-0.0105,4,0
53.7802,0.607847,59.988890,-0.007006,0.0000,1.0000,8376.1,-0.0090,4,0
53.8039,0.609169,59.988895,-0.007006,0.0000,1.0000,8374.8,-0.0078,4,0
53.8240,0.609169,59.988900,-0.007007,0.0000,1.0000,8386.8,-0.0070,4,0
53.8468,0.609169,59.988905,-0.007007,0.0000,1.0000,8386.4,-0.0063,4,0
53.8673,0.609169,59.988910,-0.007007,0.0000,1.0000,8395.1,-0.0058,4,0
53.8891,0.609169,59.988915,-0.007007,0.0000,1.0000,8399.2,-0.0056,4,0
53.9094,0.609169,59.988920,-0.007007,0.0000,1.0000,8406.3,-0.0054,4,0
53.9300,0.609169,59.988925,-0.007007,0.0000,1.0000,8412.1,-0.0054,4,0
53.9511,0.609169,59.988930,-0.007008,0.0000,1.0000,8416.1,-0.0054,4,0
53.9729,0.609169,59.988934,-0.007008,0.0000,1.0000,8415.7,-0.0053,4,0
53.9940,0.609169,59.988939,-0.007008,0.0000,1.0000,8417.4,-0.0053,4,0
54.0150,0.610497,59.988944,-0.007008,0.0000,1.0000,8421.7,-0.0052,4,0
54.0363,0.610497,59.988949,-0.007008,0.0000,1.0000,8425.2,-0.0051,4,0
54.0589,0.610497,59.988954,-0.007009,0.0000,1.0000,8424.2,-0.0050,4,0
54.0788,0.610497,59.988958,-0.007009,0.0000,1.0000,8433.7,-0.0050,4,0
54.1015,0.610497,59.988963,-0.007009,0.0000,1.0000,8431.3,-0.0050,4,0
54.1227,0.610497,59.988968,-0.007009,0.0000,1.0000,8437.1,-0.0050,4,0
54.1457,0.610497,59.988973,-0.007009,0.0000,1.0000,8434.0,-0.0051,4,0
54.1655,0.610497,59.988977,-0.007010,0.0000,1.0000,8443.5,-0.0052,4,0
54.1883,0.610497,59.988982,-0.007010,0.0000,1.0000,8441.5,-0.0053,4,0
54.2089,0.610497,59.988986,-0.007010,0.0000,1.0000,8448.8,-0.0054,4,0
54.2315,0.611828,59.988991,-0.007010,0.0000,1.0000,8447.2,-0.0055,4,0
54.2514,0.611828,59.988996,-0.007011,0.0000,1.0000,8457.9,-0.0057,4,0
54.2746,0.611828,59.989000,-0.007011,0.0000,1.0000,8452.7,-0.0059,4,0
54.2953,0.611828,59.989005,-0.007011,0.0000,1.0000,8459.7,-0.0060,4,0
54.3187,0.611828,59.989009,-0.007011,0.0000,1.0000,8456.5,-0.0061,4,0
54.3393,0.611828,59.989014,-0.007012,0.0000,1.0000,8463.1,-0.0063,4,0
54.3614,0.611828,59.989019,-0.007012,0.0000,1.0000,8464.8,-0.0064,4,0
54.3817,0.611828,59.989024,-0.007012,0.0000,1.0000,8473.7,-0.0065,4,0
54.4050,0.611828,59.989029,-0.007012,0.0000,1.0000,8471.1,-0.0067,4,0
54.4255,0.611828,59.989034,-0.007013,0.0000,1.0000,8479.8,-0.0068,4,0
54.4485,0.613165,59.989038,-0.007013,0.0000,1.0000,8479.0,-0.0069,4,0
54.4692,0.613165,59.989043,-0.007013,0.0000,1.0000,8486.8,-0.0070,4,0
54.4927,0.613165,59.989048,-0.007013,0.0000,1.0000,8483.3,-0.0071,4,0
54.5125,0.613165,59.989053,-0.007014,0.0000,1.0000,8493.1,-0.0072,4,0
54.5348,0.613165,59.989058,-0.007014,0.0000,1.0000,8493.4,-0.0074,4,0
54.5549,0.613165,59.989063,-0.007014,0.0000,1.0000,8501.5,-0.0075,4,0
54.5770,0.613165,59.989068,-0.007015,0.0000,1.0000,8499.8,-0.0077,4,0
54.5967,0.613165,59.989073,-0.007015,0.0000,1.0000,8508.3,-0.0078,4,0
54.6182,0.613165,59.989078,-0.007015,0.0000,1.0000,8509.4,-0.0079,4,0
54.6398,0.613165,59.989083,-0.007015,0.0000,1.0000,8510.9,-0.0080,4,0
54.6613,0.614507,59.989088,-0.007016,0.0000,1.0000,8513.2,-0.0081,4,0
54.6825,0.614507,59.989093,-0.007016,0.0000,1.0000,8517.8,-0.0081,4,0
54.7044,0.614507,59.989098,-0.007016,0.0000,1.0000,8519.9,-0.0081,4,0
54.7256,0.614507,59.989103,-0.007016,0.0000,1.0000,8523.7,-0.0081,4,0
54.7477,0.614507,59.989108,-0.007017,0.0000,1.0000,8523.4,-0.0082,4,0
54.7687,0.614507,59.989113,-0.007017,0.0000,1.0000,8529.0,-0.0082,4,0
54.7902,0.614507,59.989118,-0.007017,0.0000,1.0000,8532.2,-0.0082,4,0
54.8110,0.614507,59.989123,-0.007018,0.0000,1.0000,8538.6,-0.0082,4,0
54.8339,0.614507,59.989128,-0.007018,0.0000,1.0000,8536.9,-0.0082,4,0
54.8543,0.614507,59.989133,-0.007018,0.0000,1.0000,8545.6,-0.0082,4,0
54.8785,0.615854,59.989137,-0.007018,0.0000,1.0000,8539.5,-0.0083,4,0
54.9007,0.615854,59.989142,-0.007019,0.0000,1.0000,8542.2,-0.0084,4,0
54.9216,0.615854,59.989147,-0.007019,0.0000,1.0000,8549.7,-0.0085,4,0
54.9427,0.615854,59.989152,-0.007019,0.0000,1.0000,8556.5,-0.0087,4,0
54.9648,0.615854,59.989157,-0.007020,0.0000,1.0000,8558.6,-0.0090,4,0
54.9860,0.615854,59.989162,-0.007020,0.0000,1.0000,8563.6,-0.0093,4,0
55.0072,0.615854,59.989167,-0.007020,0.0000,1.0000,8566.4,-0.0096,4,0
55.0278,0.615854,59.989172,-0.007021,0.0000,1.0000,8571.6,-0.0099,4,0
55.0494,0.615854,59.989177,-0.007021,0.0000,1.0000,8572.8,-0.0101,4,0
55.0700,0.615854,59.989182,-0.007021,0.0000,1.0000,8577.9,-0.0103,4,0
55.0914,0.617208,59.989187,-0.007022,0.0000,1.0000,8579.8,-0.0105,4,0
55.1121,0.617208,59.989192,-0.007022,0.0000,1.0000,8585.7,-0.0106,4,0
55.1349,0.617208,59.989197,-0.007022,0.0000,1.0000,8583.1,-0.0106,4,0
55.1564,0.617208,59.989202,-0.007023,0.0000,1.0000,8586.5,-0.0106,4,0
55.1786,0.617208,59.989207,-0.007023,0.0000,1.0000,8586.8,-0.0104,4,0
55.1998,0.617208,59.989212,-0.007023,0.0000,1.0000,8590.9,-0.0102,4,0
55.2212,0.617208,59.989217,-0.007024,0.0000,1.0000,8594.9,-0.0100,4,0
55.2432,0.617208,59.989222,-0.007024,0.0000,1.0000,8595.1,-0.0097,4,0
55.2640,0.617208,59.989226,-0.007024,0.0000,1.0000,8601.8,-0.0094,4,0
55.2856,0.617208,59.989231,-0.007025,0.0000,1.0000,8604.5,-0.0090,4,0
55.3076,0.618566,59.989236,-0.007025,0.0000,1.0000,8605.7,-0.0086,4,0
55.3294,0.618566,59.989241,-0.007025,0.0000,1.0000,8607.1,-0.0083,4,0
55.3497,0.618566,59.989246,-0.007026,0.0000,1.0000,8615.7,-0.0079,4,0
55.3721,0.618566,59.989250,-0.007026,0.0000,1.0000,8615.8,-0.0075,4,0
55.3932,0.618566,59.989255,-0.007026,0.0000,1.0000,8620.4,-0.0071,4,0
55.4155,0.618566,59.989260,-0.007027,0.0000,1.0000,8619.6,-0.0068,4,0
55.4359,0.618566,59.989265,-0.007027,0.0000,1.0000,8628.8,-0.0065,4,0
55.4584,0.618566,59.989270,-0.007027,0.0000,1.0000,8627.5,-0.0062,4,0
55.4790,0.618566,59.989275,-0.007028,0.0000,1.0000,8633.9,-0.0060,4,0
55.5014,0.618566,59.989280,-0.007028,0.0000,1.0000,8633.3,-0.0058,4,0
55.5215,0.619929,59.989285,-0.007029,0.0000,1.0000,8642.0,-0.0058,4,0
55.5438,0.619929,59.989290,-0.007029,0.0000,1.0000,8642.2,-0.0057,4,0
55.5642,0.619929,59.989295,-0.007029,0.0000,1.0000,8649.3,-0.0057,4,0
55.5871,0.619929,59.989300,-0.007030,0.0000,1.0000,8646.7,-0.0058,4,0
55.6079,0.619929,59.989305,-0.007030,0.0000,1.0000,8653.2,-0.0059,4,0
55.6294,0.619929,59.989310,-0.007030,0.0000,1.0000,8657.1,-0.0061,4,0
55.6501,0.619929,59.989315,-0.007031,0.0000,1.0000,8663.5,-0.0063,4,0
55.6725,0.619929,59.989320,-0.007031,0.0000,1.0000,8662.9,-0.0065,4,0
55.6928,0.619929,59.989325,-0.007032,0.0000,1.0000,8669.8,-0.0067,4,0
55.7146,0.619929,59.989330,-0.007032,0.0000,1.0000,8671.2,-0.0069,4,0
55.7349,0.621297,59.989335,-0.007032,0.0000,1.0000,8678.5,-0.0072,4,0
55.7566,0.621297,59.989340,-0.007033,0.0000,1.0000,8679.0,-0.0074,4,0
55.7774,0.621297,59.989345,-0.007033,0.0000,1.0000,8682.7,-0.0075,4,0
55.7993,0.621297,59.989350,-0.007034,0.0000,1.0000,8682.9,-0.0077,4,0
55.8203,0.621297,59.989355,-0.007034,0.0000,1.0000,8687.4,-0.0080,4,0
55.8422,0.621297,59.989360,-0.007034,0.0000,1.0000,8688.2,-0.0083,4,0
55.8640,0.621297,59.989365,-0.007035,0.0000,1.0000,8690.3,-0.0085,4,0
55.8856,0.621297,59.989370,-0.007035,0.0000,1.0000,8693.5,-0.0089,4,0
55.9067,0.621297,59.989375,-0.007036,0.0000,1.0000,8698.6,-0.0092,4,0
55.9288,0.621297,59.989380,-0.007036,0.0000,1.0000,8699.6,-0.0094,4,0
55.9502,0.622666,59.989385,-0.007037,0.0000,1.0000,8703.1,-0.0098,4,0
55.9715,0.622666,59.989390,-0.007037,0.0000,1.0000,8707.2,-0.0101,4,0
55.9928,0.622666,59.989395,-0.007037,0.0000,1.0000,8709.8,-0.0102,4,0
56.0130,0.622666,59.989400,-0.007038,0.0000,1.0000,8717.1,-0.0104,4,0
56.0339,0.622666,59.989405,-0.007038,0.0000,1.0000,8721.9,-0.0108,4,0
56.0321,0.622666,59.989410,-0.007039,0.0000,1.0000,8674.1,-0.0111,4,0
56.0108,0.622666,59.989415,-0.007039,0.0000,1.0000,8626.5,-0.0116,4,0
55.9914,0.622666,59.989420,-0.007040,0.0000,1.0000,8579.2,-0.0119,4,0
55.9723,0.622666,59.989425,-0.007040,0.0000,1.0000,8532.0,-0.0121,4,0
55.9774,0.622666,59.989430,-0.007040,0.0000,1.0000,7850.7,-0.0122,5,0
56.0046,0.624040,59.989435,-0.007041,0.0000,1.0000,7521.6,-0.0122,5,0
56.0304,0.624040,59.989440,-0.007041,0.0000,1.0000,7516.8,-0.0118,5,0
56.0532,0.624040,59.989445,-0.007042,0.0000,1.0000,7512.5,-0.0111,5,0
56.0748,0.624040,59.989450,-0.007042,0.0000,1.0000,7513.1,-0.0102,5,0
56.0964,0.624040,59.989455,-0.007043,0.0000,1.0000,7514.3,-0.0088,5,0
56.1174,0.624040,59.989460,-0.007043,0.0000,1.0000,7517.9,-0.0070,5,0
56.1382,0.624040,59.989465,-0.007044,0.0000,1.0000,7521.1,-0.0049,5,0
56.1595,0.624040,59.989471,-0.007044,0.0000,1.0000,7522.6,-0.0024,5,0
56.1809,0.624040,59.989476,-0.007044,0.0000,1.0000,7524.8,0.0004,5,0
56.2016,0.624040,59.989481,-0.007045,0.0000,1.0000,7528.7,0.0036,5,0
56.2231,0.625418,59.989486,-0.007045,0.0000,1.0000,7529.9,0.0069,5,0
56.2439,0.625418,59.989492,-0.007046,0.0000,1.0000,7533.7,0.0104,5,0
56.2655,0.625418,59.989497,-0.007046,0.0000,1.0000,7533.6,0.0139,5,0
56.2862,0.625418,59.989502,-0.007047,0.0000,1.0000,7536.3,0.0177,5,0
56.3066,0.625418,59.989508,-0.007047,0.0000,1.0000,7539.8,0.0216,5,0
56.3267,0.625418,59.989513,-0.007048,0.0000,1.0000,7545.7,0.0257,5,0
56.3477,0.625418,59.989518,-0.007048,0.0000,1.0000,7545.5,0.0299,5,0
56.3685,0.625418,59.989523,-0.007049,0.0000,1.0000,7546.5,0.0340,5,0
56.3881,0.625418,59.989528,-0.007049,0.0000,1.0000,7551.8,0.0380,5,0
56.4094,0.625418,59.989533,-0.007050,0.0000,1.0000,7551.8,0.0417,5,0
56.4307,0.626800,59.989538,-0.007050,0.0000,1.0000,7550.6,0.0453,5,0
56.4509,0.626800,59.989543,-0.007051,0.0000,1.0000,7552.9,0.0484,5,0
56.4699,0.626800,59.989548,-0.007051,0.0000,1.0000,7561.8,0.0512,5,0
56.4916,0.626800,59.989553,-0.007052,0.0000,1.0000,7560.7,0.0536,5,0
56.5120,0.626800,59.989558,-0.007052,0.0000,1.0000,7559.9,0.0555,5,0
56.5319,0.626800,59.989563,-0.007053,0.0000,1.0000,7562.0,0.0567,5,0
56.5500,0.626800,59.989568,-0.007053,0.0000,1.0000,7574.3,0.0575,5,0
56.5704,0.626800,59.989573,-0.007053,0.0000,1.0000,7574.7,0.0576,5,0
56.5899,0.626800,59.989578,-0.007054,0.0000,1.0000,7577.1,0.0569,5,0
56.6080,0.626800,59.989583,-0.007054,0.0000,1.0000,7587.5,0.0556,5,0
56.6254,0.628188,59.989588,-0.007055,0.0000,1.0000,7602.4,0.0538,5,0
56.6467,0.628188,59.989593,-0.007055,0.0000,1.0000,7601.2,0.0515,5,0
56.6663,0.628188,59.989598,-0.007055,0.0000,1.0000,7603.9,0.0487,5,0
56.6848,0.628188,59.989603,-0.007056,0.0000,1.0000,7616.8,0.0459,5,0
56.7038,0.628188,59.989608,-0.007056,0.0000,1.0000,7626.8,0.0430,5,0
56.7242,0.628188,59.989613,-0.007057,0.0000,1.0000,7630.2,0.0398,5,0
56.7440,0.628188,59.989618,-0.007057,0.0000,1.0000,7635.2,0.0367,5,0
56.7635,0.628188,59.989624,-0.007057,0.0000,1.0000,7644.2,0.0339,5,0
56.7846,0.628188,59.989629,-0.007057,0.0000,1.0000,7645.8,0.0313,5,0
56.8040,0.628188,59.989634,-0.007058,0.0000,1.0000,7652.0,0.0290,5,0
56.8249,0.629579,59.989639,-0.007058,0.0000,1.0000,7655.1,0.0271,5,0
56.8439,0.629579,59.989645,-0.007058,0.0000,1.0000,7666.5,0.0257,5,0
56.8636,0.629579,59.989650,-0.007058,0.0000,1.0000,7673.4,0.0246,5,0
56.8800,0.629579,59.989655,-0.007059,0.0000,1.0000,7693.7,0.0237,5,0
56.8990,0.629579,59.989661,-0.007059,0.0000,1.0000,7703.6,0.0231,5,0
56.9198,0.629579,59.989666,-0.007059,0.0000,1.0000,7707.7,0.0227,5,0
56.9415,0.629579,59.989671,-0.007059,0.0000,1.0000,7707.1,0.0224,5,0
56.9629,0.629579,59.989676,-0.007059,0.0000,1.0000,7706.4,0.0222,5,0
56.9845,0.629579,59.989681,-0.007060,0.0000,1.0000,7709.0,0.0221,5,0
57.0061,0.629579,59.989686,-0.007060,0.0000,1.0000,7710.3,0.0219,5,0
57.0277,0.630972,59.989691,-0.007060,0.0000,1.0000,7709.2,0.0217,5,0
57.0499,0.630972,59.989696,-0.007060,0.0000,1.0000,7706.4,0.0213,5,0
57.0731,0.630972,59.989701,-0.007060,0.0000,1.0000,7701.4,0.0209,5,0
57.0945,0.630972,59.989706,-0.007060,0.0000,1.0000,7702.3,0.0200,5,0
57.1162,0.630972,59.989711,-0.007060,0.0000,1.0000,7701.1,0.0188,5,0
57.1385,0.630972,59.989716,-0.007060,0.0000,1.0000,7698.0,0.0173,5,0
57.1619,0.630972,59.989721,-0.007060,0.0000,1.0000,7691.5,0.0153,5,0
57.1849,0.630972,59.989726,-0.007060,0.0000,1.0000,7684.8,0.0128,5,0
57.2059,0.630972,59.989731,-0.007060,0.0000,1.0000,7686.7,0.0098,5,0
57.2291,0.630972,59.989736,-0.007060,0.0000,1.0000,7683.0,0.0064,5,0
57.2503,0.632366,59.989740,-0.007060,0.0000,1.0000,7685.7,0.0026,5,0
57.2735,0.632366,59.989745,-0.007060,0.0000,1.0000,7681.1,-0.0013,5,0
57.2964,0.632366,59.989750,-0.007060,0.0000,1.0000,7677.8,-0.0054,5,0
57.3184,0.632366,59.989755,-0.007060,0.0000,1.0000,7679.1,-0.0097,5,0
57.3397,0.632366,59.989760,-0.007060,0.0000,1.0000,7683.3,-0.0140,5,0
57.3631,0.632366,59.989765,-0.007061,0.0000,1.0000,7677.4,-0.0185,5,0
57.3846,0.632366,59.989770,-0.007060,0.0000,1.0000,7680.3,-0.0231,5,0
57.4063,0.632366,59.989776,-0.007060,0.0000,1.0000,7683.0,-0.0278,5,0
57.4281,0.632366,59.989781,-0.007060,0.0000,1.0000,7685.6,-0.0326,5,0
57.4513,0.632366,59.989787,-0.007060,0.0000,1.0000,7684.4,-0.0376,5,0
57.4733,0.633766,59.989793,-0.007060,0.0000,1.0000,7687.3,-0.0426,5,0
57.4944,0.633766,59.989798,-0.007060,0.0000,1.0000,7692.6,-0.0477,5,0
57.5171,0.633766,59.989804,-0.007060,0.0000,1.0000,7691.8,-0.0529,5,0
57.5379,0.633766,59.989809,-0.007060,0.0000,1.0000,7700.8,-0.0582,5,0
57.5595,0.633766,59.989815,-0.007060,0.0000,1.0000,7702.7,-0.0633,5,0
57.5803,0.633766,59.989820,-0.007060,0.0000,1.0000,7706.9,-0.0684,5,0
57.6015,0.633766,59.989825,-0.007060,0.0000,1.0000,7709.9,-0.0732,5,0
57.6194,0.633766,59.989830,-0.007060,0.0000,1.0000,7725.8,-0.0778,5,0
57.6390,0.633766,59.989836,-0.007060,0.0000,1.0000,7731.7,-0.0818,5,0
57.6597,0.633766,59.989841,-0.007060,0.0000,1.0000,7734.7,-0.0857,5,0
57.6798,0.635173,59.989846,-0.007060,0.0000,1.0000,7741.3,-0.0893,5,0
57.6983,0.635173,59.989851,-0.007060,0.0000,1.0000,7751.8,-0.0926,5,0
57.7177,0.635173,59.989856,-0.007060,0.0000,1.0000,7755.2,-0.0954,5,0
57.7376,0.635173,59.989862,-0.007060,0.0000,1.0000,7758.8,-0.0979,5,0
57.7541,0.635173,59.989867,-0.007060,0.0000,1.0000,7772.6,-0.1000,5,0
57.7712,0.635173,59.989872,-0.007061,0.0000,1.0000,7786.0,-0.1019,5,0
57.7871,0.635173,59.989877,-0.007061,0.0000,1.0000,7804.8,-0.1037,5,0
57.8046,0.635173,59.989882,-0.007061,0.0000,1.0000,7818.4,-0.1056,5,0
57.8232,0.635173,59.989886,-0.007061,0.0000,1.0000,7827.3,-0.1075,5,0
57.8398,0.635173,59.989891,-0.007061,0.0000,1.0000,7842.9,-0.1093,5,0
57.8574,0.636584,59.989896,-0.007061,0.0000,1.0000,7856.1,-0.1111,5,0
57.8759,0.636584,59.989901,-0.007061,0.0000,1.0000,7863.1,-0.1127,5,0
57.8949,0.636584,59.989906,-0.007062,0.0000,1.0000,7864.8,-0.1139,5,0
57.9129,0.636584,59.989910,-0.007062,0.0000,1.0000,7868.9,-0.1147,5,0
57.9312,0.636584,59.989915,-0.007062,0.0000,1.0000,7872.7,-0.1153,5,0
57.9499,0.636584,59.989920,-0.007062,0.0000,1.0000,7873.2,-0.1154,5,0
57.9673,0.636584,59.989925,-0.007062,0.0000,1.0000,7878.2,-0.1151,5,0
57.9839,0.636584,59.989931,-0.007063,0.0000,1.0000,7885.8,-0.1145,5,0
58.0018,0.636584,59.989936,-0.007063,0.0000,1.0000,7889.3,-0.1135,5,0
58.0188,0.636584,59.989942,-0.007063,0.0000,1.0000,7893.4,-0.1122,5,0
58.0358,0.638003,59.989947,-0.007064,0.0000,1.0000,7898.3,-0.1104,5,0
58.0536,0.638003,59.989953,-0.007064,0.0000,1.0000,7903.8,-0.1086,5,0
58.0720,0.638003,59.989959,-0.007065,0.0000,1.0000,7908.0,-0.1065,5,0
58.0904,0.638003,59.989964,-0.007065,0.0000,1.0000,7912.8,-0.1041,5,0
58.1088,0.638003,59.989970,-0.007065,0.0000,1.0000,7919.4,-0.1019,5,0
58.1283,0.638003,59.989975,-0.007066,0.0000,1.0000,7922.8,-0.1000,5,0
58.1483,0.638003,59.989981,-0.007066,0.0000,1.0000,7924.9,-0.0981,5,0
58.1678,0.638003,59.989986,-0.007067,0.0000,1.0000,7927.8,-0.0966,5,0
58.1876,0.638003,59.989992,-0.007067,0.0000,1.0000,7932.1,-0.0955,5,0
58.2080,0.638003,59.989997,-0.007068,0.0000,1.0000,7931.9,-0.0948,5,0
58.2279,0.639429,59.990003,-0.007068,0.0000,1.0000,7932.2,-0.0944,5,0
58.2471,0.639429,59.990008,-0.007069,0.0000,1.0000,7934.4,-0.0944,5,0
58.2665,0.639429,59.990013,-0.007069,0.0000,1.0000,7934.9,-0.0946,5,0
58.2867,0.639429,59.990019,-0.007070,0.0000,1.0000,7931.5,-0.0947,5,0
58.3065,0.639429,59.990024,-0.007070,0.0000,1.0000,7928.8,-0.0947,5,0
58.3253,0.639429,59.990030,-0.007071,0.0000,1.0000,7931.6,-0.0947,5,0
58.3441,0.639429,59.990035,-0.007072,0.0000,1.0000,7932.5,-0.0946,5,0
58.3646,0.639429,59.990040,-0.007072,0.0000,1.0000,7931.4,-0.0940,5,0
58.3830,0.639429,59.990044,-0.007073,0.0000,1.0000,7932.4,-0.0932,5,0
58.4013,0.639429,59.990049,-0.007074,0.0000,1.0000,7936.8,-0.0921,5,0
58.4202,0.640861,59.990054,-0.007075,0.0000,1.0000,7938.9,-0.0906,5,0
58.4401,0.640861,59.990059,-0.007075,0.0000,1.0000,7936.7,-0.0885,5,0
58.4585,0.640861,59.990064,-0.007076,0.0000,1.0000,7943.2,-0.0861,5,0
58.4763,0.640861,59.990068,-0.007077,0.0000,1.0000,7955.2,-0.0835,5,0
58.4955,0.640861,59.990073,-0.007078,0.0000,1.0000,7960.4,-0.0805,5,0
58.5154,0.640861,59.990078,-0.007078,0.0000,1.0000,7968.4,-0.0777,5,0
58.5337,0.640861,59.990083,-0.007079,0.0000,1.0000,7977.0,-0.0752,5,0
58.5548,0.640861,59.990088,-0.007080,0.0000,1.0000,7980.0,-0.0730,5,0
58.5768,0.640861,59.990094,-0.007081,0.0000,1.0000,7981.5,-0.0713,5,0
58.5967,0.640861,59.990099,-0.007082,0.0000,1.0000,7985.6,-0.0704,5,0
58.6164,0.642299,59.990104,-0.007083,0.0000,1.0000,7989.4,-0.0700,5,0
58.6380,0.642299,59.990109,-0.007084,0.0000,1.0000,7989.3,-0.0699,5,0
58.6580,0.642299,59.990114,-0.007085,0.0000,1.0000,7989.6,-0.0705,5,0
58.6769,0.642299,59.990120,-0.007086,0.0000,1.0000,7995.4,-0.0715,5,0
58.6974,0.642299,59.990125,-0.007087,0.0000,1.0000,7997.0,-0.0727,5,0
58.7189,0.642299,59.990130,-0.007088,0.0000,1.0000,7995.0,-0.0742,5,0
58.7393,0.642299,59.990136,-0.007089,0.0000,1.0000,7997.7,-0.0760,5,0
58.7592,0.642299,59.990141,-0.007091,0.0000,1.0000,8000.8,-0.0780,5,0
58.7794,0.642299,59.990147,-0.007092,0.0000,1.0000,8001.4,-0.0800,5,0
58.7985,0.642299,59.990152,-0.007093,0.0000,1.0000,8003.6,-0.0821,5,0
58.8168,0.643743,59.990157,-0.007094,0.0000,1.0000,8008.6,-0.0843,5,0
58.8353,0.643743,59.990163,-0.007095,0.0000,1.0000,8012.8,-0.0863,5,0
58.8539,0.643743,59.990168,-0.007096,0.0000,1.0000,8012.8,-0.0879,5,0
58.8719,0.643743,59.990174,-0.007098,0.0000,1.0000,8014.1,-0.0896,5,0
58.8895,0.643743,59.990179,-0.007099,0.0000,1.0000,8018.2,-0.0908,5,0
58.9082,0.643743,59.990185,-0.007100,0.0000,1.0000,8020.4,-0.0917,5,0
58.9267,0.643743,59.990190,-0.007101,0.0000,1.0000,8021.0,-0.0922,5,0
58.9445,0.643743,59.990196,-0.007103,0.0000,1.0000,8025.4,-0.0926,5,0
58.9641,0.643743,59.990201,-0.007104,0.0000,1.0000,8025.7,-0.0927,5,0
58.9822,0.643743,59.990207,-0.007106,0.0000,1.0000,8027.6,-0.0925,5,0
59.0003,0.645188,59.990212,-0.007107,0.0000,1.0000,8029.6,-0.0922,5,0
59.0178,0.645188,59.990218,-0.007108,0.0000,1.0000,8038.3,-0.0920,5,0
59.0367,0.645188,59.990223,-0.007110,0.0000,1.0000,8043.6,-0.0915,5,0
59.0557,0.645188,59.990229,-0.007111,0.0000,1.0000,8046.4,-0.0912,5,0
59.0743,0.645188,59.990234,-0.007113,0.0000,1.0000,8052.8,-0.0911,5,0
59.0932,0.645188,59.990240,-0.007114,0.0000,1.0000,8059.2,-0.0912,5,0
59.1127,0.645188,59.990245,-0.007116,0.0000,1.0000,8062.9,-0.0913,5,0
59.1321,0.645188,59.990250,-0.007117,0.0000,1.0000,8066.5,-0.0920,5,0
59.1507,0.645188,59.990254,-0.007119,0.0000,1.0000,8071.6,-0.0928,5,0
59.1696,0.645188,59.990259,-0.007120,0.0000,1.0000,8076.7,-0.0936,5,0
59.1896,0.646638,59.990264,-0.007122,0.0000,1.0000,8074.3,-0.0943,5,0
59.2082,0.646638,59.990269,-0.007124,0.0000,1.0000,8074.4,-0.0953,5,0
59.2262,0.646638,59.990274,-0.007125,0.0000,1.0000,8076.2,-0.0958,5,0
59.2439,0.646638,59.990278,-0.007127,0.0000,1.0000,8075.6,-0.0959,5,0
59.2613,0.646638,59.990283,-0.007129,0.0000,1.0000,8073.9,-0.0952,5,0
59.2777,0.646638,59.990288,-0.007130,0.0000,1.0000,8078.7,-0.0939,5,0
59.2940,0.646638,59.990293,-0.007132,0.0000,1.0000,8082.1,-0.0916,5,0
59.3109,0.646638,59.990298,-0.007134,0.0000,1.0000,8082.4,-0.0889,5,0
59.3283,0.646638,59.990304,-0.007136,0.0000,1.0000,8084.0,-0.0859,5,0
59.3456,0.646638,59.990309,-0.007138,0.0000,1.0000,8090.6,-0.0824,5,0
59.3635,0.648091,59.990314,-0.007140,0.0000,1.0000,8095.4,-0.0785,5,0
59.3824,0.648091,59.990319,-0.007141,0.0000,1.0000,8097.0,-0.0745,5,0
59.3995,0.648091,59.990324,-0.007143,0.0000,1.0000,8106.2,-0.0706,5,0
59.4172,0.648091,59.990330,-0.007145,0.0000,1.0000,8113.4,-0.0664,5,0
59.4366,0.648091,59.990335,-0.007147,0.0000,1.0000,8115.0,-0.0621,5,0
59.4563,0.648091,59.990340,-0.007149,0.0000,1.0000,8115.9,-0.0581,5,0
59.4742,0.648091,59.990346,-0.007151,0.0000,1.0000,8120.0,-0.0534,5,0
59.4948,0.648091,59.990351,-0.007153,0.0000,1.0000,8127.4,-0.0482,5,0
59.5128,0.648091,59.990357,-0.007155,0.0000,1.0000,8130.2,-0.0429,5,0
59.5312,0.648091,59.990362,-0.007157,0.0000,1.0000,8133.4,-0.0366,5,0
59.5467,0.649546,59.990367,-0.007159,0.0000,1.0000,8145.0,-0.0294,5,0
59.5631,0.649546,59.990373,-0.007161,0.0000,1.0000,8153.5,-0.0222,5,0
59.5812,0.649546,59.990378,-0.007164,0.0000,1.0000,8162.1,-0.0152,5,0
59.5990,0.649546,59.990384,-0.007166,0.0000,1.0000,8171.9,-0.0085,5,0
59.6170,0.649546,59.990389,-0.007168,0.0000,1.0000,8179.4,-0.0023,5,0
59.6377,0.649546,59.990395,-0.007170,0.0000,1.0000,8180.9,0.0030,5,0
59.6595,0.649546,59.990400,-0.007172,0.0000,1.0000,8180.0,0.0073,5,0
59.6817,0.649546,59.990406,-0.007174,0.0000,1.0000,8176.5,0.0111,5,0
59.7046,0.649546,59.990411,-0.007177,0.0000,1.0000,8171.0,0.0139,5,0
59.7289,0.649546,59.990416,-0.007179,0.0000,1.0000,8161.9,0.0159,5,0
59.7517,0.651001,59.990421,-0.007181,0.0000,1.0000,8155.4,0.0174,5,0
59.7754,0.651001,59.990427,-0.007184,0.0000,1.0000,8143.4,0.0187,5,0
59.7997,0.651001,59.990432,-0.007186,0.0000,1.0000,8129.6,0.0198,5,0
59.8255,0.651001,59.990437,-0.007188,0.0000,1.0000,8111.6,0.0211,5,0
59.8471,0.651001,59.990443,-0.007191,0.0000,1.0000,8108.2,0.0227,5,0
59.8708,0.651001,59.990448,-0.007193,0.0000,1.0000,8094.6,0.0246,5,0
59.8975,0.651001,59.990453,-0.007196,0.0000,1.0000,8072.8,0.0270,5,0
59.9243,0.651001,59.990458,-0.007198,0.0000,1.0000,8048.5,0.0297,5,0
59.9488,0.651001,59.990463,-0.007200,0.0000,1.0000,8031.7,0.0328,5,0
59.9689,0.651001,59.990468,-0.007203,0.0000,1.0000,8033.2,0.0360,5,0
59.9899,0.652460,59.990473,-0.007205,0.0000,1.0000,8033.2,0.0393,5,0
60.0121,0.652460,59.990478,-0.007208,0.0000,1.0000,8025.1,0.0426,5,0
60.0284,0.652460,59.990483,-0.007210,0.0000,1.0000,8036.8,0.0458,5,0
60.0473,0.652460,59.990488,-0.007212,0.0000,1.0000,8042.1,0.0490,5,0
60.0672,0.652460,59.990493,-0.007215,0.0000,1.0000,8042.0,0.0519,5,0
60.0848,0.652460,59.990498,-0.007217,0.0000,1.0000,8046.7,0.0546,5,0
60.1005,0.652460,59.990503,-0.007220,0.0000,1.0000,8060.3,0.0572,5,0
60.1206,0.652460,59.990508,-0.007222,0.0000,1.0000,8058.2,0.0597,5,0
60.1384,0.652460,59.990514,-0.007224,0.0000,1.0000,8062.8,0.0618,5,0
60.1533,0.652460,59.990519,-0.007227,0.0000,1.0000,8075.0,0.0636,5,0
60.1706,0.653924,59.990524,-0.007229,0.0000,1.0000,8082.5,0.0654,5,0
60.1892,0.653924,59.990529,-0.007232,0.0000,1.0000,8081.6,0.0666,5,0
60.2052,0.653924,59.990534,-0.007234,0.0000,1.0000,8088.3,0.0673,5,0
60.2188,0.653924,59.990540,-0.007236,0.0000,1.0000,8105.1,0.0681,5,0
60.2367,0.653924,59.990545,-0.007239,0.0000,1.0000,8106.4,0.0690,5,0
60.2536,0.653924,59.990550,-0.007241,0.0000,1.0000,8110.4,0.0698,5,0
60.2680,0.653924,59.990555,-0.007243,0.0000,1.0000,8117.2,0.0708,5,0
60.2836,0.653924,59.990561,-0.007245,0.0000,1.0000,8124.8,0.0720,5,0
60.3006,0.653924,59.990566,-0.007247,0.0000,1.0000,8122.8,0.0730,5,0
60.3149,0.653924,59.990572,-0.007250,0.0000,1.0000,8131.3,0.0736,5,0
60.3271,0.655396,59.990577,-0.007252,0.0000,1.0000,8145.4,0.0738,5,0
60.3428,0.655396,59.990582,-0.007254,0.0000,1.0000,8150.9,0.0739,5,0
60.3479,0.655396,59.990588,-0.007256,0.0000,1.0000,8191.0,0.0738,5,0
60.3569,0.655396,59.990593,-0.007258,0.0000,1.0000,8223.4,0.0736,5,0
60.3639,0.655396,59.990599,-0.007261,0.0000,1.0000,8254.0,0.0734,5,0
60.3712,0.655396,59.990604,-0.007263,0.0000,1.0000,8267.5,0.0731,5,0
60.3846,0.655396,59.990609,-0.007265,0.0000,1.0000,8273.9,0.0730,5,0
60.3978,0.655396,59.990615,-0.007267,0.0000,1.0000,8282.1,0.0730,5,0
60.4092,0.655396,59.990620,-0.007268,0.0000,1.0000,8290.5,0.0730,5,0
60.4237,0.655396,59.990626,-0.007270,0.0000,1.0000,8293.6,0.0731,5,0
60.4385,0.656875,59.990631,-0.007272,0.0000,1.0000,8295.9,0.0736,5,0
60.4525,0.656875,59.990636,-0.007274,0.0000,1.0000,8299.4,0.0744,5,0
60.4675,0.656875,59.990642,-0.007276,0.0000,1.0000,8300.6,0.0753,5,0
60.4821,0.656875,59.990647,-0.007278,0.0000,1.0000,8300.6,0.0763,5,0
60.4944,0.656875,59.990653,-0.007280,0.0000,1.0000,8306.0,0.0773,5,0
60.5083,0.656875,59.990658,-0.007282,0.0000,1.0000,8308.8,0.0783,5,0
60.5221,0.656875,59.990663,-0.007284,0.0000,1.0000,8309.8,0.0791,5,0
60.5355,0.656875,59.990668,-0.007285,0.0000,1.0000,8312.1,0.0799,5,0
60.5493,0.656875,59.990674,-0.007287,0.0000,1.0000,8314.0,0.0808,5,0
60.5636,0.656875,59.990679,-0.007288,0.0000,1.0000,8312.6,0.0816,5,0
60.5764,0.658358,59.990684,-0.007290,0.0000,1.0000,8312.8,0.0823,5,0
60.5879,0.658358,59.990689,-0.007292,0.0000,1.0000,8319.3,0.0832,5,0
60.6005,0.658358,59.990694,-0.007293,0.0000,1.0000,8319.3,0.0838,5,0
60.6119,0.658358,59.990700,-0.007295,0.0000,1.0000,8320.0,0.0843,5,0
60.6222,0.658358,59.990705,-0.007297,0.0000,1.0000,8325.2,0.0844,5,0
60.6341,0.658358,59.990710,-0.007298,0.0000,1.0000,8328.1,0.0843,5,0
60.6467,0.658358,59.990716,-0.007300,0.0000,1.0000,8327.5,0.0838,5,0
60.6583,0.658358,59.990721,-0.007301,0.0000,1.0000,8328.9,0.0831,5,0
60.6707,0.658358,59.990727,-0.007302,0.0000,1.0000,8333.2,0.0825,5,0
60.6840,0.658358,59.990732,-0.007304,0.0000,1.0000,8333.1,0.0819,5,0
60.6964,0.659846,59.990738,-0.007305,0.0000,1.0000,8333.9,0.0814,5,0
60.7083,0.659846,59.990743,-0.007307,0.0000,1.0000,8339.7,0.0812,5,0
60.7211,0.659846,59.990749,-0.007308,0.0000,1.0000,8343.7,0.0814,5,0
60.7350,0.659846,59.990754,-0.007309,0.0000,1.0000,8342.4,0.0817,5,0
60.7471,0.659846,59.990760,-0.007311,0.0000,1.0000,8345.2,0.0823,5,0
60.7586,0.659846,59.990765,-0.007312,0.0000,1.0000,8349.3,0.0832,5,0
60.7717,0.659846,59.990771,-0.007313,0.0000,1.0000,8346.5,0.0841,5,0
60.7832,0.659846,59.990776,-0.007314,0.0000,1.0000,8345.5,0.0849,5,0
60.7933,0.659846,59.990782,-0.007315,0.0000,1.0000,8350.4,0.0857,5,0
60.8045,0.659846,59.990787,-0.007316,0.0000,1.0000,8351.9,0.0864,5,0
60.8153,0.661340,59.990792,-0.007317,0.0000,1.0000,8349.8,0.0866,5,0
60.8261,0.661340,59.990798,-0.007319,0.0000,1.0000,8350.9,0.0866,5,0
60.8366,0.661340,59.990803,-0.007320,0.0000,1.0000,8356.6,0.0861,5,0
60.8487,0.661340,59.990809,-0.007321,0.0000,1.0000,8352.4,0.0852,5,0
60.8595,0.661340,59.990814,-0.007322,0.0000,1.0000,8353.4,0.0838,5,0
60.8701,0.661340,59.990820,-0.007323,0.0000,1.0000,8357.0,0.0822,5,0
60.8810,0.661340,59.990825,-0.007324,0.0000,1.0000,8358.6,0.0802,5,0
60.8916,0.661340,59.990831,-0.007324,0.0000,1.0000,8361.2,0.0777,5,0
60.9032,0.661340,59.990837,-0.007325,0.0000,1.0000,8364.4,0.0750,5,0
60.9152,0.661340,59.990842,-0.007326,0.0000,1.0000,8371.5,0.0721,5,0
60.9283,0.662833,59.990848,-0.007327,0.0000,1.0000,8371.8,0.0691,5,0
60.9420,0.662833,59.990853,-0.007328,0.0000,1.0000,8372.7,0.0664,5,0
60.9560,0.662833,59.990859,-0.007328,0.0000,1.0000,8376.3,0.0643,5,0
60.9707,0.662833,59.990864,-0.007329,0.0000,1.0000,8376.0,0.0626,5,0
60.9856,0.662833,59.990870,-0.007330,0.0000,1.0000,8371.7,0.0615,5,0
60.9993,0.662833,59.990875,-0.007331,0.0000,1.0000,8370.4,0.0609,5,0
61.0123,0.662833,59.990881,-0.007331,0.0000,1.0000,8370.3,0.0604,5,0
61.0260,0.662833,59.990886,-0.007332,0.0000,1.0000,8364.9,0.0598,5,0
61.0396,0.662833,59.990892,-0.007332,0.0000,1.0000,8360.2,0.0594,5,0
61.0527,0.662833,59.990897,-0.007333,0.0000,1.0000,8358.6,0.0589,5,0
61.0661,0.664330,59.990902,-0.007334,0.0000,1.0000,8356.9,0.0582,5,0
61.0796,0.664330,59.990908,-0.007334,0.0000,1.0000,8357.8,0.0576,5,0
61.0940,0.664330,59.990913,-0.007335,0.0000,1.0000,8357.6,0.0573,5,0
61.1086,0.664330,59.990919,-0.007335,0.0000,1.0000,8359.3,0.0570,5,0
61.1231,0.664330,59.990924,-0.007336,0.0000,1.0000,8358.9,0.0569,5,0
61.1383,0.664330,59.990930,-0.007336,0.0000,1.0000,8355.7,0.0572,5,0
61.1536,0.664330,59.990936,-0.007336,0.0000,1.0000,8352.1,0.0576,5,0
61.1687,0.664330,59.990941,-0.007337,0.0000,1.0000,8350.5,0.0581,5,0
61.1834,0.664330,59.990947,-0.007337,0.0000,1.0000,8347.7,0.0585,5,0
61.1974,0.664330,59.990952,-0.007337,0.0000,1.0000,8341.6,0.0587,5,0
61.2126,0.665827,59.990958,-0.007338,0.0000,1.0000,8339.9,0.0585,5,0
61.2254,0.665827,59.990964,-0.007338,0.0000,1.0000,8341.9,0.0578,5,0
61.2393,0.665827,59.990969,-0.007338,0.0000,1.0000,8341.5,0.0563,5,0
61.2545,0.665827,59.990975,-0.007338,0.0000,1.0000,8336.0,0.0543,5,0
61.2694,0.665827,59.990980,-0.007339,0.0000,1.0000,8340.0,0.0514,5,0
61.2848,0.665827,59.990986,-0.007339,0.0000,1.0000,8339.4,0.0478,5,0
61.3015,0.665827,59.990991,-0.007339,0.0000,1.0000,8332.9,0.0434,5,0
61.3170,0.665827,59.990997,-0.007339,0.0000,1.0000,8331.6,0.0383,5,0
61.3314,0.665827,59.991002,-0.007339,0.0000,1.0000,8335.6,0.0329,5,0
61.3488,0.665827,59.991008,-0.007339,0.0000,1.0000,8329.9,0.0273,5,0
61.3659,0.667324,59.991013,-0.007339,0.0000,1.0000,8325.7,0.0218,5,0
61.3815,0.667324,59.991018,-0.007339,0.0000,1.0000,8325.0,0.0164,5,0
61.3982,0.667324,59.991024,-0.007339,0.0000,1.0000,8323.5,0.0117,5,0
61.4168,0.667324,59.991029,-0.007339,0.0000,1.0000,8314.9,0.0073,5,0
61.4331,0.667324,59.991035,-0.007339,0.0000,1.0000,8311.3,0.0033,5,0
61.4499,0.667324,59.991040,-0.007340,0.0000,1.0000,8308.4,-0.0004,5,0
61.4673,0.667324,59.991046,-0.007339,0.0000,1.0000,8304.6,-0.0041,5,0
61.4835,0.667324,59.991051,-0.007339,0.0000,1.0000,8304.2,-0.0080,5,0
61.5003,0.667324,59.991057,-0.007339,0.0000,1.0000,8302.1,-0.0121,5,0
61.5187,0.667324,59.991062,-0.007339,0.0000,1.0000,8295.5,-0.0166,5,0
61.5387,0.668824,59.991068,-0.007339,0.0000,1.0000,8281.4,-0.0214,5,0
61.5597,0.668824,59.991074,-0.007339,0.0000,1.0000,8263.5,-0.0266,5,0
61.5790,0.668824,59.991079,-0.007339,0.0000,1.0000,8251.7,-0.0321,5,0
61.5982,0.668824,59.991085,-0.007339,0.0000,1.0000,8240.6,-0.0376,5,0
61.6135,0.668824,59.991090,-0.007339,0.0000,1.0000,8245.3,-0.0430,5,0
61.6315,0.668824,59.991096,-0.007338,0.0000,1.0000,8240.1,-0.0480,5,0
61.6475,0.668824,59.991101,-0.007338,0.0000,1.0000,8241.2,-0.0527,5,0
61.6628,0.668824,59.991107,-0.007338,0.0000,1.0000,8246.3,-0.0568,5,0
61.6793,0.668824,59.991112,-0.007338,0.0000,1.0000,8246.8,-0.0605,5,0
61.6942,0.668824,59.991118,-0.007338,0.0000,1.0000,8252.2,-0.0639,5,0
61.7100,0.670327,59.991123,-0.007338,0.0000,1.0000,8250.3,-0.0670,5,0
61.7242,0.670327,59.991128,-0.007338,0.0000,1.0000,8259.6,-0.0700,5,0
61.7376,0.670327,59.991134,-0.007337,0.0000,1.0000,8267.2,-0.0730,5,0
61.7499,0.670327,59.991139,-0.007337,0.0000,1.0000,8276.1,-0.0758,5,0
61.7644,0.670327,59.991145,-0.007337,0.0000,1.0000,8278.0,-0.0787,5,0
61.7772,0.670327,59.991150,-0.007337,0.0000,1.0000,8285.8,-0.0815,5,0
61.7880,0.670327,59.991156,-0.007337,0.0000,1.0000,8298.5,-0.0839,5,0
61.8004,0.670327,59.991161,-0.007337,0.0000,1.0000,8298.1,-0.0861,5,0
61.8117,0.670327,59.991167,-0.007337,0.0000,1.0000,8300.5,-0.0880,5,0
61.8207,0.670327,59.991173,-0.007337,0.0000,1.0000,8312.1,-0.0898,5,0
61.8280,0.671835,59.991178,-0.007337,0.0000,1.0000,8327.1,-0.0914,5,0
61.8352,0.671835,59.991184,-0.007337,0.0000,1.0000,8348.9,-0.0932,5,0
61.8444,0.671835,59.991190,-0.007337,0.0000,1.0000,8365.8,-0.0949,5,0
61.8515,0.671835,59.991196,-0.007337,0.0000,1.0000,8389.1,-0.0968,5,0
61.8569,0.671835,59.991201,-0.007337,0.0000,1.0000,8416.4,-0.0989,5,0
61.8652,0.671835,59.991207,-0.007337,0.0000,1.0000,8432.4,-0.1011,5,0
61.8741,0.671835,59.991212,-0.007337,0.0000,1.0000,8442.8,-0.1033,5,0
61.8813,0.671835,59.991218,-0.007337,0.0000,1.0000,8454.8,-0.1053,5,0
61.8905,0.671835,59.991223,-0.007337,0.0000,1.0000,8460.9,-0.1072,5,0
61.9002,0.671835,59.991228,-0.007338,0.0000,1.0000,8466.0,-0.1087,5,0
61.9089,0.673347,59.991233,-0.007338,0.0000,1.0000,8473.3,-0.1099,5,0
61.9203,0.673347,59.991239,-0.007338,0.0000,1.0000,8473.8,-0.1110,5,0
61.9321,0.673347,59.991244,-0.007338,0.0000,1.0000,8474.6,-0.1119,5,0
61.9416,0.673347,59.991249,-0.007338,0.0000,1.0000,8481.0,-0.1127,5,0
61.9526,0.673347,59.991255,-0.007339,0.0000,1.0000,8480.6,-0.1135,5,0
61.9637,0.673347,59.991260,-0.007339,0.0000,1.0000,8481.5,-0.1142,5,0
61.9735,0.673347,59.991266,-0.007339,0.0000,1.0000,8483.6,-0.1148,5,0
61.9815,0.673347,59.991272,-0.007340,0.0000,1.0000,8492.1,-0.1153,5,0
61.9905,0.673347,59.991277,-0.007340,0.0000,1.0000,8496.7,-0.1156,5,0
61.9998,0.673347,59.991283,-0.007341,0.0000,1.0000,8497.6,-0.1156,5,0
62.0077,0.674865,59.991289,-0.007341,0.0000,1.0000,8499.5,-0.1153,5,0
62.0159,0.674865,59.991295,-0.007342,0.0000,1.0000,8503.5,-0.1146,5,0
62.0257,0.674865,59.991301,-0.007342,0.0000,1.0000,8503.2,-0.1135,5,0
62.0358,0.674865,59.991306,-0.007343,0.0000,1.0000,8499.3,-0.1119,5,0
62.0454,0.674865,59.991312,-0.007343,0.0000,1.0000,8503.2,-0.1104,5,0
62.0546,0.674865,59.991318,-0.007344,0.0000,1.0000,8503.9,-0.1086,5,0
62.0649,0.674865,59.991324,-0.007344,0.0000,1.0000,8504.3,-0.1068,5,0
62.0727,0.674865,59.991329,-0.007345,0.0000,1.0000,8512.7,-0.1052,5,0
62.0813,0.674865,59.991335,-0.007346,0.0000,1.0000,8517.1,-0.1035,5,0
62.0905,0.674865,59.991341,-0.007347,0.0000,1.0000,8517.9,-0.1018,5,0
62.0976,0.676385,59.991346,-0.007347,0.0000,1.0000,8522.1,-0.1004,5,0
62.1064,0.676385,59.991352,-0.007348,0.0000,1.0000,8522.2,-0.0991,5,0
62.1152,0.676385,59.991358,-0.007349,0.0000,1.0000,8521.7,-0.0978,5,0
62.1238,0.676385,59.991364,-0.007350,0.0000,1.0000,8520.0,-0.0968,5,0
62.1316,0.676385,59.991369,-0.007350,0.0000,1.0000,8523.6,-0.0960,5,0
62.1420,0.676385,59.991375,-0.007351,0.0000,1.0000,8519.0,-0.0952,5,0
62.1522,0.676385,59.991380,-0.007352,0.0000,1.0000,8514.4,-0.0945,5,0
62.1610,0.676385,59.991386,-0.007353,0.0000,1.0000,8515.5,-0.0941,5,0
62.1713,0.676385,59.991391,-0.007354,0.0000,1.0000,8514.0,-0.0938,5,0
62.1809,0.676385,59.991397,-0.007355,0.0000,1.0000,8514.2,-0.0936,5,0
62.1890,0.677908,59.991402,-0.007356,0.0000,1.0000,8517.6,-0.0936,5,0
62.1983,0.677908,59.991408,-0.007357,0.0000,1.0000,8519.9,-0.0939,5,0
62.2091,0.677908,59.991414,-0.007358,0.0000,1.0000,8518.1,-0.0942,5,0
62.2184,0.677908,59.991419,-0.007359,0.0000,1.0000,8520.6,-0.0946,5,0
62.2269,0.677908,59.991425,-0.007360,0.0000,1.0000,8527.4,-0.0952,5,0
62.2379,0.677908,59.991430,-0.007361,0.0000,1.0000,8525.4,-0.0959,5,0
62.2485,0.677908,59.991436,-0.007363,0.0000,1.0000,8524.3,-0.0965,5,0
62.2584,0.677908,59.991441,-0.007364,0.0000,1.0000,8525.2,-0.0974,5,0
62.2695,0.677908,59.991447,-0.007365,0.0000,1.0000,8523.1,-0.0983,5,0
62.2802,0.677908,59.991452,-0.007366,0.0000,1.0000,8519.6,-0.0990,5,0
62.2903,0.679436,59.991458,-0.007368,0.0000,1.0000,8518.4,-0.0999,5,0
62.2990,0.679436,59.991464,-0.007369,0.0000,1.0000,8520.7,-0.1008,5,0
62.3099,0.679436,59.991469,-0.007370,0.0000,1.0000,8518.0,-0.1013,5,0
62.3196,0.679436,59.991475,-0.007372,0.0000,1.0000,8517.2,-0.1016,5,0
62.3294,0.679436,59.991480,-0.007373,0.0000,1.0000,8520.0,-0.1020,5,0
62.3401,0.679436,59.991486,-0.007374,0.0000,1.0000,8519.8,-0.1020,5,0
62.3506,0.679436,59.991491,-0.007376,0.0000,1.0000,8520.5,-0.1018,5,0
62.3619,0.679436,59.991497,-0.007377,0.0000,1.0000,8520.8,-0.1017,5,0
62.3727,0.679436,59.991502,-0.007379,0.0000,1.0000,8521.7,-0.1014,5,0
62.3841,0.679436,59.991508,-0.007380,0.0000,1.0000,8520.7,-0.1012,5,0
62.3958,0.680966,59.991513,-0.007382,0.0000,1.0000,8520.7,-0.1011,5,0
62.4077,0.680966,59.991518,-0.007383,0.0000,1.0000,8520.3,-0.1013,5,0
62.4205,0.680966,59.991524,-0.007385,0.0000,1.0000,8519.2,-0.1014,5,0
62.4332,0.680966,59.991529,-0.007387,0.0000,1.0000,8518.7,-0.1018,5,0
62.4466,0.680966,59.991535,-0.007388,0.0000,1.0000,8516.6,-0.1023,5,0
62.4592,0.680966,59.991540,-0.007390,0.0000,1.0000,8516.3,-0.1028,5,0
62.4718,0.680966,59.991546,-0.007391,0.0000,1.0000,8511.4,-0.1032,5,0
62.4844,0.680966,59.991551,-0.007393,0.0000,1.0000,8506.9,-0.1037,5,0
62.4964,0.680966,59.991557,-0.007395,0.0000,1.0000,8504.6,-0.1040,5,0
62.5076,0.680966,59.991562,-0.007397,0.0000,1.0000,8502.8,-0.1041,5,0
62.5190,0.682497,59.991568,-0.007399,0.0000,1.0000,8498.7,-0.1038,5,0
62.5299,0.682497,59.991574,-0.007400,0.0000,1.0000,8499.1,-0.1034,5,0
62.5401,0.682497,59.991579,-0.007402,0.0000,1.0000,8501.5,-0.1026,5,0
62.5505,0.682497,59.991585,-0.007404,0.0000,1.0000,8503.1,-0.1015,5,0
62.5616,0.682497,59.991590,-0.007406,0.0000,1.0000,8503.1,-0.1003,5,0
62.5717,0.682497,59.991596,-0.007408,0.0000,1.0000,8506.4,-0.0987,5,0
62.5818,0.682497,59.991601,-0.007410,0.0000,1.0000,8509.2,-0.0968,5,0
62.5937,0.682497,59.991607,-0.007412,0.0000,1.0000,8508.0,-0.0948,5,0
62.6050,0.682497,59.991612,-0.007414,0.0000,1.0000,8509.3,-0.0924,5,0
62.6173,0.682497,59.991618,-0.007416,0.0000,1.0000,8511.5,-0.0900,5,0
62.6303,0.684029,59.991623,-0.007418,0.0000,1.0000,8510.1,-0.0875,5,0
62.6439,0.684029,59.991628,-0.007420,0.0000,1.0000,8508.4,-0.0852,5,0
62.6559,0.684029,59.991634,-0.007422,0.0000,1.0000,8513.8,-0.0827,5,0
62.6681,0.684029,59.991639,-0.007424,0.0000,1.0000,8517.4,-0.0803,5,0
62.6805,0.684029,59.991645,-0.007426,0.0000,1.0000,8520.4,-0.0781,5,0
62.6931,0.684029,59.991650,-0.007428,0.0000,1.0000,8522.8,-0.0758,5,0
62.7046,0.684029,59.991656,-0.007430,0.0000,1.0000,8526.6,-0.0736,5,0
62.7187,0.684029,59.991661,-0.007432,0.0000,1.0000,8522.9,-0.0716,5,0
62.7307,0.684029,59.991667,-0.007434,0.0000,1.0000,8523.0,-0.0694,5,0
62.7425,0.684029,59.991673,-0.007437,0.0000,1.0000,8523.9,-0.0670,5,0
62.7550,0.685562,59.991678,-0.007439,0.0000,1.0000,8522.6,-0.0644,5,0
62.7687,0.685562,59.991684,-0.007441,0.0000,1.0000,8517.3,-0.0614,5,0
62.7813,0.685562,59.991690,-0.007443,0.0000,1.0000,8521.0,-0.0578,5,0
62.7939,0.685562,59.991696,-0.007446,0.0000,1.0000,8523.4,-0.0536,5,0
62.8071,0.685562,59.991701,-0.007448,0.0000,1.0000,8522.7,-0.0488,5,0
62.8215,0.685562,59.991707,-0.007450,0.0000,1.0000,8524.3,-0.0433,5,0
62.8325,0.685562,59.991712,-0.007453,0.0000,1.0000,8531.0,-0.0373,5,0
62.8449,0.685562,59.991718,-0.007455,0.0000,1.0000,8536.4,-0.0307,5,0
62.8573,0.685562,59.991723,-0.007457,0.0000,1.0000,8539.4,-0.0239,5,0
62.8682,0.685562,59.991728,-0.007460,0.0000,1.0000,8548.1,-0.0168,5,0
62.8809,0.687097,59.991733,-0.007462,0.0000,1.0000,8553.6,-0.0100,5,0
62.8947,0.687097,59.991739,-0.007465,0.0000,1.0000,8554.2,-0.0036,5,0
62.9070,0.687097,59.991744,-0.007467,0.0000,1.0000,8558.4,0.0025,5,0
62.9208,0.687097,59.991749,-0.007470,0.0000,1.0000,8560.2,0.0078,5,0
62.9361,0.687097,59.991755,-0.007472,0.0000,1.0000,8558.3,0.0123,5,0
62.9506,0.687097,59.991760,-0.007475,0.0000,1.0000,8557.3,0.0163,5,0
62.9644,0.687097,59.991766,-0.007477,0.0000,1.0000,8559.4,0.0198,5,0
62.9806,0.687097,59.991771,-0.007480,0.0000,1.0000,8556.7,0.0229,5,0
62.9978,0.687097,59.991777,-0.007482,0.0000,1.0000,8549.2,0.0259,5,0
63.0130,0.687097,59.991783,-0.007485,0.0000,1.0000,8549.1,0.0292,5,0
63.0305,0.688632,59.991788,-0.007488,0.0000,1.0000,8541.6,0.0327,5,0
63.0522,0.688632,59.991794,-0.007490,0.0000,1.0000,8515.7,0.0369,5,0
63.0743,0.688632,59.991800,-0.007493,0.0000,1.0000,8486.7,0.0416,5,0
63.0988,0.688632,59.991806,-0.007495,0.0000,1.0000,8449.0,0.0468,5,0
63.1152,0.688632,59.991811,-0.007498,0.0000,1.0000,8445.4,0.0523,5,0
63.1294,0.688632,59.991817,-0.007501,0.0000,1.0000,8448.8,0.0579,5,0
63.1447,0.688632,59.991822,-0.007503,0.0000,1.0000,8444.3,0.0634,5,0
63.1569,0.688632,59.991828,-0.007506,0.0000,1.0000,8451.4,0.0688,5,0
63.1699,0.688632,59.991833,-0.007509,0.0000,1.0000,8456.6,0.0738,5,0
63.1833,0.688632,59.991838,-0.007511,0.0000,1.0000,8457.2,0.0785,5,0
63.1942,0.690171,59.991844,-0.007514,0.0000,1.0000,8463.9,0.0828,5,0
63.2049,0.690171,59.991849,-0.007516,0.0000,1.0000,8475.9,0.0869,5,0
63.2184,0.690171,59.991854,-0.007519,0.0000,1.0000,8473.4,0.0904,5,0
63.2290,0.690171,59.991859,-0.007522,0.0000,1.0000,8480.4,0.0934,5,0
63.2362,0.690171,59.991865,-0.007524,0.0000,1.0000,8498.1,0.0963,5,0
63.2458,0.690171,59.991870,-0.007527,0.0000,1.0000,8498.5,0.0987,5,0
63.2549,0.690171,59.991876,-0.007529,0.0000,1.0000,8505.0,0.1010,5,0
63.2609,0.690171,59.991882,-0.007532,0.0000,1.0000,8520.0,0.1032,5,0
63.2663,0.690171,59.991888,-0.007534,0.0000,1.0000,8535.7,0.1051,5,0
63.2705,0.690171,59.991894,-0.007537,0.0000,1.0000,8556.6,0.1065,5,0
63.2750,0.691714,59.991900,-0.007539,0.0000,1.0000,8576.0,0.1076,5,0
63.2793,0.691714,59.991906,-0.007542,0.0000,1.0000,8593.8,0.1081,5,0
63.2816,0.691714,59.991912,-0.007544,0.0000,1.0000,8619.7,0.1081,5,0
63.2851,0.691714,59.991918,-0.007547,0.0000,1.0000,8637.0,0.1076,5,0
63.2908,0.691714,59.991924,-0.007549,0.0000,1.0000,8650.1,0.1071,5,0
63.2961,0.691714,59.991930,-0.007551,0.0000,1.0000,8660.1,0.1065,5,0
63.3040,0.691714,59.991935,-0.007554,0.0000,1.0000,8663.5,0.1057,5,0
63.3109,0.691714,59.991940,-0.007556,0.0000,1.0000,8671.6,0.1053,5,0
63.3181,0.691714,59.991945,-0.007558,0.0000,1.0000,8675.7,0.1048,5,0
63.3280,0.691714,59.991950,-0.007560,0.0000,1.0000,8672.8,0.1046,5,0
63.3357,0.693262,59.991955,-0.007562,0.0000,1.0000,8677.5,0.1047,5,0
63.3421,0.693262,59.991960,-0.007565,0.0000,1.0000,8688.4,0.1053,5,0
63.3512,0.693262,59.991965,-0.007567,0.0000,1.0000,8686.5,0.1062,5,0
63.3585,0.693262,59.991970,-0.007569,0.0000,1.0000,8688.8,0.1074,5,0
63.3633,0.693262,59.991975,-0.007571,0.0000,1.0000,8700.4,0.1088,5,0
63.3690,0.693262,59.991980,-0.007574,0.0000,1.0000,8704.5,0.1101,5,0
63.3734,0.693262,59.991986,-0.007575,0.0000,1.0000,8710.1,0.1112,5,0
63.3793,0.693262,59.991992,-0.007577,0.0000,1.0000,8711.3,0.1122,5,0
63.3851,0.693262,59.991998,-0.007579,0.0000,1.0000,8711.9,0.1128,5,0
63.3899,0.693262,59.992004,-0.007581,0.0000,1.0000,8713.4,0.1128,5,0
63.3960,0.694813,59.992010,-0.007583,0.0000,1.0000,8712.9,0.1127,5,0
63.4005,0.694813,59.992016,-0.007585,0.0000,1.0000,8717.7,0.1121,5,0
63.4061,0.694813,59.992022,-0.007587,0.0000,1.0000,8716.4,0.1112,5,0
63.4119,0.694813,59.992028,-0.007589,0.0000,1.0000,8717.1,0.1104,5,0
63.4169,0.694813,59.992034,-0.007591,0.0000,1.0000,8722.1,0.1097,5,0
63.4236,0.694813,59.992040,-0.007593,0.0000,1.0000,8720.3,0.1090,5,0
63.4294,0.694813,59.992046,-0.007595,0.0000,1.0000,8721.3,0.1087,5,0
63.4352,0.694813,59.992051,-0.007596,0.0000,1.0000,8723.9,0.1086,5,0
63.4406,0.694813,59.992057,-0.007598,0.0000,1.0000,8726.7,0.1087,5,0
63.4454,0.694813,59.992062,-0.007600,0.0000,1.0000,8728.2,0.1090,5,0
63.4516,0.696366,59.992068,-0.007601,0.0000,1.0000,8727.6,0.1097,5,0
63.4564,0.696366,59.992074,-0.007603,0.0000,1.0000,8730.9,0.1104,5,0
63.4621,0.696366,59.992079,-0.007605,0.0000,1.0000,8725.5,0.1110,5,0
63.4684,0.696366,59.992085,-0.007606,0.0000,1.0000,8722.6,0.1118,5,0
63.4733,0.696366,59.992090,-0.007608,0.0000,1.0000,8724.9,0.1122,5,0
63.4787,0.696366,59.992096,-0.007609,0.0000,1.0000,8721.9,0.1124,5,0
63.4837,0.696366,59.992102,-0.007611,0.0000,1.0000,8721.8,0.1125,5,0
63.4893,0.696366,59.992107,-0.007612,0.0000,1.0000,8721.6,0.1122,5,0
63.4945,0.696366,59.992113,-0.007614,0.0000,1.0000,8720.4,0.1116,5,0
63.5001,0.696366,59.992119,-0.007615,0.0000,1.0000,8717.2,0.1108,5,0
63.5075,0.697923,59.992125,-0.007616,0.0000,1.0000,8712.2,0.1100,5,0
63.5119,0.697923,59.992130,-0.007618,0.0000,1.0000,8715.5,0.1088,5,0
63.5187,0.697923,59.992136,-0.007619,0.0000,1.0000,8708.8,0.1076,5,0
63.5259,0.697923,59.992142,-0.007620,0.0000,1.0000,8705.2,0.1064,5,0
63.5311,0.697923,59.992147,-0.007622,0.0000,1.0000,8710.3,0.1050,5,0
63.5376,0.697923,59.992153,-0.007623,0.0000,1.0000,8708.0,0.1035,5,0
63.5459,0.697923,59.992159,-0.007624,0.0000,1.0000,8701.5,0.1021,5,0
63.5527,0.697923,59.992164,-0.007625,0.0000,1.0000,8705.1,0.1007,5,0
63.5600,0.697923,59.992170,-0.007626,0.0000,1.0000,8704.9,0.0993,5,0
63.5695,0.697923,59.992176,-0.007627,0.0000,1.0000,8700.4,0.0982,5,0
63.5790,0.699483,59.992182,-0.007629,0.0000,1.0000,8699.6,0.0974,5,0
63.5873,0.699483,59.992187,-0.007630,0.0000,1.0000,8701.1,0.0968,5,0
63.5987,0.699483,59.992193,-0.007631,0.0000,1.0000,8694.3,0.0966,5,0
63.6095,0.699483,59.992199,-0.007632,0.0000,1.0000,8691.5,0.0968,5,0
63.6168,0.699483,59.992204,-0.007633,0.0000,1.0000,8698.5,0.0972,5,0
63.6266,0.699483,59.992210,-0.007634,0.0000,1.0000,8694.6,0.0978,5,0
63.6382,0.699483,59.992216,-0.007635,0.0000,1.0000,8688.2,0.0988,5,0
63.6482,0.699483,59.992222,-0.007636,0.0000,1.0000,8687.2,0.0997,5,0
63.6567,0.699483,59.992227,-0.007636,0.0000,1.0000,8685.8,0.1006,5,0
63.6685,0.699483,59.992233,-0.007637,0.0000,1.0000,8678.0,0.1016,5,0
63.6798,0.701044,59.992239,-0.007638,0.0000,1.0000,8669.4,0.1024,5,0
63.6881,0.701044,59.992245,-0.007639,0.0000,1.0000,8669.7,0.1030,5,0
63.6997,0.701044,59.992251,-0.007640,0.0000,1.0000,8663.2,0.1035,5,0
63.7100,0.701044,59.992256,-0.007640,0.0000,1.0000,8659.0,0.1039,5,0
63.7185,0.701044,59.992262,-0.007641,0.0000,1.0000,8656.1,0.1039,5,0
63.7254,0.701044,59.992268,-0.007642,0.0000,1.0000,8654.9,0.1036,5,0
63.7322,0.701044,59.992274,-0.007643,0.0000,1.0000,8656.4,0.1030,5,0
63.7408,0.701044,59.992279,-0.007643,0.0000,1.0000,8655.2,0.1019,5,0
63.7506,0.701044,59.992285,-0.007644,0.0000,1.0000,8649.9,0.1005,5,0
63.7577,0.701044,59.992291,-0.007644,0.0000,1.0000,8658.5,0.0989,5,0
63.7673,0.702608,59.992297,-0.007645,0.0000,1.0000,8659.7,0.0970,5,0
63.7764,0.702608,59.992302,-0.007646,0.0000,1.0000,8658.4,0.0949,5,0
63.7833,0.702608,59.992308,-0.007646,0.0000,1.0000,8668.3,0.0928,5,0
63.7915,0.702608,59.992314,-0.007647,0.0000,1.0000,8675.2,0.0906,5,0
63.7992,0.702608,59.992319,-0.007647,0.0000,1.0000,8677.2,0.0882,5,0
63.8070,0.702608,59.992325,-0.007648,0.0000,1.0000,8683.1,0.0857,5,0
63.8164,0.702608,59.992331,-0.007648,0.0000,1.0000,8687.7,0.0830,5,0
63.8262,0.702608,59.992336,-0.007649,0.0000,1.0000,8690.1,0.0801,5,0
63.8351,0.702608,59.992342,-0.007649,0.0000,1.0000,8695.2,0.0767,5,0
63.8443,0.702608,59.992348,-0.007649,0.0000,1.0000,8701.2,0.0729,5,0
63.8546,0.704171,59.992354,-0.007650,0.0000,1.0000,8703.6,0.0688,5,0
63.8653,0.704171,59.992359,-0.007650,0.0000,1.0000,8704.1,0.0645,5,0
63.8756,0.704171,59.992365,-0.007650,0.0000,1.0000,8709.1,0.0602,5,0
63.8879,0.704171,59.992371,-0.007651,0.0000,1.0000,8711.8,0.0561,5,0
63.9000,0.704171,59.992376,-0.007651,0.0000,1.0000,8714.7,0.0521,5,0
63.9119,0.704171,59.992382,-0.007652,0.0000,1.0000,8714.5,0.0484,5,0
63.9238,0.704171,59.992388,-0.007652,0.0000,1.0000,8715.6,0.0450,5,0
63.9358,0.704171,59.992394,-0.007652,0.0000,1.0000,8716.3,0.0417,5,0
63.9455,0.704171,59.992399,-0.007652,0.0000,1.0000,8719.2,0.0385,5,0
63.9557,0.704171,59.992405,-0.007652,0.0000,1.0000,8719.5,0.0352,5,0
63.9666,0.705733,59.992411,-0.007652,0.0000,1.0000,8714.5,0.0318,5,0
63.9776,0.705733,59.992417,-0.007652,0.0000,1.0000,8710.1,0.0283,5,0
63.9873,0.705733,59.992423,-0.007652,0.0000,1.0000,8713.9,0.0246,5,0
63.9986,0.705733,59.992428,-0.007652,0.0000,1.0000,8711.5,0.0207,5,0
64.0096,0.705733,59.992434,-0.007652,0.0000,1.0000,8709.6,0.0166,5,0
64.0206,0.705733,59.992440,-0.007653,0.0000,1.0000,8711.5,0.0124,5,0
64.0330,0.705733,59.992446,-0.007652,0.0000,1.0000,8708.3,0.0081,5,0
64.0459,0.705733,59.992451,-0.007652,0.0000,1.0000,8701.6,0.0037,5,0
64.0582,0.705733,59.992457,-0.007652,0.0000,1.0000,8701.1,-0.0006,5,0
64.0702,0.705733,59.992462,-0.007652,0.0000,1.0000,8700.8,-0.0051,5,0
64.0835,0.707296,59.992468,-0.007652,0.0000,1.0000,8693.4,-0.0098,5,0
64.0974,0.707296,59.992474,-0.007652,0.0000,1.0000,8685.7,-0.0146,5,0
64.1094,0.707296,59.992479,-0.007652,0.0000,1.0000,8684.9,-0.0196,5,0
64.1237,0.707296,59.992485,-0.007652,0.0000,1.0000,8675.1,-0.0247,5,0
64.1396,0.707296,59.992490,-0.007652,0.0000,1.0000,8659.7,-0.0299,5,0
64.1563,0.707296,59.992496,-0.007651,0.0000,1.0000,8646.0,-0.0349,5,0
64.1738,0.707296,59.992502,-0.007651,0.0000,1.0000,8627.7,-0.0397,5,0
64.1937,0.707296,59.992508,-0.007651,0.0000,1.0000,8601.0,-0.0443,5,0
64.2103,0.707296,59.992513,-0.007651,0.0000,1.0000,8588.0,-0.0487,5,0
64.2242,0.707296,59.992519,-0.007650,0.0000,1.0000,8585.4,-0.0528,5,0
64.2382,0.708859,59.992525,-0.007650,0.0000,1.0000,8582.0,-0.0568,5,0
64.2491,0.708859,59.992531,-0.007650,0.0000,1.0000,8592.4,-0.0610,5,0
64.2622,0.708859,59.992537,-0.007650,0.0000,1.0000,8589.8,-0.0652,5,0
64.2755,0.708859,59.992542,-0.007649,0.0000,1.0000,8588.1,-0.0695,5,0
64.2860,0.708859,59.992548,-0.007649,0.0000,1.0000,8596.4,-0.0739,5,0
64.2956,0.708859,59.992554,-0.007649,0.0000,1.0000,8603.0,-0.0782,5,0
64.3059,0.708859,59.992560,-0.007649,0.0000,1.0000,8607.5,-0.0826,5,0
64.3161,0.708859,59.992565,-0.007649,0.0000,1.0000,8614.0,-0.0871,5,0
64.3251,0.708859,59.992571,-0.007648,0.0000,1.0000,8618.6,-0.0917,5,0
64.3309,0.708859,59.992576,-0.007648,0.0000,1.0000,8632.2,-0.0960,5,0
64.3382,0.710426,59.992582,-0.007648,0.0000,1.0000,8637.6,-0.1002,5,0
64.3454,0.710426,59.992588,-0.007648,0.0000,1.0000,8646.0,-0.1041,5,0
64.3517,0.710426,59.992593,-0.007648,0.0000,1.0000,8659.1,-0.1078,5,0
64.3563,0.710426,59.992599,-0.007648,0.0000,1.0000,8675.6,-0.1115,5,0
64.3601,0.710426,59.992604,-0.007647,0.0000,1.0000,8698.8,-0.1149,5,0
64.3643,0.710426,59.992610,-0.007647,0.0000,1.0000,8716.9,-0.1183,5,0
64.3674,0.710426,59.992616,-0.007647,0.0000,1.0000,8739.0,-0.1218,5,0
64.3720,0.710426,59.992622,-0.007647,0.0000,1.0000,8751.7,-0.1248,5,0
64.3766,0.710426,59.992628,-0.007647,0.0000,1.0000,8755.8,-0.1274,5,0
64.3815,0.710426,59.992634,-0.007647,0.0000,1.0000,8759.0,-0.1294,5,0
64.3859,0.711999,59.992640,-0.007647,0.0000,1.0000,8763.4,-0.1307,5,0
64.3893,0.711999,59.992646,-0.007647,0.0000,1.0000,8768.5,-0.1313,5,0
64.3929,0.711999,59.992652,-0.007648,0.0000,1.0000,8775.5,-0.1313,5,0
64.3973,0.711999,59.992658,-0.007648,0.0000,1.0000,8781.0,-0.1305,5,0
64.4021,0.711999,59.992664,-0.007648,0.0000,1.0000,8784.1,-0.1292,5,0
64.4063,0.711999,59.992670,-0.007648,0.0000,1.0000,8790.5,-0.1277,5,0
64.4094,0.711999,59.992675,-0.007648,0.0000,1.0000,8800.6,-0.1261,5,0
64.4147,0.711999,59.992681,-0.007648,0.0000,1.0000,8803.3,-0.1244,5,0
64.4190,0.711999,59.992686,-0.007649,0.0000,1.0000,8809.0,-0.1232,5,0
64.4229,0.711999,59.992692,-0.007649,0.0000,1.0000,8815.4,-0.1225,5,0
64.4266,0.713576,59.992697,-0.007649,0.0000,1.0000,8824.2,-0.1222,5,0
64.4299,0.713576,59.992703,-0.007649,0.0000,1.0000,8829.8,-0.1223,5,0
64.4341,0.713576,59.992708,-0.007650,0.0000,1.0000,8833.4,-0.1231,5,0
64.4365,0.713576,59.992714,-0.007650,0.0000,1.0000,8841.3,-0.1238,5,0
64.4393,0.713576,59.992719,-0.007650,0.0000,1.0000,8846.0,-0.1247,5,0
64.4441,0.713576,59.992725,-0.007651,0.0000,1.0000,8841.8,-0.1257,5,0
64.4467,0.713576,59.992731,-0.007651,0.0000,1.0000,8845.9,-0.1264,5,0
64.4498,0.713576,59.992737,-0.007652,0.0000,1.0000,8846.7,-0.1271,5,0
64.4550,0.713576,59.992743,-0.007652,0.0000,1.0000,8842.6,-0.1279,5,0
64.4582,0.713576,59.992749,-0.007653,0.0000,1.0000,8844.0,-0.1283,5,0
64.4602,0.715156,59.992756,-0.007654,0.0000,1.0000,8847.9,-0.1285,5,0
64.4640,0.715156,59.992762,-0.007654,0.0000,1.0000,8845.6,-0.1288,5,0
64.4663,0.715156,59.992768,-0.007655,0.0000,1.0000,8845.8,-0.1286,5,0
64.4671,0.715156,59.992774,-0.007655,0.0000,1.0000,8850.6,-0.1279,5,0
64.4694,0.715156,59.992780,-0.007656,0.0000,1.0000,8850.5,-0.1270,5,0
64.4725,0.715156,59.992786,-0.007656,0.0000,1.0000,8844.0,-0.1258,5,0
64.4754,0.715156,59.992792,-0.007657,0.0000,1.0000,8841.8,-0.1240,5,0
64.4778,0.715156,59.992798,-0.007658,0.0000,1.0000,8839.3,-0.1222,5,0
64.4794,0.715156,59.992803,-0.007659,0.0000,1.0000,8842.5,-0.1202,5,0
64.4808,0.715156,59.992809,-0.007660,0.0000,1.0000,8848.7,-0.1179,5,0
64.4829,0.716739,59.992815,-0.007661,0.0000,1.0000,8850.5,-0.1157,5,0
64.4856,0.716739,59.992821,-0.007662,0.0000,1.0000,8854.0,-0.1137,5,0
64.4877,0.716739,59.992827,-0.007663,0.0000,1.0000,8859.3,-0.1116,5,0
64.4916,0.716739,59.992832,-0.007664,0.0000,1.0000,8858.1,-0.1098,5,0
64.4964,0.716739,59.992838,-0.007664,0.0000,1.0000,8856.1,-0.1085,5,0
64.5009,0.716739,59.992844,-0.007665,0.0000,1.0000,8859.8,-0.1074,5,0
64.5066,0.716739,59.992850,-0.007666,0.0000,1.0000,8855.6,-0.1065,5,0
64.5136,0.716739,59.992855,-0.007668,0.0000,1.0000,8851.4,-0.1062,5,0
64.5191,0.716739,59.992861,-0.007669,0.0000,1.0000,8851.9,-0.1060,5,0
64.5242,0.716739,59.992866,-0.007670,0.0000,1.0000,8849.7,-0.1057,5,0
64.5310,0.718323,59.992872,-0.007671,0.0000,1.0000,8845.5,-0.1058,5,0
64.5371,0.718323,59.992878,-0.007673,0.0000,1.0000,8842.2,-0.1061,5,0
64.5418,0.718323,59.992883,-0.007674,0.0000,1.0000,8842.5,-0.1065,5,0
64.5471,0.718323,59.992889,-0.007675,0.0000,1.0000,8842.9,-0.1071,5,0
64.5534,0.718323,59.992894,-0.007676,0.0000,1.0000,8839.5,-0.1077,5,0
64.5590,0.718323,59.992900,-0.007677,0.0000,1.0000,8837.4,-0.1080,5,0
64.5637,0.718323,59.992906,-0.007679,0.0000,1.0000,8838.6,-0.1083,5,0
64.5701,0.718323,59.992912,-0.007680,0.0000,1.0000,8834.8,-0.1086,5,0
64.5771,0.718323,59.992917,-0.007682,0.0000,1.0000,8829.2,-0.1086,5,0
64.5816,0.718323,59.992923,-0.007683,0.0000,1.0000,8831.1,-0.1083,5,0
64.5881,0.719906,59.992929,-0.007685,0.0000,1.0000,8826.9,-0.1082,5,0
64.5954,0.719906,59.992935,-0.007686,0.0000,1.0000,8821.3,-0.1076,5,0
64.5999,0.719906,59.992941,-0.007688,0.0000,1.0000,8821.3,-0.1068,5,0
64.6061,0.719906,59.992946,-0.007689,0.0000,1.0000,8819.5,-0.1057,5,0
64.6132,0.719906,59.992952,-0.007691,0.0000,1.0000,8812.9,-0.1041,5,0
64.6182,0.719906,59.992958,-0.007692,0.0000,1.0000,8812.2,-0.1019,5,0
64.6253,0.719906,59.992964,-0.007694,0.0000,1.0000,8808.6,-0.0996,5,0
64.6328,0.719906,59.992969,-0.007696,0.0000,1.0000,8806.2,-0.0969,5,0
64.6392,0.719906,59.992975,-0.007697,0.0000,1.0000,8806.7,-0.0937,5,0
64.6468,0.719906,59.992981,-0.007699,0.0000,1.0000,8804.6,-0.0906,5,0
64.6551,0.721490,59.992987,-0.007701,0.0000,1.0000,8801.9,-0.0875,5,0
64.6612,0.721490,59.992992,-0.007703,0.0000,1.0000,8802.5,-0.0844,5,0
64.6682,0.721490,59.992998,-0.007704,0.0000,1.0000,8801.2,-0.0816,5,0
64.6765,0.721490,59.993004,-0.007706,0.0000,1.0000,8797.7,-0.0791,5,0
64.6838,0.721490,59.993009,-0.007708,0.0000,1.0000,8797.6,-0.0765,5,0
64.6905,0.721490,59.993015,-0.007710,0.0000,1.0000,8799.0,-0.0737,5,0
64.6983,0.721490,59.993021,-0.007712,0.0000,1.0000,8797.9,-0.0711,5,0
64.7068,0.721490,59.993027,-0.007714,0.0000,1.0000,8795.5,-0.0682,5,0
64.7156,0.721490,59.993032,-0.007716,0.0000,1.0000,8794.8,-0.0649,5,0
64.7230,0.721490,59.993038,-0.007718,0.0000,1.0000,8800.1,-0.0617,5,0
64.7320,0.723075,59.993044,-0.007720,0.0000,1.0000,8797.7,-0.0582,5,0
64.7416,0.723075,59.993050,-0.007722,0.0000,1.0000,8793.2,-0.0545,5,0
64.7498,0.723075,59.993056,-0.007724,0.0000,1.0000,8796.0,-0.0507,5,0
64.7598,0.723075,59.993061,-0.007726,0.0000,1.0000,8793.0,-0.0468,5,0
64.7716,0.723075,59.993067,-0.007728,0.0000,1.0000,8788.8,-0.0427,5,0
64.7817,0.723075,59.993073,-0.007730,0.0000,1.0000,8791.0,-0.0386,5,0
64.7922,0.723075,59.993079,-0.007732,0.0000,1.0000,8790.5,-0.0343,5,0
64.8006,0.723075,59.993084,-0.007734,0.0000,1.0000,8791.1,-0.0295,5,0
64.8089,0.723075,59.993090,-0.007736,0.0000,1.0000,8794.3,-0.0246,5,0
64.8183,0.723075,59.993096,-0.007739,0.0000,1.0000,8798.0,-0.0195,5,0
64.8273,0.724659,59.993102,-0.007741,0.0000,1.0000,8799.4,-0.0143,5,0
64.8360,0.724659,59.993107,-0.007743,0.0000,1.0000,8801.3,-0.0093,5,0
64.8459,0.724659,59.993113,-0.007745,0.0000,1.0000,8805.4,-0.0047,5,0
64.8565,0.724659,59.993119,-0.007747,0.0000,1.0000,8803.0,-0.0002,5,0
64.8673,0.724659,59.993124,-0.007750,0.0000,1.0000,8798.1,0.0040,5,0
64.8779,0.724659,59.993130,-0.007752,0.0000,1.0000,8801.4,0.0080,5,0
64.8896,0.724659,59.993136,-0.007754,0.0000,1.0000,8800.2,0.0119,5,0
64.9026,0.724659,59.993141,-0.007757,0.0000,1.0000,8791.4,0.0155,5,0
64.9174,0.724659,59.993147,-0.007759,0.0000,1.0000,8781.1,0.0190,5,0
64.9319,0.724659,59.993153,-0.007762,0.0000,1.0000,8774.2,0.0222,5,0
64.9474,0.726243,59.993158,-0.007764,0.0000,1.0000,8759.5,0.0255,5,0
64.9662,0.726243,59.993164,-0.007766,0.0000,1.0000,8731.7,0.0289,5,0
64.9851,0.726243,59.993170,-0.007769,0.0000,1.0000,8705.3,0.0324,5,0
65.0000,0.726243,59.993176,-0.007771,0.0000,1.0000,8693.5,0.0364,5,0
65.0106,0.726243,59.993181,-0.007773,0.0000,1.0000,8695.4,0.0406,5,0
65.0242,0.726243,59.993187,-0.007776,0.0000,1.0000,8687.2,0.0453,5,0
65.0354,0.726243,59.993193,-0.007778,0.0000,1.0000,8688.2,0.0501,5,0
65.0447,0.726243,59.993198,-0.007781,0.0000,1.0000,8693.4,0.0551,5,0
65.0576,0.726243,59.993204,-0.007783,0.0000,1.0000,8686.6,0.0603,5,0
65.0679,0.726243,59.993210,-0.007786,0.0000,1.0000,8690.2,0.0654,5,0
65.0761,0.727829,59.993215,-0.007788,0.0000,1.0000,8698.0,0.0702,5,0
65.0854,0.727829,59.993221,-0.007790,0.0000,1.0000,8698.6,0.0748,5,0
65.0945,0.727829,59.993227,-0.007793,0.0000,1.0000,8702.1,0.0792,5,0
65.1007,0.727829,59.993233,-0.007795,0.0000,1.0000,8715.9,0.0831,5,0
65.1080,0.727829,59.993238,-0.007798,0.0000,1.0000,8715.8,0.0867,5,0
65.1170,0.727829,59.993244,-0.007800,0.0000,1.0000,8717.0,0.0900,5,0
65.1201,0.727829,59.993250,-0.007802,0.0000,1.0000,8730.0,0.0929,5,0
65.1251,0.727829,59.993255,-0.007805,0.0000,1.0000,8738.6,0.0957,5,0
65.1304,0.727829,59.993261,-0.007807,0.0000,1.0000,8742.8,0.0986,5,0
65.1343,0.727829,59.993266,-0.007809,0.0000,1.0000,8752.8,0.1012,5,0
65.1382,0.729419,59.993272,-0.007812,0.0000,1.0000,8763.3,0.1037,5,0
65.1430,0.729419,59.993278,-0.007814,0.0000,1.0000,8768.0,0.1062,5,0
65.1443,0.729419,59.993283,-0.007816,0.0000,1.0000,8789.1,0.1087,5,0
65.1478,0.729419,59.993289,-0.007818,0.0000,1.0000,8801.1,0.1112,5,0
65.1462,0.729419,59.993294,-0.007821,0.0000,1.0000,8829.9,0.1138,5,0
65.1442,0.729419,59.993300,-0.007823,0.0000,1.0000,8863.1,0.1162,5,0
65.1462,0.729419,59.993306,-0.007825,0.0000,1.0000,8881.6,0.1188,5,0
65.1503,0.729419,59.993312,-0.007827,0.0000,1.0000,8889.8,0.1213,5,0
65.1568,0.729419,59.993318,-0.007829,0.0000,1.0000,8889.0,0.1240,5,0
65.1607,0.729419,59.993324,-0.007831,0.0000,1.0000,8894.0,0.1262,5,0
65.1631,0.731013,59.993330,-0.007833,0.0000,1.0000,8899.3,0.1281,5,0
65.1670,0.731013,59.993336,-0.007835,0.0000,1.0000,8899.2,0.1298,5,0
65.1696,0.731013,59.993342,-0.007837,0.0000,1.0000,8903.2,0.1307,5,0
65.1697,0.731013,59.993348,-0.007839,0.0000,1.0000,8910.1,0.1312,5,0
65.1732,0.731013,59.993354,-0.007841,0.0000,1.0000,8910.2,0.1314,5,0
65.1767,0.731013,59.993360,-0.007843,0.0000,1.0000,8911.9,0.1312,5,0
65.1774,0.731013,59.993366,-0.007845,0.0000,1.0000,8921.8,0.1305,5,0
65.1809,0.731013,59.993371,-0.007847,0.0000,1.0000,8926.5,0.1300,5,0
65.1834,0.731013,59.993377,-0.007849,0.0000,1.0000,8934.8,0.1295,5,0
65.1859,0.731013,59.993382,-0.007850,0.0000,1.0000,8939.4,0.1292,5,0
65.1889,0.732610,59.993388,-0.007852,0.0000,1.0000,8943.1,0.1294,5,0
65.1913,0.732610,59.993394,-0.007854,0.0000,1.0000,8947.3,0.1299,5,0
65.1935,0.732610,59.993399,-0.007856,0.0000,1.0000,8950.1,0.1306,5,0
65.1958,0.732610,59.993405,-0.007857,0.0000,1.0000,8951.8,0.1317,5,0
65.1989,0.732610,59.993410,-0.007859,0.0000,1.0000,8950.4,0.1329,5,0
65.2014,0.732610,59.993416,-0.007861,0.0000,1.0000,8950.7,0.1339,5,0
65.2038,0.732610,59.993422,-0.007863,0.0000,1.0000,8951.5,0.1350,5,0
65.2065,0.732610,59.993428,-0.007864,0.0000,1.0000,8950.9,0.1362,5,0
65.2097,0.732610,59.993434,-0.007866,0.0000,1.0000,8949.4,0.1371,5,0
65.2121,0.732610,59.993440,-0.007867,0.0000,1.0000,8951.3,0.1379,5,0
65.2151,0.734206,59.993446,-0.007869,0.0000,1.0000,8950.0,0.1388,5,0
65.2189,0.734206,59.993453,-0.007870,0.0000,1.0000,8949.2,0.1396,5,0
65.2219,0.734206,59.993459,-0.007872,0.0000,1.0000,8948.7,0.1402,5,0
65.2255,0.734206,59.993465,-0.007873,0.0000,1.0000,8944.3,0.1409,5,0
65.2290,0.734206,59.993471,-0.007875,0.0000,1.0000,8941.9,0.1412,5,0
65.2322,0.734206,59.993477,-0.007876,0.0000,1.0000,8937.9,0.1414,5,0
65.2367,0.734206,59.993483,-0.007877,0.0000,1.0000,8931.4,0.1416,5,0
65.2399,0.734206,59.993488,-0.007878,0.0000,1.0000,8930.3,0.1415,5,0
65.2449,0.734206,59.993494,-0.007880,0.0000,1.0000,8924.1,0.1409,5,0
65.2500,0.734206,59.993500,-0.007881,0.0000,1.0000,8919.2,0.1404,5,0
65.2564,0.735805,59.993505,-0.007882,0.0000,1.0000,8912.1,0.1397,5,0
65.2631,0.735805,59.993511,-0.007883,0.0000,1.0000,8905.1,0.1388,5,0
65.2680,0.735805,59.993517,-0.007885,0.0000,1.0000,8904.9,0.1380,5,0
65.2752,0.735805,59.993523,-0.007886,0.0000,1.0000,8897.4,0.1373,5,0
65.2816,0.735805,59.993528,-0.007887,0.0000,1.0000,8891.5,0.1366,5,0
65.2865,0.735805,59.993534,-0.007888,0.0000,1.0000,8891.5,0.1361,5,0
65.2925,0.735805,59.993540,-0.007889,0.0000,1.0000,8885.1,0.1356,5,0
65.2999,0.735805,59.993545,-0.007890,0.0000,1.0000,8876.7,0.1350,5,0
65.3053,0.735805,59.993551,-0.007891,0.0000,1.0000,8873.4,0.1344,5,0
65.3119,0.735805,59.993556,-0.007892,0.0000,1.0000,8868.5,0.1338,5,0
65.3180,0.737406,59.993562,-0.007893,0.0000,1.0000,8869.2,0.1330,5,0
65.3238,0.737406,59.993568,-0.007894,0.0000,1.0000,8867.8,0.1321,5,0
65.3312,0.737406,59.993573,-0.007895,0.0000,1.0000,8863.1,0.1313,5,0
65.3376,0.737406,59.993579,-0.007896,0.0000,1.0000,8865.2,0.1304,5,0
65.3439,0.737406,59.993584,-0.007897,0.0000,1.0000,8863.4,0.1294,5,0
65.3521,0.737406,59.993590,-0.007898,0.0000,1.0000,8854.3,0.1285,5,0
65.3604,0.737406,59.993596,-0.007899,0.0000,1.0000,8847.1,0.1276,5,0
65.3673,0.737406,59.993602,-0.007900,0.0000,1.0000,8843.4,0.1267,5,0
65.3780,0.737406,59.993609,-0.007900,0.0000,1.0000,8827.3,0.1261,5,0
65.3905,0.737406,59.993615,-0.007901,0.0000,1.0000,8808.0,0.1259,5,0
65.3979,0.739009,59.993621,-0.007902,0.0000,1.0000,8805.6,0.1258,5,0
65.4056,0.739009,59.993627,-0.007903,0.0000,1.0000,8804.8,0.1261,5,0
65.4127,0.739009,59.993633,-0.007903,0.0000,1.0000,8808.3,0.1266,5,0
65.4190,0.739009,59.993640,-0.007904,0.0000,1.0000,8812.7,0.1274,5,0
65.4263,0.739009,59.993646,-0.007905,0.0000,1.0000,8815.6,0.1283,5,0
65.4335,0.739009,59.993652,-0.007906,0.0000,1.0000,8818.7,0.1294,5,0
65.4382,0.739009,59.993658,-0.007906,0.0000,1.0000,8830.9,0.1306,5,0
65.4413,0.739009,59.993664,-0.007907,0.0000,1.0000,8848.6,0.1319,5,0
65.4451,0.739009,59.993669,-0.007907,0.0000,1.0000,8862.5,0.1332,5,0
65.4476,0.739009,59.993675,-0.007908,0.0000,1.0000,8878.4,0.1344,5,0
65.4496,0.740610,59.993681,-0.007908,0.0000,1.0000,8895.3,0.1353,5,0
65.4551,0.740610,59.993687,-0.007909,0.0000,1.0000,8899.2,0.1359,5,0
65.4598,0.740610,59.993693,-0.007909,0.0000,1.0000,8904.8,0.1364,5,0
65.4638,0.740610,59.993698,-0.007910,0.0000,1.0000,8910.5,0.1365,5,0
65.4696,0.740610,59.993704,-0.007910,0.0000,1.0000,8913.2,0.1365,5,0
65.4757,0.740610,59.993710,-0.007911,0.0000,1.0000,8916.0,0.1362,5,0
65.4821,0.740610,59.993716,-0.007911,0.0000,1.0000,8912.5,0.1356,5,0
65.4888,0.740610,59.993721,-0.007911,0.0000,1.0000,8913.8,0.1350,5,0
65.4935,0.740610,59.993727,-0.007911,0.0000,1.0000,8922.1,0.1341,5,0
65.4989,0.740610,59.993733,-0.007912,0.0000,1.0000,8921.8,0.1328,5,0
65.5051,0.742212,59.993738,-0.007912,0.0000,1.0000,8923.3,0.1313,5,0
65.5086,0.742212,59.993744,-0.007912,0.0000,1.0000,8929.3,0.1295,5,0
65.5140,0.742212,59.993750,-0.007912,0.0000,1.0000,8925.9,0.1272,5,0
65.5199,0.742212,59.993756,-0.007913,0.0000,1.0000,8924.6,0.1248,5,0
65.5233,0.742212,59.993761,-0.007913,0.0000,1.0000,8930.1,0.1219,5,0
65.5280,0.742212,59.993767,-0.007913,0.0000,1.0000,8929.9,0.1187,5,0
65.5349,0.742212,59.993773,-0.007913,0.0000,1.0000,8926.7,0.1157,5,0
65.5400,0.742212,59.993779,-0.007913,0.0000,1.0000,8932.1,0.1127,5,0
65.5451,0.742212,59.993785,-0.007913,0.0000,1.0000,8935.5,0.1098,5,0
65.5521,0.742212,59.993791,-0.007913,0.0000,1.0000,8931.0,0.1072,5,0
65.5572,0.743815,59.993797,-0.007913,0.0000,1.0000,8936.6,0.1052,5,0
65.5612,0.743815,59.993804,-0.007913,0.0000,1.0000,8942.2,0.1035,5,0
65.5679,0.743815,59.993810,-0.007913,0.0000,1.0000,8937.0,0.1022,5,0
65.5744,0.743815,59.993816,-0.007913,0.0000,1.0000,8936.7,0.1014,5,0
65.5790,0.743815,59.993822,-0.007913,0.0000,1.0000,8942.8,0.1007,5,0
65.5867,0.743815,59.993828,-0.007913,0.0000,1.0000,8937.9,0.1004,5,0
65.5963,0.743815,59.993834,-0.007913,0.0000,1.0000,8929.7,0.1004,5,0
65.6024,0.743815,59.993839,-0.007913,0.0000,1.0000,8935.2,0.1007,5,0
65.6090,0.743815,59.993845,-0.007912,0.0000,1.0000,8934.3,0.1014,5,0
65.6168,0.743815,59.993851,-0.007912,0.0000,1.0000,8930.7,0.1025,5,0
65.6213,0.745418,59.993856,-0.007912,0.0000,1.0000,8935.3,0.1034,5,0
65.6252,0.745418,59.993862,-0.007912,0.0000,1.0000,8936.5,0.1044,5,0
65.6306,0.745418,59.993868,-0.007911,0.0000,1.0000,8933.5,0.1052,5,0
65.6362,0.745418,59.993874,-0.007911,0.0000,1.0000,8933.1,0.1057,5,0
65.6418,0.745418,59.993879,-0.007911,0.0000,1.0000,8931.6,0.1059,5,0
65.6482,0.745418,59.993885,-0.007910,0.0000,1.0000,8930.4,0.1061,5,0
65.6548,0.745418,59.993891,-0.007910,0.0000,1.0000,8931.6,0.1060,5,0
65.6604,0.745418,59.993897,-0.007909,0.0000,1.0000,8934.7,0.1055,5,0
65.6666,0.745418,59.993903,-0.007909,0.0000,1.0000,8936.8,0.1048,5,0
65.6740,0.745418,59.993909,-0.007908,0.0000,1.0000,8938.0,0.1037,5,0
65.6809,0.747024,59.993915,-0.007908,0.0000,1.0000,8939.3,0.1022,5,0
65.6886,0.747024,59.993922,-0.007907,0.0000,1.0000,8941.1,0.1005,5,0
65.6987,0.747024,59.993928,-0.007907,0.0000,1.0000,8940.0,0.0987,5,0
65.7086,0.747024,59.993934,-0.007906,0.0000,1.0000,8938.4,0.0968,5,0
65.7186,0.747024,59.993940,-0.007906,0.0000,1.0000,8936.2,0.0951,5,0
65.7296,0.747024,59.993946,-0.007905,0.0000,1.0000,8934.8,0.0938,5,0
65.7421,0.747024,59.993952,-0.007905,0.0000,1.0000,8925.6,0.0925,5,0
65.7523,0.747024,59.993957,-0.007904,0.0000,1.0000,8921.0,0.0915,5,0
65.7631,0.747024,59.993963,-0.007903,0.0000,1.0000,8917.3,0.0907,5,0
65.7745,0.747024,59.993969,-0.007902,0.0000,1.0000,8910.6,0.0896,5,0
65.7831,0.748632,59.993975,-0.007902,0.0000,1.0000,8904.8,0.0883,5,0
65.7919,0.748632,59.993980,-0.007901,0.0000,1.0000,8901.1,0.0864,5,0
65.7994,0.748632,59.993986,-0.007900,0.0000,1.0000,8898.3,0.0835,5,0
65.8073,0.748632,59.993992,-0.007899,0.0000,1.0000,8894.3,0.0798,5,0
65.8163,0.748632,59.993997,-0.007899,0.0000,1.0000,8894.2,0.0750,5,0
65.8266,0.748632,59.994003,-0.007898,0.0000,1.0000,8890.0,0.0693,5,0
65.8401,0.748632,59.994009,-0.007897,0.0000,1.0000,8874.3,0.0628,5,0
65.8572,0.748632,59.994015,-0.007896,0.0000,1.0000,8855.5,0.0562,5,0
65.8704,0.748632,59.994021,-0.007895,0.0000,1.0000,8847.3,0.0495,5,0
65.8812,0.748632,59.994027,-0.007894,0.0000,1.0000,8850.8,0.0427,5,0
65.8893,0.750247,59.994034,-0.007893,0.0000,1.0000,8856.6,0.0363,5,0
65.8998,0.750247,59.994040,-0.007892,0.0000,1.0000,8858.3,0.0301,5,0
65.9094,0.750247,59.994046,-0.007891,0.0000,1.0000,8860.6,0.0243,5,0
65.9189,0.750247,59.994052,-0.007890,0.0000,1.0000,8866.5,0.0190,5,0
65.9307,0.750247,59.994058,-0.007889,0.0000,1.0000,8865.5,0.0144,5,0
65.9427,0.750247,59.994064,-0.007888,0.0000,1.0000,8863.1,0.0102,5,0
65.9547,0.750247,59.994070,-0.007887,0.0000,1.0000,8861.8,0.0068,5,0
65.9676,0.750247,59.994075,-0.007886,0.0000,1.0000,8861.4,0.0044,5,0
65.9783,0.750247,59.994081,-0.007885,0.0000,1.0000,8865.5,0.0028,5,0
65.9913,0.750247,59.994086,-0.007884,0.0000,1.0000,8861.0,0.0019,5,0
66.0046,0.751864,59.994092,-0.007882,0.0000,1.0000,8858.8,0.0018,5,0
66.0184,0.751864,59.994098,-0.007881,0.0000,1.0000,8853.0,0.0020,5,0
66.0329,0.751864,59.994103,-0.007880,0.0000,1.0000,8843.7,0.0026,5,0
66.0466,0.751864,59.994109,-0.007879,0.0000,1.0000,8842.2,0.0034,5,0
66.0607,0.751864,59.994114,-0.007878,0.0000,1.0000,8838.5,0.0043,5,0
66.0755,0.751864,59.994120,-0.007877,0.0000,1.0000,8830.9,0.0051,5,0
66.0875,0.751864,59.994126,-0.007875,0.0000,1.0000,8835.8,0.0058,5,0
66.1015,0.751864,59.994133,-0.007874,0.0000,1.0000,8833.0,0.0062,5,0
66.1157,0.751864,59.994139,-0.007873,0.0000,1.0000,8827.5,0.0062,5,0
66.1275,0.751864,59.994145,-0.007871,0.0000,1.0000,8832.6,0.0059,5,0
66.1407,0.753485,59.994152,-0.007870,0.0000,1.0000,8833.3,0.0052,5,0
66.1541,0.753485,59.994158,-0.007869,0.0000,1.0000,8829.9,0.0042,5,0
66.1671,0.753485,59.994164,-0.007867,0.0000,1.0000,8829.0,0.0027,5,0
66.1785,0.753485,59.994170,-0.007866,0.0000,1.0000,8836.0,0.0010,5,0
66.1918,0.753485,59.994177,-0.007865,0.0000,1.0000,8834.1,-0.0011,5,0
66.2063,0.753485,59.994183,-0.007864,0.0000,1.0000,8829.0,-0.0036,5,0
66.2175,0.753485,59.994189,-0.007862,0.0000,1.0000,8838.0,-0.0060,5,0
66.2313,0.753485,59.994194,-0.007861,0.0000,1.0000,8835.2,-0.0085,5,0
66.2449,0.753485,59.994200,-0.007860,0.0000,1.0000,8831.7,-0.0109,5,0
66.2560,0.753485,59.994206,-0.007858,0.0000,1.0000,8840.0,-0.0131,5,0
66.2680,0.755117,59.994211,-0.007857,0.0000,1.0000,8842.6,-0.0148,5,0
66.2815,0.755117,59.994217,-0.007855,0.0000,1.0000,8838.6,-0.0162,5,0
66.2945,0.755117,59.994223,-0.007854,0.0000,1.0000,8839.5,-0.0172,5,0
66.3060,0.755117,59.994229,-0.007853,0.0000,1.0000,8845.0,-0.0177,5,0
66.3181,0.755117,59.994234,-0.007851,0.0000,1.0000,8845.8,-0.0178,5,0
66.3319,0.755117,59.994240,-0.007850,0.0000,1.0000,8843.7,-0.0175,5,0
66.3430,0.755117,59.994246,-0.007849,0.0000,1.0000,8852.4,-0.0168,5,0
66.3552,0.755117,59.994252,-0.007847,0.0000,1.0000,8854.4,-0.0157,5,0
66.3693,0.755117,59.994258,-0.007846,0.0000,1.0000,8851.0,-0.0146,5,0
66.3813,0.755117,59.994264,-0.007845,0.0000,1.0000,8858.2,-0.0133,5,0
66.3931,0.756748,59.994270,-0.007843,0.0000,1.0000,8862.1,-0.0118,5,0
66.4068,0.756748,59.994276,-0.007842,0.0000,1.0000,8859.6,-0.0102,5,0
66.4194,0.756748,59.994282,-0.007841,0.0000,1.0000,8863.1,-0.0085,5,0
66.4313,0.756748,59.994288,-0.007839,0.0000,1.0000,8868.0,-0.0065,5,0
66.4441,0.756748,59.994294,-0.007838,0.0000,1.0000,8867.6,-0.0045,5,0
66.4582,0.756748,59.994300,-0.007837,0.0000,1.0000,8864.7,-0.0024,5,0
66.4694,0.756748,59.994306,-0.007836,0.0000,1.0000,8871.9,-0.0003,5,0
66.4815,0.756748,59.994312,-0.007834,0.0000,1.0000,8874.7,0.0019,5,0
66.4963,0.756748,59.994317,-0.007833,0.0000,1.0000,8869.3,0.0038,5,0
66.5079,0.756748,59.994323,-0.007832,0.0000,1.0000,8875.1,0.0056,5,0
66.5200,0.758385,59.994329,-0.007830,0.0000,1.0000,8879.5,0.0072,5,0
66.5353,0.758385,59.994335,-0.007829,0.0000,1.0000,8872.8,0.0083,5,0
66.5473,0.758385,59.994341,-0.007828,0.0000,1.0000,8880.0,0.0091,5,0
66.5595,0.758385,59.994346,-0.007826,0.0000,1.0000,8883.7,0.0096,5,0
66.5741,0.758385,59.994352,-0.007825,0.0000,1.0000,8879.0,0.0097,5,0
66.5865,0.758385,59.994358,-0.007824,0.0000,1.0000,8883.2,0.0097,5,0
66.5977,0.758385,59.994364,-0.007823,0.0000,1.0000,8889.0,0.0092,5,0
66.6112,0.758385,59.994370,-0.007821,0.0000,1.0000,8886.3,0.0087,5,0
66.6246,0.758385,59.994377,-0.007820,0.0000,1.0000,8885.3,0.0081,5,0
66.6362,0.758385,59.994383,-0.007819,0.0000,1.0000,8889.9,0.0074,5,0
66.6483,0.760032,59.994389,-0.007818,0.0000,1.0000,8891.5,0.0068,5,0
66.6623,0.760032,59.994395,-0.007816,0.0000,1.0000,8888.5,0.0062,5,0
66.6735,0.760032,59.994401,-0.007815,0.0000,1.0000,8894.3,0.0057,5,0
66.6852,0.760032,59.994408,-0.007814,0.0000,1.0000,8897.1,0.0054,5,0
66.6995,0.760032,59.994414,-0.007812,0.0000,1.0000,8892.2,0.0050,5,0
66.7106,0.760032,59.994420,-0.007811,0.0000,1.0000,8898.6,0.0047,5,0
66.7216,0.760032,59.994426,-0.007810,0.0000,1.0000,8904.1,0.0044,5,0
66.7358,0.760032,59.994432,-0.007809,0.0000,1.0000,8900.1,0.0041,5,0
66.7475,0.760032,59.994438,-0.007807,0.0000,1.0000,8904.6,0.0036,5,0
66.7589,0.760032,59.994444,-0.007806,0.0000,1.0000,8909.1,0.0032,5,0
66.7722,0.761676,59.994450,-0.007805,0.0000,1.0000,8907.9,0.0028,5,0
66.7848,0.761676,59.994456,-0.007803,0.0000,1.0000,8909.9,0.0023,5,0
66.7961,0.761676,59.994462,-0.007802,0.0000,1.0000,8915.2,0.0021,5,0
66.8091,0.761676,59.994468,-0.007801,0.0000,1.0000,8916.5,0.0019,5,0
66.8231,0.761676,59.994474,-0.007800,0.0000,1.0000,8915.6,0.0019,5,0
66.8347,0.761676,59.994480,-0.007798,0.0000,1.0000,8923.2,0.0019,5,0
66.8479,0.761676,59.994486,-0.007797,0.0000,1.0000,8924.3,0.0022,5,0
66.8632,0.761676,59.994491,-0.007796,0.0000,1.0000,8919.0,0.0026,5,0
66.8752,0.761676,59.994497,-0.007794,0.0000,1.0000,8924.9,0.0031,5,0
66.8879,0.761676,59.994503,-0.007793,0.0000,1.0000,8926.9,0.0036,5,0
66.9016,0.763322,59.994509,-0.007792,0.0000,1.0000,8924.1,0.0042,5,0
66.9132,0.763322,59.994514,-0.007790,0.0000,1.0000,8927.5,0.0049,5,0
66.9246,0.763322,59.994520,-0.007789,0.0000,1.0000,8931.1,0.0056,5,0
66.9382,0.763322,59.994526,-0.007788,0.0000,1.0000,8929.0,0.0063,5,0
66.9508,0.763322,59.994531,-0.007786,0.0000,1.0000,8928.5,0.0070,5,0
66.9620,0.763322,59.994537,-0.007785,0.0000,1.0000,8933.3,0.0078,5,0
66.9746,0.763322,59.994543,-0.007784,0.0000,1.0000,8935.0,0.0087,5,0
66.9885,0.763322,59.994550,-0.007782,0.0000,1.0000,8930.4,0.0095,5,0
66.9994,0.763322,59.994556,-0.007781,0.0000,1.0000,8937.2,0.0103,5,0
67.0117,0.763322,59.994562,-0.007780,0.0000,1.0000,8938.8,0.0111,5,0
67.0256,0.764979,59.994568,-0.007778,0.0000,1.0000,8935.7,0.0116,5,0
67.0369,0.764979,59.994575,-0.007777,0.0000,1.0000,8941.4,0.0120,5,0
67.0492,0.764979,59.994581,-0.007776,0.0000,1.0000,8943.4,0.0123,5,0
67.0627,0.764979,59.994587,-0.007774,0.0000,1.0000,8942.6,0.0125,5,0
67.0746,0.764979,59.994594,-0.007773,0.0000,1.0000,8945.4,0.0126,5,0
67.0861,0.764979,59.994600,-0.007772,0.0000,1.0000,8949.4,0.0126,5,0
67.0995,0.764979,59.994606,-0.007770,0.0000,1.0000,8948.4,0.0126,5,0
67.1119,0.764979,59.994612,-0.007769,0.0000,1.0000,8949.4,0.0123,5,0
67.1229,0.764979,59.994618,-0.007767,0.0000,1.0000,8954.4,0.0120,5,0
67.1358,0.764979,59.994624,-0.007766,0.0000,1.0000,8953.5,0.0115,5,0
67.1484,0.766633,59.994630,-0.007765,0.0000,1.0000,8952.4,0.0109,5,0
67.1591,0.766633,59.994636,-0.007763,0.0000,1.0000,8957.6,0.0101,5,0
67.1709,0.766633,59.994642,-0.007762,0.0000,1.0000,8960.8,0.0093,5,0
67.1840,0.766633,59.994648,-0.007761,0.0000,1.0000,8957.1,0.0082,5,0
67.1942,0.766633,59.994654,-0.007759,0.0000,1.0000,8964.9,0.0071,5,0
67.2067,0.766633,59.994660,-0.007758,0.0000,1.0000,8966.8,0.0060,5,0
67.2199,0.766633,59.994666,-0.007756,0.0000,1.0000,8964.2,0.0049,5,0
67.2310,0.766633,59.994671,-0.007755,0.0000,1.0000,8969.8,0.0039,5,0
67.2432,0.766633,59.994677,-0.007753,0.0000,1.0000,8973.0,0.0031,5,0
67.2565,0.766633,59.994683,-0.007752,0.0000,1.0000,8972.5,0.0025,5,0
67.2683,0.768287,59.994689,-0.007751,0.0000,1.0000,8975.8,0.0021,5,0
67.2804,0.768287,59.994694,-0.007749,0.0000,1.0000,8980.1,0.0019,5,0
67.2933,0.768287,59.994700,-0.007748,0.0000,1.0000,8980.6,0.0019,5,0
67.3062,0.768287,59.994706,-0.007746,0.0000,1.0000,8979.5,0.0022,5,0
67.3179,0.768287,59.994711,-0.007745,0.0000,1.0000,8984.6,0.0027,5,0
67.3311,0.768287,59.994717,-0.007744,0.0000,1.0000,8983.7,0.0032,5,0
67.3446,0.768287,59.994723,-0.007742,0.0000,1.0000,8980.6,0.0037,5,0
67.3557,0.768287,59.994729,-0.007741,0.0000,1.0000,8987.4,0.0043,5,0
67.3687,0.768287,59.994735,-0.007739,0.0000,1.0000,8987.3,0.0049,5,0
67.3817,0.768287,59.994741,-0.007738,0.0000,1.0000,8984.2,0.0053,5,0
67.3928,0.769947,59.994748,-0.007736,0.0000,1.0000,8990.4,0.0057,5,0
67.4055,0.769947,59.994754,-0.007735,0.0000,1.0000,8992.0,0.0061,5,0
67.4189,0.769947,59.994760,-0.007733,0.0000,1.0000,8988.6,0.0064,5,0
67.4303,0.769947,59.994766,-0.007732,0.0000,1.0000,8992.9,0.0067,5,0
67.4429,0.769947,59.994772,-0.007730,0.0000,1.0000,8994.7,0.0071,5,0
67.4553,0.769947,59.994778,-0.007729,0.0000,1.0000,8994.5,0.0075,5,0
67.4673,0.769947,59.994784,-0.007727,0.0000,1.0000,8995.1,0.0080,5,0
67.4787,0.769947,59.994790,-0.007726,0.0000,1.0000,8999.1,0.0086,5,0
67.4902,0.769947,59.994797,-0.007724,0.0000,1.0000,9001.4,0.0091,5,0
67.5031,0.769947,59.994803,-0.007723,0.0000,1.0000,8997.6,0.0097,5,0
67.5141,0.771606,59.994809,-0.007721,0.0000,1.0000,9004.9,0.0101,5,0
67.5256,0.771606,59.994815,-0.007720,0.0000,1.0000,9006.7,0.0105,5,0
67.5388,0.771606,59.994821,-0.007719,0.0000,1.0000,9001.4,0.0109,5,0
67.5492,0.771606,59.994828,-0.007717,0.0000,1.0000,9009.0,0.0113,5,0
67.5606,0.771606,59.994834,-0.007716,0.0000,1.0000,9012.1,0.0119,5,0
67.5736,0.771606,59.994840,-0.007714,0.0000,1.0000,9008.3,0.0126,5,0
67.5845,0.771606,59.994846,-0.007713,0.0000,1.0000,9014.6,0.0134,5,0
67.5958,0.771606,59.994852,-0.007711,0.0000,1.0000,9019.6,0.0145,5,0
67.6084,0.771606,59.994858,-0.007709,0.0000,1.0000,9017.4,0.0157,5,0
67.6195,0.771606,59.994864,-0.007708,0.0000,1.0000,9021.4,0.0172,5,0
67.6312,0.773267,59.994870,-0.007706,0.0000,1.0000,9025.8,0.0189,5,0
67.6421,0.773267,59.994876,-0.007705,0.0000,1.0000,9027.8,0.0208,5,0
67.6546,0.773267,59.994882,-0.007703,0.0000,1.0000,9026.6,0.0229,5,0
67.6656,0.773267,59.994888,-0.007702,0.0000,1.0000,9032.0,0.0254,5,0
67.6767,0.773267,59.994894,-0.007700,0.0000,1.0000,9034.3,0.0279,5,0
67.6885,0.773267,59.994900,-0.007699,0.0000,1.0000,9033.1,0.0304,5,0
67.6989,0.773267,59.994906,-0.007697,0.0000,1.0000,9039.3,0.0329,5,0
67.7093,0.773267,59.994912,-0.007696,0.0000,1.0000,9042.4,0.0350,5,0
67.7213,0.773267,59.994918,-0.007694,0.0000,1.0000,9038.0,0.0370,5,0
67.7309,0.773267,59.994924,-0.007693,0.0000,1.0000,9046.4,0.0388,5,0
67.7411,0.774934,59.994930,-0.007691,0.0000,1.0000,9048.7,0.0403,5,0
67.7530,0.774934,59.994936,-0.007689,0.0000,1.0000,9045.0,0.0414,5,0
67.7636,0.774934,59.994942,-0.007688,0.0000,1.0000,9050.8,0.0425,5,0
67.7741,0.774934,59.994948,-0.007686,0.0000,1.0000,9055.4,0.0433,5,0
67.7846,0.774934,59.994954,-0.007685,0.0000,1.0000,9055.5,0.0439,5,0
67.7950,0.774934,59.994960,-0.007683,0.0000,1.0000,9060.9,0.0446,5,0
67.8052,0.774934,59.994966,-0.007681,0.0000,1.0000,9062.5,0.0451,5,0
67.8148,0.774934,59.994972,-0.007680,0.0000,1.0000,9063.8,0.0454,5,0
67.8254,0.774934,59.994977,-0.007678,0.0000,1.0000,9065.8,0.0457,5,0
67.8354,0.774934,59.994983,-0.007676,0.0000,1.0000,9068.9,0.0460,5,0
67.8444,0.776599,59.994989,-0.007674,0.0000,1.0000,9072.4,0.0460,5,0
67.8547,0.776599,59.994995,-0.007673,0.0000,1.0000,9071.8,0.0460,5,0
67.8635,0.776599,59.995001,-0.007671,0.0000,1.0000,9077.6,0.0460,5,0
67.8728,0.776599,59.995006,-0.007669,0.0000,1.0000,9079.0,0.0457,5,0
67.8823,0.776599,59.995012,-0.007668,0.0000,1.0000,9080.4,0.0457,5,0
67.8901,0.776599,59.995018,-0.007666,0.0000,1.0000,9091.3,0.0456,5,0
67.8987,0.776599,59.995024,-0.007664,0.0000,1.0000,9091.9,0.0455,5,0
67.9085,0.776599,59.995030,-0.007662,0.0000,1.0000,9090.9,0.0456,5,0
67.9166,0.776599,59.995037,-0.007660,0.0000,1.0000,9101.2,0.0460,5,0
67.9258,0.776599,59.995043,-0.007658,0.0000,1.0000,9100.0,0.0463,5,0
67.9351,0.778268,59.995049,-0.007656,0.0000,1.0000,9101.2,0.0470,5,0
67.9432,0.778268,59.995055,-0.007655,0.0000,1.0000,9107.2,0.0480,5,0
67.9530,0.778268,59.995061,-0.007653,0.0000,1.0000,9107.2,0.0490,5,0
67.9619,0.778268,59.995068,-0.007651,0.0000,1.0000,9108.1,0.0503,5,0
67.9710,0.778268,59.995074,-0.007649,0.0000,1.0000,9112.8,0.0517,5,0
67.9801,0.778268,59.995080,-0.007647,0.0000,1.0000,9114.7,0.0533,5,0
67.9886,0.778268,59.995086,-0.007645,0.0000,1.0000,9112.4,0.0549,5,0
67.9957,0.778268,59.995092,-0.007643,0.0000,1.0000,9121.7,0.0566,5,0
68.0021,0.778268,59.995098,-0.007641,0.0000,1.0000,9132.7,0.0584,5,0
68.0099,0.778268,59.995104,-0.007639,0.0000,1.0000,9129.5,0.0601,5,0
68.0189,0.779939,59.995110,-0.007637,0.0000,1.0000,9129.7,0.0617,5,0
68.0249,0.779939,59.995116,-0.007634,0.0000,1.0000,9137.4,0.0629,5,0
68.0328,0.779939,59.995122,-0.007632,0.0000,1.0000,9134.9,0.0635,5,0
68.0406,0.779939,59.995128,-0.007630,0.0000,1.0000,9137.1,0.0638,5,0
68.0472,0.779939,59.995134,-0.007628,0.0000,1.0000,9142.1,0.0636,5,0
68.0538,0.779939,59.995140,-0.007626,0.0000,1.0000,9144.8,0.0629,5,0
68.0614,0.779939,59.995146,-0.007624,0.0000,1.0000,9145.2,0.0621,5,0
68.0683,0.779939,59.995152,-0.007621,0.0000,1.0000,9149.9,0.0609,5,0
68.0748,0.779939,59.995158,-0.007619,0.0000,1.0000,9152.5,0.0597,5,0
68.0828,0.779939,59.995164,-0.007617,0.0000,1.0000,9156.0,0.0585,5,0
68.0901,0.781610,59.995170,-0.007614,0.0000,1.0000,9160.0,0.0573,5,0
68.0967,0.781610,59.995176,-0.007612,0.0000,1.0000,9164.9,0.0564,5,0
68.0998,0.781610,59.995182,-0.007610,0.0000,1.0000,9187.9,0.0560,5,0
68.1058,0.781610,59.995188,-0.007607,0.0000,1.0000,9198.5,0.0560,5,0
68.1108,0.781610,59.995194,-0.007605,0.0000,1.0000,9210.0,0.0562,5,0
68.1132,0.781610,59.995200,-0.007603,0.0000,1.0000,9232.5,0.0570,5,0
68.1190,0.781610,59.995206,-0.007600,0.0000,1.0000,9238.6,0.0580,5,0
68.1242,0.781610,59.995212,-0.007598,0.0000,1.0000,9244.2,0.0590,5,0
68.1290,0.781610,59.995219,-0.007595,0.0000,1.0000,9249.8,0.0601,5,0
68.1334,0.781610,59.995225,-0.007592,0.0000,1.0000,9247.1,0.0611,5,0
68.1395,0.783284,59.995231,-0.007590,0.0000,1.0000,9248.8,0.0617,5,0
68.1433,0.783284,59.995237,-0.007587,0.0000,1.0000,9252.8,0.0623,5,0
68.1500,0.783284,59.995243,-0.007585,0.0000,1.0000,9251.3,0.0626,5,0
68.1556,0.783284,59.995250,-0.007582,0.0000,1.0000,9257.4,0.0626,5,0
68.1626,0.783284,59.995256,-0.007580,0.0000,1.0000,9257.9,0.0626,5,0
68.1686,0.783284,59.995262,-0.007577,0.0000,1.0000,9258.3,0.0628,5,0
68.1753,0.783284,59.995268,-0.007574,0.0000,1.0000,9264.5,0.0630,5,0
68.1832,0.783284,59.995274,-0.007571,0.0000,1.0000,9262.7,0.0636,5,0
68.1912,0.783284,59.995279,-0.007568,0.0000,1.0000,9262.3,0.0646,5,0
68.1990,0.783284,59.995285,-0.007566,0.0000,1.0000,9266.8,0.0657,5,0
68.2069,0.784958,59.995291,-0.007563,0.0000,1.0000,9263.5,0.0672,5,0
68.2140,0.784958,59.995297,-0.007560,0.0000,1.0000,9258.4,0.0689,5,0
68.2223,0.784958,59.995303,-0.007557,0.0000,1.0000,9256.1,0.0707,5,0
68.2293,0.784958,59.995308,-0.007554,0.0000,1.0000,9252.9,0.0730,5,0
68.2373,0.784958,59.995314,-0.007551,0.0000,1.0000,9248.7,0.0753,5,0
68.2460,0.784958,59.995320,-0.007549,0.0000,1.0000,9243.1,0.0777,5,0
68.2515,0.784958,59.995326,-0.007546,0.0000,1.0000,9242.8,0.0799,5,0
68.2568,0.784958,59.995332,-0.007542,0.0000,1.0000,9243.8,0.0820,5,0
68.2632,0.784958,59.995338,-0.007539,0.0000,1.0000,9238.2,0.0836,5,0
68.2676,0.784958,59.995344,-0.007536,0.0000,1.0000,9240.0,0.0845,5,0
68.2712,0.786634,59.995350,-0.007533,0.0000,1.0000,9244.6,0.0850,5,0
68.2783,0.786634,59.995356,-0.007530,0.0000,1.0000,9244.9,0.0847,5,0
68.2838,0.786634,59.995362,-0.007527,0.0000,1.0000,9247.0,0.0840,5,0
68.2891,0.786634,59.995368,-0.007524,0.0000,1.0000,9249.4,0.0828,5,0
68.2971,0.786634,59.995374,-0.007521,0.0000,1.0000,9249.9,0.0812,5,0
68.3033,0.786634,59.995380,-0.007518,0.0000,1.0000,9250.7,0.0795,5,0
68.3092,0.786634,59.995386,-0.007515,0.0000,1.0000,9256.4,0.0775,5,0
68.3162,0.786634,59.995392,-0.007511,0.0000,1.0000,9256.1,0.0753,5,0
68.3225,0.786634,59.995397,-0.007508,0.0000,1.0000,9257.3,0.0733,5,0
68.3285,0.786634,59.995403,-0.007505,0.0000,1.0000,9264.9,0.0714,5,0
68.3364,0.788313,59.995409,-0.007501,0.0000,1.0000,9263.5,0.0697,5,0
68.3432,0.788313,59.995415,-0.007498,0.0000,1.0000,9265.2,0.0681,5,0
68.3490,0.788313,59.995421,-0.007495,0.0000,1.0000,9271.6,0.0668,5,0
68.3574,0.788313,59.995426,-0.007491,0.0000,1.0000,9271.0,0.0658,5,0
68.3644,0.788313,59.995432,-0.007488,0.0000,1.0000,9271.1,0.0649,5,0
68.3692,0.788313,59.995438,-0.007485,0.0000,1.0000,9280.4,0.0643,5,0
68.3792,0.788313,59.995444,-0.007481,0.0000,1.0000,9276.3,0.0640,5,0
68.3879,0.788313,59.995450,-0.007478,0.0000,1.0000,9274.6,0.0640,5,0
68.3951,0.788313,59.995457,-0.007474,0.0000,1.0000,9280.3,0.0645,5,0
68.4039,0.788313,59.995463,-0.007470,0.0000,1.0000,9278.5,0.0652,5,0
68.4121,0.789992,59.995469,-0.007467,0.0000,1.0000,9276.0,0.0662,5,0
68.4210,0.789992,59.995475,-0.007463,0.0000,1.0000,9274.2,0.0674,5,0
68.4281,0.789992,59.995481,-0.007460,0.0000,1.0000,9272.9,0.0688,5,0
68.4383,0.789992,59.995488,-0.007456,0.0000,1.0000,9263.5,0.0700,5,0
68.4445,0.789992,59.995494,-0.007453,0.0000,1.0000,9264.8,0.0714,5,0
68.4523,0.789992,59.995500,-0.007449,0.0000,1.0000,9262.9,0.0725,5,0
68.4604,0.789992,59.995506,-0.007445,0.0000,1.0000,9257.4,0.0733,5,0
68.4665,0.789992,59.995511,-0.007441,0.0000,1.0000,9258.6,0.0738,5,0
68.4733,0.789992,59.995517,-0.007438,0.0000,1.0000,9260.9,0.0738,5,0
68.4803,0.789992,59.995522,-0.007434,0.0000,1.0000,9258.6,0.0733,5,0
68.4861,0.791673,59.995528,-0.007430,0.0000,1.0000,9258.8,0.0725,5,0
68.4927,0.791673,59.995534,-0.007426,0.0000,1.0000,9265.0,0.0713,5,0
68.5001,0.791673,59.995539,-0.007422,0.0000,1.0000,9265.4,0.0698,5,0
68.5087,0.791673,59.995545,-0.007419,0.0000,1.0000,9265.0,0.0684,5,0
68.5160,0.791673,59.995550,-0.007415,0.0000,1.0000,9269.2,0.0668,5,0
68.5242,0.791673,59.995556,-0.007411,0.0000,1.0000,9270.9,0.0652,5,0
68.5333,0.791673,59.995562,-0.007407,0.0000,1.0000,9271.3,0.0638,5,0
68.5408,0.791673,59.995567,-0.007403,0.0000,1.0000,9277.3,0.0625,5,0
68.5494,0.791673,59.995573,-0.007399,0.0000,1.0000,9277.6,0.0612,5,0
68.5585,0.791673,59.995579,-0.007395,0.0000,1.0000,9277.4,0.0601,5,0
68.5653,0.793355,59.995584,-0.007391,0.0000,1.0000,9282.5,0.0592,5,0
68.5749,0.793355,59.995590,-0.007387,0.0000,1.0000,9280.1,0.0581,5,0
68.5832,0.793355,59.995596,-0.007383,0.0000,1.0000,9277.6,0.0571,5,0
68.5910,0.793355,59.995602,-0.007379,0.0000,1.0000,9281.1,0.0557,5,0
68.5992,0.793355,59.995607,-0.007375,0.0000,1.0000,9279.1,0.0540,5,0
68.6106,0.793355,59.995613,-0.007371,0.0000,1.0000,9275.1,0.0518,5,0
68.6183,0.793355,59.995619,-0.007367,0.0000,1.0000,9279.0,0.0489,5,0
68.6270,0.793355,59.995624,-0.007362,0.0000,1.0000,9279.7,0.0453,5,0
68.6386,0.793355,59.995630,-0.007358,0.0000,1.0000,9270.9,0.0409,5,0
68.6507,0.793355,59.995636,-0.007354,0.0000,1.0000,9266.4,0.0358,5,0
68.6584,0.795037,59.995641,-0.007350,0.0000,1.0000,9274.6,0.0302,5,0
68.6701,0.795037,59.995647,-0.007345,0.0000,1.0000,9270.8,0.0244,5,0
68.6804,0.795037,59.995653,-0.007341,0.0000,1.0000,9271.1,0.0183,5,0
68.6902,0.795037,59.995659,-0.007337,0.0000,1.0000,9272.9,0.0118,5,0
68.7017,0.795037,59.995664,-0.007333,0.0000,1.0000,9269.9,0.0052,5,0
68.7133,0.795037,59.995670,-0.007328,0.0000,1.0000,9265.4,-0.0018,5,0
68.7248,0.795037,59.995676,-0.007324,0.0000,1.0000,9261.3,-0.0093,5,0
68.7389,0.795037,59.995682,-0.007320,0.0000,1.0000,9247.2,-0.0169,5,0
68.7556,0.795037,59.995688,-0.007315,0.0000,1.0000,9229.8,-0.0247,5,0
68.7685,0.795037,59.995694,-0.007311,0.0000,1.0000,9222.4,-0.0327,5,0
68.7817,0.796721,59.995700,-0.007306,0.0000,1.0000,9213.9,-0.0406,5,0
68.7932,0.796721,59.995706,-0.007302,0.0000,1.0000,9209.9,-0.0483,5,0
68.8069,0.796721,59.995712,-0.007297,0.0000,1.0000,9199.0,-0.0556,5,0
68.8189,0.796721,59.995718,-0.007293,0.0000,1.0000,9193.3,-0.0623,5,0
68.8298,0.796721,59.995724,-0.007289,0.0000,1.0000,9190.4,-0.0684,5,0
68.8434,0.796721,59.995730,-0.007284,0.0000,1.0000,9178.4,-0.0736,5,0
68.8547,0.796721,59.995736,-0.007280,0.0000,1.0000,9177.4,-0.0782,5,0
68.8640,0.796721,59.995742,-0.007275,0.0000,1.0000,9182.9,-0.0824,5,0
68.8754,0.796721,59.995748,-0.007271,0.0000,1.0000,9180.1,-0.0861,5,0
68.8837,0.796721,59.995754,-0.007266,0.0000,1.0000,9186.6,-0.0898,5,0
68.8912,0.798410,59.995760,-0.007262,0.0000,1.0000,9191.6,-0.0934,5,0
68.8984,0.798410,59.995766,-0.007257,0.0000,1.0000,9199.0,-0.0970,5,0
68.9033,0.798410,59.995772,-0.007253,0.0000,1.0000,9205.2,-0.1006,5,0
68.9080,0.798410,59.995778,-0.007248,0.0000,1.0000,9212.8,-0.1045,5,0
68.9093,0.798410,59.995784,-0.007244,0.0000,1.0000,9221.4,-0.1089,5,0
68.9130,0.798410,59.995790,-0.007239,0.0000,1.0000,9231.6,-0.1132,5,0
68.9199,0.798410,59.995796,-0.007235,0.0000,1.0000,9234.4,-0.1176,5,0
68.9207,0.798410,59.995801,-0.007231,0.0000,1.0000,9254.7,-0.1222,5,0
68.9238,0.798410,59.995807,-0.007226,0.0000,1.0000,9273.3,-0.1263,5,0
68.9209,0.798410,59.995812,-0.007222,0.0000,1.0000,9313.6,-0.1306,5,0
68.9216,0.800101,59.995818,-0.007218,0.0000,1.0000,9344.2,-0.1349,5,0
68.9256,0.800101,59.995824,-0.007214,0.0000,1.0000,9355.5,-0.1391,5,0
68.9300,0.800101,59.995829,-0.007209,0.0000,1.0000,9367.0,-0.1431,5,0
68.9353,0.800101,59.995835,-0.007205,0.0000,1.0000,9375.6,-0.1474,5,0
68.9416,0.800101,59.995840,-0.007201,0.0000,1.0000,9381.0,-0.1515,5,0
68.9462,0.800101,59.995846,-0.007196,0.0000,1.0000,9391.0,-0.1553,5,0
68.9515,0.800101,59.995852,-0.007192,0.0000,1.0000,9396.0,-0.1590,5,0
68.9569,0.800101,59.995857,-0.007188,0.0000,1.0000,9397.7,-0.1622,5,0
68.9614,0.800101,59.995863,-0.007184,0.0000,1.0000,9339.1,-0.1648,5,0
68.9514,0.800101,59.995869,-0.007180,0.0000,1.0000,9254.8,-0.1672,5,0
68.9323,0.801793,59.995874,-0.007176,0.0000,1.0000,9213.6,-0.1688,5,0
68.9079,0.801793,59.995880,-0.007172,0.0000,1.0000,9192.5,-0.1694,5,0
68.8825,0.801793,59.995886,-0.007168,0.0000,1.0000,9142.7,-0.1693,5,0
68.8569,0.801793,59.995892,-0.007164,0.0000,1.0000,9093.1,-0.1680,5,0
68.8298,0.801793,59.995897,-0.007159,0.0000,1.0000,9043.8,-0.1657,5,0
68.8030,0.801793,59.995903,-0.007155,0.0000,1.0000,8994.6,-0.1626,5,0
68.7900,0.801793,59.995909,-0.007152,0.0000,1.0000,8311.4,-0.1585,6,0
68.7926,0.801793,59.995915,-0.007148,0.0000,1.0000,8230.1,-0.1537,6,0
68.7991,0.801793,59.995921,-0.007144,0.0000,1.0000,8237.3,-0.1486,6,0
68.8082,0.801793,59.995927,-0.007140,0.0000,1.0000,8239.8,-0.1428,6,0
68.8156,0.803482,59.995933,-0.007136,0.0000,1.0000,8244.6,-0.1367,6,0
68.8261,0.803482,59.995940,-0.007132,0.0000,1.0000,8243.1,-0.1307,6,0
68.8370,0.803482,59.995946,-0.007128,0.0000,1.0000,8239.2,-0.1243,6,0
68.8465,0.803482,59.995952,-0.007125,0.0000,1.0000,8239.3,-0.1181,6,0
68.8562,0.803482,59.995958,-0.007121,0.0000,1.0000,8239.2,-0.1126,6,0
68.8669,0.803482,59.995964,-0.007117,0.0000,1.0000,8234.4,-0.1073,6,0
68.8771,0.803482,59.995970,-0.007113,0.0000,1.0000,8228.1,-0.1022,6,0
68.8868,0.803482,59.995975,-0.007110,0.0000,1.0000,8224.9,-0.0976,6,0
68.8969,0.803482,59.995981,-0.007106,0.0000,1.0000,8221.9,-0.0929,6,0
68.9088,0.803482,59.995986,-0.007102,0.0000,1.0000,8212.1,-0.0879,6,0
68.9204,0.805172,59.995992,-0.007099,0.0000,1.0000,8207.4,-0.0834,6,0
68.9336,0.805172,59.995998,-0.007095,0.0000,1.0000,8200.3,-0.0790,6,0
68.9482,0.805172,59.996003,-0.007091,0.0000,1.0000,8192.9,-0.0747,6,0
68.9601,0.805172,59.996009,-0.007088,0.0000,1.0000,8191.5,-0.0708,6,0
68.9720,0.805172,59.996014,-0.007084,0.0000,1.0000,8191.0,-0.0669,6,0
68.9864,0.805172,59.996020,-0.007080,0.0000,1.0000,8186.6,-0.0628,6,0
68.9990,0.805172,59.996026,-0.007077,0.0000,1.0000,8188.8,-0.0588,6,0
69.0151,0.805172,59.996032,-0.007074,0.0000,1.0000,8185.9,-0.0550,6,0
69.0325,0.805172,59.996039,-0.007070,0.0000,1.0000,8177.6,-0.0515,6,0
69.0505,0.805172,59.996045,-0.007067,0.0000,1.0000,8164.0,-0.0486,6,0
69.0689,0.806867,59.996051,-0.007063,0.0000,1.0000,8149.6,-0.0460,6,0
69.0889,0.806867,59.996057,-0.007060,0.0000,1.0000,8132.2,-0.0436,6,0
69.1081,0.806867,59.996063,-0.007057,0.0000,1.0000,8118.3,-0.0414,6,0
69.1249,0.806867,59.996070,-0.007053,0.0000,1.0000,8111.1,-0.0388,6,0
69.1383,0.806867,59.996076,-0.007050,0.0000,1.0000,8110.8,-0.0359,6,0
69.1510,0.806867,59.996082,-0.007046,0.0000,1.0000,8118.3,-0.0330,6,0
69.1678,0.806867,59.996088,-0.007043,0.0000,1.0000,8113.0,-0.0296,6,0
69.1817,0.806867,59.996094,-0.007040,0.0000,1.0000,8113.0,-0.0261,6,0
69.1966,0.806867,59.996099,-0.007036,0.0000,1.0000,8117.0,-0.0227,6,0
69.2117,0.806867,59.996105,-0.007033,0.0000,1.0000,8115.3,-0.0190,6,0
69.2269,0.808564,59.996111,-0.007030,0.0000,1.0000,8116.7,-0.0153,6,0
69.2408,0.808564,59.996117,-0.007027,0.0000,1.0000,8120.9,-0.0121,6,0
69.2567,0.808564,59.996123,-0.007023,0.0000,1.0000,8118.6,-0.0093,6,0
69.2705,0.808564,59.996128,-0.007020,0.0000,1.0000,8123.1,-0.0071,6,0
69.2855,0.808564,59.996134,-0.007017,0.0000,1.0000,8125.4,-0.0056,6,0
69.3011,0.808564,59.996140,-0.007014,0.0000,1.0000,8123.5,-0.0043,6,0
69.3148,0.808564,59.996146,-0.007010,0.0000,1.0000,8128.0,-0.0030,6,0
69.3302,0.808564,59.996152,-0.007007,0.0000,1.0000,8130.1,-0.0016,6,0
69.3468,0.808564,59.996158,-0.007004,0.0000,1.0000,8129.0,0.0002,6,0
69.3619,0.808564,59.996164,-0.007001,0.0000,1.0000,8132.2,0.0025,6,0
69.3787,0.810263,59.996170,-0.006998,0.0000,1.0000,8133.9,0.0053,6,0
69.3966,0.810263,59.996176,-0.006995,0.0000,1.0000,8132.6,0.0085,6,0
69.4135,0.810263,59.996182,-0.006991,0.0000,1.0000,8134.9,0.0119,6,0
69.4315,0.810263,59.996188,-0.006988,0.0000,1.0000,8135.6,0.0150,6,0
69.4500,0.810263,59.996194,-0.006985,0.0000,1.0000,8137.0,0.0180,6,0
69.4683,0.810263,59.996200,-0.006982,0.0000,1.0000,8136.5,0.0208,6,0
69.4855,0.810263,59.996206,-0.006979,0.0000,1.0000,8138.3,0.0233,6,0
69.5010,0.810263,59.996212,-0.006976,0.0000,1.0000,8140.6,0.0258,6,0
69.5153,0.810263,59.996218,-0.006973,0.0000,1.0000,8143.2,0.0282,6,0
69.5306,0.810263,59.996224,-0.006970,0.0000,1.0000,8141.9,0.0309,6,0
69.5456,0.811965,59.996230,-0.006966,0.0000,1.0000,8142.4,0.0338,6,0
69.5604,0.811965,59.996236,-0.006963,0.0000,1.0000,8143.0,0.0369,6,0
69.5754,0.811965,59.996242,-0.006960,0.0000,1.0000,8144.5,0.0403,6,0
69.5918,0.811965,59.996248,-0.006957,0.0000,1.0000,8140.6,0.0440,6,0
69.6054,0.811965,59.996254,-0.006954,0.0000,1.0000,8143.7,0.0475,6,0
69.6206,0.811965,59.996260,-0.006951,0.0000,1.0000,8146.0,0.0513,6,0
69.6350,0.811965,59.996266,-0.006948,0.0000,1.0000,8146.1,0.0548,6,0
69.6470,0.811965,59.996273,-0.006944,0.0000,1.0000,8152.9,0.0578,6,0
69.6610,0.811965,59.996279,-0.006941,0.0000,1.0000,8157.4,0.0605,6,0
69.6754,0.811965,59.996285,-0.006938,0.0000,1.0000,8157.9,0.0626,6,0
69.6864,0.813671,59.996291,-0.006935,0.0000,1.0000,8165.0,0.0637,6,0
69.6993,0.813671,59.996298,-0.006932,0.0000,1.0000,8172.2,0.0643,6,0
69.7121,0.813671,59.996304,-0.006928,0.0000,1.0000,8172.7,0.0641,6,0
69.7241,0.813671,59.996310,-0.006925,0.0000,1.0000,8179.6,0.0632,6,0
69.7359,0.813671,59.996317,-0.006922,0.0000,1.0000,8188.0,0.0617,6,0
69.7492,0.813671,59.996323,-0.006919,0.0000,1.0000,8188.7,0.0601,6,0
69.7612,0.813671,59.996329,-0.006915,0.0000,1.0000,8195.6,0.0577,6,0
69.7730,0.813671,59.996335,-0.006912,0.0000,1.0000,8202.2,0.0556,6,0
69.7857,0.813671,59.996341,-0.006909,0.0000,1.0000,8207.1,0.0532,6,0
69.7989,0.813671,59.996347,-0.006905,0.0000,1.0000,8208.6,0.0504,6,0
69.8095,0.815382,59.996353,-0.006902,0.0000,1.0000,8220.9,0.0480,6,0
69.8226,0.815382,59.996360,-0.006899,0.0000,1.0000,8228.7,0.0457,6,0
69.8327,0.815382,59.996366,-0.006895,0.0000,1.0000,8238.6,0.0435,6,0
69.8455,0.815382,59.996372,-0.006892,0.0000,1.0000,8245.5,0.0415,6,0
69.8602,0.815382,59.996378,-0.006889,0.0000,1.0000,8248.8,0.0398,6,0
69.8696,0.815382,59.996384,-0.006885,0.0000,1.0000,8265.7,0.0381,6,0
69.8879,0.815382,59.996390,-0.006882,0.0000,1.0000,8256.8,0.0368,6,0
69.9000,0.815382,59.996395,-0.006878,0.0000,1.0000,8268.4,0.0357,6,0
69.9098,0.815382,59.996401,-0.006874,0.0000,1.0000,8285.7,0.0347,6,0
69.9234,0.815382,59.996406,-0.006871,0.0000,1.0000,8292.1,0.0340,6,0
69.9343,0.817097,59.996412,-0.006867,0.0000,1.0000,8305.7,0.0337,6,0
69.9489,0.817097,59.996418,-0.006864,0.0000,1.0000,8305.8,0.0336,6,0
69.9645,0.817097,59.996423,-0.006860,0.0000,1.0000,8305.0,0.0340,6,0
69.9784,0.817097,59.996429,-0.006857,0.0000,1.0000,8306.8,0.0345,6,0
69.9932,0.817097,59.996434,-0.006853,0.0000,1.0000,8304.5,0.0348,6,0
70.0070,0.817097,59.996440,-0.006849,0.0000,1.0000,8303.4,0.0352,6,0
70.0202,0.817097,59.996446,-0.006846,0.0000,1.0000,8304.6,0.0353,6,0
70.0336,0.817097,59.996452,-0.006842,0.0000,1.0000,8301.7,0.0346,6,0
70.0500,0.817097,59.996459,-0.006838,0.0000,1.0000,8289.1,0.0336,6,0
70.0655,0.817097,59.996465,-0.006834,0.0000,1.0000,8281.6,0.0320,6,0
70.0804,0.818815,59.996471,-0.006830,0.0000,1.0000,8277.6,0.0294,6,0
70.0982,0.818815,59.996477,-0.006827,0.0000,1.0000,8259.5,0.0265,6,0
70.1133,0.818815,59.996483,-0.006823,0.0000,1.0000,8255.4,0.0229,6,0
70.1286,0.818815,59.996490,-0.006819,0.0000,1.0000,8246.9,0.0190,6,0
70.1442,0.818815,59.996496,-0.006815,0.0000,1.0000,8245.9,0.0151,6,0
70.1589,0.818815,59.996502,-0.006811,0.0000,1.0000,8248.1,0.0115,6,0
70.1724,0.818815,59.996508,-0.006808,0.0000,1.0000,8251.1,0.0075,6,0
70.1887,0.818815,59.996514,-0.006804,0.0000,1.0000,8247.4,0.0042,6,0
70.2036,0.818815,59.996520,-0.006800,0.0000,1.0000,8246.7,0.0013,6,0
70.2194,0.818815,59.996526,-0.006796,0.0000,1.0000,8247.0,-0.0012,6,0
70.2357,0.820536,59.996533,-0.006792,0.0000,1.0000,8245.8,-0.0033,6,0
70.2519,0.820536,59.996539,-0.006788,0.0000,0.9712,8242.5,-0.0051,6,0
70.2657,0.820536,59.996545,-0.006784,0.0000,0.9425,8240.2,-0.0067,6,0
70.2810,0.820536,59.996551,-0.006780,0.0000,0.8974,8233.8,-0.0079,6,0
70.2930,0.820536,59.996557,-0.006776,0.0000,0.8523,8233.1,-0.0089,6,0
70.3044,0.820536,59.996563,-0.006772,0.0060,0.8047,8225.2,-0.0102,6,0
70.3114,0.820536,59.996569,-0.006768,0.0120,0.7570,8217.1,-0.0112,6,0
70.3130,0.820536,59.996574,-0.006763,0.0214,0.6830,8208.9,-0.0122,6,0
70.3091,0.820536,59.996580,-0.006759,0.0308,0.6089,8198.6,-0.0131,6,0
70.3012,0.820536,59.996586,-0.006755,0.0476,0.5316,8189.0,-0.0139,6,0
70.2853,0.822259,59.996592,-0.006751,0.0645,0.4543,8178.9,-0.0146,6,0
70.2627,0.822259,59.996597,-0.006747,0.0865,0.3842,8167.6,-0.0155,6,0
70.2327,0.822259,59.996603,-0.006743,0.1086,0.3141,8156.6,-0.0161,6,0
70.1960,0.822259,59.996609,-0.006739,0.1322,0.2583,8145.3,-0.0168,6,0
70.1509,0.822259,59.996614,-0.006735,0.1559,0.2025,8134.9,-0.0172,6,0
70.1004,0.822259,59.996620,-0.006731,0.1790,0.1684,8124.1,-0.0173,6,0
70.0410,0.822259,59.996626,-0.006727,0.2022,0.1343,8109.0,-0.0173,6,0
69.9735,0.822259,59.996632,-0.006723,0.2278,0.0996,8098.7,-0.0171,6,0
69.9008,0.822259,59.996638,-0.006719,0.2534,0.0648,8085.0,-0.0167,6,0
69.8228,0.822259,59.996644,-0.006714,0.2844,0.0399,8069.7,-0.0164,6,0
69.7370,0.823972,59.996650,-0.006710,0.3154,0.0150,8058.7,-0.0157,6,0
69.6465,0.823972,59.996656,-0.006706,0.3447,0.0075,8042.4,-0.0151,6,0
69.5493,0.823972,59.996662,-0.006702,0.3741,0.0000,8026.9,-0.0145,6,0
69.4469,0.823972,59.996668,-0.006698,0.3956,0.0000,8014.7,-0.0135,6,0
69.3401,0.823972,59.996674,-0.006694,0.4172,0.0000,7997.9,-0.0128,6,0
69.2298,0.823972,59.996680,-0.006690,0.4372,0.0000,7979.9,-0.0122,6,0
69.1124,0.823972,59.996686,-0.006686,0.4573,0.0000,7964.7,-0.0110,6,0
68.9913,0.823972,59.996692,-0.006682,0.4773,0.0000,7947.3,-0.0102,6,0
68.8661,0.823972,59.996698,-0.006678,0.4973,0.0000,7930.6,-0.0094,6,0
68.7380,0.823972,59.996704,-0.006674,0.5164,0.0000,7910.8,-0.0082,6,0
68.6054,0.825664,59.996710,-0.006670,0.5354,0.0000,7893.5,-0.0073,6,0
68.4691,0.825664,59.996716,-0.006666,0.5560,0.0000,7873.8,-0.0064,6,0
68.3290,0.825664,59.996722,-0.006662,0.5765,0.0000,7852.3,-0.0054,6,0
68.1845,0.825664,59.996728,-0.006658,0.5928,0.0000,7834.0,-0.0046,6,0
68.0370,0.825664,59.996734,-0.006654,0.6090,0.0000,7812.8,-0.0041,6,0
67.8862,0.825664,59.996740,-0.006651,0.6307,0.0000,7786.5,-0.0036,6,0
67.7303,0.825664,59.996746,-0.006647,0.6524,0.0000,7765.5,-0.0033,6,0
67.5708,0.825664,59.996752,-0.006643,0.6666,0.0000,7742.0,-0.0032,6,0
67.4087,0.825664,59.996758,-0.006639,0.6808,0.0000,7717.8,-0.0031,6,0
67.2427,0.825664,59.996764,-0.006635,0.6990,0.0000,7699.6,-0.0031,6,0
67.0746,0.827321,59.996770,-0.006632,0.7172,0.0000,7673.2,-0.0034,6,0
66.9020,0.827321,59.996776,-0.006628,0.7277,0.0000,7648.9,-0.0036,6,0
66.7274,0.827321,59.996782,-0.006624,0.7383,0.0000,7624.1,-0.0037,6,0
66.5496,0.827321,59.996788,-0.006620,0.7516,0.0000,7598.6,-0.0040,6,0
66.3695,0.827321,59.996794,-0.006616,0.7649,0.0000,7574.5,-0.0042,6,0
66.1862,0.827321,59.996800,-0.006613,0.7818,0.0000,7547.2,-0.0042,6,0
65.9972,0.827321,59.996805,-0.006609,0.7986,0.0000,7522.6,-0.0044,6,0
65.8059,0.827321,59.996811,-0.006605,0.8065,0.0000,7498.1,-0.0046,6,0
65.6139,0.827321,59.996816,-0.006602,0.8143,0.0000,7471.4,-0.0045,6,0
65.4195,0.827321,59.996821,-0.006598,0.8214,0.0000,7449.9,-0.0044,6,0
65.2247,0.828939,59.996827,-0.006594,0.8284,0.0000,7424.4,-0.0044,6,0
65.0274,0.828939,59.996832,-0.006591,0.8367,0.0000,7402.0,-0.0039,6,0
64.8300,0.828939,59.996837,-0.006587,0.8449,0.0000,7378.9,-0.0035,6,0
64.6295,0.828939,59.996842,-0.006583,0.8522,0.0000,7356.7,-0.0032,6,0
64.4285,0.828939,59.996848,-0.006580,0.8595,0.0000,7335.7,-0.0026,6,0
64.2272,0.828939,59.996853,-0.006576,0.8731,0.0000,7307.5,-0.0020,6,0
64.0217,0.828939,59.996859,-0.006573,0.8868,0.0000,7283.8,-0.0016,6,0
63.8141,0.828939,59.996864,-0.006569,0.8898,0.0000,7259.0,-0.0011,6,0
63.6058,0.828939,59.996870,-0.006566,0.8927,0.0000,7234.3,-0.0005,6,0
63.3972,0.828939,59.996876,-0.006562,0.8960,0.0000,7213.2,-0.0001,6,0
63.1883,0.830507,59.996882,-0.006559,0.8993,0.0000,7190.2,0.0000,6,0
62.9784,0.830507,59.996887,-0.006555,0.9031,0.0000,7169.6,0.0003,6,0
62.7693,0.830507,59.996893,-0.006552,0.9069,0.0000,7144.4,0.0004,6,0
62.5589,0.830507,59.996899,-0.006548,0.9073,0.0000,7125.6,0.0004,6,0
62.3506,0.830507,59.996904,-0.006545,0.9076,0.0000,7102.1,0.0004,6,0
62.1397,0.830507,59.996910,-0.006541,0.9156,0.0000,7081.2,0.0006,6,0
61.9285,0.830507,59.996915,-0.006538,0.9235,0.0000,7481.4,0.0006,6,0
61.7177,0.830507,59.996920,-0.006534,0.9242,0.0000,8014.4,0.0005,6,0
61.5053,0.830507,59.996925,-0.006531,0.9250,0.0000,8001.2,0.0006,6,0
61.2952,0.830507,59.996930,-0.006528,0.9266,0.0000,7976.4,0.0006,6,0
61.0831,0.832026,59.996935,-0.006524,0.9283,0.0000,7944.8,0.0007,5,0
60.8723,0.832026,59.996940,-0.006521,0.9267,0.0000,7913.6,0.0009,5,0
60.6607,0.832026,59.996945,-0.006517,0.9250,0.0000,7890.9,0.0010,5,0
60.4506,0.832026,59.996950,-0.006514,0.9252,0.0000,7862.4,0.0013,5,0
60.2404,0.832026,59.996955,-0.006511,0.9255,0.0000,7837.7,0.0013,5,0
60.0317,0.832026,59.996960,-0.006507,0.9271,0.0000,7807.1,0.0014,5,0
59.8219,0.832026,59.996965,-0.006504,0.9286,0.0000,7779.8,0.0014,5,0
59.6138,0.832026,59.996971,-0.006501,0.9239,0.0000,7750.2,0.0012,5,0
59.4062,0.832026,59.996976,-0.006497,0.9191,0.0000,7723.5,0.0011,5,0
59.2011,0.832026,59.996981,-0.006494,0.9139,0.0000,7691.9,0.0010,5,0
58.9977,0.833492,59.996986,-0.006491,0.9086,0.0000,7660.4,0.0010,5,0
58.7946,0.833492,59.996992,-0.006487,0.9090,0.0000,7631.1,0.0008,5,0
58.5914,0.833492,59.996997,-0.006484,0.9093,0.0000,7600.2,0.0008,5,0
58.3879,0.833492,59.997002,-0.006481,0.9107,0.0000,7572.6,0.0011,5,0
58.1848,0.833492,59.997008,-0.006478,0.9120,0.0000,7541.1,0.0014,5,0
57.9807,0.833492,59.997013,-0.006474,0.9128,0.0000,7515.0,0.0018,5,0
57.7760,0.833492,59.997018,-0.006471,0.9135,0.0000,7486.1,0.0023,5,0
57.5727,0.833492,59.997023,-0.006468,0.9108,0.0000,7460.1,0.0028,5,0
57.3702,0.833492,59.997028,-0.006465,0.9081,0.0000,7430.8,0.0031,5,0
57.1683,0.833492,59.997033,-0.006462,0.9048,0.0000,7406.6,0.0035,5,0
56.9675,0.834909,59.997038,-0.006458,0.9015,0.0000,7379.5,0.0037,5,0
56.7670,0.834909,59.997043,-0.006455,0.9013,0.0000,7353.0,0.0040,5,0
56.5680,0.834909,59.997048,-0.006452,0.9010,0.0000,7322.7,0.0041,5,0
56.3668,0.834909,59.997053,-0.006449,0.8999,0.0000,7297.8,0.0042,5,0
56.1674,0.834909,59.997058,-0.006446,0.8988,0.0000,7269.2,0.0043,5,0
55.9671,0.834909,59.997063,-0.006443,0.8991,0.0000,7244.0,0.0044,5,0
55.7683,0.834909,59.997068,-0.006440,0.8993,0.0000,7214.7,0.0044,5,0
55.5672,0.834909,59.997072,-0.006436,0.8957,0.0000,7192.7,0.0045,5,0
55.3686,0.834909,59.997077,-0.006433,0.8920,0.0000,7168.0,0.0045,5,0
55.1698,0.834909,59.997082,-0.006430,0.8920,0.0000,7142.3,0.0046,5,0
54.9722,0.836275,59.997087,-0.006427,0.8920,0.0000,7116.1,0.0046,5,0
54.7728,0.836275,59.997091,-0.006424,0.8906,0.0000,7093.5,0.0047,5,0
54.5759,0.836275,59.997096,-0.006421,0.8893,0.0000,7067.7,0.0048,5,0
54.3776,0.836275,59.997101,-0.006418,0.8882,0.0000,7045.3,0.0048,5,0
54.1817,0.836275,59.997105,-0.006415,0.8871,0.0000,7018.0,0.0049,5,0
53.9840,0.836275,59.997110,-0.006412,0.8854,0.0000,6994.5,0.0050,5,0
53.7889,0.836275,59.997114,-0.006409,0.8837,0.0000,6968.9,0.0053,5,0
53.5925,0.836275,59.997119,-0.006406,0.8812,0.0000,6945.7,0.0054,5,0
53.3987,0.836275,59.997123,-0.006403,0.8788,0.0000,6918.3,0.0056,5,0
53.2041,0.836275,59.997128,-0.006400,0.8774,0.0000,6894.7,0.0057,5,0
53.0115,0.837592,59.997132,-0.006397,0.8761,0.0000,6867.2,0.0059,5,0
52.8179,0.837592,59.997136,-0.006394,0.8748,0.0000,6843.1,0.0061,5,0
52.6264,0.837592,59.997141,-0.006391,0.8734,0.0000,6816.0,0.0064,5,0
52.4345,0.837592,59.997145,-0.006388,0.8718,0.0000,6790.7,0.0065,5,0
52.2449,0.837592,59.997150,-0.006385,0.8702,0.0000,7337.4,0.0067,5,0
52.0566,0.837592,59.997154,-0.006382,0.8702,0.0000,7830.9,0.0069,5,0
51.8687,0.837592,59.997159,-0.006379,0.8702,0.0000,7800.4,0.0072,5,0
51.6809,0.837592,59.997163,-0.006376,0.8675,0.0000,7763.3,0.0074,5,0
51.4940,0.837592,59.997168,-0.006373,0.8649,0.0000,7722.7,0.0077,4,0
51.3077,0.837592,59.997172,-0.006370,0.8641,0.0000,7685.3,0.0080,4,0
51.1211,0.838861,59.997177,-0.006367,0.8634,0.0000,7650.8,0.0083,4,0
50.9348,0.838861,59.997182,-0.006365,0.8639,0.0000,7610.0,0.0086,4,0
50.7475,0.838861,59.997186,-0.006362,0.8644,0.0000,7574.4,0.0089,4,0
50.5622,0.838861,59.997191,-0.006359,0.8592,0.0000,7536.2,0.0093,4,0
50.3777,0.838861,59.997195,-0.006356,0.8541,0.0000,7496.0,0.0095,4,0
50.1937,0.838861,59.997200,-0.006353,0.8562,0.0000,7452.4,0.0098,4,0
50.0101,0.838861,59.997204,-0.006350,0.8583,0.0000,7404.6,0.0100,4,0
49.8251,0.838861,59.997208,-0.006347,0.8572,0.0000,7412.1,0.0105,4,0
49.6399,0.838861,59.997213,-0.006344,0.8561,0.0000,7395.6,0.0107,4,0
49.4535,0.838861,59.997217,-0.006342,0.8589,0.0000,7367.8,0.0111,4,0
49.2669,0.840087,59.997221,-0.006339,0.8617,0.0000,7333.9,0.0112,4,0
49.0779,0.840087,59.997225,-0.006336,0.8586,0.0000,7308.5,0.0114,4,0
48.8901,0.840087,59.997229,-0.006333,0.8556,0.0000,7282.5,0.0114,4,0
48.7018,0.840087,59.997234,-0.006330,0.8528,0.0000,7262.7,0.0114,4,0
48.5138,0.840087,59.997238,-0.006328,0.8500,0.0000,7240.3,0.0110,4,0
48.3262,0.840087,59.997242,-0.006325,0.8517,0.0000,7217.2,0.0106,4,0
48.1379,0.840087,59.997246,-0.006322,0.8534,0.0000,7197.5,0.0103,4,0
47.9510,0.840087,59.997250,-0.006319,0.8507,0.0000,7172.8,0.0100,4,0
47.7643,0.840087,59.997255,-0.006316,0.8480,0.0000,7151.4,0.0100,4,0
47.5781,0.840087,59.997259,-0.006314,0.8500,0.0000,7126.1,0.0099,4,0
47.3917,0.841266,59.997263,-0.006311,0.8519,0.0000,7102.0,0.0103,4,0
47.2059,0.841266,59.997267,-0.006308,0.8522,0.0000,7074.4,0.0106,4,0
47.0209,0.841266,59.997271,-0.006306,0.8524,0.0000,7046.7,0.0112,4,0
46.8354,0.841266,59.997276,-0.006303,0.8482,0.0000,7021.4,0.0117,4,0
46.6520,0.841266,59.997280,-0.006300,0.8441,0.0000,6992.0,0.0123,4,0
46.4685,0.841266,59.997284,-0.006297,0.8446,0.0000,6965.9,0.0130,4,0
46.2851,0.841266,59.997288,-0.006295,0.8451,0.0000,6935.0,0.0137,4,0
46.1015,0.841266,59.997292,-0.006292,0.8418,0.0000,6904.3,0.0145,4,0
45.9189,0.841266,59.997295,-0.006289,0.8385,0.0000,6869.4,0.0150,4,0
45.7362,0.841266,59.997299,-0.006287,0.8408,0.0000,6835.6,0.0158,4,0
45.5522,0.842402,59.997303,-0.006284,0.8431,0.0000,6806.2,0.0163,4,0
45.3689,0.842402,59.997307,-0.006281,0.8454,0.0000,6772.1,0.0169,4,0
45.1825,0.842402,59.997311,-0.006278,0.8478,0.0000,6742.9,0.0173,4,0
44.9965,0.842402,59.997314,-0.006276,0.8431,0.0000,6721.0,0.0174,4,0
44.8100,0.842402,59.997318,-0.006273,0.8385,0.0000,6706.2,0.0178,4,0
44.6249,0.842402,59.997322,-0.006270,0.8404,0.0000,6688.2,0.0180,4,0
44.4411,0.842402,59.997326,-0.006268,0.8424,0.0000,6661.7,0.0181,4,0
44.2557,0.842402,59.997330,-0.006265,0.8402,0.0000,6638.2,0.0178,4,0
44.0713,0.842402,59.997333,-0.006263,0.8380,0.0000,6615.6,0.0173,4,0
43.8894,0.842402,59.997337,-0.006260,0.8413,0.0000,6588.3,0.0168,4,0
43.7068,0.843491,59.997341,-0.006257,0.8446,0.0000,6564.1,0.0161,4,0
43.5245,0.843491,59.997345,-0.006255,0.8424,0.0000,6533.9,0.0155,4,0
43.3430,0.843491,59.997349,-0.006252,0.8402,0.0000,6507.5,0.0147,4,0
43.1624,0.843491,59.997352,-0.006249,0.8380,0.0000,6773.0,0.0141,4,0
42.9859,0.843491,59.997356,-0.006247,0.8358,0.0000,7320.0,0.0136,4,0
42.8107,0.843491,59.997360,-0.006244,0.8349,0.0000,7710.6,0.0130,4,0
42.6365,0.843491,59.997363,-0.006242,0.8341,0.0000,7667.0,0.0126,4,0
42.4638,0.843491,59.997367,-0.006239,0.8326,0.0000,7618.0,0.0118,3,0
42.2890,0.843491,59.997371,-0.006236,0.8311,0.0000,7570.2,0.0113,3,0
42.1145,0.843491,59.997374,-0.006234,0.8309,0.0000,7516.7,0.0116,3,0
41.9403,0.844534,59.997377,-0.006231,0.8307,0.0000,7462.3,0.0105,3,0
41.7609,0.844534,59.997381,-0.006229,0.8283,0.0000,7466.2,0.0098,3,0
41.5839,0.844534,59.997384,-0.006226,0.8260,0.0000,7439.3,0.0086,3,0
41.4059,0.844534,59.997388,-0.006224,0.8210,0.0000,7403.1,0.0072,3,0
41.2286,0.844534,59.997391,-0.006221,0.8160,0.0000,7366.7,0.0057,3,0
41.0521,0.844534,59.997395,-0.006218,0.8141,0.0000,7334.5,0.0039,3,0
40.8737,0.844534,59.997398,-0.006216,0.8121,0.0000,7307.6,0.0021,3,0
40.6962,0.844534,59.997402,-0.006213,0.8094,0.0000,7278.2,0.0000,3,0
40.5174,0.844534,59.997405,-0.006211,0.8067,0.0000,7260.9,-0.0023,3,0
40.3393,0.844534,59.997409,-0.006208,0.8027,0.0000,7238.6,-0.0046,3,0
40.1663,0.845536,59.997412,-0.006206,0.7986,0.0000,7210.1,-0.0072,3,0
39.9917,0.845536,59.997416,-0.006203,0.7972,0.0000,7186.1,-0.0098,3,0
39.8181,0.845536,59.997419,-0.006201,0.7957,0.0000,7161.4,-0.0125,3,0
39.6463,0.845536,59.997423,-0.006198,0.7906,0.0000,7129.4,-0.0153,3,0
39.4749,0.845536,59.997427,-0.006196,0.7854,0.0000,7101.9,-0.0177,3,0
39.3063,0.845536,59.997430,-0.006193,0.7820,0.0000,7070.4,-0.0201,3,0
39.1391,0.845536,59.997433,-0.006191,0.7786,0.0000,7040.5,-0.0224,3,0
38.9698,0.845536,59.997437,-0.006189,0.7720,0.0000,7012.9,-0.0240,3,0
38.8060,0.845536,59.997440,-0.006186,0.7655,0.0000,6975.8,-0.0258,3,0
38.6411,0.845536,59.997443,-0.006184,0.7581,0.0000,6943.9,-0.0273,3,0
38.4772,0.846494,59.997447,-0.006181,0.7508,0.0000,6906.6,-0.0286,3,0
38.3157,0.846494,59.997450,-0.006179,0.7456,0.0000,6874.0,-0.0297,3,0
38.1553,0.846494,59.997453,-0.006176,0.7405,0.0000,6838.8,-0.0302,3,0
37.9954,0.846494,59.997456,-0.006174,0.7339,0.0000,6802.4,-0.0302,3,0
37.8362,0.846494,59.997460,-0.006172,0.7273,0.0000,6765.5,-0.0294,3,0
37.6849,0.846494,59.997463,-0.006169,0.7219,0.0000,6709.4,-0.0281,3,0
37.5289,0.846494,59.997466,-0.006167,0.7165,0.0000,6716.5,-0.0270,3,0
37.3742,0.846494,59.997469,-0.006165,0.7087,0.0000,6702.9,-0.0257,3,0
37.2211,0.846494,59.997472,-0.006162,0.7009,0.0000,6679.7,-0.0244,3,0
37.0674,0.846494,59.997475,-0.006160,0.6927,0.0000,6653.3,-0.0233,3,0
36.9152,0.847411,59.997479,-0.006158,0.6845,0.0000,6633.5,-0.0225,3,0
36.7621,0.847411,59.997482,-0.006155,0.6799,0.0000,6618.9,-0.0217,3,0
36.6123,0.847411,59.997485,-0.006153,0.6752,0.0000,6596.3,-0.0216,3,0
36.4634,0.847411,59.997488,-0.006151,0.6678,0.0000,6572.7,-0.0224,3,0
36.3177,0.847411,59.997491,-0.006148,0.6604,0.0000,6546.5,-0.0228,3,0
36.1742,0.847411,59.997494,-0.006146,0.6567,0.0000,6525.9,-0.0240,3,0
36.0250,0.847411,59.997497,-0.006144,0.6530,0.0000,6510.0,-0.0259,3,0
35.8800,0.847411,59.997500,-0.006142,0.6453,0.0000,6485.9,-0.0269,3,0
35.7375,0.847411,59.997503,-0.006140,0.6376,0.0000,6462.8,-0.0286,3,0
35.5975,0.847411,59.997506,-0.006137,0.6292,0.0000,6728.9,-0.0302,3,0
35.4592,0.848291,59.997509,-0.006135,0.6207,0.0000,7276.7,-0.0317,3,0
35.3240,0.848291,59.997512,-0.006133,0.6114,0.0000,7815.6,-0.0327,3,0
35.1972,0.848291,59.997515,-0.006131,0.6022,0.0000,7875.1,-0.0336,3,0
35.0595,0.848291,59.997518,-0.006129,0.5869,0.0000,7841.3,-0.0348,2,0
34.9317,0.848291,59.997521,-0.006126,0.5716,0.0000,7807.7,-0.0350,2,0
34.8100,0.848291,59.997524,-0.006124,0.5613,0.0000,7780.7,-0.0356,2,0
34.6818,0.848291,59.997527,-0.006122,0.5511,0.0000,7740.5,-0.0361,2,0
34.5554,0.848291,59.997530,-0.006120,0.5360,0.0000,7730.7,-0.0361,2,0
34.4353,0.848291,59.997533,-0.006118,0.5208,0.0000,7703.2,-0.0362,2,0
34.3235,0.848291,59.997536,-0.006116,0.5108,0.0000,7665.4,-0.0362,2,0
34.1961,0.849139,59.997540,-0.006114,0.5008,0.0000,7658.5,-0.0370,2,0
34.0823,0.849139,59.997543,-0.006112,0.4881,0.0000,7639.7,-0.0371,2,0
33.9765,0.849139,59.997546,-0.006110,0.4754,0.0000,7609.6,-0.0379,2,0
33.8669,0.849139,59.997549,-0.006108,0.4661,0.0000,7574.6,-0.0390,2,0
33.7506,0.849139,59.997552,-0.006106,0.4568,0.0000,7583.5,-0.0397,2,0
33.6473,0.849139,59.997555,-0.006104,0.4466,0.0000,7552.6,-0.0403,2,0
33.5554,0.849139,59.997557,-0.006102,0.4365,0.0000,7517.8,-0.0409,2,0
33.4403,0.849139,59.997560,-0.006100,0.4249,0.0000,7515.3,-0.0428,2,0
33.3396,0.849139,59.997563,-0.006098,0.4133,0.0000,7506.8,-0.0434,2,0
33.2460,0.849139,59.997565,-0.006096,0.4061,0.0000,7471.4,-0.0449,2,0
33.1599,0.849958,59.997567,-0.006094,0.3989,0.0000,7432.8,-0.0461,2,0
33.0523,0.849958,59.997570,-0.006092,0.3912,0.0000,7446.7,-0.0479,2,0
32.9623,0.849958,59.997572,-0.006091,0.3835,0.0000,7419.7,-0.0491,2,0
32.8793,0.849958,59.997575,-0.006089,0.3742,0.0000,7388.3,-0.0509,2,0
32.7889,0.849958,59.997577,-0.006087,0.3648,0.0000,7357.9,-0.0532,2,0
32.6934,0.849958,59.997580,-0.006085,0.3533,0.0000,7369.4,-0.0554,2,0
32.6110,0.849958,59.997583,-0.006083,0.3418,0.0000,7339.3,-0.0579,2,0
32.5415,0.849958,59.997586,-0.006081,0.3318,0.0000,7309.4,-0.0603,2,0
32.4498,0.849958,59.997590,-0.006080,0.3218,0.0000,7299.5,-0.0641,2,0
32.3683,0.849958,59.997593,-0.006078,0.3157,0.0000,7293.2,-0.0669,2,0
32.2927,0.850757,59.997596,-0.006076,0.3096,0.0000,7265.4,-0.0703,2,0
32.2269,0.850757,59.997599,-0.006074,0.3017,0.0000,7227.1,-0.0732,2,0
32.1391,0.850757,59.997602,-0.006072,0.2939,0.0000,7236.0,-0.0768,2,0
32.0659,0.850757,59.997606,-0.006071,0.2858,0.0000,7223.6,-0.0793,2,0
31.9995,0.850757,59.997609,-0.006069,0.2776,0.0000,7196.4,-0.0816,2,0
31.9382,0.850757,59.997612,-0.006067,0.2687,0.0000,7149.9,-0.0836,2,0
31.8562,0.850757,59.997615,-0.006066,0.2598,0.0000,7173.7,-0.0860,2,0
31.7896,0.850757,59.997618,-0.006064,0.2472,0.0000,7163.5,-0.0878,2,0
31.7328,0.850757,59.997620,-0.006062,0.2346,0.0000,7140.9,-0.0893,2,0
31.6708,0.850757,59.997623,-0.006061,0.2271,0.0000,7115.4,-0.0908,2,0
31.6015,0.851533,59.997626,-0.006059,0.2195,0.0000,7133.8,-0.0919,2,0
31.5441,0.851533,59.997629,-0.006057,0.2100,0.0000,7112.3,-0.0928,2,0
31.4934,0.851533,59.997632,-0.006056,0.2005,0.0000,7093.4,-0.0934,2,0
31.4330,0.851533,59.997634,-0.006054,0.1906,0.0000,7082.2,-0.0947,2,0
31.3740,0.851533,59.997637,-0.006053,0.1807,0.0000,7098.5,-0.0954,2,0
31.3250,0.851533,59.997640,-0.006051,0.1768,0.0000,7075.1,-0.0963,2,0
31.2812,0.851533,59.997642,-0.006049,0.1729,0.0000,7052.2,-0.0967,2,0
31.2243,0.851533,59.997645,-0.006048,0.1650,0.0000,7050.0,-0.0975,2,0
31.1730,0.851533,59.997647,-0.006047,0.1572,0.0000,7053.4,-0.0975,2,0
31.1278,0.851533,59.997650,-0.006045,0.1538,0.0000,7035.3,-0.0979,2,0
31.0872,0.852296,59.997653,-0.006044,0.1504,0.0000,7013.7,-0.0982,2,0
31.0338,0.852296,59.997655,-0.006042,0.1439,0.0000,7023.4,-0.0992,2,0
30.9892,0.852296,59.997657,-0.006041,0.1375,0.0000,7017.9,-0.0998,2,0
30.9496,0.852296,59.997660,-0.006039,0.1323,0.0000,6999.3,-0.1005,2,0
30.9113,0.852296,59.997662,-0.006038,0.1272,0.0000,6979.0,-0.1011,2,0
30.8640,0.852296,59.997665,-0.006036,0.1245,0.0000,6988.1,-0.1018,2,0
30.8224,0.852296,59.997668,-0.006035,0.1218,0.0000,6977.9,-0.1024,2,0
30.7833,0.852296,59.997670,-0.006034,0.1184,0.0000,6967.7,-0.1033,2,0
30.7448,0.852296,59.997673,-0.006033,0.1150,0.0000,6952.7,-0.1044,2,0
30.7013,0.852296,59.997676,-0.006031,0.1134,0.0000,6960.7,-0.1055,2,0
30.6642,0.853050,59.997678,-0.006030,0.1118,0.0000,6943.2,-0.1065,2,0
30.6253,0.853050,59.997681,-0.006029,0.1085,0.0000,6933.7,-0.1072,2,0
30.5874,0.853050,59.997684,-0.006028,0.1052,0.0000,6922.8,-0.1078,2,0
30.5465,0.853050,59.997687,-0.006026,0.0995,0.0000,6928.9,-0.1084,2,0
30.5114,0.853050,59.997689,-0.006025,0.0938,0.0000,6917.8,-0.1094,2,0
30.4758,0.853050,59.997692,-0.006024,0.0895,0.0000,6913.5,-0.1103,2,0
30.4412,0.853050,59.997695,-0.006023,0.0852,0.0000,6906.5,-0.1112,2,0
30.4073,0.853050,59.997698,-0.006022,0.0831,0.0000,6900.5,-0.1120,2,0
30.3750,0.853050,59.997700,-0.006021,0.0811,0.0000,6889.9,-0.1127,2,0
30.3414,0.853050,59.997703,-0.006019,0.0808,0.0000,6883.4,-0.1135,2,0
30.3072,0.853790,59.997706,-0.006018,0.0805,0.0000,6879.4,-0.1144,2,0
30.2735,0.853790,59.997709,-0.006017,0.0794,0.0000,6875.3,-0.1158,2,0
30.2407,0.853790,59.997712,-0.006016,0.0784,0.0000,6869.9,-0.1174,2,0
30.2078,0.853790,59.997714,-0.006015,0.0797,0.0000,6864.8,-0.1191,2,0
30.1760,0.853790,59.997717,-0.006014,0.0810,0.0000,6854.1,-0.1208,2,0
30.1434,0.853790,59.997720,-0.006013,0.0818,0.0000,6843.7,-0.1225,2,0
30.1095,0.853790,59.997723,-0.006012,0.0825,0.0000,6836.5,-0.1242,2,0
30.0758,0.853790,59.997725,-0.006011,0.0825,0.0000,6827.6,-0.1260,2,0
30.0419,0.853790,59.997728,-0.006011,0.0825,0.0000,6821.0,-0.1279,2,0
30.0079,0.853790,59.997730,-0.006010,0.0850,0.0000,6815.2,-0.1299,2,0
29.9748,0.854520,59.997733,-0.006009,0.0874,0.0000,6805.3,-0.1320,2,0
29.9413,0.854520,59.997736,-0.006008,0.0881,0.0000,6792.1,-0.1339,2,0
29.9081,0.854520,59.997738,-0.006007,0.0889,0.0000,6779.4,-0.1358,2,0
29.8739,0.854520,59.997741,-0.006006,0.0884,0.0000,6771.6,-0.1377,2,0
29.8399,0.854520,59.997743,-0.006005,0.0879,0.0000,6761.9,-0.1397,2,0
29.8065,0.854520,59.997746,-0.006005,0.0895,0.0000,6752.7,-0.1421,2,0
29.7715,0.854520,59.997749,-0.006004,0.0911,0.0000,6746.5,-0.1448,2,0
29.7365,0.854520,59.997751,-0.006003,0.0917,0.0000,6737.1,-0.1475,2,0
29.7030,0.854520,59.997754,-0.006003,0.0923,0.0000,6724.5,-0.1504,2,0
29.6690,0.854520,59.997756,-0.006002,0.0946,0.0000,6711.5,-0.1535,2,0
29.6340,0.855239,59.997759,-0.006001,0.0968,0.0000,6701.2,-0.1566,2,0
29.5985,0.855239,59.997762,-0.006001,0.0966,0.0000,6690.6,-0.1598,2,0
29.5632,0.855239,59.997764,-0.006000,0.0964,0.0000,6680.5,-0.1632,2,0
29.5269,0.855239,59.997767,-0.006000,0.0959,0.0000,6673.7,-0.1666,2,0
29.4912,0.855239,59.997769,-0.005999,0.0955,0.0000,6666.1,-0.1698,2,0
29.4559,0.855239,59.997772,-0.005998,0.0966,0.0000,6655.3,-0.1727,2,0
29.4203,0.855239,59.997775,-0.005998,0.0977,0.0000,6641.8,-0.1753,2,0
29.3839,0.855239,59.997778,-0.005997,0.0970,0.0000,6631.3,-0.1775,2,0
29.3473,0.855239,59.997780,-0.005997,0.0964,0.0000,6622.5,-0.1793,2,0
29.3108,0.855239,59.997783,-0.005996,0.0979,0.0000,6613.7,-0.1808,2,0
29.2738,0.855945,59.997786,-0.005996,0.0994,0.0000,6605.6,-0.1820,2,0
29.2365,0.855945,59.997789,-0.005996,0.0966,0.0000,6602.3,-0.1827,2,0
29.2005,0.855945,59.997792,-0.005995,0.0938,0.0000,6595.5,-0.1832,2,0
29.1649,0.855945,59.997794,-0.005995,0.0916,0.0000,6587.9,-0.1833,2,0
29.1289,0.855945,59.997797,-0.005994,0.0894,0.0000,6581.5,-0.1832,2,0
29.0924,0.855945,59.997800,-0.005994,0.0873,0.0000,6579.6,-0.1829,2,0
29.0576,0.855945,59.997803,-0.005994,0.0852,0.0000,6571.5,-0.1827,2,0
29.0226,0.855945,59.997805,-0.005993,0.0841,0.0000,6567.3,-0.1825,2,0
28.9878,0.855945,59.997808,-0.005993,0.0830,0.0000,6564.3,-0.1820,2,0
28.9537,0.855945,59.997810,-0.005993,0.0793,0.0000,6561.4,-0.1815,2,0
28.9196,0.856635,59.997813,-0.005993,0.0757,0.0000,6558.3,-0.1809,2,0
28.8864,0.856635,59.997816,-0.005992,0.0698,0.0000,6556.1,-0.1803,2,0
28.8542,0.856635,59.997818,-0.005992,0.0640,0.0000,6554.4,-0.1799,2,0
28.8238,0.856635,59.997821,-0.005992,0.0609,0.0000,6550.7,-0.1798,2,0
28.7937,0.856635,59.997823,-0.005992,0.0579,0.0000,6547.7,-0.1801,2,0
28.7643,0.856635,59.997826,-0.005991,0.0557,0.0000,6547.5,-0.1807,2,0
28.7359,0.856635,59.997828,-0.005991,0.0535,0.0000,6546.0,-0.1814,2,0
28.7067,0.856635,59.997831,-0.005991,0.0540,0.0000,6545.9,-0.1823,2,0
28.6784,0.856635,59.997833,-0.005991,0.0545,0.0000,6539.8,-0.1833,2,0
28.6497,0.856635,59.997836,-0.005991,0.0515,0.0000,6536.9,-0.1846,2,0
28.6224,0.857309,59.997838,-0.005991,0.0486,0.0000,6533.1,-0.1863,2,0
28.5952,0.857309,59.997840,-0.005991,0.0464,0.0000,6530.6,-0.1884,2,0
28.5687,0.857309,59.997843,-0.005991,0.0442,0.0000,6527.5,-0.1908,2,0
28.5433,0.857309,59.997845,-0.005991,0.0389,0.0000,6525.3,-0.1934,2,0
28.5186,0.857309,59.997848,-0.005991,0.0337,0.0000,6523.0,-0.1962,2,0
28.4947,0.857309,59.997850,-0.005991,0.0306,0.0000,6519.5,-0.1991,2,0
28.4714,0.857309,59.997853,-0.005991,0.0276,0.0000,6513.2,-0.2022,2,0
28.4498,0.857309,59.997855,-0.005992,0.0336,0.0000,6503.8,-0.2055,2,0
28.4279,0.857309,59.997858,-0.005992,0.0396,0.0000,6493.8,-0.2089,2,0
28.4046,0.857309,59.997860,-0.005992,0.0393,0.0000,6482.1,-0.2124,2,0
28.3803,0.857968,59.997862,-0.005992,0.0391,0.0000,6473.6,-0.2158,2,0
28.3548,0.857968,59.997865,-0.005992,0.0385,0.0000,6467.4,-0.2191,2,0
28.3291,0.857968,59.997867,-0.005993,0.0379,0.0000,6461.6,-0.2221,2,0
28.3046,0.857968,59.997870,-0.005993,0.0383,0.0000,6452.9,-0.2250,2,0
28.2803,0.857968,59.997872,-0.005993,0.0388,0.0000,6443.3,-0.2278,2,0
28.2554,0.857968,59.997875,-0.005993,0.0388,0.0000,6434.7,-0.2305,2,0
28.2310,0.857968,59.997878,-0.005994,0.0388,0.0000,6427.6,-0.2331,2,0
28.2066,0.857968,59.997880,-0.005994,0.0426,0.0000,6419.2,-0.2353,2,0
28.1811,0.857968,59.997883,-0.005994,0.0464,0.0000,6411.5,-0.2373,2,0
28.1537,0.857968,59.997886,-0.005995,0.0488,0.0000,6406.8,-0.2388,2,0
28.1253,0.858618,59.997889,-0.005995,0.0513,0.0000,6402.4,-0.2398,2,0
28.0970,0.858618,59.997891,-0.005996,0.0546,0.0000,6393.9,-0.2404,2,0
28.0680,0.858618,59.997894,-0.005996,0.0579,0.0000,6384.4,-0.2409,2,0
28.0374,0.858618,59.997897,-0.005997,0.0577,0.0000,6377.5,-0.2411,2,0
28.0068,0.858618,59.997899,-0.005997,0.0576,0.0000,6372.1,-0.2410,2,0
27.9769,0.858618,59.997902,-0.005997,0.0577,0.0000,6365.5,-0.2406,2,0
27.9459,0.858618,59.997904,-0.005998,0.0579,0.0000,6361.4,-0.2398,2,0
27.9141,0.858618,59.997907,-0.005999,0.0564,0.0000,6359.9,-0.2388,2,0
27.8826,0.858618,59.997909,-0.005999,0.0549,0.0000,6356.6,-0.2375,2,0
27.8523,0.858618,59.997911,-0.006000,0.0540,0.0000,6349.8,-0.2363,2,0
27.8214,0.859249,59.997914,-0.006001,0.0530,0.0000,6345.6,-0.2351,2,0
27.7914,0.859249,59.997916,-0.006001,0.0516,0.0000,6340.9,-0.2339,2,0
27.7611,0.859249,59.997918,-0.006002,0.0503,0.0000,6339.4,-0.2327,2,0
27.7307,0.859249,59.997920,-0.006003,0.0465,0.0000,6339.4,-0.2315,2,0
27.7011,0.859249,59.997923,-0.006003,0.0427,0.0000,6340.0,-0.2304,2,0
27.6717,0.859249,59.997925,-0.006004,0.0398,0.0000,6339.2,-0.2293,2,0
27.6434,0.859249,59.997928,-0.006005,0.0369,0.0000,6339.0,-0.2286,2,0
27.6167,0.859249,59.997930,-0.006006,0.0338,0.0000,6337.2,-0.2283,2,0
27.5910,0.859249,59.997933,-0.006007,0.0308,0.0000,6334.6,-0.2282,2,0
27.5657,0.859249,59.997935,-0.006007,0.0249,0.0000,6333.2,-0.2284,2,0
27.5417,0.859914,59.997938,-0.006008,0.0190,0.0000,6332.9,-0.2287,2,0
27.5180,0.859914,59.997940,-0.006009,0.0145,0.0000,6335.6,-0.2290,2,0
27.4948,0.859914,59.997943,-0.006010,0.0100,0.0000,6337.6,-0.2292,2,0
27.4730,0.859914,59.997945,-0.006011,0.0054,0.0000,6336.8,-0.2294,2,0
27.4534,0.859914,59.997948,-0.006012,0.0007,0.0000,6333.4,-0.2295,2,0
27.4343,0.859914,59.997950,-0.006013,0.0004,0.0000,6329.2,-0.2296,2,0
27.4164,0.859914,59.997952,-0.006014,0.0000,0.0000,6321.3,-0.2293,2,0
27.3980,0.859914,59.997955,-0.006015,0.0000,0.0000,6314.7,-0.2286,2,0
27.3786,0.859914,59.997957,-0.006016,0.0000,0.0000,6311.6,-0.2276,2,0
27.3594,0.859914,59.997960,-0.006017,0.0000,0.0000,6307.8,-0.2260,2,0
27.3405,0.860685,59.997962,-0.006019,0.0000,0.0000,6301.3,-0.2243,2,0
27.3214,0.860685,59.997964,-0.006020,0.0000,0.0000,6295.8,-0.2225,2,0
27.3032,0.860685,59.997967,-0.006021,0.0000,0.0000,6287.7,-0.2208,2,0
27.2846,0.860685,59.997969,-0.006022,0.0000,0.0000,6280.2,-0.2190,2,0
27.2665,0.860685,59.997972,-0.006023,0.0000,0.0000,6270.7,-0.2172,2,0
27.2475,0.860685,59.997974,-0.006024,0.0000,0.0000,6266.0,-0.2154,2,0
27.2277,0.860685,59.997976,-0.006026,0.0000,0.0000,6262.3,-0.2134,2,0
27.2076,0.860685,59.997979,-0.006027,0.0000,0.0000,6259.6,-0.2111,2,0
27.1882,0.860685,59.997981,-0.006029,0.0000,0.0000,6255.5,-0.2088,2,0
27.1691,0.860685,59.997983,-0.006030,0.0000,0.0000,6251.6,-0.2066,2,0
27.1502,0.861315,59.997985,-0.006031,0.0000,0.0000,6246.2,-0.2042,2,0
27.1298,0.861315,59.997988,-0.006033,0.0000,0.0052,6242.4,-0.2015,2,0
27.1101,0.861315,59.997990,-0.006034,0.0000,0.0105,6242.6,-0.1985,2,0
27.0918,0.861315,59.997992,-0.006036,0.0000,0.0268,6246.2,-0.1953,2,0
27.0755,0.861315,59.997995,-0.006037,0.0000,0.0431,6252.3,-0.1919,2,0
27.0597,0.861315,59.997997,-0.006038,0.0000,0.0618,6261.7,-0.1892,2,0
27.0421,0.861315,59.997999,-0.006040,0.0000,0.0806,6269.4,-0.1857,2,0
27.0288,0.861315,59.998002,-0.006042,0.0000,0.0999,6276.6,-0.1819,2,0
27.0195,0.861315,59.998004,-0.006043,0.0000,0.1193,6284.1,-0.1776,2,0
27.0126,0.861315,59.998006,-0.006045,0.0000,0.1397,6295.8,-0.1732,2,0
27.0090,0.862309,59.998008,-0.006047,0.0000,0.1601,6307.1,-0.1706,2,0
27.0064,0.862309,59.998011,-0.006048,0.0000,0.1768,6317.5,-0.1692,2,0
26.9986,0.862309,59.998013,-0.006050,0.0000,0.1934,6328.8,-0.1676,2,0
26.9931,0.862309,59.998015,-0.006051,0.0000,0.2157,6343.3,-0.1658,2,0
26.9938,0.862309,59.998018,-0.006053,0.0000,0.2380,6355.9,-0.1638,2,0
27.0026,0.862309,59.998020,-0.006055,0.0000,0.2565,6349.4,-0.1634,2,0
27.0109,0.862309,59.998022,-0.006057,0.0000,0.2751,6358.3,-0.1644,2,0
27.0196,0.862309,59.998025,-0.006059,0.0000,0.2910,6364.1,-0.1657,2,0
27.0193,0.862309,59.998027,-0.006060,0.0000,0.3070,6379.1,-0.1657,2,0
27.0103,0.862309,59.998029,-0.006062,0.0000,0.3229,6469.8,-0.1656,2,0
27.0231,0.863440,59.998031,-0.006064,0.0000,0.3388,6466.7,-0.1673,2,0
27.0518,0.863440,59.998034,-0.006066,0.0000,0.3539,6422.9,-0.1693,2,0
27.0594,0.863440,59.998036,-0.006068,0.0000,0.3690,6398.7,-0.1708,2,0
27.0707,0.863440,59.998038,-0.006070,0.0000,0.3849,6405.2,-0.1700,2,0
27.0695,0.863440,59.998041,-0.006072,0.0000,0.4009,6510.7,-0.1691,2,0
27.0734,0.863440,59.998043,-0.006074,0.0000,0.4093,6570.7,-0.1705,2,0
27.1045,0.863440,59.998045,-0.006076,0.0000,0.4176,6465.9,-0.1703,2,0
27.1281,0.863440,59.998048,-0.006078,0.0000,0.4266,6419.7,-0.1689,2,0
27.1370,0.863440,59.998050,-0.006080,0.0000,0.4356,6470.2,-0.1671,2,0
27.1377,0.863440,59.998052,-0.006082,0.0000,0.4382,6581.1,-0.1651,2,0
27.1518,0.864441,59.998055,-0.006084,0.0000,0.4408,6573.7,-0.1651,2,0
27.1874,0.864441,59.998057,-0.006087,0.0000,0.4412,6450.9,-0.1623,2,0
27.2138,0.864441,59.998059,-0.006089,0.0000,0.4416,6426.3,-0.1601,2,0
27.2166,0.864441,59.998061,-0.006091,0.0000,0.4416,6518.3,-0.1575,2,0
27.2202,0.864441,59.998064,-0.006093,0.0000,0.4416,6611.8,-0.1551,2,0
27.2499,0.864441,59.998066,-0.006095,0.0000,0.4424,6516.6,-0.1535,2,0
27.2824,0.864441,59.998068,-0.006097,0.0000,0.4433,6453.9,-0.1516,2,0
27.3037,0.864441,59.998070,-0.006100,0.0000,0.4443,6457.3,-0.1507,2,0
27.3054,0.864441,59.998072,-0.006102,0.0000,0.4453,6557.1,-0.1501,2,0
27.3285,0.864441,59.998074,-0.006105,0.0000,0.4462,6554.4,-0.1501,2,0
27.3622,0.865090,59.998075,-0.006107,0.0000,0.4470,6504.3,-0.1503,2,0
27.3883,0.865090,59.998077,-0.006109,0.0000,0.4474,6487.8,-0.1511,2,0
27.4091,0.865090,59.998079,-0.006112,0.0000,0.4478,6497.7,-0.1525,2,0
27.4242,0.865090,59.998081,-0.006114,0.0000,0.4495,6530.6,-0.1544,2,0
27.4515,0.865090,59.998083,-0.006116,0.0000,0.4513,6509.0,-0.1564,2,0
27.4752,0.865090,59.998085,-0.006119,0.0000,0.4545,6504.8,-0.1587,2,0
27.4982,0.865090,59.998087,-0.006121,0.0000,0.4578,6506.3,-0.1611,2,0
27.5200,0.865090,59.998090,-0.006124,0.0000,0.4630,6514.8,-0.1633,2,0
27.5427,0.865090,59.998092,-0.006126,0.0000,0.4682,6519.3,-0.1654,2,0
27.5662,0.865090,59.998094,-0.006129,0.0000,0.4748,6521.1,-0.1671,2,0
27.5901,0.865841,59.998097,-0.006132,0.0000,0.4814,6522.9,-0.1684,2,0
27.6127,0.865841,59.998099,-0.006134,0.0000,0.4916,6533.5,-0.1695,2,0
27.6363,0.865841,59.998101,-0.006137,0.0000,0.5018,6541.7,-0.1702,2,0
27.6611,0.865841,59.998103,-0.006139,0.0000,0.5097,6548.0,-0.1704,2,0
27.6861,0.865841,59.998106,-0.006142,0.0000,0.5176,6555.3,-0.1701,2,0
27.7117,0.865841,59.998108,-0.006144,0.0000,0.5301,6568.0,-0.1690,2,0
27.7378,0.865841,59.998110,-0.006147,0.0000,0.5425,6578.9,-0.1672,2,0
27.7650,0.865841,59.998112,-0.006150,0.0000,0.5567,6588.0,-0.1648,2,0
27.7935,0.865841,59.998114,-0.006153,0.0000,0.5710,6600.0,-0.1620,2,0
27.8220,0.865841,59.998116,-0.006155,0.0000,0.5877,6618.7,-0.1588,2,0
27.8518,0.866501,59.998117,-0.006158,0.0000,0.6044,6636.6,-0.1552,2,0
27.8837,0.866501,59.998119,-0.006161,0.0000,0.6212,6648.2,-0.1510,2,0
27.9172,0.866501,59.998121,-0.006163,0.0000,0.6380,6660.6,-0.1466,2,0
27.9511,0.866501,59.998123,-0.006166,0.0000,0.6521,6679.3,-0.1417,2,0
27.9864,0.866501,59.998125,-0.006169,0.0000,0.6662,6695.1,-0.1365,2,0
28.0222,0.866501,59.998127,-0.006172,0.0000,0.6795,6709.1,-0.1311,2,0
28.0590,0.866501,59.998129,-0.006175,0.0000,0.6929,6727.3,-0.1257,2,0
28.0961,0.866501,59.998132,-0.006178,0.0000,0.7031,6744.7,-0.1204,2,0
28.1345,0.866501,59.998134,-0.006181,0.0000,0.7134,6760.7,-0.1148,2,0
28.1757,0.866501,59.998136,-0.006183,0.0000,0.7276,6770.4,-0.1092,2,0
28.2167,0.867182,59.998138,-0.006186,0.0000,0.7418,6786.7,-0.1039,2,0
28.2582,0.867182,59.998141,-0.006189,0.0000,0.7562,6802.7,-0.0986,2,0
28.3017,0.867182,59.998143,-0.006192,0.0000,0.7705,6814.1,-0.0938,2,0
28.3460,0.867182,59.998145,-0.006195,0.0000,0.7830,6828.5,-0.0894,2,0
28.3905,0.867182,59.998148,-0.006198,0.0000,0.7954,6846.7,-0.0855,2,0
28.4378,0.867182,59.998150,-0.006201,0.0000,0.8080,6857.3,-0.0820,2,0
28.4868,0.867182,59.998152,-0.006204,0.0000,0.8206,6863.6,-0.0787,2,0
28.5354,0.867182,59.998154,-0.006207,0.0000,0.8332,6874.6,-0.0755,2,0
28.5847,0.867182,59.998156,-0.006210,0.0000,0.8458,6887.2,-0.0724,2,0
28.6352,0.867182,59.998158,-0.006214,0.0000,0.8580,6897.8,-0.0695,2,0
28.6871,0.867871,59.998160,-0.006217,0.0000,0.8702,6906.2,-0.0667,2,0
28.7380,0.867871,59.998162,-0.006220,0.0000,0.8784,6923.2,-0.0641,2,0
28.7898,0.867871,59.998164,-0.006223,0.0000,0.8865,6937.9,-0.0613,2,0
28.8446,0.867871,59.998166,-0.006226,0.0000,0.8946,6942.7,-0.0583,2,0
28.8996,0.867871,59.998168,-0.006229,0.0000,0.9027,6948.5,-0.0551,2,0
28.9546,0.867871,59.998170,-0.006232,0.0000,0.9109,6956.0,-0.0515,2,0
29.0092,0.867871,59.998172,-0.006236,0.0000,0.9192,6966.4,-0.0476,2,0
29.0651,0.867871,59.998174,-0.006239,0.0000,0.9278,6976.2,-0.0435,2,0
29.1201,0.867871,59.998175,-0.006242,0.0000,0.9364,6990.1,-0.0395,2,0
29.1760,0.867871,59.998177,-0.006246,0.0000,0.9444,7001.1,-0.0355,2,0
29.2340,0.868578,59.998179,-0.006249,0.0000,0.9523,7002.6,-0.0313,2,0
29.2927,0.868578,59.998181,-0.006252,0.0000,0.9578,7001.9,-0.0269,2,0
29.3502,0.868578,59.998183,-0.006256,0.0000,0.9633,7006.8,-0.0225,2,0
29.4080,0.868578,59.998184,-0.006259,0.0000,0.9687,7009.7,-0.0179,2,0
29.4666,0.868578,59.998186,-0.006262,0.0000,0.9740,7009.5,-0.0133,2,0
29.5233,0.868578,59.998188,-0.006266,0.0000,0.9794,7017.0,-0.0088,2,0
29.5798,0.868578,59.998190,-0.006269,0.0000,0.9847,7026.6,-0.0042,2,0
29.6387,0.868578,59.998192,-0.006273,0.0000,0.9894,7025.8,0.0003,2,0
29.6982,0.868578,59.998195,-0.006276,0.0000,0.9940,7023.5,0.0047,2,0
29.7564,0.868578,59.998197,-0.006279,0.0000,0.9970,7026.0,0.0090,2,0
29.8137,0.869301,59.998199,-0.006283,0.0000,1.0000,7032.3,0.0134,2,0
29.8722,0.869301,59.998201,-0.006286,0.0000,1.0000,7034.0,0.0175,2,0
29.9307,0.869301,59.998203,-0.006290,0.0000,1.0000,7035.6,0.0218,2,0
29.9887,0.869301,59.998206,-0.006293,0.0000,1.0000,7038.8,0.0261,2,0
30.0468,0.869301,59.998208,-0.006297,0.0000,1.0000,7041.9,0.0307,2,0
30.1045,0.869301,59.998210,-0.006300,0.0000,1.0000,7047.8,0.0353,2,0
30.1622,0.869301,59.998212,-0.006304,0.0000,1.0000,7053.0,0.0402,2,0
30.2193,0.869301,59.998214,-0.006307,0.0000,1.0000,7059.3,0.0452,2,0
30.2752,0.869301,59.998216,-0.006311,0.0000,1.0000,7070.7,0.0504,2,0
30.3299,0.869301,59.998218,-0.006315,0.0000,1.0000,7086.9,0.0559,2,0
30.3833,0.870036,59.998220,-0.006318,0.0000,1.0000,7110.0,0.0618,2,0
30.4373,0.870036,59.998222,-0.006322,0.0000,1.0000,7129.9,0.0679,2,0
30.4920,0.870036,59.998224,-0.006325,0.0000,1.0000,7146.1,0.0738,2,0
30.5454,0.870036,59.998226,-0.006329,0.0000,1.0000,7167.3,0.0797,2,0
30.5983,0.870036,59.998228,-0.006332,0.0000,1.0000,7189.2,0.0855,2,0
30.6513,0.870036,59.998230,-0.006336,0.0000,1.0000,7209.8,0.0911,2,0
30.7040,0.870036,59.998232,-0.006340,0.0000,1.0000,7232.2,0.0967,2,0
30.7567,0.870036,59.998234,-0.006343,0.0000,0.9987,7254.8,0.1022,2,0
30.8109,0.870036,59.998236,-0.006347,0.0000,0.9975,7270.1,0.1075,2,0
30.8649,0.870036,59.998238,-0.006350,0.0000,0.9894,7286.4,0.1120,2,0
30.9166,0.870783,59.998240,-0.006354,0.0000,0.9813,7310.9,0.1161,2,0
30.9684,0.870783,59.998242,-0.006357,0.0000,0.9742,7331.9,0.1199,2,0
31.0209,0.870783,59.998244,-0.006361,0.0000,0.9671,7349.0,0.1232,2,0
31.0733,0.870783,59.998246,-0.006365,0.0000,0.9602,7367.2,0.1265,2,0
31.1252,0.870783,59.998248,-0.006368,0.0000,0.9534,7387.7,0.1299,2,0
31.1778,0.870783,59.998250,-0.006372,0.0000,0.9458,7403.0,0.1332,2,0
31.2308,0.870783,59.998252,-0.006375,0.0000,0.9382,7414.3,0.1362,2,0
31.2815,0.870783,59.998254,-0.006379,0.0000,0.9299,7433.3,0.1390,2,0
31.3312,0.870783,59.998257,-0.006382,0.0000,0.9217,7452.2,0.1414,2,0
31.3809,0.870783,59.998259,-0.006386,0.0000,0.9045,7463.8,0.1437,2,0
31.4294,0.871539,59.998261,-0.006389,0.0000,0.8872,7473.8,0.1460,2,0
31.4771,0.871539,59.998263,-0.006393,0.0000,0.8643,7483.4,0.1484,2,0
31.5234,0.871539,59.998265,-0.006396,0.0000,0.8413,7487.1,0.1507,2,0
31.5680,0.871539,59.998268,-0.006400,0.0000,0.8220,7489.7,0.1526,2,0
31.6090,0.871539,59.998270,-0.006403,0.0000,0.8027,7500.2,0.1546,2,0
31.6493,0.871539,59.998272,-0.006407,0.0000,0.7906,7507.2,0.1564,2,0
31.6878,0.871539,59.998274,-0.006410,0.0000,0.7785,7515.3,0.1582,2,0
31.7261,0.871539,59.998277,-0.006414,0.0000,0.7674,7524.2,0.1602,2,0
31.7640,0.871539,59.998279,-0.006417,0.0000,0.7563,7529.3,0.1622,2,0
31.8009,0.871539,59.998281,-0.006421,0.0000,0.7456,7532.2,0.1641,2,0
31.8363,0.872301,59.998283,-0.006424,0.0000,0.7349,7540.9,0.1659,2,0
31.8696,0.872301,59.998286,-0.006428,0.0000,0.7229,7552.8,0.1675,2,0
31.9029,0.872301,59.998288,-0.006431,0.0000,0.7109,7555.9,0.1692,2,0
31.9348,0.872301,59.998290,-0.006435,0.0000,0.7006,7561.9,0.1711,2,0
31.9656,0.872301,59.998293,-0.006438,0.0000,0.6902,7569.8,0.1734,2,0
31.9958,0.872301,59.998295,-0.006441,0.0000,0.6734,7572.6,0.1758,2,0
32.0261,0.872301,59.998297,-0.006445,0.0000,0.6565,7571.1,0.1783,2,0
32.0551,0.872301,59.998300,-0.006448,0.0000,0.6348,7566.5,0.1809,2,0
32.0810,0.872301,59.998302,-0.006451,0.0000,0.6131,7564.1,0.1835,2,0
32.1051,0.872301,59.998304,-0.006455,0.0000,0.5844,7560.2,0.1864,2,0
32.1274,0.873074,59.998306,-0.006458,0.0000,0.5558,7552.9,0.1897,2,0
32.1475,0.873074,59.998309,-0.006461,0.0000,0.5192,7543.9,0.1931,2,0
32.1647,0.873074,59.998311,-0.006465,0.0000,0.4826,7533.1,0.1967,2,0
32.1809,0.873074,59.998313,-0.006468,0.0000,0.4415,7517.3,0.2001,2,0
32.1921,0.873074,59.998316,-0.006471,0.0000,0.4004,7505.5,0.2034,2,0
32.2002,0.873074,59.998318,-0.006475,0.0000,0.3590,7490.1,0.2066,2,0
32.2060,0.873074,59.998321,-0.006478,0.0000,0.3176,7474.0,0.2101,2,0
32.2097,0.873074,59.998323,-0.006481,0.0000,0.2915,7452.7,0.2134,2,0
32.2126,0.873074,59.998326,-0.006484,0.0000,0.2654,7425.5,0.2166,2,0
32.2099,0.873074,59.998328,-0.006487,0.0000,0.2382,7411.9,0.2193,2,0
32.2038,0.873839,59.998331,-0.006490,0.0000,0.2111,7400.5,0.2215,2,0
32.1938,0.873839,59.998334,-0.006493,0.0000,0.1923,7397.9,0.2232,2,0
32.1809,0.873839,59.998336,-0.006497,0.0000,0.1734,7402.7,0.2248,2,0
32.1685,0.873839,59.998339,-0.006500,0.0000,0.1652,7402.3,0.2265,2,0
32.1598,0.873839,59.998341,-0.006503,0.0000,0.1570,7383.7,0.2281,2,0
32.1494,0.873839,59.998344,-0.006506,0.0000,0.1582,7370.5,0.2295,2,0
32.1346,0.873839,59.998346,-0.006509,0.0000,0.1595,7375.8,0.2305,2,0
32.1168,0.873839,59.998349,-0.006512,0.0000,0.1656,7395.1,0.2313,2,0
32.1025,0.873839,59.998351,-0.006515,0.0000,0.1717,7401.1,0.2322,2,0
32.0896,0.873839,59.998353,-0.006517,0.0000,0.1773,7406.4,0.2332,2,0
32.0781,0.874645,59.998356,-0.006520,0.0000,0.1829,7407.1,0.2343,2,0
32.0669,0.874645,59.998358,-0.006523,0.0000,0.1838,7407.3,0.2355,2,0
32.0551,0.874645,59.998360,-0.006526,0.0000,0.1847,7409.0,0.2367,2,0
32.0428,0.874645,59.998362,-0.006529,0.0000,0.1813,7410.7,0.2378,2,0
32.0304,0.874645,59.998365,-0.006532,0.0000,0.1779,7408.3,0.2391,2,0
32.0181,0.874645,59.998367,-0.006535,0.0000,0.1682,7402.7,0.2405,2,0
32.0052,0.874645,59.998370,-0.006537,0.0000,0.1585,7395.7,0.2420,2,0
31.9915,0.874645,59.998372,-0.006540,0.0000,0.1494,7389.2,0.2435,2,0
31.9761,0.874645,59.998375,-0.006543,0.0000,0.1403,7384.5,0.2448,2,0
31.9588,0.874645,59.998378,-0.006545,0.0000,0.1321,7382.5,0.2457,2,0
31.9418,0.875512,59.998380,-0.006548,0.0000,0.1239,7376.7,0.2464,2,0
31.9246,0.875512,59.998383,-0.006551,0.0000,0.1179,7367.8,0.2472,2,0
31.9054,0.875512,59.998386,-0.006553,0.0000,0.1119,7364.3,0.2480,2,0
31.8864,0.875512,59.998389,-0.006556,0.0000,0.1074,7357.4,0.2489,2,0
31.8663,0.875512,59.998391,-0.006559,0.0000,0.1029,7352.8,0.2497,2,0
31.8439,0.875512,59.998394,-0.006561,0.0000,0.0996,7352.5,0.2502,2,0
31.8216,0.875512,59.998397,-0.006564,0.0000,0.0962,7347.7,0.2503,2,0
31.7998,0.875512,59.998399,-0.006566,0.0000,0.0936,7339.4,0.2504,2,0
31.7785,0.875512,59.998402,-0.006568,0.0000,0.0910,7328.3,0.2504,2,0
31.7556,0.875512,59.998404,-0.006571,0.0000,0.0892,7321.9,0.2505,2,0
31.7318,0.876278,59.998407,-0.006573,0.0000,0.0875,7317.5,0.2505,2,0
31.7072,0.876278,59.998410,-0.006575,0.0000,0.0875,7314.3,0.2504,2,0
31.6814,0.876278,59.998412,-0.006578,0.0000,0.0875,7313.1,0.2500,2,0
31.6564,0.876278,59.998415,-0.006580,0.0000,0.0883,7310.8,0.2497,2,0
31.6320,0.876278,59.998417,-0.006583,0.0000,0.0892,7306.6,0.2496,2,0
31.6072,0.876278,59.998420,-0.006585,0.0000,0.0887,7300.4,0.2496,2,0
31.5824,0.876278,59.998423,-0.006587,0.0000,0.0882,7296.9,0.2497,2,0
31.5572,0.876278,59.998425,-0.006589,0.0000,0.0878,7295.5,0.2500,2,0
31.5301,0.876278,59.998428,-0.006591,0.0000,0.0875,7298.1,0.2505,2,0
31.5025,0.876278,59.998431,-0.006593,0.0000,0.0870,7297.9,0.2511,2,0
31.4770,0.877183,59.998434,-0.006595,0.0000,0.0865,7294.7,0.2519,2,0
31.4518,0.877183,59.998436,-0.006597,0.0000,0.0870,7290.0,0.2530,2,0
31.4268,0.877183,59.998439,-0.006599,0.0000,0.0875,7284.8,0.2544,2,0
31.4002,0.877183,59.998442,-0.006601,0.0000,0.0892,7283.2,0.2559,2,0
31.3738,0.877183,59.998444,-0.006604,0.0000,0.0910,7282.9,0.2572,2,0
31.3475,0.877183,59.998447,-0.006606,0.0000,0.0944,7284.0,0.2581,2,0
31.3226,0.877183,59.998450,-0.006607,0.0000,0.0979,7284.0,0.2589,2,0
31.2977,0.877183,59.998452,-0.006609,0.0000,0.1022,7278.7,0.2596,2,0
31.2737,0.877183,59.998455,-0.006611,0.0000,0.1064,7273.7,0.2594,2,0
31.2508,0.877183,59.998458,-0.006613,0.0000,0.1126,7267.7,0.2579,2,0
31.2301,0.878092,59.998461,-0.006614,0.0000,0.1189,7265.7,0.2555,2,0
31.2068,0.878092,59.998463,-0.006616,0.0000,0.1283,7265.7,0.2531,2,0
31.1826,0.878092,59.998466,-0.006618,0.0000,0.1378,7269.3,0.2500,2,0
31.1605,0.878092,59.998469,-0.006620,0.0000,0.1477,7265.9,0.2465,2,0
31.1433,0.878092,59.998471,-0.006621,0.0000,0.1577,7262.2,0.2427,2,0
31.1215,0.878092,59.998474,-0.006623,0.0000,0.1669,7257.7,0.2392,2,0
31.1002,0.878092,59.998477,-0.006625,0.0000,0.1762,7256.2,0.2340,2,0
31.0809,0.878092,59.998479,-0.006626,0.0000,0.1821,7257.6,0.2274,2,0
31.0656,0.878092,59.998482,-0.006628,0.0000,0.1881,7264.9,0.2200,2,0
31.0485,0.878092,59.998484,-0.006629,0.0000,0.1979,7262.6,0.2140,2,0
31.0262,0.878851,59.998487,-0.006631,0.0000,0.2076,7267.0,0.2064,2,0
31.0080,0.878851,59.998490,-0.006632,0.0000,0.2184,7268.8,0.1974,2,0
30.9970,0.878851,59.998492,-0.006633,0.0000,0.2293,7278.7,0.1872,2,0
30.9903,0.878851,59.998495,-0.006635,0.0000,0.2433,7269.4,0.1795,2,0
30.9773,0.878851,59.998497,-0.006636,0.0000,0.2574,7283.0,0.1716,2,0
30.9644,0.878851,59.998500,-0.006638,0.0000,0.2734,7293.2,0.1634,2,0
30.9533,0.878851,59.998503,-0.006639,0.0000,0.2893,7322.8,0.1565,2,0
30.9521,0.878851,59.998506,-0.006640,0.0000,0.3042,7302.9,0.1516,2,0
30.9421,0.878851,59.998508,-0.006641,0.0000,0.3190,7305.9,0.1466,2,0
30.9358,0.878851,59.998511,-0.006642,0.0000,0.3333,7301.5,0.1416,2,0
30.9278,0.879775,59.998514,-0.006644,0.0000,0.3475,7336.7,0.1373,2,0
30.9252,0.879775,59.998517,-0.006645,0.0000,0.3609,7347.5,0.1347,2,0
30.9163,0.879775,59.998520,-0.006646,0.0000,0.3742,7353.8,0.1320,2,0
30.9154,0.879775,59.998522,-0.006647,0.0000,0.3858,7345.2,0.1294,2,0
30.9107,0.879775,59.998525,-0.006648,0.0000,0.3975,7384.2,0.1263,2,0
30.9134,0.879775,59.998528,-0.006649,0.0000,0.4117,7394.8,0.1236,2,0
30.9143,0.879775,59.998531,-0.006650,0.0000,0.4259,7381.6,0.1203,2,0
30.9200,0.879775,59.998533,-0.006651,0.0000,0.4386,7375.3,0.1159,2,0
30.9180,0.879775,59.998536,-0.006652,0.0000,0.4513,7419.8,0.1110,2,0
30.9222,0.879775,59.998538,-0.006653,0.0000,0.4611,7442.6,0.1065,2,0
30.9288,0.880719,59.998541,-0.006653,0.0000,0.4710,7418.5,0.1021,2,0
30.9406,0.880719,59.998544,-0.006654,0.0000,0.4799,7402.2,0.0968,2,0
30.9485,0.880719,59.998546,-0.006655,0.0000,0.4889,7419.0,0.0913,2,0
30.9546,0.880719,59.998549,-0.006656,0.0000,0.4963,7446.5,0.0867,2,0
30.9661,0.880719,59.998551,-0.006657,0.0000,0.5038,7426.9,0.0820,2,0
30.9775,0.880719,59.998554,-0.006658,0.0000,0.5139,7426.8,0.0770,2,0
30.9840,0.880719,59.998557,-0.006658,0.0000,0.5240,7465.7,0.0729,2,0
30.9925,0.880719,59.998559,-0.006659,0.0000,0.5315,7494.7,0.0703,2,0
31.0126,0.880719,59.998562,-0.006659,0.0000,0.5390,7467.5,0.0693,2,0
31.0297,0.880719,59.998564,-0.006660,0.0000,0.5509,7461.3,0.0694,2,0
31.0411,0.881666,59.998567,-0.006660,0.0000,0.5627,7488.1,0.0710,2,0
31.0595,0.881666,59.998570,-0.006661,0.0000,0.5761,7478.9,0.0740,2,0
31.0849,0.881666,59.998572,-0.006661,0.0000,0.5894,7441.6,0.0781,2,0
31.1029,0.881666,59.998575,-0.006662,0.0000,0.6035,7444.9,0.0831,2,0
31.1169,0.881666,59.998577,-0.006662,0.0000,0.6176,7472.1,0.0886,2,0
31.1396,0.881666,59.998580,-0.006663,0.0000,0.6295,7480.7,0.0952,2,0
31.1642,0.881666,59.998583,-0.006663,0.0000,0.6414,7469.7,0.1014,2,0
31.1878,0.881666,59.998586,-0.006664,0.0000,0.6503,7470.5,0.1079,2,0
31.2103,0.881666,59.998589,-0.006664,0.0000,0.6592,7478.5,0.1142,2,0
31.2344,0.881666,59.998592,-0.006664,0.0000,0.6672,7481.2,0.1207,2,0
31.2608,0.882427,59.998595,-0.006664,0.0000,0.6752,7475.8,0.1269,2,0
31.2867,0.882427,59.998598,-0.006665,0.0000,0.6818,7474.6,0.1326,2,0
31.3084,0.882427,59.998601,-0.006665,0.0000,0.6884,7494.0,0.1376,2,0
31.3348,0.882427,59.998604,-0.006665,0.0000,0.6978,7492.8,0.1415,2,0
31.3582,0.882427,59.998607,-0.006666,0.0000,0.7072,7505.5,0.1443,2,0
31.3813,0.882427,59.998610,-0.006666,0.0000,0.7178,7522.4,0.1460,2,0
31.4054,0.882427,59.998613,-0.006666,0.0000,0.7284,7541.8,0.1465,2,0
31.4301,0.882427,59.998616,-0.006666,0.0000,0.7423,7562.9,0.1459,2,0
31.4567,0.882427,59.998619,-0.006666,0.0000,0.7563,7581.3,0.1440,2,0
31.4849,0.882427,59.998622,-0.006666,0.0000,0.7728,7599.6,0.1410,2,0
31.5151,0.883353,59.998625,-0.006666,0.0000,0.7892,7618.8,0.1368,2,0
31.5476,0.883353,59.998628,-0.006666,0.0000,0.8081,7631.9,0.1316,2,0
31.5815,0.883353,59.998631,-0.006666,0.0000,0.8270,7642.5,0.1260,2,0
31.6170,0.883353,59.998634,-0.006666,0.0000,0.8459,7652.7,0.1203,2,0
31.6545,0.883353,59.998637,-0.006666,0.0000,0.8648,7662.9,0.1146,2,0
31.6915,0.883353,59.998640,-0.006667,0.0000,0.8801,7681.7,0.1093,2,0
31.7285,0.883353,59.998643,-0.006666,0.0000,0.8955,7618.0,0.1046,2,0
31.7597,0.883353,59.998645,-0.006666,0.0000,0.9149,7673.1,0.1002,2,0
31.7962,0.883353,59.998648,-0.006666,0.0000,0.9344,7709.0,0.0965,2,0
31.8301,0.883353,59.998650,-0.006666,0.0000,0.9533,7662.9,0.0934,2,0
31.8617,0.884242,59.998653,-0.006666,0.0000,0.9723,7732.7,0.0909,2,0
31.8979,0.884242,59.998655,-0.006666,0.0000,0.9861,7685.7,0.0890,2,0
31.9328,0.884242,59.998658,-0.006665,0.0000,1.0000,7746.4,0.0874,2,0
31.9679,0.884242,59.998660,-0.006665,0.0000,1.0000,7704.3,0.0861,2,0
32.0006,0.884242,59.998663,-0.006665,0.0000,1.0000,7744.4,0.0850,2,0
32.0318,0.884242,59.998665,-0.006665,0.0000,1.0000,7747.8,0.0839,2,0
32.0655,0.884242,59.998668,-0.006665,0.0000,1.0000,7759.1,0.0828,2,0
32.0978,0.884242,59.998671,-0.006664,0.0000,1.0000,7776.6,0.0816,2,0
32.1322,0.884242,59.998674,-0.006664,0.0000,1.0000,7763.7,0.0801,2,0
32.1645,0.884242,59.998677,-0.006663,0.0000,1.0000,7806.5,0.0783,2,0
32.1974,0.884999,59.998680,-0.006663,0.0000,1.0000,7770.9,0.0765,2,0
32.2302,0.884999,59.998683,-0.006663,0.0000,1.0000,7809.2,0.0747,2,0
32.2622,0.884999,59.998686,-0.006662,0.0000,1.0000,7808.8,0.0731,2,0
32.2945,0.884999,59.998689,-0.006662,0.0000,1.0000,7798.8,0.0719,2,0
32.3257,0.884999,59.998692,-0.006662,0.0000,1.0000,7845.5,0.0709,2,0
32.3574,0.884999,59.998695,-0.006661,0.0000,1.0000,7814.3,0.0702,2,0
32.3890,0.884999,59.998698,-0.006661,0.0000,1.0000,7834.7,0.0697,2,0
32.4161,0.884999,59.998701,-0.006660,0.0000,1.0000,7865.3,0.0695,2,0
32.4457,0.884999,59.998704,-0.006660,0.0000,1.0000,7844.1,0.0698,2,0
32.4739,0.884999,59.998707,-0.006659,0.0000,1.0000,7874.6,0.0706,2,0
32.5029,0.884999,59.998711,-0.006658,0.0000,1.0000,7855.6,0.0715,2,0
32.5300,0.885812,59.998714,-0.006658,0.0000,1.0000,7864.9,0.0725,2,0
32.5569,0.885812,59.998717,-0.006657,0.0000,1.0000,7878.3,0.0734,2,0
32.5829,0.885812,59.998720,-0.006657,0.0000,1.0000,7882.7,0.0740,2,0
32.6081,0.885812,59.998723,-0.006656,0.0000,1.0000,7904.8,0.0744,2,0
32.6334,0.885812,59.998726,-0.006655,0.0000,1.0000,7891.1,0.0745,2,0
32.6603,0.885812,59.998729,-0.006655,0.0000,1.0000,7901.0,0.0742,2,0
32.6867,0.885812,59.998731,-0.006654,0.0000,1.0000,7912.2,0.0733,2,0
32.7129,0.885812,59.998734,-0.006653,0.0000,1.0000,7920.7,0.0715,2,0
32.7390,0.885812,59.998737,-0.006652,0.0000,1.0000,7938.9,0.0687,2,0
32.7635,0.885812,59.998739,-0.006651,0.0000,1.0000,7922.6,0.0646,2,0
32.7892,0.886581,59.998742,-0.006651,0.0000,1.0000,7938.0,0.0593,2,0
32.8164,0.886581,59.998745,-0.006650,0.0000,1.0000,7950.3,0.0528,2,0
32.8424,0.886581,59.998748,-0.006649,0.0000,1.0000,7964.9,0.0448,2,0
32.8691,0.886581,59.998750,-0.006648,0.0000,1.0000,7948.0,0.0359,2,0
32.8969,0.886581,59.998753,-0.006647,0.0000,1.0000,7957.3,0.0261,2,0
32.9233,0.886581,59.998756,-0.006646,0.0000,1.0000,7967.8,0.0161,2,0
32.9502,0.886581,59.998759,-0.006645,0.0000,1.0000,7974.6,0.0064,2,0
32.9777,0.886581,59.998762,-0.006644,0.0000,1.0000,7991.7,-0.0026,2,0
33.0069,0.886581,59.998765,-0.006643,0.0000,1.0000,7966.8,-0.0106,2,0
33.0391,0.886581,59.998768,-0.006642,0.0000,1.0000,7986.1,-0.0175,2,0
33.0699,0.887352,59.998771,-0.006641,0.0000,1.0000,8005.6,-0.0230,2,0
33.1051,0.887352,59.998774,-0.006640,0.0000,1.0000,7982.8,-0.0271,2,0
33.1390,0.887352,59.998777,-0.006639,0.0000,1.0000,8015.3,-0.0299,2,0
33.1759,0.887352,59.998780,-0.006638,0.0000,1.0000,8011.0,-0.0309,2,0
33.2106,0.887352,59.998783,-0.006637,0.0000,1.0000,8012.1,-0.0307,2,0
33.2500,0.887352,59.998786,-0.006636,0.0000,1.0000,8048.7,-0.0293,2,0
33.2922,0.887352,59.998788,-0.006635,0.0000,1.0000,8068.8,-0.0270,2,0
33.3326,0.887352,59.998791,-0.006633,0.0000,1.0000,7993.2,-0.0239,2,0
33.3698,0.887352,59.998794,-0.006632,0.0000,1.0000,8036.6,-0.0203,2,0
33.4101,0.887352,59.998796,-0.006631,0.0000,1.0000,8062.7,-0.0158,2,0
33.4555,0.888136,59.998799,-0.006630,0.0000,1.0000,8070.3,-0.0108,2,0
33.5023,0.888136,59.998802,-0.006628,0.0000,1.0000,8069.1,-0.0049,2,0
33.5489,0.888136,59.998805,-0.006627,0.0000,1.0000,8069.5,0.0017,2,0
33.5937,0.888136,59.998807,-0.006626,0.0000,1.0000,8076.9,0.0093,2,0
33.6414,0.888136,59.998810,-0.006625,0.0000,1.0000,8071.4,0.0176,2,0
33.6867,0.888136,59.998813,-0.006623,0.0000,1.0000,8073.5,0.0264,2,0
33.7348,0.888136,59.998816,-0.006622,0.0000,1.0000,8066.7,0.0356,2,0
33.7829,0.888136,59.998819,-0.006621,0.0000,1.0000,8060.4,0.0448,2,0
33.8302,0.888136,59.998822,-0.006619,0.0000,1.0000,8058.9,0.0538,2,0
33.8767,0.888136,59.998825,-0.006618,0.0000,1.0000,8061.3,0.0624,2,0
33.9223,0.888934,59.998828,-0.006616,0.0000,1.0000,8060.9,0.0706,2,0
33.9654,0.888934,59.998831,-0.006615,0.0000,1.0000,8074.3,0.0784,2,0
34.0104,0.888934,59.998834,-0.006614,0.0000,1.0000,8080.5,0.0857,2,0
34.0557,0.888934,59.998837,-0.006612,0.0000,1.0000,8086.9,0.0923,2,0
34.0999,0.888934,59.998840,-0.006611,0.0000,1.0000,8095.4,0.0982,2,0
34.1438,0.888934,59.998843,-0.006609,0.0000,1.0000,8108.5,0.1036,2,0
34.1875,0.888934,59.998846,-0.006608,0.0000,1.0000,8118.5,0.1083,2,0
34.2330,0.888934,59.998849,-0.006606,0.0000,1.0000,8122.3,0.1125,2,0
34.2745,0.888934,59.998852,-0.006605,0.0000,1.0000,8140.0,0.1161,2,0
34.3184,0.888934,59.998855,-0.006603,0.0000,1.0000,8152.3,0.1192,2,0
34.3609,0.889749,59.998858,-0.006601,0.0000,1.0000,8164.7,0.1218,2,0
34.4039,0.889749,59.998861,-0.006600,0.0000,1.0000,8180.1,0.1240,2,0
34.4479,0.889749,59.998864,-0.006598,0.0000,1.0000,8189.1,0.1259,2,0
34.4904,0.889749,59.998867,-0.006597,0.0000,1.0000,8200.8,0.1276,2,0
34.5320,0.889749,59.998870,-0.006595,0.0000,1.0000,8216.4,0.1292,2,0
34.5765,0.889749,59.998873,-0.006593,0.0000,1.0000,8227.0,0.1308,2,0
34.6193,0.889749,59.998876,-0.006592,0.0000,1.0000,8240.0,0.1325,2,0
34.6612,0.889749,59.998879,-0.006590,0.0000,1.0000,8259.7,0.1341,2,0
34.7041,0.889749,59.998882,-0.006588,0.0000,1.0000,8269.8,0.1357,2,0
34.7472,0.889749,59.998885,-0.006586,0.0000,1.0000,8276.9,0.1374,2,0
34.7886,0.890574,59.998888,-0.006585,0.0000,1.0000,8295.1,0.1392,2,0
34.8303,0.890574,59.998891,-0.006583,0.0000,1.0000,8307.2,0.1411,2,0
34.8725,0.890574,59.998894,-0.006581,0.0000,1.0000,8318.6,0.1429,2,0
34.9114,0.890574,59.998897,-0.006579,0.0000,1.0000,8342.7,0.1446,2,0
34.9515,0.890574,59.998900,-0.006578,0.0000,1.0000,8362.7,0.1462,2,0
34.9910,0.890574,59.998903,-0.006576,0.0000,1.0000,8379.1,0.1476,2,0
35.0307,0.890574,59.998906,-0.006574,0.0000,1.0000,8396.7,0.1487,2,0
35.0717,0.890574,59.998908,-0.006572,0.0000,1.0000,8408.2,0.1496,2,0
35.1116,0.890574,59.998911,-0.006570,0.0000,1.0000,8423.7,0.1500,2,0
35.1512,0.890574,59.998914,-0.006568,0.0000,1.0000,8439.0,0.1500,2,0
35.1912,0.891411,59.998917,-0.006566,0.0000,1.0000,8453.5,0.1494,2,0
35.2280,0.891411,59.998920,-0.006564,0.0000,1.0000,8477.0,0.1484,2,0
35.2646,0.891411,59.998922,-0.006562,0.0000,1.0000,8501.7,0.1472,2,0
35.3028,0.891411,59.998925,-0.006560,0.0000,1.0000,8519.0,0.1455,2,0
35.3405,0.891411,59.998928,-0.006558,0.0000,1.0000,8536.4,0.1435,2,0
35.3767,0.891411,59.998931,-0.006556,0.0000,1.0000,8560.8,0.1408,2,0
35.4136,0.891411,59.998934,-0.006554,0.0000,1.0000,8578.7,0.1376,2,0
35.4488,0.891411,59.998938,-0.006552,0.0000,1.0000,8568.9,0.1339,2,0
35.4769,0.891411,59.998941,-0.006550,0.0000,1.0000,8549.6,0.1297,2,0
35.5061,0.891411,59.998944,-0.006548,0.0000,1.0000,8595.4,0.1251,2,0
35.5388,0.892268,59.998947,-0.006546,0.0000,1.0000,8577.7,0.1202,2,0
35.5629,0.892268,59.998950,-0.006544,0.0000,1.0000,8592.3,0.1150,2,0
35.5914,0.892268,59.998954,-0.006541,0.0000,1.0000,8590.8,0.1097,2,0
35.6139,0.892268,59.998957,-0.006539,0.0000,1.0000,8611.2,0.1043,2,0
35.6421,0.892268,59.998960,-0.006537,0.0000,1.0000,8612.8,0.0987,2,0
35.6655,0.892268,59.998963,-0.006535,0.0000,1.0000,8627.7,0.0928,2,0
35.6915,0.892268,59.998966,-0.006532,0.0000,1.0000,8612.2,0.0864,2,0
35.7146,0.892268,59.998969,-0.006530,0.0000,1.0000,8661.9,0.0795,2,0
35.7384,0.892268,59.998972,-0.006528,0.0000,1.0000,8621.3,0.0720,2,0
35.7617,0.892268,59.998975,-0.006525,0.0000,1.0000,8645.3,0.0644,2,0
35.7827,0.893128,59.998978,-0.006523,0.0000,1.0000,8670.1,0.0562,2,0
35.8053,0.893128,59.998981,-0.006521,0.0000,1.0000,8634.3,0.0477,2,0
35.8308,0.893128,59.998984,-0.006518,0.0000,1.0000,8675.6,0.0393,2,0
35.8533,0.893128,59.998987,-0.006516,0.0000,1.0000,8674.8,0.0311,2,0
35.8756,0.893128,59.998990,-0.006514,0.0000,1.0000,8663.9,0.0223,2,0
35.8984,0.893128,59.998993,-0.006511,0.0000,1.0000,8687.3,0.0143,2,0
35.9214,0.893128,59.998996,-0.006508,0.0000,1.0000,8687.3,0.0077,2,0
35.9460,0.893128,59.998999,-0.006506,0.0000,1.0000,8697.1,0.0004,2,0
35.9697,0.893128,59.999002,-0.006503,0.0000,1.0000,8724.8,-0.0060,2,0
35.9936,0.893128,59.999005,-0.006501,0.0000,1.0000,8680.8,-0.0108,2,0
36.0170,0.894000,59.999008,-0.006498,0.0000,1.0000,8719.5,-0.0158,2,0
36.0396,0.894000,59.999011,-0.006495,0.0000,1.0000,8719.9,-0.0203,2,0
36.0658,0.894000,59.999014,-0.006493,0.0000,1.0000,8713.9,-0.0237,2,0
36.0941,0.894000,59.999017,-0.006490,0.0000,1.0000,8724.0,-0.0254,2,0
36.1191,0.894000,59.999020,-0.006488,0.0000,1.0000,8710.7,-0.0286,2,0
36.1385,0.894000,59.999023,-0.006485,0.0000,1.0000,8757.5,-0.0303,2,0
36.1724,0.894000,59.999025,-0.006482,0.0000,1.0000,8668.8,-0.0303,2,0
36.1956,0.894000,59.999028,-0.006479,0.0000,1.0000,8745.2,-0.0312,2,0
36.2189,0.894000,59.999030,-0.006476,0.0000,1.0000,8792.4,-0.0313,2,0
36.2549,0.894000,59.999033,-0.006474,0.0000,1.0000,8726.6,-0.0297,2,0
36.2815,0.894885,59.999036,-0.006471,0.0000,1.0000,8714.4,-0.0283,2,0
36.3063,0.894885,59.999038,-0.006468,0.0000,1.0000,8781.1,-0.0277,2,0
36.3290,0.894885,59.999041,-0.006465,0.0000,1.0000,8801.4,-0.0253,2,0
36.3639,0.894885,59.999043,-0.006462,0.0000,1.0000,8689.5,-0.0221,2,0
36.3899,0.894885,59.999046,-0.006460,0.0000,1.0000,8755.6,-0.0207,2,0
36.4027,0.894885,59.999049,-0.006457,0.0000,1.0000,8850.6,-0.0177,2,0
36.4458,0.894885,59.999052,-0.006454,0.0000,1.0000,8733.4,-0.0130,2,0
36.4720,0.894885,59.999055,-0.006451,0.0000,1.0000,8754.4,-0.0097,2,0
36.4956,0.894885,59.999058,-0.006448,0.0000,1.0000,8835.6,-0.0059,2,0
36.5290,0.894885,59.999061,-0.006445,0.0000,1.0000,8809.4,-0.0006,2,0
36.5593,0.895776,59.999065,-0.006442,0.0000,1.0000,8729.3,0.0059,2,0
36.5870,0.895776,59.999068,-0.006439,0.0000,1.0000,8783.0,0.0104,2,0
36.6141,0.895776,59.999071,-0.006436,0.0000,1.0000,8871.3,0.0174,2,0
36.6604,0.895776,59.999074,-0.006433,0.0000,1.0000,8788.9,0.0264,2,0
36.6938,0.895776,59.999077,-0.006430,0.0000,1.0000,8813.5,0.0310,2,0
36.7154,0.895776,59.999080,-0.006427,0.0000,1.0000,8897.0,0.0374,2,0
36.7745,0.895776,59.999083,-0.006424,0.0000,1.0000,8751.9,0.0456,2,0
36.7892,0.895776,59.999086,-0.006421,0.0000,1.0000,8798.6,0.0508,2,0
36.8200,0.895776,59.999089,-0.006418,0.0000,1.0000,8847.1,0.0546,2,0
36.8685,0.895776,59.999092,-0.006414,0.0000,1.0000,8841.5,0.0615,2,0
36.8917,0.896680,59.999095,-0.006411,0.0000,1.0000,8846.8,0.0668,2,0
36.9306,0.896680,59.999098,-0.006408,0.0000,1.0000,8862.6,0.0672,2,0
36.9632,0.896680,59.999101,-0.006405,0.0000,1.0000,8915.1,0.0719,2,0
37.0154,0.896680,59.999104,-0.006402,0.0000,1.0000,8831.4,0.0764,2,0
37.0401,0.896680,59.999107,-0.006399,0.0000,1.0000,8866.9,0.0744,2,0
37.0684,0.896680,59.999110,-0.006395,0.0000,1.0000,8938.7,0.0750,2,0
37.1306,0.896680,59.999112,-0.006392,0.0000,1.0000,8854.6,0.0780,2,0
37.1549,0.896680,59.999115,-0.006389,0.0000,1.0000,8883.9,0.0752,2,0
37.1829,0.896680,59.999118,-0.006386,0.0000,1.0000,8938.5,0.0715,2,0
37.2346,0.896680,59.999120,-0.006382,0.0000,1.0000,8915.7,0.0732,2,0
37.2649,0.897598,59.999123,-0.006379,0.0000,1.0000,8904.0,0.0711,2,0
37.3006,0.897598,59.999126,-0.006376,0.0000,1.0000,8934.9,0.0664,2,0
37.3309,0.897598,59.999129,-0.006372,0.0000,1.0000,8992.8,0.0673,2,0
37.3631,0.897598,59.999131,-0.006369,0.0000,1.0000,8918.1,0.0664,2,0
37.3484,0.897598,59.999134,-0.006366,0.0000,1.0000,8869.5,0.0633,2,0
37.3353,0.897598,59.999137,-0.006362,0.0000,1.0000,8821.1,0.0638,2,0
37.3167,0.897598,59.999140,-0.006359,0.0000,1.0000,8772.9,0.0639,2,0
37.3063,0.897598,59.999143,-0.006356,0.0000,1.0000,8301.8,0.0627,3,0
37.3289,0.897598,59.999146,-0.006352,0.0000,1.0000,7517.5,0.0630,3,0
37.3736,0.897598,59.999150,-0.006349,0.0000,1.0000,7453.5,0.0645,3,0
37.4307,0.898515,59.999153,-0.006345,0.0000,1.0000,7273.8,0.0635,3,0
37.4525,0.898515,59.999156,-0.006342,0.0000,1.0000,7321.3,0.0626,3,0
37.4881,0.898515,59.999159,-0.006339,0.0000,1.0000,7328.6,0.0643,3,0
37.5274,0.898515,59.999162,-0.006335,0.0000,1.0000,7235.5,0.0635,3,0
37.5556,0.898515,59.999165,-0.006332,0.0000,1.0000,7292.4,0.0620,3,0
37.5858,0.898515,59.999167,-0.006328,0.0000,1.0000,7348.9,0.0633,3,0
37.6255,0.898515,59.999170,-0.006325,0.0000,1.0000,7287.5,0.0635,3,0
37.6596,0.898515,59.999173,-0.006321,0.0000,1.0000,7322.0,0.0617,3,0
37.6866,0.898515,59.999175,-0.006318,0.0000,1.0000,7392.1,0.0634,3,0
37.7340,0.898515,59.999178,-0.006314,0.0000,1.0000,7300.6,0.0644,3,0
37.7643,0.899441,59.999180,-0.006311,0.0000,1.0000,7335.3,0.0617,3,0
37.7930,0.899441,59.999182,-0.006307,0.0000,1.0000,7407.1,0.0622,3,0
37.8401,0.899441,59.999185,-0.006304,0.0000,1.0000,7319.0,0.0631,3,0
37.8724,0.899441,59.999187,-0.006300,0.0000,1.0000,7344.9,0.0600,3,0
37.8977,0.899441,59.999190,-0.006296,0.0000,1.0000,7414.9,0.0594,3,0
37.9514,0.899441,59.999193,-0.006293,0.0000,1.0000,7333.4,0.0591,3,0
37.9817,0.899441,59.999196,-0.006289,0.0000,1.0000,7361.2,0.0557,3,0
38.0080,0.899441,59.999199,-0.006285,0.0000,1.0000,7413.7,0.0531,3,0
38.0605,0.899441,59.999202,-0.006282,0.0000,1.0000,7354.3,0.0526,3,0
38.0958,0.899441,59.999205,-0.006278,0.0000,1.0000,7373.1,0.0506,3,0
38.1347,0.900371,59.999208,-0.006274,0.0000,1.0000,7388.3,0.0482,3,0
38.1739,0.900371,59.999211,-0.006271,0.0000,1.0000,7380.5,0.0464,3,0
38.2088,0.900371,59.999214,-0.006267,0.0000,1.0000,7387.0,0.0442,3,0
38.2404,0.900371,59.999217,-0.006263,0.0000,1.0000,7413.6,0.0424,3,0
38.2477,0.900371,59.999220,-0.006260,0.0000,1.0000,7536.7,0.0401,3,0
38.2656,0.900371,59.999223,-0.006256,0.0000,1.0000,7558.7,0.0375,3,0
38.2986,0.900371,59.999226,-0.006252,0.0000,1.0000,7513.5,0.0349,3,0
38.3404,0.900371,59.999229,-0.006248,0.0000,1.0000,7453.9,0.0319,3,0
38.3776,0.900371,59.999232,-0.006245,0.0000,1.0000,7455.0,0.0286,3,0
38.4156,0.900371,59.999235,-0.006241,0.0000,1.0000,7453.8,0.0253,3,0
38.4568,0.901307,59.999238,-0.006237,0.0000,1.0000,7443.6,0.0219,3,0
38.4939,0.901307,59.999241,-0.006233,0.0000,1.0000,7448.2,0.0185,3,0
38.5311,0.901307,59.999244,-0.006229,0.0000,1.0000,7453.4,0.0151,3,0
38.5681,0.901307,59.999247,-0.006226,0.0000,1.0000,7459.2,0.0118,3,0
38.6052,0.901307,59.999250,-0.006222,0.0000,1.0000,7465.1,0.0090,3,0
38.6438,0.901307,59.999253,-0.006218,0.0000,1.0000,7464.6,0.0066,3,0
38.6842,0.901307,59.999256,-0.006214,0.0000,1.0000,7457.3,0.0044,3,0
38.7243,0.901307,59.999259,-0.006210,0.0000,1.0000,7453.0,0.0025,3,0
38.7620,0.901307,59.999262,-0.006206,0.0000,1.0000,7455.8,0.0009,3,0
38.8001,0.901307,59.999265,-0.006202,0.0000,1.0000,7457.4,-0.0002,3,0
38.8391,0.902252,59.999268,-0.006198,0.0000,1.0000,7456.1,-0.0010,3,0
38.8807,0.902252,59.999271,-0.006194,0.0000,1.0000,7446.8,-0.0015,3,0
38.9208,0.902252,59.999274,-0.006190,0.0000,1.0000,7443.0,-0.0016,3,0
38.9604,0.902252,59.999277,-0.006186,0.0000,1.0000,7440.9,-0.0016,3,0
39.0018,0.902252,59.999280,-0.006182,0.0000,1.0000,7438.4,-0.0015,3,0
39.0411,0.902252,59.999283,-0.006178,0.0000,1.0000,7440.0,-0.0008,3,0
39.0825,0.902252,59.999285,-0.006174,0.0000,1.0000,7436.7,-0.0002,3,0
39.1235,0.902252,59.999288,-0.006170,0.0000,1.0000,7435.4,0.0007,3,0
39.1645,0.902252,59.999290,-0.006166,0.0000,1.0000,7434.5,0.0016,3,0
39.2040,0.902252,59.999293,-0.006162,0.0000,1.0000,7439.7,0.0028,3,0
39.2467,0.903201,59.999296,-0.006157,0.0000,1.0000,7432.1,0.0042,3,0
39.2895,0.903201,59.999298,-0.006153,0.0000,1.0000,7424.8,0.0058,3,0
39.3309,0.903201,59.999301,-0.006149,0.0000,1.0000,7424.7,0.0078,3,0
39.3729,0.903201,59.999303,-0.006145,0.0000,1.0000,7422.2,0.0099,3,0
39.4146,0.903201,59.999306,-0.006141,0.0000,1.0000,7420.1,0.0121,3,0
39.4556,0.903201,59.999309,-0.006137,0.0000,1.0000,7421.3,0.0144,3,0
39.4957,0.903201,59.999312,-0.006133,0.0000,1.0000,7426.2,0.0168,3,0
39.5367,0.903201,59.999315,-0.006128,0.0000,1.0000,7426.9,0.0193,3,0
39.5767,0.903201,59.999318,-0.006124,0.0000,1.0000,7433.1,0.0218,3,0
39.6165,0.903201,59.999321,-0.006120,0.0000,1.0000,7439.9,0.0243,3,0
39.6565,0.904159,59.999324,-0.006116,0.0000,1.0000,7446.1,0.0267,3,0
39.6962,0.904159,59.999327,-0.006111,0.0000,1.0000,7454.0,0.0291,3,0
39.7364,0.904159,59.999330,-0.006107,0.0000,1.0000,7459.9,0.0311,3,0
39.7772,0.904159,59.999333,-0.006103,0.0000,1.0000,7465.1,0.0330,3,0
39.8177,0.904159,59.999336,-0.006099,0.0000,1.0000,7471.5,0.0346,3,0
39.8575,0.904159,59.999339,-0.006095,0.0000,1.0000,7481.0,0.0359,3,0
39.8977,0.904159,59.999341,-0.006090,0.0000,1.0000,7489.8,0.0369,3,0
39.9376,0.904159,59.999344,-0.006086,0.0000,1.0000,7499.7,0.0376,3,0
39.9779,0.904159,59.999347,-0.006082,0.0000,1.0000,7507.6,0.0381,3,0
40.0182,0.904159,59.999350,-0.006077,0.0000,1.0000,7516.2,0.0384,3,0
40.0586,0.905127,59.999352,-0.006073,0.0000,1.0000,7524.5,0.0387,3,0
40.0984,0.905127,59.999355,-0.006069,0.0000,1.0000,7534.2,0.0389,3,0
40.1384,0.905127,59.999358,-0.006065,0.0000,1.0000,7543.7,0.0390,3,0
40.1776,0.905127,59.999360,-0.006060,0.0000,1.0000,7555.9,0.0390,3,0
40.2163,0.905127,59.999363,-0.006056,0.0000,1.0000,7570.6,0.0386,3,0
40.2558,0.905127,59.999366,-0.006052,0.0000,1.0000,7582.3,0.0381,3,0
40.2956,0.905127,59.999369,-0.006047,0.0000,1.0000,7592.1,0.0374,3,0
40.3352,0.905127,59.999372,-0.006043,0.0000,1.0000,7602.9,0.0367,3,0
40.3755,0.905127,59.999375,-0.006039,0.0000,1.0000,7612.0,0.0358,3,0
40.4157,0.905127,59.999378,-0.006034,0.0000,1.0000,7621.0,0.0349,3,0
40.4563,0.906105,59.999381,-0.006030,0.0000,1.0000,7629.5,0.0337,3,0
40.4971,0.906105,59.999384,-0.006026,0.0000,1.0000,7636.3,0.0325,3,0
40.5381,0.906105,59.999387,-0.006021,0.0000,1.0000,7642.4,0.0313,3,0
40.5798,0.906105,59.999390,-0.006017,0.0000,1.0000,7647.1,0.0301,3,0
40.6212,0.906105,59.999393,-0.006013,0.0000,1.0000,7652.6,0.0291,3,0
40.6618,0.906105,59.999396,-0.006008,0.0000,1.0000,7662.8,0.0279,3,0
40.7021,0.906105,59.999398,-0.006004,0.0000,1.0000,7674.2,0.0268,3,0
40.7437,0.906105,59.999401,-0.005999,0.0000,1.0000,7679.4,0.0258,3,0
40.7846,0.906105,59.999404,-0.005995,0.0000,1.0000,7688.4,0.0249,3,0
40.8263,0.906105,59.999406,-0.005990,0.0000,1.0000,7694.6,0.0242,3,0
40.8680,0.907095,59.999409,-0.005986,0.0000,1.0000,7701.5,0.0234,3,0
40.9089,0.907095,59.999412,-0.005981,0.0000,1.0000,7711.2,0.0227,3,0
40.9504,0.907095,59.999415,-0.005977,0.0000,1.0000,7717.9,0.0221,3,0
40.9922,0.907095,59.999417,-0.005973,0.0000,1.0000,7722.5,0.0216,3,0
41.0341,0.907095,59.999420,-0.005968,0.0000,1.0000,7728.3,0.0211,3,0
41.0766,0.907095,59.999423,-0.005964,0.0000,1.0000,7732.3,0.0206,3,0
41.1182,0.907095,59.999426,-0.005959,0.0000,1.0000,7738.1,0.0202,3,0
41.1604,0.907095,59.999429,-0.005955,0.0000,1.0000,7740.4,0.0199,3,0
41.2023,0.907095,59.999432,-0.005950,0.0000,1.0000,7745.8,0.0196,3,0
41.2441,0.907095,59.999435,-0.005945,0.0000,1.0000,7752.1,0.0195,3,0
41.2862,0.908090,59.999438,-0.005941,0.0000,1.0000,7758.4,0.0195,3,0
41.3284,0.908090,59.999441,-0.005936,0.0000,1.0000,7764.8,0.0195,3,0
41.3708,0.908090,59.999444,-0.005932,0.0000,1.0000,7769.6,0.0197,3,0
41.4117,0.908090,59.999447,-0.005927,0.0000,1.0000,7782.1,0.0202,3,0
41.4535,0.908090,59.999450,-0.005923,0.0000,1.0000,7793.4,0.0207,3,0
41.4970,0.908090,59.999453,-0.005918,0.0000,1.0000,7797.9,0.0213,3,0
41.5391,0.908090,59.999456,-0.005914,0.0000,1.0000,7808.5,0.0219,3,0
41.5826,0.908090,59.999459,-0.005909,0.0000,1.0000,7813.6,0.0226,3,0
41.6248,0.908090,59.999462,-0.005904,0.0000,1.0000,7824.3,0.0233,3,0
41.6670,0.908090,59.999465,-0.005900,0.0000,1.0000,7835.7,0.0240,3,0
41.7101,0.909094,59.999468,-0.005895,0.0000,1.0000,7842.7,0.0249,3,0
41.7530,0.909094,59.999471,-0.005891,0.0000,1.0000,7851.2,0.0259,3,0
41.7967,0.909094,59.999474,-0.005886,0.0000,1.0000,7855.9,0.0269,3,0
41.8399,0.909094,59.999477,-0.005881,0.0000,1.0000,7861.5,0.0282,3,0
41.8826,0.909094,59.999480,-0.005877,0.0000,1.0000,7870.0,0.0297,3,0
41.9257,0.909094,59.999483,-0.005872,0.0000,1.0000,7876.7,0.0312,3,0
41.9675,0.909094,59.999486,-0.005867,0.0000,1.0000,7888.9,0.0328,3,0
42.0083,0.909094,59.999489,-0.005863,0.0000,1.0000,7905.7,0.0344,3,0
42.0455,0.909094,59.999492,-0.005858,0.0000,1.0000,7936.9,0.0361,3,0
42.0824,0.909094,59.999495,-0.005853,0.0000,1.0000,7968.4,0.0378,3,0
42.1187,0.910110,59.999498,-0.005849,0.0000,1.0000,8002.7,0.0395,3,0
42.1519,0.910110,59.999501,-0.005844,0.0000,1.0000,8043.1,0.0412,3,0
42.1825,0.910110,59.999504,-0.005839,0.0000,1.0000,8087.7,0.0429,3,0
42.2171,0.910110,59.999507,-0.005835,0.0000,1.0000,8119.6,0.0442,3,0
42.2553,0.910110,59.999510,-0.005830,0.0000,1.0000,8137.6,0.0451,3,0
42.2976,0.910110,59.999513,-0.005825,0.0000,1.0000,8139.6,0.0458,3,0
42.3467,0.910110,59.999516,-0.005821,0.0000,1.0000,8110.4,0.0461,3,0
42.3991,0.910110,59.999519,-0.005816,0.0000,1.0000,8064.8,0.0461,3,0
42.4521,0.910110,59.999522,-0.005811,0.0000,1.0000,8019.1,0.0457,3,0
42.4984,0.910110,59.999525,-0.005806,0.0000,1.0000,8007.2,0.0452,3,0
42.5401,0.911137,59.999528,-0.005802,0.0000,1.0000,8017.9,0.0444,3,0
42.5808,0.911137,59.999531,-0.005797,0.0000,1.0000,8034.1,0.0435,3,0
42.6232,0.911137,59.999534,-0.005792,0.0000,1.0000,8041.9,0.0424,3,0
42.6659,0.911137,59.999537,-0.005787,0.0000,1.0000,8049.7,0.0413,3,0
42.7092,0.911137,59.999540,-0.005783,0.0000,1.0000,8056.0,0.0405,3,0
42.7530,0.911137,59.999543,-0.005778,0.0000,1.0000,8060.8,0.0397,3,0
42.7940,0.911137,59.999546,-0.005773,0.0000,1.0000,8079.4,0.0390,3,0
42.8370,0.911137,59.999549,-0.005768,0.0000,1.0000,8088.6,0.0383,3,0
42.8803,0.911137,59.999552,-0.005763,0.0000,1.0000,8095.2,0.0378,3,0
42.9226,0.911137,59.999555,-0.005758,0.0000,1.0000,8106.4,0.0374,3,0
42.9643,0.912177,59.999558,-0.005753,0.0000,1.0000,8122.0,0.0371,3,0
43.0065,0.912177,59.999561,-0.005749,0.0000,1.0000,8135.4,0.0368,3,0
43.0500,0.912177,59.999564,-0.005744,0.0000,1.0000,8141.1,0.0365,3,0
43.0949,0.912177,59.999567,-0.005739,0.0000,1.0000,8139.3,0.0363,3,0
43.1382,0.912177,59.999570,-0.005734,0.0000,1.0000,8145.6,0.0362,3,0
43.1818,0.912177,59.999573,-0.005729,0.0000,1.0000,8151.9,0.0362,3,0
43.2263,0.912177,59.999576,-0.005724,0.0000,1.0000,8153.3,0.0361,3,0
43.2696,0.912177,59.999579,-0.005719,0.0000,1.0000,8158.4,0.0360,3,0
43.3133,0.912177,59.999582,-0.005714,0.0000,1.0000,8162.3,0.0360,3,0
43.3568,0.912177,59.999585,-0.005709,0.0000,1.0000,8168.1,0.0360,3,0
43.4009,0.913231,59.999588,-0.005704,0.0000,1.0000,8172.9,0.0361,3,0
43.4441,0.913231,59.999591,-0.005699,0.0000,1.0000,8180.9,0.0362,3,0
43.4869,0.913231,59.999594,-0.005694,0.0000,1.0000,8189.3,0.0364,3,0
43.5303,0.913231,59.999597,-0.005689,0.0000,1.0000,8195.5,0.0369,3,0
43.5748,0.913231,59.999600,-0.005684,0.0000,1.0000,8199.7,0.0376,3,0
43.6196,0.913231,59.999603,-0.005679,0.0000,1.0000,8202.7,0.0386,3,0
43.6629,0.913231,59.999606,-0.005674,0.0000,1.0000,8211.2,0.0399,3,0
43.7067,0.913231,59.999609,-0.005669,0.0000,1.0000,8216.4,0.0415,3,0
43.7499,0.913231,59.999612,-0.005664,0.0000,1.0000,8225.9,0.0433,3,0
43.7924,0.913231,59.999615,-0.005659,0.0000,1.0000,8238.1,0.0454,3,0
43.8363,0.914298,59.999618,-0.005653,0.0000,1.0000,8244.6,0.0477,3,0
43.8783,0.914298,59.999621,-0.005648,0.0000,1.0000,8259.1,0.0501,3,0
43.9219,0.914298,59.999624,-0.005643,0.0000,1.0000,8264.9,0.0526,3,0
43.9645,0.914298,59.999627,-0.005638,0.0000,1.0000,8274.2,0.0552,3,0
44.0068,0.914298,59.999630,-0.005633,0.0000,1.0000,8285.0,0.0579,3,0
44.0493,0.914298,59.999633,-0.005628,0.0000,1.0000,8294.4,0.0606,3,0
44.0906,0.914298,59.999636,-0.005623,0.0000,1.0000,8309.2,0.0631,3,0
44.1324,0.914298,59.999639,-0.005617,0.0000,1.0000,8317.7,0.0653,3,0
44.1747,0.914298,59.999642,-0.005612,0.0000,1.0000,8324.8,0.0673,3,0
44.2165,0.914298,59.999645,-0.005607,0.0000,1.0000,8336.7,0.0689,3,0
44.2580,0.915382,59.999648,-0.005602,0.0000,1.0000,8349.6,0.0701,3,0
44.2988,0.915382,59.999651,-0.005597,0.0000,1.0000,8363.0,0.0708,3,0
44.3405,0.915382,59.999654,-0.005591,0.0000,1.0000,8371.2,0.0710,3,0
44.3847,0.915382,59.999657,-0.005586,0.0000,1.0000,8371.6,0.0710,3,0
44.4286,0.915382,59.999660,-0.005581,0.0000,1.0000,8374.6,0.0705,3,0
44.4721,0.915382,59.999663,-0.005576,0.0000,1.0000,8377.7,0.0694,3,0
44.5138,0.915382,59.999666,-0.005570,0.0000,1.0000,8389.1,0.0681,3,0
44.5554,0.915382,59.999669,-0.005565,0.0000,1.0000,8400.0,0.0664,3,0
44.5973,0.915382,59.999672,-0.005560,0.0000,1.0000,8411.2,0.0647,3,0
44.6394,0.915382,59.999675,-0.005554,0.0000,1.0000,8422.3,0.0628,3,0
44.6823,0.916483,59.999678,-0.005549,0.0000,1.0000,8430.3,0.0608,3,0
44.7244,0.916483,59.999681,-0.005544,0.0000,1.0000,8440.1,0.0588,3,0
44.7656,0.916483,59.999684,-0.005538,0.0000,1.0000,8454.6,0.0570,3,0
44.8075,0.916483,59.999687,-0.005533,0.0000,1.0000,8469.0,0.0553,3,0
44.8507,0.916483,59.999690,-0.005528,0.0000,1.0000,8476.9,0.0538,3,0
44.8897,0.916483,59.999693,-0.005522,0.0000,1.0000,8502.2,0.0524,3,0
44.9318,0.916483,59.999696,-0.005517,0.0000,1.0000,8513.1,0.0512,3,0
44.9746,0.916483,59.999698,-0.005511,0.0000,1.0000,8521.0,0.0504,3,0
45.0170,0.916483,59.999701,-0.005506,0.0000,1.0000,8529.6,0.0498,3,0
45.0590,0.916483,59.999704,-0.005500,0.0000,1.0000,8540.0,0.0494,3,0
45.1013,0.917603,59.999707,-0.005495,0.0000,1.0000,8547.1,0.0490,3,0
45.1429,0.917603,59.999710,-0.005489,0.0000,1.0000,8555.4,0.0488,3,0
45.1859,0.917603,59.999712,-0.005484,0.0000,1.0000,8558.4,0.0487,3,0
45.2290,0.917603,59.999715,-0.005478,0.0000,1.0000,8561.3,0.0486,3,0
45.2712,0.917603,59.999718,-0.005473,0.0000,1.0000,8567.5,0.0484,3,0
45.3132,0.917603,59.999721,-0.005467,0.0000,1.0000,8573.9,0.0481,3,0
45.3559,0.917603,59.999724,-0.005462,0.0000,1.0000,8577.9,0.0479,3,0
45.3996,0.917603,59.999728,-0.005456,0.0000,1.0000,8579.3,0.0479,3,0
45.4432,0.917603,59.999731,-0.005450,0.0000,1.0000,8581.9,0.0478,3,0
45.4851,0.917603,59.999734,-0.005445,0.0000,1.0000,8592.3,0.0478,3,0
45.5275,0.918736,59.999737,-0.005439,0.0000,1.0000,8599.7,0.0481,3,0
45.5717,0.918736,59.999740,-0.005434,0.0000,1.0000,8599.6,0.0488,3,0
45.6147,0.918736,59.999744,-0.005428,0.0000,1.0000,8606.4,0.0497,3,0
45.6584,0.918736,59.999747,-0.005422,0.0000,1.0000,8608.6,0.0509,3,0
45.7004,0.918736,59.999750,-0.005417,0.0000,1.0000,8617.8,0.0522,3,0
45.7425,0.918736,59.999753,-0.005411,0.0000,1.0000,8624.3,0.0537,3,0
45.7854,0.918736,59.999756,-0.005405,0.0000,1.0000,8629.7,0.0555,3,0
45.8271,0.918736,59.999759,-0.005399,0.0000,1.0000,8639.5,0.0572,3,0
45.8709,0.918736,59.999762,-0.005394,0.0000,1.0000,8641.9,0.0589,3,0
45.9144,0.918736,59.999765,-0.005388,0.0000,1.0000,8647.4,0.0607,3,0
45.9577,0.919875,59.999768,-0.005382,0.0000,1.0000,8654.3,0.0626,3,0
46.0013,0.919875,59.999771,-0.005376,0.0000,1.0000,8659.5,0.0647,3,0
46.0447,0.919875,59.999774,-0.005371,0.0000,1.0000,8667.9,0.0669,3,0
46.0893,0.919875,59.999777,-0.005365,0.0000,1.0000,8669.8,0.0695,3,0
46.1305,0.919875,59.999780,-0.005359,0.0000,1.0000,8684.9,0.0723,3,0
46.1720,0.919875,59.999783,-0.005353,0.0000,1.0000,8696.4,0.0754,3,0
46.2145,0.919875,59.999785,-0.005347,0.0000,1.0000,8700.7,0.0786,3,0
46.2569,0.919875,59.999788,-0.005342,0.0000,1.0000,8702.6,0.0815,3,0
46.2957,0.919875,59.999790,-0.005336,0.0000,1.0000,8716.4,0.0840,3,0
46.3347,0.919875,59.999792,-0.005330,0.0000,1.0000,8728.7,0.0860,3,0
46.3740,0.921017,59.999795,-0.005324,0.0000,1.0000,8737.9,0.0874,3,0
46.4152,0.921017,59.999797,-0.005318,0.0000,1.0000,8742.0,0.0878,3,0
46.4563,0.921017,59.999800,-0.005312,0.0000,1.0000,8750.0,0.0877,3,0
46.4970,0.921017,59.999803,-0.005306,0.0000,1.0000,8759.9,0.0868,3,0
46.5391,0.921017,59.999805,-0.005301,0.0000,1.0000,8763.7,0.0855,3,0
46.5818,0.921017,59.999808,-0.005295,0.0000,1.0000,8766.7,0.0838,3,0
46.6244,0.921017,59.999811,-0.005289,0.0000,1.0000,8769.3,0.0819,3,0
46.6670,0.921017,59.999814,-0.005283,0.0000,1.0000,8773.4,0.0799,3,0
46.7078,0.921017,59.999817,-0.005277,0.0000,1.0000,8785.7,0.0780,3,0
46.7474,0.921017,59.999820,-0.005271,0.0000,1.0000,8803.0,0.0764,3,0
46.7873,0.922160,59.999824,-0.005265,0.0000,1.0000,8819.3,0.0754,3,0
46.8265,0.922160,59.999827,-0.005259,0.0000,1.0000,8837.1,0.0747,3,0
46.8645,0.922160,59.999830,-0.005253,0.0000,1.0000,8856.7,0.0745,3,0
46.9037,0.922160,59.999833,-0.005247,0.0000,1.0000,8873.2,0.0748,3,0
46.9425,0.922160,59.999836,-0.005241,0.0000,1.0000,8889.5,0.0757,3,0
46.9797,0.922160,59.999839,-0.005234,0.0000,1.0000,8909.1,0.0769,3,0
47.0182,0.922160,59.999842,-0.005228,0.0000,1.0000,8925.3,0.0784,3,0
47.0576,0.922160,59.999845,-0.005222,0.0000,1.0000,8937.1,0.0801,3,0
47.0977,0.922160,59.999848,-0.005216,0.0000,1.0000,8946.3,0.0822,3,0
47.1366,0.922160,59.999851,-0.005210,0.0000,1.0000,8954.2,0.0843,3,0
47.1772,0.923302,59.999854,-0.005204,0.0000,1.0000,8960.7,0.0866,3,0
47.2169,0.923302,59.999857,-0.005198,0.0000,1.0000,8971.6,0.0891,3,0
47.2570,0.923302,59.999860,-0.005191,0.0000,1.0000,8979.5,0.0917,3,0
47.2962,0.923302,59.999863,-0.005185,0.0000,1.0000,8986.3,0.0944,3,0
47.3368,0.923302,59.999866,-0.005179,0.0000,1.0000,8991.4,0.0970,3,0
47.3763,0.923302,59.999869,-0.005173,0.0000,1.0000,8996.3,0.0996,3,0
47.4158,0.923302,59.999871,-0.005167,0.0000,1.0000,9005.5,0.1020,3,0
47.4549,0.923302,59.999874,-0.005160,0.0000,1.0000,9014.3,0.1042,3,0
47.4951,0.923302,59.999877,-0.005154,0.0000,1.0000,9018.4,0.1060,3,0
47.5345,0.923302,59.999879,-0.005148,0.0000,1.0000,9026.1,0.1072,3,0
47.5735,0.924441,59.999882,-0.005141,0.0000,1.0000,9033.8,0.1078,3,0
47.6114,0.924441,59.999885,-0.005135,0.0000,1.0000,9043.8,0.1080,3,0
47.6504,0.924441,59.999888,-0.005129,0.0000,1.0000,9049.1,0.1075,3,0
47.6889,0.924441,59.999890,-0.005123,0.0000,1.0000,9054.8,0.1063,3,0
47.7276,0.924441,59.999893,-0.005116,0.0000,1.0000,9061.5,0.1047,3,0
47.7659,0.924441,59.999896,-0.005110,0.0000,1.0000,9072.7,0.1026,3,0
47.8063,0.924441,59.999898,-0.005103,0.0000,1.0000,9078.1,0.1002,3,0
47.8449,0.924441,59.999901,-0.005097,0.0000,1.0000,9085.2,0.0975,3,0
47.8854,0.924441,59.999904,-0.005091,0.0000,1.0000,9090.0,0.0946,3,0
47.9237,0.924441,59.999907,-0.005084,0.0000,1.0000,9100.2,0.0917,3,0
47.9619,0.925597,59.999909,-0.005078,0.0000,1.0000,9110.6,0.0890,3,0
48.0011,0.925597,59.999912,-0.005071,0.0000,1.0000,9117.2,0.0862,3,0
48.0401,0.925597,59.999915,-0.005065,0.0000,1.0000,9125.4,0.0835,3,0
48.0781,0.925597,59.999917,-0.005058,0.0000,1.0000,9136.8,0.0809,3,0
48.1169,0.925597,59.999920,-0.005052,0.0000,1.0000,9145.2,0.0785,3,0
48.1573,0.925597,59.999923,-0.005045,0.0000,1.0000,9147.8,0.0761,3,0
48.1974,0.925597,59.999926,-0.005039,0.0000,1.0000,9153.5,0.0736,3,0
48.2368,0.925597,59.999929,-0.005032,0.0000,1.0000,9161.4,0.0710,3,0
48.2771,0.925597,59.999932,-0.005026,0.0000,1.0000,9169.9,0.0682,3,0
48.3175,0.925597,59.999935,-0.005019,0.0000,1.0000,9174.6,0.0651,3,0
48.3578,0.926740,59.999938,-0.005013,0.0000,1.0000,9179.0,0.0615,3,0
48.3982,0.926740,59.999941,-0.005006,0.0000,1.0000,9184.7,0.0577,3,0
48.4382,0.926740,59.999944,-0.004999,0.0000,1.0000,9191.2,0.0535,3,0
48.4786,0.926740,59.999947,-0.004993,0.0000,1.0000,9197.0,0.0490,3,0
48.5199,0.926740,59.999950,-0.004986,0.0000,1.0000,9199.6,0.0446,3,0
48.5603,0.926740,59.999953,-0.004980,0.0000,1.0000,9205.7,0.0400,3,0
48.6020,0.926740,59.999955,-0.004973,0.0000,1.0000,9207.5,0.0356,3,0
48.6426,0.926740,59.999958,-0.004966,0.0000,1.0000,9214.2,0.0314,3,0
48.6846,0.926740,59.999961,-0.004959,0.0000,1.0000,9216.2,0.0275,3,0
48.7262,0.926740,59.999963,-0.004953,0.0000,1.0000,9218.5,0.0239,3,0
48.7682,0.927890,59.999966,-0.004946,0.0000,1.0000,9220.3,0.0208,3,0
48.8098,0.927890,59.999969,-0.004939,0.0000,1.0000,9224.6,0.0183,3,0
48.8525,0.927890,59.999972,-0.004932,0.0000,1.0000,9224.6,0.0164,3,0
48.8954,0.927890,59.999974,-0.004926,0.0000,1.0000,9222.9,0.0152,3,0
48.9395,0.927890,59.999977,-0.004919,0.0000,1.0000,9217.2,0.0145,3,0
48.9822,0.927890,59.999980,-0.004912,0.0000,1.0000,9218.5,0.0144,3,0
49.0251,0.927890,59.999982,-0.004905,0.0000,1.0000,9219.3,0.0146,3,0
49.0688,0.927890,59.999985,-0.004898,0.0000,1.0000,9203.4,0.0154,3,0
49.0808,0.927890,59.999988,-0.004892,0.0000,1.0000,9153.6,0.0167,3,0
49.0807,0.927890,59.999990,-0.004885,0.0000,1.0000,9103.9,0.0184,3,0
49.0810,0.929059,59.999993,-0.004878,0.0000,1.0000,9054.5,0.0207,3,0
49.0815,0.929059,59.999996,-0.004871,0.0000,1.0000,9005.3,0.0235,3,0
49.1207,0.929059,59.999999,-0.004864,0.0000,1.0000,8111.0,0.0270,4,0
49.1829,0.929059,60.000001,-0.004857,0.0000,1.0000,7719.9,0.0311,4,0
49.2381,0.929059,60.000004,-0.004851,0.0000,1.0000,7686.4,0.0355,4,0
49.2856,0.929059,60.000007,-0.004844,0.0000,1.0000,7680.6,0.0404,4,0
49.3301,0.929059,60.000009,-0.004837,0.0000,1.0000,7688.7,0.0456,4,0
49.3743,0.929059,60.000012,-0.004830,0.0000,1.0000,7696.5,0.0510,4,0
49.4187,0.929059,60.000014,-0.004823,0.0000,1.0000,7702.6,0.0566,4,0
49.4635,0.929059,60.000017,-0.004816,0.0000,1.0000,7705.8,0.0623,4,0
49.5076,0.930248,60.000020,-0.004809,0.0000,1.0000,7712.4,0.0678,4,0
49.5510,0.930248,60.000022,-0.004802,0.0000,1.0000,7721.1,0.0731,4,0
49.5957,0.930248,60.000025,-0.004795,0.0000,1.0000,7724.6,0.0783,4,0
49.6396,0.930248,60.000027,-0.004788,0.0000,1.0000,7731.0,0.0832,4,0
49.6835,0.930248,60.000030,-0.004781,0.0000,1.0000,7737.3,0.0880,4,0
49.7242,0.930248,60.000033,-0.004774,0.0000,1.0000,7755.9,0.0922,4,0
49.7700,0.930248,60.000035,-0.004767,0.0000,1.0000,7752.2,0.0960,4,0
49.8152,0.930248,60.000038,-0.004760,0.0000,1.0000,7754.3,0.0994,4,0
49.8582,0.930248,60.000041,-0.004753,0.0000,1.0000,7764.4,0.1025,4,0
49.8986,0.930248,60.000044,-0.004746,0.0000,1.0000,7784.5,0.1051,4,0
49.9422,0.931446,60.000046,-0.004739,0.0000,1.0000,7790.8,0.1072,4,0
49.9860,0.931446,60.000049,-0.004732,0.0000,1.0000,7792.2,0.1089,4,0
50.0286,0.931446,60.000052,-0.004725,0.0000,1.0000,7804.7,0.1103,4,0
50.0681,0.931446,60.000054,-0.004718,0.0000,1.0000,7829.7,0.1112,4,0
50.1088,0.931446,60.000057,-0.004711,0.0000,1.0000,7847.9,0.1119,4,0
50.1516,0.931446,60.000060,-0.004704,0.0000,1.0000,7857.6,0.1122,4,0
50.1934,0.931446,60.000062,-0.004697,0.0000,1.0000,7872.5,0.1123,4,0
50.2339,0.931446,60.000065,-0.004689,0.0000,1.0000,7893.5,0.1122,4,0
50.2723,0.931446,60.000068,-0.004682,0.0000,1.0000,7919.2,0.1117,4,0
50.3093,0.931446,60.000070,-0.004675,0.0000,1.0000,7947.6,0.1110,4,0
50.3468,0.932656,60.000073,-0.004668,0.0000,1.0000,7972.7,0.1103,4,0
50.3862,0.932656,60.000076,-0.004661,0.0000,1.0000,7987.0,0.1094,4,0
50.4272,0.932656,60.000079,-0.004653,0.0000,1.0000,7995.9,0.1083,4,0
50.4662,0.932656,60.000081,-0.004646,0.0000,1.0000,8008.2,0.1070,4,0
50.5067,0.932656,60.000084,-0.004639,0.0000,1.0000,8017.7,0.1056,4,0
50.5460,0.932656,60.000087,-0.004632,0.0000,1.0000,8030.7,0.1041,4,0
50.5867,0.932656,60.000089,-0.004624,0.0000,1.0000,8039.3,0.1024,4,0
50.6262,0.932656,60.000092,-0.004617,0.0000,1.0000,8052.5,0.1007,4,0
50.6649,0.932656,60.000094,-0.004610,0.0000,1.0000,8067.3,0.0990,4,0
50.7039,0.932656,60.000097,-0.004602,0.0000,1.0000,8081.3,0.0974,4,0
50.7431,0.933877,60.000100,-0.004595,0.0000,1.0000,8094.1,0.0958,4,0
50.7828,0.933877,60.000102,-0.004588,0.0000,1.0000,8104.5,0.0941,4,0
50.8241,0.933877,60.000105,-0.004580,0.0000,1.0000,8107.8,0.0926,4,0
50.8642,0.933877,60.000107,-0.004573,0.0000,1.0000,8116.9,0.0912,4,0
50.9043,0.933877,60.000110,-0.004566,0.0000,1.0000,8127.5,0.0897,4,0
50.9454,0.933877,60.000112,-0.004558,0.0000,1.0000,8135.0,0.0880,4,0
50.9870,0.933877,60.000115,-0.004551,0.0000,1.0000,8138.2,0.0864,4,0
51.0277,0.933877,60.000117,-0.004543,0.0000,1.0000,8147.8,0.0845,4,0
51.0689,0.933877,60.000120,-0.004536,0.0000,1.0000,8158.4,0.0824,4,0
51.1107,0.933877,60.000122,-0.004528,0.0000,1.0000,8164.6,0.0800,4,0
51.1539,0.935108,60.000124,-0.004521,0.0000,1.0000,8167.3,0.0776,4,0
51.1971,0.935108,60.000127,-0.004513,0.0000,1.0000,8168.9,0.0753,4,0
51.2390,0.935108,60.000129,-0.004505,0.0000,1.0000,8177.5,0.0730,4,0
51.2815,0.935108,60.000132,-0.004498,0.0000,1.0000,8181.5,0.0711,4,0
51.3233,0.935108,60.000134,-0.004490,0.0000,1.0000,8188.2,0.0697,4,0
51.3655,0.935108,60.000137,-0.004483,0.0000,1.0000,8192.3,0.0687,4,0
51.4064,0.935108,60.000139,-0.004475,0.0000,1.0000,8198.8,0.0678,4,0
51.4479,0.935108,60.000142,-0.004467,0.0000,1.0000,8202.1,0.0672,4,0
51.4884,0.935108,60.000144,-0.004460,0.0000,1.0000,8204.8,0.0664,4,0
51.5283,0.935108,60.000147,-0.004452,0.0000,1.0000,8212.4,0.0656,4,0
51.5715,0.936349,60.000150,-0.004444,0.0000,1.0000,8212.1,0.0644,4,0
51.6165,0.936349,60.000152,-0.004436,0.0000,1.0000,8206.6,0.0623,4,0
51.6549,0.936349,60.000155,-0.004429,0.0000,1.0000,8221.7,0.0606,4,0
51.6918,0.936349,60.000157,-0.004421,0.0000,1.0000,8229.5,0.0577,4,0
51.7362,0.936349,60.000160,-0.004413,0.0000,1.0000,8236.8,0.0550,4,0
51.7754,0.936349,60.000162,-0.004405,0.0000,1.0000,8238.9,0.0521,4,0
51.8166,0.936349,60.000165,-0.004397,0.0000,1.0000,8238.6,0.0480,4,0
51.8528,0.936349,60.000167,-0.004390,0.0000,1.0000,8259.6,0.0458,4,0
51.8977,0.936349,60.000169,-0.004382,0.0000,1.0000,8260.6,0.0419,4,0
51.9249,0.936349,60.000172,-0.004374,0.0000,1.0000,8269.8,0.0397,4,0
51.9584,0.937607,60.000174,-0.004366,0.0000,1.0000,8286.7,0.0362,4,0
52.0062,0.937607,60.000176,-0.004358,0.0000,1.0000,8277.3,0.0336,4,0
52.0446,0.937607,60.000178,-0.004350,0.0000,1.0000,8292.8,0.0322,4,0
52.0932,0.937607,60.000181,-0.004342,0.0000,1.0000,8281.0,0.0306,4,0
52.1203,0.937607,60.000183,-0.004334,0.0000,1.0000,8332.1,0.0311,4,0
52.1608,0.937607,60.000185,-0.004326,0.0000,1.0000,8358.6,0.0310,4,0
52.1998,0.937607,60.000188,-0.004318,0.0000,1.0000,8359.5,0.0333,4,0
52.2439,0.937607,60.000190,-0.004310,0.0000,1.0000,8362.4,0.0349,4,0
52.2977,0.937607,60.000192,-0.004302,0.0000,1.0000,8327.0,0.0375,4,0
52.3338,0.937607,60.000194,-0.004294,0.0000,1.0000,8337.2,0.0409,4,0
52.3847,0.938882,60.000197,-0.004286,0.0000,1.0000,8315.4,0.0428,4,0
52.4322,0.938882,60.000199,-0.004278,0.0000,1.0000,8276.6,0.0466,4,0
52.4770,0.938882,60.000201,-0.004270,0.0000,1.0000,8290.2,0.0485,4,0
52.5204,0.938882,60.000204,-0.004261,0.0000,1.0000,8279.8,0.0528,4,0
52.5732,0.938882,60.000206,-0.004253,0.0000,1.0000,8245.3,0.0559,4,0
52.6160,0.938882,60.000208,-0.004245,0.0000,1.0000,8261.0,0.0590,4,0
52.6607,0.938882,60.000210,-0.004237,0.0000,1.0000,8234.9,0.0642,4,0
52.7022,0.938882,60.000212,-0.004229,0.0000,1.0000,8259.4,0.0672,4,0
52.7478,0.938882,60.000214,-0.004220,0.0000,1.0000,8246.7,0.0744,4,0
52.7860,0.938882,60.000215,-0.004212,0.0000,1.0000,8273.8,0.0785,4,0
52.8338,0.940168,60.000217,-0.004204,0.0000,1.0000,8269.0,0.0856,4,0
52.8759,0.940168,60.000219,-0.004196,0.0000,1.0000,8271.8,0.0921,4,0
52.9176,0.940168,60.000221,-0.004187,0.0000,1.0000,8294.2,0.0986,4,0
52.9618,0.940168,60.000223,-0.004179,0.0000,1.0000,8277.0,0.1064,4,0
52.9949,0.940168,60.000225,-0.004171,0.0000,1.0000,8327.8,0.1116,4,0
53.0450,0.940168,60.000227,-0.004163,0.0000,1.0000,8292.9,0.1190,4,0
53.0745,0.940168,60.000230,-0.004154,0.0000,1.0000,8352.7,0.1228,4,0
53.1177,0.940168,60.000232,-0.004146,0.0000,1.0000,8342.8,0.1284,4,0
53.1561,0.940168,60.000234,-0.004138,0.0000,1.0000,8353.5,0.1311,4,0
53.1952,0.940168,60.000236,-0.004129,0.0000,1.0000,8374.5,0.1342,4,0
53.2309,0.941466,60.000239,-0.004121,0.0000,1.0000,8353.1,0.1344,4,0
53.2723,0.941466,60.000241,-0.004113,0.0000,1.0000,8380.4,0.1323,4,0
53.3104,0.941466,60.000243,-0.004104,0.0000,1.0000,8345.2,0.1317,4,0
53.3452,0.941466,60.000246,-0.004096,0.0000,1.0000,8377.6,0.1260,4,0
53.3917,0.941466,60.000248,-0.004087,0.0000,1.0000,8348.8,0.1227,4,0
53.4204,0.941466,60.000250,-0.004079,0.0000,1.0000,8383.9,0.1159,4,0
53.4600,0.941466,60.000252,-0.004071,0.0000,1.0000,8380.1,0.1105,4,0
53.4835,0.941466,60.000255,-0.004062,0.0000,1.0000,8396.7,0.1035,4,0
53.5219,0.941466,60.000257,-0.004054,0.0000,1.0000,8417.5,0.0962,4,0
53.5400,0.941466,60.000259,-0.004045,0.0000,1.0000,8429.9,0.0895,4,0
53.5602,0.942765,60.000261,-0.004037,0.0000,1.0000,8463.3,0.0816,4,0
53.5960,0.942765,60.000263,-0.004028,0.0000,1.0000,8460.0,0.0745,4,0
53.6249,0.942765,60.000266,-0.004020,0.0000,1.0000,8492.3,0.0667,4,0
53.6436,0.942765,60.000268,-0.004011,0.0000,1.0000,8566.1,0.0602,4,0
53.6558,0.942765,60.000270,-0.004003,0.0000,1.0000,8644.7,0.0532,4,0
53.6892,0.942765,60.000272,-0.003994,0.0000,1.0000,8656.5,0.0472,4,0
53.7052,0.942765,60.000274,-0.003985,0.0000,1.0000,8732.9,0.0413,4,0
53.7579,0.942765,60.000276,-0.003977,0.0000,1.0000,8683.4,0.0359,4,0
53.7778,0.942765,60.000278,-0.003968,0.0000,1.0000,8750.1,0.0317,4,0
53.8392,0.942765,60.000280,-0.003959,0.0000,1.0000,8671.7,0.0282,4,0
53.8562,0.944077,60.000282,-0.003951,0.0000,1.0000,8741.2,0.0260,4,0
53.9026,0.944077,60.000284,-0.003942,0.0000,1.0000,8725.1,0.0251,4,0
53.9312,0.944077,60.000286,-0.003933,0.0000,1.0000,8755.4,0.0260,4,0
53.9793,0.944077,60.000288,-0.003925,0.0000,1.0000,8721.4,0.0274,4,0
54.0310,0.944077,60.000290,-0.003916,0.0000,1.0000,8667.7,0.0301,4,0
54.0770,0.944077,60.000292,-0.003907,0.0000,1.0000,8638.3,0.0332,4,0
54.1253,0.944077,60.000294,-0.003898,0.0000,1.0000,8602.6,0.0367,4,0
54.1663,0.944077,60.000296,-0.003890,0.0000,1.0000,8595.5,0.0402,4,0
54.2144,0.944077,60.000298,-0.003881,0.0000,1.0000,8562.0,0.0435,4,0
54.2536,0.944077,60.000300,-0.003872,0.0000,1.0000,8553.9,0.0465,4,0
54.2947,0.945399,60.000302,-0.003863,0.0000,1.0000,8545.8,0.0488,4,0
54.3368,0.945399,60.000304,-0.003854,0.0000,1.0000,8530.3,0.0507,4,0
54.3765,0.945399,60.000306,-0.003845,0.0000,1.0000,8518.4,0.0520,4,0
54.4152,0.945399,60.000308,-0.003836,0.0000,1.0000,8513.0,0.0527,4,0
54.4562,0.945399,60.000310,-0.003828,0.0000,1.0000,8496.6,0.0528,4,0
54.4928,0.945399,60.000312,-0.003819,0.0000,1.0000,8501.4,0.0522,4,0
54.5255,0.945399,60.000314,-0.003810,0.0000,1.0000,8515.4,0.0514,4,0
54.5608,0.945399,60.000315,-0.003801,0.0000,1.0000,8526.4,0.0504,4,0
54.5971,0.945399,60.000317,-0.003792,0.0000,1.0000,8533.0,0.0496,4,0
54.6319,0.945399,60.000319,-0.003783,0.0000,1.0000,8539.5,0.0488,4,0
54.6623,0.946728,60.000321,-0.003774,0.0000,1.0000,8556.6,0.0483,4,0
54.6937,0.946728,60.000323,-0.003765,0.0000,1.0000,8569.8,0.0481,4,0
54.7304,0.946728,60.000324,-0.003756,0.0000,1.0000,8566.0,0.0481,4,0
54.7665,0.946728,60.000326,-0.003747,0.0000,1.0000,8566.6,0.0480,4,0
54.8000,0.946728,60.000328,-0.003738,0.0000,1.0000,8583.8,0.0484,4,0
54.8366,0.946728,60.000329,-0.003729,0.0000,1.0000,8587.6,0.0490,4,0
54.8743,0.946728,60.000331,-0.003720,0.0000,1.0000,8584.1,0.0496,4,0
54.9104,0.946728,60.000332,-0.003710,0.0000,1.0000,8586.9,0.0503,4,0
54.9433,0.946728,60.000334,-0.003701,0.0000,1.0000,8604.8,0.0513,4,0
54.9787,0.946728,60.000335,-0.003692,0.0000,1.0000,8611.7,0.0524,4,0
55.0152,0.948062,60.000337,-0.003683,0.0000,1.0000,8611.7,0.0535,4,0
55.0502,0.948062,60.000339,-0.003674,0.0000,1.0000,8618.0,0.0548,4,0
55.0840,0.948062,60.000340,-0.003665,0.0000,1.0000,8631.8,0.0564,4,0
55.1198,0.948062,60.000342,-0.003656,0.0000,1.0000,8634.9,0.0582,4,0
55.1563,0.948062,60.000343,-0.003647,0.0000,1.0000,8632.3,0.0600,4,0
55.1896,0.948062,60.000345,-0.003637,0.0000,1.0000,8641.5,0.0621,4,0
55.2212,0.948062,60.000347,-0.003628,0.0000,1.0000,8658.6,0.0645,4,0
55.2563,0.948062,60.000349,-0.003619,0.0000,1.0000,8656.9,0.0669,4,0
55.2908,0.948062,60.000351,-0.003609,0.0000,1.0000,8655.5,0.0690,4,0
55.3227,0.948062,60.000353,-0.003600,0.0000,1.0000,8662.4,0.0710,4,0
55.3530,0.949400,60.000354,-0.003591,0.0000,1.0000,8677.5,0.0726,4,0
55.3867,0.949400,60.000356,-0.003582,0.0000,1.0000,8676.5,0.0737,4,0
55.4185,0.949400,60.000358,-0.003572,0.0000,1.0000,8679.1,0.0738,4,0
55.4499,0.949400,60.000360,-0.003563,0.0000,1.0000,8688.5,0.0736,4,0
55.4789,0.949400,60.000362,-0.003554,0.0000,1.0000,8706.0,0.0727,4,0
55.5119,0.949400,60.000364,-0.003544,0.0000,1.0000,8703.7,0.0714,4,0
55.5433,0.949400,60.000365,-0.003535,0.0000,1.0000,8707.7,0.0697,4,0
55.5727,0.949400,60.000367,-0.003526,0.0000,1.0000,8722.5,0.0682,4,0
55.6021,0.949400,60.000368,-0.003516,0.0000,1.0000,8735.0,0.0669,4,0
55.6344,0.949400,60.000370,-0.003507,0.0000,1.0000,8735.5,0.0658,4,0
55.6646,0.950744,60.000372,-0.003497,0.0000,1.0000,8743.7,0.0652,4,0
55.6951,0.950744,60.000373,-0.003488,0.0000,1.0000,8749.8,0.0652,4,0
55.7237,0.950744,60.000375,-0.003478,0.0000,1.0000,8761.7,0.0654,4,0
55.7493,0.950744,60.000376,-0.003469,0.0000,1.0000,8785.2,0.0658,4,0
55.7739,0.950744,60.000378,-0.003460,0.0000,1.0000,8810.6,0.0665,4,0
55.8015,0.950744,60.000380,-0.003450,0.0000,1.0000,8825.1,0.0674,4,0
55.8262,0.950744,60.000381,-0.003441,0.0000,1.0000,8847.4,0.0683,4,0
55.8515,0.950744,60.000383,-0.003431,0.0000,1.0000,8864.4,0.0690,4,0
55.8790,0.950744,60.000384,-0.003421,0.0000,1.0000,8871.1,0.0698,4,0
55.9053,0.950744,60.000386,-0.003412,0.0000,1.0000,8880.2,0.0705,4,0
55.9308,0.952093,60.000387,-0.003402,0.0000,1.0000,8886.0,0.0710,4,0
55.9586,0.952093,60.000388,-0.003393,0.0000,1.0000,8889.7,0.0714,4,0
55.9834,0.952093,60.000390,-0.003383,0.0000,1.0000,8896.4,0.0716,4,0
56.0070,0.952093,60.000391,-0.003374,0.0000,1.0000,8907.0,0.0717,4,0
56.0327,0.952093,60.000393,-0.003364,0.0000,1.0000,8912.6,0.0715,4,0
56.0588,0.952093,60.000395,-0.003355,0.0000,1.0000,8916.8,0.0713,4,0
56.0835,0.952093,60.000396,-0.003345,0.0000,1.0000,8926.1,0.0708,4,0
56.1055,0.952093,60.000398,-0.003335,0.0000,1.0000,8932.9,0.0701,4,0
56.1329,0.952093,60.000400,-0.003325,0.0000,1.0000,8934.4,0.0690,4,0
56.1581,0.952093,60.000402,-0.003316,0.0000,1.0000,8937.9,0.0681,4,0
56.1826,0.953446,60.000403,-0.003306,0.0000,1.0000,8950.2,0.0671,4,0
56.2055,0.953446,60.000405,-0.003296,0.0000,1.0000,8957.2,0.0661,4,0
56.2345,0.953446,60.000407,-0.003287,0.0000,1.0000,8958.8,0.0653,4,0
56.2602,0.953446,60.000408,-0.003277,0.0000,1.0000,8962.3,0.0649,4,0
56.2825,0.953446,60.000410,-0.003267,0.0000,1.0000,8973.8,0.0647,4,0
56.3067,0.953446,60.000411,-0.003258,0.0000,1.0000,8976.6,0.0646,4,0
56.3338,0.953446,60.000412,-0.003248,0.0000,1.0000,8978.3,0.0646,4,0
56.3583,0.953446,60.000413,-0.003238,0.0000,1.0000,8977.3,0.0649,4,0
56.3824,0.953446,60.000414,-0.003228,0.0000,1.0000,8983.4,0.0655,4,0
56.4090,0.953446,60.000415,-0.003218,0.0000,1.0000,8984.6,0.0659,4,0
56.4340,0.954801,60.000416,-0.003209,0.0000,1.0000,8987.8,0.0668,4,0
56.4598,0.954801,60.000417,-0.003199,0.0000,1.0000,8986.2,0.0678,4,0
56.4847,0.954801,60.000418,-0.003189,0.0000,1.0000,8988.9,0.0688,4,0
56.5091,0.954801,60.000419,-0.003179,0.0000,1.0000,8990.1,0.0697,4,0
56.5342,0.954801,60.000420,-0.003169,0.0000,1.0000,8990.8,0.0707,4,0
56.5585,0.954801,60.000421,-0.003160,0.0000,1.0000,8993.9,0.0718,4,0
56.5837,0.954801,60.000422,-0.003150,0.0000,1.0000,8998.6,0.0728,4,0
56.6095,0.954801,60.000423,-0.003140,0.0000,1.0000,9001.3,0.0738,4,0
56.6352,0.954801,60.000424,-0.003130,0.0000,1.0000,8997.6,0.0750,4,0
56.6589,0.954801,60.000425,-0.003120,0.0000,1.0000,8998.9,0.0762,4,0
56.6839,0.956159,60.000426,-0.003110,0.0000,1.0000,9001.6,0.0771,4,0
56.7069,0.956159,60.000427,-0.003100,0.0000,1.0000,9006.9,0.0781,4,0
56.7322,0.956159,60.000428,-0.003090,0.0000,1.0000,9003.9,0.0789,4,0
56.7577,0.956159,60.000429,-0.003080,0.0000,1.0000,9001.5,0.0794,4,0
56.7834,0.956159,60.000430,-0.003070,0.0000,1.0000,9000.2,0.0795,4,0
56.8089,0.956159,60.000431,-0.003060,0.0000,1.0000,9000.9,0.0797,4,0
56.8356,0.956159,60.000432,-0.003050,0.0000,1.0000,8998.8,0.0797,4,0
56.8608,0.956159,60.000433,-0.003040,0.0000,1.0000,9002.7,0.0797,4,0
56.8858,0.956159,60.000434,-0.003030,0.0000,1.0000,9006.9,0.0797,4,0
56.9113,0.956159,60.000435,-0.003020,0.0000,1.0000,9007.7,0.0800,4,0
56.9366,0.957508,60.000436,-0.003010,0.0000,1.0000,9007.6,0.0803,4,0
56.9611,0.957508,60.000437,-0.003000,0.0000,1.0000,9010.6,0.0809,4,0
56.9836,0.957508,60.000438,-0.002990,0.0000,1.0000,9017.4,0.0815,4,0
57.0075,0.957508,60.000439,-0.002980,0.0000,1.0000,9016.5,0.0822,4,0
57.0314,0.957508,60.000440,-0.002970,0.0000,1.0000,9013.6,0.0828,4,0
57.0543,0.957508,60.000441,-0.002960,0.0000,1.0000,9018.4,0.0831,4,0
57.0767,0.957508,60.000442,-0.002950,0.0000,1.0000,9021.9,0.0833,4,0
57.0991,0.957508,60.000443,-0.002940,0.0000,1.0000,9022.0,0.0833,4,0
57.1216,0.957508,60.000444,-0.002930,0.0000,1.0000,9027.9,0.0831,4,0
57.1422,0.957508,60.000445,-0.002920,0.0000,1.0000,9035.5,0.0826,4,0
57.1633,0.958873,60.000446,-0.002910,0.0000,1.0000,9041.0,0.0822,4,0
57.1839,0.958873,60.000447,-0.002900,0.0000,1.0000,9046.4,0.0816,4,0
57.2028,0.958873,60.000448,-0.002890,0.0000,1.0000,9056.7,0.0810,4,0
57.2239,0.958873,60.000449,-0.002880,0.0000,1.0000,9063.7,0.0805,4,0
57.2455,0.958873,60.000450,-0.002869,0.0000,1.0000,9072.6,0.0804,4,0
57.2679,0.958873,60.000451,-0.002859,0.0000,1.0000,9087.3,0.0803,4,0
57.2904,0.958873,60.000452,-0.002849,0.0000,1.0000,9102.4,0.0807,4,0
57.3147,0.958873,60.000452,-0.002839,0.0000,1.0000,9108.7,0.0814,4,0
57.3349,0.958873,60.000453,-0.002829,0.0000,1.0000,9112.0,0.0822,4,0
57.3609,0.958873,60.000454,-0.002819,0.0000,1.0000,9109.0,0.0828,4,0
57.3860,0.960239,60.000455,-0.002808,0.0000,1.0000,9099.4,0.0837,4,0
57.4072,0.960239,60.000456,-0.002798,0.0000,1.0000,9102.9,0.0846,4,0
57.4289,0.960239,60.000456,-0.002788,0.0000,1.0000,9104.4,0.0855,4,0
57.4487,0.960239,60.000457,-0.002778,0.0000,1.0000,9114.0,0.0867,4,0
57.4706,0.960239,60.000458,-0.002768,0.0000,1.0000,9115.0,0.0881,4,0
57.4933,0.960239,60.000458,-0.002757,0.0000,1.0000,9112.5,0.0898,4,0
57.5130,0.960239,60.000458,-0.002747,0.0000,1.0000,9118.2,0.0915,4,0
57.5333,0.960239,60.000459,-0.002737,0.0000,1.0000,9121.7,0.0935,4,0
57.5536,0.960239,60.000459,-0.002727,0.0000,1.0000,9125.9,0.0958,4,0
57.5747,0.960239,60.000459,-0.002716,0.0000,1.0000,9123.3,0.0983,4,0
57.5931,0.961607,60.000459,-0.002706,0.0000,1.0000,9129.6,0.1008,4,0
57.6103,0.961607,60.000459,-0.002696,0.0000,1.0000,9136.1,0.1033,4,0
57.6279,0.961607,60.000460,-0.002686,0.0000,1.0000,9139.5,0.1056,4,0
57.6446,0.961607,60.000460,-0.002675,0.0000,1.0000,9143.4,0.1075,4,0
57.6590,0.961607,60.000460,-0.002665,0.0000,1.0000,9149.9,0.1088,4,0
57.6766,0.961607,60.000460,-0.002655,0.0000,1.0000,9150.1,0.1095,4,0
57.6938,0.961607,60.000461,-0.002644,0.0000,1.0000,9153.2,0.1096,4,0
57.7094,0.961607,60.000462,-0.002634,0.0000,1.0000,9165.3,0.1088,4,0
57.7269,0.961607,60.000462,-0.002624,0.0000,1.0000,9170.5,0.1073,4,0
57.7456,0.961607,60.000462,-0.002614,0.0000,1.0000,9173.8,0.1055,4,0
57.7652,0.962982,60.000463,-0.002603,0.0000,1.0000,9178.8,0.1035,4,0
57.7832,0.962982,60.000463,-0.002593,0.0000,1.0000,9187.9,0.1015,4,0
57.8037,0.962982,60.000464,-0.002583,0.0000,1.0000,9190.8,0.1000,4,0
57.8233,0.962982,60.000464,-0.002572,0.0000,1.0000,9198.4,0.0989,4,0
57.8392,0.962982,60.000465,-0.002562,0.0000,1.0000,9210.4,0.0980,4,0
57.8551,0.962982,60.000465,-0.002552,0.0000,1.0000,9215.6,0.0974,4,0
57.8693,0.962982,60.000466,-0.002541,0.0000,1.0000,9224.6,0.0971,4,0
57.8851,0.962982,60.000467,-0.002531,0.0000,1.0000,9224.2,0.0966,4,0
57.8989,0.962982,60.000467,-0.002520,0.0000,1.0000,9223.7,0.0959,4,0
57.9139,0.962982,60.000467,-0.002510,0.0000,1.0000,9226.9,0.0950,4,0
57.9244,0.964373,60.000468,-0.002500,0.0000,1.0000,9232.7,0.0936,4,0
57.9373,0.964373,60.000468,-0.002489,0.0000,1.0000,9230.1,0.0918,4,0
57.9488,0.964373,60.000469,-0.002479,0.0000,1.0000,9235.2,0.0897,4,0
57.9613,0.964373,60.000470,-0.002468,0.0000,1.0000,9242.6,0.0872,4,0
57.9765,0.964373,60.000470,-0.002458,0.0000,1.0000,9244.3,0.0845,4,0
57.9909,0.964373,60.000470,-0.002448,0.0000,1.0000,9252.1,0.0817,4,0
58.0053,0.964373,60.000471,-0.002437,0.0000,1.0000,9264.1,0.0790,4,0
58.0206,0.964373,60.000471,-0.002427,0.0000,1.0000,9272.8,0.0763,4,0
58.0378,0.964373,60.000471,-0.002416,0.0000,1.0000,9277.5,0.0736,4,0
58.0538,0.964373,60.000472,-0.002406,0.0000,1.0000,9284.8,0.0710,4,0
58.0712,0.965787,60.000472,-0.002396,0.0000,1.0000,9290.2,0.0688,4,0
58.0908,0.965787,60.000472,-0.002385,0.0000,1.0000,9287.6,0.0670,4,0
58.1107,0.965787,60.000472,-0.002375,0.0000,1.0000,9284.3,0.0659,4,0
58.1304,0.965787,60.000473,-0.002364,0.0000,1.0000,9280.9,0.0657,4,0
58.1490,0.965787,60.000473,-0.002354,0.0000,1.0000,9280.7,0.0662,4,0
58.1691,0.965787,60.000473,-0.002343,0.0000,1.0000,9276.8,0.0675,4,0
58.1891,0.965787,60.000472,-0.002333,0.0000,1.0000,9268.9,0.0695,4,0
58.2083,0.965787,60.000472,-0.002322,0.0000,1.0000,9262.9,0.0721,4,0
58.2275,0.965787,60.000472,-0.002312,0.0000,1.0000,9257.4,0.0749,4,0
58.2462,0.965787,60.000472,-0.002302,0.0000,1.0000,9248.4,0.0778,4,0
58.2638,0.967227,60.000471,-0.002291,0.0000,1.0000,9241.9,0.0809,4,0
58.2800,0.967227,60.000471,-0.002281,0.0000,1.0000,9241.7,0.0840,4,0
58.2973,0.967227,60.000471,-0.002270,0.0000,1.0000,9239.5,0.0870,4,0
58.3153,0.967227,60.000470,-0.002260,0.0000,1.0000,9229.8,0.0899,4,0
58.3313,0.967227,60.000470,-0.002249,0.0000,1.0000,9228.8,0.0927,4,0
58.3471,0.967227,60.000470,-0.002239,0.0000,1.0000,9231.3,0.0953,4,0
58.3636,0.967227,60.000470,-0.002228,0.0000,1.0000,9229.5,0.0978,4,0
58.3772,0.967227,60.000470,-0.002218,0.0000,1.0000,9233.7,0.1001,4,0
58.3905,0.967227,60.000470,-0.002207,0.0000,1.0000,9239.6,0.1021,4,0
58.4007,0.967227,60.000470,-0.002197,0.0000,1.0000,9245.9,0.1034,4,0
58.4088,0.968738,60.000470,-0.002186,0.0000,1.0000,9250.7,0.1043,4,0
58.4171,0.968738,60.000470,-0.002176,0.0000,1.0000,9264.1,0.1046,4,0
58.4272,0.968738,60.000470,-0.002165,0.0000,1.0000,9277.1,0.1046,4,0
58.4385,0.968738,60.000470,-0.002155,0.0000,1.0000,9287.5,0.1045,4,0
58.4503,0.968738,60.000470,-0.002144,0.0000,1.0000,9302.2,0.1044,4,0
58.4626,0.968738,60.000470,-0.002134,0.0000,1.0000,9319.1,0.1043,4,0
58.4772,0.968738,60.000469,-0.002123,0.0000,1.0000,9326.4,0.1042,4,0
58.4894,0.968738,60.000468,-0.002113,0.0000,1.0000,9337.8,0.1042,4,0
58.5011,0.968738,60.000468,-0.002102,0.0000,1.0000,9352.8,0.1047,4,0
58.5155,0.968738,60.000467,-0.002092,0.0000,1.0000,9355.8,0.1053,4,0
58.5324,0.970213,60.000467,-0.002081,0.0000,1.0000,9353.8,0.1064,4,0
58.5377,0.970213,60.000467,-0.002071,0.0000,1.0000,9316.3,0.1080,4,0
58.5246,0.970213,60.000466,-0.002060,0.0000,1.0000,9266.0,0.1100,4,0
58.5052,0.970213,60.000465,-0.002050,0.0000,1.0000,9215.8,0.1122,4,0
58.4856,0.970213,60.000465,-0.002039,0.0000,1.0000,9165.9,0.1146,4,0
58.4722,0.970213,60.000464,-0.002029,0.0000,1.0000,8693.1,0.1171,5,0
58.4965,0.970213,60.000464,-0.002018,0.0000,1.0000,8083.7,0.1190,5,0
58.5152,0.970213,60.000463,-0.002008,0.0000,1.0000,8068.0,0.1204,5,0
58.5337,0.970213,60.000463,-0.001997,0.0000,1.0000,8061.2,0.1211,5,0
58.5504,0.970213,60.000462,-0.001987,0.0000,1.0000,8058.1,0.1210,5,0
58.5647,0.971690,60.000462,-0.001977,0.0000,1.0000,8068.2,0.1201,5,0
58.5797,0.971690,60.000462,-0.001966,0.0000,1.0000,8074.7,0.1189,5,0
58.5971,0.971690,60.000461,-0.001956,0.0000,1.0000,8075.9,0.1174,5,0
58.6134,0.971690,60.000460,-0.001945,0.0000,1.0000,8082.7,0.1160,5,0
58.6302,0.971690,60.000460,-0.001935,0.0000,1.0000,8086.5,0.1148,5,0
58.6476,0.971690,60.000459,-0.001924,0.0000,1.0000,8088.7,0.1144,5,0
58.6645,0.971690,60.000459,-0.001914,0.0000,1.0000,8091.9,0.1142,5,0
58.6825,0.971690,60.000458,-0.001903,0.0000,1.0000,8089.0,0.1144,5,0
58.7002,0.971690,60.000458,-0.001893,0.0000,1.0000,8087.6,0.1152,5,0
58.7154,0.971690,60.000457,-0.001882,0.0000,1.0000,8096.6,0.1165,5,0
58.7319,0.973170,60.000456,-0.001872,0.0000,1.0000,8100.3,0.1180,5,0
58.7459,0.973170,60.000456,-0.001861,0.0000,1.0000,8109.7,0.1198,5,0
58.7623,0.973170,60.000455,-0.001851,0.0000,0.9938,8110.8,0.1222,5,0
58.7774,0.973170,60.000455,-0.001840,0.0000,0.9875,8115.7,0.1248,5,0
58.7933,0.973170,60.000454,-0.001830,0.0000,0.9861,8118.3,0.1279,5,0
58.8101,0.973170,60.000453,-0.001819,0.0000,0.9848,8117.4,0.1314,5,0
58.8259,0.973170,60.000452,-0.001809,0.0000,0.9856,8118.3,0.1355,5,0
58.8413,0.973170,60.000452,-0.001798,0.0000,0.9865,8119.1,0.1395,5,0
58.8560,0.973170,60.000451,-0.001788,0.0000,0.9906,8117.6,0.1436,5,0
58.8694,0.973170,60.000450,-0.001778,0.0000,0.9946,8116.1,0.1476,5,0
58.8798,0.974695,60.000449,-0.001767,0.0000,0.9973,8120.7,0.1514,5,0
58.8895,0.974695,60.000448,-0.001757,0.0000,1.0000,8123.0,0.1543,5,0
58.9000,0.974695,60.000448,-0.001746,0.0000,1.0000,8123.0,0.1564,5,0
58.9088,0.974695,60.000447,-0.001736,0.0000,1.0000,8126.5,0.1580,5,0
58.9203,0.974695,60.000446,-0.001725,0.0000,1.0000,8126.2,0.1581,5,0
58.9289,0.974695,60.000445,-0.001715,0.0000,1.0000,8127.2,0.1573,5,0
58.9407,0.974695,60.000445,-0.001704,0.0000,1.0000,8125.0,0.1558,5,0
58.9483,0.974695,60.000444,-0.001694,0.0000,1.0000,8131.2,0.1533,5,0
58.9575,0.974695,60.000444,-0.001683,0.0000,1.0000,8145.8,0.1504,5,0
58.9647,0.974695,60.000443,-0.001673,0.0000,1.0000,8154.9,0.1466,5,0
58.9666,0.976183,60.000442,-0.001662,0.0000,1.0000,8172.7,0.1427,5,0
58.9754,0.976183,60.000442,-0.001652,0.0000,1.0000,8182.8,0.1382,5,0
58.9821,0.976183,60.000441,-0.001642,0.0000,1.0000,8201.3,0.1332,5,0
58.9939,0.976183,60.000441,-0.001631,0.0000,1.0000,8198.9,0.1285,5,0
59.0066,0.976183,60.000440,-0.001621,0.0000,1.0000,8209.7,0.1235,5,0
59.0189,0.976183,60.000439,-0.001610,0.0000,1.0000,8218.3,0.1183,5,0
59.0304,0.976183,60.000437,-0.001600,0.0000,1.0000,8227.0,0.1144,5,0
59.0417,0.976183,60.000436,-0.001589,0.0000,1.0000,8239.8,0.1108,5,0
59.0584,0.976183,60.000435,-0.001579,0.0000,1.0000,8228.5,0.1084,5,0
59.0729,0.976183,60.000433,-0.001569,0.0000,1.0000,8241.2,0.1070,5,0
59.0920,0.977676,60.000432,-0.001558,0.0000,1.0000,8235.2,0.1065,5,0
59.1085,0.977676,60.000431,-0.001548,0.0000,1.0000,8241.6,0.1077,5,0
59.1335,0.977676,60.000430,-0.001537,0.0000,1.0000,8213.9,0.1091,5,0
59.1514,0.977676,60.000428,-0.001527,0.0000,1.0000,8212.9,0.1118,5,0
59.1677,0.977676,60.000427,-0.001517,0.0000,1.0000,8212.7,0.1154,5,0
59.1976,0.977676,60.000426,-0.001506,0.0000,1.0000,8166.7,0.1198,5,0
59.2122,0.977676,60.000425,-0.001496,0.0000,1.0000,8175.9,0.1258,5,0
59.2291,0.977676,60.000424,-0.001485,0.0000,1.0000,8175.7,0.1315,5,0
59.2472,0.977676,60.000423,-0.001475,0.0000,1.0000,8171.3,0.1376,5,0
59.2626,0.977676,60.000422,-0.001465,0.0000,1.0000,8179.5,0.1437,5,0
59.2733,0.979176,60.000420,-0.001454,0.0000,1.0000,8205.7,0.1497,5,0
59.2919,0.979176,60.000419,-0.001444,0.0000,1.0000,8204.1,0.1558,5,0
59.3042,0.979176,60.000418,-0.001433,0.0000,1.0000,8222.6,0.1615,5,0
59.3249,0.979176,60.000417,-0.001423,0.0000,1.0000,8200.3,0.1661,5,0
59.3404,0.979176,60.000416,-0.001413,0.0000,1.0000,8206.6,0.1710,5,0
59.3615,0.979176,60.000415,-0.001402,0.0000,1.0000,8181.6,0.1749,5,0
59.3793,0.979176,60.000414,-0.001392,0.0000,1.0000,8181.4,0.1781,5,0
59.3990,0.979176,60.000412,-0.001382,0.0000,1.0000,8169.9,0.1814,5,0
59.4149,0.979176,60.000411,-0.001371,0.0000,1.0000,8180.6,0.1842,5,0
59.4348,0.979176,60.000410,-0.001361,0.0000,1.0000,8183.2,0.1863,5,0
59.4610,0.980683,60.000409,-0.001350,0.0000,1.0000,8151.2,0.1878,5,0
59.4872,0.980683,60.000408,-0.001340,0.0000,1.0000,8127.4,0.1890,5,0
59.5180,0.980683,60.000406,-0.001330,0.0000,1.0000,8085.9,0.1900,5,0
59.5418,0.980683,60.000405,-0.001319,0.0000,1.0000,8065.4,0.1907,5,0
59.5596,0.980683,60.000404,-0.001309,0.0000,1.0000,8054.2,0.1900,5,0
59.5737,0.980683,60.000403,-0.001299,0.0000,1.0000,8039.9,0.1884,5,0
59.5876,0.980683,60.000401,-0.001288,0.0000,1.0000,8024.4,0.1850,5,0
59.6034,0.980683,60.000400,-0.001278,0.0000,1.0000,8006.9,0.1791,5,0
59.6240,0.980683,60.000398,-0.001267,0.0000,1.0000,7985.2,0.1728,5,0
59.6418,0.980683,60.000397,-0.001257,0.0000,1.0000,7980.4,0.1657,5,0
59.6593,0.982243,60.000396,-0.001247,0.0000,1.0000,7979.8,0.1581,5,0
59.6777,0.982243,60.000394,-0.001236,0.0000,1.0000,7979.7,0.1508,5,0
59.6951,0.982243,60.000393,-0.001226,0.0000,1.0000,7989.8,0.1441,5,0
59.7094,0.982243,60.000391,-0.001216,0.0000,1.0000,8005.7,0.1376,5,0
59.7265,0.982243,60.000390,-0.001205,0.0000,1.0000,8011.0,0.1318,5,0
59.7453,0.982243,60.000388,-0.001195,0.0000,1.0000,8013.3,0.1272,5,0
59.7616,0.982243,60.000387,-0.001185,0.0000,1.0000,8025.0,0.1233,5,0
59.7784,0.982243,60.000385,-0.001174,0.0000,1.0000,8036.5,0.1202,5,0
59.7971,0.982243,60.000384,-0.001164,0.0000,1.0000,8041.1,0.1179,5,0
59.8142,0.982243,60.000382,-0.001154,0.0000,1.0000,8046.4,0.1164,5,0
59.8311,0.983743,60.000380,-0.001143,0.0000,1.0000,8056.4,0.1155,5,0
59.8484,0.983743,60.000379,-0.001133,0.0000,1.0000,8063.8,0.1150,5,0
59.8662,0.983743,60.000377,-0.001123,0.0000,1.0000,8068.3,0.1150,5,0
59.8835,0.983743,60.000376,-0.001112,0.0000,1.0000,8073.6,0.1156,5,0
59.9000,0.983743,60.000374,-0.001102,0.0000,1.0000,8087.3,0.1166,5,0
59.9158,0.983743,60.000373,-0.001092,0.0000,1.0000,8100.1,0.1181,5,0
59.9287,0.983743,60.000371,-0.001081,0.0000,1.0000,8132.0,0.1202,5,0
59.9457,0.983743,60.000370,-0.001071,0.0000,1.0000,8143.8,0.1228,5,0
59.9557,0.983743,60.000368,-0.001061,0.0000,1.0000,8175.5,0.1256,5,0
59.9674,0.983743,60.000367,-0.001050,0.0000,1.0000,8204.4,0.1289,5,0
59.9817,0.985233,60.000366,-0.001040,0.0000,1.0000,8223.3,0.1324,5,0
59.9965,0.985233,60.000364,-0.001030,0.0000,1.0000,8237.2,0.1359,5,0
60.0123,0.985233,60.000363,-0.001019,0.0000,1.0000,8245.2,0.1395,5,0
60.0303,0.985233,60.000361,-0.001009,0.0000,1.0000,8240.5,0.1429,5,0
60.0462,0.985233,60.000360,-0.000999,0.0000,1.0000,8242.7,0.1458,5,0
60.0602,0.985233,60.000358,-0.000989,0.0000,1.0000,8246.5,0.1482,5,0
60.0734,0.985233,60.000357,-0.000978,0.0000,1.0000,8251.3,0.1501,5,0
60.0883,0.985233,60.000355,-0.000968,0.0000,1.0000,8250.1,0.1511,5,0
60.1006,0.985233,60.000353,-0.000958,0.0000,1.0000,8252.4,0.1510,5,0
60.1122,0.985233,60.000352,-0.000948,0.0000,1.0000,8255.1,0.1502,5,0
60.1235,0.986702,60.000350,-0.000937,0.0000,1.0000,8261.3,0.1478,5,0
60.1351,0.986702,60.000348,-0.000927,0.0000,1.0000,8260.2,0.1445,5,0
60.1466,0.986702,60.000346,-0.000917,0.0000,1.0000,8266.0,0.1404,5,0
60.1602,0.986702,60.000345,-0.000907,0.0000,1.0000,8267.0,0.1358,5,0
60.1741,0.986702,60.000343,-0.000896,0.0000,1.0000,8269.0,0.1309,5,0
60.1851,0.986702,60.000341,-0.000886,0.0000,1.0000,8279.0,0.1259,5,0
60.1974,0.986702,60.000339,-0.000876,0.0000,1.0000,8288.6,0.1215,5,0
60.2122,0.986702,60.000337,-0.000866,0.0000,1.0000,8292.2,0.1175,5,0
60.2263,0.986702,60.000335,-0.000856,0.0000,1.0000,8296.1,0.1144,5,0
60.2406,0.986702,60.000333,-0.000846,0.0000,1.0000,8301.8,0.1122,5,0
60.2565,0.988152,60.000332,-0.000835,0.0000,1.0000,8304.5,0.1111,5,0
60.2719,0.988152,60.000330,-0.000825,0.0000,1.0000,8306.3,0.1109,5,0
60.2853,0.988152,60.000328,-0.000815,0.0000,1.0000,8312.5,0.1113,5,0
60.2995,0.988152,60.000326,-0.000805,0.0000,1.0000,8316.8,0.1125,5,0
60.3132,0.988152,60.000324,-0.000795,0.0000,1.0000,8321.8,0.1141,5,0
60.3266,0.988152,60.000322,-0.000785,0.0000,1.0000,8321.4,0.1157,5,0
60.3416,0.988152,60.000320,-0.000774,0.0000,1.0000,8318.9,0.1175,5,0
60.3552,0.988152,60.000318,-0.000764,0.0000,1.0000,8320.7,0.1192,5,0
60.3705,0.988152,60.000316,-0.000754,0.0000,1.0000,8316.9,0.1205,5,0
60.3848,0.988152,60.000315,-0.000744,0.0000,1.0000,8316.1,0.1216,5,0
60.3998,0.989605,60.000313,-0.000734,0.0000,1.0000,8315.0,0.1222,5,0
60.4153,0.989605,60.000311,-0.000724,0.0000,1.0000,8315.2,0.1222,5,0
60.4310,0.989605,60.000309,-0.000714,0.0000,1.0000,8314.1,0.1217,5,0
60.4473,0.989605,60.000307,-0.000704,0.0000,1.0000,8313.9,0.1208,5,0
60.4642,0.989605,60.000305,-0.000694,0.0000,1.0000,8314.2,0.1194,5,0
60.4821,0.989605,60.000303,-0.000684,0.0000,1.0000,8311.7,0.1175,5,0
60.4987,0.989605,60.000300,-0.000674,0.0000,1.0000,8312.2,0.1154,5,0
60.5153,0.989605,60.000298,-0.000664,0.0000,1.0000,8312.2,0.1129,5,0
60.5314,0.989605,60.000296,-0.000654,0.0000,1.0000,8313.3,0.1096,5,0
60.5479,0.989605,60.000293,-0.000644,0.0000,1.0000,8308.5,0.1059,5,0
60.5646,0.991071,60.000291,-0.000634,0.0000,1.0000,8306.3,0.1018,5,0
60.5815,0.991071,60.000289,-0.000624,0.0000,1.0000,8302.1,0.0969,5,0
60.5994,0.991071,60.000287,-0.000614,0.0000,1.0000,8290.7,0.0920,5,0
60.6150,0.991071,60.000284,-0.000603,0.0000,1.0000,8292.4,0.0868,5,0
60.6311,0.991071,60.000282,-0.000593,0.0000,1.0000,8294.6,0.0814,5,0
60.6502,0.991071,60.000280,-0.000584,0.0000,1.0000,8291.2,0.0761,5,0
60.6660,0.991071,60.000278,-0.000574,0.0000,1.0000,8294.9,0.0713,5,0
60.6823,0.991071,60.000275,-0.000564,0.0000,1.0000,8297.1,0.0674,5,0
60.6979,0.991071,60.000273,-0.000554,0.0000,1.0000,8305.4,0.0642,5,0
60.7166,0.991071,60.000271,-0.000544,0.0000,1.0000,8301.0,0.0621,5,0
60.7370,0.992543,60.000269,-0.000534,0.0000,1.0000,8289.5,0.0610,5,0
60.7539,0.992543,60.000267,-0.000524,0.0000,1.0000,8289.4,0.0607,5,0
60.7716,0.992543,60.000264,-0.000514,0.0000,1.0000,8293.0,0.0613,5,0
60.7893,0.992543,60.000262,-0.000504,0.0000,1.0000,8292.4,0.0629,5,0
60.8079,0.992543,60.000260,-0.000494,0.0000,1.0000,8290.4,0.0654,5,0
60.8272,0.992543,60.000258,-0.000484,0.0000,1.0000,8292.3,0.0683,5,0
60.8453,0.992543,60.000255,-0.000474,0.0000,1.0000,8294.5,0.0719,5,0
60.8633,0.992543,60.000253,-0.000464,0.0000,1.0000,8293.1,0.0759,5,0
60.8805,0.992543,60.000251,-0.000454,0.0000,1.0000,8294.7,0.0801,5,0
60.8995,0.992543,60.000248,-0.000445,0.0000,1.0000,8296.6,0.0845,5,0
60.9195,0.994020,60.000246,-0.000435,0.0000,1.0000,8291.4,0.0891,5,0
60.9384,0.994020,60.000244,-0.000425,0.0000,1.0000,8293.8,0.0938,5,0
60.9590,0.994020,60.000242,-0.000415,0.0000,1.0000,8294.5,0.0987,5,0
60.9813,0.994020,60.000239,-0.000405,0.0000,1.0000,8290.0,0.1039,5,0
61.0022,0.994020,60.000237,-0.000395,0.0000,1.0000,8285.4,0.1093,5,0
61.0229,0.994020,60.000235,-0.000385,0.0000,1.0000,8283.1,0.1149,5,0
61.0451,0.994020,60.000232,-0.000376,0.0000,1.0000,8278.6,0.1210,5,0
61.0669,0.994020,60.000230,-0.000366,0.0000,1.0000,8274.9,0.1276,5,0
61.0868,0.994020,60.000228,-0.000356,0.0000,1.0000,8274.2,0.1344,5,0
61.1051,0.994020,60.000225,-0.000346,0.0000,1.0000,8281.8,0.1412,5,0
61.1250,0.995499,60.000223,-0.000336,0.0000,1.0000,8282.8,0.1484,5,0
61.1461,0.995499,60.000221,-0.000327,0.0000,1.0000,8278.0,0.1555,5,0
61.1648,0.995499,60.000219,-0.000317,0.0000,1.0000,8278.8,0.1620,5,0
61.1817,0.995499,60.000216,-0.000307,0.0000,1.0000,8281.4,0.1678,5,0
61.1993,0.995499,60.000214,-0.000297,0.0000,1.0000,8277.0,0.1731,5,0
61.2164,0.995499,60.000211,-0.000288,0.0000,1.0000,8268.5,0.1772,5,0
61.2285,0.995499,60.000209,-0.000278,0.0000,1.0000,8275.8,0.1801,5,0
61.2439,0.995499,60.000206,-0.000268,0.0000,1.0000,8271.4,0.1820,5,0
61.2595,0.995499,60.000203,-0.000258,0.0000,1.0000,8267.9,0.1825,5,0
61.2790,0.995499,60.000200,-0.000249,0.0000,1.0000,8253.4,0.1818,5,0
61.2958,0.996992,60.000198,-0.000239,0.0000,1.0000,8252.4,0.1804,5,0
61.3120,0.996992,60.000195,-0.000229,0.0000,1.0000,8254.1,0.1781,5,0
61.3280,0.996992,60.000192,-0.000219,0.0000,1.0000,8260.4,0.1748,5,0
61.3404,0.996992,60.000190,-0.000210,0.0000,1.0000,8272.8,0.1709,5,0
61.3553,0.996992,60.000187,-0.000200,0.0000,1.0000,8278.9,0.1666,5,0
61.3719,0.996992,60.000184,-0.000190,0.0000,1.0000,8279.1,0.1608,5,0
61.3836,0.996992,60.000182,-0.000181,0.0000,1.0000,8289.1,0.1545,5,0
61.3871,0.996992,60.000179,-0.000171,0.0000,1.0000,8299.9,0.1470,5,0
61.3964,0.996992,60.000176,-0.000161,0.0000,1.0000,8303.6,0.1380,5,0
61.4023,0.996992,60.000174,-0.000152,0.0000,1.0000,8301.3,0.1288,5,0
61.4184,0.998496,60.000171,-0.000142,0.0000,1.0000,8318.1,0.1176,5,0
61.4183,0.998496,60.000168,-0.000132,0.0000,1.0000,8336.3,0.1080,5,0
61.4458,0.998496,60.000165,-0.000123,0.0000,1.0000,8312.3,0.0979,5,0
61.4540,0.998496,60.000163,-0.000113,0.0000,1.0000,8359.3,0.0891,5,0
61.4707,0.998496,60.000160,-0.000103,0.0000,1.0000,8361.0,0.0812,5,0
61.4829,0.998496,60.000157,-0.000094,0.0000,1.0000,8382.3,0.0733,5,0
61.4884,0.998496,60.000155,-0.000084,0.0000,1.0000,8416.6,0.0685,5,0
61.5160,0.998496,60.000152,-0.000075,0.0000,1.0000,8399.5,0.0638,5,0
61.5308,0.998496,60.000150,-0.000065,0.0000,1.0000,8409.9,0.0607,5,0
61.5442,0.998496,60.000147,-0.000056,0.0000,1.0000,8422.9,0.0598,5,0
61.5614,1.000000,60.000144,-0.000046,0.0000,1.0000,8426.9,0.0587,5,0
61.5774,1.000000,60.000142,-0.000037,0.0000,1.0000,8424.8,0.0592,5,0
61.6021,1.000000,60.000139,-0.000027,0.0000,1.0000,8405.1,0.0601,5,0
61.6084,1.000000,60.000137,-0.000018,0.0000,1.0000,8432.0,0.0624,5,0
61.6303,1.000000,60.000134,-0.000008,0.0000,1.0000,8429.6,0.0645,5,0