Speed,LapDistPct,Lat,Lon,Brake,Throttle,RPM,SteeringWheelAngle,Gear,OffAsphalt
0.0133,0.000000,59.999960,-0.000485,0.0000,0.0000,0.0,-0.0094,0,0
0.0130,0.000000,59.999960,-0.000485,0.0000,0.0000,0.0,-0.0095,0,0
0.0120,0.000000,59.999960,-0.000485,0.0000,0.0000,0.0,-0.0094,0,0
0.0104,0.000000,59.999960,-0.000485,0.0000,0.0000,0.0,-0.0092,0,0
0.0088,0.000000,59.999960,-0.000485,0.0000,0.0000,0.0,-0.0090,0,0
0.0073,0.000000,59.999960,-0.000485,0.0000,0.0000,0.0,-0.0088,0,0
0.0063,0.000000,59.999960,-0.000485,0.0000,0.0000,0.0,-0.0087,0,0
0.0058,0.000000,59.999960,-0.000485,0.0000,0.0000,0.0,-0.0086,0,0
0.0056,0.000000,59.999960,-0.000485,0.0000,0.0000,0.0,-0.0088,0,0
0.0056,0.000000,59.999960,-0.000485,0.0000,0.0000,0.0,-0.0089,0,0
0.0057,0.000000,59.999960,-0.000485,0.0000,0.0000,0.0,-0.0092,0,0
0.0058,0.000000,59.999960,-0.000485,0.0000,0.0000,0.0,-0.0093,0,0
0.0060,0.000000,59.999960,-0.000485,0.0000,0.0000,0.0,-0.0094,0,0
0.0061,0.000000,59.999960,-0.000485,0.0000,0.0000,0.0,-0.0094,0,0
0.0060,0.000000,59.999960,-0.000485,0.0000,0.0000,0.0,-0.0093,0,0
0.0058,0.000000,59.999960,-0.000485,0.0000,0.0000,0.0,-0.0091,0,0
0.0056,0.000000,59.999960,-0.000485,0.0000,0.0000,0.0,-0.0090,0,0
0.0053,0.000000,59.999960,-0.000485,0.0000,0.0000,0.0,-0.0089,0,0
0.0050,0.000000,59.999960,-0.000485,0.0000,0.0000,0.0,-0.0089,0,0
0.0049,0.000000,59.999960,-0.000485,0.0000,0.0000,0.0,-0.0089,0,0
0.0047,0.000000,59.999960,-0.000485,0.0000,0.0000,0.0,-0.0090,0,0
0.0045,0.000000,59.999960,-0.000485,0.0000,0.0000,0.0,-0.0091,0,0
0.0042,0.000000,59.999960,-0.000485,0.0000,0.0000,0.0,-0.0092,0,0
0.0039,0.000000,59.999960,-0.000485,0.0000,0.0000,0.0,-0.0093,0,0
0.0035,0.000000,59.999960,-0.000485,0.0000,0.0000,0.0,-0.0093,0,0
0.0032,0.000000,59.999960,-0.000485,0.0000,0.0000,0.0,-0.0093,0,0
0.0031,0.000000,59.999960,-0.000485,0.0000,0.0000,0.0,-0.0091,0,0
0.0031,0.000000,59.999960,-0.000485,0.0000,0.0000,0.0,-0.0090,0,0
0.0033,0.000000,59.999960,-0.000485,0.0000,0.0000,0.0,-0.0089,0,0
0.0035,0.000000,59.999960,-0.000485,0.0000,0.0000,0.0,-0.0089,0,0
0.0038,0.000000,59.999960,-0.000485,0.0000,0.0000,0.0,-0.0089,0,0
0.0039,0.000000,59.999960,-0.000485,0.0000,0.0000,0.0,-0.0090,0,0
0.0039,0.000000,59.999960,-0.000485,0.0000,0.0000,0.0,-0.0090,0,0
0.0038,0.000000,59.999960,-0.000485,0.0000,0.0000,0.0,-0.0091,0,0
0.0036,0.000000,59.999960,-0.000485,0.0000,0.0000,0.0,-0.0092,0,0
0.0031,0.000000,59.999960,-0.000485,0.0000,0.0000,0.0,-0.0092,0,0
0.0025,0.000000,59.999960,-0.000485,0.0000,0.0000,0.0,-0.0092,0,0
0.0018,0.000000,59.999960,-0.000485,0.0000,0.0000,0.0,-0.0091,0,0
0.0012,0.000000,59.999960,-0.000485,0.0000,0.0000,0.0,-0.0091,0,0
0.0011,0.000000,59.999960,-0.000485,0.0000,0.0000,0.0,-0.0090,0,0
0.0016,0.000000,59.999960,-0.000485,0.0000,0.0000,0.0,-0.0090,0,0
0.0021,0.000000,59.999960,-0.000485,0.0000,0.0000,0.0,-0.0090,0,0
0.0025,0.000000,59.999960,-0.000485,0.0000,0.0000,0.0,-0.0090,0,0
0.0026,0.000000,59.999960,-0.000485,0.0000,0.0000,0.0,-0.0090,0,0
0.0026,0.000000,59.999960,-0.000485,0.0000,0.0000,0.0,-0.0091,0,0
0.0023,0.000000,59.999960,-0.000485,0.0000,0.0000,0.0,-0.0091,0,0
0.0020,0.000000,59.999960,-0.000485,0.0000,0.0000,0.0,-0.0091,0,0
0.0017,0.000000,59.999960,-0.000485,0.0000,0.0000,0.0,-0.0091,0,0
0.0014,0.000000,59.999960,-0.000485,0.0000,0.0000,0.0,-0.0091,0,0
0.0011,0.000000,59.999960,-0.000485,0.0000,0.0000,0.0,-0.0091,0,0
0.0007,0.000000,59.999960,-0.000485,0.0000,0.0000,0.0,-0.0091,0,0
0.0004,0.000000,59.999960,-0.000485,0.0000,0.0000,0.0,-0.0091,0,0
0.0005,0.000000,59.999960,-0.000485,0.0000,0.0000,0.0,-0.0091,0,0
0.0009,0.000000,59.999960,-0.000485,0.0000,0.0000,0.0,-0.0091,0,0
0.0014,0.000000,59.999960,-0.000485,0.0000,0.0000,0.0,-0.0091,0,0
0.0017,0.000000,59.999960,-0.000485,0.0000,0.0000,0.0,-0.0091,0,0
0.0020,0.000000,59.999960,-0.000485,0.0000,0.0000,0.0,-0.0091,0,0
0.0021,0.000000,59.999960,-0.000485,0.0000,0.0000,0.0,-0.0091,0,0
0.0020,0.000000,59.999960,-0.000485,0.0000,0.0000,0.0,-0.0091,0,0
0.0017,0.000000,59.999960,-0.000485,0.0000,0.0000,0.0,-0.0091,0,0
0.0014,0.000000,59.999960,-0.000485,0.0000,0.0000,0.0,-0.0091,0,0
0.0009,0.000000,59.999960,-0.000485,0.0000,0.0000,0.0,-0.0091,0,0
0.0005,0.000000,59.999960,-0.000485,0.0000,0.0000,0.0,-0.0091,0,0
0.0005,0.000000,59.999960,-0.000485,0.0000,0.0000,0.0,-0.0091,0,0
0.0007,0.000000,59.999960,-0.000485,0.0000,0.0000,0.0,-0.0091,0,0
0.0009,0.000000,59.999960,-0.000485,0.0000,0.0000,0.0,-0.0091,0,0
0.0010,0.000000,59.999960,-0.000485,0.0000,0.0000,0.0,-0.0091,0,0
0.0010,0.000000,59.999960,-0.000485,0.0000,0.0000,0.0,-0.0091,0,0
0.0010,0.000000,59.999960,-0.000485,0.0000,0.0000,0.0,-0.0091,0,0
0.0009,0.000000,59.999960,-0.000485,0.0000,0.0000,0.0,-0.0091,0,0
0.0009,0.000000,59.999960,-0.000485,0.0000,0.0000,0.0,-0.0091,0,0
0.0008,0.000000,59.999960,-0.000485,0.0000,0.0000,0.0,-0.0091,0,0
0.0008,0.000000,59.999960,-0.000485,0.0000,0.0000,0.0,-0.0091,0,0
0.0007,0.000000,59.999960,-0.000485,0.0000,0.0000,0.0,-0.0091,0,0
0.0006,0.000000,59.999960,-0.000485,0.0000,0.0000,0.0,-0.0091,0,0
0.0004,0.000000,59.999960,-0.000485,0.0000,0.0000,0.0,-0.0091,0,0
0.0002,0.000000,59.999960,-0.000485,0.0000,0.0000,0.0,-0.0091,0,0
0.0003,0.000000,59.999960,-0.000485,0.0000,0.0000,0.0,-0.0091,0,0
0.0005,0.000000,59.999960,-0.000485,0.0000,0.0000,0.0,-0.0091,0,0
0.0007,0.000000,59.999960,-0.000485,0.0000,0.0000,0.0,-0.0091,0,0
0.0008,0.000000,59.999960,-0.000485,0.0000,0.0000,0.0,-0.0091,0,0
0.0009,0.000000,59.999960,-0.000485,0.0000,0.0000,0.0,-0.0091,0,0
0.0008,0.000000,59.999960,-0.000485,0.0000,0.0000,0.0,-0.0091,0,0
0.0007,0.000000,59.999960,-0.000485,0.0000,0.0000,0.0,-0.0091,0,0
0.0006,0.000000,59.999960,-0.000485,0.0000,0.0000,0.0,-0.0091,0,0
0.0005,0.000000,59.999960,-0.000485,0.0000,0.0000,0.0,-0.0091,0,0
0.0005,0.000000,59.999960,-0.000485,0.0000,0.0000,0.0,-0.0091,0,0
0.0005,0.000000,59.999960,-0.000485,0.0000,0.0000,0.0,-0.0091,0,0
0.0006,0.000000,59.999960,-0.000485,0.0000,0.0000,0.0,-0.0091,0,0
0.0006,0.000000,59.999960,-0.000485,0.0000,0.0000,0.0,-0.0091,0,0
0.0005,0.000000,59.999960,-0.000485,0.0000,0.0000,0.0,-0.0091,0,0
0.0004,0.000000,59.999960,-0.000485,0.0000,0.0000,0.0,-0.0091,0,0
0.0003,0.000000,59.999960,-0.000485,0.0000,0.0000,0.0,-0.0091,0,0
0.0003,0.000000,59.999960,-0.000485,0.0000,0.0000,0.0,-0.0091,0,0
0.0003,0.000000,59.999960,-0.000485,0.0000,0.0000,0.0,-0.0091,0,0
0.0003,0.000000,59.999960,-0.000485,0.0000,0.0000,0.0,-0.0091,0,0
0.0003,0.000000,59.999960,-0.000485,0.0000,0.0000,0.0,-0.0091,0,0
0.0003,0.000000,59.999960,-0.000485,0.0000,0.0000,0.0,-0.0091,0,0
0.0003,0.000000,59.999960,-0.000485,0.0000,0.0000,0.0,-0.0091,0,0
0.0003,0.000000,59.999960,-0.000485,0.0000,0.0000,0.0,-0.0091,0,0
0.0003,0.000000,59.999960,-0.000485,0.0000,0.0000,0.0,-0.0091,0,0
0.0003,0.000000,59.999960,-0.000485,0.0000,0.0000,0.0,-0.0091,0,0
0.0003,0.000000,59.999960,-0.000485,0.0000,0.0000,0.0,-0.0091,0,0
0.0003,0.000000,59.999960,-0.000485,0.0000,0.0000,0.0,-0.0091,0,0
0.0004,0.000000,59.999960,-0.000485,0.0000,0.0000,0.0,-0.0091,0,0
0.0003,0.000000,59.999960,-0.000485,0.0000,0.0000,32.0,-0.0091,0,0
0.0003,0.000000,59.999960,-0.000485,0.0000,0.0000,161.6,-0.0091,0,0
0.0002,0.000000,59.999960,-0.000485,0.0000,0.0000,297.7,-0.0091,0,0
0.0002,0.000000,59.999960,-0.000485,0.0000,0.0000,448.2,-0.0091,0,0
0.0002,0.000000,59.999960,-0.000485,0.0000,0.0000,612.5,-0.0091,0,0
0.0003,0.000000,59.999960,-0.000485,0.0000,0.0000,795.3,-0.0091,0,0
0.0003,0.000000,59.999960,-0.000485,0.0000,0.0000,990.4,-0.0091,0,0
0.0004,0.000000,59.999960,-0.000485,0.0000,0.0000,1189.1,-0.0091,0,0
0.0003,0.000000,59.999960,-0.000485,0.0000,0.0000,1384.7,-0.0091,0,0
0.0003,0.000000,59.999960,-0.000485,0.0000,0.0000,1574.0,-0.0091,0,0
0.0002,0.000000,59.999960,-0.000485,0.0000,0.0000,1751.5,-0.0091,0,0
0.0001,0.000000,59.999960,-0.000485,0.0000,0.0000,1806.4,-0.0091,0,0
0.0001,0.000000,59.999960,-0.000485,0.0000,0.0000,1815.1,-0.0091,0,0
0.0000,0.000000,59.999960,-0.000485,0.0000,0.0000,1823.4,-0.0091,0,0
0.0001,0.000000,59.999960,-0.000485,0.0000,0.0000,1831.3,-0.0091,0,0
0.0001,0.000000,59.999960,-0.000485,0.0000,0.0000,1838.8,-0.0091,0,0
0.0001,0.000000,59.999960,-0.000485,0.0000,0.0000,1846.0,-0.0091,0,0
0.0001,0.000000,59.999960,-0.000485,0.0000,0.0000,1852.9,-0.0091,0,0
0.0001,0.000000,59.999960,-0.000485,0.0000,0.0000,1859.5,-0.0091,0,0
0.0002,0.000000,59.999960,-0.000485,0.0000,0.0000,1865.7,-0.0091,0,0
0.0002,0.000000,59.999960,-0.000485,0.0000,0.0000,1871.7,-0.0091,0,0
0.0002,0.000000,59.999960,-0.000485,0.0000,0.0000,1877.4,-0.0091,0,0
0.0002,0.000000,59.999960,-0.000485,0.0000,0.0000,1882.9,-0.0091,0,0
0.0002,0.000000,59.999960,-0.000485,0.0000,0.0000,1888.1,-0.0091,0,0
0.0001,0.000000,59.999960,-0.000485,0.0000,0.0000,1893.0,-0.0091,0,0
0.0001,0.000000,59.999960,-0.000485,0.0000,0.0000,1897.8,-0.0091,0,0
0.0000,0.000000,59.999960,-0.000485,0.0000,0.0000,1902.3,-0.0091,0,0
0.0001,0.000000,59.999960,-0.000485,0.0000,0.0000,1906.7,-0.0091,0,0
0.0001,0.000000,59.999960,-0.000485,0.0000,0.0000,1910.8,-0.0091,0,0
0.0002,0.000000,59.999960,-0.000485,0.0000,0.0000,1914.7,-0.0091,0,0
0.0002,0.000000,59.999960,-0.000485,0.0000,0.0000,1918.5,-0.0091,0,0
0.0002,0.000000,59.999960,-0.000485,0.0000,0.0000,1922.1,-0.0091,0,0
0.0002,0.000000,59.999960,-0.000485,0.0000,0.0000,1925.5,-0.0091,0,0
0.0001,0.000000,59.999960,-0.000485,0.0000,0.0000,1928.8,-0.0091,0,0
0.0001,0.000000,59.999960,-0.000485,0.0000,0.0000,1931.9,-0.0091,0,0
0.0001,0.000000,59.999960,-0.000485,0.0000,0.0000,1934.9,-0.0091,0,0
0.0000,0.000000,59.999960,-0.000485,0.0000,0.0000,1937.8,-0.0091,0,0
0.0000,0.000000,59.999960,-0.000485,0.0000,0.0000,1940.5,-0.0091,0,0
0.0000,0.000000,59.999960,-0.000485,0.0000,0.0000,1943.1,-0.0091,0,0
0.0000,0.000000,59.999960,-0.000485,0.0000,0.0000,1945.6,-0.0091,0,0
0.0001,0.000000,59.999960,-0.000485,0.0000,0.0000,1948.0,-0.0091,0,0
0.0001,0.000000,59.999960,-0.000485,0.0000,0.0000,1950.2,-0.0091,0,0
0.0001,0.000000,59.999960,-0.000485,0.0000,0.0000,1952.4,-0.0091,0,0
0.0001,0.000000,59.999960,-0.000485,0.0000,0.0000,1954.4,-0.0091,0,0
0.0001,0.000000,59.999960,-0.000485,0.0000,0.0000,1956.4,-0.0091,0,0
0.0001,0.000000,59.999960,-0.000485,0.0000,0.0000,1958.3,-0.0091,0,0
0.0001,0.000000,59.999960,-0.000485,0.0000,0.0000,1960.1,-0.0091,0,0
0.0001,0.000000,59.999960,-0.000485,0.0000,0.0000,1961.8,-0.0091,0,0
0.0001,0.000000,59.999960,-0.000485,0.0000,0.0000,1963.4,-0.0091,0,0
0.0000,0.000000,59.999960,-0.000485,0.0000,0.0000,1965.0,-0.0091,0,0
0.0000,0.000000,59.999960,-0.000485,0.0000,0.0000,1966.5,-0.0091,0,0
0.0000,0.000000,59.999960,-0.000485,0.0000,0.0000,1967.9,-0.0091,0,0
0.0001,0.000000,59.999960,-0.000485,0.0000,0.0000,1969.3,-0.0091,0,0
0.0001,0.000000,59.999960,-0.000485,0.0000,0.0000,1970.6,-0.0091,0,0
0.0001,0.000000,59.999960,-0.000485,0.0000,0.0000,1971.9,-0.0091,0,0
0.0001,0.000000,59.999960,-0.000485,0.0000,0.0000,1973.1,-0.0091,0,0
0.0001,0.000000,59.999960,-0.000485,0.0000,0.0000,1974.2,-0.0091,0,0
0.0001,0.000000,59.999960,-0.000485,0.0000,0.0000,1975.3,-0.0091,0,0
0.0000,0.000000,59.999960,-0.000485,0.0000,0.0000,1976.3,-0.0091,0,0
0.0000,0.000000,59.999960,-0.000485,0.0000,0.0000,1976.8,-0.0091,0,0
0.0000,0.000000,59.999960,-0.000485,0.0000,0.0000,1976.8,-0.0091,0,0
0.0000,0.000000,59.999960,-0.000485,0.0000,0.0000,1976.8,-0.0091,0,0
0.0000,0.000000,59.999960,-0.000485,0.0000,0.0000,1976.8,-0.0091,0,0
0.0000,0.000000,59.999960,-0.000485,0.0000,0.0000,1976.8,-0.0091,0,0
0.0000,0.000000,59.999960,-0.000485,0.0000,0.0000,1976.8,-0.0091,0,0
0.0000,0.000000,59.999960,-0.000485,0.0000,0.0000,1976.8,-0.0091,0,0
0.0000,0.000000,59.999960,-0.000485,0.0000,0.0000,1976.8,-0.0091,0,0
0.0000,0.000000,59.999960,-0.000485,0.0000,0.0000,1976.8,-0.0091,0,0
0.0000,0.000000,59.999960,-0.000485,0.0000,0.0000,1976.8,-0.0091,0,0
0.0000,0.000000,59.999960,-0.000485,0.0000,0.0000,1976.8,-0.0091,0,0
0.0000,0.000000,59.999960,-0.000485,0.0000,0.0000,1976.8,-0.0091,0,0
0.0000,0.000000,59.999960,-0.000485,0.0000,0.0000,1976.7,-0.0091,0,0
0.0000,0.000000,59.999960,-0.000485,0.0000,0.0000,1976.7,-0.0091,0,0
0.0000,0.000000,59.999960,-0.000485,0.0000,0.0000,1976.7,-0.0091,0,0
0.0000,0.000000,59.999960,-0.000485,0.0000,0.0000,1976.7,-0.0091,0,0
0.0000,0.000000,59.999960,-0.000485,0.0000,0.0000,1976.7,-0.0091,0,0
0.0000,0.000000,59.999960,-0.000485,0.0000,0.0000,1976.7,-0.0091,0,0
0.0001,0.000000,59.999960,-0.000485,0.0000,0.0000,1976.7,-0.0091,0,0
0.0000,0.000000,59.999960,-0.000485,0.0000,0.0000,1976.7,-0.0091,0,0
0.0000,0.000000,59.999960,-0.000485,0.0000,0.0000,1976.7,-0.0091,0,0
0.0000,0.000000,59.999960,-0.000485,0.0000,0.0000,1976.7,-0.0091,0,0
0.0000,0.000000,59.999960,-0.000485,0.0000,0.0000,1976.7,-0.0091,0,0
0.0000,0.000000,59.999960,-0.000485,0.0000,0.0000,1976.7,-0.0091,0,0
0.0000,0.000000,59.999960,-0.000485,0.0000,0.0000,1976.7,-0.0091,0,0
0.0000,0.000000,59.999960,-0.000485,0.0000,0.0000,1976.7,-0.0091,0,0
0.0000,0.000000,59.999960,-0.000485,0.0000,0.0000,1976.7,-0.0091,0,0
0.0000,0.000000,59.999960,-0.000485,0.0000,0.0000,1976.7,-0.0091,0,0
0.0000,0.000000,59.999960,-0.000485,0.0000,0.0000,1976.7,-0.0091,0,0
0.0000,0.000000,59.999960,-0.000485,0.0000,0.0000,1976.7,-0.0091,0,0
0.0000,0.000000,59.999960,-0.000485,0.0000,0.0000,1976.7,-0.0091,0,0
0.0000,0.000000,59.999960,-0.000485,0.0000,0.0000,1976.7,-0.0091,0,0
0.0000,0.000000,59.999960,-0.000485,0.0000,0.0000,1976.7,-0.0091,0,0
0.0000,0.000000,59.999960,-0.000485,0.0000,0.0000,1976.7,-0.0091,0,0
0.0000,0.000000,59.999960,-0.000485,0.0000,0.0000,1976.7,-0.0091,0,0
0.0000,0.000000,59.999960,-0.000485,0.0000,0.0000,1976.7,-0.0091,0,0
0.0000,0.000000,59.999960,-0.000485,0.0000,0.0000,1976.7,-0.0091,0,0
0.0000,0.000000,59.999960,-0.000485,0.0000,0.0000,1976.7,-0.0091,0,0
0.0000,0.000000,59.999960,-0.000485,0.0000,0.0000,1976.7,-0.0091,0,0
0.0000,0.000000,59.999960,-0.000485,0.0000,0.0000,1976.7,-0.0091,0,0
0.0000,0.000000,59.999960,-0.000485,0.0000,0.0000,1976.7,-0.0091,0,0
0.0000,0.000000,59.999960,-0.000485,0.0000,0.0000,1976.7,-0.0091,0,0
0.0000,0.000000,59.999960,-0.000485,0.0000,0.0000,1976.7,-0.0091,0,0
0.0000,0.000000,59.999960,-0.000485,0.0000,0.0000,1976.7,-0.0091,0,0
0.0000,0.000000,59.999960,-0.000485,0.0000,0.0000,1976.7,-0.0091,0,0
0.0000,0.000000,59.999960,-0.000485,0.0000,0.0000,1976.7,-0.0091,0,0
0.0000,0.000000,59.999960,-0.000485,0.0000,0.0000,1976.7,-0.0091,0,0
0.0000,0.000000,59.999960,-0.000485,0.0000,0.0000,1976.7,-0.0091,0,0
0.0000,0.000000,59.999960,-0.000485,0.0000,0.0000,1976.7,-0.0091,0,0
0.0000,0.000000,59.999960,-0.000485,0.0000,0.0000,1976.7,-0.0091,0,0
0.0000,0.000000,59.999960,-0.000485,0.0000,0.0000,1976.7,-0.0091,0,0
0.0000,0.000000,59.999960,-0.000485,0.0000,0.0000,1976.7,-0.0091,0,0
0.0000,0.000000,59.999960,-0.000485,0.0000,0.0000,1976.7,-0.0091,0,0
0.0000,0.000000,59.999960,-0.000485,0.0000,0.0000,1976.7,-0.0091,0,0
0.0000,0.000000,59.999960,-0.000485,0.0000,0.0000,1976.7,-0.0091,0,0
0.0000,0.000000,59.999960,-0.000485,0.0000,0.0000,1976.7,-0.0091,0,0
0.0000,0.000000,59.999960,-0.000485,0.0000,0.0000,1976.7,-0.0091,0,0
0.0000,0.000000,59.999960,-0.000485,0.0000,0.0000,1976.7,-0.0091,0,0
0.0000,0.000000,59.999960,-0.000485,0.0000,0.0000,1976.7,-0.0091,0,0
0.0000,0.000000,59.999960,-0.000485,0.0000,0.0000,1976.7,-0.0091,0,0
0.0000,0.000000,59.999960,-0.000485,0.0000,0.0000,1976.7,-0.0091,0,0
0.0000,0.000000,59.999960,-0.000485,0.0000,0.0000,1976.7,-0.0091,0,0
0.0000,0.000000,59.999960,-0.000485,0.0000,0.0000,1976.7,-0.0091,0,0
0.0000,0.000000,59.999960,-0.000485,0.0000,0.0000,1976.7,-0.0091,0,0
0.0000,0.000000,59.999960,-0.000485,0.0000,0.0000,1976.7,-0.0091,0,0
0.0000,0.000000,59.999960,-0.000485,0.0000,0.0000,1976.7,-0.0091,0,0
0.0000,0.000000,59.999960,-0.000485,0.0000,0.0000,1976.7,-0.0091,0,0
0.0000,0.000000,59.999960,-0.000485,0.0000,0.0000,1976.7,-0.0091,0,0
0.0000,0.000000,59.999960,-0.000485,0.0000,0.0000,1976.7,-0.0091,0,0
0.0000,0.000000,59.999960,-0.000485,0.0000,0.0000,1976.7,-0.0091,0,0
0.0000,0.000000,59.999960,-0.000485,0.0000,0.0000,1976.7,-0.0091,0,0
0.0000,0.000000,59.999960,-0.000485,0.0000,0.0000,1976.7,-0.0091,0,0
0.0000,0.000000,59.999960,-0.000485,0.0000,0.0000,1976.7,-0.0091,0,0
0.0000,0.000000,59.999960,-0.000485,0.0000,0.0000,1976.7,-0.0091,0,0
0.0000,0.000000,59.999960,-0.000485,0.0000,0.0000,1976.7,-0.0091,0,0
0.0000,0.000000,59.999960,-0.000485,0.0000,0.0000,1976.7,-0.0091,0,0
0.0000,0.000000,59.999960,-0.000485,0.0000,0.0000,1976.7,-0.0091,0,0
0.0000,0.000000,59.999960,-0.000485,0.0000,0.0000,1976.7,-0.0091,0,0
0.0000,0.000000,59.999960,-0.000485,0.0000,0.0000,1976.7,-0.0091,0,0
0.0000,0.000000,59.999960,-0.000485,0.0000,0.0000,1976.7,-0.0091,0,0
0.0000,0.000000,59.999960,-0.000485,0.0000,0.0000,1976.7,-0.0091,0,0
0.0000,0.000000,59.999960,-0.000485,0.0000,0.0000,1976.7,-0.0091,0,0
0.0000,0.000000,59.999960,-0.000485,0.0000,0.0000,1976.7,-0.0091,0,0
0.0000,0.000000,59.999960,-0.000485,0.0000,0.0000,1976.7,-0.0091,0,0
0.0000,0.000000,59.999960,-0.000485,0.0000,0.0000,1976.7,-0.0091,0,0
0.0000,0.000000,59.999960,-0.000485,0.0000,0.0000,1976.7,-0.0091,0,0
0.0000,0.000000,59.999960,-0.000485,0.0000,0.0000,1976.7,-0.0091,0,0
0.0000,0.000000,59.999960,-0.000485,0.0000,0.0000,1976.7,-0.0091,0,0
0.0000,0.000000,59.999960,-0.000485,0.0000,0.0000,1976.7,-0.0091,0,0
0.0000,0.000000,59.999960,-0.000485,0.0000,0.0000,1976.7,-0.0091,0,0
0.0000,0.000000,59.999960,-0.000485,0.0000,0.0000,1976.7,-0.0091,0,0
0.0000,0.000000,59.999960,-0.000485,0.0000,0.0000,1976.7,-0.0091,0,0
0.0000,0.000000,59.999960,-0.000485,0.0000,0.0000,1976.7,-0.0091,0,0
0.0000,0.000000,59.999960,-0.000485,0.0000,0.0000,1976.7,-0.0091,0,0
0.0000,0.000000,59.999960,-0.000485,0.0000,0.0000,1976.7,-0.0091,0,0
0.0000,0.000000,59.999960,-0.000485,0.0000,0.0000,1976.7,-0.0091,0,0
0.0000,0.000000,59.999960,-0.000485,0.0000,0.0000,1976.7,-0.0091,0,0
0.0000,0.000000,59.999960,-0.000485,0.0000,0.0000,1976.7,-0.0091,0,0
0.0000,0.000000,59.999960,-0.000485,0.0000,0.0000,1976.7,-0.0091,0,0
0.0000,0.000000,59.999960,-0.000485,0.0000,0.0000,1976.7,-0.0091,0,0
0.0000,0.000000,59.999960,-0.000485,0.0000,0.0000,1976.7,-0.0091,0,0
0.0000,0.000000,59.999960,-0.000485,0.0000,0.0000,1976.7,-0.0091,0,0
0.0000,0.000000,59.999960,-0.000485,0.0000,0.0000,1976.7,-0.0091,0,0
0.0000,0.000000,59.999960,-0.000485,0.0000,0.0000,1976.7,-0.0091,0,0
0.0000,0.000000,59.999960,-0.000485,0.0000,0.0000,1976.7,-0.0091,0,0
0.0000,0.000000,59.999960,-0.000485,0.0000,0.0000,1976.7,-0.0091,0,0
0.0000,0.000000,59.999960,-0.000485,0.0000,0.0000,1976.7,-0.0091,0,0
0.0000,0.000000,59.999960,-0.000485,0.0000,0.0000,1976.7,-0.0091,0,0
0.0000,0.000000,59.999960,-0.000485,0.0000,0.0000,1976.7,-0.0091,0,0
0.0000,0.000000,59.999960,-0.000485,0.0000,0.0000,1976.7,-0.0091,0,0
0.0000,0.000000,59.999960,-0.000485,0.0000,0.0000,1976.7,-0.0091,0,0
0.0000,0.000000,59.999960,-0.000485,0.0000,0.0000,1976.7,-0.0091,0,0
0.0000,0.000000,59.999960,-0.000485,0.0000,0.0000,1976.7,-0.0091,0,0
0.0000,0.000000,59.999960,-0.000485,0.0000,0.0000,1976.7,-0.0091,0,0
0.0000,0.000000,59.999960,-0.000485,0.0000,0.0000,1976.7,-0.0091,0,0
0.0000,0.000000,59.999960,-0.000485,0.0000,0.0000,1976.7,-0.0091,0,0
0.0000,0.000000,59.999960,-0.000485,0.0000,0.0000,1976.7,-0.0091,0,0
0.0000,0.000000,59.999960,-0.000485,0.0000,0.0000,1976.7,-0.0091,0,0
0.0000,0.000000,59.999960,-0.000485,0.0000,0.0000,1976.7,-0.0091,0,0
0.0000,0.000000,59.999960,-0.000485,0.0000,0.0000,1976.7,-0.0091,0,0
0.0000,0.000000,59.999960,-0.000485,0.0000,0.0000,1976.7,-0.0091,0,0
0.0000,0.000000,59.999960,-0.000485,0.0000,0.0000,1976.7,-0.0091,0,0
0.0000,0.000000,59.999960,-0.000485,0.0000,0.0000,1976.7,-0.0091,0,0
0.0000,0.000000,59.999960,-0.000485,0.0000,0.0000,1976.7,-0.0091,0,0
0.0000,0.000000,59.999960,-0.000485,0.0000,0.0000,1976.7,-0.0091,0,0
0.0000,0.000000,59.999960,-0.000485,0.0000,0.0000,1976.7,-0.0091,0,0
0.0000,0.000000,59.999960,-0.000485,0.0000,0.0000,1976.7,-0.0091,0,0
0.0000,0.000000,59.999960,-0.000485,0.0000,0.0000,1976.7,-0.0091,0,0
0.0000,0.000000,59.999960,-0.000485,0.0000,0.0000,1976.7,-0.0091,0,0
0.0000,0.000000,59.999960,-0.000485,0.0000,0.0000,1976.7,-0.0091,0,0
0.0000,0.000000,59.999960,-0.000485,0.0000,0.0000,1976.7,-0.0091,0,0
0.0000,0.000000,59.999960,-0.000485,0.0000,0.0000,1976.7,-0.0091,0,0
0.0000,0.000000,59.999960,-0.000485,0.0000,0.0000,1976.7,-0.0091,0,0
0.0000,0.000000,59.999960,-0.000485,0.0000,0.0000,1976.7,-0.0091,0,0
0.0000,0.000000,59.999960,-0.000485,0.0000,0.0000,1976.7,-0.0091,0,0
0.0000,0.000000,59.999960,-0.000485,0.0000,0.0000,1976.7,-0.0091,0,0
0.0000,0.000000,59.999960,-0.000485,0.0000,0.0000,1976.7,-0.0091,0,0
0.0000,0.000000,59.999960,-0.000485,0.0000,0.0000,1976.7,-0.0091,0,0
0.0000,0.000000,59.999960,-0.000485,0.0000,0.0000,1976.7,-0.0091,0,0
0.0000,0.000000,59.999960,-0.000485,0.0000,0.0000,1976.7,-0.0091,0,0
0.0000,0.000000,59.999960,-0.000485,0.0000,0.0000,1976.7,-0.0091,0,0
0.0000,0.000000,59.999960,-0.000485,0.0000,0.0000,1976.7,-0.0091,0,0
0.0000,0.000000,59.999960,-0.000485,0.0000,0.0000,1976.7,-0.0091,0,0
0.0000,0.000000,59.999960,-0.000485,0.0000,0.0000,1976.7,-0.0091,0,0
0.0000,0.000000,59.999960,-0.000485,0.0000,0.0000,1976.7,-0.0091,0,0
0.0000,0.000000,59.999960,-0.000485,0.0000,0.0000,1976.7,-0.0091,0,0
0.0000,0.000000,59.999960,-0.000485,0.0000,0.0000,1976.7,-0.0091,0,0
0.0000,0.000000,59.999960,-0.000485,0.0000,0.0000,1976.7,-0.0091,0,0
0.0000,0.000000,59.999960,-0.000485,0.0000,0.0000,1976.7,-0.0091,0,0
0.0000,0.000000,59.999960,-0.000485,0.0000,0.0000,1976.7,-0.0091,0,0
0.0000,0.000000,59.999960,-0.000485,0.0000,0.0000,1976.7,-0.0091,0,0
0.0000,0.000000,59.999960,-0.000485,0.0000,0.0000,1976.7,-0.0091,0,0
0.0000,0.000000,59.999960,-0.000485,0.0000,0.0000,1976.7,-0.0091,0,0
0.0000,0.000000,59.999960,-0.000485,0.0000,0.0000,1976.7,-0.0091,0,0
0.0000,0.000000,59.999960,-0.000485,0.0000,0.0000,1976.7,-0.0091,0,0
0.0000,0.000000,59.999960,-0.000485,0.0000,0.0000,1976.7,-0.0091,0,0
0.0000,0.000000,59.999960,-0.000485,0.0000,0.0000,1976.7,-0.0091,0,0
0.0000,0.000000,59.999960,-0.000485,0.0000,0.0000,1976.7,-0.0091,0,0
0.0000,0.000000,59.999960,-0.000485,0.0000,0.0000,1976.7,-0.0091,0,0
0.0000,0.000000,59.999960,-0.000485,0.0000,0.0000,1976.7,-0.0091,0,0
0.0000,0.000000,59.999960,-0.000485,0.0000,0.0000,1976.7,-0.0091,0,0
0.0000,0.000000,59.999960,-0.000485,0.0000,0.0000,1976.7,-0.0091,0,0
0.0000,0.000000,59.999960,-0.000485,0.0000,0.0000,1976.7,-0.0091,0,0
0.0000,0.000000,59.999960,-0.000485,0.0000,0.0000,1976.7,-0.0091,0,0
0.0000,0.000000,59.999960,-0.000485,0.0000,0.0000,1976.7,-0.0091,0,0
0.0000,0.000000,59.999960,-0.000485,0.0000,0.0000,1976.7,-0.0091,0,0
0.0000,0.000000,59.999960,-0.000485,0.0000,0.0000,1976.7,-0.0091,0,0
0.0000,0.000000,59.999960,-0.000485,0.0000,0.0000,1976.7,-0.0091,0,0
0.0000,0.000000,59.999960,-0.000485,0.0000,0.0000,1976.7,-0.0091,0,0
0.0000,0.000000,59.999960,-0.000485,0.0000,0.0000,1976.7,-0.0091,0,0
0.0000,0.000000,59.999960,-0.000485,0.0000,0.0000,1976.7,-0.0091,0,0
0.0000,0.000000,59.999960,-0.000485,0.0000,0.0000,1976.7,-0.0091,0,0
0.0000,0.000000,59.999960,-0.000485,0.0000,0.0000,1976.7,-0.0091,0,0
0.0000,0.000000,59.999960,-0.000485,0.0000,0.0000,1976.7,-0.0091,0,0
0.0000,0.000000,59.999960,-0.000485,0.0000,0.0000,1976.7,-0.0091,0,0
0.0000,0.000000,59.999960,-0.000485,0.0000,0.0000,1976.7,-0.0091,0,0
0.0000,0.000000,59.999960,-0.000485,0.0000,0.0000,1976.7,-0.0091,0,0
0.0000,0.000000,59.999960,-0.000485,0.0000,0.0000,1976.7,-0.0091,0,0
0.0000,0.000000,59.999960,-0.000485,0.0000,0.0000,1976.7,-0.0091,0,0
0.0000,0.000000,59.999960,-0.000485,0.0000,0.0000,1976.7,-0.0091,0,0
0.0000,0.000000,59.999960,-0.000485,0.0000,0.0000,1976.7,-0.0091,0,0
0.0000,0.000000,59.999960,-0.000485,0.0000,0.0000,1976.7,-0.0091,0,0
0.0000,0.000000,59.999960,-0.000485,0.0000,0.0000,1976.7,-0.0091,0,0
0.0000,0.000000,59.999960,-0.000485,0.0000,0.0000,1976.7,-0.0091,0,0
0.0000,0.000000,59.999960,-0.000485,0.0000,0.0000,1976.7,-0.0091,0,0
0.0000,0.000000,59.999960,-0.000485,0.0000,0.0000,1976.7,-0.0091,0,0
0.0000,0.000000,59.999960,-0.000485,0.0000,0.0000,1976.7,-0.0091,0,0
0.0000,0.000000,59.999960,-0.000485,0.0000,0.0000,1976.7,-0.0091,0,0
0.0000,0.000000,59.999960,-0.000485,0.0000,0.0000,1976.7,-0.0091,0,0
0.0000,0.000000,59.999960,-0.000485,0.0000,0.0000,1976.7,-0.0091,0,0
0.0000,0.000000,59.999960,-0.000485,0.0000,0.0000,1976.7,-0.0091,0,0
0.0000,0.000000,59.999960,-0.000485,0.0000,0.0000,1976.7,-0.0091,0,0
0.0000,0.000000,59.999960,-0.000485,0.0000,0.0000,1976.7,-0.0091,0,0
0.0000,0.000000,59.999960,-0.000485,0.0000,0.0000,1976.7,-0.0091,0,0
0.0000,0.000000,59.999960,-0.000485,0.0000,0.0000,1976.7,-0.0091,0,0
0.0000,0.000000,59.999960,-0.000485,0.0000,0.0000,1976.7,-0.0091,0,0
0.0000,0.000000,59.999960,-0.000485,0.0000,0.0000,1976.7,-0.0091,0,0
0.0000,0.000000,59.999960,-0.000485,0.0000,0.0000,1976.7,-0.0091,0,0
0.0000,0.000000,59.999960,-0.000485,0.0000,0.0000,1976.7,-0.0091,0,0
0.0000,0.000000,59.999960,-0.000485,0.0000,0.0000,1976.7,-0.0091,0,0
0.0000,0.000000,59.999960,-0.000485,0.0000,0.0000,1976.7,-0.0091,0,0
0.0000,0.000000,59.999960,-0.000485,0.0000,0.0000,1976.7,-0.0091,0,0
0.0000,0.000000,59.999960,-0.000485,0.0000,0.0000,1976.7,-0.0091,0,0
0.0000,0.000000,59.999960,-0.000485,0.0000,0.0000,1976.7,-0.0091,0,0
0.0000,0.000000,59.999960,-0.000485,0.0000,0.0000,1976.7,-0.0091,0,0
0.0000,0.000000,59.999960,-0.000485,0.0000,0.0000,1976.7,-0.0091,0,0
0.0000,0.000000,59.999960,-0.000485,0.0000,0.0000,1976.7,-0.0091,0,0
0.0000,0.000000,59.999960,-0.000485,0.0000,0.0000,1976.7,-0.0091,0,0
0.0000,0.000000,59.999960,-0.000485,0.0000,0.0000,1976.7,-0.0091,0,0
0.0000,0.000000,59.999960,-0.000485,0.0000,0.0000,1976.7,-0.0091,0,0
0.0000,0.000000,59.999960,-0.000485,0.0000,0.0000,1976.7,-0.0091,0,0
0.0000,0.000000,59.999960,-0.000485,0.0000,0.0000,1976.7,-0.0091,0,0
0.0000,0.000000,59.999960,-0.000485,0.0000,0.0000,1976.7,-0.0091,0,0
0.0000,0.000000,59.999960,-0.000485,0.0000,0.0000,1976.7,-0.0091,0,0
0.0000,0.000000,59.999960,-0.000485,0.0000,0.0000,1976.7,-0.0091,0,0
0.0000,0.000000,59.999960,-0.000485,0.0000,0.0000,1976.7,-0.0091,0,0
0.0000,0.000000,59.999960,-0.000485,0.0000,0.0000,1976.7,-0.0091,0,0
0.0000,0.000000,59.999960,-0.000485,0.0000,0.0000,1976.7,-0.0091,0,0
0.0000,0.000000,59.999960,-0.000485,0.0000,0.0000,1976.7,-0.0091,0,0
0.0000,0.000000,59.999960,-0.000485,0.0000,0.0000,1976.7,-0.0091,0,0
0.0000,0.000000,59.999960,-0.000485,0.0000,0.0000,1976.7,-0.0091,0,0
0.0000,0.000000,59.999960,-0.000485,0.0000,0.0000,1976.7,-0.0091,0,0
0.0000,0.000000,59.999960,-0.000485,0.0000,0.0000,1976.7,-0.0091,0,0
0.0000,0.000000,59.999960,-0.000485,0.0000,0.0000,1976.7,-0.0091,0,0
0.0000,0.000000,59.999960,-0.000485,0.0000,0.0000,1976.7,-0.0091,0,0
0.0000,0.000000,59.999960,-0.000485,0.0000,0.0000,1976.7,-0.0091,0,0
0.0000,0.000000,59.999960,-0.000485,0.0000,0.0000,1976.7,-0.0091,0,0
0.0000,0.000000,59.999960,-0.000485,0.0000,0.0000,1976.7,-0.0091,0,0
0.0000,0.000000,59.999960,-0.000485,0.0000,0.0000,1976.7,-0.0091,0,0
0.0000,0.000000,59.999960,-0.000485,0.0000,0.0000,1976.7,-0.0091,0,0
0.0000,0.000000,59.999960,-0.000485,0.0000,0.0000,1976.7,-0.0091,0,0
0.0000,0.000000,59.999960,-0.000485,0.0000,0.0000,1976.7,-0.0091,0,0
0.0000,0.000000,59.999960,-0.000485,0.0000,0.0000,1976.7,-0.0091,0,0
0.0000,0.000000,59.999960,-0.000485,0.0000,0.0000,1976.7,-0.0091,0,0
0.0000,0.000000,59.999960,-0.000485,0.0000,0.0000,1976.7,-0.0091,0,0
0.0000,0.000000,59.999960,-0.000485,0.0000,0.0000,1976.7,-0.0091,0,0
0.0000,0.000000,59.999960,-0.000485,0.0000,0.0000,1976.7,-0.0091,0,0
0.0000,0.000000,59.999960,-0.000485,0.0000,0.0000,1976.7,-0.0091,0,0
0.0000,0.000000,59.999960,-0.000485,0.0000,0.0000,1976.7,-0.0091,0,0
0.0000,0.000000,59.999960,-0.000485,0.0000,0.0000,1976.7,-0.0091,0,0
0.0000,0.000000,59.999960,-0.000485,0.0000,0.0000,1976.7,-0.0091,0,0
0.0000,0.000000,59.999960,-0.000485,0.0000,0.0000,1976.7,-0.0091,0,0
0.0000,0.000000,59.999960,-0.000485,0.0000,0.0000,1976.7,-0.0091,0,0
0.0000,0.000000,59.999960,-0.000485,0.0000,0.0000,1976.7,-0.0091,0,0
0.0000,0.000000,59.999960,-0.000485,0.0000,0.0000,1976.7,-0.0091,0,0
0.0000,0.000000,59.999960,-0.000485,0.0000,0.0000,1976.7,-0.0091,0,0
0.0000,0.000000,59.999960,-0.000485,0.0000,0.0000,1976.7,-0.0091,0,0
0.0000,0.000000,59.999960,-0.000485,0.0000,0.0000,1976.7,-0.0091,0,0
0.0000,0.000000,59.999960,-0.000485,0.0000,0.0000,1976.7,-0.0091,0,0
0.0000,0.000000,59.999960,-0.000485,0.0000,0.0000,1976.7,-0.0091,0,0
0.0000,0.000000,59.999960,-0.000485,0.0000,0.0000,1976.7,-0.0091,0,0
0.0000,0.000000,59.999960,-0.000485,0.0000,0.0000,1976.7,-0.0091,0,0
0.0000,0.000000,59.999960,-0.000485,0.0000,0.0000,1976.7,-0.0091,0,0
0.0000,0.000000,59.999960,-0.000485,0.0000,0.0000,1976.7,-0.0091,0,0
0.0000,0.000000,59.999960,-0.000485,0.0000,0.0000,1976.7,-0.0091,0,0
0.0000,0.000000,59.999960,-0.000485,0.0000,0.0000,1976.7,-0.0091,0,0
0.0000,0.000000,59.999960,-0.000485,0.0000,0.0000,1976.7,-0.0091,0,0
0.0000,0.000000,59.999960,-0.000485,0.0000,0.0000,1976.7,-0.0091,0,0
0.0000,0.000000,59.999960,-0.000485,0.0000,0.0000,1976.7,-0.0091,0,0
0.0000,0.000000,59.999960,-0.000485,0.0000,0.0000,1976.7,-0.0091,0,0
0.0000,0.000000,59.999960,-0.000485,0.0000,0.0000,1976.7,-0.0091,0,0
0.0000,0.000000,59.999960,-0.000485,0.0000,0.0000,1976.7,-0.0091,0,0
0.0000,0.000000,59.999960,-0.000485,0.0000,0.0000,1976.7,-0.0091,0,0
0.0000,0.000000,59.999960,-0.000485,0.0000,0.0000,1976.7,-0.0091,0,0
0.0000,0.000000,59.999960,-0.000485,0.0000,0.0000,1976.7,-0.0091,0,0
0.0000,0.000000,59.999960,-0.000485,0.0000,0.0000,1976.7,-0.0091,0,0
0.0000,0.000000,59.999960,-0.000485,0.0000,0.0000,1976.7,-0.0091,0,0
0.0000,0.000000,59.999960,-0.000485,0.0000,0.0000,1976.7,-0.0091,0,0
0.0000,0.000000,59.999960,-0.000485,0.0000,0.0000,1976.7,-0.0091,0,0
0.0000,0.000000,59.999960,-0.000485,0.0000,0.0000,1976.7,-0.0091,0,0
0.0000,0.000000,59.999960,-0.000485,0.0000,0.0000,1976.7,-0.0091,0,0
0.0000,0.000000,59.999960,-0.000485,0.0000,0.0000,1976.7,-0.0092,0,0
0.0000,0.000000,59.999960,-0.000485,0.0000,0.0000,1976.7,-0.0093,0,0
0.0000,0.000000,59.999960,-0.000485,0.0000,0.0000,1976.7,-0.0095,0,0
0.0001,0.000000,59.999960,-0.000485,0.0000,0.0000,1976.7,-0.0097,0,0
0.0001,0.000000,59.999960,-0.000485,0.0000,0.0000,1976.7,-0.0099,0,0
0.0001,0.000000,59.999960,-0.000485,0.0000,0.0000,1976.7,-0.0100,0,0
0.0002,0.000000,59.999960,-0.000485,0.0000,0.0000,1976.7,-0.0101,0,0
0.0001,0.000000,59.999960,-0.000485,0.0000,0.0000,1976.7,-0.0101,0,0
0.0001,0.000000,59.999960,-0.000485,0.0000,0.0000,1976.7,-0.0101,0,0
0.0000,0.000000,59.999960,-0.000485,0.0000,0.0000,1976.7,-0.0100,0,0
0.0000,0.000000,59.999960,-0.000485,0.0000,0.0000,1976.7,-0.0099,0,0
0.0001,0.000000,59.999960,-0.000485,0.0000,0.0000,1976.7,-0.0098,0,0
0.0002,0.000000,59.999960,-0.000485,0.0000,0.0000,1976.7,-0.0096,0,0
0.0002,0.000000,59.999960,-0.000485,0.0000,0.0000,1976.7,-0.0096,0,0
0.0002,0.000000,59.999960,-0.000485,0.0000,0.0000,1976.7,-0.0094,0,0
0.0001,0.000000,59.999960,-0.000485,0.0000,0.0000,1976.7,-0.0094,0,0
0.0001,0.000000,59.999960,-0.000485,0.0000,0.0000,1976.7,-0.0094,0,0
0.0000,0.000000,59.999960,-0.000485,0.0000,0.0000,1976.7,-0.0094,0,0
0.0000,0.000000,59.999960,-0.000485,0.0000,0.0000,1976.7,-0.0094,0,0
0.0001,0.000000,59.999960,-0.000485,0.0000,0.0000,1976.7,-0.0094,0,0
0.0001,0.000000,59.999960,-0.000485,0.0000,0.0000,1976.7,-0.0094,0,0
0.0000,0.000000,59.999960,-0.000485,0.0000,0.0000,1976.7,-0.0094,0,0
0.0000,0.000000,59.999960,-0.000485,0.0000,0.0000,1976.7,-0.0094,0,0
0.0000,0.000000,59.999960,-0.000485,0.0000,0.0000,1976.7,-0.0094,0,0
0.0001,0.000000,59.999960,-0.000485,0.0000,0.0000,1976.7,-0.0094,0,0
0.0001,0.000000,59.999960,-0.000485,0.0000,0.0000,1976.7,-0.0093,0,0
0.0000,0.000000,59.999960,-0.000485,0.0000,0.0000,1976.7,-0.0093,0,0
0.0000,0.000000,59.999960,-0.000485,0.0000,0.0000,1976.7,-0.0092,0,0
0.0000,0.000000,59.999960,-0.000485,0.0000,0.0000,1976.7,-0.0091,0,0
0.0000,0.000000,59.999960,-0.000485,0.0000,0.0000,1976.7,-0.0090,0,0
0.0000,0.000000,59.999960,-0.000485,0.0000,0.0000,1976.7,-0.0090,0,0
0.0000,0.000000,59.999960,-0.000485,0.0000,0.0000,1976.7,-0.0090,0,0
0.0000,0.000000,59.999960,-0.000485,0.0000,0.0000,1976.7,-0.0091,0,0
0.0000,0.000000,59.999960,-0.000485,0.0000,0.0000,1976.7,-0.0092,0,0
0.0000,0.000000,59.999960,-0.000485,0.0000,0.0000,1976.7,-0.0093,0,0
0.0000,0.000000,59.999960,-0.000485,0.0000,0.0000,1976.7,-0.0093,0,0
0.0001,0.000000,59.999960,-0.000485,0.0000,0.0000,1976.7,-0.0092,0,0
0.0000,0.000000,59.999960,-0.000485,0.0000,0.0000,1976.7,-0.0090,0,0
0.0000,0.000000,59.999960,-0.000485,0.0000,0.0000,1976.7,-0.0088,0,0
0.0001,0.000000,59.999960,-0.000485,0.0000,0.0000,1976.7,-0.0086,0,0
0.0002,0.000000,59.999960,-0.000485,0.0000,0.0000,1976.7,-0.0083,0,0
0.0002,0.000000,59.999960,-0.000485,0.0000,0.0000,1976.7,-0.0078,0,0
0.0003,0.000000,59.999960,-0.000485,0.0000,0.0000,1976.7,-0.0073,0,0
0.0003,0.000000,59.999960,-0.000485,0.0000,0.0000,1976.7,-0.0068,0,0
0.0004,0.000000,59.999960,-0.000485,0.0000,0.0000,1976.7,-0.0064,0,0
0.0004,0.000000,59.999960,-0.000485,0.0000,0.0000,1976.7,-0.0060,0,0
0.0003,0.000000,59.999960,-0.000485,0.0000,0.0000,1976.7,-0.0055,0,0
0.0003,0.000000,59.999960,-0.000485,0.0000,0.0000,1976.7,-0.0051,0,0
0.0002,0.000000,59.999960,-0.000485,0.0000,0.0000,1976.7,-0.0046,0,0
0.0002,0.000000,59.999960,-0.000485,0.0000,0.0000,1976.7,-0.0042,0,0
0.0002,0.000000,59.999960,-0.000485,0.0000,0.0000,1976.7,-0.0038,0,0
0.0002,0.000000,59.999960,-0.000485,0.0000,0.0000,1976.7,-0.0036,0,0
0.0002,0.000000,59.999960,-0.000485,0.0000,0.0000,1976.7,-0.0035,0,0
0.0001,0.000000,59.999960,-0.000485,0.0000,0.0000,1976.7,-0.0036,0,0
0.0001,0.000000,59.999960,-0.000485,0.0000,0.0000,1976.7,-0.0038,0,0
0.0001,0.000000,59.999960,-0.000485,0.0000,0.0000,1976.7,-0.0041,0,0
0.0002,0.000000,59.999960,-0.000485,0.0000,0.0000,1976.7,-0.0045,0,0
0.0003,0.000000,59.999960,-0.000485,0.0000,0.0000,1976.7,-0.0049,0,0
0.0004,0.000000,59.999960,-0.000485,0.0000,0.0000,1976.7,-0.0054,0,0
0.0005,0.000000,59.999960,-0.000485,0.0000,0.0000,1976.7,-0.0060,0,0
0.0005,0.000000,59.999960,-0.000485,0.0000,0.0000,1976.7,-0.0064,0,0
0.0005,0.000000,59.999960,-0.000485,0.0000,0.0000,1976.7,-0.0069,0,0
0.0004,0.000000,59.999960,-0.000485,0.0000,0.0000,1976.7,-0.0072,0,0
0.0003,0.000000,59.999960,-0.000485,0.0000,0.0000,1976.7,-0.0075,0,0
0.0002,0.000000,59.999960,-0.000485,0.0000,0.0000,1976.7,-0.0076,0,0
0.0001,0.000000,59.999960,-0.000485,0.0000,0.0000,1976.7,-0.0077,0,0
0.0000,0.000000,59.999960,-0.000485,0.0000,0.0000,1976.7,-0.0076,0,0
0.0001,0.000000,59.999960,-0.000485,0.0000,0.0000,1976.7,-0.0074,0,0
0.0002,0.000000,59.999960,-0.000485,0.0000,0.0000,1976.7,-0.0072,0,0
0.0002,0.000000,59.999960,-0.000485,0.0000,0.0000,1976.7,-0.0070,0,0
0.0002,0.000000,59.999960,-0.000485,0.0000,0.0000,1976.7,-0.0067,0,0
0.0003,0.000000,59.999960,-0.000485,0.0000,0.0000,1976.7,-0.0064,0,0
0.0003,0.000000,59.999960,-0.000485,0.0000,0.0000,1976.7,-0.0061,0,0
0.0003,0.000000,59.999960,-0.000485,0.0000,0.0000,1976.7,-0.0058,0,0
0.0003,0.000000,59.999960,-0.000485,0.0000,0.0000,1976.7,-0.0056,0,0
0.0003,0.000000,59.999960,-0.000485,0.0000,0.0000,1976.7,-0.0054,0,0
0.0003,0.000000,59.999960,-0.000485,0.0000,0.0000,1976.7,-0.0053,0,0
0.0002,0.000000,59.999960,-0.000485,0.0000,0.0000,1976.7,-0.0052,0,0
0.0001,0.000000,59.999960,-0.000485,0.0000,0.0000,1976.7,-0.0051,0,0
0.0000,0.000000,59.999960,-0.000485,0.0000,0.0000,1976.7,-0.0051,0,0
0.0001,0.000000,59.999960,-0.000485,0.0000,0.0000,1976.7,-0.0051,0,0
0.0001,0.000000,59.999960,-0.000485,0.0000,0.0000,1976.7,-0.0051,0,0
0.0002,0.000000,59.999960,-0.000485,0.0000,0.0000,1976.7,-0.0051,0,0
0.0002,0.000000,59.999960,-0.000485,0.0000,0.0000,1976.7,-0.0052,0,0
0.0002,0.000000,59.999960,-0.000485,0.0000,0.0000,1976.7,-0.0053,0,0
0.0002,0.000000,59.999960,-0.000485,0.0000,0.0000,1976.7,-0.0053,0,0
0.0001,0.000000,59.999960,-0.000485,0.0000,0.0000,1976.7,-0.0054,0,0
0.0001,0.000000,59.999960,-0.000485,0.0000,0.0000,1976.7,-0.0056,0,0
0.0001,0.000000,59.999960,-0.000485,0.0000,0.0000,1976.7,-0.0056,0,0
0.0001,0.000000,59.999960,-0.000485,0.0000,0.0000,1976.7,-0.0057,0,0
0.0001,0.000000,59.999960,-0.000485,0.0000,0.0000,1976.7,-0.0058,0,0
0.0001,0.000000,59.999960,-0.000485,0.0000,0.0000,1976.7,-0.0058,0,0
0.0001,0.000000,59.999960,-0.000485,0.0000,0.0000,1976.7,-0.0058,0,0
0.0000,0.000000,59.999960,-0.000485,0.0000,0.0000,1976.7,-0.0058,0,0
0.0001,0.000000,59.999960,-0.000485,0.0000,0.0000,1976.7,-0.0058,0,0
0.0001,0.000000,59.999960,-0.000485,0.0000,0.0000,1976.7,-0.0057,0,0
0.0002,0.000000,59.999960,-0.000485,0.0000,0.0000,1976.7,-0.0057,0,0
0.0002,0.000000,59.999960,-0.000485,0.0000,0.0000,1976.7,-0.0056,0,0
0.0002,0.000000,59.999960,-0.000485,0.0000,0.0000,1976.7,-0.0056,0,0
0.0002,0.000000,59.999960,-0.000485,0.0000,0.0000,1976.7,-0.0055,0,0
0.0001,0.000000,59.999960,-0.000485,0.0000,0.0000,1976.7,-0.0055,0,0
0.0001,0.000000,59.999960,-0.000485,0.0000,0.0000,1976.7,-0.0055,0,0
0.0000,0.000000,59.999960,-0.000485,0.0000,0.0000,1976.7,-0.0055,0,0
0.0000,0.000000,59.999960,-0.000485,0.0000,0.0000,1976.7,-0.0055,0,0
0.0001,0.000000,59.999960,-0.000485,0.0000,0.0000,1976.7,-0.0055,0,0
0.0001,0.000000,59.999960,-0.000485,0.0000,0.0000,1976.7,-0.0055,0,0
0.0001,0.000000,59.999960,-0.000485,0.0000,0.0000,1976.7,-0.0055,0,0
0.0001,0.000000,59.999960,-0.000485,0.0000,0.0000,1976.7,-0.0055,0,0
0.0001,0.000000,59.999960,-0.000485,0.0000,0.0000,1976.7,-0.0056,0,0
0.0001,0.000000,59.999960,-0.000485,0.0000,0.0000,1976.7,-0.0056,0,0
0.0001,0.000000,59.999960,-0.000485,0.0000,0.0000,1976.7,-0.0056,0,0
0.0001,0.000000,59.999960,-0.000485,0.0000,0.0000,1976.7,-0.0056,0,0
0.0001,0.000000,59.999960,-0.000485,0.0000,0.0000,1976.7,-0.0057,0,0
0.0001,0.000000,59.999960,-0.000485,0.0000,0.0000,1976.7,-0.0057,0,0
0.0001,0.000000,59.999960,-0.000485,0.0000,0.0000,1976.7,-0.0058,0,0
0.0001,0.000000,59.999960,-0.000485,0.0000,0.0000,1976.7,-0.0058,0,0
0.0000,0.000000,59.999960,-0.000485,0.0000,0.0000,1976.7,-0.0058,0,0
0.0000,0.000000,59.999960,-0.000485,0.0000,0.0000,1976.7,-0.0059,0,0
0.0000,0.000000,59.999960,-0.000485,0.0000,0.0000,1976.7,-0.0059,0,0
0.0001,0.000000,59.999960,-0.000485,0.0000,0.0000,1976.7,-0.0060,0,0
0.0001,0.000000,59.999960,-0.000485,0.0000,0.0000,1976.7,-0.0060,0,0
0.0001,0.000000,59.999960,-0.000485,0.0000,0.0000,1976.7,-0.0061,0,0
0.0000,0.000000,59.999960,-0.000485,0.0000,0.0000,1976.7,-0.0061,0,0
0.0000,0.000000,59.999960,-0.000485,0.0000,0.0000,1976.7,-0.0062,0,0
0.0000,0.000000,59.999960,-0.000485,0.0000,0.0000,1976.7,-0.0063,0,0
0.0000,0.000000,59.999960,-0.000485,0.0000,0.0000,1976.7,-0.0064,0,0
0.0001,0.000000,59.999960,-0.000485,0.0000,0.0000,1976.7,-0.0064,0,0
0.0001,0.000000,59.999960,-0.000485,0.0000,0.0000,1976.7,-0.0065,0,0
0.0001,0.000000,59.999960,-0.000485,0.0000,0.0000,1976.7,-0.0066,0,0
0.0001,0.000000,59.999960,-0.000485,0.0000,0.0000,1976.7,-0.0066,0,0
0.0001,0.000000,59.999960,-0.000485,0.0000,0.0000,1976.7,-0.0067,0,0
0.0001,0.000000,59.999960,-0.000485,0.0000,0.0000,1976.7,-0.0067,0,0
0.0000,0.000000,59.999960,-0.000485,0.0000,0.0000,1976.7,-0.0067,0,0
0.0000,0.000000,59.999960,-0.000485,0.0000,0.0000,1976.7,-0.0067,0,0
0.0000,0.000000,59.999960,-0.000485,0.0000,0.0000,1976.7,-0.0067,0,0
0.0000,0.000000,59.999960,-0.000485,0.0000,0.0000,1976.7,-0.0067,0,0
0.0000,0.000000,59.999960,-0.000485,0.0000,0.0000,1976.7,-0.0067,0,0
0.0000,0.000000,59.999960,-0.000485,0.0000,0.0000,1976.7,-0.0067,0,0
0.0000,0.000000,59.999960,-0.000485,0.0000,0.0000,1976.7,-0.0067,0,0
0.0000,0.000000,59.999960,-0.000485,0.0000,0.0000,1976.7,-0.0067,0,0
0.0000,0.000000,59.999960,-0.000485,0.0000,0.0000,1976.7,-0.0067,0,0
0.0000,0.000000,59.999960,-0.000485,0.0000,0.0000,1976.7,-0.0067,0,0
0.0000,0.000000,59.999960,-0.000485,0.0000,0.0000,1976.7,-0.0067,0,0
0.0000,0.000000,59.999960,-0.000485,0.0000,0.0000,1976.7,-0.0067,0,0
0.0000,0.000000,59.999960,-0.000485,0.0000,0.0000,1976.7,-0.0067,0,0
0.0000,0.000000,59.999960,-0.000485,0.0000,0.0000,1976.7,-0.0068,0,0
0.0000,0.000000,59.999960,-0.000485,0.0000,0.0000,1976.7,-0.0069,0,0
0.0000,0.000000,59.999960,-0.000485,0.0000,0.0000,1976.7,-0.0071,0,0
0.0153,0.000000,59.999960,-0.000485,0.0000,0.0000,1976.7,-0.0071,1,0
0.0329,0.000000,59.999960,-0.000485,0.0000,0.0000,1976.7,-0.0070,1,0
0.0289,0.000000,59.999960,-0.000485,0.0000,0.0000,1976.7,-0.0070,1,0
0.0363,0.000000,59.999960,-0.000485,0.0000,0.0000,1976.7,-0.0069,1,0
0.0417,0.000000,59.999960,-0.000485,0.0000,0.0000,1976.7,-0.0068,1,0
0.0400,0.000000,59.999960,-0.000485,0.0000,0.0000,1976.7,-0.0066,1,0
0.0541,0.000000,59.999960,-0.000485,0.0000,0.0000,1976.7,-0.0065,1,0
0.0477,0.000000,59.999960,-0.000485,0.0000,0.0000,1976.7,-0.0062,1,0
0.0633,0.000000,59.999960,-0.000485,0.0000,0.0000,1976.7,-0.0061,1,0
0.0558,0.000000,59.999960,-0.000485,0.0000,0.0000,1976.7,-0.0059,1,0
0.0655,0.000000,59.999960,-0.000485,0.0000,0.0000,1976.7,-0.0057,1,0
0.0621,0.000000,59.999960,-0.000485,0.0000,0.0000,1976.7,-0.0055,1,0
0.0617,0.000000,59.999960,-0.000485,0.0000,0.0000,1976.7,-0.0055,1,0
0.0683,0.000000,59.999960,-0.000485,0.0000,0.0000,1976.7,-0.0052,1,0
0.0575,0.000000,59.999960,-0.000485,0.0000,0.0000,1976.7,-0.0053,1,0
0.0720,0.000000,59.999960,-0.000485,0.0000,0.0000,1976.7,-0.0053,1,0
0.0579,0.000000,59.999960,-0.000485,0.0000,0.0000,1976.7,-0.0053,1,0
0.0717,0.000000,59.999960,-0.000485,0.0000,0.0000,1976.7,-0.0053,1,0
0.0650,0.000000,59.999960,-0.000485,0.0000,0.0000,1976.7,-0.0054,1,0
0.0695,0.000000,59.999960,-0.000485,0.0000,0.0000,1976.7,-0.0054,1,0
0.0744,0.000000,59.999960,-0.000485,0.0000,0.0000,1976.7,-0.0054,1,0
0.0695,0.000000,59.999960,-0.000485,0.0000,0.0000,1976.7,-0.0055,1,0
0.0820,0.000000,59.999960,-0.000485,0.0000,0.0000,1976.7,-0.0056,1,0
0.0731,0.000000,59.999960,-0.000485,0.0000,0.0000,1976.7,-0.0056,1,0
0.0858,0.000000,59.999960,-0.000485,0.0000,0.0000,1976.7,-0.0056,1,0
0.0804,0.000000,59.999960,-0.000485,0.0000,0.0000,1976.7,-0.0057,1,0
0.0861,0.000000,59.999960,-0.000485,0.0000,0.0000,1976.7,-0.0057,1,0
0.0885,0.000000,59.999960,-0.000485,0.0000,0.0000,1976.7,-0.0057,1,0
0.0862,0.000000,59.999960,-0.000485,0.0000,0.0000,1976.7,-0.0057,1,0
0.0953,0.000000,59.999960,-0.000485,0.0000,0.0000,1976.7,-0.0057,1,0
0.0880,0.000000,59.999960,-0.000485,0.0000,0.0000,1976.7,-0.0056,1,0
0.0990,0.000000,59.999960,-0.000485,0.0000,0.0000,1976.7,-0.0053,1,0
0.0936,0.000000,59.999960,-0.000485,0.0000,0.0000,1976.7,-0.0055,1,0
0.0997,0.000000,59.999960,-0.000485,0.0000,0.0000,1976.7,-0.0054,1,0
0.1012,0.000000,59.999960,-0.000485,0.0000,0.0000,1976.7,-0.0053,1,0
0.1001,0.000000,59.999960,-0.000485,0.0000,0.0000,1976.7,-0.0053,1,0
0.1079,0.000000,59.999960,-0.000485,0.0000,0.0000,1976.7,-0.0052,1,0
0.1033,0.000000,59.999960,-0.000485,0.0000,0.0000,1976.7,-0.0052,1,0
0.1112,0.000000,59.999960,-0.000485,0.0000,0.0000,1976.7,-0.0052,1,0
0.1090,0.000000,59.999960,-0.000485,0.0000,0.0000,1976.7,-0.0052,1,0
0.1130,0.000000,59.999960,-0.000485,0.0000,0.0000,1976.7,-0.0052,1,0
0.1154,0.000000,59.999960,-0.000484,0.0000,0.0000,1976.7,-0.0052,1,0
0.1153,0.000000,59.999960,-0.000484,0.0000,0.0000,1976.7,-0.0052,1,0
0.1208,0.000000,59.999960,-0.000484,0.0000,0.0000,1976.7,-0.0052,1,0
0.1188,0.000000,59.999960,-0.000484,0.0000,0.0000,1976.7,-0.0053,1,0
0.1244,0.000000,59.999960,-0.000484,0.0000,0.0000,1976.7,-0.0055,1,0
0.1240,0.000000,59.999960,-0.000484,0.0000,0.0000,1976.7,-0.0054,1,0
0.1263,0.000000,59.999960,-0.000484,0.0000,0.0000,1976.7,-0.0055,1,0
0.1305,0.000000,59.999960,-0.000484,0.0000,0.0000,1976.7,-0.0056,1,0
0.1282,0.000000,59.999960,-0.000484,0.0000,0.0000,1976.7,-0.0056,1,0
0.1356,0.000000,59.999960,-0.000484,0.0000,0.0000,1976.7,-0.0056,1,0
0.1322,0.000000,59.999960,-0.000484,0.0000,0.0000,1976.7,-0.0056,1,0
0.1383,0.000000,59.999960,-0.000484,0.0000,0.0000,1976.7,-0.0056,1,0
0.1382,0.000000,59.999960,-0.000484,0.0000,0.0000,1976.7,-0.0056,1,0
0.1399,0.000000,59.999960,-0.000484,0.0000,0.0000,1976.7,-0.0056,1,0
0.1444,0.000000,59.999960,-0.000484,0.0000,0.0000,1976.7,-0.0055,1,0
0.1420,0.000000,59.999960,-0.000484,0.0000,0.0000,1976.7,-0.0055,1,0
0.1495,0.000000,59.999960,-0.000484,0.0000,0.0000,1976.7,-0.0055,1,0
0.1457,0.000000,59.999960,-0.000484,0.0000,0.0000,1976.7,-0.0054,1,0
0.1524,0.000000,59.999960,-0.000484,0.0000,0.0000,1976.7,-0.0054,1,0
0.1518,0.000000,59.999960,-0.000484,0.0000,0.0000,1976.7,-0.0054,1,0
0.1535,0.000000,59.999960,-0.000484,0.0000,0.0000,1976.7,-0.0053,1,0
0.1585,0.000000,59.999960,-0.000484,0.0000,0.0000,1976.7,-0.0053,1,0
0.1552,0.000000,59.999960,-0.000484,0.0000,0.0000,1976.7,-0.0053,1,0
0.1637,0.000000,59.999960,-0.000484,0.0000,0.0000,1976.7,-0.0053,1,0
0.1588,0.000000,59.999960,-0.000484,0.0000,0.0000,1976.7,-0.0053,1,0
0.1667,0.000000,59.999960,-0.000484,0.0000,0.0000,1976.7,-0.0053,1,0
0.1648,0.000000,59.999960,-0.000484,0.0000,0.0000,1976.7,-0.0053,1,0
0.1676,0.000000,59.999960,-0.000484,0.0000,0.0000,1976.7,-0.0053,1,0
0.1718,0.000000,59.999960,-0.000484,0.0000,0.0000,1976.7,-0.0053,1,0
0.1688,0.000000,59.999960,-0.000484,0.0000,0.0000,1976.7,-0.0053,1,0
0.1774,0.000000,59.999960,-0.000484,0.0000,0.0000,1976.7,-0.0053,1,0
0.1723,0.000000,59.999960,-0.000484,0.0000,0.0000,1976.7,-0.0053,1,0
0.1804,0.000000,59.999960,-0.000484,0.0000,0.0000,1976.7,-0.0054,1,0
0.1777,0.000000,59.999960,-0.000484,0.0000,0.0000,1976.7,-0.0053,1,0
0.1820,0.000000,59.999960,-0.000484,0.0000,0.0000,1976.7,-0.0053,1,0
0.1842,0.000000,59.999960,-0.000484,0.0000,0.0000,1976.7,-0.0053,1,0
0.1833,0.000000,59.999960,-0.000484,0.0000,0.0000,1976.7,-0.0053,1,0
0.1899,0.000000,59.999960,-0.000484,0.0000,0.0000,1976.7,-0.0053,1,0
0.1862,0.000000,59.999960,-0.000483,0.0000,0.0000,1976.7,-0.0053,1,0
0.1935,0.000000,59.999960,-0.000483,0.0000,0.0000,1976.7,-0.0053,1,0
0.1911,0.000000,59.999960,-0.000483,0.0000,0.0000,1976.7,-0.0052,1,0
0.1957,0.000000,59.999960,-0.000483,0.0000,0.0000,1976.7,-0.0052,1,0
0.1972,0.000000,59.999960,-0.000483,0.0000,0.0000,1976.7,-0.0051,1,0
0.1972,0.000000,59.999960,-0.000483,0.0000,0.0000,1976.7,-0.0050,1,0
0.2028,0.000000,59.999960,-0.000483,0.0000,0.0000,1976.7,-0.0050,1,0
0.2004,0.000000,59.999960,-0.000483,0.0000,0.0000,1976.7,-0.0050,1,0
0.2063,0.000000,59.999960,-0.000483,0.0000,0.0000,1976.7,-0.0050,1,0
0.2054,0.000000,59.999960,-0.000483,0.0000,0.0000,1976.7,-0.0050,1,0
0.2084,0.000000,59.999960,-0.000483,0.0000,0.0000,1976.7,-0.0050,1,0
0.2111,0.000000,59.999960,-0.000483,0.0000,0.0000,1976.7,-0.0050,1,0
0.2104,0.000000,59.999960,-0.000483,0.0000,0.0000,1976.7,-0.0050,1,0
0.2161,0.000000,59.999960,-0.000483,0.0000,0.0000,1976.7,-0.0050,1,0
0.2141,0.000000,59.999960,-0.000483,0.0000,0.0000,1976.7,-0.0051,1,0
0.2189,0.000000,59.999960,-0.000483,0.0000,0.0000,1976.7,-0.0052,1,0
0.2194,0.000000,59.999960,-0.000483,0.0000,0.0000,1976.7,-0.0052,1,0
0.2211,0.000000,59.999960,-0.000483,0.0000,0.0000,1976.7,-0.0052,1,0
0.2249,0.000000,59.999960,-0.000483,0.0000,0.0000,1976.7,-0.0053,1,0
0.2236,0.000000,59.999960,-0.000483,0.0000,0.0000,1976.7,-0.0053,1,0
0.2293,0.000000,59.999960,-0.000483,0.0000,0.0000,1976.7,-0.0053,1,0
0.2278,0.000000,59.999960,-0.000483,0.0000,0.0000,1976.7,-0.0053,1,0
0.2320,0.000000,59.999960,-0.000483,0.0000,0.0000,1976.7,-0.0053,1,0
0.2332,0.000000,59.999960,-0.000483,0.0000,0.0000,1976.7,-0.0053,1,0
0.2343,0.000000,59.999960,-0.000483,0.0000,0.0000,1976.7,-0.0053,1,0
0.2388,0.000000,59.999960,-0.000483,0.0000,0.0000,1976.7,-0.0053,1,0
0.2367,0.000000,59.999960,-0.000482,0.0000,0.0000,1976.7,-0.0053,1,0
0.2433,0.000000,59.999960,-0.000482,0.0000,0.0000,1976.7,-0.0053,1,0
0.2412,0.000000,59.999960,-0.000482,0.0000,0.0000,1976.7,-0.0053,1,0
0.2458,0.000000,59.999960,-0.000482,0.0000,0.0000,1976.7,-0.0053,1,0
0.2468,0.000000,59.999960,-0.000482,0.0000,0.0000,1976.7,-0.0052,1,0
0.2479,0.000000,59.999960,-0.000482,0.0000,0.0000,1976.7,-0.0051,1,0
0.2527,0.000000,59.999960,-0.000482,0.0000,0.0000,1976.7,-0.0051,1,0
0.2502,0.000000,59.999960,-0.000482,0.0000,0.0000,1976.7,-0.0051,1,0
0.2573,0.000000,59.999960,-0.000482,0.0000,0.0000,1976.7,-0.0051,1,0
0.2544,0.000000,59.999960,-0.000482,0.0000,0.0000,1976.7,-0.0050,1,0
0.2602,0.000000,59.999960,-0.000482,0.0000,0.0000,1976.7,-0.0050,1,0
0.2600,0.000000,59.999960,-0.000482,0.0000,0.0000,1976.7,-0.0050,1,0
0.2618,0.000000,59.999960,-0.000482,0.0000,0.0000,1976.7,-0.0050,1,0
0.2662,0.000000,59.999960,-0.000482,0.0000,0.0000,1976.7,-0.0050,1,0
0.2639,0.000000,59.999960,-0.000482,0.0000,0.0000,1976.7,-0.0050,1,0
0.2712,0.000000,59.999960,-0.000482,0.0000,0.0000,1976.7,-0.0049,1,0
0.2674,0.000000,59.999960,-0.000482,0.0000,0.0000,1976.7,-0.0049,1,0
0.2746,0.000000,59.999960,-0.000482,0.0000,0.0000,1976.7,-0.0049,1,0
0.2728,0.000000,59.999960,-0.000482,0.0000,0.0000,1976.7,-0.0049,1,0
0.2764,0.000000,59.999960,-0.000482,0.0000,0.0000,1976.7,-0.0049,1,0
0.2791,0.000000,59.999960,-0.000482,0.0000,0.0000,1976.7,-0.0049,1,0
0.2779,0.000000,59.999960,-0.000482,0.0000,0.0000,1976.7,-0.0049,1,0
0.2849,0.000000,59.999960,-0.000481,0.0000,0.0000,1976.7,-0.0049,1,0
0.2808,0.000000,59.999960,-0.000481,0.0000,0.0000,1976.7,-0.0049,1,0
0.2887,0.000000,59.999960,-0.000481,0.0000,0.0000,1976.7,-0.0049,1,0
0.2856,0.000000,59.999960,-0.000481,0.0000,0.0000,1976.7,-0.0049,1,0
0.2910,0.000000,59.999960,-0.000481,0.0000,0.0000,1976.7,-0.0049,1,0
0.2917,0.000000,59.999960,-0.000481,0.0000,0.0000,1976.7,-0.0048,1,0
0.2926,0.000000,59.999960,-0.000481,0.0000,0.0000,1976.7,-0.0047,1,0
0.2975,0.000000,59.999960,-0.000481,0.0000,0.0000,1976.7,-0.0047,1,0
0.2952,0.000000,59.999960,-0.000481,0.0000,0.0000,1976.7,-0.0046,1,0
0.3018,0.000000,59.999960,-0.000481,0.0000,0.0000,1976.7,-0.0046,1,0
0.2993,0.000000,59.999960,-0.000481,0.0000,0.0000,1976.7,-0.0045,1,0
0.3047,0.000000,59.999960,-0.000481,0.0000,0.0000,1976.7,-0.0045,1,0
0.3049,0.000000,59.999960,-0.000481,0.0000,0.0000,1976.7,-0.0044,1,0
0.3068,0.000000,59.999960,-0.000481,0.0000,0.0000,1976.7,-0.0044,1,0
0.3102,0.000000,59.999960,-0.000481,0.0000,0.0000,1976.7,-0.0044,1,0
0.3095,0.000000,59.999960,-0.000481,0.0000,0.0000,1976.7,-0.0044,1,0
0.3146,0.000000,59.999960,-0.000481,0.0000,0.0000,1976.7,-0.0043,1,0
0.3134,0.000000,59.999960,-0.000481,0.0000,0.0000,1976.7,-0.0043,1,0
0.3179,0.000000,59.999960,-0.000481,0.0000,0.0000,1976.7,-0.0043,1,0
0.3184,0.000000,59.999960,-0.000480,0.0000,0.0000,1976.7,-0.0043,1,0
0.3205,0.000000,59.999960,-0.000480,0.0000,0.0000,1976.7,-0.0042,1,0
0.3235,0.000000,59.999960,-0.000480,0.0000,0.0000,1976.7,-0.0042,1,0
0.3236,0.000000,59.999960,-0.000480,0.0000,0.0000,1976.7,-0.0042,1,0
0.3276,0.000000,59.999960,-0.000480,0.0000,0.0000,1976.7,-0.0042,1,0
0.3279,0.000000,59.999960,-0.000480,0.0000,0.0000,1976.7,-0.0042,1,0
0.3307,0.000000,59.999960,-0.000480,0.0000,0.0000,1976.7,-0.0041,1,0
0.3330,0.000000,59.999960,-0.000480,0.0000,0.0000,1976.7,-0.0041,1,0
0.3336,0.000000,59.999960,-0.000480,0.0000,0.0000,1976.7,-0.0041,1,0
0.3374,0.000000,59.999960,-0.000480,0.0000,0.0000,1976.7,-0.0040,1,0
0.3373,0.000000,59.999960,-0.000480,0.0000,0.0000,1976.7,-0.0040,1,0
0.3409,0.000000,59.999960,-0.000480,0.0000,0.0000,1976.7,-0.0040,1,0
0.3426,0.000000,59.999960,-0.000480,0.0000,0.0000,1976.7,-0.0040,1,0
0.3432,0.000000,59.999960,-0.000480,0.0000,0.0000,1976.7,-0.0040,1,0
0.3479,0.000000,59.999960,-0.000480,0.0000,0.0000,1976.7,-0.0040,1,0
0.3461,0.000000,59.999960,-0.000480,0.0000,0.0000,1976.7,-0.0040,1,0
0.3523,0.000000,59.999960,-0.000480,0.0000,0.0000,1976.7,-0.0041,1,0
0.3505,0.000000,59.999960,-0.000479,0.0000,0.0000,1976.7,-0.0041,1,0
0.3550,0.000000,59.999960,-0.000479,0.0000,0.0032,1976.7,-0.0041,1,0
0.3562,0.000000,59.999960,-0.000479,0.0000,0.0065,2002.3,-0.0041,1,0
0.3573,0.000000,59.999960,-0.000479,0.0000,0.0121,2065.0,-0.0041,1,0
0.3635,0.000000,59.999960,-0.000479,0.0000,0.0178,2156.8,-0.0041,1,0
0.3612,0.000000,59.999960,-0.000479,0.0000,0.0230,2272.5,-0.0041,1,0
0.3716,0.000000,59.999960,-0.000479,0.0000,0.0282,2407.0,-0.0041,1,0
0.3689,0.000000,59.999960,-0.000479,0.0000,0.0335,2550.9,-0.0041,1,0
0.3795,0.000000,59.999960,-0.000479,0.0000,0.0389,2709.5,-0.0041,1,0
0.3813,0.000000,59.999960,-0.000479,0.0000,0.0430,2880.2,-0.0039,1,0
0.3886,0.000000,59.999960,-0.000479,0.0000,0.0471,3053.3,-0.0040,1,0
0.3980,0.000000,59.999960,-0.000479,0.0000,0.0512,3228.9,-0.0039,1,0
0.4012,0.000000,59.999960,-0.000479,0.0000,0.0553,3404.7,-0.0039,1,0
0.4175,0.000000,59.999960,-0.000479,0.0000,0.0577,3574.2,-0.0038,1,0
0.4197,0.000000,59.999960,-0.000479,0.0000,0.0602,3730.5,-0.0038,1,0
0.4396,0.000000,59.999960,-0.000478,0.0000,0.0628,3876.5,-0.0038,1,0
0.4459,0.000000,59.999960,-0.000478,0.0000,0.0654,4007.8,-0.0037,1,0
0.4645,0.000000,59.999960,-0.000478,0.0000,0.0680,4124.6,-0.0037,1,0
0.4796,0.000000,59.999960,-0.000478,0.0000,0.0707,4221.4,-0.0036,1,0
0.4943,0.000000,59.999960,-0.000478,0.0000,0.0722,4304.7,-0.0036,1,0
0.5162,0.000000,59.999960,-0.000478,0.0000,0.0737,4379.9,-0.0036,1,0
0.5270,0.000000,59.999960,-0.000478,0.0000,0.0758,4446.8,-0.0036,1,0
0.5524,0.000000,59.999960,-0.000478,0.0000,0.0780,4507.3,-0.0035,1,0
0.5636,0.000000,59.999960,-0.000478,0.0000,0.0797,4561.2,-0.0035,1,0
0.5878,0.000000,59.999960,-0.000478,0.0000,0.0814,4608.9,-0.0035,1,0
0.6033,0.000000,59.999960,-0.000478,0.0000,0.0823,4652.4,-0.0036,1,0
0.6231,0.000000,59.999960,-0.000477,0.0000,0.0831,4691.7,-0.0036,1,0
0.6439,0.000000,59.999960,-0.000477,0.0000,0.0839,4726.9,-0.0036,1,0
0.6598,0.000000,59.999960,-0.000477,0.0000,0.0847,4758.6,-0.0037,1,0
0.6835,0.000000,59.999960,-0.000477,0.0000,0.0849,4787.5,-0.0037,1,0
0.6987,0.000000,59.999960,-0.000477,0.0000,0.0850,4813.8,-0.0037,1,0
0.7220,0.000000,59.999960,-0.000477,0.0000,0.0850,4837.8,-0.0036,1,0
0.7381,0.000000,59.999960,-0.000477,0.0000,0.0850,4859.7,-0.0035,1,0
0.7599,0.000000,59.999960,-0.000477,0.0000,0.0854,4879.7,-0.0034,1,0
0.7778,0.000000,59.999960,-0.000476,0.0000,0.0857,4897.9,-0.0033,1,0
0.7981,0.000000,59.999960,-0.000476,0.0000,0.0848,4914.2,-0.0031,1,0
0.8180,0.000000,59.999960,-0.000476,0.0000,0.0839,4930.0,-0.0030,1,0
0.8358,0.000000,59.999960,-0.000476,0.0000,0.0843,4943.7,-0.0028,1,0
0.8576,0.000000,59.999960,-0.000476,0.0000,0.0847,4956.4,-0.0026,1,0
0.8745,0.000000,59.999960,-0.000476,0.0000,0.0847,4968.2,-0.0024,1,0
0.8964,0.000000,59.999960,-0.000476,0.0000,0.0847,4978.7,-0.0022,1,0
0.9142,0.000000,59.999960,-0.000475,0.0000,0.0852,4988.3,-0.0020,1,0
0.9341,0.000000,59.999960,-0.000475,0.0000,0.0857,4996.8,-0.0018,1,0
0.9549,0.000000,59.999960,-0.000475,0.0000,0.0852,5004.9,-0.0015,1,0
0.9721,0.000000,59.999960,-0.000475,0.0000,0.0847,5012.4,-0.0013,1,0
0.9943,0.000000,59.999960,-0.000475,0.0000,0.0847,5019.3,-0.0010,1,0
1.0116,0.000000,59.999960,-0.000475,0.0000,0.0847,5025.7,-0.0008,1,0
1.0322,0.000000,59.999960,-0.000474,0.0000,0.0847,5031.5,-0.0005,1,0
1.0514,0.000000,59.999960,-0.000474,0.0000,0.0847,5036.8,-0.0002,1,0
1.0705,0.000000,59.999960,-0.000474,0.0000,0.0847,5041.6,0.0002,1,0
1.0904,0.000000,59.999960,-0.000474,0.0000,0.0847,5045.7,0.0007,1,0
1.1091,0.000000,59.999960,-0.000474,0.0000,0.0847,5049.5,0.0012,1,0
1.1297,0.000000,59.999960,-0.000473,0.0000,0.0847,5053.2,0.0018,1,0
1.1484,0.000000,59.999960,-0.000473,0.0000,0.0847,5056.6,0.0024,1,0
1.1676,0.000000,59.999960,-0.000473,0.0000,0.0847,5059.7,0.0031,1,0
1.1877,0.000000,59.999960,-0.000473,0.0000,0.0847,5062.5,0.0039,1,0
1.2063,0.000000,59.999960,-0.000473,0.0000,0.0847,5065.1,0.0046,1,0
1.2265,0.000000,59.999960,-0.000472,0.0000,0.0847,5067.5,0.0055,1,0
1.2454,0.000000,59.999960,-0.000472,0.0000,0.0847,5069.6,0.0062,1,0
1.2651,0.000000,59.999960,-0.000472,0.0000,0.0847,5071.0,0.0071,1,0
1.2850,0.000000,59.999960,-0.000472,0.0000,0.0847,5072.7,0.0079,1,0
1.3039,0.000000,59.999960,-0.000471,0.0000,0.0847,5074.1,0.0089,1,0
1.3240,0.000000,59.999960,-0.000471,0.0000,0.0847,5075.7,0.0098,1,0
1.3428,0.000000,59.999960,-0.000471,0.0000,0.0856,5076.7,0.0107,1,0
1.3628,0.000000,59.999960,-0.000471,0.0000,0.0864,5077.3,0.0116,1,0
1.3825,0.000000,59.999961,-0.000471,0.0000,0.0880,5077.2,0.0125,1,0
1.4029,0.000000,59.999961,-0.000470,0.0000,0.0896,5076.0,0.0133,1,0
1.4236,0.000000,59.999962,-0.000470,0.0000,0.0915,5073.9,0.0140,1,0
1.4446,0.000000,59.999962,-0.000470,0.0000,0.0934,5070.7,0.0147,1,0
1.4665,0.000000,59.999963,-0.000470,0.0000,0.0956,5066.7,0.0153,1,0
1.4885,0.000000,59.999964,-0.000469,0.0000,0.0978,5061.6,0.0157,1,0
1.5108,0.000000,59.999964,-0.000469,0.0000,0.1007,5055.7,0.0161,1,0
1.5341,0.000000,59.999965,-0.000469,0.0000,0.1035,5048.7,0.0165,1,0
1.5579,0.000000,59.999965,-0.000468,0.0000,0.1089,5040.0,0.0168,1,0
1.5827,0.000000,59.999966,-0.000468,0.0000,0.1143,5029.0,0.0171,1,0
1.6093,0.000000,59.999966,-0.000468,0.0000,0.1232,5014.3,0.0175,1,0
1.6375,0.000000,59.999966,-0.000468,0.0000,0.1320,4996.8,0.0178,1,0
1.6678,0.000000,59.999966,-0.000467,0.0000,0.1440,4976.0,0.0182,1,0
1.6998,0.000000,59.999966,-0.000467,0.0000,0.1559,4951.8,0.0184,1,0
1.7351,0.000000,59.999966,-0.000467,0.0000,0.1686,4924.5,0.0188,1,0
1.7702,0.000000,59.999966,-0.000466,0.0000,0.1814,4895.8,0.0191,1,0
1.8073,0.000000,59.999966,-0.000466,0.0000,0.1936,4865.5,0.0195,1,0
1.8477,0.000000,59.999966,-0.000466,0.0000,0.2057,4832.3,0.0199,1,0
1.8897,0.000000,59.999966,-0.000465,0.0000,0.2162,4797.7,0.0203,1,0
1.9315,0.000000,59.999966,-0.000465,0.0000,0.2266,4759.9,0.0206,1,0
1.9778,0.000000,59.999966,-0.000465,0.0000,0.2358,4718.4,0.0209,1,0
2.0239,0.000000,59.999966,-0.000464,0.0000,0.2450,4674.3,0.0211,1,0
2.0727,0.000000,59.999966,-0.000464,0.0000,0.2536,4627.0,0.0213,1,0
2.1215,0.000000,59.999966,-0.000464,0.0000,0.2622,4577.2,0.0214,1,0
2.1735,0.000000,59.999966,-0.000463,0.0000,0.2697,4523.9,0.0215,1,0
2.2264,0.000000,59.999966,-0.000463,0.0000,0.2771,4467.2,0.0216,1,0
2.2826,0.000000,59.999966,-0.000462,0.0000,0.2858,4407.4,0.0217,1,0
2.3398,0.000000,59.999966,-0.000462,0.0000,0.2944,4346.3,0.0220,1,0
2.3955,0.000000,59.999966,-0.000462,0.0000,0.3011,4282.4,0.0223,1,0
2.4539,0.000000,59.999966,-0.000461,0.0000,0.3077,4143.2,0.0227,1,0
2.5140,0.000000,59.999966,-0.000461,0.0000,0.3126,3984.4,0.0232,1,0
2.5754,0.000000,59.999966,-0.000460,0.0000,0.3175,3829.9,0.0238,1,0
2.6373,0.000000,59.999966,-0.000460,0.0000,0.3213,3680.3,0.0246,1,0
2.6999,0.000000,59.999966,-0.000459,0.0000,0.3251,3535.0,0.0254,1,0
2.7633,0.000000,59.999966,-0.000459,0.0000,0.3286,3394.5,0.0262,1,0
2.8250,0.000000,59.999966,-0.000458,0.0000,0.3322,3259.1,0.0269,1,0
2.8869,0.000000,59.999966,-0.000458,0.0000,0.3356,3128.6,0.0276,1,0
2.9466,0.000000,59.999966,-0.000457,0.0000,0.3390,3003.6,0.0282,1,0
3.0071,0.000000,59.999966,-0.000457,0.0000,0.3428,2884.1,0.0289,1,0
3.0681,0.000000,59.999966,-0.000456,0.0000,0.3466,2770.8,0.0295,1,0
3.1283,0.000000,59.999966,-0.000456,0.0000,0.3514,2663.8,0.0301,1,0
3.1896,0.000000,59.999966,-0.000455,0.0000,0.3562,2562.5,0.0307,1,0
3.2497,0.000000,59.999966,-0.000455,0.0000,0.3624,2468.3,0.0314,1,0
3.3101,0.000000,59.999966,-0.000454,0.0000,0.3686,2382.5,0.0322,1,0
3.3695,0.000000,59.999966,-0.000453,0.0000,0.3754,2304.0,0.0330,1,0
3.4290,0.000000,59.999966,-0.000453,0.0000,0.3822,2231.4,0.0338,1,0
3.4879,0.000000,59.999966,-0.000452,0.0000,0.3910,2237.6,0.0346,1,0
3.5468,0.000000,59.999966,-0.000452,0.0000,0.3998,2284.4,0.0354,1,0
3.6056,0.000000,59.999966,-0.000451,0.0000,0.4113,2334.2,0.0362,1,0
3.6634,0.000000,59.999966,-0.000450,0.0000,0.4227,2386.2,0.0371,1,0
3.7214,0.000000,59.999966,-0.000450,0.0000,0.4333,2441.3,0.0380,1,0
3.7778,0.000000,59.999966,-0.000449,0.0000,0.4439,2501.9,0.0391,1,0
3.8336,0.000000,59.999966,-0.000448,0.0000,0.4539,2568.2,0.0402,1,0
3.8887,0.000000,59.999966,-0.000448,0.0000,0.4640,2637.8,0.0413,1,0
3.9433,0.000000,59.999966,-0.000447,0.0000,0.4717,2708.8,0.0426,1,0
3.9977,0.000000,59.999966,-0.000446,0.0000,0.4793,2779.9,0.0440,1,0
4.0518,0.000000,59.999966,-0.000446,0.0000,0.4856,2850.8,0.0455,1,0
4.1061,0.000000,59.999966,-0.000445,0.0000,0.4919,2920.6,0.0471,1,0
4.1602,0.000000,59.999966,-0.000444,0.0000,0.4943,2988.4,0.0488,1,0
4.2145,0.000000,59.999966,-0.000444,0.0000,0.4967,3054.1,0.0506,1,0
4.2686,0.000000,59.999966,-0.000443,0.0000,0.4977,3117.6,0.0525,1,0
4.3227,0.000000,59.999966,-0.000442,0.0000,0.4988,3178.7,0.0546,1,0
4.3762,0.000000,59.999966,-0.000441,0.0000,0.4964,3239.7,0.0566,1,0
4.4286,0.000000,59.999966,-0.000440,0.0000,0.4940,3301.8,0.0589,1,0
4.4807,0.000000,59.999966,-0.000440,0.0000,0.4891,3361.2,0.0611,1,0
4.5329,0.000000,59.999966,-0.000439,0.0000,0.4842,3416.0,0.0635,1,0
4.5853,0.000000,59.999966,-0.000438,0.0000,0.4780,3465.7,0.0661,1,0
4.6381,0.000000,59.999966,-0.000437,0.0000,0.4717,3510.5,0.0686,1,0
4.6913,0.000000,59.999966,-0.000436,0.0000,0.4657,3549.7,0.0712,1,0
4.7449,0.000000,59.999966,-0.000436,0.0000,0.4597,3583.9,0.0740,1,0
4.7983,0.000000,59.999966,-0.000435,0.0000,0.4523,3614.9,0.0769,1,0
4.8514,0.000000,59.999967,-0.000434,0.0000,0.4448,3643.9,0.0799,1,0
4.9035,0.000000,59.999967,-0.000433,0.0000,0.4363,3674.0,0.0832,1,0
4.9551,0.000000,59.999968,-0.000432,0.0000,0.4277,3702.0,0.0865,1,0
5.0069,0.000000,59.999968,-0.000431,0.0000,0.4185,3725.5,0.0899,1,0
5.0591,0.000000,59.999968,-0.000430,0.0000,0.4092,3743.1,0.0935,1,0
5.1118,0.000000,59.999969,-0.000429,0.0000,0.4019,3756.2,0.0970,1,0
5.1649,0.000000,59.999969,-0.000429,0.0000,0.3947,3764.6,0.1007,1,0
5.2185,0.000000,59.999970,-0.000428,0.0000,0.3896,3768.2,0.1044,1,0
5.2721,0.000000,59.999970,-0.000427,0.0000,0.3845,3769.8,0.1082,1,0
5.3250,0.000000,59.999970,-0.000426,0.0000,0.3821,3773.5,0.1119,1,0
5.3768,0.000000,59.999970,-0.000425,0.0000,0.3796,3780.5,0.1159,1,0
5.4286,0.000000,59.999970,-0.000424,0.0000,0.3805,3787.5,0.1197,1,0
5.4809,0.000000,59.999970,-0.000423,0.0000,0.3814,3792.4,0.1236,1,0
5.5334,0.000000,59.999970,-0.000422,0.0000,0.3809,3795.7,0.1275,1,0
5.5865,0.000000,59.999970,-0.000421,0.0000,0.3804,3796.5,0.1313,1,0
5.6400,0.000000,59.999970,-0.000420,0.0000,0.3785,3795.3,0.1350,1,0
5.6938,0.000000,59.999970,-0.000419,0.0000,0.3765,3792.3,0.1388,1,0
5.7472,0.000000,59.999970,-0.000418,0.0000,0.3759,3789.8,0.1425,1,0
5.7996,0.000000,59.999970,-0.000417,0.0000,0.3753,3791.8,0.1460,1,0
5.8513,0.000000,59.999970,-0.000416,0.0000,0.3741,3795.9,0.1496,1,0
5.9032,0.000000,59.999970,-0.000415,0.0000,0.3729,3799.0,0.1533,1,0
5.9555,0.000000,59.999970,-0.000414,0.0000,0.3720,3800.0,0.1569,1,0
6.0082,0.000000,59.999970,-0.000413,0.0000,0.3711,3798.8,0.1603,1,0
6.0614,0.000000,59.999970,-0.000412,0.0000,0.3712,3795.6,0.1636,1,0
6.1149,0.000000,59.999970,-0.000410,0.0000,0.3713,3790.9,0.1668,1,0
6.1685,0.000000,59.999970,-0.000409,0.0000,0.3704,3786.4,0.1699,1,0
6.2214,0.000000,59.999970,-0.000408,0.0000,0.3694,3783.5,0.1727,1,0
6.2735,0.000000,59.999970,-0.000407,0.0000,0.3696,3784.8,0.1753,1,0
6.3254,0.000000,59.999970,-0.000406,0.0000,0.3699,3786.7,0.1778,1,0
6.3777,0.000000,59.999970,-0.000405,0.0000,0.3696,3786.2,0.1802,1,0
6.4306,0.000000,59.999970,-0.000404,0.0000,0.3693,3783.6,0.1822,1,0
6.4837,0.000000,59.999970,-0.000403,0.0000,0.3673,3779.4,0.1841,1,0
6.5376,0.000000,59.999970,-0.000401,0.0000,0.3653,3772.1,0.1857,1,0
6.5915,0.000000,59.999970,-0.000400,0.0000,0.3641,3764.0,0.1870,1,0
6.6456,0.000000,59.999970,-0.000399,0.0000,0.3629,3756.0,0.1881,1,0
6.6983,0.000000,59.999970,-0.000398,0.0000,0.3604,3752.1,0.1891,1,0
6.7507,0.000000,59.999970,-0.000397,0.0000,0.3579,3749.3,0.1900,1,0
6.8034,0.000000,59.999970,-0.000396,0.0000,0.3544,3744.5,0.1909,1,0
6.8566,0.000000,59.999970,-0.000394,0.0000,0.3510,3736.3,0.1916,1,0
6.9103,0.000000,59.999970,-0.000393,0.0000,0.3454,3725.1,0.1925,1,0
6.9646,0.000000,59.999970,-0.000392,0.0000,0.3398,3709.6,0.1934,1,0
7.0195,0.000000,59.999970,-0.000391,0.0000,0.3336,3690.7,0.1944,1,0
7.0744,0.000000,59.999970,-0.000389,0.0000,0.3275,3669.7,0.1954,1,0
7.1290,0.000000,59.999970,-0.000388,0.0000,0.3231,3649.1,0.1968,1,0
7.1825,0.000000,59.999970,-0.000387,0.0000,0.3186,3632.3,0.1983,1,0
7.2359,0.000000,59.999970,-0.000386,0.0000,0.3149,3614.4,0.2003,1,0
7.2900,0.000000,59.999970,-0.000384,0.0000,0.3112,3593.4,0.2025,1,0
7.3444,0.000000,59.999970,-0.000383,0.0000,0.3072,3570.3,0.2051,1,0
7.3996,0.000000,59.999970,-0.000382,0.0000,0.3032,3543.7,0.2079,1,0
7.4553,0.000000,59.999970,-0.000380,0.0000,0.2998,3514.7,0.2108,1,0
7.5113,0.000000,59.999971,-0.000379,0.0000,0.2964,3483.9,0.2139,1,0
7.5673,0.000000,59.999971,-0.000378,0.0000,0.2935,3452.9,0.2169,1,0
7.6230,0.000000,59.999971,-0.000376,0.0000,0.2906,3423.5,0.2199,1,0
7.6778,0.000000,59.999972,-0.000375,0.0000,0.2885,3398.3,0.2228,1,0
7.7323,0.000000,59.999972,-0.000373,0.0000,0.2864,3373.9,0.2256,1,0
7.7871,0.000000,59.999972,-0.000372,0.0000,0.2854,3348.4,0.2282,1,0
7.8423,0.000000,59.999972,-0.000371,0.0000,0.2843,3322.4,0.2306,1,0
7.8976,0.000000,59.999973,-0.000369,0.0000,0.2836,3295.9,0.2330,1,0
7.9535,0.000000,59.999973,-0.000368,0.0000,0.2829,3268.4,0.2351,1,0
8.0096,0.000000,59.999973,-0.000366,0.0000,0.2836,3240.7,0.2371,1,0
8.0657,0.000000,59.999973,-0.000365,0.0000,0.2843,3214.2,0.2388,1,0
8.1217,0.000000,59.999973,-0.000364,0.0000,0.2846,3189.1,0.2403,1,0
8.1768,0.000000,59.999973,-0.000362,0.0000,0.2850,3168.5,0.2416,1,0
8.2311,0.000000,59.999973,-0.000361,0.0000,0.2849,3152.6,0.2427,1,0
8.2849,0.000000,59.999973,-0.000359,0.0000,0.2849,3138.4,0.2435,1,0
8.3390,0.000000,59.999973,-0.000358,0.0000,0.2858,3124.1,0.2440,1,0
8.3933,0.000000,59.999973,-0.000356,0.0000,0.2866,3110.3,0.2443,1,0
8.4472,0.000000,59.999973,-0.000355,0.0000,0.2876,3097.9,0.2444,1,0
8.5018,0.000000,59.999973,-0.000353,0.0000,0.2886,3085.7,0.2443,1,0
8.5560,0.000000,59.999973,-0.000352,0.0000,0.2892,3073.7,0.2439,1,0
8.6104,0.000000,59.999973,-0.000350,0.0000,0.2898,3062.8,0.2434,1,0
8.6641,0.000000,59.999973,-0.000348,0.0000,0.2909,3055.2,0.2429,1,0
8.7166,0.000000,59.999973,-0.000347,0.0000,0.2919,3052.9,0.2423,1,0
8.7679,0.000000,59.999973,-0.000345,0.0000,0.2930,3057.3,0.2416,1,0
8.8186,0.000000,59.999973,-0.000344,0.0000,0.2940,3063.6,0.2410,1,0
8.8695,0.000000,59.999973,-0.000342,0.0000,0.2944,3069.6,0.2403,1,0
8.9204,0.000000,59.999973,-0.000341,0.0000,0.2948,3075.3,0.2396,1,0
8.9713,0.000000,59.999973,-0.000339,0.0000,0.2961,3081.1,0.2388,1,0
9.0229,0.000000,59.999973,-0.000337,0.0000,0.2974,3085.2,0.2379,1,0
9.0745,0.000000,59.999973,-0.000336,0.0000,0.2981,3089.3,0.2369,1,0
9.1259,0.000000,59.999973,-0.000334,0.0000,0.2988,3094.1,0.2358,1,0
9.1776,0.000000,59.999973,-0.000332,0.0000,0.2990,3098.9,0.2346,1,0
9.2289,0.000000,59.999973,-0.000331,0.0000,0.2992,3104.6,0.2332,1,0
9.2791,0.000000,59.999973,-0.000329,0.0000,0.2996,3115.4,0.2317,1,0
9.3289,0.000000,59.999973,-0.000327,0.0000,0.2999,3127.1,0.2300,1,0
9.3789,0.000000,59.999973,-0.000326,0.0000,0.3006,3138.1,0.2280,1,0
9.4294,0.000000,59.999973,-0.000324,0.0000,0.3012,3147.5,0.2258,1,0
9.4799,0.000000,59.999973,-0.000322,0.0000,0.3010,3155.8,0.2235,1,0
9.5310,0.000000,59.999973,-0.000321,0.0000,0.3008,3162.5,0.2211,1,0
9.5822,0.000000,59.999973,-0.000319,0.0000,0.3002,3169.0,0.2186,1,0
9.6338,0.000000,59.999972,-0.000317,0.0000,0.2995,3173.8,0.2161,1,0
9.6851,0.000000,59.999972,-0.000316,0.0000,0.2995,3178.8,0.2138,1,0
9.7366,0.000000,59.999972,-0.000314,0.0000,0.2995,3183.9,0.2116,1,0
9.7874,0.000000,59.999971,-0.000312,0.0000,0.3002,3191.5,0.2097,1,0
9.8377,0.000000,59.999971,-0.000310,0.0000,0.3010,3201.2,0.2081,1,0
9.8885,0.000000,59.999971,-0.000309,0.0000,0.3012,3208.8,0.2067,1,0
9.9402,0.000000,59.999971,-0.000307,0.0000,0.3015,3212.8,0.2057,1,0
9.9919,0.000000,59.999970,-0.000305,0.0000,0.3020,3217.1,0.2048,1,0
10.0439,0.000000,59.999970,-0.000303,0.0000,0.3025,3220.4,0.2042,1,0
10.0962,0.000000,59.999970,-0.000301,0.0000,0.3017,3222.3,0.2038,1,0
10.1481,0.000000,59.999970,-0.000300,0.0000,0.3009,3225.9,0.2035,1,0
10.1997,0.000000,59.999970,-0.000298,0.0000,0.3014,3230.7,0.2033,1,0
10.2508,0.000000,59.999970,-0.000296,0.0000,0.3018,3237.3,0.2032,1,0
10.3012,0.000000,59.999970,-0.000294,0.0000,0.3018,3246.7,0.2032,1,0
10.3511,0.000000,59.999970,-0.000292,0.0000,0.3018,3258.2,0.2032,1,0
10.4011,0.000000,59.999970,-0.000290,0.0000,0.3022,3268.2,0.2032,1,0
10.4513,0.000000,59.999970,-0.000289,0.0000,0.3026,3277.6,0.2032,1,0
10.5015,0.000000,59.999970,-0.000287,0.0000,0.3025,3286.4,0.2034,1,0
10.5512,0.000000,59.999970,-0.000285,0.0000,0.3024,3297.7,0.2036,1,0
10.6008,0.000000,59.999970,-0.000283,0.0000,0.3024,3319.0,0.2039,1,0
10.6521,0.000000,59.999970,-0.000281,0.0000,0.3024,3322.3,0.2043,1,0
10.7058,0.000000,59.999970,-0.000279,0.0000,0.3025,3350.7,0.2048,1,0
10.7582,0.000000,59.999970,-0.000277,0.0000,0.3026,3345.9,0.2054,1,0
10.8125,0.000000,59.999970,-0.000275,0.0000,0.3026,3382.7,0.2060,1,0
10.8658,0.000000,59.999970,-0.000274,0.0000,0.3026,3372.8,0.2067,1,0
10.9188,0.000000,59.999970,-0.000272,0.0000,0.3032,3412.7,0.2075,1,0
10.9729,0.000000,59.999970,-0.000270,0.0000,0.3038,3410.5,0.2086,1,0
11.0249,0.000000,59.999970,-0.000268,0.0000,0.3037,3441.3,0.2097,1,0
11.0804,0.000000,59.999970,-0.000266,0.0000,0.3036,3444.3,0.2111,1,0
11.1345,0.000000,59.999970,-0.000264,0.0000,0.3044,3452.7,0.2125,1,0
11.1885,0.000000,59.999969,-0.000262,0.0000,0.3053,3485.1,0.2140,1,0
11.2443,0.000000,59.999969,-0.000260,0.0000,0.3056,3508.4,0.2156,1,0
11.3000,0.000000,59.999968,-0.000258,0.0000,0.3059,3531.5,0.2171,1,0
11.3531,0.000000,59.999968,-0.000256,0.0000,0.3070,3527.6,0.2186,1,0
11.4053,0.000000,59.999968,-0.000254,0.0000,0.3080,3553.3,0.2201,1,0
11.4595,0.000000,59.999967,-0.000252,0.0000,0.3089,3581.1,0.2215,1,0
11.5141,0.000000,59.999967,-0.000250,0.0000,0.3097,3581.6,0.2229,1,0
11.5641,0.000000,59.999966,-0.000248,0.0000,0.3105,3601.7,0.2242,1,0
11.6175,0.000000,59.999966,-0.000246,0.0000,0.3114,3632.4,0.2255,1,0
11.6689,0.000000,59.999965,-0.000244,0.0000,0.3127,3621.4,0.2267,1,0
11.7188,0.000000,59.999965,-0.000242,0.0000,0.3140,3666.8,0.2280,1,0
11.7690,0.000000,59.999964,-0.000240,0.0000,0.3157,3659.7,0.2293,1,0
11.8205,0.000000,59.999964,-0.000238,0.0000,0.3174,3699.7,0.2305,1,0
11.8738,0.000000,59.999963,-0.000236,0.0000,0.3189,3678.9,0.2318,1,0
11.9252,0.000000,59.999962,-0.000233,0.0000,0.3204,3718.0,0.2330,1,0
11.9775,0.000000,59.999962,-0.000231,0.0000,0.3229,3727.8,0.2341,1,0
12.0269,0.000000,59.999961,-0.000229,0.0000,0.3255,3748.8,0.2352,1,0
12.0784,0.000000,59.999961,-0.000227,0.0000,0.3293,3763.7,0.2362,1,0
12.1264,0.000000,59.999960,-0.000225,0.0000,0.3331,3791.9,0.2372,1,0
12.1775,0.000000,59.999960,-0.000223,0.0000,0.3370,3783.8,0.2380,1,0
12.2250,0.000000,59.999960,-0.000221,0.0000,0.3410,3828.9,0.2387,1,0
12.2733,0.000000,59.999960,-0.000219,0.0000,0.3440,3833.1,0.2393,1,0
12.3196,0.000000,59.999960,-0.000217,0.0000,0.3471,3857.7,0.2397,1,0
12.3668,0.000000,59.999960,-0.000215,0.0000,0.3496,3867.8,0.2400,1,0
12.4134,0.000000,59.999960,-0.000212,0.0000,0.3521,3879.8,0.2402,1,0
12.4604,0.000000,59.999960,-0.000210,0.0000,0.3543,3903.9,0.2402,1,0
12.5084,0.000000,59.999960,-0.000208,0.0000,0.3564,3909.2,0.2402,1,0
12.5554,0.000000,59.999960,-0.000206,0.0000,0.3582,3934.8,0.2402,1,0
12.6042,0.000000,59.999960,-0.000204,0.0000,0.3599,3936.7,0.2402,1,0
12.6512,0.000000,59.999960,-0.000202,0.0000,0.3616,3959.7,0.2402,1,0
12.6990,0.000000,59.999960,-0.000199,0.0000,0.3632,3968.4,0.2401,1,0
12.7455,0.000000,59.999959,-0.000197,0.0000,0.3645,3993.0,0.2399,1,0
12.7937,0.000000,59.999959,-0.000195,0.0000,0.3657,3998.8,0.2396,1,0
12.8406,0.000000,59.999959,-0.000193,0.0000,0.3676,4024.8,0.2393,1,0
12.8888,0.000000,59.999959,-0.000191,0.0000,0.3695,4028.2,0.2388,1,0
12.9364,0.000000,59.999959,-0.000188,0.0000,0.3717,4051.6,0.2384,1,0
12.9837,0.000000,59.999958,-0.000186,0.0000,0.3739,4058.5,0.2378,1,0
13.0295,0.000000,59.999958,-0.000184,0.0000,0.3759,4088.8,0.2371,1,0
13.0763,0.000000,59.999958,-0.000182,0.0000,0.3778,4097.4,0.2363,1,0
13.1228,0.000000,59.999958,-0.000180,0.0000,0.3799,4109.0,0.2354,1,0
13.1687,0.000000,59.999957,-0.000177,0.0000,0.3820,4122.8,0.2342,1,0
13.2148,0.000000,59.999957,-0.000175,0.0000,0.3838,4136.8,0.2329,1,0
13.2613,0.000000,59.999956,-0.000173,0.0000,0.3856,4149.1,0.2315,1,0
13.3076,0.000000,59.999956,-0.000171,0.0000,0.3879,4162.3,0.2299,1,0
13.3535,0.000000,59.999956,-0.000168,0.0000,0.3903,4177.9,0.2283,1,0
13.3989,0.000000,59.999955,-0.000166,0.0000,0.3922,4195.4,0.2264,1,0
13.4449,0.000000,59.999955,-0.000164,0.0000,0.3941,4210.3,0.2244,1,0
13.4915,0.000000,59.999954,-0.000162,0.0000,0.3957,4223.1,0.2222,1,0
13.5382,0.000000,59.999954,-0.000159,0.0000,0.3973,4235.3,0.2198,1,0
13.5849,0.000000,59.999953,-0.000157,0.0000,0.3989,4247.7,0.2172,1,0
13.6314,0.000000,59.999953,-0.000155,0.0000,0.4004,4261.3,0.2143,1,0
13.6791,0.000000,59.999952,-0.000153,0.0000,0.4020,4283.5,0.2114,1,0
13.7260,0.000000,59.999951,-0.000150,0.0000,0.4035,4294.4,0.2084,1,0
13.7723,0.000000,59.999951,-0.000148,0.0000,0.4052,4307.4,0.2053,1,0
13.8181,0.000000,59.999950,-0.000146,0.0000,0.4069,4322.1,0.2022,1,0
13.8646,0.000000,59.999949,-0.000143,0.0000,0.4082,4334.1,0.1992,1,0
13.9113,0.000000,59.999948,-0.000141,0.0000,0.4096,4358.2,0.1963,1,0
13.9605,0.000000,59.999948,-0.000139,0.0000,0.4113,4360.4,0.1935,1,0
14.0087,0.000000,59.999947,-0.000137,0.0000,0.4129,4378.6,0.1909,1,0
14.0571,0.000000,59.999947,-0.000134,0.0000,0.4146,4400.2,0.1886,1,0
14.1056,0.000000,59.999946,-0.000132,0.0000,0.4162,4401.9,0.1865,1,0
14.1548,0.000000,59.999946,-0.000130,0.0000,0.4176,4417.4,0.1846,1,0
14.2041,0.000000,59.999945,-0.000127,0.0000,0.4189,4431.6,0.1829,1,0
14.2530,0.000000,59.999945,-0.000125,0.0000,0.4205,4462.1,0.1812,1,0
14.3042,0.000000,59.999945,-0.000123,0.0000,0.4222,4453.2,0.1797,1,0
14.3551,0.000000,59.999944,-0.000120,0.0000,0.4236,4475.9,0.1782,1,0
14.4049,0.000000,59.999944,-0.000118,0.0000,0.4249,4502.0,0.1767,1,0
14.4553,0.000000,59.999943,-0.000116,0.0000,0.4271,4509.7,0.1753,1,0
14.5047,0.000000,59.999943,-0.000113,0.0000,0.4292,4537.9,0.1739,1,0
14.5546,0.000000,59.999942,-0.000111,0.0000,0.4314,4531.5,0.1725,1,0
14.6047,0.000000,59.999941,-0.000108,0.0000,0.4336,4556.7,0.1710,1,0
14.6548,0.000000,59.999941,-0.000106,0.0000,0.4360,4581.0,0.1696,1,0
14.7074,0.000000,59.999940,-0.000104,0.0000,0.4384,4579.8,0.1681,1,0
14.7587,0.000000,59.999939,-0.000101,0.0000,0.4412,4616.8,0.1666,1,0
14.8097,0.000000,59.999938,-0.000099,0.0000,0.4440,4605.9,0.1651,1,0
14.8603,0.000000,59.999937,-0.000097,0.0000,0.4476,4645.6,0.1636,1,0
14.9110,0.000000,59.999937,-0.000094,0.0000,0.4512,4655.3,0.1620,1,0
14.9622,0.000000,59.999936,-0.000092,0.0000,0.4538,4659.3,0.1603,1,0
15.0126,0.000000,59.999935,-0.000089,0.0000,0.4564,4702.6,0.1586,1,0
15.0647,0.000000,59.999935,-0.000087,0.0000,0.4597,4688.0,0.1566,1,0
15.1163,0.000000,59.999934,-0.000084,0.0000,0.4630,4725.2,0.1545,1,0
15.1667,0.000000,59.999933,-0.000082,0.0000,0.4667,4737.9,0.1522,1,0
15.2169,0.000000,59.999933,-0.000080,0.0000,0.4704,4747.1,0.1498,1,0
15.2670,0.000000,59.999932,-0.000077,0.0000,0.4744,4775.8,0.1472,1,0
15.3172,0.000000,59.999932,-0.000075,0.0000,0.4784,4772.0,0.1444,1,0
15.3686,0.000000,59.999932,-0.000072,0.0000,0.4840,4798.5,0.1416,1,0
15.4200,0.000000,59.999931,-0.000070,0.0000,0.4895,4825.6,0.1388,1,0
15.4718,0.000000,59.999930,-0.000067,0.0000,0.4951,4816.6,0.1359,1,0
15.5227,0.000000,59.999930,-0.000065,0.0000,0.5007,4848.9,0.1331,1,0
15.5736,0.000000,59.999929,-0.000063,0.0000,0.5065,4880.9,0.1302,1,0
15.6265,0.000000,59.999929,-0.000060,0.0000,0.5122,4870.4,0.1274,1,0
15.6791,0.000000,59.999928,-0.000058,0.0000,0.5191,4899.1,0.1247,1,0
15.7323,0.000000,59.999928,-0.000055,0.0000,0.5260,4912.6,0.1221,1,0
15.7864,0.000000,59.999927,-0.000053,0.0000,0.5332,4918.7,0.1196,1,0
15.8388,0.000548,59.999926,-0.000050,0.0000,0.5404,4953.0,0.1174,1,0
15.8919,0.000548,59.999926,-0.000048,0.0000,0.5490,4948.9,0.1152,1,0
15.9462,0.000548,59.999925,-0.000045,0.0000,0.5576,4980.8,0.1132,1,0
16.0008,0.000548,59.999925,-0.000043,0.0000,0.5681,5011.4,0.1113,1,0
16.0572,0.000548,59.999924,-0.000040,0.0000,0.5785,4997.3,0.1094,1,0
16.1129,0.000548,59.999923,-0.000038,0.0000,0.5885,5011.6,0.1077,1,0
16.1674,0.000548,59.999922,-0.000035,0.0000,0.5985,5004.5,0.1061,1,0
16.2171,0.000548,59.999922,-0.000033,0.0000,0.6096,4998.4,0.1045,1,0
16.2621,0.000548,59.999921,-0.000030,0.0000,0.6206,4996.9,0.1030,1,0
16.3031,0.000548,59.999920,-0.000028,0.0000,0.6311,4998.6,0.1016,1,0
16.3442,0.000945,59.999919,-0.000025,0.0000,0.6415,4974.4,0.1002,1,0
16.3818,0.000945,59.999918,-0.000023,0.0000,0.6513,4951.2,0.0987,1,0
16.4127,0.000945,59.999918,-0.000020,0.0000,0.6611,4949.3,0.0969,1,0
16.4398,0.000945,59.999917,-0.000018,0.0000,0.6692,4957.4,0.0949,1,0
16.4654,0.000945,59.999916,-0.000015,0.0000,0.6773,4960.0,0.0923,1,0
16.4891,0.000945,59.999915,-0.000013,0.0000,0.6829,4958.0,0.0893,1,0
16.5102,0.000945,59.999915,-0.000010,0.0000,0.6884,4958.1,0.0859,1,0
16.5308,0.000945,59.999914,-0.000008,0.0000,0.6915,4946.8,0.0822,1,0
16.5482,0.000945,59.999914,-0.000005,0.0000,0.6946,4944.6,0.0782,1,0
16.5637,0.000945,59.999913,-0.000002,0.0000,0.6957,4939.5,0.0740,1,0
16.5798,0.001351,59.999912,0.000000,0.0000,0.6969,4902.0,0.0696,1,0
16.5945,0.001351,59.999912,0.000003,0.0000,0.6961,4855.9,0.0651,1,0
16.5985,0.001351,59.999911,0.000005,0.0000,0.6953,4890.9,0.0607,1,0
16.6107,0.001351,59.999911,0.000008,0.0000,0.6953,4844.3,0.0566,1,0
16.6113,0.001351,59.999910,0.000010,0.0000,0.6953,4899.2,0.0529,1,0
16.6221,0.001351,59.999909,0.000013,0.0000,0.6947,4849.4,0.0498,1,0
16.6212,0.001351,59.999908,0.000015,0.0000,0.6942,4898.3,0.0470,1,0
16.6299,0.001351,59.999907,0.000018,0.0000,0.6922,4854.7,0.0448,1,0
16.6287,0.001351,59.999906,0.000020,0.0000,0.6901,4892.6,0.0428,1,0
16.6358,0.001351,59.999905,0.000023,0.0000,0.6874,4854.5,0.0412,1,0
16.6339,0.001806,59.999904,0.000025,0.0000,0.6847,4883.9,0.0397,1,0
16.6395,0.001806,59.999903,0.000028,0.0000,0.6821,4856.2,0.0382,1,0
16.6375,0.001806,59.999902,0.000030,0.0000,0.6796,4879.1,0.0368,1,0
16.6418,0.001806,59.999901,0.000033,0.0000,0.6773,4862.9,0.0355,1,0
16.6408,0.001806,59.999900,0.000036,0.0000,0.6751,4872.7,0.0344,1,0
16.6430,0.001806,59.999899,0.000038,0.0000,0.6743,4870.2,0.0334,1,0
16.6427,0.001806,59.999899,0.000041,0.0000,0.6734,4866.3,0.0326,1,0
16.6428,0.001806,59.999898,0.000043,0.0000,0.6732,4878.7,0.0321,1,0
16.6448,0.001806,59.999897,0.000046,0.0000,0.6730,4858.4,0.0317,1,0
16.6422,0.001806,59.999896,0.000048,0.0000,0.6723,4885.2,0.0315,1,0
16.6455,0.002214,59.999896,0.000051,0.0000,0.6717,4860.1,0.0314,1,0
16.6436,0.002214,59.999895,0.000053,0.0000,0.6713,4882.9,0.0316,1,0
16.6471,0.002214,59.999894,0.000056,0.0000,0.6710,4855.6,0.0320,1,0
16.6449,0.002214,59.999894,0.000058,0.0000,0.6703,4874.9,0.0326,1,0
16.6477,0.002214,59.999893,0.000061,0.0000,0.6696,4856.6,0.0335,1,0
16.6458,0.002214,59.999892,0.000063,0.0000,0.6684,4868.2,0.0344,1,0
16.6472,0.002214,59.999892,0.000066,0.0000,0.6672,4863.6,0.0353,1,0
16.6467,0.002214,59.999891,0.000068,0.0000,0.6656,4862.4,0.0363,1,0
16.6470,0.002214,59.999890,0.000071,0.0000,0.6641,4868.4,0.0374,1,0
16.6475,0.002214,59.999889,0.000073,0.0000,0.6620,4858.3,0.0385,1,0
16.6464,0.002623,59.999889,0.000076,0.0000,0.6599,4872.4,0.0395,1,0
16.6484,0.002623,59.999888,0.000078,0.0000,0.6561,4858.3,0.0405,1,0
16.6467,0.002623,59.999887,0.000081,0.0000,0.6522,4873.2,0.0415,1,0
16.6487,0.002623,59.999887,0.000083,0.0000,0.6467,4860.3,0.0424,1,0
16.6474,0.002623,59.999886,0.000086,0.0000,0.6413,4872.6,0.0432,1,0
16.6497,0.002623,59.999885,0.000088,0.0000,0.6325,4858.4,0.0437,1,0
16.6483,0.002623,59.999884,0.000091,0.0000,0.6237,4866.9,0.0442,1,0
16.6496,0.002623,59.999882,0.000093,0.0000,0.6108,4861.6,0.0444,1,0
16.6490,0.002623,59.999881,0.000096,0.0000,0.5980,4862.6,0.0442,1,0
16.6487,0.002623,59.999880,0.000098,0.0000,0.5817,4867.4,0.0439,1,0
16.6497,0.003079,59.999879,0.000101,0.0000,0.5654,4860.1,0.0434,1,0
16.6492,0.003079,59.999878,0.000103,0.0000,0.5482,4869.4,0.0430,1,0
16.6506,0.003079,59.999876,0.000106,0.0000,0.5310,4858.8,0.0425,1,0
16.6498,0.003079,59.999875,0.000108,0.0000,0.5147,4867.1,0.0417,1,0
16.6509,0.003079,59.999874,0.000111,0.0000,0.4983,4859.8,0.0407,1,0
16.6491,0.003079,59.999873,0.000113,0.0000,0.4838,4872.5,0.0398,1,0
16.6500,0.003079,59.999872,0.000116,0.0000,0.4693,4868.7,0.0391,1,0
16.6498,0.003079,59.999872,0.000118,0.0000,0.4570,4871.7,0.0387,1,0
16.6508,0.003079,59.999871,0.000121,0.0000,0.4447,4866.9,0.0383,1,0
16.6508,0.003079,59.999870,0.000123,0.0000,0.4355,4866.2,0.0381,1,0
16.6515,0.003485,59.999869,0.000126,0.0000,0.4262,4862.2,0.0377,1,0
16.6511,0.003485,59.999868,0.000128,0.0000,0.4189,4864.1,0.0372,1,0
16.6503,0.003485,59.999868,0.000131,0.0000,0.4115,4871.9,0.0367,1,0
16.6510,0.003485,59.999867,0.000133,0.0000,0.4058,4864.8,0.0363,1,0
16.6500,0.003485,59.999866,0.000136,0.0000,0.4000,4872.1,0.0361,1,0
16.6514,0.003485,59.999865,0.000138,0.0000,0.3957,4858.3,0.0360,1,0
16.6497,0.003485,59.999865,0.000141,0.0000,0.3915,4868.5,0.0358,1,0
16.6504,0.003485,59.999864,0.000143,0.0000,0.3884,4866.1,0.0355,1,0
16.6494,0.003485,59.999864,0.000146,0.0000,0.3854,4875.1,0.0350,1,0
16.6501,0.003485,59.999863,0.000148,0.0000,0.3829,4873.9,0.0343,1,0
16.6503,0.003894,59.999862,0.000150,0.0000,0.3804,4875.1,0.0335,1,0
16.6511,0.003894,59.999862,0.000153,0.0000,0.3781,4872.1,0.0325,1,0
16.6512,0.003894,59.999861,0.000155,0.0000,0.3759,4871.9,0.0317,1,0
16.6518,0.003894,59.999861,0.000158,0.0000,0.3743,4867.1,0.0307,1,0
16.6515,0.003894,59.999860,0.000160,0.0000,0.3727,4869.7,0.0296,1,0
16.6521,0.003894,59.999859,0.000163,0.0000,0.3713,4866.2,0.0284,1,0
16.6516,0.003894,59.999858,0.000165,0.0000,0.3699,4869.8,0.0271,1,0
16.6521,0.003894,59.999857,0.000168,0.0000,0.3689,4867.5,0.0260,1,0
16.6518,0.003894,59.999856,0.000170,0.0000,0.3679,4869.6,0.0251,1,0
16.6520,0.003894,59.999855,0.000173,0.0000,0.3674,4869.0,0.0245,1,0
16.6521,0.004350,59.999854,0.000175,0.0000,0.3669,4869.3,0.0238,1,0
16.6515,0.004350,59.999853,0.000178,0.0000,0.3658,4871.9,0.0234,1,0
16.6514,0.004350,59.999852,0.000180,0.0000,0.3647,4874.3,0.0230,1,0
16.6518,0.004350,59.999851,0.000183,0.0000,0.3641,4870.3,0.0228,1,0
16.6519,0.004350,59.999850,0.000185,0.0000,0.3635,4871.2,0.0226,1,0
16.6519,0.004350,59.999849,0.000187,0.0000,0.3621,4871.2,0.0222,1,0
16.6522,0.004350,59.999848,0.000190,0.0000,0.3606,4870.0,0.0217,1,0
16.6524,0.004350,59.999847,0.000192,0.0000,0.3594,4868.8,0.0208,1,0
16.6523,0.004350,59.999846,0.000195,0.0000,0.3582,4869.5,0.0198,1,0
16.6524,0.004350,59.999845,0.000197,0.0000,0.3570,4867.7,0.0186,1,0
16.6522,0.004758,59.999844,0.000200,0.0000,0.3557,4869.1,0.0174,1,0
16.6524,0.004758,59.999843,0.000202,0.0000,0.3540,4866.4,0.0165,1,0
16.6521,0.004758,59.999842,0.000205,0.0000,0.3524,4869.4,0.0158,1,0
16.6521,0.004758,59.999841,0.000207,0.0000,0.3503,4867.6,0.0155,1,0
16.6516,0.004758,59.999840,0.000210,0.0000,0.3482,4872.3,0.0154,1,0
16.6517,0.004758,59.999839,0.000212,0.0000,0.3464,4871.7,0.0154,1,0
16.6517,0.004758,59.999838,0.000214,0.0000,0.3447,4874.3,0.0156,1,0
16.6519,0.004758,59.999838,0.000217,0.0000,0.3430,4872.0,0.0157,1,0
16.6520,0.004758,59.999837,0.000219,0.0000,0.3413,4872.0,0.0157,1,0
16.6527,0.004758,59.999836,0.000222,0.0000,0.3391,4865.1,0.0154,1,0
16.6522,0.005167,59.999835,0.000224,0.0000,0.3369,4868.2,0.0148,1,0
16.6523,0.005167,59.999834,0.000227,0.0000,0.3351,4867.5,0.0141,1,0
16.6523,0.005167,59.999834,0.000229,0.0000,0.3334,4866.5,0.0134,1,0
16.6523,0.005167,59.999833,0.000232,0.0000,0.3316,4867.8,0.0129,1,0
16.6524,0.005167,59.999832,0.000234,0.0000,0.3298,4865.9,0.0126,1,0
16.6522,0.005167,59.999831,0.000237,0.0000,0.3290,4867.7,0.0124,1,0
16.6526,0.005167,59.999831,0.000239,0.0000,0.3283,4864.1,0.0123,1,0
16.6519,0.005167,59.999830,0.000241,0.0000,0.3276,4868.8,0.0124,1,0
16.6522,0.005167,59.999829,0.000244,0.0000,0.3268,4867.4,0.0125,1,0
16.6518,0.005167,59.999828,0.000246,0.0000,0.3264,4871.2,0.0128,1,0
16.6523,0.005623,59.999828,0.000249,0.0000,0.3259,4867.9,0.0129,1,0
16.6521,0.005623,59.999827,0.000251,0.0000,0.3257,4869.3,0.0128,1,0
16.6527,0.005623,59.999826,0.000254,0.0000,0.3254,4864.7,0.0124,1,0
16.6523,0.005623,59.999826,0.000256,0.0000,0.3254,4865.4,0.0119,1,0
16.6523,0.005623,59.999825,0.000259,0.0000,0.3254,4865.8,0.0115,1,0
16.6525,0.005623,59.999824,0.000261,0.0000,0.3249,4864.2,0.0112,1,0
16.6523,0.005623,59.999823,0.000263,0.0000,0.3244,4865.3,0.0110,1,0
16.6525,0.005623,59.999823,0.000266,0.0000,0.3245,4864.8,0.0109,1,0
16.6524,0.005623,59.999822,0.000268,0.0000,0.3247,4866.7,0.0111,1,0
16.6527,0.005623,59.999821,0.000271,0.0000,0.3242,4864.9,0.0113,1,0
16.6521,0.006032,59.999820,0.000273,0.0000,0.3238,4868.2,0.0116,1,0
16.6522,0.006032,59.999819,0.000276,0.0000,0.3238,4867.4,0.0118,1,0
16.6521,0.006032,59.999819,0.000278,0.0000,0.3238,4871.7,0.0120,1,0
16.6522,0.006032,59.999818,0.000281,0.0000,0.3242,4871.7,0.0120,1,0
16.6526,0.006032,59.999817,0.000283,0.0000,0.3247,4868.2,0.0118,1,0
16.6527,0.006032,59.999816,0.000285,0.0000,0.3249,4868.8,0.0113,1,0
16.6531,0.006032,59.999815,0.000288,0.0000,0.3251,4863.3,0.0108,1,0
16.6524,0.006032,59.999813,0.000290,0.0000,0.3251,4867.8,0.0105,1,0
16.6527,0.006032,59.999812,0.000293,0.0000,0.3251,4865.7,0.0104,1,0
16.6524,0.006032,59.999811,0.000295,0.0000,0.3251,4868.6,0.0104,1,0
16.6528,0.006440,59.999810,0.000298,0.0000,0.3251,4866.7,0.0104,1,0
16.6527,0.006440,59.999809,0.000300,0.0000,0.3251,4866.6,0.0105,1,0
16.6531,0.006440,59.999807,0.000303,0.0000,0.3251,4864.2,0.0105,1,0
16.6524,0.006440,59.999806,0.000305,0.0000,0.3251,4867.5,0.0103,1,0
16.6519,0.006440,59.999805,0.000307,0.0000,0.3251,4872.2,0.0102,1,0
16.6519,0.006440,59.999804,0.000310,0.0000,0.3244,4874.2,0.0101,1,0
16.6522,0.006440,59.999804,0.000312,0.0000,0.3238,4872.8,0.0101,1,0
16.6528,0.006440,59.999803,0.000315,0.0000,0.3238,4869.9,0.0101,1,0
16.6526,0.006440,59.999802,0.000317,0.0000,0.3238,4870.7,0.0101,1,0
16.6532,0.006440,59.999802,0.000320,0.0000,0.3238,4866.2,0.0101,1,0
16.6528,0.006896,59.999801,0.000322,0.0000,0.3238,4868.4,0.0101,1,0
16.6528,0.006896,59.999800,0.000325,0.0000,0.3238,4868.0,0.0101,1,0
16.6527,0.006896,59.999799,0.000327,0.0000,0.3238,4868.1,0.0101,1,0
16.6527,0.006896,59.999799,0.000329,0.0000,0.3238,4869.4,0.0102,1,0
16.6529,0.006896,59.999798,0.000332,0.0000,0.3238,4866.7,0.0103,1,0
16.6526,0.006896,59.999797,0.000334,0.0000,0.3238,4869.2,0.0104,1,0
16.6529,0.006896,59.999796,0.000337,0.0000,0.3238,4866.7,0.0107,1,0
16.6521,0.006896,59.999796,0.000339,0.0000,0.3238,4871.8,0.0109,1,0
16.6524,0.006896,59.999795,0.000342,0.0000,0.3238,4871.0,0.0110,1,0
16.6522,0.006896,59.999794,0.000344,0.0000,0.3238,4872.0,0.0111,1,0
16.6525,0.007305,59.999793,0.000347,0.0000,0.3238,4871.8,0.0108,1,0
16.6526,0.007305,59.999792,0.000349,0.0000,0.3238,4869.1,0.0104,1,0
16.6527,0.007305,59.999792,0.000351,0.0000,0.3238,4870.5,0.0102,1,0
16.6531,0.007305,59.999791,0.000354,0.0000,0.3238,4865.2,0.0101,1,0
16.6524,0.007305,59.999790,0.000356,0.0000,0.3238,4869.9,0.0103,1,0
16.6528,0.007305,59.999789,0.000359,0.0000,0.3233,4865.8,0.0105,1,0
16.6521,0.007305,59.999789,0.000361,0.0000,0.3228,4869.5,0.0107,1,0
16.6525,0.007305,59.999788,0.000364,0.0000,0.3228,4867.0,0.0109,1,0
16.6524,0.007305,59.999787,0.000366,0.0000,0.3228,4868.9,0.0111,1,0
16.6530,0.007305,59.999786,0.000368,0.0000,0.3228,4865.4,0.0114,1,0
16.6522,0.007711,59.999786,0.000371,0.0000,0.3228,4869.8,0.0114,1,0
16.6519,0.007711,59.999785,0.000373,0.0000,0.3224,4872.9,0.0114,1,0
16.6520,0.007711,59.999784,0.000376,0.0000,0.3220,4873.9,0.0113,1,0
16.6524,0.007711,59.999784,0.000378,0.0000,0.3215,4872.9,0.0110,1,0
16.6526,0.007711,59.999783,0.000381,0.0000,0.3210,4869.3,0.0108,1,0
16.6530,0.007711,59.999782,0.000383,0.0000,0.3210,4867.1,0.0108,1,0
16.6528,0.007711,59.999780,0.000385,0.0000,0.3210,4867.8,0.0109,1,0
16.6527,0.007711,59.999779,0.000388,0.0000,0.3210,4869.9,0.0111,1,0
16.6528,0.007711,59.999778,0.000390,0.0000,0.3210,4868.9,0.0112,1,0
16.6527,0.007711,59.999776,0.000393,0.0000,0.3209,4869.7,0.0112,1,0
16.6529,0.008167,59.999775,0.000395,0.0000,0.3207,4868.7,0.0112,1,0
16.6526,0.008167,59.999774,0.000398,0.0000,0.3214,4868.6,0.0111,1,0
16.6528,0.008167,59.999773,0.000400,0.0000,0.3221,4867.4,0.0112,1,0
16.6526,0.008167,59.999771,0.000402,0.0000,0.3221,4867.4,0.0113,1,0
16.6517,0.008167,59.999770,0.000405,0.0000,0.3221,4874.3,0.0114,1,0
16.6522,0.008167,59.999769,0.000407,0.0000,0.3221,4871.2,0.0114,1,0
16.6521,0.008167,59.999769,0.000410,0.0000,0.3221,4873.3,0.0111,1,0
16.6527,0.008167,59.999768,0.000412,0.0000,0.3221,4870.0,0.0108,1,0
16.6525,0.008167,59.999767,0.000415,0.0000,0.3221,4869.4,0.0107,1,0
16.6527,0.008167,59.999766,0.000417,0.0000,0.3220,4868.2,0.0106,1,0
16.6529,0.008576,59.999766,0.000419,0.0000,0.3220,4867.2,0.0108,1,0
16.6529,0.008576,59.999765,0.000422,0.0000,0.3216,4867.7,0.0109,1,0
16.6529,0.008576,59.999764,0.000424,0.0000,0.3212,4866.9,0.0110,1,0
16.6527,0.008576,59.999764,0.000427,0.0000,0.3215,4868.6,0.0110,1,0
16.6530,0.008576,59.999763,0.000429,0.0000,0.3218,4865.8,0.0112,1,0
16.6526,0.008576,59.999762,0.000432,0.0000,0.3219,4869.4,0.0114,1,0
16.6527,0.008576,59.999762,0.000434,0.0000,0.3220,4867.7,0.0115,1,0
16.6522,0.008576,59.999761,0.000436,0.0000,0.3225,4871.5,0.0114,1,0
16.6523,0.008576,59.999760,0.000439,0.0000,0.3229,4872.5,0.0110,1,0
16.6525,0.008576,59.999759,0.000441,0.0000,0.3229,4871.4,0.0106,1,0
16.6527,0.008984,59.999759,0.000444,0.0000,0.3228,4871.0,0.0104,1,0
16.6529,0.008984,59.999758,0.000446,0.0000,0.3228,4868.5,0.0104,1,0
16.6533,0.008984,59.999757,0.000449,0.0000,0.3228,4867.1,0.0105,1,0
16.6528,0.008984,59.999757,0.000451,0.0000,0.3228,4867.5,0.0107,1,0
16.6526,0.008984,59.999756,0.000453,0.0000,0.3228,4869.3,0.0109,1,0
16.6527,0.008984,59.999755,0.000456,0.0000,0.3228,4868.6,0.0109,1,0
16.6526,0.008984,59.999754,0.000458,0.0000,0.3228,4868.0,0.0109,1,0
16.6526,0.008984,59.999752,0.000461,0.0000,0.3233,4868.0,0.0109,1,0
16.6527,0.008984,59.999751,0.000463,0.0000,0.3238,4867.4,0.0110,1,0
16.6526,0.008984,59.999750,0.000466,0.0000,0.3238,4868.5,0.0111,1,0
16.6521,0.009441,59.999749,0.000468,0.0000,0.3238,4871.9,0.0109,1,0
16.6520,0.009441,59.999748,0.000470,0.0000,0.3238,4875.1,0.0106,1,0
16.6522,0.009441,59.999746,0.000473,0.0000,0.3238,4873.8,0.0103,1,0
16.6522,0.009441,59.999745,0.000475,0.0000,0.3238,4872.5,0.0100,1,0
16.6524,0.009441,59.999744,0.000478,0.0000,0.3238,4871.5,0.0100,1,0
16.6529,0.009441,59.999743,0.000480,0.0000,0.3242,4867.5,0.0103,1,0
16.6525,0.009441,59.999743,0.000483,0.0000,0.3245,4869.6,0.0105,1,0
16.6527,0.009441,59.999742,0.000485,0.0000,0.3245,4869.1,0.0106,1,0
16.6524,0.009441,59.999741,0.000487,0.0000,0.3246,4869.2,0.0106,1,0
16.6523,0.009441,59.999741,0.000490,0.0000,0.3246,4870.2,0.0106,1,0
16.6525,0.009849,59.999740,0.000492,0.0000,0.3246,4869.2,0.0107,1,0
16.6526,0.009849,59.999739,0.000495,0.0000,0.3245,4868.9,0.0108,1,0
16.6526,0.009849,59.999738,0.000497,0.0000,0.3245,4868.3,0.0109,1,0
16.6520,0.009849,59.999738,0.000499,0.0000,0.3250,4871.9,0.0108,1,0
16.6521,0.009849,59.999737,0.000502,0.0000,0.3255,4873.7,0.0106,1,0
16.6522,0.009849,59.999736,0.000504,0.0000,0.3263,4874.0,0.0102,1,0
16.6525,0.009849,59.999736,0.000507,0.0000,0.3271,4872.6,0.0101,1,0
16.6527,0.009849,59.999735,0.000509,0.0000,0.3277,4871.0,0.0102,1,0
16.6526,0.009849,59.999734,0.000512,0.0000,0.3284,4869.8,0.0104,1,0
16.6529,0.009849,59.999733,0.000514,0.0000,0.3293,4867.5,0.0106,1,0
16.6528,0.010256,59.999733,0.000516,0.0000,0.3302,4868.7,0.0108,1,0
16.6527,0.010256,59.999732,0.000519,0.0000,0.3305,4868.4,0.0109,1,0
16.6527,0.010256,59.999731,0.000521,0.0000,0.3308,4867.7,0.0109,1,0
16.6526,0.010256,59.999731,0.000524,0.0000,0.3313,4868.5,0.0109,1,0
16.6527,0.010256,59.999730,0.000526,0.0000,0.3317,4866.3,0.0109,1,0
16.6525,0.010256,59.999729,0.000528,0.0000,0.3321,4868.7,0.0108,1,0
16.6526,0.010256,59.999728,0.000531,0.0000,0.3325,4869.6,0.0104,1,0
16.6525,0.010256,59.999726,0.000533,0.0000,0.3316,4871.2,0.0100,1,0
16.6525,0.010256,59.999725,0.000536,0.0000,0.3307,4872.6,0.0097,1,0
16.6527,0.010256,59.999724,0.000538,0.0000,0.3313,4870.5,0.0096,1,0
16.6528,0.010714,59.999723,0.000541,0.0000,0.3319,4870.1,0.0095,1,0
16.6531,0.010714,59.999722,0.000543,0.0000,0.3322,4866.2,0.0098,1,0
16.6532,0.010714,59.999720,0.000545,0.0000,0.3325,4866.1,0.0100,1,0
16.6530,0.010714,59.999719,0.000548,0.0000,0.3325,4866.4,0.0101,1,0
16.6529,0.010714,59.999718,0.000550,0.0000,0.3325,4867.5,0.0101,1,0
16.6529,0.010714,59.999717,0.000553,0.0000,0.3325,4865.9,0.0101,1,0
16.6525,0.010714,59.999716,0.000555,0.0000,0.3325,4868.3,0.0101,1,0
16.6529,0.010714,59.999716,0.000557,0.0000,0.3321,4865.4,0.0099,1,0
16.6526,0.010714,59.999715,0.000560,0.0000,0.3318,4867.7,0.0098,1,0
16.6527,0.010714,59.999714,0.000562,0.0000,0.3321,4867.5,0.0096,1,0
16.6523,0.011120,59.999713,0.000565,0.0000,0.3325,4870.6,0.0093,1,0
16.6522,0.011120,59.999712,0.000567,0.0000,0.3324,4873.0,0.0091,1,0
16.6526,0.011120,59.999712,0.000570,0.0000,0.3324,4870.1,0.0090,1,0
16.6526,0.011120,59.999711,0.000572,0.0000,0.3323,4871.2,0.0092,1,0
16.6529,0.011120,59.999710,0.000574,0.0000,0.3322,4868.9,0.0094,1,0
16.6530,0.011120,59.999709,0.000577,0.0000,0.3324,4867.7,0.0095,1,0
16.6529,0.011120,59.999708,0.000579,0.0000,0.3325,4867.2,0.0096,1,0
16.6524,0.011120,59.999708,0.000582,0.0000,0.3325,4868.2,0.0097,1,0
16.6524,0.011120,59.999707,0.000584,0.0000,0.3325,4868.2,0.0095,1,0
16.6525,0.011120,59.999706,0.000586,0.0000,0.3321,4867.0,0.0091,1,0
16.6520,0.011529,59.999705,0.000589,0.0000,0.3318,4869.4,0.0085,1,0
16.6522,0.011529,59.999704,0.000591,0.0000,0.3321,4868.9,0.0076,1,0
16.6523,0.011529,59.999704,0.000594,0.0000,0.3325,4869.5,0.0064,1,0
16.6517,0.011529,59.999703,0.000596,0.0000,0.3321,4873.6,0.0048,1,0
16.6519,0.011529,59.999702,0.000598,0.0000,0.3318,4874.3,0.0028,1,0
16.6517,0.011529,59.999701,0.000601,0.0000,0.3318,4875.7,0.0006,1,0
16.6521,0.011529,59.999701,0.000603,0.0000,0.3318,4872.9,-0.0016,1,0
16.6522,0.011529,59.999700,0.000606,0.0000,0.3314,4871.5,-0.0034,1,0
16.6525,0.011529,59.999699,0.000608,0.0000,0.3310,4869.3,-0.0044,1,0
16.6521,0.011529,59.999699,0.000611,0.0000,0.3303,4870.7,-0.0048,1,0
16.6521,0.011985,59.999698,0.000613,0.0000,0.3296,4871.8,-0.0047,1,0
16.6518,0.011985,59.999697,0.000615,0.0000,0.3287,4872.8,-0.0046,1,0
16.6520,0.011985,59.999696,0.000618,0.0000,0.3279,4873.1,-0.0050,1,0
16.6523,0.011985,59.999696,0.000620,0.0000,0.3283,4869.1,-0.0057,1,0
16.6522,0.011985,59.999695,0.000623,0.0000,0.3287,4869.4,-0.0069,1,0
16.6521,0.011985,59.999694,0.000625,0.0000,0.3280,4869.7,-0.0087,1,0
16.6510,0.011985,59.999693,0.000627,0.0000,0.3273,4876.0,-0.0105,1,0
16.6505,0.011985,59.999691,0.000630,0.0000,0.3273,4880.8,-0.0123,1,0
16.6510,0.011985,59.999690,0.000632,0.0000,0.3273,4877.5,-0.0141,1,0
16.6511,0.011985,59.999689,0.000635,0.0000,0.3268,4879.0,-0.0157,1,0
16.6517,0.012393,59.999688,0.000637,0.0000,0.3263,4872.8,-0.0172,1,0
16.6518,0.012393,59.999687,0.000639,0.0000,0.3274,4872.5,-0.0188,1,0
16.6520,0.012393,59.999685,0.000642,0.0000,0.3286,4868.4,-0.0203,1,0
16.6509,0.012393,59.999684,0.000644,0.0000,0.3286,4873.5,-0.0218,1,0
16.6511,0.012393,59.999683,0.000647,0.0000,0.3286,4871.8,-0.0232,1,0
16.6510,0.012393,59.999682,0.000649,0.0000,0.3277,4871.9,-0.0243,1,0
16.6510,0.012393,59.999682,0.000652,0.0000,0.3267,4872.3,-0.0250,1,0
16.6511,0.012393,59.999681,0.000654,0.0000,0.3265,4871.2,-0.0254,1,0
16.6512,0.012393,59.999680,0.000656,0.0000,0.3263,4872.3,-0.0253,1,0
16.6512,0.012393,59.999679,0.000659,0.0000,0.3263,4873.3,-0.0247,1,0
16.6510,0.012802,59.999679,0.000661,0.0000,0.3263,4875.9,-0.0238,1,0
16.6512,0.012802,59.999678,0.000664,0.0000,0.3263,4873.8,-0.0229,1,0
16.6509,0.012802,59.999677,0.000666,0.0000,0.3263,4875.6,-0.0219,1,0
16.6513,0.012802,59.999677,0.000668,0.0000,0.3268,4872.1,-0.0210,1,0
16.6511,0.012802,59.999676,0.000671,0.0000,0.3273,4872.0,-0.0204,1,0
16.6513,0.012802,59.999675,0.000673,0.0000,0.3268,4870.5,-0.0199,1,0
16.6512,0.012802,59.999675,0.000676,0.0000,0.3262,4869.8,-0.0196,1,0
16.6509,0.012802,59.999674,0.000678,0.0000,0.3254,4871.8,-0.0194,1,0
16.6510,0.012802,59.999674,0.000681,0.0000,0.3246,4871.8,-0.0193,1,0
16.6507,0.012802,59.999673,0.000683,0.0000,0.3242,4872.3,-0.0196,1,0
16.6506,0.013258,59.999672,0.000685,0.0000,0.3239,4871.9,-0.0197,1,0
16.6508,0.013258,59.999672,0.000688,0.0000,0.3238,4870.8,-0.0198,1,0
16.6502,0.013258,59.999671,0.000690,0.0000,0.3236,4873.8,-0.0196,1,0
16.6495,0.013258,59.999671,0.000693,0.0000,0.3236,4878.5,-0.0192,1,0
16.6495,0.013258,59.999670,0.000695,0.0000,0.3236,4880.4,-0.0189,1,0
16.6498,0.013258,59.999669,0.000698,0.0000,0.3238,4880.1,-0.0184,1,0
16.6500,0.013258,59.999667,0.000700,0.0000,0.3239,4877.7,-0.0180,1,0
16.6504,0.013258,59.999666,0.000702,0.0000,0.3245,4872.3,-0.0179,1,0
16.6504,0.013258,59.999665,0.000705,0.0000,0.3251,4873.3,-0.0179,1,0
16.6501,0.013258,59.999664,0.000707,0.0000,0.3239,4873.2,-0.0184,1,0
16.6495,0.013666,59.999662,0.000710,0.0000,0.3228,4876.4,-0.0192,1,0
16.6496,0.013666,59.999661,0.000712,0.0000,0.3224,4874.5,-0.0203,1,0
16.6492,0.013666,59.999660,0.000715,0.0000,0.3221,4877.0,-0.0216,1,0
16.6497,0.013666,59.999658,0.000717,0.0000,0.3210,4873.8,-0.0232,1,0
16.6494,0.013666,59.999657,0.000720,0.0000,0.3200,4875.8,-0.0248,1,0
16.6491,0.013666,59.999656,0.000722,0.0000,0.3194,4877.2,-0.0265,1,0
16.6484,0.013666,59.999656,0.000724,0.0000,0.3187,4882.9,-0.0280,1,0
16.6483,0.013666,59.999655,0.000727,0.0000,0.3181,4884.9,-0.0295,1,0
16.6486,0.013666,59.999654,0.000729,0.0000,0.3174,4879.8,-0.0307,1,0
16.6485,0.013666,59.999654,0.000732,0.0000,0.3173,4880.8,-0.0315,1,0
16.6491,0.014073,59.999653,0.000734,0.0000,0.3172,4873.9,-0.0320,1,0
16.6488,0.014073,59.999652,0.000737,0.0000,0.3172,4876.5,-0.0318,1,0
16.6492,0.014073,59.999651,0.000739,0.0000,0.3172,4872.9,-0.0312,1,0
16.6488,0.014073,59.999651,0.000741,0.0000,0.3172,4875.2,-0.0304,1,0
16.6491,0.014073,59.999650,0.000744,0.0000,0.3172,4875.3,-0.0292,1,0
16.6490,0.014073,59.999649,0.000746,0.0000,0.3170,4872.5,-0.0280,1,0
16.6488,0.014073,59.999648,0.000749,0.0000,0.3168,4876.0,-0.0267,1,0
16.6491,0.014073,59.999647,0.000751,0.0000,0.3176,4871.3,-0.0254,1,0
16.6486,0.014073,59.999646,0.000754,0.0000,0.3185,4875.3,-0.0242,1,0
16.6487,0.014073,59.999645,0.000756,0.0000,0.3177,4874.1,-0.0230,1,0
16.6485,0.014531,59.999644,0.000759,0.0000,0.3170,4876.9,-0.0219,1,0
16.6490,0.014531,59.999643,0.000761,0.0000,0.3173,4874.2,-0.0209,1,0
16.6489,0.014531,59.999642,0.000764,0.0000,0.3175,4875.0,-0.0199,1,0
16.6495,0.014531,59.999641,0.000766,0.0000,0.3175,4869.8,-0.0191,1,0
16.6493,0.014531,59.999640,0.000768,0.0000,0.3175,4870.2,-0.0183,1,0
16.6496,0.014531,59.999639,0.000771,0.0000,0.3175,4869.0,-0.0176,1,0
16.6494,0.014531,59.999639,0.000773,0.0000,0.3175,4868.0,-0.0172,1,0
16.6492,0.014531,59.999638,0.000776,0.0000,0.3175,4870.0,-0.0168,1,0
16.6494,0.014531,59.999638,0.000778,0.0000,0.3175,4867.1,-0.0166,1,0
16.6490,0.014531,59.999637,0.000781,0.0000,0.3163,4869.8,-0.0166,1,0
16.6494,0.014938,59.999636,0.000783,0.0000,0.3151,4866.7,-0.0166,1,0
16.6491,0.014938,59.999636,0.000786,0.0000,0.3143,4869.1,-0.0166,1,0
16.6488,0.014938,59.999635,0.000788,0.0000,0.3135,4871.3,-0.0162,1,0
16.6487,0.014938,59.999635,0.000791,0.0000,0.3133,4873.8,-0.0157,1,0
16.6489,0.014938,59.999634,0.000793,0.0000,0.3132,4873.1,-0.0152,1,0
16.6490,0.014938,59.999633,0.000795,0.0000,0.3125,4872.1,-0.0147,1,0
16.6490,0.014938,59.999632,0.000798,0.0000,0.3119,4871.6,-0.0143,1,0
16.6496,0.014938,59.999630,0.000800,0.0000,0.3116,4866.0,-0.0138,1,0
16.6493,0.014938,59.999629,0.000803,0.0000,0.3113,4867.1,-0.0134,1,0
16.6491,0.014938,59.999628,0.000805,0.0000,0.3112,4868.9,-0.0132,1,0
16.6492,0.015346,59.999627,0.000808,0.0000,0.3112,4869.2,-0.0130,1,0
16.6491,0.015346,59.999626,0.000810,0.0000,0.3109,4869.4,-0.0133,1,0
16.6491,0.015346,59.999624,0.000813,0.0000,0.3106,4870.0,-0.0135,1,0
16.6494,0.015346,59.999623,0.000815,0.0000,0.3106,4867.6,-0.0136,1,0
16.6493,0.015346,59.999622,0.000818,0.0000,0.3106,4868.8,-0.0134,1,0
16.6489,0.015346,59.999621,0.000820,0.0000,0.3105,4871.7,-0.0131,1,0
16.6486,0.015346,59.999621,0.000823,0.0000,0.3103,4875.0,-0.0128,1,0
16.6487,0.015346,59.999620,0.000825,0.0000,0.3106,4874.5,-0.0125,1,0
16.6489,0.015346,59.999619,0.000827,0.0000,0.3108,4874.7,-0.0122,1,0
16.6493,0.015346,59.999619,0.000830,0.0000,0.3101,4870.8,-0.0118,1,0
16.6494,0.015802,59.999618,0.000832,0.0000,0.3095,4870.2,-0.0114,1,0
16.6498,0.015802,59.999617,0.000835,0.0000,0.3095,4866.3,-0.0111,1,0
16.6490,0.015802,59.999616,0.000837,0.0000,0.3095,4871.1,-0.0109,1,0
16.6495,0.015802,59.999616,0.000840,0.0000,0.3104,4868.0,-0.0110,1,0
16.6491,0.015802,59.999615,0.000842,0.0000,0.3113,4869.6,-0.0113,1,0
16.6495,0.015802,59.999614,0.000845,0.0000,0.3113,4867.4,-0.0117,1,0
16.6495,0.015802,59.999613,0.000847,0.0000,0.3113,4867.3,-0.0119,1,0
16.6495,0.015802,59.999613,0.000850,0.0000,0.3119,4867.2,-0.0117,1,0
16.6492,0.015802,59.999612,0.000852,0.0000,0.3124,4868.9,-0.0115,1,0
16.6484,0.015802,59.999611,0.000855,0.0000,0.3124,4874.4,-0.0113,1,0
16.6490,0.016211,59.999610,0.000857,0.0000,0.3124,4872.3,-0.0111,1,0
16.6489,0.016211,59.999609,0.000860,0.0000,0.3124,4872.4,-0.0109,1,0
16.6493,0.016211,59.999609,0.000862,0.0000,0.3124,4869.5,-0.0108,1,0
16.6494,0.016211,59.999608,0.000864,0.0000,0.3124,4868.4,-0.0108,1,0
16.6498,0.016211,59.999607,0.000867,0.0000,0.3123,4866.0,-0.0107,1,0
16.6496,0.016211,59.999606,0.000869,0.0000,0.3123,4866.8,-0.0108,1,0
16.6497,0.016211,59.999606,0.000872,0.0000,0.3123,4866.2,-0.0111,1,0
16.6496,0.016211,59.999605,0.000874,0.0000,0.3123,4865.7,-0.0115,1,0
16.6496,0.016211,59.999604,0.000877,0.0000,0.3123,4867.3,-0.0117,1,0
16.6498,0.016211,59.999603,0.000879,0.0000,0.3118,4866.5,-0.0117,1,0
16.6499,0.016619,59.999603,0.000882,0.0000,0.3113,4866.1,-0.0117,1,0
16.6497,0.016619,59.999602,0.000884,0.0000,0.3113,4868.0,-0.0115,1,0
16.6496,0.016619,59.999601,0.000887,0.0000,0.3113,4870.0,-0.0112,1,0
16.6498,0.016619,59.999601,0.000889,0.0000,0.3113,4869.5,-0.0111,1,0
16.6496,0.016619,59.999600,0.000892,0.0000,0.3113,4869.4,-0.0109,1,0
16.6496,0.016619,59.999599,0.000894,0.0000,0.3113,4870.7,-0.0108,1,0
16.6502,0.016619,59.999598,0.000897,0.0000,0.3113,4866.4,-0.0107,1,0
16.6502,0.016619,59.999596,0.000899,0.0000,0.3113,4867.1,-0.0106,1,0
16.6504,0.016619,59.999595,0.000902,0.0000,0.3113,4865.1,-0.0109,1,0
16.6500,0.016619,59.999594,0.000904,0.0000,0.3113,4867.7,-0.0113,1,0
16.6503,0.017075,59.999593,0.000907,0.0000,0.3113,4865.8,-0.0117,1,0
16.6502,0.017075,59.999592,0.000909,0.0000,0.3113,4866.9,-0.0119,1,0
16.6503,0.017075,59.999590,0.000911,0.0000,0.3113,4865.7,-0.0117,1,0
16.6504,0.017075,59.999589,0.000914,0.0000,0.3113,4865.3,-0.0114,1,0
16.6502,0.017075,59.999588,0.000916,0.0000,0.3113,4866.6,-0.0111,1,0
16.6496,0.017075,59.999587,0.000919,0.0000,0.3113,4871.1,-0.0109,1,0
16.6495,0.017075,59.999586,0.000921,0.0000,0.3113,4873.5,-0.0110,1,0
16.6496,0.017075,59.999586,0.000924,0.0000,0.3113,4871.2,-0.0110,1,0
16.6499,0.017075,59.999585,0.000926,0.0000,0.3113,4870.0,-0.0110,1,0
16.6504,0.017075,59.999584,0.000929,0.0000,0.3113,4865.8,-0.0111,1,0
16.6504,0.017484,59.999583,0.000931,0.0000,0.3113,4865.9,-0.0113,1,0
16.6502,0.017484,59.999582,0.000934,0.0000,0.3113,4866.8,-0.0115,1,0
16.6497,0.017484,59.999582,0.000936,0.0000,0.3113,4869.1,-0.0119,1,0
16.6497,0.017484,59.999581,0.000939,0.0000,0.3113,4868.2,-0.0120,1,0
16.6497,0.017484,59.999580,0.000941,0.0000,0.3113,4869.2,-0.0120,1,0
16.6497,0.017484,59.999579,0.000944,0.0000,0.3113,4869.9,-0.0117,1,0
16.6498,0.017484,59.999579,0.000946,0.0000,0.3113,4867.7,-0.0112,1,0
16.6495,0.017484,59.999578,0.000949,0.0000,0.3113,4871.5,-0.0108,1,0
16.6495,0.017484,59.999577,0.000951,0.0000,0.3113,4873.8,-0.0107,1,0
16.6493,0.017484,59.999577,0.000954,0.0000,0.3113,4875.0,-0.0108,1,0
16.6493,0.017892,59.999576,0.000956,0.0000,0.3113,4874.3,-0.0110,1,0
16.6494,0.017892,59.999575,0.000959,0.0000,0.3113,4874.8,-0.0111,1,0
16.6499,0.017892,59.999574,0.000961,0.0000,0.3113,4871.4,-0.0112,1,0
16.6498,0.017892,59.999574,0.000964,0.0000,0.3113,4873.0,-0.0112,1,0
16.6502,0.017892,59.999573,0.000966,0.0000,0.3113,4868.8,-0.0112,1,0
16.6499,0.017892,59.999572,0.000969,0.0000,0.3113,4871.6,-0.0112,1,0
16.6501,0.017892,59.999571,0.000971,0.0000,0.3113,4869.9,-0.0110,1,0
16.6498,0.017892,59.999571,0.000973,0.0000,0.3114,4871.1,-0.0108,1,0
16.6503,0.017892,59.999570,0.000976,0.0000,0.3115,4867.0,-0.0106,1,0
16.6500,0.017892,59.999569,0.000978,0.0000,0.3110,4866.6,-0.0104,1,0
16.6497,0.018349,59.999568,0.000981,0.0000,0.3106,4868.8,-0.0102,1,0
16.6494,0.018349,59.999567,0.000983,0.0000,0.3106,4871.2,-0.0100,1,0
16.6485,0.018349,59.999567,0.000986,0.0000,0.3106,4877.9,-0.0100,1,0
16.6489,0.018349,59.999566,0.000988,0.0000,0.3114,4876.5,-0.0099,1,0
16.6487,0.018349,59.999565,0.000991,0.0000,0.3123,4876.3,-0.0098,1,0
16.6493,0.018349,59.999564,0.000993,0.0000,0.3118,4873.6,-0.0097,1,0
16.6498,0.018349,59.999563,0.000996,0.0000,0.3113,4865.0,-0.0097,1,0
16.6491,0.018349,59.999563,0.000998,0.0000,0.3113,4870.5,-0.0100,1,0
16.6493,0.018349,59.999562,0.001001,0.0000,0.3113,4868.0,-0.0103,1,0
16.6486,0.018349,59.999561,0.001003,0.0000,0.3113,4873.3,-0.0105,1,0
16.6495,0.018755,59.999560,0.001006,0.0000,0.3113,4868.0,-0.0105,1,0
16.6487,0.018755,59.999559,0.001008,0.0000,0.3113,4871.6,-0.0103,1,0
16.6493,0.018755,59.999559,0.001011,0.0000,0.3113,4868.5,-0.0100,1,0
16.6490,0.018755,59.999558,0.001013,0.0000,0.3118,4869.7,-0.0098,1,0
16.6489,0.018755,59.999557,0.001016,0.0000,0.3123,4873.3,-0.0096,1,0
16.6492,0.018755,59.999556,0.001018,0.0000,0.3118,4870.8,-0.0095,1,0
16.6488,0.018755,59.999555,0.001021,0.0000,0.3113,4875.2,-0.0095,1,0
16.6496,0.018755,59.999554,0.001023,0.0000,0.3113,4868.5,-0.0095,1,0
16.6492,0.018755,59.999553,0.001026,0.0000,0.3113,4872.2,-0.0095,1,0
16.6501,0.018755,59.999552,0.001028,0.0000,0.3113,4865.9,-0.0096,1,0
16.6495,0.019164,59.999550,0.001031,0.0000,0.3113,4867.8,-0.0100,1,0
16.6500,0.019164,59.999549,0.001033,0.0000,0.3113,4866.1,-0.0103,1,0
16.6498,0.019164,59.999548,0.001036,0.0000,0.3113,4866.2,-0.0103,1,0
16.6498,0.019164,59.999547,0.001038,0.0000,0.3113,4866.0,-0.0103,1,0
16.6499,0.019164,59.999546,0.001041,0.0000,0.3113,4866.1,-0.0101,1,0
16.6497,0.019164,59.999545,0.001043,0.0000,0.3113,4868.2,-0.0098,1,0
16.6501,0.019164,59.999545,0.001046,0.0000,0.3113,4865.6,-0.0096,1,0
16.6496,0.019164,59.999544,0.001048,0.0000,0.3113,4869.4,-0.0095,1,0
16.6495,0.019164,59.999544,0.001051,0.0000,0.3113,4870.1,-0.0095,1,0
16.6494,0.019164,59.999543,0.001053,0.0000,0.3113,4870.6,-0.0093,1,0
16.6496,0.019620,59.999542,0.001056,0.0000,0.3113,4872.7,-0.0092,1,0
16.6498,0.019620,59.999542,0.001058,0.0000,0.3113,4869.2,-0.0094,1,0
16.6498,0.019620,59.999541,0.001061,0.0000,0.3113,4870.1,-0.0097,1,0
16.6503,0.019620,59.999541,0.001063,0.0000,0.3113,4863.5,-0.0101,1,0
16.6495,0.019620,59.999540,0.001066,0.0000,0.3113,4868.7,-0.0104,1,0
16.6499,0.019620,59.999539,0.001068,0.0000,0.3113,4866.7,-0.0104,1,0
16.6495,0.019620,59.999538,0.001071,0.0000,0.3113,4869.2,-0.0104,1,0
16.6497,0.019620,59.999537,0.001073,0.0000,0.3113,4868.7,-0.0101,1,0
16.6499,0.019620,59.999536,0.001075,0.0000,0.3113,4866.4,-0.0098,1,0
16.6497,0.019620,59.999535,0.001078,0.0000,0.3113,4868.8,-0.0096,1,0
16.6498,0.020028,59.999534,0.001080,0.0000,0.3113,4868.3,-0.0094,1,0
16.6488,0.020028,59.999533,0.001083,0.0000,0.3113,4874.6,-0.0093,1,0
16.6488,0.020028,59.999532,0.001085,0.0000,0.3113,4877.1,-0.0093,1,0
16.6491,0.020028,59.999531,0.001088,0.0000,0.3113,4875.3,-0.0094,1,0
16.6496,0.020028,59.999530,0.001090,0.0000,0.3113,4874.2,-0.0097,1,0
16.6499,0.020028,59.999529,0.001093,0.0000,0.3113,4870.2,-0.0100,1,0
16.6500,0.020028,59.999529,0.001095,0.0000,0.3113,4869.6,-0.0103,1,0
16.6499,0.020028,59.999528,0.001098,0.0000,0.3109,4868.2,-0.0106,1,0
16.6491,0.020028,59.999527,0.001100,0.0000,0.3106,4873.7,-0.0106,1,0
16.6498,0.020028,59.999527,0.001103,0.0000,0.3101,4868.1,-0.0103,1,0
16.6490,0.020437,59.999526,0.001105,0.0000,0.3096,4872.5,-0.0099,1,0
16.6496,0.020437,59.999525,0.001108,0.0000,0.3087,4869.9,-0.0097,1,0
16.6491,0.020437,59.999524,0.001110,0.0000,0.3079,4870.3,-0.0096,1,0
16.6493,0.020437,59.999524,0.001113,0.0000,0.3065,4870.6,-0.0096,1,0
16.6489,0.020437,59.999523,0.001115,0.0000,0.3052,4872.7,-0.0096,1,0
16.6487,0.020437,59.999522,0.001118,0.0000,0.3040,4876.9,-0.0096,1,0
16.6493,0.020437,59.999522,0.001120,0.0000,0.3028,4872.1,-0.0097,1,0
16.6491,0.020437,59.999521,0.001123,0.0000,0.3005,4876.0,-0.0099,1,0
16.6500,0.020437,59.999520,0.001125,0.0000,0.2982,4868.0,-0.0102,1,0
16.6496,0.020437,59.999519,0.001128,0.0000,0.2956,4871.7,-0.0105,1,0
16.6501,0.020893,59.999519,0.001130,0.0000,0.2930,4865.6,-0.0107,1,0
16.6495,0.020893,59.999518,0.001133,0.0000,0.2910,4869.9,-0.0106,1,0
16.6500,0.020893,59.999517,0.001135,0.0000,0.2891,4867.0,-0.0104,1,0
16.6496,0.020893,59.999517,0.001138,0.0000,0.2878,4869.1,-0.0101,1,0
16.6499,0.020893,59.999516,0.001140,0.0000,0.2866,4867.2,-0.0100,1,0
16.6496,0.020893,59.999515,0.001143,0.0000,0.2864,4868.1,-0.0100,1,0
16.6497,0.020893,59.999514,0.001145,0.0000,0.2862,4868.9,-0.0100,1,0
16.6495,0.020893,59.999514,0.001148,0.0000,0.2862,4869.6,-0.0101,1,0
16.6493,0.020893,59.999513,0.001150,0.0000,0.2862,4873.9,-0.0103,1,0
16.6498,0.020893,59.999512,0.001153,0.0000,0.2862,4869.7,-0.0104,1,0
16.6495,0.021301,59.999511,0.001155,0.0000,0.2862,4873.3,-0.0105,1,0
16.6502,0.021301,59.999510,0.001158,0.0000,0.2864,4866.7,-0.0108,1,0
16.6500,0.021301,59.999510,0.001160,0.0000,0.2866,4869.0,-0.0110,1,0
16.6505,0.021301,59.999509,0.001163,0.0000,0.2866,4864.7,-0.0112,1,0
16.6501,0.021301,59.999508,0.001165,0.0000,0.2866,4867.5,-0.0111,1,0
16.6504,0.021301,59.999507,0.001168,0.0000,0.2861,4865.6,-0.0109,1,0
16.6501,0.021301,59.999506,0.001170,0.0000,0.2856,4866.4,-0.0107,1,0
16.6500,0.021301,59.999504,0.001173,0.0000,0.2861,4867.6,-0.0106,1,0
16.6501,0.021301,59.999503,0.001175,0.0000,0.2866,4866.0,-0.0106,1,0
16.6500,0.021301,59.999502,0.001178,0.0000,0.2866,4868.1,-0.0106,1,0
16.6499,0.021710,59.999501,0.001180,0.0000,0.2866,4868.8,-0.0106,1,0
16.6496,0.021710,59.999500,0.001183,0.0000,0.2866,4870.7,-0.0106,1,0
16.6495,0.021710,59.999498,0.001185,0.0000,0.2866,4872.5,-0.0107,1,0
16.6500,0.021710,59.999497,0.001188,0.0000,0.2866,4871.1,-0.0110,1,0
16.6500,0.021710,59.999496,0.001191,0.0000,0.2866,4871.0,-0.0113,1,0
16.6503,0.021710,59.999495,0.001193,0.0000,0.2866,4869.4,-0.0114,1,0
16.6504,0.021710,59.999495,0.001196,0.0000,0.2866,4866.6,-0.0116,1,0
16.6500,0.021710,59.999494,0.001198,0.0000,0.2866,4868.7,-0.0115,1,0
16.6499,0.021710,59.999494,0.001201,0.0000,0.2866,4869.6,-0.0113,1,0
16.6495,0.021710,59.999493,0.001203,0.0000,0.2866,4869.3,-0.0111,1,0
16.6491,0.022166,59.999492,0.001206,0.0000,0.2866,4872.0,-0.0109,1,0
16.6494,0.022166,59.999492,0.001208,0.0000,0.2866,4870.3,-0.0109,1,0
16.6494,0.022166,59.999491,0.001211,0.0000,0.2866,4871.3,-0.0108,1,0
16.6492,0.022166,59.999491,0.001213,0.0000,0.2866,4872.5,-0.0107,1,0
16.6488,0.022166,59.999490,0.001216,0.0000,0.2866,4877.2,-0.0106,1,0
16.6489,0.022166,59.999489,0.001218,0.0000,0.2866,4877.9,-0.0107,1,0
16.6492,0.022166,59.999488,0.001221,0.0000,0.2866,4877.2,-0.0109,1,0
16.6496,0.022166,59.999487,0.001223,0.0000,0.2866,4874.2,-0.0112,1,0
16.6501,0.022166,59.999486,0.001226,0.0000,0.2866,4869.2,-0.0113,1,0
16.6494,0.022166,59.999485,0.001228,0.0000,0.2866,4872.7,-0.0114,1,0
16.6494,0.022573,59.999484,0.001231,0.0000,0.2866,4873.5,-0.0112,1,0
16.6492,0.022573,59.999483,0.001233,0.0000,0.2866,4876.2,-0.0108,1,0
16.6495,0.022573,59.999482,0.001236,0.0000,0.2866,4874.6,-0.0105,1,0
16.6495,0.022573,59.999481,0.001238,0.0000,0.2866,4873.9,-0.0103,1,0
16.6499,0.022573,59.999480,0.001241,0.0000,0.2866,4868.8,-0.0101,1,0
16.6494,0.022573,59.999479,0.001243,0.0000,0.2866,4870.3,-0.0099,1,0
16.6495,0.022573,59.999479,0.001246,0.0000,0.2866,4869.8,-0.0098,1,0
16.6482,0.022573,59.999478,0.001248,0.0000,0.2861,4876.4,-0.0097,1,0
16.6475,0.022573,59.999478,0.001251,0.0000,0.2856,4882.8,-0.0098,1,0
16.6483,0.022573,59.999477,0.001253,0.0000,0.2856,4877.5,-0.0102,1,0
16.6480,0.022981,59.999476,0.001256,0.0000,0.2856,4879.1,-0.0106,1,0
16.6489,0.022981,59.999476,0.001258,0.0000,0.2856,4870.8,-0.0108,1,0
16.6485,0.022981,59.999475,0.001261,0.0000,0.2856,4874.0,-0.0109,1,0
16.6493,0.022981,59.999475,0.001263,0.0000,0.2855,4867.8,-0.0109,1,0
16.6487,0.022981,59.999474,0.001266,0.0000,0.2854,4871.4,-0.0108,1,0
16.6491,0.022981,59.999473,0.001268,0.0000,0.2852,4869.4,-0.0106,1,0
16.6489,0.022981,59.999472,0.001271,0.0000,0.2850,4869.3,-0.0103,1,0
16.6489,0.022981,59.999472,0.001273,0.0000,0.2850,4870.1,-0.0101,1,0
16.6490,0.022981,59.999471,0.001276,0.0000,0.2850,4868.4,-0.0099,1,0
16.6489,0.022981,59.999470,0.001278,0.0000,0.2850,4870.5,-0.0098,1,0
16.6490,0.023437,59.999469,0.001281,0.0000,0.2849,4870.3,-0.0099,1,0
16.6489,0.023437,59.999468,0.001283,0.0000,0.2849,4873.4,-0.0102,1,0
16.6493,0.023437,59.999468,0.001286,0.0000,0.2849,4870.9,-0.0105,1,0
16.6493,0.023437,59.999467,0.001288,0.0000,0.2849,4872.2,-0.0108,1,0
16.6498,0.023437,59.999466,0.001291,0.0000,0.2849,4868.5,-0.0109,1,0
16.6497,0.023437,59.999465,0.001294,0.0000,0.2849,4868.7,-0.0108,1,0
16.6499,0.023437,59.999465,0.001296,0.0000,0.2849,4866.2,-0.0105,1,0
16.6496,0.023437,59.999464,0.001299,0.0000,0.2849,4868.6,-0.0102,1,0
16.6498,0.023437,59.999464,0.001301,0.0000,0.2849,4866.8,-0.0100,1,0
16.6497,0.023437,59.999463,0.001304,0.0000,0.2849,4867.7,-0.0098,1,0
16.6498,0.023846,59.999462,0.001306,0.0000,0.2849,4866.4,-0.0097,1,0
16.6498,0.023846,59.999462,0.001309,0.0000,0.2849,4865.8,-0.0096,1,0
16.6498,0.023846,59.999461,0.001311,0.0000,0.2849,4865.0,-0.0096,1,0
16.6493,0.023846,59.999461,0.001314,0.0000,0.2849,4868.6,-0.0098,1,0
16.6488,0.023846,59.999460,0.001316,0.0000,0.2849,4873.2,-0.0101,1,0
16.6489,0.023846,59.999459,0.001319,0.0000,0.2849,4873.3,-0.0105,1,0
16.6490,0.023846,59.999458,0.001321,0.0000,0.2849,4872.2,-0.0107,1,0
16.6495,0.023846,59.999457,0.001324,0.0000,0.2849,4869.3,-0.0108,1,0
16.6496,0.023846,59.999456,0.001326,0.0000,0.2849,4867.0,-0.0107,1,0
16.6496,0.023846,59.999455,0.001329,0.0000,0.2849,4867.7,-0.0104,1,0
16.6491,0.024254,59.999454,0.001331,0.0000,0.2849,4870.1,-0.0102,1,0
16.6492,0.024254,59.999453,0.001334,0.0000,0.2849,4871.4,-0.0101,1,0
16.6494,0.024254,59.999452,0.001336,0.0000,0.2849,4868.6,-0.0099,1,0
16.6489,0.024254,59.999451,0.001339,0.0000,0.2849,4871.8,-0.0098,1,0
16.6495,0.024254,59.999450,0.001341,0.0000,0.2849,4867.6,-0.0098,1,0
16.6491,0.024254,59.999449,0.001344,0.0000,0.2849,4871.0,-0.0099,1,0
16.6492,0.024254,59.999449,0.001346,0.0000,0.2849,4871.6,-0.0102,1,0
16.6491,0.024254,59.999448,0.001349,0.0000,0.2849,4873.7,-0.0104,1,0
16.6491,0.024254,59.999447,0.001352,0.0000,0.2849,4875.1,-0.0107,1,0
16.6494,0.024254,59.999447,0.001354,0.0000,0.2849,4872.1,-0.0108,1,0
16.6495,0.024710,59.999446,0.001357,0.0000,0.2849,4873.6,-0.0107,1,0
16.6498,0.024710,59.999445,0.001359,0.0000,0.2849,4868.5,-0.0105,1,0
16.6497,0.024710,59.999444,0.001362,0.0000,0.2849,4869.4,-0.0102,1,0
16.6499,0.024710,59.999444,0.001364,0.0000,0.2849,4865.8,-0.0099,1,0
16.6492,0.024710,59.999443,0.001367,0.0000,0.2849,4870.0,-0.0098,1,0
16.6497,0.024710,59.999442,0.001369,0.0000,0.2849,4867.1,-0.0098,1,0
16.6494,0.024710,59.999440,0.001372,0.0000,0.2849,4868.8,-0.0097,1,0
16.6494,0.024710,59.999439,0.001374,0.0000,0.2849,4869.1,-0.0097,1,0
16.6496,0.024710,59.999438,0.001377,0.0000,0.2849,4867.8,-0.0097,1,0
16.6495,0.024710,59.999436,0.001379,0.0000,0.2850,4869.1,-0.0099,1,0
16.6493,0.025119,59.999435,0.001382,0.0000,0.2852,4871.9,-0.0103,1,0
16.6491,0.025119,59.999434,0.001384,0.0000,0.2852,4873.5,-0.0105,1,0
16.6493,0.025119,59.999433,0.001387,0.0000,0.2853,4873.1,-0.0107,1,0
16.6496,0.025119,59.999431,0.001389,0.0000,0.2851,4871.4,-0.0105,1,0
16.6502,0.025119,59.999430,0.001392,0.0000,0.2849,4867.6,-0.0101,1,0
16.6499,0.025119,59.999429,0.001394,0.0000,0.2849,4866.4,-0.0096,1,0
16.6495,0.025119,59.999429,0.001397,0.0000,0.2849,4869.6,-0.0093,1,0
16.6496,0.025119,59.999428,0.001400,0.0000,0.2849,4868.2,-0.0091,1,0
16.6495,0.025119,59.999428,0.001402,0.0000,0.2849,4869.7,-0.0090,1,0
16.6497,0.025119,59.999427,0.001405,0.0000,0.2849,4869.1,-0.0089,1,0
16.6496,0.025525,59.999426,0.001407,0.0000,0.2849,4868.9,-0.0090,1,0
16.6498,0.025525,59.999426,0.001410,0.0000,0.2849,4868.1,-0.0092,1,0
16.6497,0.025525,59.999425,0.001412,0.0000,0.2849,4868.3,-0.0096,1,0
16.6489,0.025525,59.999425,0.001415,0.0000,0.2849,4873.9,-0.0101,1,0
16.6494,0.025525,59.999424,0.001417,0.0000,0.2849,4872.6,-0.0103,1,0
16.6491,0.025525,59.999423,0.001420,0.0000,0.2849,4873.2,-0.0105,1,0
16.6494,0.025525,59.999422,0.001422,0.0000,0.2849,4872.5,-0.0104,1,0
16.6496,0.025525,59.999422,0.001425,0.0000,0.2849,4869.6,-0.0102,1,0
16.6498,0.025525,59.999421,0.001427,0.0000,0.2849,4868.7,-0.0100,1,0
16.6499,0.025525,59.999420,0.001430,0.0000,0.2849,4866.8,-0.0097,1,0
16.6496,0.025982,59.999419,0.001432,0.0000,0.2849,4868.1,-0.0096,1,0
16.6497,0.025982,59.999418,0.001435,0.0000,0.2849,4867.4,-0.0095,1,0
16.6497,0.025982,59.999418,0.001438,0.0000,0.2849,4868.6,-0.0094,1,0
16.6498,0.025982,59.999417,0.001440,0.0000,0.2849,4867.6,-0.0096,1,0
16.6498,0.025982,59.999416,0.001443,0.0000,0.2849,4869.1,-0.0098,1,0
16.6499,0.025982,59.999415,0.001445,0.0000,0.2849,4867.6,-0.0103,1,0
16.6494,0.025982,59.999415,0.001448,0.0000,0.2849,4871.6,-0.0107,1,0
16.6492,0.025982,59.999414,0.001450,0.0000,0.2849,4873.8,-0.0110,1,0
16.6496,0.025982,59.999414,0.001453,0.0000,0.2849,4871.8,-0.0110,1,0
16.6493,0.025982,59.999413,0.001455,0.0000,0.2849,4873.5,-0.0108,1,0
16.6498,0.026390,59.999412,0.001458,0.0000,0.2849,4869.8,-0.0104,1,0
16.6499,0.026390,59.999412,0.001460,0.0000,0.2853,4869.4,-0.0100,1,0
16.6501,0.026390,59.999411,0.001463,0.0000,0.2856,4866.8,-0.0094,1,0
16.6498,0.026390,59.999411,0.001465,0.0000,0.2853,4869.2,-0.0086,1,0
16.6499,0.026390,59.999410,0.001468,0.0000,0.2849,4867.8,-0.0075,1,0
16.6497,0.026390,59.999409,0.001470,0.0000,0.2853,4869.6,-0.0064,1,0
16.6499,0.026390,59.999408,0.001473,0.0000,0.2856,4868.4,-0.0051,1,0
16.6501,0.026390,59.999407,0.001476,0.0000,0.2853,4868.3,-0.0038,1,0
16.6500,0.026390,59.999406,0.001478,0.0000,0.2849,4867.1,-0.0025,1,0
16.6494,0.026390,59.999405,0.001481,0.0000,0.2849,4871.2,-0.0012,1,0
16.6490,0.026799,59.999404,0.001483,0.0000,0.2849,4874.1,0.0001,1,0
16.6491,0.026799,59.999403,0.001486,0.0000,0.2849,4875.4,0.0014,1,0
16.6495,0.026799,59.999402,0.001488,0.0000,0.2849,4872.1,0.0028,1,0
16.6497,0.026799,59.999401,0.001491,0.0000,0.2849,4872.2,0.0042,1,0
16.6502,0.026799,59.999400,0.001493,0.0000,0.2849,4867.1,0.0055,1,0
16.6499,0.026799,59.999399,0.001496,0.0000,0.2855,4868.8,0.0068,1,0
16.6498,0.026799,59.999399,0.001498,0.0000,0.2862,4869.3,0.0080,1,0
16.6496,0.026799,59.999398,0.001501,0.0000,0.2862,4870.5,0.0091,1,0
16.6498,0.026799,59.999397,0.001503,0.0000,0.2862,4868.6,0.0099,1,0
16.6496,0.026799,59.999396,0.001506,0.0000,0.2850,4870.8,0.0105,1,0
16.6498,0.027255,59.999396,0.001509,0.0000,0.2838,4869.3,0.0108,1,0
16.6496,0.027255,59.999395,0.001511,0.0000,0.2838,4870.0,0.0109,1,0
16.6493,0.027255,59.999394,0.001514,0.0000,0.2838,4872.3,0.0109,1,0
16.6492,0.027255,59.999394,0.001516,0.0000,0.2847,4873.4,0.0110,1,0
16.6490,0.027255,59.999393,0.001519,0.0000,0.2856,4875.7,0.0110,1,0
16.6493,0.027255,59.999392,0.001521,0.0000,0.2853,4873.7,0.0110,1,0
16.6496,0.027255,59.999392,0.001524,0.0000,0.2849,4872.7,0.0111,1,0
16.6496,0.027255,59.999391,0.001526,0.0000,0.2850,4871.7,0.0114,1,0
16.6498,0.027255,59.999390,0.001529,0.0000,0.2851,4868.7,0.0118,1,0
16.6496,0.027255,59.999389,0.001531,0.0000,0.2850,4870.3,0.0124,1,0
16.6496,0.027661,59.999389,0.001534,0.0000,0.2849,4870.1,0.0130,1,0
16.6496,0.027661,59.999388,0.001536,0.0000,0.2851,4870.0,0.0138,1,0
16.6494,0.027661,59.999387,0.001539,0.0000,0.2853,4871.6,0.0146,1,0
16.6495,0.027661,59.999387,0.001541,0.0000,0.2851,4868.8,0.0153,1,0
16.6497,0.027661,59.999386,0.001544,0.0000,0.2849,4868.3,0.0161,1,0
16.6492,0.027661,59.999385,0.001547,0.0000,0.2853,4871.0,0.0169,1,0
16.6487,0.027661,59.999385,0.001549,0.0000,0.2856,4876.0,0.0176,1,0
16.6488,0.027661,59.999384,0.001552,0.0000,0.2853,4876.6,0.0182,1,0
16.6490,0.027661,59.999384,0.001554,0.0000,0.2849,4876.3,0.0187,1,0
16.6493,0.027661,59.999383,0.001557,0.0000,0.2849,4872.1,0.0190,1,0
16.6494,0.028070,59.999382,0.001559,0.0000,0.2849,4871.7,0.0190,1,0
16.6500,0.028070,59.999382,0.001562,0.0000,0.2849,4865.2,0.0190,1,0
16.6494,0.028070,59.999381,0.001564,0.0000,0.2850,4867.5,0.0189,1,0
16.6486,0.028070,59.999381,0.001567,0.0000,0.2849,4872.7,0.0186,1,0
16.6493,0.028070,59.999380,0.001569,0.0000,0.2849,4869.3,0.0183,1,0
16.6487,0.028070,59.999379,0.001572,0.0000,0.2849,4871.4,0.0178,1,0
16.6491,0.028070,59.999378,0.001574,0.0000,0.2849,4869.7,0.0171,1,0
16.6490,0.028070,59.999377,0.001577,0.0000,0.2849,4868.7,0.0165,1,0
16.6488,0.028070,59.999376,0.001579,0.0000,0.2849,4870.8,0.0160,1,0
16.6486,0.028070,59.999375,0.001582,0.0000,0.2849,4872.6,0.0156,1,0
16.6486,0.028526,59.999374,0.001584,0.0000,0.2849,4874.8,0.0154,1,0
16.6490,0.028526,59.999373,0.001587,0.0000,0.2853,4871.4,0.0151,1,0
16.6493,0.028526,59.999372,0.001589,0.0000,0.2856,4873.1,0.0148,1,0
16.6498,0.028526,59.999371,0.001592,0.0000,0.2856,4868.5,0.0145,1,0
16.6498,0.028526,59.999370,0.001595,0.0000,0.2856,4866.3,0.0143,1,0
16.6498,0.028526,59.999369,0.001597,0.0000,0.2856,4866.4,0.0140,1,0
16.6500,0.028526,59.999369,0.001600,0.0000,0.2856,4866.0,0.0137,1,0
16.6499,0.028526,59.999368,0.001602,0.0000,0.2853,4864.8,0.0133,1,0
16.6500,0.028526,59.999367,0.001605,0.0000,0.2849,4865.3,0.0129,1,0
16.6501,0.028526,59.999367,0.001607,0.0000,0.2851,4864.5,0.0124,1,0
16.6502,0.028934,59.999366,0.001610,0.0000,0.2853,4865.5,0.0120,1,0
16.6494,0.028934,59.999365,0.001612,0.0000,0.2851,4865.4,0.0116,1,0
16.6475,0.028934,59.999364,0.001615,0.0000,0.2849,4868.7,0.0112,1,0
16.6475,0.028934,59.999364,0.001617,0.0000,0.2849,4870.3,0.0108,1,0
16.6480,0.028934,59.999363,0.001620,0.0000,0.2849,4868.8,0.0104,1,0
16.6473,0.028934,59.999362,0.001622,0.0000,0.2853,4873.9,0.0101,1,0
16.6480,0.028934,59.999360,0.001625,0.0000,0.2856,4870.8,0.0099,1,0
16.6481,0.028934,59.999359,0.001627,0.0000,0.2856,4870.4,0.0097,1,0
16.6484,0.028934,59.999358,0.001630,0.0000,0.2856,4870.4,0.0097,1,0
16.6485,0.028934,59.999356,0.001632,0.0000,0.2853,4870.6,0.0095,1,0
16.6486,0.029343,59.999355,0.001635,0.0000,0.2849,4871.9,0.0094,1,0
16.6485,0.029343,59.999354,0.001637,0.0000,0.2849,4871.6,0.0091,1,0
16.6488,0.029343,59.999353,0.001640,0.0000,0.2849,4874.9,0.0087,1,0
16.6493,0.029343,59.999351,0.001642,0.0000,0.2852,4869.6,0.0086,1,0
16.6490,0.029343,59.999350,0.001645,0.0000,0.2854,4875.0,0.0086,1,0
16.6496,0.029343,59.999349,0.001647,0.0000,0.2852,4869.9,0.0086,1,0
16.6485,0.029343,59.999349,0.001650,0.0000,0.2849,4874.8,0.0087,1,0
16.6477,0.029343,59.999348,0.001652,0.0000,0.2853,4878.1,0.0088,1,0
16.6485,0.029343,59.999348,0.001655,0.0000,0.2856,4869.8,0.0090,1,0
16.6481,0.029343,59.999347,0.001657,0.0000,0.2856,4872.1,0.0092,1,0
16.6486,0.029799,59.999346,0.001660,0.0000,0.2856,4868.1,0.0095,1,0
16.6482,0.029799,59.999346,0.001662,0.0000,0.2856,4867.6,0.0097,1,0
16.6475,0.029799,59.999345,0.001665,0.0000,0.2856,4873.1,0.0097,1,0
16.6480,0.029799,59.999345,0.001668,0.0000,0.2856,4867.2,0.0097,1,0
16.6467,0.029799,59.999344,0.001670,0.0000,0.2856,4875.5,0.0095,1,0
16.6475,0.029799,59.999343,0.001673,0.0000,0.2853,4872.2,0.0091,1,0
16.6474,0.029799,59.999342,0.001675,0.0000,0.2849,4872.6,0.0089,1,0
16.6475,0.029799,59.999342,0.001678,0.0000,0.2852,4875.8,0.0087,1,0
16.6479,0.029799,59.999341,0.001680,0.0000,0.2854,4871.7,0.0085,1,0
16.6476,0.029799,59.999340,0.001683,0.0000,0.2855,4877.1,0.0084,1,0
16.6486,0.030208,59.999339,0.001685,0.0000,0.2856,4870.3,0.0082,1,0
16.6482,0.030208,59.999338,0.001688,0.0000,0.2856,4873.9,0.0081,1,0
16.6491,0.030208,59.999338,0.001690,0.0000,0.2856,4867.0,0.0079,1,0
16.6491,0.030208,59.999337,0.001693,0.0000,0.2856,4869.6,0.0078,1,0
16.6499,0.030208,59.999336,0.001695,0.0000,0.2856,4863.3,0.0077,1,0
16.6494,0.030208,59.999335,0.001698,0.0000,0.2856,4865.7,0.0075,1,0
16.6500,0.030208,59.999335,0.001700,0.0000,0.2856,4862.4,0.0073,1,0
16.6496,0.030208,59.999334,0.001703,0.0000,0.2853,4863.6,0.0070,1,0
16.6500,0.030208,59.999334,0.001705,0.0000,0.2849,4863.0,0.0067,1,0
16.6497,0.030208,59.999333,0.001708,0.0000,0.2849,4864.0,0.0065,1,0
16.6498,0.030614,59.999332,0.001710,0.0000,0.2849,4864.7,0.0063,1,0
16.6498,0.030614,59.999332,0.001713,0.0000,0.2849,4865.4,0.0061,1,0
16.6495,0.030614,59.999331,0.001715,0.0000,0.2849,4867.7,0.0060,1,0
16.6496,0.030614,59.999331,0.001718,0.0000,0.2850,4867.8,0.0059,1,0
16.6497,0.030614,59.999330,0.001720,0.0000,0.2850,4867.5,0.0058,1,0
16.6499,0.030614,59.999329,0.001723,0.0000,0.2853,4866.8,0.0058,1,0
16.6501,0.030614,59.999328,0.001725,0.0000,0.2856,4863.4,0.0059,1,0
16.6496,0.030614,59.999327,0.001728,0.0000,0.2856,4866.1,0.0060,1,0
16.6499,0.030614,59.999326,0.001730,0.0000,0.2856,4863.0,0.0060,1,0
16.6492,0.030614,59.999325,0.001733,0.0000,0.2856,4868.4,0.0059,1,0
16.6494,0.031070,59.999324,0.001735,0.0000,0.2856,4867.2,0.0059,1,0
16.6493,0.031070,59.999323,0.001738,0.0000,0.2856,4867.4,0.0058,1,0
16.6494,0.031070,59.999322,0.001740,0.0000,0.2856,4868.2,0.0058,1,0
16.6496,0.031070,59.999321,0.001743,0.0000,0.2853,4865.7,0.0059,1,0
16.6488,0.031070,59.999320,0.001745,0.0000,0.2849,4872.1,0.0060,1,0
16.6487,0.031070,59.999319,0.001748,0.0000,0.2852,4875.2,0.0062,1,0
16.6485,0.031070,59.999319,0.001750,0.0000,0.2856,4876.8,0.0062,1,0
16.6486,0.031070,59.999318,0.001753,0.0000,0.2855,4876.5,0.0062,1,0
16.6489,0.031070,59.999317,0.001755,0.0000,0.2854,4874.1,0.0064,1,0
16.6495,0.031070,59.999316,0.001758,0.0000,0.2852,4870.4,0.0066,1,0
16.6494,0.031479,59.999316,0.001760,0.0000,0.2849,4869.2,0.0066,1,0
16.6490,0.031479,59.999315,0.001763,0.0000,0.2849,4872.8,0.0066,1,0
16.6492,0.031479,59.999314,0.001765,0.0000,0.2849,4873.4,0.0066,1,0
16.6493,0.031479,59.999314,0.001768,0.0000,0.2853,4873.3,0.0066,1,0
16.6493,0.031479,59.999313,0.001770,0.0000,0.2856,4872.6,0.0067,1,0
16.6493,0.031479,59.999312,0.001773,0.0000,0.2856,4872.7,0.0068,1,0
16.6496,0.031479,59.999312,0.001775,0.0000,0.2856,4870.5,0.0069,1,0
16.6493,0.031479,59.999311,0.001778,0.0000,0.2853,4873.5,0.0071,1,0
16.6489,0.031479,59.999310,0.001780,0.0000,0.2849,4877.1,0.0072,1,0
16.6490,0.031479,59.999309,0.001783,0.0000,0.2849,4877.8,0.0071,1,0
16.6492,0.031887,59.999309,0.001785,0.0000,0.2850,4876.3,0.0070,1,0
16.6490,0.031887,59.999308,0.001788,0.0000,0.2853,4877.2,0.0070,1,0
16.6495,0.031887,59.999307,0.001790,0.0000,0.2856,4872.6,0.0070,1,0
16.6497,0.031887,59.999307,0.001793,0.0000,0.2856,4870.3,0.0070,1,0
16.6497,0.031887,59.999306,0.001795,0.0000,0.2856,4870.7,0.0069,1,0
16.6495,0.031887,59.999305,0.001798,0.0000,0.2856,4870.3,0.0066,1,0
16.6494,0.031887,59.999304,0.001800,0.0000,0.2856,4871.6,0.0064,1,0
16.6496,0.031887,59.999302,0.001803,0.0000,0.2856,4870.3,0.0062,1,0
16.6495,0.031887,59.999301,0.001806,0.0000,0.2856,4870.9,0.0061,1,0
16.6497,0.031887,59.999300,0.001808,0.0000,0.2856,4869.7,0.0059,1,0
16.6495,0.032343,59.999299,0.001811,0.0000,0.2856,4870.7,0.0057,1,0
16.6492,0.032343,59.999298,0.001813,0.0000,0.2853,4871.9,0.0055,1,0
16.6491,0.032343,59.999296,0.001816,0.0000,0.2849,4874.4,0.0053,1,0
16.6493,0.032343,59.999295,0.001818,0.0000,0.2849,4872.4,0.0052,1,0
16.6494,0.032343,59.999294,0.001821,0.0000,0.2849,4873.8,0.0052,1,0
16.6498,0.032343,59.999293,0.001823,0.0000,0.2852,4869.6,0.0052,1,0
16.6498,0.032343,59.999293,0.001826,0.0000,0.2856,4869.1,0.0052,1,0
16.6500,0.032343,59.999292,0.001828,0.0000,0.2855,4866.0,0.0050,1,0
16.6495,0.032343,59.999291,0.001831,0.0000,0.2854,4868.6,0.0047,1,0
16.6499,0.032343,59.999291,0.001833,0.0000,0.2855,4865.8,0.0046,1,0
16.6495,0.032752,59.999290,0.001836,0.0000,0.2856,4867.6,0.0046,1,0
16.6496,0.032752,59.999289,0.001838,0.0000,0.2856,4866.2,0.0046,1,0
16.6494,0.032752,59.999288,0.001841,0.0000,0.2856,4867.2,0.0047,1,0
16.6493,0.032752,59.999288,0.001843,0.0000,0.2853,4869.0,0.0048,1,0
16.6494,0.032752,59.999287,0.001846,0.0000,0.2849,4867.8,0.0048,1,0
16.6489,0.032752,59.999286,0.001848,0.0000,0.2849,4872.2,0.0049,1,0
16.6490,0.032752,59.999286,0.001851,0.0000,0.2849,4870.2,0.0051,1,0
16.6488,0.032752,59.999285,0.001853,0.0000,0.2853,4872.8,0.0053,1,0
16.6493,0.032752,59.999284,0.001856,0.0000,0.2856,4867.8,0.0055,1,0
16.6493,0.032752,59.999284,0.001858,0.0000,0.2853,4868.6,0.0057,1,0
16.6498,0.033160,59.999283,0.001861,0.0000,0.2850,4864.7,0.0058,1,0
16.6493,0.033160,59.999282,0.001863,0.0000,0.2853,4867.9,0.0058,1,0
16.6496,0.033160,59.999281,0.001866,0.0000,0.2856,4866.9,0.0059,1,0
16.6492,0.033160,59.999281,0.001868,0.0000,0.2855,4867.5,0.0062,1,0
16.6494,0.033160,59.999280,0.001871,0.0000,0.2854,4869.4,0.0065,1,0
16.6495,0.033160,59.999279,0.001873,0.0000,0.2855,4865.4,0.0068,1,0
16.6492,0.033160,59.999278,0.001876,0.0000,0.2856,4867.5,0.0071,1,0
16.6492,0.033160,59.999277,0.001878,0.0000,0.2853,4867.6,0.0075,1,0
16.6482,0.033160,59.999276,0.001881,0.0000,0.2849,4874.2,0.0079,1,0
16.6486,0.033160,59.999275,0.001883,0.0000,0.2853,4872.6,0.0084,1,0
16.6485,0.033617,59.999274,0.001886,0.0000,0.2856,4874.6,0.0089,1,0
16.6492,0.033617,59.999273,0.001888,0.0000,0.2853,4870.9,0.0093,1,0
16.6495,0.033617,59.999272,0.001891,0.0000,0.2849,4868.2,0.0096,1,0
16.6496,0.033617,59.999271,0.001893,0.0000,0.2853,4866.9,0.0099,1,0
16.6494,0.033617,59.999270,0.001896,0.0000,0.2856,4869.1,0.0101,1,0
16.6493,0.033617,59.999269,0.001898,0.0000,0.2856,4870.7,0.0103,1,0
16.6496,0.033617,59.999269,0.001901,0.0000,0.2856,4868.1,0.0106,1,0
16.6492,0.033617,59.999268,0.001903,0.0000,0.2856,4871.0,0.0108,1,0
16.6495,0.033617,59.999268,0.001906,0.0000,0.2856,4868.2,0.0110,1,0
16.6493,0.033617,59.999267,0.001908,0.0000,0.2856,4870.0,0.0111,1,0
16.6494,0.034025,59.999266,0.001911,0.0000,0.2856,4869.7,0.0112,1,0
16.6489,0.034025,59.999266,0.001913,0.0000,0.2864,4873.7,0.0112,1,0
16.6490,0.034025,59.999265,0.001916,0.0000,0.2872,4875.3,0.0112,1,0
16.6492,0.034025,59.999265,0.001918,0.0000,0.2864,4874.9,0.0113,1,0
16.6495,0.034025,59.999264,0.001921,0.0000,0.2856,4873.0,0.0112,1,0
16.6495,0.034025,59.999263,0.001923,0.0000,0.2856,4870.0,0.0110,1,0
16.6496,0.034025,59.999262,0.001926,0.0000,0.2856,4870.7,0.0108,1,0
16.6498,0.034025,59.999262,0.001928,0.0000,0.2856,4866.7,0.0106,1,0
16.6491,0.034025,59.999261,0.001931,0.0000,0.2856,4871.4,0.0106,1,0
16.6495,0.034025,59.999260,0.001933,0.0000,0.2856,4867.7,0.0105,1,0
16.6493,0.034432,59.999259,0.001936,0.0000,0.2856,4870.1,0.0105,1,0
16.6495,0.034432,59.999258,0.001938,0.0000,0.2856,4868.8,0.0106,1,0
16.6494,0.034432,59.999258,0.001941,0.0000,0.2856,4868.8,0.0106,1,0
16.6494,0.034432,59.999257,0.001943,0.0000,0.2861,4870.5,0.0106,1,0
16.6493,0.034432,59.999256,0.001946,0.0000,0.2867,4871.1,0.0106,1,0
16.6486,0.034432,59.999255,0.001948,0.0000,0.2867,4875.7,0.0107,1,0
16.6490,0.034432,59.999255,0.001951,0.0000,0.2867,4871.8,0.0108,1,0
16.6489,0.034432,59.999254,0.001953,0.0000,0.2862,4874.5,0.0109,1,0
16.6496,0.034432,59.999254,0.001956,0.0000,0.2856,4869.1,0.0109,1,0
16.6493,0.034432,59.999253,0.001958,0.0000,0.2856,4870.6,0.0108,1,0
16.6498,0.034890,59.999252,0.001961,0.0000,0.2856,4866.8,0.0107,1,0
16.6495,0.034890,59.999252,0.001963,0.0000,0.2856,4868.8,0.0107,1,0
16.6495,0.034890,59.999251,0.001965,0.0000,0.2856,4869.6,0.0107,1,0
16.6496,0.034890,59.999251,0.001968,0.0000,0.2856,4868.2,0.0107,1,0
16.6494,0.034890,59.999250,0.001970,0.0000,0.2856,4869.8,0.0107,1,0
16.6498,0.034890,59.999249,0.001973,0.0000,0.2856,4866.8,0.0107,1,0
16.6494,0.034890,59.999247,0.001975,0.0000,0.2856,4868.9,0.0107,1,0
16.6493,0.034890,59.999246,0.001978,0.0000,0.2861,4871.0,0.0109,1,0
16.6491,0.034890,59.999245,0.001980,0.0000,0.2866,4873.2,0.0109,1,0
16.6493,0.034890,59.999244,0.001983,0.0000,0.2866,4872.2,0.0110,1,0
16.6494,0.035296,59.999242,0.001985,0.0000,0.2866,4873.2,0.0110,1,0
16.6498,0.035296,59.999241,0.001988,0.0000,0.2861,4870.1,0.0108,1,0
16.6502,0.035296,59.999240,0.001990,0.0000,0.2856,4866.8,0.0107,1,0
16.6499,0.035296,59.999238,0.001993,0.0000,0.2861,4865.8,0.0106,1,0
16.6494,0.035296,59.999237,0.001995,0.0000,0.2866,4869.4,0.0106,1,0
16.6499,0.035296,59.999236,0.001998,0.0000,0.2866,4865.3,0.0108,1,0
16.6493,0.035296,59.999236,0.002000,0.0000,0.2866,4868.9,0.0108,1,0
16.6497,0.035296,59.999235,0.002003,0.0000,0.2866,4866.7,0.0109,1,0
16.6493,0.035296,59.999234,0.002005,0.0000,0.2866,4868.0,0.0109,1,0
16.6493,0.035296,59.999233,0.002008,0.0000,0.2866,4869.3,0.0109,1,0
16.6494,0.035705,59.999233,0.002010,0.0000,0.2866,4867.6,0.0109,1,0
16.6487,0.035705,59.999232,0.002013,0.0000,0.2861,4873.3,0.0110,1,0
16.6492,0.035705,59.999231,0.002015,0.0000,0.2856,4871.9,0.0111,1,0
16.6489,0.035705,59.999231,0.002018,0.0000,0.2856,4872.7,0.0113,1,0
16.6496,0.035705,59.999230,0.002020,0.0000,0.2856,4868.6,0.0113,1,0
16.6495,0.035705,59.999229,0.002023,0.0000,0.2861,4868.6,0.0113,1,0
16.6499,0.035705,59.999228,0.002025,0.0000,0.2866,4866.9,0.0112,1,0
16.6498,0.035705,59.999227,0.002028,0.0000,0.2861,4866.7,0.0112,1,0
16.6496,0.035705,59.999226,0.002030,0.0000,0.2856,4868.7,0.0112,1,0
16.6498,0.035705,59.999225,0.002033,0.0000,0.2856,4866.5,0.0112,1,0
16.6496,0.036163,59.999224,0.002035,0.0000,0.2856,4869.2,0.0112,1,0
16.6500,0.036163,59.999223,0.002038,0.0000,0.2856,4865.8,0.0112,1,0
16.6497,0.036163,59.999222,0.002040,0.0000,0.2856,4867.1,0.0112,1,0
16.6498,0.036163,59.999221,0.002043,0.0000,0.2856,4867.4,0.0114,1,0
16.6492,0.036163,59.999220,0.002045,0.0000,0.2856,4872.0,0.0114,1,0
16.6493,0.036163,59.999219,0.002048,0.0000,0.2861,4872.7,0.0115,1,0
16.6496,0.036163,59.999219,0.002050,0.0000,0.2866,4871.9,0.0116,1,0
16.6497,0.036163,59.999218,0.002053,0.0000,0.2866,4873.0,0.0115,1,0
16.6503,0.036163,59.999218,0.002055,0.0000,0.2866,4866.5,0.0113,1,0
16.6499,0.036163,59.999217,0.002057,0.0000,0.2861,4868.8,0.0113,1,0
16.6502,0.036569,59.999216,0.002060,0.0000,0.2856,4864.9,0.0115,1,0
16.6495,0.036569,59.999216,0.002062,0.0000,0.2856,4869.5,0.0116,1,0
16.6496,0.036569,59.999215,0.002065,0.0000,0.2856,4867.8,0.0116,1,0
16.6494,0.036569,59.999215,0.002067,0.0000,0.2856,4868.8,0.0116,1,0
16.6495,0.036569,59.999214,0.002070,0.0000,0.2856,4870.4,0.0116,1,0
16.6497,0.036569,59.999213,0.002072,0.0000,0.2861,4867.2,0.0116,1,0
16.6491,0.036569,59.999213,0.002075,0.0000,0.2866,4871.5,0.0116,1,0
16.6494,0.036569,59.999212,0.002077,0.0000,0.2861,4870.9,0.0116,1,0
16.6490,0.036569,59.999211,0.002080,0.0000,0.2856,4875.5,0.0116,1,0
16.6495,0.036569,59.999211,0.002082,0.0000,0.2856,4872.2,0.0115,1,0
16.6493,0.036978,59.999210,0.002085,0.0000,0.2856,4873.3,0.0114,1,0
16.6500,0.036978,59.999209,0.002087,0.0000,0.2861,4868.5,0.0112,1,0
16.6495,0.036978,59.999208,0.002090,0.0000,0.2866,4868.7,0.0112,1,0
16.6491,0.036978,59.999208,0.002092,0.0000,0.2866,4871.6,0.0112,1,0
16.6494,0.036978,59.999207,0.002095,0.0000,0.2866,4867.9,0.0112,1,0
16.6488,0.036978,59.999206,0.002097,0.0000,0.2861,4872.2,0.0112,1,0
16.6494,0.036978,59.999205,0.002100,0.0000,0.2856,4868.5,0.0113,1,0
16.6489,0.036978,59.999203,0.002102,0.0000,0.2856,4872.0,0.0113,1,0
16.6493,0.036978,59.999202,0.002105,0.0000,0.2856,4868.6,0.0115,1,0
16.6490,0.036978,59.999201,0.002107,0.0000,0.2856,4871.4,0.0116,1,0
16.6478,0.037434,59.999200,0.002110,0.0000,0.2856,4875.7,0.0116,1,0
16.6477,0.037434,59.999199,0.002112,0.0000,0.2856,4875.5,0.0115,1,0
16.6474,0.037434,59.999197,0.002114,0.0000,0.2856,4879.3,0.0115,1,0
16.6485,0.037434,59.999196,0.002117,0.0000,0.2856,4873.4,0.0117,1,0
16.6481,0.037434,59.999195,0.002119,0.0000,0.2856,4878.4,0.0119,1,0
16.6492,0.037434,59.999194,0.002122,0.0000,0.2856,4869.4,0.0119,1,0
16.6487,0.037434,59.999193,0.002124,0.0000,0.2856,4874.1,0.0119,1,0
16.6492,0.037434,59.999193,0.002127,0.0000,0.2853,4870.4,0.0121,1,0
16.6484,0.037434,59.999192,0.002129,0.0000,0.2849,4874.2,0.0123,1,0
16.6490,0.037434,59.999191,0.002132,0.0000,0.2858,4870.0,0.0127,1,0
16.6488,0.037842,59.999190,0.002134,0.0000,0.2867,4872.5,0.0131,1,0
16.6493,0.037842,59.999189,0.002137,0.0000,0.2867,4867.6,0.0135,1,0
16.6490,0.037842,59.999189,0.002139,0.0000,0.2867,4870.5,0.0138,1,0
16.6490,0.037842,59.999188,0.002142,0.0000,0.2867,4872.3,0.0140,1,0
16.6484,0.037842,59.999187,0.002144,0.0000,0.2867,4876.4,0.0141,1,0
16.6483,0.037842,59.999186,0.002147,0.0000,0.2862,4877.7,0.0141,1,0
16.6488,0.037842,59.999186,0.002149,0.0000,0.2856,4874.3,0.0141,1,0
16.6489,0.037842,59.999185,0.002152,0.0000,0.2861,4869.8,0.0141,1,0
16.6498,0.037842,59.999184,0.002154,0.0000,0.2866,4862.2,0.0142,1,0
16.6485,0.037842,59.999184,0.002156,0.0000,0.2861,4868.0,0.0142,1,0
16.6479,0.038251,59.999183,0.002159,0.0000,0.2856,4874.5,0.0138,1,0
16.6489,0.038251,59.999182,0.002161,0.0000,0.2856,4866.0,0.0132,1,0
16.6479,0.038251,59.999181,0.002164,0.0000,0.2856,4872.2,0.0126,1,0
16.6486,0.038251,59.999181,0.002166,0.0000,0.2856,4866.0,0.0120,1,0
16.6485,0.038251,59.999180,0.002169,0.0000,0.2856,4868.6,0.0115,1,0
16.6489,0.038251,59.999179,0.002171,0.0000,0.2856,4866.8,0.0111,1,0
16.6486,0.038251,59.999178,0.002174,0.0000,0.2856,4869.5,0.0106,1,0
16.6490,0.038251,59.999178,0.002176,0.0000,0.2856,4869.4,0.0100,1,0
16.6489,0.038251,59.999177,0.002179,0.0000,0.2856,4869.5,0.0093,1,0
16.6492,0.038251,59.999176,0.002181,0.0000,0.2856,4869.8,0.0087,1,0
16.6494,0.038707,59.999175,0.002184,0.0000,0.2856,4866.7,0.0084,1,0
16.6495,0.038707,59.999174,0.002186,0.0000,0.2856,4866.9,0.0083,1,0
16.6496,0.038707,59.999174,0.002189,0.0000,0.2856,4865.4,0.0081,1,0
16.6500,0.038707,59.999173,0.002191,0.0000,0.2861,4864.0,0.0081,1,0
16.6498,0.038707,59.999172,0.002193,0.0000,0.2866,4864.5,0.0082,1,0
16.6496,0.038707,59.999171,0.002196,0.0000,0.2862,4866.7,0.0084,1,0
16.6497,0.038707,59.999170,0.002198,0.0000,0.2858,4865.2,0.0088,1,0
16.6491,0.038707,59.999168,0.002201,0.0000,0.2862,4869.0,0.0091,1,0
16.6497,0.038707,59.999167,0.002203,0.0000,0.2866,4865.0,0.0094,1,0
16.6493,0.038707,59.999166,0.002206,0.0000,0.2866,4867.1,0.0097,1,0
16.6493,0.039116,59.999165,0.002208,0.0000,0.2866,4869.7,0.0098,1,0
16.6492,0.039116,59.999164,0.002211,0.0000,0.2866,4871.5,0.0099,1,0
16.6492,0.039116,59.999162,0.002213,0.0000,0.2866,4871.3,0.0099,1,0
16.6490,0.039116,59.999161,0.002216,0.0000,0.2866,4872.9,0.0099,1,0
16.6498,0.039116,59.999160,0.002218,0.0000,0.2866,4866.1,0.0100,1,0
16.6494,0.039116,59.999159,0.002221,0.0000,0.2861,4867.7,0.0100,1,0
16.6495,0.039116,59.999159,0.002223,0.0000,0.2856,4866.9,0.0099,1,0
16.6486,0.039116,59.999158,0.002225,0.0000,0.2856,4871.8,0.0096,1,0
16.6485,0.039116,59.999157,0.002228,0.0000,0.2856,4874.5,0.0094,1,0
16.6490,0.039116,59.999157,0.002230,0.0000,0.2856,4869.5,0.0091,1,0
16.6485,0.039524,59.999156,0.002233,0.0000,0.2856,4873.7,0.0088,1,0
16.6491,0.039524,59.999155,0.002235,0.0000,0.2856,4866.9,0.0085,1,0
16.6478,0.039524,59.999154,0.002238,0.0000,0.2856,4874.8,0.0082,1,0
16.6478,0.039524,59.999154,0.002240,0.0000,0.2856,4876.4,0.0078,1,0
16.6477,0.039524,59.999153,0.002243,0.0000,0.2856,4880.1,0.0074,1,0
16.6480,0.039524,59.999152,0.002245,0.0000,0.2856,4879.6,0.0071,1,0
16.6487,0.039524,59.999152,0.002248,0.0000,0.2856,4875.7,0.0069,1,0
16.6489,0.039524,59.999151,0.002250,0.0000,0.2856,4875.6,0.0067,1,0
16.6496,0.039524,59.999150,0.002253,0.0000,0.2856,4870.1,0.0064,1,0
16.6493,0.039524,59.999150,0.002255,0.0000,0.2856,4872.3,0.0061,1,0
16.6496,0.039980,59.999149,0.002257,0.0000,0.2856,4869.0,0.0056,1,0
16.6494,0.039980,59.999148,0.002260,0.0000,0.2856,4870.4,0.0053,1,0
16.6495,0.039980,59.999147,0.002262,0.0000,0.2856,4871.0,0.0051,1,0
16.6497,0.039980,59.999147,0.002265,0.0000,0.2861,4867.9,0.0048,1,0
16.6492,0.039980,59.999146,0.002267,0.0000,0.2866,4871.6,0.0044,1,0
16.6497,0.039980,59.999145,0.002270,0.0000,0.2861,4866.6,0.0039,1,0
16.6488,0.039980,59.999144,0.002272,0.0000,0.2856,4872.6,0.0031,1,0
16.6492,0.039980,59.999144,0.002275,0.0000,0.2856,4871.4,0.0024,1,0
16.6490,0.039980,59.999143,0.002277,0.0000,0.2856,4871.8,0.0017,1,0
16.6490,0.039980,59.999142,0.002280,0.0000,0.2856,4871.9,0.0010,1,0
16.6493,0.040387,59.999141,0.002282,0.0000,0.2856,4869.4,0.0003,1,0
16.6497,0.040387,59.999140,0.002285,0.0000,0.2856,4866.7,-0.0003,1,0
16.6493,0.040387,59.999140,0.002287,0.0000,0.2856,4865.2,-0.0010,1,0
16.6489,0.040387,59.999139,0.002289,0.0000,0.2856,4869.8,-0.0017,1,0
16.6494,0.040387,59.999138,0.002292,0.0000,0.2856,4864.5,-0.0023,1,0
16.6487,0.040387,59.999137,0.002294,0.0000,0.2856,4868.8,-0.0029,1,0
16.6492,0.040387,59.999136,0.002297,0.0000,0.2856,4865.0,-0.0035,1,0
16.6489,0.040387,59.999136,0.002299,0.0000,0.2856,4868.1,-0.0041,1,0
16.6495,0.040387,59.999135,0.002302,0.0000,0.2856,4864.8,-0.0047,1,0
16.6488,0.040387,59.999134,0.002304,0.0000,0.2856,4869.5,-0.0052,1,0
16.6487,0.040795,59.999133,0.002307,0.0000,0.2856,4873.0,-0.0056,1,0
16.6492,0.040795,59.999132,0.002309,0.0000,0.2856,4869.3,-0.0060,1,0
16.6488,0.040795,59.999132,0.002312,0.0000,0.2856,4873.0,-0.0063,1,0
16.6495,0.040795,59.999131,0.002314,0.0000,0.2856,4866.4,-0.0065,1,0
16.6493,0.040795,59.999130,0.002316,0.0000,0.2856,4868.2,-0.0068,1,0
16.6499,0.040795,59.999129,0.002319,0.0000,0.2856,4861.9,-0.0070,1,0
16.6488,0.040795,59.999128,0.002321,0.0000,0.2856,4867.9,-0.0071,1,0
16.6491,0.040795,59.999127,0.002324,0.0000,0.2856,4867.3,-0.0070,1,0
16.6491,0.040795,59.999126,0.002326,0.0000,0.2856,4867.3,-0.0069,1,0
16.6492,0.040795,59.999125,0.002329,0.0000,0.2856,4868.6,-0.0067,1,0
16.6491,0.041251,59.999124,0.002331,0.0000,0.2856,4866.6,-0.0066,1,0
16.6488,0.041251,59.999123,0.002334,0.0000,0.2856,4869.6,-0.0066,1,0
16.6489,0.041251,59.999122,0.002336,0.0000,0.2856,4866.4,-0.0066,1,0
16.6473,0.041251,59.999121,0.002339,0.0000,0.2856,4875.8,-0.0063,1,0
16.6482,0.041251,59.999120,0.002341,0.0000,0.2856,4870.7,-0.0060,1,0
16.6480,0.041251,59.999119,0.002344,0.0000,0.2856,4874.9,-0.0059,1,0
16.6484,0.041251,59.999118,0.002346,0.0000,0.2856,4872.4,-0.0056,1,0
16.6486,0.041251,59.999117,0.002348,0.0000,0.2856,4871.7,-0.0055,1,0
16.6485,0.041251,59.999116,0.002351,0.0000,0.2856,4871.3,-0.0053,1,0
16.6479,0.041251,59.999115,0.002353,0.0000,0.2856,4871.6,-0.0052,1,0
16.6479,0.041660,59.999114,0.002356,0.0000,0.2856,4871.2,-0.0049,1,0
16.6480,0.041660,59.999113,0.002358,0.0000,0.2856,4872.5,-0.0044,1,0
16.6486,0.041660,59.999112,0.002361,0.0000,0.2856,4871.0,-0.0040,1,0
16.6483,0.041660,59.999111,0.002363,0.0000,0.2856,4875.2,-0.0044,1,0
16.6488,0.041660,59.999110,0.002366,0.0000,0.2856,4872.3,-0.0047,1,0
16.6485,0.041660,59.999109,0.002368,0.0000,0.2861,4876.4,-0.0048,1,0
16.6481,0.041660,59.999109,0.002371,0.0000,0.2866,4879.3,-0.0048,1,0
16.6485,0.041660,59.999108,0.002373,0.0000,0.2861,4876.2,-0.0048,1,0
16.6485,0.041660,59.999108,0.002376,0.0000,0.2856,4877.7,-0.0048,1,0
16.6489,0.041660,59.999107,0.002378,0.0000,0.2856,4872.9,-0.0048,1,0
16.6491,0.042068,59.999106,0.002381,0.0000,0.2856,4873.4,-0.0049,1,0
16.6492,0.042068,59.999106,0.002383,0.0000,0.2861,4869.6,-0.0052,1,0
16.6485,0.042068,59.999105,0.002385,0.0000,0.2866,4874.3,-0.0054,1,0
16.6488,0.042068,59.999105,0.002388,0.0000,0.2866,4871.7,-0.0056,1,0
16.6480,0.042068,59.999104,0.002390,0.0000,0.2867,4873.8,-0.0058,1,0
16.6487,0.042068,59.999103,0.002393,0.0000,0.2867,4866.0,-0.0059,1,0
16.6481,0.042068,59.999102,0.002395,0.0000,0.2867,4869.0,-0.0060,1,0
16.6485,0.042068,59.999102,0.002398,0.0000,0.2867,4866.6,-0.0061,1,0
16.6475,0.042068,59.999101,0.002400,0.0000,0.2867,4874.1,-0.0061,1,0
16.6469,0.042068,59.999100,0.002403,0.0000,0.2867,4880.7,-0.0062,1,0
16.6477,0.042525,59.999099,0.002405,0.0000,0.2867,4874.5,-0.0063,1,0
16.6475,0.042525,59.999098,0.002408,0.0000,0.2862,4878.8,-0.0064,1,0
16.6482,0.042525,59.999098,0.002410,0.0000,0.2856,4870.8,-0.0063,1,0
16.6479,0.042525,59.999097,0.002413,0.0000,0.2856,4874.5,-0.0062,1,0
16.6490,0.042525,59.999096,0.002415,0.0000,0.2856,4863.5,-0.0061,1,0
16.6479,0.042525,59.999095,0.002417,0.0000,0.2856,4870.1,-0.0058,1,0
16.6488,0.042525,59.999094,0.002420,0.0000,0.2856,4863.3,-0.0055,1,0
16.6482,0.042525,59.999092,0.002422,0.0000,0.2856,4868.0,-0.0053,1,0
16.6487,0.042525,59.999091,0.002425,0.0000,0.2856,4864.8,-0.0050,1,0
16.6486,0.042525,59.999090,0.002427,0.0000,0.2861,4866.7,-0.0048,1,0
16.6488,0.042931,59.999089,0.002430,0.0000,0.2866,4867.7,-0.0045,1,0
16.6488,0.042931,59.999088,0.002432,0.0000,0.2861,4865.8,-0.0042,1,0
16.6484,0.042931,59.999086,0.002435,0.0000,0.2856,4869.6,-0.0039,1,0
16.6489,0.042931,59.999085,0.002437,0.0000,0.2856,4867.4,-0.0035,1,0
16.6485,0.042931,59.999084,0.002440,0.0000,0.2856,4870.5,-0.0031,1,0
16.6487,0.042931,59.999083,0.002442,0.0000,0.2856,4869.9,-0.0028,1,0
16.6489,0.042931,59.999083,0.002445,0.0000,0.2856,4869.6,-0.0025,1,0
16.6497,0.042931,59.999082,0.002447,0.0000,0.2856,4863.7,-0.0021,1,0
16.6494,0.042931,59.999081,0.002450,0.0000,0.2856,4864.4,-0.0016,1,0
16.6495,0.042931,59.999081,0.002452,0.0000,0.2856,4864.1,-0.0014,1,0
16.6491,0.043340,59.999080,0.002455,0.0000,0.2856,4866.6,-0.0012,1,0
16.6492,0.043340,59.999079,0.002457,0.0000,0.2856,4866.3,-0.0011,1,0
16.6492,0.043340,59.999078,0.002459,0.0000,0.2856,4866.6,-0.0011,1,0
16.6493,0.043340,59.999078,0.002462,0.0000,0.2856,4866.4,-0.0013,1,0
16.6493,0.043340,59.999077,0.002464,0.0000,0.2856,4865.2,-0.0013,1,0
16.6484,0.043340,59.999076,0.002467,0.0000,0.2856,4871.4,-0.0013,1,0
16.6479,0.043340,59.999076,0.002469,0.0000,0.2856,4876.7,-0.0014,1,0
16.6482,0.043340,59.999075,0.002472,0.0000,0.2856,4876.2,-0.0018,1,0
16.6485,0.043340,59.999074,0.002474,0.0000,0.2856,4875.7,-0.0021,1,0
16.6491,0.043340,59.999074,0.002477,0.0000,0.2856,4870.9,-0.0024,1,0
16.6493,0.043796,59.999073,0.002479,0.0000,0.2856,4868.9,-0.0027,1,0
16.6495,0.043796,59.999072,0.002482,0.0000,0.2856,4867.2,-0.0029,1,0
16.6486,0.043796,59.999071,0.002484,0.0000,0.2856,4871.8,-0.0030,1,0
16.6491,0.043796,59.999071,0.002487,0.0000,0.2856,4871.1,-0.0032,1,0
16.6490,0.043796,59.999070,0.002489,0.0000,0.2856,4869.3,-0.0034,1,0
16.6488,0.043796,59.999069,0.002492,0.0000,0.2856,4872.5,-0.0036,1,0
16.6492,0.043796,59.999068,0.002494,0.0000,0.2856,4867.2,-0.0038,1,0
16.6486,0.043796,59.999067,0.002496,0.0000,0.2856,4871.9,-0.0036,1,0
16.6489,0.043796,59.999066,0.002499,0.0000,0.2856,4870.1,-0.0034,1,0
16.6487,0.043796,59.999065,0.002501,0.0000,0.2856,4872.8,-0.0032,1,0
16.6488,0.044204,59.999064,0.002504,0.0000,0.2856,4873.5,-0.0029,1,0
16.6492,0.044204,59.999063,0.002506,0.0000,0.2856,4871.1,-0.0026,1,0
16.6489,0.044204,59.999062,0.002509,0.0000,0.2856,4873.1,-0.0023,1,0
16.6495,0.044204,59.999061,0.002511,0.0000,0.2856,4866.6,-0.0019,1,0
16.6492,0.044204,59.999060,0.002514,0.0000,0.2856,4869.3,-0.0013,1,0
16.6495,0.044204,59.999059,0.002516,0.0000,0.2856,4867.5,-0.0008,1,0
16.6494,0.044204,59.999058,0.002519,0.0000,0.2856,4868.6,-0.0005,1,0
16.6498,0.044204,59.999057,0.002521,0.0000,0.2856,4867.6,-0.0002,1,0
16.6495,0.044204,59.999056,0.002524,0.0000,0.2856,4868.1,0.0001,1,0
16.6495,0.044204,59.999055,0.002526,0.0000,0.2856,4868.6,0.0005,1,0
16.6497,0.044613,59.999054,0.002529,0.0000,0.2856,4867.9,0.0010,1,0
16.6498,0.044613,59.999053,0.002531,0.0000,0.2856,4867.2,0.0015,1,0
16.6491,0.044613,59.999052,0.002534,0.0000,0.2856,4871.4,0.0020,1,0
16.6490,0.044613,59.999051,0.002536,0.0000,0.2857,4873.4,0.0024,1,0
16.6493,0.044613,59.999050,0.002538,0.0000,0.2858,4872.3,0.0026,1,0
16.6495,0.044613,59.999049,0.002541,0.0000,0.2857,4871.8,0.0028,1,0
16.6500,0.044613,59.999049,0.002543,0.0000,0.2856,4866.4,0.0030,1,0
16.6498,0.044613,59.999048,0.002546,0.0000,0.2862,4865.7,0.0033,1,0
16.6497,0.044613,59.999047,0.002548,0.0000,0.2867,4867.1,0.0035,1,0
16.6494,0.044613,59.999046,0.002551,0.0000,0.2867,4869.5,0.0035,1,0
16.6494,0.045069,59.999046,0.002553,0.0000,0.2867,4870.0,0.0035,1,0
16.6494,0.045069,59.999045,0.002556,0.0000,0.2867,4869.0,0.0033,1,0
16.6492,0.045069,59.999044,0.002558,0.0000,0.2867,4871.2,0.0032,1,0
16.6495,0.045069,59.999044,0.002561,0.0000,0.2867,4868.4,0.0031,1,0
16.6494,0.045069,59.999043,0.002563,0.0000,0.2867,4870.6,0.0028,1,0
16.6490,0.045069,59.999042,0.002566,0.0000,0.2867,4872.9,0.0025,1,0
16.6490,0.045069,59.999041,0.002568,0.0000,0.2867,4874.0,0.0022,1,0
16.6492,0.045069,59.999041,0.002571,0.0000,0.2858,4872.3,0.0018,1,0
16.6492,0.045069,59.999040,0.002573,0.0000,0.2849,4873.7,0.0015,1,0
16.6495,0.045069,59.999039,0.002576,0.0000,0.2853,4869.1,0.0013,1,0
16.6493,0.045477,59.999038,0.002578,0.0000,0.2857,4870.1,0.0011,1,0
16.6498,0.045477,59.999037,0.002580,0.0000,0.2853,4867.3,0.0008,1,0
16.6498,0.045477,59.999037,0.002583,0.0000,0.2849,4869.4,0.0004,1,0
16.6501,0.045477,59.999036,0.002585,0.0000,0.2844,4867.0,-0.0000,1,0
16.6498,0.045477,59.999035,0.002588,0.0000,0.2839,4868.6,-0.0004,1,0
16.6500,0.045477,59.999034,0.002590,0.0000,0.2839,4866.8,-0.0006,1,0
16.6498,0.045477,59.999033,0.002593,0.0000,0.2839,4868.5,-0.0008,1,0
16.6500,0.045477,59.999033,0.002595,0.0000,0.2830,4865.8,-0.0010,1,0
16.6494,0.045477,59.999032,0.002598,0.0000,0.2821,4870.1,-0.0012,1,0
16.6492,0.045477,59.999031,0.002600,0.0000,0.2817,4873.6,-0.0014,1,0
16.6495,0.045884,59.999030,0.002603,0.0000,0.2812,4871.9,-0.0016,1,0
16.6496,0.045884,59.999029,0.002605,0.0000,0.2813,4872.3,-0.0018,1,0
16.6500,0.045884,59.999029,0.002608,0.0000,0.2814,4869.2,-0.0019,1,0
16.6501,0.045884,59.999028,0.002610,0.0000,0.2813,4867.3,-0.0020,1,0
16.6502,0.045884,59.999027,0.002613,0.0000,0.2812,4865.6,-0.0021,1,0
16.6499,0.045884,59.999026,0.002615,0.0000,0.2808,4867.5,-0.0023,1,0
16.6500,0.045884,59.999026,0.002617,0.0000,0.2804,4867.7,-0.0024,1,0
16.6499,0.045884,59.999025,0.002620,0.0000,0.2803,4868.5,-0.0026,1,0
16.6500,0.045884,59.999024,0.002622,0.0000,0.2803,4868.1,-0.0026,1,0
16.6498,0.045884,59.999023,0.002625,0.0000,0.2798,4869.0,-0.0027,1,0
16.6500,0.046342,59.999023,0.002627,0.0000,0.2792,4868.1,-0.0028,1,0
16.6494,0.046342,59.999022,0.002630,0.0000,0.2792,4871.3,-0.0028,1,0
16.6493,0.046342,59.999021,0.002632,0.0000,0.2792,4873.5,-0.0028,1,0
16.6495,0.046342,59.999021,0.002635,0.0000,0.2793,4872.2,-0.0028,1,0
16.6495,0.046342,59.999020,0.002637,0.0000,0.2794,4872.1,-0.0026,1,0
16.6498,0.046342,59.999019,0.002640,0.0000,0.2790,4870.9,-0.0025,1,0
16.6499,0.046342,59.999018,0.002642,0.0000,0.2787,4869.1,-0.0025,1,0
16.6500,0.046342,59.999017,0.002645,0.0000,0.2786,4868.7,-0.0026,1,0
16.6501,0.046342,59.999016,0.002647,0.0000,0.2785,4867.6,-0.0028,1,0
16.6498,0.046342,59.999015,0.002650,0.0000,0.2785,4870.3,-0.0029,1,0
16.6502,0.046749,59.999014,0.002652,0.0000,0.2785,4868.0,-0.0030,1,0
16.6499,0.046749,59.999013,0.002655,0.0000,0.2781,4870.1,-0.0032,1,0
16.6502,0.046749,59.999012,0.002657,0.0000,0.2777,4867.1,-0.0034,1,0
16.6498,0.046749,59.999011,0.002659,0.0000,0.2777,4869.1,-0.0036,1,0
16.6496,0.046749,59.999010,0.002662,0.0000,0.2777,4869.7,-0.0038,1,0
16.6492,0.046749,59.999009,0.002664,0.0000,0.2777,4873.2,-0.0041,1,0
16.6492,0.046749,59.999008,0.002667,0.0000,0.2777,4875.6,-0.0043,1,0
16.6497,0.046749,59.999007,0.002669,0.0000,0.2773,4871.7,-0.0044,1,0
16.6498,0.046749,59.999006,0.002672,0.0000,0.2769,4872.6,-0.0046,1,0
16.6502,0.046749,59.999005,0.002674,0.0000,0.2769,4866.7,-0.0049,1,0
16.6500,0.047157,59.999004,0.002677,0.0000,0.2769,4868.2,-0.0052,1,0
16.6500,0.047157,59.999003,0.002679,0.0000,0.2764,4866.7,-0.0056,1,0
16.6492,0.047157,59.999002,0.002682,0.0000,0.2758,4871.2,-0.0059,1,0
16.6498,0.047157,59.999001,0.002684,0.0000,0.2758,4865.8,-0.0060,1,0
16.6494,0.047157,59.999000,0.002687,0.0000,0.2758,4868.3,-0.0062,1,0
16.6494,0.047157,59.998999,0.002689,0.0000,0.2755,4869.8,-0.0063,1,0
16.6495,0.047157,59.998999,0.002692,0.0000,0.2751,4867.5,-0.0066,1,0
16.6490,0.047157,59.998998,0.002694,0.0000,0.2752,4872.3,-0.0069,1,0
16.6492,0.047157,59.998997,0.002697,0.0000,0.2752,4871.2,-0.0071,1,0
16.6490,0.047157,59.998997,0.002699,0.0000,0.2747,4873.9,-0.0073,1,0
16.6492,0.047613,59.998996,0.002702,0.0000,0.2741,4872.9,-0.0075,1,0
16.6496,0.047613,59.998995,0.002704,0.0000,0.2741,4870.3,-0.0077,1,0
16.6499,0.047613,59.998994,0.002706,0.0000,0.2740,4871.1,-0.0081,1,0
16.6503,0.047613,59.998994,0.002709,0.0000,0.2740,4866.6,-0.0084,1,0
16.6500,0.047613,59.998993,0.002711,0.0000,0.2740,4869.1,-0.0089,1,0
16.6503,0.047613,59.998992,0.002714,0.0000,0.2737,4866.4,-0.0093,1,0
16.6499,0.047613,59.998991,0.002716,0.0000,0.2734,4868.7,-0.0096,1,0
16.6499,0.047613,59.998991,0.002719,0.0000,0.2727,4867.5,-0.0098,1,0
16.6499,0.047613,59.998990,0.002721,0.0000,0.2719,4868.0,-0.0100,1,0
16.6499,0.047613,59.998989,0.002724,0.0000,0.2711,4867.8,-0.0101,1,0
16.6498,0.048022,59.998988,0.002726,0.0000,0.2702,4867.7,-0.0104,1,0
16.6490,0.048022,59.998987,0.002729,0.0000,0.2700,4873.1,-0.0106,1,0
16.6492,0.048022,59.998987,0.002731,0.0000,0.2699,4873.3,-0.0107,1,0
16.6492,0.048022,59.998986,0.002734,0.0000,0.2693,4873.2,-0.0106,1,0
16.6494,0.048022,59.998985,0.002736,0.0000,0.2687,4873.4,-0.0104,1,0
16.6497,0.048022,59.998984,0.002739,0.0000,0.2688,4868.1,-0.0104,1,0
16.6498,0.048022,59.998984,0.002741,0.0000,0.2689,4869.2,-0.0103,1,0
16.6498,0.048022,59.998983,0.002744,0.0000,0.2685,4866.4,-0.0102,1,0
16.6491,0.048022,59.998982,0.002746,0.0000,0.2680,4871.7,-0.0098,1,0
16.6497,0.048022,59.998981,0.002749,0.0000,0.2680,4867.3,-0.0093,1,0
16.6490,0.048430,59.998981,0.002751,0.0000,0.2680,4871.2,-0.0088,1,0
16.6492,0.048430,59.998980,0.002754,0.0000,0.2675,4869.6,-0.0081,1,0
16.6491,0.048430,59.998979,0.002756,0.0000,0.2671,4869.1,-0.0074,1,0
16.6492,0.048430,59.998979,0.002758,0.0000,0.2670,4869.4,-0.0067,1,0
16.6489,0.048430,59.998978,0.002761,0.0000,0.2669,4873.4,-0.0059,1,0
16.6488,0.048430,59.998977,0.002763,0.0000,0.2665,4876.6,-0.0050,1,0
16.6491,0.048430,59.998976,0.002766,0.0000,0.2662,4875.0,-0.0042,1,0
16.6493,0.048430,59.998974,0.002768,0.0000,0.2667,4875.6,-0.0034,1,0
16.6497,0.048430,59.998973,0.002771,0.0000,0.2672,4871.2,-0.0027,1,0
16.6497,0.048430,59.998972,0.002773,0.0000,0.2667,4869.7,-0.0021,1,0
16.6499,0.048886,59.998971,0.002776,0.0000,0.2662,4868.8,-0.0015,1,0
16.6497,0.048886,59.998970,0.002778,0.0000,0.2658,4870.3,-0.0009,1,0
16.6498,0.048886,59.998968,0.002781,0.0000,0.2655,4869.4,-0.0001,1,0
16.6496,0.048886,59.998967,0.002783,0.0000,0.2655,4869.8,0.0005,1,0
16.6497,0.048886,59.998966,0.002786,0.0000,0.2655,4869.3,0.0011,1,0
16.6497,0.048886,59.998965,0.002788,0.0000,0.2649,4868.5,0.0016,1,0
16.6495,0.048886,59.998965,0.002791,0.0000,0.2643,4870.1,0.0019,1,0
16.6492,0.048886,59.998964,0.002793,0.0000,0.2643,4871.8,0.0024,1,0
16.6490,0.048886,59.998964,0.002796,0.0000,0.2643,4874.3,0.0028,1,0
16.6493,0.048886,59.998963,0.002798,0.0000,0.2643,4872.5,0.0031,1,0
16.6490,0.049295,59.998962,0.002801,0.0000,0.2643,4873.9,0.0035,1,0
16.6497,0.049295,59.998962,0.002803,0.0000,0.2643,4870.0,0.0036,1,0
16.6494,0.049295,59.998961,0.002806,0.0000,0.2643,4870.5,0.0037,1,0
16.6500,0.049295,59.998961,0.002808,0.0000,0.2643,4867.5,0.0038,1,0
16.6495,0.049295,59.998960,0.002811,0.0000,0.2643,4868.4,0.0040,1,0
16.6495,0.049295,59.998959,0.002813,0.0000,0.2644,4869.7,0.0043,1,0
16.6497,0.049295,59.998958,0.002816,0.0000,0.2645,4866.2,0.0045,1,0
16.6492,0.049295,59.998957,0.002818,0.0000,0.2645,4870.5,0.0049,1,0
16.6497,0.049295,59.998956,0.002820,0.0000,0.2645,4867.3,0.0052,1,0
16.6493,0.049295,59.998955,0.002823,0.0000,0.2645,4869.6,0.0055,1,0
16.6494,0.049703,59.998954,0.002825,0.0000,0.2645,4870.0,0.0060,1,0
16.6491,0.049703,59.998953,0.002828,0.0000,0.2645,4872.4,0.0064,1,0
16.6491,0.049703,59.998952,0.002830,0.0000,0.2645,4872.6,0.0070,1,0
16.6492,0.049703,59.998951,0.002833,0.0000,0.2645,4872.4,0.0075,1,0
16.6496,0.049703,59.998950,0.002835,0.0000,0.2645,4870.6,0.0079,1,0
16.6499,0.049703,59.998949,0.002838,0.0000,0.2645,4867.7,0.0083,1,0
16.6498,0.049703,59.998949,0.002840,0.0000,0.2645,4867.9,0.0086,1,0
16.6499,0.049703,59.998948,0.002843,0.0000,0.2645,4867.7,0.0090,1,0
16.6496,0.049703,59.998947,0.002845,0.0000,0.2645,4869.1,0.0093,1,0
16.6496,0.049703,59.998947,0.002848,0.0000,0.2645,4868.6,0.0095,1,0
16.6496,0.050159,59.998946,0.002850,0.0000,0.2645,4868.9,0.0096,1,0
16.6497,0.050159,59.998945,0.002853,0.0000,0.2645,4867.9,0.0096,1,0
16.6497,0.050159,59.998944,0.002855,0.0000,0.2645,4868.4,0.0096,1,0
16.6494,0.050159,59.998944,0.002858,0.0000,0.2645,4869.2,0.0096,1,0
16.6489,0.050159,59.998943,0.002860,0.0000,0.2645,4874.1,0.0095,1,0
16.6492,0.050159,59.998942,0.002863,0.0000,0.2645,4872.8,0.0093,1,0
16.6490,0.050159,59.998942,0.002865,0.0000,0.2645,4875.1,0.0091,1,0
16.6493,0.050159,59.998941,0.002868,0.0000,0.2645,4871.5,0.0088,1,0
16.6495,0.050159,59.998940,0.002870,0.0000,0.2645,4869.0,0.0084,1,0
16.6497,0.050159,59.998939,0.002872,0.0000,0.2645,4868.8,0.0083,1,0
16.6494,0.050568,59.998939,0.002875,0.0000,0.2645,4868.4,0.0082,1,0
16.6492,0.050568,59.998938,0.002877,0.0000,0.2645,4871.3,0.0080,1,0
16.6495,0.050568,59.998937,0.002880,0.0000,0.2645,4868.0,0.0078,1,0
16.6492,0.050568,59.998937,0.002882,0.0000,0.2645,4871.0,0.0076,1,0
16.6492,0.050568,59.998936,0.002885,0.0000,0.2645,4869.3,0.0075,1,0
16.6490,0.050568,59.998935,0.002887,0.0000,0.2645,4871.0,0.0074,1,0
16.6493,0.050568,59.998934,0.002890,0.0000,0.2645,4868.7,0.0075,1,0
16.6485,0.050568,59.998932,0.002892,0.0000,0.2645,4874.5,0.0076,1,0
16.6485,0.050568,59.998931,0.002895,0.0000,0.2645,4874.2,0.0076,1,0
16.6486,0.050568,59.998930,0.002897,0.0000,0.2645,4875.1,0.0076,1,0
16.6491,0.050975,59.998929,0.002900,0.0000,0.2645,4873.1,0.0075,1,0
16.6493,0.050975,59.998928,0.002902,0.0000,0.2645,4871.1,0.0074,1,0
16.6494,0.050975,59.998926,0.002905,0.0000,0.2645,4868.8,0.0074,1,0
16.6497,0.050975,59.998925,0.002907,0.0000,0.2645,4867.0,0.0075,1,0
16.6493,0.050975,59.998924,0.002910,0.0000,0.2645,4868.7,0.0077,1,0
16.6492,0.050975,59.998923,0.002912,0.0000,0.2645,4871.4,0.0078,1,0
16.6493,0.050975,59.998923,0.002915,0.0000,0.2645,4869.9,0.0079,1,0
16.6491,0.050975,59.998922,0.002917,0.0000,0.2645,4870.9,0.0079,1,0
16.6494,0.050975,59.998921,0.002919,0.0000,0.2645,4868.3,0.0079,1,0
16.6491,0.050975,59.998920,0.002922,0.0000,0.2645,4870.7,0.0080,1,0
16.6487,0.051431,59.998920,0.002924,0.0000,0.2645,4873.5,0.0082,1,0
16.6486,0.051431,59.998919,0.002927,0.0000,0.2645,4876.4,0.0083,1,0
16.6489,0.051431,59.998918,0.002929,0.0000,0.2645,4873.8,0.0084,1,0
16.6489,0.051431,59.998918,0.002932,0.0000,0.2645,4875.2,0.0084,1,0
16.6491,0.051431,59.998917,0.002934,0.0000,0.2645,4871.7,0.0084,1,0
16.6495,0.051431,59.998916,0.002937,0.0000,0.2645,4869.2,0.0084,1,0
16.6497,0.051431,59.998916,0.002939,0.0000,0.2645,4869.4,0.0084,1,0
16.6496,0.051431,59.998915,0.002942,0.0000,0.2645,4869.1,0.0085,1,0
16.6496,0.051431,59.998914,0.002944,0.0000,0.2645,4869.4,0.0086,1,0
16.6496,0.051431,59.998914,0.002947,0.0000,0.2645,4867.6,0.0086,1,0
16.6493,0.051839,59.998913,0.002949,0.0000,0.2645,4869.9,0.0086,1,0
16.6496,0.051839,59.998912,0.002952,0.0000,0.2645,4867.8,0.0088,1,0
16.6494,0.051839,59.998911,0.002954,0.0000,0.2645,4869.2,0.0091,1,0
16.6497,0.051839,59.998911,0.002957,0.0000,0.2645,4869.2,0.0094,1,0
16.6493,0.051839,59.998910,0.002959,0.0000,0.2645,4872.6,0.0096,1,0
16.6495,0.051839,59.998909,0.002961,0.0000,0.2645,4871.8,0.0097,1,0
16.6496,0.051839,59.998908,0.002964,0.0000,0.2645,4871.0,0.0097,1,0
16.6499,0.051839,59.998907,0.002966,0.0000,0.2645,4868.9,0.0098,1,0
16.6501,0.051839,59.998906,0.002969,0.0000,0.2645,4865.5,0.0100,1,0
16.6499,0.051839,59.998905,0.002971,0.0000,0.2645,4866.5,0.0100,1,0
16.6501,0.052248,59.998904,0.002974,0.0000,0.2645,4863.6,0.0098,1,0
16.6497,0.052248,59.998903,0.002976,0.0000,0.2645,4867.2,0.0096,1,0
16.6501,0.052248,59.998902,0.002979,0.0000,0.2645,4864.6,0.0093,1,0
16.6497,0.052248,59.998901,0.002981,0.0000,0.2645,4867.2,0.0087,1,0
16.6500,0.052248,59.998900,0.002984,0.0000,0.2645,4864.5,0.0082,1,0
16.6496,0.052248,59.998899,0.002986,0.0000,0.2645,4866.9,0.0075,1,0
16.6497,0.052248,59.998898,0.002989,0.0000,0.2645,4867.9,0.0067,1,0
16.6498,0.052248,59.998897,0.002991,0.0000,0.2641,4868.6,0.0057,1,0
16.6499,0.052248,59.998896,0.002994,0.0000,0.2637,4869.2,0.0046,1,0
16.6501,0.052248,59.998895,0.002996,0.0000,0.2641,4866.4,0.0033,1,0
16.6499,0.052704,59.998894,0.002998,0.0000,0.2645,4869.3,0.0021,1,0
16.6505,0.052704,59.998893,0.003001,0.0000,0.2645,4864.7,0.0009,1,0
16.6501,0.052704,59.998892,0.003003,0.0000,0.2645,4865.3,-0.0002,1,0
16.6501,0.052704,59.998891,0.003006,0.0000,0.2645,4865.1,-0.0011,1,0
16.6501,0.052704,59.998890,0.003008,0.0000,0.2645,4865.6,-0.0020,1,0
16.6501,0.052704,59.998889,0.003011,0.0000,0.2645,4866.0,-0.0028,1,0
16.6499,0.052704,59.998888,0.003013,0.0000,0.2645,4865.5,-0.0034,1,0
16.6497,0.052704,59.998888,0.003016,0.0000,0.2641,4867.4,-0.0039,1,0
16.6500,0.052704,59.998887,0.003018,0.0000,0.2637,4865.3,-0.0042,1,0
16.6493,0.052704,59.998886,0.003021,0.0000,0.2641,4869.8,-0.0046,1,0
16.6489,0.053112,59.998885,0.003023,0.0000,0.2645,4871.8,-0.0050,1,0
16.6489,0.053112,59.998884,0.003026,0.0000,0.2645,4873.4,-0.0053,1,0
16.6490,0.053112,59.998884,0.003028,0.0000,0.2645,4873.7,-0.0056,1,0
16.6492,0.053112,59.998883,0.003031,0.0000,0.2645,4872.7,-0.0059,1,0
16.6495,0.053112,59.998882,0.003033,0.0000,0.2645,4870.3,-0.0062,1,0
16.6495,0.053112,59.998881,0.003035,0.0000,0.2641,4870.6,-0.0065,1,0
16.6492,0.053112,59.998881,0.003038,0.0000,0.2637,4873.3,-0.0070,1,0
16.6491,0.053112,59.998880,0.003040,0.0000,0.2637,4873.1,-0.0075,1,0
16.6489,0.053112,59.998879,0.003043,0.0000,0.2637,4873.5,-0.0081,1,0
16.6492,0.053112,59.998879,0.003045,0.0000,0.2637,4871.4,-0.0085,1,0
16.6487,0.053521,59.998878,0.003048,0.0000,0.2637,4872.4,-0.0090,1,0
16.6489,0.053521,59.998877,0.003050,0.0000,0.2637,4873.5,-0.0094,1,0
16.6488,0.053521,59.998876,0.003053,0.0000,0.2637,4875.3,-0.0099,1,0
16.6477,0.053521,59.998876,0.003055,0.0000,0.2637,4882.8,-0.0105,1,0
16.6478,0.053521,59.998875,0.003058,0.0000,0.2637,4883.9,-0.0109,1,0
16.6480,0.053521,59.998874,0.003060,0.0000,0.2637,4884.2,-0.0112,1,0
16.6489,0.053521,59.998873,0.003063,0.0000,0.2637,4874.8,-0.0115,1,0
16.6485,0.053521,59.998873,0.003065,0.0000,0.2637,4875.6,-0.0116,1,0
16.6490,0.053521,59.998872,0.003068,0.0000,0.2637,4872.8,-0.0117,1,0
16.6482,0.053521,59.998871,0.003070,0.0000,0.2637,4876.4,-0.0116,1,0
16.6478,0.053977,59.998870,0.003072,0.0000,0.2637,4879.7,-0.0118,1,0
16.6485,0.053977,59.998869,0.003075,0.0000,0.2637,4874.9,-0.0119,1,0
16.6479,0.053977,59.998869,0.003077,0.0000,0.2637,4877.8,-0.0119,1,0
16.6484,0.053977,59.998868,0.003080,0.0000,0.2637,4873.0,-0.0117,1,0
16.6477,0.053977,59.998867,0.003082,0.0000,0.2637,4875.4,-0.0115,1,0
16.6485,0.053977,59.998866,0.003085,0.0000,0.2637,4869.0,-0.0113,1,0
16.6473,0.053977,59.998866,0.003087,0.0000,0.2637,4876.8,-0.0111,1,0
16.6475,0.053977,59.998865,0.003090,0.0000,0.2637,4878.3,-0.0109,1,0
16.6477,0.053977,59.998864,0.003092,0.0000,0.2637,4873.4,-0.0106,1,0
16.6475,0.053977,59.998863,0.003095,0.0000,0.2637,4877.7,-0.0102,1,0
16.6484,0.054385,59.998863,0.003097,0.0000,0.2637,4867.4,-0.0098,1,0
16.6478,0.054385,59.998862,0.003100,0.0000,0.2637,4872.6,-0.0095,1,0
16.6486,0.054385,59.998861,0.003102,0.0000,0.2637,4864.7,-0.0091,1,0
16.6481,0.054385,59.998861,0.003105,0.0000,0.2637,4869.3,-0.0086,1,0
16.6488,0.054385,59.998860,0.003107,0.0000,0.2637,4863.7,-0.0082,1,0
16.6481,0.054385,59.998859,0.003110,0.0000,0.2641,4867.6,-0.0076,1,0
16.6490,0.054385,59.998858,0.003112,0.0000,0.2645,4864.1,-0.0071,1,0
16.6481,0.054385,59.998856,0.003115,0.0000,0.2645,4867.3,-0.0065,1,0
16.6487,0.054385,59.998855,0.003117,0.0000,0.2645,4865.6,-0.0061,1,0
16.6483,0.054385,59.998854,0.003119,0.0000,0.2645,4867.3,-0.0059,1,0
16.6484,0.054792,59.998853,0.003122,0.0000,0.2645,4869.5,-0.0057,1,0
16.6485,0.054792,59.998852,0.003124,0.0000,0.2641,4867.9,-0.0054,1,0
16.6485,0.054792,59.998850,0.003127,0.0000,0.2637,4870.4,-0.0050,1,0
16.6492,0.054792,59.998849,0.003129,0.0000,0.2637,4864.8,-0.0047,1,0
16.6492,0.054792,59.998848,0.003132,0.0000,0.2637,4865.7,-0.0044,1,0
16.6494,0.054792,59.998847,0.003134,0.0000,0.2637,4863.4,-0.0042,1,0
16.6491,0.054792,59.998846,0.003137,0.0000,0.2637,4866.3,-0.0040,1,0
16.6494,0.054792,59.998846,0.003139,0.0000,0.2637,4864.3,-0.0037,1,0
16.6491,0.054792,59.998845,0.003142,0.0000,0.2637,4865.9,-0.0034,1,0
16.6494,0.054792,59.998844,0.003144,0.0000,0.2641,4864.6,-0.0031,1,0
16.6493,0.055250,59.998843,0.003147,0.0000,0.2645,4863.2,-0.0029,1,0
16.6494,0.055250,59.998842,0.003149,0.0000,0.2641,4863.7,-0.0027,1,0
16.6487,0.055250,59.998842,0.003152,0.0000,0.2637,4867.7,-0.0026,1,0
16.6481,0.055250,59.998841,0.003154,0.0000,0.2637,4874.4,-0.0024,1,0
16.6487,0.055250,59.998840,0.003157,0.0000,0.2637,4869.8,-0.0021,1,0
16.6485,0.055250,59.998839,0.003159,0.0000,0.2637,4873.8,-0.0017,1,0
16.6493,0.055250,59.998839,0.003162,0.0000,0.2637,4867.7,-0.0015,1,0
16.6492,0.055250,59.998838,0.003164,0.0000,0.2641,4868.2,-0.0012,1,0
16.6496,0.055250,59.998837,0.003167,0.0000,0.2645,4863.2,-0.0009,1,0
16.6487,0.055250,59.998836,0.003169,0.0000,0.2641,4868.2,-0.0006,1,0
16.6487,0.055657,59.998836,0.003172,0.0000,0.2637,4871.2,-0.0004,1,0
16.6489,0.055657,59.998835,0.003174,0.0000,0.2637,4868.7,-0.0000,1,0
16.6488,0.055657,59.998834,0.003176,0.0000,0.2637,4870.1,0.0003,1,0
16.6490,0.055657,59.998834,0.003179,0.0000,0.2637,4869.2,0.0005,1,0
16.6492,0.055657,59.998833,0.003181,0.0000,0.2637,4868.4,0.0007,1,0
16.6490,0.055657,59.998832,0.003184,0.0000,0.2637,4871.4,0.0008,1,0
16.6488,0.055657,59.998831,0.003186,0.0000,0.2637,4874.5,0.0009,1,0
16.6486,0.055657,59.998831,0.003189,0.0000,0.2641,4876.8,0.0012,1,0
16.6490,0.055657,59.998830,0.003191,0.0000,0.2645,4873.6,0.0016,1,0
16.6490,0.055657,59.998829,0.003194,0.0000,0.2644,4874.5,0.0019,1,0
16.6495,0.056065,59.998828,0.003196,0.0000,0.2643,4870.0,0.0022,1,0
16.6495,0.056065,59.998827,0.003199,0.0000,0.2644,4871.0,0.0025,1,0
16.6497,0.056065,59.998827,0.003201,0.0000,0.2645,4867.9,0.0028,1,0
16.6491,0.056065,59.998826,0.003204,0.0000,0.2645,4871.2,0.0033,1,0
16.6494,0.056065,59.998825,0.003206,0.0000,0.2645,4869.5,0.0037,1,0
16.6494,0.056065,59.998824,0.003209,0.0000,0.2645,4870.6,0.0040,1,0
16.6497,0.056065,59.998823,0.003211,0.0000,0.2645,4869.4,0.0043,1,0
16.6495,0.056065,59.998823,0.003214,0.0000,0.2645,4869.7,0.0045,1,0
16.6496,0.056065,59.998822,0.003216,0.0000,0.2645,4869.1,0.0047,1,0
16.6489,0.056065,59.998821,0.003219,0.0000,0.2645,4873.0,0.0050,1,0
16.6489,0.056521,59.998820,0.003221,0.0000,0.2645,4874.1,0.0053,1,0
16.6491,0.056521,59.998819,0.003224,0.0000,0.2645,4872.4,0.0056,1,0
16.6493,0.056521,59.998819,0.003226,0.0000,0.2645,4873.9,0.0058,1,0
16.6497,0.056521,59.998818,0.003229,0.0000,0.2645,4869.1,0.0060,1,0
16.6496,0.056521,59.998817,0.003231,0.0000,0.2645,4869.6,0.0061,1,0
16.6500,0.056521,59.998816,0.003233,0.0000,0.2645,4866.8,0.0062,1,0
16.6495,0.056521,59.998815,0.003236,0.0000,0.2645,4868.9,0.0063,1,0
16.6497,0.056521,59.998814,0.003238,0.0000,0.2650,4867.6,0.0064,1,0
16.6494,0.056521,59.998813,0.003241,0.0000,0.2654,4868.7,0.0065,1,0
16.6498,0.056521,59.998812,0.003243,0.0000,0.2650,4866.1,0.0064,1,0
16.6493,0.056930,59.998810,0.003246,0.0000,0.2645,4869.4,0.0061,1,0
16.6495,0.056930,59.998809,0.003248,0.0000,0.2650,4868.5,0.0059,1,0
16.6492,0.056930,59.998808,0.003251,0.0000,0.2655,4871.2,0.0058,1,0
16.6489,0.056930,59.998807,0.003253,0.0000,0.2650,4872.8,0.0056,1,0
16.6492,0.056930,59.998806,0.003256,0.0000,0.2645,4872.3,0.0053,1,0
16.6491,0.056930,59.998805,0.003258,0.0000,0.2645,4873.0,0.0051,1,0
16.6496,0.056930,59.998805,0.003261,0.0000,0.2645,4869.1,0.0047,1,0
16.6496,0.056930,59.998804,0.003263,0.0000,0.2645,4868.7,0.0044,1,0
16.6496,0.056930,59.998804,0.003266,0.0000,0.2645,4867.9,0.0041,1,0
16.6494,0.056930,59.998803,0.003268,0.0000,0.2645,4869.1,0.0037,1,0
16.6497,0.057338,59.998802,0.003271,0.0000,0.2645,4868.3,0.0034,1,0
16.6493,0.057338,59.998802,0.003273,0.0000,0.2645,4869.7,0.0029,1,0
16.6493,0.057338,59.998801,0.003276,0.0000,0.2645,4869.5,0.0022,1,0
16.6494,0.057338,59.998801,0.003278,0.0000,0.2642,4868.7,0.0015,1,0
16.6494,0.057338,59.998800,0.003280,0.0000,0.2639,4868.6,0.0009,1,0
16.6489,0.057338,59.998799,0.003283,0.0000,0.2638,4872.0,0.0004,1,0
16.6484,0.057338,59.998798,0.003285,0.0000,0.2637,4875.9,-0.0001,1,0
16.6485,0.057338,59.998797,0.003288,0.0000,0.2632,4875.0,-0.0006,1,0
16.6485,0.057338,59.998796,0.003290,0.0000,0.2627,4876.3,-0.0011,1,0
16.6490,0.057338,59.998795,0.003293,0.0000,0.2627,4871.1,-0.0015,1,0
16.6493,0.057794,59.998794,0.003295,0.0000,0.2627,4870.1,-0.0019,1,0
16.6492,0.057794,59.998793,0.003298,0.0000,0.2627,4868.0,-0.0022,1,0
16.6482,0.057794,59.998792,0.003300,0.0000,0.2627,4873.3,-0.0024,1,0
16.6488,0.057794,59.998791,0.003303,0.0000,0.2627,4870.0,-0.0027,1,0
16.6482,0.057794,59.998790,0.003305,0.0000,0.2627,4873.2,-0.0029,1,0
16.6489,0.057794,59.998789,0.003308,0.0000,0.2627,4869.3,-0.0033,1,0
16.6484,0.057794,59.998789,0.003310,0.0000,0.2627,4871.2,-0.0036,1,0
16.6487,0.057794,59.998788,0.003313,0.0000,0.2627,4870.3,-0.0037,1,0
16.6483,0.057794,59.998787,0.003315,0.0000,0.2627,4873.1,-0.0040,1,0
16.6478,0.057794,59.998787,0.003318,0.0000,0.2627,4878.3,-0.0041,1,0
16.6482,0.058203,59.998786,0.003320,0.0000,0.2627,4876.4,-0.0043,1,0
16.6483,0.058203,59.998785,0.003323,0.0000,0.2627,4877.1,-0.0045,1,0
16.6485,0.058203,59.998784,0.003325,0.0000,0.2627,4874.7,-0.0046,1,0
16.6489,0.058203,59.998784,0.003327,0.0000,0.2627,4871.3,-0.0046,1,0
16.6490,0.058203,59.998783,0.003330,0.0000,0.2627,4870.9,-0.0046,1,0
16.6489,0.058203,59.998782,0.003332,0.0000,0.2627,4869.4,-0.0044,1,0
16.6486,0.058203,59.998780,0.003335,0.0000,0.2627,4872.4,-0.0043,1,0
16.6489,0.058203,59.998779,0.003337,0.0000,0.2627,4869.6,-0.0042,1,0
16.6486,0.058203,59.998778,0.003340,0.0000,0.2627,4872.0,-0.0041,1,0
16.6490,0.058203,59.998777,0.003342,0.0000,0.2627,4868.9,-0.0041,1,0
16.6487,0.058611,59.998775,0.003345,0.0000,0.2627,4870.7,-0.0040,1,0
16.6486,0.058611,59.998774,0.003347,0.0000,0.2627,4871.7,-0.0039,1,0
16.6483,0.058611,59.998773,0.003350,0.0000,0.2627,4874.3,-0.0037,1,0
16.6484,0.058611,59.998771,0.003352,0.0000,0.2627,4874.1,-0.0037,1,0
16.6486,0.058611,59.998770,0.003355,0.0000,0.2627,4874.4,-0.0036,1,0
16.6488,0.058611,59.998769,0.003357,0.0000,0.2627,4871.6,-0.0035,1,0
16.6489,0.058611,59.998769,0.003360,0.0000,0.2627,4872.0,-0.0033,1,0
16.6493,0.058611,59.998768,0.003362,0.0000,0.2632,4867.6,-0.0031,1,0
16.6489,0.058611,59.998768,0.003365,0.0000,0.2637,4869.9,-0.0030,1,0
16.6492,0.058611,59.998767,0.003367,0.0000,0.2632,4867.9,-0.0029,1,0
16.6490,0.059068,59.998766,0.003370,0.0000,0.2627,4868.8,-0.0029,1,0
16.6489,0.059068,59.998766,0.003372,0.0000,0.2627,4867.9,-0.0029,1,0
16.6489,0.059068,59.998765,0.003375,0.0000,0.2627,4867.5,-0.0029,1,0
16.6486,0.059068,59.998765,0.003377,0.0000,0.2627,4869.3,-0.0028,1,0
16.6488,0.059068,59.998764,0.003380,0.0000,0.2627,4869.5,-0.0027,1,0
16.6485,0.059068,59.998763,0.003382,0.0000,0.2627,4872.1,-0.0026,1,0
16.6486,0.059068,59.998762,0.003384,0.0000,0.2627,4872.6,-0.0026,1,0
16.6485,0.059068,59.998762,0.003387,0.0000,0.2627,4873.1,-0.0025,1,0
16.6487,0.059068,59.998761,0.003389,0.0000,0.2627,4870.8,-0.0025,1,0
16.6491,0.059068,59.998760,0.003392,0.0000,0.2627,4868.0,-0.0023,1,0
16.6493,0.059476,59.998759,0.003394,0.0000,0.2627,4865.4,-0.0020,1,0
16.6489,0.059476,59.998758,0.003397,0.0000,0.2628,4867.7,-0.0018,1,0
16.6489,0.059476,59.998758,0.003399,0.0000,0.2630,4868.6,-0.0016,1,0
16.6491,0.059476,59.998757,0.003402,0.0000,0.2634,4866.8,-0.0014,1,0
16.6488,0.059476,59.998756,0.003404,0.0000,0.2638,4869.3,-0.0013,1,0
16.6491,0.059476,59.998755,0.003407,0.0000,0.2638,4867.3,-0.0011,1,0
16.6488,0.059476,59.998755,0.003409,0.0000,0.2638,4867.6,-0.0009,1,0
16.6489,0.059476,59.998754,0.003412,0.0000,0.2638,4868.7,-0.0006,1,0
16.6485,0.059476,59.998754,0.003414,0.0000,0.2638,4870.9,-0.0004,1,0
16.6483,0.059476,59.998753,0.003417,0.0000,0.2638,4871.9,-0.0001,1,0
16.6481,0.059883,59.998752,0.003419,0.0000,0.2638,4872.0,-0.0000,1,0
16.6483,0.059883,59.998752,0.003422,0.0000,0.2638,4872.8,0.0002,1,0
16.6486,0.059883,59.998751,0.003424,0.0000,0.2638,4869.5,0.0005,1,0
16.6489,0.059883,59.998751,0.003427,0.0000,0.2638,4867.9,0.0007,1,0
16.6490,0.059883,59.998750,0.003429,0.0000,0.2638,4866.9,0.0008,1,0
16.6487,0.059883,59.998749,0.003432,0.0000,0.2631,4868.4,0.0009,1,0
16.6490,0.059883,59.998748,0.003434,0.0000,0.2624,4867.5,0.0009,1,0
16.6485,0.059883,59.998747,0.003437,0.0000,0.2626,4869.4,0.0008,1,0
16.6487,0.059883,59.998746,0.003439,0.0000,0.2627,4868.0,0.0008,1,0
16.6486,0.059883,59.998745,0.003441,0.0000,0.2627,4869.1,0.0009,1,0
16.6487,0.060341,59.998744,0.003444,0.0000,0.2627,4869.0,0.0010,1,0
16.6483,0.060341,59.998743,0.003446,0.0000,0.2627,4871.1,0.0010,1,0
16.6480,0.060341,59.998742,0.003449,0.0000,0.2627,4875.1,0.0010,1,0
16.6483,0.060341,59.998741,0.003451,0.0000,0.2627,4874.0,0.0010,1,0
16.6482,0.060341,59.998740,0.003454,0.0000,0.2627,4875.4,0.0010,1,0
16.6488,0.060341,59.998739,0.003456,0.0000,0.2619,4869.6,0.0012,1,0
16.6487,0.060341,59.998738,0.003459,0.0000,0.2611,4870.9,0.0013,1,0
16.6490,0.060341,59.998737,0.003461,0.0000,0.2606,4866.3,0.0014,1,0
16.6480,0.060341,59.998736,0.003464,0.0000,0.2601,4872.8,0.0015,1,0
16.6485,0.060341,59.998735,0.003466,0.0000,0.2582,4869.3,0.0015,1,0
16.6480,0.060747,59.998734,0.003469,0.0000,0.2564,4871.8,0.0015,1,0
16.6483,0.060747,59.998733,0.003471,0.0000,0.2551,4870.4,0.0016,1,0
16.6485,0.060747,59.998732,0.003474,0.0000,0.2539,4868.4,0.0018,1,0
16.6482,0.060747,59.998731,0.003476,0.0000,0.2517,4871.7,0.0019,1,0
16.6481,0.060747,59.998730,0.003479,0.0000,0.2494,4871.6,0.0020,1,0
16.6473,0.060747,59.998729,0.003481,0.0000,0.2469,4878.0,0.0021,1,0
16.6477,0.060747,59.998728,0.003484,0.0000,0.2444,4876.9,0.0022,1,0
16.6478,0.060747,59.998728,0.003486,0.0000,0.2413,4875.4,0.0024,1,0
16.6481,0.060747,59.998727,0.003489,0.0000,0.2383,4874.9,0.0027,1,0
16.6485,0.060747,59.998726,0.003491,0.0000,0.2355,4870.5,0.0029,1,0
16.6487,0.061156,59.998725,0.003494,0.0000,0.2326,4870.3,0.0031,1,0
16.6486,0.061156,59.998724,0.003496,0.0000,0.2299,4871.1,0.0032,1,0
16.6486,0.061156,59.998724,0.003498,0.0000,0.2272,4871.9,0.0033,1,0
16.6489,0.061156,59.998723,0.003501,0.0000,0.2242,4868.2,0.0033,1,0
16.6482,0.061156,59.998722,0.003503,0.0000,0.2212,4872.0,0.0034,1,0
16.6487,0.061156,59.998721,0.003506,0.0000,0.2182,4867.4,0.0036,1,0
16.6484,0.061156,59.998720,0.003508,0.0000,0.2151,4869.8,0.0037,1,0
16.6482,0.061156,59.998720,0.003511,0.0000,0.2131,4869.8,0.0037,1,0
16.6483,0.061156,59.998719,0.003513,0.0000,0.2111,4872.4,0.0039,1,0
16.6482,0.061156,59.998718,0.003516,0.0000,0.2100,4873.2,0.0039,1,0
16.6484,0.061612,59.998717,0.003518,0.0000,0.2090,4872.8,0.0040,1,0
16.6488,0.061612,59.998716,0.003521,0.0000,0.2085,4870.6,0.0041,1,0
16.6490,0.061612,59.998716,0.003523,0.0000,0.2079,4868.4,0.0041,1,0
16.6492,0.061612,59.998715,0.003526,0.0000,0.2079,4865.9,0.0042,1,0
16.6490,0.061612,59.998714,0.003528,0.0000,0.2079,4866.0,0.0040,1,0
16.6490,0.061612,59.998713,0.003531,0.0000,0.2079,4867.4,0.0039,1,0
16.6494,0.061612,59.998713,0.003533,0.0000,0.2079,4864.2,0.0038,1,0
16.6489,0.061612,59.998712,0.003536,0.0000,0.2079,4867.6,0.0038,1,0
16.6493,0.061612,59.998711,0.003538,0.0000,0.2079,4865.5,0.0038,1,0
16.6490,0.061612,59.998711,0.003541,0.0000,0.2079,4866.9,0.0038,1,0
16.6489,0.062020,59.998710,0.003543,0.0000,0.2079,4867.7,0.0037,1,0
16.6486,0.062020,59.998709,0.003546,0.0000,0.2079,4869.7,0.0036,1,0
16.6484,0.062020,59.998708,0.003548,0.0000,0.2079,4871.9,0.0035,1,0
16.6489,0.062020,59.998708,0.003551,0.0000,0.2087,4869.7,0.0035,1,0
16.6488,0.062020,59.998707,0.003553,0.0000,0.2094,4869.2,0.0037,1,0
16.6488,0.062020,59.998706,0.003555,0.0000,0.2089,4869.0,0.0038,1,0
16.6491,0.062020,59.998706,0.003558,0.0000,0.2084,4866.2,0.0036,1,0
16.6489,0.062020,59.998705,0.003560,0.0000,0.2084,4868.5,0.0035,1,0
16.6491,0.062020,59.998704,0.003563,0.0000,0.2084,4866.9,0.0035,1,0
16.6488,0.062020,59.998704,0.003565,0.0000,0.2084,4868.7,0.0035,1,0
16.6491,0.062429,59.998703,0.003568,0.0000,0.2084,4867.3,0.0035,1,0
16.6489,0.062429,59.998702,0.003570,0.0000,0.2084,4866.9,0.0037,1,0
16.6488,0.062429,59.998701,0.003573,0.0000,0.2084,4868.4,0.0037,1,0
16.6485,0.062429,59.998701,0.003575,0.0000,0.2084,4869.8,0.0037,1,0
16.6479,0.062429,59.998700,0.003578,0.0000,0.2084,4875.3,0.0037,1,0
16.6480,0.062429,59.998699,0.003580,0.0000,0.2084,4876.1,0.0039,1,0
16.6482,0.062429,59.998698,0.003583,0.0000,0.2084,4875.7,0.0041,1,0
16.6485,0.062429,59.998696,0.003585,0.0000,0.2084,4873.7,0.0043,1,0
16.6488,0.062429,59.998695,0.003588,0.0000,0.2084,4870.6,0.0043,1,0
16.6487,0.062429,59.998694,0.003590,0.0000,0.2084,4869.6,0.0045,1,0
16.6484,0.062885,59.998693,0.003593,0.0000,0.2084,4872.4,0.0045,1,0
16.6481,0.062885,59.998692,0.003595,0.0000,0.2084,4874.0,0.0045,1,0
16.6481,0.062885,59.998690,0.003598,0.0000,0.2084,4875.4,0.0045,1,0
16.6483,0.062885,59.998689,0.003600,0.0000,0.2084,4873.4,0.0047,1,0
16.6484,0.062885,59.998688,0.003603,0.0000,0.2084,4872.9,0.0049,1,0
16.6484,0.062885,59.998687,0.003605,0.0000,0.2084,4872.1,0.0050,1,0
16.6481,0.062885,59.998686,0.003607,0.0000,0.2084,4873.4,0.0050,1,0
16.6476,0.062885,59.998686,0.003610,0.0000,0.2084,4877.8,0.0051,1,0
16.6472,0.062885,59.998685,0.003612,0.0000,0.2084,4881.6,0.0052,1,0
16.6478,0.062885,59.998684,0.003615,0.0000,0.2084,4879.0,0.0054,1,0
16.6477,0.063293,59.998683,0.003617,0.0000,0.2084,4878.8,0.0056,1,0
16.6479,0.063293,59.998682,0.003620,0.0000,0.2084,4877.6,0.0057,1,0
16.6484,0.063293,59.998682,0.003622,0.0000,0.2084,4873.1,0.0057,1,0
16.6482,0.063293,59.998681,0.003625,0.0000,0.2084,4873.3,0.0057,1,0
16.6483,0.063293,59.998680,0.003627,0.0000,0.2084,4871.3,0.0058,1,0
16.6479,0.063293,59.998679,0.003630,0.0000,0.2084,4874.6,0.0060,1,0
16.6482,0.063293,59.998678,0.003632,0.0000,0.2084,4869.2,0.0061,1,0
16.6476,0.063293,59.998678,0.003635,0.0000,0.2083,4873.8,0.0062,1,0
16.6480,0.063293,59.998677,0.003637,0.0000,0.2082,4869.2,0.0063,1,0
16.6475,0.063293,59.998676,0.003640,0.0000,0.2083,4871.7,0.0063,1,0
16.6472,0.063702,59.998675,0.003642,0.0000,0.2084,4874.5,0.0065,1,0
16.6474,0.063702,59.998674,0.003645,0.0000,0.2080,4873.8,0.0068,1,0
16.6472,0.063702,59.998674,0.003647,0.0000,0.2076,4876.1,0.0070,1,0
16.6477,0.063702,59.998673,0.003650,0.0000,0.2076,4873.0,0.0073,1,0
16.6478,0.063702,59.998672,0.003652,0.0000,0.2076,4873.1,0.0075,1,0
16.6481,0.063702,59.998671,0.003654,0.0000,0.2070,4869.0,0.0075,1,0
16.6481,0.063702,59.998671,0.003657,0.0000,0.2064,4868.7,0.0076,1,0
16.6481,0.063702,59.998670,0.003659,0.0000,0.2053,4869.2,0.0077,1,0
16.6482,0.063702,59.998669,0.003662,0.0000,0.2043,4868.9,0.0080,1,0
16.6483,0.063702,59.998669,0.003664,0.0000,0.2041,4868.1,0.0082,1,0
16.6482,0.064158,59.998668,0.003667,0.0000,0.2039,4868.9,0.0084,1,0
16.6480,0.064158,59.998667,0.003669,0.0000,0.2030,4870.1,0.0086,1,0
16.6482,0.064158,59.998666,0.003672,0.0000,0.2020,4867.6,0.0088,1,0
16.6475,0.064158,59.998666,0.003674,0.0000,0.2010,4871.4,0.0090,1,0
16.6475,0.064158,59.998665,0.003677,0.0000,0.2000,4872.9,0.0092,1,0
16.6475,0.064158,59.998664,0.003679,0.0000,0.1993,4873.7,0.0094,1,0
16.6476,0.064158,59.998663,0.003682,0.0000,0.1986,4873.6,0.0096,1,0
16.6478,0.064158,59.998663,0.003684,0.0000,0.1978,4871.0,0.0097,1,0
16.6479,0.064158,59.998662,0.003687,0.0000,0.1971,4871.6,0.0098,1,0
16.6482,0.064158,59.998661,0.003689,0.0000,0.1962,4867.2,0.0099,1,0
16.6478,0.064567,59.998660,0.003692,0.0000,0.1953,4869.7,0.0100,1,0
16.6478,0.064567,59.998659,0.003694,0.0000,0.1940,4870.1,0.0102,1,0
16.6478,0.064567,59.998659,0.003696,0.0000,0.1926,4870.5,0.0105,1,0
16.6480,0.064567,59.998658,0.003699,0.0000,0.1909,4869.9,0.0107,1,0
16.6481,0.064567,59.998657,0.003701,0.0000,0.1892,4869.2,0.0108,1,0
16.6480,0.064567,59.998656,0.003704,0.0000,0.1875,4869.5,0.0110,1,0
16.6477,0.064567,59.998655,0.003706,0.0000,0.1858,4870.3,0.0114,1,0
16.6469,0.064567,59.998654,0.003709,0.0000,0.1845,4875.0,0.0117,1,0
16.6470,0.064567,59.998653,0.003711,0.0000,0.1833,4876.9,0.0121,1,0
16.6470,0.064567,59.998652,0.003714,0.0000,0.1826,4875.7,0.0125,1,0
16.6472,0.064973,59.998650,0.003716,0.0000,0.1820,4876.0,0.0127,1,0
16.6477,0.064973,59.998649,0.003719,0.0000,0.1810,4871.4,0.0130,1,0
16.6479,0.064973,59.998648,0.003721,0.0000,0.1800,4870.2,0.0133,1,0
16.6478,0.064973,59.998647,0.003724,0.0000,0.1788,4869.7,0.0136,1,0
16.6473,0.064973,59.998646,0.003726,0.0000,0.1777,4873.0,0.0141,1,0
16.6476,0.064973,59.998645,0.003729,0.0000,0.1764,4870.9,0.0145,1,0
16.6474,0.064973,59.998645,0.003731,0.0000,0.1752,4871.8,0.0149,1,0
16.6476,0.064973,59.998644,0.003733,0.0000,0.1734,4870.1,0.0153,1,0
16.6475,0.064973,59.998644,0.003736,0.0000,0.1717,4871.3,0.0157,1,0
16.6477,0.064973,59.998643,0.003738,0.0000,0.1705,4871.5,0.0163,1,0
16.6473,0.065431,59.998642,0.003741,0.0000,0.1693,4874.7,0.0167,1,0
16.6475,0.065431,59.998642,0.003743,0.0000,0.1676,4874.8,0.0170,1,0
16.6475,0.065431,59.998641,0.003746,0.0000,0.1659,4874.5,0.0173,1,0
16.6478,0.065431,59.998641,0.003748,0.0000,0.1645,4873.7,0.0175,1,0
16.6478,0.065431,59.998640,0.003751,0.0000,0.1631,4870.7,0.0176,1,0
16.6479,0.065431,59.998639,0.003753,0.0000,0.1620,4869.5,0.0178,1,0
16.6479,0.065431,59.998638,0.003756,0.0000,0.1609,4867.9,0.0181,1,0
16.6480,0.065431,59.998637,0.003758,0.0000,0.1593,4869.4,0.0182,1,0
16.6479,0.065431,59.998636,0.003761,0.0000,0.1577,4868.7,0.0184,1,0
16.6480,0.065431,59.998635,0.003763,0.0000,0.1558,4867.9,0.0186,1,0
16.6479,0.065838,59.998634,0.003765,0.0000,0.1540,4867.5,0.0187,1,0
16.6474,0.065838,59.998633,0.003768,0.0000,0.1535,4869.9,0.0188,1,0
16.6477,0.065838,59.998632,0.003770,0.0000,0.1531,4866.5,0.0190,1,0
16.6469,0.065838,59.998631,0.003773,0.0000,0.1519,4871.9,0.0193,1,0
16.6472,0.065838,59.998630,0.003775,0.0000,0.1508,4871.4,0.0196,1,0
16.6471,0.065838,59.998629,0.003778,0.0000,0.1506,4872.1,0.0198,1,0
16.6471,0.065838,59.998629,0.003780,0.0000,0.1505,4873.9,0.0199,1,0
16.6479,0.065838,59.998628,0.003783,0.0000,0.1506,4868.1,0.0199,1,0
16.6473,0.065838,59.998627,0.003785,0.0000,0.1507,4871.2,0.0199,1,0
16.6478,0.065838,59.998627,0.003787,0.0000,0.1508,4865.7,0.0200,1,0
16.6472,0.066246,59.998626,0.003790,0.0000,0.1508,4870.2,0.0202,1,0
16.6476,0.066246,59.998625,0.003792,0.0000,0.1504,4867.2,0.0203,1,0
16.6474,0.066246,59.998624,0.003795,0.0000,0.1500,4868.6,0.0203,1,0
16.6472,0.066246,59.998624,0.003797,0.0000,0.1500,4869.9,0.0205,1,0
16.6474,0.066246,59.998623,0.003800,0.0000,0.1500,4867.9,0.0206,1,0
16.6470,0.066246,59.998622,0.003802,0.0000,0.1504,4870.3,0.0207,1,0
16.6473,0.066246,59.998620,0.003805,0.0000,0.1508,4869.6,0.0209,1,0
16.6465,0.066246,59.998619,0.003807,0.0000,0.1508,4876.2,0.0209,1,0
16.6471,0.066246,59.998618,0.003810,0.0000,0.1508,4872.7,0.0208,1,0
16.6468,0.066246,59.998617,0.003812,0.0000,0.1504,4874.5,0.0206,1,0
16.6474,0.066702,59.998615,0.003814,0.0000,0.1501,4871.3,0.0206,1,0
16.6474,0.066702,59.998614,0.003817,0.0000,0.1501,4868.6,0.0205,1,0
16.6475,0.066702,59.998613,0.003819,0.0000,0.1500,4867.4,0.0205,1,0
16.6474,0.066702,59.998611,0.003822,0.0000,0.1495,4865.4,0.0205,1,0
16.6462,0.066702,59.998610,0.003824,0.0000,0.1489,4873.2,0.0205,1,0
16.6470,0.066702,59.998609,0.003827,0.0000,0.1485,4867.2,0.0205,1,0
16.6463,0.066702,59.998609,0.003829,0.0000,0.1482,4872.5,0.0203,1,0
16.6472,0.066702,59.998608,0.003832,0.0000,0.1466,4865.6,0.0202,1,0
16.6467,0.066702,59.998608,0.003834,0.0000,0.1451,4869.2,0.0201,1,0
16.6467,0.066702,59.998607,0.003836,0.0000,0.1444,4870.7,0.0201,1,0
16.6462,0.067111,59.998606,0.003839,0.0000,0.1438,4874.4,0.0198,1,0
16.6466,0.067111,59.998606,0.003841,0.0000,0.1425,4875.2,0.0195,1,0
16.6469,0.067111,59.998605,0.003844,0.0000,0.1413,4873.6,0.0192,1,0
16.6471,0.067111,59.998605,0.003846,0.0000,0.1394,4873.1,0.0188,1,0
16.6475,0.067111,59.998604,0.003849,0.0000,0.1376,4868.6,0.0185,1,0
16.6474,0.067111,59.998603,0.003851,0.0000,0.1365,4871.3,0.0181,1,0
16.6478,0.067111,59.998602,0.003853,0.0000,0.1354,4867.2,0.0177,1,0
16.6476,0.067111,59.998602,0.003856,0.0000,0.1343,4869.4,0.0174,1,0
16.6477,0.067111,59.998601,0.003858,0.0000,0.1332,4867.8,0.0170,1,0
16.6475,0.067111,59.998600,0.003861,0.0000,0.1326,4868.7,0.0167,1,0
16.6477,0.067519,59.998599,0.003863,0.0000,0.1321,4868.1,0.0165,1,0
16.6477,0.067519,59.998598,0.003866,0.0000,0.1319,4868.8,0.0163,1,0
16.6476,0.067519,59.998598,0.003868,0.0000,0.1317,4870.3,0.0160,1,0
16.6477,0.067519,59.998597,0.003870,0.0000,0.1317,4871.0,0.0156,1,0
16.6476,0.067519,59.998596,0.003873,0.0000,0.1317,4873.2,0.0151,1,0
16.6480,0.067519,59.998595,0.003875,0.0000,0.1324,4872.0,0.0145,1,0
16.6481,0.067519,59.998595,0.003878,0.0000,0.1332,4870.9,0.0141,1,0
16.6483,0.067519,59.998594,0.003880,0.0000,0.1332,4868.4,0.0138,1,0
16.6485,0.067519,59.998594,0.003883,0.0000,0.1332,4866.0,0.0134,1,0
16.6483,0.067519,59.998593,0.003885,0.0000,0.1325,4867.2,0.0130,1,0
16.6483,0.067976,59.998592,0.003887,0.0000,0.1318,4866.8,0.0125,1,0
16.6483,0.067976,59.998592,0.003890,0.0000,0.1318,4867.6,0.0119,1,0
16.6483,0.067976,59.998591,0.003892,0.0000,0.1319,4866.6,0.0114,1,0
16.6480,0.067976,59.998591,0.003895,0.0000,0.1319,4868.2,0.0109,1,0
16.6486,0.067976,59.998590,0.003897,0.0000,0.1319,4864.8,0.0104,1,0
16.6480,0.067976,59.998589,0.003900,0.0000,0.1319,4867.6,0.0098,1,0
16.6478,0.067976,59.998587,0.003902,0.0000,0.1319,4870.0,0.0091,1,0
16.6477,0.067976,59.998586,0.003904,0.0000,0.1319,4872.7,0.0082,1,0
16.6478,0.067976,59.998585,0.003907,0.0000,0.1319,4871.8,0.0075,1,0
16.6481,0.067976,59.998583,0.003909,0.0000,0.1319,4870.5,0.0068,1,0
16.6482,0.068382,59.998582,0.003912,0.0000,0.1319,4870.6,0.0062,1,0
16.6487,0.068382,59.998581,0.003914,0.0000,0.1319,4866.5,0.0056,1,0
16.6483,0.068382,59.998580,0.003917,0.0000,0.1319,4868.7,0.0049,1,0
16.6486,0.068382,59.998578,0.003919,0.0000,0.1319,4866.3,0.0042,1,0
16.6484,0.068382,59.998577,0.003921,0.0000,0.1319,4868.0,0.0035,1,0
16.6485,0.068382,59.998576,0.003924,0.0000,0.1314,4867.1,0.0029,1,0
16.6484,0.068382,59.998576,0.003926,0.0000,0.1310,4868.2,0.0024,1,0
16.6485,0.068382,59.998575,0.003929,0.0000,0.1318,4867.7,0.0019,1,0
16.6485,0.068382,59.998574,0.003931,0.0000,0.1326,4868.8,0.0013,1,0
16.6483,0.068382,59.998573,0.003934,0.0000,0.1326,4870.3,0.0008,1,0
16.6482,0.068791,59.998573,0.003936,0.0000,0.1326,4872.7,0.0000,1,0
16.6481,0.068791,59.998572,0.003938,0.0000,0.1332,4873.2,-0.0004,1,0
16.6485,0.068791,59.998571,0.003941,0.0000,0.1338,4872.2,-0.0008,1,0
16.6485,0.068791,59.998571,0.003943,0.0000,0.1341,4870.8,-0.0011,1,0
16.6489,0.068791,59.998570,0.003946,0.0000,0.1345,4868.9,-0.0014,1,0
16.6488,0.068791,59.998569,0.003948,0.0000,0.1345,4867.8,-0.0016,1,0
16.6487,0.068791,59.998568,0.003951,0.0000,0.1345,4868.9,-0.0019,1,0
16.6487,0.068791,59.998567,0.003953,0.0000,0.1344,4868.9,-0.0021,1,0
16.6486,0.068791,59.998566,0.003955,0.0000,0.1343,4869.8,-0.0022,1,0
16.6488,0.068791,59.998565,0.003958,0.0000,0.1344,4867.4,-0.0022,1,0
16.6486,0.069247,59.998564,0.003960,0.0000,0.1344,4868.5,-0.0023,1,0
16.6488,0.069247,59.998563,0.003963,0.0000,0.1344,4867.6,-0.0024,1,0
16.6483,0.069247,59.998562,0.003965,0.0000,0.1343,4870.4,-0.0025,1,0
16.6475,0.069247,59.998561,0.003968,0.0000,0.1343,4876.1,-0.0026,1,0
16.6478,0.069247,59.998560,0.003970,0.0000,0.1343,4875.3,-0.0027,1,0
16.6478,0.069247,59.998559,0.003972,0.0000,0.1343,4876.0,-0.0027,1,0
16.6485,0.069247,59.998558,0.003975,0.0000,0.1343,4869.7,-0.0026,1,0
16.6483,0.069247,59.998557,0.003977,0.0000,0.1343,4870.4,-0.0025,1,0
16.6489,0.069247,59.998556,0.003980,0.0000,0.1343,4866.1,-0.0025,1,0
16.6480,0.069247,59.998555,0.003982,0.0000,0.1343,4871.0,-0.0025,1,0
16.6479,0.069655,59.998554,0.003985,0.0000,0.1343,4872.3,-0.0024,1,0
16.6482,0.069655,59.998553,0.003987,0.0000,0.1343,4868.8,-0.0022,1,0
16.6477,0.069655,59.998552,0.003989,0.0000,0.1343,4872.8,-0.0020,1,0
16.6482,0.069655,59.998551,0.003992,0.0000,0.1343,4868.1,-0.0018,1,0
16.6478,0.069655,59.998550,0.003994,0.0000,0.1343,4872.3,-0.0016,1,0
16.6482,0.069655,59.998549,0.003997,0.0000,0.1343,4868.8,-0.0015,1,0
16.6474,0.069655,59.998549,0.003999,0.0000,0.1343,4875.0,-0.0015,1,0
16.6481,0.069655,59.998548,0.004002,0.0000,0.1343,4871.9,-0.0014,1,0
16.6478,0.069655,59.998547,0.004004,0.0000,0.1343,4874.0,-0.0013,1,0
16.6483,0.069655,59.998546,0.004006,0.0000,0.1343,4871.4,-0.0010,1,0
16.6485,0.070064,59.998546,0.004009,0.0000,0.1343,4868.9,-0.0008,1,0
16.6486,0.070064,59.998545,0.004011,0.0000,0.1343,4867.7,-0.0006,1,0
16.6486,0.070064,59.998544,0.004014,0.0000,0.1343,4865.9,-0.0004,1,0
16.6485,0.070064,59.998544,0.004016,0.0000,0.1343,4868.6,-0.0002,1,0
16.6489,0.070064,59.998543,0.004019,0.0000,0.1343,4863.8,0.0001,1,0
16.6484,0.070064,59.998542,0.004021,0.0000,0.1343,4868.2,0.0004,1,0
16.6487,0.070064,59.998541,0.004023,0.0000,0.1343,4866.4,0.0005,1,0
16.6486,0.070064,59.998541,0.004026,0.0000,0.1344,4866.2,0.0007,1,0
16.6483,0.070064,59.998540,0.004028,0.0000,0.1344,4868.7,0.0008,1,0
16.6485,0.070064,59.998539,0.004031,0.0000,0.1344,4868.9,0.0010,1,0
16.6484,0.070520,59.998538,0.004033,0.0000,0.1343,4868.9,0.0011,1,0
16.6482,0.070520,59.998537,0.004035,0.0000,0.1343,4870.8,0.0013,1,0
16.6486,0.070520,59.998537,0.004038,0.0000,0.1343,4869.4,0.0015,1,0
16.6488,0.070520,59.998536,0.004040,0.0000,0.1343,4867.8,0.0016,1,0
16.6487,0.070520,59.998535,0.004043,0.0000,0.1343,4868.4,0.0017,1,0
16.6490,0.070520,59.998534,0.004045,0.0000,0.1348,4864.6,0.0017,1,0
16.6484,0.070520,59.998533,0.004048,0.0000,0.1353,4867.8,0.0018,1,0
16.6488,0.070520,59.998532,0.004050,0.0000,0.1348,4866.1,0.0021,1,0
16.6486,0.070520,59.998531,0.004052,0.0000,0.1343,4867.0,0.0022,1,0
16.6488,0.070520,59.998530,0.004055,0.0000,0.1348,4865.6,0.0022,1,0
16.6487,0.070926,59.998528,0.004057,0.0000,0.1353,4867.2,0.0022,1,0
16.6486,0.070926,59.998527,0.004060,0.0000,0.1353,4870.3,0.0021,1,0
16.6484,0.070926,59.998526,0.004062,0.0000,0.1353,4871.3,0.0019,1,0
16.6482,0.070926,59.998525,0.004065,0.0000,0.1353,4874.4,0.0020,1,0
16.6483,0.070926,59.998524,0.004067,0.0000,0.1353,4872.7,0.0019,1,0
16.6485,0.070926,59.998523,0.004069,0.0000,0.1353,4872.9,0.0018,1,0
16.6489,0.070926,59.998522,0.004072,0.0000,0.1353,4869.1,0.0017,1,0
16.6489,0.070926,59.998522,0.004074,0.0000,0.1353,4868.8,0.0015,1,0
16.6489,0.070926,59.998521,0.004077,0.0000,0.1353,4868.6,0.0013,1,0
16.6481,0.070926,59.998520,0.004079,0.0000,0.1357,4872.9,0.0014,1,0
16.6484,0.071335,59.998519,0.004082,0.0000,0.1361,4872.3,0.0013,1,0
16.6482,0.071335,59.998518,0.004084,0.0000,0.1362,4872.4,0.0012,1,0
16.6487,0.071335,59.998518,0.004086,0.0000,0.1362,4869.6,0.0011,1,0
16.6486,0.071335,59.998517,0.004089,0.0000,0.1367,4868.1,0.0009,1,0
16.6480,0.071335,59.998516,0.004091,0.0000,0.1373,4872.4,0.0006,1,0
16.6477,0.071335,59.998515,0.004094,0.0000,0.1376,4874.6,0.0004,1,0
16.6472,0.071335,59.998515,0.004096,0.0000,0.1378,4880.2,0.0003,1,0
16.6477,0.071335,59.998514,0.004099,0.0000,0.1378,4876.4,0.0003,1,0
16.6474,0.071335,59.998514,0.004101,0.0000,0.1378,4879.4,0.0001,1,0
16.6481,0.071335,59.998513,0.004103,0.0000,0.1375,4874.9,-0.0000,1,0
16.6483,0.071791,59.998512,0.004106,0.0000,0.1371,4872.4,-0.0002,1,0
16.6485,0.071791,59.998512,0.004108,0.0000,0.1371,4869.8,-0.0003,1,0
16.6480,0.071791,59.998511,0.004111,0.0000,0.1371,4872.8,-0.0004,1,0
16.6480,0.071791,59.998511,0.004113,0.0000,0.1375,4873.3,-0.0004,1,0
16.6480,0.071791,59.998510,0.004116,0.0000,0.1378,4872.6,-0.0004,1,0
16.6480,0.071791,59.998509,0.004118,0.0000,0.1378,4873.1,-0.0005,1,0
16.6482,0.071791,59.998508,0.004120,0.0000,0.1378,4871.7,-0.0006,1,0
16.6480,0.071791,59.998507,0.004123,0.0000,0.1375,4873.3,-0.0007,1,0
16.6480,0.071791,59.998506,0.004125,0.0000,0.1371,4873.3,-0.0007,1,0
16.6475,0.071791,59.998505,0.004128,0.0000,0.1371,4877.2,-0.0007,1,0
16.6478,0.072200,59.998504,0.004130,0.0000,0.1371,4876.5,-0.0007,1,0
16.6481,0.072200,59.998503,0.004133,0.0000,0.1371,4874.4,-0.0007,1,0
16.6482,0.072200,59.998502,0.004135,0.0000,0.1371,4875.7,-0.0007,1,0
16.6487,0.072200,59.998501,0.004137,0.0000,0.1371,4869.4,-0.0006,1,0
16.6482,0.072200,59.998500,0.004140,0.0000,0.1371,4871.7,-0.0004,1,0
16.6486,0.072200,59.998499,0.004142,0.0000,0.1375,4868.0,-0.0002,1,0
16.6481,0.072200,59.998498,0.004145,0.0000,0.1378,4870.4,0.0001,1,0
16.6482,0.072200,59.998497,0.004147,0.0000,0.1378,4869.7,0.0003,1,0
16.6483,0.072200,59.998496,0.004149,0.0000,0.1378,4868.8,0.0005,1,0
16.6479,0.072200,59.998495,0.004152,0.0000,0.1378,4871.2,0.0007,1,0
16.6484,0.072608,59.998494,0.004154,0.0000,0.1378,4868.2,0.0010,1,0
16.6477,0.072608,59.998493,0.004157,0.0000,0.1378,4872.5,0.0014,1,0
16.6479,0.072608,59.998492,0.004159,0.0000,0.1378,4872.8,0.0018,1,0
16.6476,0.072608,59.998491,0.004162,0.0000,0.1378,4874.2,0.0022,1,0
16.6476,0.072608,59.998490,0.004164,0.0000,0.1378,4873.2,0.0025,1,0
16.6479,0.072608,59.998489,0.004166,0.0000,0.1378,4872.5,0.0028,1,0
16.6482,0.072608,59.998488,0.004169,0.0000,0.1378,4869.2,0.0032,1,0
16.6483,0.072608,59.998487,0.004171,0.0000,0.1378,4867.5,0.0036,1,0
16.6480,0.072608,59.998486,0.004174,0.0000,0.1378,4869.3,0.0039,1,0
16.6482,0.072608,59.998485,0.004176,0.0000,0.1378,4868.0,0.0043,1,0
16.6480,0.073064,59.998484,0.004179,0.0000,0.1378,4870.2,0.0047,1,0
16.6482,0.073064,59.998483,0.004181,0.0000,0.1375,4868.3,0.0049,1,0
16.6481,0.073064,59.998482,0.004183,0.0000,0.1371,4869.0,0.0050,1,0
16.6483,0.073064,59.998481,0.004186,0.0000,0.1371,4867.4,0.0053,1,0
16.6480,0.073064,59.998480,0.004188,0.0000,0.1371,4869.2,0.0057,1,0
16.6474,0.073064,59.998479,0.004191,0.0000,0.1371,4873.4,0.0061,1,0
16.6473,0.073064,59.998479,0.004193,0.0000,0.1371,4875.3,0.0065,1,0
16.6476,0.073064,59.998478,0.004196,0.0000,0.1371,4874.4,0.0069,1,0
16.6478,0.073064,59.998478,0.004198,0.0000,0.1371,4873.6,0.0073,1,0
16.6480,0.073064,59.998477,0.004200,0.0000,0.1371,4871.9,0.0078,1,0
16.6481,0.073471,59.998476,0.004203,0.0000,0.1371,4868.8,0.0084,1,0
16.6479,0.073471,59.998476,0.004205,0.0000,0.1371,4869.4,0.0090,1,0
16.6479,0.073471,59.998475,0.004208,0.0000,0.1371,4869.9,0.0095,1,0
16.6479,0.073471,59.998475,0.004210,0.0000,0.1371,4870.5,0.0099,1,0
16.6480,0.073471,59.998474,0.004213,0.0000,0.1371,4868.7,0.0102,1,0
16.6478,0.073471,59.998473,0.004215,0.0000,0.1371,4870.8,0.0104,1,0
16.6480,0.073471,59.998472,0.004217,0.0000,0.1371,4869.9,0.0106,1,0
16.6478,0.073471,59.998471,0.004220,0.0000,0.1371,4871.3,0.0109,1,0
16.6475,0.073471,59.998470,0.004222,0.0000,0.1371,4874.2,0.0111,1,0
16.6476,0.073471,59.998469,0.004225,0.0000,0.1371,4874.8,0.0114,1,0
16.6475,0.073879,59.998467,0.004227,0.0000,0.1371,4875.3,0.0116,1,0
16.6477,0.073879,59.998466,0.004229,0.0000,0.1371,4874.1,0.0117,1,0
16.6480,0.073879,59.998465,0.004232,0.0000,0.1371,4870.2,0.0119,1,0
16.6483,0.073879,59.998464,0.004234,0.0000,0.1371,4869.2,0.0122,1,0
16.6480,0.073879,59.998463,0.004237,0.0000,0.1371,4869.1,0.0123,1,0
16.6477,0.073879,59.998462,0.004239,0.0000,0.1371,4872.0,0.0124,1,0
16.6481,0.073879,59.998461,0.004242,0.0000,0.1371,4867.1,0.0125,1,0
16.6475,0.073879,59.998461,0.004244,0.0000,0.1371,4871.1,0.0126,1,0
16.6477,0.073879,59.998460,0.004246,0.0000,0.1371,4868.9,0.0126,1,0
16.6477,0.073879,59.998459,0.004249,0.0000,0.1374,4869.0,0.0127,1,0
16.6478,0.074335,59.998458,0.004251,0.0000,0.1378,4868.0,0.0128,1,0
16.6472,0.074335,59.998457,0.004254,0.0000,0.1374,4872.4,0.0128,1,0
16.6471,0.074335,59.998457,0.004256,0.0000,0.1371,4874.4,0.0128,1,0
16.6473,0.074335,59.998456,0.004259,0.0000,0.1371,4872.8,0.0127,1,0
16.6472,0.074335,59.998455,0.004261,0.0000,0.1371,4875.6,0.0125,1,0
16.6477,0.074335,59.998454,0.004263,0.0000,0.1371,4869.8,0.0128,1,0
16.6477,0.074335,59.998453,0.004266,0.0000,0.1371,4871.0,0.0130,1,0
16.6480,0.074335,59.998453,0.004268,0.0000,0.1371,4867.2,0.0131,1,0
16.6477,0.074335,59.998452,0.004271,0.0000,0.1371,4869.5,0.0131,1,0
16.6479,0.074335,59.998451,0.004273,0.0000,0.1371,4868.0,0.0130,1,0
16.6478,0.074744,59.998450,0.004275,0.0000,0.1371,4869.8,0.0128,1,0
16.6480,0.074744,59.998449,0.004278,0.0000,0.1371,4868.7,0.0127,1,0
16.6477,0.074744,59.998449,0.004280,0.0000,0.1371,4870.1,0.0126,1,0
16.6479,0.074744,59.998448,0.004283,0.0000,0.1371,4869.2,0.0126,1,0
16.6476,0.074744,59.998447,0.004285,0.0000,0.1371,4871.5,0.0128,1,0
16.6474,0.074744,59.998446,0.004287,0.0000,0.1371,4873.2,0.0129,1,0
16.6474,0.074744,59.998445,0.004290,0.0000,0.1371,4874.7,0.0128,1,0
16.6476,0.074744,59.998444,0.004292,0.0000,0.1371,4872.9,0.0127,1,0
16.6477,0.074744,59.998443,0.004295,0.0000,0.1371,4871.6,0.0127,1,0
16.6481,0.074744,59.998441,0.004297,0.0000,0.1371,4870.6,0.0128,1,0
16.6481,0.075152,59.998440,0.004300,0.0000,0.1371,4869.1,0.0128,1,0
16.6480,0.075152,59.998439,0.004302,0.0000,0.1371,4869.8,0.0127,1,0
16.6480,0.075152,59.998438,0.004304,0.0000,0.1371,4870.4,0.0125,1,0
16.6481,0.075152,59.998437,0.004307,0.0000,0.1371,4868.4,0.0124,1,0
16.6480,0.075152,59.998436,0.004309,0.0000,0.1371,4870.2,0.0123,1,0
16.6482,0.075152,59.998435,0.004312,0.0000,0.1371,4867.1,0.0123,1,0
16.6478,0.075152,59.998435,0.004314,0.0000,0.1371,4870.0,0.0122,1,0
16.6474,0.075152,59.998434,0.004316,0.0000,0.1371,4872.9,0.0122,1,0
16.6471,0.075152,59.998434,0.004319,0.0000,0.1371,4875.5,0.0122,1,0
16.6473,0.075152,59.998433,0.004321,0.0000,0.1371,4875.4,0.0120,1,0
16.6474,0.075609,59.998432,0.004324,0.0000,0.1371,4873.8,0.0120,1,0
16.6475,0.075609,59.998432,0.004326,0.0000,0.1371,4874.0,0.0121,1,0
16.6481,0.075609,59.998431,0.004328,0.0000,0.1371,4868.4,0.0121,1,0
16.6477,0.075609,59.998431,0.004331,0.0000,0.1371,4869.3,0.0121,1,0
16.6477,0.075609,59.998430,0.004333,0.0000,0.1371,4868.6,0.0120,1,0
16.6475,0.075609,59.998429,0.004336,0.0000,0.1371,4870.9,0.0117,1,0
16.6476,0.075609,59.998428,0.004338,0.0000,0.1371,4870.6,0.0115,1,0
16.6477,0.075609,59.998427,0.004340,0.0000,0.1371,4870.0,0.0114,1,0
16.6477,0.075609,59.998426,0.004343,0.0000,0.1371,4870.4,0.0113,1,0
16.6479,0.075609,59.998425,0.004345,0.0000,0.1371,4869.0,0.0114,1,0
16.6475,0.076015,59.998424,0.004348,0.0000,0.1371,4872.3,0.0115,1,0
16.6475,0.076015,59.998423,0.004350,0.0000,0.1371,4874.1,0.0115,1,0
16.6474,0.076015,59.998422,0.004352,0.0000,0.1371,4874.7,0.0113,1,0
16.6475,0.076015,59.998421,0.004355,0.0000,0.1371,4873.8,0.0114,1,0
16.6476,0.076015,59.998420,0.004357,0.0000,0.1371,4873.3,0.0117,1,0
16.6479,0.076015,59.998419,0.004360,0.0000,0.1371,4869.6,0.0118,1,0
16.6479,0.076015,59.998418,0.004362,0.0000,0.1371,4868.2,0.0120,1,0
16.6479,0.076015,59.998417,0.004364,0.0000,0.1371,4869.7,0.0122,1,0
16.6480,0.076015,59.998416,0.004367,0.0000,0.1371,4868.0,0.0122,1,0
16.6478,0.076015,59.998415,0.004369,0.0000,0.1371,4869.9,0.0122,1,0
16.6481,0.076424,59.998414,0.004372,0.0000,0.1371,4867.1,0.0122,1,0
16.6478,0.076424,59.998413,0.004374,0.0000,0.1371,4869.9,0.0123,1,0
16.6481,0.076424,59.998412,0.004376,0.0000,0.1371,4867.3,0.0124,1,0
16.6478,0.076424,59.998411,0.004379,0.0000,0.1371,4869.8,0.0125,1,0
16.6476,0.076424,59.998410,0.004381,0.0000,0.1371,4871.6,0.0125,1,0
16.6476,0.076424,59.998409,0.004384,0.0000,0.1371,4872.1,0.0125,1,0
16.6476,0.076424,59.998408,0.004386,0.0000,0.1371,4873.7,0.0125,1,0
16.6480,0.076424,59.998407,0.004388,0.0000,0.1371,4869.9,0.0126,1,0
16.6479,0.076424,59.998406,0.004391,0.0000,0.1371,4871.0,0.0127,1,0
16.6484,0.076424,59.998405,0.004393,0.0000,0.1371,4866.5,0.0127,1,0
16.6483,0.076880,59.998404,0.004396,0.0000,0.1371,4866.8,0.0126,1,0
16.6482,0.076880,59.998403,0.004398,0.0000,0.1371,4867.5,0.0122,1,0
16.6481,0.076880,59.998402,0.004400,0.0000,0.1371,4867.7,0.0119,1,0
16.6480,0.076880,59.998401,0.004403,0.0000,0.1371,4868.1,0.0118,1,0
16.6481,0.076880,59.998400,0.004405,0.0000,0.1371,4867.1,0.0117,1,0
16.6481,0.076880,59.998399,0.004408,0.0000,0.1371,4867.9,0.0116,1,0
16.6481,0.076880,59.998399,0.004410,0.0000,0.1371,4867.5,0.0115,1,0
16.6474,0.076880,59.998398,0.004412,0.0000,0.1370,4872.2,0.0114,1,0
16.6475,0.076880,59.998398,0.004415,0.0000,0.1368,4871.9,0.0114,1,0
16.6472,0.076880,59.998397,0.004417,0.0000,0.1373,4873.0,0.0114,1,0
16.6473,0.077288,59.998396,0.004420,0.0000,0.1378,4874.7,0.0114,1,0
16.6478,0.077288,59.998396,0.004422,0.0000,0.1378,4869.1,0.0114,1,0
16.6476,0.077288,59.998395,0.004424,0.0000,0.1378,4870.0,0.0113,1,0
16.6480,0.077288,59.998395,0.004427,0.0000,0.1378,4866.5,0.0109,1,0
16.6475,0.077288,59.998394,0.004429,0.0000,0.1378,4870.9,0.0106,1,0
16.6480,0.077288,59.998393,0.004432,0.0000,0.1378,4868.1,0.0104,1,0
16.6475,0.077288,59.998392,0.004434,0.0000,0.1378,4871.0,0.0104,1,0
16.6479,0.077288,59.998391,0.004436,0.0000,0.1378,4869.1,0.0103,1,0
16.6477,0.077288,59.998390,0.004439,0.0000,0.1378,4869.2,0.0102,1,0
16.6479,0.077288,59.998388,0.004441,0.0000,0.1378,4867.7,0.0100,1,0
16.6475,0.077695,59.998387,0.004444,0.0000,0.1378,4870.5,0.0097,1,0
16.6467,0.077695,59.998386,0.004446,0.0000,0.1378,4876.3,0.0094,1,0
16.6470,0.077695,59.998385,0.004448,0.0000,0.1378,4875.1,0.0092,1,0
16.6472,0.077695,59.998384,0.004451,0.0000,0.1375,4875.3,0.0090,1,0
16.6477,0.077695,59.998383,0.004453,0.0000,0.1371,4872.7,0.0089,1,0
16.6479,0.077695,59.998382,0.004456,0.0000,0.1371,4870.9,0.0087,1,0
16.6480,0.077695,59.998381,0.004458,0.0000,0.1371,4868.0,0.0082,1,0
16.6478,0.077695,59.998381,0.004460,0.0000,0.1371,4870.8,0.0078,1,0
16.6477,0.077695,59.998380,0.004463,0.0000,0.1371,4870.2,0.0074,1,0
16.6476,0.077695,59.998379,0.004465,0.0000,0.1371,4871.3,0.0071,1,0
16.6477,0.078151,59.998378,0.004467,0.0000,0.1371,4871.6,0.0069,1,0
16.6479,0.078151,59.998377,0.004470,0.0000,0.1371,4869.9,0.0067,1,0
16.6479,0.078151,59.998377,0.004472,0.0000,0.1371,4870.1,0.0066,1,0
16.6474,0.078151,59.998376,0.004475,0.0000,0.1371,4873.2,0.0064,1,0
16.6474,0.078151,59.998375,0.004477,0.0000,0.1371,4873.2,0.0063,1,0
16.6471,0.078151,59.998374,0.004479,0.0000,0.1371,4876.2,0.0065,1,0
16.6476,0.078151,59.998373,0.004482,0.0000,0.1371,4873.0,0.0066,1,0
16.6477,0.078151,59.998373,0.004484,0.0000,0.1371,4873.9,0.0067,1,0
16.6482,0.078151,59.998372,0.004487,0.0000,0.1371,4867.9,0.0064,1,0
16.6478,0.078151,59.998371,0.004489,0.0000,0.1371,4871.2,0.0060,1,0
16.6484,0.078559,59.998370,0.004491,0.0000,0.1371,4866.3,0.0056,1,0
16.6476,0.078559,59.998369,0.004494,0.0000,0.1371,4870.0,0.0053,1,0
16.6479,0.078559,59.998369,0.004496,0.0000,0.1371,4867.9,0.0052,1,0
16.6476,0.078559,59.998368,0.004498,0.0000,0.1371,4868.2,0.0052,1,0
16.6474,0.078559,59.998367,0.004501,0.0000,0.1371,4870.8,0.0054,1,0
16.6478,0.078559,59.998366,0.004503,0.0000,0.1371,4867.3,0.0055,1,0
16.6472,0.078559,59.998365,0.004506,0.0000,0.1371,4871.7,0.0056,1,0
16.6474,0.078559,59.998364,0.004508,0.0000,0.1371,4872.1,0.0057,1,0
16.6473,0.078559,59.998363,0.004510,0.0000,0.1371,4873.9,0.0058,1,0
16.6475,0.078559,59.998362,0.004513,0.0000,0.1371,4873.0,0.0058,1,0
16.6475,0.078966,59.998360,0.004515,0.0000,0.1371,4871.2,0.0057,1,0
16.6479,0.078966,59.998359,0.004518,0.0000,0.1371,4871.1,0.0055,1,0
16.6480,0.078966,59.998358,0.004520,0.0000,0.1371,4867.4,0.0051,1,0
16.6477,0.078966,59.998357,0.004522,0.0000,0.1371,4870.4,0.0048,1,0
16.6480,0.078966,59.998356,0.004525,0.0000,0.1371,4866.7,0.0047,1,0
16.6476,0.078966,59.998355,0.004527,0.0000,0.1371,4870.1,0.0048,1,0
16.6481,0.078966,59.998355,0.004530,0.0000,0.1371,4866.7,0.0049,1,0
16.6476,0.078966,59.998354,0.004532,0.0000,0.1371,4869.7,0.0051,1,0
16.6480,0.078966,59.998354,0.004534,0.0000,0.1371,4867.1,0.0052,1,0
16.6477,0.078966,59.998353,0.004537,0.0000,0.1375,4868.9,0.0053,1,0
16.6471,0.079424,59.998352,0.004539,0.0000,0.1378,4873.0,0.0054,1,0
16.6473,0.079424,59.998352,0.004541,0.0000,0.1378,4873.3,0.0056,1,0
16.6474,0.079424,59.998351,0.004544,0.0000,0.1378,4874.4,0.0056,1,0
16.6477,0.079424,59.998351,0.004546,0.0000,0.1377,4873.0,0.0055,1,0
16.6480,0.079424,59.998350,0.004549,0.0000,0.1376,4870.2,0.0052,1,0
16.6482,0.079424,59.998349,0.004551,0.0000,0.1373,4868.1,0.0048,1,0
16.6483,0.079424,59.998347,0.004553,0.0000,0.1371,4867.8,0.0045,1,0
16.6481,0.079424,59.998346,0.004556,0.0000,0.1375,4869.3,0.0045,1,0
16.6481,0.079424,59.998345,0.004558,0.0000,0.1378,4869.9,0.0047,1,0
16.6483,0.079424,59.998344,0.004561,0.0000,0.1375,4868.8,0.0050,1,0
16.6480,0.079831,59.998342,0.004563,0.0000,0.1371,4869.0,0.0052,1,0
16.6479,0.079831,59.998341,0.004565,0.0000,0.1375,4869.2,0.0054,1,0
16.6479,0.079831,59.998340,0.004568,0.0000,0.1378,4868.2,0.0054,1,0
16.6473,0.079831,59.998338,0.004570,0.0000,0.1383,4873.4,0.0054,1,0
16.6475,0.079831,59.998337,0.004572,0.0000,0.1387,4873.2,0.0054,1,0
16.6475,0.079831,59.998336,0.004575,0.0000,0.1387,4874.0,0.0053,1,0
16.6476,0.079831,59.998336,0.004577,0.0000,0.1387,4873.6,0.0050,1,0
16.6480,0.079831,59.998335,0.004580,0.0000,0.1387,4869.5,0.0048,1,0
16.6482,0.079831,59.998334,0.004582,0.0000,0.1387,4869.2,0.0046,1,0
16.6484,0.079831,59.998334,0.004584,0.0000,0.1392,4867.8,0.0045,1,0
16.6481,0.080239,59.998333,0.004587,0.0000,0.1396,4868.8,0.0046,1,0
16.6482,0.080239,59.998332,0.004589,0.0000,0.1391,4869.1,0.0048,1,0
16.6483,0.080239,59.998331,0.004591,0.0000,0.1386,4868.9,0.0051,1,0
16.6483,0.080239,59.998331,0.004594,0.0000,0.1386,4868.7,0.0052,1,0
16.6483,0.080239,59.998330,0.004596,0.0000,0.1386,4869.0,0.0052,1,0
16.6482,0.080239,59.998329,0.004599,0.0000,0.1386,4868.0,0.0052,1,0
16.6479,0.080239,59.998328,0.004601,0.0000,0.1386,4870.4,0.0052,1,0
16.6477,0.080239,59.998327,0.004603,0.0000,0.1382,4872.2,0.0051,1,0
16.6478,0.080239,59.998326,0.004606,0.0000,0.1378,4873.6,0.0051,1,0
16.6481,0.080239,59.998325,0.004608,0.0000,0.1387,4871.6,0.0048,1,0
16.6482,0.080695,59.998324,0.004611,0.0000,0.1395,4871.9,0.0046,1,0
16.6488,0.080695,59.998323,0.004613,0.0000,0.1395,4868.0,0.0043,1,0
16.6484,0.080695,59.998322,0.004615,0.0000,0.1395,4868.4,0.0044,1,0
16.6486,0.080695,59.998321,0.004618,0.0000,0.1395,4868.1,0.0045,1,0
16.6483,0.080695,59.998320,0.004620,0.0000,0.1395,4867.4,0.0047,1,0
16.6480,0.080695,59.998319,0.004622,0.0000,0.1395,4870.2,0.0048,1,0
16.6484,0.080695,59.998318,0.004625,0.0000,0.1395,4865.9,0.0048,1,0
16.6478,0.080695,59.998317,0.004627,0.0000,0.1391,4869.8,0.0048,1,0
16.6481,0.080695,59.998316,0.004630,0.0000,0.1386,4867.5,0.0048,1,0
16.6478,0.080695,59.998315,0.004632,0.0000,0.1386,4869.5,0.0050,1,0
16.6475,0.081102,59.998314,0.004634,0.0000,0.1386,4873.5,0.0050,1,0
16.6479,0.081102,59.998313,0.004637,0.0000,0.1386,4871.7,0.0050,1,0
16.6477,0.081102,59.998312,0.004639,0.0000,0.1386,4874.4,0.0048,1,0
16.6484,0.081102,59.998311,0.004641,0.0000,0.1386,4869.4,0.0045,1,0
16.6482,0.081102,59.998310,0.004644,0.0000,0.1386,4869.7,0.0044,1,0
16.6488,0.081102,59.998309,0.004646,0.0000,0.1386,4865.0,0.0044,1,0
16.6481,0.081102,59.998308,0.004649,0.0000,0.1386,4869.0,0.0045,1,0
16.6483,0.081102,59.998308,0.004651,0.0000,0.1386,4868.6,0.0048,1,0
16.6482,0.081102,59.998307,0.004653,0.0000,0.1386,4868.9,0.0050,1,0
16.6482,0.081102,59.998306,0.004656,0.0000,0.1386,4869.5,0.0051,1,0
16.6484,0.081510,59.998305,0.004658,0.0000,0.1386,4867.6,0.0051,1,0
16.6483,0.081510,59.998304,0.004661,0.0000,0.1386,4868.2,0.0052,1,0
16.6483,0.081510,59.998304,0.004663,0.0000,0.1386,4868.5,0.0053,1,0
16.6476,0.081510,59.998303,0.004665,0.0000,0.1386,4873.1,0.0054,1,0
16.6477,0.081510,59.998302,0.004668,0.0000,0.1386,4874.9,0.0052,1,0
16.6480,0.081510,59.998301,0.004670,0.0000,0.1386,4873.5,0.0049,1,0
16.6482,0.081510,59.998300,0.004672,0.0000,0.1386,4872.6,0.0046,1,0
16.6485,0.081510,59.998298,0.004675,0.0000,0.1386,4870.8,0.0045,1,0
16.6488,0.081510,59.998297,0.004677,0.0000,0.1386,4868.0,0.0044,1,0
16.6485,0.081510,59.998296,0.004680,0.0000,0.1386,4868.7,0.0046,1,0
16.6484,0.081967,59.998295,0.004682,0.0000,0.1386,4869.5,0.0048,1,0
16.6484,0.081967,59.998294,0.004684,0.0000,0.1386,4870.1,0.0050,1,0
16.6485,0.081967,59.998292,0.004687,0.0000,0.1386,4869.6,0.0051,1,0
16.6484,0.081967,59.998291,0.004689,0.0000,0.1386,4869.8,0.0052,1,0
16.6484,0.081967,59.998290,0.004691,0.0000,0.1386,4870.1,0.0054,1,0
16.6484,0.081967,59.998289,0.004694,0.0000,0.1391,4870.3,0.0055,1,0
16.6479,0.081967,59.998289,0.004696,0.0000,0.1396,4873.4,0.0056,1,0
16.6480,0.081967,59.998288,0.004699,0.0000,0.1391,4873.8,0.0053,1,0
16.6478,0.081967,59.998287,0.004701,0.0000,0.1386,4875.2,0.0050,1,0
16.6482,0.081967,59.998286,0.004703,0.0000,0.1386,4873.1,0.0047,1,0
16.6483,0.082373,59.998286,0.004706,0.0000,0.1386,4872.0,0.0046,1,0
16.6487,0.082373,59.998285,0.004708,0.0000,0.1386,4868.2,0.0046,1,0
16.6484,0.082373,59.998284,0.004710,0.0000,0.1386,4870.2,0.0049,1,0
16.6486,0.082373,59.998284,0.004713,0.0000,0.1386,4869.7,0.0051,1,0
16.6483,0.082373,59.998283,0.004715,0.0000,0.1386,4870.3,0.0053,1,0
16.6482,0.082373,59.998282,0.004718,0.0000,0.1386,4870.9,0.0054,1,0
16.6483,0.082373,59.998282,0.004720,0.0000,0.1386,4869.1,0.0055,1,0
16.6481,0.082373,59.998281,0.004722,0.0000,0.1386,4870.5,0.0057,1,0
16.6482,0.082373,59.998280,0.004725,0.0000,0.1386,4869.4,0.0058,1,0
16.6476,0.082373,59.998279,0.004727,0.0000,0.1391,4874.0,0.0059,1,0
16.6475,0.082782,59.998279,0.004729,0.0000,0.1397,4875.9,0.0056,1,0
16.6474,0.082782,59.998278,0.004732,0.0000,0.1397,4876.7,0.0053,1,0
16.6478,0.082782,59.998277,0.004734,0.0000,0.1397,4874.0,0.0050,1,0
16.6479,0.082782,59.998277,0.004737,0.0000,0.1391,4872.1,0.0049,1,0
16.6482,0.082782,59.998276,0.004739,0.0000,0.1386,4869.7,0.0049,1,0
16.6481,0.082782,59.998275,0.004741,0.0000,0.1386,4869.1,0.0051,1,0
16.6478,0.082782,59.998274,0.004744,0.0000,0.1386,4871.2,0.0054,1,0
16.6480,0.082782,59.998272,0.004746,0.0000,0.1386,4871.0,0.0056,1,0
16.6481,0.082782,59.998271,0.004748,0.0000,0.1386,4870.9,0.0057,1,0
16.6480,0.082782,59.998270,0.004751,0.0000,0.1386,4870.9,0.0058,1,0
16.6480,0.083238,59.998269,0.004753,0.0000,0.1386,4870.7,0.0059,1,0
16.6479,0.083238,59.998268,0.004756,0.0000,0.1386,4871.0,0.0060,1,0
16.6479,0.083238,59.998266,0.004758,0.0000,0.1386,4871.9,0.0059,1,0
16.6477,0.083238,59.998265,0.004760,0.0000,0.1386,4874.5,0.0055,1,0
16.6478,0.083238,59.998264,0.004763,0.0000,0.1386,4874.4,0.0052,1,0
16.6480,0.083238,59.998263,0.004765,0.0000,0.1386,4873.8,0.0051,1,0
16.6484,0.083238,59.998263,0.004767,0.0000,0.1386,4871.1,0.0051,1,0
16.6485,0.083238,59.998262,0.004770,0.0000,0.1386,4870.1,0.0053,1,0
16.6484,0.083238,59.998261,0.004772,0.0000,0.1386,4868.0,0.0055,1,0
16.6482,0.083238,59.998261,0.004775,0.0000,0.1386,4868.4,0.0056,1,0
16.6483,0.083644,59.998260,0.004777,0.0000,0.1386,4868.7,0.0057,1,0
16.6484,0.083644,59.998259,0.004779,0.0000,0.1386,4867.7,0.0057,1,0
16.6483,0.083644,59.998258,0.004782,0.0000,0.1386,4868.2,0.0058,1,0
16.6484,0.083644,59.998258,0.004784,0.0000,0.1386,4868.1,0.0059,1,0
16.6482,0.083644,59.998257,0.004786,0.0000,0.1386,4868.8,0.0058,1,0
16.6482,0.083644,59.998256,0.004789,0.0000,0.1386,4870.1,0.0056,1,0
16.6481,0.083644,59.998256,0.004791,0.0000,0.1386,4871.7,0.0052,1,0
16.6480,0.083644,59.998255,0.004793,0.0000,0.1386,4872.1,0.0049,1,0
16.6480,0.083644,59.998254,0.004796,0.0000,0.1386,4872.0,0.0048,1,0
16.6484,0.083644,59.998254,0.004798,0.0000,0.1386,4869.2,0.0049,1,0
16.6484,0.084053,59.998253,0.004801,0.0000,0.1386,4869.8,0.0052,1,0
16.6489,0.084053,59.998252,0.004803,0.0000,0.1386,4865.8,0.0053,1,0
16.6484,0.084053,59.998251,0.004805,0.0000,0.1386,4868.5,0.0054,1,0
16.6485,0.084053,59.998251,0.004808,0.0000,0.1386,4867.2,0.0055,1,0
16.6483,0.084053,59.998250,0.004810,0.0000,0.1386,4868.0,0.0055,1,0
16.6484,0.084053,59.998249,0.004812,0.0000,0.1386,4867.1,0.0056,1,0
16.6483,0.084053,59.998248,0.004815,0.0000,0.1386,4868.1,0.0057,1,0
16.6485,0.084053,59.998246,0.004817,0.0000,0.1386,4867.1,0.0058,1,0
16.6482,0.084053,59.998245,0.004820,0.0000,0.1386,4869.2,0.0056,1,0
16.6480,0.084053,59.998244,0.004822,0.0000,0.1387,4872.3,0.0052,1,0
16.6479,0.084509,59.998243,0.004824,0.0000,0.1389,4873.2,0.0049,1,0
16.6480,0.084509,59.998242,0.004827,0.0000,0.1387,4873.6,0.0048,1,0
16.6483,0.084509,59.998240,0.004829,0.0000,0.1386,4871.7,0.0049,1,0
16.6485,0.084509,59.998239,0.004831,0.0000,0.1386,4869.4,0.0052,1,0
16.6487,0.084509,59.998238,0.004834,0.0000,0.1386,4867.0,0.0054,1,0
16.6483,0.084509,59.998237,0.004836,0.0000,0.1386,4868.7,0.0056,1,0
16.6482,0.084509,59.998236,0.004839,0.0000,0.1386,4870.1,0.0057,1,0
16.6482,0.084509,59.998236,0.004841,0.0000,0.1386,4869.7,0.0058,1,0
16.6481,0.084509,59.998235,0.004843,0.0000,0.1386,4870.3,0.0059,1,0
16.6485,0.084509,59.998234,0.004846,0.0000,0.1386,4867.7,0.0060,1,0
16.6483,0.084916,59.998233,0.004848,0.0000,0.1386,4868.7,0.0058,1,0
16.6483,0.084916,59.998232,0.004850,0.0000,0.1386,4869.5,0.0055,1,0
16.6478,0.084916,59.998232,0.004853,0.0000,0.1386,4873.3,0.0052,1,0
16.6475,0.084916,59.998231,0.004855,0.0000,0.1386,4876.8,0.0050,1,0
16.6478,0.084916,59.998230,0.004857,0.0000,0.1386,4874.7,0.0050,1,0
16.6480,0.084916,59.998229,0.004860,0.0000,0.1386,4874.8,0.0052,1,0
16.6484,0.084916,59.998228,0.004862,0.0000,0.1386,4871.0,0.0055,1,0
16.6485,0.084916,59.998227,0.004865,0.0000,0.1386,4869.8,0.0057,1,0
16.6485,0.084916,59.998226,0.004867,0.0000,0.1386,4869.1,0.0058,1,0
16.6483,0.084916,59.998225,0.004869,0.0000,0.1386,4869.9,0.0059,1,0
16.6482,0.085324,59.998224,0.004872,0.0000,0.1386,4871.0,0.0059,1,0
16.6485,0.085324,59.998223,0.004874,0.0000,0.1386,4869.1,0.0059,1,0
16.6482,0.085324,59.998222,0.004876,0.0000,0.1386,4870.5,0.0059,1,0
16.6484,0.085324,59.998221,0.004879,0.0000,0.1386,4870.1,0.0058,1,0
16.6482,0.085324,59.998220,0.004881,0.0000,0.1386,4870.3,0.0055,1,0
16.6479,0.085324,59.998219,0.004884,0.0000,0.1386,4873.5,0.0052,1,0
16.6479,0.085324,59.998218,0.004886,0.0000,0.1386,4873.4,0.0051,1,0
16.6478,0.085324,59.998217,0.004888,0.0000,0.1391,4874.4,0.0051,1,0
16.6481,0.085324,59.998216,0.004891,0.0000,0.1396,4872.6,0.0054,1,0
16.6481,0.085324,59.998215,0.004893,0.0000,0.1396,4872.5,0.0057,1,0
16.6484,0.085784,59.998214,0.004895,0.0000,0.1396,4868.7,0.0059,1,0
16.6481,0.085784,59.998213,0.004898,0.0000,0.1400,4870.0,0.0059,1,0
16.6484,0.085784,59.998212,0.004900,0.0000,0.1403,4868.9,0.0059,1,0
16.6482,0.085784,59.998211,0.004902,0.0000,0.1409,4869.9,0.0059,1,0
16.6482,0.085784,59.998210,0.004905,0.0000,0.1415,4869.9,0.0059,1,0
16.6482,0.085784,59.998209,0.004907,0.0000,0.1414,4869.0,0.0059,1,0
16.6479,0.085784,59.998208,0.004910,0.0000,0.1413,4870.4,0.0057,1,0
16.6482,0.085784,59.998207,0.004912,0.0000,0.1413,4869.1,0.0055,1,0
16.6476,0.085784,59.998206,0.004914,0.0000,0.1413,4872.6,0.0053,1,0
16.6475,0.085784,59.998205,0.004917,0.0000,0.1417,4874.9,0.0052,1,0
16.6476,0.086191,59.998204,0.004919,0.0000,0.1422,4875.2,0.0053,1,0
16.6477,0.086191,59.998203,0.004921,0.0000,0.1422,4875.7,0.0054,1,0
16.6480,0.086191,59.998202,0.004924,0.0000,0.1422,4871.7,0.0056,1,0
16.6481,0.086191,59.998201,0.004926,0.0000,0.1422,4871.0,0.0058,1,0
16.6484,0.086191,59.998200,0.004928,0.0000,0.1422,4868.3,0.0058,1,0
16.6479,0.086191,59.998199,0.004931,0.0000,0.1422,4870.6,0.0058,1,0
16.6477,0.086191,59.998198,0.004933,0.0000,0.1423,4872.1,0.0059,1,0
16.6478,0.086191,59.998197,0.004936,0.0000,0.1422,4870.3,0.0060,1,0
16.6476,0.086191,59.998196,0.004938,0.0000,0.1421,4872.7,0.0059,1,0
16.6481,0.086191,59.998195,0.004940,0.0000,0.1421,4869.4,0.0057,1,0
16.6477,0.086599,59.998194,0.004943,0.0000,0.1421,4871.5,0.0053,1,0
16.6476,0.086599,59.998193,0.004945,0.0000,0.1426,4872.9,0.0051,1,0
16.6472,0.086599,59.998192,0.004947,0.0000,0.1431,4875.1,0.0050,1,0
16.6470,0.086599,59.998191,0.004950,0.0000,0.1435,4878.0,0.0051,1,0
16.6475,0.086599,59.998190,0.004952,0.0000,0.1439,4874.7,0.0054,1,0
16.6475,0.086599,59.998189,0.004954,0.0000,0.1445,4875.3,0.0056,1,0
16.6480,0.086599,59.998189,0.004957,0.0000,0.1450,4871.4,0.0057,1,0
16.6480,0.086599,59.998188,0.004959,0.0000,0.1458,4868.3,0.0057,1,0
16.6475,0.086599,59.998188,0.004961,0.0000,0.1465,4871.4,0.0057,1,0
16.6479,0.086599,59.998187,0.004964,0.0000,0.1467,4869.0,0.0057,1,0
16.6475,0.087067,59.998186,0.004966,0.0000,0.1469,4871.0,0.0058,1,0
16.6479,0.087067,59.998186,0.004969,0.0000,0.1471,4869.7,0.0058,1,0
16.6478,0.087067,59.998185,0.004971,0.0000,0.1474,4870.2,0.0056,1,0
16.6479,0.087067,59.998185,0.004973,0.0000,0.1473,4870.5,0.0054,1,0
16.6476,0.087067,59.998184,0.004976,0.0000,0.1473,4870.3,0.0052,1,0
16.6473,0.087067,59.998183,0.004978,0.0000,0.1473,4874.2,0.0051,1,0
16.6474,0.087067,59.998182,0.004980,0.0000,0.1473,4872.8,0.0054,1,0
16.6473,0.087067,59.998181,0.004983,0.0000,0.1469,4874.7,0.0057,1,0
16.6477,0.087067,59.998180,0.004985,0.0000,0.1466,4871.1,0.0058,1,0
16.6477,0.087067,59.998179,0.004987,0.0000,0.1466,4872.2,0.0060,1,0
16.6481,0.087475,59.998177,0.004990,0.0000,0.1466,4867.6,0.0062,1,0
16.6478,0.087475,59.998176,0.004992,0.0000,0.1466,4869.5,0.0064,1,0
16.6483,0.087475,59.998175,0.004995,0.0000,0.1466,4868.0,0.0067,1,0
16.6479,0.087475,59.998174,0.004997,0.0000,0.1469,4868.4,0.0067,1,0
16.6480,0.087475,59.998173,0.004999,0.0000,0.1473,4867.0,0.0067,1,0
16.6476,0.087475,59.998172,0.005002,0.0000,0.1469,4868.4,0.0062,1,0
16.6479,0.087475,59.998171,0.005004,0.0000,0.1466,4868.3,0.0057,1,0
16.6478,0.087475,59.998171,0.005006,0.0000,0.1466,4867.1,0.0053,1,0
16.6470,0.087475,59.998170,0.005009,0.0000,0.1466,4872.5,0.0051,1,0
16.6473,0.087475,59.998169,0.005011,0.0000,0.1466,4871.5,0.0052,1,0
16.6470,0.087882,59.998168,0.005013,0.0000,0.1466,4872.4,0.0055,1,0
16.6480,0.087882,59.998167,0.005016,0.0000,0.1466,4866.8,0.0058,1,0
16.6473,0.087882,59.998167,0.005018,0.0000,0.1466,4870.6,0.0061,1,0
16.6488,0.087882,59.998166,0.005020,0.0000,0.1466,4860.8,0.0063,1,0
16.6474,0.087882,59.998165,0.005023,0.0000,0.1466,4865.7,0.0064,1,0
16.6474,0.087882,59.998164,0.005025,0.0000,0.1466,4867.8,0.0066,1,0
16.6477,0.087882,59.998163,0.005028,0.0000,0.1466,4862.0,0.0064,1,0
16.6470,0.087882,59.998162,0.005030,0.0000,0.1467,4867.4,0.0061,1,0
16.6479,0.087882,59.998161,0.005032,0.0000,0.1468,4858.7,0.0056,1,0
16.6469,0.087882,59.998159,0.005035,0.0000,0.1467,4867.0,0.0052,1,0
16.6481,0.088363,59.998158,0.005037,0.0000,0.1466,4859.1,0.0050,1,0
16.6468,0.088363,59.998157,0.005039,0.0000,0.1466,4865.2,0.0050,1,0
16.6469,0.088363,59.998156,0.005042,0.0000,0.1466,4867.1,0.0050,1,0
16.6470,0.088363,59.998155,0.005044,0.0000,0.1466,4866.5,0.0052,1,0
16.6472,0.088363,59.998154,0.005046,0.0000,0.1466,4869.4,0.0054,1,0
16.6478,0.088363,59.998153,0.005049,0.0000,0.1466,4862.7,0.0057,1,0
16.6477,0.088363,59.998152,0.005051,0.0000,0.1466,4865.1,0.0060,1,0
16.6485,0.088363,59.998152,0.005053,0.0000,0.1466,4856.9,0.0063,1,0
16.6475,0.088363,59.998151,0.005056,0.0000,0.1466,4866.4,0.0065,1,0
16.6488,0.088363,59.998150,0.005058,0.0000,0.1469,4858.1,0.0067,1,0
16.6479,0.088771,59.998149,0.005061,0.0000,0.1473,4864.8,0.0068,1,0
16.6487,0.088771,59.998148,0.005063,0.0000,0.1470,4860.7,0.0070,1,0
16.6484,0.088771,59.998148,0.005065,0.0000,0.1466,4863.8,0.0072,1,0
16.6489,0.088771,59.998147,0.005068,0.0000,0.1466,4863.5,0.0076,1,0
16.6489,0.088771,59.998146,0.005070,0.0000,0.1466,4865.2,0.0079,1,0
16.6489,0.088771,59.998145,0.005072,0.0000,0.1466,4868.0,0.0081,1,0
16.6491,0.088771,59.998145,0.005075,0.0000,0.1466,4866.6,0.0083,1,0
16.6493,0.088771,59.998144,0.005077,0.0000,0.1469,4866.3,0.0080,1,0
16.6497,0.088771,59.998144,0.005079,0.0000,0.1473,4862.2,0.0078,1,0
16.6497,0.088771,59.998143,0.005082,0.0000,0.1473,4862.8,0.0084,1,0
16.6496,0.089178,59.998142,0.005084,0.0000,0.1473,4862.1,0.0089,1,0
16.6494,0.089178,59.998142,0.005086,0.0000,0.1473,4865.3,0.0093,1,0
16.6493,0.089178,59.998141,0.005089,0.0000,0.1473,4865.9,0.0095,1,0
16.6494,0.089178,59.998141,0.005091,0.0000,0.1467,4867.2,0.0095,1,0
16.6497,0.089178,59.998140,0.005093,0.0000,0.1460,4866.2,0.0094,1,0
16.6496,0.089178,59.998139,0.005096,0.0000,0.1467,4866.3,0.0090,1,0
16.6498,0.089178,59.998137,0.005098,0.0000,0.1473,4865.0,0.0087,1,0
16.6491,0.089178,59.998136,0.005101,0.0000,0.1473,4869.0,0.0087,1,0
16.6486,0.089178,59.998135,0.005103,0.0000,0.1473,4874.4,0.0087,1,0
16.6487,0.089178,59.998133,0.005105,0.0000,0.1473,4875.1,0.0087,1,0
16.6487,0.089666,59.998132,0.005108,0.0000,0.1473,4877.6,0.0087,1,0
16.6496,0.089666,59.998131,0.005110,0.0000,0.1473,4871.8,0.0087,1,0
16.6494,0.089666,59.998130,0.005112,0.0000,0.1473,4873.3,0.0089,1,0
16.6500,0.089666,59.998128,0.005115,0.0000,0.1473,4868.2,0.0090,1,0
16.6500,0.089666,59.998127,0.005117,0.0000,0.1473,4870.1,0.0090,1,0
16.6503,0.089666,59.998126,0.005119,0.0000,0.1473,4867.5,0.0090,1,0
16.6502,0.089666,59.998126,0.005122,0.0000,0.1473,4868.5,0.0090,1,0
16.6501,0.089666,59.998125,0.005124,0.0000,0.1473,4868.6,0.0090,1,0
16.6504,0.089666,59.998124,0.005126,0.0000,0.1473,4865.5,0.0092,1,0
16.6498,0.089666,59.998123,0.005129,0.0000,0.1473,4869.6,0.0093,1,0
16.6504,0.090075,59.998123,0.005131,0.0000,0.1473,4866.7,0.0094,1,0
16.6499,0.090075,59.998122,0.005133,0.0000,0.1473,4870.5,0.0094,1,0
16.6502,0.090075,59.998121,0.005136,0.0000,0.1473,4869.9,0.0093,1,0
16.6500,0.090075,59.998121,0.005138,0.0000,0.1472,4869.3,0.0091,1,0
16.6500,0.090075,59.998120,0.005140,0.0000,0.1470,4870.1,0.0091,1,0
16.6503,0.090075,59.998119,0.005143,0.0000,0.1472,4865.1,0.0093,1,0
16.6501,0.090075,59.998118,0.005145,0.0000,0.1473,4866.8,0.0095,1,0
16.6506,0.090075,59.998116,0.005147,0.0000,0.1473,4861.6,0.0096,1,0
16.6500,0.090075,59.998115,0.005150,0.0000,0.1473,4866.9,0.0094,1,0
16.6505,0.090075,59.998114,0.005152,0.0000,0.1473,4862.9,0.0092,1,0
16.6503,0.090483,59.998113,0.005154,0.0000,0.1473,4866.1,0.0092,1,0
16.6505,0.090483,59.998112,0.005157,0.0000,0.1473,4865.9,0.0091,1,0
16.6506,0.090483,59.998110,0.005159,0.0000,0.1473,4863.8,0.0090,1,0
16.6501,0.090483,59.998109,0.005161,0.0000,0.1473,4867.4,0.0088,1,0
16.6504,0.090483,59.998108,0.005164,0.0000,0.1473,4865.7,0.0087,1,0
16.6495,0.090483,59.998107,0.005166,0.0000,0.1473,4870.8,0.0087,1,0
16.6502,0.090483,59.998106,0.005169,0.0000,0.1472,4866.5,0.0087,1,0
16.6495,0.090483,59.998106,0.005171,0.0000,0.1473,4870.1,0.0086,1,0
16.6504,0.090483,59.998105,0.005173,0.0000,0.1473,4865.1,0.0087,1,0
16.6502,0.090483,59.998104,0.005176,0.0000,0.1473,4866.6,0.0088,1,0
16.6506,0.090970,59.998103,0.005178,0.0000,0.1473,4863.7,0.0088,1,0
16.6503,0.090970,59.998102,0.005180,0.0000,0.1473,4864.0,0.0085,1,0
16.6499,0.090970,59.998102,0.005183,0.0000,0.1473,4868.3,0.0084,1,0
16.6507,0.090970,59.998101,0.005185,0.0000,0.1473,4860.8,0.0084,1,0
16.6498,0.090970,59.998100,0.005187,0.0000,0.1473,4867.1,0.0084,1,0
16.6507,0.090970,59.998099,0.005190,0.0000,0.1473,4861.1,0.0084,1,0
16.6497,0.090970,59.998098,0.005192,0.0000,0.1473,4867.5,0.0084,1,0
16.6499,0.090970,59.998097,0.005194,0.0000,0.1473,4868.1,0.0084,1,0
16.6498,0.090970,59.998096,0.005197,0.0000,0.1473,4870.7,0.0084,1,0
16.6502,0.090970,59.998095,0.005199,0.0000,0.1473,4870.5,0.0084,1,0
16.6504,0.091377,59.998094,0.005201,0.0000,0.1473,4870.1,0.0084,1,0
16.6509,0.091377,59.998093,0.005204,0.0000,0.1473,4866.8,0.0085,1,0
16.6510,0.091377,59.998092,0.005206,0.0000,0.1473,4865.4,0.0086,1,0
16.6513,0.091377,59.998091,0.005208,0.0000,0.1473,4864.7,0.0088,1,0
16.6512,0.091377,59.998090,0.005211,0.0000,0.1473,4863.2,0.0088,1,0
16.6507,0.091377,59.998089,0.005213,0.0000,0.1473,4868.3,0.0088,1,0
16.6512,0.091377,59.998088,0.005215,0.0000,0.1473,4864.8,0.0089,1,0
16.6510,0.091377,59.998087,0.005218,0.0000,0.1473,4867.1,0.0091,1,0
16.6513,0.091377,59.998086,0.005220,0.0000,0.1473,4865.6,0.0093,1,0
16.6512,0.091377,59.998085,0.005222,0.0000,0.1478,4865.1,0.0093,1,0
16.6509,0.091785,59.998084,0.005225,0.0000,0.1483,4869.1,0.0093,1,0
16.6511,0.091785,59.998083,0.005227,0.0000,0.1487,4868.1,0.0095,1,0
16.6505,0.091785,59.998082,0.005229,0.0000,0.1491,4871.8,0.0098,1,0
16.6512,0.091785,59.998081,0.005232,0.0000,0.1491,4868.5,0.0101,1,0
16.6511,0.091785,59.998080,0.005234,0.0000,0.1491,4869.0,0.0105,1,0
16.6518,0.091785,59.998079,0.005236,0.0000,0.1491,4865.2,0.0108,1,0
16.6515,0.091785,59.998078,0.005239,0.0000,0.1491,4864.1,0.0112,1,0
16.6514,0.091785,59.998077,0.005241,0.0000,0.1484,4867.6,0.0115,1,0
16.6517,0.091785,59.998076,0.005243,0.0000,0.1477,4862.8,0.0116,1,0
16.6512,0.091785,59.998075,0.005246,0.0000,0.1487,4867.6,0.0119,1,0
16.6518,0.092264,59.998074,0.005248,0.0000,0.1497,4862.2,0.0123,1,0
16.6512,0.092264,59.998073,0.005250,0.0000,0.1499,4866.8,0.0126,1,0
16.6518,0.092264,59.998072,0.005253,0.0000,0.1500,4861.1,0.0129,1,0
16.6511,0.092264,59.998071,0.005255,0.0000,0.1496,4867.0,0.0132,1,0
16.6512,0.092264,59.998070,0.005257,0.0000,0.1491,4868.0,0.0133,1,0
16.6511,0.092264,59.998069,0.005259,0.0000,0.1491,4868.9,0.0134,1,0
16.6513,0.092264,59.998068,0.005262,0.0000,0.1491,4870.8,0.0136,1,0
16.6516,0.092264,59.998068,0.005264,0.0000,0.1496,4866.7,0.0138,1,0
16.6518,0.092264,59.998067,0.005266,0.0000,0.1500,4865.6,0.0139,1,0
16.6521,0.092264,59.998066,0.005269,0.0000,0.1504,4862.2,0.0140,1,0
16.6517,0.092671,59.998065,0.005271,0.0000,0.1508,4866.4,0.0141,1,0
16.6522,0.092671,59.998064,0.005273,0.0000,0.1516,4862.3,0.0141,1,0
16.6517,0.092671,59.998064,0.005276,0.0000,0.1524,4867.1,0.0141,1,0
16.6522,0.092671,59.998063,0.005278,0.0000,0.1521,4863.0,0.0140,1,0
16.6519,0.092671,59.998062,0.005280,0.0000,0.1518,4865.4,0.0138,1,0
16.6520,0.092671,59.998061,0.005283,0.0000,0.1524,4864.5,0.0136,1,0
16.6517,0.092671,59.998060,0.005285,0.0000,0.1529,4865.6,0.0133,1,0
16.6510,0.092671,59.998058,0.005287,0.0000,0.1533,4871.9,0.0133,1,0
16.6514,0.092671,59.998057,0.005290,0.0000,0.1538,4869.6,0.0133,1,0
16.6515,0.092671,59.998056,0.005292,0.0000,0.1547,4872.0,0.0134,1,0
16.6519,0.093077,59.998055,0.005294,0.0000,0.1557,4870.1,0.0135,1,0
16.6523,0.093077,59.998054,0.005297,0.0000,0.1565,4867.2,0.0136,1,0
16.6523,0.093077,59.998052,0.005299,0.0000,0.1574,4867.0,0.0137,1,0
16.6524,0.093077,59.998051,0.005301,0.0000,0.1580,4867.2,0.0138,1,0
16.6520,0.093077,59.998050,0.005304,0.0000,0.1585,4867.6,0.0138,1,0
16.6518,0.093077,59.998049,0.005306,0.0000,0.1590,4868.6,0.0140,1,0
16.6520,0.093077,59.998049,0.005308,0.0000,0.1595,4867.6,0.0143,1,0
16.6520,0.093077,59.998048,0.005311,0.0000,0.1599,4869.3,0.0147,1,0
16.6522,0.093077,59.998047,0.005313,0.0000,0.1604,4867.5,0.0150,1,0
16.6517,0.093077,59.998047,0.005315,0.0000,0.1609,4869.7,0.0156,1,0
16.6512,0.093551,59.998046,0.005317,0.0000,0.1614,4873.8,0.0162,1,0
16.6512,0.093551,59.998045,0.005320,0.0000,0.1618,4874.0,0.0169,1,0
16.6511,0.093551,59.998044,0.005322,0.0000,0.1621,4875.3,0.0177,1,0
16.6514,0.093551,59.998044,0.005324,0.0000,0.1628,4874.3,0.0185,1,0
16.6516,0.093551,59.998043,0.005327,0.0000,0.1635,4872.5,0.0194,1,0
16.6519,0.093551,59.998042,0.005329,0.0000,0.1636,4870.3,0.0204,1,0
16.6518,0.093551,59.998040,0.005331,0.0000,0.1638,4871.1,0.0214,1,0
16.6516,0.093551,59.998039,0.005334,0.0000,0.1644,4873.1,0.0225,1,0
16.6519,0.093551,59.998038,0.005336,0.0000,0.1651,4871.9,0.0235,1,0
16.6513,0.093551,59.998036,0.005338,0.0000,0.1649,4874.2,0.0245,1,0
16.6519,0.093957,59.998035,0.005341,0.0000,0.1648,4868.0,0.0253,1,0
16.6514,0.093957,59.998034,0.005343,0.0000,0.1651,4869.7,0.0259,1,0
16.6511,0.093957,59.998033,0.005345,0.0000,0.1655,4871.5,0.0265,1,0
16.6506,0.093957,59.998031,0.005348,0.0000,0.1656,4875.3,0.0271,1,0
16.6503,0.093957,59.998030,0.005350,0.0000,0.1656,4879.3,0.0277,1,0
16.6508,0.093957,59.998029,0.005352,0.0000,0.1656,4876.6,0.0283,1,0
16.6507,0.093957,59.998029,0.005354,0.0000,0.1656,4877.8,0.0288,1,0
16.6513,0.093957,59.998028,0.005357,0.0000,0.1667,4873.5,0.0293,1,0
16.6513,0.093957,59.998028,0.005359,0.0000,0.1677,4874.3,0.0299,1,0
16.6518,0.093957,59.998027,0.005361,0.0000,0.1690,4867.9,0.0305,1,0
16.6509,0.094364,59.998026,0.005364,0.0000,0.1702,4872.1,0.0313,1,0
16.6510,0.094364,59.998026,0.005366,0.0000,0.1726,4871.9,0.0322,1,0
16.6509,0.094364,59.998025,0.005368,0.0000,0.1750,4871.0,0.0330,1,0
16.6508,0.094364,59.998025,0.005371,0.0000,0.1769,4872.4,0.0338,1,0
16.6510,0.094364,59.998024,0.005373,0.0000,0.1788,4870.4,0.0347,1,0
16.6506,0.094364,59.998023,0.005375,0.0000,0.1816,4873.0,0.0356,1,0
16.6508,0.094364,59.998022,0.005377,0.0000,0.1844,4872.1,0.0368,1,0
16.6502,0.094364,59.998021,0.005380,0.0000,0.1851,4875.4,0.0380,1,0
16.6505,0.094364,59.998020,0.005382,0.0000,0.1857,4875.9,0.0395,1,0
16.6507,0.094364,59.998019,0.005384,0.0000,0.1862,4873.5,0.0411,1,0
16.6508,0.094831,59.998017,0.005387,0.0000,0.1868,4873.0,0.0428,1,0
16.6511,0.094831,59.998016,0.005389,0.0000,0.1873,4870.3,0.0445,1,0
16.6511,0.094831,59.998015,0.005391,0.0000,0.1878,4870.0,0.0462,1,0
16.6512,0.094831,59.998014,0.005393,0.0000,0.1878,4870.1,0.0477,1,0
16.6511,0.094831,59.998013,0.005396,0.0000,0.1878,4869.8,0.0493,1,0
16.6510,0.094831,59.998012,0.005398,0.0000,0.1880,4870.3,0.0509,1,0
16.6508,0.094831,59.998011,0.005400,0.0000,0.1882,4869.0,0.0526,1,0
16.6508,0.094831,59.998011,0.005402,0.0000,0.1891,4870.0,0.0544,1,0
16.6508,0.094831,59.998010,0.005405,0.0000,0.1899,4868.6,0.0562,1,0
16.6500,0.094831,59.998009,0.005407,0.0000,0.1922,4873.0,0.0581,1,0
16.6498,0.095238,59.998008,0.005409,0.0000,0.1945,4875.5,0.0600,1,0
16.6500,0.095238,59.998007,0.005412,0.0000,0.1978,4874.9,0.0619,1,0
16.6502,0.095238,59.998007,0.005414,0.0000,0.2012,4875.6,0.0637,1,0
16.6503,0.095238,59.998006,0.005416,0.0000,0.2036,4873.4,0.0654,1,0
16.6508,0.095238,59.998005,0.005418,0.0000,0.2061,4868.6,0.0669,1,0
16.6504,0.095238,59.998004,0.005421,0.0000,0.2081,4870.2,0.0684,1,0
16.6504,0.095238,59.998003,0.005423,0.0000,0.2101,4870.9,0.0696,1,0
16.6503,0.095238,59.998001,0.005425,0.0000,0.2122,4870.5,0.0706,1,0
16.6501,0.095238,59.998000,0.005427,0.0000,0.2143,4871.6,0.0714,1,0
16.6503,0.095238,59.997999,0.005430,0.0000,0.2187,4870.1,0.0719,1,0
16.6502,0.095644,59.997998,0.005432,0.0000,0.2231,4871.0,0.0724,1,0
16.6502,0.095644,59.997997,0.005434,0.0000,0.2309,4869.5,0.0727,1,0
16.6496,0.095644,59.997995,0.005436,0.0000,0.2388,4871.8,0.0730,1,0
16.6490,0.095644,59.997994,0.005439,0.0000,0.2479,4875.7,0.0733,1,0
16.6492,0.095644,59.997993,0.005441,0.0000,0.2571,4875.0,0.0735,1,0
16.6493,0.095644,59.997992,0.005443,0.0000,0.2663,4877.7,0.0736,1,0
16.6500,0.095644,59.997992,0.005445,0.0000,0.2754,4870.8,0.0736,1,0
16.6496,0.095644,59.997991,0.005447,0.0000,0.2827,4873.9,0.0734,1,0
16.6502,0.095644,59.997990,0.005450,0.0000,0.2900,4869.5,0.0733,1,0
16.6497,0.095644,59.997990,0.005452,0.0000,0.2946,4872.1,0.0730,1,0
16.6503,0.096110,59.997989,0.005454,0.0000,0.2992,4869.0,0.0727,1,0
16.6500,0.096110,59.997988,0.005456,0.0000,0.3021,4870.2,0.0723,1,0
16.6501,0.096110,59.997987,0.005458,0.0000,0.3050,4869.8,0.0719,1,0
16.6502,0.096110,59.997987,0.005461,0.0000,0.3064,4868.1,0.0715,1,0
16.6497,0.096110,59.997986,0.005463,0.0000,0.3077,4871.3,0.0711,1,0
16.6500,0.096110,59.997985,0.005465,0.0000,0.3087,4869.0,0.0708,1,0
16.6495,0.096110,59.997984,0.005467,0.0000,0.3097,4873.0,0.0705,1,0
16.6497,0.096110,59.997982,0.005469,0.0000,0.3101,4873.6,0.0700,1,0
16.6501,0.096110,59.997981,0.005472,0.0000,0.3106,4871.4,0.0695,1,0
16.6500,0.096110,59.997980,0.005474,0.0000,0.3107,4872.2,0.0690,1,0
16.6504,0.096517,59.997979,0.005476,0.0000,0.3108,4868.9,0.0685,1,0
16.6505,0.096517,59.997978,0.005478,0.0000,0.3111,4869.3,0.0679,1,0
16.6507,0.096517,59.997976,0.005480,0.0000,0.3114,4866.6,0.0673,1,0
16.6505,0.096517,59.997975,0.005483,0.0000,0.3119,4868.7,0.0667,1,0
16.6507,0.096517,59.997974,0.005485,0.0000,0.3124,4867.3,0.0661,1,0
16.6507,0.096517,59.997973,0.005487,0.0000,0.3131,4868.5,0.0655,1,0
16.6508,0.096517,59.997972,0.005489,0.0000,0.3137,4867.6,0.0652,1,0
16.6507,0.096517,59.997971,0.005491,0.0000,0.3137,4868.5,0.0650,1,0
16.6508,0.096517,59.997970,0.005493,0.0000,0.3137,4868.2,0.0651,1,0
16.6500,0.096517,59.997968,0.005496,0.0000,0.3139,4870.9,0.0655,1,0
16.6499,0.096923,59.997967,0.005498,0.0000,0.3141,4872.0,0.0659,1,0
16.6502,0.096923,59.997966,0.005500,0.0000,0.3141,4870.9,0.0663,1,0
16.6503,0.096923,59.997965,0.005502,0.0000,0.3141,4870.5,0.0667,1,0
16.6506,0.096923,59.997964,0.005504,0.0000,0.3150,4869.5,0.0670,1,0
16.6508,0.096923,59.997963,0.005506,0.0000,0.3158,4867.0,0.0672,1,0
16.6506,0.096923,59.997962,0.005508,0.0000,0.3166,4868.9,0.0675,1,0
16.6508,0.096923,59.997960,0.005511,0.0000,0.3175,4864.4,0.0675,1,0
16.6503,0.096923,59.997959,0.005513,0.0000,0.3176,4869.3,0.0675,1,0
16.6508,0.096923,59.997958,0.005515,0.0000,0.3177,4864.5,0.0675,1,0
16.6503,0.096923,59.997957,0.005517,0.0000,0.3175,4868.8,0.0675,1,0
16.6510,0.097389,59.997955,0.005519,0.0000,0.3173,4862.0,0.0679,1,0
16.6499,0.097389,59.997954,0.005521,0.0000,0.3174,4868.6,0.0684,1,0
16.6497,0.097389,59.997953,0.005523,0.0000,0.3175,4869.7,0.0691,1,0
16.6498,0.097389,59.997951,0.005526,0.0000,0.3172,4869.3,0.0697,1,0
16.6495,0.097389,59.997950,0.005528,0.0000,0.3168,4875.6,0.0703,1,0
16.6504,0.097389,59.997949,0.005530,0.0000,0.3172,4867.6,0.0707,1,0
16.6499,0.097389,59.997949,0.005532,0.0000,0.3175,4871.9,0.0711,1,0
16.6507,0.097389,59.997948,0.005534,0.0000,0.3172,4865.2,0.0716,1,0
16.6500,0.097389,59.997948,0.005536,0.0000,0.3168,4869.7,0.0721,1,0
16.6507,0.097389,59.997947,0.005538,0.0000,0.3162,4863.9,0.0726,1,0
16.6498,0.097796,59.997946,0.005540,0.0000,0.3156,4868.8,0.0732,1,0
16.6503,0.097796,59.997946,0.005542,0.0000,0.3153,4867.7,0.0738,1,0
16.6502,0.097796,59.997945,0.005544,0.0000,0.3149,4865.5,0.0744,1,0
16.6500,0.097796,59.997945,0.005547,0.0000,0.3142,4871.0,0.0752,1,0
16.6505,0.097796,59.997944,0.005549,0.0000,0.3135,4864.4,0.0760,1,0
16.6497,0.097796,59.997943,0.005551,0.0000,0.3128,4872.6,0.0770,1,0
16.6503,0.097796,59.997942,0.005553,0.0000,0.3120,4867.0,0.0780,1,0
16.6496,0.097796,59.997940,0.005555,0.0000,0.3115,4872.3,0.0793,1,0
16.6505,0.097796,59.997939,0.005557,0.0000,0.3111,4866.5,0.0806,1,0
16.6501,0.097796,59.997938,0.005559,0.0000,0.3099,4869.4,0.0822,1,0
16.6509,0.098204,59.997937,0.005561,0.0000,0.3086,4864.8,0.0839,1,0
16.6507,0.098204,59.997936,0.005563,0.0000,0.3060,4866.2,0.0855,1,0
16.6511,0.098204,59.997934,0.005565,0.0000,0.3034,4863.7,0.0873,1,0
16.6505,0.098204,59.997933,0.005567,0.0000,0.3008,4864.4,0.0890,1,0
16.6502,0.098204,59.997932,0.005569,0.0000,0.2983,4868.0,0.0909,1,0
16.6507,0.098204,59.997931,0.005571,0.0000,0.2957,4862.6,0.0929,1,0
16.6504,0.098204,59.997930,0.005573,0.0000,0.2931,4866.2,0.0949,1,0
16.6510,0.098204,59.997928,0.005576,0.0000,0.2905,4860.8,0.0970,1,0
16.6495,0.098204,59.997927,0.005578,0.0000,0.2879,4871.0,0.0991,1,0
16.6501,0.098204,59.997926,0.005580,0.0000,0.2848,4868.7,0.1012,1,0
16.6499,0.098668,59.997925,0.005582,0.0000,0.2818,4870.8,0.1030,1,0
16.6501,0.098668,59.997924,0.005584,0.0000,0.2795,4869.3,0.1046,1,0
16.6500,0.098668,59.997922,0.005586,0.0000,0.2772,4869.6,0.1058,1,0
16.6505,0.098668,59.997921,0.005588,0.0000,0.2743,4868.0,0.1067,1,0
16.6503,0.098668,59.997920,0.005590,0.0000,0.2713,4867.9,0.1072,1,0
16.6502,0.098668,59.997919,0.005592,0.0000,0.2691,4868.1,0.1074,1,0
16.6502,0.098668,59.997918,0.005594,0.0000,0.2669,4868.9,0.1073,1,0
16.6501,0.098668,59.997917,0.005596,0.0000,0.2660,4872.1,0.1069,1,0
16.6503,0.098668,59.997916,0.005598,0.0000,0.2651,4869.8,0.1065,1,0
16.6506,0.098668,59.997915,0.005600,0.0000,0.2653,4871.5,0.1060,1,0
16.6503,0.099074,59.997914,0.005602,0.0000,0.2655,4871.9,0.1055,1,0
16.6504,0.099074,59.997913,0.005604,0.0000,0.2655,4874.2,0.1050,1,0
16.6506,0.099074,59.997912,0.005606,0.0000,0.2655,4876.3,0.1044,1,0
16.6506,0.099074,59.997911,0.005608,0.0000,0.2653,4878.2,0.1039,1,0
16.6509,0.099074,59.997910,0.005610,0.0000,0.2651,4876.6,0.1032,1,0
16.6513,0.099074,59.997909,0.005612,0.0000,0.2648,4875.3,0.1026,1,0
16.6516,0.099074,59.997908,0.005613,0.0000,0.2645,4872.2,0.1020,1,0
16.6517,0.099074,59.997907,0.005615,0.0000,0.2650,4870.3,0.1013,1,0
16.6514,0.099074,59.997906,0.005617,0.0000,0.2655,4869.6,0.1006,1,0
16.6510,0.099074,59.997905,0.005619,0.0000,0.2664,4872.1,0.0999,1,0
16.6514,0.099483,59.997904,0.005621,0.0000,0.2673,4869.0,0.0991,1,0
16.6508,0.099483,59.997903,0.005623,0.0000,0.2690,4871.3,0.0983,1,0
16.6512,0.099483,59.997902,0.005625,0.0000,0.2707,4870.4,0.0975,1,0
16.6506,0.099483,59.997901,0.005627,0.0000,0.2730,4871.9,0.0966,1,0
16.6502,0.099483,59.997900,0.005629,0.0000,0.2752,4876.0,0.0956,1,0
16.6506,0.099483,59.997899,0.005631,0.0000,0.2777,4874.9,0.0944,1,0
16.6505,0.099483,59.997897,0.005633,0.0000,0.2802,4878.2,0.0931,1,0
16.6511,0.099483,59.997896,0.005635,0.0000,0.2820,4874.5,0.0917,1,0
16.6511,0.099483,59.997895,0.005637,0.0000,0.2838,4874.8,0.0903,1,0
16.6516,0.099483,59.997893,0.005638,0.0000,0.2851,4870.4,0.0889,1,0
16.6515,0.099947,59.997892,0.005640,0.0000,0.2864,4872.6,0.0875,1,0
16.6518,0.099947,59.997891,0.005642,0.0000,0.2880,4869.4,0.0861,1,0
16.6519,0.099947,59.997890,0.005644,0.0000,0.2897,4920.8,0.0847,1,0
16.6778,0.099947,59.997888,0.005646,0.0000,0.2919,5000.6,0.0834,1,0
16.7116,0.099947,59.997887,0.005648,0.0000,0.2941,5048.1,0.0821,1,0
16.7491,0.099947,59.997886,0.005650,0.0000,0.2972,5078.0,0.0811,1,0
16.7889,0.099947,59.997885,0.005652,0.0000,0.3002,5097.8,0.0800,1,0
16.8310,0.099947,59.997883,0.005654,0.0007,0.3044,5107.1,0.0791,1,0
16.8725,0.099947,59.997882,0.005656,0.0014,0.3086,5119.0,0.0783,1,0
16.9134,0.099947,59.997881,0.005657,0.0007,0.3125,5133.6,0.0776,1,0
16.9550,0.100361,59.997880,0.005659,0.0000,0.3165,5145.6,0.0772,1,0
16.9995,0.100361,59.997879,0.005661,0.0000,0.3182,5146.7,0.0770,1,0
17.0414,0.100361,59.997877,0.005663,0.0000,0.3200,5158.0,0.0769,1,0
17.0835,0.100361,59.997876,0.005665,0.0000,0.3211,5168.8,0.0770,1,0
17.1261,0.100361,59.997875,0.005667,0.0000,0.3222,5177.4,0.0772,1,0
17.1659,0.100361,59.997874,0.005669,0.0000,0.3223,5197.6,0.0775,1,0
17.2079,0.100361,59.997873,0.005671,0.0000,0.3223,5208.5,0.0778,1,0
17.2502,0.100361,59.997872,0.005673,0.0000,0.3223,5217.1,0.0781,1,0
17.2932,0.100361,59.997871,0.005674,0.0000,0.3223,5223.2,0.0783,1,0
17.3353,0.100361,59.997870,0.005676,0.0000,0.3223,5233.1,0.0785,1,0
17.3762,0.100787,59.997868,0.005678,0.0000,0.3223,5248.1,0.0786,1,0
17.4165,0.100787,59.997867,0.005680,0.0000,0.3223,5264.7,0.0786,1,0
17.4570,0.100787,59.997866,0.005682,0.0000,0.3223,5280.0,0.0786,1,0
17.4977,0.100787,59.997865,0.005684,0.0001,0.3223,5294.7,0.0785,1,0
17.5392,0.100787,59.997864,0.005686,0.0002,0.3223,5304.2,0.0783,1,0
17.5809,0.100787,59.997863,0.005688,0.0001,0.3223,5312.8,0.0781,1,0
17.6214,0.100787,59.997861,0.005690,0.0000,0.3223,5326.7,0.0779,1,0
17.6612,0.100787,59.997860,0.005692,0.0000,0.3216,5342.8,0.0778,1,0
17.7012,0.100787,59.997858,0.005694,0.0000,0.3210,5356.9,0.0779,1,0
17.7413,0.100787,59.997857,0.005695,0.0000,0.3215,5370.7,0.0781,1,0
17.7834,0.101277,59.997856,0.005697,0.0000,0.3220,5375.9,0.0783,1,0
17.8252,0.101277,59.997854,0.005699,0.0000,0.3221,5382.3,0.0785,1,0
17.8654,0.101277,59.997853,0.005701,0.0000,0.3221,5394.0,0.0785,1,0
17.9050,0.101277,59.997851,0.005703,0.0000,0.3227,5409.1,0.0785,1,0
17.9450,0.101277,59.997850,0.005705,0.0000,0.3233,5422.3,0.0783,1,0
17.9840,0.101277,59.997849,0.005707,0.0000,0.3233,5438.2,0.0781,1,0
18.0240,0.101277,59.997847,0.005709,0.0000,0.3233,5450.1,0.0779,1,0
18.0650,0.101277,59.997846,0.005711,0.0000,0.3233,5456.2,0.0777,1,0
18.1049,0.101277,59.997845,0.005713,0.0000,0.3233,5467.0,0.0775,1,0
18.1436,0.101277,59.997843,0.005715,0.0000,0.3233,5482.8,0.0775,1,0
18.1834,0.101722,59.997842,0.005717,0.0000,0.3233,5493.5,0.0774,1,0
18.2239,0.101722,59.997841,0.005719,0.0000,0.3227,5501.9,0.0773,1,0
18.2644,0.101722,59.997840,0.005720,0.0000,0.3220,5509.2,0.0775,1,0
18.3041,0.101722,59.997838,0.005722,0.0000,0.3220,5519.4,0.0778,1,0
18.3437,0.101722,59.997837,0.005724,0.0000,0.3220,5529.8,0.0781,1,0
18.3836,0.101722,59.997835,0.005726,0.0000,0.3220,5539.1,0.0786,1,0
18.4229,0.101722,59.997834,0.005728,0.0000,0.3220,5549.6,0.0790,1,0
18.4611,0.101722,59.997832,0.005730,0.0000,0.3224,5563.4,0.0795,1,0
18.4993,0.101722,59.997830,0.005732,0.0000,0.3228,5577.8,0.0800,1,0
18.5389,0.101722,59.997828,0.005734,0.0000,0.3241,5585.0,0.0805,1,0
18.5778,0.102176,59.997827,0.005736,0.0000,0.3254,5595.6,0.0809,1,0
18.6176,0.102176,59.997825,0.005738,0.0000,0.3276,5602.9,0.0811,1,0
18.6569,0.102176,59.997823,0.005740,0.0000,0.3298,5614.5,0.0814,1,0
18.6966,0.102176,59.997822,0.005742,0.0000,0.3314,5624.3,0.0814,1,0
18.7352,0.102176,59.997820,0.005744,0.0000,0.3330,5639.5,0.0814,1,0
18.7736,0.102176,59.997819,0.005745,0.0000,0.3342,5655.2,0.0813,1,0
18.8118,0.102176,59.997818,0.005747,0.0000,0.3355,5672.2,0.0810,1,0
18.8500,0.102176,59.997817,0.005749,0.0000,0.3362,5688.6,0.0807,1,0
18.8882,0.102176,59.997816,0.005751,0.0000,0.3370,5704.7,0.0802,1,0
18.9273,0.102176,59.997815,0.005753,0.0000,0.3372,5716.1,0.0795,1,0
18.9666,0.102697,59.997814,0.005755,0.0000,0.3375,5726.4,0.0789,1,0
19.0055,0.102697,59.997813,0.005757,0.0000,0.3375,5738.0,0.0781,1,0
19.0441,0.102697,59.997812,0.005759,0.0000,0.3375,5750.8,0.0774,1,0
19.0833,0.102697,59.997811,0.005761,0.0000,0.3375,5761.1,0.0768,1,0
19.1231,0.102697,59.997810,0.005763,0.0000,0.3375,5768.1,0.0762,1,0
19.1630,0.102697,59.997809,0.005765,0.0000,0.3375,5774.5,0.0757,1,0
19.2019,0.102697,59.997807,0.005767,0.0000,0.3375,5784.7,0.0753,1,0
19.2406,0.102697,59.997806,0.005769,0.0000,0.3375,5796.0,0.0750,1,0
19.2783,0.102697,59.997804,0.005770,0.0000,0.3375,5810.7,0.0746,1,0
19.3162,0.102697,59.997803,0.005772,0.0000,0.3375,5823.8,0.0744,1,0
19.3543,0.103171,59.997801,0.005774,0.0000,0.3375,5834.6,0.0742,1,0
19.3926,0.103171,59.997800,0.005776,0.0000,0.3374,5844.3,0.0742,1,0
19.4302,0.103171,59.997798,0.005778,0.0000,0.3372,5855.6,0.0743,1,0
19.4679,0.103171,59.997797,0.005780,0.0000,0.3372,5866.3,0.0745,1,0
19.5060,0.103171,59.997795,0.005782,0.0000,0.3372,5875.7,0.0749,1,0
19.5422,0.103171,59.997794,0.005784,0.0000,0.3372,5892.7,0.0752,1,0
19.5799,0.103171,59.997792,0.005786,0.0000,0.3372,5902.5,0.0755,1,0
19.6174,0.103171,59.997791,0.005788,0.0000,0.3372,5913.4,0.0759,1,0
19.6539,0.103171,59.997789,0.005790,0.0000,0.3372,5927.3,0.0762,1,0
19.6917,0.103171,59.997788,0.005792,0.0000,0.3372,5936.0,0.0764,1,0
19.7276,0.103711,59.997786,0.005794,0.0000,0.3371,5949.2,0.0765,1,0
19.7639,0.103711,59.997785,0.005796,0.0000,0.3370,5960.8,0.0766,1,0
19.8005,0.103711,59.997783,0.005797,0.0000,0.3369,5970.4,0.0765,1,0
19.8364,0.103711,59.997782,0.005799,0.0000,0.3371,5982.9,0.0761,1,0
19.8729,0.103711,59.997780,0.005801,0.0000,0.3372,5994.0,0.0758,1,0
19.9087,0.103711,59.997778,0.005803,0.0000,0.3372,6005.6,0.0756,1,0
19.9447,0.103711,59.997777,0.005805,0.0000,0.3372,6016.8,0.0754,1,0
19.9813,0.103711,59.997775,0.005807,0.0000,0.3372,6025.3,0.0753,1,0
20.0166,0.103711,59.997774,0.005809,0.0000,0.3372,6036.5,0.0756,1,0
20.0520,0.103711,59.997772,0.005811,0.0000,0.3372,6049.1,0.0760,1,0
20.0876,0.104201,59.997771,0.005813,0.0000,0.3372,6059.3,0.0765,1,0
20.1227,0.104201,59.997769,0.005815,0.0000,0.3372,6071.5,0.0772,1,0
20.1575,0.104201,59.997768,0.005817,0.0000,0.3372,6082.7,0.0781,1,0
20.1926,0.104201,59.997766,0.005818,0.0000,0.3372,6093.0,0.0792,1,0
20.2277,0.104201,59.997765,0.005820,0.0000,0.3372,6102.6,0.0805,1,0
20.2622,0.104201,59.997763,0.005822,0.0000,0.3372,6113.0,0.0822,1,0
20.2974,0.104201,59.997762,0.005824,0.0000,0.3372,6121.3,0.0841,1,0
20.3317,0.104201,59.997760,0.005826,0.0001,0.3367,6133.5,0.0862,1,0
20.3669,0.104201,59.997759,0.005828,0.0002,0.3363,6141.5,0.0885,1,0
20.4008,0.104201,59.997757,0.005830,0.0001,0.3367,6153.9,0.0908,1,0
20.4339,0.104701,59.997756,0.005832,0.0000,0.3372,6167.8,0.0932,1,0
20.4681,0.104701,59.997754,0.005834,0.0000,0.3372,6176.4,0.0955,1,0
20.5019,0.104701,59.997753,0.005836,0.0000,0.3372,6185.8,0.0979,1,0
20.5361,0.104701,59.997751,0.005837,0.0007,0.3372,6192.9,0.1002,1,0
20.5692,0.104701,59.997750,0.005839,0.0015,0.3372,6203.3,0.1025,1,0
20.6021,0.104701,59.997748,0.005841,0.0007,0.3372,6215.2,0.1047,1,0
20.6357,0.104701,59.997747,0.005843,0.0000,0.3372,6224.0,0.1068,1,0
20.6691,0.104701,59.997745,0.005845,0.0001,0.3372,6233.9,0.1089,1,0
20.7016,0.104701,59.997744,0.005847,0.0002,0.3372,6246.3,0.1109,1,0
20.7347,0.104701,59.997742,0.005849,0.0001,0.3372,6255.7,0.1127,1,0
20.7675,0.105270,59.997740,0.005851,0.0000,0.3372,6265.8,0.1140,1,0
20.7998,0.105270,59.997739,0.005852,0.0000,0.3372,6276.0,0.1150,1,0
20.8323,0.105270,59.997737,0.005854,0.0000,0.3372,6285.8,0.1156,1,0
20.8650,0.105270,59.997736,0.005856,0.0000,0.3372,6294.3,0.1156,1,0
20.8973,0.105270,59.997734,0.005858,0.0000,0.3372,6302.8,0.1155,1,0
20.9297,0.105270,59.997732,0.005860,0.0000,0.3372,6312.2,0.1148,1,0
20.9620,0.105270,59.997730,0.005862,0.0000,0.3372,6321.7,0.1138,1,0
20.9941,0.105270,59.997728,0.005863,0.0000,0.3372,6331.2,0.1127,1,0
21.0252,0.105270,59.997726,0.005865,0.0000,0.3372,6343.2,0.1111,1,0
21.0572,0.105270,59.997725,0.005867,0.0001,0.3367,6353.1,0.1093,1,0
21.0890,0.105786,59.997723,0.005869,0.0002,0.3362,6363.0,0.1074,1,0
21.1205,0.105786,59.997721,0.005871,0.0001,0.3362,6374.5,0.1053,1,0
21.1515,0.105786,59.997719,0.005873,0.0000,0.3362,6386.3,0.1032,1,0
21.1826,0.105786,59.997717,0.005874,0.0000,0.3362,6397.1,0.1011,1,0
21.2137,0.105786,59.997715,0.005876,0.0000,0.3362,6404.8,0.0990,1,0
21.2449,0.105786,59.997714,0.005878,0.0000,0.3362,6413.4,0.0969,1,0
21.2763,0.105786,59.997712,0.005880,0.0000,0.3362,6421.8,0.0948,1,0
21.3082,0.105786,59.997711,0.005882,0.0000,0.3362,6428.9,0.0927,1,0
21.3398,0.105786,59.997709,0.005883,0.0000,0.3362,6437.3,0.0906,1,0
21.3707,0.105786,59.997708,0.005885,0.0000,0.3362,6447.8,0.0885,1,0
21.4011,0.106372,59.997706,0.005887,0.0000,0.3362,6458.9,0.0864,1,0
21.4317,0.106372,59.997705,0.005889,0.0000,0.3362,6468.1,0.0843,1,0
21.4630,0.106372,59.997703,0.005890,0.0000,0.3362,6474.4,0.0824,1,0
21.4933,0.106372,59.997702,0.005892,0.0000,0.3362,6483.9,0.0805,1,0
21.5236,0.106372,59.997700,0.005894,0.0000,0.3362,6493.7,0.0788,1,0
21.5534,0.106372,59.997698,0.005896,0.0000,0.3362,6504.9,0.0774,1,0
21.5828,0.106372,59.997696,0.005897,0.0000,0.3362,6517.7,0.0764,1,0
21.6137,0.106372,59.997694,0.005899,0.0000,0.3362,6523.1,0.0757,1,0
21.6441,0.106372,59.997692,0.005901,0.0000,0.3362,6530.1,0.0754,1,0
21.6741,0.106372,59.997690,0.005903,0.0000,0.3362,6539.3,0.0754,1,0
21.7036,0.106902,59.997688,0.005904,0.0000,0.3362,6549.0,0.0758,1,0
21.7330,0.106902,59.997686,0.005906,0.0000,0.3362,6559.6,0.0763,1,0
21.7618,0.106902,59.997684,0.005908,0.0000,0.3362,6570.0,0.0770,1,0
21.7919,0.106902,59.997682,0.005910,0.0000,0.3362,6574.9,0.0780,1,0
21.8214,0.106902,59.997680,0.005911,0.0000,0.3362,6582.6,0.0792,1,0
21.8502,0.106902,59.997678,0.005913,0.0000,0.3362,6590.3,0.0807,1,0
21.8791,0.106902,59.997677,0.005915,0.0000,0.3362,6598.8,0.0825,1,0
21.9085,0.106902,59.997675,0.005916,0.0001,0.3355,6604.6,0.0845,1,0
21.9375,0.106902,59.997674,0.005918,0.0002,0.3349,6611.2,0.0868,1,0
21.9656,0.106902,59.997673,0.005920,0.0001,0.3352,6620.6,0.0892,1,0
21.9934,0.107505,59.997671,0.005922,0.0000,0.3355,6630.4,0.0917,1,0
22.0211,0.107505,59.997670,0.005923,0.0004,0.3364,6639.8,0.0943,1,0
22.0490,0.107505,59.997668,0.005925,0.0007,0.3373,6647.8,0.0969,1,0
22.0771,0.107505,59.997667,0.005927,0.0004,0.3373,6654.1,0.0996,1,0
22.1047,0.107505,59.997665,0.005928,0.0000,0.3373,6663.1,0.1024,1,0
22.1327,0.107505,59.997663,0.005930,0.0000,0.3373,6669.8,0.1052,1,0
22.1596,0.107505,59.997661,0.005932,0.0000,0.3373,6679.8,0.1080,1,0
22.1862,0.107505,59.997659,0.005933,0.0000,0.3364,6691.6,0.1109,1,0
22.2139,0.107505,59.997657,0.005935,0.0000,0.3355,6697.6,0.1138,1,0
22.2401,0.107505,59.997656,0.005937,0.0000,0.3359,6708.6,0.1164,1,0
22.2662,0.108049,59.997654,0.005938,0.0000,0.3362,6718.9,0.1188,1,0
22.2930,0.108049,59.997652,0.005940,0.0000,0.3359,6726.3,0.1207,1,0
22.3187,0.108049,59.997650,0.005942,0.0000,0.3355,6735.9,0.1223,1,0
22.3445,0.108049,59.997648,0.005943,0.0000,0.3355,6745.2,0.1235,1,0
22.3707,0.108049,59.997646,0.005945,0.0000,0.3355,6753.0,0.1244,1,0
22.3965,0.108049,59.997644,0.005946,0.0000,0.3355,6762.5,0.1250,1,0
22.4225,0.108049,59.997642,0.005948,0.0000,0.3355,6770.8,0.1252,1,0
22.4487,0.108049,59.997640,0.005950,0.0000,0.3355,6778.0,0.1252,1,0
22.4739,0.108049,59.997638,0.005951,0.0000,0.3355,6788.8,0.1245,1,0
22.4990,0.108049,59.997637,0.005953,0.0000,0.3362,6799.3,0.1234,1,0
22.5244,0.108668,59.997635,0.005954,0.0000,0.3368,6808.2,0.1220,1,0
22.5505,0.108668,59.997633,0.005956,0.0000,0.3357,6812.9,0.1203,1,0
22.5767,0.108668,59.997631,0.005957,0.0000,0.3345,6817.7,0.1185,1,0
22.6015,0.108668,59.997629,0.005959,0.0000,0.3345,6827.5,0.1166,1,0
22.6260,0.108668,59.997627,0.005961,0.0000,0.3346,6838.8,0.1149,1,0
22.6520,0.108668,59.997625,0.005962,0.0000,0.3341,6844.0,0.1132,1,0
22.6780,0.108668,59.997624,0.005964,0.0000,0.3336,6848.2,0.1118,1,0
22.7037,0.108668,59.997622,0.005965,0.0000,0.3331,6854.8,0.1104,1,0
22.7285,0.108668,59.997620,0.005967,0.0000,0.3326,6864.0,0.1092,1,0
22.7535,0.108668,59.997619,0.005968,0.0000,0.3322,6870.9,0.1083,1,0
22.7790,0.109225,59.997617,0.005970,0.0000,0.3318,6875.0,0.1075,1,0
22.8047,0.109225,59.997615,0.005971,0.0000,0.3318,6878.0,0.1069,1,0
22.8297,0.109225,59.997613,0.005973,0.0000,0.3318,6883.3,0.1065,1,0
22.8551,0.109225,59.997612,0.005974,0.0000,0.3312,6886.7,0.1061,1,0
22.8794,0.109225,59.997610,0.005976,0.0000,0.3307,6892.9,0.1058,1,0
22.9043,0.109225,59.997608,0.005977,0.0000,0.3302,6896.4,0.1055,1,0
22.9293,0.109225,59.997606,0.005978,0.0000,0.3298,6899.0,0.1050,1,0
22.9527,0.109225,59.997604,0.005980,0.0000,0.3290,6908.2,0.1044,1,0
22.9759,0.109225,59.997602,0.005981,0.0000,0.3282,6917.3,0.1035,1,0
22.9995,0.109225,59.997600,0.005983,0.0000,0.3271,6922.9,0.1026,1,0
23.0228,0.109788,59.997598,0.005984,0.0000,0.3259,6928.6,0.1017,1,0
23.0456,0.109788,59.997596,0.005986,0.0000,0.3249,6935.8,0.1007,1,0
23.0685,0.109788,59.997594,0.005987,0.0000,0.3238,6942.0,0.0998,1,0
23.0910,0.109788,59.997592,0.005988,0.0000,0.3226,6949.4,0.0990,1,0
23.1135,0.109788,59.997590,0.005990,0.0000,0.3214,6956.5,0.0982,1,0
23.1364,0.109788,59.997588,0.005991,0.0000,0.3207,6961.7,0.0977,1,0
23.1575,0.109788,59.997586,0.005993,0.0000,0.3200,6972.8,0.0974,1,0
23.1787,0.109788,59.997584,0.005994,0.0000,0.3195,6981.6,0.0973,1,0
23.2007,0.109788,59.997582,0.005995,0.0000,0.3190,6986.5,0.0975,1,0
23.2230,0.109788,59.997580,0.005997,0.0000,0.3192,6989.7,0.0980,1,0
23.2444,0.110426,59.997578,0.005998,0.0000,0.3194,6997.9,0.0988,1,0
23.2642,0.110426,59.997576,0.005999,0.0000,0.3190,7010.9,0.1000,1,0
23.2844,0.110426,59.997574,0.006001,0.0000,0.3185,7021.8,0.1015,1,0
23.3063,0.110426,59.997572,0.006002,0.0000,0.3185,7024.4,0.1033,1,0
23.3274,0.110426,59.997570,0.006003,0.0000,0.3185,7028.7,0.1051,1,0
23.3476,0.110426,59.997568,0.006005,0.0000,0.3185,7038.4,0.1070,1,0
23.3677,0.110426,59.997565,0.006006,0.0000,0.3185,7046.8,0.1088,1,0
23.3876,0.110426,59.997563,0.006007,0.0000,0.3185,7055.3,0.1104,1,0
23.4086,0.110426,59.997561,0.006008,0.0000,0.3185,7058.4,0.1119,1,0
23.4283,0.110426,59.997558,0.006010,0.0000,0.3185,7065.6,0.1133,1,0
23.4471,0.110998,59.997556,0.006011,0.0000,0.3185,7074.2,0.1146,1,0
23.4670,0.110998,59.997554,0.006012,0.0000,0.3189,7080.8,0.1156,1,0
23.4878,0.110998,59.997552,0.006013,0.0000,0.3193,7083.1,0.1164,1,0
23.5087,0.110998,59.997549,0.006015,0.0000,0.3189,7085.8,0.1169,1,0
23.5273,0.110998,59.997547,0.006016,0.0000,0.3185,7096.2,0.1171,1,0
23.5457,0.110998,59.997545,0.006017,0.0000,0.3189,7107.0,0.1170,1,0
23.5645,0.110998,59.997543,0.006018,0.0000,0.3193,7113.3,0.1167,1,0
23.5839,0.110998,59.997541,0.006019,0.0000,0.3193,7117.9,0.1161,1,0
23.6030,0.110998,59.997539,0.006021,0.0000,0.3193,7124.3,0.1153,1,0
23.6225,0.110998,59.997537,0.006022,0.0000,0.3192,7129.0,0.1145,1,0
23.6409,0.111645,59.997536,0.006023,0.0000,0.3192,7137.5,0.1136,1,0
23.6607,0.111645,59.997534,0.006024,0.0000,0.3192,7141.5,0.1127,1,0
23.6803,0.111645,59.997532,0.006025,0.0000,0.3193,7143.7,0.1118,1,0
23.6987,0.111645,59.997530,0.006026,0.0000,0.3193,7150.8,0.1110,1,0
23.7171,0.111645,59.997528,0.006028,0.0000,0.3193,7157.9,0.1103,1,0
23.7353,0.111645,59.997526,0.006029,0.0000,0.3193,7165.4,0.1095,1,0
23.7542,0.111645,59.997524,0.006030,0.0000,0.3193,7168.5,0.1088,1,0
23.7720,0.111645,59.997523,0.006031,0.0000,0.3198,7176.7,0.1084,1,0
23.7895,0.111645,59.997521,0.006032,0.0000,0.3204,7184.6,0.1079,1,0
23.8082,0.111645,59.997519,0.006033,0.0000,0.3203,7187.6,0.1076,1,0
23.8270,0.112229,59.997517,0.006034,0.0000,0.3203,7189.4,0.1073,1,0
23.8198,0.112229,59.997515,0.006035,0.0000,0.3203,7190.6,0.1069,1,0
23.8113,0.112229,59.997514,0.006036,0.0000,0.3203,7195.9,0.1062,1,0
23.8042,0.112229,59.997512,0.006037,0.0000,0.3207,7203.4,0.1051,1,0
23.7953,0.112229,59.997510,0.006038,0.0000,0.3211,7215.9,0.1036,1,0
23.8096,0.112229,59.997508,0.006039,0.0000,0.3211,7232.1,0.1018,1,0
23.8240,0.112229,59.997505,0.006040,0.0000,0.3211,7246.4,0.0999,1,0
23.8380,0.112229,59.997503,0.006041,0.0000,0.3211,7262.2,0.0979,1,0
23.8530,0.112229,59.997500,0.006042,0.0000,0.3211,7272.4,0.0958,1,0
23.8686,0.112229,59.997498,0.006043,0.0000,0.3211,7279.3,0.0934,1,0
23.8839,0.112882,59.997496,0.006044,0.0000,0.3210,7284.7,0.0907,1,0
23.8986,0.112882,59.997493,0.006045,0.0000,0.3215,7290.5,0.0877,1,0
23.9139,0.112882,59.997491,0.006046,0.0000,0.3220,7293.9,0.0842,1,0
23.9304,0.112882,59.997488,0.006047,0.0000,0.3215,7293.4,0.0803,1,0
23.9475,0.112882,59.997486,0.006048,0.0000,0.3210,7289.8,0.0761,1,0
23.9649,0.112882,59.997484,0.006049,0.0000,0.3210,7286.6,0.0717,1,0
23.9810,0.112882,59.997482,0.006050,0.0000,0.3210,7287.2,0.0672,1,0
23.9729,0.112882,59.997480,0.006051,0.0000,0.3215,7283.2,0.0627,1,0
23.9658,0.112882,59.997478,0.006052,0.0000,0.3219,7274.3,0.0587,1,0
23.9411,0.112882,59.997476,0.006052,0.0000,0.3215,7259.0,0.0546,1,0
23.9203,0.113470,59.997475,0.006053,0.0000,0.3210,7239.9,0.0517,1,0
23.9422,0.113470,59.997473,0.006054,0.0000,0.3215,7224.3,0.0491,1,0
23.9628,0.113470,59.997471,0.006055,0.0000,0.3220,7220.9,0.0462,1,0
23.9826,0.113470,59.997469,0.006056,0.0000,0.3220,7219.5,0.0437,1,0
24.0042,0.113470,59.997467,0.006057,0.0000,0.3220,7215.0,0.0414,1,0
24.0249,0.113470,59.997465,0.006058,0.0000,0.3215,7214.6,0.0391,1,0
24.0448,0.113470,59.997462,0.006058,0.0000,0.3210,7216.0,0.0369,1,0
24.0624,0.113470,59.997460,0.006059,0.0000,0.3210,7220.2,0.0350,1,0
24.0806,0.113470,59.997458,0.006060,0.0000,0.3210,7222.3,0.0331,1,0
24.0986,0.113470,59.997456,0.006061,0.0000,0.3210,7224.0,0.0316,1,0
24.1169,0.114127,59.997453,0.006062,0.0000,0.3210,7225.7,0.0304,1,0
24.1357,0.114127,59.997451,0.006063,0.0000,0.3210,7223.8,0.0297,1,0
24.1553,0.114127,59.997449,0.006063,0.0000,0.3210,7219.8,0.0293,1,0
24.1723,0.114127,59.997446,0.006064,0.0000,0.3210,7225.9,0.0292,1,0
24.1891,0.114127,59.997444,0.006065,0.0000,0.3210,7232.7,0.0293,1,0
24.2060,0.114127,59.997442,0.006066,0.0000,0.3210,7238.4,0.0296,1,0
24.2241,0.114127,59.997439,0.006067,0.0000,0.3210,7239.3,0.0301,1,0
24.2415,0.114127,59.997437,0.006067,0.0000,0.3210,7243.7,0.0305,1,0
24.2579,0.114127,59.997434,0.006068,0.0000,0.3210,7250.7,0.0308,1,0
24.2750,0.114127,59.997432,0.006069,0.0000,0.3206,7254.9,0.0312,1,0
24.2921,0.114722,59.997430,0.006070,0.0000,0.3203,7259.3,0.0316,1,0
24.3087,0.114722,59.997427,0.006071,0.0000,0.3198,7265.2,0.0323,1,0
24.3255,0.114722,59.997425,0.006072,0.0000,0.3193,7269.3,0.0335,1,0
24.3430,0.114722,59.997422,0.006072,0.0000,0.3188,7270.4,0.0354,1,0
24.3613,0.114722,59.997420,0.006073,0.0000,0.3183,7268.7,0.0380,1,0
24.3800,0.114722,59.997418,0.006074,0.0000,0.3183,7265.2,0.0413,1,0
24.3985,0.114722,59.997416,0.006075,0.0000,0.3183,7261.7,0.0452,1,0
24.4155,0.114722,59.997415,0.006076,0.0000,0.3183,7263.4,0.0497,1,0
24.4336,0.114722,59.997413,0.006076,0.0000,0.3183,7261.3,0.0545,1,0
24.4531,0.114722,59.997411,0.006077,0.0000,0.3179,7253.8,0.0595,1,0
24.4722,0.115385,59.997409,0.006078,0.0000,0.3175,7246.9,0.0649,1,0
24.4890,0.115385,59.997407,0.006079,0.0000,0.3171,7250.0,0.0703,1,0
24.5052,0.115385,59.997406,0.006079,0.0000,0.3167,7254.5,0.0758,1,0
24.5208,0.115385,59.997404,0.006080,0.0000,0.3159,7260.7,0.0812,1,0
24.5349,0.115385,59.997402,0.006081,0.0000,0.3150,7272.3,0.0865,1,0
24.5486,0.115385,59.997400,0.006082,0.0000,0.3131,7283.5,0.0915,1,0
24.5631,0.115385,59.997398,0.006082,0.0000,0.3113,7289.9,0.0962,1,0
24.5786,0.115385,59.997395,0.006083,0.0000,0.3103,7290.8,0.1005,1,0
24.5944,0.115385,59.997393,0.006084,0.0000,0.3093,7290.1,0.1043,1,0
24.6095,0.115385,59.997391,0.006085,0.0000,0.3080,7291.8,0.1077,1,0
24.6232,0.115986,59.997389,0.006085,0.0000,0.3068,7298.7,0.1105,1,0
24.6367,0.115986,59.997387,0.006086,0.0000,0.3069,7305.5,0.1127,1,0
24.6508,0.115986,59.997384,0.006087,0.0000,0.3070,7309.9,0.1142,1,0
24.6635,0.115986,59.997382,0.006087,0.0000,0.3070,7319.4,0.1150,1,0
24.6765,0.115986,59.997380,0.006088,0.0000,0.3071,7327.2,0.1151,1,0
24.6903,0.115986,59.997378,0.006089,0.0000,0.3066,7330.4,0.1147,1,0
24.7044,0.115986,59.997375,0.006089,0.0000,0.3061,7331.7,0.1136,1,0
24.7182,0.115986,59.997373,0.006090,0.0000,0.3061,7336.3,0.1123,1,0
24.7317,0.115986,59.997370,0.006091,0.0000,0.3061,7342.7,0.1109,1,0
24.7455,0.115986,59.997368,0.006091,0.0000,0.3061,7346.3,0.1095,1,0
24.7595,0.116652,59.997366,0.006092,0.0000,0.3061,7349.5,0.1082,1,0
24.7732,0.116652,59.997363,0.006092,0.0000,0.3061,7353.9,0.1073,1,0
24.7856,0.116652,59.997361,0.006093,0.0000,0.3061,7362.2,0.1068,1,0
24.7981,0.116652,59.997358,0.006094,0.0000,0.3066,7369.4,0.1066,1,0
24.8117,0.116652,59.997356,0.006094,0.0000,0.3071,7373.2,0.1068,1,0
24.8253,0.116652,59.997354,0.006095,0.0000,0.3075,7375.9,0.1074,1,0
24.8382,0.116652,59.997352,0.006095,0.0000,0.3080,7382.2,0.1085,1,0
24.8518,0.116652,59.997349,0.006096,0.0000,0.3089,7385.9,0.1098,1,0
24.8655,0.116652,59.997347,0.006096,0.0000,0.3098,7388.7,0.1114,1,0
24.8789,0.116652,59.997345,0.006097,0.0000,0.3103,7392.2,0.1132,1,0
24.8915,0.117261,59.997343,0.006097,0.0000,0.3109,7399.8,0.1149,1,0
24.9033,0.117261,59.997341,0.006098,0.0000,0.3113,7409.6,0.1167,1,0
24.9161,0.117261,59.997338,0.006098,0.0000,0.3117,7413.5,0.1184,1,0
24.9298,0.117261,59.997336,0.006099,0.0000,0.3117,7414.1,0.1201,1,0
24.9436,0.117261,59.997334,0.006099,0.0000,0.3117,7414.4,0.1217,1,0
24.9565,0.117261,59.997332,0.006100,0.0000,0.3120,7418.8,0.1233,1,0
24.9693,0.117261,59.997329,0.006100,0.0000,0.3123,7423.2,0.1248,1,0
24.9824,0.117261,59.997327,0.006100,0.0000,0.3123,7426.4,0.1261,1,0
24.9953,0.117261,59.997324,0.006101,0.0000,0.3123,7430.3,0.1273,1,0
25.0068,0.117261,59.997322,0.006101,0.0000,0.3119,7438.2,0.1282,1,0
25.0177,0.117931,59.997320,0.006102,0.0000,0.3115,7446.2,0.1289,1,0
25.0297,0.117931,59.997317,0.006102,0.0000,0.3114,7448.9,0.1292,1,0
25.0431,0.117931,59.997315,0.006102,0.0000,0.3113,7447.4,0.1294,1,0
25.0563,0.117931,59.997312,0.006103,0.0000,0.3118,7449.2,0.1293,1,0
25.0692,0.117931,59.997310,0.006103,0.0000,0.3123,7453.5,0.1289,1,0
25.0814,0.117931,59.997308,0.006103,0.0000,0.3118,7457.8,0.1284,1,0
25.0942,0.117931,59.997306,0.006104,0.0000,0.3113,7460.3,0.1276,1,0
25.1056,0.117931,59.997304,0.006104,0.0000,0.3118,7466.9,0.1264,1,0
25.1159,0.117931,59.997302,0.006104,0.0000,0.3123,7477.8,0.1249,1,0
25.1268,0.117931,59.997300,0.006104,0.0000,0.3123,7484.3,0.1228,1,0
25.1403,0.118547,59.997298,0.006104,0.0000,0.3123,7483.2,0.1206,1,0
25.1541,0.118547,59.997296,0.006105,0.0000,0.3123,7480.5,0.1182,1,0
25.1662,0.118547,59.997294,0.006105,0.0000,0.3123,7484.8,0.1156,1,0
25.1780,0.118547,59.997292,0.006105,0.0000,0.3123,7489.5,0.1128,1,0
25.1909,0.118547,59.997290,0.006105,0.0000,0.3123,7491.3,0.1096,1,0
25.2025,0.118547,59.997288,0.006106,0.0000,0.3123,7495.9,0.1063,1,0
25.2131,0.118547,59.997286,0.006106,0.0000,0.3123,7504.8,0.1027,1,0
25.2233,0.118547,59.997284,0.006106,0.0000,0.3123,7515.3,0.0991,1,0
25.2338,0.118547,59.997282,0.006106,0.0000,0.3123,7524.1,0.0955,1,0
25.2429,0.118547,59.997280,0.006106,0.0000,0.3128,7540.1,0.0922,1,0
25.2518,0.119225,59.997278,0.006106,0.0000,0.3134,7556.3,0.0890,1,0
25.2612,0.119225,59.997276,0.006106,0.0000,0.3138,7570.4,0.0860,1,0
25.2722,0.119225,59.997274,0.006106,0.0000,0.3142,7577.7,0.0832,1,0
25.2836,0.119225,59.997272,0.006106,0.0000,0.3148,7582.8,0.0805,1,0
25.2951,0.119225,59.997270,0.006106,0.0000,0.3153,7586.4,0.0782,1,0
25.3061,0.119225,59.997268,0.006106,0.0000,0.3156,7591.9,0.0760,1,0
25.3174,0.119225,59.997265,0.006106,0.0000,0.3158,7596.8,0.0740,1,0
25.3284,0.119225,59.997263,0.006106,0.0000,0.3159,7603.0,0.0725,1,0
25.3399,0.119225,59.997260,0.006106,0.0000,0.3159,7606.9,0.0708,1,0
25.3512,0.119225,59.997258,0.006106,0.0000,0.3159,7611.1,0.0695,1,0
25.3626,0.119845,59.997256,0.006106,0.0000,0.3159,7614.8,0.0683,1,0
25.3743,0.119845,59.997253,0.006106,0.0000,0.3164,7617.8,0.0674,1,0
25.3867,0.119845,59.997251,0.006106,0.0000,0.3169,7616.7,0.0667,1,0
25.3988,0.119845,59.997248,0.006106,0.0000,0.3163,7616.6,0.0664,1,0
25.4104,0.119845,59.997246,0.006106,0.0000,0.3158,7618.7,0.0664,1,0
25.4213,0.119845,59.997244,0.006106,0.0000,0.3163,7623.2,0.0669,1,0
25.4324,0.119845,59.997241,0.006106,0.0000,0.3168,7627.1,0.0679,1,0
25.4440,0.119845,59.997239,0.006106,0.0000,0.3168,7629.3,0.0693,1,0
25.4557,0.119845,59.997237,0.006106,0.0000,0.3168,7632.0,0.0710,1,0
25.4664,0.119845,59.997234,0.006106,0.0000,0.3172,7637.3,0.0731,1,0
25.4776,0.120529,59.997232,0.006106,0.0000,0.3175,7639.7,0.0754,1,0
25.4889,0.120529,59.997230,0.006106,0.0000,0.3175,7641.0,0.0779,1,0
25.5001,0.120529,59.997228,0.006105,0.0000,0.3175,7641.8,0.0805,1,0
25.5107,0.120529,59.997225,0.006105,0.0000,0.3185,7646.7,0.0832,1,0
25.5212,0.120529,59.997223,0.006105,0.0000,0.3195,7651.8,0.0858,1,0
25.5311,0.120529,59.997221,0.006105,0.0000,0.3200,7658.9,0.0886,1,0
25.5409,0.120529,59.997218,0.006105,0.0000,0.3204,7665.9,0.0912,1,0
25.5519,0.120529,59.997216,0.006105,0.0000,0.3204,7666.9,0.0937,1,0
25.5634,0.120529,59.997214,0.006104,0.0000,0.3203,7665.7,0.0960,1,0
25.5746,0.120529,59.997211,0.006104,0.0000,0.3207,7664.8,0.0980,1,0
25.5851,0.121155,59.997209,0.006104,0.0000,0.3210,7666.7,0.0997,1,0
25.5953,0.121155,59.997207,0.006104,0.0000,0.3219,7671.3,0.1013,1,0
25.6046,0.121155,59.997205,0.006104,0.0000,0.3228,7677.9,0.1026,1,0
25.6142,0.121155,59.997202,0.006103,0.0000,0.3242,7683.1,0.1036,1,0
25.6241,0.121155,59.997200,0.006103,0.0000,0.3256,7688.5,0.1041,1,0
25.6341,0.121155,59.997198,0.006103,0.0000,0.3266,7694.3,0.1041,1,0
25.6449,0.121155,59.997195,0.006103,0.0000,0.3276,7697.5,0.1037,1,0
25.6553,0.121155,59.997193,0.006102,0.0000,0.3283,7698.2,0.1029,1,0
25.6652,0.121155,59.997191,0.006102,0.0000,0.3289,7700.8,0.1018,1,0
25.6746,0.121155,59.997189,0.006102,0.0000,0.3300,7707.1,0.1003,1,0
25.6845,0.121842,59.997186,0.006101,0.0000,0.3310,7714.2,0.0986,1,0
25.6951,0.121842,59.997184,0.006101,0.0000,0.3316,7720.1,0.0968,1,0
25.7059,0.121842,59.997182,0.006101,0.0000,0.3323,7725.2,0.0950,1,0
25.7163,0.121842,59.997179,0.006100,0.0000,0.3325,7729.0,0.0933,1,0
25.7261,0.121842,59.997177,0.006100,0.0000,0.3327,7733.7,0.0919,1,0
25.7363,0.121842,59.997175,0.006100,0.0000,0.3336,7737.6,0.0907,1,0
25.7468,0.121842,59.997172,0.006099,0.0000,0.3345,7740.6,0.0898,1,0
25.7573,0.121842,59.997170,0.006099,0.0000,0.3352,7745.8,0.0891,1,0
25.7679,0.121842,59.997168,0.006098,0.0000,0.3358,7750.4,0.0887,1,0
25.7782,0.121842,59.997166,0.006098,0.0000,0.3372,7753.8,0.0886,1,0
25.7895,0.122474,59.997163,0.006097,0.0000,0.3386,7756.4,0.0889,1,0
25.7993,0.122474,59.997161,0.006097,0.0000,0.3404,7762.7,0.0891,1,0
25.8102,0.122474,59.997159,0.006097,0.0000,0.3422,7765.0,0.0894,1,0
25.8206,0.122474,59.997156,0.006096,0.0000,0.3449,7769.4,0.0894,1,0
25.8307,0.122474,59.997154,0.006096,0.0000,0.3476,7775.2,0.0891,1,0
25.8422,0.122474,59.997151,0.006095,0.0000,0.3514,7777.8,0.0887,1,0
25.8536,0.122474,59.997149,0.006095,0.0000,0.3552,7782.9,0.0881,1,0
25.8658,0.122474,59.997146,0.006094,0.0000,0.3606,7785.3,0.0874,1,0
25.8775,0.122474,59.997144,0.006094,0.0000,0.3661,7792.2,0.0867,1,0
25.8890,0.122474,59.997141,0.006093,0.0000,0.3743,7802.5,0.0858,1,0
25.9027,0.123165,59.997138,0.006092,0.0000,0.3826,7807.6,0.0849,1,0
25.9172,0.123165,59.997136,0.006092,0.0000,0.3919,7811.9,0.0842,1,0
25.9321,0.123165,59.997133,0.006091,0.0000,0.4013,7818.5,0.0838,1,0
25.9472,0.123165,59.997131,0.006091,0.0000,0.4096,7827.4,0.0836,1,0
25.9627,0.123165,59.997128,0.006090,0.0000,0.4180,7837.4,0.0836,1,0
25.9794,0.123165,59.997126,0.006090,0.0000,0.4261,7845.9,0.0839,1,0
25.9979,0.123165,59.997123,0.006089,0.0000,0.4341,7850.0,0.0844,1,0
26.0154,0.123165,59.997121,0.006088,0.0000,0.4428,7858.6,0.0849,1,0
26.0335,0.123165,59.997119,0.006088,0.0000,0.4515,7869.3,0.0853,1,0
26.0524,0.123165,59.997116,0.006087,0.0000,0.4622,7878.9,0.0856,1,0
26.0723,0.123802,59.997114,0.006086,0.0000,0.4729,7888.6,0.0856,1,0
26.0926,0.123802,59.997112,0.006086,0.0000,0.4862,7901.5,0.0856,1,0
26.1136,0.123802,59.997110,0.006085,0.0000,0.4995,7915.2,0.0853,1,0
26.1364,0.123802,59.997107,0.006084,0.0000,0.5142,7926.9,0.0848,1,0
26.1608,0.123802,59.997105,0.006084,0.0000,0.5290,7941.7,0.0840,1,0
26.1853,0.123802,59.997102,0.006083,0.0000,0.5462,7961.5,0.0829,1,0
26.2120,0.123802,59.997100,0.006082,0.0000,0.5634,7979.9,0.0813,1,0
26.2406,0.123802,59.997097,0.006081,0.0000,0.5802,7995.3,0.0795,1,0
26.2696,0.123802,59.997095,0.006081,0.0000,0.5970,8009.2,0.0776,1,0
26.2993,0.123802,59.997093,0.006080,0.0000,0.6146,8029.9,0.0756,1,0
26.3304,0.124503,59.997090,0.006079,0.0000,0.6323,8052.2,0.0734,1,0
26.3644,0.124503,59.997087,0.006078,0.0000,0.6498,8071.6,0.0711,1,0
26.3995,0.124503,59.997085,0.006078,0.0000,0.6674,8092.6,0.0687,1,0
26.4359,0.124503,59.997082,0.006077,0.0000,0.6829,8111.1,0.0665,1,0
26.4733,0.124503,59.997080,0.006076,0.0000,0.6985,8128.4,0.0646,1,0
26.5139,0.124503,59.997078,0.006075,0.0000,0.7144,8142.1,0.0622,1,0
26.5551,0.124503,59.997076,0.006074,0.0000,0.7304,8159.8,0.0598,1,0
26.5988,0.124503,59.997074,0.006074,0.0000,0.7453,8173.1,0.0574,1,0
26.6405,0.124503,59.997072,0.006073,0.0000,0.7603,8198.9,0.0552,1,0
26.6859,0.124503,59.997070,0.006072,0.0000,0.7755,8213.8,0.0535,1,0
26.7333,0.125214,59.997068,0.006071,0.0000,0.7908,8225.9,0.0521,1,0
26.7793,0.125214,59.997066,0.006070,0.0000,0.8048,8250.1,0.0509,1,0
26.8286,0.125214,59.997064,0.006069,0.0000,0.8189,8265.6,0.0501,1,0
26.8802,0.125214,59.997062,0.006069,0.0000,0.8315,8275.5,0.0494,1,0
26.9300,0.125214,59.997060,0.006068,0.0000,0.8441,8296.1,0.0492,1,0
26.9814,0.125214,59.997058,0.006067,0.0000,0.8548,8312.8,0.0495,1,0
27.0327,0.125214,59.997055,0.006066,0.0000,0.8656,8334.7,0.0499,1,0
27.0843,0.125214,59.997053,0.006065,0.0000,0.8776,8360.8,0.0505,1,0
27.1380,0.125214,59.997050,0.006064,0.0000,0.8896,8381.2,0.0511,1,0
27.1931,0.125214,59.997048,0.006063,0.0000,0.9002,8398.8,0.0518,1,0
27.2487,0.125881,59.997046,0.006062,0.0000,0.9107,8417.0,0.0527,1,0
27.3041,0.125881,59.997043,0.006061,0.0000,0.9204,8439.0,0.0537,1,0
27.3578,0.125881,59.997041,0.006060,0.0000,0.9301,8471.3,0.0547,1,0
27.4107,0.125881,59.997038,0.006059,0.0000,0.9379,8508.6,0.0557,1,0
27.4672,0.125881,59.997036,0.006058,0.0000,0.9458,8533.6,0.0567,1,0
27.5254,0.125881,59.997033,0.006057,0.0000,0.9505,8552.3,0.0577,1,0
27.5823,0.125881,59.997031,0.006056,0.0000,0.9552,8574.8,0.0586,1,0
27.6394,0.125881,59.997028,0.006055,0.0000,0.9583,8598.1,0.0594,1,0
27.6961,0.125881,59.997026,0.006054,0.0000,0.9615,8620.8,0.0601,1,0
27.7529,0.125881,59.997023,0.006053,0.0000,0.9620,8642.5,0.0605,1,0
27.8088,0.126617,59.997020,0.006052,0.0000,0.9626,8666.6,0.0609,1,0
27.8642,0.126617,59.997018,0.006051,0.0000,0.9607,8690.7,0.0613,1,0
27.9204,0.126617,59.997015,0.006050,0.0000,0.9588,8710.7,0.0616,1,0
27.9756,0.126617,59.997013,0.006049,0.0000,0.9557,8733.2,0.0618,1,0
28.0313,0.126617,59.997010,0.006048,0.0000,0.9526,8751.9,0.0619,1,0
28.0885,0.126617,59.997008,0.006047,0.0000,0.9467,8759.8,0.0619,1,0
28.1453,0.126617,59.997005,0.006046,0.0000,0.9408,8768.2,0.0618,1,0
28.1986,0.126617,59.997003,0.006045,0.0000,0.9362,8786.7,0.0618,1,0
28.2512,0.126617,59.997000,0.006044,0.0000,0.9317,8806.9,0.0618,1,0
28.3042,0.126617,59.996998,0.006043,0.0000,0.9267,8822.1,0.0618,1,0
28.3583,0.127312,59.996996,0.006041,0.0000,0.9217,8831.0,0.0618,1,0
28.4111,0.127312,59.996993,0.006040,0.0000,0.9160,8843.6,0.0617,1,0
28.4624,0.127312,59.996991,0.006039,0.0000,0.9104,8856.7,0.0616,1,0
28.5128,0.127312,59.996988,0.006038,0.0000,0.9036,8869.9,0.0613,1,0
28.5606,0.127312,59.996986,0.006037,0.0000,0.8967,8889.0,0.0609,1,0
28.6070,0.127312,59.996983,0.006036,0.0000,0.8894,8909.9,0.0604,1,0
28.6542,0.127312,59.996981,0.006034,0.0000,0.8821,8924.3,0.0600,1,0
28.7013,0.127312,59.996978,0.006033,0.0000,0.8765,8935.9,0.0596,1,0
28.7474,0.127312,59.996976,0.006032,0.0000,0.8709,8948.5,0.0592,1,0
28.7928,0.127312,59.996973,0.006031,0.0000,0.8659,8960.6,0.0588,1,0
28.8379,0.128074,59.996970,0.006029,0.0000,0.8608,8971.1,0.0583,1,0
28.8821,0.128074,59.996968,0.006028,0.0000,0.8561,8982.3,0.0578,1,0
28.9249,0.128074,59.996965,0.006027,0.0000,0.8513,8995.6,0.0573,1,0
28.9671,0.128074,59.996963,0.006026,0.0000,0.8458,9006.3,0.0569,1,0
29.0097,0.128074,59.996960,0.006024,0.0000,0.8404,9016.0,0.0564,1,0
29.0517,0.128074,59.996958,0.006023,0.0000,0.8369,9025.8,0.0558,1,0
29.0934,0.128074,59.996955,0.006022,0.0000,0.8334,9035.2,0.0550,1,0
29.1348,0.128074,59.996953,0.006020,0.0000,0.8308,9041.6,0.0540,1,0
29.1745,0.128074,59.996951,0.006019,0.0000,0.8281,9050.7,0.0529,1,0
29.2130,0.128074,59.996949,0.006018,0.0000,0.8267,9066.2,0.0516,1,0
29.2523,0.128790,59.996946,0.006016,0.0000,0.8254,9078.9,0.0503,1,0
29.2930,0.128790,59.996944,0.006015,0.0000,0.8238,9072.1,0.0488,1,0
29.2882,0.128790,59.996942,0.006013,0.0000,0.8221,9022.8,0.0472,1,0
29.2724,0.128790,59.996939,0.006012,0.0000,0.8211,8973.7,0.0457,1,0
29.2583,0.128790,59.996937,0.006011,0.0000,0.8200,8924.9,0.0436,1,0
29.2448,0.128790,59.996934,0.006009,0.0000,0.8187,8876.2,0.0412,1,0
29.2766,0.128790,59.996932,0.006008,0.0000,0.8173,7982.5,0.0386,2,0
29.3394,0.128790,59.996929,0.006006,0.0000,0.8150,7473.1,0.0361,2,0
29.4010,0.128790,59.996926,0.006005,0.0000,0.8128,7290.9,0.0334,2,0
29.4573,0.128790,59.996924,0.006003,0.0000,0.8110,7148.4,0.0305,2,0
29.5035,0.129564,59.996921,0.006002,0.0000,0.8092,7050.3,0.0276,2,0
29.5412,0.129564,59.996918,0.006000,0.0000,0.8068,7075.2,0.0249,2,0
29.5767,0.129564,59.996915,0.005999,0.0000,0.8045,7098.0,0.0228,2,0
29.6174,0.129564,59.996913,0.005997,0.0000,0.8004,7104.6,0.0206,2,0
29.6561,0.129564,59.996910,0.005996,0.0000,0.7962,7119.0,0.0194,2,0
29.6989,0.129564,59.996907,0.005994,0.0000,0.7913,7119.7,0.0178,2,0
29.7436,0.129564,59.996905,0.005992,0.0000,0.7863,7108.4,0.0166,2,0
29.7821,0.129564,59.996902,0.005991,0.0000,0.7805,7104.1,0.0158,2,0
29.8151,0.129564,59.996899,0.005989,0.0000,0.7746,7126.5,0.0154,2,0
29.8505,0.129564,59.996896,0.005988,0.0000,0.7654,7143.9,0.0152,2,0
29.8848,0.130351,59.996894,0.005986,0.0000,0.7561,7154.0,0.0155,2,0
29.9181,0.130351,59.996891,0.005984,0.0000,0.7441,7184.7,0.0157,2,0
29.9531,0.130351,59.996888,0.005983,0.0000,0.7320,7176.2,0.0162,2,0
29.9909,0.130351,59.996886,0.005981,0.0000,0.7176,7176.9,0.0173,2,0
30.0219,0.130351,59.996883,0.005979,0.0000,0.7032,7182.7,0.0183,2,0
30.0495,0.130351,59.996881,0.005978,0.0000,0.6904,7192.4,0.0194,2,0
30.0781,0.130351,59.996878,0.005976,0.0000,0.6777,7222.0,0.0209,2,0
30.1005,0.130351,59.996876,0.005974,0.0000,0.6670,7248.9,0.0222,2,0
30.1284,0.130351,59.996874,0.005973,0.0000,0.6562,7265.9,0.0239,2,0
30.1566,0.130351,59.996871,0.005971,0.0000,0.6482,7269.8,0.0258,2,0
30.1837,0.131090,59.996869,0.005969,0.0000,0.6402,7256.5,0.0283,2,0
30.2075,0.131090,59.996867,0.005968,0.0000,0.6313,7283.2,0.0316,2,0
30.2265,0.131090,59.996865,0.005966,0.0000,0.6223,7301.4,0.0350,2,0
30.2547,0.131090,59.996862,0.005964,0.0015,0.6134,7293.9,0.0386,2,0
30.2756,0.131090,59.996860,0.005963,0.0029,0.6045,7331.2,0.0421,2,0
30.2979,0.131090,59.996857,0.005961,0.0015,0.5966,7308.9,0.0454,2,0
30.3308,0.131090,59.996855,0.005959,0.0000,0.5887,7269.5,0.0485,2,0
30.3552,0.131090,59.996852,0.005957,0.0000,0.5815,7273.8,0.0524,2,0
30.3701,0.131090,59.996850,0.005955,0.0000,0.5743,7293.2,0.0553,2,0
30.3910,0.131090,59.996847,0.005954,0.0000,0.5671,7312.5,0.0584,2,1
30.4070,0.131887,59.996844,0.005952,0.0000,0.5599,7322.9,0.0612,2,0
30.4292,0.131887,59.996842,0.005950,0.0000,0.5536,7301.0,0.0634,2,0
30.4522,0.131887,59.996839,0.005948,0.0000,0.5473,7290.2,0.0658,2,0
30.4710,0.131887,59.996837,0.005947,0.0000,0.5419,7288.0,0.0678,2,0
30.4870,0.131887,59.996834,0.005945,0.0000,0.5365,7294.5,0.0696,2,0
30.5034,0.131887,59.996831,0.005943,0.0000,0.5335,7312.3,0.0713,2,0
30.5169,0.131887,59.996829,0.005941,0.0000,0.5304,7309.0,0.0710,2,0
30.5319,0.131887,59.996826,0.005939,0.0000,0.5283,7296.0,0.0697,2,0
30.5447,0.131887,59.996823,0.005937,0.0000,0.5263,7332.0,0.0660,2,1
30.5554,0.131887,59.996820,0.005936,0.0000,0.5254,7376.6,0.0637,2,1
30.5629,0.132636,59.996818,0.005934,0.0000,0.5246,7431.7,0.0618,2,1
30.5671,0.132636,59.996815,0.005932,0.0000,0.5233,7439.0,0.0601,2,1
30.5646,0.132636,59.996812,0.005930,0.0000,0.5221,7473.1,0.0599,2,1
30.5733,0.132636,59.996810,0.005928,0.0004,0.5221,7456.9,0.0602,2,1
30.5873,0.132636,59.996807,0.005926,0.0007,0.5221,7407.5,0.0606,2,1
30.6031,0.132636,59.996805,0.005924,0.0004,0.5219,7360.6,0.0613,2,1
30.6274,0.132636,59.996802,0.005922,0.0000,0.5217,7331.5,0.0622,2,1
30.6421,0.132636,59.996800,0.005920,0.0000,0.5208,7325.3,0.0638,2,1
30.6624,0.132636,59.996798,0.005918,0.0000,0.5199,7315.8,0.0649,2,1
30.6741,0.132636,59.996795,0.005916,0.0000,0.5178,7350.0,0.0657,2,1
30.6844,0.133443,59.996793,0.005914,0.0000,0.5157,7381.6,0.0665,2,1
30.6822,0.133443,59.996791,0.005912,0.0000,0.5134,7436.2,0.0668,2,1
30.6738,0.133443,59.996789,0.005911,0.0000,0.5111,7459.6,0.0669,2,1
30.6737,0.133443,59.996786,0.005909,0.0000,0.5072,7436.6,0.0664,2,1
30.6772,0.133443,59.996784,0.005907,0.0000,0.5032,7449.3,0.0656,2,1
30.6894,0.133443,59.996781,0.005904,0.0000,0.4977,7420.8,0.0643,2,1
30.6989,0.133443,59.996779,0.005902,0.0000,0.4921,7421.9,0.0632,2,1
30.7032,0.133443,59.996776,0.005900,0.0000,0.4850,7453.3,0.0621,2,1
30.7007,0.133443,59.996774,0.005898,0.0000,0.4779,7472.3,0.0612,2,1
30.7103,0.133443,59.996771,0.005896,0.0000,0.4721,7428.5,0.0609,2,1
30.7309,0.134250,59.996768,0.005894,0.0000,0.4663,7355.3,0.0615,2,1
30.7340,0.134250,59.996766,0.005892,0.0000,0.4610,7372.8,0.0624,2,1
30.7445,0.134250,59.996763,0.005890,0.0000,0.4558,7365.0,0.0637,2,1
30.7581,0.134250,59.996761,0.005888,0.0000,0.4526,7343.7,0.0649,2,1
30.7728,0.134250,59.996758,0.005886,0.0000,0.4494,7334.2,0.0659,2,1
30.7802,0.134250,59.996755,0.005883,0.0000,0.4478,7351.7,0.0666,2,1
30.7744,0.134250,59.996752,0.005881,0.0000,0.4462,7417.3,0.0676,2,0
30.7691,0.134250,59.996750,0.005879,0.0000,0.4486,7468.9,0.0689,2,0
30.7610,0.134250,59.996747,0.005877,0.0000,0.4509,7500.6,0.0705,2,1
30.7581,0.134250,59.996744,0.005875,0.0000,0.4536,7507.3,0.0722,2,1
30.7639,0.135004,59.996741,0.005872,0.0000,0.4562,7478.1,0.0741,2,1
30.7819,0.135004,59.996738,0.005870,0.0000,0.4595,7401.6,0.0762,2,1
30.7967,0.135004,59.996736,0.005868,0.0000,0.4628,7389.5,0.0782,2,1
30.8092,0.135004,59.996733,0.005866,0.0000,0.4659,7387.7,0.0804,2,1
30.8150,0.135004,59.996730,0.005864,0.0000,0.4690,7416.8,0.0829,2,1
30.8126,0.135004,59.996728,0.005861,0.0000,0.4722,7480.0,0.0850,2,1
30.8085,0.135004,59.996726,0.005859,0.0000,0.4755,7500.1,0.0866,2,1
30.8105,0.135004,59.996723,0.005857,0.0000,0.4795,7479.8,0.0878,2,1
30.8156,0.135004,59.996721,0.005854,0.0000,0.4836,7427.8,0.0884,2,1
30.8235,0.135004,59.996719,0.005852,0.0000,0.4910,7413.5,0.0884,2,1
30.8280,0.135816,59.996717,0.005850,0.0000,0.4984,7433.5,0.0876,2,1
30.8320,0.135816,59.996715,0.005847,0.0015,0.5043,7461.4,0.0859,2,1
30.8321,0.135816,59.996712,0.005845,0.0029,0.5101,7472.8,0.0831,2,1
30.8361,0.135816,59.996710,0.005843,0.0015,0.5139,7487.0,0.0792,2,1
30.8423,0.135816,59.996708,0.005840,0.0000,0.5177,7489.6,0.0744,2,1
30.8456,0.135816,59.996705,0.005838,0.0000,0.5200,7485.7,0.0690,2,1
30.8544,0.135816,59.996702,0.005836,0.0000,0.5223,7455.8,0.0636,2,1
30.8614,0.135816,59.996700,0.005833,0.0000,0.5239,7475.9,0.0583,2,1
30.8697,0.135816,59.996697,0.005831,0.0000,0.5254,7456.2,0.0530,2,1
30.8791,0.135816,59.996694,0.005828,0.0000,0.5244,7466.7,0.0472,2,1
30.8838,0.136571,59.996691,0.005826,0.0000,0.5234,7478.4,0.0410,2,1
30.8921,0.136571,59.996688,0.005823,0.0000,0.5243,7483.5,0.0343,2,1
30.8993,0.136571,59.996686,0.005821,0.0000,0.5252,7474.6,0.0276,2,1
30.9017,0.136571,59.996683,0.005818,0.0000,0.5243,7497.9,0.0203,2,1
30.8972,0.136571,59.996680,0.005816,0.0000,0.5234,7541.6,0.0133,2,1
30.8895,0.136571,59.996678,0.005813,0.0000,0.5217,7589.5,0.0068,2,1
30.8837,0.136571,59.996676,0.005811,0.0000,0.5200,7635.0,-0.0002,2,1
30.8779,0.136571,59.996674,0.005808,0.0000,0.5174,7677.5,-0.0070,2,1
30.8703,0.136571,59.996672,0.005806,0.0000,0.5147,7687.7,-0.0136,2,1
30.8821,0.136571,59.996670,0.005803,0.0000,0.5108,7656.7,-0.0200,2,1
30.9016,0.137386,59.996668,0.005800,0.0000,0.5068,7574.3,-0.0263,2,1
30.9103,0.137386,59.996666,0.005798,0.0000,0.5011,7548.7,-0.0318,2,1
30.9112,0.137386,59.996664,0.005795,0.0000,0.4954,7548.7,-0.0368,2,1
30.9220,0.137386,59.996662,0.005793,0.0000,0.4867,7501.9,-0.0419,2,1
30.9250,0.137386,59.996660,0.005790,0.0000,0.4779,7449.5,-0.0471,2,1
30.9258,0.137386,59.996657,0.005787,0.0000,0.4667,7463.8,-0.0526,2,1
30.9417,0.137386,59.996655,0.005785,0.0000,0.4554,7456.0,-0.0582,2,1
30.9453,0.137386,59.996652,0.005782,0.0000,0.4406,7474.6,-0.0646,2,1
30.9448,0.137386,59.996650,0.005779,0.0000,0.4258,7507.5,-0.0704,2,1
30.9361,0.137386,59.996647,0.005777,0.0000,0.4083,7538.2,-0.0761,2,0
30.9254,0.138203,59.996645,0.005774,0.0000,0.3908,7565.5,-0.0815,2,0
30.9142,0.138203,59.996643,0.005771,0.0000,0.3703,7589.7,-0.0862,2,1
30.9149,0.138203,59.996640,0.005769,0.0000,0.3498,7545.0,-0.0903,2,1
30.9281,0.138203,59.996637,0.005766,0.0000,0.3328,7446.2,-0.0937,2,1
30.9370,0.138203,59.996635,0.005763,0.0000,0.3157,7390.4,-0.0962,2,1
30.9400,0.138203,59.996632,0.005760,0.0000,0.3047,7363.0,-0.0979,2,1
30.9335,0.138203,59.996630,0.005758,0.0000,0.2938,7348.7,-0.0993,2,1
30.9327,0.138203,59.996627,0.005755,0.0000,0.2889,7340.6,-0.0999,2,1
30.9325,0.138203,59.996625,0.005752,0.0000,0.2840,7352.3,-0.1000,2,1
30.9255,0.138203,59.996623,0.005749,0.0000,0.2829,7387.4,-0.0993,2,1
30.9167,0.138961,59.996620,0.005747,0.0000,0.2819,7420.6,-0.0974,2,1
30.9073,0.138961,59.996617,0.005744,0.0000,0.2815,7452.0,-0.0946,2,1
30.8978,0.138961,59.996615,0.005741,0.0000,0.2812,7471.6,-0.0915,2,1
30.9072,0.138961,59.996612,0.005738,0.0000,0.2798,7384.9,-0.0881,2,1
30.9037,0.138961,59.996610,0.005735,0.0000,0.2783,7346.8,-0.0843,2,1
30.9064,0.138961,59.996608,0.005733,0.0000,0.2749,7302.4,-0.0804,2,1
30.9146,0.138961,59.996605,0.005730,0.0000,0.2714,7270.6,-0.0758,2,1
30.9189,0.138961,59.996603,0.005727,0.0000,0.2666,7264.1,-0.0711,2,1
30.9115,0.138961,59.996600,0.005724,0.0000,0.2619,7290.5,-0.0661,2,1
30.9087,0.138961,59.996598,0.005721,0.0000,0.2584,7296.4,-0.0603,2,1
30.9138,0.139780,59.996596,0.005718,0.0000,0.2549,7265.3,-0.0543,2,1
30.9165,0.139780,59.996593,0.005715,0.0000,0.2535,7235.5,-0.0482,2,1
30.9026,0.139780,59.996591,0.005713,0.0000,0.2520,7277.1,-0.0416,2,1
30.9065,0.139780,59.996588,0.005710,0.0000,0.2527,7244.2,-0.0344,2,1
30.9111,0.139780,59.996586,0.005707,0.0000,0.2534,7215.6,-0.0269,2,1
30.9184,0.139780,59.996584,0.005704,0.0000,0.2535,7170.5,-0.0197,2,1
30.9138,0.139780,59.996581,0.005701,0.0000,0.2537,7174.3,-0.0126,2,1
30.9139,0.139780,59.996579,0.005698,0.0000,0.2549,7167.9,-0.0054,2,1
30.9085,0.139780,59.996577,0.005695,0.0000,0.2562,7158.1,0.0014,2,1
30.8991,0.139780,59.996575,0.005693,0.0000,0.2565,7178.4,0.0081,2,1
30.8923,0.140597,59.996572,0.005690,0.0000,0.2568,7187.7,0.0146,2,1
30.8898,0.140597,59.996570,0.005687,0.0000,0.2583,7212.5,0.0204,2,1
30.8982,0.140597,59.996568,0.005684,0.0000,0.2598,7179.1,0.0257,2,1
30.9073,0.140597,59.996565,0.005681,0.0000,0.2603,7143.1,0.0310,2,1
30.9086,0.140597,59.996563,0.005678,0.0000,0.2607,7137.0,0.0361,2,1
30.9095,0.140597,59.996561,0.005675,0.0000,0.2620,7128.1,0.0405,2,1
30.8963,0.140597,59.996558,0.005672,0.0000,0.2633,7159.2,0.0447,2,1
30.8784,0.140597,59.996556,0.005669,0.0000,0.2646,7226.0,0.0485,2,1
30.8808,0.140597,59.996554,0.005667,0.0000,0.2659,7203.6,0.0518,2,1
30.8861,0.140597,59.996552,0.005664,0.0000,0.2676,7165.7,0.0550,2,1
30.8863,0.141353,59.996549,0.005661,0.0000,0.2693,7145.9,0.0575,2,1
30.8912,0.141353,59.996547,0.005658,0.0000,0.2710,7131.1,0.0593,2,1
30.8932,0.141353,59.996545,0.005655,0.0000,0.2728,7130.4,0.0606,2,1
30.8800,0.141353,59.996542,0.005652,0.0000,0.2744,7154.6,0.0619,2,1
30.8737,0.141353,59.996540,0.005649,0.0000,0.2760,7145.8,0.0628,2,1
30.8728,0.141353,59.996538,0.005646,0.0000,0.2774,7139.5,0.0630,2,1
30.8833,0.141353,59.996535,0.005643,0.0000,0.2789,7125.5,0.0627,2,1
30.8880,0.141353,59.996533,0.005641,0.0000,0.2793,7108.5,0.0614,2,1
30.8788,0.141353,59.996531,0.005638,0.0000,0.2798,7147.4,0.0608,2,1
30.8813,0.141353,59.996528,0.005635,0.0000,0.2798,7140.5,0.0605,2,1
30.8834,0.142168,59.996526,0.005632,0.0000,0.2798,7132.3,0.0600,2,1
30.8711,0.142168,59.996524,0.005629,0.0000,0.2798,7182.2,0.0597,2,1
30.8477,0.142168,59.996522,0.005626,0.0000,0.2798,7246.7,0.0598,2,1
30.8551,0.142168,59.996519,0.005623,0.0000,0.2798,7217.6,0.0596,2,1
30.8573,0.142168,59.996517,0.005620,0.0000,0.2798,7223.0,0.0596,2,1
30.8486,0.142168,59.996514,0.005617,0.0000,0.2798,7263.9,0.0592,2,1
30.8403,0.142168,59.996512,0.005614,0.0000,0.2798,7300.2,0.0600,2,0
30.8321,0.142168,59.996509,0.005611,0.0000,0.2798,7332.3,0.0605,2,0
30.8240,0.142168,59.996506,0.005608,0.0000,0.2798,7365.6,0.0612,2,1
30.8169,0.142168,59.996504,0.005605,0.0000,0.2801,7395.7,0.0622,2,1
30.8254,0.142924,59.996501,0.005602,0.0000,0.2804,7331.1,0.0626,2,1
30.8333,0.142924,59.996498,0.005599,0.0000,0.2799,7253.4,0.0628,2,1
30.8347,0.142924,59.996495,0.005596,0.0000,0.2794,7224.1,0.0627,2,1
30.8330,0.142924,59.996493,0.005593,0.0012,0.2794,7228.6,0.0621,2,1
30.8205,0.142924,59.996490,0.005590,0.0024,0.2794,7233.0,0.0602,2,1
30.8224,0.142924,59.996488,0.005587,0.0018,0.2794,7267.2,0.0583,2,1
30.8214,0.142924,59.996486,0.005584,0.0012,0.2794,7297.4,0.0546,2,1
30.8254,0.142924,59.996483,0.005581,0.0006,0.2794,7285.1,0.0511,2,1
30.8261,0.142924,59.996481,0.005578,0.0000,0.2794,7280.3,0.0472,2,1
30.8263,0.142924,59.996479,0.005575,0.0000,0.2794,7262.9,0.0429,2,1
30.8241,0.143735,59.996477,0.005572,0.0000,0.2794,7261.5,0.0381,2,1
30.8278,0.143735,59.996475,0.005569,0.0000,0.2799,7239.4,0.0331,2,1
30.8049,0.143735,59.996472,0.005566,0.0000,0.2804,7312.9,0.0276,2,1
30.8109,0.143735,59.996470,0.005563,0.0000,0.2813,7276.9,0.0222,2,1
30.8103,0.143735,59.996468,0.005559,0.0000,0.2822,7262.1,0.0165,2,1
30.8135,0.143735,59.996466,0.005556,0.0000,0.2830,7267.7,0.0107,2,1
30.8067,0.143735,59.996464,0.005553,0.0000,0.2838,7306.2,0.0049,2,1
30.7979,0.143735,59.996463,0.005550,0.0000,0.2847,7337.8,-0.0003,2,1
30.7946,0.143735,59.996461,0.005547,0.0000,0.2855,7356.2,-0.0044,2,1
30.7911,0.143735,59.996459,0.005544,0.0000,0.2856,7375.9,-0.0083,2,1
30.7949,0.144544,59.996457,0.005541,0.0000,0.2856,7357.1,-0.0115,2,1
30.8062,0.144544,59.996455,0.005537,0.0000,0.2856,7304.2,-0.0132,2,1
30.8250,0.144544,59.996454,0.005534,0.0000,0.2856,7217.8,-0.0139,2,1
30.8301,0.144544,59.996452,0.005531,0.0000,0.2856,7195.9,-0.0140,2,1
30.8329,0.144544,59.996450,0.005528,0.0000,0.2856,7180.9,-0.0129,2,1
30.8255,0.144544,59.996448,0.005525,0.0000,0.2861,7202.2,-0.0112,2,1
30.8246,0.144544,59.996445,0.005522,0.0000,0.2866,7197.1,-0.0091,2,1
30.8301,0.144544,59.996443,0.005518,0.0000,0.2866,7177.0,-0.0063,2,1
30.8224,0.144544,59.996440,0.005515,0.0000,0.2866,7214.2,-0.0027,2,1
30.8103,0.144544,59.996438,0.005512,0.0000,0.2861,7251.2,0.0014,2,1
30.8046,0.145300,59.996436,0.005509,0.0000,0.2856,7287.0,0.0061,2,1
30.8005,0.145300,59.996433,0.005506,0.0000,0.2856,7316.9,0.0106,2,1
30.8110,0.145300,59.996431,0.005503,0.0000,0.2856,7271.1,0.0158,2,1
30.8290,0.145300,59.996428,0.005499,0.0000,0.2843,7196.2,0.0215,2,1
30.8269,0.145300,59.996426,0.005496,0.0000,0.2829,7203.1,0.0279,2,1
30.8224,0.145300,59.996424,0.005493,0.0000,0.2813,7225.6,0.0344,2,1
30.8232,0.145300,59.996421,0.005490,0.0000,0.2797,7197.6,0.0405,2,1
30.7964,0.145300,59.996419,0.005486,0.0000,0.2774,7274.9,0.0461,2,1
30.8138,0.145300,59.996417,0.005483,0.0000,0.2750,7191.9,0.0510,2,1
30.8155,0.145300,59.996415,0.005480,0.0000,0.2725,7170.5,0.0554,2,1
30.8112,0.146113,59.996412,0.005477,0.0000,0.2699,7191.1,0.0593,2,1
30.8017,0.146113,59.996410,0.005474,0.0000,0.2680,7230.3,0.0628,2,1
30.7942,0.146113,59.996408,0.005470,0.0000,0.2662,7269.7,0.0651,2,1
30.7888,0.146113,59.996405,0.005467,0.0000,0.2657,7302.3,0.0670,2,1
30.7928,0.146113,59.996403,0.005464,0.0000,0.2652,7277.1,0.0682,2,1
30.8043,0.146113,59.996401,0.005461,0.0000,0.2646,7220.6,0.0691,2,1
30.8092,0.146113,59.996398,0.005457,0.0000,0.2640,7199.3,0.0698,2,1
30.8070,0.146113,59.996396,0.005454,0.0000,0.2638,7192.2,0.0705,2,1
30.8011,0.146113,59.996394,0.005451,0.0000,0.2636,7210.9,0.0708,2,1
30.8021,0.146113,59.996392,0.005448,0.0000,0.2630,7194.4,0.0708,2,1
30.7950,0.146928,59.996389,0.005444,0.0000,0.2625,7196.3,0.0707,2,1
30.7976,0.146928,59.996387,0.005441,0.0000,0.2631,7187.1,0.0704,2,1
30.7988,0.146928,59.996385,0.005438,0.0000,0.2638,7177.2,0.0700,2,1
30.7973,0.146928,59.996382,0.005434,0.0000,0.2624,7185.9,0.0702,2,1
30.7931,0.146928,59.996380,0.005431,0.0000,0.2610,7195.7,0.0701,2,1
30.7928,0.146928,59.996378,0.005428,0.0000,0.2597,7189.0,0.0701,2,1
30.7921,0.146928,59.996375,0.005424,0.0000,0.2585,7189.5,0.0701,2,1
30.7885,0.146928,59.996373,0.005421,0.0000,0.2563,7185.7,0.0703,2,1
30.7860,0.146928,59.996371,0.005418,0.0000,0.2542,7187.1,0.0704,2,1
30.7868,0.146928,59.996369,0.005414,0.0000,0.2524,7180.4,0.0706,2,1
30.7804,0.147682,59.996366,0.005411,0.0000,0.2506,7180.1,0.0712,2,1
30.7707,0.147682,59.996364,0.005408,0.0000,0.2494,7168.2,0.0716,2,1
30.7675,0.147682,59.996362,0.005404,0.0000,0.2481,7159.2,0.0719,2,1
30.7699,0.147682,59.996359,0.005401,0.0000,0.2465,7162.0,0.0712,2,1
30.7654,0.147682,59.996357,0.005398,0.0000,0.2449,7178.8,0.0705,2,1
30.7628,0.147682,59.996355,0.005394,0.0000,0.2436,7174.1,0.0702,2,1
30.7547,0.147682,59.996353,0.005391,0.0000,0.2423,7194.4,0.0702,2,1
30.7474,0.147682,59.996351,0.005387,0.0000,0.2406,7212.0,0.0706,2,1
30.7473,0.147682,59.996349,0.005384,0.0000,0.2390,7197.8,0.0710,2,1
30.7255,0.147682,59.996348,0.005380,0.0000,0.2376,7232.9,0.0710,2,1
30.7101,0.148495,59.996346,0.005377,0.0000,0.2363,7243.9,0.0710,2,1
30.7132,0.148495,59.996344,0.005374,0.0000,0.2351,7209.7,0.0710,2,1
30.7184,0.148495,59.996342,0.005370,0.0000,0.2339,7187.7,0.0706,2,1
30.7099,0.148495,59.996340,0.005367,0.0000,0.2328,7223.3,0.0690,2,1
30.6992,0.148495,59.996338,0.005363,0.0000,0.2318,7254.2,0.0676,2,0
30.6879,0.148495,59.996336,0.005360,0.0000,0.2328,7282.1,0.0666,2,1
30.6832,0.148495,59.996333,0.005356,0.0000,0.2339,7277.9,0.0654,2,1
30.6846,0.148495,59.996331,0.005353,0.0000,0.2339,7240.7,0.0647,2,1
30.6848,0.148495,59.996329,0.005349,0.0000,0.2339,7214.1,0.0646,2,1
30.6588,0.148495,59.996327,0.005346,0.0000,0.2343,7226.0,0.0646,2,1
30.6533,0.149247,59.996324,0.005342,0.0000,0.2348,7212.5,0.0652,2,1
30.6575,0.149247,59.996322,0.005339,0.0004,0.2369,7192.2,0.0650,2,1
30.6564,0.149247,59.996320,0.005335,0.0007,0.2391,7200.7,0.0635,2,1
30.6438,0.149247,59.996317,0.005332,0.0004,0.2424,7239.6,0.0624,2,0
30.6330,0.149247,59.996315,0.005328,0.0000,0.2457,7271.7,0.0618,2,0
30.6227,0.149247,59.996313,0.005325,0.0000,0.2509,7300.7,0.0611,2,0
30.6157,0.149247,59.996311,0.005321,0.0000,0.2562,7316.9,0.0607,2,1
30.6273,0.149247,59.996309,0.005317,0.0000,0.2637,7245.1,0.0608,2,1
30.6063,0.149247,59.996307,0.005314,0.0000,0.2712,7265.0,0.0607,2,1
30.6169,0.149247,59.996305,0.005310,0.0000,0.2769,7233.7,0.0613,2,1
30.6256,0.150057,59.996304,0.005307,0.0000,0.2827,7224.3,0.0614,2,1
30.6129,0.150057,59.996302,0.005303,0.0000,0.2877,7271.3,0.0604,2,1
30.6035,0.150057,59.996300,0.005299,0.0000,0.2928,7311.6,0.0592,2,1
30.5922,0.150057,59.996298,0.005296,0.0000,0.2968,7349.0,0.0577,2,0
30.5798,0.150057,59.996296,0.005292,0.0000,0.3009,7388.0,0.0571,2,1
30.5745,0.150057,59.996294,0.005288,0.0000,0.3050,7395.7,0.0551,2,1
30.5893,0.150057,59.996291,0.005285,0.0000,0.3091,7309.3,0.0528,2,1
30.6062,0.150057,59.996289,0.005281,0.0000,0.3137,7244.3,0.0507,2,1
30.6094,0.150057,59.996287,0.005277,0.0000,0.3184,7247.9,0.0466,2,1
30.6120,0.150057,59.996285,0.005274,0.0000,0.3228,7252.6,0.0425,2,1
30.6148,0.150862,59.996282,0.005270,0.0000,0.3272,7279.2,0.0385,2,0
30.6092,0.150862,59.996280,0.005266,0.0000,0.3323,7324.8,0.0335,2,0
30.6082,0.150862,59.996278,0.005263,0.0000,0.3374,7347.9,0.0282,2,0
30.6148,0.150862,59.996275,0.005259,0.0000,0.3416,7336.3,0.0243,2,0
30.6269,0.150862,59.996273,0.005255,0.0000,0.3458,7301.6,0.0206,2,0
30.6401,0.150862,59.996271,0.005251,0.0000,0.3481,7263.9,0.0176,2,0
30.6506,0.150862,59.996269,0.005248,0.0000,0.3505,7239.9,0.0154,2,0
30.6603,0.150862,59.996267,0.005244,0.0000,0.3521,7220.3,0.0140,2,0
30.6731,0.150862,59.996265,0.005240,0.0000,0.3538,7188.2,0.0131,2,0
30.6843,0.150862,59.996264,0.005236,0.0000,0.3548,7165.0,0.0127,2,0
30.6923,0.151614,59.996262,0.005232,0.0000,0.3559,7157.8,0.0128,2,0
30.7005,0.151614,59.996260,0.005229,0.0000,0.3559,7148.3,0.0131,2,0
30.7088,0.151614,59.996258,0.005225,0.0000,0.3560,7138.4,0.0137,2,0
30.7176,0.151614,59.996256,0.005221,0.0000,0.3560,7126.6,0.0144,2,0
30.7273,0.151614,59.996254,0.005217,0.0000,0.3560,7111.2,0.0153,2,0
30.7367,0.151614,59.996252,0.005214,0.0000,0.3560,7098.9,0.0162,2,0
30.7458,0.151614,59.996250,0.005210,0.0000,0.3560,7089.2,0.0168,2,0
30.7547,0.151614,59.996248,0.005206,0.0000,0.3573,7081.3,0.0173,2,0
30.7621,0.151614,59.996246,0.005202,0.0000,0.3587,7080.6,0.0176,2,0
30.7696,0.151614,59.996245,0.005198,0.0000,0.3607,7080.5,0.0178,2,0
30.7777,0.152423,59.996243,0.005194,0.0000,0.3627,7078.8,0.0180,2,0
30.7855,0.152423,59.996241,0.005190,0.0000,0.3653,7080.8,0.0181,2,0
30.7934,0.152423,59.996239,0.005187,0.0000,0.3679,7083.2,0.0182,2,0
30.8015,0.152423,59.996237,0.005183,0.0000,0.3718,7086.9,0.0182,2,0
30.8101,0.152423,59.996235,0.005179,0.0000,0.3758,7088.4,0.0182,2,0
30.8208,0.152423,59.996233,0.005175,0.0000,0.3803,7082.2,0.0181,2,0
30.8325,0.152423,59.996231,0.005171,0.0000,0.3848,7073.3,0.0180,2,0
30.8447,0.152423,59.996229,0.005167,0.0000,0.3893,7064.5,0.0181,2,0
30.8546,0.152423,59.996227,0.005163,0.0000,0.3937,7068.8,0.0182,2,0
30.8635,0.152423,59.996225,0.005160,0.0000,0.4018,7079.1,0.0183,2,0
30.8723,0.153233,59.996224,0.005156,0.0000,0.4098,7093.6,0.0184,2,0
30.8826,0.153233,59.996222,0.005152,0.0000,0.4218,7103.0,0.0184,2,0
30.8952,0.153233,59.996220,0.005148,0.0000,0.4339,7106.2,0.0184,2,0
30.9090,0.153233,59.996218,0.005144,0.0000,0.4454,7110.0,0.0184,2,0
30.9208,0.153233,59.996216,0.005140,0.0000,0.4570,7125.7,0.0184,2,0
30.9316,0.153233,59.996214,0.005136,0.0000,0.4690,7150.0,0.0183,2,0
30.9381,0.153233,59.996212,0.005132,0.0000,0.4810,7197.1,0.0181,2,0
30.9497,0.153233,59.996210,0.005128,0.0000,0.4940,7223.5,0.0178,2,0
30.9666,0.153233,59.996208,0.005124,0.0000,0.5070,7229.8,0.0175,2,0
30.9847,0.153233,59.996206,0.005121,0.0000,0.5227,7234.0,0.0170,2,0
31.0044,0.153992,59.996205,0.005117,0.0000,0.5383,7237.1,0.0165,2,0
31.0259,0.153992,59.996203,0.005113,0.0001,0.5573,7238.5,0.0158,2,0
31.0481,0.153992,59.996201,0.005109,0.0002,0.5763,7243.3,0.0150,2,0
31.0703,0.153992,59.996199,0.005105,0.0001,0.5941,7254.7,0.0142,2,0
31.0959,0.153992,59.996197,0.005101,0.0000,0.6119,7256.6,0.0134,2,0
31.1211,0.153992,59.996195,0.005097,0.0000,0.6277,7265.1,0.0126,2,0
31.1477,0.153992,59.996193,0.005093,0.0000,0.6436,7272.4,0.0117,2,0
31.1751,0.153992,59.996191,0.005089,0.0000,0.6566,7280.9,0.0110,2,0
31.2035,0.153992,59.996189,0.005085,0.0000,0.6697,7289.8,0.0104,2,0
31.2332,0.153992,59.996188,0.005081,0.0000,0.6797,7297.2,0.0099,2,0
31.2626,0.154809,59.996186,0.005077,0.0000,0.6898,7308.2,0.0095,2,0
31.2933,0.154809,59.996184,0.005073,0.0000,0.6966,7316.0,0.0093,2,0
31.3243,0.154809,59.996182,0.005069,0.0000,0.7034,7323.5,0.0092,2,0
31.3550,0.154809,59.996180,0.005065,0.0000,0.7090,7334.0,0.0094,2,0
31.3869,0.154809,59.996178,0.005061,0.0000,0.7146,7342.1,0.0097,2,0
31.4193,0.154809,59.996176,0.005057,0.0000,0.7179,7348.6,0.0102,2,0
31.4518,0.154809,59.996173,0.005053,0.0000,0.7212,7356.4,0.0109,2,0
31.4841,0.154809,59.996171,0.005049,0.0000,0.7223,7364.7,0.0116,2,0
31.5167,0.154809,59.996169,0.005045,0.0000,0.7235,7371.9,0.0126,2,0
31.5484,0.154809,59.996167,0.005041,0.0000,0.7229,7380.7,0.0137,2,0
31.5806,0.155580,59.996164,0.005037,0.0000,0.7223,7387.7,0.0149,2,0
31.6129,0.155580,59.996162,0.005033,0.0000,0.7223,7394.7,0.0161,2,0
31.6452,0.155580,59.996160,0.005029,0.0000,0.7223,7402.0,0.0175,2,0
31.6777,0.155580,59.996157,0.005025,0.0000,0.7219,7408.6,0.0187,2,0
31.7095,0.155580,59.996155,0.005021,0.0000,0.7214,7417.2,0.0198,2,0
31.7409,0.155580,59.996153,0.005017,0.0000,0.7209,7426.8,0.0209,2,0
31.7723,0.155580,59.996151,0.005013,0.0000,0.7203,7434.3,0.0217,2,0
31.8039,0.155580,59.996149,0.005009,0.0000,0.7193,7441.2,0.0224,2,0
31.8352,0.155580,59.996147,0.005005,0.0000,0.7182,7449.4,0.0229,2,0
31.8670,0.155580,59.996146,0.005001,0.0000,0.7159,7455.0,0.0231,2,0
31.8981,0.156411,59.996144,0.004997,0.0000,0.7135,7463.1,0.0230,2,0
31.9283,0.156411,59.996142,0.004993,0.0000,0.7106,7472.6,0.0227,2,0
31.9577,0.156411,59.996140,0.004989,0.0000,0.7078,7484.0,0.0222,2,0
31.9883,0.156411,59.996138,0.004985,0.0000,0.7046,7488.4,0.0214,2,0
32.0186,0.156411,59.996136,0.004981,0.0000,0.7015,7492.9,0.0204,2,0
32.0482,0.156411,59.996134,0.004976,0.0000,0.6986,7500.5,0.0193,2,0
32.0778,0.156411,59.996132,0.004972,0.0000,0.6957,7507.2,0.0181,2,0
32.1067,0.156411,59.996130,0.004968,0.0000,0.6931,7515.0,0.0167,2,0
32.1352,0.156411,59.996128,0.004964,0.0000,0.6904,7523.6,0.0152,2,0
32.1638,0.156411,59.996126,0.004960,0.0000,0.6874,7529.8,0.0137,2,0
32.1929,0.157247,59.996125,0.004956,0.0000,0.6844,7532.7,0.0122,2,0
32.2214,0.157247,59.996123,0.004952,0.0000,0.6820,7537.9,0.0108,2,0
32.2498,0.157247,59.996121,0.004948,0.0000,0.6795,7543.5,0.0095,2,0
32.2776,0.157247,59.996119,0.004944,0.0000,0.6766,7550.5,0.0082,2,0
32.3052,0.157247,59.996117,0.004939,0.0000,0.6736,7556.9,0.0070,2,0
32.3327,0.157247,59.996115,0.004935,0.0000,0.6710,7561.9,0.0059,2,0
32.3597,0.157247,59.996112,0.004931,0.0000,0.6684,7567.5,0.0050,2,0
32.3869,0.157247,59.996110,0.004927,0.0000,0.6664,7571.9,0.0041,2,0
32.4139,0.157247,59.996108,0.004923,0.0000,0.6643,7576.8,0.0034,2,0
32.4406,0.157247,59.996105,0.004919,0.0000,0.6627,7582.4,0.0027,2,0
32.4678,0.158041,59.996103,0.004914,0.0000,0.6611,7585.8,0.0021,2,0
32.4944,0.158041,59.996101,0.004910,0.0000,0.6597,7589.4,0.0016,2,0
32.5207,0.158041,59.996099,0.004906,0.0000,0.6583,7593.7,0.0013,2,0
32.5470,0.158041,59.996096,0.004902,0.0000,0.6563,7596.6,0.0009,2,0
32.5730,0.158041,59.996094,0.004898,0.0000,0.6543,7600.5,0.0006,2,0
32.5991,0.158041,59.996092,0.004894,0.0000,0.6526,7604.8,0.0004,2,0
32.6248,0.158041,59.996090,0.004889,0.0000,0.6509,7608.8,0.0003,2,0
32.6505,0.158041,59.996088,0.004885,0.0000,0.6480,7612.6,0.0002,2,0
32.6759,0.158041,59.996086,0.004881,0.0000,0.6451,7615.2,0.0003,2,0
32.7006,0.158041,59.996084,0.004877,0.0000,0.6410,7620.2,0.0004,2,0
32.7253,0.158890,59.996083,0.004873,0.0000,0.6368,7624.1,0.0006,2,0
32.7485,0.158890,59.996081,0.004868,0.0001,0.6311,7631.9,0.0008,2,0
32.7726,0.158890,59.996079,0.004864,0.0002,0.6254,7635.5,0.0011,2,0
32.7956,0.158890,59.996077,0.004860,0.0001,0.6155,7639.2,0.0012,2,0
32.8175,0.158890,59.996075,0.004856,0.0000,0.6055,7644.8,0.0014,2,0
32.8390,0.158890,59.996073,0.004852,0.0000,0.5916,7647.2,0.0016,2,0
32.8591,0.158890,59.996071,0.004847,0.0000,0.5778,7649.7,0.0017,2,0
32.8781,0.158890,59.996069,0.004843,0.0000,0.5637,7653.6,0.0018,2,0
32.8964,0.158890,59.996067,0.004839,0.0000,0.5497,7656.2,0.0019,2,0
32.9062,0.158890,59.996066,0.004835,0.0000,0.5368,7557.8,0.0020,2,0
32.9073,0.159743,59.996064,0.004830,0.0000,0.5240,7456.5,0.0020,2,0
32.8856,0.159743,59.996062,0.004826,0.0000,0.5134,7454.5,0.0020,2,0
32.8644,0.159743,59.996060,0.004822,0.0000,0.5028,7453.1,0.0019,2,0
32.8449,0.159743,59.996058,0.004818,0.0000,0.4952,7444.8,0.0016,2,0
32.8255,0.159743,59.996056,0.004814,0.0000,0.4876,7439.8,0.0015,2,0
32.8058,0.159743,59.996054,0.004809,0.0000,0.4821,7436.1,0.0012,2,0
32.7862,0.159743,59.996051,0.004805,0.0000,0.4766,7433.7,0.0008,2,0
32.7672,0.159743,59.996049,0.004801,0.0000,0.4710,7428.9,0.0006,2,0
32.7479,0.159743,59.996047,0.004797,0.0000,0.4655,7423.7,0.0003,2,0
32.7291,0.159743,59.996045,0.004793,0.0000,0.4618,7417.1,0.0001,2,0
32.7105,0.160545,59.996042,0.004788,0.0000,0.4582,7410.7,-0.0001,2,0
32.6913,0.160545,59.996040,0.004784,0.0000,0.4548,7406.9,-0.0004,2,0
32.6721,0.160545,59.996038,0.004780,0.0000,0.4514,7404.1,-0.0007,2,0
32.6523,0.160545,59.996035,0.004776,0.0000,0.4474,7402.8,-0.0009,2,0
32.6329,0.160545,59.996033,0.004771,0.0000,0.4434,7399.0,-0.0011,2,0
32.6135,0.160545,59.996031,0.004767,0.0000,0.4392,7393.2,-0.0015,2,0
32.5946,0.160545,59.996029,0.004763,0.0000,0.4350,7386.9,-0.0019,2,0
32.5757,0.160545,59.996027,0.004759,0.0000,0.4310,7382.2,-0.0024,2,0
32.5563,0.160545,59.996025,0.004755,0.0000,0.4269,7379.0,-0.0030,2,0
32.5366,0.160545,59.996023,0.004751,0.0000,0.4232,7376.9,-0.0038,2,0
32.5170,0.161391,59.996022,0.004746,0.0000,0.4195,7374.0,-0.0047,2,0
32.4974,0.161391,59.996020,0.004742,0.0000,0.4159,7369.3,-0.0058,2,0
32.4782,0.161391,59.996018,0.004738,0.0000,0.4123,7363.6,-0.0072,2,0
32.4593,0.161391,59.996016,0.004734,0.0000,0.4097,7358.4,-0.0087,2,0
32.4405,0.161391,59.996014,0.004730,0.0000,0.4070,7352.6,-0.0104,2,0
32.4213,0.161391,59.996012,0.004726,0.0000,0.4048,7349.3,-0.0123,2,0
32.4017,0.161391,59.996010,0.004721,0.0000,0.4026,7347.2,-0.0144,2,0
32.3821,0.161391,59.996008,0.004717,0.0000,0.4001,7343.9,-0.0165,2,0
32.3633,0.161391,59.996006,0.004713,0.0000,0.3975,7338.8,-0.0189,2,0
32.3446,0.161391,59.996004,0.004709,0.0000,0.3950,7332.3,-0.0216,2,0
32.3263,0.162230,59.996003,0.004705,0.0000,0.3924,7325.6,-0.0242,2,0
32.3076,0.162230,59.996001,0.004701,0.0000,0.3888,7320.1,-0.0270,2,0
32.2887,0.162230,59.995999,0.004696,0.0000,0.3852,7316.8,-0.0296,2,0
32.2695,0.162230,59.995997,0.004692,0.0000,0.3815,7313.0,-0.0321,2,0
32.2503,0.162230,59.995995,0.004688,0.0000,0.3778,7308.2,-0.0344,2,0
32.2313,0.162230,59.995992,0.004684,0.0000,0.3745,7303.1,-0.0366,2,0
32.2134,0.162230,59.995990,0.004680,0.0000,0.3712,7294.6,-0.0386,2,0
32.1950,0.162230,59.995987,0.004676,0.0000,0.3681,7288.1,-0.0405,2,0
32.1765,0.162230,59.995985,0.004672,0.0000,0.3651,7282.5,-0.0422,2,0
32.1572,0.162230,59.995982,0.004668,0.0000,0.3624,7279.2,-0.0435,2,0
32.1382,0.163019,59.995980,0.004664,0.0000,0.3598,7274.3,-0.0445,2,0
32.1192,0.163019,59.995978,0.004659,0.0000,0.3572,7270.2,-0.0454,2,0
32.1000,0.163019,59.995975,0.004655,0.0000,0.3547,7267.1,-0.0463,2,0
32.0816,0.163019,59.995973,0.004651,0.0000,0.3514,7260.1,-0.0471,2,0
32.0635,0.163019,59.995970,0.004647,0.0000,0.3482,7254.0,-0.0478,2,0
32.0446,0.163019,59.995968,0.004643,0.0000,0.3442,7252.2,-0.0485,2,0
32.0248,0.163019,59.995967,0.004639,0.0000,0.3402,7250.8,-0.0490,2,0
32.0051,0.163019,59.995965,0.004635,0.0000,0.3373,7249.2,-0.0493,2,0
31.9855,0.163019,59.995963,0.004631,0.0000,0.3343,7246.1,-0.0497,2,0
31.9664,0.163019,59.995961,0.004627,0.0000,0.3307,7243.6,-0.0501,2,0
31.9481,0.163851,59.995960,0.004623,0.0000,0.3272,7237.8,-0.0504,2,0
31.9295,0.163851,59.995958,0.004619,0.0000,0.3254,7232.8,-0.0508,2,0
31.9103,0.163851,59.995956,0.004615,0.0000,0.3236,7230.3,-0.0510,2,0
31.8907,0.163851,59.995955,0.004611,0.0000,0.3218,7228.4,-0.0511,2,0
31.8707,0.163851,59.995953,0.004607,0.0000,0.3201,7228.1,-0.0511,2,0
31.8513,0.163851,59.995951,0.004603,0.0000,0.3188,7226.3,-0.0510,2,0
31.8324,0.163851,59.995949,0.004599,0.0000,0.3175,7223.0,-0.0509,2,0
31.8147,0.163851,59.995947,0.004595,0.0000,0.3162,7215.7,-0.0507,2,0
31.7967,0.163851,59.995945,0.004591,0.0000,0.3148,7209.6,-0.0504,2,0
31.7771,0.163851,59.995944,0.004587,0.0000,0.3138,7208.3,-0.0500,2,0
31.7578,0.164677,59.995942,0.004583,0.0000,0.3127,7205.7,-0.0495,2,0
31.7383,0.164677,59.995940,0.004579,0.0000,0.3117,7204.0,-0.0490,2,0
31.7191,0.164677,59.995938,0.004575,0.0000,0.3107,7202.0,-0.0486,2,0
31.7015,0.164677,59.995936,0.004571,0.0000,0.3094,7195.8,-0.0482,2,0
31.6840,0.164677,59.995934,0.004567,0.0000,0.3081,7186.7,-0.0479,2,0
31.6662,0.164677,59.995932,0.004563,0.0000,0.3072,7180.8,-0.0475,2,0
31.6474,0.164677,59.995929,0.004560,0.0000,0.3063,7178.1,-0.0472,2,0
31.6284,0.164677,59.995927,0.004556,0.0000,0.3062,7175.1,-0.0469,2,0
31.6093,0.164677,59.995924,0.004552,0.0000,0.3061,7172.3,-0.0466,2,0
31.5906,0.164677,59.995922,0.004548,0.0000,0.3061,7169.8,-0.0464,2,0
31.5731,0.165452,59.995920,0.004544,0.0000,0.3061,7162.5,-0.0462,2,0
31.5558,0.165452,59.995917,0.004540,0.0000,0.3056,7154.0,-0.0461,2,0
31.5381,0.165452,59.995915,0.004536,0.0000,0.3052,7148.7,-0.0459,2,0
31.5192,0.165452,59.995912,0.004533,0.0000,0.3047,7145.4,-0.0456,2,0
31.5004,0.165452,59.995910,0.004529,0.0000,0.3041,7142.5,-0.0454,2,0
31.4822,0.165452,59.995908,0.004525,0.0000,0.3028,7139.5,-0.0451,2,0
31.4635,0.165452,59.995906,0.004521,0.0000,0.3016,7136.6,-0.0450,2,0
31.4464,0.165452,59.995904,0.004517,0.0000,0.3016,7130.5,-0.0448,2,0
31.4290,0.165452,59.995902,0.004514,0.0000,0.3017,7122.4,-0.0446,2,0
31.4113,0.165452,59.995900,0.004510,0.0000,0.3012,7117.5,-0.0443,2,0
31.3925,0.166269,59.995898,0.004506,0.0000,0.3008,7114.3,-0.0440,2,0
31.3740,0.166269,59.995896,0.004502,0.0000,0.3004,7111.6,-0.0436,2,0
31.3556,0.166269,59.995894,0.004498,0.0000,0.3001,7109.6,-0.0433,2,0
31.3374,0.166269,59.995892,0.004495,0.0000,0.3005,7107.0,-0.0431,2,0
31.3200,0.166269,59.995890,0.004491,0.0000,0.3008,7101.1,-0.0429,2,0
31.3032,0.166269,59.995888,0.004487,0.0000,0.3005,7092.9,-0.0429,2,0
31.2852,0.166269,59.995886,0.004484,0.0000,0.3001,7089.0,-0.0428,2,0
31.2668,0.166269,59.995884,0.004480,0.0000,0.3002,7086.2,-0.0428,2,0
31.2484,0.166269,59.995882,0.004476,0.0000,0.3002,7083.2,-0.0428,2,0
31.2304,0.166269,59.995880,0.004472,0.0000,0.3002,7080.0,-0.0429,2,0
31.2124,0.167035,59.995878,0.004469,0.0000,0.3002,7078.3,-0.0430,2,0
31.1947,0.167035,59.995876,0.004465,0.0000,0.3003,7073.4,-0.0431,2,0
31.1779,0.167035,59.995874,0.004461,0.0000,0.3004,7065.4,-0.0432,2,0
31.1602,0.167035,59.995872,0.004458,0.0000,0.3002,7060.9,-0.0432,2,0
31.1416,0.167035,59.995870,0.004454,0.0000,0.3001,7059.5,-0.0431,2,0
31.1236,0.167035,59.995868,0.004450,0.0000,0.3005,7055.9,-0.0431,2,0
31.1059,0.167035,59.995866,0.004447,0.0000,0.3008,7052.4,-0.0431,2,0
31.0877,0.167035,59.995864,0.004443,0.0000,0.3008,7052.0,-0.0431,2,0
31.0703,0.167035,59.995862,0.004439,0.0000,0.3008,7047.4,-0.0431,2,0
31.0538,0.167035,59.995860,0.004436,0.0000,0.3017,7039.1,-0.0432,2,0
31.0364,0.167844,59.995858,0.004432,0.0000,0.3026,7034.1,-0.0432,2,0
31.0183,0.167844,59.995856,0.004429,0.0000,0.3057,7032.6,-0.0433,2,0
31.0007,0.167844,59.995854,0.004425,0.0000,0.3088,7028.3,-0.0434,2,0
30.9829,0.167844,59.995852,0.004421,0.0000,0.3138,7026.3,-0.0436,2,0
30.9649,0.167844,59.995850,0.004418,0.0000,0.3188,7025.3,-0.0438,2,0
30.9481,0.167844,59.995848,0.004414,0.0000,0.3227,7019.3,-0.0440,2,0
30.9316,0.167844,59.995845,0.004411,0.0000,0.3266,7011.1,-0.0442,2,0
30.9145,0.167844,59.995843,0.004407,0.0000,0.3297,7005.4,-0.0443,2,0
30.8969,0.167844,59.995841,0.004404,0.0000,0.3328,7001.7,-0.0443,2,0
30.8793,0.167844,59.995838,0.004400,0.0000,0.3349,6999.0,-0.0444,2,0
30.8619,0.168651,59.995836,0.004397,0.0000,0.3370,6996.3,-0.0445,2,0
30.8445,0.168651,59.995834,0.004393,0.0000,0.3391,6993.9,-0.0445,2,0
30.8278,0.168651,59.995832,0.004389,0.0000,0.3411,6988.3,-0.0445,2,0
30.8115,0.168651,59.995829,0.004386,0.0000,0.3441,6980.3,-0.0443,2,0
30.7946,0.168651,59.995827,0.004382,0.0000,0.3472,6974.8,-0.0442,2,0
30.7772,0.168651,59.995825,0.004379,0.0000,0.3497,6972.3,-0.0440,2,0
30.7598,0.168651,59.995823,0.004375,0.0000,0.3522,6969.5,-0.0439,2,0
30.7426,0.168651,59.995821,0.004372,0.0000,0.3543,6967.1,-0.0438,2,0
30.7252,0.168651,59.995819,0.004368,0.0000,0.3565,6965.8,-0.0438,2,0
30.7086,0.168651,59.995817,0.004365,0.0000,0.3586,6960.9,-0.0437,2,0
30.6925,0.169403,59.995816,0.004362,0.0000,0.3608,6953.4,-0.0436,2,0
30.6759,0.169403,59.995814,0.004358,0.0000,0.3618,6947.4,-0.0435,2,0
30.6648,0.169403,59.995812,0.004355,0.0000,0.3629,7021.6,-0.0435,2,0
30.6748,0.169403,59.995810,0.004351,0.0000,0.3637,7032.3,-0.0435,2,0
30.6849,0.169403,59.995808,0.004348,0.0000,0.3645,7042.2,-0.0435,2,0
30.6948,0.169403,59.995806,0.004344,0.0000,0.3646,7053.2,-0.0435,2,0
30.7046,0.169403,59.995803,0.004341,0.0000,0.3647,7062.4,-0.0435,2,0
30.7159,0.169403,59.995801,0.004337,0.0000,0.3644,7063.0,-0.0435,2,0
30.7287,0.169403,59.995799,0.004334,0.0000,0.3642,7057.6,-0.0435,2,0
30.7411,0.169403,59.995796,0.004331,0.0000,0.3648,7053.9,-0.0435,2,0
30.7529,0.170207,59.995794,0.004327,0.0000,0.3654,7053.2,-0.0435,2,0
30.7640,0.170207,59.995792,0.004324,0.0000,0.3649,7056.3,-0.0435,2,0
30.7737,0.170207,59.995790,0.004320,0.0000,0.3644,7064.6,-0.0435,2,0
30.7834,0.170207,59.995787,0.004317,0.0000,0.3649,7073.5,-0.0435,2,0
30.7948,0.170207,59.995785,0.004314,0.0000,0.3654,7074.1,-0.0435,2,0
30.8076,0.170207,59.995782,0.004310,0.0000,0.3654,7069.4,-0.0434,2,0
30.8199,0.170207,59.995780,0.004307,0.0000,0.3654,7066.7,-0.0433,2,0
30.8319,0.170207,59.995777,0.004304,0.0000,0.3649,7067.4,-0.0431,2,0
30.8438,0.170207,59.995775,0.004300,0.0000,0.3643,7068.7,-0.0430,2,0
30.8538,0.170207,59.995773,0.004297,0.0000,0.3652,7077.2,-0.0428,2,0
30.8629,0.170963,59.995770,0.004293,0.0000,0.3662,7090.1,-0.0425,2,0
30.8739,0.170963,59.995767,0.004290,0.0000,0.3670,7095.1,-0.0423,2,0
30.8862,0.170963,59.995765,0.004287,0.0000,0.3679,7094.3,-0.0419,2,0
30.8989,0.170963,59.995762,0.004283,0.0000,0.3688,7093.5,-0.0415,2,0
30.9117,0.170963,59.995760,0.004280,0.0000,0.3696,7091.9,-0.0410,2,0
30.9242,0.170963,59.995758,0.004277,0.0000,0.3708,7093.7,-0.0404,2,0
30.9355,0.170963,59.995756,0.004273,0.0000,0.3719,7100.4,-0.0397,2,0
30.9465,0.170963,59.995754,0.004270,0.0000,0.3735,7108.8,-0.0389,2,0
30.9585,0.170963,59.995752,0.004267,0.0000,0.3752,7113.4,-0.0381,2,0
30.9719,0.170963,59.995750,0.004263,0.0000,0.3778,7112.7,-0.0373,2,0
30.9851,0.171789,59.995748,0.004260,0.0000,0.3804,7114.8,-0.0367,2,0
30.9984,0.171789,59.995746,0.004257,0.0000,0.3825,7116.1,-0.0362,2,0
31.0122,0.171789,59.995744,0.004253,0.0000,0.3845,7118.1,-0.0359,2,0
31.0246,0.171789,59.995742,0.004250,0.0000,0.3867,7126.3,-0.0360,2,0
31.0367,0.171789,59.995740,0.004247,0.0000,0.3889,7135.7,-0.0363,2,0
31.0495,0.171789,59.995738,0.004243,0.0000,0.3928,7142.3,-0.0369,2,0
31.0640,0.171789,59.995735,0.004240,0.0000,0.3966,7143.9,-0.0378,2,0
31.0783,0.171789,59.995733,0.004237,0.0000,0.4004,7147.2,-0.0390,2,0
31.0931,0.171789,59.995730,0.004233,0.0000,0.4042,7150.6,-0.0403,2,0
31.1085,0.171789,59.995728,0.004230,0.0000,0.4070,7153.1,-0.0418,2,0
31.1227,0.172562,59.995726,0.004227,0.0000,0.4098,7160.3,-0.0435,2,0
31.1364,0.172562,59.995723,0.004223,0.0000,0.4134,7169.9,-0.0452,2,0
31.1511,0.172562,59.995721,0.004220,0.0000,0.4170,7176.4,-0.0471,2,0
31.1676,0.172562,59.995718,0.004217,0.0000,0.4204,7176.9,-0.0491,2,0
31.1836,0.172562,59.995716,0.004214,0.0000,0.4238,7180.3,-0.0511,2,0
31.2006,0.172562,59.995714,0.004210,0.0000,0.4267,7181.2,-0.0531,2,0
31.2176,0.172562,59.995711,0.004207,0.0000,0.4297,7182.8,-0.0551,2,0
31.2323,0.172562,59.995709,0.004204,0.0000,0.4320,7195.5,-0.0570,2,0
31.2471,0.172562,59.995707,0.004201,0.0000,0.4344,7206.9,-0.0589,2,0
31.2630,0.172562,59.995705,0.004197,0.0000,0.4361,7212.7,-0.0607,2,0
31.2807,0.173326,59.995702,0.004194,0.0000,0.4378,7213.4,-0.0627,2,0
31.2980,0.173326,59.995700,0.004191,0.0001,0.4392,7216.2,-0.0646,2,0
31.3164,0.173326,59.995698,0.004187,0.0002,0.4406,7214.5,-0.0666,2,0
31.3343,0.173326,59.995695,0.004184,0.0001,0.4431,7217.0,-0.0685,2,0
31.3498,0.173326,59.995693,0.004181,0.0000,0.4456,7227.8,-0.0704,2,0
31.3652,0.173326,59.995691,0.004178,0.0000,0.4504,7241.5,-0.0722,2,0
31.3825,0.173326,59.995688,0.004175,0.0000,0.4551,7247.2,-0.0741,2,0
31.4011,0.173326,59.995686,0.004171,0.0000,0.4614,7249.3,-0.0759,2,0
31.4188,0.173326,59.995684,0.004168,0.0000,0.4677,7259.3,-0.0777,2,0
31.4374,0.173326,59.995681,0.004165,0.0000,0.4749,7266.1,-0.0793,2,0
31.4576,0.174091,59.995679,0.004162,0.0000,0.4821,7270.1,-0.0808,2,0
31.4744,0.174091,59.995677,0.004158,0.0000,0.4904,7288.2,-0.0821,2,0
31.4915,0.174091,59.995675,0.004155,0.0000,0.4986,7305.7,-0.0832,2,0
31.5078,0.174091,59.995672,0.004152,0.0000,0.5076,7332.2,-0.0841,2,0
31.5263,0.174091,59.995670,0.004149,0.0000,0.5166,7352.8,-0.0851,2,0
31.5459,0.174091,59.995668,0.004146,0.0000,0.5290,7369.4,-0.0859,2,0
31.5677,0.174091,59.995665,0.004143,0.0000,0.5413,7383.2,-0.0866,2,0
31.5901,0.174091,59.995663,0.004139,0.0000,0.5558,7395.4,-0.0873,2,0
31.6133,0.174091,59.995661,0.004136,0.0000,0.5702,7409.1,-0.0877,2,0
31.6376,0.174091,59.995658,0.004133,0.0000,0.5852,7421.8,-0.0880,2,0
31.6628,0.174866,59.995656,0.004130,0.0000,0.6002,7437.0,-0.0883,2,0
31.6890,0.174866,59.995654,0.004127,0.0000,0.6155,7453.3,-0.0885,2,0
31.7153,0.174866,59.995652,0.004124,0.0000,0.6308,7473.1,-0.0887,2,0
31.7445,0.174866,59.995649,0.004121,0.0000,0.6465,7486.0,-0.0888,2,0
31.7751,0.174866,59.995647,0.004117,0.0000,0.6622,7496.7,-0.0888,2,0
31.8059,0.174866,59.995645,0.004114,0.0000,0.6772,7510.7,-0.0886,2,0
31.8372,0.174866,59.995643,0.004111,0.0000,0.6921,7526.3,-0.0884,2,0
31.8713,0.174866,59.995640,0.004108,0.0000,0.7067,7536.1,-0.0883,2,0
31.9055,0.174866,59.995638,0.004105,0.0000,0.7214,7550.6,-0.0880,2,0
31.9405,0.174866,59.995636,0.004102,0.0000,0.7361,7566.7,-0.0878,2,0
31.9762,0.175651,59.995634,0.004099,0.0000,0.7509,7583.5,-0.0875,2,0
32.0124,0.175651,59.995632,0.004096,0.0000,0.7646,7602.4,-0.0872,2,0
32.0494,0.175651,59.995629,0.004093,0.0000,0.7782,7620.1,-0.0869,2,0
32.0884,0.175651,59.995627,0.004090,0.0000,0.7906,7634.7,-0.0866,2,0
32.1285,0.175651,59.995625,0.004087,0.0000,0.8029,7648.9,-0.0863,2,0
32.1688,0.175651,59.995622,0.004084,0.0000,0.8127,7665.3,-0.0860,2,0
32.2104,0.175651,59.995620,0.004081,0.0000,0.8225,7680.0,-0.0857,2,0
32.2521,0.175651,59.995617,0.004078,0.0000,0.8294,7695.8,-0.0852,2,0
32.2938,0.175651,59.995614,0.004075,0.0000,0.8362,7713.6,-0.0845,2,0
32.3352,0.175651,59.995612,0.004072,0.0000,0.8421,7730.1,-0.0836,2,0
32.3789,0.176439,59.995609,0.004069,0.0000,0.8479,7742.6,-0.0825,2,0
32.4215,0.176439,59.995606,0.004066,0.0000,0.8526,7759.7,-0.0812,2,0
32.4649,0.176439,59.995603,0.004063,0.0000,0.8573,7776.2,-0.0796,2,0
32.5077,0.176439,59.995601,0.004060,0.0000,0.8615,7794.5,-0.0776,2,0
32.5498,0.176439,59.995598,0.004057,0.0000,0.8656,7816.0,-0.0754,2,0
32.5916,0.176439,59.995595,0.004054,0.0000,0.8690,7840.1,-0.0730,2,0
32.6337,0.176439,59.995592,0.004051,0.0000,0.8723,7861.8,-0.0705,2,0
32.6765,0.176439,59.995590,0.004048,0.0000,0.8746,7881.6,-0.0679,2,0
32.7179,0.176439,59.995587,0.004045,0.0000,0.8768,7906.5,-0.0652,2,0
32.7602,0.176439,59.995584,0.004042,0.0000,0.8786,7928.6,-0.0623,2,0
32.8032,0.177248,59.995581,0.004039,0.0000,0.8804,7949.6,-0.0595,2,0
32.8435,0.177248,59.995578,0.004036,0.0000,0.8820,7906.2,-0.0565,2,0
32.8812,0.177248,59.995576,0.004033,0.0000,0.8837,7925.9,-0.0533,2,0
32.9218,0.177248,59.995573,0.004030,0.0000,0.8861,7958.5,-0.0503,2,0
32.9619,0.177248,59.995570,0.004027,0.0000,0.8885,7990.6,-0.0473,2,0
33.0025,0.177248,59.995568,0.004024,0.0000,0.8915,7926.9,-0.0441,2,0
33.0402,0.177248,59.995566,0.004022,0.0000,0.8945,7975.1,-0.0409,2,0
33.0803,0.177248,59.995564,0.004019,0.0000,0.8989,8011.3,-0.0379,2,0
33.1183,0.177248,59.995562,0.004016,0.0000,0.9034,7979.5,-0.0349,2,0
33.1554,0.177248,59.995560,0.004013,0.0000,0.9084,8009.8,-0.0321,2,0
33.1944,0.178069,59.995558,0.004010,0.0000,0.9135,8029.2,-0.0297,2,0
33.2324,0.178069,59.995556,0.004007,0.0000,0.9187,8013.2,-0.0274,2,0
33.2705,0.178069,59.995554,0.004004,0.0000,0.9239,8063.3,-0.0250,2,0
33.3079,0.178069,59.995552,0.004001,0.0000,0.9303,8019.2,-0.0231,2,0
33.3439,0.178069,59.995550,0.003999,0.0000,0.9366,8084.3,-0.0211,2,0
33.3821,0.178069,59.995547,0.003996,0.0000,0.9420,8037.1,-0.0194,2,0
33.4190,0.178069,59.995544,0.003993,0.0000,0.9474,8104.2,-0.0180,2,0
33.4578,0.178069,59.995541,0.003990,0.0000,0.9533,8062.2,-0.0168,2,0
33.4964,0.178069,59.995538,0.003988,0.0000,0.9591,8123.5,-0.0155,2,0
33.5348,0.178069,59.995535,0.003985,0.0000,0.9635,8081.4,-0.0141,2,0
33.5717,0.178884,59.995532,0.003982,0.0000,0.9679,8149.4,-0.0128,2,0
33.6122,0.178884,59.995529,0.003979,0.0000,0.9725,8103.3,-0.0113,2,0
33.6498,0.178884,59.995526,0.003977,0.0000,0.9772,8145.2,-0.0097,2,0
33.6880,0.178884,59.995523,0.003974,0.0000,0.9815,8142.2,-0.0080,2,0
33.7277,0.178884,59.995520,0.003971,0.0000,0.9858,8152.2,-0.0057,2,0
33.7676,0.178884,59.995517,0.003968,0.0000,0.9889,8163.1,-0.0031,2,0
33.8061,0.178884,59.995514,0.003966,0.0000,0.9920,8181.9,0.0001,2,0
33.8452,0.178884,59.995511,0.003963,0.0000,0.9947,8195.4,0.0035,2,0
33.8851,0.178884,59.995508,0.003960,0.0000,0.9973,8184.3,0.0070,2,0
33.9236,0.178884,59.995505,0.003958,0.0000,0.9987,8232.9,0.0104,2,0
33.9640,0.179726,59.995502,0.003955,0.0000,1.0000,8192.6,0.0138,2,0
34.0035,0.179726,59.995499,0.003952,0.0000,1.0000,8233.4,0.0172,2,0
34.0424,0.179726,59.995496,0.003950,0.0000,1.0000,8232.4,0.0203,2,0
34.0837,0.179726,59.995493,0.003947,0.0000,1.0000,8235.8,0.0230,2,0
34.1228,0.179726,59.995490,0.003944,0.0000,1.0000,8253.1,0.0253,2,0
34.1641,0.179726,59.995487,0.003942,0.0000,1.0000,8265.1,0.0272,2,0
34.2063,0.179726,59.995485,0.003939,0.0000,1.0000,8268.6,0.0286,2,0
34.2500,0.179726,59.995482,0.003937,0.0000,1.0000,8289.2,0.0298,2,0
34.2917,0.179726,59.995480,0.003934,0.0000,1.0000,8274.6,0.0306,2,0
34.3355,0.179726,59.995477,0.003931,0.0000,1.0000,8320.3,0.0311,2,0
34.3814,0.180583,59.995474,0.003929,0.0000,1.0000,8281.9,0.0315,2,0
34.4262,0.180583,59.995472,0.003926,0.0000,1.0000,8302.7,0.0317,2,0
34.4734,0.180583,59.995469,0.003924,0.0000,1.0000,8336.3,0.0321,2,0
34.5222,0.180583,59.995467,0.003921,0.0000,1.0000,8363.9,0.0325,2,0
34.5691,0.180583,59.995464,0.003918,0.0000,1.0000,8317.1,0.0332,2,0
34.6158,0.180583,59.995461,0.003916,0.0000,1.0000,8329.0,0.0339,2,0
34.6646,0.180583,59.995459,0.003913,0.0000,1.0000,8355.1,0.0347,2,0
34.7160,0.180583,59.995456,0.003911,0.0000,1.0000,8371.0,0.0357,2,0
34.7686,0.180583,59.995454,0.003908,0.0000,1.0000,8379.6,0.0368,2,0
34.8217,0.180583,59.995451,0.003905,0.0000,1.0000,8385.1,0.0380,2,0
34.8735,0.181428,59.995448,0.003903,0.0000,1.0000,8399.5,0.0392,2,0
34.9260,0.181428,59.995446,0.003900,0.0000,1.0000,8407.8,0.0404,2,0
34.9809,0.181428,59.995443,0.003898,0.0000,1.0000,8405.8,0.0414,2,0
35.0368,0.181428,59.995441,0.003895,0.0000,1.0000,8399.1,0.0422,2,0
35.0948,0.181428,59.995438,0.003893,0.0000,1.0000,8383.5,0.0427,2,0
35.1507,0.181428,59.995435,0.003890,0.0000,1.0000,8378.6,0.0427,2,0
35.2069,0.181428,59.995432,0.003888,0.0000,1.0000,8371.7,0.0423,2,0
35.2659,0.181428,59.995429,0.003885,0.0000,1.0000,8351.2,0.0413,2,0
35.3242,0.181428,59.995426,0.003882,0.0000,1.0000,8337.2,0.0396,2,0
35.3802,0.181428,59.995422,0.003880,0.0000,1.0000,8333.0,0.0374,2,0
35.4335,0.182316,59.995419,0.003877,0.0000,1.0000,8340.4,0.0348,2,0
35.4843,0.182316,59.995416,0.003875,0.0000,1.0000,8356.9,0.0316,2,0
35.5350,0.182316,59.995413,0.003872,0.0000,1.0000,8375.7,0.0284,2,0
35.5852,0.182316,59.995410,0.003870,0.0000,1.0000,8397.3,0.0249,2,0
35.6352,0.182316,59.995407,0.003867,0.0000,1.0000,8416.8,0.0209,2,0
35.6853,0.182316,59.995404,0.003864,0.0000,1.0000,8438.2,0.0169,2,0
35.7373,0.182316,59.995401,0.003862,0.0000,1.0000,8451.9,0.0129,2,0
35.7879,0.182316,59.995398,0.003859,0.0000,1.0000,8470.4,0.0087,2,0
35.8394,0.182316,59.995395,0.003857,0.0000,1.0000,8486.1,0.0046,2,0
35.8918,0.182316,59.995392,0.003854,0.0000,1.0000,8495.4,0.0005,2,0
35.9448,0.183225,59.995389,0.003851,0.0000,1.0000,8502.6,-0.0033,2,0
35.9971,0.183225,59.995386,0.003849,0.0000,1.0000,8515.0,-0.0068,2,0
36.0500,0.183225,59.995383,0.003846,0.0000,1.0000,8519.8,-0.0101,2,0
36.1018,0.183225,59.995380,0.003843,0.0000,1.0000,8531.6,-0.0132,2,0
36.1539,0.183225,59.995377,0.003841,0.0000,1.0000,8538.8,-0.0158,2,0
36.2098,0.183225,59.995374,0.003838,0.0000,1.0000,8530.7,-0.0184,2,0
36.2640,0.183225,59.995371,0.003835,0.0000,1.0000,8528.9,-0.0208,2,0
36.3166,0.183225,59.995368,0.003833,0.0000,1.0000,8534.5,-0.0231,2,0
36.3679,0.183225,59.995365,0.003830,0.0000,1.0000,8544.5,-0.0253,2,0
36.4186,0.183225,59.995362,0.003827,0.0000,1.0000,8555.7,-0.0273,2,0
36.4691,0.184152,59.995358,0.003825,0.0000,1.0000,8567.4,-0.0292,2,0
36.5193,0.184152,59.995355,0.003822,0.0000,1.0000,8578.3,-0.0309,2,0
36.5700,0.184152,59.995352,0.003819,0.0000,1.0000,8588.3,-0.0324,2,0
36.6202,0.184152,59.995349,0.003817,0.0000,1.0000,8599.7,-0.0338,2,0
36.6692,0.184152,59.995346,0.003814,0.0000,1.0000,8614.3,-0.0350,2,0
36.7177,0.184152,59.995343,0.003811,0.0000,1.0000,8629.3,-0.0360,2,0
36.7663,0.184152,59.995340,0.003809,0.0000,1.0000,8642.2,-0.0368,2,0
36.8150,0.184152,59.995337,0.003806,0.0000,1.0000,8655.9,-0.0373,2,0
36.8631,0.184152,59.995334,0.003803,0.0000,1.0000,8672.2,-0.0376,2,0
36.9114,0.184152,59.995331,0.003801,0.0000,1.0000,8686.8,-0.0378,2,0
36.9596,0.185055,59.995328,0.003798,0.0000,1.0000,8700.6,-0.0377,2,0
37.0071,0.185055,59.995325,0.003795,0.0000,1.0000,8713.8,-0.0374,2,0
37.0543,0.185055,59.995322,0.003793,0.0000,1.0000,8728.0,-0.0370,2,0
37.1032,0.185055,59.995319,0.003790,0.0000,1.0000,8735.7,-0.0365,2,0
37.1503,0.185055,59.995316,0.003787,0.0000,1.0000,8751.1,-0.0359,2,0
37.1975,0.185055,59.995313,0.003785,0.0000,1.0000,8765.8,-0.0351,2,0
37.2430,0.185055,59.995310,0.003782,0.0000,1.0000,8778.9,-0.0343,2,0
37.2900,0.185055,59.995307,0.003780,0.0000,1.0000,8792.8,-0.0334,2,0
37.3314,0.185055,59.995304,0.003777,0.0000,1.0000,8805.8,-0.0327,2,0
37.3772,0.185055,59.995300,0.003774,0.0000,1.0000,8820.4,-0.0321,2,0
37.4254,0.186009,59.995297,0.003772,0.0000,1.0000,8834.1,-0.0316,2,0
37.4687,0.186009,59.995294,0.003769,0.0000,1.0000,8855.5,-0.0309,2,0
37.5079,0.186009,59.995291,0.003766,0.0000,1.0000,8884.3,-0.0298,2,0
37.5525,0.186009,59.995288,0.003764,0.0000,1.0000,8895.9,-0.0295,2,0
37.5974,0.186009,59.995285,0.003761,0.0000,1.0000,8914.6,-0.0286,2,0
37.6418,0.186009,59.995282,0.003759,0.0000,1.0000,8939.5,-0.0273,2,0
37.6704,0.186009,59.995279,0.003756,0.0000,1.0000,8990.5,-0.0257,2,0
37.7232,0.186009,59.995276,0.003753,0.0000,1.0000,8976.3,-0.0248,2,0
37.7631,0.186009,59.995273,0.003751,0.0000,1.0000,8989.6,-0.0243,2,0
37.8002,0.186009,59.995270,0.003748,0.0000,1.0000,9013.9,-0.0232,2,0
37.8550,0.186979,59.995267,0.003745,0.0000,1.0000,9011.7,-0.0223,2,0
37.8969,0.186979,59.995264,0.003743,0.0000,1.0000,9008.6,-0.0198,2,0
37.9444,0.186979,59.995261,0.003740,0.0000,1.0000,9022.7,-0.0185,2,0
37.9756,0.186979,59.995258,0.003738,0.0000,1.0000,9093.8,-0.0150,2,0
38.0109,0.186979,59.995255,0.003735,0.0000,1.0000,9107.9,-0.0128,2,0
38.0555,0.186979,59.995252,0.003733,0.0000,1.0000,9121.7,-0.0115,2,0
38.1055,0.186979,59.995249,0.003730,0.0000,1.0000,9103.8,-0.0085,2,0
38.1618,0.186979,59.995246,0.003727,0.0000,1.0000,9059.7,-0.0064,2,0
38.2050,0.186979,59.995243,0.003725,0.0000,1.0000,9064.4,-0.0048,2,0
38.2503,0.186979,59.995239,0.003722,0.0000,1.0000,9076.5,-0.0032,2,0
38.2880,0.187964,59.995236,0.003720,0.0000,1.0000,9099.0,-0.0016,2,0
38.3305,0.187964,59.995233,0.003717,0.0000,1.0000,9096.9,-0.0003,2,0
38.3697,0.187964,59.995230,0.003714,0.0000,1.0000,9113.6,0.0006,2,0
38.4082,0.187964,59.995227,0.003712,0.0000,1.0000,9131.9,0.0015,2,0
38.4494,0.187964,59.995224,0.003709,0.0000,1.0000,9155.3,0.0025,2,0
38.4947,0.187964,59.995221,0.003707,0.0000,1.0000,9122.4,0.0038,2,0
38.5445,0.187964,59.995217,0.003704,0.0000,1.0000,9109.4,0.0041,2,0
38.5942,0.187964,59.995214,0.003702,0.0000,0.9962,9091.8,0.0054,2,0
38.6378,0.187964,59.995210,0.003699,0.0000,0.9924,9097.8,0.0065,2,0
38.6740,0.187964,59.995207,0.003696,0.0000,0.9694,9127.9,0.0077,2,0
38.7132,0.188913,59.995204,0.003694,0.0000,0.9464,9143.1,0.0090,2,0
38.7529,0.188913,59.995200,0.003691,0.0000,0.9086,9150.5,0.0103,2,0
38.7921,0.188913,59.995197,0.003689,0.0000,0.8708,9132.6,0.0120,2,0
38.8336,0.188913,59.995193,0.003686,0.0000,0.8124,9096.7,0.0128,2,0
38.8631,0.188913,59.995190,0.003684,0.0000,0.7540,9108.8,0.0141,2,0
38.8952,0.188913,59.995187,0.003681,0.0000,0.6829,9086.0,0.0149,2,0
38.9088,0.188913,59.995184,0.003678,0.0000,0.6119,9090.7,0.0163,2,0
38.9320,0.188913,59.995181,0.003676,0.0000,0.5368,9059.0,0.0165,2,0
38.9372,0.188913,59.995178,0.003673,0.0000,0.4618,9048.7,0.0173,2,0
38.9489,0.188913,59.995175,0.003671,0.0000,0.3887,9020.9,0.0169,2,0
38.9500,0.189911,59.995172,0.003668,0.0000,0.3156,8997.7,0.0181,2,0
38.9559,0.189911,59.995169,0.003666,0.0000,0.2626,8921.8,0.0180,2,0
38.9586,0.189911,59.995166,0.003663,0.0000,0.2095,8851.9,0.0176,2,0
38.9523,0.189911,59.995163,0.003660,0.0000,0.1748,8820.7,0.0183,2,0
38.9279,0.189911,59.995160,0.003658,0.0000,0.1401,8855.8,0.0184,2,0
38.9150,0.189911,59.995157,0.003655,0.0000,0.1202,8826.7,0.0182,2,0
38.8960,0.189911,59.995153,0.003653,0.0000,0.1003,8819.1,0.0176,2,0
38.8861,0.189911,59.995149,0.003650,0.0000,0.0908,8816.0,0.0173,2,0
38.8746,0.189911,59.995146,0.003648,0.0000,0.0812,8818.0,0.0180,2,0
38.8616,0.189911,59.995143,0.003645,0.0000,0.0746,8805.6,0.0185,2,0
38.8455,0.190900,59.995139,0.003642,0.0000,0.0679,8813.3,0.0188,2,0
38.8255,0.190900,59.995136,0.003640,0.0000,0.0577,8816.6,0.0200,2,0
38.8146,0.190900,59.995132,0.003637,0.0000,0.0474,8808.3,0.0204,2,0
38.7914,0.190900,59.995128,0.003635,0.0000,0.0316,8838.4,0.0223,2,0
38.7828,0.190900,59.995125,0.003632,0.0000,0.0158,8802.0,0.0238,2,0
38.7709,0.190900,59.995122,0.003629,0.0000,0.0079,8787.2,0.0261,2,0
38.7535,0.190900,59.995119,0.003627,0.0000,0.0000,8791.7,0.0283,2,0
38.7348,0.190900,59.995116,0.003624,0.0000,0.0000,8800.4,0.0308,2,0
38.7244,0.190900,59.995113,0.003622,0.0000,0.0000,8777.4,0.0333,2,0
38.7096,0.190900,59.995109,0.003619,0.0000,0.0000,8772.7,0.0358,2,0
38.6923,0.191881,59.995106,0.003616,0.0000,0.0000,8777.2,0.0381,2,0
38.6749,0.191881,59.995103,0.003614,0.0000,0.0000,8780.7,0.0402,2,0
38.6584,0.191881,59.995100,0.003611,0.0000,0.0000,8780.1,0.0421,2,0
38.6410,0.191881,59.995097,0.003609,0.0000,0.0000,8782.2,0.0439,2,0
38.6257,0.191881,59.995094,0.003606,0.0000,0.0000,8775.2,0.0455,2,0
38.6107,0.191881,59.995091,0.003603,0.0000,0.0000,8770.4,0.0468,2,0
38.5941,0.191881,59.995087,0.003601,0.0000,0.0000,8769.3,0.0478,2,0
38.5766,0.191881,59.995084,0.003598,0.0000,0.0000,8770.9,0.0485,2,0
38.5595,0.191881,59.995080,0.003595,0.0000,0.0000,8771.3,0.0489,2,0
38.5435,0.191881,59.995077,0.003593,0.0000,0.0000,8767.5,0.0491,2,0
38.5286,0.192845,59.995074,0.003590,0.0000,0.0000,8761.5,0.0494,2,0
38.5127,0.192845,59.995070,0.003587,0.0000,0.0000,8758.2,0.0498,2,0
38.4962,0.192845,59.995067,0.003584,0.0000,0.0000,8757.2,0.0503,2,0
38.4791,0.192845,59.995063,0.003582,0.0000,0.0000,8758.1,0.0509,2,0
38.4623,0.192845,59.995060,0.003579,0.0000,0.0000,8757.9,0.0518,2,0
38.4476,0.192845,59.995057,0.003576,0.0000,0.0000,8750.7,0.0530,2,0
38.4325,0.192845,59.995054,0.003574,0.0000,0.0000,8743.4,0.0544,2,0
38.4171,0.192845,59.995051,0.003571,0.0000,0.0000,8737.3,0.0560,2,0
38.4005,0.192845,59.995048,0.003568,0.0000,0.0000,8736.2,0.0579,2,0
38.3831,0.192845,59.995045,0.003565,0.0001,0.0000,8736.2,0.0601,2,0
38.3679,0.193774,59.995042,0.003562,0.0002,0.0000,8731.2,0.0626,2,0
38.3531,0.193774,59.995039,0.003560,0.0001,0.0000,8721.9,0.0654,2,0
38.3380,0.193774,59.995036,0.003557,0.0000,0.0000,8714.1,0.0681,2,0
38.3220,0.193774,59.995033,0.003554,0.0000,0.0000,8709.6,0.0708,2,0
38.3040,0.193774,59.995030,0.003551,0.0000,0.0000,8707.7,0.0734,2,0
38.2871,0.193774,59.995027,0.003548,0.0010,0.0000,8705.4,0.0760,2,0
38.2712,0.193774,59.995024,0.003545,0.0020,0.0000,8698.9,0.0784,2,0
38.2547,0.193774,59.995021,0.003543,0.0033,0.0000,8690.0,0.0807,2,0
38.2380,0.193774,59.995018,0.003540,0.0046,0.0000,8684.1,0.0827,2,0
38.2211,0.193774,59.995015,0.003537,0.0100,0.0000,8676.8,0.0845,2,0
38.2012,0.194711,59.995012,0.003534,0.0155,0.0000,8676.6,0.0861,2,0
38.1818,0.194711,59.995009,0.003531,0.0231,0.0000,8672.6,0.0874,2,0
38.1633,0.194711,59.995006,0.003528,0.0308,0.0000,8663.1,0.0884,2,0
38.1429,0.194711,59.995003,0.003525,0.0345,0.0000,8656.3,0.0892,2,0
38.1214,0.194711,59.995000,0.003522,0.0382,0.0000,8649.5,0.0895,2,0
38.0995,0.194711,59.994997,0.003519,0.0445,0.0000,8644.5,0.0897,2,0
38.0754,0.194711,59.994994,0.003516,0.0508,0.0000,8643.1,0.0898,2,0
38.0514,0.194711,59.994991,0.003513,0.0547,0.0000,8638.6,0.0895,2,0
38.0282,0.194711,59.994988,0.003510,0.0587,0.0000,8630.7,0.0893,2,0
38.0035,0.194711,59.994985,0.003507,0.0628,0.0000,8621.3,0.0890,2,0
37.9778,0.195631,59.994982,0.003504,0.0669,0.0000,8615.1,0.0887,2,0
37.9505,0.195631,59.994979,0.003501,0.0702,0.0000,8612.9,0.0887,2,0
37.9232,0.195631,59.994976,0.003498,0.0735,0.0000,8609.4,0.0889,2,0
37.8972,0.195631,59.994973,0.003495,0.0782,0.0000,8600.5,0.0892,2,0
37.8710,0.195631,59.994970,0.003492,0.0830,0.0000,8589.6,0.0896,2,0
37.8432,0.195631,59.994967,0.003489,0.0849,0.0000,8583.4,0.0900,2,0
37.8148,0.195631,59.994964,0.003486,0.0868,0.0000,8574.3,0.0904,2,0
37.7852,0.195631,59.994960,0.003483,0.0880,0.0000,8570.9,0.0911,2,0
37.7537,0.195631,59.994957,0.003480,0.0891,0.0000,8573.3,0.0918,2,0
37.7263,0.195631,59.994954,0.003477,0.0878,0.0000,8561.5,0.0924,2,0
37.6975,0.196530,59.994951,0.003473,0.0865,0.0000,8555.3,0.0929,2,0
37.6693,0.196530,59.994948,0.003470,0.0849,0.0000,8547.9,0.0933,2,0
37.6437,0.196530,59.994944,0.003467,0.0833,0.0000,8531.0,0.0938,2,0
37.6136,0.196530,59.994941,0.003464,0.0805,0.0000,8533.4,0.0942,2,0
37.5853,0.196530,59.994938,0.003461,0.0776,0.0000,8531.7,0.0944,2,0
37.5583,0.196530,59.994935,0.003458,0.0734,0.0000,8526.3,0.0945,2,0
37.5316,0.196530,59.994932,0.003454,0.0692,0.0000,8520.8,0.0946,2,0
37.5057,0.196530,59.994929,0.003451,0.0649,0.0000,8515.5,0.0944,2,0
37.4808,0.196530,59.994926,0.003448,0.0606,0.0000,8508.8,0.0945,2,0
37.4562,0.196530,59.994923,0.003445,0.0557,0.0000,8507.6,0.0947,2,0
37.4325,0.197414,59.994919,0.003441,0.0508,0.0000,8506.2,0.0951,2,0
37.4091,0.197414,59.994916,0.003438,0.0474,0.0000,8506.1,0.0959,2,0
37.3870,0.197414,59.994913,0.003435,0.0441,0.0000,8502.3,0.0973,2,0
37.3661,0.197414,59.994910,0.003432,0.0420,0.0000,8493.5,0.0993,2,0
37.3453,0.197414,59.994907,0.003428,0.0400,0.0000,8487.4,0.1017,2,0
37.3233,0.197414,59.994904,0.003425,0.0426,0.0000,8485.9,0.1045,2,0
37.3016,0.197414,59.994902,0.003422,0.0453,0.0000,8482.0,0.1076,2,0
37.2793,0.197414,59.994899,0.003418,0.0503,0.0000,8477.2,0.1108,2,0
37.2572,0.197414,59.994896,0.003415,0.0553,0.0000,8467.9,0.1143,2,0
37.2346,0.197414,59.994894,0.003412,0.0586,0.0000,8458.1,0.1181,2,0
37.2113,0.198288,59.994891,0.003408,0.0620,0.0000,8446.9,0.1218,2,0
37.1855,0.198288,59.994888,0.003405,0.0649,0.0000,8446.4,0.1253,2,0
37.1598,0.198288,59.994885,0.003401,0.0678,0.0000,8442.1,0.1287,2,0
37.1334,0.198288,59.994883,0.003398,0.0712,0.0000,8438.9,0.1319,2,0
37.1085,0.198288,59.994880,0.003395,0.0747,0.0000,8428.6,0.1351,2,0
37.0831,0.198288,59.994877,0.003391,0.0773,0.0000,8417.5,0.1383,2,0
37.0553,0.198288,59.994874,0.003388,0.0799,0.0000,8415.5,0.1413,2,0
37.0285,0.198288,59.994871,0.003384,0.0805,0.0000,8406.2,0.1441,2,0
37.0003,0.198288,59.994868,0.003381,0.0812,0.0000,8400.8,0.1467,2,0
36.9715,0.198288,59.994865,0.003377,0.0831,0.0000,8398.2,0.1490,2,0
36.9439,0.199168,59.994862,0.003374,0.0851,0.0000,8388.3,0.1514,2,0
36.9149,0.199168,59.994859,0.003370,0.0875,0.0000,8384.0,0.1535,2,0
36.8861,0.199168,59.994856,0.003367,0.0899,0.0000,8380.2,0.1553,2,0
36.8569,0.199168,59.994853,0.003363,0.0907,0.0000,8376.4,0.1570,2,0
36.8269,0.199168,59.994850,0.003360,0.0916,0.0000,8375.3,0.1585,2,0
36.7976,0.199168,59.994847,0.003356,0.0945,0.0000,8371.4,0.1601,2,0
36.7691,0.199168,59.994845,0.003353,0.0975,0.0000,8364.6,0.1619,2,0
36.7408,0.199168,59.994842,0.003349,0.0991,0.0000,8357.3,0.1637,2,0
36.7120,0.199168,59.994839,0.003345,0.1006,0.0000,8353.4,0.1657,2,0
36.6833,0.199168,59.994836,0.003342,0.1020,0.0000,8348.3,0.1678,2,0
36.6542,0.200086,59.994834,0.003338,0.1033,0.0000,8344.5,0.1705,2,0
36.6250,0.200086,59.994831,0.003335,0.1056,0.0000,8340.1,0.1736,2,0
36.5968,0.200086,59.994828,0.003331,0.1078,0.0000,8328.0,0.1770,2,0
36.5668,0.200086,59.994826,0.003327,0.1105,0.0000,8321.1,0.1806,2,0
36.5360,0.200086,59.994823,0.003324,0.1131,0.0000,8310.4,0.1841,2,0
36.5040,0.200086,59.994820,0.003320,0.1146,0.0000,8300.3,0.1874,2,0
36.4724,0.200086,59.994818,0.003316,0.1162,0.0000,8284.4,0.1908,2,0
36.4389,0.200086,59.994815,0.003313,0.1193,0.0000,8271.6,0.1939,2,0
36.4061,0.200086,59.994813,0.003309,0.1223,0.0000,8257.7,0.1965,2,0
36.3724,0.200086,59.994810,0.003305,0.1219,0.0000,8248.6,0.1984,2,0
36.3372,0.200955,59.994807,0.003301,0.1214,0.0000,8242.7,0.1997,2,0
36.3024,0.200955,59.994805,0.003298,0.1221,0.0000,8238.4,0.2004,2,0
36.2685,0.200955,59.994802,0.003294,0.1228,0.0000,8230.8,0.2009,2,0
36.2330,0.200955,59.994800,0.003290,0.1244,0.0000,8227.8,0.2012,2,0
36.1987,0.200955,59.994797,0.003287,0.1260,0.0000,8222.2,0.2010,2,0
36.1631,0.200955,59.994794,0.003283,0.1267,0.0000,8216.8,0.2005,2,0
36.1266,0.200955,59.994792,0.003279,0.1275,0.0000,8211.8,0.1997,2,0
36.0905,0.200955,59.994789,0.003275,0.1306,0.0000,8207.0,0.1989,2,0
36.0548,0.200955,59.994786,0.003271,0.1337,0.0000,8197.4,0.1984,2,0
36.0173,0.200955,59.994783,0.003267,0.1349,0.0000,8191.7,0.1980,2,0
35.9791,0.201940,59.994781,0.003264,0.1361,0.0000,8186.4,0.1976,2,0
35.9415,0.201940,59.994778,0.003260,0.1384,0.0000,8179.6,0.1972,2,0
35.9019,0.201940,59.994775,0.003256,0.1407,0.0000,8174.2,0.1966,2,0
35.8608,0.201940,59.994773,0.003252,0.1429,0.0000,8170.9,0.1962,2,0
35.8230,0.201940,59.994770,0.003248,0.1451,0.0000,8161.3,0.1962,2,0
35.7796,0.201940,59.994767,0.003244,0.1444,0.0000,8153.6,0.1959,2,0
35.7325,0.201940,59.994765,0.003240,0.1438,0.0000,8153.6,0.1956,2,0
35.6903,0.201940,59.994762,0.003236,0.1468,0.0000,8151.9,0.1970,2,0
35.6541,0.201940,59.994759,0.003233,0.1498,0.0000,8148.3,0.1951,2,0
35.6167,0.201940,59.994757,0.003229,0.1499,0.0000,8145.0,0.1943,2,0
35.5792,0.202968,59.994754,0.003225,0.1499,0.0000,8131.3,0.1943,2,0
35.5398,0.202968,59.994751,0.003221,0.1506,0.0000,8116.4,0.1943,2,0
35.5004,0.202968,59.994748,0.003217,0.1513,0.0000,8121.7,0.1945,2,0
35.4640,0.202968,59.994746,0.003213,0.1528,0.0000,8120.2,0.1945,2,0
35.4265,0.202968,59.994743,0.003209,0.1542,0.0000,8134.5,0.1949,2,0
35.3954,0.202968,59.994741,0.003205,0.1547,0.0000,8118.1,0.1966,2,0
35.3588,0.202968,59.994738,0.003201,0.1551,0.0000,8099.1,0.1985,2,0
35.3270,0.202968,59.994736,0.003197,0.1567,0.0000,8091.6,0.2008,2,0
35.2943,0.202968,59.994734,0.003193,0.1582,0.0000,8084.2,0.2033,2,0
35.2632,0.202968,59.994732,0.003188,0.1573,0.0000,8066.5,0.2064,2,0
35.2345,0.204032,59.994729,0.003184,0.1563,0.0000,8041.6,0.2099,2,0
35.2099,0.204032,59.994727,0.003180,0.1551,0.0000,8002.4,0.2138,2,0
35.1841,0.204032,59.994725,0.003176,0.1538,0.0000,7964.5,0.2179,2,0
35.1516,0.204032,59.994722,0.003172,0.1521,0.0000,7957.6,0.2218,2,0
35.1271,0.204032,59.994720,0.003168,0.1504,0.0000,7925.5,0.2258,2,0
35.1031,0.204032,59.994718,0.003164,0.1459,0.0000,7883.9,0.2299,2,0
35.0744,0.204032,59.994716,0.003160,0.1414,0.0000,7870.0,0.2335,2,0
35.0408,0.204032,59.994713,0.003156,0.1371,0.0000,7859.9,0.2377,2,0
34.9876,0.204032,59.994711,0.003152,0.1328,0.0000,7909.0,0.2415,2,0
34.9452,0.204032,59.994709,0.003147,0.1220,0.0000,7896.7,0.2435,2,0
34.9007,0.205057,59.994707,0.003143,0.1113,0.0000,7894.6,0.2436,2,0
34.8602,0.205057,59.994705,0.003139,0.1017,0.0000,7892.6,0.2418,2,0
34.8168,0.205057,59.994702,0.003135,0.0922,0.0000,7906.7,0.2387,2,0
34.7710,0.205057,59.994700,0.003131,0.0818,0.0000,7937.9,0.2349,2,0
34.7280,0.205057,59.994698,0.003127,0.0714,0.0000,7968.3,0.2302,2,0
34.6910,0.205057,59.994696,0.003123,0.0562,0.0000,7982.6,0.2253,2,0
34.6557,0.205057,59.994694,0.003119,0.0410,0.0000,7999.1,0.2201,2,0
34.6243,0.205057,59.994692,0.003115,0.0280,0.0000,8012.3,0.2144,2,0
34.5963,0.205057,59.994690,0.003111,0.0151,0.0000,8018.7,0.2090,2,0
34.5710,0.205057,59.994688,0.003107,0.0112,0.0000,8027.7,0.2039,2,0
34.5479,0.205866,59.994685,0.003103,0.0073,0.0000,8031.9,0.1995,2,0
34.5279,0.205866,59.994683,0.003099,0.0036,0.0000,8030.5,0.1957,2,0
34.5091,0.205866,59.994681,0.003095,0.0000,0.0000,8026.7,0.1926,2,0
34.4913,0.205866,59.994679,0.003092,0.0000,0.0000,8022.4,0.1899,2,0
34.4720,0.205866,59.994677,0.003088,0.0000,0.0000,8020.4,0.1879,2,0
34.4543,0.205866,59.994675,0.003084,0.0000,0.0000,8015.2,0.1867,2,0
34.4378,0.205866,59.994673,0.003079,0.0000,0.0000,8007.1,0.1859,2,0
34.4215,0.205866,59.994670,0.003075,0.0000,0.0000,7996.9,0.1855,2,0
34.4047,0.205866,59.994667,0.003070,0.0000,0.0000,7989.7,0.1852,2,0
34.3876,0.205866,59.994665,0.003066,0.0000,0.0000,7984.2,0.1849,2,0
34.3712,0.206729,59.994662,0.003061,0.0000,0.0000,7977.8,0.1847,2,0
34.3539,0.206729,59.994660,0.003057,0.0000,0.0000,7974.1,0.1845,2,0
34.3381,0.206729,59.994658,0.003053,0.0000,0.0000,7967.9,0.1845,2,0
34.3230,0.206729,59.994655,0.003048,0.0000,0.0000,7957.3,0.1847,2,0
34.3072,0.206729,59.994653,0.003044,0.0000,0.0000,7950.3,0.1845,2,0
34.2916,0.206729,59.994650,0.003039,0.0000,0.0000,7944.0,0.1840,2,0
34.2760,0.206729,59.994648,0.003035,0.0000,0.0000,7937.6,0.1835,2,0
34.2613,0.206729,59.994647,0.003030,0.0000,0.0000,7931.2,0.1830,2,0
34.2465,0.206729,59.994645,0.003025,0.0000,0.0000,7924.1,0.1822,2,0
34.2331,0.206729,59.994643,0.003021,0.0000,0.0000,7913.8,0.1812,2,0
34.2195,0.207519,59.994642,0.003016,0.0000,0.0000,7904.1,0.1799,2,0
34.2054,0.207519,59.994640,0.003011,0.0000,0.0000,7895.9,0.1785,2,0
34.1920,0.207519,59.994638,0.003007,0.0000,0.0000,7888.7,0.1769,2,0
34.1769,0.207519,59.994636,0.003002,0.0000,0.0000,7883.8,0.1754,2,0
34.1632,0.207519,59.994635,0.002998,0.0000,0.0000,7875.9,0.1737,2,0
34.1505,0.207519,59.994633,0.002993,0.0000,0.0000,7865.0,0.1720,2,0
34.1378,0.207519,59.994631,0.002988,0.0000,0.0000,7855.3,0.1702,2,0
34.1247,0.207519,59.994629,0.002984,0.0000,0.0000,7847.7,0.1687,2,0
34.1116,0.207519,59.994627,0.002979,0.0000,0.0000,7840.5,0.1673,2,0
34.0985,0.207519,59.994625,0.002974,0.0000,0.0000,7832.7,0.1662,2,0
34.0847,0.208300,59.994624,0.002969,0.0000,0.0000,7828.1,0.1653,2,0
34.0707,0.208300,59.994622,0.002965,0.0000,0.0000,7823.9,0.1646,2,0
34.0572,0.208300,59.994620,0.002960,0.0000,0.0000,7818.3,0.1642,2,0
34.0438,0.208300,59.994618,0.002955,0.0000,0.0000,7812.5,0.1640,2,0
34.0297,0.208300,59.994616,0.002951,0.0000,0.0000,7807.8,0.1644,2,0
34.0161,0.208300,59.994614,0.002946,0.0000,0.0000,7802.1,0.1652,2,0
34.0020,0.208300,59.994612,0.002941,0.0000,0.0000,7798.9,0.1662,2,0
33.9886,0.208300,59.994610,0.002936,0.0000,0.0000,7793.5,0.1675,2,0
33.9756,0.208300,59.994608,0.002931,0.0000,0.0000,7788.0,0.1689,2,0
33.9623,0.208300,59.994606,0.002927,0.0000,0.0000,7782.4,0.1704,2,0
33.9484,0.209080,59.994605,0.002922,0.0000,0.0000,7779.2,0.1720,2,0
33.9343,0.209080,59.994603,0.002917,0.0000,0.0000,7777.1,0.1739,2,0
33.9197,0.209080,59.994601,0.002912,0.0000,0.0000,7778.3,0.1757,2,0
33.9061,0.209080,59.994599,0.002907,0.0000,0.0000,7778.0,0.1775,2,0
33.8930,0.209080,59.994597,0.002903,0.0000,0.0000,7773.9,0.1793,2,0
33.8805,0.209080,59.994595,0.002898,0.0000,0.0000,7768.6,0.1810,2,0
33.8671,0.209080,59.994593,0.002893,0.0000,0.0000,7766.4,0.1826,2,0
33.8534,0.209080,59.994591,0.002888,0.0000,0.0000,7764.4,0.1842,2,0
33.8392,0.209080,59.994589,0.002883,0.0000,0.0000,7764.2,0.1856,2,0
33.8253,0.209080,59.994587,0.002878,0.0000,0.0000,7764.1,0.1867,2,0
33.8122,0.209863,59.994585,0.002873,0.0000,0.0000,7760.6,0.1877,2,0
33.7993,0.209863,59.994584,0.002868,0.0000,0.0000,7756.6,0.1885,2,0
33.7863,0.209863,59.994582,0.002863,0.0000,0.0000,7752.9,0.1891,2,0
33.7733,0.209863,59.994580,0.002858,0.0000,0.0000,7749.1,0.1899,2,0
33.7600,0.209863,59.994578,0.002853,0.0000,0.0000,7745.7,0.1906,2,0
33.7469,0.209863,59.994576,0.002849,0.0000,0.0000,7742.7,0.1912,2,0
33.7335,0.209863,59.994574,0.002844,0.0000,0.0000,7740.4,0.1918,2,0
33.7211,0.209863,59.994573,0.002839,0.0000,0.0000,7735.2,0.1922,2,0
33.7089,0.209863,59.994571,0.002834,0.0000,0.0000,7729.8,0.1927,2,0
33.6966,0.209863,59.994570,0.002829,0.0000,0.0000,7726.5,0.1934,2,0
33.6838,0.210655,59.994568,0.002824,0.0000,0.0000,7723.3,0.1943,2,0
33.6709,0.210655,59.994566,0.002819,0.0000,0.0000,7721.5,0.1950,2,0
33.6577,0.210655,59.994565,0.002814,0.0000,0.0000,7720.3,0.1960,2,0
33.6451,0.210655,59.994563,0.002809,0.0000,0.0000,7716.2,0.1970,2,0
33.6329,0.210655,59.994562,0.002804,0.0000,0.0000,7711.4,0.1981,2,0
33.6205,0.210655,59.994560,0.002799,0.0000,0.0000,7707.4,0.1995,2,0
33.6083,0.210655,59.994558,0.002793,0.0000,0.0000,7704.1,0.2009,2,0
33.5955,0.210655,59.994557,0.002788,0.0000,0.0000,7702.5,0.2022,2,0
33.5824,0.210655,59.994555,0.002783,0.0000,0.0000,7701.7,0.2034,2,0
33.5695,0.210655,59.994554,0.002778,0.0000,0.0000,7697.7,0.2044,2,0
33.5569,0.211447,59.994552,0.002773,0.0000,0.0000,7693.8,0.2054,2,0
33.5451,0.211447,59.994551,0.002768,0.0000,0.0000,7688.4,0.2064,2,0
33.5322,0.211447,59.994549,0.002763,0.0000,0.0000,7684.8,0.2074,2,0
33.5191,0.211447,59.994548,0.002758,0.0000,0.0000,7683.5,0.2082,2,0
33.5059,0.211447,59.994546,0.002753,0.0000,0.0000,7682.3,0.2087,2,0
33.4928,0.211447,59.994545,0.002748,0.0001,0.0000,7681.0,0.2091,2,0
33.4799,0.211447,59.994543,0.002742,0.0001,0.0000,7676.7,0.2092,2,0
33.4674,0.211447,59.994542,0.002737,0.0001,0.0000,7673.3,0.2094,2,0
33.4552,0.211447,59.994540,0.002732,0.0000,0.0000,7669.4,0.2095,2,0
33.4421,0.211447,59.994539,0.002727,0.0000,0.0000,7668.9,0.2095,2,0
33.4286,0.212249,59.994537,0.002722,0.0000,0.0000,7668.8,0.2094,2,0
33.4154,0.212249,59.994536,0.002716,0.0000,0.0000,7668.0,0.2092,2,0
33.4022,0.212249,59.994535,0.002711,0.0000,0.0000,7666.4,0.2090,2,0
33.3896,0.212249,59.994533,0.002706,0.0000,0.0000,7664.3,0.2088,2,0
33.3772,0.212249,59.994532,0.002701,0.0000,0.0000,7661.2,0.2088,2,0
33.3644,0.212249,59.994530,0.002696,0.0000,0.0000,7659.1,0.2088,2,0
33.3513,0.212249,59.994528,0.002690,0.0000,0.0000,7658.2,0.2085,2,0
33.3387,0.212249,59.994527,0.002685,0.0000,0.0000,7657.7,0.2086,2,0
33.3259,0.212249,59.994525,0.002680,0.0000,0.0000,7654.8,0.2084,2,0
33.3133,0.212249,59.994524,0.002675,0.0000,0.0000,7651.3,0.2086,2,0
33.3012,0.213050,59.994522,0.002669,0.0000,0.0000,7648.9,0.2089,2,0
33.2891,0.213050,59.994520,0.002664,0.0000,0.0000,7645.5,0.2090,2,0
33.2768,0.213050,59.994519,0.002659,0.0000,0.0000,7642.6,0.2091,2,0
33.2640,0.213050,59.994517,0.002654,0.0000,0.0000,7642.2,0.2088,2,0
33.2520,0.213050,59.994516,0.002648,0.0000,0.0000,7638.9,0.2083,2,0
33.2403,0.213050,59.994514,0.002643,0.0000,0.0000,7634.0,0.2076,2,0
33.2283,0.213050,59.994513,0.002638,0.0000,0.0000,7630.4,0.2068,2,0
33.2166,0.213050,59.994511,0.002633,0.0000,0.0000,7626.9,0.2056,2,0
33.2048,0.213050,59.994510,0.002627,0.0000,0.0000,7623.1,0.2038,2,0
33.1951,0.213050,59.994508,0.002622,0.0000,0.0000,7621.1,0.2016,2,1
33.1871,0.213867,59.994507,0.002617,0.0000,0.0000,7618.3,0.1991,2,1
33.1791,0.213867,59.994506,0.002611,0.0000,0.0000,7613.2,0.1968,2,0
33.1701,0.213867,59.994504,0.002606,0.0000,0.0000,7606.3,0.1939,2,0
33.1610,0.213867,59.994503,0.002601,0.0000,0.0000,7601.8,0.1904,2,0
33.1527,0.213867,59.994501,0.002595,0.0000,0.0000,7592.1,0.1862,2,1
33.1347,0.213867,59.994500,0.002590,0.0000,0.0000,7586.1,0.1812,2,1
33.1167,0.213867,59.994499,0.002585,0.0000,0.0000,7588.5,0.1755,2,1
33.1138,0.213867,59.994498,0.002579,0.0000,0.0000,7565.8,0.1695,2,1
33.1064,0.213867,59.994496,0.002574,0.0000,0.0000,7551.9,0.1634,2,1
33.1039,0.213867,59.994495,0.002569,0.0000,0.0000,7527.1,0.1563,2,1
33.0971,0.214673,59.994494,0.002563,0.0000,0.0000,7500.8,0.1485,2,1
33.0883,0.214673,59.994493,0.002558,0.0000,0.0000,7473.6,0.1410,2,1
33.0647,0.214673,59.994492,0.002552,0.0000,0.0000,7487.0,0.1320,2,1
33.0122,0.214673,59.994490,0.002547,0.0000,0.0000,7590.5,0.1236,2,1
32.9959,0.214673,59.994489,0.002542,0.0000,0.0000,7635.0,0.1151,2,1
32.9787,0.214673,59.994488,0.002536,0.0000,0.0000,7649.6,0.1055,2,1
32.9595,0.214673,59.994487,0.002531,0.0000,0.0000,7659.3,0.0961,2,1
32.9539,0.214673,59.994486,0.002526,0.0000,0.0000,7648.9,0.0873,2,1
32.8917,0.214673,59.994484,0.002520,0.0000,0.0000,7691.4,0.0773,2,1
32.8534,0.214673,59.994483,0.002515,0.0000,0.0000,7723.0,0.0674,2,1
32.8298,0.215501,59.994482,0.002509,0.0000,0.0000,7679.8,0.0586,2,1
32.8269,0.215501,59.994481,0.002504,0.0000,0.0000,7709.5,0.0505,2,1
32.8371,0.215501,59.994480,0.002499,0.0000,0.0000,7674.2,0.0427,2,1
32.8405,0.215501,59.994478,0.002493,0.0000,0.0000,7632.5,0.0389,2,1
32.8411,0.215501,59.994477,0.002488,0.0000,0.0000,7606.4,0.0347,2,1
32.8308,0.215501,59.994476,0.002482,0.0000,0.0000,7600.2,0.0322,2,1
32.8130,0.215501,59.994475,0.002477,0.0000,0.0000,7631.8,0.0313,2,1
32.7790,0.215501,59.994474,0.002472,0.0000,0.0000,7705.2,0.0313,2,1
32.7479,0.215501,59.994473,0.002466,0.0000,0.0000,7784.5,0.0318,2,1
32.7489,0.215501,59.994472,0.002461,0.0000,0.0000,7744.2,0.0320,2,1
32.7596,0.216335,59.994470,0.002455,0.0000,0.0000,7670.0,0.0336,2,1
32.7636,0.216335,59.994469,0.002450,0.0000,0.0000,7608.4,0.0351,2,1
32.7527,0.216335,59.994468,0.002445,0.0000,0.0000,7587.7,0.0361,2,1
32.7368,0.216335,59.994467,0.002439,0.0000,0.0000,7576.1,0.0366,2,1
32.7329,0.216335,59.994466,0.002434,0.0000,0.0000,7544.3,0.0369,2,1
32.7315,0.216335,59.994465,0.002428,0.0000,0.0000,7511.5,0.0358,2,1
32.7370,0.216335,59.994464,0.002423,0.0000,0.0000,7480.7,0.0345,2,1
32.7334,0.216335,59.994463,0.002417,0.0000,0.0000,7451.3,0.0330,2,1
32.7293,0.216335,59.994461,0.002412,0.0000,0.0000,7434.6,0.0301,2,1
32.7097,0.216335,59.994460,0.002407,0.0000,0.0000,7448.6,0.0259,2,1
32.6948,0.217179,59.994459,0.002401,0.0000,0.0000,7478.3,0.0219,2,1
32.6798,0.217179,59.994458,0.002396,0.0000,0.0000,7518.0,0.0155,2,1
32.6651,0.217179,59.994457,0.002390,0.0000,0.0000,7534.3,0.0079,2,1
32.6508,0.217179,59.994455,0.002385,0.0000,0.0000,7509.8,0.0009,2,1
32.6388,0.217179,59.994454,0.002379,0.0000,0.0000,7496.0,-0.0057,2,1
32.6387,0.217179,59.994453,0.002374,0.0000,0.0000,7497.7,-0.0153,2,1
32.6421,0.217179,59.994452,0.002368,0.0000,0.0000,7474.8,-0.0210,2,1
32.6312,0.217179,59.994451,0.002363,0.0000,0.0000,7491.5,-0.0278,2,1
32.6236,0.217179,59.994450,0.002358,0.0000,0.0000,7474.7,-0.0349,2,1
32.6287,0.217179,59.994449,0.002352,0.0000,0.0000,7454.9,-0.0420,2,1
32.6239,0.217979,59.994447,0.002347,0.0000,0.0000,7445.5,-0.0506,2,1
32.5912,0.217979,59.994446,0.002341,0.0000,0.0000,7530.8,-0.0573,2,1
32.5791,0.217979,59.994445,0.002336,0.0000,0.0000,7541.8,-0.0637,2,1
32.5799,0.217979,59.994444,0.002330,0.0000,0.0000,7501.4,-0.0707,2,1
32.5736,0.217979,59.994443,0.002325,0.0000,0.0000,7491.7,-0.0776,2,1
32.5733,0.217979,59.994442,0.002319,0.0000,0.0000,7444.4,-0.0843,2,1
32.5588,0.217979,59.994441,0.002314,0.0000,0.0000,7422.3,-0.0912,2,1
32.5369,0.217979,59.994440,0.002309,0.0000,0.0000,7427.1,-0.0980,2,1
32.5404,0.217979,59.994438,0.002303,0.0000,0.0000,7399.7,-0.1035,2,1
32.5402,0.217979,59.994437,0.002298,0.0000,0.0000,7377.2,-0.1088,2,1
32.5321,0.218836,59.994436,0.002292,0.0000,0.0000,7390.1,-0.1132,2,1
32.5261,0.218836,59.994435,0.002287,0.0000,0.0000,7383.7,-0.1174,2,1
32.5113,0.218836,59.994434,0.002281,0.0000,0.0000,7382.3,-0.1215,2,1
32.4881,0.218836,59.994432,0.002276,0.0000,0.0000,7399.1,-0.1274,2,1
32.4702,0.218836,59.994431,0.002270,0.0000,0.0000,7428.0,-0.1360,2,1
32.4493,0.218836,59.994430,0.002265,0.0000,0.0000,7486.2,-0.1436,2,1
32.4359,0.218836,59.994429,0.002260,0.0000,0.0000,7502.7,-0.1500,2,1
32.4280,0.218836,59.994428,0.002254,0.0000,0.0000,7499.8,-0.1561,2,1
32.4240,0.218836,59.994427,0.002249,0.0000,0.0000,7460.0,-0.1633,2,1
32.4182,0.218836,59.994426,0.002243,0.0000,0.0000,7471.5,-0.1672,2,1
32.4175,0.219698,59.994425,0.002238,0.0000,0.0000,7445.0,-0.1715,2,1
32.4031,0.219698,59.994424,0.002233,0.0000,0.0000,7474.0,-0.1761,2,1
32.3955,0.219698,59.994423,0.002227,0.0000,0.0000,7451.3,-0.1790,2,1
32.3828,0.219698,59.994422,0.002222,0.0000,0.0000,7449.3,-0.1819,2,1
32.3832,0.219698,59.994421,0.002216,0.0000,0.0000,7409.0,-0.1848,2,1
32.3520,0.219698,59.994420,0.002211,0.0000,0.0000,7448.3,-0.1877,2,1
32.3524,0.219698,59.994419,0.002206,0.0000,0.0000,7436.7,-0.1892,2,1
32.3399,0.219698,59.994418,0.002200,0.0000,0.0000,7402.7,-0.1916,2,1
32.3227,0.219698,59.994416,0.002195,0.0000,0.0000,7385.0,-0.1917,2,1
32.3062,0.219698,59.994415,0.002190,0.0000,0.0000,7377.9,-0.1908,2,1
32.2910,0.220491,59.994414,0.002184,0.0000,0.0000,7404.0,-0.1886,2,1
32.2781,0.220491,59.994413,0.002179,0.0000,0.0000,7405.4,-0.1854,2,1
32.2638,0.220491,59.994412,0.002174,0.0000,0.0000,7426.1,-0.1828,2,1
32.2496,0.220491,59.994410,0.002168,0.0000,0.0000,7449.1,-0.1794,2,1
32.2357,0.220491,59.994409,0.002163,0.0000,0.0000,7439.2,-0.1745,2,1
32.2046,0.220491,59.994408,0.002158,0.0000,0.0000,7476.5,-0.1693,2,1
32.1773,0.220491,59.994407,0.002152,0.0000,0.0000,7526.7,-0.1628,2,1
32.1535,0.220491,59.994406,0.002147,0.0000,0.0000,7576.2,-0.1559,2,1
32.1579,0.220491,59.994404,0.002142,0.0000,0.0000,7542.0,-0.1493,2,1
32.1437,0.220491,59.994403,0.002137,0.0000,0.0000,7528.2,-0.1423,2,1
32.1354,0.221350,59.994402,0.002132,0.0000,0.0000,7527.6,-0.1373,2,1
32.1343,0.221350,59.994401,0.002126,0.0000,0.0000,7480.7,-0.1319,2,1
32.1137,0.221350,59.994400,0.002121,0.0000,0.0000,7505.4,-0.1249,2,1
32.1008,0.221350,59.994398,0.002116,0.0000,0.0000,7520.8,-0.1179,2,1
32.0925,0.221350,59.994397,0.002111,0.0000,0.0000,7513.0,-0.1120,2,1
32.0750,0.221350,59.994396,0.002105,0.0000,0.0000,7513.6,-0.1061,2,1
32.0815,0.221350,59.994395,0.002100,0.0000,0.0000,7443.3,-0.1004,2,1
32.0722,0.221350,59.994394,0.002095,0.0000,0.0000,7441.1,-0.0943,2,1
32.0629,0.221350,59.994393,0.002090,0.0000,0.0000,7435.2,-0.0877,2,1
32.0481,0.221350,59.994392,0.002085,0.0000,0.0000,7434.4,-0.0805,2,1
32.0354,0.222212,59.994391,0.002080,0.0000,0.0000,7436.7,-0.0729,2,1
32.0301,0.222212,59.994389,0.002074,0.0000,0.0000,7417.0,-0.0646,2,1
32.0118,0.222212,59.994388,0.002069,0.0000,0.0000,7396.4,-0.0561,2,1
31.9973,0.222212,59.994387,0.002064,0.0000,0.0000,7385.2,-0.0480,2,1
31.9783,0.222212,59.994386,0.002059,0.0000,0.0000,7389.2,-0.0407,2,1
31.9783,0.222212,59.994385,0.002054,0.0000,0.0000,7378.2,-0.0320,2,1
31.9672,0.222212,59.994384,0.002049,0.0000,0.0000,7370.2,-0.0250,2,1
31.9605,0.222212,59.994382,0.002044,0.0000,0.0000,7381.6,-0.0200,2,1
31.9443,0.222212,59.994381,0.002038,0.0000,0.0000,7396.3,-0.0138,2,1
31.9359,0.222212,59.994379,0.002033,0.0000,0.0000,7393.6,-0.0073,2,1
31.9112,0.222995,59.994377,0.002028,0.0000,0.0000,7444.5,-0.0018,2,1
31.8935,0.222995,59.994376,0.002023,0.0004,0.0000,7475.0,0.0045,2,1
31.8724,0.222995,59.994374,0.002018,0.0007,0.0000,7516.5,0.0120,2,1
31.8730,0.222995,59.994373,0.002013,0.0004,0.0000,7473.7,0.0183,2,1
31.8493,0.222995,59.994371,0.002008,0.0000,0.0000,7495.0,0.0243,2,1
31.8377,0.222995,59.994370,0.002003,0.0000,0.0000,7485.6,0.0283,2,1
31.8411,0.222995,59.994369,0.001998,0.0000,0.0000,7432.2,0.0298,2,1
31.8298,0.222995,59.994368,0.001993,0.0000,0.0000,7406.1,0.0338,2,1
31.8106,0.222995,59.994366,0.001988,0.0000,0.0000,7415.6,0.0387,2,1
31.7989,0.222995,59.994365,0.001983,0.0000,0.0000,7382.3,0.0407,2,1
31.7868,0.223856,59.994364,0.001978,0.0000,0.0000,7360.2,0.0415,2,1
31.7606,0.223856,59.994363,0.001973,0.0000,0.0000,7346.8,0.0399,2,1
31.7526,0.223856,59.994362,0.001968,0.0000,0.0000,7348.6,0.0366,2,1
31.7422,0.223856,59.994360,0.001963,0.0000,0.0000,7333.0,0.0318,2,1
31.7304,0.223856,59.994359,0.001958,0.0000,0.0000,7328.9,0.0249,2,1
31.7157,0.223856,59.994358,0.001953,0.0000,0.0000,7320.7,0.0172,2,1
31.7031,0.223856,59.994356,0.001948,0.0000,0.0000,7319.3,0.0080,2,1
31.6875,0.223856,59.994355,0.001943,0.0000,0.0000,7342.9,-0.0020,2,1
31.6696,0.223856,59.994353,0.001938,0.0000,0.0000,7366.6,-0.0134,2,1
31.6514,0.223856,59.994352,0.001933,0.0000,0.0000,7392.7,-0.0260,2,1
31.6467,0.224718,59.994350,0.001928,0.0000,0.0000,7360.5,-0.0393,2,1
31.6335,0.224718,59.994349,0.001923,0.0000,0.0000,7353.6,-0.0525,2,1
31.6228,0.224718,59.994348,0.001918,0.0000,0.0000,7345.7,-0.0656,2,1
31.6121,0.224718,59.994346,0.001913,0.0000,0.0000,7335.5,-0.0782,2,1
31.6010,0.224718,59.994345,0.001908,0.0000,0.0000,7324.2,-0.0915,2,1
31.5901,0.224718,59.994343,0.001903,0.0000,0.0000,7295.6,-0.1038,2,1
31.5794,0.224718,59.994342,0.001898,0.0000,0.0000,7260.7,-0.1150,2,1
31.5737,0.224718,59.994340,0.001894,0.0013,0.0000,7213.5,-0.1256,2,0
31.5683,0.224718,59.994339,0.001889,0.0026,0.0000,7185.4,-0.1358,2,1
31.5608,0.224718,59.994337,0.001884,0.0013,0.0000,7174.1,-0.1458,2,1
31.5493,0.225490,59.994336,0.001879,0.0000,0.0000,7164.5,-0.1558,2,1
31.5396,0.225490,59.994334,0.001874,0.0000,0.0000,7150.1,-0.1653,2,1
31.5264,0.225490,59.994333,0.001869,0.0000,0.0000,7140.9,-0.1742,2,1
31.5097,0.225490,59.994331,0.001865,0.0000,0.0000,7136.8,-0.1825,2,1
31.4932,0.225490,59.994330,0.001860,0.0000,0.0000,7138.7,-0.1899,2,1
31.4767,0.225490,59.994328,0.001855,0.0000,0.0000,7130.9,-0.1961,2,1
31.4552,0.225490,59.994326,0.001850,0.0000,0.0000,7126.7,-0.2015,2,1
31.4243,0.225490,59.994325,0.001845,0.0000,0.0000,7151.5,-0.2036,2,1
31.3996,0.225490,59.994323,0.001841,0.0000,0.0000,7140.4,-0.2045,2,1
31.3810,0.225490,59.994322,0.001836,0.0000,0.0000,7123.3,-0.2002,2,1
31.3517,0.226343,59.994320,0.001831,0.0000,0.0000,7129.9,-0.1931,2,1
31.3308,0.226343,59.994318,0.001826,0.0000,0.0000,7131.4,-0.1839,2,1
31.3144,0.226343,59.994317,0.001822,0.0000,0.0000,7139.9,-0.1709,2,1
31.3016,0.226343,59.994315,0.001817,0.0000,0.0000,7144.7,-0.1576,2,0
31.2850,0.226343,59.994314,0.001812,0.0000,0.0000,7201.1,-0.1412,2,1
31.2803,0.226343,59.994312,0.001807,0.0000,0.0000,7222.5,-0.1257,2,0
31.2638,0.226343,59.994311,0.001803,0.0000,0.0000,7267.4,-0.1121,2,0
31.2499,0.226343,59.994309,0.001798,0.0000,0.0000,7282.1,-0.1004,2,0
31.2214,0.226343,59.994308,0.001793,0.0000,0.0000,7347.1,-0.0911,2,0
31.2032,0.226343,59.994306,0.001789,0.0000,0.0000,7366.9,-0.0819,2,0
31.1896,0.227183,59.994304,0.001784,0.0000,0.0000,7380.2,-0.0774,2,0
31.1908,0.227183,59.994303,0.001779,0.0000,0.0000,7334.2,-0.0737,2,0
31.2001,0.227183,59.994301,0.001775,0.0000,0.0000,7257.9,-0.0722,2,0
31.2156,0.227183,59.994300,0.001770,0.0000,0.0000,7154.3,-0.0725,2,0
31.2120,0.227183,59.994298,0.001765,0.0000,0.0000,7131.2,-0.0739,2,0
31.2082,0.227183,59.994297,0.001761,0.0000,0.0000,7107.3,-0.0768,2,0
31.2020,0.227183,59.994295,0.001756,0.0000,0.0000,7096.6,-0.0806,2,0
31.1961,0.227183,59.994294,0.001752,0.0000,0.0000,7085.1,-0.0853,2,0
31.1913,0.227183,59.994292,0.001747,0.0000,0.0000,7066.5,-0.0911,2,0
31.1847,0.227183,59.994290,0.001742,0.0000,0.0000,7054.8,-0.0972,2,0
31.1785,0.227944,59.994289,0.001738,0.0000,0.0000,7044.1,-0.1035,2,0
31.1716,0.227944,59.994287,0.001733,0.0000,0.0000,7032.2,-0.1103,2,0
31.1615,0.227944,59.994285,0.001729,0.0000,0.0000,7026.7,-0.1170,2,0
31.1480,0.227944,59.994283,0.001724,0.0000,0.0000,7022.3,-0.1227,2,0
31.1279,0.227944,59.994282,0.001719,0.0000,0.0000,7052.5,-0.1294,2,0
31.1166,0.227944,59.994280,0.001715,0.0000,0.0000,7059.7,-0.1346,2,0
31.1064,0.227944,59.994279,0.001710,0.0000,0.0000,7058.9,-0.1386,2,0
31.0901,0.227944,59.994277,0.001706,0.0000,0.0000,7068.1,-0.1436,2,0
31.0725,0.227944,59.994276,0.001701,0.0000,0.0000,7080.4,-0.1488,2,0
31.0653,0.227944,59.994275,0.001697,0.0000,0.0000,7077.4,-0.1523,2,0
31.0543,0.228771,59.994274,0.001692,0.0000,0.0000,7085.2,-0.1532,2,0
31.0418,0.228771,59.994272,0.001688,0.0000,0.0000,7089.8,-0.1561,2,0
31.0261,0.228771,59.994271,0.001683,0.0000,0.0000,7109.5,-0.1586,2,0
31.0118,0.228771,59.994270,0.001679,0.0000,0.0000,7121.9,-0.1599,2,0
30.9996,0.228771,59.994268,0.001674,0.0000,0.0000,7128.3,-0.1616,2,0
30.9878,0.228771,59.994267,0.001670,0.0000,0.0000,7129.8,-0.1630,2,0
30.9647,0.228771,59.994265,0.001665,0.0000,0.0000,7176.3,-0.1642,2,0
30.9621,0.228771,59.994263,0.001661,0.0000,0.0000,7148.3,-0.1656,2,0
30.9575,0.228771,59.994261,0.001657,0.0000,0.0000,7129.1,-0.1672,2,0
30.9486,0.228771,59.994259,0.001652,0.0000,0.0000,7122.4,-0.1683,2,0
30.9305,0.229589,59.994257,0.001648,0.0000,0.0000,7141.3,-0.1693,2,0
30.9182,0.229589,59.994255,0.001643,0.0000,0.0000,7134.1,-0.1693,2,0
30.9063,0.229589,59.994253,0.001639,0.0000,0.0000,7123.5,-0.1686,2,0
30.8950,0.229589,59.994251,0.001635,0.0000,0.0000,7111.5,-0.1673,2,0
30.8839,0.229589,59.994249,0.001630,0.0000,0.0000,7105.1,-0.1655,2,0
30.8738,0.229589,59.994247,0.001626,0.0000,0.0000,7092.7,-0.1632,2,0
30.8627,0.229589,59.994245,0.001622,0.0000,0.0000,7091.0,-0.1602,2,0
30.8487,0.229589,59.994244,0.001617,0.0000,0.0000,7098.1,-0.1572,2,0
30.8375,0.229589,59.994242,0.001613,0.0000,0.0000,7093.8,-0.1536,2,0
30.8244,0.229589,59.994240,0.001609,0.0000,0.0000,7098.9,-0.1503,2,0
30.8131,0.230342,59.994239,0.001605,0.0000,0.0000,7097.8,-0.1473,2,0
30.8015,0.230342,59.994237,0.001601,0.0000,0.0000,7098.0,-0.1445,2,0
30.7897,0.230342,59.994235,0.001596,0.0000,0.0000,7101.0,-0.1421,2,0
30.7788,0.230342,59.994233,0.001592,0.0000,0.0000,7101.4,-0.1399,2,0
30.7675,0.230342,59.994232,0.001588,0.0000,0.0000,7102.2,-0.1382,2,0
30.7571,0.230342,59.994230,0.001584,0.0000,0.0000,7099.0,-0.1369,2,0
30.7474,0.230342,59.994228,0.001580,0.0000,0.0000,7093.7,-0.1360,2,0
30.7380,0.230342,59.994227,0.001576,0.0000,0.0000,7086.9,-0.1356,2,0
30.7282,0.230342,59.994225,0.001571,0.0000,0.0000,7081.7,-0.1353,2,0
30.7186,0.230342,59.994223,0.001567,0.0000,0.0000,7076.8,-0.1352,2,0
30.7086,0.231149,59.994222,0.001563,0.0000,0.0000,7073.3,-0.1355,2,0
30.6985,0.231149,59.994220,0.001559,0.0000,0.0000,7068.6,-0.1355,2,0
30.6881,0.231149,59.994218,0.001555,0.0000,0.0000,7063.0,-0.1353,2,0
30.6785,0.231149,59.994216,0.001551,0.0000,0.0000,7057.2,-0.1351,2,0
30.6690,0.231149,59.994215,0.001547,0.0000,0.0000,7050.8,-0.1346,2,0
30.6591,0.231149,59.994213,0.001543,0.0000,0.0000,7044.8,-0.1336,2,0
30.6497,0.231149,59.994211,0.001539,0.0000,0.0000,7038.8,-0.1322,2,0
30.6397,0.231149,59.994208,0.001535,0.0000,0.0000,7034.3,-0.1302,2,0
30.6294,0.231149,59.994206,0.001531,0.0000,0.0000,7030.8,-0.1277,2,0
30.6199,0.231149,59.994204,0.001527,0.0000,0.0000,7024.6,-0.1249,2,0
30.6100,0.231951,59.994202,0.001524,0.0000,0.0000,7021.4,-0.1219,2,0
30.6000,0.231951,59.994199,0.001520,0.0000,0.0000,7017.6,-0.1186,2,0
30.5909,0.231951,59.994197,0.001516,0.0000,0.0000,7013.2,-0.1149,2,0
30.5815,0.231951,59.994195,0.001512,0.0000,0.0000,7010.7,-0.1112,2,0
30.5715,0.231951,59.994192,0.001508,0.0000,0.0000,7010.6,-0.1072,2,0
30.5615,0.231951,59.994190,0.001504,0.0000,0.0005,7009.5,-0.1032,2,0
30.5521,0.231951,59.994188,0.001500,0.0000,0.0010,7006.8,-0.0994,2,0
30.5427,0.231951,59.994186,0.001497,0.0000,0.0014,7003.4,-0.0957,2,0
30.5335,0.231951,59.994184,0.001493,0.0000,0.0017,7000.9,-0.0923,2,0
30.5245,0.231951,59.994182,0.001489,0.0000,0.0022,6998.4,-0.0891,2,0
30.5148,0.232697,59.994180,0.001485,0.0000,0.0027,6997.5,-0.0864,2,0
30.5061,0.232697,59.994178,0.001482,0.0000,0.0032,6996.4,-0.0841,2,0
30.4965,0.232697,59.994176,0.001478,0.0000,0.0037,6994.6,-0.0822,2,0
30.4875,0.232697,59.994174,0.001474,0.0000,0.0036,6992.0,-0.0808,2,0
30.4787,0.232697,59.994172,0.001470,0.0000,0.0035,6987.6,-0.0800,2,0
30.4699,0.232697,59.994170,0.001467,0.0000,0.0038,6985.6,-0.0794,2,0
30.4619,0.232697,59.994168,0.001463,0.0000,0.0042,6979.5,-0.0792,2,0
30.4526,0.232697,59.994166,0.001459,0.0000,0.0042,6977.6,-0.0792,2,0
30.4444,0.232697,59.994165,0.001456,0.0000,0.0042,6976.2,-0.0792,2,0
30.4345,0.232697,59.994163,0.001452,0.0000,0.0039,6974.2,-0.0795,2,0
30.4259,0.233495,59.994161,0.001449,0.0000,0.0037,6970.7,-0.0798,2,0
30.4179,0.233495,59.994159,0.001445,0.0000,0.0036,6966.4,-0.0801,2,0
30.4092,0.233495,59.994157,0.001441,0.0000,0.0035,6961.9,-0.0802,2,0
30.4011,0.233495,59.994156,0.001438,0.0000,0.0039,6957.5,-0.0799,2,0
30.3933,0.233495,59.994154,0.001434,0.0000,0.0042,6955.0,-0.0794,2,0
30.3853,0.233495,59.994152,0.001431,0.0000,0.0042,6951.6,-0.0787,2,0
30.3777,0.233495,59.994150,0.001427,0.0000,0.0042,6944.9,-0.0778,2,0
30.3698,0.233495,59.994148,0.001424,0.0000,0.0039,6939.6,-0.0766,2,0
30.3637,0.233495,59.994145,0.001420,0.0000,0.0035,6933.6,-0.0752,2,0
30.3561,0.233495,59.994143,0.001417,0.0000,0.0035,6928.3,-0.0737,2,0
30.3494,0.234239,59.994141,0.001413,0.0000,0.0035,6920.6,-0.0718,2,0
30.3433,0.234239,59.994139,0.001410,0.0000,0.0023,6909.4,-0.0697,2,0
30.3345,0.234239,59.994137,0.001406,0.0000,0.0012,6908.7,-0.0675,2,0
30.3267,0.234239,59.994134,0.001403,0.0000,0.0008,6906.6,-0.0653,2,0
30.3204,0.234239,59.994132,0.001400,0.0000,0.0004,6898.7,-0.0633,2,0
30.3139,0.234239,59.994130,0.001396,0.0000,0.0002,6891.4,-0.0613,2,0
30.3064,0.234239,59.994128,0.001393,0.0000,0.0001,6888.9,-0.0594,2,0
30.2993,0.234239,59.994126,0.001390,0.0000,0.0000,6884.3,-0.0577,2,0
30.2920,0.234239,59.994124,0.001386,0.0000,0.0000,6881.5,-0.0561,2,0
30.2837,0.234239,59.994122,0.001383,0.0000,0.0000,6883.1,-0.0547,2,0
30.2759,0.235033,59.994120,0.001380,0.0000,0.0000,6882.8,-0.0536,2,0
30.2698,0.235033,59.994118,0.001376,0.0000,0.0000,6877.0,-0.0525,2,0
30.2638,0.235033,59.994116,0.001373,0.0000,0.0000,6870.3,-0.0514,2,0
30.2570,0.235033,59.994114,0.001370,0.0000,0.0000,6868.1,-0.0503,2,0
30.2505,0.235033,59.994112,0.001366,0.0000,0.0000,6864.2,-0.0492,2,0
30.2430,0.235033,59.994110,0.001363,0.0000,0.0000,6863.1,-0.0481,2,0
30.2355,0.235033,59.994108,0.001360,0.0000,0.0000,6863.3,-0.0470,2,0
30.2283,0.235033,59.994105,0.001357,0.0000,0.0000,6864.2,-0.0460,2,0
30.2219,0.235033,59.994103,0.001353,0.0000,0.0000,6861.8,-0.0450,2,0
30.2161,0.235033,59.994101,0.001350,0.0000,0.0000,6856.6,-0.0441,2,0
30.2099,0.235823,59.994098,0.001347,0.0000,0.0000,6852.7,-0.0431,2,0
30.2033,0.235823,59.994096,0.001344,0.0000,0.0000,6849.2,-0.0421,2,0
30.1962,0.235823,59.994094,0.001341,0.0000,0.0000,6848.6,-0.0411,2,0
30.1891,0.235823,59.994092,0.001337,0.0000,0.0000,6848.6,-0.0401,2,0
30.1817,0.235823,59.994089,0.001334,0.0000,0.0000,6850.4,-0.0392,2,0
30.1756,0.235823,59.994087,0.001331,0.0000,0.0004,6846.7,-0.0383,2,0
30.1696,0.235823,59.994085,0.001328,0.0000,0.0007,6842.7,-0.0374,2,0
30.1636,0.235823,59.994082,0.001325,0.0000,0.0012,6838.9,-0.0363,2,0
30.1570,0.235823,59.994080,0.001322,0.0000,0.0017,6837.0,-0.0352,2,0
30.1502,0.235823,59.994078,0.001319,0.0000,0.0017,6835.9,-0.0341,2,0
30.1433,0.236562,59.994076,0.001315,0.0000,0.0017,6835.7,-0.0331,2,0
30.1365,0.236562,59.994073,0.001312,0.0000,0.0021,6835.4,-0.0322,2,0
30.1300,0.236562,59.994071,0.001309,0.0000,0.0025,6834.9,-0.0312,2,0
30.1238,0.236562,59.994069,0.001306,0.0000,0.0025,6833.3,-0.0302,2,0
30.1179,0.236562,59.994066,0.001303,0.0000,0.0025,6829.4,-0.0293,2,0
30.1114,0.236562,59.994064,0.001300,0.0000,0.0025,6826.7,-0.0285,2,0
30.1048,0.236562,59.994062,0.001297,0.0000,0.0025,6824.5,-0.0277,2,0
30.0978,0.236562,59.994059,0.001294,0.0000,0.0021,6825.0,-0.0269,2,0
30.0909,0.236562,59.994057,0.001291,0.0000,0.0018,6826.4,-0.0263,2,0
30.0843,0.236562,59.994054,0.001288,0.0000,0.0018,6826.8,-0.0255,2,0
30.0778,0.237348,59.994052,0.001285,0.0000,0.0017,6825.3,-0.0248,2,0
30.0721,0.237348,59.994050,0.001281,0.0000,0.0021,6820.5,-0.0241,2,0
30.0655,0.237348,59.994047,0.001278,0.0000,0.0025,6818.6,-0.0233,2,0
30.0588,0.237348,59.994045,0.001275,0.0000,0.0025,6818.3,-0.0226,2,0
30.0523,0.237348,59.994042,0.001272,0.0000,0.0025,6816.7,-0.0218,2,0
30.0456,0.237348,59.994040,0.001269,0.0000,0.0025,6816.5,-0.0212,2,0
30.0390,0.237348,59.994038,0.001266,0.0000,0.0025,6816.5,-0.0204,2,0
30.0326,0.237348,59.994036,0.001263,0.0000,0.0025,6815.4,-0.0197,2,0
30.0264,0.237348,59.994034,0.001260,0.0000,0.0025,6813.7,-0.0189,2,0
30.0202,0.237348,59.994032,0.001257,0.0000,0.0025,6810.2,-0.0181,2,0
30.0139,0.238133,59.994030,0.001254,0.0000,0.0025,6806.8,-0.0173,2,0
30.0074,0.238133,59.994028,0.001251,0.0000,0.0025,6805.0,-0.0166,2,0
30.0008,0.238133,59.994026,0.001248,0.0000,0.0025,6804.0,-0.0159,2,0
29.9941,0.238133,59.994024,0.001245,0.0000,0.0021,6805.0,-0.0150,2,0
29.9873,0.238133,59.994022,0.001242,0.0000,0.0018,6805.0,-0.0142,2,0
29.9809,0.238133,59.994020,0.001239,0.0000,0.0018,6801.7,-0.0134,2,0
29.9748,0.238133,59.994018,0.001236,0.0000,0.0017,6798.1,-0.0124,2,0
29.9684,0.238133,59.994015,0.001233,0.0000,0.0017,6794.7,-0.0115,2,0
29.9617,0.238133,59.994013,0.001230,0.0000,0.0017,6793.4,-0.0106,2,0
29.9548,0.238133,59.994010,0.001227,0.0000,0.0012,6792.9,-0.0097,2,0
29.9477,0.238864,59.994008,0.001224,0.0000,0.0006,6794.0,-0.0088,2,0
29.9408,0.238864,59.994006,0.001221,0.0000,0.0003,6793.6,-0.0079,2,0
29.9340,0.238864,59.994003,0.001218,0.0000,0.0000,6792.2,-0.0071,2,0
29.9272,0.238864,59.994001,0.001215,0.0000,0.0000,6789.9,-0.0063,2,0
29.9207,0.238864,59.993998,0.001212,0.0000,0.0000,6786.5,-0.0056,2,0
29.9138,0.238864,59.993996,0.001209,0.0000,0.0000,6784.3,-0.0051,2,0
29.9068,0.238864,59.993994,0.001206,0.0000,0.0000,6783.7,-0.0047,2,0
29.8998,0.238864,59.993992,0.001203,0.0000,0.0000,6784.0,-0.0043,2,0
29.8926,0.238864,59.993990,0.001200,0.0000,0.0000,6784.8,-0.0040,2,0
29.8856,0.238864,59.993988,0.001197,0.0000,0.0000,6784.1,-0.0039,2,0
29.8785,0.239633,59.993986,0.001194,0.0000,0.0000,6782.5,-0.0038,2,0
29.8721,0.239633,59.993985,0.001191,0.0000,0.0000,6778.1,-0.0039,2,0
29.8654,0.239633,59.993983,0.001188,0.0000,0.0000,6775.2,-0.0041,2,0
29.8585,0.239633,59.993981,0.001185,0.0000,0.0000,6774.6,-0.0044,2,0
29.8515,0.239633,59.993979,0.001183,0.0000,0.0000,6774.1,-0.0047,2,0
29.8443,0.239633,59.993977,0.001180,0.0000,0.0000,6774.2,-0.0051,2,0
29.8369,0.239633,59.993975,0.001177,0.0000,0.0000,6773.8,-0.0055,2,0
29.8298,0.239633,59.993972,0.001174,0.0000,0.0000,6771.6,-0.0059,2,0
29.8234,0.239633,59.993970,0.001171,0.0000,0.0000,6766.9,-0.0063,2,0
29.8167,0.239633,59.993968,0.001168,0.0000,0.0000,6763.4,-0.0068,2,0
29.8097,0.240359,59.993966,0.001165,0.0000,0.0000,6760.9,-0.0072,2,0
29.8029,0.240359,59.993963,0.001162,0.0000,0.0000,6759.6,-0.0076,2,0
29.7956,0.240359,59.993961,0.001159,0.0000,0.0000,6759.8,-0.0079,2,0
29.7882,0.240359,59.993959,0.001156,0.0000,0.0000,6759.7,-0.0082,2,0
29.7812,0.240359,59.993956,0.001153,0.0000,0.0000,6757.9,-0.0084,2,0
29.7744,0.240359,59.993954,0.001150,0.0000,0.0000,6754.4,-0.0086,2,0
29.7679,0.240359,59.993952,0.001147,0.0000,0.0000,6751.0,-0.0086,2,0
29.7615,0.240359,59.993949,0.001144,0.0000,0.0000,6748.3,-0.0087,2,0
29.7543,0.240359,59.993947,0.001141,0.0000,0.0000,6747.7,-0.0087,2,0
29.7473,0.240359,59.993944,0.001138,0.0000,0.0000,6747.1,-0.0086,2,0
29.7399,0.241112,59.993942,0.001135,0.0000,0.0000,6747.2,-0.0085,2,0
29.7326,0.241112,59.993940,0.001132,0.0000,0.0000,6746.9,-0.0084,2,0
29.7259,0.241112,59.993937,0.001129,0.0000,0.0000,6743.9,-0.0084,2,0
29.7194,0.241112,59.993935,0.001126,0.0000,0.0000,6739.6,-0.0085,2,0
29.7128,0.241112,59.993932,0.001124,0.0000,0.0000,6736.4,-0.0087,2,0
29.7066,0.241112,59.993930,0.001121,0.0000,0.0000,6732.8,-0.0088,2,0
29.6996,0.241112,59.993928,0.001118,0.0000,0.0000,6732.0,-0.0091,2,0
29.6924,0.241112,59.993926,0.001115,0.0000,0.0000,6732.4,-0.0095,2,0
29.6853,0.241112,59.993923,0.001112,0.0000,0.0000,6731.3,-0.0099,2,0
29.6789,0.241112,59.993921,0.001109,0.0000,0.0000,6728.0,-0.0104,2,0
29.6728,0.241853,59.993919,0.001106,0.0000,0.0000,6723.1,-0.0109,2,0
29.6663,0.241853,59.993917,0.001103,0.0000,0.0000,6719.9,-0.0116,2,0
29.6599,0.241853,59.993915,0.001100,0.0000,0.0000,6717.4,-0.0122,2,0
29.6533,0.241853,59.993912,0.001097,0.0000,0.0000,6715.9,-0.0129,2,0
29.6463,0.241853,59.993910,0.001094,0.0000,0.0000,6715.8,-0.0137,2,0
29.6392,0.241853,59.993908,0.001091,0.0000,0.0000,6715.6,-0.0146,2,0
29.6326,0.241853,59.993906,0.001088,0.0000,0.0000,6713.2,-0.0157,2,0
29.6260,0.241853,59.993903,0.001086,0.0000,0.0000,6710.7,-0.0168,2,0
29.6197,0.241853,59.993901,0.001083,0.0000,0.0000,6707.5,-0.0182,2,0
29.6133,0.241853,59.993899,0.001080,0.0000,0.0000,6705.8,-0.0196,2,0
29.6068,0.242565,59.993896,0.001077,0.0000,0.0000,6704.3,-0.0211,2,0
29.6000,0.242565,59.993894,0.001074,0.0000,0.0000,6703.7,-0.0226,2,0
29.5927,0.242565,59.993892,0.001071,0.0000,0.0000,6704.9,-0.0243,2,0
29.5857,0.242565,59.993890,0.001068,0.0000,0.0000,6704.1,-0.0262,2,0
29.5789,0.242565,59.993887,0.001065,0.0000,0.0000,6701.9,-0.0284,2,0
29.5727,0.242565,59.993885,0.001062,0.0000,0.0000,6698.3,-0.0310,2,0
29.5661,0.242565,59.993883,0.001059,0.0000,0.0000,6696.4,-0.0340,2,0
29.5593,0.242565,59.993880,0.001057,0.0000,0.0000,6695.5,-0.0374,2,0
29.5526,0.242565,59.993878,0.001054,0.0000,0.0000,6694.2,-0.0410,2,0
29.5453,0.242565,59.993876,0.001051,0.0000,0.0000,6694.4,-0.0451,2,0
29.5379,0.243285,59.993873,0.001048,0.0000,0.0000,6695.5,-0.0495,2,0
29.5306,0.243285,59.993871,0.001045,0.0000,0.0000,6694.8,-0.0542,2,0
29.5241,0.243285,59.993869,0.001042,0.0000,0.0000,6690.9,-0.0593,2,0
29.5175,0.243285,59.993867,0.001039,0.0000,0.0000,6688.1,-0.0647,2,0
29.5104,0.243285,59.993864,0.001036,0.0000,0.0000,6687.2,-0.0702,2,0
29.5031,0.243285,59.993862,0.001034,0.0000,0.0000,6686.3,-0.0758,2,0
29.4957,0.243285,59.993860,0.001031,0.0000,0.0000,6685.8,-0.0813,2,0
29.4874,0.243285,59.993858,0.001028,0.0000,0.0000,6688.0,-0.0867,2,0
29.4794,0.243285,59.993855,0.001025,0.0000,0.0000,6688.1,-0.0921,2,0
29.4717,0.243285,59.993853,0.001022,0.0000,0.0000,6684.3,-0.0975,2,0
29.4647,0.243991,59.993851,0.001019,0.0000,0.0000,6680.5,-0.1031,2,0
29.4567,0.243991,59.993849,0.001017,0.0000,0.0000,6679.6,-0.1086,2,0
29.4492,0.243991,59.993847,0.001014,0.0000,0.0000,6677.4,-0.1140,2,0
29.4397,0.243991,59.993844,0.001011,0.0000,0.0000,6676.6,-0.1190,2,0
29.4313,0.243991,59.993842,0.001008,0.0000,0.0000,6678.1,-0.1240,2,0
29.4220,0.243991,59.993840,0.001005,0.0000,0.0000,6679.2,-0.1290,2,0
29.4139,0.243991,59.993838,0.001003,0.0000,0.0000,6675.6,-0.1339,2,0
29.4061,0.243991,59.993835,0.001000,0.0000,0.0000,6671.3,-0.1388,2,0
29.3971,0.243991,59.993833,0.000997,0.0000,0.0000,6670.2,-0.1435,2,0
29.3883,0.243991,59.993830,0.000995,0.0000,0.0000,6668.2,-0.1480,2,0
29.3800,0.244699,59.993828,0.000992,0.0000,0.0000,6666.5,-0.1520,2,0
29.3707,0.244699,59.993826,0.000989,0.0000,0.0000,6667.8,-0.1556,2,0
29.3609,0.244699,59.993823,0.000987,0.0000,0.0000,6670.0,-0.1588,2,0
29.3525,0.244699,59.993821,0.000984,0.0000,0.0000,6666.5,-0.1614,2,0
29.3446,0.244699,59.993818,0.000981,0.0000,0.0000,6660.2,-0.1636,2,0
29.3358,0.244699,59.993816,0.000979,0.0000,0.0000,6659.0,-0.1653,2,0
29.3269,0.244699,59.993814,0.000976,0.0000,0.0000,6658.2,-0.1662,2,0
29.3178,0.244699,59.993811,0.000973,0.0000,0.0000,6658.0,-0.1664,2,0
29.3083,0.244699,59.993809,0.000971,0.0000,0.0000,6658.9,-0.1659,2,0
29.2976,0.244699,59.993807,0.000968,0.0000,0.0000,6664.6,-0.1646,2,0
29.2880,0.245405,59.993805,0.000966,0.0000,0.0000,6665.0,-0.1628,2,0
29.2796,0.245405,59.993802,0.000963,0.0000,0.0012,6660.6,-0.1607,2,0
29.2693,0.245405,59.993800,0.000961,0.0000,0.0025,6664.4,-0.1582,2,0
29.2581,0.245405,59.993798,0.000958,0.0000,0.0041,6673.7,-0.1551,2,0
29.2498,0.245405,59.993795,0.000956,0.0000,0.0056,6671.1,-0.1514,2,0
29.2411,0.245405,59.993793,0.000953,0.0000,0.0084,6668.0,-0.1472,2,0
29.2308,0.245405,59.993791,0.000951,0.0000,0.0111,6673.5,-0.1427,2,0
29.2206,0.245405,59.993788,0.000948,0.0000,0.0126,6677.2,-0.1380,2,0
29.2120,0.245405,59.993786,0.000946,0.0000,0.0142,6676.9,-0.1333,2,0
29.2023,0.245405,59.993784,0.000944,0.0000,0.0159,6681.5,-0.1285,2,0
29.1934,0.246111,59.993781,0.000941,0.0000,0.0175,6682.1,-0.1235,2,0
29.1844,0.246111,59.993779,0.000939,0.0000,0.0186,6683.8,-0.1184,2,0
29.1762,0.246111,59.993777,0.000936,0.0000,0.0196,6683.0,-0.1135,2,0
29.1670,0.246111,59.993775,0.000934,0.0000,0.0202,6683.6,-0.1087,2,0
29.1577,0.246111,59.993772,0.000932,0.0000,0.0209,6686.8,-0.1045,2,0
29.1493,0.246111,59.993770,0.000929,0.0000,0.0225,6686.8,-0.1008,2,0
29.1414,0.246111,59.993768,0.000927,0.0000,0.0242,6685.6,-0.0978,2,0
29.1329,0.246111,59.993766,0.000925,0.0000,0.0247,6683.8,-0.0952,2,0
29.1250,0.246111,59.993763,0.000923,0.0000,0.0253,6682.4,-0.0931,2,0
29.1165,0.246111,59.993761,0.000920,0.0000,0.0261,6681.8,-0.0918,2,0
29.1076,0.246818,59.993759,0.000918,0.0000,0.0269,6681.8,-0.0912,2,0
29.0984,0.246818,59.993757,0.000916,0.0000,0.0271,6681.7,-0.0912,2,0
29.0893,0.246818,59.993755,0.000914,0.0000,0.0274,6680.0,-0.0919,2,0
29.0815,0.246818,59.993752,0.000912,0.0000,0.0279,6674.9,-0.0932,2,0
29.0729,0.246818,59.993750,0.000909,0.0000,0.0284,6672.8,-0.0949,2,0
29.0646,0.246818,59.993748,0.000907,0.0000,0.0301,6668.7,-0.0968,2,0
29.0560,0.246818,59.993746,0.000905,0.0000,0.0318,6665.2,-0.0988,2,0
29.0479,0.246818,59.993743,0.000903,0.0000,0.0374,6661.2,-0.1008,2,0
29.0392,0.246818,59.993741,0.000901,0.0000,0.0430,6658.8,-0.1028,2,0
29.0304,0.246818,59.993739,0.000899,0.0000,0.0529,6657.3,-0.1048,2,0
29.0220,0.247526,59.993736,0.000897,0.0000,0.0627,6653.9,-0.1067,2,0
29.0143,0.247526,59.993734,0.000895,0.0000,0.0755,6648.4,-0.1082,2,0
29.0061,0.247526,59.993732,0.000893,0.0000,0.0883,6645.4,-0.1092,2,0
28.9985,0.247526,59.993730,0.000891,0.0000,0.1006,6640.6,-0.1096,2,0
28.9905,0.247526,59.993727,0.000889,0.0000,0.1130,6637.2,-0.1095,2,0
28.9821,0.247526,59.993725,0.000887,0.0000,0.1244,6634.5,-0.1089,2,0
28.9739,0.247526,59.993722,0.000885,0.0000,0.1359,6631.9,-0.1079,2,0
28.9665,0.247526,59.993720,0.000883,0.0000,0.1483,6626.1,-0.1067,2,0
28.9587,0.247526,59.993717,0.000881,0.0000,0.1608,6623.5,-0.1052,2,0
28.9509,0.247526,59.993715,0.000879,0.0000,0.1759,6620.9,-0.1033,2,0
28.9489,0.248232,59.993713,0.000877,0.0000,0.1910,6673.0,-0.1011,2,0
28.9548,0.248232,59.993710,0.000875,0.0000,0.2076,6692.3,-0.0989,2,0
28.9632,0.248232,59.993707,0.000874,0.0000,0.2243,6707.1,-0.0967,2,0
28.9732,0.248232,59.993705,0.000872,0.0000,0.2402,6720.7,-0.0948,2,0
28.9848,0.248232,59.993702,0.000870,0.0000,0.2562,6735.3,-0.0931,2,0
28.9980,0.248232,59.993700,0.000868,0.0000,0.2715,6746.1,-0.0917,2,0
29.0130,0.248232,59.993697,0.000866,0.0000,0.2869,6755.0,-0.0904,2,0
29.0290,0.248232,59.993695,0.000864,0.0000,0.3012,6764.2,-0.0893,2,0
29.0457,0.248232,59.993693,0.000863,0.0000,0.3155,6773.4,-0.0884,2,0
29.0633,0.248232,59.993690,0.000861,0.0000,0.3281,6781.7,-0.0876,2,0
29.0822,0.248942,59.993688,0.000859,0.0000,0.3406,6789.6,-0.0870,2,0
29.1012,0.248942,59.993685,0.000858,0.0000,0.3517,6800.1,-0.0865,2,0
29.1215,0.248942,59.993682,0.000856,0.0000,0.3627,6809.2,-0.0861,2,0
29.1436,0.248942,59.993680,0.000854,0.0000,0.3728,6815.4,-0.0858,2,0
29.1658,0.248942,59.993678,0.000852,0.0000,0.3828,6823.3,-0.0854,2,0
29.1886,0.248942,59.993675,0.000851,0.0000,0.3914,6832.2,-0.0852,2,0
29.2124,0.248942,59.993673,0.000849,0.0000,0.4000,6840.5,-0.0849,2,0
29.2366,0.248942,59.993670,0.000847,0.0000,0.4062,6846.1,-0.0847,2,0
29.2612,0.248942,59.993668,0.000846,0.0000,0.4123,6854.1,-0.0846,2,0
29.2862,0.248942,59.993665,0.000844,0.0000,0.4172,6860.7,-0.0845,2,0
29.3123,0.249658,59.993662,0.000843,0.0000,0.4221,6865.7,-0.0845,2,0
29.3390,0.249658,59.993660,0.000841,0.0000,0.4264,6870.4,-0.0844,2,0
29.3652,0.249658,59.993658,0.000839,0.0000,0.4308,6879.6,-0.0841,2,0
29.3912,0.249658,59.993655,0.000838,0.0000,0.4352,6886.5,-0.0838,2,0
29.4185,0.249658,59.993653,0.000836,0.0000,0.4397,6889.9,-0.0832,2,0
29.4459,0.249658,59.993650,0.000835,0.0000,0.4436,6895.5,-0.0827,2,0
29.4736,0.249658,59.993648,0.000833,0.0000,0.4476,6902.0,-0.0822,2,0
29.5014,0.249658,59.993645,0.000832,0.0000,0.4513,6910.3,-0.0815,2,0
29.5303,0.249658,59.993643,0.000830,0.0000,0.4551,6915.2,-0.0808,2,0
29.5591,0.249658,59.993640,0.000829,0.0000,0.4589,6921.5,-0.0800,2,0
29.5873,0.250381,59.993638,0.000827,0.0000,0.4627,6928.8,-0.0791,2,0
29.6170,0.250381,59.993636,0.000826,0.0000,0.4661,6931.6,-0.0780,2,0
29.6467,0.250381,59.993633,0.000824,0.0000,0.4696,6937.3,-0.0770,2,0
29.6764,0.250381,59.993631,0.000823,0.0000,0.4729,6943.8,-0.0761,2,0
29.7063,0.250381,59.993628,0.000821,0.0000,0.4762,6951.8,-0.0751,2,0
29.7367,0.250381,59.993626,0.000820,0.0000,0.4788,6957.4,-0.0740,2,0
29.7670,0.250381,59.993623,0.000818,0.0000,0.4814,6964.5,-0.0726,2,0
29.7968,0.250381,59.993621,0.000817,0.0000,0.4850,6973.0,-0.0713,2,0
29.8274,0.250381,59.993618,0.000815,0.0000,0.4885,6978.8,-0.0699,2,0
29.8588,0.250381,59.993616,0.000814,0.0000,0.4925,6983.6,-0.0687,2,0
29.8901,0.251112,59.993613,0.000813,0.0000,0.4965,6991.0,-0.0675,2,0
29.9217,0.251112,59.993610,0.000811,0.0000,0.5038,6999.5,-0.0663,2,0
29.9536,0.251112,59.993608,0.000810,0.0000,0.5110,7008.6,-0.0653,2,0
29.9860,0.251112,59.993605,0.000809,0.0000,0.5188,7017.4,-0.0641,2,0
30.0183,0.251112,59.993603,0.000807,0.0000,0.5266,7028.4,-0.0630,2,0
30.0517,0.251112,59.993600,0.000806,0.0000,0.5336,7036.5,-0.0619,2,0
30.0863,0.251112,59.993597,0.000804,0.0000,0.5406,7042.6,-0.0610,2,0
30.1213,0.251112,59.993594,0.000803,0.0000,0.5481,7050.6,-0.0602,2,0
30.1559,0.251112,59.993592,0.000802,0.0000,0.5556,7061.4,-0.0594,2,0
30.1919,0.251112,59.993589,0.000800,0.0000,0.5620,7069.6,-0.0587,2,0
30.2277,0.251851,59.993586,0.000799,0.0000,0.5684,7079.6,-0.0579,2,0
30.2634,0.251851,59.993583,0.000798,0.0000,0.5751,7090.7,-0.0571,2,0
30.2998,0.251851,59.993580,0.000797,0.0000,0.5819,7099.8,-0.0564,2,0
30.3376,0.251851,59.993578,0.000795,0.0000,0.5875,7106.7,-0.0557,2,0
30.3753,0.251851,59.993575,0.000794,0.0000,0.5932,7115.6,-0.0552,2,0
30.4132,0.251851,59.993572,0.000793,0.0000,0.5992,7126.3,-0.0546,2,0
30.4514,0.251851,59.993569,0.000791,0.0000,0.6052,7136.6,-0.0540,2,0
30.4900,0.251851,59.993567,0.000790,0.0000,0.6097,7146.9,-0.0533,2,0
30.5278,0.251851,59.993564,0.000789,0.0000,0.6143,7159.4,-0.0526,2,0
30.5665,0.251851,59.993562,0.000788,0.0000,0.6187,7169.5,-0.0520,2,0
30.6064,0.252599,59.993559,0.000786,0.0000,0.6232,7176.8,-0.0513,2,0
30.6465,0.252599,59.993556,0.000785,0.0000,0.6265,7184.7,-0.0508,2,0
30.6866,0.252599,59.993554,0.000784,0.0000,0.6299,7193.4,-0.0504,2,0
30.7267,0.252599,59.993551,0.000782,0.0000,0.6323,7202.2,-0.0498,2,0
30.7666,0.252599,59.993549,0.000781,0.0000,0.6348,7212.8,-0.0492,2,0
30.8056,0.252599,59.993546,0.000780,0.0000,0.6374,7226.4,-0.0486,2,0
30.8459,0.252599,59.993543,0.000779,0.0000,0.6400,7235.4,-0.0480,2,0
30.8879,0.252599,59.993541,0.000778,0.0000,0.6418,7238.0,-0.0474,2,0
30.9289,0.252599,59.993538,0.000776,0.0000,0.6435,7245.9,-0.0469,2,0
30.9689,0.252599,59.993536,0.000775,0.0000,0.6448,7258.7,-0.0464,2,0
31.0093,0.253357,59.993533,0.000774,0.0000,0.6461,7269.8,-0.0459,2,0
31.0502,0.253357,59.993530,0.000773,0.0000,0.6470,7279.2,-0.0452,2,0
31.0903,0.253357,59.993528,0.000771,0.0000,0.6479,7289.0,-0.0446,2,0
31.1312,0.253357,59.993525,0.000770,0.0000,0.6489,7296.6,-0.0440,2,0
31.1724,0.253357,59.993523,0.000769,0.0000,0.6500,7302.8,-0.0434,2,0
31.2132,0.253357,59.993520,0.000768,0.0000,0.6518,7312.1,-0.0427,2,0
31.2537,0.253357,59.993517,0.000767,0.0000,0.6535,7323.5,-0.0421,2,0
31.2941,0.253357,59.993514,0.000765,0.0000,0.6552,7334.1,-0.0414,2,0
31.3351,0.253357,59.993512,0.000764,0.0000,0.6569,7343.0,-0.0407,2,0
31.3758,0.253357,59.993509,0.000763,0.0000,0.6590,7351.4,-0.0399,2,0
31.4177,0.254124,59.993506,0.000762,0.0000,0.6612,7355.9,-0.0393,2,0
31.4593,0.254124,59.993503,0.000761,0.0000,0.6638,7362.4,-0.0387,2,0
31.5005,0.254124,59.993500,0.000759,0.0000,0.6663,7372.6,-0.0381,2,0
31.5415,0.254124,59.993498,0.000758,0.0000,0.6695,7384.7,-0.0375,2,0
31.5832,0.254124,59.993495,0.000757,0.0000,0.6727,7394.1,-0.0369,2,0
31.6243,0.254124,59.993492,0.000756,0.0000,0.6757,7405.0,-0.0363,2,0
31.6659,0.254124,59.993489,0.000755,0.0000,0.6788,7414.6,-0.0357,2,0
31.7078,0.254124,59.993486,0.000754,0.0000,0.6813,7423.5,-0.0351,2,0
31.7502,0.254124,59.993482,0.000752,0.0000,0.6839,7432.5,-0.0344,2,0
31.7920,0.254124,59.993479,0.000751,0.0000,0.6860,7444.6,-0.0339,2,0
31.8340,0.254899,59.993476,0.000750,0.0000,0.6882,7455.2,-0.0333,2,0
31.8763,0.254899,59.993473,0.000749,0.0000,0.6880,7464.2,-0.0326,2,0
31.9185,0.254899,59.993470,0.000748,0.0000,0.6879,7473.3,-0.0319,2,0
31.9606,0.254899,59.993466,0.000747,0.0000,0.6883,7482.6,-0.0312,2,0
32.0027,0.254899,59.993463,0.000746,0.0000,0.6887,7489.7,-0.0305,2,0
32.0451,0.254899,59.993460,0.000744,0.0000,0.6887,7497.9,-0.0298,2,0
32.0868,0.254899,59.993457,0.000743,0.0000,0.6887,7508.8,-0.0291,2,0
32.1289,0.254899,59.993455,0.000742,0.0000,0.6887,7518.0,-0.0285,2,0
32.1706,0.254899,59.993452,0.000741,0.0000,0.6887,7527.6,-0.0278,2,0
32.2116,0.254899,59.993450,0.000740,0.0000,0.6883,7538.9,-0.0271,2,0
32.2536,0.255684,59.993448,0.000739,0.0000,0.6880,7545.8,-0.0265,2,0
32.2962,0.255684,59.993445,0.000738,0.0000,0.6883,7550.5,-0.0259,2,0
32.3375,0.255684,59.993443,0.000736,0.0000,0.6887,7561.6,-0.0254,2,0
32.3790,0.255684,59.993440,0.000735,0.0000,0.6887,7571.6,-0.0248,2,0
32.4201,0.255684,59.993437,0.000734,0.0000,0.6887,7582.2,-0.0243,2,0
32.4619,0.255684,59.993435,0.000733,0.0000,0.6887,7588.6,-0.0237,2,0
32.5023,0.255684,59.993432,0.000732,0.0000,0.6887,7600.5,-0.0232,2,0
32.5441,0.255684,59.993429,0.000731,0.0000,0.6887,7607.4,-0.0227,2,0
32.5857,0.255684,59.993426,0.000730,0.0000,0.6887,7615.1,-0.0222,2,0
32.6266,0.255684,59.993423,0.000729,0.0000,0.6887,7626.1,-0.0216,2,0
32.6681,0.256478,59.993420,0.000727,0.0000,0.6886,7633.6,-0.0211,2,0
32.7094,0.256478,59.993416,0.000726,0.0000,0.6887,7641.6,-0.0204,2,0
32.7500,0.256478,59.993413,0.000725,0.0000,0.6887,7651.0,-0.0197,2,0
32.7910,0.256478,59.993410,0.000724,0.0000,0.6886,7659.4,-0.0189,2,0
32.8327,0.256478,59.993407,0.000723,0.0000,0.6885,7665.2,-0.0180,2,0
32.8736,0.256478,59.993404,0.000722,0.0000,0.6886,7674.1,-0.0170,2,0
32.9141,0.256478,59.993401,0.000721,0.0000,0.6887,7684.8,-0.0159,2,0
32.9553,0.256478,59.993399,0.000720,0.0000,0.6885,7692.2,-0.0147,2,0
32.9961,0.256478,59.993396,0.000719,0.0000,0.6883,7700.7,-0.0135,2,0
33.0364,0.256478,59.993394,0.000717,0.0000,0.6881,7710.2,-0.0121,2,0
33.0775,0.257281,59.993391,0.000716,0.0000,0.6879,7716.3,-0.0107,2,0
33.1190,0.257281,59.993388,0.000715,0.0000,0.6883,7721.4,-0.0093,2,0
33.1594,0.257281,59.993386,0.000714,0.0000,0.6887,7732.8,-0.0078,2,0
33.1996,0.257281,59.993383,0.000713,0.0000,0.6887,7742.3,-0.0064,2,0
33.2402,0.257281,59.993381,0.000712,0.0000,0.6887,7751.6,-0.0049,2,0
33.2805,0.257281,59.993378,0.000711,0.0000,0.6887,7759.1,-0.0034,2,0
33.3215,0.257281,59.993375,0.000710,0.0000,0.6887,7765.6,-0.0018,2,0
33.3620,0.257281,59.993372,0.000709,0.0000,0.6886,7773.7,-0.0001,2,0
33.4021,0.257281,59.993369,0.000708,0.0000,0.6886,7783.3,0.0018,2,0
33.4419,0.257281,59.993366,0.000706,0.0000,0.6886,7794.9,0.0039,2,0
33.4822,0.258094,59.993362,0.000705,0.0000,0.6887,7802.0,0.0061,2,0
33.5226,0.258094,59.993359,0.000704,0.0000,0.6892,7809.0,0.0086,2,0
33.5626,0.258094,59.993356,0.000703,0.0000,0.6898,7817.9,0.0113,2,0
33.6025,0.258094,59.993353,0.000702,0.0000,0.6903,7827.5,0.0141,2,0
33.6435,0.258094,59.993350,0.000701,0.0000,0.6908,7834.0,0.0171,2,0
33.6836,0.258094,59.993347,0.000700,0.0000,0.6917,7843.3,0.0200,2,0
33.7234,0.258094,59.993344,0.000699,0.0000,0.6925,7854.1,0.0227,2,0
33.7633,0.258094,59.993341,0.000697,0.0000,0.6930,7863.8,0.0255,2,0
33.8030,0.258094,59.993338,0.000696,0.0000,0.6935,7874.4,0.0280,2,0
33.8432,0.258094,59.993335,0.000695,0.0000,0.6942,7881.6,0.0304,2,0
33.8828,0.258919,59.993332,0.000694,0.0000,0.6949,7893.2,0.0327,2,0
33.9229,0.258919,59.993329,0.000693,0.0000,0.6958,7902.5,0.0350,2,0
33.9627,0.258919,59.993326,0.000692,0.0000,0.6966,7913.6,0.0370,2,0
34.0031,0.258919,59.993323,0.000691,0.0000,0.6979,7920.5,0.0391,2,0
34.0422,0.258919,59.993320,0.000690,0.0000,0.6992,7932.8,0.0411,2,0
34.0809,0.258919,59.993317,0.000688,0.0000,0.7000,7947.2,0.0431,2,0
34.1196,0.258919,59.993314,0.000687,0.0000,0.7009,7960.0,0.0453,2,0
34.1592,0.258919,59.993311,0.000686,0.0000,0.7022,7973.1,0.0475,2,0
34.1993,0.258919,59.993308,0.000685,0.0000,0.7034,7983.0,0.0498,2,0
34.2386,0.258919,59.993305,0.000684,0.0000,0.7055,7994.5,0.0522,2,0
34.2782,0.259753,59.993302,0.000682,0.0000,0.7076,8003.6,0.0548,2,0
34.3176,0.259753,59.993298,0.000681,0.0000,0.7105,8017.6,0.0574,2,0
34.3567,0.259753,59.993295,0.000680,0.0000,0.7134,8032.5,0.0602,2,0
34.3945,0.259753,59.993292,0.000679,0.0000,0.7153,8049.2,0.0629,2,0
34.4348,0.259753,59.993289,0.000678,0.0000,0.7172,8062.3,0.0656,2,0
34.4748,0.259753,59.993286,0.000676,0.0000,0.7197,8073.3,0.0682,2,0
34.5153,0.259753,59.993283,0.000675,0.0000,0.7223,8082.9,0.0706,2,0
34.5540,0.259753,59.993280,0.000674,0.0000,0.7257,8098.2,0.0727,2,0
34.5934,0.259753,59.993277,0.000673,0.0000,0.7292,8112.2,0.0750,2,0
34.6323,0.259753,59.993274,0.000671,0.0000,0.7328,8131.5,0.0771,2,0
34.6730,0.260601,59.993271,0.000670,0.0000,0.7363,8144.3,0.0791,2,0
34.7117,0.260601,59.993268,0.000669,0.0000,0.7396,8161.8,0.0809,2,0
34.7523,0.260601,59.993265,0.000667,0.0000,0.7430,8175.0,0.0827,2,0
34.7934,0.260601,59.993262,0.000666,0.0000,0.7464,8184.6,0.0842,2,0
34.8314,0.260601,59.993259,0.000665,0.0000,0.7499,8202.9,0.0856,2,0
34.8733,0.260601,59.993256,0.000664,0.0000,0.7537,8213.4,0.0869,2,0
34.9142,0.260601,59.993253,0.000662,0.0000,0.7575,8230.5,0.0883,2,0
34.9546,0.260601,59.993250,0.000661,0.0000,0.7596,8244.7,0.0894,2,0
34.9969,0.260601,59.993247,0.000659,0.0000,0.7618,8254.2,0.0903,2,0
35.0356,0.260601,59.993244,0.000658,0.0000,0.7650,8274.5,0.0910,2,0
35.0762,0.261460,59.993240,0.000657,0.0000,0.7682,8289.2,0.0917,2,0
35.1174,0.261460,59.993237,0.000655,0.0000,0.7703,8302.9,0.0924,2,0
35.1587,0.261460,59.993234,0.000654,0.0000,0.7724,8317.9,0.0930,2,0
35.2002,0.261460,59.993231,0.000652,0.0000,0.7729,8331.0,0.0935,2,0
35.2412,0.261460,59.993228,0.000651,0.0000,0.7733,8343.9,0.0938,2,0
35.2832,0.261460,59.993225,0.000650,0.0000,0.7730,8349.0,0.0940,2,0
35.3249,0.261460,59.993222,0.000648,0.0000,0.7727,8356.8,0.0942,2,0
35.3667,0.261460,59.993219,0.000646,0.0000,0.7714,8365.7,0.0946,2,0
35.4080,0.261460,59.993216,0.000645,0.0000,0.7702,8377.8,0.0952,2,0
35.4473,0.261460,59.993213,0.000643,0.0000,0.7665,8395.7,0.0959,2,0
35.4882,0.262328,59.993210,0.000642,0.0000,0.7628,8404.2,0.0968,2,0
35.5283,0.262328,59.993207,0.000640,0.0000,0.7540,8411.0,0.0977,2,0
35.5665,0.262328,59.993204,0.000639,0.0000,0.7453,8420.3,0.0989,2,0
35.6047,0.262328,59.993201,0.000637,0.0000,0.7311,8427.2,0.1000,2,0
35.6438,0.262328,59.993198,0.000636,0.0000,0.7169,8425.7,0.1013,2,0
35.6798,0.262328,59.993195,0.000634,0.0000,0.6993,8429.5,0.1026,2,0
35.7146,0.262328,59.993192,0.000632,0.0000,0.6816,8434.3,0.1038,2,0
35.7489,0.262328,59.993189,0.000631,0.0000,0.6586,8432.1,0.1051,2,0
35.7825,0.262328,59.993186,0.000629,0.0000,0.6357,8428.8,0.1066,2,0
35.8146,0.262328,59.993183,0.000627,0.0000,0.6102,8422.5,0.1082,2,0
35.8443,0.263206,59.993179,0.000625,0.0000,0.5847,8416.3,0.1097,2,0
35.8740,0.263206,59.993176,0.000624,0.0000,0.5576,8400.0,0.1111,2,0
35.9020,0.263206,59.993173,0.000622,0.0000,0.5304,8384.6,0.1123,2,0
35.9263,0.263206,59.993170,0.000620,0.0000,0.5068,8375.2,0.1135,2,0
35.9470,0.263206,59.993167,0.000619,0.0000,0.4832,8372.8,0.1145,2,0
35.9677,0.263206,59.993164,0.000617,0.0000,0.4787,8368.4,0.1153,2,0
35.9867,0.263206,59.993161,0.000615,0.0000,0.4742,8370.9,0.1159,2,0
36.0072,0.263206,59.993158,0.000613,0.0000,0.4809,8369.0,0.1160,2,0
36.0259,0.263206,59.993155,0.000611,0.0000,0.4877,8375.9,0.1158,2,0
36.0426,0.263206,59.993152,0.000609,0.0000,0.4959,8393.2,0.1151,2,0
36.0635,0.264090,59.993149,0.000607,0.0000,0.5042,8397.5,0.1142,2,0
36.0843,0.264090,59.993146,0.000606,0.0000,0.5109,8404.0,0.1130,2,0
36.1053,0.264090,59.993143,0.000604,0.0000,0.5177,8409.9,0.1114,2,0
36.1272,0.264090,59.993140,0.000602,0.0000,0.5257,8416.5,0.1094,2,0
36.1486,0.264090,59.993137,0.000600,0.0000,0.5337,8428.5,0.1073,2,0
36.1709,0.264090,59.993134,0.000598,0.0000,0.5441,8437.6,0.1049,2,0
36.1925,0.264090,59.993131,0.000596,0.0000,0.5545,8456.5,0.1027,2,0
36.2168,0.264090,59.993128,0.000594,0.0000,0.5680,8464.7,0.1003,2,0
36.2414,0.264090,59.993125,0.000592,0.0000,0.5816,8477.9,0.0978,2,0
36.2667,0.264090,59.993122,0.000590,0.0000,0.5952,8491.7,0.0954,2,0
36.2910,0.264977,59.993119,0.000588,0.0000,0.6088,8511.1,0.0932,2,0
36.3191,0.264977,59.993115,0.000586,0.0000,0.6199,8519.7,0.0913,2,0
36.3473,0.264977,59.993112,0.000584,0.0000,0.6309,8532.4,0.0898,2,0
36.3761,0.264977,59.993109,0.000582,0.0000,0.6407,8545.4,0.0887,2,0
36.4061,0.264977,59.993106,0.000580,0.0000,0.6504,8558.3,0.0879,2,0
36.4355,0.264977,59.993103,0.000578,0.0000,0.6570,8571.8,0.0874,2,0
36.4652,0.264977,59.993100,0.000575,0.0000,0.6635,8587.1,0.0872,2,0
36.4963,0.264977,59.993097,0.000573,0.0000,0.6676,8597.6,0.0876,2,0
36.5278,0.264977,59.993094,0.000571,0.0000,0.6716,8606.7,0.0883,2,0
36.5597,0.264977,59.993091,0.000569,0.0000,0.6734,8617.3,0.0892,2,0
36.5902,0.265871,59.993088,0.000566,0.0000,0.6753,8629.4,0.0902,2,0
36.6221,0.265871,59.993085,0.000564,0.0000,0.6749,8639.0,0.0914,2,0
36.6523,0.265871,59.993082,0.000562,0.0000,0.6745,8649.0,0.0925,2,0
36.6845,0.265871,59.993079,0.000560,0.0000,0.6750,8653.9,0.0938,2,0
36.7169,0.265871,59.993076,0.000558,0.0000,0.6755,8658.6,0.0951,2,0
36.7486,0.265871,59.993073,0.000555,0.0000,0.6755,8665.2,0.0961,2,0
36.7811,0.265871,59.993070,0.000553,0.0000,0.6755,8670.4,0.0970,2,0
36.8123,0.265871,59.993067,0.000551,0.0000,0.6755,8678.7,0.0977,2,0
36.8431,0.265871,59.993064,0.000548,0.0000,0.6755,8687.1,0.0983,2,0
36.8768,0.265871,59.993061,0.000546,0.0000,0.6769,8687.9,0.0988,2,0
36.9080,0.266772,59.993057,0.000543,0.0000,0.6784,8695.4,0.0990,2,0
36.9405,0.266772,59.993054,0.000541,0.0000,0.6817,8702.2,0.0990,2,0
36.9735,0.266772,59.993051,0.000539,0.0000,0.6851,8706.8,0.0987,2,0
37.0046,0.266772,59.993048,0.000536,0.0000,0.6896,8718.5,0.0981,2,0
37.0362,0.266772,59.993045,0.000534,0.0000,0.6942,8730.9,0.0974,2,0
37.0706,0.266772,59.993042,0.000531,0.0000,0.7004,8734.1,0.0967,2,0
37.1035,0.266772,59.993039,0.000529,0.0000,0.7067,8744.1,0.0957,2,0
37.1373,0.266772,59.993036,0.000526,0.0000,0.7128,8755.6,0.0944,2,0
37.1718,0.266772,59.993032,0.000524,0.0000,0.7189,8763.4,0.0931,2,0
37.2056,0.266772,59.993029,0.000521,0.0000,0.7244,8776.3,0.0917,2,0
37.2402,0.267676,59.993026,0.000518,0.0000,0.7298,8787.6,0.0904,2,0
37.2762,0.267676,59.993023,0.000516,0.0000,0.7336,8794.8,0.0892,2,0
37.3121,0.267676,59.993020,0.000513,0.0000,0.7374,8805.6,0.0880,2,0
37.3483,0.267676,59.993016,0.000511,0.0000,0.7402,8812.9,0.0869,2,0
37.3843,0.267676,59.993013,0.000508,0.0000,0.7431,8821.7,0.0859,2,0
37.4202,0.267676,59.993010,0.000506,0.0000,0.7435,8830.7,0.0852,2,0
37.4571,0.267676,59.993007,0.000503,0.0000,0.7438,8837.0,0.0848,2,0
37.4945,0.267676,59.993004,0.000500,0.0000,0.7443,8843.5,0.0845,2,0
37.5318,0.267676,59.993001,0.000497,0.0000,0.7448,8849.2,0.0843,2,0
37.5689,0.267676,59.992998,0.000495,0.0000,0.7448,8852.8,0.0841,2,0
37.6051,0.268587,59.992995,0.000492,0.0000,0.7448,8860.6,0.0840,2,0
37.6423,0.268587,59.992992,0.000489,0.0000,0.7448,8866.1,0.0842,2,0
37.6786,0.268587,59.992989,0.000486,0.0000,0.7448,8873.8,0.0847,2,0
37.7161,0.268587,59.992986,0.000484,0.0000,0.7448,8880.5,0.0853,2,0
37.7522,0.268587,59.992983,0.000481,0.0000,0.7448,8889.6,0.0862,2,0
37.7888,0.268587,59.992980,0.000478,0.0000,0.7448,8894.9,0.0872,2,0
37.8243,0.268587,59.992977,0.000475,0.0000,0.7448,8903.6,0.0886,2,0
37.8613,0.268587,59.992974,0.000472,0.0000,0.7448,8909.7,0.0902,2,0
37.8977,0.268587,59.992971,0.000469,0.0000,0.7448,8917.9,0.0920,2,0
37.9332,0.268587,59.992968,0.000467,0.0000,0.7448,8926.3,0.0940,2,0
37.9702,0.269507,59.992965,0.000464,0.0000,0.7448,8931.5,0.0960,2,0
38.0069,0.269507,59.992962,0.000461,0.0000,0.7448,8936.7,0.0982,2,0
38.0430,0.269507,59.992959,0.000458,0.0000,0.7448,8943.5,0.1008,2,0
38.0790,0.269507,59.992956,0.000455,0.0000,0.7449,8950.0,0.1034,2,0
38.1149,0.269507,59.992953,0.000452,0.0000,0.7450,8958.2,0.1061,2,0
38.1511,0.269507,59.992950,0.000449,0.0000,0.7449,8964.7,0.1087,2,0
38.1857,0.269507,59.992947,0.000446,0.0000,0.7448,8972.6,0.1111,2,0
38.2194,0.269507,59.992944,0.000443,0.0000,0.7448,8984.5,0.1135,2,0
38.2544,0.269507,59.992941,0.000440,0.0000,0.7448,8992.8,0.1156,2,0
38.2893,0.269507,59.992938,0.000437,0.0000,0.7448,9000.5,0.1174,2,0
38.3244,0.270434,59.992935,0.000434,0.0000,0.7448,9009.1,0.1187,2,0
38.3592,0.270434,59.992932,0.000431,0.0000,0.7448,9016.5,0.1195,2,0
38.3931,0.270434,59.992929,0.000428,0.0000,0.7448,9027.0,0.1199,2,0
38.4273,0.270434,59.992926,0.000425,0.0000,0.7448,9036.5,0.1199,2,0
38.4625,0.270434,59.992923,0.000422,0.0000,0.7448,9042.6,0.1196,2,0
38.4971,0.270434,59.992920,0.000419,0.0000,0.7442,9051.3,0.1187,2,0
38.5314,0.270434,59.992917,0.000415,0.0000,0.7437,9059.5,0.1173,2,0
38.5660,0.270434,59.992914,0.000412,0.0000,0.7434,9064.6,0.1155,2,0
38.5992,0.270434,59.992911,0.000409,0.0000,0.7430,9076.8,0.1136,2,0
38.6341,0.270434,59.992908,0.000406,0.0000,0.7430,9083.2,0.1116,2,0
38.6684,0.271373,59.992905,0.000402,0.0000,0.7430,9090.5,0.1096,2,0
38.7022,0.271373,59.992902,0.000399,0.0000,0.7430,9101.4,0.1076,2,0
38.7363,0.271373,59.992899,0.000396,0.0000,0.7430,9110.8,0.1058,2,0
38.7699,0.271373,59.992896,0.000393,0.0000,0.7425,9119.0,0.1042,2,0
38.8036,0.271373,59.992893,0.000389,0.0000,0.7419,9128.2,0.1030,2,0
38.8367,0.271373,59.992890,0.000386,0.0000,0.7415,9138.1,0.1020,2,0
38.8712,0.271373,59.992887,0.000383,0.0000,0.7411,9145.4,0.1013,2,0
38.8931,0.271373,59.992884,0.000379,0.0000,0.7407,9111.0,0.1008,2,0
38.8994,0.271373,59.992881,0.000376,0.0000,0.7403,9061.6,0.1007,2,0
38.8955,0.271373,59.992878,0.000373,0.0000,0.7394,9012.4,0.1009,2,0
38.8933,0.272326,59.992875,0.000369,0.0000,0.7386,8963.3,0.1014,2,0
38.8989,0.272326,59.992872,0.000366,0.0000,0.7381,8491.4,0.1022,3,0
38.9598,0.272326,59.992869,0.000362,0.0000,0.7376,7670.3,0.1031,3,0
39.0233,0.272326,59.992866,0.000359,0.0000,0.7364,7522.6,0.1042,3,0
39.0656,0.272326,59.992863,0.000356,0.0000,0.7352,7502.9,0.1054,3,0
39.1027,0.272326,59.992860,0.000352,0.0000,0.7344,7509.9,0.1069,3,0
39.1395,0.272326,59.992857,0.000349,0.0000,0.7336,7516.1,0.1085,3,0
39.1751,0.272326,59.992854,0.000345,0.0000,0.7321,7525.2,0.1104,3,0
39.2107,0.272326,59.992851,0.000341,0.0000,0.7306,7533.3,0.1122,3,0
39.2466,0.272326,59.992848,0.000338,0.0000,0.7282,7537.8,0.1142,3,0
39.2812,0.273276,59.992845,0.000334,0.0000,0.7258,7546.9,0.1161,3,0
39.3166,0.273276,59.992842,0.000331,0.0000,0.7227,7550.4,0.1178,3,0
39.3511,0.273276,59.992839,0.000327,0.0000,0.7197,7556.1,0.1192,3,0
39.3842,0.273276,59.992836,0.000323,0.0000,0.7165,7563.7,0.1202,3,0
39.4183,0.273276,59.992833,0.000320,0.0000,0.7134,7567.4,0.1208,3,0
39.4504,0.273276,59.992830,0.000316,0.0000,0.7100,7579.6,0.1212,3,0
39.4839,0.273276,59.992827,0.000312,0.0000,0.7067,7584.8,0.1212,3,0
39.5175,0.273276,59.992824,0.000309,0.0000,0.7032,7588.6,0.1210,3,0
39.5502,0.273276,59.992820,0.000305,0.0000,0.6998,7595.1,0.1205,3,0
39.5831,0.273276,59.992817,0.000301,0.0000,0.6967,7598.5,0.1199,3,0
39.6158,0.274259,59.992814,0.000297,0.0000,0.6937,7602.2,0.1195,3,0
39.6471,0.274259,59.992811,0.000293,0.0000,0.6907,7612.7,0.1191,3,0
39.6798,0.274259,59.992808,0.000290,0.0000,0.6878,7616.1,0.1188,3,0
39.7118,0.274259,59.992804,0.000286,0.0000,0.6843,7620.7,0.1186,3,0
39.7439,0.274259,59.992801,0.000282,0.0000,0.6808,7624.1,0.1185,3,0
39.7760,0.274259,59.992798,0.000278,0.0000,0.6768,7628.0,0.1187,3,0
39.8071,0.274259,59.992795,0.000274,0.0000,0.6728,7635.0,0.1191,3,0
39.8393,0.274259,59.992792,0.000270,0.0000,0.6681,7635.2,0.1197,3,0
39.8706,0.274259,59.992789,0.000266,0.0000,0.6634,7639.0,0.1203,3,0
39.9010,0.274259,59.992786,0.000262,0.0000,0.6555,7643.9,0.1211,3,0
39.9321,0.275265,59.992782,0.000258,0.0000,0.6476,7643.9,0.1220,3,0
39.9625,0.275265,59.992779,0.000254,0.0000,0.6371,7644.8,0.1232,3,0
39.9931,0.275265,59.992776,0.000250,0.0000,0.6266,7642.2,0.1243,3,0
40.0230,0.275265,59.992773,0.000246,0.0000,0.6143,7638.2,0.1254,3,0
40.0515,0.275265,59.992770,0.000242,0.0000,0.6019,7636.3,0.1264,3,0
40.0801,0.275265,59.992767,0.000238,0.0000,0.5912,7632.4,0.1275,3,0
40.1066,0.275265,59.992764,0.000234,0.0000,0.5804,7632.7,0.1284,3,0
40.1335,0.275265,59.992761,0.000230,0.0000,0.5760,7630.4,0.1292,3,0
40.1589,0.275265,59.992758,0.000226,0.0000,0.5716,7632.3,0.1297,3,0
40.1845,0.275265,59.992755,0.000222,0.0000,0.5702,7634.3,0.1301,3,0
40.2104,0.276294,59.992752,0.000218,0.0000,0.5688,7632.7,0.1303,3,0
40.2354,0.276294,59.992749,0.000213,0.0000,0.5682,7634.3,0.1303,3,0
40.2602,0.276294,59.992746,0.000209,0.0000,0.5677,7639.9,0.1301,3,0
40.2853,0.276294,59.992743,0.000205,0.0000,0.5670,7642.7,0.1297,3,0
40.3099,0.276294,59.992740,0.000201,0.0000,0.5663,7646.4,0.1292,3,0
40.3353,0.276294,59.992737,0.000197,0.0000,0.5661,7648.3,0.1287,3,0
40.3607,0.276294,59.992734,0.000192,0.0000,0.5658,7650.0,0.1283,3,0
40.3854,0.276294,59.992732,0.000188,0.0000,0.5660,7653.7,0.1277,3,0
40.4102,0.276294,59.992729,0.000184,0.0000,0.5661,7657.9,0.1272,3,0
40.4349,0.276294,59.992726,0.000179,0.0000,0.5661,7663.5,0.1266,3,0
40.4599,0.277338,59.992723,0.000175,0.0000,0.5661,7666.6,0.1261,3,0
40.4851,0.277338,59.992721,0.000171,0.0000,0.5661,7669.2,0.1257,3,0
40.5097,0.277338,59.992718,0.000166,0.0000,0.5661,7673.7,0.1252,3,0
40.5349,0.277338,59.992715,0.000162,0.0000,0.5661,7678.0,0.1247,3,0
40.5589,0.277338,59.992713,0.000158,0.0000,0.5661,7684.8,0.1243,3,0
40.5833,0.277338,59.992710,0.000153,0.0000,0.5661,7689.9,0.1238,3,0
40.6078,0.277338,59.992707,0.000149,0.0000,0.5661,7695.0,0.1235,3,0
40.6321,0.277338,59.992704,0.000144,0.0000,0.5661,7700.9,0.1232,3,0
40.6560,0.277338,59.992701,0.000140,0.0000,0.5661,7708.1,0.1229,3,0
40.6801,0.277338,59.992698,0.000135,0.0000,0.5661,7713.5,0.1225,3,0
40.7041,0.278333,59.992695,0.000130,0.0000,0.5661,7718.8,0.1221,3,0
40.7279,0.278333,59.992692,0.000126,0.0000,0.5661,7725.2,0.1218,3,0
40.7520,0.278333,59.992689,0.000121,0.0000,0.5661,7731.7,0.1215,3,0
40.7756,0.278333,59.992686,0.000117,0.0000,0.5664,7738.5,0.1211,3,0
40.7993,0.278333,59.992683,0.000112,0.0000,0.5668,7743.2,0.1205,3,0
40.8227,0.278333,59.992680,0.000108,0.0000,0.5668,7750.0,0.1199,3,0
40.8469,0.278333,59.992677,0.000103,0.0000,0.5668,7754.5,0.1194,3,0
40.8705,0.278333,59.992675,0.000098,0.0000,0.5674,7761.2,0.1189,3,0
40.8937,0.278333,59.992672,0.000094,0.0000,0.5680,7768.6,0.1182,3,0
40.9172,0.278333,59.992669,0.000089,0.0000,0.5679,7773.1,0.1175,3,0
40.9405,0.279400,59.992666,0.000084,0.0000,0.5678,7779.2,0.1170,3,0
40.9637,0.279400,59.992664,0.000079,0.0000,0.5678,7785.8,0.1164,3,0
40.9873,0.279400,59.992661,0.000075,0.0000,0.5678,7790.9,0.1159,3,0
41.0104,0.279400,59.992658,0.000070,0.0000,0.5682,7797.6,0.1154,3,0
41.0335,0.279400,59.992656,0.000065,0.0000,0.5685,7803.2,0.1149,3,0
41.0564,0.279400,59.992653,0.000061,0.0000,0.5685,7810.2,0.1146,3,0
41.0795,0.279400,59.992650,0.000056,0.0000,0.5685,7815.5,0.1144,3,0
41.1033,0.279400,59.992648,0.000051,0.0000,0.5691,7819.0,0.1143,3,0
41.1265,0.279400,59.992645,0.000046,0.0000,0.5697,7823.5,0.1142,3,0
41.1490,0.279400,59.992642,0.000041,0.0000,0.5697,7831.1,0.1140,3,0
41.1718,0.280474,59.992639,0.000036,0.0000,0.5697,7836.3,0.1139,3,0
41.1951,0.280474,59.992637,0.000031,0.0000,0.5697,7840.7,0.1141,3,0
41.2186,0.280474,59.992634,0.000026,0.0000,0.5698,7843.1,0.1142,3,0
41.2415,0.280474,59.992631,0.000021,0.0000,0.5691,7848.5,0.1143,3,0
41.2647,0.280474,59.992629,0.000016,0.0000,0.5685,7852.2,0.1144,3,0
41.2874,0.280474,59.992626,0.000011,0.0000,0.5685,7856.9,0.1145,3,0
41.3107,0.280474,59.992623,0.000006,0.0000,0.5685,7860.2,0.1147,3,0
41.3340,0.280474,59.992621,0.000001,0.0000,0.5690,7864.4,0.1148,3,0
41.3573,0.280474,59.992618,-0.000004,0.0000,0.5695,7867.7,0.1148,3,0
41.3800,0.280474,59.992616,-0.000009,0.0000,0.5695,7873.3,0.1148,3,0
41.4036,0.281555,59.992613,-0.000014,0.0000,0.5695,7874.9,0.1147,3,0
41.4269,0.281555,59.992610,-0.000019,0.0000,0.5699,7879.7,0.1149,3,0
41.4504,0.281555,59.992608,-0.000024,0.0000,0.5703,7883.0,0.1150,3,0
41.4739,0.281555,59.992605,-0.000029,0.0000,0.5703,7886.2,0.1151,3,0
41.4966,0.281555,59.992603,-0.000034,0.0000,0.5703,7892.4,0.1153,3,0
41.5198,0.281555,59.992600,-0.000040,0.0000,0.5703,7897.3,0.1153,3,0
41.5434,0.281555,59.992597,-0.000045,0.0000,0.5703,7901.0,0.1156,3,0
41.5674,0.281555,59.992595,-0.000050,0.0000,0.5703,7902.9,0.1157,3,0
41.5913,0.281555,59.992592,-0.000055,0.0000,0.5703,7904.4,0.1158,3,0
41.6144,0.281555,59.992589,-0.000061,0.0000,0.5703,7908.4,0.1158,3,0
41.6376,0.282631,59.992587,-0.000066,0.0000,0.5703,7912.4,0.1157,3,0
41.6615,0.282631,59.992584,-0.000071,0.0000,0.5703,7914.6,0.1157,3,0
41.6853,0.282631,59.992581,-0.000076,0.0000,0.5703,7916.9,0.1157,3,0
41.7084,0.282631,59.992578,-0.000082,0.0000,0.5703,7920.5,0.1155,3,0
41.7312,0.282631,59.992576,-0.000087,0.0000,0.5703,7923.6,0.1151,3,0
41.7546,0.282631,59.992573,-0.000092,0.0000,0.5703,7925.3,0.1147,3,0
41.7777,0.282631,59.992570,-0.000098,0.0000,0.5703,7928.1,0.1143,3,0
41.8012,0.282631,59.992568,-0.000103,0.0000,0.5703,7929.3,0.1138,3,0
41.8244,0.282631,59.992565,-0.000108,0.0000,0.5703,7930.8,0.1131,3,0
41.8465,0.282631,59.992562,-0.000114,0.0000,0.5703,7935.9,0.1121,3,0
41.8690,0.283698,59.992559,-0.000119,0.0000,0.5704,7940.6,0.1111,3,0
41.8922,0.283698,59.992557,-0.000125,0.0000,0.5703,7942.8,0.1101,3,0
41.9152,0.283698,59.992554,-0.000130,0.0000,0.5703,7944.3,0.1087,3,0
41.9391,0.283698,59.992551,-0.000136,0.0000,0.5703,7943.9,0.1072,3,0
41.9623,0.283698,59.992549,-0.000141,0.0000,0.5703,7943.2,0.1053,3,0
41.9848,0.283698,59.992546,-0.000146,0.0000,0.5703,7946.1,0.1034,3,0
42.0067,0.283698,59.992543,-0.000152,0.0000,0.5703,7952.7,0.1013,3,0
42.0290,0.283698,59.992541,-0.000158,0.0000,0.5703,7957.9,0.0988,3,0
42.0513,0.283698,59.992538,-0.000163,0.0000,0.5703,7964.4,0.0960,3,0
42.0739,0.283698,59.992536,-0.000169,0.0000,0.5703,7973.0,0.0931,3,0
42.0969,0.284767,59.992533,-0.000174,0.0000,0.5703,7979.3,0.0901,3,0
42.1188,0.284767,59.992530,-0.000180,0.0000,0.5708,7984.1,0.0871,3,0
42.1408,0.284767,59.992528,-0.000185,0.0000,0.5713,7991.6,0.0834,3,0
42.1637,0.284767,59.992525,-0.000191,0.0000,0.5713,8000.2,0.0795,3,0
42.1870,0.284767,59.992523,-0.000197,0.0000,0.5713,8008.7,0.0753,3,0
42.2108,0.284767,59.992520,-0.000202,0.0000,0.5713,8012.6,0.0712,3,0
42.2356,0.284767,59.992518,-0.000208,0.0000,0.5713,8015.8,0.0676,3,0
42.2595,0.284767,59.992515,-0.000214,0.0000,0.5717,8020.9,0.0642,3,0
42.2865,0.284767,59.992513,-0.000220,0.0000,0.5721,8023.8,0.0616,3,0
42.3104,0.284767,59.992510,-0.000225,0.0000,0.5721,8031.1,0.0597,3,0
42.3337,0.285834,59.992508,-0.000231,0.0000,0.5722,8035.6,0.0585,3,0
42.3577,0.285834,59.992506,-0.000237,0.0000,0.5726,8039.1,0.0578,3,0
42.3804,0.285834,59.992503,-0.000243,0.0000,0.5730,8042.3,0.0571,3,0
42.4036,0.285834,59.992501,-0.000248,0.0000,0.5730,8044.6,0.0566,3,0
42.4257,0.285834,59.992498,-0.000254,0.0000,0.5730,8046.4,0.0560,3,0
42.4488,0.285834,59.992496,-0.000260,0.0000,0.5735,8049.0,0.0554,3,0
42.4725,0.285834,59.992494,-0.000266,0.0000,0.5739,8050.5,0.0547,3,0
42.4958,0.285834,59.992492,-0.000272,0.0000,0.5744,8052.2,0.0537,3,0
42.5173,0.285834,59.992489,-0.000278,0.0000,0.5750,8059.2,0.0523,3,0
42.5395,0.285834,59.992487,-0.000284,0.0000,0.5747,8064.3,0.0508,3,0
42.5628,0.286874,59.992485,-0.000289,0.0000,0.5745,8069.2,0.0495,3,0
42.5859,0.286874,59.992483,-0.000295,0.0000,0.5744,8074.5,0.0484,3,0
42.6093,0.286874,59.992481,-0.000301,0.0000,0.5744,8079.0,0.0476,3,0
42.6314,0.286874,59.992478,-0.000307,0.0000,0.5746,8084.5,0.0472,3,0
42.6538,0.286874,59.992476,-0.000313,0.0000,0.5748,8090.3,0.0471,3,0
42.6774,0.286874,59.992474,-0.000319,0.0000,0.5748,8094.1,0.0477,3,0
42.7007,0.286874,59.992472,-0.000325,0.0000,0.5748,8099.6,0.0486,3,0
42.7238,0.286874,59.992469,-0.000331,0.0000,0.5748,8104.3,0.0498,3,0
42.7473,0.286874,59.992467,-0.000337,0.0000,0.5748,8106.2,0.0510,3,0
42.7710,0.286874,59.992464,-0.000343,0.0000,0.5747,8108.7,0.0524,3,0
42.7957,0.287951,59.992462,-0.000349,0.0000,0.5747,8108.6,0.0541,3,0
42.8199,0.287951,59.992460,-0.000355,0.0000,0.5742,8109.2,0.0561,3,0
42.8440,0.287951,59.992457,-0.000361,0.0000,0.5737,8108.0,0.0582,3,0
42.8675,0.287951,59.992455,-0.000368,0.0000,0.5742,8105.0,0.0601,3,0
42.8907,0.287951,59.992452,-0.000374,0.0000,0.5748,8102.5,0.0620,3,0
42.9135,0.287951,59.992450,-0.000380,0.0000,0.5748,8103.9,0.0639,3,0
42.9363,0.287951,59.992448,-0.000386,0.0000,0.5748,8103.0,0.0653,3,0
42.9590,0.287951,59.992446,-0.000392,0.0000,0.5751,8102.7,0.0660,3,0
42.9817,0.287951,59.992443,-0.000398,0.0000,0.5755,8097.6,0.0660,3,0
43.0040,0.287951,59.992441,-0.000405,0.0000,0.5751,8098.8,0.0652,3,0
43.0263,0.289033,59.992439,-0.000411,0.0000,0.5748,8104.1,0.0639,3,0
43.0476,0.289033,59.992437,-0.000417,0.0000,0.5748,8112.0,0.0619,3,0
43.0688,0.289033,59.992435,-0.000423,0.0000,0.5748,8118.6,0.0595,3,0
43.0897,0.289033,59.992432,-0.000429,0.0000,0.5748,8122.6,0.0567,3,0
43.1093,0.289033,59.992430,-0.000436,0.0000,0.5748,8135.8,0.0538,3,0
43.1297,0.289033,59.992428,-0.000442,0.0000,0.5748,8150.0,0.0510,3,0
43.1502,0.289033,59.992426,-0.000448,0.0000,0.5748,8160.8,0.0482,3,0
43.1706,0.289033,59.992423,-0.000454,0.0000,0.5751,8169.0,0.0452,3,0
43.1906,0.289033,59.992421,-0.000461,0.0000,0.5755,8177.2,0.0423,3,0
43.2110,0.289033,59.992419,-0.000467,0.0000,0.5751,8186.9,0.0395,3,0
43.2324,0.290104,59.992416,-0.000473,0.0000,0.5748,8195.3,0.0371,3,0
43.2538,0.290104,59.992414,-0.000480,0.0000,0.5748,8202.6,0.0346,3,0
43.2750,0.290104,59.992412,-0.000486,0.0000,0.5748,8206.6,0.0321,3,0
43.2962,0.290104,59.992410,-0.000492,0.0000,0.5748,8210.6,0.0298,3,0
43.3180,0.290104,59.992407,-0.000499,0.0000,0.5748,8215.4,0.0279,3,0
43.3393,0.290104,59.992405,-0.000505,0.0000,0.5748,8222.6,0.0264,3,0
43.3612,0.290104,59.992403,-0.000511,0.0000,0.5748,8226.7,0.0253,3,0
43.3829,0.290104,59.992400,-0.000518,0.0000,0.5751,8227.6,0.0247,3,0
43.4039,0.290104,59.992398,-0.000524,0.0000,0.5755,8230.4,0.0246,3,0
43.4263,0.290104,59.992396,-0.000531,0.0000,0.5751,8229.9,0.0247,3,0
43.4486,0.291165,59.992393,-0.000537,0.0000,0.5748,8231.7,0.0254,3,0
43.4701,0.291165,59.992391,-0.000544,0.0000,0.5748,8234.3,0.0262,3,0
43.4922,0.291165,59.992389,-0.000550,0.0000,0.5748,8230.3,0.0272,3,0
43.5137,0.291165,59.992387,-0.000557,0.0000,0.5748,8229.2,0.0283,3,0
43.5354,0.291165,59.992384,-0.000563,0.0000,0.5748,8230.6,0.0294,3,0
43.5571,0.291165,59.992382,-0.000570,0.0000,0.5740,8232.8,0.0307,3,0
43.5791,0.291165,59.992380,-0.000576,0.0000,0.5733,8230.5,0.0317,3,0
43.5995,0.291165,59.992378,-0.000583,0.0000,0.5709,8231.5,0.0325,3,0
43.6210,0.291165,59.992375,-0.000589,0.0000,0.5685,8228.6,0.0332,3,0
43.6431,0.291165,59.992373,-0.000596,0.0000,0.5631,8224.8,0.0340,3,0
43.6650,0.292219,59.992371,-0.000602,0.0000,0.5578,8219.9,0.0347,3,0
43.6859,0.292219,59.992369,-0.000609,0.0000,0.5491,8215.2,0.0351,3,0
43.7031,0.292219,59.992367,-0.000615,0.0000,0.5405,8221.1,0.0354,3,0
43.7208,0.292219,59.992364,-0.000622,0.0000,0.5262,8221.8,0.0356,3,0
43.7405,0.292219,59.992362,-0.000628,0.0000,0.5119,8213.4,0.0357,3,0
43.7571,0.292219,59.992360,-0.000635,0.0000,0.4953,8213.8,0.0356,3,0
43.7711,0.292219,59.992358,-0.000642,0.0000,0.4787,8216.1,0.0352,3,0
43.7855,0.292219,59.992356,-0.000648,0.0000,0.4594,8210.5,0.0344,3,0
43.8037,0.292219,59.992354,-0.000655,0.0000,0.4401,8185.0,0.0335,3,0
43.8283,0.292219,59.992352,-0.000661,0.0000,0.4200,8129.0,0.0325,3,0
43.8369,0.293274,59.992350,-0.000668,0.0000,0.3999,8133.3,0.0313,3,0
43.8435,0.293274,59.992348,-0.000675,0.0000,0.3808,8138.1,0.0300,3,0
43.8481,0.293274,59.992346,-0.000681,0.0000,0.3618,8143.6,0.0287,3,0
43.8557,0.293274,59.992344,-0.000688,0.0000,0.3449,8135.0,0.0276,3,0
43.8623,0.293274,59.992342,-0.000695,0.0000,0.3280,8127.9,0.0264,3,0
43.8659,0.293274,59.992340,-0.000701,0.0000,0.3115,8128.3,0.0252,3,0
43.8666,0.293274,59.992338,-0.000708,0.0000,0.2949,8133.3,0.0237,3,0
43.8667,0.293274,59.992335,-0.000715,0.0000,0.2819,8136.3,0.0222,3,0
43.8687,0.293274,59.992333,-0.000721,0.0000,0.2688,8128.7,0.0208,3,0
43.8703,0.293274,59.992331,-0.000728,0.0000,0.2572,8121.4,0.0193,3,0
43.8683,0.294334,59.992328,-0.000735,0.0000,0.2455,8122.9,0.0173,3,0
43.8646,0.294334,59.992326,-0.000741,0.0000,0.2345,8126.8,0.0150,3,0
43.8609,0.294334,59.992324,-0.000748,0.0000,0.2235,8127.6,0.0127,3,0
43.8583,0.294334,59.992322,-0.000755,0.0000,0.2123,8121.3,0.0106,3,0
43.8556,0.294334,59.992319,-0.000761,0.0000,0.2012,8113.8,0.0088,3,0
43.8489,0.294334,59.992317,-0.000768,0.0000,0.1912,8116.7,0.0073,3,0
43.8414,0.294334,59.992315,-0.000775,0.0000,0.1812,8118.2,0.0060,3,0
43.8337,0.294334,59.992314,-0.000782,0.0000,0.1716,8118.5,0.0054,3,0
43.8279,0.294334,59.992312,-0.000788,0.0000,0.1621,8109.8,0.0051,3,0
43.8211,0.294334,59.992310,-0.000795,0.0000,0.1527,8102.5,0.0051,3,0
43.8112,0.295395,59.992309,-0.000802,0.0000,0.1434,8103.4,0.0054,3,0
43.8003,0.295395,59.992307,-0.000808,0.0000,0.1356,8104.1,0.0059,3,0
43.7897,0.295395,59.992305,-0.000815,0.0000,0.1277,8103.3,0.0065,3,0
43.7811,0.295395,59.992303,-0.000822,0.0000,0.1210,8094.7,0.0071,3,0
43.7720,0.295395,59.992302,-0.000829,0.0000,0.1143,8086.5,0.0078,3,0
43.7602,0.295395,59.992300,-0.000835,0.0000,0.1068,8086.7,0.0082,3,0
43.7487,0.295395,59.992298,-0.000842,0.0000,0.0992,8086.1,0.0085,3,0
43.7375,0.295395,59.992296,-0.000849,0.0000,0.0902,8084.3,0.0088,3,0
43.7280,0.295395,59.992294,-0.000856,0.0000,0.0812,8076.1,0.0089,3,0
43.7179,0.295395,59.992292,-0.000862,0.0000,0.0712,8068.3,0.0088,3,0
43.7049,0.296458,59.992290,-0.000869,0.0000,0.0613,8069.7,0.0085,3,0
43.6921,0.296458,59.992288,-0.000876,0.0000,0.0512,8071.7,0.0081,3,0
43.6802,0.296458,59.992286,-0.000882,0.0000,0.0412,8070.5,0.0077,3,0
43.6702,0.296458,59.992284,-0.000889,0.0000,0.0331,8063.0,0.0074,3,0
43.6592,0.296458,59.992282,-0.000896,0.0000,0.0250,8056.2,0.0071,3,0
43.6464,0.296458,59.992280,-0.000903,0.0000,0.0182,8057.2,0.0066,3,0
43.6339,0.296458,59.992278,-0.000909,0.0000,0.0114,8057.9,0.0061,3,0
43.6223,0.296458,59.992275,-0.000916,0.0000,0.0057,8056.3,0.0054,3,0
43.6117,0.296458,59.992273,-0.000923,0.0000,0.0000,8050.0,0.0046,3,0
43.6015,0.296458,59.992270,-0.000930,0.0000,0.0000,8041.5,0.0037,3,0
43.5884,0.297523,59.992268,-0.000936,0.0000,0.0000,8042.7,0.0025,3,0
43.5762,0.297523,59.992266,-0.000943,0.0000,0.0000,8041.6,0.0013,3,0
43.5647,0.297523,59.992263,-0.000950,0.0000,0.0000,8039.6,-0.0000,3,0
43.5544,0.297523,59.992261,-0.000956,0.0000,0.0000,8031.4,-0.0014,3,0
43.5436,0.297523,59.992258,-0.000963,0.0000,0.0000,8023.4,-0.0030,3,0
43.5307,0.297523,59.992256,-0.000970,0.0000,0.0000,8022.0,-0.0048,3,0
43.5179,0.297523,59.992254,-0.000977,0.0000,0.0000,8021.6,-0.0068,3,0
43.5058,0.297523,59.992252,-0.000983,0.0000,0.0000,8019.9,-0.0088,3,0
43.4945,0.297523,59.992250,-0.000990,0.0000,0.0000,8011.9,-0.0107,3,0
43.4826,0.297523,59.992248,-0.000997,0.0000,0.0000,8005.0,-0.0126,3,0
43.4691,0.298594,59.992247,-0.001003,0.0000,0.0000,8004.6,-0.0144,3,0
43.4551,0.298594,59.992245,-0.001010,0.0000,0.0000,8006.8,-0.0161,3,0
43.4417,0.298594,59.992243,-0.001017,0.0000,0.0000,8007.7,-0.0177,3,0
43.4294,0.298594,59.992241,-0.001024,0.0000,0.0000,8002.4,-0.0190,3,0
43.4163,0.298594,59.992239,-0.001030,0.0000,0.0000,7997.4,-0.0202,3,0
43.4015,0.298594,59.992237,-0.001037,0.0000,0.0000,7998.9,-0.0211,3,0
43.3867,0.298594,59.992235,-0.001044,0.0000,0.0000,8001.8,-0.0219,3,0
43.3722,0.298594,59.992233,-0.001050,0.0000,0.0000,8004.8,-0.0225,3,0
43.3590,0.298594,59.992231,-0.001057,0.0000,0.0000,8001.8,-0.0227,3,0
43.3454,0.298594,59.992229,-0.001064,0.0000,0.0000,7996.5,-0.0230,3,0
43.3292,0.299678,59.992228,-0.001070,0.0000,0.0000,7999.5,-0.0232,3,0
43.3137,0.299678,59.992226,-0.001077,0.0000,0.0000,8003.0,-0.0236,3,0
43.2985,0.299678,59.992224,-0.001084,0.0000,0.0000,8006.7,-0.0241,3,0
43.2850,0.299678,59.992222,-0.001090,0.0000,0.0000,8001.7,-0.0245,3,0
43.2715,0.299678,59.992220,-0.001097,0.0000,0.0000,7992.6,-0.0251,3,0
43.2557,0.299678,59.992218,-0.001104,0.0000,0.0000,7995.0,-0.0258,3,0
43.2394,0.299678,59.992216,-0.001110,0.0000,0.0000,8001.0,-0.0269,3,0
43.2240,0.299678,59.992214,-0.001117,0.0000,0.0000,8001.7,-0.0280,3,0
43.2100,0.299678,59.992213,-0.001124,0.0000,0.0000,7995.8,-0.0292,3,0
43.1958,0.299678,59.992211,-0.001130,0.0000,0.0000,7986.8,-0.0306,3,0
43.1793,0.300777,59.992209,-0.001137,0.0000,0.0000,7989.5,-0.0321,3,0
43.1634,0.300777,59.992207,-0.001143,0.0000,0.0000,7991.5,-0.0340,3,0
43.1480,0.300777,59.992205,-0.001150,0.0000,0.0000,7991.8,-0.0358,3,0
43.1327,0.300777,59.992204,-0.001157,0.0000,0.0000,7987.7,-0.0374,3,0
43.1187,0.300777,59.992202,-0.001163,0.0000,0.0000,7976.5,-0.0390,3,0
43.1031,0.300777,59.992200,-0.001170,0.0000,0.0000,7976.7,-0.0407,3,0
43.0874,0.300777,59.992198,-0.001176,0.0000,0.0000,7978.1,-0.0426,3,0
43.0717,0.300777,59.992195,-0.001183,0.0000,0.0000,7978.1,-0.0444,3,0
43.0544,0.300777,59.992193,-0.001190,0.0000,0.0000,7970.2,-0.0460,3,0
43.0429,0.300777,59.992190,-0.001196,0.0000,0.0000,7959.1,-0.0481,3,0
43.0235,0.301888,59.992188,-0.001203,0.0000,0.0000,7955.8,-0.0501,3,0
43.0096,0.301888,59.992186,-0.001209,0.0000,0.0000,7954.5,-0.0534,3,0
42.9942,0.301888,59.992183,-0.001216,0.0000,0.0000,7952.9,-0.0563,3,0
42.9780,0.301888,59.992181,-0.001222,0.0000,0.0000,7943.7,-0.0591,3,0
42.9591,0.301888,59.992178,-0.001229,0.0000,0.0000,7935.9,-0.0634,3,0
42.9446,0.301888,59.992176,-0.001235,0.0000,0.0000,7923.8,-0.0690,3,0
42.9203,0.301888,59.992174,-0.001242,0.0000,0.0000,7946.1,-0.0729,3,0
42.9018,0.301888,59.992172,-0.001248,0.0000,0.0000,7936.6,-0.0776,3,0
42.8923,0.301888,59.992170,-0.001255,0.0000,0.0000,7921.5,-0.0802,3,0
42.8676,0.301888,59.992168,-0.001261,0.0000,0.0000,7942.0,-0.0836,3,0
42.8555,0.303005,59.992166,-0.001268,0.0000,0.0000,7939.6,-0.0861,3,0
42.8395,0.303005,59.992165,-0.001274,0.0000,0.0000,7919.0,-0.0862,3,0
42.8195,0.303005,59.992163,-0.001280,0.0000,0.0000,7924.3,-0.0869,3,0
42.7979,0.303005,59.992161,-0.001287,0.0000,0.0000,7953.4,-0.0862,3,0
42.7861,0.303005,59.992159,-0.001293,0.0000,0.0000,7936.8,-0.0856,3,0
42.7648,0.303005,59.992157,-0.001300,0.0000,0.0000,7932.5,-0.0840,3,0
42.7483,0.303005,59.992155,-0.001306,0.0000,0.0000,7882.9,-0.0821,3,0
42.7275,0.303005,59.992152,-0.001312,0.0000,0.0000,7906.9,-0.0822,3,0
42.7129,0.303005,59.992150,-0.001319,0.0000,0.0000,7895.2,-0.0799,3,0
42.6997,0.303005,59.992148,-0.001325,0.0000,0.0000,7886.7,-0.0783,3,0
42.6851,0.304051,59.992145,-0.001331,0.0000,0.0000,7874.8,-0.0772,3,0
42.6580,0.304051,59.992143,-0.001338,0.0000,0.0000,7894.4,-0.0752,3,0
42.6235,0.304051,59.992141,-0.001344,0.0000,0.0000,7953.5,-0.0733,3,0
42.6129,0.304051,59.992139,-0.001350,0.0000,0.0000,7912.9,-0.0710,3,0
42.6022,0.304051,59.992136,-0.001357,0.0000,0.0000,7898.6,-0.0699,3,0
42.5762,0.304051,59.992134,-0.001363,0.0000,0.0000,7891.2,-0.0685,3,0
42.5632,0.304051,59.992132,-0.001369,0.0000,0.0000,7879.3,-0.0673,3,0
42.5358,0.304051,59.992129,-0.001375,0.0000,0.0000,7900.3,-0.0674,3,0
42.5172,0.304051,59.992127,-0.001382,0.0000,0.0000,7904.1,-0.0653,3,0
42.4935,0.304051,59.992124,-0.001388,0.0000,0.0000,7903.3,-0.0649,3,0
42.4791,0.305158,59.992122,-0.001394,0.0000,0.0000,7895.4,-0.0645,3,0
42.4551,0.305158,59.992120,-0.001400,0.0000,0.0000,7920.8,-0.0627,3,0
42.4402,0.305158,59.992117,-0.001406,0.0000,0.0000,7883.4,-0.0616,3,0
42.4202,0.305158,59.992115,-0.001412,0.0000,0.0000,7897.2,-0.0604,3,0
42.3986,0.305158,59.992112,-0.001419,0.0000,0.0000,7895.3,-0.0591,3,0
42.3729,0.305158,59.992110,-0.001425,0.0000,0.0000,7933.4,-0.0580,3,0
42.3554,0.305158,59.992108,-0.001431,0.0000,0.0000,7905.5,-0.0565,3,0
42.3434,0.305158,59.992106,-0.001437,0.0000,0.0000,7872.2,-0.0547,3,0
42.3212,0.305158,59.992104,-0.001443,0.0000,0.0000,7882.0,-0.0525,3,0
42.3031,0.305158,59.992102,-0.001449,0.0000,0.0000,7875.0,-0.0504,3,0
42.2764,0.306252,59.992100,-0.001455,0.0000,0.0000,7890.7,-0.0493,3,0
42.2581,0.306252,59.992098,-0.001461,0.0000,0.0000,7866.9,-0.0482,3,0
42.2435,0.306252,59.992096,-0.001467,0.0000,0.0000,7859.7,-0.0471,3,0
42.2277,0.306252,59.992094,-0.001473,0.0000,0.0000,7839.4,-0.0456,3,0
42.2115,0.306252,59.992092,-0.001479,0.0000,0.0000,7832.4,-0.0452,3,0
42.1924,0.306252,59.992090,-0.001485,0.0000,0.0000,7835.7,-0.0449,3,0
42.1710,0.306252,59.992087,-0.001491,0.0000,0.0000,7848.6,-0.0461,3,0
42.1522,0.306252,59.992085,-0.001497,0.0000,0.0000,7853.3,-0.0463,3,0
42.1323,0.306252,59.992082,-0.001503,0.0000,0.0000,7854.4,-0.0473,3,0
42.1147,0.306252,59.992080,-0.001509,0.0000,0.0000,7841.6,-0.0485,3,0
42.0975,0.307322,59.992077,-0.001515,0.0000,0.0000,7812.6,-0.0504,3,0
42.0764,0.307322,59.992075,-0.001521,0.0000,0.0000,7801.4,-0.0509,3,0
42.0571,0.307322,59.992072,-0.001526,0.0000,0.0000,7785.6,-0.0511,3,0
42.0464,0.307322,59.992070,-0.001532,0.0000,0.0000,7776.2,-0.0511,3,0
42.0258,0.307322,59.992067,-0.001538,0.0000,0.0000,7761.5,-0.0508,3,0
41.9958,0.307322,59.992065,-0.001544,0.0000,0.0000,7761.3,-0.0511,3,0
41.9791,0.307322,59.992062,-0.001550,0.0000,0.0000,7773.7,-0.0500,3,0
41.9524,0.307322,59.992060,-0.001556,0.0000,0.0000,7784.5,-0.0488,3,0
41.9340,0.307322,59.992058,-0.001561,0.0000,0.0000,7787.7,-0.0472,3,0
41.9089,0.307322,59.992055,-0.001567,0.0000,0.0000,7767.7,-0.0446,3,0
41.8894,0.308388,59.992052,-0.001573,0.0000,0.0000,7753.7,-0.0420,3,0
41.8557,0.308388,59.992050,-0.001579,0.0000,0.0000,7786.1,-0.0379,3,0
41.8352,0.308388,59.992047,-0.001584,0.0000,0.0000,7769.5,-0.0328,3,0
41.8063,0.308388,59.992045,-0.001590,0.0000,0.0000,7767.2,-0.0262,3,0
41.7925,0.308388,59.992043,-0.001596,0.0000,0.0000,7761.8,-0.0203,3,0
41.7730,0.308388,59.992040,-0.001602,0.0000,0.0000,7793.4,-0.0126,3,0
41.7499,0.308388,59.992038,-0.001607,0.0000,0.0000,7810.8,-0.0057,3,0
41.7302,0.308388,59.992035,-0.001613,0.0000,0.0000,7828.2,-0.0002,3,0
41.7089,0.308388,59.992033,-0.001619,0.0000,0.0000,7836.3,0.0056,3,0
41.6812,0.308388,59.992030,-0.001624,0.0000,0.0000,7865.9,0.0089,3,0
41.6641,0.309455,59.992028,-0.001630,0.0000,0.0000,7848.9,0.0100,3,0
41.6588,0.309455,59.992026,-0.001636,0.0000,0.0000,7790.9,0.0103,3,0
41.6401,0.309455,59.992023,-0.001641,0.0000,0.0000,7781.9,0.0096,3,0
41.6237,0.309455,59.992021,-0.001647,0.0000,0.0000,7768.5,0.0081,3,0
41.6174,0.309455,59.992018,-0.001653,0.0000,0.0000,7711.4,0.0056,3,0
41.6045,0.309455,59.992016,-0.001658,0.0000,0.0000,7687.4,0.0020,3,1
41.5738,0.309455,59.992013,-0.001664,0.0000,0.0000,7666.6,-0.0012,3,1
41.5384,0.309455,59.992011,-0.001669,0.0000,0.0000,7676.1,-0.0042,3,1
41.5061,0.309455,59.992008,-0.001675,0.0000,0.0000,7725.3,-0.0065,3,1
41.5050,0.309455,59.992006,-0.001680,0.0000,0.0000,7723.9,-0.0074,3,1
41.4958,0.310516,59.992003,-0.001686,0.0000,0.0000,7694.1,-0.0085,3,1
41.4524,0.310516,59.992000,-0.001691,0.0000,0.0000,7732.9,-0.0102,3,1
41.3919,0.310516,59.991998,-0.001697,0.0000,0.0000,7863.5,-0.0110,3,1
41.3490,0.310516,59.991995,-0.001702,0.0000,0.0000,7977.9,-0.0110,3,1
41.3086,0.310516,59.991993,-0.001708,0.0000,0.0000,8045.4,-0.0112,3,1
41.3320,0.310516,59.991990,-0.001714,0.0000,0.0000,7831.4,-0.0123,3,1
41.3138,0.310516,59.991988,-0.001719,0.0000,0.0000,7750.5,-0.0130,3,1
41.2979,0.310516,59.991985,-0.001724,0.0000,0.0000,7759.9,-0.0136,3,1
41.2857,0.310516,59.991983,-0.001730,0.0000,0.0000,7726.9,-0.0138,3,1
41.2748,0.310516,59.991980,-0.001735,0.0000,0.0000,7688.9,-0.0141,3,1
41.2670,0.311569,59.991978,-0.001741,0.0000,0.0000,7662.3,-0.0157,3,1
41.2571,0.311569,59.991976,-0.001746,0.0000,0.0000,7630.2,-0.0164,3,1
41.2173,0.311569,59.991973,-0.001752,0.0000,0.0000,7698.4,-0.0167,3,1
41.1957,0.311569,59.991971,-0.001757,0.0000,0.0000,7721.9,-0.0172,3,1
41.1812,0.311569,59.991968,-0.001763,0.0000,0.0000,7669.5,-0.0175,3,1
41.1618,0.311569,59.991966,-0.001768,0.0000,0.0000,7617.6,-0.0176,3,1
41.1189,0.311569,59.991963,-0.001773,0.0000,0.0000,7594.9,-0.0170,3,1
41.0908,0.311569,59.991961,-0.001779,0.0000,0.0000,7573.7,-0.0161,3,1
41.0627,0.311569,59.991958,-0.001784,0.0000,0.0000,7578.6,-0.0149,3,1
41.0515,0.311569,59.991956,-0.001790,0.0000,0.0000,7565.6,-0.0132,3,1
41.0353,0.312573,59.991953,-0.001795,0.0000,0.0000,7584.4,-0.0095,3,1
41.0089,0.312573,59.991950,-0.001800,0.0000,0.0000,7625.2,-0.0063,3,1
40.9776,0.312573,59.991948,-0.001806,0.0000,0.0000,7655.2,-0.0031,3,1
40.9564,0.312573,59.991945,-0.001811,0.0000,0.0000,7664.6,0.0007,3,1
40.9295,0.312573,59.991943,-0.001816,0.0000,0.0000,7689.0,0.0049,3,1
40.9094,0.312573,59.991940,-0.001822,0.0000,0.0000,7678.4,0.0089,3,1
40.8959,0.312573,59.991938,-0.001827,0.0000,0.0000,7646.7,0.0121,3,1
40.8871,0.312573,59.991935,-0.001833,0.0000,0.0000,7590.7,0.0146,3,1
40.8700,0.312573,59.991933,-0.001838,0.0000,0.0000,7585.2,0.0166,3,1
40.8563,0.312573,59.991931,-0.001843,0.0000,0.0000,7563.6,0.0186,3,1
40.8436,0.313606,59.991929,-0.001849,0.0000,0.0000,7535.6,0.0202,3,1
40.8268,0.313606,59.991926,-0.001854,0.0000,0.0000,7516.8,0.0215,3,1
40.8107,0.313606,59.991924,-0.001859,0.0000,0.0000,7500.9,0.0228,3,1
40.7913,0.313606,59.991922,-0.001865,0.0000,0.0000,7485.4,0.0243,3,1
40.7611,0.313606,59.991919,-0.001870,0.0000,0.0000,7499.0,0.0256,3,1
40.7235,0.313606,59.991917,-0.001875,0.0000,0.0000,7489.5,0.0285,3,1
40.6716,0.313606,59.991914,-0.001881,0.0000,0.0000,7476.1,0.0335,3,1
40.6148,0.313606,59.991912,-0.001886,0.0000,0.0000,7482.6,0.0385,3,1
40.5857,0.313606,59.991909,-0.001891,0.0000,0.0000,7474.9,0.0431,3,1
40.5795,0.313606,59.991906,-0.001896,0.0000,0.0000,7468.2,0.0488,3,1
40.5640,0.314625,59.991903,-0.001902,0.0000,0.0000,7482.8,0.0541,3,0
40.5392,0.314625,59.991901,-0.001907,0.0000,0.0000,7521.1,0.0615,3,0
40.4935,0.314625,59.991898,-0.001912,0.0000,0.0000,7630.1,0.0674,3,1
40.4600,0.314625,59.991895,-0.001918,0.0000,0.0000,7682.2,0.0712,3,0
40.4356,0.314625,59.991893,-0.001923,0.0000,0.0000,7696.7,0.0754,3,0
40.4232,0.314625,59.991890,-0.001928,0.0000,0.0000,7654.6,0.0785,3,0
40.4185,0.314625,59.991888,-0.001934,0.0000,0.0000,7577.5,0.0806,3,0
40.4102,0.314625,59.991885,-0.001939,0.0000,0.0000,7517.3,0.0822,3,0
40.3996,0.314625,59.991883,-0.001944,0.0000,0.0000,7465.1,0.0825,3,0
40.3855,0.314625,59.991881,-0.001950,0.0000,0.0000,7430.2,0.0824,3,0
40.3661,0.315629,59.991878,-0.001955,0.0000,0.0000,7417.3,0.0819,3,0
40.3455,0.315629,59.991876,-0.001960,0.0000,0.0000,7411.2,0.0806,3,0
40.3233,0.315629,59.991874,-0.001966,0.0000,0.0000,7405.9,0.0789,3,0
40.3014,0.315629,59.991872,-0.001971,0.0000,0.0000,7400.8,0.0767,3,0
40.2802,0.315629,59.991869,-0.001976,0.0000,0.0000,7392.7,0.0742,3,0
40.2573,0.315629,59.991867,-0.001982,0.0000,0.0000,7391.4,0.0714,3,0
40.2344,0.315629,59.991864,-0.001987,0.0000,0.0000,7391.2,0.0683,3,0
40.2101,0.315629,59.991862,-0.001992,0.0000,0.0000,7393.6,0.0648,3,0
40.1863,0.315629,59.991859,-0.001998,0.0000,0.0000,7393.3,0.0609,3,0
40.1644,0.315629,59.991856,-0.002003,0.0000,0.0000,7387.9,0.0573,3,0
40.1409,0.316605,59.991854,-0.002009,0.0000,0.0000,7389.9,0.0537,3,0
40.1175,0.316605,59.991851,-0.002014,0.0000,0.0000,7391.2,0.0499,3,0
40.0929,0.316605,59.991848,-0.002019,0.0000,0.0000,7395.3,0.0464,3,0
40.0687,0.316605,59.991845,-0.002025,0.0000,0.0000,7399.2,0.0432,3,0
40.0460,0.316605,59.991843,-0.002030,0.0000,0.0000,7400.3,0.0404,3,0
40.0231,0.316605,59.991840,-0.002036,0.0000,0.0000,7401.6,0.0382,3,0
39.9997,0.316605,59.991838,-0.002041,0.0000,0.0000,7406.2,0.0366,3,0
39.9786,0.316605,59.991835,-0.002047,0.0000,0.0000,7398.8,0.0355,3,0
39.9579,0.316605,59.991833,-0.002052,0.0000,0.0000,7388.2,0.0349,3,0
39.9366,0.316605,59.991831,-0.002058,0.0000,0.0000,7382.4,0.0349,3,0
39.9164,0.317565,59.991828,-0.002063,0.0000,0.0000,7373.1,0.0353,3,0
39.8951,0.317565,59.991826,-0.002069,0.0000,0.0000,7366.8,0.0360,3,0
39.8746,0.317565,59.991824,-0.002074,0.0000,0.0000,7357.3,0.0370,3,0
39.8520,0.317565,59.991822,-0.002079,0.0000,0.0000,7355.6,0.0380,3,0
39.8292,0.317565,59.991819,-0.002085,0.0000,0.0000,7355.7,0.0392,3,0
39.8092,0.317565,59.991817,-0.002090,0.0000,0.0000,7345.2,0.0405,3,0
39.7892,0.317565,59.991815,-0.002096,0.0000,0.0000,7334.9,0.0418,3,0
39.7682,0.317565,59.991814,-0.002102,0.0000,0.0000,7328.4,0.0429,3,0
39.7462,0.317565,59.991812,-0.002107,0.0000,0.0000,7326.1,0.0441,3,0
39.7235,0.317565,59.991810,-0.002113,0.0000,0.0000,7326.8,0.0452,3,0
39.7028,0.318513,59.991808,-0.002118,0.0000,0.0000,7320.8,0.0463,3,0
39.6833,0.318513,59.991807,-0.002124,0.0000,0.0000,7310.0,0.0474,3,0
39.6626,0.318513,59.991805,-0.002129,0.0000,0.0000,7303.9,0.0484,3,0
39.6412,0.318513,59.991803,-0.002135,0.0000,0.0000,7299.9,0.0493,3,0
39.6187,0.318513,59.991802,-0.002140,0.0000,0.0000,7299.5,0.0500,3,0
39.5974,0.318513,59.991800,-0.002146,0.0000,0.0000,7297.2,0.0507,3,0
39.5776,0.318513,59.991798,-0.002152,0.0000,0.0000,7289.2,0.0512,3,0
39.5572,0.318513,59.991795,-0.002157,0.0000,0.0000,7281.6,0.0515,3,0
39.5359,0.318513,59.991793,-0.002163,0.0000,0.0000,7276.8,0.0516,3,0
39.5140,0.318513,59.991790,-0.002168,0.0000,0.0000,7274.0,0.0514,3,0
39.4922,0.319456,59.991788,-0.002174,0.0000,0.0000,7275.0,0.0511,3,0
39.4716,0.319456,59.991786,-0.002180,0.0000,0.0000,7269.5,0.0507,3,0
39.4514,0.319456,59.991783,-0.002185,0.0000,0.0000,7261.9,0.0501,3,0
39.4306,0.319456,59.991781,-0.002191,0.0000,0.0000,7256.3,0.0494,3,0
39.4090,0.319456,59.991778,-0.002196,0.0000,0.0000,7253.7,0.0486,3,0
39.3869,0.319456,59.991776,-0.002202,0.0000,0.0000,7254.8,0.0479,3,0
39.3650,0.319456,59.991774,-0.002208,0.0000,0.0000,7254.5,0.0472,3,0
39.3455,0.319456,59.991771,-0.002213,0.0000,0.0000,7245.7,0.0465,3,0
39.3254,0.319456,59.991769,-0.002219,0.0000,0.0000,7238.8,0.0457,3,0
39.3042,0.319456,59.991767,-0.002225,0.0000,0.0000,7234.9,0.0450,3,0
39.2828,0.320395,59.991765,-0.002230,0.0000,0.0000,7233.6,0.0443,3,0
39.2607,0.320395,59.991762,-0.002236,0.0000,0.0000,7235.1,0.0436,3,0
39.2399,0.320395,59.991760,-0.002242,0.0000,0.0000,7230.3,0.0429,3,0
39.2200,0.320395,59.991758,-0.002247,0.0000,0.0000,7221.8,0.0422,3,0
39.1992,0.320395,59.991755,-0.002253,0.0000,0.0000,7216.5,0.0416,3,0
39.1779,0.320395,59.991753,-0.002259,0.0000,0.0000,7212.9,0.0409,3,0
39.1566,0.320395,59.991751,-0.002264,0.0000,0.0000,7211.2,0.0403,3,0
39.1352,0.320395,59.991749,-0.002270,0.0000,0.0000,7211.6,0.0397,3,0
39.1152,0.320395,59.991747,-0.002276,0.0000,0.0000,7205.0,0.0391,3,0
39.0951,0.320395,59.991745,-0.002281,0.0000,0.0000,7197.4,0.0384,3,0
39.0742,0.321331,59.991744,-0.002287,0.0000,0.0000,7193.1,0.0378,3,0
39.0537,0.321331,59.991742,-0.002293,0.0000,0.0000,7190.0,0.0373,3,0
39.0329,0.321331,59.991740,-0.002299,0.0000,0.0000,7189.3,0.0370,3,0
39.0123,0.321331,59.991738,-0.002304,0.0000,0.0000,7187.2,0.0366,3,0
38.9929,0.321331,59.991736,-0.002310,0.0000,0.0000,7179.5,0.0364,3,0
38.9730,0.321331,59.991734,-0.002316,0.0000,0.0000,7173.2,0.0361,3,0
38.9532,0.321331,59.991732,-0.002321,0.0000,0.0000,7168.7,0.0360,3,0
38.9328,0.321331,59.991730,-0.002327,0.0000,0.0000,7166.9,0.0359,3,0
38.9125,0.321331,59.991728,-0.002333,0.0000,0.0000,7164.1,0.0358,3,0
38.8931,0.321331,59.991726,-0.002339,0.0000,0.0000,7157.8,0.0357,3,0
38.8741,0.322256,59.991724,-0.002344,0.0000,0.0000,7147.8,0.0354,3,0
38.8543,0.322256,59.991722,-0.002350,0.0000,0.0000,7141.2,0.0350,3,0
38.8346,0.322256,59.991720,-0.002356,0.0000,0.0000,7136.5,0.0345,3,0
38.8143,0.322256,59.991718,-0.002362,0.0000,0.0000,7133.7,0.0338,3,0
38.7939,0.322256,59.991716,-0.002367,0.0000,0.0000,7130.7,0.0330,3,0
38.7745,0.322256,59.991714,-0.002373,0.0000,0.0000,7124.0,0.0321,3,0
38.7544,0.322256,59.991712,-0.002379,0.0000,0.0000,7117.9,0.0310,3,0
38.7340,0.322256,59.991710,-0.002385,0.0000,0.0000,7114.1,0.0299,3,0
38.7134,0.322256,59.991708,-0.002390,0.0000,0.0000,7112.2,0.0288,3,0
38.6919,0.322256,59.991706,-0.002396,0.0000,0.0000,7114.0,0.0275,3,0
38.6708,0.323195,59.991704,-0.002402,0.0000,0.0000,7112.5,0.0262,3,0
38.6504,0.323195,59.991703,-0.002408,0.0000,0.0000,7106.0,0.0247,3,0
38.6303,0.323195,59.991701,-0.002413,0.0000,0.0000,7100.4,0.0233,3,0
38.6093,0.323195,59.991699,-0.002419,0.0000,0.0000,7099.6,0.0221,3,0
38.5877,0.323195,59.991697,-0.002425,0.0000,0.0000,7099.5,0.0209,3,0
38.5657,0.323195,59.991695,-0.002431,0.0000,0.0000,7101.9,0.0197,3,0
38.5439,0.323195,59.991693,-0.002436,0.0000,0.0000,7100.6,0.0187,3,0
38.5237,0.323195,59.991691,-0.002442,0.0000,0.0000,7095.7,0.0178,3,0
38.5029,0.323195,59.991689,-0.002448,0.0000,0.0000,7092.9,0.0173,3,0
38.4818,0.323195,59.991687,-0.002454,0.0000,0.0000,7092.4,0.0170,3,0
38.4604,0.324157,59.991686,-0.002460,0.0000,0.0000,7093.8,0.0169,3,0
38.4388,0.324157,59.991684,-0.002465,0.0000,0.0000,7093.8,0.0169,3,0
38.4183,0.324157,59.991682,-0.002471,0.0000,0.0000,7088.4,0.0172,3,0
38.3989,0.324157,59.991680,-0.002477,0.0000,0.0000,7081.3,0.0178,3,0
38.3790,0.324157,59.991678,-0.002483,0.0000,0.0000,7076.7,0.0185,3,0
38.3583,0.324157,59.991676,-0.002488,0.0000,0.0000,7074.6,0.0194,3,0
38.3374,0.324157,59.991674,-0.002494,0.0000,0.0000,7074.8,0.0203,3,0
38.3172,0.324157,59.991672,-0.002500,0.0000,0.0000,7070.6,0.0213,3,0
38.2980,0.324157,59.991670,-0.002506,0.0000,0.0000,7061.8,0.0224,3,0
38.2789,0.324157,59.991668,-0.002512,0.0000,0.0000,7053.8,0.0235,3,0
38.2593,0.325148,59.991667,-0.002517,0.0000,0.0000,7047.4,0.0246,3,0
38.2391,0.325148,59.991665,-0.002523,0.0000,0.0000,7043.3,0.0255,3,0
38.2184,0.325148,59.991663,-0.002529,0.0000,0.0000,7039.9,0.0263,3,0
38.1984,0.325148,59.991661,-0.002535,0.0000,0.0000,7032.8,0.0269,3,0
38.1791,0.325148,59.991659,-0.002540,0.0000,0.0000,7024.8,0.0274,3,0
38.1597,0.325148,59.991657,-0.002546,0.0000,0.0000,7017.5,0.0279,3,0
38.1397,0.325148,59.991655,-0.002552,0.0000,0.0000,7012.6,0.0282,3,0
38.1194,0.325148,59.991654,-0.002558,0.0000,0.0000,7009.5,0.0285,3,0
38.0986,0.325148,59.991652,-0.002563,0.0000,0.0000,7007.5,0.0287,3,0
38.0786,0.325148,59.991650,-0.002569,0.0000,0.0000,7001.9,0.0289,3,0
38.0585,0.326074,59.991648,-0.002575,0.0000,0.0000,6996.7,0.0291,3,0
38.0390,0.326074,59.991647,-0.002581,0.0000,0.0000,6991.2,0.0293,3,0
38.0190,0.326074,59.991645,-0.002587,0.0000,0.0000,6987.6,0.0294,3,0
37.9978,0.326074,59.991643,-0.002592,0.0000,0.0000,6987.4,0.0295,3,0
37.9771,0.326074,59.991642,-0.002598,0.0000,0.0000,6984.5,0.0295,3,0
37.9571,0.326074,59.991640,-0.002604,0.0000,0.0000,6978.7,0.0295,3,0
37.9373,0.326074,59.991638,-0.002610,0.0000,0.0000,6973.7,0.0296,3,0
37.9175,0.326074,59.991637,-0.002615,0.0000,0.0000,6969.1,0.0296,3,0
37.8968,0.326074,59.991635,-0.002621,0.0000,0.0000,6965.9,0.0295,3,0
37.8754,0.326074,59.991633,-0.002627,0.0000,0.0000,6965.5,0.0293,3,0
37.8549,0.327072,59.991631,-0.002633,0.0000,0.0000,6962.1,0.0290,3,0
37.8353,0.327072,59.991630,-0.002639,0.0000,0.0000,6956.6,0.0289,3,0
37.8153,0.327072,59.991628,-0.002644,0.0000,0.0000,6951.1,0.0287,3,0
37.7946,0.327072,59.991626,-0.002650,0.0000,0.0000,6947.5,0.0286,3,0
37.7747,0.327072,59.991625,-0.002656,0.0000,0.0000,6945.9,0.0289,3,0
37.7524,0.327072,59.991623,-0.002662,0.0000,0.0000,6944.5,0.0287,3,0
37.7319,0.327072,59.991621,-0.002667,0.0000,0.0000,6942.0,0.0292,3,0
37.7132,0.327072,59.991619,-0.002673,0.0000,0.0000,6934.6,0.0295,3,0
37.6887,0.327072,59.991617,-0.002679,0.0000,0.0000,6930.2,0.0304,3,0
37.6660,0.327072,59.991615,-0.002685,0.0000,0.0000,6932.7,0.0314,3,0
37.6485,0.328061,59.991613,-0.002691,0.0000,0.0000,6927.0,0.0321,3,0
37.6189,0.328061,59.991612,-0.002696,0.0000,0.0000,6922.6,0.0333,3,0
37.6043,0.328061,59.991610,-0.002702,0.0000,0.0000,6922.7,0.0377,3,0
37.5791,0.328061,59.991608,-0.002708,0.0000,0.0000,6920.6,0.0402,3,0
37.5623,0.328061,59.991606,-0.002714,0.0000,0.0000,6912.6,0.0418,3,0
37.5383,0.328061,59.991604,-0.002720,0.0000,0.0000,6919.5,0.0456,3,0
37.5196,0.328061,59.991603,-0.002725,0.0000,0.0000,6910.1,0.0441,3,0
37.4890,0.328061,59.991601,-0.002731,0.0000,0.0000,6913.5,0.0446,3,0
37.4674,0.328061,59.991600,-0.002737,0.0000,0.0000,6930.9,0.0476,3,0
37.4520,0.328061,59.991598,-0.002743,0.0000,0.0000,6889.0,0.0476,3,0
37.4155,0.329030,59.991597,-0.002749,0.0000,0.0000,6931.5,0.0501,3,0
37.3976,0.329030,59.991596,-0.002754,0.0000,0.0000,6887.9,0.0547,3,0
37.3842,0.329030,59.991594,-0.002760,0.0000,0.0000,6901.1,0.0555,3,0
37.3651,0.329030,59.991593,-0.002766,0.0000,0.0000,6909.1,0.0537,3,0
37.3386,0.329030,59.991591,-0.002772,0.0000,0.0000,6933.7,0.0522,3,0
37.3200,0.329030,59.991590,-0.002778,0.0000,0.0000,6908.7,0.0508,3,0
37.2941,0.329030,59.991588,-0.002783,0.0000,0.0000,6920.7,0.0485,3,0
37.2735,0.329030,59.991586,-0.002789,0.0000,0.0000,6926.8,0.0479,3,0
37.2421,0.329030,59.991584,-0.002795,0.0000,0.0000,6936.0,0.0465,3,0
37.2318,0.329030,59.991582,-0.002801,0.0000,0.0000,6862.7,0.0481,3,0
37.2126,0.329989,59.991580,-0.002807,0.0000,0.0000,6854.9,0.0498,3,0
37.1934,0.329989,59.991578,-0.002812,0.0000,0.0000,6851.3,0.0488,3,0
37.1781,0.329989,59.991576,-0.002818,0.0000,0.0000,6853.9,0.0482,3,0
37.1531,0.329989,59.991574,-0.002824,0.0000,0.0000,6853.1,0.0468,3,0
37.1332,0.329989,59.991572,-0.002830,0.0000,0.0000,6833.5,0.0450,3,0
37.1068,0.329989,59.991570,-0.002836,0.0000,0.0000,6862.1,0.0428,3,0
37.0743,0.329989,59.991568,-0.002841,0.0000,0.0000,6892.7,0.0406,3,0
37.0654,0.329989,59.991567,-0.002847,0.0000,0.0000,6858.5,0.0438,3,0
37.0489,0.329989,59.991565,-0.002853,0.0000,0.0000,6833.1,0.0399,3,0
37.0299,0.329989,59.991564,-0.002859,0.0000,0.0000,6815.9,0.0349,3,0
36.9986,0.330895,59.991562,-0.002865,0.0000,0.0000,6828.0,0.0328,3,0
36.9819,0.330895,59.991560,-0.002871,0.0000,0.0000,6830.4,0.0316,3,0
36.9551,0.330895,59.991559,-0.002876,0.0000,0.0000,6831.8,0.0271,3,0
36.9374,0.330895,59.991557,-0.002882,0.0000,0.0000,6827.2,0.0250,3,0
36.9228,0.330895,59.991556,-0.002888,0.0000,0.0000,6794.1,0.0231,3,0
36.8941,0.330895,59.991554,-0.002894,0.0000,0.0000,6794.9,0.0204,3,0
36.8756,0.330895,59.991553,-0.002900,0.0000,0.0000,6800.6,0.0194,3,0
36.8476,0.330895,59.991551,-0.002906,0.0000,0.0000,6833.3,0.0164,3,0
36.8350,0.330895,59.991550,-0.002911,0.0000,0.0000,6793.1,0.0134,3,0
36.8100,0.330895,59.991548,-0.002917,0.0000,0.0000,6805.0,0.0106,3,0
36.7969,0.331840,59.991547,-0.002923,0.0000,0.0000,6778.8,0.0079,3,0
36.7702,0.331840,59.991546,-0.002929,0.0000,0.0000,6780.4,0.0047,3,0
36.7404,0.331840,59.991544,-0.002935,0.0000,0.0000,6825.2,0.0033,3,0
36.7174,0.331840,59.991543,-0.002941,0.0000,0.0000,6792.6,0.0035,3,0
36.7116,0.331840,59.991541,-0.002947,0.0000,0.0000,6768.2,0.0002,3,0
36.6875,0.331840,59.991540,-0.002952,0.0000,0.0000,6761.6,-0.0026,3,0
36.6704,0.331840,59.991538,-0.002958,0.0000,0.0000,6758.0,-0.0035,3,0
36.6491,0.331840,59.991537,-0.002964,0.0000,0.0000,6737.8,-0.0063,3,0
36.6246,0.331840,59.991535,-0.002970,0.0000,0.0000,6765.6,-0.0082,3,0
36.6027,0.331840,59.991534,-0.002976,0.0000,0.0000,6740.6,-0.0110,3,0
36.5806,0.332781,59.991532,-0.002982,0.0000,0.0000,6765.7,-0.0134,3,0
36.5697,0.332781,59.991530,-0.002987,0.0000,0.0000,6713.3,-0.0162,3,0
36.5441,0.332781,59.991529,-0.002993,0.0000,0.0000,6733.5,-0.0186,3,0
36.5302,0.332781,59.991527,-0.002999,0.0000,0.0000,6701.6,-0.0210,3,0
36.5023,0.332781,59.991526,-0.003005,0.0000,0.0000,6716.7,-0.0231,3,0
36.4858,0.332781,59.991524,-0.003011,0.0000,0.0000,6703.2,-0.0246,3,0
36.4575,0.332781,59.991523,-0.003016,0.0000,0.0000,6716.5,-0.0264,3,0
36.4483,0.332781,59.991521,-0.003022,0.0000,0.0000,6688.5,-0.0281,3,0
36.4255,0.332781,59.991520,-0.003028,0.0000,0.0000,6682.7,-0.0307,3,0
36.4056,0.332781,59.991518,-0.003034,0.0000,0.0000,6685.0,-0.0316,3,0
36.3797,0.333720,59.991517,-0.003040,0.0000,0.0000,6680.5,-0.0331,3,0
36.3601,0.333720,59.991516,-0.003045,0.0000,0.0000,6689.6,-0.0338,3,0
36.3421,0.333720,59.991514,-0.003051,0.0000,0.0000,6673.6,-0.0348,3,0
36.3161,0.333720,59.991513,-0.003057,0.0000,0.0000,6695.8,-0.0356,3,0
36.3058,0.333720,59.991511,-0.003063,0.0000,0.0000,6642.8,-0.0364,3,0
36.2784,0.333720,59.991510,-0.003069,0.0000,0.0000,6662.8,-0.0373,3,0
36.2620,0.333720,59.991508,-0.003074,0.0000,0.0000,6652.8,-0.0385,3,0
36.2335,0.333720,59.991507,-0.003080,0.0000,0.0000,6675.3,-0.0382,3,0
36.2221,0.333720,59.991505,-0.003086,0.0000,0.0000,6655.0,-0.0387,3,0
36.2021,0.333720,59.991503,-0.003092,0.0000,0.0000,6650.2,-0.0382,3,0
36.1804,0.334604,59.991501,-0.003097,0.0000,0.0000,6637.0,-0.0373,3,0
36.1633,0.334604,59.991500,-0.003103,0.0000,0.0000,6638.0,-0.0356,3,0
36.1348,0.334604,59.991498,-0.003109,0.0000,0.0000,6640.5,-0.0343,3,0
36.1183,0.334604,59.991496,-0.003115,0.0000,0.0000,6640.0,-0.0310,3,0
36.0942,0.334604,59.991495,-0.003120,0.0000,0.0000,6646.0,-0.0295,3,0
36.0790,0.334604,59.991493,-0.003126,0.0000,0.0000,6616.8,-0.0272,3,0
36.0617,0.334604,59.991492,-0.003132,0.0000,0.0000,6607.9,-0.0244,3,0
36.0407,0.334604,59.991490,-0.003137,0.0000,0.0000,6626.3,-0.0225,3,0
36.0207,0.334604,59.991489,-0.003143,0.0000,0.0000,6604.9,-0.0214,3,0
35.9968,0.334604,59.991487,-0.003149,0.0000,0.0000,6638.1,-0.0194,3,0
35.9787,0.335528,59.991486,-0.003154,0.0000,0.0000,6610.0,-0.0179,3,0
35.9613,0.335528,59.991484,-0.003160,0.0000,0.0000,6609.5,-0.0169,3,0
35.9396,0.335528,59.991483,-0.003166,0.0000,0.0000,6607.7,-0.0160,3,0
35.9187,0.335528,59.991481,-0.003172,0.0000,0.0000,6606.4,-0.0163,3,0
35.9023,0.335528,59.991480,-0.003177,0.0000,0.0000,6586.1,-0.0159,3,0
35.8763,0.335528,59.991478,-0.003183,0.0000,0.0000,6607.9,-0.0165,3,0
35.8618,0.335528,59.991477,-0.003189,0.0000,0.0000,6583.1,-0.0173,3,0
35.8372,0.335528,59.991475,-0.003194,0.0000,0.0000,6598.1,-0.0182,3,0
35.8224,0.335528,59.991474,-0.003200,0.0000,0.0000,6575.1,-0.0193,3,0
35.8005,0.335528,59.991472,-0.003205,0.0000,0.0000,6582.8,-0.0206,3,0
35.7781,0.336434,59.991470,-0.003211,0.0000,0.0000,6586.2,-0.0219,3,0
35.7572,0.336434,59.991469,-0.003217,0.0000,0.0000,6587.6,-0.0232,3,0
35.7366,0.336434,59.991467,-0.003222,0.0000,0.0000,6586.9,-0.0245,3,0
35.7181,0.336434,59.991466,-0.003228,0.0000,0.0000,6576.8,-0.0261,3,0
35.6988,0.336434,59.991464,-0.003234,0.0000,0.0000,6571.5,-0.0276,3,0
35.6800,0.336434,59.991463,-0.003239,0.0000,0.0000,6566.4,-0.0293,3,0
35.6592,0.336434,59.991461,-0.003245,0.0000,0.0000,6568.6,-0.0309,3,0
35.6395,0.336434,59.991460,-0.003250,0.0000,0.0000,6564.8,-0.0325,3,0
35.6205,0.336434,59.991458,-0.003256,0.0000,0.0000,6560.2,-0.0342,3,0
35.6014,0.336434,59.991457,-0.003261,0.0000,0.0000,6554.2,-0.0360,3,0
35.5837,0.337312,59.991455,-0.003267,0.0000,0.0000,6544.0,-0.0378,3,0
35.5648,0.337312,59.991453,-0.003273,0.0000,0.0000,6539.8,-0.0396,3,0
35.5456,0.337312,59.991452,-0.003278,0.0000,0.0000,6534.8,-0.0414,3,0
35.5262,0.337312,59.991450,-0.003284,0.0000,0.0000,6532.4,-0.0430,3,0
35.5072,0.337312,59.991449,-0.003289,0.0000,0.0000,6526.2,-0.0447,3,0
35.4888,0.337312,59.991447,-0.003295,0.0000,0.0000,6521.1,-0.0465,3,0
35.4708,0.337312,59.991445,-0.003300,0.0000,0.0000,6513.3,-0.0484,3,0
35.4522,0.337312,59.991444,-0.003306,0.0000,0.0000,6509.6,-0.0503,3,0
35.4328,0.337312,59.991442,-0.003311,0.0000,0.0000,6505.5,-0.0524,3,0
35.4128,0.337312,59.991441,-0.003317,0.0000,0.0000,6505.7,-0.0544,3,0
35.3942,0.338148,59.991439,-0.003322,0.0000,0.0000,6499.4,-0.0565,3,0
35.3747,0.338148,59.991438,-0.003328,0.0000,0.0000,6496.7,-0.0589,3,0
35.3565,0.338148,59.991437,-0.003333,0.0000,0.0000,6489.3,-0.0612,3,0
35.3377,0.338148,59.991435,-0.003339,0.0000,0.0000,6484.9,-0.0635,3,0
35.3192,0.338148,59.991434,-0.003344,0.0000,0.0000,6482.1,-0.0660,3,0
35.2999,0.338148,59.991432,-0.003350,0.0000,0.0000,6478.5,-0.0684,3,0
35.2800,0.338148,59.991430,-0.003355,0.0000,0.0000,6478.2,-0.0707,3,0
35.2612,0.338148,59.991429,-0.003361,0.0000,0.0000,6474.3,-0.0733,3,0
35.2431,0.338148,59.991428,-0.003366,0.0000,0.0000,6467.5,-0.0760,3,0
35.2246,0.338148,59.991426,-0.003372,0.0000,0.0000,6461.7,-0.0786,3,0
35.2052,0.338977,59.991425,-0.003377,0.0000,0.0000,6459.8,-0.0812,3,0
35.1841,0.338977,59.991423,-0.003382,0.0000,0.0000,6458.0,-0.0835,3,0
35.1647,0.338977,59.991422,-0.003388,0.0000,0.0000,6455.0,-0.0858,3,0
35.1456,0.338977,59.991420,-0.003393,0.0000,0.0000,6454.6,-0.0882,3,0
35.1269,0.338977,59.991419,-0.003399,0.0000,0.0000,6448.1,-0.0907,3,0
35.1080,0.338977,59.991417,-0.003404,0.0000,0.0000,6442.3,-0.0930,3,0
35.0883,0.338977,59.991415,-0.003409,0.0000,0.0000,6440.4,-0.0951,3,0
35.0676,0.338977,59.991414,-0.003415,0.0000,0.0000,6439.3,-0.0970,3,0
35.0483,0.338977,59.991412,-0.003420,0.0000,0.0000,6436.1,-0.0988,3,0
35.0273,0.338977,59.991410,-0.003425,0.0000,0.0000,6438.4,-0.1004,3,0
35.0072,0.339801,59.991408,-0.003431,0.0000,0.0000,6432.5,-0.1019,3,0
34.9866,0.339801,59.991407,-0.003436,0.0000,0.0000,6426.8,-0.1031,3,0
34.9669,0.339801,59.991405,-0.003441,0.0000,0.0000,6424.7,-0.1041,3,0
34.9466,0.339801,59.991403,-0.003447,0.0000,0.0000,6425.1,-0.1049,3,0
34.9242,0.339801,59.991402,-0.003452,0.0000,0.0000,6424.8,-0.1056,3,0
34.9030,0.339801,59.991400,-0.003457,0.0000,0.0000,6427.1,-0.1062,3,0
34.8840,0.339801,59.991398,-0.003462,0.0000,0.0000,6423.5,-0.1066,3,0
34.8631,0.339801,59.991397,-0.003468,0.0000,0.0000,6417.4,-0.1070,3,0
34.8416,0.339801,59.991395,-0.003473,0.0000,0.0000,6416.0,-0.1070,3,0
34.8211,0.339801,59.991393,-0.003478,0.0000,0.0000,6415.0,-0.1071,3,0
34.7989,0.340620,59.991391,-0.003483,0.0000,0.0000,6416.3,-0.1071,3,0
34.7775,0.340620,59.991390,-0.003488,0.0000,0.0000,6416.4,-0.1072,3,0
34.7563,0.340620,59.991388,-0.003494,0.0000,0.0000,6417.6,-0.1074,3,0
34.7373,0.340620,59.991386,-0.003499,0.0000,0.0000,6410.3,-0.1075,3,0
34.7152,0.340620,59.991385,-0.003504,0.0000,0.0000,6412.6,-0.1073,3,0
34.6930,0.340620,59.991383,-0.003509,0.0000,0.0000,6417.9,-0.1073,3,0
34.6751,0.340620,59.991381,-0.003514,0.0000,0.0000,6405.2,-0.1074,3,0
34.6542,0.340620,59.991379,-0.003519,0.0000,0.0000,6403.4,-0.1079,3,0
34.6318,0.340620,59.991377,-0.003524,0.0000,0.0000,6406.2,-0.1083,3,0
34.6123,0.340620,59.991375,-0.003529,0.0000,0.0000,6403.7,-0.1089,3,0
34.5909,0.341494,59.991373,-0.003534,0.0000,0.0000,6408.0,-0.1098,3,0
34.5700,0.341494,59.991372,-0.003539,0.0000,0.0000,6404.8,-0.1109,3,0
34.5506,0.341494,59.991370,-0.003545,0.0000,0.0000,6396.7,-0.1119,3,0
34.5323,0.341494,59.991368,-0.003550,0.0000,0.0000,6383.2,-0.1132,3,0
34.5096,0.341494,59.991366,-0.003555,0.0000,0.0000,6385.0,-0.1145,3,0
34.4882,0.341494,59.991364,-0.003560,0.0000,0.0000,6385.0,-0.1159,3,0
34.4676,0.341494,59.991362,-0.003565,0.0000,0.0000,6383.9,-0.1173,3,0
34.4476,0.341494,59.991360,-0.003569,0.0000,0.0000,6377.3,-0.1188,3,0
34.4268,0.341494,59.991358,-0.003574,0.0000,0.0000,6370.7,-0.1203,3,0
34.4082,0.341494,59.991356,-0.003579,0.0000,0.0000,6357.6,-0.1218,3,0
34.3852,0.342411,59.991354,-0.003584,0.0000,0.0000,6360.2,-0.1232,3,0
34.3642,0.342411,59.991352,-0.003589,0.0000,0.0000,6359.0,-0.1244,3,0
34.3424,0.342411,59.991350,-0.003594,0.0000,0.0000,6358.4,-0.1253,3,0
34.3219,0.342411,59.991348,-0.003599,0.0000,0.0000,6353.6,-0.1261,3,0
34.3015,0.342411,59.991346,-0.003604,0.0000,0.0000,6347.5,-0.1269,3,0
34.2812,0.342411,59.991344,-0.003609,0.0000,0.0000,6340.1,-0.1276,3,0
34.2602,0.342411,59.991342,-0.003613,0.0000,0.0000,6338.0,-0.1281,3,0
34.2378,0.342411,59.991340,-0.003618,0.0000,0.0000,6340.2,-0.1283,3,0
34.2146,0.342411,59.991338,-0.003623,0.0000,0.0000,6345.1,-0.1284,3,0
34.1926,0.342411,59.991336,-0.003627,0.0000,0.0000,6344.4,-0.1284,3,0
34.1721,0.343241,59.991335,-0.003632,0.0000,0.0000,6339.6,-0.1284,3,0
34.1511,0.343241,59.991333,-0.003637,0.0000,0.0000,6337.6,-0.1285,3,0
34.1306,0.343241,59.991331,-0.003642,0.0000,0.0000,6331.9,-0.1286,3,0
34.1098,0.343241,59.991329,-0.003646,0.0000,0.0000,6328.1,-0.1288,3,0
34.0874,0.343241,59.991327,-0.003651,0.0000,0.0000,6330.1,-0.1290,3,0
34.0654,0.343241,59.991325,-0.003656,0.0000,0.0000,6328.0,-0.1293,3,0
34.0425,0.343241,59.991323,-0.003660,0.0000,0.0000,6326.7,-0.1295,3,0
34.0203,0.343241,59.991321,-0.003665,0.0000,0.0000,6320.8,-0.1297,3,0
33.9989,0.343241,59.991319,-0.003670,0.0000,0.0000,6314.7,-0.1298,3,0
33.9765,0.343241,59.991317,-0.003674,0.0000,0.0000,6314.9,-0.1298,3,0
33.9534,0.344165,59.991316,-0.003679,0.0000,0.0000,6312.5,-0.1296,3,0
33.9309,0.344165,59.991314,-0.003683,0.0000,0.0000,6311.9,-0.1294,3,0
33.9092,0.344165,59.991312,-0.003688,0.0000,0.0000,6308.2,-0.1292,3,0
33.8859,0.344165,59.991310,-0.003692,0.0000,0.0000,6306.9,-0.1290,3,0
33.8635,0.344165,59.991308,-0.003697,0.0000,0.0000,6305.6,-0.1287,3,0
33.8398,0.344165,59.991306,-0.003701,0.0000,0.0000,6306.9,-0.1284,3,0
33.8164,0.344165,59.991304,-0.003706,0.0000,0.0000,6307.2,-0.1281,3,0
33.7935,0.344165,59.991301,-0.003710,0.0000,0.0000,6302.4,-0.1278,3,0
33.7694,0.344165,59.991299,-0.003715,0.0000,0.0000,6303.6,-0.1276,3,0
33.7464,0.344165,59.991297,-0.003719,0.0000,0.0000,6301.7,-0.1273,3,0
33.7234,0.345077,59.991295,-0.003723,0.0000,0.0000,6299.7,-0.1270,3,0
33.7000,0.345077,59.991292,-0.003728,0.0000,0.0000,6298.8,-0.1266,3,0
33.6761,0.345077,59.991290,-0.003732,0.0000,0.0000,6297.9,-0.1261,3,0
33.6528,0.345077,59.991288,-0.003736,0.0000,0.0000,6294.8,-0.1258,3,0
33.6290,0.345077,59.991285,-0.003741,0.0000,0.0000,6289.9,-0.1256,3,0
33.6053,0.345077,59.991283,-0.003745,0.0000,0.0000,6287.7,-0.1255,3,0
33.5820,0.345077,59.991281,-0.003749,0.0000,0.0000,6286.0,-0.1254,3,0
33.5590,0.345077,59.991279,-0.003753,0.0000,0.0000,6281.9,-0.1252,3,0
33.5346,0.345077,59.991277,-0.003758,0.0000,0.0000,6281.5,-0.1250,3,0
33.5107,0.345077,59.991275,-0.003762,0.0000,0.0000,6278.5,-0.1249,3,0
33.4887,0.345984,59.991273,-0.003766,0.0000,0.0000,6270.4,-0.1250,3,0
33.4663,0.345984,59.991272,-0.003770,0.0000,0.0000,6265.9,-0.1254,3,0
33.4434,0.345984,59.991270,-0.003774,0.0000,0.0000,6263.8,-0.1259,3,0
33.4198,0.345984,59.991268,-0.003778,0.0000,0.0000,6260.7,-0.1264,3,0
33.3965,0.345984,59.991266,-0.003783,0.0000,0.0000,6258.4,-0.1270,3,0
33.3735,0.345984,59.991264,-0.003787,0.0000,0.0000,6252.6,-0.1280,3,0
33.3517,0.345984,59.991262,-0.003791,0.0000,0.0000,6244.0,-0.1292,3,0
33.3299,0.345984,59.991259,-0.003795,0.0000,0.0000,6236.1,-0.1307,3,0
33.3089,0.345984,59.991257,-0.003799,0.0000,0.0000,6227.2,-0.1325,3,0
33.2868,0.345984,59.991254,-0.003803,0.0000,0.0000,6220.9,-0.1343,3,0
33.2647,0.346799,59.991252,-0.003807,0.0000,0.0000,6214.5,-0.1362,3,0
33.2413,0.346799,59.991250,-0.003811,0.0000,0.0000,6208.8,-0.1382,3,0
33.2193,0.346799,59.991247,-0.003814,0.0000,0.0000,6197.7,-0.1404,3,0
33.1971,0.346799,59.991245,-0.003818,0.0000,0.0000,6189.1,-0.1427,3,0
33.1733,0.346799,59.991242,-0.003822,0.0000,0.0000,6180.4,-0.1451,3,0
33.1524,0.346799,59.991240,-0.003826,0.0000,0.0000,6171.3,-0.1476,3,0
33.1307,0.346799,59.991238,-0.003830,0.0000,0.0000,6166.6,-0.1497,3,0
33.1059,0.346799,59.991236,-0.003834,0.0000,0.0000,6161.2,-0.1517,3,0
33.0807,0.346799,59.991234,-0.003838,0.0000,0.0000,6154.5,-0.1538,3,0
33.0496,0.346799,59.991232,-0.003841,0.0000,0.0000,6145.5,-0.1560,3,0
33.0288,0.347694,59.991230,-0.003845,0.0000,0.0000,6138.8,-0.1587,3,0
33.0093,0.347694,59.991228,-0.003849,0.0000,0.0000,6134.4,-0.1597,3,0
32.9737,0.347694,59.991226,-0.003853,0.0000,0.0000,6133.9,-0.1607,3,0
32.9545,0.347694,59.991224,-0.003857,0.0000,0.0000,6129.2,-0.1618,3,0
32.9232,0.347694,59.991222,-0.003860,0.0000,0.0000,6128.4,-0.1617,3,0
32.8985,0.347694,59.991220,-0.003864,0.0000,0.0000,6123.3,-0.1632,3,0
32.8722,0.347694,59.991218,-0.003868,0.0000,0.0000,6119.8,-0.1635,3,0
32.8500,0.347694,59.991215,-0.003871,0.0000,0.0000,6126.8,-0.1635,3,0
32.8218,0.347694,59.991213,-0.003875,0.0000,0.0000,6118.3,-0.1624,3,0
32.7949,0.347694,59.991210,-0.003878,0.0000,0.0000,6128.0,-0.1625,3,0
32.7553,0.348589,59.991208,-0.003882,0.0000,0.0000,6164.2,-0.1635,3,0
32.7318,0.348589,59.991206,-0.003886,0.0000,0.0000,6140.9,-0.1649,3,0
32.7042,0.348589,59.991203,-0.003889,0.0000,0.0000,6146.7,-0.1643,3,0
32.6822,0.348589,59.991201,-0.003893,0.0000,0.0000,6148.3,-0.1644,3,0
32.6524,0.348589,59.991198,-0.003896,0.0000,0.0000,6165.8,-0.1630,3,0
32.6345,0.348589,59.991196,-0.003900,0.0000,0.0000,6146.3,-0.1629,3,0
32.6091,0.348589,59.991194,-0.003903,0.0000,0.0000,6143.7,-0.1629,3,0
32.5871,0.348589,59.991191,-0.003907,0.0000,0.0000,6136.8,-0.1631,3,0
32.5655,0.348589,59.991189,-0.003910,0.0000,0.0000,6139.1,-0.1632,3,0
32.5392,0.348589,59.991187,-0.003913,0.0000,0.0000,6134.7,-0.1639,3,0
32.5119,0.349385,59.991185,-0.003917,0.0000,0.0000,6140.6,-0.1645,3,0
32.4947,0.349385,59.991182,-0.003920,0.0000,0.0000,6111.0,-0.1644,3,0
32.4741,0.349385,59.991180,-0.003923,0.0000,0.0000,6089.2,-0.1647,3,0
32.4504,0.349385,59.991178,-0.003927,0.0000,0.0000,6077.9,-0.1658,3,0
32.4263,0.349385,59.991175,-0.003930,0.0000,0.0000,6061.0,-0.1660,3,0
32.3991,0.349385,59.991173,-0.003934,0.0000,0.0000,6053.6,-0.1660,3,0
32.3768,0.349385,59.991170,-0.003937,0.0000,0.0000,6036.7,-0.1655,3,0
32.3502,0.349385,59.991168,-0.003940,0.0000,0.0000,6034.4,-0.1643,3,0
32.3249,0.349385,59.991165,-0.003943,0.0000,0.0000,6027.2,-0.1627,3,0
32.2990,0.349385,59.991162,-0.003946,0.0000,0.0000,6024.2,-0.1610,3,0
32.2734,0.350267,59.991160,-0.003949,0.0000,0.0000,6022.0,-0.1591,3,0
32.2492,0.350267,59.991157,-0.003953,0.0000,0.0000,6015.0,-0.1573,3,0
32.2257,0.350267,59.991154,-0.003956,0.0000,0.0000,6005.9,-0.1553,3,0
32.2015,0.350267,59.991151,-0.003959,0.0000,0.0004,6001.4,-0.1533,3,0
32.1767,0.350267,59.991149,-0.003962,0.0000,0.0007,5997.9,-0.1513,3,0
32.1518,0.350267,59.991146,-0.003965,0.0000,0.0004,5994.7,-0.1494,3,0
32.1272,0.350267,59.991144,-0.003968,0.0000,0.0000,5991.8,-0.1480,3,0
32.1035,0.350267,59.991141,-0.003971,0.0000,0.0000,5987.3,-0.1469,3,0
32.0806,0.350267,59.991139,-0.003974,0.0000,0.0000,5980.4,-0.1460,3,0
32.0575,0.350267,59.991137,-0.003977,0.0000,0.0004,5973.8,-0.1455,3,0
32.0333,0.351116,59.991135,-0.003980,0.0000,0.0007,5969.7,-0.1450,3,0
32.0096,0.351116,59.991132,-0.003983,0.0000,0.0004,5963.8,-0.1447,3,0
31.9848,0.351116,59.991130,-0.003986,0.0000,0.0000,5961.7,-0.1446,3,0
31.9600,0.351116,59.991128,-0.003989,0.0000,0.0000,5958.1,-0.1450,3,0
31.9357,0.351116,59.991125,-0.003992,0.0000,0.0000,5952.9,-0.1452,3,0
31.9117,0.351116,59.991123,-0.003995,0.0000,0.0004,5946.2,-0.1455,3,0
31.8879,0.351116,59.991120,-0.003998,0.0000,0.0007,5939.0,-0.1454,3,0
31.8626,0.351116,59.991118,-0.004000,0.0000,0.0007,5936.1,-0.1450,3,0
31.8380,0.351116,59.991115,-0.004003,0.0000,0.0007,5932.6,-0.1446,3,0
31.8130,0.351116,59.991112,-0.004006,0.0000,0.0004,5930.8,-0.1442,3,0
31.7879,0.351924,59.991110,-0.004009,0.0000,0.0000,5929.7,-0.1438,3,0
31.7640,0.351924,59.991107,-0.004011,0.0000,0.0002,5924.0,-0.1431,3,0
31.7400,0.351924,59.991104,-0.004014,0.0000,0.0005,5918.7,-0.1423,3,0
31.7156,0.351924,59.991101,-0.004017,0.0000,0.0002,5914.2,-0.1413,3,0
31.6897,0.351924,59.991099,-0.004020,0.0000,0.0000,5912.9,-0.1402,3,0
31.6645,0.351924,59.991096,-0.004022,0.0000,0.0000,5912.3,-0.1393,3,0
31.6399,0.351924,59.991094,-0.004025,0.0000,0.0000,5911.0,-0.1385,3,0
31.6153,0.351924,59.991092,-0.004027,0.0000,0.0000,5907.0,-0.1377,3,0
31.5915,0.351924,59.991089,-0.004030,0.0000,0.0000,5901.1,-0.1368,3,0
31.5679,0.351924,59.991087,-0.004032,0.0000,0.0000,5895.1,-0.1358,3,0
31.5424,0.352680,59.991085,-0.004035,0.0000,0.0000,5893.0,-0.1346,3,0
31.5177,0.352680,59.991083,-0.004037,0.0000,0.0004,5889.7,-0.1334,3,0
31.4922,0.352680,59.991081,-0.004040,0.0000,0.0007,5889.6,-0.1323,3,0
31.4679,0.352680,59.991078,-0.004042,0.0000,0.0014,5886.2,-0.1310,3,0
31.4445,0.352680,59.991076,-0.004045,0.0000,0.0020,5880.5,-0.1294,3,0
31.4213,0.352680,59.991074,-0.004047,0.0000,0.0020,5873.4,-0.1276,3,0
31.3980,0.352680,59.991071,-0.004050,0.0000,0.0020,5867.2,-0.1253,3,0
31.3740,0.352680,59.991069,-0.004052,0.0000,0.0015,5863.0,-0.1229,3,0
31.3500,0.352680,59.991066,-0.004054,0.0000,0.0011,5858.7,-0.1203,3,0
31.3255,0.352680,59.991063,-0.004057,0.0000,0.0009,5856.2,-0.1179,3,0
31.3022,0.353447,59.991060,-0.004059,0.0000,0.0007,5851.7,-0.1152,3,0
31.2795,0.353447,59.991058,-0.004061,0.0000,0.0012,5844.9,-0.1125,3,0
31.2566,0.353447,59.991055,-0.004063,0.0000,0.0017,5837.8,-0.1095,3,0
31.2337,0.353447,59.991052,-0.004066,0.0000,0.0021,5832.1,-0.1065,3,0
31.2109,0.353447,59.991050,-0.004068,0.0000,0.0025,5827.2,-0.1035,3,0
31.1880,0.353447,59.991047,-0.004070,0.0000,0.0025,5822.3,-0.1005,3,0
31.1649,0.353447,59.991044,-0.004072,0.0000,0.0025,5818.4,-0.0977,3,0
31.1420,0.353447,59.991042,-0.004074,0.0000,0.0021,5815.7,-0.0947,3,0
31.1207,0.353447,59.991039,-0.004076,0.0000,0.0018,5807.7,-0.0917,3,0
31.0983,0.353447,59.991036,-0.004078,0.0000,0.0021,5801.7,-0.0887,3,0
31.0761,0.354195,59.991034,-0.004081,0.0000,0.0025,5795.7,-0.0856,3,0
31.0535,0.354195,59.991031,-0.004083,0.0000,0.0025,5790.6,-0.0825,3,0
31.0317,0.354195,59.991028,-0.004085,0.0000,0.0025,5785.7,-0.0796,3,0
31.0100,0.354195,59.991025,-0.004087,0.0000,0.0025,5781.7,-0.0768,3,0
30.9884,0.354195,59.991023,-0.004089,0.0000,0.0025,5776.6,-0.0742,3,0
30.9672,0.354195,59.991020,-0.004091,0.0000,0.0025,5771.0,-0.0717,3,0
30.9467,0.354195,59.991017,-0.004093,0.0000,0.0025,5762.0,-0.0695,3,0
30.9250,0.354195,59.991015,-0.004095,0.0000,0.0021,5756.0,-0.0676,3,0
30.9033,0.354195,59.991012,-0.004096,0.0000,0.0017,5751.3,-0.0661,3,0
30.8829,0.354195,59.991009,-0.004098,0.0000,0.0021,5746.8,-0.0650,3,0
30.8609,0.354940,59.991006,-0.004100,0.0000,0.0025,5743.0,-0.0643,3,0
30.8404,0.354940,59.991004,-0.004102,0.0000,0.0025,5735.1,-0.0638,3,0
30.8205,0.354940,59.991001,-0.004104,0.0000,0.0025,5726.3,-0.0636,3,0
30.7991,0.354940,59.990998,-0.004106,0.0000,0.0021,5720.9,-0.0636,3,0
30.7792,0.354940,59.990996,-0.004108,0.0000,0.0017,5710.9,-0.0639,3,0
30.7590,0.354940,59.990993,-0.004110,0.0000,0.0021,5704.1,-0.0646,3,0
30.7400,0.354940,59.990991,-0.004111,0.0000,0.0025,5693.2,-0.0656,3,0
30.7186,0.354940,59.990988,-0.004113,0.0000,0.0025,5688.5,-0.0667,3,0
30.6991,0.354940,59.990986,-0.004115,0.0000,0.0025,5679.3,-0.0679,3,0
30.6796,0.354940,59.990984,-0.004116,0.0000,0.0025,5670.6,-0.0693,3,0
30.6595,0.355676,59.990982,-0.004118,0.0000,0.0025,5661.2,-0.0708,3,0
30.6422,0.355676,59.990979,-0.004120,0.0000,0.0025,5641.7,-0.0722,3,0
30.6219,0.355676,59.990977,-0.004121,0.0000,0.0025,5636.0,-0.0737,3,0
30.6004,0.355676,59.990975,-0.004123,0.0000,0.0025,5636.5,-0.0750,3,0
30.5803,0.355676,59.990972,-0.004125,0.0000,0.0025,5631.5,-0.0763,3,0
30.5614,0.355676,59.990970,-0.004126,0.0000,0.0025,5621.3,-0.0773,3,0
30.5420,0.355676,59.990967,-0.004128,0.0000,0.0025,5613.2,-0.0782,3,0
30.5217,0.355676,59.990965,-0.004129,0.0000,0.0030,5609.7,-0.0790,3,0
30.5015,0.355676,59.990962,-0.004131,0.0000,0.0035,5606.4,-0.0797,3,0
30.4816,0.355676,59.990960,-0.004132,0.0000,0.0035,5602.5,-0.0804,3,0
30.4610,0.356413,59.990957,-0.004134,0.0000,0.0035,5603.3,-0.0810,3,0
30.4410,0.356413,59.990954,-0.004135,0.0000,0.0035,5600.7,-0.0814,3,0
30.4223,0.356413,59.990952,-0.004137,0.0000,0.0035,5593.7,-0.0817,3,0
30.4028,0.356413,59.990949,-0.004139,0.0000,0.0039,5587.1,-0.0819,3,0
30.3828,0.356413,59.990947,-0.004140,0.0000,0.0043,5583.4,-0.0820,3,0
30.3629,0.356413,59.990944,-0.004142,0.0000,0.0033,5580.0,-0.0821,3,0
30.3434,0.356413,59.990941,-0.004143,0.0000,0.0024,5577.0,-0.0821,3,0
30.3232,0.356413,59.990939,-0.004144,0.0000,0.0024,5577.0,-0.0820,3,0
30.3029,0.356413,59.990936,-0.004146,0.0000,0.0024,5576.0,-0.0819,3,0
30.2840,0.356413,59.990933,-0.004147,0.0000,0.0030,5570.4,-0.0817,3,0
30.2653,0.357140,59.990930,-0.004148,0.0000,0.0035,5562.9,-0.0815,3,0
30.2455,0.357140,59.990928,-0.004150,0.0000,0.0035,5559.6,-0.0814,3,0
30.2258,0.357140,59.990925,-0.004151,0.0000,0.0035,5558.7,-0.0813,3,0
30.2068,0.357140,59.990922,-0.004153,0.0000,0.0035,5555.8,-0.0813,3,0
30.1877,0.357140,59.990920,-0.004154,0.0000,0.0035,5552.4,-0.0815,3,0
30.1681,0.357140,59.990917,-0.004155,0.0000,0.0035,5552.3,-0.0817,3,0
30.1490,0.357140,59.990914,-0.004156,0.0000,0.0035,5548.9,-0.0820,3,0
30.1306,0.357140,59.990912,-0.004158,0.0000,0.0035,5541.0,-0.0824,3,0
30.1114,0.357140,59.990909,-0.004159,0.0000,0.0035,5536.1,-0.0829,3,0
30.0923,0.357140,59.990906,-0.004160,0.0000,0.0035,5533.1,-0.0836,3,0
30.0735,0.357871,59.990904,-0.004161,0.0000,0.0035,5529.9,-0.0843,3,0
30.0542,0.357871,59.990901,-0.004163,0.0000,0.0035,5527.5,-0.0851,3,0
30.0346,0.357871,59.990898,-0.004164,0.0000,0.0035,5526.6,-0.0859,3,0
30.0157,0.357871,59.990895,-0.004165,0.0000,0.0039,5521.3,-0.0865,3,0
29.9976,0.357871,59.990893,-0.004166,0.0000,0.0042,5513.6,-0.0870,3,0
29.9787,0.357871,59.990890,-0.004168,0.0000,0.0039,5508.8,-0.0875,3,0
29.9599,0.357871,59.990887,-0.004169,0.0000,0.0035,5505.2,-0.0878,3,0
29.9411,0.357871,59.990885,-0.004170,0.0000,0.0039,5502.3,-0.0882,3,0
29.9218,0.357871,59.990882,-0.004171,0.0000,0.0042,5500.4,-0.0884,3,0
29.9026,0.357871,59.990880,-0.004172,0.0000,0.0042,5499.6,-0.0885,3,0
29.8836,0.358593,59.990877,-0.004173,0.0000,0.0042,5497.4,-0.0884,3,0
29.8649,0.358593,59.990874,-0.004174,0.0000,0.0042,5491.4,-0.0881,3,0
29.8464,0.358593,59.990872,-0.004175,0.0000,0.0042,5485.5,-0.0877,3,0
29.8275,0.358593,59.990869,-0.004176,0.0000,0.0042,5482.7,-0.0873,3,0
29.8084,0.358593,59.990867,-0.004177,0.0000,0.0042,5480.8,-0.0867,3,0
29.7894,0.358593,59.990864,-0.004178,0.0000,0.0042,5477.9,-0.0860,3,0
29.7701,0.358593,59.990861,-0.004179,0.0000,0.0042,5477.9,-0.0851,3,0
29.7504,0.358593,59.990859,-0.004180,0.0000,0.0042,5477.2,-0.0841,3,0
29.7316,0.358593,59.990856,-0.004181,0.0000,0.0042,5471.7,-0.0830,3,0
29.7138,0.358593,59.990853,-0.004182,0.0000,0.0037,5464.9,-0.0818,3,0
29.6948,0.359312,59.990851,-0.004183,0.0000,0.0031,5461.6,-0.0807,3,0
29.6759,0.359312,59.990848,-0.004184,0.0000,0.0037,5460.3,-0.0795,3,0
29.6572,0.359312,59.990845,-0.004185,0.0000,0.0042,5457.5,-0.0783,3,0
29.6382,0.359312,59.990842,-0.004186,0.0000,0.0042,5455.9,-0.0771,3,0
29.6185,0.359312,59.990840,-0.004187,0.0000,0.0042,5457.4,-0.0759,3,0
29.5999,0.359312,59.990837,-0.004188,0.0000,0.0047,5453.1,-0.0746,3,0
29.5821,0.359312,59.990834,-0.004189,0.0000,0.0052,5446.1,-0.0735,3,0
29.5644,0.359312,59.990832,-0.004190,0.0000,0.0047,5440.4,-0.0724,3,0
29.5456,0.359312,59.990829,-0.004190,0.0000,0.0042,5438.8,-0.0715,3,0
29.5273,0.359312,59.990826,-0.004191,0.0000,0.0042,5435.8,-0.0707,3,0
29.5089,0.360034,59.990824,-0.004192,0.0000,0.0042,5433.6,-0.0699,3,0
29.4898,0.360034,59.990821,-0.004193,0.0000,0.0042,5433.3,-0.0691,3,0
29.4710,0.360034,59.990818,-0.004193,0.0000,0.0042,5432.4,-0.0684,3,0
29.4536,0.360034,59.990815,-0.004194,0.0000,0.0042,5424.9,-0.0677,3,0
29.4364,0.360034,59.990813,-0.004195,0.0000,0.0042,5417.8,-0.0671,3,0
29.4189,0.360034,59.990810,-0.004196,0.0000,0.0051,5413.2,-0.0665,3,0
29.4011,0.360034,59.990808,-0.004197,0.0000,0.0060,5410.9,-0.0660,3,0
29.3833,0.360034,59.990806,-0.004197,0.0000,0.0060,5407.7,-0.0654,3,0
29.3653,0.360034,59.990803,-0.004198,0.0000,0.0060,5406.0,-0.0648,3,0
29.3473,0.360034,59.990801,-0.004199,0.0000,0.0060,5404.1,-0.0641,3,0
29.3304,0.360750,59.990799,-0.004199,0.0000,0.0060,5397.4,-0.0635,3,0
29.3141,0.360750,59.990797,-0.004200,0.0000,0.0065,5390.3,-0.0628,3,0
29.2970,0.360750,59.990795,-0.004201,0.0000,0.0070,5385.2,-0.0620,3,0
29.2798,0.360750,59.990792,-0.004201,0.0000,0.0070,5381.5,-0.0611,3,0
29.2626,0.360750,59.990790,-0.004202,0.0000,0.0070,5378.5,-0.0600,3,0
29.2449,0.360750,59.990788,-0.004203,0.0000,0.0070,5376.5,-0.0587,3,0
29.2271,0.360750,59.990785,-0.004203,0.0000,0.0070,5375.6,-0.0571,3,0
29.2100,0.360750,59.990782,-0.004204,0.0000,0.0070,5371.8,-0.0554,3,0
29.1934,0.360750,59.990780,-0.004204,0.0000,0.0070,5366.4,-0.0536,3,0
29.1769,0.360750,59.990777,-0.004205,0.0000,0.0075,5361.6,-0.0519,3,0
29.1600,0.361464,59.990774,-0.004205,0.0000,0.0080,5358.5,-0.0501,3,0
29.1432,0.361464,59.990771,-0.004206,0.0000,0.0075,5356.0,-0.0483,3,0
29.1261,0.361464,59.990768,-0.004206,0.0000,0.0070,5353.6,-0.0468,3,0
29.1086,0.361464,59.990766,-0.004207,0.0000,0.0074,5352.9,-0.0455,3,0
29.0913,0.361464,59.990763,-0.004208,0.0000,0.0079,5351.1,-0.0444,3,0
29.0746,0.361464,59.990760,-0.004208,0.0000,0.0074,5347.0,-0.0434,3,0
29.0587,0.361464,59.990757,-0.004209,0.0000,0.0070,5340.5,-0.0427,3,0
29.0422,0.361464,59.990755,-0.004209,0.0000,0.0071,5335.9,-0.0422,3,0
29.0251,0.361464,59.990752,-0.004210,0.0000,0.0073,5335.4,-0.0417,3,0
29.0082,0.361464,59.990750,-0.004210,0.0000,0.0076,5332.0,-0.0414,3,0
28.9912,0.362170,59.990747,-0.004210,0.0000,0.0080,5330.2,-0.0413,3,0
28.9740,0.362170,59.990744,-0.004211,0.0000,0.0075,5329.1,-0.0412,3,0
28.9570,0.362170,59.990742,-0.004211,0.0000,0.0070,5327.3,-0.0411,3,0
28.9409,0.362170,59.990739,-0.004212,0.0000,0.0075,5322.1,-0.0410,3,0
28.9252,0.362170,59.990737,-0.004212,0.0000,0.0080,5315.9,-0.0410,3,0
28.9091,0.362170,59.990734,-0.004213,0.0000,0.0080,5312.0,-0.0409,3,0
28.8922,0.362170,59.990731,-0.004213,0.0000,0.0080,5310.4,-0.0407,3,0
28.8759,0.362170,59.990729,-0.004214,0.0000,0.0083,5307.1,-0.0406,3,0
28.8589,0.362170,59.990726,-0.004214,0.0000,0.0087,5306.5,-0.0405,3,0
28.8425,0.362170,59.990723,-0.004214,0.0000,0.0088,5305.1,-0.0403,3,0
28.8269,0.362878,59.990721,-0.004215,0.0000,0.0088,5300.0,-0.0402,3,0
28.8115,0.362878,59.990718,-0.004215,0.0000,0.0089,5294.1,-0.0400,3,0
28.7960,0.362878,59.990715,-0.004215,0.0000,0.0091,5289.9,-0.0399,3,0
28.7803,0.362878,59.990712,-0.004216,0.0000,0.0089,5286.1,-0.0398,3,0
28.7639,0.362878,59.990710,-0.004216,0.0000,0.0087,5283.9,-0.0396,3,0
28.7479,0.362878,59.990707,-0.004217,0.0000,0.0087,5281.2,-0.0395,3,0
28.7315,0.362878,59.990705,-0.004217,0.0000,0.0087,5279.9,-0.0394,3,0
28.7156,0.362878,59.990703,-0.004217,0.0000,0.0087,5277.4,-0.0391,3,0
28.7002,0.362878,59.990700,-0.004218,0.0000,0.0087,5272.4,-0.0389,3,0
28.6851,0.362878,59.990698,-0.004218,0.0000,0.0087,5267.1,-0.0386,3,0
28.6696,0.363578,59.990696,-0.004218,0.0000,0.0087,5263.5,-0.0382,3,0
28.6539,0.363578,59.990694,-0.004219,0.0000,0.0087,5260.4,-0.0376,3,0
28.6380,0.363578,59.990692,-0.004219,0.0000,0.0087,5257.8,-0.0370,3,0
28.6220,0.363578,59.990689,-0.004219,0.0000,0.0092,5257.1,-0.0363,3,0
28.6064,0.363578,59.990687,-0.004220,0.0000,0.0097,5255.4,-0.0355,3,0
28.5911,0.363578,59.990685,-0.004220,0.0000,0.0097,5252.5,-0.0346,3,0
28.5763,0.363578,59.990682,-0.004220,0.0000,0.0097,5247.5,-0.0335,3,0
28.5613,0.363578,59.990680,-0.004220,0.0000,0.0097,5243.3,-0.0325,3,0
28.5463,0.363578,59.990677,-0.004221,0.0000,0.0097,5239.6,-0.0312,3,0
28.5308,0.363578,59.990674,-0.004221,0.0000,0.0097,5237.6,-0.0299,3,0
28.5153,0.364279,59.990671,-0.004221,0.0000,0.0097,5235.3,-0.0286,3,0
28.4999,0.364279,59.990669,-0.004221,0.0000,0.0101,5234.0,-0.0272,3,0
28.4846,0.364279,59.990666,-0.004222,0.0000,0.0105,5232.8,-0.0257,3,0
28.4697,0.364279,59.990663,-0.004222,0.0000,0.0105,5229.4,-0.0242,3,0
28.4554,0.364279,59.990661,-0.004222,0.0000,0.0105,5224.7,-0.0226,3,0
28.4408,0.364279,59.990658,-0.004223,0.0000,0.0105,5220.5,-0.0211,3,0
28.4260,0.364279,59.990655,-0.004223,0.0000,0.0105,5216.9,-0.0195,3,0
28.4111,0.364279,59.990652,-0.004223,0.0000,0.0105,5215.3,-0.0180,3,0
28.3960,0.364279,59.990650,-0.004223,0.0000,0.0105,5213.7,-0.0165,3,0
28.3811,0.364279,59.990647,-0.004223,0.0000,0.0109,5212.9,-0.0151,3,0
28.3666,0.364976,59.990644,-0.004224,0.0000,0.0113,5210.4,-0.0136,3,0
28.3521,0.364976,59.990641,-0.004224,0.0000,0.0114,5207.3,-0.0121,3,0
28.3383,0.364976,59.990638,-0.004224,0.0000,0.0115,5202.4,-0.0107,3,0
28.3242,0.364976,59.990636,-0.004224,0.0000,0.0123,5198.8,-0.0094,3,0
28.3098,0.364976,59.990633,-0.004224,0.0000,0.0131,5197.0,-0.0081,3,0
28.2957,0.364976,59.990630,-0.004225,0.0000,0.0133,5195.2,-0.0070,3,0
28.2818,0.364976,59.990628,-0.004225,0.0000,0.0135,5193.1,-0.0060,3,0
28.2676,0.364976,59.990626,-0.004225,0.0000,0.0138,5192.9,-0.0050,3,0
28.2540,0.364976,59.990624,-0.004225,0.0000,0.0141,5190.4,-0.0042,3,0
28.2404,0.364976,59.990622,-0.004225,0.0000,0.0141,5187.6,-0.0035,3,0
28.2273,0.365668,59.990620,-0.004226,0.0000,0.0141,5182.7,-0.0029,3,0
28.2141,0.365668,59.990618,-0.004226,0.0000,0.0140,5178.4,-0.0023,3,0
28.2001,0.365668,59.990616,-0.004226,0.0000,0.0140,5176.6,-0.0018,3,0
28.1864,0.365668,59.990614,-0.004226,0.0000,0.0140,5175.1,-0.0013,3,0
28.1729,0.365668,59.990612,-0.004226,0.0000,0.0140,5173.3,-0.0007,3,0
28.1593,0.365668,59.990610,-0.004227,0.0000,0.0136,5171.3,-0.0001,3,0
28.1457,0.365668,59.990607,-0.004227,0.0000,0.0133,5169.9,0.0006,3,0
28.1327,0.365668,59.990604,-0.004227,0.0000,0.0135,5165.5,0.0014,3,0
28.1199,0.365668,59.990601,-0.004227,0.0000,0.0137,5160.4,0.0022,3,0
28.1069,0.365668,59.990598,-0.004227,0.0000,0.0135,5157.0,0.0030,3,0
28.0935,0.366358,59.990595,-0.004228,0.0000,0.0132,5154.7,0.0039,3,0
28.0803,0.366358,59.990592,-0.004228,0.0000,0.0132,5153.4,0.0046,3,0
28.0673,0.366358,59.990589,-0.004228,0.0000,0.0132,5151.1,0.0054,3,0
28.0539,0.366358,59.990586,-0.004228,0.0000,0.0136,5149.9,0.0060,3,0
28.0411,0.366358,59.990583,-0.004228,0.0000,0.0140,5147.2,0.0065,3,0
28.0286,0.366358,59.990580,-0.004228,0.0000,0.0140,5142.8,0.0069,3,0
28.0161,0.366358,59.990578,-0.004229,0.0000,0.0140,5138.3,0.0071,3,0
28.0036,0.366358,59.990575,-0.004229,0.0000,0.0140,5135.1,0.0072,3,0
27.9907,0.366358,59.990572,-0.004229,0.0000,0.0140,5132.8,0.0072,3,0
27.9779,0.366358,59.990570,-0.004229,0.0000,0.0145,5132.1,0.0071,3,0
27.9654,0.367045,59.990568,-0.004229,0.0000,0.0151,5130.6,0.0070,3,0
27.9529,0.367045,59.990565,-0.004230,0.0000,0.0151,5129.4,0.0068,3,0
27.9404,0.367045,59.990563,-0.004230,0.0000,0.0151,5127.3,0.0065,3,0
27.9286,0.367045,59.990560,-0.004230,0.0000,0.0151,5123.1,0.0062,3,0
27.9165,0.367045,59.990558,-0.004230,0.0000,0.0151,5119.1,0.0059,3,0
27.9042,0.367045,59.990555,-0.004230,0.0000,0.0151,5116.8,0.0056,3,0
27.8920,0.367045,59.990553,-0.004231,0.0000,0.0151,5115.0,0.0052,3,0
27.8798,0.367045,59.990550,-0.004231,0.0000,0.0151,5114.2,0.0050,3,0
27.8674,0.367045,59.990548,-0.004231,0.0000,0.0151,5113.2,0.0048,3,0
27.8550,0.367045,59.990546,-0.004231,0.0000,0.0150,5112.1,0.0045,3,0
27.8428,0.367726,59.990544,-0.004231,0.0000,0.0150,5110.0,0.0045,3,0
27.8310,0.367726,59.990541,-0.004232,0.0000,0.0145,5106.2,0.0045,3,0
27.8193,0.367726,59.990539,-0.004232,0.0000,0.0140,5101.5,0.0047,3,0
27.8071,0.367726,59.990537,-0.004232,0.0000,0.0135,5100.1,0.0049,3,0
27.7948,0.367726,59.990534,-0.004232,0.0000,0.0131,5099.0,0.0051,3,0
27.7824,0.367726,59.990532,-0.004232,0.0000,0.0125,5096.9,0.0055,3,0
27.7702,0.367726,59.990529,-0.004233,0.0000,0.0120,5095.0,0.0058,3,0
27.7573,0.367726,59.990527,-0.004233,0.0000,0.0116,5095.2,0.0061,3,0
27.7448,0.367726,59.990524,-0.004233,0.0000,0.0113,5093.2,0.0064,3,0
27.7329,0.367726,59.990521,-0.004233,0.0000,0.0117,5089.2,0.0066,3,0
27.7212,0.368408,59.990519,-0.004233,0.0000,0.0122,5083.9,0.0068,3,0
27.7089,0.368408,59.990516,-0.004234,0.0000,0.0118,5083.0,0.0070,3,0
27.6968,0.368408,59.990513,-0.004234,0.0000,0.0115,5081.8,0.0071,3,0
27.6847,0.368408,59.990510,-0.004234,0.0000,0.0115,5079.5,0.0072,3,0
27.6723,0.368408,59.990508,-0.004234,0.0000,0.0115,5078.9,0.0072,3,0
27.6603,0.368408,59.990505,-0.004234,0.0000,0.0115,5077.8,0.0071,3,0
27.6485,0.368408,59.990503,-0.004235,0.0000,0.0115,5074.0,0.0069,3,0
27.6371,0.368408,59.990500,-0.004235,0.0000,0.0115,5070.0,0.0067,3,0
27.6257,0.368408,59.990498,-0.004235,0.0000,0.0115,5065.8,0.0064,3,0
27.6140,0.368408,59.990496,-0.004235,0.0000,0.0115,5063.5,0.0061,3,0
27.6023,0.369083,59.990493,-0.004235,0.0000,0.0116,5062.4,0.0059,3,0
27.5906,0.369083,59.990491,-0.004236,0.0000,0.0119,5060.3,0.0056,3,0
27.5786,0.369083,59.990489,-0.004236,0.0000,0.0122,5059.4,0.0054,3,0
27.5667,0.369083,59.990487,-0.004236,0.0000,0.0118,5058.2,0.0052,3,0
27.5553,0.369083,59.990484,-0.004236,0.0000,0.0115,5054.6,0.0050,3,0
27.5441,0.369083,59.990482,-0.004236,0.0000,0.0115,5051.1,0.0048,3,0
27.5329,0.369083,59.990479,-0.004237,0.0000,0.0115,5047.8,0.0047,3,0
27.5214,0.369083,59.990477,-0.004237,0.0000,0.0110,5045.7,0.0046,3,0
27.5095,0.369083,59.990474,-0.004237,0.0000,0.0105,5043.7,0.0046,3,0
27.4974,0.369083,59.990472,-0.004237,0.0000,0.0095,5042.8,0.0045,3,0
27.4856,0.369757,59.990469,-0.004238,0.0000,0.0086,5041.0,0.0044,3,0
27.4728,0.369757,59.990466,-0.004238,0.0000,0.0084,5042.0,0.0042,3,0
27.4611,0.369757,59.990464,-0.004238,0.0000,0.0083,5038.3,0.0040,3,0
27.4492,0.369757,59.990461,-0.004238,0.0000,0.0083,5034.4,0.0038,3,0
27.4377,0.369757,59.990459,-0.004238,0.0000,0.0083,5029.9,0.0034,3,0
27.4254,0.369757,59.990456,-0.004239,0.0000,0.0083,5029.8,0.0031,3,0
27.4129,0.369757,59.990454,-0.004239,0.0000,0.0083,5030.0,0.0028,3,0
27.4008,0.369757,59.990451,-0.004239,0.0000,0.0083,5028.2,0.0025,3,0
27.3886,0.369757,59.990449,-0.004239,0.0000,0.0083,5026.8,0.0022,3,0
27.3763,0.369757,59.990447,-0.004240,0.0000,0.0083,5026.5,0.0017,3,0
27.3639,0.370427,59.990445,-0.004240,0.0000,0.0083,5025.2,0.0013,3,0
27.3523,0.370427,59.990442,-0.004240,0.0000,0.0083,5021.5,0.0007,3,0
27.3405,0.370427,59.990440,-0.004240,0.0000,0.0083,5018.9,0.0002,3,0
27.3284,0.370427,59.990438,-0.004240,0.0000,0.0085,5017.7,-0.0003,3,0
27.3163,0.370427,59.990435,-0.004241,0.0000,0.0087,5016.0,-0.0007,3,0
27.3043,0.370427,59.990433,-0.004241,0.0000,0.0092,5014.7,-0.0011,3,0
27.2920,0.370427,59.990431,-0.004241,0.0000,0.0097,5015.0,-0.0014,3,0
27.2796,0.370427,59.990428,-0.004241,0.0000,0.0097,5016.8,-0.0016,3,0
27.2679,0.370427,59.990426,-0.004242,0.0000,0.0097,5014.5,-0.0017,3,0
27.2570,0.370427,59.990424,-0.004242,0.0000,0.0101,5008.8,-0.0016,3,0
27.2458,0.371095,59.990421,-0.004242,0.0000,0.0105,5005.4,-0.0014,3,0
27.2342,0.371095,59.990419,-0.004242,0.0000,0.0111,5004.3,-0.0011,3,0
27.2226,0.371095,59.990417,-0.004242,0.0000,0.0117,5004.5,-0.0007,3,0
27.2116,0.371095,59.990415,-0.004243,0.0000,0.0114,5002.3,-0.0003,3,0
27.2002,0.371095,59.990412,-0.004243,0.0000,0.0111,5001.5,0.0001,3,0
27.1887,0.371095,59.990410,-0.004243,0.0000,0.0108,5000.9,0.0005,3,0
27.1776,0.371095,59.990407,-0.004243,0.0000,0.0105,4998.3,0.0007,3,0
27.1672,0.371095,59.990405,-0.004244,0.0000,0.0099,4992.3,0.0007,3,0
27.1564,0.371095,59.990402,-0.004244,0.0000,0.0094,4988.0,0.0007,3,0
27.1450,0.371095,59.990399,-0.004244,0.0000,0.0091,4986.0,0.0007,3,0
27.1338,0.371759,59.990396,-0.004244,0.0000,0.0087,4983.1,0.0007,3,0
27.1223,0.371759,59.990394,-0.004244,0.0000,0.0093,4981.0,0.0007,3,0
27.1110,0.371759,59.990391,-0.004245,0.0000,0.0098,4979.4,0.0007,3,0
27.0998,0.371759,59.990388,-0.004245,0.0000,0.0098,4977.7,0.0009,3,0
27.0892,0.371759,59.990386,-0.004245,0.0000,0.0098,4973.4,0.0011,3,0
27.0791,0.371759,59.990383,-0.004245,0.0000,0.0098,4968.8,0.0013,3,0
27.0687,0.371759,59.990381,-0.004245,0.0000,0.0098,4964.0,0.0017,3,0
27.0583,0.371759,59.990378,-0.004246,0.0000,0.0098,4960.8,0.0022,3,0
27.0476,0.371759,59.990376,-0.004246,0.0000,0.0098,4958.7,0.0026,3,0
27.0370,0.371759,59.990374,-0.004246,0.0000,0.0098,4956.9,0.0028,3,0
27.0262,0.372422,59.990372,-0.004246,0.0000,0.0098,4955.8,0.0030,3,0
27.0155,0.372422,59.990369,-0.004247,0.0000,0.0098,4954.2,0.0031,3,0
27.0049,0.372422,59.990367,-0.004247,0.0000,0.0098,4952.0,0.0030,3,0
26.9947,0.372422,59.990365,-0.004247,0.0000,0.0098,4948.7,0.0028,3,0
26.9849,0.372422,59.990362,-0.004247,0.0000,0.0098,4945.0,0.0025,3,0
26.9746,0.372422,59.990360,-0.004247,0.0000,0.0093,4942.0,0.0021,3,0
26.9635,0.372422,59.990357,-0.004248,0.0000,0.0087,4941.4,0.0017,3,0
26.9528,0.372422,59.990355,-0.004248,0.0000,0.0087,4940.4,0.0012,3,0
26.9419,0.372422,59.990352,-0.004248,0.0000,0.0087,4939.9,0.0006,3,0
26.9310,0.372422,59.990350,-0.004248,0.0000,0.0078,4938.8,0.0000,3,0
26.9201,0.373080,59.990347,-0.004249,0.0000,0.0070,4937.3,-0.0005,3,0
26.9097,0.373080,59.990344,-0.004249,0.0000,0.0061,4933.6,-0.0011,3,0
26.8989,0.373080,59.990342,-0.004249,0.0000,0.0053,4930.0,-0.0015,3,0
26.8879,0.373080,59.990339,-0.004249,0.0000,0.0045,4927.0,-0.0018,3,0
26.8763,0.373080,59.990337,-0.004250,0.0000,0.0037,4926.5,-0.0021,3,0
26.8646,0.373080,59.990334,-0.004250,0.0000,0.0045,4925.8,-0.0023,3,0
26.8534,0.373080,59.990332,-0.004250,0.0000,0.0053,4924.9,-0.0024,3,0
26.8419,0.373080,59.990329,-0.004250,0.0000,0.0053,4924.5,-0.0024,3,0
26.8306,0.373080,59.990327,-0.004250,0.0000,0.0053,4924.2,-0.0024,3,0
26.8198,0.373080,59.990324,-0.004251,0.0000,0.0053,4921.7,-0.0023,3,0
26.8097,0.373739,59.990322,-0.004251,0.0000,0.0054,4917.2,-0.0020,3,0
26.7988,0.373739,59.990320,-0.004251,0.0000,0.0057,4915.5,-0.0018,3,0
26.7879,0.373739,59.990317,-0.004251,0.0000,0.0060,4915.1,-0.0015,3,0
26.7770,0.373739,59.990315,-0.004251,0.0000,0.0067,4913.9,-0.0013,3,0
26.7664,0.373739,59.990312,-0.004252,0.0000,0.0074,4912.9,-0.0010,3,0
26.7559,0.373739,59.990310,-0.004252,0.0000,0.0078,4912.2,-0.0008,3,0
26.7455,0.373739,59.990308,-0.004252,0.0000,0.0083,4912.0,-0.0006,3,0
26.7357,0.373739,59.990306,-0.004252,0.0000,0.0083,4909.7,-0.0004,3,0
26.7264,0.373739,59.990303,-0.004253,0.0000,0.0083,4905.0,-0.0003,3,0
26.7168,0.373739,59.990301,-0.004253,0.0000,0.0086,4902.3,-0.0002,3,0
26.7071,0.374393,59.990299,-0.004253,0.0000,0.0088,4900.3,-0.0001,3,0
26.6973,0.374393,59.990297,-0.004253,0.0000,0.0088,4898.7,-0.0001,3,0
26.6874,0.374393,59.990295,-0.004253,0.0000,0.0088,4897.7,-0.0002,3,0
26.6776,0.374393,59.990292,-0.004254,0.0000,0.0088,4896.8,-0.0003,3,0
26.6677,0.374393,59.990290,-0.004254,0.0000,0.0088,4895.7,-0.0005,3,0
26.6584,0.374393,59.990288,-0.004254,0.0000,0.0088,4893.3,-0.0006,3,0
26.6493,0.374393,59.990286,-0.004254,0.0000,0.0088,4889.6,-0.0007,3,0
26.6403,0.374393,59.990283,-0.004255,0.0000,0.0084,4885.7,-0.0008,3,0
26.6304,0.374393,59.990281,-0.004255,0.0000,0.0079,4884.5,-0.0009,3,0
26.6209,0.374393,59.990279,-0.004255,0.0000,0.0079,4883.1,-0.0009,3,0
26.6114,0.375044,59.990277,-0.004255,0.0000,0.0080,4881.4,-0.0009,3,0
26.6014,0.375044,59.990274,-0.004255,0.0000,0.0080,4880.9,-0.0009,3,0
26.5918,0.375044,59.990272,-0.004256,0.0000,0.0080,4880.1,-0.0008,3,0
26.5825,0.375044,59.990270,-0.004256,0.0000,0.0080,4878.3,-0.0007,3,0
26.5735,0.375044,59.990267,-0.004256,0.0000,0.0080,4875.0,-0.0005,3,0
26.5645,0.375044,59.990265,-0.004256,0.0000,0.0080,4871.5,-0.0004,3,0
26.5552,0.375044,59.990263,-0.004257,0.0000,0.0080,4869.3,-0.0002,3,0
26.5458,0.375044,59.990260,-0.004257,0.0000,0.0080,4868.3,-0.0001,3,0
26.5365,0.375044,59.990257,-0.004257,0.0000,0.0080,4866.8,0.0001,3,0
26.5268,0.375044,59.990255,-0.004257,0.0000,0.0075,4866.2,0.0001,3,0
26.5174,0.375695,59.990252,-0.004257,0.0000,0.0070,4865.3,0.0002,3,0
26.5081,0.375695,59.990250,-0.004258,0.0000,0.0075,4864.6,0.0003,3,0
26.4992,0.375695,59.990248,-0.004258,0.0000,0.0080,4861.7,0.0003,3,0
26.4904,0.375695,59.990245,-0.004258,0.0000,0.0075,4857.7,0.0003,3,0
26.4812,0.375695,59.990243,-0.004258,0.0000,0.0070,4855.6,0.0003,3,0
26.4717,0.375695,59.990240,-0.004259,0.0000,0.0070,4854.9,0.0003,3,0
26.4625,0.375695,59.990237,-0.004259,0.0000,0.0070,4853.5,0.0002,3,0
26.4532,0.375695,59.990235,-0.004259,0.0000,0.0070,4852.6,0.0000,3,0
26.4439,0.375695,59.990232,-0.004259,0.0000,0.0071,4852.1,-0.0001,3,0
26.4345,0.375695,59.990230,-0.004259,0.0000,0.0075,4852.6,-0.0003,3,0
26.4257,0.376342,59.990228,-0.004260,0.0000,0.0080,4850.5,-0.0005,3,0
26.4173,0.376342,59.990225,-0.004260,0.0000,0.0080,4846.6,-0.0007,3,0
26.4088,0.376342,59.990223,-0.004260,0.0000,0.0080,4843.8,-0.0008,3,0
26.3997,0.376342,59.990220,-0.004260,0.0000,0.0080,4842.9,-0.0010,3,0
26.3905,0.376342,59.990217,-0.004261,0.0000,0.0080,4842.8,-0.0011,3,0
26.3816,0.376342,59.990215,-0.004261,0.0000,0.0080,4839.0,-0.0012,3,0
26.3710,0.376342,59.990213,-0.004261,0.0000,0.0080,4837.5,-0.0013,3,0
26.3602,0.376342,59.990210,-0.004261,0.0000,0.0080,4838.1,-0.0014,3,0
26.3497,0.376342,59.990208,-0.004261,0.0000,0.0080,4836.7,-0.0014,3,0
26.3395,0.376342,59.990206,-0.004262,0.0000,0.0080,4833.1,-0.0014,3,0
26.3296,0.376987,59.990203,-0.004262,0.0000,0.0080,4829.1,-0.0013,3,0
26.3193,0.376987,59.990201,-0.004262,0.0000,0.0080,4827.2,-0.0012,3,0
26.3089,0.376987,59.990199,-0.004262,0.0000,0.0080,4826.0,-0.0012,3,0
26.2984,0.376987,59.990197,-0.004262,0.0000,0.0080,4824.7,-0.0012,3,0
26.2883,0.376987,59.990194,-0.004263,0.0000,0.0080,4823.0,-0.0012,3,0
26.2778,0.376987,59.990192,-0.004263,0.0000,0.0080,4822.6,-0.0012,3,0
26.2679,0.376987,59.990190,-0.004263,0.0000,0.0080,4820.8,-0.0011,3,0
26.2583,0.376987,59.990188,-0.004263,0.0000,0.0080,4817.3,-0.0011,3,0
26.2488,0.376987,59.990185,-0.004264,0.0000,0.0080,4813.5,-0.0011,3,0
26.2388,0.376987,59.990183,-0.004264,0.0000,0.0080,4811.4,-0.0010,3,0
26.2291,0.377629,59.990181,-0.004264,0.0000,0.0080,4808.9,-0.0010,3,0
26.2192,0.377629,59.990179,-0.004264,0.0000,0.0080,4807.2,-0.0010,3,0
26.2093,0.377629,59.990177,-0.004264,0.0000,0.0080,4805.8,-0.0009,3,0
26.1994,0.377629,59.990174,-0.004265,0.0000,0.0080,4805.0,-0.0009,3,0
26.1898,0.377629,59.990172,-0.004265,0.0000,0.0080,4803.1,-0.0008,3,0
26.1801,0.377629,59.990170,-0.004265,0.0000,0.0080,4801.2,-0.0007,3,0
26.1711,0.377629,59.990168,-0.004265,0.0000,0.0080,4796.6,-0.0006,3,0
26.1620,0.377629,59.990165,-0.004265,0.0000,0.0080,4793.3,-0.0006,3,0
26.1523,0.377629,59.990163,-0.004266,0.0000,0.0080,4791.2,-0.0004,3,0
26.1428,0.377629,59.990161,-0.004266,0.0000,0.0080,4789.6,-0.0004,3,0
26.1333,0.378268,59.990158,-0.004266,0.0000,0.0081,4787.8,-0.0002,3,0
26.1237,0.378268,59.990156,-0.004266,0.0000,0.0080,4787.5,-0.0002,3,0
26.1143,0.378268,59.990154,-0.004267,0.0000,0.0080,4786.6,-0.0000,3,0
26.1052,0.378268,59.990152,-0.004267,0.0000,0.0080,4784.3,0.0001,3,0
26.0960,0.378268,59.990149,-0.004267,0.0000,0.0080,4781.9,0.0002,3,0
26.0872,0.378268,59.990147,-0.004267,0.0000,0.0080,4778.4,0.0003,3,0
26.0780,0.378268,59.990144,-0.004267,0.0000,0.0080,4776.2,0.0005,3,0
26.0687,0.378268,59.990142,-0.004268,0.0000,0.0080,4775.2,0.0006,3,0
26.0592,0.378268,59.990139,-0.004268,0.0000,0.0080,4775.0,0.0007,3,0
26.0502,0.378268,59.990136,-0.004268,0.0000,0.0080,4773.6,0.0009,3,0
26.0407,0.378906,59.990133,-0.004268,0.0000,0.0080,4773.7,0.0010,3,0
26.0316,0.378906,59.990131,-0.004268,0.0000,0.0080,4772.5,0.0013,3,0
26.0225,0.378906,59.990128,-0.004269,0.0000,0.0080,4771.0,0.0015,3,0
26.0139,0.378906,59.990125,-0.004269,0.0000,0.0080,4767.8,0.0018,3,0
26.0052,0.378906,59.990123,-0.004269,0.0000,0.0080,4765.2,0.0021,3,0
25.9962,0.378906,59.990120,-0.004269,0.0000,0.0080,4763.9,0.0024,3,0
25.9869,0.378906,59.990118,-0.004270,0.0000,0.0080,4763.9,0.0027,3,0
25.9780,0.378906,59.990115,-0.004270,0.0000,0.0080,4762.5,0.0028,3,0
25.9691,0.378906,59.990113,-0.004270,0.0000,0.0080,4762.2,0.0029,3,0
25.9600,0.378906,59.990111,-0.004270,0.0000,0.0080,4762.6,0.0032,3,0
25.9509,0.379541,59.990108,-0.004270,0.0000,0.0080,4762.6,0.0032,3,0
25.9425,0.379541,59.990106,-0.004271,0.0000,0.0075,4759.3,0.0032,3,0
25.9345,0.379541,59.990104,-0.004271,0.0000,0.0070,4755.1,0.0032,3,0
25.9258,0.379541,59.990102,-0.004271,0.0000,0.0079,4753.4,0.0032,3,0
25.9169,0.379541,59.990099,-0.004271,0.0000,0.0088,4753.0,0.0031,3,0
25.9083,0.379541,59.990097,-0.004271,0.0000,0.0084,4751.9,0.0030,3,0
25.8997,0.379541,59.990095,-0.004272,0.0000,0.0080,4751.1,0.0029,3,0
25.8912,0.379541,59.990092,-0.004272,0.0000,0.0097,4750.3,0.0029,3,0
25.8827,0.379541,59.990090,-0.004272,0.0000,0.0113,4749.1,0.0029,3,0
25.8746,0.379541,59.990088,-0.004272,0.0000,0.0165,4746.1,0.0029,3,0
25.8667,0.380175,59.990085,-0.004273,0.0000,0.0216,4742.5,0.0029,3,0
25.8588,0.380175,59.990083,-0.004273,0.0000,0.0316,4739.4,0.0028,3,0
25.8506,0.380175,59.990081,-0.004273,0.0000,0.0416,4737.6,0.0026,3,0
25.8422,0.380175,59.990079,-0.004273,0.0000,0.0531,4736.7,0.0023,3,0
25.8341,0.380175,59.990076,-0.004273,0.0000,0.0647,4735.6,0.0020,3,0
25.8258,0.380175,59.990074,-0.004274,0.0000,0.0827,4734.7,0.0018,3,0
25.8174,0.380175,59.990072,-0.004274,0.0000,0.1008,4734.2,0.0014,3,0
25.8094,0.380175,59.990069,-0.004274,0.0000,0.1266,4732.6,0.0009,3,0
25.8018,0.380175,59.990067,-0.004274,0.0000,0.1524,4729.8,0.0001,3,0
25.7939,0.380175,59.990064,-0.004275,0.0000,0.1839,4727.0,-0.0007,3,0
25.7860,0.380807,59.990062,-0.004275,0.0000,0.2154,4724.9,-0.0016,3,0
25.7777,0.380807,59.990060,-0.004275,0.0000,0.2522,4724.4,-0.0025,3,0
25.7697,0.380807,59.990057,-0.004275,0.0000,0.2890,4723.8,-0.0034,3,0
25.7616,0.380807,59.990055,-0.004275,0.0000,0.3279,4722.6,-0.0040,3,0
25.7535,0.380807,59.990052,-0.004276,0.0000,0.3668,4722.5,-0.0047,3,0
25.7451,0.380807,59.990050,-0.004276,0.0000,0.4042,4722.8,-0.0052,3,0
25.7372,0.380807,59.990048,-0.004276,0.0000,0.4416,4721.1,-0.0057,3,0
25.7300,0.380807,59.990046,-0.004276,0.0000,0.4831,4717.0,-0.0062,3,0
25.7221,0.380807,59.990044,-0.004276,0.0000,0.5246,4714.8,-0.0065,3,0
25.7137,0.380807,59.990042,-0.004277,0.0000,0.5755,4715.4,-0.0069,3,0
25.7058,0.381435,59.990040,-0.004277,0.0000,0.6263,4714.5,-0.0072,3,0
25.6980,0.381435,59.990038,-0.004277,0.0000,0.6830,4713.4,-0.0073,3,0
25.6900,0.381435,59.990036,-0.004277,0.0000,0.7397,4712.6,-0.0073,3,0
25.6817,0.381435,59.990034,-0.004278,0.0000,0.7933,4713.6,-0.0073,3,0
25.6737,0.381435,59.990032,-0.004278,0.0000,0.8470,4713.3,-0.0070,3,0
25.6661,0.381435,59.990030,-0.004278,0.0000,0.8939,4710.9,-0.0067,3,0
25.6588,0.381435,59.990027,-0.004278,0.0000,0.9409,4707.3,-0.0063,3,0
25.6512,0.381435,59.990025,-0.004278,0.0000,0.9704,4705.2,-0.0058,3,0
25.6431,0.381435,59.990022,-0.004279,0.0000,1.0000,4705.6,-0.0052,3,0
25.6352,0.381435,59.990020,-0.004279,0.0000,1.0000,4705.0,-0.0045,3,0
25.6276,0.382063,59.990017,-0.004279,0.0000,1.0000,4703.5,-0.0036,3,0
25.6198,0.382063,59.990015,-0.004279,0.0000,1.0000,4703.4,-0.0028,3,0
25.6118,0.382063,59.990012,-0.004279,0.0000,1.0000,4703.6,-0.0019,3,0
25.6043,0.382063,59.990010,-0.004280,0.0000,1.0000,4701.7,-0.0011,3,0
25.5973,0.382063,59.990007,-0.004280,0.0000,1.0000,4697.8,-0.0002,3,0
25.5900,0.382063,59.990005,-0.004280,0.0000,1.0000,4695.0,0.0008,3,0
25.5826,0.382063,59.990003,-0.004280,0.0000,1.0000,4693.3,0.0016,3,0
25.5752,0.382063,59.990001,-0.004280,0.0000,1.0000,4691.9,0.0026,3,0
25.5678,0.382063,59.989998,-0.004281,0.0000,1.0000,4690.8,0.0036,3,0
25.5603,0.382063,59.989996,-0.004281,0.0000,1.0000,4690.0,0.0045,3,0
25.5527,0.382689,59.989994,-0.004281,0.0000,1.0000,4689.4,0.0055,3,0
25.5457,0.382689,59.989992,-0.004281,0.0000,1.0000,4687.6,0.0064,3,0
25.5385,0.382689,59.989990,-0.004282,0.0000,1.0000,4685.2,0.0073,3,0
25.5317,0.382689,59.989987,-0.004282,0.0000,1.0000,4681.9,0.0081,3,0
25.5247,0.382689,59.989985,-0.004282,0.0000,1.0000,4679.6,0.0089,3,0
25.5176,0.382689,59.989983,-0.004282,0.0000,1.0000,4678.3,0.0099,3,0
25.5106,0.382689,59.989981,-0.004282,0.0000,1.0000,4676.9,0.0108,3,0
25.5035,0.382689,59.989978,-0.004283,0.0000,1.0000,4676.0,0.0116,3,0
25.4964,0.382689,59.989976,-0.004283,0.0000,1.0000,4675.2,0.0125,3,0
25.4893,0.382689,59.989974,-0.004283,0.0000,1.0000,4674.9,0.0131,3,0
25.4823,0.383313,59.989972,-0.004283,0.0000,1.0000,4673.2,0.0138,3,0
25.4759,0.383313,59.989969,-0.004283,0.0000,1.0000,4669.6,0.0144,3,0
25.4693,0.383313,59.989967,-0.004284,0.0000,1.0000,4667.3,0.0148,3,0
25.4627,0.383313,59.989965,-0.004284,0.0000,1.0000,4665.5,0.0152,3,0
25.4560,0.383313,59.989962,-0.004284,0.0000,1.0000,4664.5,0.0156,3,0
25.4493,0.383313,59.989960,-0.004284,0.0000,1.0000,4663.4,0.0158,3,0
25.4423,0.383313,59.989958,-0.004284,0.0000,1.0000,4662.9,0.0160,3,0
25.4354,0.383313,59.989955,-0.004285,0.0000,1.0000,4662.7,0.0162,3,0
25.4287,0.383313,59.989953,-0.004285,0.0000,1.0000,4662.0,0.0162,3,0
25.4223,0.383313,59.989951,-0.004285,0.0000,1.0000,4660.0,0.0161,3,0
25.4161,0.383933,59.989948,-0.004285,0.0000,1.0000,4657.1,0.0159,3,0
25.4098,0.383933,59.989946,-0.004286,0.0000,1.0000,4654.9,0.0156,3,0
25.4034,0.383933,59.989944,-0.004286,0.0000,1.0000,4653.3,0.0154,3,0
25.3968,0.383933,59.989942,-0.004286,0.0000,1.0000,4652.9,0.0151,3,0
25.3902,0.383933,59.989939,-0.004286,0.0000,1.0000,4652.4,0.0149,3,0
25.3837,0.383933,59.989937,-0.004287,0.0000,1.0000,4652.1,0.0146,3,0
25.3769,0.383933,59.989935,-0.004287,0.0000,1.0000,4653.2,0.0142,3,0
25.3704,0.383933,59.989932,-0.004287,0.0000,1.0000,4652.3,0.0139,3,0
25.3641,0.383933,59.989930,-0.004287,0.0000,1.0000,4649.9,0.0136,3,0
25.3583,0.383933,59.989928,-0.004288,0.0000,1.0000,4647.0,0.0132,3,0
25.3521,0.384555,59.989925,-0.004288,0.0000,1.0000,4645.6,0.0129,3,0
25.3456,0.384555,59.989923,-0.004288,0.0000,1.0000,4645.8,0.0126,3,0
25.3391,0.384555,59.989921,-0.004288,0.0000,1.0000,4645.9,0.0124,3,0
25.3329,0.384555,59.989919,-0.004289,0.0000,1.0000,4644.1,0.0122,3,0
25.3265,0.384555,59.989916,-0.004289,0.0000,1.0000,4643.9,0.0120,3,0
25.3198,0.384555,59.989914,-0.004289,0.0000,1.0000,4645.4,0.0118,3,0
25.3133,0.384555,59.989912,-0.004289,0.0000,1.0000,4646.0,0.0116,3,0
25.3074,0.384555,59.989909,-0.004290,0.0000,1.0000,4643.7,0.0114,3,0
25.3018,0.384555,59.989907,-0.004290,0.0000,1.0000,4640.0,0.0112,3,0
25.2960,0.384555,59.989904,-0.004290,0.0000,1.0000,4638.6,0.0111,3,0
25.2894,0.385174,59.989902,-0.004290,0.0000,1.0000,4639.6,0.0109,3,0
25.2833,0.385174,59.989900,-0.004291,0.0000,1.0000,4639.0,0.0108,3,0
25.2772,0.385174,59.989897,-0.004291,0.0000,1.0000,4638.4,0.0106,3,0
25.2707,0.385174,59.989895,-0.004291,0.0000,1.0000,4638.9,0.0105,3,0
25.2644,0.385174,59.989892,-0.004291,0.0000,1.0000,4639.7,0.0104,3,0
25.2585,0.385174,59.989890,-0.004292,0.0000,1.0000,4637.7,0.0102,3,0
25.2532,0.385174,59.989888,-0.004292,0.0000,1.0000,4633.8,0.0100,3,0
25.2476,0.385174,59.989886,-0.004292,0.0000,1.0000,4631.6,0.0099,3,0
25.2419,0.385174,59.989884,-0.004292,0.0000,1.0000,4630.4,0.0098,3,0
25.2362,0.385174,59.989882,-0.004293,0.0000,1.0000,4628.7,0.0098,3,0
25.2302,0.385792,59.989880,-0.004293,0.0000,1.0000,4628.2,0.0097,3,0
25.2243,0.385792,59.989878,-0.004293,0.0000,1.0000,4627.5,0.0095,3,0
25.2185,0.385792,59.989876,-0.004294,0.0000,1.0000,4626.9,0.0094,3,0
25.2126,0.385792,59.989874,-0.004294,0.0000,1.0000,4626.7,0.0091,3,0
25.2073,0.385792,59.989872,-0.004294,0.0000,1.0000,4623.8,0.0088,3,0
25.2023,0.385792,59.989870,-0.004294,0.0000,1.0000,4621.0,0.0086,3,0
25.1969,0.385792,59.989868,-0.004295,0.0000,1.0000,4619.1,0.0084,3,0
25.1914,0.385792,59.989865,-0.004295,0.0000,1.0000,4617.9,0.0083,3,0
25.1858,0.385792,59.989863,-0.004295,0.0000,1.0000,4617.2,0.0084,3,0
25.1801,0.385792,59.989860,-0.004295,0.0000,1.0000,4617.3,0.0087,3,0
25.1745,0.386409,59.989858,-0.004296,0.0000,1.0000,4616.9,0.0093,3,0
25.1686,0.386409,59.989855,-0.004296,0.0000,1.0000,4617.5,0.0100,3,0
25.1632,0.386409,59.989853,-0.004296,0.0000,1.0000,4616.3,0.0104,3,0
25.1582,0.386409,59.989850,-0.004297,0.0000,1.0000,4614.0,0.0108,3,0
25.1534,0.386409,59.989848,-0.004297,0.0000,1.0000,4610.8,0.0111,3,0
25.1482,0.386409,59.989845,-0.004297,0.0000,1.0000,4609.4,0.0113,3,0
25.1426,0.386409,59.989843,-0.004297,0.0000,1.0000,4609.6,0.0113,3,0
25.1372,0.386409,59.989840,-0.004298,0.0000,1.0000,4609.2,0.0111,3,0
25.1320,0.386409,59.989838,-0.004298,0.0000,1.0000,4608.0,0.0108,3,0
25.1265,0.386409,59.989836,-0.004298,0.0000,1.0000,4607.8,0.0104,3,0
25.1210,0.387023,59.989833,-0.004299,0.0000,1.0000,4608.4,0.0099,3,0
25.1159,0.387023,59.989831,-0.004299,0.0000,1.0000,4607.3,0.0094,3,0
25.1113,0.387023,59.989829,-0.004299,0.0000,1.0000,4605.2,0.0090,3,0
25.1067,0.387023,59.989827,-0.004299,0.0000,1.0000,4602.2,0.0086,3,0
25.1017,0.387023,59.989824,-0.004300,0.0000,1.0000,4601.1,0.0084,3,0
25.0966,0.387023,59.989822,-0.004300,0.0000,1.0000,4600.7,0.0081,3,0
25.0916,0.387023,59.989820,-0.004300,0.0000,1.0000,4600.1,0.0079,3,0
25.0866,0.387023,59.989818,-0.004301,0.0000,1.0000,4599.6,0.0079,3,0
25.0815,0.387023,59.989815,-0.004301,0.0000,1.0000,4599.6,0.0078,3,0
25.0765,0.387023,59.989813,-0.004301,0.0000,1.0000,4599.3,0.0077,3,0
25.0719,0.387638,59.989811,-0.004301,0.0000,1.0000,4598.1,0.0077,3,0
25.0678,0.387638,59.989809,-0.004302,0.0000,1.0000,4594.9,0.0077,3,0
25.0633,0.387638,59.989807,-0.004302,0.0000,1.0000,4592.8,0.0077,3,0
25.0586,0.387638,59.989804,-0.004302,0.0000,1.0000,4592.2,0.0077,3,0
25.0539,0.387638,59.989802,-0.004303,0.0000,1.0000,4591.3,0.0076,3,0
25.0492,0.387638,59.989800,-0.004303,0.0000,1.0000,4669.8,0.0076,3,0
25.0872,0.387638,59.989798,-0.004303,0.0000,1.0000,4744.0,0.0074,3,0
25.1390,0.387638,59.989796,-0.004304,0.0000,1.0000,4763.2,0.0073,3,0
25.1917,0.387638,59.989794,-0.004304,0.0000,1.0000,4773.9,0.0073,3,0
25.2445,0.387638,59.989792,-0.004304,0.0000,1.0000,4783.4,0.0073,3,0
25.2970,0.388256,59.989790,-0.004305,0.0000,1.0000,4792.8,0.0075,3,0
25.3489,0.388256,59.989788,-0.004305,0.0000,1.0000,4802.6,0.0076,3,0
25.4011,0.388256,59.989786,-0.004305,0.0000,1.0000,4811.3,0.0078,3,0
25.4526,0.388256,59.989784,-0.004305,0.0000,1.0000,4822.0,0.0080,3,0
25.5036,0.388256,59.989782,-0.004306,0.0000,1.0000,4835.2,0.0082,3,0
25.5546,0.388256,59.989780,-0.004306,0.0000,1.0000,4847.3,0.0083,3,0
25.6059,0.388256,59.989777,-0.004306,0.0000,1.0000,4858.9,0.0085,3,0
25.6573,0.388256,59.989775,-0.004307,0.0000,1.0000,4869.9,0.0086,3,0
25.7083,0.388256,59.989772,-0.004307,0.0000,1.0000,4882.9,0.0088,3,0
25.7609,0.388256,59.989770,-0.004307,0.0000,1.0000,4889.7,0.0089,3,0
25.8130,0.388886,59.989767,-0.004308,0.0000,1.0000,4898.8,0.0089,3,0
25.8647,0.388886,59.989764,-0.004308,0.0000,1.0000,4909.7,0.0088,3,0
25.9165,0.388886,59.989762,-0.004308,0.0000,1.0000,4921.3,0.0087,3,0
25.9688,0.388886,59.989759,-0.004309,0.0000,1.0000,4930.7,0.0085,3,0
26.0204,0.388886,59.989757,-0.004309,0.0000,1.0000,4942.9,0.0082,3,0
26.0726,0.388886,59.989754,-0.004309,0.0000,1.0000,4954.0,0.0079,3,0
26.1251,0.388886,59.989752,-0.004310,0.0000,1.0000,4964.1,0.0076,3,0
26.1775,0.388886,59.989749,-0.004310,0.0000,1.0000,4973.2,0.0073,3,0
26.2307,0.388886,59.989747,-0.004310,0.0000,1.0000,4981.1,0.0070,3,0
26.2833,0.388886,59.989744,-0.004311,0.0000,1.0000,4991.2,0.0067,3,0
26.3359,0.389529,59.989742,-0.004311,0.0000,1.0000,5000.8,0.0064,3,0
26.3883,0.389529,59.989740,-0.004311,0.0000,1.0000,5012.0,0.0061,3,0
26.4410,0.389529,59.989737,-0.004312,0.0000,1.0000,5021.5,0.0058,3,0
26.4933,0.389529,59.989735,-0.004312,0.0000,1.0000,5032.6,0.0054,3,0
26.5462,0.389529,59.989732,-0.004312,0.0000,1.0000,5041.7,0.0051,3,0
26.5992,0.389529,59.989730,-0.004313,0.0000,1.0000,5050.2,0.0048,3,0
26.6522,0.389529,59.989728,-0.004313,0.0000,1.0000,5058.6,0.0046,3,0
26.7046,0.389529,59.989726,-0.004313,0.0000,1.0000,5069.7,0.0044,3,0
26.7574,0.389529,59.989723,-0.004314,0.0000,1.0000,5079.4,0.0043,3,0
26.8101,0.389529,59.989721,-0.004314,0.0000,1.0000,5088.8,0.0041,3,0
26.8628,0.390186,59.989719,-0.004314,0.0000,1.0000,5098.2,0.0040,3,0
26.9153,0.390186,59.989717,-0.004315,0.0000,1.0000,5109.2,0.0038,3,0
26.9678,0.390186,59.989715,-0.004315,0.0000,1.0000,5119.6,0.0037,3,0
27.0207,0.390186,59.989712,-0.004315,0.0000,1.0000,5128.1,0.0036,3,0
27.0738,0.390186,59.989710,-0.004316,0.0000,1.0000,5137.0,0.0035,3,0
27.1264,0.390186,59.989708,-0.004316,0.0000,1.0000,5146.8,0.0035,3,0
27.1794,0.390186,59.989706,-0.004316,0.0000,1.0000,5155.7,0.0034,3,0
27.2317,0.390186,59.989703,-0.004317,0.0000,1.0000,5166.7,0.0032,3,0
27.2845,0.390186,59.989701,-0.004317,0.0000,1.0000,5177.0,0.0031,3,0
27.3370,0.390186,59.989699,-0.004317,0.0000,1.0000,5187.3,0.0030,3,0
27.3898,0.390856,59.989697,-0.004318,0.0000,1.0000,5197.1,0.0029,3,0
27.4427,0.390856,59.989694,-0.004318,0.0000,1.0000,5206.0,0.0029,3,0
27.4956,0.390856,59.989692,-0.004319,0.0000,1.0000,5214.9,0.0028,3,0
27.5486,0.390856,59.989690,-0.004319,0.0000,1.0000,5224.3,0.0027,3,0
27.6011,0.390856,59.989687,-0.004319,0.0000,1.0000,5235.7,0.0026,3,0
27.6540,0.390856,59.989685,-0.004320,0.0000,0.9816,5244.9,0.0025,3,0
27.7066,0.390856,59.989683,-0.004320,0.0000,0.9632,5255.7,0.0024,3,0
27.7594,0.390856,59.989680,-0.004320,0.0000,0.9295,5265.9,0.0022,3,0
27.8119,0.390856,59.989677,-0.004321,0.0000,0.8959,5276.7,0.0021,3,0
27.8651,0.390856,59.989675,-0.004321,0.0000,0.8445,5285.5,0.0020,3,0
27.9181,0.391539,59.989672,-0.004321,0.0000,0.7931,5294.4,0.0019,3,0
27.9700,0.391539,59.989670,-0.004322,0.0000,0.7229,5301.8,0.0017,3,0
28.0191,0.391539,59.989668,-0.004322,0.0000,0.6528,5303.1,0.0016,3,0
28.0645,0.391539,59.989665,-0.004323,0.0000,0.5778,5300.2,0.0013,3,0
28.1048,0.391539,59.989663,-0.004323,0.0000,0.5029,5298.7,0.0011,3,0
28.1397,0.391539,59.989660,-0.004323,0.0000,0.4309,5298.4,0.0009,3,0
28.1712,0.391539,59.989657,-0.004324,0.0000,0.3590,5293.2,0.0007,3,0
28.1991,0.391539,59.989654,-0.004324,0.0000,0.3055,5286.2,0.0005,3,0
28.2242,0.391539,59.989651,-0.004324,0.0000,0.2520,5277.3,0.0003,3,0
28.2500,0.391539,59.989648,-0.004325,0.0000,0.2215,5253.0,0.0001,3,0
28.2739,0.392230,59.989645,-0.004325,0.0000,0.1910,5229.0,-0.0001,3,0
28.2901,0.392230,59.989642,-0.004326,0.0000,0.1787,5233.4,-0.0004,3,0
28.3061,0.392230,59.989639,-0.004326,0.0000,0.1664,5236.7,-0.0005,3,0
28.3226,0.392230,59.989636,-0.004326,0.0000,0.1592,5234.8,-0.0006,3,0
28.3388,0.392230,59.989633,-0.004327,0.0000,0.1520,5232.0,-0.0008,3,0
28.3539,0.392230,59.989630,-0.004327,0.0000,0.1416,5232.3,-0.0009,3,0
28.3679,0.392230,59.989628,-0.004327,0.0000,0.1312,5234.2,-0.0010,3,0
28.3806,0.392230,59.989626,-0.004328,0.0000,0.1183,5235.5,-0.0011,3,0
28.3918,0.392230,59.989624,-0.004328,0.0000,0.1054,5238.9,-0.0013,3,0
28.4020,0.392230,59.989622,-0.004329,0.0000,0.0916,5241.4,-0.0015,3,0
28.4116,0.392927,59.989620,-0.004329,0.0000,0.0778,5240.4,-0.0016,3,0
28.4206,0.392927,59.989618,-0.004329,0.0000,0.0642,5236.3,-0.0018,3,0
28.4280,0.392927,59.989616,-0.004330,0.0000,0.0505,5230.0,-0.0019,3,0
28.4315,0.392927,59.989614,-0.004330,0.0000,0.0339,5228.7,-0.0020,3,0
28.4322,0.392927,59.989612,-0.004330,0.0000,0.0173,5225.3,-0.0020,3,0
28.4295,0.392927,59.989610,-0.004331,0.0000,0.0087,5221.7,-0.0021,3,0
28.4243,0.392927,59.989607,-0.004331,0.0000,0.0000,5224.7,-0.0022,3,0
28.4198,0.392927,59.989604,-0.004332,0.0000,0.0000,5226.3,-0.0022,3,0
28.4161,0.392927,59.989602,-0.004332,0.0000,0.0000,5223.8,-0.0021,3,0
28.4127,0.392927,59.989599,-0.004332,0.0000,0.0000,5219.7,-0.0020,3,0
28.4088,0.393624,59.989596,-0.004333,0.0000,0.0000,5218.2,-0.0018,3,0
28.4043,0.393624,59.989593,-0.004333,0.0000,0.0000,5218.5,-0.0017,3,0
28.4003,0.393624,59.989590,-0.004333,0.0000,0.0000,5217.6,-0.0016,3,0
28.3961,0.393624,59.989588,-0.004334,0.0000,0.0000,5217.7,-0.0015,3,0
28.3916,0.393624,59.989585,-0.004334,0.0000,0.0000,5218.5,-0.0015,3,0
28.3881,0.393624,59.989582,-0.004335,0.0000,0.0000,5215.9,-0.0014,3,0
28.3849,0.393624,59.989579,-0.004335,0.0000,0.0000,5211.6,-0.0014,3,0
28.3815,0.393624,59.989577,-0.004335,0.0000,0.0000,5208.2,-0.0014,3,0
28.3777,0.393624,59.989574,-0.004336,0.0000,0.0000,5206.5,-0.0014,3,0
28.3735,0.393624,59.989571,-0.004336,0.0000,0.0000,5206.2,-0.0014,3,0
28.3695,0.394320,59.989568,-0.004336,0.0000,0.0000,5205.8,-0.0014,3,0
28.3653,0.394320,59.989566,-0.004337,0.0000,0.0000,5206.2,-0.0014,3,0
28.3611,0.394320,59.989563,-0.004337,0.0000,0.0000,5206.7,-0.0014,3,0
28.3573,0.394320,59.989560,-0.004337,0.0000,0.0000,5205.7,-0.0015,3,0
28.3536,0.394320,59.989558,-0.004338,0.0000,0.0000,5203.0,-0.0015,3,0
28.3500,0.394320,59.989555,-0.004338,0.0000,0.0000,5201.2,-0.0015,3,0
28.3459,0.394320,59.989553,-0.004339,0.0000,0.0000,5200.9,-0.0015,3,0
28.3417,0.394320,59.989550,-0.004339,0.0000,0.0000,5201.5,-0.0015,3,0
28.3375,0.394320,59.989548,-0.004339,0.0000,0.0000,5200.8,-0.0015,3,0
28.3336,0.394320,59.989546,-0.004340,0.0000,0.0000,5200.7,-0.0015,3,0
28.3290,0.395015,59.989543,-0.004340,0.0000,0.0000,5202.7,-0.0015,3,0
28.3253,0.395015,59.989541,-0.004340,0.0000,0.0000,5201.9,-0.0015,3,0
28.3218,0.395015,59.989539,-0.004341,0.0000,0.0000,5198.0,-0.0015,3,0
28.3183,0.395015,59.989537,-0.004341,0.0000,0.0000,5196.2,-0.0015,3,0
28.3141,0.395015,59.989534,-0.004342,0.0000,0.0000,5196.4,-0.0015,3,0
28.3099,0.395015,59.989532,-0.004342,0.0000,0.0000,5196.7,-0.0015,3,0
28.3058,0.395015,59.989529,-0.004342,0.0000,0.0000,5196.8,-0.0016,3,0
28.3016,0.395015,59.989527,-0.004343,0.0000,0.0000,5198.0,-0.0016,3,0
28.2977,0.395015,59.989524,-0.004343,0.0000,0.0000,5198.2,-0.0016,3,0
28.2942,0.395015,59.989522,-0.004343,0.0000,0.0000,5196.0,-0.0016,3,0
28.2911,0.395708,59.989519,-0.004344,0.0000,0.0000,5192.3,-0.0016,3,0
28.2872,0.395708,59.989516,-0.004344,0.0000,0.0000,5191.3,-0.0016,3,0
28.2835,0.395708,59.989514,-0.004344,0.0000,0.0000,5190.5,-0.0016,3,0
28.2796,0.395708,59.989511,-0.004345,0.0000,0.0000,5190.3,-0.0016,3,0
28.2755,0.395708,59.989509,-0.004345,0.0000,0.0000,5191.3,-0.0016,3,0
28.2718,0.395708,59.989506,-0.004346,0.0000,0.0000,5191.7,-0.0015,3,0
28.2680,0.395708,59.989503,-0.004346,0.0000,0.0000,5190.8,-0.0014,3,0
28.2646,0.395708,59.989501,-0.004346,0.0000,0.0000,5188.2,-0.0014,3,0
28.2615,0.395708,59.989498,-0.004347,0.0000,0.0000,5185.6,-0.0013,3,0
28.2578,0.395708,59.989496,-0.004347,0.0000,0.0000,5184.4,-0.0012,3,0
28.2536,0.396401,59.989493,-0.004347,0.0000,0.0000,5184.9,-0.0011,3,0
28.2500,0.396401,59.989490,-0.004348,0.0000,0.0000,5184.5,-0.0010,3,0
28.2459,0.396401,59.989488,-0.004348,0.0000,0.0000,5185.4,-0.0010,3,0
28.2419,0.396401,59.989485,-0.004348,0.0000,0.0000,5186.2,-0.0009,3,0
28.2381,0.396401,59.989483,-0.004349,0.0000,0.0000,5185.5,-0.0008,3,0
28.2347,0.396401,59.989480,-0.004349,0.0000,0.0000,5183.2,-0.0007,3,0
28.2314,0.396401,59.989478,-0.004350,0.0000,0.0000,5180.6,-0.0006,3,0
28.2274,0.396401,59.989475,-0.004350,0.0000,0.0000,5180.3,-0.0006,3,0
28.2231,0.396401,59.989473,-0.004350,0.0000,0.0000,5181.2,-0.0006,3,0
28.2195,0.396401,59.989470,-0.004351,0.0000,0.0000,5180.8,-0.0006,3,0
28.2154,0.397092,59.989468,-0.004351,0.0000,0.0000,5181.2,-0.0006,3,0
28.2108,0.397092,59.989466,-0.004351,0.0000,0.0000,5184.1,-0.0005,3,0
28.2072,0.397092,59.989463,-0.004352,0.0000,0.0000,5182.5,-0.0005,3,0
28.2037,0.397092,59.989461,-0.004352,0.0000,0.0000,5180.1,-0.0005,3,0
28.2005,0.397092,59.989458,-0.004352,0.0000,0.0000,5176.8,-0.0005,3,0
28.1960,0.397092,59.989456,-0.004353,0.0000,0.0000,5178.1,-0.0004,3,0
28.1917,0.397092,59.989453,-0.004353,0.0000,0.0000,5179.0,-0.0004,3,0
28.1878,0.397092,59.989451,-0.004354,0.0000,0.0000,5178.7,-0.0004,3,0
28.1835,0.397092,59.989448,-0.004354,0.0000,0.0000,5179.9,-0.0004,3,0
28.1786,0.397092,59.989446,-0.004354,0.0000,0.0000,5183.0,-0.0004,3,0
28.1754,0.397783,59.989443,-0.004355,0.0000,0.0000,5180.4,-0.0004,3,0
28.1719,0.397783,59.989440,-0.004355,0.0000,0.0000,5176.6,-0.0004,3,0
28.1680,0.397783,59.989438,-0.004355,0.0000,0.0000,5175.0,-0.0005,3,0
28.1639,0.397783,59.989435,-0.004356,0.0000,0.0000,5175.1,-0.0006,3,0
28.1596,0.397783,59.989433,-0.004356,0.0000,0.0000,5175.9,-0.0007,3,0
28.1555,0.397783,59.989430,-0.004356,0.0000,0.0000,5175.8,-0.0008,3,0
28.1512,0.397783,59.989428,-0.004357,0.0000,0.0000,5176.8,-0.0009,3,0
28.1468,0.397783,59.989425,-0.004357,0.0000,0.0000,5177.5,-0.0009,3,0
28.1435,0.397783,59.989423,-0.004357,0.0000,0.0000,5174.0,-0.0009,3,0
28.1397,0.397783,59.989421,-0.004358,0.0000,0.0000,5170.4,-0.0009,3,0
28.1358,0.398474,59.989418,-0.004358,0.0000,0.0000,5169.1,-0.0008,3,0
28.1315,0.398474,59.989416,-0.004359,0.0000,0.0000,5169.0,-0.0007,3,0
28.1273,0.398474,59.989414,-0.004359,0.0000,0.0000,5168.7,-0.0007,3,0
28.1228,0.398474,59.989412,-0.004359,0.0000,0.0000,5169.2,-0.0006,3,0
28.1183,0.398474,59.989409,-0.004360,0.0000,0.0000,5170.6,-0.0005,3,0
28.1141,0.398474,59.989407,-0.004360,0.0000,0.0000,5169.5,-0.0005,3,0
28.1104,0.398474,59.989404,-0.004360,0.0000,0.0000,5166.9,-0.0004,3,0
28.1066,0.398474,59.989402,-0.004361,0.0000,0.0000,5163.2,-0.0004,3,0
28.1020,0.398474,59.989399,-0.004361,0.0000,0.0000,5163.2,-0.0004,3,0
28.0976,0.398474,59.989396,-0.004361,0.0000,0.0000,5163.1,-0.0004,3,0
28.0933,0.399163,59.989393,-0.004362,0.0000,0.0000,5162.6,-0.0004,3,0
28.0885,0.399163,59.989391,-0.004362,0.0000,0.0000,5163.8,-0.0004,3,0
28.0838,0.399163,59.989388,-0.004363,0.0000,0.0000,5165.1,-0.0004,3,0
28.0792,0.399163,59.989385,-0.004363,0.0000,0.0000,5164.4,-0.0004,3,0
28.0752,0.399163,59.989383,-0.004363,0.0000,0.0000,5161.2,-0.0004,3,0
28.0717,0.399163,59.989380,-0.004364,0.0000,0.0000,5157.0,-0.0004,3,0
28.0666,0.399163,59.989377,-0.004364,0.0000,0.0000,5157.9,-0.0005,3,0
28.0620,0.399163,59.989375,-0.004364,0.0000,0.0000,5158.7,-0.0005,3,0
28.0574,0.399163,59.989372,-0.004365,0.0000,0.0000,5158.1,-0.0006,3,0
28.0526,0.399163,59.989369,-0.004365,0.0000,0.0000,5158.5,-0.0007,3,0
28.0475,0.399850,59.989367,-0.004365,0.0000,0.0000,5160.5,-0.0007,3,0
28.0430,0.399850,59.989364,-0.004366,0.0000,0.0000,5158.7,-0.0008,3,0
28.0389,0.399850,59.989361,-0.004366,0.0000,0.0000,5155.3,-0.0009,3,0
28.0348,0.399850,59.989358,-0.004366,0.0000,0.0000,5152.3,-0.0009,3,0
28.0300,0.399850,59.989356,-0.004367,0.0000,0.0000,5152.2,-0.0011,3,0
28.0250,0.399850,59.989353,-0.004367,0.0000,0.0000,5152.6,-0.0011,3,0
28.0206,0.399850,59.989351,-0.004368,0.0000,0.0000,5151.1,-0.0012,3,0
28.0152,0.399850,59.989348,-0.004368,0.0000,0.0000,5153.2,-0.0013,3,0
28.0103,0.399850,59.989346,-0.004368,0.0000,0.0000,5153.4,-0.0015,3,0
28.0061,0.399850,59.989344,-0.004369,0.0000,0.0000,5150.6,-0.0016,3,0
28.0017,0.400537,59.989342,-0.004369,0.0000,0.0000,5147.0,-0.0017,3,0
27.9973,0.400537,59.989339,-0.004369,0.0000,0.0000,5144.6,-0.0019,3,0
27.9926,0.400537,59.989337,-0.004370,0.0000,0.0000,5143.8,-0.0020,3,0
27.9874,0.400537,59.989335,-0.004370,0.0000,0.0000,5144.0,-0.0022,3,0
27.9825,0.400537,59.989332,-0.004370,0.0000,0.0000,5144.2,-0.0022,3,0
27.9772,0.400537,59.989330,-0.004371,0.0000,0.0000,5145.2,-0.0023,3,0
27.9721,0.400537,59.989327,-0.004371,0.0000,0.0000,5145.6,-0.0024,3,0
27.9677,0.400537,59.989325,-0.004371,0.0000,0.0000,5142.1,-0.0024,3,0
27.9633,0.400537,59.989322,-0.004372,0.0000,0.0000,5137.9,-0.0025,3,0
27.9584,0.400537,59.989320,-0.004372,0.0000,0.0000,5137.6,-0.0026,3,0
27.9536,0.401224,59.989317,-0.004373,0.0000,0.0000,5136.7,-0.0026,3,0
27.9482,0.401224,59.989314,-0.004373,0.0000,0.0000,5136.4,-0.0027,3,0
27.9428,0.401224,59.989312,-0.004373,0.0000,0.0000,5137.2,-0.0027,3,0
27.9376,0.401224,59.989309,-0.004374,0.0000,0.0000,5137.2,-0.0027,3,0
27.9320,0.401224,59.989307,-0.004374,0.0000,0.0000,5138.2,-0.0027,3,0
27.9273,0.401224,59.989304,-0.004374,0.0000,0.0000,5135.2,-0.0027,3,0
27.9226,0.401224,59.989302,-0.004375,0.0000,0.0000,5131.6,-0.0027,3,0
27.9175,0.401224,59.989299,-0.004375,0.0000,0.0000,5130.4,-0.0027,3,0
27.9123,0.401224,59.989297,-0.004375,0.0000,0.0000,5130.3,-0.0027,3,0
27.9068,0.401224,59.989294,-0.004376,0.0000,0.0000,5129.8,-0.0025,3,0
27.9013,0.401908,59.989292,-0.004376,0.0000,0.0000,5130.3,-0.0024,3,0
27.8956,0.401908,59.989290,-0.004376,0.0000,0.0000,5131.9,-0.0022,3,0
27.8899,0.401908,59.989287,-0.004377,0.0000,0.0000,5131.3,-0.0020,3,0
27.8848,0.401908,59.989285,-0.004377,0.0000,0.0000,5128.8,-0.0019,3,0
27.8804,0.401908,59.989282,-0.004378,0.0000,0.0000,5124.2,-0.0018,3,0
27.8748,0.401908,59.989280,-0.004378,0.0000,0.0000,5123.8,-0.0017,3,0
27.8694,0.401908,59.989277,-0.004378,0.0000,0.0000,5123.8,-0.0015,3,0
27.8639,0.401908,59.989275,-0.004379,0.0000,0.0000,5123.2,-0.0015,3,0
27.8581,0.401908,59.989272,-0.004379,0.0000,0.0000,5123.9,-0.0014,3,0
27.8523,0.401908,59.989270,-0.004379,0.0000,0.0000,5124.7,-0.0013,3,0
27.8467,0.402593,59.989267,-0.004380,0.0000,0.0000,5123.7,-0.0013,3,0
27.8415,0.402593,59.989264,-0.004380,0.0000,0.0000,5120.9,-0.0013,3,0
27.8369,0.402593,59.989262,-0.004380,0.0000,0.0000,5117.3,-0.0013,3,0
27.8313,0.402593,59.989259,-0.004381,0.0000,0.0000,5115.7,-0.0013,3,0
27.8256,0.402593,59.989257,-0.004381,0.0000,0.0000,5115.7,-0.0012,3,0
27.8201,0.402593,59.989254,-0.004381,0.0000,0.0000,5114.4,-0.0011,3,0
27.8140,0.402593,59.989252,-0.004382,0.0000,0.0000,5114.9,-0.0011,3,0
27.8081,0.402593,59.989249,-0.004382,0.0000,0.0000,5116.3,-0.0010,3,0
27.8026,0.402593,59.989247,-0.004382,0.0000,0.0000,5113.5,-0.0010,3,0
27.7975,0.402593,59.989244,-0.004383,0.0000,0.0000,5109.8,-0.0010,3,0
27.7926,0.403274,59.989242,-0.004383,0.0000,0.0000,5106.7,-0.0009,3,0
27.7868,0.403274,59.989240,-0.004383,0.0000,0.0000,5105.4,-0.0009,3,0
27.7810,0.403274,59.989237,-0.004384,0.0000,0.0000,5105.5,-0.0008,3,0
27.7754,0.403274,59.989235,-0.004384,0.0000,0.0000,5104.9,-0.0008,3,0
27.7692,0.403274,59.989232,-0.004384,0.0000,0.0000,5105.4,-0.0008,3,0
27.7628,0.403274,59.989230,-0.004385,0.0000,0.0000,5107.2,-0.0008,3,0
27.7576,0.403274,59.989227,-0.004385,0.0000,0.0000,5104.0,-0.0009,3,0
27.7522,0.403274,59.989225,-0.004385,0.0000,0.0000,5100.6,-0.0010,3,0
27.7469,0.403274,59.989222,-0.004386,0.0000,0.0000,5098.5,-0.0011,3,0
27.7413,0.403274,59.989220,-0.004386,0.0000,0.0000,5096.8,-0.0011,3,0
27.7350,0.403956,59.989217,-0.004387,0.0000,0.0000,5097.2,-0.0011,3,0
27.7294,0.403956,59.989214,-0.004387,0.0000,0.0000,5095.7,-0.0010,3,0
27.7230,0.403956,59.989212,-0.004387,0.0000,0.0000,5096.0,-0.0010,3,0
27.7163,0.403956,59.989209,-0.004388,0.0000,0.0000,5098.3,-0.0009,3,0
27.7109,0.403956,59.989207,-0.004388,0.0000,0.0000,5095.8,-0.0008,3,0
27.7057,0.403956,59.989204,-0.004388,0.0000,0.0000,5091.5,-0.0007,3,0
27.6999,0.403956,59.989202,-0.004389,0.0000,0.0000,5089.3,-0.0006,3,0
27.6942,0.403956,59.989199,-0.004389,0.0000,0.0000,5087.9,-0.0005,3,0
27.6878,0.403956,59.989197,-0.004389,0.0000,0.0000,5088.2,-0.0004,3,0
27.6816,0.403956,59.989194,-0.004390,0.0000,0.0000,5087.8,-0.0003,3,0
27.6753,0.404635,59.989192,-0.004390,0.0000,0.0000,5088.0,-0.0003,3,0
27.6686,0.404635,59.989190,-0.004390,0.0000,0.0000,5089.3,-0.0005,3,0
27.6630,0.404635,59.989187,-0.004391,0.0000,0.0000,5087.0,-0.0006,3,0
27.6576,0.404635,59.989185,-0.004391,0.0000,0.0000,5082.8,-0.0008,3,0
27.6518,0.404635,59.989182,-0.004391,0.0000,0.0000,5080.1,-0.0009,3,0
27.6454,0.404635,59.989180,-0.004392,0.0000,0.0000,5080.4,-0.0010,3,0
27.6395,0.404635,59.989177,-0.004392,0.0000,0.0000,5079.4,-0.0012,3,0
27.6329,0.404635,59.989175,-0.004392,0.0000,0.0000,5079.1,-0.0013,3,0
27.6264,0.404635,59.989172,-0.004393,0.0000,0.0000,5079.7,-0.0014,3,0
27.6199,0.404635,59.989170,-0.004393,0.0000,0.0000,5079.8,-0.0015,3,0
27.6139,0.405311,59.989167,-0.004393,0.0000,0.0000,5078.2,-0.0015,3,0
27.6085,0.405311,59.989165,-0.004394,0.0000,0.0000,5074.1,-0.0013,3,0
27.6027,0.405311,59.989162,-0.004394,0.0000,0.0000,5071.1,-0.0011,3,0
27.5960,0.405311,59.989160,-0.004394,0.0000,0.0096,5071.9,-0.0010,3,0
27.5904,0.405311,59.989157,-0.004395,0.0000,0.0191,5077.8,-0.0010,3,0
27.5895,0.405311,59.989155,-0.004395,0.0000,0.0562,5088.3,-0.0010,3,0
27.5951,0.405311,59.989153,-0.004395,0.0000,0.0932,5099.2,-0.0010,3,0
27.6049,0.405311,59.989150,-0.004396,0.0000,0.1371,5108.8,-0.0010,3,0
27.6183,0.405311,59.989148,-0.004396,0.0000,0.1810,5117.5,-0.0010,3,0
27.6360,0.405311,59.989146,-0.004396,0.0000,0.2278,5122.6,-0.0009,3,0
27.6568,0.405988,59.989143,-0.004397,0.0000,0.2745,5129.1,-0.0009,3,0
27.6798,0.405988,59.989141,-0.004397,0.0000,0.3281,5139.8,-0.0008,3,0
27.7052,0.405988,59.989139,-0.004397,0.0000,0.3817,5154.1,-0.0008,3,0
27.7335,0.405988,59.989137,-0.004398,0.0000,0.4400,5171.2,-0.0008,3,0
27.7606,0.405988,59.989134,-0.004398,0.0000,0.4983,5209.3,-0.0008,3,0
27.7895,0.405988,59.989132,-0.004398,0.0000,0.5630,5256.8,-0.0009,3,0
27.8291,0.405988,59.989129,-0.004399,0.0000,0.6276,5272.6,-0.0009,3,0
27.8725,0.405988,59.989127,-0.004399,0.0000,0.6894,5288.9,-0.0010,3,0
27.9203,0.405988,59.989124,-0.004399,0.0000,0.7511,5301.5,-0.0011,3,0
27.9699,0.405988,59.989121,-0.004400,0.0000,0.7976,5313.8,-0.0013,3,0
28.0201,0.406674,59.989119,-0.004400,0.0000,0.8440,5325.8,-0.0016,3,0
28.0709,0.406674,59.989116,-0.004400,0.0000,0.8818,5333.5,-0.0020,3,0
28.1211,0.406674,59.989113,-0.004401,0.0000,0.9197,5343.3,-0.0024,3,0
28.1706,0.406674,59.989110,-0.004401,0.0000,0.9441,5356.8,-0.0029,3,0
28.2207,0.406674,59.989108,-0.004401,0.0000,0.9685,5366.9,-0.0034,3,0
28.2710,0.406674,59.989105,-0.004402,0.0000,0.9843,5375.3,-0.0040,3,0
28.3214,0.406674,59.989103,-0.004402,0.0000,1.0000,5384.9,-0.0047,3,0
28.3717,0.406674,59.989100,-0.004402,0.0000,1.0000,5393.7,-0.0054,3,0
28.4211,0.406674,59.989097,-0.004403,0.0000,1.0000,5407.0,-0.0062,3,0
28.4722,0.406674,59.989095,-0.004403,0.0000,1.0000,5413.0,-0.0070,3,0
28.5218,0.407372,59.989092,-0.004404,0.0000,1.0000,5425.1,-0.0078,3,0
28.5715,0.407372,59.989090,-0.004404,0.0000,1.0000,5437.0,-0.0084,3,0
28.6224,0.407372,59.989088,-0.004404,0.0000,1.0000,5443.8,-0.0088,3,0
28.6726,0.407372,59.989085,-0.004405,0.0000,1.0000,5452.6,-0.0092,3,0
28.7232,0.407372,59.989083,-0.004405,0.0000,1.0000,5461.4,-0.0095,3,0
28.7735,0.407372,59.989080,-0.004405,0.0000,1.0000,5470.7,-0.0096,3,0
28.8237,0.407372,59.989078,-0.004406,0.0000,1.0000,5480.5,-0.0098,3,0
28.8743,0.407372,59.989075,-0.004406,0.0000,1.0000,5488.0,-0.0099,3,0
28.9241,0.407372,59.989073,-0.004406,0.0000,1.0000,5499.1,-0.0099,3,0
28.9746,0.407372,59.989070,-0.004407,0.0000,1.0000,5507.6,-0.0098,3,0
29.0256,0.408082,59.989068,-0.004407,0.0000,1.0000,5513.8,-0.0097,3,0
29.0754,0.408082,59.989066,-0.004407,0.0000,1.0000,5524.8,-0.0097,3,0
29.1256,0.408082,59.989063,-0.004408,0.0000,1.0000,5533.6,-0.0099,3,0
29.1759,0.408082,59.989061,-0.004408,0.0000,1.0000,5543.1,-0.0101,3,0
29.2258,0.408082,59.989058,-0.004408,0.0000,1.0000,5552.8,-0.0104,3,0
29.2756,0.408082,59.989056,-0.004409,0.0000,1.0000,5564.8,-0.0108,3,0
29.3257,0.408082,59.989053,-0.004409,0.0000,1.0000,5573.7,-0.0111,3,0
29.3758,0.408082,59.989051,-0.004409,0.0000,1.0000,5582.9,-0.0114,3,0
29.4270,0.408082,59.989048,-0.004410,0.0000,1.0000,5588.3,-0.0118,3,0
29.4764,0.408082,59.989046,-0.004410,0.0000,1.0000,5599.7,-0.0120,3,0
29.5264,0.408804,59.989043,-0.004410,0.0000,1.0000,5610.5,-0.0123,3,0
29.5765,0.408804,59.989040,-0.004411,0.0000,1.0000,5619.3,-0.0126,3,0
29.6262,0.408804,59.989038,-0.004411,0.0000,1.0000,5630.3,-0.0129,3,0
29.6764,0.408804,59.989035,-0.004411,0.0000,1.0000,5638.9,-0.0132,3,0
29.7264,0.408804,59.989033,-0.004412,0.0000,1.0000,5648.0,-0.0134,3,0
29.7767,0.408804,59.989030,-0.004412,0.0000,1.0000,5656.4,-0.0137,3,0
29.8270,0.408804,59.989027,-0.004412,0.0000,1.0000,5664.4,-0.0140,3,0
29.8765,0.408804,59.989024,-0.004413,0.0000,1.0000,5676.2,-0.0143,3,0
29.9265,0.408804,59.989022,-0.004413,0.0000,1.0000,5685.0,-0.0145,3,0
29.9769,0.408804,59.989019,-0.004413,0.0000,1.0000,5692.5,-0.0147,3,0
30.0258,0.409539,59.989016,-0.004414,0.0000,1.0000,5706.2,-0.0148,3,0
30.0765,0.409539,59.989013,-0.004414,0.0000,1.0000,5712.2,-0.0148,3,0
30.1264,0.409539,59.989010,-0.004414,0.0000,1.0000,5721.4,-0.0147,3,0
30.1765,0.409539,59.989008,-0.004415,0.0000,1.0000,5730.1,-0.0145,3,0
30.2264,0.409539,59.989005,-0.004415,0.0000,1.0000,5739.7,-0.0143,3,0
30.2762,0.409539,59.989002,-0.004415,0.0000,1.0000,5749.4,-0.0143,3,0
30.3257,0.409539,59.988999,-0.004415,0.0000,1.0000,5761.2,-0.0143,3,0
30.3753,0.409539,59.988996,-0.004416,0.0000,1.0000,5771.0,-0.0143,3,0
30.4254,0.409539,59.988992,-0.004416,0.0000,1.0000,5779.4,-0.0142,3,0
30.4760,0.409539,59.988989,-0.004416,0.0000,1.0000,5785.6,-0.0139,3,0
30.5255,0.410285,59.988986,-0.004417,0.0000,1.0000,5796.2,-0.0137,3,0
30.5752,0.410285,59.988983,-0.004417,0.0000,1.0000,5807.0,-0.0134,3,0
30.6250,0.410285,59.988980,-0.004417,0.0000,1.0000,5816.0,-0.0132,3,0
30.6742,0.410285,59.988976,-0.004418,0.0000,1.0000,5828.0,-0.0130,3,0
30.7239,0.410285,59.988973,-0.004418,0.0000,1.0000,5838.1,-0.0128,3,0
30.7739,0.410285,59.988970,-0.004418,0.0000,1.0000,5845.8,-0.0126,3,0
30.8242,0.410285,59.988968,-0.004419,0.0000,1.0000,5853.0,-0.0126,3,0
30.8740,0.410285,59.988965,-0.004419,0.0000,1.0000,5862.6,-0.0126,3,0
30.9230,0.410285,59.988962,-0.004419,0.0000,1.0000,5874.7,-0.0127,3,0
30.9729,0.410285,59.988960,-0.004419,0.0000,1.0000,5883.8,-0.0130,3,0
31.0223,0.411047,59.988957,-0.004420,0.0000,1.0000,5893.8,-0.0134,3,0
31.0717,0.411047,59.988955,-0.004420,0.0000,1.0000,5905.0,-0.0138,3,0
31.1218,0.411047,59.988953,-0.004420,0.0000,1.0000,5911.8,-0.0143,3,0
31.1716,0.411047,59.988950,-0.004421,0.0000,1.0000,5920.8,-0.0148,3,0
31.2211,0.411047,59.988948,-0.004421,0.0000,1.0000,5930.8,-0.0153,3,0
31.2703,0.411047,59.988945,-0.004421,0.0000,1.0000,5942.2,-0.0158,3,0
31.3198,0.411047,59.988943,-0.004422,0.0000,1.0000,5951.4,-0.0163,3,0
31.3693,0.411047,59.988940,-0.004422,0.0000,1.0000,5961.1,-0.0169,3,0
31.4182,0.411047,59.988937,-0.004422,0.0000,1.0000,5972.6,-0.0173,3,0
31.4686,0.411047,59.988935,-0.004422,0.0000,1.0000,5978.7,-0.0178,3,0
31.5183,0.411818,59.988932,-0.004423,0.0000,1.0000,5986.3,-0.0184,3,0
31.5673,0.411818,59.988930,-0.004423,0.0000,1.0000,5998.6,-0.0189,3,0
31.6162,0.411818,59.988928,-0.004423,0.0000,1.0000,6009.4,-0.0194,3,0
31.6657,0.411818,59.988925,-0.004424,0.0000,1.0000,6018.2,-0.0200,3,0
31.7145,0.411818,59.988923,-0.004424,0.0000,1.0000,6030.4,-0.0204,3,0
31.7636,0.411818,59.988920,-0.004424,0.0000,1.0000,6039.9,-0.0208,3,0
31.8136,0.411818,59.988917,-0.004424,0.0000,1.0000,6046.8,-0.0212,3,0
31.8635,0.411818,59.988914,-0.004425,0.0000,1.0000,6053.2,-0.0215,3,0
31.9117,0.411818,59.988910,-0.004425,0.0000,1.0000,6067.3,-0.0218,3,0
31.9613,0.411818,59.988907,-0.004425,0.0000,1.0000,6075.6,-0.0221,3,0
32.0096,0.412602,59.988904,-0.004426,0.0000,1.0000,6088.2,-0.0223,3,0
32.0583,0.412602,59.988901,-0.004426,0.0000,1.0000,6100.8,-0.0224,3,0
32.1079,0.412602,59.988898,-0.004426,0.0000,1.0000,6108.6,-0.0224,3,0
32.1579,0.412602,59.988894,-0.004426,0.0000,1.0000,6114.5,-0.0224,3,0
32.2070,0.412602,59.988891,-0.004427,0.0000,1.0000,6124.4,-0.0224,3,0
32.2558,0.412602,59.988888,-0.004427,0.0000,1.0000,6135.5,-0.0222,3,0
32.3052,0.412602,59.988885,-0.004427,0.0000,1.0000,6144.4,-0.0222,3,0
32.3536,0.412602,59.988882,-0.004427,0.0000,1.0000,6156.5,-0.0221,3,0
32.4024,0.412602,59.988879,-0.004428,0.0000,1.0000,6167.5,-0.0220,3,0
32.4526,0.412602,59.988876,-0.004428,0.0000,1.0000,6172.5,-0.0218,3,0
32.5021,0.413396,59.988873,-0.004428,0.0000,1.0000,6179.9,-0.0216,3,0
32.5515,0.413396,59.988869,-0.004428,0.0000,1.0000,6188.3,-0.0214,3,0
32.5999,0.413396,59.988866,-0.004429,0.0000,1.0000,6199.3,-0.0211,3,0
32.6490,0.413396,59.988863,-0.004429,0.0000,1.0000,6210.1,-0.0209,3,0
32.6975,0.413396,59.988860,-0.004429,0.0000,1.0000,6221.2,-0.0205,3,0
32.7468,0.413396,59.988857,-0.004429,0.0000,1.0000,6229.1,-0.0201,3,0
32.7968,0.413396,59.988854,-0.004430,0.0000,1.0000,6234.2,-0.0196,3,0
32.8460,0.413396,59.988852,-0.004430,0.0000,1.0000,6242.6,-0.0191,3,0
32.8947,0.413396,59.988849,-0.004430,0.0000,1.0000,6253.3,-0.0185,3,0
32.9434,0.413396,59.988846,-0.004430,0.0000,1.0000,6263.7,-0.0178,3,0
32.9918,0.414204,59.988844,-0.004430,0.0000,1.0000,6275.8,-0.0172,3,0
33.0413,0.414204,59.988841,-0.004431,0.0000,1.0000,6283.1,-0.0165,3,0
33.0905,0.414204,59.988838,-0.004431,0.0000,1.0000,6290.8,-0.0157,3,0
33.1400,0.414204,59.988835,-0.004431,0.0000,1.0000,6298.1,-0.0151,3,0
33.1891,0.414204,59.988833,-0.004431,0.0000,1.0000,6307.3,-0.0144,3,0
33.2377,0.414204,59.988830,-0.004431,0.0000,1.0000,6318.0,-0.0139,3,0
33.2864,0.414204,59.988827,-0.004432,0.0000,1.0000,6327.7,-0.0134,3,0
33.3353,0.414204,59.988824,-0.004432,0.0000,1.0000,6337.7,-0.0130,3,0
33.3843,0.414204,59.988821,-0.004432,0.0000,1.0000,6345.7,-0.0127,3,0
33.4340,0.414204,59.988818,-0.004432,0.0000,1.0000,6352.2,-0.0125,3,0
33.4832,0.415024,59.988815,-0.004432,0.0000,1.0000,6360.4,-0.0124,3,0
33.5316,0.415024,59.988812,-0.004433,0.0000,1.0000,6371.7,-0.0123,3,0
33.5811,0.415024,59.988809,-0.004433,0.0000,1.0000,6379.4,-0.0122,3,0
33.6297,0.415024,59.988806,-0.004433,0.0000,1.0000,6390.3,-0.0122,3,0
33.6789,0.415024,59.988803,-0.004433,0.0000,1.0000,6398.5,-0.0120,3,0
33.7287,0.415024,59.988800,-0.004433,0.0000,1.0000,6405.2,-0.0119,3,0
33.7773,0.415024,59.988797,-0.004434,0.0000,1.0000,6416.0,-0.0118,3,0
33.8270,0.415024,59.988794,-0.004434,0.0000,1.0000,6421.7,-0.0115,3,0
33.8755,0.415024,59.988791,-0.004434,0.0000,1.0000,6432.3,-0.0113,3,0
33.9249,0.415024,59.988788,-0.004434,0.0000,1.0000,6440.3,-0.0109,3,0
33.9734,0.415858,59.988785,-0.004434,0.0000,1.0000,6450.8,-0.0105,3,0
34.0235,0.415858,59.988782,-0.004435,0.0000,1.0000,6456.5,-0.0101,3,0
34.0725,0.415858,59.988779,-0.004435,0.0000,1.0000,6464.7,-0.0096,3,0
34.1213,0.415858,59.988776,-0.004435,0.0000,1.0000,6473.5,-0.0091,3,0
34.1697,0.415858,59.988773,-0.004435,0.0000,1.0000,6483.5,-0.0085,3,0
34.2190,0.415858,59.988770,-0.004435,0.0000,1.0000,6492.5,-0.0080,3,0
34.2679,0.415858,59.988767,-0.004435,0.0000,1.0000,6502.0,-0.0075,3,0
34.3161,0.415858,59.988764,-0.004436,0.0000,1.0000,6512.6,-0.0069,3,0
34.3654,0.415858,59.988761,-0.004436,0.0000,1.0000,6519.9,-0.0064,3,0
34.4144,0.415858,59.988758,-0.004436,0.0000,1.0000,6529.8,-0.0061,3,0
34.4614,0.416702,59.988755,-0.004436,0.0000,1.0000,6544.7,-0.0058,3,0
34.5112,0.416702,59.988752,-0.004436,0.0000,1.0000,6550.6,-0.0055,3,0
34.5590,0.416702,59.988749,-0.004436,0.0000,1.0000,6563.9,-0.0053,3,0
34.6077,0.416702,59.988746,-0.004437,0.0000,1.0000,6572.5,-0.0050,3,0
34.6561,0.416702,59.988743,-0.004437,0.0000,1.0000,6582.2,-0.0049,3,0
34.7046,0.416702,59.988740,-0.004437,0.0000,1.0000,6594.2,-0.0048,3,0
34.7528,0.416702,59.988737,-0.004437,0.0000,1.0000,6605.3,-0.0048,3,0
34.8018,0.416702,59.988734,-0.004437,0.0000,1.0000,6612.6,-0.0050,3,0
34.8494,0.416702,59.988731,-0.004437,0.0000,1.0000,6624.6,-0.0051,3,0
34.8988,0.416702,59.988728,-0.004438,0.0000,1.0000,6632.4,-0.0053,3,0
34.9468,0.417559,59.988725,-0.004438,0.0000,1.0000,6642.2,-0.0056,3,0
34.9962,0.417559,59.988722,-0.004438,0.0000,1.0000,6648.5,-0.0058,3,0
35.0448,0.417559,59.988719,-0.004438,0.0000,1.0000,6656.2,-0.0062,3,0
35.0927,0.417559,59.988716,-0.004438,0.0000,1.0000,6667.6,-0.0064,3,0
35.1412,0.417559,59.988713,-0.004438,0.0000,1.0000,6676.7,-0.0065,3,0
35.1894,0.417559,59.988710,-0.004439,0.0000,1.0000,6821.0,-0.0066,3,0
35.1934,0.417559,59.988706,-0.004439,0.0000,1.0000,7367.1,-0.0068,3,0
35.1839,0.417559,59.988703,-0.004439,0.0000,1.0000,7903.5,-0.0068,3,0
35.1772,0.417559,59.988699,-0.004439,0.0000,1.0000,7988.6,-0.0069,3,0
35.1711,0.417559,59.988696,-0.004439,0.0000,1.0000,7990.7,-0.0070,3,0
35.1768,0.418426,59.988692,-0.004439,0.0000,1.0000,8167.5,-0.0071,2,0
35.2161,0.418426,59.988688,-0.004440,0.0000,1.0000,8261.0,-0.0071,2,0
35.2731,0.418426,59.988685,-0.004440,0.0000,1.0000,8275.0,-0.0071,2,0
35.3295,0.418426,59.988681,-0.004440,0.0000,1.0000,8289.2,-0.0070,2,0
35.3852,0.418426,59.988678,-0.004440,0.0000,1.0000,8303.9,-0.0071,2,0
35.4404,0.418426,59.988674,-0.004440,0.0000,1.0000,8318.9,-0.0073,2,0
35.4954,0.418426,59.988671,-0.004440,0.0000,1.0000,8332.3,-0.0073,2,0
35.5512,0.418426,59.988668,-0.004440,0.0000,1.0000,8341.8,-0.0073,2,0
35.6069,0.418426,59.988665,-0.004441,0.0000,1.0000,8350.1,-0.0075,2,0
35.6620,0.418426,59.988662,-0.004441,0.0000,1.0000,8360.4,-0.0076,2,0
35.7156,0.419304,59.988659,-0.004441,0.0000,1.0000,8374.8,-0.0076,2,0
35.7706,0.419304,59.988656,-0.004441,0.0000,1.0000,8387.1,-0.0076,2,0
35.8236,0.419304,59.988653,-0.004441,0.0000,1.0000,8405.2,-0.0075,2,0
35.8773,0.419304,59.988650,-0.004441,0.0000,1.0000,8418.9,-0.0073,2,0
35.9329,0.419304,59.988647,-0.004441,0.0000,1.0000,8425.2,-0.0073,2,0
35.9873,0.419304,59.988644,-0.004442,0.0000,1.0000,8437.9,-0.0072,2,0
36.0403,0.419304,59.988641,-0.004442,0.0000,1.0000,8453.1,-0.0072,2,0
36.0950,0.419304,59.988637,-0.004442,0.0000,1.0000,8464.9,-0.0072,2,0
36.1479,0.419304,59.988634,-0.004442,0.0000,1.0000,8480.9,-0.0072,2,0
36.2018,0.419304,59.988630,-0.004442,0.0000,1.0000,8493.9,-0.0072,2,0
36.2564,0.420191,59.988627,-0.004442,0.0000,1.0000,8501.3,-0.0073,2,0
36.3105,0.420191,59.988624,-0.004442,0.0000,1.0000,8512.0,-0.0074,2,0
36.3642,0.420191,59.988620,-0.004443,0.0000,1.0000,8525.5,-0.0076,2,0
36.4173,0.420191,59.988617,-0.004443,0.0000,1.0000,8538.1,-0.0078,2,0
36.4705,0.420191,59.988613,-0.004443,0.0000,1.0000,8552.2,-0.0079,2,0
36.5240,0.420191,59.988610,-0.004443,0.0000,1.0000,8562.8,-0.0081,2,0
36.5780,0.420191,59.988607,-0.004443,0.0000,1.0000,8572.3,-0.0082,2,0
36.6311,0.420191,59.988604,-0.004443,0.0000,1.0000,8583.4,-0.0084,2,0
36.6839,0.420191,59.988601,-0.004443,0.0000,1.0000,8594.8,-0.0086,2,0
36.7363,0.420191,59.988598,-0.004443,0.0000,1.0000,8608.6,-0.0088,2,0
36.7879,0.421096,59.988595,-0.004444,0.0000,1.0000,8625.4,-0.0088,2,0
36.8418,0.421096,59.988592,-0.004444,0.0000,1.0000,8630.1,-0.0088,2,0
36.8939,0.421096,59.988589,-0.004444,0.0000,1.0000,8642.6,-0.0088,2,0
36.9454,0.421096,59.988586,-0.004444,0.0000,1.0000,8656.9,-0.0088,2,0
36.9968,0.421096,59.988583,-0.004444,0.0000,1.0000,8670.8,-0.0088,2,0
37.0493,0.421096,59.988580,-0.004444,0.0000,1.0000,8680.3,-0.0087,2,0
37.0999,0.421096,59.988576,-0.004444,0.0000,1.0000,8697.0,-0.0086,2,0
37.1522,0.421096,59.988573,-0.004444,0.0000,1.0000,8703.9,-0.0085,2,0
37.2034,0.421096,59.988569,-0.004445,0.0000,1.0000,8717.3,-0.0084,2,0
37.2544,0.421096,59.988566,-0.004445,0.0000,1.0000,8729.7,-0.0083,2,0
37.3052,0.422014,59.988562,-0.004445,0.0000,1.0000,8742.7,-0.0083,2,0
37.3558,0.422014,59.988558,-0.004445,0.0000,1.0000,8754.4,-0.0083,2,0
37.4067,0.422014,59.988555,-0.004445,0.0000,1.0000,8766.3,-0.0082,2,0
37.4579,0.422014,59.988551,-0.004445,0.0000,1.0000,8775.0,-0.0082,2,0
37.5087,0.422014,59.988548,-0.004445,0.0000,1.0000,8785.5,-0.0082,2,0
37.5590,0.422014,59.988544,-0.004445,0.0000,1.0000,8796.8,-0.0082,2,0
37.6096,0.422014,59.988541,-0.004445,0.0000,1.0000,8807.1,-0.0082,2,0
37.6591,0.422014,59.988537,-0.004446,0.0000,1.0000,8820.9,-0.0082,2,0
37.7098,0.422014,59.988534,-0.004446,0.0000,1.0000,8828.6,-0.0082,2,0
37.7601,0.422014,59.988530,-0.004446,0.0000,1.0000,8837.1,-0.0082,2,0
37.8096,0.422940,59.988527,-0.004446,0.0000,1.0000,8848.2,-0.0082,2,0
37.8591,0.422940,59.988524,-0.004446,0.0000,1.0000,8859.9,-0.0082,2,0
37.9089,0.422940,59.988520,-0.004446,0.0000,1.0000,8868.4,-0.0082,2,0
37.9574,0.422940,59.988517,-0.004446,0.0000,1.0000,8881.7,-0.0082,2,0
38.0073,0.422940,59.988513,-0.004446,0.0000,1.0000,8889.5,-0.0081,2,0
38.0563,0.422940,59.988510,-0.004446,0.0000,1.0000,8900.5,-0.0080,2,0
38.1044,0.422940,59.988507,-0.004446,0.0000,1.0000,8914.7,-0.0078,2,0
38.1531,0.422940,59.988503,-0.004446,0.0000,1.0000,8925.5,-0.0077,2,0
38.2016,0.422940,59.988500,-0.004447,0.0000,1.0000,8937.0,-0.0075,2,0
38.2494,0.422940,59.988496,-0.004447,0.0000,1.0000,8950.7,-0.0073,2,0
38.2984,0.423883,59.988493,-0.004447,0.0000,1.0000,8959.0,-0.0072,2,0
38.3466,0.423883,59.988490,-0.004447,0.0000,1.0000,8969.5,-0.0070,2,0
38.3944,0.423883,59.988486,-0.004447,0.0000,1.0000,8981.9,-0.0069,2,0
38.4425,0.423883,59.988483,-0.004447,0.0000,1.0000,8993.2,-0.0068,2,0
38.4899,0.423883,59.988479,-0.004447,0.0000,1.0000,9006.0,-0.0067,2,0
38.5379,0.423883,59.988476,-0.004447,0.0000,1.0000,9015.1,-0.0066,2,0
38.5858,0.423883,59.988472,-0.004447,0.0000,1.0000,9024.7,-0.0066,2,0
38.6335,0.423883,59.988469,-0.004447,0.0000,1.0000,9034.0,-0.0066,2,0
38.6806,0.423883,59.988465,-0.004447,0.0000,1.0000,9045.3,-0.0065,2,0
38.7285,0.423883,59.988462,-0.004447,0.0000,1.0000,9052.9,-0.0065,2,0
38.7756,0.424833,59.988458,-0.004448,0.0000,1.0000,9062.8,-0.0065,2,0
38.8232,0.424833,59.988454,-0.004448,0.0000,1.0000,9070.0,-0.0065,2,0
38.8699,0.424833,59.988451,-0.004448,0.0000,1.0000,9081.2,-0.0065,2,0
38.9167,0.424833,59.988447,-0.004448,0.0000,1.0000,9090.7,-0.0065,2,0
38.9633,0.424833,59.988444,-0.004448,0.0000,1.0000,9101.8,-0.0064,2,0
39.0100,0.424833,59.988440,-0.004448,0.0000,1.0000,9111.4,-0.0064,2,0
39.0560,0.424833,59.988437,-0.004448,0.0000,1.0000,9123.8,-0.0063,2,0
39.1019,0.424833,59.988433,-0.004448,0.0000,1.0000,9134.8,-0.0063,2,0
39.1477,0.424833,59.988430,-0.004448,0.0000,1.0000,9146.3,-0.0064,2,0
39.1938,0.424833,59.988427,-0.004448,0.0000,1.0000,9156.2,-0.0065,2,0
39.2400,0.425795,59.988423,-0.004448,0.0000,1.0000,9165.6,-0.0066,2,0
39.2854,0.425795,59.988420,-0.004448,0.0000,1.0000,9176.9,-0.0067,2,0
39.3310,0.425795,59.988417,-0.004448,0.0000,1.0000,9186.5,-0.0069,2,0
39.3768,0.425795,59.988414,-0.004448,0.0000,1.0000,9195.9,-0.0070,2,0
39.4211,0.425795,59.988410,-0.004449,0.0000,1.0000,9210.6,-0.0072,2,0
39.4663,0.425795,59.988407,-0.004449,0.0000,1.0000,9220.5,-0.0073,2,0
39.5117,0.425795,59.988403,-0.004449,0.0000,1.0000,9229.8,-0.0075,2,0
39.5567,0.425795,59.988400,-0.004449,0.0000,1.0000,9240.2,-0.0077,2,0
39.6019,0.425795,59.988396,-0.004449,0.0000,1.0000,9250.0,-0.0078,2,0
39.6463,0.425795,59.988392,-0.004449,0.0000,1.0000,9260.5,-0.0080,2,0
39.6909,0.426767,59.988389,-0.004449,0.0000,1.0000,9271.4,-0.0082,2,0
39.7354,0.426767,59.988385,-0.004449,0.0000,1.0000,9281.9,-0.0082,2,0
39.7799,0.426767,59.988381,-0.004449,0.0000,1.0000,9291.7,-0.0082,2,0
39.8241,0.426767,59.988377,-0.004449,0.0000,1.0000,9301.4,-0.0082,2,0
39.8678,0.426767,59.988374,-0.004449,0.0000,1.0000,9312.2,-0.0084,2,0
39.9113,0.426767,59.988370,-0.004449,0.0000,1.0000,9324.2,-0.0086,2,0
39.9362,0.426767,59.988367,-0.004449,0.0000,1.0000,9288.8,-0.0088,2,0
39.9340,0.426767,59.988363,-0.004449,0.0000,1.0000,9238.6,-0.0090,2,0
39.9291,0.426767,59.988360,-0.004449,0.0000,1.0000,9188.6,-0.0093,2,0
39.9234,0.426767,59.988356,-0.004449,0.0000,1.0000,9138.8,-0.0095,2,0
39.9285,0.427746,59.988353,-0.004449,0.0000,1.0000,8666.1,-0.0096,3,0
39.9975,0.427746,59.988349,-0.004449,0.0000,1.0000,7785.9,-0.0097,3,0
40.0636,0.427746,59.988346,-0.004449,0.0000,1.0000,7717.2,-0.0098,3,0
40.1271,0.427746,59.988342,-0.004449,0.0000,1.0000,7653.8,-0.0095,3,0
40.1857,0.427746,59.988338,-0.004450,0.0000,1.0000,7612.7,-0.0094,3,0
40.2333,0.427746,59.988335,-0.004450,0.0000,1.0000,7620.2,-0.0092,3,0
40.2802,0.427746,59.988331,-0.004450,0.0000,1.0000,7631.1,-0.0089,3,0
40.3270,0.427746,59.988327,-0.004450,0.0000,1.0000,7641.9,-0.0086,3,0
40.3739,0.427746,59.988324,-0.004450,0.0000,1.0000,7650.7,-0.0084,3,0
40.4211,0.427746,59.988320,-0.004450,0.0000,1.0000,7658.7,-0.0082,3,0
40.4678,0.428739,59.988316,-0.004450,0.0000,1.0000,7668.8,-0.0080,3,0
40.5143,0.428739,59.988312,-0.004450,0.0000,1.0000,7681.5,-0.0080,3,0
40.5611,0.428739,59.988308,-0.004450,0.0000,1.0000,7690.4,-0.0082,3,0
40.6085,0.428739,59.988305,-0.004450,0.0000,1.0000,7697.9,-0.0085,3,0
40.6550,0.428739,59.988301,-0.004450,0.0000,1.0000,7708.8,-0.0089,3,0
40.7013,0.428739,59.988297,-0.004450,0.0000,1.0000,7720.4,-0.0095,3,0
40.7485,0.428739,59.988294,-0.004450,0.0000,1.0000,7729.1,-0.0103,3,0
40.7959,0.428739,59.988290,-0.004450,0.0000,1.0000,7736.2,-0.0112,3,0
40.8426,0.428739,59.988287,-0.004450,0.0000,1.0000,7746.1,-0.0123,3,0
40.8896,0.428739,59.988283,-0.004450,0.0000,1.0000,7754.4,-0.0135,3,0
40.9367,0.429743,59.988279,-0.004450,0.0000,1.0000,7761.9,-0.0150,3,0
40.9830,0.429743,59.988276,-0.004450,0.0000,1.0000,7772.4,-0.0167,3,0
41.0305,0.429743,59.988273,-0.004450,0.0000,1.0000,7779.4,-0.0186,3,0
41.0770,0.429743,59.988269,-0.004450,0.0000,1.0000,7788.1,-0.0206,3,0
41.1239,0.429743,59.988265,-0.004450,0.0000,1.0000,7795.9,-0.0229,3,0
41.1716,0.429743,59.988262,-0.004450,0.0000,1.0000,7800.2,-0.0253,3,0
41.2179,0.429743,59.988258,-0.004450,0.0000,1.0000,7810.8,-0.0279,3,0
41.2642,0.429743,59.988254,-0.004450,0.0000,1.0000,7821.9,-0.0307,3,0
41.3108,0.429743,59.988251,-0.004450,0.0000,1.0000,7831.9,-0.0336,3,0
41.3573,0.429743,59.988247,-0.004450,0.0000,1.0000,7841.2,-0.0367,3,0
41.4040,0.430760,59.988243,-0.004450,0.0000,1.0000,7849.3,-0.0398,3,0
41.4498,0.430760,59.988239,-0.004450,0.0000,1.0000,7860.3,-0.0429,3,0
41.4959,0.430760,59.988235,-0.004450,0.0000,1.0000,7869.5,-0.0461,3,0
41.5414,0.430760,59.988232,-0.004450,0.0000,1.0000,7883.1,-0.0492,3,0
41.5872,0.430760,59.988228,-0.004450,0.0000,1.0000,7893.4,-0.0522,3,0
41.6326,0.430760,59.988224,-0.004450,0.0000,1.0000,7905.1,-0.0548,3,0
41.6769,0.430760,59.988220,-0.004449,0.0000,1.0000,7918.6,-0.0573,3,0
41.7215,0.430760,59.988216,-0.004449,0.0000,1.0000,7932.1,-0.0593,3,0
41.7659,0.430760,59.988213,-0.004449,0.0000,1.0000,7947.9,-0.0610,3,0
41.8114,0.430760,59.988209,-0.004449,0.0000,1.0000,7957.6,-0.0623,3,0
41.8559,0.431785,59.988205,-0.004449,0.0000,1.0000,7971.5,-0.0629,3,0
41.9002,0.431785,59.988201,-0.004449,0.0000,1.0000,7984.4,-0.0632,3,0
41.9446,0.431785,59.988197,-0.004449,0.0000,1.0000,7997.5,-0.0631,3,0
41.9896,0.431785,59.988194,-0.004449,0.0000,1.0000,8011.3,-0.0625,3,0
42.0342,0.431785,59.988190,-0.004449,0.0000,1.0000,8024.3,-0.0615,3,0
42.0791,0.431785,59.988186,-0.004449,0.0000,1.0000,8035.1,-0.0599,3,0
42.1227,0.431785,59.988182,-0.004448,0.0000,1.0000,8050.0,-0.0580,3,0
42.1678,0.431785,59.988178,-0.004448,0.0000,1.0000,8060.3,-0.0558,3,0
42.2116,0.431785,59.988175,-0.004448,0.0000,1.0000,8075.6,-0.0533,3,0
42.2568,0.431785,59.988171,-0.004448,0.0000,1.0000,8084.5,-0.0505,3,0
42.3024,0.432821,59.988167,-0.004448,0.0000,1.0000,8091.3,-0.0475,3,0
42.3459,0.432821,59.988163,-0.004447,0.0000,1.0000,8105.9,-0.0445,3,0
42.3910,0.432821,59.988159,-0.004447,0.0000,1.0000,8114.3,-0.0415,3,0
42.4365,0.432821,59.988156,-0.004447,0.0000,1.0000,8122.5,-0.0385,3,0
42.4820,0.432821,59.988152,-0.004447,0.0000,1.0000,8130.1,-0.0356,3,0
42.5281,0.432821,59.988148,-0.004447,0.0000,1.0000,8135.3,-0.0325,3,0
42.5727,0.432821,59.988144,-0.004446,0.0000,1.0000,8145.2,-0.0296,3,0
42.6188,0.432821,59.988140,-0.004446,0.0000,1.0000,8151.3,-0.0270,3,0
42.6640,0.432821,59.988137,-0.004446,0.0000,1.0000,8160.7,-0.0245,3,0
42.7108,0.432821,59.988133,-0.004445,0.0000,1.0000,8164.0,-0.0220,3,0
42.7583,0.433867,59.988129,-0.004445,0.0000,1.0000,8164.2,-0.0196,3,0
42.8045,0.433867,59.988125,-0.004445,0.0000,1.0000,8169.3,-0.0174,3,0
42.8504,0.433867,59.988121,-0.004444,0.0000,1.0000,8175.0,-0.0153,3,0
42.8967,0.433867,59.988118,-0.004444,0.0000,1.0000,8180.1,-0.0132,3,0
42.9434,0.433867,59.988114,-0.004444,0.0000,1.0000,8183.1,-0.0112,3,0
42.9909,0.433867,59.988110,-0.004443,0.0000,1.0000,8180.6,-0.0090,3,0
43.0384,0.433867,59.988106,-0.004443,0.0000,1.0000,8178.4,-0.0068,3,0
43.0849,0.433867,59.988102,-0.004443,0.0000,1.0000,8181.0,-0.0046,3,0
43.1314,0.433867,59.988098,-0.004442,0.0000,1.0000,8184.5,-0.0022,3,0
43.1772,0.433867,59.988094,-0.004442,0.0000,1.0000,8187.8,0.0002,3,0
43.2241,0.434927,59.988090,-0.004442,0.0000,1.0000,8188.2,0.0027,3,0
43.2687,0.434927,59.988086,-0.004441,0.0000,1.0000,8198.1,0.0052,3,0
43.3134,0.434927,59.988082,-0.004441,0.0000,1.0000,8208.3,0.0077,3,0
43.3582,0.434927,59.988078,-0.004440,0.0000,1.0000,8217.1,0.0102,3,0
43.4038,0.434927,59.988074,-0.004440,0.0000,1.0000,8221.4,0.0126,3,0
43.4483,0.434927,59.988070,-0.004440,0.0000,1.0000,8230.4,0.0148,3,0
43.4933,0.434927,59.988066,-0.004439,0.0000,1.0000,8237.3,0.0169,3,0
43.5384,0.434927,59.988063,-0.004439,0.0000,1.0000,8245.1,0.0190,3,0
43.5820,0.434927,59.988059,-0.004439,0.0000,1.0000,8257.7,0.0211,3,0
43.6262,0.434927,59.988055,-0.004438,0.0000,1.0000,8266.1,0.0232,3,0
43.6696,0.435997,59.988051,-0.004438,0.0000,1.0000,8278.9,0.0251,3,0
43.7129,0.435997,59.988048,-0.004437,0.0000,1.0000,8292.7,0.0271,3,0
43.7567,0.435997,59.988044,-0.004437,0.0000,1.0000,8303.9,0.0291,3,0
43.7996,0.435997,59.988040,-0.004437,0.0000,1.0000,8316.0,0.0308,3,0
43.8435,0.435997,59.988037,-0.004436,0.0000,1.0000,8324.0,0.0325,3,0
43.8869,0.435997,59.988033,-0.004436,0.0000,1.0000,8335.3,0.0341,3,0
43.9295,0.435997,59.988029,-0.004436,0.0000,1.0000,8350.6,0.0357,3,0
43.9733,0.435997,59.988024,-0.004435,0.0000,1.0000,8359.6,0.0371,3,0
44.0162,0.435997,59.988020,-0.004435,0.0000,1.0000,8371.5,0.0383,3,0
44.0586,0.435997,59.988016,-0.004435,0.0000,1.0000,8385.8,0.0394,3,0
44.1018,0.437078,59.988012,-0.004434,0.0000,1.0000,8396.0,0.0406,3,0
44.1453,0.437078,59.988007,-0.004434,0.0000,1.0000,8408.3,0.0418,3,0
44.1885,0.437078,59.988003,-0.004434,0.0000,1.0000,8419.8,0.0430,3,0
44.2317,0.437078,59.987999,-0.004433,0.0000,1.0000,8428.4,0.0443,3,0
44.2751,0.437078,59.987994,-0.004433,0.0000,1.0000,8437.4,0.0456,3,0
44.3188,0.437078,59.987990,-0.004433,0.0000,1.0000,8447.3,0.0471,3,0
44.3618,0.437078,59.987986,-0.004432,0.0000,1.0000,8459.6,0.0486,3,0
44.4059,0.437078,59.987983,-0.004432,0.0000,1.0000,8464.1,0.0503,3,0
44.4497,0.437078,59.987979,-0.004432,0.0000,1.0000,8468.5,0.0518,3,0
44.4935,0.437078,59.987975,-0.004431,0.0000,1.0000,8475.4,0.0536,3,0
44.5364,0.438166,59.987972,-0.004431,0.0000,1.0000,8484.8,0.0554,3,0
44.5798,0.438166,59.987968,-0.004431,0.0000,1.0000,8491.2,0.0572,3,0
44.6227,0.438166,59.987964,-0.004431,0.0000,1.0000,8499.2,0.0590,3,0
44.6656,0.438166,59.987960,-0.004430,0.0000,1.0000,8505.5,0.0606,3,0
44.7075,0.438166,59.987957,-0.004430,0.0000,1.0000,8514.8,0.0623,3,0
44.7496,0.438166,59.987953,-0.004430,0.0000,1.0000,8526.5,0.0639,3,0
44.7919,0.438166,59.987949,-0.004430,0.0000,1.0000,8536.2,0.0653,3,0
44.8328,0.438166,59.987944,-0.004430,0.0000,1.0000,8547.4,0.0665,3,0
44.8743,0.438166,59.987940,-0.004429,0.0000,1.0000,8556.5,0.0673,3,0
44.9159,0.438166,59.987936,-0.004429,0.0000,1.0000,8568.4,0.0682,3,0
44.9567,0.439265,59.987931,-0.004429,0.0000,1.0000,8581.4,0.0689,3,0
44.9975,0.439265,59.987927,-0.004429,0.0000,1.0000,8592.6,0.0694,3,0
45.0381,0.439265,59.987923,-0.004429,0.0000,1.0000,8603.3,0.0696,3,0
45.0790,0.439265,59.987919,-0.004429,0.0000,1.0000,8610.7,0.0696,3,0
45.1204,0.439265,59.987914,-0.004428,0.0000,1.0000,8620.7,0.0696,3,0
45.1610,0.439265,59.987910,-0.004428,0.0000,1.0000,8630.8,0.0695,3,0
45.2013,0.439265,59.987906,-0.004428,0.0000,1.0000,8642.9,0.0692,3,0
45.2411,0.439265,59.987903,-0.004428,0.0000,1.0000,8651.0,0.0687,3,0
45.2816,0.439265,59.987899,-0.004428,0.0000,1.0000,8658.7,0.0680,3,0
45.3225,0.439265,59.987895,-0.004428,0.0000,1.0000,8669.4,0.0674,3,0
45.3625,0.440374,59.987891,-0.004428,0.0000,1.0000,8679.6,0.0667,3,0
45.4032,0.440374,59.987888,-0.004428,0.0000,1.0000,8687.8,0.0660,3,0
45.4440,0.440374,59.987884,-0.004428,0.0000,1.0000,8695.2,0.0653,3,0
45.4847,0.440374,59.987880,-0.004428,0.0000,1.0000,8703.7,0.0648,3,0
45.5248,0.440374,59.987877,-0.004428,0.0000,1.0000,8714.2,0.0642,3,0
45.5651,0.440374,59.987873,-0.004428,0.0000,1.0000,8722.9,0.0637,3,0
45.6048,0.440374,59.987869,-0.004428,0.0000,1.0000,8731.1,0.0631,3,0
45.6447,0.440374,59.987864,-0.004428,0.0000,1.0000,8739.8,0.0626,3,0
45.6832,0.440374,59.987860,-0.004428,0.0000,1.0000,8752.6,0.0622,3,0
45.7229,0.440374,59.987856,-0.004428,0.0000,1.0000,8760.6,0.0618,3,0
45.7617,0.441495,59.987852,-0.004428,0.0000,1.0000,8770.2,0.0615,3,0
45.8007,0.441495,59.987847,-0.004429,0.0000,1.0000,8775.5,0.0610,3,0
45.8400,0.441495,59.987843,-0.004429,0.0000,1.0000,8782.9,0.0607,3,0
45.8795,0.441495,59.987839,-0.004429,0.0000,1.0000,8793.3,0.0604,3,0
45.9179,0.441495,59.987834,-0.004429,0.0000,1.0000,8802.2,0.0600,3,0
45.9562,0.441495,59.987830,-0.004429,0.0000,1.0000,8809.3,0.0592,3,0
45.9939,0.441495,59.987826,-0.004429,0.0000,1.0000,8818.0,0.0584,3,0
46.0320,0.441495,59.987822,-0.004429,0.0000,1.0000,8828.3,0.0577,3,0
46.0705,0.441495,59.987818,-0.004430,0.0000,1.0000,8835.5,0.0569,3,0
46.1093,0.441495,59.987814,-0.004430,0.0000,1.0000,8842.5,0.0560,3,0
46.1471,0.442623,59.987810,-0.004430,0.0000,1.0000,8848.8,0.0551,3,0
46.1843,0.442623,59.987806,-0.004430,0.0000,1.0000,8859.4,0.0541,3,0
46.2219,0.442623,59.987802,-0.004431,0.0000,1.0000,8869.8,0.0531,3,0
46.2597,0.442623,59.987798,-0.004431,0.0000,1.0000,8878.5,0.0521,3,0
46.2965,0.442623,59.987794,-0.004431,0.0000,1.0000,8888.7,0.0509,3,0
46.3337,0.442623,59.987790,-0.004431,0.0000,1.0000,8896.1,0.0497,3,0
46.3714,0.442623,59.987786,-0.004432,0.0000,1.0000,8904.3,0.0487,3,0
46.4090,0.442623,59.987781,-0.004432,0.0000,1.0000,8913.3,0.0478,3,0
46.4453,0.442623,59.987777,-0.004433,0.0000,1.0000,8924.1,0.0469,3,0
46.4827,0.442623,59.987773,-0.004433,0.0000,1.0000,8929.8,0.0459,3,0
46.5205,0.443760,59.987769,-0.004434,0.0000,1.0000,8935.4,0.0450,3,0
46.5589,0.443760,59.987764,-0.004434,0.0000,1.0000,8941.6,0.0443,3,0
46.5964,0.443760,59.987760,-0.004434,0.0000,1.0000,8948.2,0.0435,3,0
46.6342,0.443760,59.987756,-0.004435,0.0000,1.0000,8953.0,0.0425,3,0
46.6727,0.443760,59.987751,-0.004435,0.0000,1.0000,8955.0,0.0415,3,0
46.7113,0.443760,59.987747,-0.004436,0.0000,1.0000,8959.7,0.0404,3,0
46.7497,0.443760,59.987743,-0.004436,0.0000,1.0000,8964.4,0.0391,3,0
46.7875,0.443760,59.987739,-0.004437,0.0000,1.0000,8969.8,0.0374,3,0
46.8261,0.443760,59.987734,-0.004437,0.0000,1.0000,8970.8,0.0353,3,0
46.8646,0.443760,59.987730,-0.004438,0.0000,1.0000,8971.6,0.0329,3,0
46.9034,0.444906,59.987726,-0.004439,0.0000,1.0000,8974.6,0.0302,3,0
46.9417,0.444906,59.987722,-0.004439,0.0000,1.0000,8977.2,0.0271,3,0
46.9800,0.444906,59.987718,-0.004440,0.0000,1.0000,8977.7,0.0238,3,0
47.0187,0.444906,59.987713,-0.004440,0.0000,1.0000,8977.3,0.0204,3,0
47.0572,0.444906,59.987709,-0.004441,0.0000,1.0000,8979.2,0.0171,3,0
47.0952,0.444906,59.987705,-0.004441,0.0000,1.0000,8983.9,0.0138,3,0
47.1332,0.444906,59.987701,-0.004442,0.0000,1.0000,8986.8,0.0107,3,0
47.1715,0.444906,59.987697,-0.004443,0.0000,1.0000,8987.9,0.0078,3,0
47.2106,0.444906,59.987692,-0.004443,0.0000,1.0000,8988.0,0.0051,3,0
47.2480,0.444906,59.987688,-0.004444,0.0000,1.0000,8994.6,0.0027,3,0
47.2860,0.446058,59.987684,-0.004445,0.0000,1.0000,8997.8,0.0003,3,0
47.3233,0.446058,59.987680,-0.004446,0.0000,1.0000,9002.8,-0.0019,3,0
47.3614,0.446058,59.987676,-0.004446,0.0000,1.0000,9005.2,-0.0041,3,0
47.3996,0.446058,59.987671,-0.004447,0.0000,1.0000,9006.7,-0.0063,3,0
47.4373,0.446058,59.987667,-0.004448,0.0000,1.0000,9009.8,-0.0086,3,0
47.4730,0.446058,59.987663,-0.004448,0.0000,1.0000,9020.1,-0.0110,3,0
47.5093,0.446058,59.987659,-0.004449,0.0000,1.0000,9029.2,-0.0135,3,0
47.5463,0.446058,59.987654,-0.004450,0.0000,1.0000,9032.9,-0.0162,3,0
47.5827,0.446058,59.987650,-0.004450,0.0000,1.0000,9039.3,-0.0189,3,0
47.6192,0.446058,59.987646,-0.004451,0.0000,1.0000,9044.6,-0.0217,3,0
47.6537,0.447219,59.987641,-0.004452,0.0000,1.0000,9056.7,-0.0246,3,0
47.6909,0.447219,59.987637,-0.004452,0.0000,1.0000,9057.3,-0.0276,3,0
47.7257,0.447219,59.987633,-0.004453,0.0000,1.0000,9066.5,-0.0306,3,0
47.7606,0.447219,59.987629,-0.004454,0.0000,1.0000,9075.3,-0.0335,3,0
47.7943,0.447219,59.987624,-0.004455,0.0000,1.0000,9089.3,-0.0366,3,0
47.8291,0.447219,59.987620,-0.004455,0.0000,1.0000,9096.0,-0.0396,3,0
47.8637,0.447219,59.987616,-0.004456,0.0000,1.0000,9104.0,-0.0426,3,0
47.8976,0.447219,59.987612,-0.004456,0.0000,1.0000,9112.5,-0.0455,3,0
47.9309,0.447219,59.987608,-0.004457,0.0000,1.0000,9124.5,-0.0482,3,0
47.9648,0.447219,59.987604,-0.004458,0.0000,1.0000,9132.4,-0.0509,3,0
47.9989,0.448391,59.987600,-0.004458,0.0000,1.0000,9139.1,-0.0533,3,0
48.0323,0.448391,59.987596,-0.004459,0.0000,1.0000,9146.5,-0.0556,3,0
48.0651,0.448391,59.987592,-0.004460,0.0000,1.0000,9155.9,-0.0577,3,0
48.0973,0.448391,59.987588,-0.004460,0.0000,1.0000,9168.1,-0.0597,3,0
48.1307,0.448391,59.987584,-0.004461,0.0000,1.0000,9173.5,-0.0614,3,0
48.1633,0.448391,59.987580,-0.004462,0.0000,1.0000,9180.7,-0.0630,3,0
48.1950,0.448391,59.987575,-0.004462,0.0000,1.0000,9189.5,-0.0642,3,0
48.2259,0.448391,59.987571,-0.004463,0.0000,1.0000,9203.8,-0.0652,3,0
48.2579,0.448391,59.987566,-0.004463,0.0000,1.0000,9211.6,-0.0662,3,0
48.2896,0.448391,59.987562,-0.004464,0.0000,1.0000,9219.5,-0.0667,3,0
48.3199,0.449570,59.987557,-0.004464,0.0000,1.0000,9230.2,-0.0671,3,0
48.3510,0.449570,59.987552,-0.004465,0.0000,1.0000,9239.4,-0.0673,3,0
48.3816,0.449570,59.987548,-0.004465,0.0000,1.0000,9250.8,-0.0675,3,0
48.4130,0.449570,59.987543,-0.004466,0.0000,1.0000,9255.8,-0.0675,3,0
48.4434,0.449570,59.987539,-0.004466,0.0000,1.0000,9263.7,-0.0673,3,0
48.4726,0.449570,59.987534,-0.004467,0.0000,1.0000,9275.6,-0.0670,3,0
48.5032,0.449570,59.987530,-0.004467,0.0000,1.0000,9284.4,-0.0667,3,0
48.5335,0.449570,59.987525,-0.004468,0.0000,1.0000,9290.1,-0.0663,3,0
48.5638,0.449570,59.987521,-0.004468,0.0000,1.0000,9297.5,-0.0659,3,0
48.5930,0.449570,59.987516,-0.004468,0.0000,1.0000,9305.7,-0.0654,3,0
48.6226,0.450758,59.987512,-0.004469,0.0000,1.0000,9314.0,-0.0650,3,0
48.6528,0.450758,59.987508,-0.004469,0.0000,1.0000,9319.9,-0.0647,3,0
48.6827,0.450758,59.987503,-0.004470,0.0000,1.0000,9325.4,-0.0643,3,0
48.7119,0.450758,59.987499,-0.004470,0.0000,1.0000,9331.9,-0.0640,3,0
48.7406,0.450758,59.987494,-0.004470,0.0000,1.0000,9336.3,-0.0638,3,0
48.7707,0.450758,59.987490,-0.004471,0.0000,1.0000,9342.0,-0.0637,3,0
48.8007,0.450758,59.987486,-0.004471,0.0000,1.0000,9344.7,-0.0639,3,0
48.8306,0.450758,59.987481,-0.004471,0.0000,1.0000,9347.2,-0.0641,3,0
48.8586,0.450758,59.987477,-0.004471,0.0000,1.0000,9351.4,-0.0643,3,0
48.8867,0.450758,59.987472,-0.004471,0.0000,1.0000,9358.7,-0.0645,3,0
48.9140,0.451954,59.987468,-0.004472,0.0000,1.0000,9365.5,-0.0646,3,0
48.9440,0.451954,59.987464,-0.004472,0.0000,1.0000,9367.8,-0.0647,3,0
48.9703,0.451954,59.987459,-0.004472,0.0000,1.0000,9375.8,-0.0646,3,0
48.9959,0.451954,59.987455,-0.004472,0.0000,1.0000,9382.0,-0.0642,3,0
49.0232,0.451954,59.987450,-0.004472,0.0000,1.0000,9388.3,-0.0635,3,0
49.0523,0.451954,59.987446,-0.004473,0.0000,1.0000,9389.5,-0.0630,3,0
49.0807,0.451954,59.987442,-0.004473,0.0000,1.0000,9392.7,-0.0624,3,0
49.1078,0.451954,59.987438,-0.004473,0.0000,1.0000,9399.9,-0.0618,3,0
49.1226,0.451954,59.987433,-0.004473,0.0000,1.0000,9254.1,-0.0612,3,0
49.1211,0.451954,59.987429,-0.004473,0.0000,1.0000,9181.7,-0.0604,3,0
49.1096,0.453159,59.987425,-0.004473,0.0000,1.0000,9151.2,-0.0598,3,0
49.1021,0.453159,59.987421,-0.004473,0.0000,1.0000,9102.0,-0.0591,3,0
49.0891,0.453159,59.987417,-0.004473,0.0000,1.0000,9078.2,-0.0584,3,0
49.0885,0.453159,59.987412,-0.004473,0.0000,1.0000,9232.3,-0.0576,3,0
49.0955,0.453159,59.987408,-0.004473,0.0000,1.0000,9342.3,-0.0569,3,0
49.1161,0.453159,59.987404,-0.004473,0.0000,1.0000,9383.8,-0.0561,3,0
49.1288,0.453159,59.987400,-0.004472,0.0000,1.0000,9350.7,-0.0551,3,0
49.1232,0.453159,59.987395,-0.004472,0.0000,1.0000,9300.2,-0.0540,3,0
49.1132,0.453159,59.987391,-0.004472,0.0000,1.0000,9250.0,-0.0529,3,0
49.1037,0.453159,59.987386,-0.004472,0.0000,1.0000,9199.9,-0.0518,3,0
49.1010,0.454363,59.987382,-0.004472,0.0000,1.0000,8727.0,-0.0505,4,0
49.1433,0.454363,59.987378,-0.004472,0.0000,1.0000,7914.6,-0.0491,4,0
49.1829,0.454363,59.987373,-0.004471,0.0000,1.0000,7906.2,-0.0474,4,0
49.2151,0.454363,59.987369,-0.004471,0.0000,1.0000,7903.2,-0.0455,4,0
49.2467,0.454363,59.987364,-0.004471,0.0000,1.0000,7905.1,-0.0436,4,0
49.2784,0.454363,59.987360,-0.004471,0.0000,1.0000,7907.5,-0.0418,4,0
49.3094,0.454363,59.987356,-0.004470,0.0000,1.0000,7909.7,-0.0400,4,0
49.3402,0.454363,59.987351,-0.004470,0.0000,1.0000,7910.9,-0.0384,4,0
49.3711,0.454363,59.987347,-0.004470,0.0000,1.0000,7914.1,-0.0372,4,0
49.4009,0.454363,59.987342,-0.004469,0.0000,1.0000,7920.3,-0.0363,4,0
49.4311,0.455573,59.987338,-0.004469,0.0000,1.0000,7923.3,-0.0355,4,0
49.4613,0.455573,59.987334,-0.004469,0.0000,1.0000,7925.2,-0.0349,4,0
49.4914,0.455573,59.987329,-0.004468,0.0000,1.0000,7928.0,-0.0346,4,0
49.5219,0.455573,59.987325,-0.004468,0.0000,1.0000,7931.4,-0.0345,4,0
49.5515,0.455573,59.987320,-0.004468,0.0000,1.0000,7935.1,-0.0344,4,0
49.5810,0.455573,59.987316,-0.004467,0.0000,1.0000,7938.4,-0.0342,4,0
49.6117,0.455573,59.987311,-0.004467,0.0000,1.0000,7939.7,-0.0342,4,0
49.6421,0.455573,59.987307,-0.004466,0.0000,1.0000,7943.8,-0.0343,4,0
49.6722,0.455573,59.987302,-0.004465,0.0000,1.0000,7946.8,-0.0345,4,0
49.7023,0.455573,59.987298,-0.004465,0.0000,1.0000,7948.9,-0.0343,4,0
49.7343,0.456791,59.987293,-0.004464,0.0000,1.0000,7945.0,-0.0344,4,0
49.7655,0.456791,59.987288,-0.004464,0.0000,1.0000,7946.5,-0.0346,4,0
49.7955,0.456791,59.987284,-0.004463,0.0000,1.0000,7951.6,-0.0347,4,0
49.8259,0.456791,59.987279,-0.004463,0.0000,1.0000,7952.5,-0.0347,4,0
49.8566,0.456791,59.987275,-0.004462,0.0000,1.0000,7953.4,-0.0349,4,0
49.8872,0.456791,59.987270,-0.004462,0.0000,1.0000,7957.7,-0.0351,4,0
49.9169,0.456791,59.987265,-0.004461,0.0000,1.0000,7962.9,-0.0353,4,0
49.9463,0.456791,59.987261,-0.004460,0.0000,1.0000,7967.4,-0.0352,4,0
49.9769,0.456791,59.987257,-0.004460,0.0000,1.0000,7966.8,-0.0350,4,0
50.0074,0.456791,59.987252,-0.004459,0.0000,1.0000,7970.2,-0.0348,4,0
50.0368,0.458015,59.987248,-0.004458,0.0000,1.0000,7976.2,-0.0341,4,0
50.0658,0.458015,59.987243,-0.004457,0.0000,1.0000,7980.7,-0.0331,4,0
50.0957,0.458015,59.987239,-0.004457,0.0000,1.0000,7982.1,-0.0318,4,0
50.1261,0.458015,59.987234,-0.004456,0.0000,1.0000,7985.1,-0.0303,4,0
50.1548,0.458015,59.987230,-0.004455,0.0000,1.0000,7993.4,-0.0283,4,0
50.1835,0.458015,59.987225,-0.004455,0.0001,0.9818,7998.9,-0.0261,4,0
50.2125,0.458015,59.987220,-0.004454,0.0002,0.9635,8000.1,-0.0237,4,0
50.2415,0.458015,59.987216,-0.004453,0.0038,0.9257,7996.7,-0.0216,4,0
50.2683,0.458015,59.987212,-0.004452,0.0073,0.8878,7994.4,-0.0195,4,0
50.2916,0.458015,59.987207,-0.004452,0.0181,0.8302,7987.7,-0.0174,4,0
50.3096,0.459246,59.987203,-0.004451,0.0289,0.7725,7980.1,-0.0158,4,0
50.3262,0.459246,59.987198,-0.004450,0.0328,0.7030,7963.7,-0.0146,4,0
50.3378,0.459246,59.987194,-0.004449,0.0367,0.6334,7950.2,-0.0137,4,0
50.3454,0.459246,59.987189,-0.004448,0.0448,0.5689,7927.0,-0.0129,4,0
50.3490,0.459246,59.987185,-0.004448,0.0530,0.5044,7900.3,-0.0124,4,0
50.3543,0.459246,59.987180,-0.004447,0.0634,0.4534,7848.5,-0.0122,4,0
50.3569,0.459246,59.987175,-0.004446,0.0737,0.4025,7789.5,-0.0121,4,0
50.3484,0.459246,59.987171,-0.004445,0.0851,0.3677,7764.7,-0.0119,4,0
50.3317,0.459246,59.987166,-0.004444,0.0965,0.3330,7755.8,-0.0117,4,0
50.3127,0.459246,59.987161,-0.004444,0.1106,0.3082,7744.0,-0.0115,4,0
50.2892,0.460477,59.987157,-0.004443,0.1247,0.2835,7736.2,-0.0113,4,0
50.2624,0.460477,59.987152,-0.004442,0.1324,0.2657,7730.4,-0.0108,4,0
50.2340,0.460477,59.987147,-0.004441,0.1402,0.2478,7720.7,-0.0102,4,0
50.2040,0.460477,59.987142,-0.004440,0.1536,0.2347,7709.7,-0.0093,4,0
50.1704,0.460477,59.987138,-0.004439,0.1670,0.2216,7701.0,-0.0083,4,0
50.1333,0.460477,59.987133,-0.004438,0.1750,0.2170,7696.4,-0.0070,4,0
50.0946,0.460477,59.987129,-0.004438,0.1829,0.2124,7689.4,-0.0056,4,0
50.0554,0.460477,59.987124,-0.004437,0.1946,0.2171,7680.0,-0.0041,4,0
50.0148,0.460477,59.987120,-0.004436,0.2063,0.2217,7672.7,-0.0026,4,0
49.9712,0.460477,59.987116,-0.004435,0.2220,0.2303,7666.9,-0.0010,4,0
49.9244,0.461700,59.987112,-0.004434,0.2377,0.2389,7660.5,0.0007,4,0
49.8780,0.461700,59.987107,-0.004433,0.2473,0.2449,7650.2,0.0024,4,0
49.8302,0.461700,59.987103,-0.004432,0.2569,0.2510,7641.9,0.0039,4,0
49.7802,0.461700,59.987099,-0.004431,0.2737,0.2470,7631.9,0.0055,4,0
49.7260,0.461700,59.987094,-0.004431,0.2905,0.2430,7623.5,0.0070,4,0
49.6695,0.461700,59.987090,-0.004430,0.3014,0.2280,7609.9,0.0083,4,0
49.6098,0.461700,59.987085,-0.004429,0.3123,0.2131,7595.4,0.0096,4,0
49.5481,0.461700,59.987081,-0.004428,0.3247,0.1924,7581.4,0.0110,4,0
49.4808,0.461700,59.987077,-0.004427,0.3371,0.1717,7570.6,0.0124,4,0
49.4110,0.461700,59.987072,-0.004426,0.3541,0.1491,7553.7,0.0137,4,0
49.3367,0.462911,59.987068,-0.004425,0.3712,0.1265,7535.2,0.0150,4,0
49.2589,0.462911,59.987063,-0.004424,0.3826,0.1052,7518.7,0.0163,4,0
49.1772,0.462911,59.987059,-0.004424,0.3940,0.0839,7502.7,0.0177,4,0
49.0912,0.462911,59.987054,-0.004423,0.4108,0.0672,7486.3,0.0188,4,0
49.0031,0.462911,59.987050,-0.004422,0.4276,0.0504,7467.6,0.0199,4,0
48.9112,0.462911,59.987045,-0.004421,0.4378,0.0388,7450.3,0.0209,4,0
48.8173,0.462911,59.987041,-0.004420,0.4481,0.0273,7430.5,0.0219,4,0
48.7202,0.462911,59.987037,-0.004419,0.4600,0.0198,7415.6,0.0227,4,0
48.6214,0.462911,59.987032,-0.004418,0.4720,0.0123,7538.2,0.0235,4,0
48.5227,0.462911,59.987028,-0.004418,0.4863,0.0067,8069.1,0.0244,4,0
48.4201,0.464100,59.987024,-0.004417,0.5005,0.0011,8578.9,0.0251,4,0
48.3144,0.464100,59.987020,-0.004416,0.5087,0.0005,8815.7,0.0255,4,0
48.2073,0.464100,59.987016,-0.004415,0.5168,0.0000,8792.7,0.0259,4,0
48.0982,0.464100,59.987011,-0.004414,0.5275,0.0000,8758.3,0.0265,3,0
47.9848,0.464100,59.987007,-0.004413,0.5382,0.0000,8731.3,0.0270,3,0
47.8686,0.464100,59.987003,-0.004413,0.5426,0.0000,8706.3,0.0274,3,0
47.7492,0.464100,59.986999,-0.004412,0.5471,0.0000,8686.0,0.0277,3,0
47.6291,0.464100,59.986994,-0.004411,0.5554,0.0000,8661.1,0.0281,3,0
47.5083,0.464100,59.986990,-0.004410,0.5638,0.0000,8634.2,0.0285,3,0
47.3843,0.464100,59.986986,-0.004410,0.5716,0.0000,8609.6,0.0289,3,0
47.2580,0.465260,59.986981,-0.004409,0.5794,0.0000,8583.3,0.0291,3,0
47.1295,0.465260,59.986977,-0.004408,0.5865,0.0000,8559.1,0.0290,3,0
46.9989,0.465260,59.986973,-0.004407,0.5936,0.0000,8535.8,0.0292,3,0
46.8674,0.465260,59.986969,-0.004407,0.5980,0.0000,8509.9,0.0293,3,0
46.7343,0.465260,59.986964,-0.004406,0.6024,0.0000,8480.3,0.0293,3,0
46.5990,0.465260,59.986960,-0.004405,0.6095,0.0000,8457.9,0.0291,3,0
46.4622,0.465260,59.986956,-0.004405,0.6166,0.0000,8433.3,0.0289,3,0
46.3248,0.465260,59.986952,-0.004404,0.6167,0.0000,8403.4,0.0287,3,0
46.1868,0.465260,59.986948,-0.004403,0.6168,0.0000,8376.8,0.0285,3,0
46.0474,0.465260,59.986944,-0.004403,0.6180,0.0000,8353.1,0.0280,3,0
45.9078,0.466390,59.986940,-0.004402,0.6191,0.0000,8326.9,0.0275,3,0
45.7679,0.466390,59.986936,-0.004402,0.6198,0.0000,8301.9,0.0272,3,0
45.6274,0.466390,59.986932,-0.004401,0.6205,0.0000,8277.9,0.0269,3,0
45.4866,0.466390,59.986928,-0.004400,0.6210,0.0000,8249.4,0.0266,3,0
45.3449,0.466390,59.986924,-0.004400,0.6215,0.0000,8221.6,0.0262,3,0
45.2028,0.466390,59.986920,-0.004399,0.6215,0.0000,8195.6,0.0260,3,0
45.0609,0.466390,59.986916,-0.004399,0.6215,0.0000,8170.4,0.0260,3,0
44.9192,0.466390,59.986911,-0.004398,0.6225,0.0000,8142.0,0.0261,3,0
44.7774,0.466390,59.986907,-0.004398,0.6236,0.0000,8110.7,0.0261,3,0
44.6340,0.466390,59.986903,-0.004397,0.6222,0.0000,8085.3,0.0262,3,0
44.4915,0.467488,59.986899,-0.004397,0.6208,0.0000,8060.8,0.0264,3,0
44.3484,0.467488,59.986894,-0.004396,0.6226,0.0000,8032.1,0.0267,3,0
44.2045,0.467488,59.986890,-0.004396,0.6243,0.0000,8005.4,0.0269,3,0
44.0609,0.467488,59.986886,-0.004395,0.6244,0.0000,7977.1,0.0270,3,0
43.9163,0.467488,59.986881,-0.004395,0.6244,0.0000,7950.6,0.0268,3,0
43.7711,0.467488,59.986877,-0.004394,0.6243,0.0000,7927.7,0.0269,3,0
43.6277,0.467488,59.986873,-0.004394,0.6242,0.0000,7903.9,0.0269,3,0
43.4831,0.467488,59.986870,-0.004393,0.6224,0.0000,7878.3,0.0269,3,0
43.3407,0.467488,59.986866,-0.004393,0.6205,0.0000,7847.6,0.0270,3,0
43.1974,0.467488,59.986862,-0.004393,0.6157,0.0000,7823.3,0.0270,3,0
43.0549,0.468547,59.986858,-0.004392,0.6108,0.0000,7800.8,0.0273,3,0
42.9143,0.468547,59.986855,-0.004392,0.6088,0.0000,7776.0,0.0278,3,0
42.7735,0.468547,59.986851,-0.004391,0.6068,0.0000,7750.1,0.0284,3,0
42.6341,0.468547,59.986847,-0.004391,0.6074,0.0000,7719.8,0.0290,3,0
42.4940,0.468547,59.986844,-0.004391,0.6079,0.0000,7692.2,0.0297,3,0
42.3531,0.468547,59.986840,-0.004390,0.6087,0.0000,7663.4,0.0306,3,0
42.2145,0.468547,59.986836,-0.004390,0.6096,0.0000,8053.7,0.0317,3,0
42.0745,0.468547,59.986832,-0.004390,0.6102,0.0000,8564.3,0.0328,3,0
41.9365,0.468547,59.986828,-0.004390,0.6107,0.0000,9033.8,0.0338,3,0
41.7975,0.468547,59.986824,-0.004389,0.6111,0.0000,9336.6,0.0349,3,0
41.6587,0.469570,59.986820,-0.004389,0.6115,0.0000,9298.8,0.0361,2,0
41.5195,0.469570,59.986816,-0.004389,0.6077,0.0000,9263.9,0.0374,2,0
41.3802,0.469570,59.986812,-0.004388,0.6039,0.0000,9229.2,0.0388,2,0
41.2424,0.469570,59.986808,-0.004388,0.6045,0.0000,9192.5,0.0402,2,0
41.1066,0.469570,59.986804,-0.004388,0.6051,0.0000,9152.1,0.0416,2,0
40.9678,0.469570,59.986800,-0.004388,0.6036,0.0000,9123.1,0.0431,2,0
40.8332,0.469570,59.986797,-0.004388,0.6022,0.0000,9089.7,0.0447,2,0
40.6997,0.469570,59.986793,-0.004387,0.6005,0.0000,9057.1,0.0461,2,0
40.5640,0.469570,59.986790,-0.004387,0.5988,0.0000,9020.8,0.0478,2,0
40.4320,0.469570,59.986787,-0.004387,0.5992,0.0000,8976.3,0.0494,2,0
40.2992,0.470561,59.986784,-0.004387,0.5997,0.0000,8930.6,0.0508,2,0
40.1666,0.470561,59.986780,-0.004387,0.5968,0.0000,8889.6,0.0520,2,0
40.0348,0.470561,59.986777,-0.004387,0.5939,0.0000,8877.0,0.0530,2,0
39.8953,0.470561,59.986774,-0.004387,0.5978,0.0000,8882.0,0.0544,2,0
39.7591,0.470561,59.986770,-0.004386,0.6016,0.0000,8854.8,0.0547,2,0
39.6261,0.470561,59.986767,-0.004386,0.5972,0.0000,8810.8,0.0549,2,0
39.4912,0.470561,59.986764,-0.004386,0.5929,0.0000,8773.2,0.0550,2,0
39.3589,0.470561,59.986760,-0.004386,0.5936,0.0000,8735.6,0.0548,2,0
39.2287,0.470561,59.986756,-0.004386,0.5944,0.0000,8693.7,0.0544,2,0
39.0964,0.470561,59.986753,-0.004386,0.5923,0.0000,8663.5,0.0542,2,0
38.9647,0.471519,59.986750,-0.004386,0.5903,0.0000,8672.8,0.0540,2,0
38.8346,0.471519,59.986746,-0.004386,0.5881,0.0000,8654.0,0.0537,2,0
38.7046,0.471519,59.986743,-0.004386,0.5859,0.0000,8619.8,0.0537,2,0
38.5759,0.471519,59.986739,-0.004386,0.5867,0.0000,8585.5,0.0538,2,0
38.4477,0.471519,59.986736,-0.004386,0.5874,0.0000,8548.9,0.0536,2,0
38.3207,0.471519,59.986732,-0.004386,0.5822,0.0000,8509.5,0.0535,2,0
38.1972,0.471519,59.986729,-0.004386,0.5770,0.0000,8464.3,0.0539,2,0
38.0697,0.471519,59.986726,-0.004386,0.5764,0.0000,8475.6,0.0541,2,0
37.9421,0.471519,59.986722,-0.004386,0.5758,0.0000,8460.1,0.0547,2,0
37.8156,0.471519,59.986719,-0.004386,0.5723,0.0000,8424.4,0.0554,2,0
37.6911,0.472443,59.986716,-0.004387,0.5689,0.0000,8385.2,0.0560,2,0
37.5661,0.472443,59.986713,-0.004387,0.5655,0.0000,8347.2,0.0572,2,0
37.4445,0.472443,59.986710,-0.004387,0.5621,0.0000,8302.0,0.0587,2,0
37.3229,0.472443,59.986706,-0.004387,0.5630,0.0000,8263.1,0.0599,2,0
37.1954,0.472443,59.986703,-0.004387,0.5639,0.0000,8280.9,0.0613,2,0
37.0704,0.472443,59.986700,-0.004387,0.5584,0.0000,8259.5,0.0630,2,0
36.9490,0.472443,59.986696,-0.004387,0.5530,0.0000,8219.1,0.0648,2,0
36.8281,0.472443,59.986693,-0.004388,0.5515,0.0000,8180.2,0.0665,2,0
36.7129,0.472443,59.986689,-0.004388,0.5501,0.0000,8129.6,0.0684,2,0
36.5915,0.472443,59.986686,-0.004388,0.5466,0.0000,8125.2,0.0707,2,0
36.4707,0.473332,59.986682,-0.004388,0.5430,0.0000,8098.2,0.0723,2,0
36.3535,0.473332,59.986678,-0.004388,0.5387,0.0000,8054.0,0.0738,2,0
36.2376,0.473332,59.986675,-0.004389,0.5344,0.0000,8037.2,0.0750,2,0
36.1185,0.473332,59.986671,-0.004389,0.5340,0.0000,8029.4,0.0767,2,0
36.0038,0.473332,59.986668,-0.004389,0.5336,0.0000,7988.7,0.0784,2,0
35.8916,0.473332,59.986664,-0.004389,0.5271,0.0000,7967.1,0.0795,2,0
35.7725,0.473332,59.986661,-0.004390,0.5206,0.0000,7965.1,0.0806,2,0
35.6593,0.473332,59.986658,-0.004390,0.5160,0.0000,7928.9,0.0825,2,0
35.5464,0.473332,59.986655,-0.004390,0.5114,0.0000,7887.9,0.0832,2,0
35.4340,0.473332,59.986652,-0.004391,0.5063,0.0000,7874.6,0.0841,2,0
35.3184,0.474199,59.986648,-0.004391,0.5013,0.0000,7866.1,0.0850,2,0
35.2104,0.474199,59.986645,-0.004392,0.4934,0.0000,7827.5,0.0860,2,0
35.1010,0.474199,59.986642,-0.004392,0.4855,0.0000,7796.6,0.0860,2,0
34.9855,0.474199,59.986639,-0.004392,0.4822,0.0000,7809.4,0.0861,2,0
34.8739,0.474199,59.986636,-0.004393,0.4790,0.0000,7786.9,0.0856,2,0
34.7635,0.474199,59.986633,-0.004393,0.4695,0.0000,7754.4,0.0853,2,0
34.6578,0.474199,59.986630,-0.004394,0.4601,0.0000,7716.2,0.0847,2,0
34.5532,0.474199,59.986627,-0.004394,0.4545,0.0000,7684.8,0.0839,2,0
34.4439,0.474199,59.986624,-0.004395,0.4490,0.0000,7695.2,0.0828,2,0
34.3379,0.474199,59.986621,-0.004395,0.4400,0.0000,7675.3,0.0816,2,0
34.2340,0.475033,59.986618,-0.004396,0.4310,0.0000,7650.0,0.0799,2,0
34.1326,0.475033,59.986615,-0.004396,0.4210,0.0000,7625.5,0.0784,2,0
34.0345,0.475033,59.986612,-0.004397,0.4110,0.0000,7600.6,0.0769,2,0
33.9380,0.475033,59.986609,-0.004397,0.4026,0.0000,7575.4,0.0752,2,0
33.8415,0.475033,59.986606,-0.004398,0.3942,0.0000,7554.1,0.0735,2,0
33.7463,0.475033,59.986603,-0.004398,0.3788,0.0000,7541.0,0.0717,2,0
33.6510,0.475033,59.986600,-0.004399,0.3633,0.0000,7541.4,0.0699,2,0
33.5597,0.475033,59.986597,-0.004400,0.3519,0.0000,7543.4,0.0685,2,0
33.4747,0.475033,59.986594,-0.004400,0.3405,0.0000,7530.3,0.0675,2,0
33.3914,0.475033,59.986591,-0.004401,0.3294,0.0000,7518.5,0.0668,2,0
33.3105,0.475840,59.986588,-0.004402,0.3184,0.0000,7503.9,0.0663,2,0
33.2322,0.475840,59.986584,-0.004402,0.3068,0.0000,7487.0,0.0663,2,0
33.1557,0.475840,59.986581,-0.004403,0.2952,0.0000,7475.7,0.0664,2,0
33.0822,0.475840,59.986578,-0.004404,0.2867,0.0000,7458.9,0.0670,2,0
33.0077,0.475840,59.986575,-0.004404,0.2782,0.0000,7455.3,0.0680,2,0
32.9394,0.475840,59.986572,-0.004405,0.2627,0.0000,7437.0,0.0694,2,0
32.8728,0.475840,59.986569,-0.004406,0.2472,0.0000,7426.7,0.0708,2,0
32.8087,0.475840,59.986566,-0.004407,0.2372,0.0000,7414.8,0.0723,2,0
32.7493,0.475840,59.986562,-0.004408,0.2272,0.0000,7391.1,0.0738,2,0
32.6886,0.475840,59.986559,-0.004408,0.2167,0.0000,7382.3,0.0754,2,0
32.6298,0.476636,59.986556,-0.004409,0.2061,0.0000,7375.7,0.0771,2,0
32.5738,0.476636,59.986553,-0.004410,0.1979,0.0000,7368.0,0.0791,2,0
32.5204,0.476636,59.986550,-0.004411,0.1898,0.0000,7357.6,0.0810,2,0
32.4689,0.476636,59.986546,-0.004412,0.1884,0.0000,7342.3,0.0829,2,0
32.4161,0.476636,59.986543,-0.004413,0.1870,0.0000,7329.0,0.0847,2,0
32.3636,0.476636,59.986540,-0.004413,0.1802,0.0000,7317.9,0.0864,2,0
32.3123,0.476636,59.986537,-0.004415,0.1734,0.0000,7309.4,0.0882,2,0
32.2613,0.476636,59.986535,-0.004416,0.1689,0.0000,7307.4,0.0902,2,0
32.2135,0.476636,59.986532,-0.004417,0.1644,0.0000,7299.3,0.0924,2,0
32.1670,0.476636,59.986530,-0.004418,0.1612,0.0000,7285.9,0.0944,2,0
32.1204,0.477419,59.986527,-0.004419,0.1580,0.0000,7273.5,0.0964,2,0
32.0739,0.477419,59.986525,-0.004420,0.1535,0.0000,7264.3,0.0984,2,0
32.0286,0.477419,59.986522,-0.004421,0.1489,0.0000,7255.5,0.1003,2,0
31.9835,0.477419,59.986520,-0.004422,0.1535,0.0000,7245.9,0.1024,2,0
31.9371,0.477419,59.986517,-0.004423,0.1581,0.0000,7240.0,0.1048,2,0
31.8907,0.477419,59.986515,-0.004424,0.1547,0.0000,7232.8,0.1072,2,0
31.8464,0.477419,59.986512,-0.004425,0.1513,0.0000,7219.9,0.1096,2,0
31.8022,0.477419,59.986509,-0.004426,0.1504,0.0000,7209.2,0.1118,2,0
31.7579,0.477419,59.986506,-0.004428,0.1495,0.0000,7199.5,0.1141,2,0
31.7129,0.477419,59.986503,-0.004429,0.1473,0.0000,7189.3,0.1162,2,0
31.6691,0.478201,59.986500,-0.004430,0.1451,0.0000,7181.3,0.1186,2,0
31.6256,0.478201,59.986497,-0.004431,0.1399,0.0000,7178.7,0.1212,2,0
31.5843,0.478201,59.986494,-0.004432,0.1346,0.0000,7170.6,0.1239,2,0
31.5450,0.478201,59.986491,-0.004434,0.1318,0.0000,7156.6,0.1266,2,0
31.5064,0.478201,59.986488,-0.004435,0.1289,0.0000,7145.7,0.1294,2,0
31.4667,0.478201,59.986485,-0.004436,0.1215,0.0000,7136.6,0.1323,2,0
31.4293,0.478201,59.986482,-0.004438,0.1142,0.0000,7127.8,0.1352,2,0
31.3930,0.478201,59.986480,-0.004439,0.1112,0.0000,7121.4,0.1386,2,0
31.3566,0.478201,59.986477,-0.004440,0.1082,0.0000,7118.2,0.1421,2,0
31.3220,0.478201,59.986474,-0.004442,0.1046,0.0000,7107.6,0.1455,2,0
31.2887,0.478965,59.986472,-0.004443,0.1010,0.0000,7094.6,0.1488,2,0
31.2548,0.478965,59.986469,-0.004445,0.0969,0.0000,7086.9,0.1518,2,0
31.2220,0.478965,59.986466,-0.004446,0.0928,0.0000,7078.3,0.1547,2,0
31.1896,0.478965,59.986463,-0.004447,0.0911,0.0000,7068.3,0.1574,2,0
31.1565,0.478965,59.986461,-0.004449,0.0895,0.0000,7063.4,0.1600,2,0
31.1231,0.478965,59.986458,-0.004450,0.0824,0.0000,7062.2,0.1623,2,0
31.0928,0.478965,59.986455,-0.004452,0.0752,0.0000,7057.0,0.1641,2,0
31.0646,0.478965,59.986452,-0.004453,0.0727,0.0000,7046.2,0.1653,2,0
31.0351,0.478965,59.986450,-0.004455,0.0702,0.0000,7041.0,0.1662,2,0
31.0057,0.478965,59.986447,-0.004457,0.0637,0.0000,7038.3,0.1668,2,0
30.9785,0.479744,59.986444,-0.004458,0.0571,0.0000,7033.1,0.1675,2,0
30.9508,0.479744,59.986441,-0.004460,0.0547,0.0000,7032.4,0.1683,2,0
30.9234,0.479744,59.986438,-0.004461,0.0523,0.0000,7035.9,0.1689,2,0
30.8977,0.479744,59.986436,-0.004463,0.0479,0.0000,7036.5,0.1692,2,0
30.8734,0.479744,59.986433,-0.004465,0.0436,0.0000,7033.6,0.1695,2,0
30.8471,0.479744,59.986430,-0.004466,0.0403,0.0000,7038.5,0.1695,2,0
30.8235,0.479744,59.986427,-0.004468,0.0370,0.0000,7035.2,0.1696,2,0
30.8015,0.479744,59.986425,-0.004470,0.0340,0.0000,7030.2,0.1699,2,0
30.7782,0.479744,59.986422,-0.004472,0.0311,0.0000,7031.8,0.1704,2,0
30.7549,0.479744,59.986420,-0.004473,0.0301,0.0000,7034.9,0.1710,2,0
30.7318,0.480494,59.986417,-0.004475,0.0290,0.0000,7040.7,0.1714,2,0
30.7104,0.480494,59.986414,-0.004477,0.0261,0.0000,7037.4,0.1719,2,0
30.6889,0.480494,59.986412,-0.004479,0.0232,0.0000,7035.5,0.1723,2,0
30.6677,0.480494,59.986409,-0.004481,0.0212,0.0000,7035.3,0.1729,2,0
30.6471,0.480494,59.986407,-0.004482,0.0192,0.0000,7034.9,0.1739,2,0
30.6269,0.480494,59.986404,-0.004484,0.0155,0.0000,7035.9,0.1751,2,0
30.6077,0.480494,59.986402,-0.004486,0.0118,0.0000,7037.7,0.1765,2,0
30.5892,0.480494,59.986399,-0.004488,0.0071,0.0000,7038.2,0.1780,2,0
30.5712,0.480494,59.986397,-0.004490,0.0025,0.0000,7036.4,0.1796,2,0
30.5544,0.480494,59.986394,-0.004492,0.0012,0.0000,7033.6,0.1815,2,0
30.5384,0.481269,59.986392,-0.004494,0.0000,0.0000,7030.4,0.1836,2,0
30.5225,0.481269,59.986390,-0.004496,0.0000,0.0000,7027.3,0.1861,2,0
30.5058,0.481269,59.986387,-0.004498,0.0000,0.0000,7026.3,0.1887,2,0
30.4892,0.481269,59.986385,-0.004500,0.0000,0.0000,7024.8,0.1913,2,0
30.4727,0.481269,59.986382,-0.004502,0.0000,0.0000,7021.8,0.1940,2,0
30.4575,0.481269,59.986380,-0.004504,0.0000,0.0000,7015.4,0.1964,2,0
30.4422,0.481269,59.986377,-0.004506,0.0000,0.0000,7008.3,0.1990,2,0
30.4260,0.481269,59.986375,-0.004509,0.0000,0.0000,7003.7,0.2018,2,0
30.4097,0.481269,59.986373,-0.004511,0.0000,0.0000,6999.9,0.2045,2,0
30.3936,0.481269,59.986370,-0.004513,0.0000,0.0000,6995.5,0.2071,2,0
30.3772,0.482047,59.986368,-0.004515,0.0000,0.0000,6992.9,0.2092,2,0
30.3607,0.482047,59.986365,-0.004517,0.0000,0.0000,6988.8,0.2110,2,0
30.3444,0.482047,59.986362,-0.004520,0.0000,0.0000,6982.5,0.2124,2,0
30.3287,0.482047,59.986360,-0.004522,0.0000,0.0000,6974.3,0.2135,2,0
30.3126,0.482047,59.986358,-0.004524,0.0000,0.0000,6968.1,0.2144,2,0
30.2959,0.482047,59.986355,-0.004526,0.0000,0.0000,6963.8,0.2148,2,0
30.2784,0.482047,59.986353,-0.004529,0.0000,0.0000,6962.5,0.2148,2,0
30.2610,0.482047,59.986350,-0.004531,0.0000,0.0000,6960.5,0.2141,2,0
30.2437,0.482047,59.986348,-0.004534,0.0000,0.0000,6957.9,0.2130,2,0
30.2268,0.482047,59.986346,-0.004536,0.0000,0.0000,6951.8,0.2115,2,0
30.2103,0.482786,59.986344,-0.004538,0.0000,0.0000,6946.7,0.2100,2,0
30.1934,0.482786,59.986341,-0.004541,0.0000,0.0000,6942.2,0.2083,2,0
30.1753,0.482786,59.986339,-0.004543,0.0000,0.0000,6940.7,0.2066,2,0
30.1572,0.482786,59.986337,-0.004546,0.0000,0.0000,6941.7,0.2047,2,0
30.1389,0.482786,59.986334,-0.004548,0.0000,0.0000,6941.0,0.2026,2,0
30.1209,0.482786,59.986332,-0.004551,0.0000,0.0000,6938.4,0.2003,2,0
30.1039,0.482786,59.986330,-0.004553,0.0000,0.0000,6932.8,0.1982,2,0
30.0858,0.482786,59.986328,-0.004556,0.0000,0.0000,6930.7,0.1963,2,0
30.0685,0.482786,59.986325,-0.004558,0.0000,0.0000,6927.3,0.1944,2,0
30.0508,0.482786,59.986323,-0.004561,0.0000,0.0000,6926.1,0.1925,2,0
30.0324,0.483576,59.986321,-0.004564,0.0000,0.0000,6928.3,0.1904,2,0
30.0137,0.483576,59.986319,-0.004566,0.0000,0.0000,6930.3,0.1882,2,0
29.9959,0.483576,59.986317,-0.004569,0.0000,0.0000,6927.9,0.1853,2,0
29.9784,0.483576,59.986314,-0.004572,0.0000,0.0000,6926.4,0.1822,2,0
29.9618,0.483576,59.986312,-0.004574,0.0000,0.0000,6922.2,0.1788,2,0
29.9455,0.483576,59.986310,-0.004577,0.0000,0.0000,6918.4,0.1751,2,0
29.9284,0.483576,59.986308,-0.004580,0.0000,0.0000,6918.5,0.1711,2,0
29.9110,0.483576,59.986305,-0.004583,0.0000,0.0039,6919.1,0.1665,2,0
29.8940,0.483576,59.986303,-0.004585,0.0000,0.0078,6919.2,0.1613,2,0
29.8776,0.483576,59.986300,-0.004588,0.0000,0.0188,6917.4,0.1557,2,0
29.8624,0.484374,59.986298,-0.004591,0.0000,0.0297,6915.9,0.1500,2,0
29.8482,0.484374,59.986296,-0.004594,0.0000,0.0422,6911.8,0.1440,2,0
29.8339,0.484374,59.986293,-0.004597,0.0000,0.0546,6909.5,0.1382,2,0
29.8204,0.484374,59.986291,-0.004600,0.0000,0.0712,6908.1,0.1320,2,0
29.8076,0.484374,59.986288,-0.004602,0.0000,0.0877,6912.2,0.1260,2,0
29.7961,0.484374,59.986286,-0.004605,0.0000,0.1101,6920.7,0.1202,2,0
29.7870,0.484374,59.986284,-0.004608,0.0000,0.1325,6930.0,0.1147,2,0
29.7815,0.484374,59.986281,-0.004611,0.0000,0.1587,6936.0,0.1099,2,0
29.7783,0.484374,59.986279,-0.004614,0.0000,0.1849,6943.4,0.1056,2,0
29.7770,0.484374,59.986277,-0.004617,0.0000,0.2163,6954.0,0.1017,2,0
29.7778,0.485103,59.986275,-0.004620,0.0000,0.2476,6968.5,0.0982,2,0
29.7806,0.485103,59.986272,-0.004624,0.0000,0.2838,6986.6,0.0953,2,0
29.7858,0.485103,59.986270,-0.004627,0.0000,0.3199,7006.4,0.0929,2,0
29.7932,0.485103,59.986268,-0.004630,0.0000,0.3548,7028.5,0.0910,2,0
29.8028,0.485103,59.986265,-0.004633,0.0000,0.3896,7050.5,0.0898,2,0
29.8150,0.485103,59.986263,-0.004636,0.0000,0.4213,7074.7,0.0892,2,0
29.8291,0.485103,59.986261,-0.004639,0.0000,0.4530,7098.6,0.0890,2,0
29.8464,0.485103,59.986258,-0.004642,0.0000,0.4793,7119.5,0.0893,2,0
29.8644,0.485103,59.986256,-0.004645,0.0000,0.5055,7144.6,0.0902,2,0
29.8831,0.485103,59.986254,-0.004649,0.0000,0.5257,7172.3,0.0916,2,0
29.9039,0.485913,59.986252,-0.004652,0.0000,0.5460,7195.4,0.0935,2,0
29.9276,0.485913,59.986249,-0.004655,0.0000,0.5603,7214.3,0.0956,2,0
29.9535,0.485913,59.986247,-0.004658,0.0000,0.5746,7224.1,0.0981,2,0
29.9811,0.485913,59.986245,-0.004662,0.0000,0.5838,7231.7,0.1007,2,0
30.0087,0.485913,59.986242,-0.004665,0.0000,0.5931,7241.4,0.1036,2,0
30.0364,0.485913,59.986240,-0.004668,0.0000,0.5972,7251.3,0.1064,2,0
30.0640,0.485913,59.986238,-0.004672,0.0000,0.6014,7260.7,0.1094,2,0
30.0927,0.485913,59.986236,-0.004675,0.0000,0.6039,7265.8,0.1126,2,0
30.1214,0.485913,59.986234,-0.004679,0.0000,0.6064,7272.1,0.1158,2,0
30.1508,0.485913,59.986232,-0.004682,0.0000,0.6071,7276.7,0.1190,2,0
30.1810,0.486649,59.986230,-0.004686,0.0000,0.6077,7276.0,0.1221,2,0
30.2110,0.486649,59.986228,-0.004689,0.0000,0.6079,7278.9,0.1250,2,0
30.2398,0.486649,59.986226,-0.004692,0.0000,0.6081,7283.9,0.1280,2,0
30.2674,0.486649,59.986224,-0.004696,0.0000,0.6094,7293.9,0.1307,2,0
30.2961,0.486649,59.986222,-0.004699,0.0000,0.6106,7301.2,0.1335,2,0
30.3247,0.486649,59.986220,-0.004703,0.0000,0.6131,7308.1,0.1362,2,0
30.3545,0.486649,59.986218,-0.004707,0.0000,0.6155,7311.8,0.1386,2,0
30.3852,0.486649,59.986216,-0.004710,0.0000,0.6199,7313.7,0.1407,2,0
30.4148,0.486649,59.986214,-0.004714,0.0000,0.6243,7323.7,0.1426,2,0
30.4444,0.486649,59.986212,-0.004718,0.0000,0.6293,7333.3,0.1443,2,0
30.4743,0.487474,59.986210,-0.004721,0.0000,0.6342,7342.1,0.1460,2,0
30.5052,0.487474,59.986208,-0.004725,0.0000,0.6406,7348.9,0.1474,2,0
30.5363,0.487474,59.986206,-0.004729,0.0000,0.6470,7359.1,0.1487,2,0
30.5690,0.487474,59.986204,-0.004732,0.0000,0.6541,7364.9,0.1495,2,0
30.6022,0.487474,59.986202,-0.004736,0.0000,0.6612,7369.9,0.1501,2,0
30.6351,0.487474,59.986200,-0.004740,0.0000,0.6671,7379.5,0.1505,2,0
30.6665,0.487474,59.986198,-0.004743,0.0000,0.6731,7392.6,0.1502,2,0
30.6989,0.487474,59.986196,-0.004747,0.0000,0.6787,7405.9,0.1497,2,0
30.7325,0.487474,59.986194,-0.004751,0.0000,0.6843,7415.0,0.1492,2,0
30.7664,0.487474,59.986192,-0.004755,0.0000,0.6899,7421.9,0.1484,2,0
30.8009,0.488293,59.986190,-0.004759,0.0000,0.6956,7429.9,0.1472,2,0
30.8343,0.488293,59.986188,-0.004763,0.0000,0.7007,7443.3,0.1456,2,0
30.8669,0.488293,59.986186,-0.004767,0.0000,0.7058,7459.5,0.1438,2,0
30.8999,0.488293,59.986184,-0.004770,0.0000,0.7091,7476.0,0.1418,2,0
30.9339,0.488293,59.986182,-0.004774,0.0000,0.7125,7489.7,0.1400,2,0
30.9669,0.488293,59.986180,-0.004778,0.0000,0.7157,7506.8,0.1382,2,0
30.9987,0.488293,59.986178,-0.004782,0.0000,0.7188,7457.2,0.1363,2,0
31.0277,0.488293,59.986176,-0.004786,0.0000,0.7206,7496.1,0.1346,2,0
31.0606,0.488293,59.986174,-0.004790,0.0000,0.7223,7519.0,0.1331,2,0
31.0928,0.488293,59.986172,-0.004794,0.0000,0.7248,7518.7,0.1318,2,0
31.1213,0.489054,59.986170,-0.004798,0.0000,0.7274,7504.8,0.1308,2,0
31.1506,0.489054,59.986168,-0.004803,0.0000,0.7315,7540.3,0.1302,2,0
31.1828,0.489054,59.986166,-0.004807,0.0000,0.7356,7527.0,0.1298,2,0
31.2100,0.489054,59.986164,-0.004811,0.0000,0.7423,7536.1,0.1296,2,0
31.2406,0.489054,59.986162,-0.004815,0.0000,0.7490,7575.4,0.1296,2,0
31.2699,0.489054,59.986160,-0.004819,0.0000,0.7551,7535.2,0.1297,2,0
31.2970,0.489054,59.986158,-0.004823,0.0000,0.7612,7589.5,0.1298,2,0
31.3264,0.489054,59.986156,-0.004827,0.0000,0.7676,7553.8,0.1302,2,0
31.3533,0.489054,59.986154,-0.004832,0.0000,0.7739,7589.0,0.1306,2,0
31.3807,0.489054,59.986152,-0.004836,0.0000,0.7797,7589.0,0.1310,2,0
31.4100,0.489887,59.986150,-0.004840,0.0000,0.7855,7596.5,0.1313,2,0
31.4370,0.489887,59.986148,-0.004844,0.0000,0.7916,7618.5,0.1312,2,0
31.4652,0.489887,59.986146,-0.004849,0.0000,0.7976,7609.8,0.1308,2,0
31.4914,0.489887,59.986144,-0.004853,0.0000,0.8030,7635.5,0.1302,2,0
31.5192,0.489887,59.986142,-0.004857,0.0000,0.8084,7612.0,0.1294,2,0
31.5473,0.489887,59.986140,-0.004861,0.0000,0.8135,7636.8,0.1283,2,0
31.5748,0.489887,59.986139,-0.004866,0.0000,0.8187,7661.9,0.1270,2,0
31.6048,0.489887,59.986137,-0.004870,0.0000,0.8228,7635.0,0.1253,2,0
31.6348,0.489887,59.986136,-0.004875,0.0000,0.8270,7654.2,0.1232,2,0
31.6608,0.489887,59.986134,-0.004879,0.0000,0.8304,7682.8,0.1209,2,0
31.6909,0.490738,59.986133,-0.004884,0.0000,0.8339,7656.7,0.1183,2,0
31.7214,0.490738,59.986132,-0.004888,0.0000,0.8364,7675.6,0.1160,2,0
31.7504,0.490738,59.986130,-0.004893,0.0000,0.8389,7696.8,0.1135,2,0
31.7797,0.490738,59.986129,-0.004897,0.0000,0.8435,7673.8,0.1106,2,0
31.8107,0.490738,59.986127,-0.004902,0.0000,0.8481,7691.2,0.1076,2,0
31.8403,0.490738,59.986126,-0.004906,0.0000,0.8523,7711.6,0.1042,2,0
31.8724,0.490738,59.986124,-0.004911,0.0000,0.8566,7699.9,0.1008,2,0
31.9029,0.490738,59.986122,-0.004915,0.0000,0.8608,7742.4,0.0973,2,0
31.9331,0.490738,59.986120,-0.004920,0.0000,0.8650,7717.2,0.0938,2,0
31.9631,0.490738,59.986118,-0.004925,0.0000,0.8703,7743.7,0.0897,2,0
31.9949,0.491520,59.986117,-0.004929,0.0000,0.8756,7748.2,0.0855,2,0
32.0291,0.491520,59.986115,-0.004934,0.0000,0.8809,7735.5,0.0811,2,0
32.0599,0.491520,59.986113,-0.004939,0.0000,0.8861,7765.7,0.0766,2,0
32.0909,0.491520,59.986111,-0.004943,0.0000,0.8913,7776.1,0.0724,2,0
32.1248,0.491520,59.986109,-0.004948,0.0000,0.8965,7768.4,0.0683,2,0
32.1594,0.491520,59.986107,-0.004953,0.0000,0.9022,7787.0,0.0646,2,0
32.1959,0.491520,59.986105,-0.004957,0.0000,0.9078,7782.3,0.0611,2,0
32.2346,0.491520,59.986104,-0.004962,0.0000,0.9126,7791.3,0.0583,2,0
32.2667,0.491520,59.986102,-0.004967,0.0000,0.9174,7816.6,0.0559,2,0
32.3037,0.491520,59.986100,-0.004972,0.0000,0.9217,7803.2,0.0537,2,0
32.3385,0.492387,59.986098,-0.004977,0.0000,0.9261,7849.3,0.0523,2,0
32.3751,0.492387,59.986097,-0.004981,0.0000,0.9310,7810.7,0.0510,2,0
32.4108,0.492387,59.986095,-0.004986,0.0000,0.9359,7852.2,0.0499,2,0
32.4478,0.492387,59.986093,-0.004991,0.0000,0.9407,7847.4,0.0489,2,0
32.4839,0.492387,59.986092,-0.004996,0.0000,0.9455,7860.0,0.0477,2,0
32.5182,0.492387,59.986090,-0.005001,0.0000,0.9492,7884.7,0.0466,2,0
32.5532,0.492387,59.986089,-0.005006,0.0000,0.9530,7859.4,0.0457,2,0
32.5900,0.492387,59.986087,-0.005011,0.0000,0.9569,7880.3,0.0451,2,0
32.6262,0.492387,59.986086,-0.005016,0.0000,0.9608,7901.0,0.0448,2,0
32.6683,0.492387,59.986084,-0.005021,0.0000,0.9634,7872.1,0.0447,2,0
32.7061,0.493256,59.986083,-0.005026,0.0000,0.9660,7913.4,0.0450,2,0
32.7488,0.493256,59.986082,-0.005031,0.0000,0.9683,7902.4,0.0457,2,0
32.7871,0.493256,59.986080,-0.005036,0.0000,0.9705,7914.9,0.0466,2,0
32.8306,0.493256,59.986079,-0.005041,0.0000,0.9716,7957.1,0.0482,2,0
32.8773,0.493256,59.986077,-0.005046,0.0000,0.9726,7911.1,0.0500,2,0
32.9172,0.493256,59.986076,-0.005051,0.0000,0.9735,7947.8,0.0520,2,0
32.9640,0.493256,59.986074,-0.005056,0.0000,0.9744,7973.6,0.0540,2,0
33.0135,0.493256,59.986073,-0.005061,0.0000,0.9754,7988.3,0.0561,2,0
33.0644,0.493256,59.986071,-0.005066,0.0000,0.9764,7996.9,0.0583,2,0
33.1150,0.493256,59.986070,-0.005072,0.0000,0.9776,8006.3,0.0608,2,0
33.1673,0.494126,59.986068,-0.005077,0.0000,0.9789,8010.1,0.0633,2,0
33.2200,0.494126,59.986066,-0.005082,0.0000,0.9807,8012.0,0.0659,2,0
33.2721,0.494126,59.986065,-0.005087,0.0000,0.9824,8017.7,0.0684,2,0
33.3244,0.494126,59.986063,-0.005092,0.0000,0.9842,8019.6,0.0708,2,0
33.3771,0.494126,59.986062,-0.005098,0.0000,0.9861,8020.8,0.0730,2,0
33.4287,0.494126,59.986060,-0.005103,0.0000,0.9880,8024.5,0.0752,2,0
33.4808,0.494126,59.986059,-0.005108,0.0000,0.9900,8028.8,0.0772,2,0
33.5344,0.494126,59.986057,-0.005113,0.0000,0.9930,8028.0,0.0789,2,0
33.5864,0.494126,59.986056,-0.005119,0.0000,0.9961,8034.4,0.0803,2,0
33.6366,0.494126,59.986054,-0.005124,0.0000,0.9980,8045.8,0.0816,2,0
33.6884,0.494945,59.986053,-0.005129,0.0000,1.0000,8053.2,0.0825,2,0
33.7382,0.494945,59.986052,-0.005135,0.0000,1.0000,8065.4,0.0835,2,0
33.7901,0.494945,59.986050,-0.005140,0.0000,1.0000,8073.8,0.0847,2,0
33.8409,0.494945,59.986049,-0.005145,0.0000,1.0000,8084.3,0.0861,2,0
33.8911,0.494945,59.986047,-0.005151,0.0000,1.0000,8096.2,0.0875,2,0
33.9416,0.494945,59.986046,-0.005156,0.0000,1.0000,8108.0,0.0889,2,0
33.9908,0.494945,59.986045,-0.005162,0.0000,1.0000,8119.6,0.0905,2,0
34.0396,0.494945,59.986044,-0.005167,0.0000,1.0000,8136.7,0.0923,2,0
34.0896,0.494945,59.986042,-0.005173,0.0000,1.0000,8145.2,0.0944,2,0
34.1391,0.494945,59.986041,-0.005178,0.0000,1.0000,8157.8,0.0966,2,0
34.1883,0.495827,59.986040,-0.005184,0.0000,1.0000,8172.8,0.0988,2,0
34.2351,0.495827,59.986039,-0.005189,0.0000,1.0000,8191.2,0.1008,2,0
34.2847,0.495827,59.986038,-0.005195,0.0000,1.0000,8198.3,0.1027,2,0
34.3323,0.495827,59.986036,-0.005200,0.0000,1.0000,8213.0,0.1043,2,0
34.3799,0.495827,59.986035,-0.005206,0.0000,1.0000,8227.9,0.1058,2,0
34.4273,0.495827,59.986034,-0.005211,0.0000,1.0000,8242.9,0.1072,2,0
34.4761,0.495827,59.986033,-0.005217,0.0000,1.0000,8255.4,0.1080,2,0
34.5216,0.495827,59.986031,-0.005222,0.0000,1.0000,8276.6,0.1083,2,0
34.5678,0.495827,59.986030,-0.005228,0.0000,1.0000,8292.2,0.1083,2,0
34.6139,0.495827,59.986028,-0.005234,0.0000,1.0000,8306.2,0.1079,2,0
34.6620,0.496706,59.986027,-0.005239,0.0000,1.0000,8318.1,0.1074,2,0
34.7091,0.496706,59.986026,-0.005245,0.0000,1.0000,8332.6,0.1067,2,0
34.7551,0.496706,59.986024,-0.005251,0.0000,1.0000,8352.2,0.1059,2,0
34.7997,0.496706,59.986023,-0.005256,0.0000,1.0000,8376.5,0.1050,2,0
34.8478,0.496706,59.986021,-0.005262,0.0000,1.0000,8384.4,0.1041,2,0
34.8939,0.496706,59.986020,-0.005268,0.0000,1.0000,8395.5,0.1031,2,0
34.9402,0.496706,59.986019,-0.005273,0.0000,1.0000,8411.9,0.1024,2,0
34.9888,0.496706,59.986018,-0.005279,0.0000,1.0000,8421.3,0.1021,2,0
35.0360,0.496706,59.986016,-0.005285,0.0000,1.0000,8429.8,0.1020,2,0
35.0825,0.496706,59.986015,-0.005291,0.0000,1.0000,8446.1,0.1020,2,0
35.1290,0.497552,59.986014,-0.005297,0.0000,1.0000,8456.9,0.1024,2,0
35.1759,0.497552,59.986013,-0.005302,0.0000,1.0000,8462.6,0.1028,2,0
35.2223,0.497552,59.986012,-0.005308,0.0000,1.0000,8473.3,0.1036,2,0
35.2693,0.497552,59.986010,-0.005314,0.0000,1.0000,8485.2,0.1046,2,0
35.3139,0.497552,59.986009,-0.005320,0.0000,1.0000,8495.8,0.1056,2,0
35.3599,0.497552,59.986008,-0.005326,0.0000,1.0000,8509.3,0.1066,2,0
35.4039,0.497552,59.986007,-0.005331,0.0000,1.0000,8523.0,0.1076,2,0
35.4471,0.497552,59.986006,-0.005337,0.0000,1.0000,8538.8,0.1087,2,0
35.4901,0.497552,59.986004,-0.005343,0.0000,1.0000,8554.7,0.1099,2,0
35.5336,0.497552,59.986003,-0.005349,0.0000,1.0000,8569.2,0.1113,2,0
35.5780,0.498428,59.986002,-0.005355,0.0000,1.0000,8580.2,0.1127,2,0
35.6207,0.498428,59.986001,-0.005361,0.0000,1.0000,8595.2,0.1140,2,0
35.6622,0.498428,59.986000,-0.005367,0.0000,1.0000,8613.0,0.1153,2,0
35.7038,0.498428,59.985998,-0.005373,0.0000,1.0000,8628.5,0.1165,2,0
35.7453,0.498428,59.985997,-0.005379,0.0000,1.0000,8644.0,0.1177,2,0
35.7878,0.498428,59.985996,-0.005385,0.0000,1.0000,8657.4,0.1187,2,0
35.8298,0.498428,59.985995,-0.005391,0.0000,1.0000,8670.0,0.1195,2,0
35.8706,0.498428,59.985994,-0.005397,0.0000,1.0000,8683.9,0.1199,2,0
35.9095,0.498428,59.985993,-0.005403,0.0000,1.0000,8702.7,0.1202,2,0
35.9461,0.498428,59.985992,-0.005409,0.0000,1.0000,8655.4,0.1204,2,0
35.9763,0.499293,59.985990,-0.005415,0.0000,1.0000,8694.5,0.1203,2,0
36.0115,0.499293,59.985989,-0.005421,0.0000,1.0000,8730.2,0.1202,2,0
36.0455,0.499293,59.985988,-0.005427,0.0000,1.0000,8673.2,0.1196,2,0
36.0751,0.499293,59.985987,-0.005434,0.0000,1.0000,8737.8,0.1187,2,0
36.1071,0.499293,59.985986,-0.005440,0.0000,1.0000,8710.6,0.1176,2,0
36.1349,0.499293,59.985985,-0.005446,0.0000,1.0000,8754.0,0.1165,2,0
36.1647,0.499293,59.985984,-0.005452,0.0000,1.0000,8737.5,0.1150,2,0
36.1944,0.499293,59.985983,-0.005458,0.0000,1.0000,8773.5,0.1131,2,0
36.2237,0.499293,59.985983,-0.005464,0.0000,1.0000,8735.6,0.1109,2,0
36.2496,0.499293,59.985982,-0.005471,0.0000,1.0000,8781.7,0.1083,2,0
36.2765,0.500163,59.985981,-0.005477,0.0000,1.0000,8783.7,0.1054,2,0
36.3023,0.500163,59.985980,-0.005483,0.0000,1.0000,8780.0,0.1025,2,0
36.3291,0.500163,59.985979,-0.005489,0.0000,1.0000,8802.5,0.0991,2,0
36.3555,0.500163,59.985979,-0.005495,0.0000,1.0000,8807.0,0.0956,2,0
36.3825,0.500163,59.985978,-0.005502,0.0000,1.0000,8800.5,0.0920,2,0
36.4082,0.500163,59.985977,-0.005508,0.0000,1.0000,8805.0,0.0882,2,0
36.4308,0.500163,59.985976,-0.005514,0.0000,1.0000,8841.4,0.0846,2,0
36.4564,0.500163,59.985975,-0.005520,0.0000,1.0000,8816.8,0.0811,2,0
36.4809,0.500163,59.985974,-0.005527,0.0000,1.0000,8823.8,0.0774,2,0
36.5042,0.500163,59.985973,-0.005533,0.0000,1.0000,8853.8,0.0738,2,0
36.5286,0.501034,59.985971,-0.005539,0.0000,1.0000,8833.3,0.0701,2,0
36.5506,0.501034,59.985970,-0.005546,0.0000,1.0000,8848.8,0.0664,2,0
36.5723,0.501034,59.985969,-0.005552,0.0000,1.0000,8857.0,0.0627,2,0
36.5923,0.501034,59.985968,-0.005558,0.0000,1.0000,8883.0,0.0588,2,0
36.6117,0.501034,59.985967,-0.005564,0.0000,1.0000,8878.6,0.0546,2,0
36.6315,0.501034,59.985966,-0.005571,0.0000,1.0000,8875.6,0.0503,2,0
36.6492,0.501034,59.985965,-0.005577,0.0000,1.0000,8879.5,0.0454,2,0
36.6657,0.501034,59.985965,-0.005584,0.0000,1.0000,8887.5,0.0403,2,0
36.6836,0.501034,59.985964,-0.005590,0.0000,1.0000,8890.3,0.0349,2,0
36.7002,0.501034,59.985964,-0.005596,0.0000,1.0000,8897.9,0.0292,2,0
36.7189,0.501917,59.985963,-0.005603,0.0000,1.0000,8897.1,0.0233,2,0
36.7350,0.501917,59.985962,-0.005609,0.0000,1.0000,8906.7,0.0174,2,0
36.7512,0.501917,59.985962,-0.005615,0.0000,1.0000,8916.1,0.0115,2,0
36.7689,0.501917,59.985961,-0.005622,0.0000,1.0000,8920.2,0.0061,2,0
36.7860,0.501917,59.985961,-0.005628,0.0000,1.0000,8924.2,0.0007,2,0
36.8037,0.501917,59.985960,-0.005635,0.0000,1.0000,8923.2,-0.0043,2,0
36.8218,0.501917,59.985959,-0.005641,0.0000,1.0000,8926.1,-0.0089,2,0
36.8392,0.501917,59.985958,-0.005648,0.0000,1.0000,8928.4,-0.0131,2,0
36.8550,0.501917,59.985957,-0.005654,0.0000,1.0000,8934.4,-0.0166,2,0
36.8732,0.501917,59.985956,-0.005661,0.0000,1.0000,8936.1,-0.0196,2,0
36.8895,0.502807,59.985955,-0.005667,0.0000,1.0000,8940.6,-0.0220,2,0
36.9080,0.502807,59.985954,-0.005673,0.0000,1.0000,8936.9,-0.0238,2,0
36.9271,0.502807,59.985953,-0.005680,0.0000,1.0000,8933.1,-0.0251,2,0
36.9451,0.502807,59.985952,-0.005686,0.0000,1.0000,8955.9,-0.0259,2,0
36.9642,0.502807,59.985951,-0.005693,0.0000,1.0000,8947.3,-0.0263,2,0
36.9830,0.502807,59.985950,-0.005699,0.0000,1.0000,8964.9,-0.0264,2,0
37.0039,0.502807,59.985950,-0.005706,0.0000,1.0000,8957.3,-0.0262,2,0
37.0248,0.502807,59.985949,-0.005712,0.0000,1.0000,8973.1,-0.0259,2,0
37.0462,0.502807,59.985949,-0.005719,0.0000,1.0000,8956.7,-0.0255,2,0
37.0668,0.502807,59.985949,-0.005726,0.0000,1.0000,8969.3,-0.0252,2,0
37.0878,0.503710,59.985949,-0.005732,0.0000,1.0000,8976.2,-0.0251,2,0
37.1109,0.503710,59.985948,-0.005739,0.0000,1.0000,8989.1,-0.0252,2,0
37.1349,0.503710,59.985948,-0.005745,0.0000,1.0000,8964.8,-0.0257,2,0
37.1595,0.503710,59.985948,-0.005752,0.0000,1.0000,8989.7,-0.0266,2,0
37.1832,0.503710,59.985947,-0.005758,0.0000,1.0000,9016.6,-0.0278,2,0
37.2098,0.503710,59.985947,-0.005765,0.0000,1.0000,8986.4,-0.0293,2,0
37.2365,0.503710,59.985947,-0.005772,0.0000,1.0000,9003.5,-0.0312,2,0
37.2633,0.503710,59.985946,-0.005778,0.0000,1.0000,9018.8,-0.0333,2,0
37.2911,0.503710,59.985946,-0.005785,0.0000,1.0000,9006.0,-0.0356,2,0
37.3191,0.503710,59.985945,-0.005791,0.0000,1.0000,9038.2,-0.0377,2,0
37.3472,0.504612,59.985945,-0.005798,0.0000,1.0000,9019.4,-0.0399,2,0
37.3770,0.504612,59.985945,-0.005805,0.0000,1.0000,9047.7,-0.0416,2,0
37.4081,0.504612,59.985944,-0.005811,0.0000,1.0000,9019.6,-0.0427,2,0
37.4388,0.504612,59.985944,-0.005818,0.0012,0.9992,9041.7,-0.0434,2,0
37.4712,0.504612,59.985943,-0.005825,0.0024,0.9984,9075.8,-0.0433,2,0
37.5059,0.504612,59.985943,-0.005831,0.0012,0.9828,9027.2,-0.0427,2,0
37.5383,0.504612,59.985942,-0.005838,0.0000,0.9672,9038.0,-0.0411,2,0
37.5733,0.504612,59.985941,-0.005845,0.0000,0.9404,9054.5,-0.0387,2,0
37.6102,0.504612,59.985941,-0.005851,0.0000,0.9137,9058.9,-0.0357,2,0
37.6490,0.504612,59.985940,-0.005858,0.0000,0.8730,9042.5,-0.0323,2,0
37.6858,0.505525,59.985939,-0.005865,0.0000,0.8322,9020.1,-0.0284,2,0
37.7187,0.505525,59.985938,-0.005871,0.0000,0.7760,8993.6,-0.0241,2,0
37.7502,0.505525,59.985937,-0.005878,0.0000,0.7197,8956.7,-0.0196,2,0
37.7784,0.505525,59.985937,-0.005885,0.0000,0.6532,8916.5,-0.0149,2,0
37.7994,0.505525,59.985936,-0.005892,0.0000,0.5866,8881.9,-0.0101,2,0
37.8155,0.505525,59.985935,-0.005898,0.0000,0.5242,8850.0,-0.0054,2,0
37.8270,0.505525,59.985935,-0.005905,0.0000,0.4618,8815.3,-0.0011,2,0
37.8363,0.505525,59.985935,-0.005912,0.0000,0.4165,8776.8,0.0034,2,0
37.8437,0.505525,59.985935,-0.005919,0.0000,0.3713,8736.3,0.0075,2,0
37.8466,0.505525,59.985935,-0.005925,0.0000,0.3368,8703.7,0.0112,2,0
37.8540,0.506445,59.985935,-0.005932,0.0000,0.3022,8639.0,0.0143,2,0
37.8469,0.506445,59.985935,-0.005939,0.0000,0.2764,8630.7,0.0169,2,0
37.8367,0.506445,59.985935,-0.005946,0.0000,0.2506,8626.5,0.0189,2,0
37.8267,0.506445,59.985935,-0.005952,0.0000,0.2264,8614.0,0.0204,2,0
37.8150,0.506445,59.985935,-0.005959,0.0000,0.2023,8599.5,0.0212,2,0
37.7996,0.506445,59.985935,-0.005966,0.0096,0.1765,8593.5,0.0215,2,0
37.7801,0.506445,59.985934,-0.005973,0.0192,0.1507,8589.4,0.0210,2,0
37.7582,0.506445,59.985934,-0.005979,0.0247,0.1243,8581.6,0.0203,2,0
37.7354,0.506445,59.985934,-0.005986,0.0301,0.0978,8576.1,0.0192,2,0
37.7132,0.506445,59.985933,-0.005993,0.0447,0.0765,8562.0,0.0178,2,0
37.6870,0.507369,59.985932,-0.006000,0.0594,0.0553,8552.2,0.0163,2,0
37.6571,0.507369,59.985932,-0.006006,0.0727,0.0418,8544.3,0.0148,2,0
37.6251,0.507369,59.985931,-0.006013,0.0860,0.0283,8537.0,0.0133,2,0
37.5912,0.507369,59.985931,-0.006020,0.0990,0.0215,8528.5,0.0119,2,0
37.5565,0.507369,59.985931,-0.006027,0.1121,0.0146,8514.3,0.0108,2,0
37.5191,0.507369,59.985930,-0.006033,0.1316,0.0117,8495.9,0.0098,2,0
37.4764,0.507369,59.985930,-0.006040,0.1512,0.0088,8481.8,0.0090,2,0
37.4304,0.507369,59.985930,-0.006047,0.1630,0.0059,8469.6,0.0085,2,0
37.3824,0.507369,59.985929,-0.006053,0.1747,0.0029,8458.4,0.0081,2,0
37.3336,0.507369,59.985929,-0.006060,0.1914,0.0015,8440.1,0.0080,2,0
37.2818,0.508281,59.985929,-0.006067,0.2081,0.0000,8422.9,0.0081,2,0
37.2260,0.508281,59.985929,-0.006073,0.2226,0.0000,8403.3,0.0082,2,0
37.1673,0.508281,59.985929,-0.006080,0.2371,0.0000,8387.6,0.0085,2,0
37.1069,0.508281,59.985928,-0.006087,0.2518,0.0000,8368.1,0.0089,2,0
37.0427,0.508281,59.985928,-0.006093,0.2664,0.0000,8352.7,0.0094,2,0
36.9764,0.508281,59.985928,-0.006100,0.2823,0.0000,8334.3,0.0100,2,0
36.9067,0.508281,59.985928,-0.006107,0.2983,0.0000,8313.1,0.0105,2,0
36.8339,0.508281,59.985927,-0.006113,0.3108,0.0000,8292.2,0.0108,2,0
36.7587,0.508281,59.985927,-0.006120,0.3234,0.0000,8272.6,0.0112,2,0
36.6800,0.508281,59.985926,-0.006126,0.3404,0.0000,8256.1,0.0117,2,0
36.5994,0.509180,59.985926,-0.006133,0.3575,0.0000,8235.4,0.0121,2,0
36.5146,0.509180,59.985926,-0.006140,0.3709,0.0000,8214.5,0.0126,2,0
36.4294,0.509180,59.985925,-0.006146,0.3842,0.0000,8184.9,0.0130,2,0
36.3397,0.509180,59.985925,-0.006153,0.3953,0.0000,8164.4,0.0132,2,0
36.2474,0.509180,59.985924,-0.006159,0.4064,0.0000,8144.0,0.0134,2,0
36.1535,0.509180,59.985924,-0.006166,0.4215,0.0000,8116.1,0.0136,2,0
36.0552,0.509180,59.985924,-0.006172,0.4367,0.0000,8095.6,0.0138,2,0
35.9555,0.509180,59.985924,-0.006179,0.4448,0.0000,8068.0,0.0138,2,0
35.8541,0.509180,59.985924,-0.006185,0.4529,0.0000,8042.6,0.0138,2,0
35.7502,0.509180,59.985924,-0.006191,0.4668,0.0000,8015.2,0.0140,2,0
35.6443,0.510054,59.985924,-0.006198,0.4808,0.0000,7986.8,0.0142,2,0
35.5348,0.510054,59.985924,-0.006204,0.4898,0.0000,7961.5,0.0142,2,0
35.4241,0.510054,59.985924,-0.006211,0.4988,0.0000,7935.0,0.0143,2,0
35.3119,0.510054,59.985924,-0.006217,0.5050,0.0000,7909.5,0.0145,2,0
35.1992,0.510054,59.985924,-0.006223,0.5111,0.0000,7877.1,0.0146,2,0
35.0842,0.510054,59.985924,-0.006230,0.5235,0.0000,7844.0,0.0147,2,0
34.9668,0.510054,59.985924,-0.006236,0.5359,0.0000,7812.4,0.0146,2,0
34.8448,0.510054,59.985923,-0.006242,0.5423,0.0000,7780.9,0.0144,2,0
34.7233,0.510054,59.985923,-0.006248,0.5486,0.0000,7750.1,0.0144,2,0
34.6007,0.510054,59.985922,-0.006255,0.5608,0.0000,7717.3,0.0144,2,0
34.4755,0.510904,59.985922,-0.006261,0.5731,0.0000,7680.5,0.0144,2,0
34.3483,0.510904,59.985922,-0.006267,0.5793,0.0000,7643.8,0.0143,2,0
34.2182,0.510904,59.985921,-0.006273,0.5856,0.0000,7608.0,0.0142,2,0
34.0869,0.510904,59.985921,-0.006279,0.5881,0.0000,7574.2,0.0140,2,0
33.9548,0.510904,59.985920,-0.006286,0.5905,0.0000,7542.1,0.0141,2,0
33.8232,0.510904,59.985920,-0.006292,0.5960,0.0000,7509.0,0.0140,2,0
33.6885,0.510904,59.985920,-0.006298,0.6016,0.0000,7476.4,0.0137,2,0
33.5540,0.510904,59.985919,-0.006304,0.6010,0.0000,7440.5,0.0136,2,0
33.4194,0.510904,59.985919,-0.006310,0.6003,0.0000,7405.5,0.0134,2,0
33.2844,0.510904,59.985918,-0.006316,0.6054,0.0000,7372.7,0.0132,2,0
33.1474,0.511721,59.985918,-0.006322,0.6105,0.0000,7341.6,0.0131,2,0
33.0106,0.511721,59.985918,-0.006327,0.6131,0.0000,7309.2,0.0131,2,0
32.8725,0.511721,59.985917,-0.006333,0.6157,0.0000,7275.9,0.0131,2,0
32.7345,0.511721,59.985917,-0.006339,0.6157,0.0000,7243.5,0.0131,2,0
32.5969,0.511721,59.985916,-0.006345,0.6156,0.0000,7208.8,0.0133,2,0
32.4588,0.511721,59.985916,-0.006351,0.6191,0.0000,7173.6,0.0135,2,0
32.3183,0.511721,59.985916,-0.006357,0.6226,0.0000,7141.4,0.0135,2,0
32.1783,0.511721,59.985916,-0.006363,0.6200,0.0000,7109.6,0.0138,2,0
32.0389,0.511721,59.985916,-0.006368,0.6174,0.0000,7080.0,0.0142,2,0
31.8997,0.511721,59.985916,-0.006374,0.6236,0.0000,7052.4,0.0142,2,0
31.7604,0.512505,59.985916,-0.006380,0.6299,0.0000,7022.0,0.0145,2,0
31.6192,0.512505,59.985916,-0.006386,0.6287,0.0000,6986.6,0.0148,2,0
31.4793,0.512505,59.985916,-0.006391,0.6276,0.0000,6947.5,0.0150,2,0
31.3380,0.512505,59.985916,-0.006397,0.6226,0.0000,6919.3,0.0152,2,0
31.1979,0.512505,59.985916,-0.006403,0.6177,0.0000,6893.6,0.0157,2,0
31.0598,0.512505,59.985916,-0.006408,0.6183,0.0000,6864.9,0.0161,2,0
30.9213,0.512505,59.985916,-0.006414,0.6190,0.0000,6833.7,0.0165,2,0
30.7837,0.512505,59.985915,-0.006419,0.6114,0.0000,6807.0,0.0171,2,0
30.6477,0.512505,59.985915,-0.006425,0.6038,0.0000,6779.9,0.0177,2,0
30.5131,0.512505,59.985914,-0.006430,0.6048,0.0000,6753.1,0.0185,2,0
30.3797,0.513253,59.985914,-0.006436,0.6058,0.0000,6727.3,0.0193,2,0
30.2485,0.513253,59.985914,-0.006441,0.6047,0.0000,7275.2,0.0202,2,0
30.1172,0.513253,59.985913,-0.006447,0.6036,0.0000,7814.0,0.0215,2,0
29.9856,0.513253,59.985913,-0.006452,0.6038,0.0000,8334.6,0.0231,2,0
29.8540,0.513253,59.985912,-0.006458,0.6040,0.0000,8531.9,0.0238,2,0
29.7213,0.513253,59.985912,-0.006463,0.6010,0.0000,8477.7,0.0250,1,0
29.5900,0.513253,59.985912,-0.006468,0.5980,0.0000,8419.1,0.0259,1,0
29.4597,0.513253,59.985912,-0.006474,0.5934,0.0000,8355.1,0.0269,1,0
29.3298,0.513253,59.985912,-0.006479,0.5888,0.0000,8322.6,0.0277,1,0
29.2007,0.513253,59.985912,-0.006484,0.5876,0.0000,8289.0,0.0285,1,0
29.0710,0.513971,59.985912,-0.006489,0.5865,0.0000,8246.1,0.0290,1,0
28.9425,0.513971,59.985912,-0.006495,0.5817,0.0000,8194.1,0.0290,1,0
28.8157,0.513971,59.985912,-0.006500,0.5769,0.0000,8145.9,0.0292,1,0
28.6899,0.513971,59.985912,-0.006505,0.5725,0.0000,8125.8,0.0294,1,0
28.5632,0.513971,59.985912,-0.006510,0.5681,0.0000,8085.6,0.0294,1,0
28.4378,0.513971,59.985912,-0.006516,0.5640,0.0000,8048.5,0.0294,1,0
28.3106,0.513971,59.985912,-0.006521,0.5599,0.0000,8047.0,0.0294,1,0
28.1817,0.513971,59.985912,-0.006526,0.5547,0.0000,8031.8,0.0293,1,0
28.0531,0.513971,59.985912,-0.006531,0.5495,0.0000,8010.2,0.0291,1,0
27.9275,0.513971,59.985912,-0.006536,0.5428,0.0000,7981.1,0.0290,1,0
27.8039,0.514656,59.985912,-0.006541,0.5362,0.0000,7946.8,0.0289,1,0
27.6820,0.514656,59.985912,-0.006546,0.5279,0.0000,7914.7,0.0288,1,0
27.5621,0.514656,59.985912,-0.006551,0.5196,0.0000,7880.6,0.0287,1,0
27.4420,0.514656,59.985912,-0.006556,0.5105,0.0000,7855.7,0.0288,1,0
27.3219,0.514656,59.985912,-0.006561,0.5014,0.0000,7841.3,0.0291,1,0
27.2056,0.514656,59.985912,-0.006566,0.4915,0.0000,7820.6,0.0295,1,0
27.0923,0.514656,59.985912,-0.006570,0.4817,0.0000,7794.4,0.0299,1,0
26.9810,0.514656,59.985912,-0.006575,0.4711,0.0000,7769.5,0.0306,1,0
26.8713,0.514656,59.985911,-0.006580,0.4604,0.0000,7746.1,0.0314,1,0
26.7639,0.514656,59.985911,-0.006585,0.4489,0.0000,7720.7,0.0323,1,0
26.6602,0.515315,59.985911,-0.006590,0.4374,0.0000,7693.8,0.0334,1,0
26.5588,0.515315,59.985911,-0.006595,0.4267,0.0000,7666.7,0.0347,1,0
26.4596,0.515315,59.985911,-0.006599,0.4160,0.0000,7641.9,0.0361,1,0
26.3624,0.515315,59.985910,-0.006604,0.4030,0.0000,7619.2,0.0374,1,0
26.2679,0.515315,59.985910,-0.006609,0.3900,0.0000,7594.4,0.0386,1,0
26.1765,0.515315,59.985910,-0.006614,0.3771,0.0000,7569.6,0.0399,1,0
26.0868,0.515315,59.985910,-0.006618,0.3642,0.0000,7548.2,0.0411,1,0
26.0008,0.515315,59.985910,-0.006623,0.3522,0.0000,7525.2,0.0421,1,0
25.9172,0.515315,59.985910,-0.006628,0.3402,0.0000,7501.4,0.0429,1,0
25.8362,0.515315,59.985910,-0.006632,0.3304,0.0000,7477.0,0.0439,1,0
25.7569,0.515948,59.985910,-0.006637,0.3206,0.0000,7453.2,0.0447,1,0
25.6787,0.515948,59.985910,-0.006642,0.3138,0.0000,7433.0,0.0455,1,0
25.6026,0.515948,59.985910,-0.006646,0.3070,0.0000,7411.3,0.0465,1,0
25.5277,0.515948,59.985910,-0.006651,0.3014,0.0000,7389.2,0.0478,1,0
25.4530,0.515948,59.985910,-0.006656,0.2958,0.0000,7370.7,0.0493,1,0
25.3795,0.515948,59.985910,-0.006660,0.2880,0.0000,7354.2,0.0510,1,0
25.3084,0.515948,59.985910,-0.006665,0.2801,0.0000,7334.0,0.0529,1,0
25.2395,0.515948,59.985910,-0.006669,0.2752,0.0000,7310.6,0.0551,1,0
25.1712,0.515948,59.985910,-0.006674,0.2702,0.0000,7289.4,0.0577,1,0
25.1038,0.515948,59.985910,-0.006678,0.2647,0.0000,7270.7,0.0605,1,0
25.0368,0.516563,59.985910,-0.006683,0.2593,0.0000,7254.3,0.0635,1,0
24.9706,0.516563,59.985910,-0.006687,0.2554,0.0000,7237.9,0.0665,1,0
24.9059,0.516563,59.985910,-0.006692,0.2515,0.0000,7220.4,0.0695,1,0
24.8418,0.516563,59.985910,-0.006696,0.2439,0.0000,7203.0,0.0725,1,0
24.7786,0.516563,59.985910,-0.006701,0.2362,0.0000,7189.4,0.0753,1,0
24.7178,0.516563,59.985910,-0.006705,0.2284,0.0000,7173.4,0.0780,1,0
24.6591,0.516563,59.985910,-0.006710,0.2205,0.0000,7154.5,0.0808,1,0
24.6016,0.516563,59.985910,-0.006714,0.2131,0.0000,7140.0,0.0836,1,0
24.5450,0.516563,59.985910,-0.006718,0.2057,0.0000,7126.2,0.0864,1,0
24.4902,0.516563,59.985910,-0.006723,0.1977,0.0000,7112.7,0.0892,1,0
24.4372,0.517164,59.985910,-0.006727,0.1897,0.0000,7098.8,0.0920,1,0
24.3857,0.517164,59.985910,-0.006732,0.1831,0.0000,7086.2,0.0945,1,0
24.3350,0.517164,59.985910,-0.006736,0.1765,0.0000,7074.6,0.0970,1,0
24.2850,0.517164,59.985910,-0.006740,0.1707,0.0000,7065.9,0.0994,1,0
24.2372,0.517164,59.985910,-0.006745,0.1649,0.0000,7053.3,0.1018,1,0
24.1918,0.517164,59.985910,-0.006749,0.1587,0.0000,7037.1,0.1042,1,0
24.1476,0.517164,59.985910,-0.006754,0.1526,0.0000,7022.1,0.1066,1,0
24.1037,0.517164,59.985910,-0.006758,0.1471,0.0000,7009.8,0.1091,1,0
24.0605,0.517164,59.985910,-0.006762,0.1415,0.0000,6999.2,0.1115,1,0
24.0185,0.517164,59.985910,-0.006767,0.1377,0.0000,6987.8,0.1139,1,0
23.9775,0.517750,59.985910,-0.006771,0.1339,0.0000,6977.0,0.1162,1,0
23.9366,0.517750,59.985910,-0.006775,0.1316,0.0000,6965.3,0.1184,1,0
23.8956,0.517750,59.985910,-0.006779,0.1293,0.0000,6956.7,0.1205,1,0
23.8558,0.517750,59.985910,-0.006784,0.1256,0.0000,6946.2,0.1225,1,0
23.8180,0.517750,59.985910,-0.006788,0.1220,0.0000,6931.0,0.1245,1,0
23.7809,0.517750,59.985910,-0.006792,0.1164,0.0000,6917.5,0.1266,1,0
23.7440,0.517750,59.985910,-0.006797,0.1107,0.0000,6907.8,0.1287,1,0
23.7082,0.517750,59.985910,-0.006801,0.1054,0.0000,6899.7,0.1306,1,0
23.6735,0.517750,59.985911,-0.006805,0.1000,0.0000,6891.0,0.1325,1,0
23.6399,0.517750,59.985911,-0.006809,0.0943,0.0000,6882.1,0.1342,1,0
23.6068,0.518327,59.985911,-0.006814,0.0887,0.0000,6875.4,0.1357,1,0
23.5748,0.518327,59.985911,-0.006818,0.0849,0.0000,6869.8,0.1370,1,0
23.5433,0.518327,59.985911,-0.006822,0.0811,0.0000,6863.5,0.1382,1,0
23.5136,0.518327,59.985912,-0.006826,0.0773,0.0000,6854.2,0.1391,1,0
23.4855,0.518327,59.985912,-0.006831,0.0736,0.0000,6842.0,0.1401,1,0
23.4570,0.518327,59.985912,-0.006835,0.0677,0.0000,6833.9,0.1410,1,0
23.4287,0.518327,59.985912,-0.006839,0.0618,0.0000,6830.7,0.1417,1,0
23.4014,0.518327,59.985912,-0.006843,0.0580,0.0000,6825.6,0.1422,1,0
23.3757,0.518327,59.985912,-0.006847,0.0542,0.0000,6818.7,0.1425,1,0
23.3499,0.518327,59.985912,-0.006852,0.0500,0.0000,6813.7,0.1427,1,0
23.3246,0.518892,59.985912,-0.006856,0.0458,0.0000,6812.7,0.1427,1,0
23.2997,0.518892,59.985912,-0.006860,0.0426,0.0000,6811.3,0.1425,1,0
23.2769,0.518892,59.985912,-0.006864,0.0394,0.0000,6805.7,0.1424,1,0
23.2558,0.518892,59.985912,-0.006868,0.0336,0.0000,6796.4,0.1425,1,0
23.2358,0.518892,59.985912,-0.006873,0.0277,0.0000,6789.5,0.1429,1,0
23.2154,0.518892,59.985912,-0.006877,0.0250,0.0000,6786.8,0.1434,1,0
23.1952,0.518892,59.985912,-0.006881,0.0222,0.0000,6785.0,0.1442,1,0
23.1759,0.518892,59.985913,-0.006885,0.0181,0.0000,6781.6,0.1451,1,0
23.1578,0.518892,59.985913,-0.006889,0.0139,0.0000,6776.6,0.1463,1,0
23.1395,0.518892,59.985914,-0.006893,0.0119,0.0000,6775.4,0.1477,1,0
23.1208,0.519451,59.985914,-0.006897,0.0099,0.0000,6776.6,0.1493,1,0
23.1035,0.519451,59.985914,-0.006901,0.0083,0.0000,6773.8,0.1514,1,0
23.0880,0.519451,59.985915,-0.006906,0.0066,0.0000,6766.1,0.1537,1,0
23.0732,0.519451,59.985915,-0.006910,0.0051,0.0000,6756.6,0.1565,1,0
23.0579,0.519451,59.985916,-0.006914,0.0037,0.0000,6751.0,0.1593,1,0
23.0414,0.519451,59.985916,-0.006918,0.0021,0.0000,6750.0,0.1623,1,0
23.0258,0.519451,59.985916,-0.006922,0.0005,0.0000,6746.7,0.1652,1,0
23.0107,0.519451,59.985917,-0.006926,0.0003,0.0000,6740.9,0.1683,1,0
22.9955,0.519451,59.985917,-0.006930,0.0000,0.0000,6736.5,0.1714,1,0
22.9787,0.519451,59.985918,-0.006934,0.0000,0.0000,6736.1,0.1744,1,0
22.9622,0.519997,59.985918,-0.006938,0.0000,0.0000,6733.1,0.1774,1,0
22.9477,0.519997,59.985918,-0.006942,0.0000,0.0000,6725.5,0.1806,1,0
22.9335,0.519997,59.985919,-0.006946,0.0000,0.0000,6715.9,0.1839,1,0
22.9187,0.519997,59.985919,-0.006951,0.0000,0.0000,6708.1,0.1873,1,0
22.9029,0.519997,59.985920,-0.006955,0.0000,0.0000,6704.0,0.1908,1,0
22.8874,0.519997,59.985920,-0.006959,0.0000,0.0000,6699.5,0.1942,1,0
22.8725,0.519997,59.985920,-0.006963,0.0000,0.0000,6694.5,0.1975,1,0
22.8567,0.519997,59.985921,-0.006967,0.0000,0.0000,6690.1,0.2007,1,0
22.8402,0.519997,59.985921,-0.006971,0.0000,0.0000,6688.7,0.2039,1,0
22.8232,0.519997,59.985922,-0.006975,0.0000,0.0000,6687.6,0.2072,1,0
22.8080,0.520539,59.985922,-0.006979,0.0000,0.0000,6681.6,0.2108,1,0
22.7933,0.520539,59.985922,-0.006983,0.0000,0.0000,6672.9,0.2145,1,0
22.7785,0.520539,59.985923,-0.006987,0.0000,0.0000,6665.4,0.2183,1,0
22.7631,0.520539,59.985923,-0.006991,0.0000,0.0000,6660.5,0.2220,1,0
22.7473,0.520539,59.985924,-0.006995,0.0000,0.0000,6656.5,0.2255,1,0
22.7317,0.520539,59.985924,-0.006999,0.0000,0.0000,6651.4,0.2290,1,0
22.7156,0.520539,59.985924,-0.007003,0.0000,0.0000,6647.1,0.2324,1,0
22.6991,0.520539,59.985925,-0.007007,0.0000,0.0000,6645.0,0.2357,1,0
22.6825,0.520539,59.985925,-0.007011,0.0000,0.0000,6643.9,0.2392,1,0
22.6665,0.520539,59.985926,-0.007015,0.0000,0.0000,6640.5,0.2428,1,0
22.6511,0.521062,59.985926,-0.007019,0.0000,0.0000,6633.7,0.2466,1,0
22.6361,0.521062,59.985926,-0.007022,0.0000,0.0000,6625.3,0.2505,1,0
22.6205,0.521062,59.985927,-0.007026,0.0000,0.0000,6619.6,0.2543,1,0
22.6046,0.521062,59.985927,-0.007030,0.0000,0.0000,6615.7,0.2581,1,0
22.5889,0.521062,59.985928,-0.007034,0.0000,0.0000,6610.1,0.2617,1,0
22.5734,0.521062,59.985928,-0.007038,0.0000,0.0000,6604.4,0.2649,1,0
22.5570,0.521062,59.985929,-0.007042,0.0000,0.0000,6600.2,0.2683,1,0
22.5394,0.521062,59.985929,-0.007046,0.0000,0.0000,6600.7,0.2715,1,0
22.5224,0.521062,59.985930,-0.007050,0.0000,0.0000,6599.2,0.2749,1,0
22.5068,0.521062,59.985931,-0.007054,0.0000,0.0000,6592.7,0.2783,1,0
22.4914,0.521585,59.985931,-0.007058,0.0000,0.0000,6584.3,0.2816,1,0
22.4760,0.521585,59.985932,-0.007061,0.0000,0.0000,6575.1,0.2846,1,0
22.4595,0.521585,59.985933,-0.007065,0.0000,0.0000,6572.7,0.2872,1,0
22.4426,0.521585,59.985934,-0.007069,0.0000,0.0000,6569.2,0.2894,1,0
22.4271,0.521585,59.985934,-0.007073,0.0000,0.0000,6562.5,0.2909,1,0
22.4103,0.521585,59.985935,-0.007077,0.0000,0.0000,6557.8,0.2918,1,0
22.3932,0.521585,59.985935,-0.007081,0.0000,0.0000,6555.5,0.2922,1,0
22.3759,0.521585,59.985936,-0.007084,0.0000,0.0000,6555.1,0.2922,1,0
22.3592,0.521585,59.985937,-0.007088,0.0000,0.0000,6552.7,0.2921,1,0
22.3433,0.521585,59.985937,-0.007092,0.0000,0.0000,6547.0,0.2914,1,0
22.3277,0.522098,59.985937,-0.007096,0.0000,0.0000,6539.2,0.2903,1,0
22.3116,0.522098,59.985938,-0.007100,0.0000,0.0000,6534.9,0.2886,1,0
22.2940,0.522098,59.985938,-0.007103,0.0000,0.0000,6534.8,0.2865,1,0
22.2784,0.522098,59.985939,-0.007107,0.0000,0.0000,6527.9,0.2840,1,0
22.2625,0.522098,59.985940,-0.007111,0.0000,0.0000,6522.1,0.2814,1,0
22.2462,0.522098,59.985940,-0.007115,0.0000,0.0000,6518.7,0.2789,1,0
22.2287,0.522098,59.985941,-0.007118,0.0000,0.0000,6520.8,0.2769,1,0
22.2115,0.522098,59.985941,-0.007122,0.0000,0.0000,6521.0,0.2751,1,0
22.1952,0.522098,59.985942,-0.007126,0.0000,0.0000,6519.0,0.2738,1,0
22.1799,0.522098,59.985943,-0.007129,0.0000,0.0000,6512.8,0.2728,1,0
22.1635,0.522600,59.985943,-0.007133,0.0000,0.0000,6511.2,0.2720,1,0
22.1473,0.522600,59.985944,-0.007137,0.0000,0.0000,6509.8,0.2714,1,0
22.1321,0.522600,59.985945,-0.007140,0.0000,0.0000,6504.4,0.2710,1,0
22.1163,0.522600,59.985946,-0.007144,0.0000,0.0000,6498.7,0.2709,1,0
22.1001,0.522600,59.985946,-0.007148,0.0000,0.0000,6495.2,0.2714,1,0
22.0829,0.522600,59.985947,-0.007151,0.0000,0.0000,6496.2,0.2722,1,0
22.0657,0.522600,59.985948,-0.007155,0.0000,0.0000,6496.4,0.2734,1,0
22.0499,0.522600,59.985950,-0.007159,0.0000,0.0000,6492.3,0.2749,1,0
22.0336,0.522600,59.985951,-0.007162,0.0000,0.0000,6488.3,0.2764,1,0
22.0167,0.522600,59.985952,-0.007166,0.0000,0.0000,6488.3,0.2779,1,0
22.0003,0.523097,59.985954,-0.007169,0.0000,0.0000,6485.8,0.2792,1,0
21.9842,0.523097,59.985955,-0.007173,0.0000,0.0000,6482.5,0.2802,1,0
21.9687,0.523097,59.985956,-0.007176,0.0000,0.0000,6475.8,0.2811,1,0
21.9524,0.523097,59.985957,-0.007180,0.0000,0.0000,6471.8,0.2820,1,0
21.9359,0.523097,59.985959,-0.007184,0.0000,0.0000,6468.3,0.2828,1,0
21.9190,0.523097,59.985960,-0.007187,0.0000,0.0000,6466.6,0.2836,1,0
21.9017,0.523097,59.985961,-0.007191,0.0000,0.0000,6466.4,0.2842,1,0
21.8850,0.523097,59.985961,-0.007194,0.0000,0.0000,6463.9,0.2845,1,0
21.8690,0.523097,59.985962,-0.007197,0.0000,0.0000,6459.6,0.2843,1,0
21.8531,0.523097,59.985962,-0.007201,0.0000,0.0000,6455.2,0.2838,1,0
21.8370,0.523644,59.985963,-0.007204,0.0000,0.0000,6451.1,0.2828,1,0
21.8208,0.523644,59.985964,-0.007208,0.0000,0.0000,6447.1,0.2814,1,0
21.8049,0.523644,59.985964,-0.007211,0.0000,0.0000,6442.6,0.2798,1,0
21.7887,0.523644,59.985965,-0.007215,0.0000,0.0000,6437.9,0.2781,1,0
21.7725,0.523644,59.985965,-0.007218,0.0000,0.0000,6434.2,0.2763,1,0
21.7561,0.523644,59.985966,-0.007222,0.0000,0.0000,6431.7,0.2745,1,0
21.7397,0.523644,59.985967,-0.007225,0.0000,0.0000,6429.7,0.2724,1,0
21.7238,0.523644,59.985968,-0.007228,0.0000,0.0000,6426.1,0.2702,1,0
21.7081,0.523644,59.985969,-0.007231,0.0000,0.0000,6421.3,0.2680,1,0
21.6931,0.523644,59.985970,-0.007235,0.0000,0.0000,6415.4,0.2658,1,0
21.6779,0.524139,59.985971,-0.007238,0.0000,0.0000,6409.1,0.2637,1,0
21.6626,0.524139,59.985973,-0.007241,0.0000,0.0000,6403.6,0.2617,1,0
21.6472,0.524139,59.985974,-0.007245,0.0000,0.0000,6398.9,0.2601,1,0
21.6315,0.524139,59.985975,-0.007248,0.0000,0.0000,6394.4,0.2589,1,0
21.6162,0.524139,59.985976,-0.007251,0.0000,0.0000,6389.2,0.2580,1,0
21.6003,0.524139,59.985977,-0.007255,0.0000,0.0026,6387.3,0.2573,1,0
21.5847,0.524139,59.985978,-0.007258,0.0000,0.0052,6385.3,0.2569,1,0
21.5704,0.524139,59.985980,-0.007261,0.0000,0.0109,6382.9,0.2566,1,0
21.5565,0.524139,59.985981,-0.007264,0.0000,0.0165,6380.7,0.2563,1,0
21.5435,0.524139,59.985982,-0.007267,0.0000,0.0252,6378.1,0.2561,1,0
21.5311,0.524618,59.985983,-0.007270,0.0000,0.0338,6378.2,0.2561,1,0
21.5204,0.524618,59.985985,-0.007274,0.0000,0.0462,6378.6,0.2561,1,0
21.5103,0.524618,59.985986,-0.007277,0.0000,0.0586,6383.2,0.2565,1,0
21.5016,0.524618,59.985987,-0.007280,0.0000,0.0739,6389.7,0.2570,1,0
21.4946,0.524618,59.985989,-0.007283,0.0000,0.0892,6398.1,0.2576,1,0
21.4887,0.524618,59.985990,-0.007286,0.0000,0.1068,6410.4,0.2582,1,0
21.4856,0.524618,59.985991,-0.007289,0.0000,0.1245,6423.4,0.2586,1,0
21.4848,0.524618,59.985992,-0.007292,0.0000,0.1422,6436.1,0.2591,1,0
21.4859,0.524618,59.985993,-0.007295,0.0000,0.1599,6449.0,0.2593,1,0
21.4891,0.524618,59.985994,-0.007298,0.0000,0.1771,6461.7,0.2595,1,0
21.4937,0.525295,59.985995,-0.007302,0.0000,0.1943,6475.8,0.2598,1,0
21.4992,0.525295,59.985996,-0.007305,0.0000,0.2098,6493.7,0.2601,1,0
21.5060,0.525295,59.985997,-0.007308,0.0000,0.2253,6512.8,0.2606,1,0
21.5145,0.525295,59.985998,-0.007311,0.0000,0.2355,6531.3,0.2611,1,0
21.5236,0.525295,59.985999,-0.007314,0.0000,0.2456,6550.0,0.2616,1,0
21.5338,0.525295,59.986000,-0.007317,0.0000,0.2510,6567.1,0.2619,1,0
21.5450,0.525295,59.986001,-0.007320,0.0000,0.2563,6582.5,0.2621,1,0
21.5566,0.525295,59.986002,-0.007323,0.0000,0.2582,6596.1,0.2622,1,0
21.5691,0.525295,59.986003,-0.007326,0.0000,0.2600,6606.3,0.2620,1,0
21.5822,0.525295,59.986004,-0.007328,0.0000,0.2600,6613.0,0.2617,1,0
21.5955,0.525794,59.986005,-0.007331,0.0000,0.2600,6619.1,0.2614,1,0
21.6082,0.525794,59.986006,-0.007334,0.0000,0.2600,6626.2,0.2611,1,0
21.6213,0.525794,59.986007,-0.007337,0.0000,0.2600,6632.2,0.2609,1,0
21.6348,0.525794,59.986008,-0.007340,0.0000,0.2600,6635.2,0.2604,1,0
21.6487,0.525794,59.986009,-0.007343,0.0000,0.2600,6635.5,0.2598,1,0
21.6624,0.525794,59.986010,-0.007346,0.0000,0.2596,6636.9,0.2588,1,0
21.6754,0.525794,59.986012,-0.007349,0.0000,0.2592,6640.2,0.2575,1,0
21.6885,0.525794,59.986013,-0.007352,0.0000,0.2592,6643.4,0.2561,1,0
21.7015,0.525794,59.986015,-0.007354,0.0000,0.2592,6646.5,0.2546,1,0
21.7139,0.525794,59.986017,-0.007357,0.0000,0.2592,6650.7,0.2533,1,0
21.7268,0.526586,59.986019,-0.007360,0.0000,0.2592,6655.3,0.2521,1,0
21.7375,0.526586,59.986020,-0.007363,0.0000,0.2592,6664.4,0.2511,1,0
21.7471,0.526586,59.986022,-0.007366,0.0000,0.2592,6674.5,0.2504,1,0
21.7548,0.526586,59.986024,-0.007369,0.0000,0.2597,6684.6,0.2497,1,0
21.7693,0.526586,59.986025,-0.007371,0.0000,0.2602,6697.1,0.2495,1,0
21.7828,0.526586,59.986027,-0.007374,0.0000,0.2601,6710.6,0.2495,1,0
21.7931,0.526586,59.986029,-0.007377,0.0000,0.2600,6723.4,0.2498,1,0
21.7988,0.526586,59.986030,-0.007380,0.0000,0.2601,6731.7,0.2510,1,0
21.8041,0.526586,59.986032,-0.007382,0.0000,0.2602,6737.2,0.2534,1,0
21.8202,0.526586,59.986033,-0.007385,0.0000,0.2602,6742.6,0.2557,1,0
21.8313,0.527410,59.986035,-0.007388,0.0000,0.2602,6751.0,0.2551,1,0
21.8416,0.527410,59.986036,-0.007390,0.0000,0.2602,6764.5,0.2564,1,0
21.8538,0.527410,59.986037,-0.007393,0.0000,0.2602,6781.5,0.2576,1,0
21.8671,0.527410,59.986039,-0.007396,0.0000,0.2602,6787.5,0.2581,1,0
21.8779,0.527410,59.986040,-0.007398,0.0000,0.2602,6790.5,0.2595,1,0
21.8968,0.527410,59.986042,-0.007401,0.0000,0.2602,6783.1,0.2612,1,0
21.8990,0.527410,59.986043,-0.007404,0.0000,0.2602,6819.6,0.2631,1,0
21.9131,0.527410,59.986044,-0.007406,0.0000,0.2602,6822.6,0.2642,1,0
21.9281,0.527410,59.986045,-0.007409,0.0000,0.2602,6818.7,0.2660,1,0
21.9610,0.527410,59.986046,-0.007411,0.0000,0.2602,6735.6,0.2689,1,0
21.9838,0.527947,59.986047,-0.007414,0.0000,0.2602,6708.3,0.2710,1,0
21.9984,0.527947,59.986049,-0.007416,0.0000,0.2602,6689.8,0.2746,1,0
22.0147,0.527947,59.986050,-0.007419,0.0000,0.2602,6683.4,0.2786,1,0
22.0206,0.527947,59.986051,-0.007422,0.0000,0.2602,6698.1,0.2806,1,0
22.0402,0.527947,59.986052,-0.007424,0.0000,0.2602,6695.1,0.2819,1,0
22.0501,0.527947,59.986053,-0.007427,0.0000,0.2602,6695.0,0.2823,1,0
22.0512,0.527947,59.986055,-0.007429,0.0000,0.2602,6753.2,0.2824,1,0
22.0673,0.527947,59.986057,-0.007432,0.0000,0.2602,6727.7,0.2816,1,0
22.0763,0.527947,59.986059,-0.007434,0.0000,0.2602,6749.1,0.2819,1,0
22.0776,0.527947,59.986061,-0.007436,0.0000,0.2602,6807.1,0.2816,1,0
22.0943,0.528792,59.986063,-0.007439,0.0000,0.2602,6796.5,0.2814,1,0
22.0987,0.528792,59.986065,-0.007441,0.0000,0.2602,6835.9,0.2809,1,0
22.1037,0.528792,59.986067,-0.007444,0.0000,0.2602,6873.5,0.2808,1,0
22.1265,0.528792,59.986069,-0.007446,0.0000,0.2602,6835.0,0.2806,1,0
22.1426,0.528792,59.986071,-0.007449,0.0000,0.2602,6819.7,0.2809,1,0
22.1608,0.528792,59.986073,-0.007451,0.0000,0.2606,6804.5,0.2815,1,0
22.1754,0.528792,59.986075,-0.007453,0.0000,0.2610,6796.5,0.2834,1,0
22.1906,0.528792,59.986076,-0.007456,0.0000,0.2621,6784.3,0.2855,1,0
22.2063,0.528792,59.986078,-0.007458,0.0000,0.2632,6776.1,0.2864,1,0
22.2286,0.528792,59.986079,-0.007460,0.0000,0.2638,6747.9,0.2872,1,0
22.2332,0.529336,59.986080,-0.007463,0.0000,0.2644,6778.2,0.2893,1,0
22.2495,0.529336,59.986082,-0.007465,0.0000,0.2653,6753.7,0.2903,1,0
22.2596,0.529336,59.986083,-0.007467,0.0000,0.2661,6765.8,0.2900,1,0
22.2684,0.529336,59.986085,-0.007470,0.0000,0.2666,6776.1,0.2895,1,0
22.2754,0.529336,59.986086,-0.007472,0.0000,0.2671,6793.0,0.2884,1,0
22.2834,0.529336,59.986088,-0.007474,0.0000,0.2681,6812.4,0.2868,1,0
22.2820,0.529336,59.986090,-0.007476,0.0000,0.2690,6870.1,0.2851,1,0
22.2910,0.529336,59.986091,-0.007479,0.0000,0.2697,6883.7,0.2834,1,0
22.3086,0.529336,59.986093,-0.007481,0.0000,0.2704,6861.4,0.2815,1,0
22.3290,0.529336,59.986094,-0.007483,0.0000,0.2724,6827.9,0.2794,1,0
22.3329,0.530188,59.986096,-0.007485,0.0000,0.2743,6869.6,0.2771,1,0
22.3428,0.530188,59.986097,-0.007487,0.0000,0.2759,6885.1,0.2745,1,0
22.3656,0.530188,59.986099,-0.007489,0.0000,0.2776,6847.8,0.2715,1,0
22.3818,0.530188,59.986100,-0.007491,0.0000,0.2803,6839.7,0.2684,1,0
22.3988,0.530188,59.986102,-0.007494,0.0000,0.2829,6831.3,0.2653,1,0
22.4168,0.530188,59.986103,-0.007496,0.0000,0.2879,6822.4,0.2625,1,0
22.4343,0.530188,59.986105,-0.007498,0.0000,0.2929,6820.0,0.2599,1,0
22.4515,0.530188,59.986107,-0.007500,0.0000,0.2993,6822.9,0.2575,1,0
22.4684,0.530188,59.986109,-0.007502,0.0000,0.3058,6830.4,0.2554,1,0
22.4857,0.530188,59.986111,-0.007504,0.0000,0.3141,6839.7,0.2532,1,0
22.5041,0.530983,59.986113,-0.007506,0.0000,0.3224,6848.0,0.2510,1,0
22.5236,0.530983,59.986114,-0.007508,0.0000,0.3324,6856.0,0.2487,1,0
22.5440,0.530983,59.986116,-0.007510,0.0000,0.3423,6864.5,0.2465,1,0
22.5643,0.530983,59.986118,-0.007512,0.0000,0.3519,6876.4,0.2442,1,0
22.5865,0.530983,59.986120,-0.007514,0.0000,0.3615,6886.3,0.2422,1,0
22.6089,0.530983,59.986122,-0.007516,0.0000,0.3704,6899.0,0.2404,1,0
22.6334,0.530983,59.986124,-0.007518,0.0000,0.3793,6908.1,0.2390,1,0
22.6575,0.530983,59.986126,-0.007519,0.0000,0.3874,6920.3,0.2378,1,0
22.6811,0.530983,59.986127,-0.007521,0.0000,0.3955,6936.9,0.2365,1,0
22.7051,0.530983,59.986129,-0.007523,0.0000,0.4026,6953.8,0.2353,1,0
22.7291,0.531512,59.986131,-0.007525,0.0000,0.4098,6971.9,0.2341,1,0
22.7546,0.531512,59.986133,-0.007527,0.0000,0.4158,6984.6,0.2329,1,0
22.7805,0.531512,59.986135,-0.007529,0.0000,0.4218,6996.7,0.2317,1,0
22.8073,0.531512,59.986136,-0.007531,0.0000,0.4274,7007.6,0.2306,1,0
22.8341,0.531512,59.986138,-0.007532,0.0000,0.4330,7018.8,0.2297,1,0
22.8612,0.531512,59.986140,-0.007534,0.0000,0.4377,7031.2,0.2288,1,0
22.8878,0.531512,59.986142,-0.007536,0.0000,0.4425,7047.2,0.2280,1,0
22.9142,0.531512,59.986144,-0.007538,0.0000,0.4458,7066.0,0.2270,1,0
22.9421,0.531512,59.986146,-0.007539,0.0000,0.4491,7080.1,0.2261,1,0
22.9689,0.531512,59.986148,-0.007541,0.0000,0.4525,7099.2,0.2250,1,0
22.9954,0.532186,59.986150,-0.007543,0.0000,0.4560,7117.8,0.2236,1,0
23.0221,0.532186,59.986152,-0.007545,0.0000,0.4582,7136.0,0.2223,1,0
23.0499,0.532186,59.986154,-0.007546,0.0000,0.4604,7151.1,0.2210,1,0
23.0794,0.532186,59.986156,-0.007548,0.0000,0.4629,7161.6,0.2199,1,0
23.1089,0.532186,59.986158,-0.007550,0.0000,0.4653,7171.3,0.2189,1,0
23.1389,0.532186,59.986160,-0.007551,0.0000,0.4682,7179.0,0.2179,1,0
23.1681,0.532186,59.986162,-0.007553,0.0000,0.4710,7192.7,0.2170,1,0
23.1972,0.532186,59.986164,-0.007555,0.0000,0.4744,7208.4,0.2160,1,0
23.2263,0.532186,59.986166,-0.007556,0.0000,0.4777,7223.3,0.2150,1,0
23.2563,0.532186,59.986168,-0.007558,0.0000,0.4833,7235.2,0.2140,1,0
23.2861,0.532713,59.986170,-0.007559,0.0000,0.4889,7250.1,0.2131,1,0
23.3169,0.532713,59.986172,-0.007561,0.0000,0.4935,7262.9,0.2124,1,0
23.3488,0.532713,59.986174,-0.007562,0.0000,0.4981,7273.1,0.2118,1,0
23.3820,0.532713,59.986176,-0.007564,0.0000,0.5035,7280.4,0.2113,1,0
23.4152,0.532713,59.986178,-0.007566,0.0000,0.5090,7290.4,0.2108,1,0
23.4471,0.532713,59.986180,-0.007567,0.0000,0.5152,7307.6,0.2100,1,0
23.4804,0.532713,59.986182,-0.007569,0.0000,0.5214,7321.1,0.2091,1,0
23.5129,0.532713,59.986184,-0.007570,0.0000,0.5276,7337.9,0.2077,1,0
23.5469,0.532713,59.986186,-0.007571,0.0000,0.5339,7351.2,0.2060,1,0
23.5798,0.532713,59.986188,-0.007573,0.0000,0.5397,7368.9,0.2040,1,0
23.6140,0.533257,59.986190,-0.007574,0.0000,0.5455,7363.6,0.2018,1,0
23.6443,0.533257,59.986192,-0.007576,0.0000,0.5510,7343.0,0.1993,1,0
23.6745,0.533257,59.986194,-0.007577,0.0000,0.5564,7379.8,0.1965,1,0
23.7076,0.533257,59.986196,-0.007578,0.0000,0.5617,7408.1,0.1934,1,0
23.7421,0.533257,59.986198,-0.007580,0.0000,0.5671,7391.2,0.1899,1,0
23.7707,0.533257,59.986200,-0.007581,0.0000,0.5710,7398.7,0.1862,1,0
23.8014,0.533257,59.986202,-0.007583,0.0000,0.5750,7441.7,0.1821,1,0
23.8336,0.533257,59.986203,-0.007584,0.0000,0.5800,7416.0,0.1779,1,0
23.8619,0.533257,59.986205,-0.007585,0.0000,0.5850,7451.3,0.1735,1,0
23.8943,0.533257,59.986207,-0.007586,0.0000,0.5898,7449.5,0.1693,1,0
23.9244,0.533835,59.986209,-0.007588,0.0000,0.5946,7459.9,0.1650,1,0
23.9569,0.533835,59.986210,-0.007589,0.0000,0.6005,7481.0,0.1607,1,0
23.9880,0.533835,59.986212,-0.007590,0.0000,0.6064,7473.7,0.1565,1,0
24.0193,0.533835,59.986214,-0.007591,0.0000,0.6127,7503.4,0.1523,1,0
24.0496,0.533835,59.986215,-0.007593,0.0000,0.6189,7501.7,0.1480,1,0
24.0811,0.533835,59.986217,-0.007594,0.0000,0.6252,7513.7,0.1438,1,0
24.1104,0.533835,59.986219,-0.007595,0.0000,0.6314,7536.2,0.1396,1,0
24.1428,0.533835,59.986222,-0.007596,0.0000,0.6377,7528.6,0.1354,1,0
24.1741,0.533835,59.986224,-0.007597,0.0000,0.6440,7547.6,0.1313,1,0
24.2050,0.533835,59.986226,-0.007598,0.0000,0.6502,7553.1,0.1270,1,0
24.2380,0.534394,59.986229,-0.007599,0.0000,0.6564,7569.4,0.1225,1,0
24.2693,0.534394,59.986231,-0.007600,0.0000,0.6620,7597.2,0.1180,1,0
24.3019,0.534394,59.986233,-0.007601,0.0000,0.6675,7573.8,0.1132,1,0
24.3342,0.534394,59.986235,-0.007602,0.0000,0.6725,7602.4,0.1082,1,0
24.3648,0.534394,59.986238,-0.007604,0.0000,0.6774,7612.7,0.1028,1,0
24.3972,0.534394,59.986240,-0.007605,0.0000,0.6821,7614.4,0.0971,1,0
24.4289,0.534394,59.986242,-0.007606,0.0000,0.6868,7648.9,0.0912,1,0
24.4624,0.534394,59.986245,-0.007606,0.0000,0.6916,7627.8,0.0854,1,0
24.4960,0.534394,59.986247,-0.007607,0.0000,0.6964,7656.9,0.0794,1,0
24.5287,0.534394,59.986249,-0.007608,0.0000,0.7004,7669.5,0.0733,1,0
24.5617,0.534967,59.986252,-0.007609,0.0000,0.7045,7650.9,0.0669,1,0
24.5954,0.534967,59.986254,-0.007610,0.0000,0.7091,7684.4,0.0607,1,0
24.6289,0.534967,59.986256,-0.007611,0.0000,0.7138,7694.9,0.0544,1,0
24.6641,0.534967,59.986258,-0.007612,0.0000,0.7202,7695.3,0.0485,1,0
24.6983,0.534967,59.986261,-0.007613,0.0000,0.7265,7731.7,0.0430,1,0
24.7358,0.534967,59.986263,-0.007614,0.0000,0.7341,7704.5,0.0383,1,0
24.7739,0.534967,59.986265,-0.007615,0.0000,0.7416,7731.8,0.0337,1,0
24.8119,0.534967,59.986267,-0.007615,0.0000,0.7497,7759.7,0.0299,1,0
24.8516,0.534967,59.986269,-0.007616,0.0000,0.7578,7730.8,0.0266,1,0
24.8915,0.534967,59.986271,-0.007617,0.0000,0.7667,7758.2,0.0237,1,0
24.9307,0.535553,59.986273,-0.007618,0.0000,0.7756,7788.5,0.0214,1,0
24.9741,0.535553,59.986274,-0.007618,0.0000,0.7854,7777.6,0.0194,1,0
25.0163,0.535553,59.986276,-0.007619,0.0000,0.7952,7831.9,0.0178,1,0
25.0623,0.535553,59.986278,-0.007620,0.0000,0.8066,7786.7,0.0166,1,0
25.1087,0.535553,59.986280,-0.007621,0.0000,0.8180,7831.0,0.0157,1,0
25.1561,0.535553,59.986282,-0.007622,0.0000,0.8281,7821.8,0.0152,1,0
25.2049,0.535553,59.986284,-0.007622,0.0000,0.8382,7860.1,0.0149,1,0
25.2546,0.535553,59.986287,-0.007623,0.0000,0.8481,7847.7,0.0151,1,0
25.3053,0.535553,59.986289,-0.007623,0.0000,0.8580,7917.6,0.0156,1,0
25.3595,0.535553,59.986291,-0.007624,0.0000,0.8677,7853.7,0.0167,1,0
25.4120,0.536152,59.986294,-0.007625,0.0000,0.8773,7928.7,0.0183,1,0
25.4694,0.536152,59.986296,-0.007625,0.0000,0.8867,7919.3,0.0205,1,0
25.5257,0.536152,59.986298,-0.007626,0.0000,0.8960,7919.7,0.0232,1,0
25.5845,0.536152,59.986300,-0.007627,0.0000,0.9044,7977.8,0.0265,1,0
25.6476,0.536152,59.986303,-0.007627,0.0000,0.9128,8019.4,0.0301,1,0
25.7128,0.536152,59.986305,-0.007628,0.0000,0.9202,7954.9,0.0342,1,0
25.7729,0.536152,59.986308,-0.007629,0.0000,0.9276,7983.8,0.0385,1,0
25.8343,0.536152,59.986310,-0.007629,0.0000,0.9348,8040.0,0.0433,1,0
25.8987,0.536152,59.986313,-0.007630,0.0000,0.9420,8084.3,0.0482,1,0
25.9668,0.536152,59.986315,-0.007630,0.0000,0.9489,8114.0,0.0534,1,0
26.0382,0.536773,59.986317,-0.007631,0.0000,0.9559,8132.8,0.0587,1,0
26.1106,0.536773,59.986320,-0.007631,0.0000,0.9622,8147.8,0.0639,1,0
26.1818,0.536773,59.986322,-0.007632,0.0000,0.9685,8168.7,0.0690,1,0
26.2523,0.536773,59.986325,-0.007632,0.0000,0.9736,8193.3,0.0739,1,0
26.3222,0.536773,59.986328,-0.007633,0.0000,0.9788,8221.3,0.0786,1,0
26.3902,0.536773,59.986330,-0.007634,0.0000,0.9829,8255.5,0.0830,1,0
26.4559,0.536773,59.986333,-0.007634,0.0000,0.9871,8162.3,0.0872,1,0
26.5190,0.536773,59.986335,-0.007634,0.0000,0.9911,8223.4,0.0912,1,0
26.5841,0.536773,59.986338,-0.007635,0.0000,0.9950,8274.9,0.0950,1,0
26.6508,0.536773,59.986340,-0.007635,0.0000,0.9975,8321.0,0.0983,1,0
26.7182,0.537406,59.986342,-0.007636,0.0000,1.0000,8325.0,0.1014,1,0
26.7817,0.537406,59.986345,-0.007636,0.0000,1.0000,8284.3,0.1040,1,0
26.8412,0.537406,59.986348,-0.007637,0.0000,1.0000,8356.3,0.1062,1,0
26.9015,0.537406,59.986350,-0.007637,0.0000,1.0000,8385.9,0.1080,1,0
26.9594,0.537406,59.986353,-0.007638,0.0000,1.0000,8364.8,0.1095,1,0
27.0176,0.537406,59.986355,-0.007638,0.0000,1.0000,8441.5,0.1109,1,0
27.0785,0.537406,59.986357,-0.007638,0.0000,1.0000,8400.3,0.1121,1,0
27.1355,0.537406,59.986360,-0.007639,0.0000,1.0000,8449.6,0.1131,1,0
27.1946,0.537406,59.986362,-0.007639,0.0000,1.0000,8485.0,0.1139,1,0
27.2511,0.537406,59.986364,-0.007639,0.0000,1.0000,8466.7,0.1145,1,0
27.3062,0.538061,59.986367,-0.007640,0.0000,1.0000,8551.6,0.1148,1,0
27.3618,0.538061,59.986369,-0.007640,0.0000,1.0000,8489.8,0.1151,1,0
27.4158,0.538061,59.986371,-0.007640,0.0000,1.0000,8581.3,0.1152,1,0
27.4709,0.538061,59.986373,-0.007641,0.0000,1.0000,8521.4,0.1153,1,0
27.5240,0.538061,59.986376,-0.007641,0.0000,1.0000,8615.8,0.1154,1,0
27.5778,0.538061,59.986378,-0.007641,0.0000,1.0000,8558.7,0.1151,1,0
27.6293,0.538061,59.986380,-0.007642,0.0000,1.0000,8656.0,0.1147,1,0
27.6812,0.538061,59.986382,-0.007642,0.0000,1.0000,8605.5,0.1141,1,0
27.7307,0.538061,59.986385,-0.007642,0.0000,1.0000,8668.4,0.1131,1,0
27.7782,0.538061,59.986387,-0.007642,0.0000,1.0000,8673.1,0.1119,1,0
27.8264,0.538727,59.986389,-0.007642,0.0000,1.0000,8667.3,0.1106,1,0
27.8738,0.538727,59.986391,-0.007643,0.0000,1.0000,8701.8,0.1091,1,0
27.9201,0.538727,59.986393,-0.007643,0.0000,1.0000,8714.7,0.1074,1,0
27.9651,0.538727,59.986396,-0.007643,0.0000,1.0000,8717.4,0.1054,1,0
28.0107,0.538727,59.986398,-0.007643,0.0000,1.0000,8758.0,0.1030,1,0
28.0546,0.538727,59.986400,-0.007643,0.0000,1.0000,8777.1,0.1005,1,0
28.0971,0.538727,59.986403,-0.007643,0.0000,1.0000,8754.6,0.0975,1,0
28.1413,0.538727,59.986405,-0.007644,0.0000,1.0000,8798.8,0.0942,1,0
28.1838,0.538727,59.986408,-0.007644,0.0000,1.0000,8780.5,0.0908,1,0
28.2275,0.538727,59.986411,-0.007644,0.0000,1.0000,8827.2,0.0872,1,0
28.2697,0.539403,59.986414,-0.007644,0.0000,1.0000,8808.0,0.0832,1,0
28.3129,0.539403,59.986416,-0.007644,0.0000,1.0000,8854.6,0.0790,1,0
28.3537,0.539403,59.986419,-0.007644,0.0000,1.0000,8839.9,0.0745,1,0
28.3935,0.539403,59.986422,-0.007644,0.0000,1.0000,8864.1,0.0697,1,0
28.4337,0.539403,59.986424,-0.007644,0.0000,1.0000,8885.5,0.0648,1,0
28.4732,0.539403,59.986427,-0.007644,0.0000,1.0000,8911.8,0.0598,1,0
28.5139,0.539403,59.986430,-0.007644,0.0000,1.0000,8895.9,0.0548,1,0
28.5542,0.539403,59.986432,-0.007644,0.0000,1.0000,8917.9,0.0497,1,0
28.5935,0.539403,59.986435,-0.007643,0.0000,1.0000,8939.2,0.0445,1,0
28.6331,0.539403,59.986438,-0.007643,0.0000,1.0000,8931.6,0.0394,1,0
28.6723,0.540100,59.986441,-0.007643,0.0000,1.0000,8953.4,0.0344,1,0
28.7106,0.540100,59.986443,-0.007643,0.0000,1.0000,8975.3,0.0294,1,0
28.7508,0.540100,59.986446,-0.007643,0.0000,1.0000,8964.4,0.0248,1,0
28.7914,0.540100,59.986449,-0.007643,0.0000,1.0000,8981.0,0.0206,1,0
28.8316,0.540100,59.986451,-0.007643,0.0000,1.0000,8997.7,0.0166,1,0
28.8519,0.540100,59.986454,-0.007643,0.0000,1.0000,8948.7,0.0130,1,0
28.8466,0.540100,59.986457,-0.007642,0.0000,1.0000,8900.0,0.0098,1,0
28.8408,0.540100,59.986459,-0.007642,0.0000,1.0000,8851.4,0.0070,1,0
28.8357,0.540100,59.986462,-0.007642,0.0000,1.0000,8803.1,0.0045,1,0
28.8598,0.540100,59.986464,-0.007641,0.0000,1.0000,8120.7,0.0024,2,0
28.9218,0.540796,59.986467,-0.007641,0.0000,1.0000,7507.4,0.0007,2,0
28.9907,0.540796,59.986470,-0.007641,0.0000,1.0000,7392.2,-0.0009,2,0
29.0574,0.540796,59.986472,-0.007640,0.0000,1.0000,7294.1,-0.0022,2,0
29.1204,0.540796,59.986475,-0.007640,0.0000,1.0000,7211.7,-0.0032,2,0
29.1796,0.540796,59.986477,-0.007640,0.0000,1.0000,7146.9,-0.0039,2,0
29.2334,0.540796,59.986480,-0.007640,0.0000,1.0000,7105.6,-0.0042,2,0
29.2850,0.540796,59.986483,-0.007639,0.0000,1.0000,7075.0,-0.0042,2,0
29.3351,0.540796,59.986485,-0.007639,0.0000,1.0000,7114.0,-0.0040,2,0
29.3867,0.540796,59.986488,-0.007638,0.0000,1.0000,7082.9,-0.0033,2,0
29.4380,0.540796,59.986491,-0.007638,0.0000,1.0000,7136.6,-0.0024,2,0
29.4912,0.541518,59.986494,-0.007637,0.0000,1.0000,7098.2,-0.0013,2,0
29.5433,0.541518,59.986496,-0.007637,0.0000,1.0000,7148.5,0.0001,2,0
29.5994,0.541518,59.986499,-0.007637,0.0000,1.0000,7155.6,0.0017,2,0
29.6554,0.541518,59.986502,-0.007636,0.0000,1.0000,7132.1,0.0036,2,0
29.7112,0.541518,59.986504,-0.007636,0.0000,1.0000,7164.2,0.0058,2,0
29.7715,0.541518,59.986507,-0.007635,0.0000,1.0000,7181.1,0.0081,2,0
29.8330,0.541518,59.986510,-0.007635,0.0000,1.0000,7191.8,0.0105,2,0
29.8945,0.541518,59.986512,-0.007634,0.0000,1.0000,7202.0,0.0131,2,0
29.9561,0.541518,59.986515,-0.007633,0.0000,1.0000,7211.3,0.0157,2,0
30.0187,0.541518,59.986518,-0.007633,0.0000,1.0000,7216.5,0.0184,2,0
30.0824,0.542247,59.986521,-0.007632,0.0000,1.0000,7216.1,0.0211,2,0
30.1467,0.542247,59.986523,-0.007632,0.0000,1.0000,7215.6,0.0239,2,0
30.2099,0.542247,59.986526,-0.007631,0.0000,1.0000,7218.8,0.0268,2,0
30.2731,0.542247,59.986529,-0.007631,0.0000,1.0000,7223.2,0.0295,2,0
30.3356,0.542247,59.986531,-0.007630,0.0000,1.0000,7230.0,0.0322,2,0
30.3978,0.542247,59.986534,-0.007629,0.0000,1.0000,7237.5,0.0347,2,0
30.4600,0.542247,59.986537,-0.007629,0.0000,1.0000,7242.5,0.0371,2,0
30.5237,0.542247,59.986539,-0.007628,0.0000,1.0000,7246.0,0.0393,2,0
30.5875,0.542247,59.986542,-0.007627,0.0000,1.0000,7248.7,0.0413,2,0
30.6493,0.542247,59.986544,-0.007627,0.0000,1.0000,7259.0,0.0430,2,0
30.7112,0.542997,59.986547,-0.007626,0.0000,1.0000,7269.5,0.0445,2,0
30.7727,0.542997,59.986550,-0.007625,0.0000,1.0000,7280.6,0.0456,2,0
30.8344,0.542997,59.986552,-0.007624,0.0000,1.0000,7290.0,0.0466,2,0
30.8936,0.542997,59.986555,-0.007624,0.0000,1.0000,7301.4,0.0471,2,0
30.9584,0.542997,59.986557,-0.007623,0.0000,1.0000,7309.3,0.0475,2,0
31.0199,0.542997,59.986560,-0.007622,0.0000,1.0000,7319.4,0.0478,2,0
31.0805,0.542997,59.986563,-0.007622,0.0000,1.0000,7334.8,0.0477,2,0
31.1413,0.542997,59.986566,-0.007621,0.0000,1.0000,7349.1,0.0475,2,0
31.2021,0.542997,59.986568,-0.007620,0.0000,1.0000,7362.0,0.0470,2,0
31.2620,0.542997,59.986571,-0.007619,0.0000,1.0000,7378.0,0.0464,2,0
31.3209,0.543764,59.986574,-0.007618,0.0000,1.0000,7394.8,0.0458,2,0
31.3831,0.543764,59.986577,-0.007618,0.0000,1.0000,7408.5,0.0448,2,0
31.4432,0.543764,59.986580,-0.007617,0.0000,1.0000,7426.3,0.0443,2,0
31.5017,0.543764,59.986582,-0.007616,0.0000,1.0000,7448.0,0.0434,2,0
31.5613,0.543764,59.986585,-0.007615,0.0000,1.0000,7466.5,0.0425,2,0
31.6206,0.543764,59.986588,-0.007614,0.0000,1.0000,7484.8,0.0416,2,0
31.6823,0.543764,59.986591,-0.007614,0.0000,1.0000,7493.5,0.0407,2,0
31.7424,0.543764,59.986594,-0.007613,0.0000,1.0000,7508.1,0.0399,2,0
31.8038,0.543764,59.986597,-0.007612,0.0000,1.0000,7519.7,0.0392,2,0
31.8647,0.543764,59.986600,-0.007611,0.0000,1.0000,7531.8,0.0385,2,0
31.9227,0.544545,59.986603,-0.007610,0.0000,1.0000,7556.4,0.0378,2,0
31.9817,0.544545,59.986606,-0.007609,0.0000,1.0000,7576.5,0.0372,2,0
32.0404,0.544545,59.986609,-0.007608,0.0000,1.0000,7596.6,0.0367,2,0
32.1018,0.544545,59.986612,-0.007607,0.0000,1.0000,7604.7,0.0361,2,0
32.1634,0.544545,59.986615,-0.007607,0.0000,1.0000,7612.5,0.0357,2,0
32.2244,0.544545,59.986618,-0.007606,0.0000,1.0000,7623.2,0.0353,2,0
32.2836,0.544545,59.986621,-0.007605,0.0000,1.0000,7642.3,0.0349,2,0
32.3436,0.544545,59.986623,-0.007604,0.0000,1.0000,7655.3,0.0346,2,0
32.4045,0.544545,59.986626,-0.007603,0.0000,1.0000,7664.8,0.0342,2,0
32.4650,0.544545,59.986629,-0.007602,0.0000,1.0000,7675.0,0.0338,2,0
32.5254,0.545341,59.986632,-0.007601,0.0000,1.0000,7685.2,0.0335,2,0
32.5863,0.545341,59.986634,-0.007600,0.0000,1.0000,7694.2,0.0332,2,0
32.6457,0.545341,59.986637,-0.007599,0.0000,1.0000,7708.6,0.0328,2,0
32.7054,0.545341,59.986640,-0.007598,0.0000,1.0000,7721.6,0.0325,2,0
32.7652,0.545341,59.986642,-0.007597,0.0000,1.0000,7731.7,0.0321,2,0
32.8245,0.545341,59.986645,-0.007596,0.0000,1.0000,7744.2,0.0317,2,0
32.8836,0.545341,59.986648,-0.007595,0.0000,1.0000,7757.2,0.0312,2,0
32.9436,0.545341,59.986651,-0.007594,0.0000,1.0000,7765.9,0.0309,2,0
33.0025,0.545341,59.986654,-0.007593,0.0000,1.0000,7780.1,0.0305,2,0
33.0610,0.545341,59.986657,-0.007592,0.0000,1.0000,7796.0,0.0301,2,0
33.1195,0.546148,59.986660,-0.007591,0.0000,1.0000,7811.0,0.0297,2,0
33.1781,0.546148,59.986663,-0.007590,0.0000,1.0000,7824.8,0.0293,2,0
33.2357,0.546148,59.986666,-0.007589,0.0000,1.0000,7842.0,0.0289,2,0
33.2944,0.546148,59.986669,-0.007588,0.0000,1.0000,7854.8,0.0285,2,0
33.3530,0.546148,59.986672,-0.007587,0.0000,1.0000,7869.0,0.0282,2,0
33.4106,0.546148,59.986675,-0.007586,0.0000,1.0000,7887.3,0.0278,2,0
33.4694,0.546148,59.986678,-0.007585,0.0000,1.0000,7898.8,0.0273,2,0
33.5285,0.546148,59.986681,-0.007584,0.0000,1.0000,7908.7,0.0267,2,0
33.5863,0.546148,59.986684,-0.007583,0.0000,1.0000,7923.6,0.0262,2,0
33.6440,0.546148,59.986687,-0.007582,0.0000,1.0000,7938.8,0.0256,2,0
33.7025,0.546967,59.986691,-0.007581,0.0000,1.0000,7951.2,0.0251,2,0
33.7604,0.546967,59.986694,-0.007580,0.0000,1.0000,7966.4,0.0245,2,0
33.8181,0.546967,59.986697,-0.007579,0.0000,1.0000,7981.1,0.0238,2,0
33.8773,0.546967,59.986700,-0.007578,0.0000,1.0000,7989.0,0.0231,2,0
33.9348,0.546967,59.986703,-0.007577,0.0000,1.0000,8002.9,0.0223,2,0
33.9922,0.546967,59.986706,-0.007576,0.0000,1.0000,8017.4,0.0215,2,0
34.0510,0.546967,59.986709,-0.007574,0.0000,1.0000,8026.1,0.0208,2,0
34.1090,0.546967,59.986711,-0.007573,0.0000,1.0000,8037.9,0.0201,2,0
34.1660,0.546967,59.986714,-0.007572,0.0000,1.0000,8054.9,0.0193,2,0
34.2249,0.546967,59.986716,-0.007571,0.0000,1.0000,8061.5,0.0184,2,0
34.2820,0.547805,59.986719,-0.007570,0.0000,1.0000,8074.5,0.0178,2,0
34.3386,0.547805,59.986722,-0.007569,0.0000,1.0000,8089.0,0.0174,2,0
34.3962,0.547805,59.986724,-0.007568,0.0000,1.0000,8102.1,0.0170,2,0
34.4552,0.547805,59.986727,-0.007567,0.0000,1.0000,8107.5,0.0166,2,0
34.5114,0.547805,59.986729,-0.007565,0.0000,1.0000,8124.5,0.0159,2,0
34.5696,0.547805,59.986732,-0.007564,0.0000,1.0000,8133.2,0.0153,2,0
34.6258,0.547805,59.986736,-0.007563,0.0000,1.0000,8145.5,0.0148,2,0
34.6815,0.547805,59.986739,-0.007562,0.0000,1.0000,8162.5,0.0145,2,0
34.7392,0.547805,59.986743,-0.007561,0.0000,1.0000,8172.5,0.0143,2,0
34.7965,0.547805,59.986746,-0.007560,0.0000,1.0000,8182.0,0.0140,2,0
34.8529,0.548654,59.986750,-0.007558,0.0000,1.0000,8196.8,0.0134,2,0
34.9087,0.548654,59.986753,-0.007557,0.0000,1.0000,8210.8,0.0127,2,0
34.9647,0.548654,59.986756,-0.007556,0.0000,1.0000,8224.2,0.0124,2,0
35.0207,0.548654,59.986760,-0.007555,0.0000,1.0000,8236.2,0.0122,2,0
35.0764,0.548654,59.986764,-0.007554,0.0000,1.0000,8249.9,0.0119,2,0
35.1330,0.548654,59.986767,-0.007553,0.0000,1.0000,8261.7,0.0117,2,0
35.1875,0.548654,59.986770,-0.007551,0.0000,1.0000,8280.2,0.0117,2,0
35.2436,0.548654,59.986773,-0.007550,0.0000,1.0000,8290.2,0.0118,2,0
35.2992,0.548654,59.986776,-0.007549,0.0000,1.0000,8301.9,0.0120,2,0
35.3539,0.548654,59.986779,-0.007548,0.0000,1.0000,8316.6,0.0125,2,0
35.4080,0.549519,59.986782,-0.007546,0.0000,1.0000,8331.6,0.0131,2,0
35.4633,0.549519,59.986785,-0.007545,0.0000,1.0000,8344.8,0.0139,2,0
35.5170,0.549519,59.986788,-0.007544,0.0000,1.0000,8364.5,0.0146,2,0
35.5734,0.549519,59.986791,-0.007543,0.0000,1.0000,8370.9,0.0151,2,0
35.6288,0.549519,59.986794,-0.007542,0.0000,1.0000,8380.0,0.0157,2,0
35.6811,0.549519,59.986797,-0.007540,0.0000,1.0000,8400.6,0.0163,2,0
35.7345,0.549519,59.986800,-0.007539,0.0000,1.0000,8418.8,0.0168,2,0
35.7903,0.549519,59.986803,-0.007538,0.0000,1.0000,8426.8,0.0173,2,0
35.8445,0.549519,59.986806,-0.007537,0.0000,1.0000,8440.5,0.0177,2,0
35.8968,0.549519,59.986809,-0.007535,0.0000,1.0000,8460.5,0.0180,2,0
35.9527,0.550399,59.986813,-0.007534,0.0000,1.0000,8465.8,0.0182,2,0
36.0046,0.550399,59.986816,-0.007533,0.0000,1.0000,8484.3,0.0183,2,0
36.0585,0.550399,59.986819,-0.007532,0.0000,1.0000,8498.1,0.0185,2,0
36.1112,0.550399,59.986822,-0.007530,0.0000,1.0000,8513.7,0.0187,2,0
36.1657,0.550399,59.986825,-0.007529,0.0000,1.0000,8525.1,0.0187,2,0
36.2189,0.550399,59.986828,-0.007528,0.0000,1.0000,8537.3,0.0188,2,0
36.2741,0.550399,59.986831,-0.007527,0.0000,1.0000,8540.9,0.0190,2,0
36.3260,0.550399,59.986834,-0.007525,0.0000,1.0000,8559.0,0.0192,2,0
36.3795,0.550399,59.986838,-0.007524,0.0000,1.0000,8570.0,0.0194,2,0
36.4319,0.550399,59.986841,-0.007523,0.0000,1.0000,8583.6,0.0197,2,0
36.4858,0.551288,59.986844,-0.007521,0.0000,1.0000,8593.7,0.0198,2,0
36.5397,0.551288,59.986847,-0.007520,0.0000,1.0000,8598.5,0.0201,2,0
36.5927,0.551288,59.986850,-0.007519,0.0000,1.0000,8606.7,0.0202,2,0
36.6461,0.551288,59.986854,-0.007518,0.0000,1.0000,8613.4,0.0203,2,0
36.6986,0.551288,59.986857,-0.007516,0.0000,1.0000,8624.5,0.0206,2,0
36.7511,0.551288,59.986860,-0.007515,0.0000,1.0000,8633.6,0.0208,2,0
36.8036,0.551288,59.986863,-0.007514,0.0000,1.0000,8643.2,0.0210,2,0
36.8556,0.551288,59.986867,-0.007512,0.0000,1.0000,8652.4,0.0211,2,0
36.9072,0.551288,59.986870,-0.007511,0.0000,1.0000,8661.9,0.0213,2,0
36.9585,0.551288,59.986873,-0.007510,0.0000,1.0000,8671.4,0.0215,2,0
37.0107,0.552189,59.986877,-0.007508,0.0000,1.0000,8677.7,0.0217,2,0
37.0616,0.552189,59.986880,-0.007507,0.0000,1.0000,8690.0,0.0220,2,0
37.1127,0.552189,59.986883,-0.007506,0.0000,1.0000,8699.3,0.0221,2,0
37.1630,0.552189,59.986886,-0.007504,0.0000,1.0000,8710.7,0.0223,2,0
37.2125,0.552189,59.986890,-0.007503,0.0000,1.0000,8725.4,0.0223,2,0
37.2624,0.552189,59.986893,-0.007502,0.0000,1.0000,8736.9,0.0224,2,0
37.3126,0.552189,59.986896,-0.007500,0.0000,1.0000,8748.1,0.0224,2,0
37.3623,0.552189,59.986900,-0.007499,0.0000,1.0000,8761.4,0.0223,2,0
37.4112,0.552189,59.986903,-0.007497,0.0000,1.0000,8775.1,0.0221,2,0
37.4604,0.552189,59.986907,-0.007496,0.0000,1.0000,8787.8,0.0219,2,0
37.5090,0.553104,59.986910,-0.007495,0.0000,1.0000,8800.0,0.0216,2,0
37.5578,0.553104,59.986913,-0.007493,0.0000,1.0000,8812.5,0.0214,2,0
37.6071,0.553104,59.986917,-0.007492,0.0000,1.0000,8823.2,0.0213,2,0
37.6545,0.553104,59.986920,-0.007490,0.0000,1.0000,8839.5,0.0210,2,0
37.7028,0.553104,59.986924,-0.007489,0.0000,1.0000,8850.8,0.0207,2,0
37.7508,0.553104,59.986927,-0.007488,0.0000,1.0000,8862.3,0.0205,2,0
37.7984,0.553104,59.986930,-0.007486,0.0000,1.0000,8874.2,0.0202,2,0
37.8466,0.553104,59.986933,-0.007485,0.0000,1.0000,8886.2,0.0200,2,0
37.8935,0.553104,59.986936,-0.007483,0.0000,1.0000,8900.6,0.0199,2,0
37.9417,0.553104,59.986939,-0.007482,0.0000,1.0000,8911.0,0.0198,2,0
37.9885,0.554031,59.986942,-0.007480,0.0000,1.0000,8923.0,0.0197,2,0
38.0351,0.554031,59.986946,-0.007479,0.0000,1.0000,8935.4,0.0197,2,0
38.0813,0.554031,59.986949,-0.007477,0.0000,1.0000,8949.9,0.0198,2,0
38.1272,0.554031,59.986952,-0.007476,0.0000,1.0000,8966.1,0.0200,2,0
38.1737,0.554031,59.986955,-0.007475,0.0000,1.0000,8979.5,0.0200,2,0
38.2200,0.554031,59.986958,-0.007473,0.0000,1.0000,8990.9,0.0198,2,0
38.2668,0.554031,59.986961,-0.007472,0.0000,1.0000,8997.6,0.0199,2,0
38.3123,0.554031,59.986964,-0.007470,0.0000,1.0000,9012.0,0.0197,2,0
38.3578,0.554031,59.986968,-0.007469,0.0000,1.0000,9026.1,0.0192,2,0
38.3940,0.554031,59.986971,-0.007467,0.0000,1.0000,9008.8,0.0188,2,0
38.3945,0.554965,59.986974,-0.007466,0.0000,1.0000,8959.8,0.0183,2,0
38.3846,0.554965,59.986977,-0.007464,0.0000,1.0000,8911.0,0.0179,2,0
38.3760,0.554965,59.986980,-0.007463,0.0000,1.0000,8862.4,0.0174,2,0
38.3689,0.554965,59.986984,-0.007461,0.0000,1.0000,8602.4,0.0171,3,0
38.4362,0.554965,59.986987,-0.007460,0.0000,1.0000,7709.8,0.0168,3,0
38.5042,0.554965,59.986990,-0.007458,0.0000,1.0000,7333.7,0.0165,3,0
38.5532,0.554965,59.986994,-0.007457,0.0000,1.0000,7336.9,0.0163,3,0
38.5992,0.554965,59.986997,-0.007455,0.0000,1.0000,7343.6,0.0163,3,0
38.6448,0.554965,59.987001,-0.007453,0.0000,1.0000,7352.3,0.0163,3,0
38.6906,0.554965,59.987004,-0.007452,0.0000,1.0000,7360.4,0.0165,3,0
38.7358,0.555898,59.987008,-0.007450,0.0000,1.0000,7371.1,0.0165,3,0
38.7809,0.555898,59.987012,-0.007449,0.0000,1.0000,7381.0,0.0165,3,0
38.8264,0.555898,59.987015,-0.007447,0.0000,1.0000,7386.3,0.0166,3,0
38.8719,0.555898,59.987019,-0.007446,0.0000,1.0000,7391.4,0.0167,3,0
38.9165,0.555898,59.987022,-0.007444,0.0000,1.0000,7400.9,0.0168,3,0
38.9613,0.555898,59.987026,-0.007443,0.0000,1.0000,7410.5,0.0168,3,0
39.0063,0.555898,59.987029,-0.007441,0.0000,1.0000,7418.8,0.0167,3,0
39.0515,0.555898,59.987033,-0.007439,0.0000,1.0000,7425.2,0.0165,3,0
39.0966,0.555898,59.987036,-0.007438,0.0000,1.0000,7430.5,0.0163,3,0
39.1411,0.555898,59.987040,-0.007436,0.0000,1.0000,7439.6,0.0162,3,0
39.1854,0.556845,59.987043,-0.007435,0.0000,1.0000,7450.4,0.0160,3,0
39.2304,0.556845,59.987046,-0.007433,0.0000,1.0000,7458.9,0.0156,3,0
39.2753,0.556845,59.987050,-0.007431,0.0000,1.0000,7466.0,0.0151,3,0
39.3201,0.556845,59.987053,-0.007430,0.0000,1.0000,7472.3,0.0144,3,0
39.3640,0.556845,59.987057,-0.007428,0.0000,1.0000,7482.2,0.0138,3,0
39.4083,0.556845,59.987060,-0.007427,0.0000,1.0000,7492.9,0.0132,3,0
39.4534,0.556845,59.987063,-0.007425,0.0000,1.0000,7500.2,0.0124,3,0
39.4979,0.556845,59.987067,-0.007423,0.0000,1.0000,7509.8,0.0111,3,0
39.5422,0.556845,59.987071,-0.007422,0.0000,1.0000,7516.5,0.0098,3,0
39.5861,0.556845,59.987074,-0.007420,0.0000,1.0000,7526.5,0.0085,3,0
39.6299,0.557805,59.987077,-0.007419,0.0000,1.0000,7535.9,0.0074,3,0
39.6743,0.557805,59.987081,-0.007417,0.0000,1.0000,7546.3,0.0065,3,0
39.7189,0.557805,59.987084,-0.007415,0.0000,1.0000,7553.3,0.0056,3,0
39.7631,0.557805,59.987088,-0.007414,0.0000,1.0000,7561.5,0.0047,3,0
39.8067,0.557805,59.987091,-0.007412,0.0000,1.0000,7569.3,0.0041,3,0
39.8503,0.557805,59.987095,-0.007410,0.0000,1.0000,7579.9,0.0037,3,0
39.8947,0.557805,59.987098,-0.007409,0.0000,1.0000,7586.9,0.0033,3,0
39.9391,0.557805,59.987102,-0.007407,0.0000,1.0000,7594.3,0.0028,3,0
39.9826,0.557805,59.987105,-0.007405,0.0000,1.0000,7603.2,0.0021,3,0
40.0271,0.557805,59.987109,-0.007404,0.0000,1.0000,7607.9,0.0015,3,0
40.0702,0.558784,59.987112,-0.007402,0.0000,1.0000,7616.8,0.0012,3,0
40.1144,0.558784,59.987116,-0.007400,0.0000,1.0000,7624.5,0.0011,3,0
40.1586,0.558784,59.987119,-0.007399,0.0000,1.0000,7630.4,0.0011,3,0
40.2019,0.558784,59.987123,-0.007397,0.0000,1.0000,7640.8,0.0011,3,0
40.2456,0.558784,59.987127,-0.007395,0.0000,1.0000,7646.8,0.0010,3,0
40.2888,0.558784,59.987130,-0.007394,0.0000,1.0000,7655.1,0.0010,3,0
40.3326,0.558784,59.987134,-0.007392,0.0000,1.0000,7661.0,0.0010,3,0
40.3772,0.558784,59.987137,-0.007390,0.0000,1.0000,7665.1,0.0010,3,0
40.4198,0.558784,59.987141,-0.007389,0.0000,1.0000,7676.6,0.0008,3,0
40.4630,0.558784,59.987145,-0.007387,0.0000,1.0000,7684.6,0.0005,3,0
40.5062,0.559771,59.987149,-0.007385,0.0000,1.0000,7690.0,0.0004,3,0
40.5493,0.559771,59.987152,-0.007384,0.0000,1.0000,7697.8,0.0002,3,0
40.5930,0.559771,59.987156,-0.007382,0.0000,1.0000,7703.2,-0.0002,3,0
40.6362,0.559771,59.987160,-0.007380,0.0000,1.0000,7711.2,-0.0006,3,0
40.6786,0.559771,59.987163,-0.007378,0.0000,1.0000,7720.3,-0.0011,3,0
40.7216,0.559771,59.987167,-0.007377,0.0000,1.0000,7726.2,-0.0015,3,0
40.7639,0.559771,59.987170,-0.007375,0.0000,1.0000,7735.0,-0.0019,3,0
40.8072,0.559771,59.987174,-0.007373,0.0000,1.0000,7741.3,-0.0023,3,0
40.8501,0.559771,59.987177,-0.007372,0.0000,1.0000,7750.0,-0.0027,3,0
40.8926,0.559771,59.987180,-0.007370,0.0000,1.0000,7758.5,-0.0031,3,0
40.9348,0.560771,59.987184,-0.007368,0.0000,1.0000,7767.3,-0.0034,3,0
40.9773,0.560771,59.987187,-0.007367,0.0000,1.0000,7773.6,-0.0037,3,0
41.0201,0.560771,59.987190,-0.007365,0.0000,1.0000,7781.2,-0.0041,3,0
41.0631,0.560771,59.987193,-0.007363,0.0000,1.0000,7788.2,-0.0047,3,0
41.1053,0.560771,59.987197,-0.007361,0.0000,1.0000,7796.8,-0.0055,3,0
41.1473,0.560771,59.987200,-0.007360,0.0000,1.0000,7804.7,-0.0064,3,0
41.1895,0.560771,59.987204,-0.007358,0.0000,1.0000,7811.3,-0.0075,3,0
41.2316,0.560771,59.987207,-0.007356,0.0000,1.0000,7818.9,-0.0086,3,0
41.2745,0.560771,59.987211,-0.007355,0.0000,1.0000,7824.6,-0.0097,3,0
41.3165,0.560771,59.987214,-0.007353,0.0000,1.0000,7832.8,-0.0110,3,0
41.3575,0.561781,59.987218,-0.007351,0.0000,1.0000,7843.1,-0.0121,3,0
41.3989,0.561781,59.987222,-0.007349,0.0000,1.0000,7851.1,-0.0133,3,0
41.4414,0.561781,59.987225,-0.007348,0.0000,1.0000,7856.2,-0.0145,3,0
41.4824,0.561781,59.987229,-0.007346,0.0000,1.0000,7867.6,-0.0157,3,0
41.5240,0.561781,59.987232,-0.007344,0.0000,1.0000,7876.9,-0.0168,3,0
41.5644,0.561781,59.987236,-0.007343,0.0000,1.0000,7888.7,-0.0177,3,0
41.6051,0.561781,59.987240,-0.007341,0.0000,1.0000,7898.4,-0.0185,3,0
41.6463,0.561781,59.987244,-0.007339,0.0000,1.0000,7907.1,-0.0192,3,0
41.6878,0.561781,59.987247,-0.007337,0.0000,1.0000,7915.8,-0.0197,3,0
41.7282,0.561781,59.987251,-0.007336,0.0000,1.0000,7929.0,-0.0201,3,0
41.7686,0.562802,59.987255,-0.007334,0.0000,1.0000,7938.4,-0.0203,3,0
41.8090,0.562802,59.987259,-0.007332,0.0000,1.0000,7947.5,-0.0203,3,0
41.8496,0.562802,59.987263,-0.007331,0.0000,1.0000,7956.3,-0.0203,3,0
41.8910,0.562802,59.987266,-0.007329,0.0000,1.0000,7965.2,-0.0203,3,0
41.9313,0.562802,59.987270,-0.007327,0.0000,1.0000,7975.8,-0.0203,3,0
41.9718,0.562802,59.987274,-0.007325,0.0000,1.0000,7984.9,-0.0201,3,0
42.0123,0.562802,59.987278,-0.007324,0.0000,1.0000,7992.3,-0.0199,3,0
42.0528,0.562802,59.987282,-0.007322,0.0000,1.0000,8002.2,-0.0198,3,0
42.0940,0.562802,59.987285,-0.007320,0.0000,1.0000,8010.3,-0.0198,3,0
42.1354,0.562802,59.987289,-0.007319,0.0000,1.0000,8016.6,-0.0198,3,0
42.1755,0.563835,59.987293,-0.007317,0.0000,1.0000,8027.3,-0.0199,3,0
42.2162,0.563835,59.987297,-0.007315,0.0000,1.0000,8033.3,-0.0199,3,0
42.2573,0.563835,59.987301,-0.007314,0.0000,1.0000,8039.9,-0.0201,3,0
42.2989,0.563835,59.987304,-0.007312,0.0000,1.0000,8044.0,-0.0204,3,0
42.3402,0.563835,59.987308,-0.007310,0.0000,1.0000,8048.9,-0.0207,3,0
42.3808,0.563835,59.987312,-0.007309,0.0000,1.0000,8054.9,-0.0209,3,0
42.4219,0.563835,59.987316,-0.007307,0.0000,1.0000,8056.7,-0.0211,3,0
42.4624,0.563835,59.987319,-0.007305,0.0000,1.0000,8062.2,-0.0212,3,0
42.5035,0.563835,59.987323,-0.007304,0.0000,1.0000,8066.5,-0.0213,3,0
42.5433,0.563835,59.987326,-0.007302,0.0000,1.0000,8075.5,-0.0214,3,0
42.5828,0.564877,59.987330,-0.007300,0.0000,1.0000,8084.2,-0.0213,3,0
42.6228,0.564877,59.987333,-0.007299,0.0000,1.0000,8089.8,-0.0210,3,0
42.6624,0.564877,59.987336,-0.007297,0.0000,1.0000,8099.0,-0.0208,3,0
42.7023,0.564877,59.987340,-0.007295,0.0000,1.0000,8108.4,-0.0207,3,0
42.7419,0.564877,59.987344,-0.007294,0.0000,1.0000,8116.7,-0.0206,3,0
42.7804,0.564877,59.987347,-0.007292,0.0000,1.0000,8128.6,-0.0205,3,0
42.8197,0.564877,59.987351,-0.007290,0.0000,1.0000,8135.6,-0.0203,3,0
42.8596,0.564877,59.987355,-0.007289,0.0000,1.0000,8142.9,-0.0203,3,0
42.8999,0.564877,59.987358,-0.007287,0.0000,1.0000,8147.5,-0.0203,3,0
42.9393,0.564877,59.987362,-0.007285,0.0000,1.0000,8155.9,-0.0203,3,0
42.9773,0.565928,59.987366,-0.007284,0.0000,1.0000,8168.4,-0.0202,3,0
43.0166,0.565928,59.987370,-0.007282,0.0000,1.0000,8174.9,-0.0201,3,0
43.0558,0.565928,59.987374,-0.007280,0.0000,1.0000,8183.7,-0.0200,3,0
43.0960,0.565928,59.987377,-0.007279,0.0000,1.0000,8188.8,-0.0200,3,0
43.1349,0.565928,59.987381,-0.007277,0.0000,1.0000,8198.5,-0.0200,3,0
43.1730,0.565928,59.987385,-0.007275,0.0000,1.0000,8209.7,-0.0200,3,0
43.2121,0.565928,59.987389,-0.007274,0.0000,1.0000,8216.5,-0.0200,3,0
43.2512,0.565928,59.987393,-0.007272,0.0000,1.0000,8223.9,-0.0201,3,0
43.2917,0.565928,59.987396,-0.007271,0.0000,1.0000,8227.5,-0.0202,3,0
43.3303,0.565928,59.987400,-0.007269,0.0000,1.0000,8236.9,-0.0203,3,0
43.3686,0.566990,59.987404,-0.007267,0.0000,1.0000,8245.4,-0.0204,3,0
43.4077,0.566990,59.987408,-0.007266,0.0000,1.0000,8250.7,-0.0204,3,0
43.4472,0.566990,59.987412,-0.007264,0.0000,1.0000,8255.8,-0.0204,3,0
43.4872,0.566990,59.987415,-0.007263,0.0000,1.0000,8259.0,-0.0205,3,0
43.5260,0.566990,59.987419,-0.007261,0.0000,1.0000,8265.1,-0.0207,3,0
43.5640,0.566990,59.987423,-0.007259,0.0000,1.0000,8274.4,-0.0207,3,0
43.6023,0.566990,59.987427,-0.007258,0.0000,1.0000,8280.8,-0.0208,3,0
43.6416,0.566990,59.987430,-0.007256,0.0000,1.0000,8285.8,-0.0210,3,0
43.6812,0.566990,59.987434,-0.007255,0.0000,1.0000,8288.7,-0.0212,3,0
43.7193,0.566990,59.987438,-0.007253,0.0000,1.0000,8297.4,-0.0215,3,0
43.7569,0.568062,59.987441,-0.007251,0.0000,1.0000,8306.5,-0.0217,3,0
43.7951,0.568062,59.987445,-0.007250,0.0000,1.0000,8312.6,-0.0219,3,0
43.8337,0.568062,59.987449,-0.007248,0.0000,1.0000,8319.3,-0.0222,3,0
43.8727,0.568062,59.987453,-0.007247,0.0000,1.0000,8323.4,-0.0225,3,0
43.9101,0.568062,59.987456,-0.007245,0.0000,1.0000,8333.3,-0.0227,3,0
43.9474,0.568062,59.987460,-0.007243,0.0000,1.0000,8341.7,-0.0227,3,0
43.9848,0.568062,59.987464,-0.007242,0.0000,1.0000,8350.7,-0.0228,3,0
44.0234,0.568062,59.987469,-0.007240,0.0000,1.0000,8356.9,-0.0229,3,0
44.0616,0.568062,59.987473,-0.007239,0.0000,1.0000,8362.6,-0.0229,3,0
44.0992,0.568062,59.987477,-0.007237,0.0000,1.0000,8370.3,-0.0226,3,0
44.1362,0.569145,59.987481,-0.007236,0.0000,1.0000,8378.7,-0.0222,3,0
44.1737,0.569145,59.987486,-0.007234,0.0000,1.0000,8386.9,-0.0219,3,0
44.2120,0.569145,59.987490,-0.007232,0.0000,1.0000,8393.3,-0.0217,3,0
44.2502,0.569145,59.987494,-0.007231,0.0000,1.0000,8399.0,-0.0216,3,0
44.2868,0.569145,59.987499,-0.007229,0.0000,1.0000,8409.1,-0.0215,3,0
44.3242,0.569145,59.987503,-0.007228,0.0000,1.0000,8416.0,-0.0215,3,0
44.3618,0.569145,59.987507,-0.007226,0.0000,1.0000,8424.6,-0.0217,3,0
44.4001,0.569145,59.987510,-0.007225,0.0000,1.0000,8430.4,-0.0220,3,0
44.4378,0.569145,59.987514,-0.007223,0.0000,1.0000,8436.5,-0.0223,3,0
44.4744,0.569145,59.987518,-0.007222,0.0000,1.0000,8446.8,-0.0225,3,0
44.5119,0.570238,59.987521,-0.007220,0.0000,1.0000,8453.5,-0.0227,3,0
44.5495,0.570238,59.987525,-0.007219,0.0000,1.0000,8460.8,-0.0230,3,0
44.5881,0.570238,59.987529,-0.007217,0.0000,1.0000,8463.0,-0.0230,3,0
44.6258,0.570238,59.987533,-0.007216,0.0000,1.0000,8468.0,-0.0224,3,0
44.6628,0.570238,59.987536,-0.007214,0.0000,1.0000,8475.2,-0.0219,3,0
44.7005,0.570238,59.987540,-0.007213,0.0000,1.0000,8480.1,-0.0214,3,0
44.7385,0.570238,59.987544,-0.007211,0.0000,1.0000,8483.9,-0.0210,3,0
44.7765,0.570238,59.987548,-0.007210,0.0000,1.0000,8487.5,-0.0206,3,0
44.8134,0.570238,59.987552,-0.007208,0.0000,1.0000,8493.5,-0.0200,3,0
44.8502,0.570238,59.987556,-0.007207,0.0000,1.0000,8498.7,-0.0194,3,0
44.8872,0.571342,59.987560,-0.007205,0.0000,1.0000,8504.1,-0.0188,3,0
44.9240,0.571342,59.987564,-0.007204,0.0000,1.0000,8511.5,-0.0182,3,0
44.9611,0.571342,59.987568,-0.007202,0.0000,1.0000,8516.3,-0.0176,3,0
44.9970,0.571342,59.987572,-0.007201,0.0000,1.0000,8525.2,-0.0171,3,0
45.0325,0.571342,59.987576,-0.007199,0.0000,1.0000,8534.7,-0.0167,3,0
45.0681,0.571342,59.987580,-0.007198,0.0000,1.0000,8545.4,-0.0165,3,0
45.1047,0.571342,59.987584,-0.007196,0.0000,1.0000,8551.1,-0.0164,3,0
45.1411,0.571342,59.987588,-0.007195,0.0000,1.0000,8556.8,-0.0164,3,0
45.1763,0.571342,59.987592,-0.007193,0.0000,1.0000,8565.9,-0.0164,3,0
45.2112,0.571342,59.987596,-0.007192,0.0000,1.0000,8575.3,-0.0165,3,0
45.2471,0.572449,59.987600,-0.007190,0.0000,1.0000,8582.8,-0.0167,3,0
45.2831,0.572449,59.987604,-0.007189,0.0000,1.0000,8589.1,-0.0170,3,0
45.3180,0.572449,59.987608,-0.007187,0.0000,1.0000,8598.1,-0.0173,3,0
45.3526,0.572449,59.987612,-0.007186,0.0000,1.0000,8606.7,-0.0177,3,0
45.3873,0.572449,59.987616,-0.007184,0.0000,1.0000,8616.1,-0.0182,3,0
45.4222,0.572449,59.987620,-0.007183,0.0000,1.0000,8626.4,-0.0187,3,0
45.4577,0.572449,59.987624,-0.007181,0.0000,1.0000,8631.1,-0.0193,3,0
45.4923,0.572449,59.987628,-0.007180,0.0000,1.0000,8638.8,-0.0199,3,0
45.5262,0.572449,59.987632,-0.007179,0.0000,1.0000,8649.0,-0.0204,3,0
45.5606,0.572449,59.987636,-0.007177,0.0000,1.0000,8658.0,-0.0210,3,0
45.5961,0.573571,59.987640,-0.007176,0.0000,1.0000,8662.8,-0.0215,3,0
45.6311,0.573571,59.987644,-0.007174,0.0000,1.0000,8668.0,-0.0220,3,0
45.6649,0.573571,59.987648,-0.007173,0.0000,1.0000,8676.8,-0.0224,3,0
45.6989,0.573571,59.987652,-0.007171,0.0000,1.0000,8684.4,-0.0228,3,0
45.7331,0.573571,59.987656,-0.007170,0.0000,1.0000,8693.2,-0.0230,3,0
45.7685,0.573571,59.987660,-0.007168,0.0000,1.0000,8694.9,-0.0233,3,0
45.8028,0.573571,59.987664,-0.007167,0.0000,1.0000,8700.3,-0.0235,3,0
45.8372,0.573571,59.987668,-0.007166,0.0000,1.0000,8703.7,-0.0236,3,0
45.8706,0.573571,59.987672,-0.007164,0.0000,1.0000,8711.7,-0.0237,3,0
45.9055,0.573571,59.987676,-0.007163,0.0000,1.0000,8714.6,-0.0239,3,0
45.9403,0.574703,59.987680,-0.007161,0.0000,1.0000,8715.9,-0.0241,3,0
45.9733,0.574703,59.987684,-0.007160,0.0000,1.0000,8723.4,-0.0242,3,0
46.0066,0.574703,59.987688,-0.007159,0.0000,1.0000,8730.1,-0.0243,3,0
46.0397,0.574703,59.987692,-0.007157,0.0000,1.0000,8737.2,-0.0245,3,0
46.0742,0.574703,59.987696,-0.007156,0.0000,1.0000,8740.1,-0.0246,3,0
46.1068,0.574703,59.987700,-0.007154,0.0000,1.0000,8748.9,-0.0248,3,0
46.1392,0.574703,59.987704,-0.007153,0.0000,1.0000,8756.1,-0.0250,3,0
46.1723,0.574703,59.987709,-0.007152,0.0000,1.0000,8763.0,-0.0252,3,0
46.2051,0.574703,59.987713,-0.007150,0.0000,1.0000,8770.8,-0.0255,3,0
46.2390,0.574703,59.987717,-0.007149,0.0000,1.0000,8773.8,-0.0259,3,0
46.2716,0.575844,59.987721,-0.007148,0.0000,1.0000,8779.9,-0.0261,3,0
46.3041,0.575844,59.987726,-0.007146,0.0000,1.0000,8786.5,-0.0264,3,0
46.3367,0.575844,59.987730,-0.007145,0.0000,1.0000,8794.6,-0.0267,3,0
46.3703,0.575844,59.987734,-0.007143,0.0000,1.0000,8796.6,-0.0271,3,0
46.4037,0.575844,59.987739,-0.007142,0.0000,1.0000,8798.7,-0.0274,3,0
46.4352,0.575844,59.987743,-0.007141,0.0000,1.0000,8807.4,-0.0278,3,0
46.4683,0.575844,59.987747,-0.007139,0.0000,1.0000,8810.0,-0.0282,3,0
46.5012,0.575844,59.987751,-0.007138,0.0000,1.0000,8814.1,-0.0286,3,0
46.5341,0.575844,59.987756,-0.007137,0.0000,1.0000,8816.9,-0.0289,3,0
46.5662,0.575844,59.987760,-0.007136,0.0000,1.0000,8821.5,-0.0292,3,0
46.5976,0.576993,59.987764,-0.007134,0.0000,1.0000,8827.7,-0.0294,3,0
46.6295,0.576993,59.987768,-0.007133,0.0000,1.0000,8834.8,-0.0295,3,0
46.6612,0.576993,59.987772,-0.007132,0.0000,1.0000,8841.5,-0.0297,3,0
46.6932,0.576993,59.987777,-0.007130,0.0000,1.0000,8845.7,-0.0297,3,0
46.7240,0.576993,59.987781,-0.007129,0.0000,1.0000,8854.0,-0.0296,3,0
46.7547,0.576993,59.987785,-0.007128,0.0000,1.0000,8864.0,-0.0296,3,0
46.7863,0.576993,59.987789,-0.007126,0.0000,1.0000,8869.1,-0.0295,3,0
46.8183,0.576993,59.987793,-0.007125,0.0000,1.0000,8873.7,-0.0294,3,0
46.8491,0.576993,59.987798,-0.007124,0.0000,1.0000,8881.8,-0.0293,3,0
46.8799,0.576993,59.987802,-0.007123,0.0000,1.0000,8888.2,-0.0291,3,0
46.9110,0.578150,59.987806,-0.007121,0.0000,1.0000,8894.6,-0.0289,3,0
46.9429,0.578150,59.987810,-0.007120,0.0000,1.0000,8899.6,-0.0288,3,0
46.9742,0.578150,59.987814,-0.007119,0.0000,1.0000,8904.4,-0.0286,3,0
47.0054,0.578150,59.987819,-0.007118,0.0000,1.0000,8907.9,-0.0283,3,0
47.0362,0.578150,59.987823,-0.007116,0.0000,1.0000,8913.5,-0.0281,3,0
47.0675,0.578150,59.987827,-0.007115,0.0000,1.0000,8918.7,-0.0280,3,0
47.0994,0.578150,59.987831,-0.007114,0.0000,1.0000,8920.9,-0.0278,3,0
47.1303,0.578150,59.987836,-0.007113,0.0000,1.0000,8924.7,-0.0275,3,0
47.1603,0.578150,59.987840,-0.007111,0.0000,1.0000,8931.7,-0.0272,3,0
47.1910,0.578150,59.987844,-0.007110,0.0000,1.0000,8936.9,-0.0268,3,0
47.2224,0.579312,59.987848,-0.007109,0.0000,1.0000,8939.8,-0.0265,3,0
47.2535,0.579312,59.987853,-0.007108,0.0000,1.0000,8942.7,-0.0261,3,0
47.2831,0.579312,59.987857,-0.007107,0.0000,1.0000,8950.7,-0.0257,3,0
47.3129,0.579312,59.987861,-0.007105,0.0000,1.0000,8958.1,-0.0252,3,0
47.3436,0.579312,59.987866,-0.007104,0.0000,1.0000,8963.3,-0.0248,3,0
47.3743,0.579312,59.987870,-0.007103,0.0000,1.0000,8967.3,-0.0244,3,0
47.4040,0.579312,59.987874,-0.007102,0.0000,1.0000,8973.9,-0.0240,3,0
47.4338,0.579312,59.987878,-0.007101,0.0000,1.0000,8979.9,-0.0237,3,0
47.4635,0.579312,59.987882,-0.007100,0.0000,1.0000,8988.1,-0.0235,3,0
47.4937,0.579312,59.987886,-0.007098,0.0000,1.0000,8993.2,-0.0233,3,0
47.5245,0.580484,59.987890,-0.007097,0.0000,1.0000,8994.4,-0.0232,3,0
47.5540,0.580484,59.987894,-0.007096,0.0000,1.0000,9000.5,-0.0231,3,0
47.5832,0.580484,59.987898,-0.007095,0.0000,1.0000,9007.3,-0.0230,3,0
47.6137,0.580484,59.987902,-0.007094,0.0000,1.0000,9011.0,-0.0230,3,0
47.6442,0.580484,59.987906,-0.007093,0.0000,1.0000,9012.9,-0.0229,3,0
47.6740,0.580484,59.987910,-0.007092,0.0000,1.0000,9016.3,-0.0228,3,0
47.7027,0.580484,59.987914,-0.007090,0.0000,1.0000,9024.3,-0.0228,3,0
47.7325,0.580484,59.987919,-0.007089,0.0000,1.0000,9029.6,-0.0227,3,0
47.7621,0.580484,59.987923,-0.007088,0.0000,1.0000,9034.2,-0.0227,3,0
47.7919,0.580484,59.987927,-0.007087,0.0000,1.0000,9037.3,-0.0227,3,0
47.8205,0.581666,59.987932,-0.007086,0.0000,1.0000,9045.0,-0.0227,3,0
47.8431,0.581666,59.987936,-0.007085,0.0000,1.0000,9024.6,-0.0230,3,0
47.8388,0.581666,59.987940,-0.007084,0.0000,1.0000,8975.5,-0.0233,3,0
47.8224,0.581666,59.987944,-0.007083,0.0000,1.0000,8926.7,-0.0237,3,0
47.8067,0.581666,59.987949,-0.007082,0.0000,1.0000,8878.0,-0.0241,3,0
47.7925,0.581666,59.987953,-0.007080,0.0000,1.0000,8617.9,-0.0245,4,0
47.8354,0.581666,59.987957,-0.007079,0.0000,1.0000,7725.3,-0.0249,4,0
47.8780,0.581666,59.987961,-0.007078,0.0000,1.0000,7556.5,-0.0252,4,0
47.9095,0.581666,59.987966,-0.007077,0.0000,1.0000,7558.6,-0.0255,4,0
47.9397,0.581666,59.987970,-0.007076,0.0000,1.0000,7563.4,-0.0256,4,0
47.9697,0.582849,59.987974,-0.007075,0.0000,1.0000,7569.9,-0.0257,4,0
47.9991,0.582849,59.987978,-0.007074,0.0000,1.0000,7578.5,-0.0257,4,0
48.0291,0.582849,59.987982,-0.007073,0.0000,1.0000,7581.7,-0.0257,4,0
48.0585,0.582849,59.987987,-0.007072,0.0000,1.0000,7586.2,-0.0257,4,0
48.0875,0.582849,59.987991,-0.007071,0.0000,1.0000,7593.6,-0.0258,4,0
48.1164,0.582849,59.987995,-0.007070,0.0000,1.0000,7600.9,-0.0259,4,0
48.1461,0.582849,59.987999,-0.007069,0.0000,1.0000,7605.2,-0.0261,4,0
48.1749,0.582849,59.988003,-0.007068,0.0000,1.0000,7610.7,-0.0264,4,0
48.2035,0.582849,59.988008,-0.007067,0.0000,1.0000,7617.6,-0.0269,4,0
48.2328,0.582849,59.988012,-0.007066,0.0000,1.0000,7623.3,-0.0274,4,0
48.2610,0.584040,59.988016,-0.007065,0.0000,1.0000,7632.1,-0.0281,4,0
48.2911,0.584040,59.988020,-0.007064,0.0000,1.0000,7633.1,-0.0288,4,0
48.3196,0.584040,59.988024,-0.007063,0.0000,1.0000,7639.9,-0.0295,4,0
48.3478,0.584040,59.988029,-0.007062,0.0000,1.0000,7649.6,-0.0302,4,0
48.3766,0.584040,59.988033,-0.007061,0.0000,1.0000,7657.5,-0.0308,4,0
48.4061,0.584040,59.988037,-0.007060,0.0000,1.0000,7661.0,-0.0314,4,0
48.4356,0.584040,59.988042,-0.007059,0.0000,1.0000,7663.0,-0.0319,4,0
48.4645,0.584040,59.988046,-0.007058,0.0000,1.0000,7670.6,-0.0324,4,0
48.4927,0.584040,59.988051,-0.007057,0.0000,1.0000,7679.3,-0.0328,4,0
48.5228,0.584040,59.988055,-0.007056,0.0000,1.0000,7680.7,-0.0333,4,0
48.5521,0.585239,59.988060,-0.007055,0.0000,1.0000,7683.5,-0.0337,4,0
48.5804,0.585239,59.988065,-0.007054,0.0000,1.0000,7689.5,-0.0341,4,0
48.6101,0.585239,59.988069,-0.007053,0.0000,1.0000,7691.4,-0.0344,4,0
48.6383,0.585239,59.988074,-0.007052,0.0000,1.0000,7698.6,-0.0348,4,0
48.6676,0.585239,59.988078,-0.007051,0.0000,1.0000,7699.3,-0.0350,4,0
48.6957,0.585239,59.988083,-0.007050,0.0000,1.0000,7705.5,-0.0351,4,0
48.7241,0.585239,59.988087,-0.007050,0.0000,1.0000,7711.0,-0.0353,4,0
48.7524,0.585239,59.988091,-0.007049,0.0000,1.0000,7716.9,-0.0353,4,0
48.7815,0.585239,59.988096,-0.007048,0.0000,1.0000,7719.2,-0.0352,4,0
48.8095,0.585239,59.988100,-0.007047,0.0000,1.0000,7725.0,-0.0350,4,0
48.8375,0.586445,59.988104,-0.007046,0.0000,1.0000,7731.5,-0.0348,4,0
48.8663,0.586445,59.988108,-0.007045,0.0000,1.0000,7736.2,-0.0344,4,0
48.8951,0.586445,59.988112,-0.007044,0.0000,1.0000,7739.5,-0.0340,4,0
48.9236,0.586445,59.988117,-0.007043,0.0000,1.0000,7742.9,-0.0335,4,0
48.9518,0.586445,59.988121,-0.007043,0.0000,1.0000,7748.9,-0.0330,4,0
48.9809,0.586445,59.988125,-0.007042,0.0000,1.0000,7751.2,-0.0324,4,0
49.0093,0.586445,59.988129,-0.007041,0.0000,1.0000,7757.0,-0.0319,4,0
49.0385,0.586445,59.988134,-0.007040,0.0000,1.0000,7756.5,-0.0313,4,0
49.0666,0.586445,59.988138,-0.007039,0.0000,1.0000,7760.7,-0.0306,4,0
49.0949,0.586445,59.988143,-0.007039,0.0000,1.0000,7765.3,-0.0299,4,0
49.1229,0.587659,59.988147,-0.007038,0.0000,1.0000,7770.0,-0.0292,4,0
49.1515,0.587659,59.988152,-0.007037,0.0000,1.0000,7771.7,-0.0283,4,0
49.1798,0.587659,59.988156,-0.007036,0.0000,1.0000,7773.2,-0.0274,4,0
49.2076,0.587659,59.988161,-0.007035,0.0000,1.0000,7777.9,-0.0264,4,0
49.2358,0.587659,59.988165,-0.007035,0.0000,1.0000,7782.4,-0.0252,4,0
49.2633,0.587659,59.988170,-0.007034,0.0000,1.0000,7788.7,-0.0242,4,0
49.2912,0.587659,59.988174,-0.007033,0.0000,1.0000,7791.4,-0.0230,4,0
49.3189,0.587659,59.988179,-0.007032,0.0000,1.0000,7797.1,-0.0218,4,0
49.3474,0.587659,59.988183,-0.007032,0.0000,1.0000,7799.5,-0.0208,4,0
49.3745,0.587659,59.988187,-0.007031,0.0000,1.0000,7807.1,-0.0199,4,0
49.4028,0.588881,59.988191,-0.007030,0.0000,1.0000,7808.7,-0.0190,4,0
49.4303,0.588881,59.988196,-0.007029,0.0000,1.0000,7813.7,-0.0182,4,0
49.4583,0.588881,59.988200,-0.007029,0.0000,1.0000,7817.4,-0.0176,4,0
49.4852,0.588881,59.988204,-0.007028,0.0000,1.0000,7825.1,-0.0171,4,0
49.5133,0.588881,59.988209,-0.007027,0.0000,1.0000,7826.2,-0.0167,4,0
49.5413,0.588881,59.988213,-0.007027,0.0000,1.0000,7827.9,-0.0165,4,0
49.5675,0.588881,59.988218,-0.007026,0.0000,1.0000,7837.0,-0.0163,4,0
49.5946,0.588881,59.988222,-0.007025,0.0000,1.0000,7842.4,-0.0165,4,0
49.6213,0.588881,59.988227,-0.007025,0.0000,1.0000,7847.8,-0.0169,4,0
49.6479,0.588881,59.988232,-0.007024,0.0000,1.0000,7852.5,-0.0174,4,0
49.6745,0.590112,59.988236,-0.007023,0.0000,1.0000,7858.3,-0.0181,4,0
49.7004,0.590112,59.988241,-0.007023,0.0000,1.0000,7868.2,-0.0189,4,0
49.7262,0.590112,59.988246,-0.007022,0.0000,1.0000,7875.3,-0.0200,4,0
49.7527,0.590112,59.988251,-0.007021,0.0000,1.0000,7880.5,-0.0211,4,0
49.7771,0.590112,59.988255,-0.007021,0.0000,1.0000,7894.3,-0.0224,4,0
49.8032,0.590112,59.988260,-0.007020,0.0000,1.0000,7899.6,-0.0236,4,0
49.8293,0.590112,59.988264,-0.007019,0.0000,1.0000,7905.7,-0.0251,4,0
49.8555,0.590112,59.988269,-0.007019,0.0000,1.0000,7910.0,-0.0264,4,0
49.8809,0.590112,59.988273,-0.007018,0.0000,1.0000,7916.8,-0.0278,4,0
49.9068,0.590112,59.988278,-0.007017,0.0000,1.0000,7923.4,-0.0290,4,0
49.9316,0.591345,59.988282,-0.007017,0.0000,1.0000,7933.3,-0.0301,4,0
49.9585,0.591345,59.988286,-0.007016,0.0000,1.0000,7932.9,-0.0311,4,0
49.9849,0.591345,59.988291,-0.007016,0.0000,1.0000,7935.2,-0.0316,4,0
50.0094,0.591345,59.988295,-0.007015,0.0000,1.0000,7944.8,-0.0321,4,0
50.0351,0.591345,59.988300,-0.007014,0.0000,1.0000,7951.6,-0.0323,4,0
50.0606,0.591345,59.988304,-0.007014,0.0000,1.0000,7956.8,-0.0323,4,0
50.0879,0.591345,59.988308,-0.007013,0.0000,1.0000,7953.8,-0.0320,4,0
50.1131,0.591345,59.988312,-0.007013,0.0000,1.0000,7961.2,-0.0316,4,0
50.1388,0.591345,59.988317,-0.007012,0.0000,1.0000,7967.5,-0.0310,4,0
50.1641,0.591345,59.988321,-0.007011,0.0000,1.0000,7972.7,-0.0305,4,0
50.1914,0.592580,59.988325,-0.007011,0.0000,1.0000,7969.7,-0.0298,4,0
50.2168,0.592580,59.988329,-0.007010,0.0000,1.0000,7975.9,-0.0292,4,0
50.2434,0.592580,59.988333,-0.007010,0.0000,1.0000,7977.4,-0.0287,4,0
50.2696,0.592580,59.988338,-0.007009,0.0000,1.0000,7980.1,-0.0283,4,0
50.2960,0.592580,59.988342,-0.007009,0.0000,1.0000,7979.6,-0.0280,4,0
50.3216,0.592580,59.988346,-0.007008,0.0000,1.0000,7983.9,-0.0278,4,0
50.3475,0.592580,59.988350,-0.007008,0.0000,1.0000,7987.5,-0.0278,4,0
50.3739,0.592580,59.988355,-0.007007,0.0000,1.0000,7987.2,-0.0280,4,0
50.4004,0.592580,59.988359,-0.007007,0.0000,1.0000,7985.0,-0.0282,4,0
50.4269,0.592580,59.988364,-0.007006,0.0000,1.0000,7982.7,-0.0285,4,0
50.4530,0.593819,59.988368,-0.007006,0.0000,1.0000,7982.8,-0.0290,4,0
50.4790,0.593819,59.988372,-0.007005,0.0000,1.0000,7982.7,-0.0294,4,0
50.5045,0.593819,59.988377,-0.007005,0.0000,1.0000,7982.0,-0.0298,4,0
50.5297,0.593819,59.988381,-0.007004,0.0000,1.0000,7981.3,-0.0302,4,0
50.5538,0.593819,59.988386,-0.007004,0.0000,1.0000,7987.8,-0.0304,4,0
50.5774,0.593819,59.988390,-0.007003,0.0000,1.0000,7992.5,-0.0305,4,0
50.6015,0.593819,59.988395,-0.007003,0.0000,1.0000,7993.9,-0.0304,4,0
50.6252,0.593819,59.988400,-0.007003,0.0000,1.0000,8000.6,-0.0299,4,0
50.6481,0.593819,59.988404,-0.007002,0.0000,1.0000,8008.0,-0.0294,4,0
50.6721,0.593819,59.988409,-0.007002,0.0000,1.0000,8011.7,-0.0286,4,0
50.6941,0.595065,59.988414,-0.007001,0.0000,1.0000,8022.7,-0.0276,4,0
50.7179,0.595065,59.988419,-0.007001,0.0000,1.0000,8024.9,-0.0265,4,0
50.7412,0.595065,59.988424,-0.007001,0.0000,1.0000,8030.9,-0.0252,4,0
50.7636,0.595065,59.988428,-0.007000,0.0000,1.0000,8042.5,-0.0239,4,0
50.7849,0.595065,59.988433,-0.007000,0.0000,1.0000,8056.6,-0.0225,4,0
50.8094,0.595065,59.988438,-0.007000,0.0000,1.0000,8057.8,-0.0210,4,0
50.8312,0.595065,59.988443,-0.006999,0.0000,1.0000,8071.5,-0.0196,4,0
50.8533,0.595065,59.988447,-0.006999,0.0000,1.0000,8085.3,-0.0183,4,0
50.8758,0.595065,59.988452,-0.006999,0.0000,1.0000,8094.0,-0.0171,4,0
50.9011,0.595065,59.988456,-0.006998,0.0000,1.0000,8092.6,-0.0160,4,0
50.9254,0.596317,59.988461,-0.006998,0.0000,1.0000,8097.4,-0.0150,4,0
50.9498,0.596317,59.988465,-0.006998,0.0000,1.0000,8101.7,-0.0141,4,0
50.9752,0.596317,59.988470,-0.006997,0.0000,1.0000,8101.5,-0.0133,4,0
51.0010,0.596317,59.988474,-0.006997,0.0000,1.0000,8099.1,-0.0127,4,0
51.0267,0.596317,59.988478,-0.006997,0.0000,1.0000,8098.6,-0.0120,4,0
51.0525,0.596317,59.988483,-0.006996,0.0000,1.0000,8096.2,-0.0116,4,0
51.0780,0.596317,59.988488,-0.006996,0.0000,1.0000,8094.8,-0.0113,4,0
51.1048,0.596317,59.988492,-0.006996,0.0000,1.0000,8087.3,-0.0111,4,0
51.1308,0.596317,59.988497,-0.006996,0.0000,1.0000,8082.2,-0.0109,4,0
51.1564,0.596317,59.988502,-0.006995,0.0000,1.0000,8078.7,-0.0109,4,0
51.1818,0.597579,59.988506,-0.006995,0.0000,1.0000,8075.6,-0.0111,4,0
51.2072,0.597579,59.988511,-0.006995,0.0000,1.0000,8070.9,-0.0114,4,0
51.2325,0.597579,59.988516,-0.006995,0.0000,1.0000,8067.9,-0.0118,4,0
51.2562,0.597579,59.988521,-0.006994,0.0000,1.0000,8071.3,-0.0121,4,0
51.2808,0.597579,59.988525,-0.006994,0.0000,1.0000,8070.0,-0.0126,4,0
51.3051,0.597579,59.988530,-0.006994,0.0000,1.0000,8068.3,-0.0132,4,0
51.3287,0.597579,59.988535,-0.006994,0.0000,1.0000,8070.6,-0.0137,4,0
51.3522,0.597579,59.988539,-0.006993,0.0000,1.0000,8073.0,-0.0142,4,0
51.3750,0.597579,59.988543,-0.006993,0.0000,1.0000,8077.8,-0.0148,4,0
51.3977,0.597579,59.988548,-0.006993,0.0000,1.0000,8082.4,-0.0154,4,0
51.4202,0.598846,59.988552,-0.006993,0.0000,1.0000,8088.5,-0.0159,4,0
51.4442,0.598846,59.988557,-0.006992,0.0000,1.0000,8088.2,-0.0164,4,0
51.4659,0.598846,59.988561,-0.006992,0.0000,1.0000,8098.1,-0.0168,4,0
51.4874,0.598846,59.988566,-0.006992,0.0000,1.0000,8108.5,-0.0172,4,0
51.5101,0.598846,59.988570,-0.006992,0.0000,1.0000,8112.6,-0.0175,4,0
51.5332,0.598846,59.988575,-0.006991,0.0000,1.0000,8116.0,-0.0177,4,0
51.5551,0.598846,59.988580,-0.006991,0.0000,1.0000,8125.0,-0.0179,4,0
51.5762,0.598846,59.988584,-0.006991,0.0000,1.0000,8134.9,-0.0182,4,0
51.5986,0.598846,59.988588,-0.006991,0.0000,1.0000,8140.1,-0.0184,4,0
51.6210,0.598846,59.988593,-0.006991,0.0000,1.0000,8146.9,-0.0186,4,0
51.6425,0.600119,59.988597,-0.006990,0.0000,1.0000,8155.6,-0.0188,4,0
51.6640,0.600119,59.988602,-0.006990,0.0000,1.0000,8163.5,-0.0190,4,0
51.6868,0.600119,59.988606,-0.006990,0.0000,1.0000,8167.6,-0.0192,4,0
51.7092,0.600119,59.988611,-0.006990,0.0000,1.0000,8172.0,-0.0193,4,0
51.7308,0.600119,59.988615,-0.006990,0.0000,1.0000,8179.2,-0.0196,4,0
51.7520,0.600119,59.988620,-0.006989,0.0000,1.0000,8188.6,-0.0198,4,0
51.7747,0.600119,59.988625,-0.006989,0.0000,1.0000,8191.1,-0.0201,4,0
51.7975,0.600119,59.988630,-0.006989,0.0000,1.0000,8194.3,-0.0204,4,0
51.8195,0.600119,59.988635,-0.006989,0.0000,1.0000,8202.4,-0.0208,4,0
51.8411,0.600119,59.988640,-0.006989,0.0000,1.0000,8209.8,-0.0212,4,0
51.8651,0.601398,59.988645,-0.006989,0.0000,1.0000,8208.1,-0.0217,4,0
51.8882,0.601398,59.988650,-0.006989,0.0000,1.0000,8211.8,-0.0223,4,0
51.9108,0.601398,59.988655,-0.006988,0.0000,1.0000,8215.7,-0.0229,4,0
51.9338,0.601398,59.988660,-0.006988,0.0000,1.0000,8217.4,-0.0237,4,0
51.9579,0.601398,59.988665,-0.006988,0.0000,1.0000,8211.9,-0.0244,4,0
51.9816,0.601398,59.988670,-0.006988,0.0000,1.0000,8209.0,-0.0250,4,0
52.0046,0.601398,59.988675,-0.006988,0.0000,1.0000,8206.6,-0.0255,4,0
52.0271,0.601398,59.988679,-0.006988,0.0000,1.0000,8205.1,-0.0259,4,0
52.0480,0.601398,59.988684,-0.006988,0.0000,1.0000,8206.8,-0.0260,4,0
52.0696,0.601398,59.988688,-0.006988,0.0000,1.0000,8209.5,-0.0258,4,0
52.0897,0.602681,59.988693,-0.006988,0.0000,1.0000,8218.1,-0.0254,4,0
52.1087,0.602681,59.988698,-0.006988,0.0000,1.0000,8229.9,-0.0249,4,0
52.1283,0.602681,59.988702,-0.006987,0.0000,1.0000,8241.2,-0.0242,4,0
52.1481,0.602681,59.988707,-0.006987,0.0000,1.0000,8252.2,-0.0233,4,0
52.1690,0.602681,59.988711,-0.006987,0.0000,1.0000,8258.6,-0.0224,4,0
52.1891,0.602681,59.988716,-0.006987,0.0000,1.0000,8267.9,-0.0215,4,0
52.2096,0.602681,59.988720,-0.006987,0.0000,1.0000,8276.3,-0.0207,4,0
52.2318,0.602681,59.988725,-0.006987,0.0000,1.0000,8278.3,-0.0200,4,0
52.2532,0.602681,59.988729,-0.006987,0.0000,1.0000,8283.9,-0.0194,4,0
52.2745,0.602681,59.988734,-0.006987,0.0000,1.0000,8290.3,-0.0190,4,0
52.2966,0.603966,59.988738,-0.006987,0.0000,1.0000,8293.0,-0.0188,4,0
52.3198,0.603966,59.988742,-0.006987,0.0000,1.0000,8292.3,-0.0188,4,0
52.3422,0.603966,59.988747,-0.006987,0.0000,1.0000,8295.6,-0.0191,4,0
52.3648,0.603966,59.988751,-0.006987,0.0000,1.0000,8297.1,-0.0195,4,0
52.3893,0.603966,59.988756,-0.006987,0.0000,1.0000,8288.0,-0.0201,4,0
52.4136,0.603966,59.988760,-0.006987,0.0000,1.0000,8281.5,-0.0207,4,0
52.4372,0.603966,59.988765,-0.006987,0.0000,1.0000,8278.0,-0.0215,4,0
52.4607,0.603966,59.988770,-0.006987,0.0000,1.0000,8274.8,-0.0223,4,0
52.4847,0.603966,59.988775,-0.006987,0.0000,1.0000,8269.3,-0.0231,4,0
52.5080,0.603966,59.988780,-0.006987,0.0000,1.0000,8266.8,-0.0239,4,0
52.5310,0.605256,59.988785,-0.006987,0.0000,1.0000,8266.2,-0.0248,4,0
52.5531,0.605256,59.988790,-0.006987,0.0000,1.0000,8266.3,-0.0256,4,0
52.5760,0.605256,59.988795,-0.006987,0.0000,1.0000,8262.3,-0.0263,4,0
52.5981,0.605256,59.988800,-0.006987,0.0000,1.0000,8260.6,-0.0270,4,0
52.6196,0.605256,59.988805,-0.006987,0.0000,1.0000,8261.8,-0.0276,4,0
52.6408,0.605256,59.988810,-0.006987,0.0000,1.0000,8263.6,-0.0280,4,0
52.6617,0.605256,59.988815,-0.006987,0.0000,1.0000,8264.5,-0.0281,4,0
52.6820,0.605256,59.988819,-0.006987,0.0000,1.0000,8268.9,-0.0281,4,0
52.7021,0.605256,59.988824,-0.006987,0.0000,1.0000,8276.8,-0.0279,4,0
52.7210,0.605256,59.988829,-0.006988,0.0000,1.0000,8289.1,-0.0275,4,0
52.7404,0.606552,59.988834,-0.006988,0.0000,1.0000,8297.8,-0.0269,4,0
52.7602,0.606552,59.988838,-0.006988,0.0000,1.0000,8307.9,-0.0263,4,0
52.7804,0.606552,59.988843,-0.006988,0.0000,1.0000,8314.8,-0.0256,4,0
52.7996,0.606552,59.988848,-0.006988,0.0000,1.0000,8325.4,-0.0248,4,0
52.8188,0.606552,59.988852,-0.006988,0.0000,1.0000,8334.7,-0.0242,4,0
52.8388,0.606552,59.988857,-0.006988,0.0000,1.0000,8342.9,-0.0236,4,0
52.8593,0.606552,59.988862,-0.006988,0.0000,1.0000,8348.9,-0.0230,4,0
52.8796,0.606552,59.988866,-0.006988,0.0000,1.0000,8355.7,-0.0227,4,0
52.8994,0.606552,59.988871,-0.006989,0.0000,1.0000,8363.4,-0.0225,4,0
52.9206,0.606552,59.988875,-0.006989,0.0000,1.0000,8367.2,-0.0224,4,0
52.9411,0.607852,59.988880,-0.006989,0.0000,1.0000,8374.4,-0.0225,4,0
52.9624,0.607852,59.988885,-0.006989,0.0000,1.0000,8378.0,-0.0227,4,0
52.9839,0.607852,59.988889,-0.006989,0.0000,1.0000,8380.0,-0.0230,4,0
53.0074,0.607852,59.988894,-0.006989,0.0000,1.0000,8376.0,-0.0235,4,0
53.0290,0.607852,59.988898,-0.006990,0.0000,1.0000,8381.9,-0.0241,4,0
53.0500,0.607852,59.988903,-0.006990,0.0000,1.0000,8388.2,-0.0248,4,0
53.0737,0.607852,59.988908,-0.006990,0.0000,1.0000,8382.5,-0.0255,4,0
53.0975,0.607852,59.988913,-0.006990,0.0000,1.0000,8377.5,-0.0263,4,0
53.1206,0.607852,59.988918,-0.006990,0.0000,1.0000,8375.1,-0.0271,4,0
53.1421,0.607852,59.988923,-0.006991,0.0000,1.0000,8375.5,-0.0279,4,0
53.1652,0.609157,59.988928,-0.006991,0.0000,1.0000,8369.7,-0.0286,4,0
53.1870,0.609157,59.988933,-0.006991,0.0000,1.0000,8368.2,-0.0291,4,0
53.2086,0.609157,59.988938,-0.006991,0.0000,1.0000,8369.3,-0.0295,4,0
53.2287,0.609157,59.988943,-0.006992,0.0000,1.0000,8374.7,-0.0297,4,0
53.2497,0.609157,59.988948,-0.006992,0.0000,1.0000,8376.6,-0.0298,4,0
53.2693,0.609157,59.988953,-0.006992,0.0000,1.0000,8385.2,-0.0294,4,0
53.2897,0.609157,59.988958,-0.006992,0.0000,1.0000,8392.0,-0.0290,4,0
53.3094,0.609157,59.988962,-0.006993,0.0000,1.0000,8401.2,-0.0283,4,0
53.3291,0.609157,59.988967,-0.006993,0.0000,1.0000,8410.5,-0.0276,4,0
53.3502,0.609157,59.988972,-0.006993,0.0000,1.0000,8414.5,-0.0267,4,0
53.3714,0.610469,59.988976,-0.006993,0.0000,1.0000,8419.2,-0.0259,4,0
53.3918,0.610469,59.988981,-0.006994,0.0000,1.0000,8425.1,-0.0250,4,0
53.4138,0.610469,59.988986,-0.006994,0.0000,1.0000,8423.7,-0.0242,4,0
53.4351,0.610469,59.988991,-0.006994,0.0000,1.0000,8427.8,-0.0235,4,0
53.4557,0.610469,59.988995,-0.006995,0.0000,1.0000,8433.9,-0.0229,4,0
53.4770,0.610469,59.989000,-0.006995,0.0000,1.0000,8436.0,-0.0224,4,0
53.4979,0.610469,59.989005,-0.006995,0.0000,1.0000,8440.0,-0.0220,4,0
53.5196,0.610469,59.989010,-0.006996,0.0000,1.0000,8440.8,-0.0218,4,0
53.5418,0.610469,59.989014,-0.006996,0.0000,1.0000,8441.0,-0.0217,4,0
53.5633,0.610469,59.989019,-0.006996,0.0000,1.0000,8442.8,-0.0217,4,0
53.5850,0.611782,59.989024,-0.006997,0.0000,1.0000,8443.2,-0.0217,4,0
53.6067,0.611782,59.989029,-0.006997,0.0000,1.0000,8445.9,-0.0218,4,0
53.6288,0.611782,59.989034,-0.006997,0.0000,1.0000,8446.8,-0.0219,4,0
53.6504,0.611782,59.989038,-0.006998,0.0000,1.0000,8449.6,-0.0220,4,0
53.6728,0.611782,59.989043,-0.006998,0.0000,1.0000,8448.1,-0.0221,4,0
53.6945,0.611782,59.989048,-0.006998,0.0000,1.0000,8450.6,-0.0221,4,0
53.7168,0.611782,59.989053,-0.006999,0.0000,1.0000,8451.7,-0.0220,4,0
53.7384,0.611782,59.989058,-0.006999,0.0000,1.0000,8453.6,-0.0218,4,0
53.7608,0.611782,59.989063,-0.007000,0.0000,1.0000,8452.1,-0.0216,4,0
53.7833,0.611782,59.989068,-0.007000,0.0000,1.0000,8450.5,-0.0213,4,0
53.8049,0.613103,59.989073,-0.007001,0.0000,1.0000,8453.5,-0.0210,4,0
53.8258,0.613103,59.989078,-0.007001,0.0000,1.0000,8457.8,-0.0205,4,0
53.8472,0.613103,59.989083,-0.007001,0.0000,1.0000,8459.3,-0.0199,4,0
53.8682,0.613103,59.989088,-0.007002,0.0000,1.0000,8463.5,-0.0193,4,0
53.8889,0.613103,59.989093,-0.007002,0.0000,1.0000,8468.3,-0.0185,4,0
53.9098,0.613103,59.989098,-0.007003,0.0000,1.0000,8472.4,-0.0177,4,0
53.9317,0.613103,59.989103,-0.007003,0.0000,1.0000,8474.7,-0.0170,4,0
53.9517,0.613103,59.989107,-0.007004,0.0000,1.0000,8484.7,-0.0162,4,0
53.9732,0.613103,59.989111,-0.007004,0.0000,1.0000,8488.9,-0.0154,4,0
53.9937,0.613103,59.989116,-0.007004,0.0000,1.0000,8495.2,-0.0148,4,0
54.0161,0.614427,59.989120,-0.007005,0.0000,1.0000,8493.1,-0.0142,4,0
54.0370,0.614427,59.989125,-0.007005,0.0000,1.0000,8499.3,-0.0137,4,0
54.0585,0.614427,59.989129,-0.007006,0.0000,1.0000,8504.0,-0.0134,4,0
54.0794,0.614427,59.989134,-0.007006,0.0000,1.0000,8508.3,-0.0132,4,0
54.1021,0.614427,59.989138,-0.007007,0.0000,1.0000,8507.0,-0.0130,4,0
54.1234,0.614427,59.989143,-0.007007,0.0000,1.0000,8513.4,-0.0130,4,0
54.1453,0.614427,59.989148,-0.007008,0.0000,1.0000,8516.6,-0.0131,4,0
54.1670,0.614427,59.989153,-0.007008,0.0000,1.0000,8519.3,-0.0133,4,0
54.1896,0.614427,59.989158,-0.007009,0.0000,1.0000,8519.3,-0.0136,4,0
54.2124,0.614427,59.989163,-0.007009,0.0000,1.0000,8518.8,-0.0139,4,0
54.2338,0.615760,59.989168,-0.007010,0.0000,1.0000,8523.0,-0.0142,4,0
54.2564,0.615760,59.989173,-0.007010,0.0000,1.0000,8519.9,-0.0145,4,0
54.2792,0.615760,59.989178,-0.007011,0.0000,1.0000,8516.6,-0.0148,4,0
54.3013,0.615760,59.989183,-0.007011,0.0000,1.0000,8517.6,-0.0151,4,0
54.3221,0.615760,59.989188,-0.007012,0.0000,1.0000,8521.7,-0.0154,4,0
54.3433,0.615760,59.989193,-0.007012,0.0000,1.0000,8524.9,-0.0156,4,0
54.3647,0.615760,59.989198,-0.007013,0.0000,1.0000,8527.9,-0.0157,4,0
54.3858,0.615760,59.989203,-0.007013,0.0000,1.0000,8534.2,-0.0158,4,0
54.4064,0.615760,59.989208,-0.007014,0.0000,1.0000,8541.5,-0.0158,4,0
54.4270,0.615760,59.989213,-0.007014,0.0000,1.0000,8548.6,-0.0158,4,0
54.4483,0.617096,59.989218,-0.007015,0.0000,1.0000,8553.6,-0.0157,4,0
54.4706,0.617096,59.989223,-0.007016,0.0000,1.0000,8554.2,-0.0156,4,0
54.4911,0.617096,59.989228,-0.007016,0.0000,1.0000,8561.8,-0.0154,4,0
54.5125,0.617096,59.989233,-0.007017,0.0000,1.0000,8564.2,-0.0154,4,0
54.5340,0.617096,59.989238,-0.007017,0.0000,1.0000,8567.8,-0.0153,4,0
54.5559,0.617096,59.989243,-0.007018,0.0000,1.0000,8570.8,-0.0152,4,0
54.5763,0.617096,59.989248,-0.007018,0.0000,1.0000,8577.2,-0.0151,4,0
54.5985,0.617096,59.989253,-0.007019,0.0000,1.0000,8577.3,-0.0151,4,0
54.6206,0.617096,59.989258,-0.007019,0.0000,1.0000,8578.6,-0.0151,4,0
54.6410,0.617096,59.989263,-0.007020,0.0000,1.0000,8585.9,-0.0150,4,0
54.6621,0.618436,59.989267,-0.007021,0.0000,1.0000,8589.5,-0.0150,4,0
54.6837,0.618436,59.989272,-0.007021,0.0000,1.0000,8591.7,-0.0150,4,0
54.7057,0.618436,59.989277,-0.007022,0.0000,1.0000,8593.4,-0.0151,4,0
54.7261,0.618436,59.989282,-0.007022,0.0000,1.0000,8600.7,-0.0152,4,0
54.7468,0.618436,59.989287,-0.007023,0.0000,1.0000,8605.4,-0.0153,4,0
54.7686,0.618436,59.989292,-0.007024,0.0000,1.0000,8606.3,-0.0154,4,0
54.7898,0.618436,59.989297,-0.007024,0.0000,1.0000,8610.8,-0.0155,4,0
54.8108,0.618436,59.989302,-0.007025,0.0000,1.0000,8615.7,-0.0156,4,0
54.8321,0.618436,59.989306,-0.007025,0.0000,1.0000,8618.8,-0.0158,4,0
54.8541,0.618436,59.989311,-0.007026,0.0000,1.0000,8619.3,-0.0158,4,0
54.8753,0.619783,59.989316,-0.007027,0.0000,1.0000,8624.8,-0.0159,4,0
54.8973,0.619783,59.989321,-0.007027,0.0000,1.0000,8626.0,-0.0159,4,0
54.9183,0.619783,59.989326,-0.007028,0.0000,1.0000,8629.6,-0.0158,4,0
54.9410,0.619783,59.989330,-0.007028,0.0000,1.0000,8626.6,-0.0157,4,0
54.9632,0.619783,59.989335,-0.007029,0.0000,1.0000,8627.5,-0.0155,4,0
54.9846,0.619783,59.989340,-0.007030,0.0000,1.0000,8630.1,-0.0153,4,0
55.0061,0.619783,59.989345,-0.007030,0.0000,1.0000,8631.3,-0.0150,4,0
55.0283,0.619783,59.989350,-0.007031,0.0000,1.0000,8631.2,-0.0146,4,0
55.0495,0.619783,59.989355,-0.007032,0.0000,1.0000,8635.1,-0.0143,4,0
55.0703,0.619783,59.989360,-0.007032,0.0000,1.0000,8639.8,-0.0139,4,0
55.0914,0.621131,59.989365,-0.007033,0.0000,1.0000,8644.0,-0.0135,4,0
55.1127,0.621131,59.989370,-0.007034,0.0000,1.0000,8648.6,-0.0129,4,0
55.1341,0.621131,59.989375,-0.007034,0.0000,1.0000,8653.0,-0.0124,4,0
55.1546,0.621131,59.989380,-0.007035,0.0000,1.0000,8660.4,-0.0119,4,0
55.1761,0.621131,59.989385,-0.007036,0.0000,1.0000,8663.4,-0.0114,4,0
55.1987,0.621131,59.989390,-0.007036,0.0000,1.0000,8663.2,-0.0108,4,0
55.2213,0.621131,59.989395,-0.007037,0.0000,1.0000,8663.1,-0.0102,4,0
55.2423,0.621131,59.989400,-0.007038,0.0000,1.0000,8667.6,-0.0097,4,0
55.2641,0.621131,59.989405,-0.007038,0.0000,1.0000,8668.5,-0.0092,4,0
55.2866,0.621131,59.989410,-0.007039,0.0000,1.0000,8667.8,-0.0088,4,0
55.3083,0.622486,59.989415,-0.007040,0.0000,1.0000,8669.9,-0.0084,4,0
55.3297,0.622486,59.989420,-0.007041,0.0000,1.0000,8671.7,-0.0082,4,0
55.3512,0.622486,59.989425,-0.007041,0.0000,1.0000,8674.7,-0.0079,4,0
55.3728,0.622486,59.989430,-0.007042,0.0000,1.0000,8678.8,-0.0078,4,0
55.3940,0.622486,59.989435,-0.007043,0.0000,1.0000,8683.7,-0.0077,4,0
55.4159,0.622486,59.989440,-0.007043,0.0000,1.0000,8686.3,-0.0076,4,0
55.4371,0.622486,59.989445,-0.007044,0.0000,1.0000,8690.8,-0.0076,4,0
55.4591,0.622486,59.989450,-0.007045,0.0000,1.0000,8692.5,-0.0076,4,0
55.4811,0.622486,59.989455,-0.007045,0.0000,1.0000,8694.6,-0.0076,4,0
55.5024,0.622486,59.989460,-0.007046,0.0000,1.0000,8697.4,-0.0076,4,0
55.5245,0.623847,59.989465,-0.007047,0.0000,1.0000,8699.3,-0.0076,4,0
55.5462,0.623847,59.989470,-0.007048,0.0000,1.0000,8702.8,-0.0074,4,0
55.5679,0.623847,59.989475,-0.007048,0.0000,1.0000,8705.3,-0.0072,4,0
55.5894,0.623847,59.989480,-0.007049,0.0000,1.0000,8709.4,-0.0069,4,0
55.6111,0.623847,59.989485,-0.007050,0.0000,1.0000,8714.0,-0.0063,4,0
55.6333,0.623847,59.989490,-0.007051,0.0000,1.0000,8715.9,-0.0054,4,0
55.6556,0.623847,59.989495,-0.007051,0.0000,1.0000,8717.4,-0.0042,4,0
55.6777,0.623847,59.989500,-0.007052,0.0000,1.0000,8720.8,-0.0025,4,0
55.7002,0.623847,59.989505,-0.007053,0.0000,1.0000,8721.1,-0.0006,4,0
55.7224,0.623847,59.989510,-0.007054,0.0000,1.0000,8722.5,0.0017,4,0
55.7450,0.625214,59.989515,-0.007054,0.0000,1.0000,8722.5,0.0042,4,0
55.7665,0.625214,59.989520,-0.007055,0.0000,1.0000,8726.2,0.0070,4,0
55.7884,0.625214,59.989525,-0.007056,0.0000,1.0000,8727.4,0.0099,4,0
55.8096,0.625214,59.989530,-0.007056,0.0000,1.0000,8731.1,0.0130,4,0
55.8312,0.625214,59.989535,-0.007057,0.0000,1.0000,8734.2,0.0162,4,0
55.8528,0.625214,59.989540,-0.007058,0.0000,1.0000,8736.5,0.0192,4,0
55.8735,0.625214,59.989545,-0.007059,0.0000,1.0000,8741.6,0.0221,4,0
55.8948,0.625214,59.989550,-0.007059,0.0000,1.0000,8745.2,0.0249,4,0
55.9157,0.625214,59.989555,-0.007060,0.0000,1.0000,8750.9,0.0274,4,0
55.9369,0.625214,59.989560,-0.007061,0.0000,1.0000,8753.8,0.0295,4,0
55.9562,0.626584,59.989565,-0.007062,0.0000,1.0000,8763.4,0.0311,4,0
55.9747,0.626584,59.989570,-0.007062,0.0000,1.0000,8777.3,0.0322,4,0
55.9936,0.626584,59.989575,-0.007063,0.0000,1.0000,8789.9,0.0329,4,0
56.0134,0.626584,59.989580,-0.007064,0.0000,1.0000,8795.9,0.0332,4,0
56.0324,0.626584,59.989585,-0.007065,0.0000,1.0000,8805.3,0.0327,4,0
56.0504,0.626584,59.989590,-0.007065,0.0000,1.0000,8820.7,0.0318,4,0
56.0694,0.626584,59.989595,-0.007066,0.0000,1.0000,8831.4,0.0304,4,0
56.0902,0.626584,59.989600,-0.007067,0.0000,1.0000,8834.7,0.0286,4,0
56.1093,0.626584,59.989605,-0.007067,0.0000,1.0000,8843.9,0.0263,4,0
56.1281,0.626584,59.989610,-0.007068,0.0000,1.0000,8858.5,0.0240,4,0
56.1489,0.627962,59.989615,-0.007069,0.0000,1.0000,8862.1,0.0216,4,0
56.1703,0.627962,59.989620,-0.007069,0.0000,1.0000,8863.0,0.0193,4,0
56.1909,0.627962,59.989625,-0.007070,0.0000,1.0000,8867.4,0.0171,4,0
56.2117,0.627962,59.989630,-0.007071,0.0000,1.0000,8873.3,0.0152,4,0
56.2330,0.627962,59.989635,-0.007071,0.0000,1.0000,8875.8,0.0135,4,0
56.2546,0.627962,59.989640,-0.007072,0.0000,1.0000,8875.6,0.0120,4,0
56.2763,0.627962,59.989645,-0.007073,0.0000,1.0000,8876.3,0.0109,4,0
56.2986,0.627962,59.989650,-0.007073,0.0000,1.0000,8876.1,0.0101,4,0
56.3214,0.627962,59.989655,-0.007074,0.0000,1.0000,8872.1,0.0096,4,0
56.3438,0.627962,59.989660,-0.007074,0.0000,1.0000,8869.1,0.0093,4,0
56.3661,0.629342,59.989665,-0.007075,0.0000,1.0000,8867.7,0.0090,4,0
56.3889,0.629342,59.989670,-0.007076,0.0000,1.0000,8864.6,0.0090,4,0
56.4119,0.629342,59.989675,-0.007076,0.0000,1.0000,8860.6,0.0094,4,0
56.4336,0.629342,59.989680,-0.007077,0.0000,1.0000,8861.7,0.0098,4,0
56.4563,0.629342,59.989685,-0.007078,0.0000,1.0000,8859.2,0.0103,4,0
56.4796,0.629342,59.989690,-0.007078,0.0000,1.0000,8855.1,0.0109,4,0
56.5014,0.629342,59.989695,-0.007079,0.0000,1.0000,8855.5,0.0117,4,0
56.5227,0.629342,59.989700,-0.007079,0.0000,1.0000,8858.0,0.0124,4,0
56.5449,0.629342,59.989706,-0.007080,0.0000,1.0000,8856.8,0.0133,4,0
56.5680,0.629342,59.989711,-0.007081,0.0000,1.0000,8851.9,0.0142,4,0
56.5884,0.629342,59.989716,-0.007081,0.0000,1.0000,8857.9,0.0150,4,0
56.6097,0.630728,59.989721,-0.007082,0.0000,1.0000,8858.9,0.0160,4,0
56.6305,0.630728,59.989726,-0.007082,0.0000,1.0000,8864.9,0.0169,4,0
56.6519,0.630728,59.989732,-0.007083,0.0000,1.0000,8867.2,0.0179,4,0
56.6719,0.630728,59.989737,-0.007083,0.0000,1.0000,8872.6,0.0188,4,0
56.6915,0.630728,59.989742,-0.007084,0.0000,1.0000,8881.7,0.0196,4,0
56.7120,0.630728,59.989747,-0.007085,0.0000,1.0000,8887.4,0.0203,4,0
56.7332,0.630728,59.989752,-0.007085,0.0000,1.0000,8889.2,0.0210,4,0
56.7522,0.630728,59.989756,-0.007086,0.0000,1.0000,8899.5,0.0215,4,0
56.7715,0.630728,59.989761,-0.007086,0.0000,1.0000,8909.4,0.0219,4,0
56.7927,0.630728,59.989766,-0.007087,0.0000,1.0000,8899.4,0.0224,4,0
56.7913,0.632117,59.989771,-0.007087,0.0000,1.0000,8850.9,0.0228,4,0
56.7721,0.632117,59.989776,-0.007088,0.0000,1.0000,8802.6,0.0232,4,0
56.7538,0.632117,59.989780,-0.007088,0.0000,1.0000,8754.4,0.0235,4,0
56.7358,0.632117,59.989785,-0.007089,0.0000,1.0000,8706.5,0.0238,4,0
56.7487,0.632117,59.989790,-0.007090,0.0000,1.0000,7813.5,0.0240,5,0
56.7751,0.632117,59.989795,-0.007090,0.0000,1.0000,7695.5,0.0241,5,0
56.7972,0.632117,59.989800,-0.007090,0.0000,1.0000,7700.7,0.0241,5,0
56.8200,0.632117,59.989805,-0.007091,0.0000,1.0000,7703.2,0.0241,5,0
56.8417,0.632117,59.989810,-0.007091,0.0000,1.0000,7707.3,0.0241,5,0
56.8642,0.632117,59.989815,-0.007092,0.0000,1.0000,7708.7,0.0239,5,0
56.8867,0.633507,59.989820,-0.007092,0.0000,1.0000,7711.6,0.0239,5,0
56.9088,0.633507,59.989825,-0.007093,0.0000,1.0000,7712.5,0.0241,5,0
56.9316,0.633507,59.989830,-0.007093,0.0000,1.0000,7711.2,0.0241,5,0
56.9536,0.633507,59.989835,-0.007094,0.0000,1.0000,7714.1,0.0242,5,0
56.9761,0.633507,59.989840,-0.007094,0.0000,1.0000,7714.1,0.0244,5,0
56.9984,0.633507,59.989846,-0.007095,0.0000,1.0000,7714.4,0.0246,5,0
57.0205,0.633507,59.989851,-0.007095,0.0000,1.0000,7715.0,0.0246,5,0
57.0434,0.633507,59.989857,-0.007096,0.0000,1.0000,7714.7,0.0247,5,0
57.0658,0.633507,59.989862,-0.007096,0.0000,1.0000,7715.5,0.0247,5,0
57.0880,0.633507,59.989868,-0.007097,0.0000,1.0000,7715.2,0.0245,5,0
57.1106,0.634902,59.989873,-0.007097,0.0000,1.0000,7715.0,0.0241,5,0
57.1335,0.634902,59.989878,-0.007098,0.0000,1.0000,7716.0,0.0237,5,0
57.1559,0.634902,59.989884,-0.007098,0.0000,1.0000,7716.8,0.0231,5,0
57.1776,0.634902,59.989889,-0.007098,0.0000,1.0000,7720.3,0.0225,5,0
57.2002,0.634902,59.989895,-0.007099,0.0000,1.0000,7721.7,0.0219,5,0
57.2233,0.634902,59.989900,-0.007099,0.0000,1.0000,7722.0,0.0211,5,0
57.2456,0.634902,59.989905,-0.007100,0.0000,1.0000,7722.4,0.0204,5,0
57.2674,0.634902,59.989910,-0.007100,0.0000,1.0000,7725.0,0.0197,5,0
57.2896,0.634902,59.989915,-0.007100,0.0000,1.0000,7727.7,0.0190,5,0
57.3117,0.634902,59.989919,-0.007101,0.0000,1.0000,7729.8,0.0182,5,0
57.3333,0.636301,59.989924,-0.007101,0.0000,1.0000,7733.3,0.0175,5,0
57.3543,0.636301,59.989929,-0.007102,0.0000,1.0000,7739.9,0.0166,5,0
57.3765,0.636301,59.989934,-0.007102,0.0000,1.0000,7743.5,0.0157,5,0
57.3987,0.636301,59.989939,-0.007102,0.0000,1.0000,7746.8,0.0148,5,0
57.4206,0.636301,59.989944,-0.007103,0.0000,1.0000,7750.4,0.0139,5,0
57.4429,0.636301,59.989949,-0.007103,0.0000,1.0000,7754.1,0.0129,5,0
57.4653,0.636301,59.989955,-0.007103,0.0000,1.0000,7757.0,0.0120,5,0
57.4877,0.636301,59.989960,-0.007104,0.0000,1.0000,7760.5,0.0110,5,0
57.5092,0.636301,59.989966,-0.007104,0.0000,1.0000,7766.6,0.0099,5,0
57.5320,0.636301,59.989971,-0.007104,0.0000,1.0000,7769.3,0.0090,5,0
57.5543,0.637708,59.989976,-0.007105,0.0000,1.0000,7773.2,0.0081,5,0
57.5772,0.637708,59.989982,-0.007105,0.0000,1.0000,7774.5,0.0071,5,0
57.5994,0.637708,59.989987,-0.007105,0.0000,1.0000,7778.7,0.0062,5,0
57.6212,0.637708,59.989993,-0.007106,0.0000,1.0000,7785.0,0.0053,5,0
57.6444,0.637708,59.989998,-0.007106,0.0000,1.0000,7785.0,0.0045,5,0
57.6668,0.637708,59.990003,-0.007106,0.0000,1.0000,7788.0,0.0036,5,0
57.6881,0.637708,59.990008,-0.007107,0.0000,1.0000,7796.1,0.0027,5,0
57.7112,0.637708,59.990014,-0.007107,0.0000,1.0000,7797.3,0.0019,5,0
57.7337,0.637708,59.990019,-0.007107,0.0000,1.0000,7799.9,0.0010,5,0
57.7561,0.637708,59.990024,-0.007108,0.0000,1.0000,7803.9,0.0001,5,0
57.7785,0.639119,59.990029,-0.007108,0.0000,1.0000,7807.3,-0.0008,5,0
57.8013,0.639119,59.990034,-0.007108,0.0000,1.0000,7808.4,-0.0018,5,0
57.8229,0.639119,59.990040,-0.007109,0.0000,1.0000,7813.9,-0.0028,5,0
57.8458,0.639119,59.990045,-0.007109,0.0000,1.0000,7814.6,-0.0039,5,0
57.8675,0.639119,59.990050,-0.007109,0.0000,1.0000,7819.2,-0.0051,5,0
57.8889,0.639119,59.990055,-0.007110,0.0000,1.0000,7825.0,-0.0063,5,0
57.9099,0.639119,59.990060,-0.007110,0.0000,1.0000,7830.8,-0.0076,5,0
57.9310,0.639119,59.990065,-0.007110,0.0000,1.0000,7836.6,-0.0089,5,0
57.9516,0.639119,59.990070,-0.007111,0.0000,1.0000,7845.0,-0.0102,5,0
57.9723,0.639119,59.990075,-0.007111,0.0000,1.0000,7856.3,-0.0115,5,0
57.9933,0.640535,59.990080,-0.007111,0.0000,1.0000,7865.0,-0.0129,5,0
58.0150,0.640535,59.990085,-0.007112,0.0000,1.0000,7872.1,-0.0143,5,0
58.0361,0.640535,59.990090,-0.007112,0.0000,1.0000,7883.3,-0.0156,5,0
58.0587,0.640535,59.990095,-0.007112,0.0000,1.0000,7887.6,-0.0169,5,0
58.0818,0.640535,59.990100,-0.007113,0.0000,1.0000,7889.1,-0.0182,5,0
58.1058,0.640535,59.990105,-0.007113,0.0000,1.0000,7886.4,-0.0196,5,0
58.1292,0.640535,59.990111,-0.007113,0.0000,1.0000,7887.3,-0.0209,5,0
58.1534,0.640535,59.990116,-0.007114,0.0000,1.0000,7883.9,-0.0221,5,0
58.1773,0.640535,59.990122,-0.007114,0.0000,1.0000,7881.0,-0.0235,5,0
58.2003,0.640535,59.990127,-0.007114,0.0000,1.0000,7882.1,-0.0249,5,0
58.2235,0.641957,59.990132,-0.007115,0.0000,1.0000,7884.3,-0.0265,5,0
58.2467,0.641957,59.990138,-0.007115,0.0000,1.0000,7884.3,-0.0282,5,0
58.2689,0.641957,59.990143,-0.007115,0.0000,1.0000,7887.0,-0.0300,5,0
58.2915,0.641957,59.990149,-0.007116,0.0000,1.0000,7889.3,-0.0318,5,0
58.3139,0.641957,59.990154,-0.007116,0.0000,1.0000,7890.5,-0.0336,5,0
58.3363,0.641957,59.990159,-0.007116,0.0000,1.0000,7890.8,-0.0355,5,0
58.3588,0.641957,59.990165,-0.007117,0.0000,1.0000,7889.4,-0.0371,5,0
58.3804,0.641957,59.990170,-0.007117,0.0000,1.0000,7892.7,-0.0386,5,0
58.4006,0.641957,59.990176,-0.007118,0.0000,1.0000,7899.7,-0.0397,5,0
58.4207,0.641957,59.990181,-0.007118,0.0000,1.0000,7906.1,-0.0406,5,0
58.4413,0.643385,59.990186,-0.007118,0.0000,1.0000,7912.6,-0.0411,5,0
58.4610,0.643385,59.990192,-0.007119,0.0000,1.0000,7922.8,-0.0413,5,0
58.4808,0.643385,59.990197,-0.007119,0.0000,1.0000,7932.3,-0.0415,5,0
58.5006,0.643385,59.990203,-0.007120,0.0000,1.0000,7939.9,-0.0413,5,0
58.5217,0.643385,59.990208,-0.007120,0.0000,1.0000,7946.5,-0.0412,5,0
58.5415,0.643385,59.990213,-0.007121,0.0000,1.0000,7956.4,-0.0411,5,0
58.5612,0.643385,59.990218,-0.007121,0.0000,1.0000,7965.0,-0.0410,5,0
58.5818,0.643385,59.990223,-0.007122,0.0000,1.0000,7970.1,-0.0410,5,0
58.6030,0.643385,59.990228,-0.007122,0.0000,1.0000,7977.1,-0.0411,5,0
58.6233,0.643385,59.990232,-0.007123,0.0000,1.0000,7985.5,-0.0416,5,0
58.6444,0.644820,59.990237,-0.007123,0.0000,1.0000,7989.4,-0.0422,5,0
58.6670,0.644820,59.990242,-0.007124,0.0000,1.0000,7990.4,-0.0432,5,0
58.6894,0.644820,59.990247,-0.007124,0.0000,1.0000,7992.9,-0.0447,5,0
58.7110,0.644820,59.990252,-0.007125,0.0000,1.0000,7996.9,-0.0464,5,0
58.7329,0.644820,59.990257,-0.007125,0.0000,1.0000,7995.4,-0.0484,5,0
58.7566,0.644820,59.990262,-0.007126,0.0000,1.0000,7992.4,-0.0507,5,0
58.7773,0.644820,59.990268,-0.007127,0.0000,1.0000,7994.1,-0.0533,5,0
58.7992,0.644820,59.990273,-0.007127,0.0000,1.0000,7991.3,-0.0558,5,0
58.8208,0.644820,59.990278,-0.007128,0.0000,1.0000,7989.2,-0.0585,5,0
58.8408,0.644820,59.990283,-0.007128,0.0000,1.0000,7992.3,-0.0609,5,0
58.8613,0.646259,59.990289,-0.007129,0.0000,1.0000,7997.2,-0.0632,5,0
58.8800,0.646259,59.990294,-0.007130,0.0000,1.0000,8000.9,-0.0649,5,0
58.8987,0.646259,59.990299,-0.007130,0.0000,1.0000,8004.3,-0.0659,5,0
58.9164,0.646259,59.990305,-0.007131,0.0000,1.0000,8012.8,-0.0663,5,0
58.9342,0.646259,59.990310,-0.007132,0.0000,1.0000,8022.7,-0.0663,5,0
58.9517,0.646259,59.990315,-0.007132,0.0000,1.0000,8032.4,-0.0661,5,0
58.9692,0.646259,59.990321,-0.007133,0.0000,1.0000,8041.1,-0.0655,5,0
58.9864,0.646259,59.990326,-0.007134,0.0000,1.0000,8054.9,-0.0647,5,0
59.0048,0.646259,59.990332,-0.007135,0.0000,1.0000,8065.7,-0.0640,5,0
59.0240,0.646259,59.990337,-0.007136,0.0000,1.0000,8071.2,-0.0632,5,0
59.0400,0.647708,59.990342,-0.007136,0.0000,1.0000,8079.9,-0.0623,5,0
59.0602,0.647708,59.990348,-0.007137,0.0000,1.0000,8084.4,-0.0614,5,0
59.0789,0.647708,59.990353,-0.007138,0.0000,1.0000,8087.6,-0.0604,5,0
59.0972,0.647708,59.990359,-0.007139,0.0000,1.0000,8089.9,-0.0592,5,0
59.1154,0.647708,59.990364,-0.007140,0.0000,1.0000,8093.6,-0.0578,5,0
59.1341,0.647708,59.990369,-0.007141,0.0000,1.0000,8100.2,-0.0566,5,0
59.1527,0.647708,59.990375,-0.007142,0.0000,1.0000,8105.6,-0.0553,5,0
59.1692,0.647708,59.990380,-0.007143,0.0000,1.0000,8114.1,-0.0537,5,0
59.1878,0.647708,59.990385,-0.007144,0.0000,1.0000,8122.0,-0.0523,5,0
59.2067,0.647708,59.990391,-0.007145,0.0000,1.0000,8127.6,-0.0513,5,0
59.2256,0.649159,59.990396,-0.007146,0.0000,1.0000,8132.2,-0.0504,5,0
59.2450,0.649159,59.990401,-0.007147,0.0000,1.0000,8138.0,-0.0499,5,0
59.2661,0.649159,59.990406,-0.007148,0.0000,1.0000,8140.3,-0.0499,5,0
59.2861,0.649159,59.990412,-0.007149,0.0000,1.0000,8141.9,-0.0503,5,0
59.3062,0.649159,59.990417,-0.007150,0.0000,1.0000,8144.0,-0.0512,5,0
59.3273,0.649159,59.990422,-0.007151,0.0000,1.0000,8141.4,-0.0525,5,0
59.3470,0.649159,59.990428,-0.007152,0.0000,1.0000,8138.9,-0.0544,5,0
59.3661,0.649159,59.990433,-0.007153,0.0000,1.0000,8137.6,-0.0566,5,0
59.3832,0.649159,59.990438,-0.007155,0.0000,1.0000,8138.8,-0.0589,5,0
59.4014,0.649159,59.990443,-0.007156,0.0000,1.0000,8137.1,-0.0613,5,0
59.4187,0.650615,59.990449,-0.007157,0.0000,1.0000,8134.9,-0.0638,5,0
59.4364,0.650615,59.990454,-0.007158,0.0000,1.0000,8136.1,-0.0659,5,0
59.4551,0.650615,59.990459,-0.007159,0.0000,1.0000,8134.2,-0.0677,5,0
59.4726,0.650615,59.990465,-0.007161,0.0000,1.0000,8135.5,-0.0693,5,0
59.4909,0.650615,59.990470,-0.007162,0.0000,1.0000,8136.0,-0.0704,5,0
59.5083,0.650615,59.990475,-0.007163,0.0000,1.0000,8141.1,-0.0711,5,0
59.5249,0.650615,59.990481,-0.007165,0.0000,1.0000,8144.1,-0.0714,5,0
59.5423,0.650615,59.990486,-0.007166,0.0000,1.0000,8145.3,-0.0712,5,0
59.5588,0.650615,59.990492,-0.007167,0.0000,1.0000,8148.5,-0.0703,5,0
59.5754,0.650615,59.990497,-0.007169,0.0000,1.0000,8152.0,-0.0687,5,0
59.5921,0.652075,59.990502,-0.007170,0.0000,1.0000,8156.5,-0.0668,5,0
59.6095,0.652075,59.990508,-0.007172,0.0000,1.0000,8158.6,-0.0645,5,0
59.6266,0.652075,59.990513,-0.007173,0.0000,1.0000,8163.7,-0.0617,5,0
59.6435,0.652075,59.990519,-0.007174,0.0000,1.0000,8168.9,-0.0588,5,0
59.6601,0.652075,59.990524,-0.007176,0.0000,1.0000,8172.7,-0.0559,5,0
59.6767,0.652075,59.990529,-0.007177,0.0000,1.0000,8178.8,-0.0529,5,0
59.6940,0.652075,59.990535,-0.007179,0.0000,1.0000,8183.3,-0.0501,5,0
59.7114,0.652075,59.990540,-0.007181,0.0000,1.0000,8189.2,-0.0479,5,0
59.7288,0.652075,59.990546,-0.007182,0.0000,1.0000,8191.5,-0.0461,5,0
59.7460,0.652075,59.990551,-0.007184,0.0000,1.0000,8196.4,-0.0447,5,0
59.7658,0.653535,59.990556,-0.007186,0.0000,1.0000,8199.2,-0.0441,5,0
59.7850,0.653535,59.990562,-0.007187,0.0000,1.0000,8202.6,-0.0441,5,0
59.8047,0.653535,59.990567,-0.007189,0.0000,1.0000,8206.1,-0.0444,5,0
59.8238,0.653535,59.990573,-0.007190,0.0000,1.0000,8205.8,-0.0453,5,0
59.8431,0.653535,59.990578,-0.007192,0.0000,1.0000,8207.8,-0.0466,5,0
59.8617,0.653535,59.990583,-0.007194,0.0000,1.0000,8204.3,-0.0481,5,0
59.8791,0.653535,59.990588,-0.007196,0.0000,1.0000,8204.8,-0.0494,5,0
59.8959,0.653535,59.990594,-0.007197,0.0000,1.0000,8203.2,-0.0508,5,0
59.9125,0.653535,59.990599,-0.007199,0.0000,1.0000,8204.6,-0.0523,5,0
59.9285,0.653535,59.990604,-0.007201,0.0000,1.0000,8204.9,-0.0534,5,0
59.9448,0.654999,59.990609,-0.007203,0.0000,1.0000,8207.1,-0.0545,5,0
59.9623,0.654999,59.990614,-0.007205,0.0000,1.0000,8207.5,-0.0558,5,0
59.9798,0.654999,59.990620,-0.007207,0.0000,1.0000,8207.5,-0.0571,5,0
59.9964,0.654999,59.990625,-0.007208,0.0000,1.0000,8208.3,-0.0580,5,0
60.0123,0.654999,59.990630,-0.007210,0.0000,1.0000,8206.7,-0.0590,5,0
60.0275,0.654999,59.990636,-0.007212,0.0000,1.0000,8209.2,-0.0599,5,0
60.0435,0.654999,59.990641,-0.007214,0.0000,1.0000,8209.1,-0.0604,5,0
60.0581,0.654999,59.990647,-0.007216,0.0000,1.0000,8211.8,-0.0606,5,0
60.0746,0.654999,59.990652,-0.007218,0.0000,1.0000,8216.9,-0.0610,5,0
60.0917,0.654999,59.990658,-0.007220,0.0000,1.0000,8220.9,-0.0609,5,0
60.1090,0.656467,59.990663,-0.007222,0.0000,1.0000,8222.3,-0.0605,5,0
60.1265,0.656467,59.990668,-0.007224,0.0000,1.0000,8224.0,-0.0600,5,0
60.1431,0.656467,59.990674,-0.007226,0.0000,1.0000,8226.3,-0.0594,5,0
60.1601,0.656467,59.990679,-0.007228,0.0000,1.0000,8225.4,-0.0582,5,0
60.1773,0.656467,59.990685,-0.007230,0.0000,1.0000,8226.2,-0.0567,5,0
60.1939,0.656467,59.990690,-0.007233,0.0000,1.0000,8228.4,-0.0551,5,0
60.2103,0.656467,59.990696,-0.007235,0.0000,1.0000,8229.1,-0.0527,5,0
60.2266,0.656467,59.990701,-0.007237,0.0000,1.0000,8234.1,-0.0498,5,0
60.2444,0.656467,59.990706,-0.007239,0.0000,1.0000,8238.5,-0.0466,5,0
60.2609,0.656467,59.990712,-0.007242,0.0000,1.0000,8246.4,-0.0429,5,0
60.2786,0.657935,59.990717,-0.007244,0.0000,1.0000,8249.9,-0.0381,5,0
60.2945,0.657935,59.990722,-0.007246,0.0000,1.0000,8250.7,-0.0329,5,0
60.3129,0.657935,59.990727,-0.007248,0.0000,1.0000,8251.0,-0.0273,5,0
60.3297,0.657935,59.990733,-0.007250,0.0000,1.0000,8253.1,-0.0212,5,0
60.3461,0.657935,59.990738,-0.007253,0.0000,1.0000,8252.4,-0.0148,5,0
60.3646,0.657935,59.990743,-0.007255,0.0000,1.0000,8248.4,-0.0087,5,0
60.3816,0.657935,59.990748,-0.007257,0.0000,1.0000,8250.4,-0.0025,5,0
60.3986,0.657935,59.990753,-0.007260,0.0000,1.0000,8248.2,0.0039,5,0
60.4156,0.657935,59.990758,-0.007262,0.0000,1.0000,8248.4,0.0102,5,0
60.4332,0.657935,59.990763,-0.007264,0.0000,1.0000,8251.9,0.0158,5,0
60.4507,0.659405,59.990768,-0.007267,0.0000,1.0000,8251.8,0.0213,5,0
60.4683,0.659405,59.990773,-0.007269,0.0000,1.0000,8252.0,0.0263,5,0
60.4875,0.659405,59.990778,-0.007272,0.0000,1.0000,8248.3,0.0303,5,0
60.5061,0.659405,59.990783,-0.007274,0.0000,1.0000,8246.2,0.0338,5,0
60.5248,0.659405,59.990788,-0.007276,0.0000,1.0000,8240.1,0.0369,5,0
60.5432,0.659405,59.990793,-0.007279,0.0000,1.0000,8234.5,0.0394,5,0
60.5640,0.659405,59.990798,-0.007281,0.0000,1.0000,8220.9,0.0416,5,0
60.5819,0.659405,59.990804,-0.007284,0.0000,1.0000,8216.3,0.0435,5,0
60.5987,0.659405,59.990809,-0.007286,0.0000,1.0000,8212.5,0.0454,5,0
60.6153,0.659405,59.990814,-0.007289,0.0000,1.0000,8212.5,0.0475,5,0
60.6314,0.660878,59.990819,-0.007291,0.0000,1.0000,8215.5,0.0496,5,0
60.6440,0.660878,59.990824,-0.007293,0.0000,1.0000,8227.2,0.0518,5,0
60.6539,0.660878,59.990830,-0.007296,0.0000,1.0000,8249.5,0.0541,5,0
60.6669,0.660878,59.990835,-0.007298,0.0000,1.0000,8262.1,0.0565,5,0
60.6792,0.660878,59.990840,-0.007301,0.0000,1.0000,8274.6,0.0585,5,0
60.6915,0.660878,59.990845,-0.007303,0.0000,1.0000,8285.3,0.0602,5,0
60.7056,0.660878,59.990851,-0.007305,0.0000,1.0000,8295.1,0.0621,5,0
60.7199,0.660878,59.990856,-0.007308,0.0000,1.0000,8303.2,0.0637,5,0
60.7338,0.660878,59.990862,-0.007310,0.0000,1.0000,8308.9,0.0652,5,0
60.7480,0.660878,59.990867,-0.007312,0.0000,1.0000,8311.9,0.0665,5,0
60.7634,0.662357,59.990872,-0.007315,0.0000,1.0000,8312.0,0.0680,5,0
60.7767,0.662357,59.990878,-0.007317,0.0000,1.0000,8312.0,0.0693,5,0
60.7901,0.662357,59.990883,-0.007319,0.0000,1.0000,8313.9,0.0705,5,0
60.8022,0.662357,59.990889,-0.007322,0.0000,1.0000,8315.8,0.0717,5,0
60.8137,0.662357,59.990894,-0.007324,0.0000,1.0000,8319.6,0.0726,5,0
60.8274,0.662357,59.990899,-0.007326,0.0000,1.0000,8319.4,0.0732,5,0
60.8405,0.662357,59.990905,-0.007328,0.0000,1.0000,8320.9,0.0734,5,0
60.8537,0.662357,59.990910,-0.007330,0.0000,1.0000,8324.4,0.0734,5,0
60.8670,0.662357,59.990916,-0.007332,0.0000,1.0000,8330.2,0.0729,5,0
60.8814,0.662357,59.990921,-0.007335,0.0000,1.0000,8330.9,0.0721,5,0
60.8958,0.663842,59.990926,-0.007337,0.0000,1.0000,8333.8,0.0711,5,0
60.9091,0.663842,59.990932,-0.007339,0.0000,1.0000,8340.1,0.0698,5,0
60.9237,0.663842,59.990937,-0.007341,0.0000,1.0000,8340.3,0.0684,5,0
60.9383,0.663842,59.990943,-0.007343,0.0000,1.0000,8339.3,0.0673,5,0
60.9518,0.663842,59.990948,-0.007345,0.0000,1.0000,8341.6,0.0663,5,0
60.9643,0.663842,59.990954,-0.007347,0.0000,1.0000,8345.9,0.0654,5,0
60.9765,0.663842,59.990959,-0.007349,0.0000,1.0000,8349.5,0.0647,5,0
60.9896,0.663842,59.990965,-0.007351,0.0000,1.0000,8350.2,0.0643,5,0
61.0018,0.663842,59.990971,-0.007353,0.0000,1.0000,8352.6,0.0639,5,0
61.0147,0.663842,59.990977,-0.007355,0.0000,1.0000,8350.6,0.0637,5,0
61.0279,0.665333,59.990982,-0.007357,0.0000,1.0000,8350.3,0.0638,5,0
61.0403,0.665333,59.990988,-0.007359,0.0000,1.0000,8354.9,0.0640,5,0
61.0532,0.665333,59.990994,-0.007361,0.0000,1.0000,8355.7,0.0643,5,0
61.0658,0.665333,59.990999,-0.007363,0.0000,1.0000,8359.1,0.0648,5,0
61.0791,0.665333,59.991005,-0.007365,0.0000,1.0000,8360.5,0.0657,5,0
61.0915,0.665333,59.991011,-0.007366,0.0000,1.0000,8365.6,0.0665,5,0
61.1051,0.665333,59.991016,-0.007368,0.0000,1.0000,8365.3,0.0676,5,0
61.1179,0.665333,59.991022,-0.007370,0.0000,1.0000,8368.9,0.0690,5,0
61.1297,0.665333,59.991027,-0.007372,0.0000,1.0000,8373.8,0.0705,5,0
61.1436,0.665333,59.991032,-0.007373,0.0000,1.0000,8373.0,0.0722,5,0
61.1578,0.666830,59.991038,-0.007375,0.0000,1.0000,8372.0,0.0741,5,0
61.1711,0.666830,59.991043,-0.007377,0.0000,1.0000,8371.8,0.0762,5,0
61.1840,0.666830,59.991049,-0.007379,0.0000,1.0000,8374.1,0.0780,5,0
61.1979,0.666830,59.991054,-0.007380,0.0000,1.0000,8371.1,0.0799,5,0
61.2110,0.666830,59.991060,-0.007382,0.0000,1.0000,8369.6,0.0817,5,0
61.2241,0.666830,59.991065,-0.007383,0.0000,1.0000,8370.8,0.0830,5,0
61.2369,0.666830,59.991070,-0.007385,0.0000,1.0000,8370.6,0.0838,5,0
61.2502,0.666830,59.991075,-0.007387,0.0000,1.0000,8370.9,0.0842,5,0
61.2634,0.666830,59.991080,-0.007388,0.0000,1.0000,8371.1,0.0841,5,0
61.2760,0.666830,59.991085,-0.007390,0.0000,1.0000,8372.9,0.0832,5,0
61.2891,0.668330,59.991090,-0.007391,0.0000,1.0000,8372.4,0.0818,5,0
61.3019,0.668330,59.991095,-0.007393,0.0000,1.0000,8373.7,0.0797,5,0
61.3143,0.668330,59.991100,-0.007394,0.0000,1.0000,8378.2,0.0771,5,0
61.3271,0.668330,59.991105,-0.007396,0.0000,1.0000,8381.7,0.0742,5,0
61.3406,0.668330,59.991110,-0.007397,0.0000,1.0000,8385.3,0.0711,5,0
61.3545,0.668330,59.991115,-0.007398,0.0000,1.0000,8386.5,0.0679,5,0
61.3677,0.668330,59.991121,-0.007400,0.0000,1.0000,8390.5,0.0647,5,0
61.3812,0.668330,59.991127,-0.007401,0.0000,1.0000,8390.8,0.0618,5,0
61.3950,0.668330,59.991132,-0.007402,0.0000,1.0000,8393.6,0.0592,5,0
61.4078,0.668330,59.991138,-0.007404,0.0000,1.0000,8399.5,0.0568,5,0
61.4227,0.669834,59.991143,-0.007405,0.0000,1.0000,8400.2,0.0547,5,0
61.4364,0.669834,59.991149,-0.007406,0.0000,1.0000,8402.2,0.0529,5,0
61.4506,0.669834,59.991154,-0.007408,0.0000,1.0000,8402.1,0.0514,5,0
61.4637,0.669834,59.991160,-0.007409,0.0000,1.0000,8405.2,0.0503,5,0
61.4779,0.669834,59.991165,-0.007410,0.0000,1.0000,8406.5,0.0497,5,0
61.4919,0.669834,59.991171,-0.007411,0.0000,1.0000,8407.4,0.0494,5,0
61.5059,0.669834,59.991176,-0.007413,0.0000,1.0000,8411.6,0.0495,5,0
61.5210,0.669834,59.991182,-0.007414,0.0000,1.0000,8411.6,0.0499,5,0
61.5328,0.669834,59.991188,-0.007415,0.0000,1.0000,8413.6,0.0506,5,0
61.5473,0.669834,59.991194,-0.007416,0.0000,1.0000,8416.0,0.0514,5,0
61.5615,0.671342,59.991199,-0.007417,0.0000,1.0000,8417.4,0.0525,5,0
61.5739,0.671342,59.991205,-0.007418,0.0000,1.0000,8419.7,0.0539,5,0
61.5880,0.671342,59.991211,-0.007419,0.0000,1.0000,8420.1,0.0554,5,0
61.6017,0.671342,59.991216,-0.007420,0.0000,1.0000,8421.0,0.0571,5,0
61.6164,0.671342,59.991222,-0.007422,0.0000,1.0000,8421.6,0.0591,5,0
61.6324,0.671342,59.991227,-0.007422,0.0000,1.0000,8419.4,0.0612,5,0
61.6465,0.671342,59.991233,-0.007423,0.0000,1.0000,8419.9,0.0634,5,0
61.6617,0.671342,59.991238,-0.007424,0.0000,1.0000,8419.1,0.0656,5,0
61.6761,0.671342,59.991244,-0.007425,0.0000,1.0000,8418.2,0.0678,5,0
61.6918,0.671342,59.991249,-0.007426,0.0000,1.0000,8414.9,0.0700,5,0
61.7064,0.672853,59.991254,-0.007427,0.0000,1.0000,8415.0,0.0723,5,0
61.7203,0.672853,59.991260,-0.007428,0.0000,1.0000,8416.3,0.0746,5,0
61.7351,0.672853,59.991265,-0.007429,0.0000,1.0000,8414.4,0.0767,5,0
61.7487,0.672853,59.991271,-0.007430,0.0000,1.0000,8413.0,0.0787,5,0
61.7617,0.672853,59.991276,-0.007431,0.0000,1.0000,8411.8,0.0804,5,0
61.7746,0.672853,59.991282,-0.007432,0.0000,1.0000,8411.2,0.0817,5,0
61.7866,0.672853,59.991287,-0.007432,0.0000,1.0000,8410.8,0.0823,5,0
61.7972,0.672853,59.991293,-0.007433,0.0000,1.0000,8415.1,0.0825,5,0
61.8086,0.672853,59.991299,-0.007434,0.0000,1.0000,8418.5,0.0820,5,0
61.8206,0.672853,59.991304,-0.007435,0.0000,1.0000,8420.5,0.0807,5,0
61.8315,0.674369,59.991310,-0.007436,0.0000,1.0000,8425.7,0.0789,5,0
61.8437,0.674369,59.991316,-0.007436,0.0000,1.0000,8429.9,0.0767,5,0
61.8555,0.674369,59.991322,-0.007437,0.0000,1.0000,8436.2,0.0740,5,0
61.8673,0.674369,59.991327,-0.007438,0.0000,1.0000,8441.6,0.0709,5,0
61.8790,0.674369,59.991333,-0.007439,0.0000,1.0000,8449.1,0.0676,5,0
61.8918,0.674369,59.991338,-0.007439,0.0000,1.0000,8456.7,0.0639,5,0
61.9038,0.674369,59.991344,-0.007440,0.0000,1.0000,8462.2,0.0602,5,0
61.9164,0.674369,59.991349,-0.007440,0.0000,1.0000,8467.7,0.0566,5,0
61.9295,0.674369,59.991354,-0.007441,0.0000,1.0000,8472.1,0.0531,5,0
61.9438,0.674369,59.991359,-0.007441,0.0000,1.0000,8476.3,0.0499,5,0
61.9584,0.675885,59.991365,-0.007442,0.0000,1.0000,8481.2,0.0469,5,0
61.9750,0.675885,59.991370,-0.007443,0.0000,1.0000,8482.7,0.0446,5,0
61.9912,0.675885,59.991375,-0.007443,0.0000,1.0000,8483.9,0.0426,5,0
62.0050,0.675885,59.991381,-0.007444,0.0000,1.0000,8485.5,0.0410,5,0
62.0186,0.675885,59.991386,-0.007444,0.0000,1.0000,8486.2,0.0396,5,0
62.0324,0.675885,59.991392,-0.007445,0.0000,1.0000,8486.4,0.0384,5,0
62.0454,0.675885,59.991398,-0.007445,0.0000,1.0000,8486.1,0.0372,5,0
62.0587,0.675885,59.991403,-0.007445,0.0000,1.0000,8486.8,0.0362,5,0
62.0723,0.675885,59.991409,-0.007446,0.0000,1.0000,8487.5,0.0352,5,0
62.0855,0.675885,59.991415,-0.007446,0.0000,1.0000,8488.8,0.0343,5,0
62.0982,0.677402,59.991421,-0.007446,0.0000,1.0000,8488.1,0.0333,5,0
62.1128,0.677402,59.991427,-0.007447,0.0000,1.0000,8487.7,0.0324,5,0
62.1268,0.677402,59.991432,-0.007447,0.0000,1.0000,8488.6,0.0315,5,0
62.1398,0.677402,59.991438,-0.007447,0.0000,1.0000,8488.3,0.0307,5,0
62.1543,0.677402,59.991444,-0.007448,0.0000,1.0000,8488.3,0.0300,5,0
62.1683,0.677402,59.991450,-0.007448,0.0000,1.0000,8487.9,0.0296,5,0
62.1823,0.677402,59.991455,-0.007448,0.0000,1.0000,8486.3,0.0291,5,0
62.1965,0.677402,59.991461,-0.007448,0.0000,1.0000,8485.0,0.0288,5,0
62.2111,0.677402,59.991466,-0.007449,0.0000,1.0000,8484.7,0.0287,5,0
62.2248,0.677402,59.991472,-0.007449,0.0000,1.0000,8486.3,0.0284,5,0
62.2391,0.678919,59.991478,-0.007449,0.0000,1.0000,8483.7,0.0280,5,0
62.2543,0.678919,59.991483,-0.007449,0.0000,1.0000,8481.5,0.0274,5,0
62.2687,0.678919,59.991489,-0.007449,0.0000,1.0000,8482.3,0.0265,5,0
62.2833,0.678919,59.991494,-0.007449,0.0000,1.0000,8480.1,0.0252,5,0
62.2983,0.678919,59.991500,-0.007450,0.0000,1.0000,8479.6,0.0234,5,0
62.3137,0.678919,59.991505,-0.007450,0.0000,1.0000,8477.5,0.0213,5,0
62.3285,0.678919,59.991511,-0.007450,0.0000,1.0000,8477.1,0.0185,5,0
62.3438,0.678919,59.991516,-0.007450,0.0000,1.0000,8474.3,0.0154,5,0
62.3602,0.678919,59.991522,-0.007450,0.0000,1.0000,8469.1,0.0119,5,0
62.3745,0.678919,59.991527,-0.007450,0.0000,1.0000,8471.0,0.0081,5,0
62.3907,0.680439,59.991532,-0.007450,0.0000,1.0000,8465.6,0.0040,5,0
62.4066,0.680439,59.991538,-0.007450,0.0000,1.0000,8463.2,-0.0004,5,0
62.4217,0.680439,59.991543,-0.007450,0.0000,1.0000,8464.1,-0.0049,5,0
62.4377,0.680439,59.991549,-0.007450,0.0000,1.0000,8461.8,-0.0097,5,0
62.4537,0.680439,59.991554,-0.007450,0.0000,1.0000,8459.5,-0.0146,5,0
62.4700,0.680439,59.991560,-0.007450,0.0000,1.0000,8455.6,-0.0195,5,0
62.4861,0.680439,59.991565,-0.007450,0.0000,1.0000,8452.2,-0.0246,5,0
62.5026,0.680439,59.991571,-0.007450,0.0000,1.0000,8447.6,-0.0294,5,0
62.5190,0.680439,59.991576,-0.007450,0.0000,1.0000,8442.2,-0.0343,5,0
62.5348,0.680439,59.991582,-0.007450,0.0000,1.0000,8436.6,-0.0387,5,0
62.5500,0.681960,59.991588,-0.007450,0.0000,1.0000,8435.1,-0.0431,5,0
62.5643,0.681960,59.991593,-0.007450,0.0000,1.0000,8435.6,-0.0471,5,0
62.5769,0.681960,59.991599,-0.007450,0.0000,1.0000,8439.8,-0.0509,5,0
62.5883,0.681960,59.991604,-0.007450,0.0000,1.0000,8451.0,-0.0542,5,0
62.5983,0.681960,59.991610,-0.007450,0.0000,1.0000,8466.8,-0.0573,5,0
62.6090,0.681960,59.991616,-0.007450,0.0000,1.0000,8477.6,-0.0597,5,0
62.6201,0.681960,59.991622,-0.007450,0.0000,1.0000,8487.5,-0.0616,5,0
62.6309,0.681960,59.991628,-0.007450,0.0000,1.0000,8501.8,-0.0633,5,0
62.6425,0.681960,59.991634,-0.007450,0.0000,1.0000,8513.6,-0.0650,5,0
62.6554,0.681960,59.991640,-0.007450,0.0000,1.0000,8519.4,-0.0668,5,0
62.6688,0.683487,59.991646,-0.007450,0.0000,1.0000,8524.0,-0.0690,5,0
62.6810,0.683487,59.991652,-0.007450,0.0000,1.0000,8522.7,-0.0713,5,0
62.6925,0.683487,59.991658,-0.007450,0.0000,1.0000,8525.8,-0.0738,5,0
62.7044,0.683487,59.991664,-0.007451,0.0000,1.0000,8529.2,-0.0766,5,0
62.7145,0.683487,59.991670,-0.007451,0.0000,1.0000,8534.9,-0.0796,5,0
62.7265,0.683487,59.991676,-0.007451,0.0000,1.0000,8535.6,-0.0826,5,0
62.7366,0.683487,59.991681,-0.007451,0.0000,1.0000,8538.4,-0.0855,5,0
62.7468,0.683487,59.991687,-0.007451,0.0000,1.0000,8541.6,-0.0884,5,0
62.7581,0.683487,59.991692,-0.007452,0.0000,1.0000,8542.8,-0.0910,5,0
62.7688,0.683487,59.991698,-0.007452,0.0000,1.0000,8543.6,-0.0931,5,0
62.7786,0.685018,59.991704,-0.007452,0.0000,1.0000,8548.4,-0.0948,5,0
62.7884,0.685018,59.991709,-0.007452,0.0000,1.0000,8553.8,-0.0959,5,0
62.7981,0.685018,59.991715,-0.007452,0.0000,1.0000,8556.3,-0.0964,5,0
62.8078,0.685018,59.991720,-0.007453,0.0000,1.0000,8561.9,-0.0964,5,0
62.8166,0.685018,59.991726,-0.007453,0.0000,1.0000,8570.1,-0.0958,5,0
62.8259,0.685018,59.991732,-0.007453,0.0000,1.0000,8574.4,-0.0946,5,0
62.8354,0.685018,59.991737,-0.007454,0.0000,1.0000,8579.9,-0.0928,5,0
62.8431,0.685018,59.991743,-0.007454,0.0000,1.0000,8591.5,-0.0906,5,0
62.8530,0.685018,59.991749,-0.007455,0.0000,1.0000,8594.5,-0.0878,5,0
62.8627,0.685018,59.991754,-0.007455,0.0000,1.0000,8598.1,-0.0846,5,0
62.8704,0.686556,59.991760,-0.007456,0.0000,1.0000,8608.1,-0.0812,5,0
62.8799,0.686556,59.991766,-0.007456,0.0000,1.0000,8612.9,-0.0776,5,0
62.8893,0.686556,59.991772,-0.007457,0.0000,1.0000,8616.5,-0.0737,5,0
62.8989,0.686556,59.991777,-0.007457,0.0000,1.0000,8622.5,-0.0701,5,0
62.9089,0.686556,59.991783,-0.007457,0.0000,1.0000,8627.1,-0.0664,5,0
62.9187,0.686556,59.991788,-0.007458,0.0000,1.0000,8631.0,-0.0631,5,0
62.9294,0.686556,59.991794,-0.007459,0.0000,1.0000,8633.5,-0.0601,5,0
62.9387,0.686556,59.991799,-0.007459,0.0000,1.0000,8639.0,-0.0576,5,0
62.9491,0.686556,59.991805,-0.007460,0.0000,1.0000,8642.3,-0.0554,5,0
62.9607,0.686556,59.991810,-0.007461,0.0000,1.0000,8641.9,-0.0541,5,0
62.9710,0.688097,59.991815,-0.007462,0.0000,1.0000,8644.2,-0.0533,5,0
62.9822,0.688097,59.991821,-0.007462,0.0000,1.0000,8645.7,-0.0530,5,0
62.9928,0.688097,59.991826,-0.007463,0.0000,1.0000,8648.0,-0.0535,5,0
63.0038,0.688097,59.991832,-0.007464,0.0000,1.0000,8646.9,-0.0546,5,0
63.0148,0.688097,59.991837,-0.007464,0.0000,1.0000,8647.3,-0.0560,5,0
63.0259,0.688097,59.991843,-0.007465,0.0000,1.0000,8644.2,-0.0579,5,0
63.0372,0.688097,59.991848,-0.007466,0.0000,1.0000,8641.3,-0.0602,5,0
63.0482,0.688097,59.991854,-0.007467,0.0000,1.0000,8637.6,-0.0627,5,0
63.0587,0.688097,59.991860,-0.007468,0.0000,1.0000,8636.1,-0.0653,5,0
63.0689,0.688097,59.991865,-0.007469,0.0000,1.0000,8633.6,-0.0681,5,0
63.0789,0.689643,59.991871,-0.007470,0.0000,1.0000,8631.0,-0.0708,5,0
63.0885,0.689643,59.991877,-0.007471,0.0000,1.0000,8632.3,-0.0733,5,0
63.0980,0.689643,59.991883,-0.007472,0.0000,1.0000,8633.6,-0.0759,5,0
63.1088,0.689643,59.991888,-0.007473,0.0000,1.0000,8631.9,-0.0783,5,0
63.1188,0.689643,59.991894,-0.007474,0.0000,1.0000,8633.7,-0.0805,5,0
63.1302,0.689643,59.991900,-0.007475,0.0000,1.0000,8633.2,-0.0829,5,0
63.1423,0.689643,59.991905,-0.007476,0.0000,1.0000,8630.2,-0.0853,5,0
63.1534,0.689643,59.991911,-0.007477,0.0000,1.0000,8629.3,-0.0875,5,0
63.1638,0.689643,59.991916,-0.007478,0.0000,1.0000,8628.1,-0.0894,5,0
63.1746,0.689643,59.991922,-0.007479,0.0000,1.0000,8626.2,-0.0912,5,0
63.1853,0.691191,59.991928,-0.007480,0.0000,1.0000,8624.5,-0.0925,5,0
63.1950,0.691191,59.991933,-0.007482,0.0000,1.0000,8625.0,-0.0933,5,0
63.2051,0.691191,59.991939,-0.007483,0.0000,1.0000,8624.6,-0.0939,5,0
63.2161,0.691191,59.991944,-0.007484,0.0000,1.0000,8624.4,-0.0941,5,0
63.2256,0.691191,59.991950,-0.007485,0.0000,1.0000,8628.6,-0.0938,5,0
63.2370,0.691191,59.991956,-0.007486,0.0000,1.0000,8627.9,-0.0933,5,0
63.2489,0.691191,59.991962,-0.007488,0.0000,1.0000,8628.0,-0.0927,5,0
63.2595,0.691191,59.991968,-0.007489,0.0000,1.0000,8630.9,-0.0918,5,0
63.2700,0.691191,59.991974,-0.007490,0.0000,1.0000,8631.7,-0.0910,5,0
63.2814,0.691191,59.991980,-0.007492,0.0000,1.0000,8630.7,-0.0903,5,0
63.2924,0.692744,59.991986,-0.007493,0.0000,1.0000,8627.7,-0.0895,5,0
63.3026,0.692744,59.991992,-0.007495,0.0000,1.0000,8626.6,-0.0885,5,0
63.3120,0.692744,59.991998,-0.007496,0.0000,1.0000,8629.4,-0.0877,5,0
63.3228,0.692744,59.992004,-0.007497,0.0000,1.0000,8629.2,-0.0868,5,0
63.3321,0.692744,59.992010,-0.007499,0.0000,1.0000,8633.3,-0.0857,5,0
63.3422,0.692744,59.992016,-0.007500,0.0000,1.0000,8635.7,-0.0847,5,0
63.3530,0.692744,59.992021,-0.007502,0.0000,1.0000,8635.5,-0.0836,5,0
63.3622,0.692744,59.992027,-0.007503,0.0000,1.0000,8638.5,-0.0824,5,0
63.3723,0.692744,59.992032,-0.007505,0.0000,1.0000,8639.9,-0.0810,5,0
63.3822,0.692744,59.992038,-0.007506,0.0000,1.0000,8641.2,-0.0796,5,0
63.3928,0.694298,59.992043,-0.007508,0.0000,1.0000,8642.0,-0.0781,5,0
63.4018,0.694298,59.992048,-0.007510,0.0000,1.0000,8647.8,-0.0765,5,0
63.4115,0.694298,59.992054,-0.007511,0.0000,1.0000,8649.4,-0.0752,5,0
63.4215,0.694298,59.992059,-0.007513,0.0000,1.0000,8649.9,-0.0737,5,0
63.4298,0.694298,59.992065,-0.007514,0.0000,1.0000,8656.1,-0.0722,5,0
63.4393,0.694298,59.992070,-0.007516,0.0000,1.0000,8658.2,-0.0709,5,0
63.4482,0.694298,59.992076,-0.007518,0.0000,1.0000,8661.6,-0.0695,5,0
63.4570,0.694298,59.992081,-0.007520,0.0000,1.0000,8668.1,-0.0679,5,0
63.4661,0.694298,59.992087,-0.007521,0.0000,1.0000,8670.8,-0.0665,5,0
63.4750,0.694298,59.992092,-0.007523,0.0000,1.0000,8674.9,-0.0652,5,0
63.4843,0.695852,59.992098,-0.007525,0.0000,1.0000,8681.7,-0.0638,5,0
63.4937,0.695852,59.992103,-0.007527,0.0000,1.0000,8686.7,-0.0627,5,0
63.5049,0.695852,59.992109,-0.007529,0.0000,1.0000,8689.4,-0.0619,5,0
63.5161,0.695852,59.992114,-0.007530,0.0000,1.0000,8691.5,-0.0612,5,0
63.5265,0.695852,59.992120,-0.007532,0.0000,1.0000,8694.3,-0.0607,5,0
63.5371,0.695852,59.992126,-0.007534,0.0000,1.0000,8696.8,-0.0607,5,0
63.5485,0.695852,59.992131,-0.007536,0.0000,1.0000,8695.6,-0.0606,5,0
63.5600,0.695852,59.992137,-0.007538,0.0000,1.0000,8692.2,-0.0605,5,0
63.5709,0.695852,59.992142,-0.007540,0.0000,1.0000,8691.1,-0.0608,5,0
63.5826,0.695852,59.992148,-0.007542,0.0000,1.0000,8687.0,-0.0609,5,0
63.5943,0.697405,59.992154,-0.007544,0.0000,1.0000,8683.4,-0.0605,5,0
63.6060,0.697405,59.992159,-0.007546,0.0000,1.0000,8681.0,-0.0602,5,0
63.6169,0.697405,59.992165,-0.007548,0.0000,1.0000,8680.7,-0.0594,5,0
63.6287,0.697405,59.992170,-0.007550,0.0000,1.0000,8677.1,-0.0583,5,0
63.6401,0.697405,59.992176,-0.007552,0.0000,1.0000,8678.1,-0.0567,5,0
63.6501,0.697405,59.992182,-0.007554,0.0000,1.0000,8679.7,-0.0550,5,0
63.6612,0.697405,59.992187,-0.007557,0.0000,1.0000,8679.9,-0.0526,5,0
63.6701,0.697405,59.992193,-0.007559,0.0000,1.0000,8684.8,-0.0499,5,0
63.6805,0.697405,59.992199,-0.007561,0.0000,1.0000,8688.2,-0.0471,5,0
63.6922,0.697405,59.992204,-0.007563,0.0000,1.0000,8690.1,-0.0439,5,0
63.7033,0.698959,59.992210,-0.007565,0.0000,1.0000,8690.7,-0.0409,5,0
63.7153,0.698959,59.992216,-0.007568,0.0000,1.0000,8690.9,-0.0382,5,0
63.7283,0.698959,59.992222,-0.007570,0.0000,1.0000,8686.7,-0.0356,5,0
63.7425,0.698959,59.992227,-0.007572,0.0000,1.0000,8686.2,-0.0332,5,0
63.7559,0.698959,59.992233,-0.007574,0.0000,1.0000,8687.1,-0.0310,5,0
63.7682,0.698959,59.992239,-0.007577,0.0000,1.0000,8685.8,-0.0285,5,0
63.7801,0.698959,59.992244,-0.007579,0.0000,1.0000,8684.0,-0.0257,5,0
63.7915,0.698959,59.992250,-0.007581,0.0000,1.0000,8683.3,-0.0225,5,0
63.8044,0.698959,59.992256,-0.007584,0.0000,1.0000,8682.4,-0.0189,5,0
63.8159,0.698959,59.992261,-0.007586,0.0000,1.0000,8683.2,-0.0147,5,0
63.8278,0.700513,59.992267,-0.007589,0.0000,1.0000,8681.9,-0.0102,5,0
63.8404,0.700513,59.992273,-0.007591,0.0000,1.0000,8682.8,-0.0056,5,0
63.8525,0.700513,59.992279,-0.007593,0.0000,1.0000,8681.3,-0.0007,5,0
63.8648,0.700513,59.992284,-0.007596,0.0000,1.0000,8679.6,0.0043,5,0
63.8782,0.700513,59.992290,-0.007598,0.0000,1.0000,8678.3,0.0091,5,0
63.8910,0.700513,59.992295,-0.007601,0.0000,1.0000,8678.9,0.0137,5,0
63.9041,0.700513,59.992301,-0.007603,0.0000,1.0000,8678.0,0.0182,5,0
63.9189,0.700513,59.992306,-0.007606,0.0000,1.0000,8672.5,0.0222,5,0
63.9335,0.700513,59.992312,-0.007608,0.0000,1.0000,8669.7,0.0259,5,0
63.9470,0.700513,59.992317,-0.007611,0.0000,1.0000,8666.8,0.0295,5,0
63.9613,0.702069,59.992322,-0.007613,0.0000,1.0000,8658.0,0.0329,5,0
63.9770,0.702069,59.992328,-0.007616,0.0000,1.0000,8646.3,0.0363,5,0
63.9905,0.702069,59.992333,-0.007618,0.0000,1.0000,8640.0,0.0397,5,0
64.0023,0.702069,59.992339,-0.007621,0.0000,1.0000,8636.6,0.0431,5,0
64.0146,0.702069,59.992344,-0.007623,0.0000,1.0000,8636.6,0.0466,5,0
64.0252,0.702069,59.992350,-0.007626,0.0000,1.0000,8640.6,0.0500,5,0
64.0358,0.702069,59.992355,-0.007628,0.0000,1.0000,8643.4,0.0531,5,0
64.0471,0.702069,59.992361,-0.007631,0.0000,1.0000,8645.6,0.0561,5,0
64.0590,0.702069,59.992366,-0.007633,0.0000,1.0000,8646.7,0.0590,5,0
64.0706,0.702069,59.992372,-0.007636,0.0000,1.0000,8646.9,0.0614,5,0
64.0818,0.703628,59.992378,-0.007638,0.0000,1.0000,8648.1,0.0636,5,0
64.0919,0.703628,59.992383,-0.007641,0.0000,1.0000,8657.4,0.0658,5,0
64.1049,0.703628,59.992389,-0.007643,0.0000,1.0000,8651.5,0.0677,5,0
64.1137,0.703628,59.992394,-0.007645,0.0000,1.0000,8654.5,0.0694,5,0
64.1164,0.703628,59.992400,-0.007648,0.0000,1.0000,8682.9,0.0712,5,0
64.1167,0.703628,59.992406,-0.007650,0.0000,1.0000,8714.3,0.0731,5,0
64.1211,0.703628,59.992412,-0.007653,0.0000,1.0000,8732.4,0.0749,5,0
64.1282,0.703628,59.992418,-0.007655,0.0000,1.0000,8741.3,0.0770,5,0
64.1359,0.703628,59.992424,-0.007657,0.0000,1.0000,8744.6,0.0789,5,0
64.1426,0.703628,59.992430,-0.007659,0.0000,1.0000,8752.4,0.0806,5,0
64.1506,0.705191,59.992436,-0.007662,0.0000,1.0000,8754.6,0.0820,5,0
64.1583,0.705191,59.992442,-0.007664,0.0000,1.0000,8756.1,0.0831,5,0
64.1658,0.705191,59.992448,-0.007666,0.0000,1.0000,8762.0,0.0835,5,0
64.1739,0.705191,59.992454,-0.007669,0.0000,1.0000,8764.6,0.0835,5,0
64.1823,0.705191,59.992460,-0.007671,0.0000,1.0000,8766.5,0.0832,5,0
64.1906,0.705191,59.992466,-0.007673,0.0000,1.0000,8769.4,0.0824,5,0
64.1986,0.705191,59.992471,-0.007675,0.0000,1.0000,8772.3,0.0811,5,0
64.2072,0.705191,59.992477,-0.007677,0.0000,1.0000,8773.4,0.0797,5,0
64.2148,0.705191,59.992482,-0.007679,0.0000,1.0000,8775.5,0.0778,5,0
64.2214,0.705191,59.992488,-0.007681,0.0000,1.0000,8779.5,0.0756,5,0
64.2288,0.706760,59.992494,-0.007684,0.0000,1.0000,8782.4,0.0731,5,0
64.2359,0.706760,59.992499,-0.007686,0.0000,1.0000,8784.1,0.0703,5,0
64.2433,0.706760,59.992505,-0.007688,0.0000,1.0000,8786.7,0.0673,5,0
64.2506,0.706760,59.992510,-0.007690,0.0000,1.0000,8789.5,0.0641,5,0
64.2576,0.706760,59.992516,-0.007692,0.0000,1.0000,8793.3,0.0611,5,0
64.2659,0.706760,59.992522,-0.007694,0.0000,1.0000,8795.6,0.0580,5,0
64.2738,0.706760,59.992527,-0.007696,0.0000,1.0000,8797.9,0.0552,5,0
64.2811,0.706760,59.992533,-0.007698,0.0000,1.0000,8801.8,0.0531,5,0
64.2889,0.706760,59.992539,-0.007699,0.0000,1.0000,8805.4,0.0512,5,0
64.2961,0.706760,59.992545,-0.007701,0.0000,1.0000,8808.2,0.0501,5,0
64.3044,0.708333,59.992550,-0.007703,0.0000,1.0000,8809.2,0.0496,5,0
64.3120,0.708333,59.992556,-0.007705,0.0000,1.0000,8811.9,0.0498,5,0
64.3190,0.708333,59.992562,-0.007707,0.0000,1.0000,8815.1,0.0506,5,0
64.3280,0.708333,59.992567,-0.007709,0.0000,1.0000,8813.6,0.0521,5,0
64.3365,0.708333,59.992573,-0.007711,0.0000,1.0000,8813.7,0.0541,5,0
64.3441,0.708333,59.992579,-0.007712,0.0000,1.0000,8815.8,0.0564,5,0
64.3533,0.708333,59.992584,-0.007714,0.0000,1.0000,8813.0,0.0592,5,0
64.3617,0.708333,59.992590,-0.007715,0.0000,1.0000,8812.5,0.0623,5,0
64.3711,0.708333,59.992596,-0.007717,0.0000,1.0000,8808.7,0.0655,5,0
64.3805,0.708333,59.992601,-0.007719,0.0000,1.0000,8804.8,0.0690,5,0
64.3901,0.709910,59.992607,-0.007720,0.0000,1.0000,8802.3,0.0727,5,0
64.4000,0.709910,59.992613,-0.007722,0.0000,1.0000,8796.9,0.0764,5,0
64.4095,0.709910,59.992619,-0.007724,0.0000,1.0000,8792.8,0.0802,5,0
64.4192,0.709910,59.992624,-0.007725,0.0000,1.0000,8789.3,0.0842,5,0
64.4285,0.709910,59.992630,-0.007727,0.0000,1.0000,8785.5,0.0879,5,0
64.4372,0.709910,59.992636,-0.007728,0.0000,1.0000,8781.2,0.0914,5,0
64.4452,0.709910,59.992641,-0.007730,0.0000,1.0000,8780.1,0.0947,5,0
64.4534,0.709910,59.992647,-0.007731,0.0000,1.0000,8778.1,0.0974,5,0
64.4612,0.709910,59.992653,-0.007733,0.0000,1.0000,8774.7,0.0994,5,0
64.4683,0.709910,59.992658,-0.007734,0.0000,1.0000,8777.2,0.1010,5,0
64.4759,0.711488,59.992664,-0.007735,0.0000,1.0000,8779.3,0.1020,5,0
64.4832,0.711488,59.992670,-0.007737,0.0000,1.0000,8781.2,0.1023,5,0
64.4900,0.711488,59.992676,-0.007738,0.0000,1.0000,8785.9,0.1020,5,0
64.4984,0.711488,59.992681,-0.007740,0.0000,1.0000,8787.4,0.1012,5,0
64.5060,0.711488,59.992687,-0.007741,0.0000,1.0000,8788.2,0.1000,5,0
64.5132,0.711488,59.992693,-0.007742,0.0000,1.0000,8790.9,0.0986,5,0
64.5215,0.711488,59.992698,-0.007744,0.0000,1.0000,8791.9,0.0971,5,0
64.5287,0.711488,59.992704,-0.007745,0.0000,1.0000,8793.4,0.0953,5,0
64.5352,0.711488,59.992710,-0.007746,0.0000,1.0000,8797.8,0.0934,5,0
64.5422,0.711488,59.992715,-0.007747,0.0000,1.0000,8801.1,0.0917,5,0
64.5497,0.713068,59.992721,-0.007748,0.0000,1.0000,8802.5,0.0897,5,0
64.5563,0.713068,59.992727,-0.007750,0.0000,1.0000,8805.5,0.0877,5,0
64.5626,0.713068,59.992733,-0.007751,0.0000,1.0000,8810.1,0.0858,5,0
64.5693,0.713068,59.992738,-0.007752,0.0000,1.0000,8812.8,0.0837,5,0
64.5754,0.713068,59.992744,-0.007753,0.0000,1.0000,8817.1,0.0816,5,0
64.5817,0.713068,59.992750,-0.007754,0.0000,1.0000,8823.8,0.0796,5,0
64.5881,0.713068,59.992755,-0.007755,0.0000,1.0000,8827.9,0.0775,5,0
64.5946,0.713068,59.992761,-0.007756,0.0000,1.0000,8833.1,0.0753,5,0
64.6008,0.713068,59.992766,-0.007757,0.0000,1.0000,8838.9,0.0733,5,0
64.6070,0.713068,59.992772,-0.007758,0.0000,1.0000,8844.9,0.0712,5,0
64.6131,0.714651,59.992778,-0.007759,0.0000,1.0000,8850.6,0.0691,5,0
64.6198,0.714651,59.992783,-0.007760,0.0000,1.0000,8854.7,0.0672,5,0
64.6268,0.714651,59.992789,-0.007761,0.0000,1.0000,8860.0,0.0652,5,0
64.6337,0.714651,59.992794,-0.007762,0.0000,1.0000,8862.3,0.0634,5,0
64.6405,0.714651,59.992800,-0.007763,0.0000,1.0000,8865.4,0.0617,5,0
64.6476,0.714651,59.992806,-0.007764,0.0000,1.0000,8869.5,0.0604,5,0
64.6556,0.714651,59.992812,-0.007764,0.0000,1.0000,8871.5,0.0593,5,0
64.6634,0.714651,59.992818,-0.007765,0.0000,1.0000,8871.8,0.0587,5,0
64.6715,0.714651,59.992824,-0.007766,0.0000,1.0000,8871.5,0.0584,5,0
64.6805,0.714651,59.992830,-0.007767,0.0000,1.0000,8869.8,0.0585,5,0
64.6886,0.716235,59.992836,-0.007767,0.0000,1.0000,8870.7,0.0589,5,0
64.6972,0.716235,59.992842,-0.007768,0.0000,1.0000,8867.6,0.0597,5,0
64.6977,0.716235,59.992848,-0.007769,0.0000,1.0000,8830.8,0.0607,5,0
64.6787,0.716235,59.992854,-0.007770,0.0000,1.0000,8782.6,0.0619,5,0
64.6550,0.716235,59.992860,-0.007770,0.0000,1.0000,8734.6,0.0634,5,0
64.6295,0.716235,59.992866,-0.007771,0.0000,1.0000,8686.7,0.0648,5,0
64.6097,0.716235,59.992871,-0.007771,0.0000,1.0000,8216.0,0.0665,6,0
64.6227,0.716235,59.992877,-0.007772,0.0000,1.0000,7767.6,0.0682,6,0
64.6332,0.716235,59.992882,-0.007772,0.0000,1.0000,7760.2,0.0700,6,0
64.6410,0.716235,59.992888,-0.007773,0.0000,1.0000,7760.3,0.0716,6,0
64.6497,0.717817,59.992894,-0.007773,0.0000,1.0000,7756.8,0.0732,6,0
64.6574,0.717817,59.992899,-0.007774,0.0000,1.0000,7757.6,0.0746,6,0
64.6634,0.717817,59.992905,-0.007774,0.0000,1.0000,7763.8,0.0759,6,0
64.6695,0.717817,59.992910,-0.007775,0.0000,1.0000,7767.0,0.0767,6,0
64.6771,0.717817,59.992916,-0.007775,0.0000,1.0000,7765.3,0.0775,6,0
64.6827,0.717817,59.992922,-0.007776,0.0000,1.0000,7770.2,0.0780,6,0
64.6888,0.717817,59.992928,-0.007776,0.0000,1.0000,7771.1,0.0782,6,0
64.6952,0.717817,59.992934,-0.007776,0.0000,1.0000,7771.0,0.0784,6,0
64.7012,0.717817,59.992940,-0.007776,0.0000,1.0000,7773.5,0.0781,6,0
64.7067,0.717817,59.992947,-0.007777,0.0000,1.0000,7777.1,0.0776,6,0
64.7140,0.719398,59.992953,-0.007777,0.0000,1.0000,7775.9,0.0770,6,0
64.7222,0.719398,59.992959,-0.007777,0.0000,1.0000,7771.9,0.0761,6,0
64.7287,0.719398,59.992965,-0.007778,0.0000,1.0000,7771.8,0.0749,6,0
64.7359,0.719398,59.992971,-0.007778,0.0000,1.0000,7770.7,0.0736,6,0
64.7432,0.719398,59.992977,-0.007778,0.0000,1.0000,7767.9,0.0719,6,0
64.7493,0.719398,59.992983,-0.007778,0.0000,1.0000,7771.1,0.0699,6,0
64.7563,0.719398,59.992988,-0.007778,0.0000,1.0000,7770.5,0.0677,6,0
64.7640,0.719398,59.992994,-0.007778,0.0000,1.0000,7766.8,0.0650,6,0
64.7715,0.719398,59.993000,-0.007778,0.0000,1.0000,7766.4,0.0618,6,0
64.7790,0.719398,59.993006,-0.007778,0.0000,1.0000,7767.9,0.0583,6,0
64.7858,0.720978,59.993011,-0.007778,0.0000,1.0000,7770.9,0.0545,6,0
64.7938,0.720978,59.993017,-0.007779,0.0000,1.0000,7774.9,0.0499,6,0
64.8020,0.720978,59.993023,-0.007779,0.0000,1.0000,7775.7,0.0454,6,0
64.8107,0.720978,59.993028,-0.007779,0.0000,1.0000,7778.4,0.0408,6,0
64.8202,0.720978,59.993034,-0.007779,0.0000,1.0000,7779.8,0.0360,6,0
64.8309,0.720978,59.993040,-0.007779,0.0000,1.0000,7778.3,0.0313,6,0
64.8416,0.720978,59.993045,-0.007778,0.0000,1.0000,7778.8,0.0267,6,0
64.8536,0.720978,59.993051,-0.007778,0.0000,1.0000,7777.3,0.0223,6,0
64.8664,0.720978,59.993056,-0.007778,0.0000,1.0000,7775.2,0.0181,6,0
64.8797,0.720978,59.993062,-0.007778,0.0000,1.0000,7771.6,0.0143,6,0
64.8910,0.722557,59.993068,-0.007778,0.0000,1.0000,7765.5,0.0105,6,0
64.9004,0.722557,59.993073,-0.007778,0.0000,1.0000,7763.6,0.0065,6,0
64.9109,0.722557,59.993079,-0.007777,0.0000,1.0000,7761.2,0.0027,6,0
64.9223,0.722557,59.993084,-0.007777,0.0000,1.0000,7754.7,-0.0010,6,0
64.9331,0.722557,59.993090,-0.007777,0.0000,1.0000,7749.2,-0.0048,6,0
64.9438,0.722557,59.993096,-0.007777,0.0000,1.0000,7748.1,-0.0086,6,0
64.9557,0.722557,59.993103,-0.007776,0.0000,1.0000,7743.8,-0.0125,6,0
64.9666,0.722557,59.993109,-0.007776,0.0000,1.0000,7740.3,-0.0165,6,0
64.9783,0.722557,59.993115,-0.007776,0.0000,1.0000,7736.7,-0.0204,6,0
64.9905,0.722557,59.993122,-0.007775,0.0000,1.0000,7732.9,-0.0242,6,0
65.0019,0.724137,59.993128,-0.007775,0.0000,1.0000,7729.1,-0.0280,6,0
65.0144,0.724137,59.993134,-0.007775,0.0000,1.0000,7723.6,-0.0316,6,0
65.0276,0.724137,59.993140,-0.007774,0.0000,1.0000,7714.1,-0.0351,6,0
65.0396,0.724137,59.993147,-0.007774,0.0000,1.0000,7707.4,-0.0384,6,0
65.0507,0.724137,59.993153,-0.007774,0.0000,1.0000,7706.5,-0.0414,6,0
65.0654,0.724137,59.993159,-0.007773,0.0000,1.0000,7693.0,-0.0443,6,0
65.0772,0.724137,59.993164,-0.007773,0.0000,1.0000,7686.9,-0.0470,6,0
65.0873,0.724137,59.993170,-0.007773,0.0000,1.0000,7687.8,-0.0497,6,0
65.0999,0.724137,59.993176,-0.007773,0.0000,1.0000,7680.3,-0.0526,6,0
65.1097,0.724137,59.993181,-0.007772,0.0000,1.0000,7681.8,-0.0554,6,0
65.1170,0.725720,59.993187,-0.007772,0.0000,1.0000,7687.0,-0.0581,6,0
65.1244,0.725720,59.993193,-0.007772,0.0000,1.0000,7695.4,-0.0610,6,0
65.1325,0.725720,59.993199,-0.007771,0.0000,1.0000,7698.9,-0.0639,6,0
65.1382,0.725720,59.993204,-0.007771,0.0000,1.0000,7707.2,-0.0667,6,0
65.1426,0.725720,59.993210,-0.007771,0.0000,1.0000,7722.7,-0.0693,6,0
65.1432,0.725720,59.993216,-0.007770,0.0000,1.0000,7745.1,-0.0718,6,0
65.1474,0.725720,59.993221,-0.007770,0.0000,1.0000,7755.9,-0.0738,6,0
65.1530,0.725720,59.993227,-0.007770,0.0000,1.0000,7764.2,-0.0758,6,0
65.1585,0.725720,59.993233,-0.007770,0.0000,1.0000,7769.3,-0.0774,6,0
65.1631,0.725720,59.993239,-0.007770,0.0000,1.0000,7777.4,-0.0789,6,0
65.1696,0.727306,59.993244,-0.007770,0.0000,1.0000,7780.8,-0.0803,6,0
65.1758,0.727306,59.993250,-0.007770,0.0000,1.0000,7783.9,-0.0816,6,0
65.1808,0.727306,59.993256,-0.007769,0.0000,1.0000,7793.0,-0.0826,6,0
65.1869,0.727306,59.993261,-0.007769,0.0000,1.0000,7797.3,-0.0832,6,0
65.1952,0.727306,59.993267,-0.007769,0.0000,1.0000,7798.0,-0.0838,6,0
65.2014,0.727306,59.993273,-0.007769,0.0000,1.0000,7804.7,-0.0842,6,0
65.2083,0.727306,59.993280,-0.007769,0.0000,1.0000,7808.8,-0.0842,6,0
65.2161,0.727306,59.993286,-0.007769,0.0000,1.0000,7811.2,-0.0841,6,0
65.2229,0.727306,59.993292,-0.007769,0.0000,1.0000,7813.7,-0.0840,6,0
65.2286,0.727306,59.993299,-0.007769,0.0000,1.0000,7816.8,-0.0833,6,0
65.2344,0.728898,59.993305,-0.007769,0.0000,1.0000,7818.7,-0.0824,6,0
65.2411,0.728898,59.993311,-0.007769,0.0000,1.0000,7818.2,-0.0808,6,0
65.2465,0.728898,59.993317,-0.007769,0.0000,1.0000,7819.7,-0.0787,6,0
65.2521,0.728898,59.993324,-0.007769,0.0000,1.0000,7824.7,-0.0763,6,0
65.2589,0.728898,59.993330,-0.007770,0.0000,1.0000,7826.7,-0.0736,6,0
65.2649,0.728898,59.993336,-0.007770,0.0000,1.0000,7830.2,-0.0707,6,0
65.2711,0.728898,59.993341,-0.007770,0.0000,1.0000,7833.2,-0.0679,6,0
65.2782,0.728898,59.993347,-0.007770,0.0000,1.0000,7835.4,-0.0651,6,0
65.2850,0.728898,59.993352,-0.007771,0.0000,1.0000,7835.9,-0.0623,6,0
65.2925,0.728898,59.993358,-0.007771,0.0000,1.0000,7838.1,-0.0598,6,0
65.2998,0.730495,59.993363,-0.007771,0.0000,1.0000,7840.5,-0.0576,6,0
65.3084,0.730495,59.993369,-0.007771,0.0000,1.0000,7838.5,-0.0559,6,0
65.3164,0.730495,59.993374,-0.007772,0.0000,1.0000,7837.5,-0.0547,6,0
65.3235,0.730495,59.993380,-0.007772,0.0000,1.0000,7839.8,-0.0542,6,0
65.3324,0.730495,59.993385,-0.007772,0.0000,1.0000,7835.1,-0.0539,6,0
65.3402,0.730495,59.993391,-0.007773,0.0000,1.0000,7833.4,-0.0541,6,0
65.3476,0.730495,59.993397,-0.007773,0.0000,1.0000,7834.6,-0.0549,6,0
65.3564,0.730495,59.993402,-0.007774,0.0000,1.0000,7831.2,-0.0559,6,0
65.3642,0.730495,59.993408,-0.007774,0.0000,1.0000,7828.9,-0.0572,6,0
65.3720,0.730495,59.993414,-0.007775,0.0000,1.0000,7829.3,-0.0589,6,0
65.3805,0.732099,59.993420,-0.007775,0.0000,1.0000,7828.5,-0.0607,6,0
65.3897,0.732099,59.993426,-0.007776,0.0000,1.0000,7824.3,-0.0627,6,0
65.3985,0.732099,59.993431,-0.007776,0.0000,1.0000,7822.3,-0.0649,6,0
65.4076,0.732099,59.993437,-0.007777,0.0000,1.0000,7818.9,-0.0671,6,0
65.4154,0.732099,59.993443,-0.007777,0.0000,1.0000,7815.9,-0.0692,6,0
65.4233,0.732099,59.993449,-0.007778,0.0000,1.0000,7813.8,-0.0714,6,0
65.4313,0.732099,59.993455,-0.007779,0.0000,1.0000,7811.9,-0.0733,6,0
65.4392,0.732099,59.993461,-0.007780,0.0000,1.0000,7808.8,-0.0751,6,0
65.4471,0.732099,59.993467,-0.007780,0.0000,1.0000,7808.4,-0.0766,6,0
65.4550,0.732099,59.993474,-0.007781,0.0000,1.0000,7809.1,-0.0780,6,0
65.4644,0.733704,59.993480,-0.007782,0.0000,1.0000,7806.3,-0.0791,6,0
65.4731,0.733704,59.993486,-0.007783,0.0000,1.0000,7806.2,-0.0800,6,0
65.4823,0.733704,59.993492,-0.007783,0.0000,1.0000,7805.9,-0.0806,6,0
65.4916,0.733704,59.993498,-0.007784,0.0000,1.0000,7803.7,-0.0809,6,0
65.5003,0.733704,59.993504,-0.007785,0.0000,1.0000,7800.9,-0.0808,6,0
65.5087,0.733704,59.993510,-0.007786,0.0000,1.0000,7800.7,-0.0803,6,0
65.5174,0.733704,59.993515,-0.007787,0.0000,1.0000,7799.0,-0.0792,6,0
65.5263,0.733704,59.993521,-0.007787,0.0000,1.0000,7795.6,-0.0776,6,0
65.5347,0.733704,59.993526,-0.007788,0.0000,1.0000,7797.6,-0.0756,6,0
65.5438,0.733704,59.993532,-0.007789,0.0000,1.0000,7798.5,-0.0729,6,0
65.5533,0.735313,59.993538,-0.007790,0.0000,1.0000,7796.9,-0.0700,6,0
65.5625,0.735313,59.993543,-0.007791,0.0000,1.0000,7799.1,-0.0669,6,0
65.5718,0.735313,59.993549,-0.007792,0.0000,1.0000,7801.0,-0.0633,6,0
65.5822,0.735313,59.993554,-0.007793,0.0000,1.0000,7799.0,-0.0595,6,0
65.5919,0.735313,59.993560,-0.007794,0.0000,1.0000,7800.2,-0.0557,6,0
65.6011,0.735313,59.993566,-0.007795,0.0000,1.0000,7804.9,-0.0517,6,0
65.6112,0.735313,59.993572,-0.007796,0.0000,1.0000,7806.2,-0.0476,6,0
65.6236,0.735313,59.993578,-0.007797,0.0000,1.0000,7807.4,-0.0438,6,0
65.6337,0.735313,59.993584,-0.007798,0.0000,1.0000,7809.6,-0.0399,6,0
65.6427,0.735313,59.993590,-0.007799,0.0000,1.0000,7811.3,-0.0361,6,0
65.6525,0.736926,59.993596,-0.007800,0.0000,1.0000,7810.4,-0.0323,6,0
65.6625,0.736926,59.993602,-0.007801,0.0000,1.0000,7812.7,-0.0286,6,0
65.6709,0.736926,59.993608,-0.007803,0.0000,1.0000,7815.9,-0.0249,6,0
65.6805,0.736926,59.993614,-0.007804,0.0000,1.0000,7815.6,-0.0213,6,0
65.6897,0.736926,59.993620,-0.007805,0.0000,1.0000,7818.8,-0.0180,6,0
65.6980,0.736926,59.993626,-0.007806,0.0000,1.0000,7823.9,-0.0147,6,0
65.7065,0.736926,59.993632,-0.007807,0.0000,1.0000,7826.7,-0.0116,6,0
65.7158,0.736926,59.993638,-0.007808,0.0000,1.0000,7830.4,-0.0087,6,0
65.7236,0.736926,59.993644,-0.007810,0.0000,1.0000,7837.6,-0.0059,6,0
65.7328,0.736926,59.993650,-0.007811,0.0000,1.0000,7841.7,-0.0031,6,0
65.7429,0.738539,59.993656,-0.007812,0.0000,1.0000,7845.7,-0.0006,6,0
65.7526,0.738539,59.993662,-0.007813,0.0000,1.0000,7849.8,0.0018,6,0
65.7635,0.738539,59.993668,-0.007815,0.0000,1.0000,7851.4,0.0039,6,0
65.7754,0.738539,59.993674,-0.007816,0.0000,1.0000,7850.9,0.0056,6,0
65.7870,0.738539,59.993680,-0.007817,0.0000,1.0000,7850.0,0.0071,6,0
65.8005,0.738539,59.993686,-0.007818,0.0000,1.0000,7841.1,0.0084,6,0
65.8149,0.738539,59.993691,-0.007820,0.0000,1.0000,7832.2,0.0095,6,0
65.8292,0.738539,59.993697,-0.007821,0.0000,1.0000,7822.4,0.0106,6,0
65.8445,0.738539,59.993702,-0.007822,0.0000,1.0000,7806.9,0.0117,6,0
65.8587,0.738539,59.993708,-0.007824,0.0000,1.0000,7795.7,0.0129,6,0
65.8734,0.740155,59.993714,-0.007825,0.0000,1.0000,7781.9,0.0144,6,0
65.8884,0.740155,59.993719,-0.007826,0.0000,1.0000,7765.8,0.0161,6,0
65.9021,0.740155,59.993725,-0.007828,0.0000,1.0000,7756.1,0.0181,6,0
65.9153,0.740155,59.993730,-0.007829,0.0000,1.0000,7748.2,0.0205,6,0
65.9279,0.740155,59.993736,-0.007830,0.0000,1.0000,7743.4,0.0231,6,0
65.9384,0.740155,59.993742,-0.007832,0.0000,1.0000,7746.0,0.0261,6,0
65.9507,0.740155,59.993748,-0.007833,0.0000,1.0000,7740.6,0.0294,6,0
65.9616,0.740155,59.993754,-0.007834,0.0000,1.0000,7739.1,0.0325,6,0
65.9691,0.740155,59.993760,-0.007836,0.0000,1.0000,7752.1,0.0357,6,0
65.9815,0.740155,59.993766,-0.007837,0.0000,1.0000,7746.1,0.0389,6,0
65.9924,0.741782,59.993773,-0.007838,0.0000,1.0000,7743.9,0.0418,6,0
65.9998,0.741782,59.993779,-0.007839,0.0000,1.0000,7753.9,0.0446,6,0
66.0110,0.741782,59.993785,-0.007841,0.0000,1.0000,7750.8,0.0471,6,0
66.0209,0.741782,59.993791,-0.007842,0.0000,1.0000,7749.1,0.0492,6,0
66.0284,0.741782,59.993797,-0.007843,0.0000,1.0000,7757.0,0.0507,6,0
66.0375,0.741782,59.993803,-0.007845,0.0000,1.0000,7760.1,0.0519,6,0
66.0479,0.741782,59.993809,-0.007846,0.0000,1.0000,7759.0,0.0527,6,0
66.0561,0.741782,59.993814,-0.007847,0.0000,1.0000,7763.3,0.0530,6,0
66.0642,0.741782,59.993820,-0.007848,0.0000,1.0000,7772.4,0.0534,6,0
66.0746,0.741782,59.993826,-0.007849,0.0000,1.0000,7771.8,0.0533,6,0
66.0825,0.743404,59.993832,-0.007850,0.0000,1.0000,7775.2,0.0532,6,0
66.0905,0.743404,59.993838,-0.007852,0.0000,1.0000,7786.3,0.0528,6,0
66.0979,0.743404,59.993843,-0.007853,0.0000,1.0000,7795.7,0.0525,6,0
66.1061,0.743404,59.993849,-0.007854,0.0000,1.0000,7799.3,0.0519,6,0
66.1151,0.743404,59.993855,-0.007855,0.0000,1.0000,7804.8,0.0516,6,0
66.1218,0.743404,59.993861,-0.007856,0.0000,1.0000,7814.1,0.0512,6,0
66.1248,0.743404,59.993867,-0.007857,0.0000,1.0000,7837.1,0.0508,6,0
66.1313,0.743404,59.993873,-0.007858,0.0000,1.0000,7850.4,0.0505,6,0
66.1332,0.743404,59.993879,-0.007859,0.0000,1.0000,7878.4,0.0503,6,0
66.1400,0.743404,59.993885,-0.007860,0.0000,1.0000,7889.5,0.0502,6,0
66.1486,0.745028,59.993892,-0.007861,0.0000,1.0000,7894.2,0.0500,6,0
66.1566,0.745028,59.993898,-0.007862,0.0000,1.0000,7901.6,0.0499,6,0
66.1657,0.745028,59.993904,-0.007863,0.0000,1.0000,7904.0,0.0501,6,0
66.1752,0.745028,59.993910,-0.007864,0.0000,1.0000,7903.2,0.0502,6,0
66.1816,0.745028,59.993916,-0.007865,0.0000,1.0000,7906.9,0.0504,6,0
66.1908,0.745028,59.993922,-0.007866,0.0000,1.0000,7906.3,0.0506,6,0
66.1993,0.745028,59.993927,-0.007867,0.0000,1.0000,7907.2,0.0509,6,0
66.2092,0.745028,59.993933,-0.007868,0.0000,1.0000,7905.7,0.0513,6,0
66.2195,0.745028,59.993939,-0.007869,0.0000,1.0000,7906.5,0.0519,6,0
66.2295,0.745028,59.993944,-0.007869,0.0000,1.0000,7907.5,0.0527,6,0
66.2400,0.746658,59.993950,-0.007870,0.0000,1.0000,7903.8,0.0538,6,0
66.2498,0.746658,59.993956,-0.007871,0.0000,1.0000,7903.1,0.0551,6,0
66.2596,0.746658,59.993962,-0.007872,0.0000,1.0000,7901.8,0.0566,6,0
66.2698,0.746658,59.993967,-0.007873,0.0000,1.0000,7896.7,0.0584,6,0
66.2776,0.746658,59.993973,-0.007874,0.0000,1.0000,7898.1,0.0603,6,0
66.2858,0.746658,59.993979,-0.007874,0.0000,1.0000,7897.1,0.0623,6,0
66.2959,0.746658,59.993985,-0.007875,0.0000,1.0000,7893.2,0.0641,6,0
66.3034,0.746658,59.993991,-0.007875,0.0000,1.0000,7894.0,0.0657,6,0
66.3117,0.746658,59.993997,-0.007876,0.0000,1.0000,7896.3,0.0669,6,0
66.3200,0.746658,59.994003,-0.007877,0.0000,1.0000,7897.4,0.0679,6,0
66.3274,0.748285,59.994010,-0.007877,0.0000,1.0000,7901.1,0.0688,6,0
66.3365,0.748285,59.994016,-0.007878,0.0000,1.0000,7905.2,0.0695,6,0
66.3451,0.748285,59.994022,-0.007879,0.0000,1.0000,7908.5,0.0702,6,0
66.3526,0.748285,59.994028,-0.007879,0.0000,1.0000,7912.4,0.0711,6,0
66.3616,0.748285,59.994034,-0.007880,0.0000,1.0000,7916.7,0.0719,6,0
66.3699,0.748285,59.994040,-0.007880,0.0000,1.0000,7919.0,0.0727,6,0
66.3782,0.748285,59.994046,-0.007881,0.0000,1.0000,7920.1,0.0736,6,0
66.3859,0.748285,59.994052,-0.007881,0.0000,1.0000,7923.4,0.0743,6,0
66.3940,0.748285,59.994058,-0.007882,0.0000,1.0000,7925.7,0.0748,6,0
66.4024,0.748285,59.994065,-0.007882,0.0000,1.0000,7927.4,0.0753,6,0
66.4110,0.749913,59.994071,-0.007882,0.0000,1.0000,7930.0,0.0753,6,0
66.4198,0.749913,59.994077,-0.007883,0.0000,1.0000,7931.6,0.0752,6,0
66.4292,0.749913,59.994083,-0.007883,0.0000,1.0000,7933.4,0.0750,6,0
66.4386,0.749913,59.994089,-0.007884,0.0000,1.0000,7937.0,0.0744,6,0
66.4474,0.749913,59.994095,-0.007884,0.0000,1.0000,7938.5,0.0737,6,0
66.4575,0.749913,59.994101,-0.007884,0.0000,1.0000,7938.6,0.0729,6,0
66.4666,0.749913,59.994106,-0.007885,0.0000,1.0000,7941.8,0.0718,6,0
66.4758,0.749913,59.994112,-0.007885,0.0000,1.0000,7942.9,0.0705,6,0
66.4854,0.749913,59.994118,-0.007885,0.0000,1.0000,7945.0,0.0694,6,0
66.4964,0.749913,59.994124,-0.007885,0.0000,1.0000,7944.8,0.0682,6,0
66.5076,0.751545,59.994129,-0.007886,0.0000,1.0000,7946.2,0.0672,6,0
66.5186,0.751545,59.994135,-0.007886,0.0000,1.0000,7947.7,0.0666,6,0
66.5303,0.751545,59.994141,-0.007886,0.0000,1.0000,7943.4,0.0662,6,0
66.5414,0.751545,59.994146,-0.007886,0.0000,1.0000,7941.9,0.0662,6,0
66.5521,0.751545,59.994152,-0.007887,0.0000,1.0000,7941.2,0.0667,6,0
66.5633,0.751545,59.994158,-0.007887,0.0000,1.0000,7936.3,0.0677,6,0
66.5722,0.751545,59.994164,-0.007887,0.0000,1.0000,7936.4,0.0689,6,0
66.5807,0.751545,59.994170,-0.007887,0.0000,1.0000,7939.0,0.0703,6,0
66.5899,0.751545,59.994176,-0.007887,0.0000,1.0000,7935.0,0.0720,6,0
66.5992,0.751545,59.994183,-0.007887,0.0000,1.0000,7933.3,0.0735,6,0
66.6069,0.753177,59.994189,-0.007887,0.0000,1.0000,7936.4,0.0751,6,0
66.6163,0.753177,59.994195,-0.007887,0.0000,1.0000,7937.2,0.0768,6,0
66.6253,0.753177,59.994201,-0.007887,0.0000,1.0000,7938.0,0.0784,6,0
66.6330,0.753177,59.994207,-0.007887,0.0000,1.0000,7941.1,0.0802,6,0
66.6419,0.753177,59.994213,-0.007887,0.0000,1.0000,7941.9,0.0820,6,0
66.6509,0.753177,59.994219,-0.007887,0.0000,1.0000,7940.5,0.0837,6,0
66.6589,0.753177,59.994225,-0.007887,0.0000,1.0000,7944.0,0.0854,6,0
66.6677,0.753177,59.994231,-0.007887,0.0000,1.0000,7945.9,0.0873,6,0
66.6766,0.753177,59.994237,-0.007886,0.0000,1.0000,7947.6,0.0891,6,0
66.6850,0.753177,59.994243,-0.007886,0.0000,1.0000,7951.2,0.0909,6,0
66.6934,0.754809,59.994250,-0.007886,0.0000,1.0000,7955.0,0.0928,6,0
66.7021,0.754809,59.994256,-0.007886,0.0000,1.0000,7956.8,0.0946,6,0
66.7101,0.754809,59.994262,-0.007886,0.0000,1.0000,7960.3,0.0962,6,0
66.7186,0.754809,59.994268,-0.007886,0.0000,1.0000,7964.4,0.0978,6,0
66.7281,0.754809,59.994274,-0.007886,0.0000,1.0000,7965.2,0.0992,6,0
66.7362,0.754809,59.994280,-0.007885,0.0000,1.0000,7969.4,0.1003,6,0
66.7449,0.754809,59.994286,-0.007885,0.0000,1.0000,7972.7,0.1015,6,0
66.7540,0.754809,59.994292,-0.007884,0.0000,1.0000,7974.0,0.1023,6,0
66.7613,0.754809,59.994298,-0.007884,0.0000,1.0000,7976.7,0.1028,6,0
66.7697,0.754809,59.994304,-0.007884,0.0000,1.0000,7978.0,0.1032,6,0
66.7782,0.756442,59.994311,-0.007883,0.0000,1.0000,7979.5,0.1033,6,0
66.7858,0.756442,59.994317,-0.007883,0.0000,1.0000,7983.2,0.1030,6,0
66.7938,0.756442,59.994323,-0.007883,0.0000,1.0000,7984.5,0.1026,6,0
66.8024,0.756442,59.994329,-0.007882,0.0000,1.0000,7987.0,0.1018,6,0
66.8103,0.756442,59.994335,-0.007882,0.0000,1.0000,7988.4,0.1006,6,0
66.8182,0.756442,59.994341,-0.007881,0.0000,1.0000,7991.9,0.0995,6,0
66.8271,0.756442,59.994346,-0.007881,0.0000,1.0000,7993.9,0.0982,6,0
66.8351,0.756442,59.994352,-0.007880,0.0000,1.0000,7997.3,0.0968,6,0
66.8438,0.756442,59.994358,-0.007880,0.0000,1.0000,7999.7,0.0957,6,0
66.8529,0.756442,59.994363,-0.007879,0.0000,1.0000,8003.4,0.0947,6,0
66.8616,0.758080,59.994369,-0.007878,0.0000,1.0000,8003.7,0.0938,6,0
66.8699,0.758080,59.994375,-0.007878,0.0000,1.0000,8005.7,0.0932,6,0
66.8785,0.758080,59.994381,-0.007877,0.0000,1.0000,8006.8,0.0928,6,0
66.8871,0.758080,59.994386,-0.007877,0.0000,1.0000,8006.2,0.0926,6,0
66.8947,0.758080,59.994392,-0.007876,0.0000,1.0000,8007.4,0.0925,6,0
66.9026,0.758080,59.994398,-0.007875,0.0000,1.0000,8012.1,0.0927,6,0
66.9103,0.758080,59.994404,-0.007875,0.0000,1.0000,8014.2,0.0929,6,0
66.9186,0.758080,59.994410,-0.007874,0.0000,1.0000,8013.5,0.0934,6,0
66.9262,0.758080,59.994416,-0.007873,0.0000,1.0000,8018.6,0.0940,6,0
66.9350,0.758080,59.994422,-0.007872,0.0000,1.0000,8017.8,0.0947,6,0
66.9432,0.759718,59.994429,-0.007871,0.0000,1.0000,8018.7,0.0955,6,0
66.9518,0.759718,59.994435,-0.007870,0.0000,1.0000,8022.4,0.0966,6,0
66.9610,0.759718,59.994441,-0.007870,0.0000,1.0000,8023.8,0.0976,6,0
66.9697,0.759718,59.994447,-0.007869,0.0000,1.0000,8022.7,0.0987,6,0
66.9789,0.759718,59.994453,-0.007868,0.0000,1.0000,8024.5,0.1000,6,0
66.9881,0.759718,59.994459,-0.007867,0.0000,1.0000,8026.7,0.1013,6,0
66.9965,0.759718,59.994465,-0.007866,0.0000,1.0000,8026.4,0.1026,6,0
67.0046,0.759718,59.994471,-0.007865,0.0000,1.0000,8028.1,0.1040,6,0
67.0130,0.759718,59.994477,-0.007864,0.0000,1.0000,8029.9,0.1052,6,0
67.0209,0.759718,59.994484,-0.007863,0.0000,1.0000,8029.6,0.1061,6,0
67.0301,0.761357,59.994490,-0.007862,0.0000,1.0000,8028.7,0.1070,6,0
67.0380,0.761357,59.994496,-0.007861,0.0000,1.0000,8031.4,0.1073,6,0
67.0469,0.761357,59.994502,-0.007860,0.0000,1.0000,8029.4,0.1075,6,0
67.0562,0.761357,59.994508,-0.007859,0.0000,1.0000,8027.4,0.1074,6,0
67.0639,0.761357,59.994514,-0.007858,0.0000,1.0000,8032.3,0.1069,6,0
67.0720,0.761357,59.994520,-0.007856,0.0000,1.0000,8030.3,0.1061,6,0
67.0810,0.761357,59.994525,-0.007855,0.0000,1.0000,8028.2,0.1051,6,0
67.0876,0.761357,59.994531,-0.007854,0.0000,1.0000,8032.2,0.1036,6,0
67.0956,0.761357,59.994536,-0.007852,0.0000,1.0000,8031.0,0.1018,6,0
67.1054,0.761357,59.994542,-0.007851,0.0000,1.0000,8027.4,0.0999,6,0
67.1150,0.763001,59.994548,-0.007850,0.0000,1.0000,8025.3,0.0977,6,0
67.1232,0.763001,59.994553,-0.007849,0.0000,1.0000,8025.9,0.0953,6,0
67.1319,0.763001,59.994559,-0.007847,0.0000,1.0000,8029.4,0.0929,6,0
67.1407,0.763001,59.994564,-0.007846,0.0000,1.0000,8031.2,0.0905,6,0
67.1495,0.763001,59.994570,-0.007845,0.0000,1.0000,8032.6,0.0878,6,0
67.1578,0.763001,59.994576,-0.007843,0.0000,1.0000,8035.2,0.0852,6,0
67.1676,0.763001,59.994583,-0.007842,0.0000,1.0000,8036.9,0.0827,6,0
67.1771,0.763001,59.994589,-0.007840,0.0000,1.0000,8039.5,0.0803,6,0
67.1873,0.763001,59.994595,-0.007839,0.0000,1.0000,8041.5,0.0783,6,0
67.1983,0.763001,59.994602,-0.007837,0.0000,1.0000,8042.1,0.0766,6,0
67.2084,0.764644,59.994608,-0.007836,0.0000,1.0000,8044.5,0.0749,6,0
67.2191,0.764644,59.994614,-0.007834,0.0000,1.0000,8042.7,0.0736,6,0
67.2296,0.764644,59.994620,-0.007833,0.0000,1.0000,8041.4,0.0728,6,0
67.2402,0.764644,59.994627,-0.007831,0.0000,1.0000,8041.3,0.0718,6,0
67.2504,0.764644,59.994633,-0.007830,0.0000,1.0000,8039.9,0.0713,6,0
67.2604,0.764644,59.994639,-0.007828,0.0000,1.0000,8038.7,0.0708,6,0
67.2697,0.764644,59.994645,-0.007826,0.0000,1.0000,8039.7,0.0704,6,0
67.2790,0.764644,59.994651,-0.007825,0.0000,1.0000,8041.7,0.0700,6,0
67.2884,0.764644,59.994657,-0.007823,0.0000,1.0000,8041.8,0.0695,6,0
67.2977,0.764644,59.994664,-0.007821,0.0000,1.0000,8044.0,0.0689,6,0
67.3074,0.766291,59.994670,-0.007820,0.0000,1.0000,8047.8,0.0683,6,0
67.3180,0.766291,59.994676,-0.007818,0.0000,1.0000,8046.6,0.0679,6,0
67.3278,0.766291,59.994682,-0.007816,0.0000,1.0000,8048.3,0.0675,6,0
67.3375,0.766291,59.994688,-0.007814,0.0000,1.0000,8050.3,0.0672,6,0
67.3473,0.766291,59.994694,-0.007813,0.0000,1.0000,8050.5,0.0675,6,0
67.3567,0.766291,59.994700,-0.007811,0.0000,1.0000,8052.2,0.0678,6,0
67.3659,0.766291,59.994706,-0.007809,0.0000,1.0000,8056.1,0.0684,6,0
67.3750,0.766291,59.994712,-0.007807,0.0000,1.0000,8058.9,0.0694,6,0
67.3851,0.766291,59.994718,-0.007805,0.0000,1.0000,8058.7,0.0706,6,0
67.3949,0.766291,59.994725,-0.007803,0.0000,1.0000,8061.7,0.0719,6,0
67.4048,0.767941,59.994731,-0.007801,0.0000,1.0000,8064.5,0.0735,6,0
67.4153,0.767941,59.994737,-0.007799,0.0000,1.0000,8066.1,0.0753,6,0
67.4264,0.767941,59.994743,-0.007797,0.0000,1.0000,8069.1,0.0772,6,0
67.4367,0.767941,59.994749,-0.007795,0.0000,1.0000,8069.1,0.0794,6,0
67.4486,0.767941,59.994755,-0.007793,0.0000,1.0000,8067.6,0.0818,6,0
67.4599,0.767941,59.994761,-0.007791,0.0000,1.0000,8066.3,0.0843,6,0
67.4719,0.767941,59.994766,-0.007789,0.0000,1.0000,8065.3,0.0871,6,0
67.4843,0.767941,59.994772,-0.007787,0.0000,1.0000,8061.1,0.0899,6,0
67.4941,0.767941,59.994778,-0.007785,0.0000,1.0000,8060.9,0.0928,6,0
67.5062,0.767941,59.994783,-0.007783,0.0000,1.0000,8056.4,0.0957,6,0
67.5160,0.769594,59.994789,-0.007780,0.0000,1.0000,8054.7,0.0984,6,0
67.5235,0.769594,59.994795,-0.007778,0.0000,1.0000,8056.8,0.1007,6,0
67.5323,0.769594,59.994801,-0.007776,0.0000,1.0000,8058.9,0.1028,6,0
67.5428,0.769594,59.994806,-0.007774,0.0000,1.0000,8054.0,0.1044,6,0
67.5507,0.769594,59.994812,-0.007772,0.0000,1.0000,8057.6,0.1054,6,0
67.5594,0.769594,59.994818,-0.007769,0.0000,1.0000,8060.0,0.1061,6,0
67.5687,0.769594,59.994824,-0.007767,0.0000,1.0000,8059.0,0.1062,6,0
67.5768,0.769594,59.994830,-0.007765,0.0000,1.0000,8061.1,0.1058,6,0
67.5860,0.769594,59.994836,-0.007762,0.0000,1.0000,8064.0,0.1050,6,0
67.5947,0.769594,59.994842,-0.007760,0.0000,1.0000,8063.4,0.1039,6,0
67.6024,0.771248,59.994849,-0.007758,0.0000,1.0000,8066.3,0.1021,6,0
67.6097,0.771248,59.994855,-0.007755,0.0000,1.0000,8071.7,0.1004,6,0
67.6175,0.771248,59.994861,-0.007753,0.0000,1.0000,8076.2,0.0984,6,0
67.6244,0.771248,59.994867,-0.007751,0.0000,1.0000,8079.7,0.0964,6,0
67.6312,0.771248,59.994873,-0.007748,0.0000,1.0000,8088.0,0.0945,6,0
67.6386,0.771248,59.994879,-0.007746,0.0000,1.0000,8092.8,0.0928,6,0
67.6456,0.771248,59.994884,-0.007743,0.0000,1.0000,8097.5,0.0911,6,0
67.6529,0.771248,59.994890,-0.007740,0.0000,1.0000,8103.7,0.0895,6,0
67.6609,0.771248,59.994896,-0.007738,0.0000,1.0000,8110.7,0.0882,6,0
67.6691,0.771248,59.994901,-0.007735,0.0000,1.0000,8116.1,0.0871,6,0
67.6782,0.772905,59.994907,-0.007733,0.0000,1.0000,8117.6,0.0860,6,0
67.6866,0.772905,59.994913,-0.007730,0.0000,1.0000,8123.1,0.0850,6,0
67.6947,0.772905,59.994919,-0.007727,0.0000,1.0000,8125.6,0.0840,6,0
67.7035,0.772905,59.994924,-0.007725,0.0000,1.0000,8127.3,0.0829,6,0
67.7125,0.772905,59.994930,-0.007722,0.0000,1.0000,8128.8,0.0817,6,0
67.7205,0.772905,59.994936,-0.007719,0.0000,1.0000,8131.9,0.0803,6,0
67.7293,0.772905,59.994942,-0.007717,0.0000,1.0000,8132.5,0.0787,6,0
67.7387,0.772905,59.994948,-0.007714,0.0000,1.0000,8134.1,0.0771,6,0
67.7467,0.772905,59.994954,-0.007711,0.0000,1.0000,8136.4,0.0753,6,0
67.7564,0.772905,59.994960,-0.007708,0.0000,1.0000,8137.5,0.0734,6,0
67.7655,0.774562,59.994966,-0.007705,0.0000,1.0000,8138.0,0.0717,6,0
67.7764,0.774562,59.994972,-0.007702,0.0000,1.0000,8137.8,0.0700,6,0
67.7848,0.774562,59.994978,-0.007700,0.0000,1.0000,8138.3,0.0684,6,0
67.7937,0.774562,59.994984,-0.007697,0.0000,1.0000,8140.1,0.0671,6,0
67.8045,0.774562,59.994990,-0.007694,0.0000,1.0000,8137.1,0.0660,6,0
67.8125,0.774562,59.994996,-0.007691,0.0000,1.0000,8138.5,0.0650,6,0
67.8202,0.774562,59.995002,-0.007688,0.0000,1.0000,8141.8,0.0644,6,0
67.8310,0.774562,59.995008,-0.007685,0.0000,1.0000,8137.7,0.0641,6,0
67.8399,0.774562,59.995014,-0.007681,0.0000,1.0000,8138.8,0.0639,6,0
67.8483,0.774562,59.995020,-0.007678,0.0000,1.0000,8141.2,0.0640,6,0
67.8587,0.776225,59.995026,-0.007675,0.0000,1.0000,8139.2,0.0642,6,0
67.8672,0.776225,59.995032,-0.007672,0.0000,1.0000,8140.2,0.0645,6,0
67.8753,0.776225,59.995038,-0.007669,0.0000,1.0000,8144.7,0.0650,6,0
67.8860,0.776225,59.995044,-0.007666,0.0000,1.0000,8140.6,0.0655,6,0
67.8936,0.776225,59.995050,-0.007663,0.0000,1.0000,8141.0,0.0658,6,0
67.9022,0.776225,59.995056,-0.007660,0.0000,1.0000,8144.2,0.0663,6,0
67.9128,0.776225,59.995062,-0.007656,0.0000,1.0000,8141.1,0.0667,6,0
67.9229,0.776225,59.995068,-0.007653,0.0000,1.0000,8141.9,0.0670,6,0
67.9329,0.776225,59.995074,-0.007650,0.0000,1.0000,8142.6,0.0674,6,0
67.9440,0.776225,59.995080,-0.007646,0.0000,1.0000,8139.7,0.0674,6,0
67.9548,0.777887,59.995086,-0.007643,0.0000,1.0000,8138.2,0.0676,6,0
67.9657,0.777887,59.995092,-0.007639,0.0000,1.0000,8137.6,0.0677,6,0
67.9767,0.777887,59.995098,-0.007636,0.0000,1.0000,8135.2,0.0674,6,0
67.9870,0.777887,59.995104,-0.007633,0.0000,1.0000,8130.6,0.0667,6,0
67.9971,0.777887,59.995110,-0.007629,0.0000,1.0000,8128.1,0.0657,6,0
68.0074,0.777887,59.995116,-0.007626,0.0000,1.0000,8126.3,0.0638,6,0
68.0169,0.777887,59.995121,-0.007622,0.0000,1.0000,8123.9,0.0611,6,0
68.0261,0.777887,59.995127,-0.007619,0.0000,1.0000,8126.3,0.0576,6,0
68.0366,0.777887,59.995133,-0.007615,0.0000,1.0000,8128.6,0.0531,6,0
68.0464,0.777887,59.995138,-0.007612,0.0000,1.0000,8130.4,0.0478,6,0
68.0581,0.779555,59.995144,-0.007608,0.0000,1.0000,8128.4,0.0422,6,0
68.0696,0.779555,59.995150,-0.007605,0.0000,1.0000,8131.9,0.0356,6,0
68.0836,0.779555,59.995156,-0.007601,0.0000,1.0000,8132.1,0.0287,6,0
68.0984,0.779555,59.995161,-0.007597,0.0000,1.0000,8131.4,0.0216,6,0
68.1087,0.779555,59.995167,-0.007594,0.0000,1.0000,8134.3,0.0140,6,0
68.1187,0.779555,59.995173,-0.007590,0.0000,1.0000,8139.5,0.0064,6,0
68.1304,0.779555,59.995178,-0.007586,0.0000,1.0000,8143.1,-0.0006,6,0
68.1428,0.779555,59.995184,-0.007583,0.0000,1.0000,8143.6,-0.0071,6,0
68.1551,0.779555,59.995190,-0.007579,0.0000,1.0000,8144.0,-0.0129,6,0
68.1681,0.779555,59.995196,-0.007575,0.0000,1.0000,8144.0,-0.0175,6,0
68.1825,0.781222,59.995201,-0.007571,0.0000,1.0000,8140.4,-0.0211,6,0
68.1960,0.781222,59.995207,-0.007567,0.0000,1.0000,8137.3,-0.0235,6,0
68.2106,0.781222,59.995213,-0.007564,0.0000,1.0000,8130.9,-0.0249,6,0
68.2252,0.781222,59.995218,-0.007560,0.0000,1.0000,8123.1,-0.0255,6,0
68.2400,0.781222,59.995224,-0.007556,0.0000,1.0000,8112.7,-0.0257,6,0
68.2546,0.781222,59.995230,-0.007552,0.0000,1.0000,8106.1,-0.0255,6,0
68.2692,0.781222,59.995236,-0.007548,0.0000,1.0000,8097.3,-0.0252,6,0
68.2853,0.781222,59.995242,-0.007545,0.0000,1.0000,8084.7,-0.0250,6,0
68.2997,0.781222,59.995248,-0.007541,0.0000,1.0000,8078.3,-0.0248,6,0
68.3156,0.781222,59.995255,-0.007537,0.0000,1.0000,8066.8,-0.0248,6,0
68.3328,0.782896,59.995261,-0.007533,0.0000,1.0000,8050.4,-0.0250,6,0
68.3494,0.782896,59.995267,-0.007529,0.0000,1.0000,8038.1,-0.0255,6,0
68.3651,0.782896,59.995273,-0.007525,0.0000,1.0000,8026.9,-0.0264,6,0
68.3799,0.782896,59.995279,-0.007522,0.0000,1.0000,8018.9,-0.0276,6,0
68.3894,0.782896,59.995285,-0.007518,0.0000,1.0000,8031.0,-0.0293,6,0
68.4014,0.782896,59.995291,-0.007514,0.0000,1.0000,8032.4,-0.0314,6,0
68.4141,0.782896,59.995296,-0.007510,0.0000,1.0000,8029.3,-0.0339,6,0
68.4245,0.782896,59.995302,-0.007506,0.0000,1.0000,8037.8,-0.0369,6,0
68.4340,0.782896,59.995308,-0.007503,0.0000,1.0000,8045.9,-0.0401,6,0
68.4474,0.782896,59.995314,-0.007499,0.0000,1.0000,8039.7,-0.0434,6,0
68.4574,0.784583,59.995319,-0.007495,0.0000,1.0000,8044.7,-0.0469,6,0
68.4663,0.784583,59.995325,-0.007491,0.0000,1.0000,8052.2,-0.0505,6,0
68.4771,0.784583,59.995331,-0.007487,0.0000,1.0000,8049.6,-0.0537,6,0
68.4872,0.784583,59.995336,-0.007484,0.0000,1.0000,8054.8,-0.0568,6,0
68.4962,0.784583,59.995342,-0.007480,0.0000,1.0000,8060.4,-0.0599,6,0
68.5075,0.784583,59.995348,-0.007476,0.0000,1.0000,8057.0,-0.0622,6,0
68.5174,0.784583,59.995354,-0.007472,0.0000,1.0000,8061.0,-0.0642,6,0
68.5229,0.784583,59.995360,-0.007469,0.0000,1.0000,8070.7,-0.0657,6,0
68.5303,0.784583,59.995366,-0.007465,0.0000,1.0000,8083.9,-0.0665,6,0
68.5350,0.784583,59.995373,-0.007462,0.0000,1.0000,8106.0,-0.0671,6,0
68.5440,0.786268,59.995379,-0.007458,0.0000,1.0000,8110.5,-0.0676,6,0
68.5481,0.786268,59.995385,-0.007454,0.0000,1.0000,8133.5,-0.0675,6,0
68.5551,0.786268,59.995391,-0.007451,0.0000,1.0000,8150.4,-0.0674,6,0
68.5641,0.786268,59.995397,-0.007447,0.0000,1.0000,8158.9,-0.0670,6,0
68.5743,0.786268,59.995403,-0.007443,0.0000,1.0000,8163.7,-0.0663,6,0
68.5831,0.786268,59.995409,-0.007440,0.0000,1.0000,8170.6,-0.0655,6,0
68.5943,0.786268,59.995414,-0.007436,0.0000,1.0000,8172.4,-0.0645,6,0
68.6040,0.786268,59.995420,-0.007433,0.0000,1.0000,8174.4,-0.0635,6,0
68.6128,0.786268,59.995426,-0.007429,0.0000,1.0000,8178.9,-0.0626,6,0
68.6218,0.786268,59.995432,-0.007426,0.0000,1.0000,8179.9,-0.0616,6,0
68.6324,0.787958,59.995437,-0.007423,0.0000,1.0000,8178.3,-0.0605,6,0
68.6412,0.787958,59.995443,-0.007419,0.0000,1.0000,8183.1,-0.0596,6,0
68.6507,0.787958,59.995449,-0.007416,0.0000,1.0000,8185.3,-0.0588,6,0
68.6614,0.787958,59.995454,-0.007412,0.0000,1.0000,8183.4,-0.0581,6,0
68.6709,0.787958,59.995460,-0.007409,0.0000,1.0000,8187.6,-0.0577,6,0
68.6797,0.787958,59.995466,-0.007405,0.0000,1.0000,8189.7,-0.0574,6,0
68.6902,0.787958,59.995472,-0.007402,0.0000,1.0000,8189.0,-0.0572,6,0
68.6995,0.787958,59.995478,-0.007399,0.0000,1.0000,8191.5,-0.0574,6,0
68.7083,0.787958,59.995484,-0.007396,0.0000,1.0000,8192.8,-0.0579,6,0
68.7194,0.787958,59.995490,-0.007392,0.0000,1.0000,8192.2,-0.0586,6,0
68.7284,0.789652,59.995496,-0.007389,0.0000,1.0000,8196.9,-0.0596,6,0
68.7376,0.789652,59.995502,-0.007386,0.0000,1.0000,8199.9,-0.0610,6,0
68.7479,0.789652,59.995508,-0.007383,0.0000,1.0000,8197.3,-0.0623,6,0
68.7577,0.789652,59.995514,-0.007379,0.0000,1.0000,8197.7,-0.0638,6,0
68.7669,0.789652,59.995520,-0.007376,0.0000,1.0000,8198.4,-0.0654,6,0
68.7765,0.789652,59.995526,-0.007373,0.0000,1.0000,8199.5,-0.0668,6,0
68.7871,0.789652,59.995532,-0.007370,0.0000,1.0000,8198.8,-0.0681,6,0
68.7968,0.789652,59.995538,-0.007367,0.0000,1.0000,8202.1,-0.0694,6,0
68.8081,0.789652,59.995544,-0.007364,0.0000,1.0000,8201.0,-0.0704,6,0
68.8191,0.789652,59.995550,-0.007361,0.0000,1.0000,8200.8,-0.0713,6,0
68.8308,0.791344,59.995556,-0.007358,0.0000,1.0000,8204.0,-0.0721,6,0
68.8434,0.791344,59.995562,-0.007354,0.0000,1.0000,8201.8,-0.0728,6,0
68.8562,0.791344,59.995568,-0.007351,0.0000,1.0000,8199.9,-0.0735,6,0
68.8674,0.791344,59.995574,-0.007348,0.0000,1.0000,8203.0,-0.0743,6,0
68.8792,0.791344,59.995580,-0.007345,0.0000,1.0000,8200.6,-0.0750,6,0
68.8905,0.791344,59.995586,-0.007342,0.0000,1.0000,8199.1,-0.0755,6,0
68.8997,0.791344,59.995592,-0.007340,0.0000,1.0000,8200.8,-0.0757,6,0
68.9096,0.791344,59.995598,-0.007337,0.0000,1.0000,8196.1,-0.0757,6,0
68.9187,0.791344,59.995604,-0.007334,0.0000,1.0000,8197.4,-0.0751,6,0
68.9278,0.791344,59.995610,-0.007331,0.0000,1.0000,8198.7,-0.0739,6,0
68.9370,0.793033,59.995616,-0.007328,0.0000,1.0000,8200.4,-0.0722,6,0
68.9476,0.793033,59.995622,-0.007325,0.0000,1.0000,8199.4,-0.0699,6,0
68.9572,0.793033,59.995628,-0.007322,0.0000,1.0000,8204.9,-0.0671,6,0
68.9687,0.793033,59.995634,-0.007319,0.0000,1.0000,8206.5,-0.0635,6,0
68.9807,0.793033,59.995640,-0.007316,0.0000,1.0000,8206.0,-0.0595,6,0
68.9915,0.793033,59.995646,-0.007314,0.0000,1.0000,8209.4,-0.0552,6,0
69.0033,0.793033,59.995652,-0.007311,0.0000,1.0000,8211.8,-0.0503,6,0
69.0152,0.793033,59.995658,-0.007308,0.0000,1.0000,8215.0,-0.0456,6,0
69.0268,0.793033,59.995664,-0.007306,0.0000,1.0000,8219.8,-0.0410,6,0
69.0410,0.793033,59.995670,-0.007303,0.0000,1.0000,8220.0,-0.0364,6,0
69.0541,0.794722,59.995676,-0.007300,0.0000,1.0000,8219.1,-0.0322,6,0
69.0683,0.794722,59.995682,-0.007297,0.0000,1.0000,8221.1,-0.0284,6,0
69.0826,0.794722,59.995688,-0.007295,0.0000,1.0000,8219.6,-0.0250,6,0
69.0972,0.794722,59.995694,-0.007292,0.0000,1.0000,8214.5,-0.0221,6,0
69.1110,0.794722,59.995700,-0.007289,0.0000,1.0000,8212.0,-0.0193,6,0
69.1228,0.794722,59.995706,-0.007287,0.0000,1.0000,8212.7,-0.0169,6,0
69.1353,0.794722,59.995712,-0.007284,0.0000,1.0000,8206.1,-0.0146,6,0
69.1479,0.794722,59.995718,-0.007282,0.0000,1.0000,8204.3,-0.0126,6,0
69.1589,0.794722,59.995724,-0.007279,0.0000,1.0000,8203.9,-0.0104,6,0
69.1723,0.794722,59.995730,-0.007277,0.0000,1.0000,8194.5,-0.0081,6,0
69.1847,0.796411,59.995736,-0.007274,0.0000,1.0000,8192.0,-0.0054,6,0
69.1965,0.796411,59.995742,-0.007271,0.0000,1.0000,8193.6,-0.0024,6,0
69.2066,0.796411,59.995748,-0.007269,0.0000,1.0000,8202.6,0.0006,6,0
69.2174,0.796411,59.995754,-0.007266,0.0000,1.0000,8212.9,0.0037,6,0
69.2292,0.796411,59.995760,-0.007264,0.0000,1.0000,8220.9,0.0065,6,0
69.2405,0.796411,59.995766,-0.007261,0.0000,1.0000,8225.9,0.0093,6,0
69.2533,0.796411,59.995773,-0.007259,0.0000,1.0000,8227.6,0.0116,6,0
69.2666,0.796411,59.995779,-0.007256,0.0000,1.0000,8227.8,0.0134,6,0
69.2811,0.796411,59.995785,-0.007254,0.0000,1.0000,8220.6,0.0146,6,0
69.2959,0.796411,59.995792,-0.007251,0.0000,1.0000,8214.3,0.0156,6,0
69.3108,0.798102,59.995798,-0.007249,0.0000,1.0000,8209.0,0.0159,6,0
69.3282,0.798102,59.995804,-0.007246,0.0000,1.0000,8195.7,0.0160,6,0
69.3463,0.798102,59.995810,-0.007244,0.0000,1.0000,8181.6,0.0160,6,0
69.3663,0.798102,59.995817,-0.007241,0.0000,1.0000,8159.6,0.0161,6,0
69.3826,0.798102,59.995823,-0.007239,0.0000,1.0000,8152.8,0.0163,6,0
69.3984,0.798102,59.995829,-0.007236,0.0000,1.0000,8148.5,0.0170,6,0
69.4154,0.798102,59.995835,-0.007234,0.0000,1.0000,8141.0,0.0181,6,0
69.4292,0.798102,59.995841,-0.007231,0.0000,1.0000,8145.2,0.0198,6,0
69.4411,0.798102,59.995847,-0.007229,0.0000,1.0000,8153.6,0.0220,6,0
69.4566,0.798102,59.995854,-0.007226,0.0000,1.0000,8151.0,0.0248,6,0
69.4709,0.799795,59.995860,-0.007224,0.0000,1.0000,8155.1,0.0281,6,0
69.4819,0.799795,59.995866,-0.007221,0.0000,1.0000,8166.2,0.0316,6,0
69.4943,0.799795,59.995872,-0.007219,0.0000,1.0000,8172.1,0.0352,6,0
69.5079,0.799795,59.995878,-0.007216,0.0000,1.0000,8171.9,0.0389,6,0
69.5214,0.799795,59.995884,-0.007214,0.0000,1.0000,8171.0,0.0426,6,0
69.5353,0.799795,59.995890,-0.007211,0.0000,1.0000,8171.7,0.0462,6,0
69.5475,0.799795,59.995896,-0.007209,0.0000,1.0000,8172.8,0.0498,6,0
69.5590,0.799795,59.995902,-0.007206,0.0000,1.0000,8177.3,0.0533,6,0
69.5712,0.799795,59.995908,-0.007203,0.0000,1.0000,8181.3,0.0568,6,0
69.5814,0.799795,59.995914,-0.007201,0.0000,1.0000,8186.8,0.0602,6,0
69.5938,0.801490,59.995921,-0.007198,0.0000,1.0000,8190.1,0.0635,6,0
69.6048,0.801490,59.995927,-0.007196,0.0000,1.0000,8190.5,0.0667,6,0
69.6140,0.801490,59.995933,-0.007193,0.0000,1.0000,8199.2,0.0698,6,0
69.6283,0.801490,59.995939,-0.007191,0.0000,1.0000,8193.9,0.0727,6,0
69.6430,0.801490,59.995945,-0.007188,0.0000,1.0000,8182.0,0.0755,6,0
69.6546,0.801490,59.995951,-0.007185,0.0000,1.0000,8181.5,0.0783,6,0
69.6640,0.801490,59.995957,-0.007182,0.0000,1.0000,8190.8,0.0808,6,0
69.6753,0.801490,59.995963,-0.007180,0.0000,1.0000,8190.8,0.0833,6,0
69.6849,0.801490,59.995969,-0.007177,0.0000,1.0000,8197.6,0.0858,6,0
69.6930,0.801490,59.995976,-0.007174,0.0000,1.0000,8207.0,0.0879,6,0
69.7025,0.803193,59.995982,-0.007172,0.0000,1.0000,8213.2,0.0897,6,0
69.7099,0.803193,59.995988,-0.007169,0.0000,1.0000,8224.4,0.0913,6,0
69.7203,0.803193,59.995994,-0.007166,0.0000,1.0000,8228.5,0.0921,6,0
69.7292,0.803193,59.996000,-0.007163,0.0000,1.0000,8237.6,0.0925,6,0
69.7331,0.803193,59.996006,-0.007161,0.0000,1.0000,8266.7,0.0926,6,0
69.7397,0.803193,59.996012,-0.007158,0.0000,1.0000,8287.0,0.0921,6,0
69.7467,0.803193,59.996018,-0.007155,0.0000,1.0000,8301.7,0.0910,6,0
69.7558,0.803193,59.996024,-0.007152,0.0000,1.0000,8312.4,0.0897,6,0
69.7651,0.803193,59.996030,-0.007149,0.0000,1.0000,8318.5,0.0878,6,0
69.7741,0.803193,59.996036,-0.007146,0.0000,1.0000,8326.9,0.0855,6,0
69.7865,0.804897,59.996043,-0.007143,0.0000,1.0000,8328.6,0.0832,6,0
69.7965,0.804897,59.996049,-0.007140,0.0000,1.0000,8336.9,0.0806,6,0
69.8079,0.804897,59.996055,-0.007137,0.0000,1.0000,8339.3,0.0780,6,0
69.8189,0.804897,59.996061,-0.007135,0.0000,1.0000,8344.6,0.0755,6,0
69.8311,0.804897,59.996067,-0.007132,0.0000,1.0000,8346.9,0.0729,6,0
69.8441,0.804897,59.996073,-0.007129,0.0000,1.0000,8345.8,0.0705,6,0
69.8566,0.804897,59.996079,-0.007125,0.0000,1.0000,8348.4,0.0685,6,0
69.8688,0.804897,59.996085,-0.007122,0.0000,1.0000,8348.8,0.0666,6,0
69.8809,0.804897,59.996091,-0.007119,0.0000,1.0000,8345.4,0.0650,6,0
69.8905,0.804897,59.996097,-0.007116,0.0000,1.0000,8351.7,0.0637,6,0
69.9011,0.806606,59.996104,-0.007113,0.0000,1.0000,8353.7,0.0624,6,0
69.9128,0.806606,59.996110,-0.007110,0.0000,1.0000,8350.3,0.0613,6,0
69.9233,0.806606,59.996116,-0.007107,0.0000,1.0000,8350.4,0.0603,6,0
69.9354,0.806606,59.996122,-0.007104,0.0000,1.0000,8352.6,0.0595,6,0
69.9472,0.806606,59.996128,-0.007100,0.0000,1.0000,8357.3,0.0590,6,0
69.9572,0.806606,59.996134,-0.007097,0.0000,1.0000,8361.6,0.0587,6,0
69.9690,0.806606,59.996140,-0.007094,0.0000,1.0000,8361.1,0.0585,6,0
69.9817,0.806606,59.996147,-0.007090,0.0000,1.0000,8359.7,0.0587,6,0
69.9925,0.806606,59.996153,-0.007087,0.0000,1.0000,8363.0,0.0591,6,0
70.0043,0.806606,59.996159,-0.007084,0.0000,1.0000,8365.8,0.0594,6,0
70.0153,0.808320,59.996165,-0.007080,0.0000,1.0000,8367.9,0.0598,6,0
70.0276,0.808320,59.996171,-0.007077,0.0000,1.0000,8368.8,0.0602,6,0
70.0397,0.808320,59.996178,-0.007074,0.0000,1.0000,8371.1,0.0604,6,0
70.0533,0.808320,59.996184,-0.007070,0.0000,1.0000,8365.9,0.0607,6,0
70.0655,0.808320,59.996190,-0.007067,0.0000,1.0000,8368.2,0.0609,6,0
70.0802,0.808320,59.996196,-0.007064,0.0000,1.0000,8365.9,0.0612,6,0
70.0918,0.808320,59.996202,-0.007060,0.0000,1.0000,8369.5,0.0612,6,0
70.1059,0.808320,59.996208,-0.007057,0.0000,1.0000,8365.4,0.0607,6,0
70.1205,0.808320,59.996214,-0.007053,0.0000,1.0000,8367.1,0.0605,6,0
70.1343,0.808320,59.996220,-0.007049,0.0000,1.0000,8366.3,0.0605,6,0
70.1498,0.810038,59.996226,-0.007046,0.0000,1.0000,8364.4,0.0607,6,0
70.1638,0.810038,59.996232,-0.007042,0.0000,1.0000,8366.7,0.0611,6,0
70.1790,0.810038,59.996238,-0.007039,0.0000,1.0000,8359.6,0.0620,6,0
70.1937,0.810038,59.996244,-0.007035,0.0000,1.0000,8358.9,0.0629,6,0
70.2070,0.810038,59.996250,-0.007032,0.0000,1.0000,8363.4,0.0639,6,0
70.2228,0.810038,59.996256,-0.007028,0.0000,1.0000,8358.1,0.0649,6,0
70.2389,0.810038,59.996261,-0.007024,0.0000,1.0000,8351.4,0.0655,6,0
70.2512,0.810038,59.996267,-0.007021,0.0000,1.0000,8348.5,0.0658,6,0
70.2666,0.810038,59.996273,-0.007017,0.0000,1.0000,8341.5,0.0658,6,0
70.2790,0.810038,59.996279,-0.007013,0.0000,1.0000,8338.8,0.0651,6,0
70.2903,0.811761,59.996284,-0.007009,0.0000,1.0000,8335.0,0.0638,6,0
70.3054,0.811761,59.996290,-0.007006,0.0000,1.0000,8329.8,0.0620,6,0
70.3159,0.811761,59.996296,-0.007002,0.0000,1.0000,8334.9,0.0596,6,0
70.3273,0.811761,59.996301,-0.006998,0.0000,1.0000,8339.9,0.0566,6,0
70.3401,0.811761,59.996307,-0.006995,0.0000,1.0000,8347.6,0.0535,6,0
70.3526,0.811761,59.996313,-0.006991,0.0000,1.0000,8352.2,0.0501,6,0
70.3637,0.811761,59.996320,-0.006987,0.0000,1.0000,8361.5,0.0464,6,0
70.3749,0.811761,59.996326,-0.006983,0.0000,1.0000,8371.6,0.0429,6,0
70.3844,0.811761,59.996332,-0.006979,0.0000,1.0000,8384.0,0.0390,6,0
70.3940,0.811761,59.996339,-0.006975,0.0000,1.0000,8394.6,0.0353,6,0
70.4037,0.813487,59.996345,-0.006971,0.0000,1.0000,8407.5,0.0319,6,0
70.4145,0.813487,59.996351,-0.006967,0.0000,1.0000,8414.9,0.0287,6,0
70.4262,0.813487,59.996357,-0.006963,0.0000,1.0000,8422.8,0.0257,6,0
70.4373,0.813487,59.996364,-0.006960,0.0000,1.0000,8436.0,0.0233,6,0
70.4519,0.813487,59.996370,-0.006956,0.0000,1.0000,8439.3,0.0211,6,0
70.4655,0.813487,59.996376,-0.006952,0.0000,1.0000,8444.3,0.0193,6,0
70.4814,0.813487,59.996382,-0.006948,0.0000,1.0000,8442.2,0.0181,6,0
70.4986,0.813487,59.996388,-0.006943,0.0000,1.0000,8436.0,0.0170,6,0
70.5153,0.813487,59.996394,-0.006939,0.0000,1.0000,8429.6,0.0167,6,0
70.5332,0.813487,59.996400,-0.006935,0.0000,1.0000,8427.6,0.0170,6,0
70.5517,0.815216,59.996406,-0.006931,0.0000,1.0000,8420.7,0.0180,6,0
70.5701,0.815216,59.996412,-0.006927,0.0000,1.0000,8406.9,0.0194,6,0
70.5892,0.815216,59.996418,-0.006923,0.0000,1.0000,8397.9,0.0213,6,0
70.6064,0.815216,59.996424,-0.006919,0.0000,1.0000,8389.7,0.0235,6,0
70.6231,0.815216,59.996430,-0.006915,0.0000,1.0000,8381.4,0.0257,6,0
70.6409,0.815216,59.996436,-0.006911,0.0000,1.0000,8368.0,0.0279,6,0
70.6561,0.815216,59.996442,-0.006907,0.0000,1.0000,8361.3,0.0298,6,0
70.6690,0.815216,59.996448,-0.006902,0.0000,1.0000,8360.4,0.0312,6,0
70.6850,0.815216,59.996454,-0.006898,0.0000,0.9890,8352.0,0.0322,6,0
70.6980,0.815216,59.996460,-0.006894,0.0000,0.9780,8347.4,0.0323,6,0
70.7102,0.816947,59.996466,-0.006890,0.0043,0.9426,8339.2,0.0316,6,0
70.7214,0.816947,59.996472,-0.006886,0.0087,0.9072,8329.2,0.0305,6,0
70.7344,0.816947,59.996478,-0.006881,0.0140,0.8525,8301.4,0.0285,6,0
70.7442,0.816947,59.996484,-0.006877,0.0193,0.7977,8273.2,0.0262,6,0
70.7441,0.816947,59.996490,-0.006873,0.0263,0.7291,8270.6,0.0239,6,0
70.7415,0.816947,59.996496,-0.006869,0.0333,0.6605,8260.9,0.0209,6,0
70.7353,0.816947,59.996502,-0.006864,0.0418,0.5850,8250.7,0.0180,6,0
70.7227,0.816947,59.996507,-0.006860,0.0503,0.5094,8249.5,0.0153,6,0
70.7062,0.816947,59.996513,-0.006856,0.0644,0.4381,8241.2,0.0121,6,0
70.6854,0.816947,59.996519,-0.006851,0.0785,0.3668,8231.8,0.0092,6,0
70.6574,0.818677,59.996525,-0.006847,0.0937,0.3115,8227.5,0.0067,6,0
70.6266,0.818677,59.996531,-0.006843,0.1089,0.2563,8215.6,0.0044,6,0
70.5920,0.818677,59.996536,-0.006838,0.1241,0.2202,8202.1,0.0026,6,0
70.5514,0.818677,59.996542,-0.006834,0.1393,0.1841,8193.6,0.0012,6,0
70.5075,0.818677,59.996548,-0.006830,0.1563,0.1604,8179.9,-0.0001,6,0
70.4600,0.818677,59.996554,-0.006826,0.1733,0.1366,8165.8,-0.0010,6,0
70.4077,0.818677,59.996560,-0.006821,0.1913,0.1219,8156.0,-0.0015,6,0
70.3528,0.818677,59.996567,-0.006817,0.2094,0.1072,8141.2,-0.0021,6,0
70.2940,0.818677,59.996573,-0.006812,0.2304,0.0967,8126.3,-0.0025,6,0
70.2295,0.818677,59.996579,-0.006808,0.2515,0.0862,8114.1,-0.0029,6,0
70.1621,0.820398,59.996585,-0.006804,0.2750,0.0764,8099.2,-0.0034,6,0
70.0897,0.820398,59.996591,-0.006799,0.2984,0.0666,8082.5,-0.0040,6,0
70.0109,0.820398,59.996598,-0.006795,0.3203,0.0557,8069.9,-0.0045,6,0
69.9282,0.820398,59.996604,-0.006791,0.3421,0.0447,8054.7,-0.0055,6,0
69.8401,0.820398,59.996610,-0.006786,0.3639,0.0331,8039.6,-0.0064,6,0
69.7468,0.820398,59.996616,-0.006782,0.3857,0.0214,8026.0,-0.0075,6,0
69.6480,0.820398,59.996621,-0.006777,0.4057,0.0109,8011.9,-0.0089,6,0
69.5450,0.820398,59.996627,-0.006773,0.4257,0.0004,7997.3,-0.0102,6,0
69.4372,0.820398,59.996632,-0.006769,0.4430,0.0002,7984.5,-0.0115,6,0
69.3268,0.820398,59.996638,-0.006764,0.4603,0.0000,7970.7,-0.0128,6,0
69.2114,0.822097,59.996644,-0.006760,0.4769,0.0000,7957.5,-0.0139,6,0
69.0918,0.822097,59.996649,-0.006756,0.4934,0.0000,7943.3,-0.0148,6,0
68.9687,0.822097,59.996655,-0.006751,0.5071,0.0000,7927.6,-0.0153,6,0
68.8416,0.822097,59.996660,-0.006747,0.5208,0.0000,7912.9,-0.0158,6,0
68.7126,0.822097,59.996666,-0.006743,0.5364,0.0000,7894.8,-0.0161,6,0
68.5782,0.822097,59.996672,-0.006738,0.5520,0.0000,7879.5,-0.0159,6,0
68.4413,0.822097,59.996677,-0.006734,0.5647,0.0000,7863.8,-0.0157,6,0
68.3013,0.822097,59.996683,-0.006730,0.5773,0.0000,7846.6,-0.0154,6,0
68.1575,0.822097,59.996689,-0.006726,0.5902,0.0000,7831.4,-0.0149,6,0
68.0118,0.822097,59.996695,-0.006721,0.6031,0.0000,7815.9,-0.0142,6,0
67.8635,0.823765,59.996700,-0.006717,0.6147,0.0000,7798.3,-0.0139,6,0
67.7120,0.823765,59.996706,-0.006713,0.6263,0.0000,7782.1,-0.0133,6,0
67.5596,0.823765,59.996712,-0.006709,0.6354,0.0000,7765.1,-0.0126,6,0
67.4058,0.823765,59.996717,-0.006704,0.6446,0.0000,7745.8,-0.0123,6,0
67.2493,0.823765,59.996723,-0.006700,0.6534,0.0000,7726.2,-0.0117,6,0
67.0920,0.823765,59.996729,-0.006696,0.6623,0.0000,7707.4,-0.0110,6,0
66.9320,0.823765,59.996734,-0.006692,0.6710,0.0000,7689.2,-0.0108,6,0
66.7710,0.823765,59.996740,-0.006688,0.6797,0.0000,7667.9,-0.0104,6,0
66.6092,0.823765,59.996746,-0.006684,0.6893,0.0000,7647.0,-0.0099,6,0
66.4440,0.823765,59.996752,-0.006680,0.6990,0.0000,7624.2,-0.0098,6,0
66.2773,0.825395,59.996757,-0.006676,0.7056,0.0000,7601.0,-0.0098,6,0
66.1102,0.825395,59.996763,-0.006672,0.7121,0.0000,7574.4,-0.0097,6,0
65.9410,0.825395,59.996769,-0.006667,0.7192,0.0000,7551.3,-0.0099,6,0
65.7694,0.825395,59.996774,-0.006663,0.7264,0.0000,7528.0,-0.0101,6,0
65.5963,0.825395,59.996780,-0.006659,0.7310,0.0000,7503.3,-0.0103,6,0
65.4221,0.825395,59.996785,-0.006655,0.7356,0.0000,7481.7,-0.0106,6,0
65.2468,0.825395,59.996791,-0.006651,0.7412,0.0000,7458.3,-0.0109,6,0
65.0703,0.825395,59.996796,-0.006648,0.7467,0.0000,7434.0,-0.0111,6,0
64.8934,0.825395,59.996802,-0.006644,0.7522,0.0000,7411.0,-0.0106,6,0
64.7140,0.825395,59.996807,-0.006640,0.7577,0.0000,7389.0,-0.0108,6,0
64.5327,0.826983,59.996812,-0.006636,0.7622,0.0000,7366.3,-0.0104,6,0
64.3511,0.826983,59.996818,-0.006632,0.7667,0.0000,7344.2,-0.0097,6,0
64.1681,0.826983,59.996823,-0.006628,0.7711,0.0000,7320.9,-0.0093,6,0
63.9836,0.826983,59.996829,-0.006624,0.7756,0.0000,7300.5,-0.0085,6,0
63.7986,0.826983,59.996834,-0.006620,0.7779,0.0000,7279.2,-0.0074,6,0
63.6121,0.826983,59.996839,-0.006616,0.7802,0.0000,7260.8,-0.0065,6,0
63.4252,0.826983,59.996845,-0.006613,0.7841,0.0000,7241.1,-0.0056,6,0
63.2368,0.826983,59.996850,-0.006609,0.7880,0.0000,7221.0,-0.0045,6,0
63.0502,0.826983,59.996855,-0.006605,0.7914,0.0000,7198.9,-0.0035,6,0
62.8623,0.826983,59.996860,-0.006601,0.7949,0.0000,7177.3,-0.0027,6,0
62.6727,0.828527,59.996866,-0.006598,0.7977,0.0000,7158.2,-0.0019,6,0
62.4846,0.828527,59.996871,-0.006594,0.8004,0.0000,7134.4,-0.0010,6,0
62.2937,0.828527,59.996876,-0.006590,0.8043,0.0000,7114.2,-0.0004,6,0
62.1032,0.828527,59.996882,-0.006586,0.8082,0.0000,7089.6,0.0002,6,0
61.9106,0.828527,59.996887,-0.006583,0.8126,0.0000,7067.3,0.0008,6,0
61.7183,0.828527,59.996892,-0.006579,0.8170,0.0000,7044.8,0.0012,6,0
61.5243,0.828527,59.996898,-0.006575,0.8181,0.0000,7023.2,0.0015,6,0
61.3298,0.828527,59.996903,-0.006572,0.8192,0.0000,7002.9,0.0018,6,0
61.1369,0.828527,59.996908,-0.006568,0.8218,0.0000,6978.6,0.0023,6,0
60.9419,0.828527,59.996913,-0.006565,0.8244,0.0000,6956.9,0.0024,6,0
60.7481,0.830028,59.996919,-0.006561,0.8263,0.0000,6934.4,0.0028,6,0
60.5522,0.830028,59.996924,-0.006557,0.8282,0.0000,6912.9,0.0032,6,0
60.3582,0.830028,59.996929,-0.006554,0.8299,0.0000,6887.8,0.0034,6,0
60.1632,0.830028,59.996935,-0.006550,0.8316,0.0000,6863.2,0.0036,6,0
59.9672,0.830028,59.996940,-0.006547,0.8337,0.0000,6838.7,0.0039,6,0
59.7714,0.830028,59.996945,-0.006543,0.8359,0.0000,6815.6,0.0040,6,0
59.5736,0.830028,59.996950,-0.006540,0.8383,0.0000,6793.0,0.0040,6,0
59.3774,0.830028,59.996955,-0.006536,0.8407,0.0000,6767.9,0.0040,6,0
59.1792,0.830028,59.996960,-0.006533,0.8437,0.0000,6745.5,0.0038,6,0
58.9812,0.830028,59.996965,-0.006529,0.8468,0.0000,6723.2,0.0037,6,0
58.7815,0.831480,59.996970,-0.006526,0.8473,0.0000,6703.5,0.0034,6,0
58.5841,0.831480,59.996975,-0.006522,0.8479,0.0000,6678.0,0.0032,6,0
58.3866,0.831480,59.996980,-0.006519,0.8488,0.0000,6654.6,0.0030,6,0
58.1874,0.831480,59.996985,-0.006515,0.8497,0.0000,6633.2,0.0028,6,0
57.9893,0.831480,59.996990,-0.006512,0.8532,0.0000,6607.4,0.0027,6,0
57.7900,0.831480,59.996995,-0.006509,0.8567,0.0000,6582.4,0.0026,6,0
57.5913,0.831480,59.997000,-0.006505,0.8595,0.0000,6557.1,0.0025,6,0
57.3901,0.831480,59.997005,-0.006502,0.8624,0.0000,6532.5,0.0024,6,0
57.1900,0.831480,59.997010,-0.006498,0.8641,0.0000,6506.8,0.0025,6,0
56.9887,0.831480,59.997015,-0.006495,0.8658,0.0000,6482.8,0.0025,6,0
56.7893,0.832881,59.997020,-0.006492,0.8663,0.0000,6894.1,0.0026,6,0
56.5889,0.832881,59.997025,-0.006488,0.8668,0.0000,7343.5,0.0026,6,0
56.3892,0.832881,59.997030,-0.006485,0.8680,0.0000,7314.7,0.0026,6,0
56.1896,0.832881,59.997035,-0.006482,0.8692,0.0000,7285.4,0.0027,6,0
55.9904,0.832881,59.997040,-0.006478,0.8735,0.0000,7252.1,0.0027,5,0
55.7886,0.832881,59.997045,-0.006475,0.8778,0.0000,7220.7,0.0029,5,0
55.5849,0.832881,59.997049,-0.006472,0.8801,0.0000,7191.6,0.0030,5,0
55.3823,0.832881,59.997054,-0.006468,0.8823,0.0000,7159.8,0.0030,5,0
55.1775,0.832881,59.997058,-0.006465,0.8810,0.0000,7131.9,0.0031,5,0
54.9734,0.832881,59.997063,-0.006462,0.8797,0.0000,7106.3,0.0033,5,0
54.7694,0.834235,59.997068,-0.006459,0.8789,0.0000,7077.5,0.0034,5,0
54.5672,0.834235,59.997072,-0.006455,0.8780,0.0000,7047.1,0.0034,5,0
54.3629,0.834235,59.997077,-0.006452,0.8773,0.0000,7024.1,0.0034,5,0
54.1596,0.834235,59.997081,-0.006449,0.8766,0.0000,7000.9,0.0036,5,0
53.9554,0.834235,59.997086,-0.006446,0.8803,0.0000,6975.7,0.0035,5,0
53.7521,0.834235,59.997090,-0.006442,0.8840,0.0000,6949.1,0.0036,5,0
53.5470,0.834235,59.997095,-0.006439,0.8797,0.0000,6921.4,0.0036,5,0
53.3436,0.834235,59.997099,-0.006436,0.8755,0.0000,6897.3,0.0037,5,0
53.1401,0.834235,59.997104,-0.006433,0.8752,0.0000,6873.2,0.0038,5,0
52.9394,0.834235,59.997108,-0.006430,0.8749,0.0000,6845.8,0.0037,5,0
52.7365,0.835538,59.997112,-0.006427,0.8758,0.0000,6819.9,0.0037,5,0
52.5340,0.835538,59.997117,-0.006423,0.8768,0.0000,6795.3,0.0037,5,0
52.3303,0.835538,59.997121,-0.006420,0.8765,0.0000,6770.0,0.0037,5,0
52.1304,0.835538,59.997126,-0.006417,0.8762,0.0000,6741.6,0.0037,5,0
51.9281,0.835538,59.997130,-0.006414,0.8780,0.0000,6716.8,0.0035,5,0
51.7272,0.835538,59.997134,-0.006411,0.8799,0.0000,6689.1,0.0036,5,0
51.5239,0.835538,59.997139,-0.006408,0.8794,0.0000,6660.3,0.0035,5,0
51.3227,0.835538,59.997143,-0.006405,0.8789,0.0000,6631.8,0.0035,5,0
51.1218,0.835538,59.997147,-0.006402,0.8788,0.0000,6605.0,0.0035,5,0
50.9218,0.835538,59.997151,-0.006399,0.8787,0.0000,6576.4,0.0037,5,0
50.7217,0.836792,59.997156,-0.006396,0.8799,0.0000,6547.8,0.0038,5,0
50.5211,0.836792,59.997160,-0.006393,0.8811,0.0000,6515.7,0.0041,5,0
50.3245,0.836792,59.997164,-0.006389,0.8770,0.0000,6479.6,0.0044,5,0
50.1283,0.836792,59.997169,-0.006386,0.8729,0.0000,6442.7,0.0048,5,0
49.9364,0.836792,59.997173,-0.006383,0.8749,0.0000,6403.7,0.0051,5,0
49.7437,0.836792,59.997177,-0.006380,0.8769,0.0000,6362.2,0.0054,5,0
49.5625,0.836792,59.997181,-0.006377,0.8722,0.0000,6309.6,0.0056,5,0
49.3887,0.836792,59.997186,-0.006374,0.8676,0.0000,6252.9,0.0053,5,0
49.2163,0.836792,59.997190,-0.006372,0.8691,0.0000,6308.5,0.0054,5,0
49.0414,0.836792,59.997194,-0.006369,0.8706,0.0000,6308.8,0.0062,5,0
48.8682,0.837999,59.997198,-0.006366,0.8699,0.0000,6571.4,0.0064,0,0
48.7035,0.837999,59.997202,-0.006363,0.8692,0.0000,7123.1,0.0078,0,0
48.5469,0.837999,59.997207,-0.006360,0.8657,0.0000,7146.5,0.0083,0,0
48.3845,0.837999,59.997211,-0.006357,0.8623,0.0000,7306.8,0.0104,0,0
48.2208,0.837999,59.997215,-0.006354,0.8573,0.0000,7264.9,0.0120,0,0
48.0492,0.837999,59.997219,-0.006351,0.8524,0.0000,7223.2,0.0127,0,0
47.8772,0.837999,59.997223,-0.006348,0.8497,0.0000,7181.6,0.0140,0,0
47.7101,0.837999,59.997228,-0.006345,0.8470,0.0000,7140.2,0.0141,0,0
47.5445,0.837999,59.997232,-0.006342,0.8431,0.0000,7125.1,0.0143,4,0
47.3790,0.837999,59.997236,-0.006339,0.8393,0.0000,7125.8,0.0141,4,0
47.2092,0.839165,59.997240,-0.006336,0.8351,0.0000,7072.3,0.0130,4,0
47.0305,0.839165,59.997244,-0.006334,0.8310,0.0000,7025.7,0.0137,4,0
46.8514,0.839165,59.997249,-0.006331,0.8246,0.0000,6978.5,0.0127,4,0
46.6699,0.839165,59.997253,-0.006328,0.8183,0.0000,6933.6,0.0113,4,0
46.4886,0.839165,59.997257,-0.006325,0.8104,0.0000,6903.5,0.0106,4,0
46.3062,0.839165,59.997261,-0.006322,0.8025,0.0000,6882.0,0.0090,4,0
46.1162,0.839165,59.997265,-0.006319,0.8018,0.0000,6863.7,0.0085,4,0
45.9259,0.839165,59.997268,-0.006317,0.8012,0.0000,6848.7,0.0074,4,0
45.7402,0.839165,59.997272,-0.006314,0.7921,0.0000,6835.9,0.0052,4,0
45.5581,0.839165,59.997276,-0.006311,0.7831,0.0000,6825.1,0.0037,4,0
45.3775,0.840287,59.997280,-0.006308,0.7778,0.0000,6808.8,0.0022,4,0
45.2013,0.840287,59.997284,-0.006306,0.7726,0.0000,6788.6,0.0006,4,0
45.0255,0.840287,59.997287,-0.006303,0.7653,0.0000,6763.2,-0.0006,4,0
44.8504,0.840287,59.997291,-0.006300,0.7580,0.0000,6737.8,-0.0015,4,0
44.6792,0.840287,59.997295,-0.006297,0.7492,0.0000,6713.9,-0.0021,4,0
44.5081,0.840287,59.997299,-0.006295,0.7405,0.0000,6688.3,-0.0024,4,0
44.3412,0.840287,59.997303,-0.006292,0.7336,0.0000,6660.4,-0.0020,4,0
44.1730,0.840287,59.997307,-0.006289,0.7268,0.0000,6629.9,-0.0015,4,0
44.0073,0.840287,59.997311,-0.006286,0.7155,0.0000,6602.4,-0.0005,4,0
43.8433,0.840287,59.997315,-0.006284,0.7042,0.0000,6581.3,0.0003,4,0
43.6811,0.841369,59.997318,-0.006281,0.6999,0.0000,6559.0,0.0015,4,0
43.5188,0.841369,59.997322,-0.006278,0.6957,0.0000,6543.1,0.0027,4,0
43.3562,0.841369,59.997326,-0.006276,0.6909,0.0000,6524.1,0.0039,4,0
43.1963,0.841369,59.997330,-0.006273,0.6861,0.0000,6506.0,0.0051,4,0
43.0375,0.841369,59.997334,-0.006270,0.6808,0.0000,6487.2,0.0061,4,0
42.8809,0.841369,59.997337,-0.006268,0.6756,0.0000,6467.1,0.0073,4,0
42.7262,0.841369,59.997341,-0.006265,0.6715,0.0000,6447.4,0.0081,4,0
42.5708,0.841369,59.997344,-0.006263,0.6674,0.0000,6424.3,0.0088,4,0
42.4173,0.841369,59.997348,-0.006260,0.6609,0.0000,6402.5,0.0096,4,0
42.2656,0.841369,59.997351,-0.006257,0.6545,0.0000,6383.1,0.0101,4,0
42.1150,0.842412,59.997354,-0.006255,0.6551,0.0000,6363.5,0.0107,4,0
41.9664,0.842412,59.997358,-0.006252,0.6557,0.0000,6341.4,0.0110,4,0
41.8159,0.842412,59.997361,-0.006250,0.6532,0.0000,6315.5,0.0112,4,0
41.6668,0.842412,59.997365,-0.006247,0.6508,0.0000,6287.7,0.0115,4,0
41.5187,0.842412,59.997368,-0.006244,0.6491,0.0000,6262.2,0.0117,4,0
41.3708,0.842412,59.997371,-0.006242,0.6474,0.0000,6237.4,0.0121,4,0
41.2239,0.842412,59.997375,-0.006239,0.6480,0.0000,6211.7,0.0123,4,0
41.0756,0.842412,59.997378,-0.006237,0.6486,0.0000,6182.7,0.0125,4,0
40.9273,0.842412,59.997382,-0.006234,0.6447,0.0000,6153.8,0.0128,4,0
40.7798,0.842412,59.997385,-0.006232,0.6408,0.0000,6130.2,0.0129,4,0
40.6319,0.843417,59.997388,-0.006229,0.6420,0.0000,6106.5,0.0129,4,0
40.4849,0.843417,59.997392,-0.006227,0.6433,0.0000,6228.4,0.0128,4,0
40.3379,0.843417,59.997395,-0.006224,0.6409,0.0000,6788.2,0.0123,4,0
40.1895,0.843417,59.997399,-0.006222,0.6386,0.0000,7258.1,0.0118,4,0
40.0447,0.843417,59.997402,-0.006219,0.6404,0.0000,7234.3,0.0110,4,0
39.8984,0.843417,59.997405,-0.006217,0.6422,0.0000,7209.8,0.0102,4,0
39.7518,0.843417,59.997409,-0.006214,0.6384,0.0000,7178.7,0.0095,3,0
39.6046,0.843417,59.997413,-0.006212,0.6346,0.0000,7158.3,0.0083,3,0
39.4569,0.843417,59.997416,-0.006209,0.6310,0.0000,7134.0,0.0074,3,0
39.3128,0.843417,59.997419,-0.006207,0.6274,0.0000,7106.1,0.0064,3,0
39.1681,0.844383,59.997423,-0.006204,0.6258,0.0000,7083.1,0.0053,3,0
39.0231,0.844383,59.997426,-0.006202,0.6242,0.0000,7061.3,0.0044,3,0
38.8814,0.844383,59.997430,-0.006199,0.6207,0.0000,7035.6,0.0034,3,0
38.7384,0.844383,59.997433,-0.006197,0.6172,0.0000,7011.8,0.0024,3,0
38.5960,0.844383,59.997437,-0.006194,0.6180,0.0000,6986.7,0.0016,3,0
38.4556,0.844383,59.997440,-0.006192,0.6188,0.0000,6958.2,0.0005,3,0
38.3137,0.844383,59.997443,-0.006190,0.6136,0.0000,6932.5,-0.0004,3,0
38.1746,0.844383,59.997446,-0.006187,0.6084,0.0000,6902.9,-0.0013,3,0
38.0375,0.844383,59.997449,-0.006185,0.6041,0.0000,6875.4,-0.0023,3,0
37.8981,0.844383,59.997452,-0.006182,0.5998,0.0000,6849.4,-0.0033,3,0
37.7623,0.845317,59.997455,-0.006180,0.5957,0.0000,6816.7,-0.0043,3,0
37.6261,0.845317,59.997458,-0.006178,0.5916,0.0000,6787.6,-0.0052,3,0
37.4904,0.845317,59.997461,-0.006175,0.5868,0.0000,6760.7,-0.0062,3,0
37.3579,0.845317,59.997464,-0.006173,0.5821,0.0000,6732.3,-0.0073,3,0
37.2242,0.845317,59.997467,-0.006170,0.5835,0.0000,6708.9,-0.0083,3,0
37.0871,0.845317,59.997470,-0.006168,0.5850,0.0000,6690.8,-0.0092,3,0
36.9541,0.845317,59.997473,-0.006166,0.5802,0.0000,6659.1,-0.0101,3,0
36.8211,0.845317,59.997476,-0.006163,0.5754,0.0000,6636.2,-0.0110,3,0
36.6888,0.845317,59.997479,-0.006161,0.5740,0.0000,6616.1,-0.0119,3,0
36.5551,0.845317,59.997482,-0.006159,0.5726,0.0000,6599.1,-0.0127,3,0
36.4232,0.846216,59.997486,-0.006156,0.5722,0.0000,6575.8,-0.0131,3,0
36.2878,0.846216,59.997489,-0.006154,0.5717,0.0000,6557.2,-0.0137,3,0
36.1552,0.846216,59.997492,-0.006152,0.5711,0.0000,6534.3,-0.0145,3,0
36.0238,0.846216,59.997495,-0.006149,0.5704,0.0000,6511.6,-0.0155,3,0
35.8922,0.846216,59.997498,-0.006147,0.5734,0.0000,6488.5,-0.0167,3,0
35.7609,0.846216,59.997501,-0.006145,0.5765,0.0000,6464.7,-0.0179,3,0
35.6260,0.846216,59.997504,-0.006143,0.5752,0.0000,6444.3,-0.0196,3,0
35.4920,0.846216,59.997507,-0.006141,0.5739,0.0000,6424.6,-0.0217,3,0
35.3599,0.846216,59.997510,-0.006138,0.5739,0.0000,6401.9,-0.0238,3,0
35.2273,0.846216,59.997513,-0.006136,0.5740,0.0000,6378.2,-0.0260,3,0
35.0960,0.847080,59.997516,-0.006134,0.5730,0.0000,6352.0,-0.0284,3,0
34.9654,0.847080,59.997519,-0.006132,0.5719,0.0000,6327.9,-0.0303,3,0
34.8338,0.847080,59.997522,-0.006129,0.5690,0.0000,6303.7,-0.0317,3,0
34.7001,0.847080,59.997525,-0.006127,0.5661,0.0000,6283.2,-0.0330,3,0
34.5711,0.847080,59.997528,-0.006125,0.5691,0.0000,6259.0,-0.0337,3,0
34.4413,0.847080,59.997531,-0.006123,0.5721,0.0000,6235.0,-0.0346,3,0
34.3061,0.847080,59.997534,-0.006121,0.5720,0.0000,6208.4,-0.0358,3,0
34.1758,0.847080,59.997538,-0.006119,0.5719,0.0000,6182.8,-0.0364,3,0
34.0441,0.847080,59.997541,-0.006117,0.5715,0.0000,6157.3,-0.0366,3,0
33.9141,0.847080,59.997544,-0.006114,0.5710,0.0000,6129.9,-0.0369,3,0
33.7755,0.847914,59.997547,-0.006112,0.5697,0.0000,6112.7,-0.0373,3,0
33.6447,0.847914,59.997550,-0.006110,0.5684,0.0000,6089.6,-0.0368,3,0
33.5167,0.847914,59.997554,-0.006108,0.5639,0.0000,6060.7,-0.0373,3,0
33.3857,0.847914,59.997557,-0.006106,0.5595,0.0000,6037.7,-0.0376,3,0
33.2539,0.847914,59.997560,-0.006104,0.5605,0.0000,6022.6,-0.0389,3,0
33.1238,0.847914,59.997563,-0.006102,0.5615,0.0000,5995.9,-0.0384,3,0
33.0033,0.847914,59.997565,-0.006100,0.5593,0.0000,6410.3,-0.0389,3,0
32.8627,0.847914,59.997568,-0.006098,0.5570,0.0000,6966.6,-0.0403,3,0
32.7385,0.847914,59.997570,-0.006096,0.5578,0.0000,7337.3,-0.0416,3,0
32.6103,0.847914,59.997573,-0.006094,0.5585,0.0000,7303.0,-0.0436,3,0
32.4929,0.848714,59.997575,-0.006092,0.5594,0.0000,7251.5,-0.0453,2,0
32.3538,0.848714,59.997577,-0.006090,0.5602,0.0000,7236.1,-0.0481,2,0
32.2239,0.848714,59.997580,-0.006088,0.5611,0.0000,7208.9,-0.0498,2,0
32.0963,0.848714,59.997583,-0.006086,0.5619,0.0000,7174.8,-0.0523,2,0
31.9763,0.848714,59.997585,-0.006084,0.5617,0.0000,7117.7,-0.0549,2,0
31.8324,0.848714,59.997588,-0.006082,0.5614,0.0000,7119.0,-0.0588,2,0
31.7056,0.848714,59.997590,-0.006081,0.5625,0.0000,7083.6,-0.0613,2,0
31.5882,0.848714,59.997593,-0.006079,0.5635,0.0000,7047.6,-0.0643,2,0
31.4673,0.848714,59.997596,-0.006077,0.5614,0.0000,6996.6,-0.0680,2,0
31.3170,0.848714,59.997598,-0.006075,0.5592,0.0000,6991.9,-0.0731,2,0
31.1930,0.849482,59.997601,-0.006073,0.5597,0.0000,6954.8,-0.0759,2,0
31.0756,0.849482,59.997604,-0.006072,0.5602,0.0000,6914.2,-0.0797,2,0
30.9444,0.849482,59.997607,-0.006070,0.5592,0.0000,6861.0,-0.0837,2,0
30.8059,0.849482,59.997609,-0.006068,0.5582,0.0000,6845.9,-0.0880,2,0
30.6842,0.849482,59.997612,-0.006066,0.5575,0.0000,6824.0,-0.0901,2,0
30.5779,0.849482,59.997615,-0.006064,0.5567,0.0000,6767.1,-0.0918,2,0
30.4514,0.849482,59.997618,-0.006063,0.5576,0.0000,6703.6,-0.0943,2,0
30.3109,0.849482,59.997620,-0.006061,0.5586,0.0000,6716.3,-0.0964,2,0
30.1859,0.849482,59.997623,-0.006060,0.5572,0.0000,6710.9,-0.0978,2,0
30.0794,0.849482,59.997626,-0.006058,0.5559,0.0000,6652.7,-0.0988,2,0
29.9490,0.850222,59.997629,-0.006056,0.5575,0.0000,6604.0,-0.1016,2,0
29.8179,0.850222,59.997632,-0.006055,0.5592,0.0000,6621.7,-0.1030,2,0
29.6936,0.850222,59.997634,-0.006053,0.5558,0.0000,6644.4,-0.1032,2,0
29.5926,0.850222,59.997637,-0.006051,0.5524,0.0000,6582.0,-0.1032,2,0
29.4685,0.850222,59.997640,-0.006050,0.5474,0.0000,6520.0,-0.1040,2,0
29.3372,0.850222,59.997642,-0.006048,0.5424,0.0000,6545.2,-0.1047,2,0
29.2166,0.850222,59.997644,-0.006047,0.5415,0.0000,6523.7,-0.1045,2,0
29.1155,0.850222,59.997646,-0.006045,0.5407,0.0000,6457.9,-0.1052,2,0
28.9993,0.850222,59.997648,-0.006044,0.5312,0.0000,6399.5,-0.1050,2,0
28.8634,0.850222,59.997650,-0.006042,0.5218,0.0000,6445.5,-0.1057,2,0
28.7461,0.850928,59.997652,-0.006041,0.5178,0.0000,6407.1,-0.1050,2,0
28.6341,0.850928,59.997654,-0.006039,0.5137,0.0000,6362.4,-0.1042,2,0
28.5233,0.850928,59.997656,-0.006038,0.5021,0.0000,6294.3,-0.1040,2,0
28.3913,0.850928,59.997658,-0.006036,0.4905,0.0000,6339.3,-0.1051,2,0
28.2751,0.850928,59.997660,-0.006035,0.4743,0.0000,6335.0,-0.1047,2,0
28.1698,0.850928,59.997663,-0.006034,0.4582,0.0000,6291.5,-0.1046,2,0
28.0773,0.850928,59.997666,-0.006032,0.4403,0.0000,6225.2,-0.1042,2,0
27.9593,0.850928,59.997669,-0.006031,0.4225,0.0000,6238.1,-0.1042,2,0
27.8576,0.850928,59.997672,-0.006030,0.4017,0.0000,6248.1,-0.1031,2,0
27.7640,0.850928,59.997675,-0.006029,0.3809,0.0000,6234.7,-0.1020,2,0
27.6819,0.851612,59.997678,-0.006027,0.3716,0.0000,6194.2,-0.1007,2,0
27.5862,0.851612,59.997681,-0.006026,0.3622,0.0000,6178.7,-0.1000,2,0
27.4953,0.851612,59.997684,-0.006025,0.3468,0.0000,6176.4,-0.0991,2,0
27.4114,0.851612,59.997687,-0.006023,0.3314,0.0000,6151.0,-0.0984,2,0
27.3306,0.851612,59.997690,-0.006022,0.3149,0.0000,6140.2,-0.0975,2,0
27.2546,0.851612,59.997692,-0.006021,0.2984,0.0000,6112.7,-0.0968,2,0
27.1734,0.851612,59.997694,-0.006020,0.2818,0.0000,6119.5,-0.0965,2,0
27.1019,0.851612,59.997696,-0.006019,0.2652,0.0000,6104.5,-0.0964,2,0
27.0335,0.851612,59.997698,-0.006018,0.2500,0.0000,6097.2,-0.0969,2,0
26.9691,0.851612,59.997700,-0.006017,0.2348,0.0000,6088.4,-0.0980,2,0
26.9056,0.852270,59.997702,-0.006016,0.2290,0.0000,6078.5,-0.0995,2,0
26.8437,0.852270,59.997704,-0.006015,0.2231,0.0000,6068.3,-0.1012,2,0
26.7856,0.852270,59.997706,-0.006014,0.2145,0.0000,6047.4,-0.1030,2,0
26.7261,0.852270,59.997708,-0.006013,0.2059,0.0000,6039.6,-0.1048,2,0
26.6696,0.852270,59.997710,-0.006011,0.1949,0.0000,6027.8,-0.1068,2,0
26.6126,0.852270,59.997712,-0.006011,0.1839,0.0000,6025.3,-0.1089,2,0
26.5620,0.852270,59.997715,-0.006010,0.1759,0.0000,6009.9,-0.1111,2,0
26.5102,0.852270,59.997717,-0.006009,0.1678,0.0000,6004.5,-0.1134,2,0
26.4619,0.852270,59.997720,-0.006008,0.1559,0.0000,5995.5,-0.1156,2,0
26.4151,0.852270,59.997722,-0.006007,0.1440,0.0000,5988.4,-0.1179,2,0
26.3722,0.852915,59.997724,-0.006006,0.1409,0.0000,5974.3,-0.1200,2,0
26.3292,0.852915,59.997727,-0.006005,0.1377,0.0000,5963.6,-0.1219,2,0
26.2863,0.852915,59.997729,-0.006004,0.1348,0.0000,5953.1,-0.1240,2,0
26.2434,0.852915,59.997732,-0.006004,0.1318,0.0000,5945.9,-0.1261,2,0
26.2015,0.852915,59.997734,-0.006003,0.1310,0.0000,5938.1,-0.1284,2,0
26.1602,0.852915,59.997736,-0.006002,0.1302,0.0000,5932.0,-0.1307,2,0
26.1183,0.852915,59.997739,-0.006001,0.1319,0.0000,5923.7,-0.1331,2,0
26.0773,0.852915,59.997741,-0.006001,0.1336,0.0000,5911.0,-0.1356,2,0
26.0370,0.852915,59.997743,-0.006000,0.1310,0.0000,5896.5,-0.1381,2,0
25.9960,0.852915,59.997746,-0.005999,0.1284,0.0000,5884.9,-0.1407,2,0
25.9555,0.853547,59.997748,-0.005999,0.1295,0.0000,5873.8,-0.1434,2,0
25.9147,0.853547,59.997750,-0.005998,0.1306,0.0000,5862.6,-0.1464,2,0
25.8742,0.853547,59.997752,-0.005997,0.1299,0.0000,5851.2,-0.1496,2,0
25.8328,0.853547,59.997755,-0.005996,0.1292,0.0000,5843.7,-0.1529,2,0
25.7915,0.853547,59.997757,-0.005996,0.1257,0.0000,5836.9,-0.1561,2,0
25.7537,0.853547,59.997759,-0.005995,0.1221,0.0000,5824.6,-0.1594,2,0
25.7155,0.853547,59.997762,-0.005995,0.1204,0.0000,5811.9,-0.1628,2,0
25.6770,0.853547,59.997764,-0.005994,0.1187,0.0000,5800.0,-0.1660,2,0
25.6395,0.853547,59.997766,-0.005994,0.1114,0.0000,5790.3,-0.1692,2,0
25.6028,0.853547,59.997768,-0.005993,0.1042,0.0000,5782.1,-0.1723,2,0
25.5681,0.854164,59.997771,-0.005993,0.1026,0.0000,5773.5,-0.1753,2,0
25.5329,0.854164,59.997773,-0.005992,0.1010,0.0000,5767.0,-0.1783,2,0
25.4974,0.854164,59.997775,-0.005992,0.0967,0.0000,5761.1,-0.1809,2,0
25.4630,0.854164,59.997778,-0.005991,0.0925,0.0000,5756.0,-0.1834,2,0
25.4305,0.854164,59.997780,-0.005991,0.0911,0.0000,5747.3,-0.1858,2,0
25.3991,0.854164,59.997782,-0.005990,0.0897,0.0000,5736.6,-0.1879,2,0
25.3659,0.854164,59.997785,-0.005990,0.0893,0.0000,5729.9,-0.1896,2,0
25.3340,0.854164,59.997787,-0.005990,0.0889,0.0000,5721.4,-0.1912,2,0
25.3014,0.854164,59.997789,-0.005989,0.0823,0.0000,5716.5,-0.1927,2,0
25.2699,0.854164,59.997791,-0.005989,0.0757,0.0000,5712.0,-0.1943,2,0
25.2393,0.854771,59.997794,-0.005988,0.0757,0.0000,5708.4,-0.1956,2,0
25.2084,0.854771,59.997796,-0.005988,0.0756,0.0000,5705.9,-0.1969,2,0
25.1786,0.854771,59.997798,-0.005988,0.0707,0.0000,5701.7,-0.1980,2,0
25.1500,0.854771,59.997801,-0.005987,0.0659,0.0000,5697.1,-0.1991,2,0
25.1216,0.854771,59.997803,-0.005987,0.0593,0.0000,5693.3,-0.2001,2,0
25.0937,0.854771,59.997805,-0.005987,0.0527,0.0000,5694.2,-0.2010,2,0
25.0684,0.854771,59.997808,-0.005987,0.0475,0.0000,5689.5,-0.2022,2,0
25.0436,0.854771,59.997810,-0.005987,0.0423,0.0000,5686.4,-0.2034,2,0
25.0199,0.854771,59.997812,-0.005987,0.0384,0.0000,5683.0,-0.2047,2,0
24.9956,0.854771,59.997815,-0.005986,0.0345,0.0000,5686.6,-0.2057,2,0
24.9733,0.855362,59.997817,-0.005986,0.0322,0.0000,5685.0,-0.2068,2,0
24.9511,0.855362,59.997819,-0.005986,0.0299,0.0000,5683.6,-0.2078,2,0
24.9295,0.855362,59.997821,-0.005986,0.0284,0.0000,5682.7,-0.2087,2,0
24.9084,0.855362,59.997824,-0.005986,0.0268,0.0000,5680.1,-0.2096,2,0
24.8880,0.855362,59.997826,-0.005986,0.0227,0.0000,5678.5,-0.2106,2,0
24.8682,0.855362,59.997828,-0.005986,0.0186,0.0000,5676.4,-0.2117,2,0
24.8489,0.855362,59.997831,-0.005986,0.0166,0.0000,5675.2,-0.2128,2,0
24.8302,0.855362,59.997833,-0.005986,0.0147,0.0000,5674.7,-0.2137,2,0
24.8119,0.855362,59.997836,-0.005986,0.0121,0.0000,5674.4,-0.2146,2,0
24.7939,0.855362,59.997838,-0.005986,0.0096,0.0000,5674.8,-0.2154,2,0
24.7769,0.855941,59.997840,-0.005986,0.0063,0.0000,5673.0,-0.2162,2,0
24.7606,0.855941,59.997843,-0.005986,0.0030,0.0000,5670.6,-0.2171,2,0
24.7453,0.855941,59.997845,-0.005986,0.0015,0.0000,5668.9,-0.2180,2,0
24.7306,0.855941,59.997848,-0.005986,0.0000,0.0000,5665.5,-0.2189,2,0
24.7169,0.855941,59.997850,-0.005986,0.0000,0.0000,5660.6,-0.2197,2,0
24.7027,0.855941,59.997852,-0.005986,0.0000,0.0000,5656.5,-0.2203,2,0
24.6878,0.855941,59.997854,-0.005987,0.0000,0.0000,5655.4,-0.2207,2,0
24.6737,0.855941,59.997855,-0.005987,0.0000,0.0000,5650.4,-0.2208,2,0
24.6596,0.855941,59.997857,-0.005987,0.0000,0.0000,5644.6,-0.2203,2,0
24.6451,0.855941,59.997859,-0.005987,0.0000,0.0000,5640.5,-0.2196,2,0
24.6313,0.856508,59.997861,-0.005988,0.0000,0.0000,5634.5,-0.2186,2,0
24.6175,0.856508,59.997863,-0.005988,0.0000,0.0000,5629.2,-0.2173,2,0
24.6040,0.856508,59.997864,-0.005988,0.0000,0.0000,5623.2,-0.2158,2,0
24.5903,0.856508,59.997866,-0.005988,0.0000,0.0000,5617.1,-0.2142,2,0
24.5770,0.856508,59.997868,-0.005989,0.0000,0.0000,5610.6,-0.2123,2,0
24.5630,0.856508,59.997870,-0.005989,0.0000,0.0000,5607.3,-0.2102,2,0
24.5493,0.856508,59.997872,-0.005989,0.0000,0.0000,5601.6,-0.2080,2,0
24.5344,0.856508,59.997875,-0.005990,0.0000,0.0000,5601.5,-0.2058,2,0
24.5204,0.856508,59.997877,-0.005990,0.0000,0.0000,5598.3,-0.2037,2,0
24.5067,0.856508,59.997879,-0.005991,0.0000,0.0000,5594.4,-0.2017,2,0
24.4928,0.857065,59.997881,-0.005991,0.0000,0.0000,5593.1,-0.1997,2,0
24.4797,0.857065,59.997883,-0.005992,0.0000,0.0000,5587.8,-0.1976,2,0
24.4662,0.857065,59.997886,-0.005992,0.0000,0.0000,5584.9,-0.1952,2,0
24.4522,0.857065,59.997888,-0.005993,0.0000,0.0000,5583.6,-0.1929,2,0
24.4384,0.857065,59.997890,-0.005993,0.0000,0.0017,5582.8,-0.1905,2,0
24.4248,0.857065,59.997892,-0.005994,0.0000,0.0033,5580.7,-0.1880,2,0
24.4116,0.857065,59.997895,-0.005994,0.0000,0.0055,5579.4,-0.1854,2,0
24.3988,0.857065,59.997897,-0.005995,0.0000,0.0077,5579.4,-0.1828,2,0
24.3860,0.857065,59.997899,-0.005996,0.0000,0.0099,5580.3,-0.1801,2,0
24.3746,0.857065,59.997901,-0.005996,0.0000,0.0120,5580.0,-0.1772,2,0
24.3634,0.857613,59.997904,-0.005997,0.0000,0.0144,5578.9,-0.1741,2,0
24.3528,0.857613,59.997906,-0.005997,0.0000,0.0168,5578.5,-0.1708,2,0
24.3417,0.857613,59.997908,-0.005998,0.0000,0.0198,5581.1,-0.1673,2,0
24.3317,0.857613,59.997911,-0.005999,0.0000,0.0228,5583.3,-0.1639,2,0
24.3220,0.857613,59.997913,-0.005999,0.0000,0.0266,5586.2,-0.1606,2,0
24.3137,0.857613,59.997915,-0.006000,0.0000,0.0304,5587.0,-0.1576,2,0
24.3060,0.857613,59.997918,-0.006001,0.0000,0.0357,5592.3,-0.1551,2,0
24.2999,0.857613,59.997920,-0.006002,0.0000,0.0411,5594.9,-0.1531,2,0
24.2943,0.857613,59.997922,-0.006003,0.0000,0.0461,5596.5,-0.1516,2,0
24.2896,0.857613,59.997925,-0.006004,0.0000,0.0510,5599.8,-0.1508,2,0
24.2852,0.858187,59.997927,-0.006004,0.0000,0.0553,5604.2,-0.1505,2,0
24.2817,0.858187,59.997929,-0.006005,0.0000,0.0595,5610.4,-0.1511,2,0
24.2786,0.858187,59.997931,-0.006006,0.0000,0.0627,5612.5,-0.1521,2,0
24.2752,0.858187,59.997934,-0.006007,0.0000,0.0660,5615.1,-0.1535,2,0
24.2736,0.858187,59.997936,-0.006008,0.0000,0.0688,5617.3,-0.1554,2,0
24.2732,0.858187,59.997938,-0.006009,0.0000,0.0716,5616.6,-0.1579,2,0
24.2722,0.858187,59.997940,-0.006010,0.0000,0.0744,5617.2,-0.1606,2,0
24.2726,0.858187,59.997942,-0.006011,0.0000,0.0772,5614.7,-0.1636,2,0
24.2729,0.858187,59.997944,-0.006012,0.0000,0.0796,5613.9,-0.1668,2,0
24.2733,0.858187,59.997946,-0.006013,0.0000,0.0820,5613.9,-0.1701,2,0
24.2733,0.858726,59.997947,-0.006014,0.0000,0.0845,5615.1,-0.1736,2,0
24.2728,0.858726,59.997949,-0.006015,0.0000,0.0870,5618.1,-0.1769,2,0
24.2733,0.858726,59.997951,-0.006016,0.0000,0.0903,5618.9,-0.1803,2,0
24.2745,0.858726,59.997953,-0.006017,0.0000,0.0936,5618.9,-0.1838,2,0
24.2771,0.858726,59.997955,-0.006018,0.0000,0.0970,5615.2,-0.1870,2,0
24.2795,0.858726,59.997957,-0.006019,0.0000,0.1005,5615.1,-0.1899,2,0
24.2826,0.858726,59.997960,-0.006021,0.0000,0.1042,5613.7,-0.1925,2,0
24.2860,0.858726,59.997962,-0.006022,0.0000,0.1080,5611.9,-0.1945,2,0
24.2892,0.858726,59.997965,-0.006023,0.0000,0.1129,5611.6,-0.1959,2,0
24.2927,0.858726,59.997967,-0.006024,0.0000,0.1178,5611.5,-0.1968,2,0
24.2966,0.859426,59.997970,-0.006026,0.0000,0.1241,5613.5,-0.1973,2,0
24.3012,0.859426,59.997972,-0.006027,0.0000,0.1305,5616.8,-0.1974,2,0
24.3063,0.859426,59.997975,-0.006028,0.0000,0.1421,5622.0,-0.1970,2,0
24.3120,0.859426,59.997977,-0.006029,0.0000,0.1536,5630.1,-0.1960,2,0
24.3189,0.859426,59.997980,-0.006031,0.0000,0.1681,5637.0,-0.1947,2,0
24.3268,0.859426,59.997982,-0.006032,0.0000,0.1826,5644.7,-0.1928,2,0
24.3355,0.859426,59.997983,-0.006034,0.0000,0.2006,5656.1,-0.1906,2,0
24.3460,0.859426,59.997985,-0.006035,0.0000,0.2187,5665.2,-0.1880,2,0
24.3570,0.859426,59.997987,-0.006036,0.0000,0.2372,5678.0,-0.1852,2,0
24.3701,0.859426,59.997988,-0.006038,0.0000,0.2557,5692.7,-0.1827,2,0
24.3865,0.859979,59.997990,-0.006039,0.0000,0.2738,5705.1,-0.1802,2,0
24.4045,0.859979,59.997992,-0.006041,0.0000,0.2919,5715.6,-0.1792,2,0
24.4210,0.859979,59.997994,-0.006042,0.0000,0.3068,5725.9,-0.1784,2,0
24.4398,0.859979,59.997995,-0.006044,0.0000,0.3218,5731.9,-0.1772,2,0
24.4602,0.859979,59.997997,-0.006045,0.0000,0.3328,5737.5,-0.1761,2,0
24.4820,0.859979,59.997999,-0.006047,0.0000,0.3439,5742.9,-0.1751,2,0
24.5047,0.859979,59.998001,-0.006048,0.0000,0.3504,5748.8,-0.1751,2,0
24.5283,0.859979,59.998003,-0.006050,0.0000,0.3569,5757.2,-0.1766,2,0
24.5470,0.859979,59.998005,-0.006052,0.0000,0.3605,5763.0,-0.1782,2,0
24.5650,0.859979,59.998007,-0.006053,0.0000,0.3641,5770.5,-0.1790,2,0
24.5772,0.860932,59.998008,-0.006055,0.0000,0.3653,5800.0,-0.1789,2,0
24.5957,0.860932,59.998010,-0.006057,0.0000,0.3664,5832.0,-0.1784,2,0
24.6255,0.860932,59.998012,-0.006058,0.0000,0.3664,5809.8,-0.1798,2,0
24.6544,0.860932,59.998014,-0.006060,0.0000,0.3664,5793.4,-0.1812,2,0
24.6803,0.860932,59.998016,-0.006061,0.0000,0.3654,5790.1,-0.1831,2,0
24.7002,0.860932,59.998018,-0.006063,0.0000,0.3643,5814.2,-0.1860,2,0
24.6995,0.860932,59.998021,-0.006065,0.0000,0.3643,5921.7,-0.1893,2,0
24.7302,0.860932,59.998023,-0.006067,0.0000,0.3643,5889.0,-0.1927,2,0
24.7622,0.860932,59.998026,-0.006069,0.0000,0.3649,5847.7,-0.1962,2,0
24.7802,0.860932,59.998028,-0.006070,0.0000,0.3654,5869.5,-0.2002,2,0
24.7814,0.862041,59.998030,-0.006072,0.0000,0.3654,5968.2,-0.2048,2,0
24.7968,0.862041,59.998033,-0.006074,0.0000,0.3654,6009.6,-0.2096,2,0
24.8059,0.862041,59.998035,-0.006076,0.0000,0.3654,6002.5,-0.2139,2,1
24.8249,0.862041,59.998038,-0.006078,0.0000,0.3654,5964.8,-0.2179,2,1
24.7985,0.862041,59.998040,-0.006079,0.0000,0.3654,6000.0,-0.2224,2,1
24.7921,0.862041,59.998042,-0.006081,0.0000,0.3654,6031.6,-0.2262,2,1
24.7976,0.862041,59.998044,-0.006083,0.0000,0.3654,6056.3,-0.2264,2,1
24.8084,0.862041,59.998046,-0.006085,0.0000,0.3654,6012.5,-0.2243,2,1
24.8162,0.862041,59.998048,-0.006087,0.0000,0.3654,5951.6,-0.2224,2,1
24.8155,0.862041,59.998050,-0.006089,0.0000,0.3654,5964.9,-0.2157,2,1
24.8110,0.862648,59.998052,-0.006091,0.0000,0.3658,6011.3,-0.2059,2,1
24.8431,0.862648,59.998054,-0.006093,0.0000,0.3661,6028.6,-0.1942,2,1
24.8493,0.862648,59.998056,-0.006095,0.0000,0.3669,6071.5,-0.1814,2,1
24.8435,0.862648,59.998058,-0.006097,0.0000,0.3676,6126.7,-0.1719,2,1
24.8349,0.862648,59.998060,-0.006099,0.0000,0.3675,6140.8,-0.1588,2,1
24.8348,0.862648,59.998062,-0.006101,0.0000,0.3674,6165.4,-0.1451,2,0
24.8509,0.862648,59.998063,-0.006103,0.0000,0.3674,6162.1,-0.1311,2,0
24.8626,0.862648,59.998065,-0.006105,0.0000,0.3674,6149.9,-0.1189,2,0
24.8732,0.862648,59.998067,-0.006108,0.0000,0.3674,6167.8,-0.1116,2,0
24.8728,0.862648,59.998069,-0.006110,0.0000,0.3674,6172.9,-0.1035,2,0
24.8910,0.863608,59.998070,-0.006112,0.0000,0.3668,6151.3,-0.0962,2,0
24.9121,0.863608,59.998072,-0.006114,0.0000,0.3662,6127.6,-0.0892,2,0
24.9180,0.863608,59.998074,-0.006116,0.0000,0.3667,6162.5,-0.0848,2,0
24.9474,0.863608,59.998075,-0.006118,0.0000,0.3672,6096.0,-0.0830,2,0
24.9956,0.863608,59.998077,-0.006120,0.0000,0.3673,5937.7,-0.0824,2,0
25.0231,0.863608,59.998079,-0.006122,0.0000,0.3674,5918.6,-0.0834,2,0
25.0365,0.863608,59.998081,-0.006125,0.0000,0.3679,5966.1,-0.0858,2,0
25.0420,0.863608,59.998083,-0.006127,0.0000,0.3684,6046.4,-0.0888,2,0
25.0484,0.863608,59.998085,-0.006129,0.0000,0.3692,6099.0,-0.0925,2,0
25.0693,0.863608,59.998086,-0.006131,0.0000,0.3700,6063.2,-0.0966,2,0
25.0915,0.864310,59.998088,-0.006134,0.0000,0.3736,6035.9,-0.1010,2,0
25.1068,0.864310,59.998090,-0.006136,0.0000,0.3772,6066.6,-0.1056,2,0
25.1124,0.864310,59.998092,-0.006138,0.0000,0.3814,6123.4,-0.1101,2,0
25.1185,0.864310,59.998094,-0.006140,0.0000,0.3855,6152.7,-0.1141,2,0
25.1320,0.864310,59.998096,-0.006143,0.0000,0.3918,6150.8,-0.1177,2,0
25.1460,0.864310,59.998098,-0.006145,0.0000,0.3982,6146.0,-0.1208,2,0
25.1619,0.864310,59.998100,-0.006147,0.0000,0.4072,6134.2,-0.1233,2,0
25.1789,0.864310,59.998102,-0.006150,0.0000,0.4162,6119.9,-0.1250,2,0
25.1993,0.864310,59.998104,-0.006152,0.0000,0.4293,6092.2,-0.1261,2,0
25.2228,0.864310,59.998106,-0.006154,0.0000,0.4425,6078.9,-0.1266,2,0
25.2484,0.864902,59.998108,-0.006157,0.0000,0.4563,6083.3,-0.1264,2,0
25.2751,0.864902,59.998110,-0.006159,0.0000,0.4702,6089.3,-0.1256,2,0
25.3016,0.864902,59.998112,-0.006161,0.0000,0.4855,6101.1,-0.1243,2,0
25.3282,0.864902,59.998114,-0.006164,0.0000,0.5008,6117.0,-0.1227,2,0
25.3552,0.864902,59.998116,-0.006166,0.0000,0.5160,6132.1,-0.1209,2,0
25.3818,0.864902,59.998118,-0.006169,0.0000,0.5312,6152.2,-0.1188,2,0
25.4069,0.864902,59.998120,-0.006171,0.0000,0.5467,6126.9,-0.1167,2,0
25.4319,0.864902,59.998122,-0.006174,0.0000,0.5622,6168.2,-0.1147,2,0
25.4578,0.864902,59.998124,-0.006176,0.0000,0.5757,6145.4,-0.1128,2,0
25.4853,0.864902,59.998126,-0.006179,0.0000,0.5891,6168.3,-0.1111,2,0
25.5117,0.865517,59.998127,-0.006181,0.0000,0.6016,6173.1,-0.1095,2,0
25.5400,0.865517,59.998129,-0.006184,0.0000,0.6141,6181.8,-0.1081,2,0
25.5668,0.865517,59.998131,-0.006186,0.0000,0.6264,6198.6,-0.1069,2,0
25.5950,0.865517,59.998133,-0.006189,0.0000,0.6388,6183.1,-0.1059,2,0
25.6236,0.865517,59.998135,-0.006191,0.0000,0.6504,6203.2,-0.1052,2,0
25.6525,0.865517,59.998137,-0.006194,0.0000,0.6619,6225.7,-0.1048,2,0
25.6834,0.865517,59.998139,-0.006197,0.0000,0.6742,6207.2,-0.1043,2,0
25.7156,0.865517,59.998141,-0.006200,0.0000,0.6865,6225.3,-0.1037,2,0
25.7465,0.865517,59.998143,-0.006202,0.0000,0.6997,6230.0,-0.1031,2,0
25.7793,0.865517,59.998144,-0.006205,0.0000,0.7128,6240.7,-0.1021,2,0
25.8120,0.866133,59.998146,-0.006208,0.0000,0.7268,6240.0,-0.1006,2,0
25.8452,0.866133,59.998148,-0.006211,0.0000,0.7408,6266.0,-0.0987,2,0
25.8795,0.866133,59.998150,-0.006213,0.0000,0.7566,6255.6,-0.0965,2,0
25.9140,0.866133,59.998152,-0.006216,0.0000,0.7725,6267.9,-0.0937,2,0
25.9505,0.866133,59.998154,-0.006219,0.0000,0.7873,6277.4,-0.0903,2,0
25.9853,0.866133,59.998156,-0.006222,0.0000,0.8021,6292.5,-0.0862,2,0
26.0224,0.866133,59.998158,-0.006225,0.0000,0.8167,6316.9,-0.0817,2,0
26.0602,0.866133,59.998160,-0.006228,0.0000,0.8313,6307.0,-0.0765,2,0
26.0981,0.866133,59.998162,-0.006230,0.0000,0.8466,6325.5,-0.0710,2,0
26.1360,0.866133,59.998163,-0.006233,0.0000,0.8619,6323.5,-0.0652,2,0
26.1741,0.866767,59.998165,-0.006236,0.0000,0.8767,6348.6,-0.0593,2,0
26.2143,0.866767,59.998167,-0.006239,0.0000,0.8915,6348.5,-0.0532,2,0
26.2550,0.866767,59.998169,-0.006242,0.0000,0.9036,6366.1,-0.0469,2,0
26.2980,0.866767,59.998171,-0.006245,0.0000,0.9156,6362.7,-0.0405,2,0
26.3408,0.866767,59.998173,-0.006248,0.0000,0.9265,6380.2,-0.0341,2,0
26.3841,0.866767,59.998175,-0.006251,0.0000,0.9374,6392.3,-0.0276,2,0
26.4290,0.866767,59.998176,-0.006254,0.0000,0.9468,6408.7,-0.0212,2,0
26.4740,0.866767,59.998178,-0.006257,0.0000,0.9561,6399.2,-0.0149,2,0
26.5194,0.866767,59.998180,-0.006260,0.0000,0.9647,6412.6,-0.0088,2,0
26.5672,0.866767,59.998182,-0.006263,0.0000,0.9733,6432.5,-0.0029,2,0
26.6174,0.867410,59.998183,-0.006267,0.0000,0.9806,6432.1,0.0027,2,0
26.6678,0.867410,59.998185,-0.006270,0.0000,0.9878,6458.5,0.0082,2,0
26.7192,0.867410,59.998187,-0.006273,0.0000,0.9936,6453.7,0.0131,2,0
26.7729,0.867410,59.998188,-0.006276,0.0000,0.9994,6485.2,0.0183,2,0
26.8304,0.867410,59.998190,-0.006279,0.0000,0.9997,6500.8,0.0228,2,0
26.8882,0.867410,59.998192,-0.006282,0.0000,1.0000,6514.1,0.0271,2,0
26.9458,0.867410,59.998194,-0.006285,0.0000,1.0000,6528.6,0.0312,2,0
27.0064,0.867410,59.998196,-0.006289,0.0000,1.0000,6531.2,0.0352,2,0
27.0689,0.867410,59.998198,-0.006292,0.0000,1.0000,6524.2,0.0388,2,0
27.1302,0.867410,59.998200,-0.006295,0.0000,1.0000,6522.4,0.0424,2,0
27.1913,0.868071,59.998202,-0.006298,0.0000,1.0000,6520.8,0.0459,2,0
27.2533,0.868071,59.998204,-0.006301,0.0000,1.0000,6516.7,0.0493,2,0
27.3142,0.868071,59.998206,-0.006305,0.0000,1.0000,6516.9,0.0526,2,0
27.3751,0.868071,59.998208,-0.006308,0.0000,1.0000,6516.3,0.0558,2,0
27.4369,0.868071,59.998210,-0.006311,0.0000,1.0000,6512.2,0.0590,2,0
27.4996,0.868071,59.998212,-0.006314,0.0000,1.0000,6504.2,0.0621,2,0
27.5612,0.868071,59.998213,-0.006318,0.0000,1.0000,6501.9,0.0650,2,0
27.6223,0.868071,59.998215,-0.006321,0.0000,1.0000,6502.3,0.0678,2,0
27.6825,0.868071,59.998216,-0.006324,0.0000,1.0000,6505.9,0.0704,2,0
27.7412,0.868071,59.998218,-0.006328,0.0000,1.0000,6515.4,0.0730,2,0
27.7979,0.868744,59.998220,-0.006331,0.0000,1.0000,6534.3,0.0755,2,0
27.8532,0.868744,59.998221,-0.006334,0.0000,1.0000,6558.2,0.0779,2,0
27.9086,0.868744,59.998223,-0.006338,0.0000,1.0000,6581.7,0.0805,2,0
27.9638,0.868744,59.998224,-0.006341,0.0000,1.0000,6606.0,0.0833,2,0
28.0191,0.868744,59.998226,-0.006344,0.0000,1.0000,6629.4,0.0864,2,0
28.0736,0.868744,59.998228,-0.006348,0.0000,1.0000,6655.0,0.0897,2,0
28.1289,0.868744,59.998230,-0.006351,0.0000,1.0000,6678.1,0.0930,2,0
28.1845,0.868744,59.998232,-0.006354,0.0000,1.0000,6698.4,0.0963,2,0
28.2399,0.868744,59.998234,-0.006358,0.0000,1.0000,6718.0,0.0995,2,0
28.2950,0.868744,59.998235,-0.006361,0.0000,1.0000,6738.2,0.1028,2,0
28.3498,0.869432,59.998237,-0.006364,0.0000,1.0000,6759.0,0.1062,2,0
28.4041,0.869432,59.998239,-0.006367,0.0000,1.0000,6782.0,0.1098,2,0
28.4586,0.869432,59.998241,-0.006371,0.0000,1.0000,6804.0,0.1138,2,0
28.5140,0.869432,59.998243,-0.006374,0.0000,1.0000,6820.5,0.1177,2,0
28.5705,0.869432,59.998245,-0.006377,0.0000,1.0000,6831.4,0.1215,2,0
28.6261,0.869432,59.998247,-0.006381,0.0000,1.0000,6846.2,0.1254,2,0
28.6797,0.869432,59.998250,-0.006384,0.0000,1.0000,6866.7,0.1290,2,0
28.7335,0.869432,59.998252,-0.006387,0.0000,1.0000,6886.3,0.1327,2,0
28.7875,0.869432,59.998255,-0.006391,0.0000,0.9960,6905.3,0.1365,2,0
28.8406,0.869432,59.998257,-0.006394,0.0000,0.9920,6927.0,0.1403,2,0
28.8934,0.870126,59.998260,-0.006397,0.0000,0.9725,6948.4,0.1442,2,0
28.9476,0.870126,59.998262,-0.006401,0.0000,0.9529,6961.2,0.1479,2,0
29.0016,0.870126,59.998265,-0.006404,0.0000,0.9203,6977.7,0.1516,2,0
29.0542,0.870126,59.998267,-0.006407,0.0000,0.8877,6990.7,0.1554,2,0
29.1048,0.870126,59.998270,-0.006410,0.0000,0.8453,6997.7,0.1589,2,0
29.1534,0.870126,59.998272,-0.006414,0.0000,0.8029,6999.9,0.1624,2,0
29.1968,0.870126,59.998273,-0.006417,0.0000,0.7539,7006.0,0.1658,2,0
29.2380,0.870126,59.998275,-0.006420,0.0000,0.7049,7004.4,0.1691,2,0
29.2769,0.870126,59.998277,-0.006423,0.0000,0.6490,6992.0,0.1720,2,0
29.3110,0.870126,59.998278,-0.006426,0.0000,0.5932,6982.3,0.1745,2,0
29.3400,0.870831,59.998280,-0.006430,0.0000,0.5373,6974.5,0.1767,2,0
29.3661,0.870831,59.998282,-0.006433,0.0000,0.4813,6957.4,0.1783,2,0
29.3905,0.870831,59.998284,-0.006436,0.0000,0.4259,6929.0,0.1796,2,0
29.4107,0.870831,59.998285,-0.006439,0.0000,0.3705,6900.9,0.1804,2,0
29.4264,0.870831,59.998287,-0.006443,0.0000,0.3181,6875.2,0.1808,2,0
29.4375,0.870831,59.998289,-0.006446,0.0000,0.2658,6851.4,0.1807,2,0
29.4453,0.870831,59.998292,-0.006449,0.0000,0.2249,6829.3,0.1801,2,0
29.4494,0.870831,59.998294,-0.006452,0.0000,0.1840,6804.3,0.1792,2,0
29.4503,0.870831,59.998296,-0.006455,0.0000,0.1553,6779.6,0.1781,2,0
29.4491,0.870831,59.998298,-0.006458,0.0000,0.1265,6757.0,0.1771,2,0
29.4442,0.871535,59.998301,-0.006461,0.0000,0.1077,6738.5,0.1763,2,0
29.4361,0.871535,59.998303,-0.006464,0.0000,0.0888,6727.5,0.1755,2,0
29.4253,0.871535,59.998305,-0.006467,0.0000,0.0776,6720.5,0.1748,2,0
29.4120,0.871535,59.998308,-0.006470,0.0000,0.0663,6717.5,0.1742,2,0
29.3973,0.871535,59.998310,-0.006473,0.0000,0.0618,6718.1,0.1737,2,0
29.3853,0.871535,59.998312,-0.006476,0.0000,0.0573,6707.3,0.1733,2,0
29.3725,0.871535,59.998315,-0.006479,0.0000,0.0556,6699.6,0.1732,2,0
29.3563,0.871535,59.998317,-0.006482,0.0000,0.0539,6705.5,0.1735,2,0
29.3419,0.871535,59.998319,-0.006485,0.0000,0.0500,6704.3,0.1740,2,0
29.3280,0.871535,59.998322,-0.006488,0.0000,0.0460,6699.7,0.1744,2,0
29.3127,0.872234,59.998324,-0.006491,0.0000,0.0390,6698.9,0.1747,2,0
29.2967,0.872234,59.998326,-0.006494,0.0000,0.0319,6699.6,0.1749,2,0
29.2817,0.872234,59.998328,-0.006497,0.0000,0.0247,6691.7,0.1751,2,0
29.2673,0.872234,59.998331,-0.006499,0.0000,0.0175,6679.1,0.1755,2,0
29.2500,0.872234,59.998333,-0.006502,0.0000,0.0109,6677.5,0.1761,2,0
29.2313,0.872234,59.998335,-0.006505,0.0000,0.0043,6681.3,0.1765,2,0
29.2124,0.872234,59.998337,-0.006508,0.0000,0.0021,6684.6,0.1767,2,0
29.1945,0.872234,59.998339,-0.006510,0.0000,0.0000,6682.6,0.1766,2,0
29.1768,0.872234,59.998341,-0.006513,0.0000,0.0000,6678.7,0.1761,2,0
29.1597,0.872234,59.998342,-0.006516,0.0000,0.0000,6671.1,0.1753,2,0
29.1421,0.872955,59.998344,-0.006518,0.0000,0.0000,6667.2,0.1746,2,0
29.1231,0.872955,59.998346,-0.006521,0.0000,0.0000,6668.5,0.1740,2,0
29.1041,0.872955,59.998348,-0.006524,0.0000,0.0000,6670.6,0.1733,2,0
29.0856,0.872955,59.998350,-0.006526,0.0000,0.0000,6671.1,0.1726,2,0
29.0674,0.872955,59.998352,-0.006529,0.0000,0.0000,6669.7,0.1719,2,0
29.0497,0.872955,59.998354,-0.006531,0.0000,0.0000,6665.5,0.1714,2,0
29.0315,0.872955,59.998357,-0.006534,0.0000,0.0000,6663.0,0.1711,2,0
29.0131,0.872955,59.998359,-0.006536,0.0000,0.0000,6659.8,0.1712,2,0
28.9947,0.872955,59.998361,-0.006539,0.0000,0.0000,6656.9,0.1718,2,0
28.9756,0.872955,59.998363,-0.006541,0.0000,0.0000,6656.2,0.1726,2,0
28.9567,0.873640,59.998366,-0.006544,0.0000,0.0000,6655.2,0.1736,2,0
28.9386,0.873640,59.998368,-0.006546,0.0000,0.0000,6650.7,0.1747,2,0
28.9203,0.873640,59.998370,-0.006549,0.0000,0.0000,6644.7,0.1758,2,0
28.9019,0.873640,59.998373,-0.006551,0.0000,0.0000,6638.9,0.1770,2,0
28.8838,0.873640,59.998375,-0.006554,0.0000,0.0000,6632.5,0.1783,2,0
28.8652,0.873640,59.998378,-0.006556,0.0000,0.0000,6628.2,0.1800,2,0
28.8458,0.873640,59.998380,-0.006558,0.0000,0.0000,6626.2,0.1818,2,0
28.8266,0.873640,59.998382,-0.006560,0.0000,0.0000,6624.6,0.1837,2,0
28.8073,0.873640,59.998385,-0.006562,0.0000,0.0000,6621.8,0.1854,2,0
28.7879,0.873640,59.998387,-0.006565,0.0000,0.0000,6618.8,0.1871,2,0
28.7685,0.874419,59.998390,-0.006567,0.0000,0.0000,6612.6,0.1887,2,0
28.7497,0.874419,59.998393,-0.006569,0.0000,0.0000,6606.6,0.1903,2,0
28.7301,0.874419,59.998395,-0.006571,0.0000,0.0012,6603.3,0.1921,2,0
28.7099,0.874419,59.998397,-0.006574,0.0000,0.0025,6602.0,0.1939,2,0
28.6902,0.874419,59.998400,-0.006576,0.0000,0.0190,6602.5,0.1955,2,0
28.6713,0.874419,59.998402,-0.006578,0.0000,0.0354,6603.8,0.1967,2,0
28.6535,0.874419,59.998405,-0.006580,0.0000,0.0476,6602.8,0.1974,2,0
28.6362,0.874419,59.998407,-0.006582,0.0000,0.0597,6601.6,0.1977,2,0
28.6197,0.874419,59.998410,-0.006584,0.0000,0.0690,6601.6,0.1977,2,0
28.6034,0.874419,59.998413,-0.006586,0.0000,0.0783,6604.7,0.1975,2,0
28.5884,0.875230,59.998415,-0.006588,0.0000,0.0891,6608.2,0.1971,2,0
28.5743,0.875230,59.998417,-0.006590,0.0000,0.1000,6612.4,0.1963,2,0
28.5611,0.875230,59.998420,-0.006592,0.0000,0.1107,6618.5,0.1951,2,0
28.5492,0.875230,59.998422,-0.006594,0.0000,0.1214,6623.4,0.1935,2,0
28.5382,0.875230,59.998425,-0.006596,0.0000,0.1307,6625.0,0.1916,2,0
28.5282,0.875230,59.998427,-0.006597,0.0000,0.1399,6628.2,0.1897,2,0
28.5194,0.875230,59.998429,-0.006599,0.0000,0.1491,6631.2,0.1880,2,0
28.5111,0.875230,59.998432,-0.006601,0.0000,0.1582,6636.3,0.1866,2,0
28.5024,0.875230,59.998434,-0.006603,0.0000,0.1649,6644.7,0.1853,2,0
28.4948,0.875230,59.998436,-0.006604,0.0000,0.1716,6650.1,0.1843,2,0
28.4879,0.875921,59.998438,-0.006606,0.0000,0.1776,6655.2,0.1835,2,0
28.4814,0.875921,59.998440,-0.006608,0.0000,0.1836,6658.9,0.1831,2,0
28.4764,0.875921,59.998443,-0.006609,0.0000,0.1882,6659.7,0.1832,2,0
28.4714,0.875921,59.998445,-0.006611,0.0000,0.1928,6661.3,0.1840,2,0
28.4666,0.875921,59.998447,-0.006613,0.0000,0.1963,6663.8,0.1853,2,0
28.4625,0.875921,59.998450,-0.006614,0.0000,0.1998,6665.0,0.1868,2,0
28.4584,0.875921,59.998452,-0.006616,0.0000,0.2019,6667.4,0.1886,2,0
28.4537,0.875921,59.998455,-0.006617,0.0000,0.2040,6668.5,0.1906,2,0
28.4499,0.875921,59.998458,-0.006619,0.0000,0.2052,6666.9,0.1926,2,0
28.4464,0.875921,59.998461,-0.006620,0.0000,0.2064,6666.1,0.1947,2,0
28.4435,0.876748,59.998463,-0.006622,0.0000,0.2069,6662.4,0.1971,2,0
28.4402,0.876748,59.998466,-0.006623,0.0000,0.2075,6660.5,0.1997,2,0
28.4363,0.876748,59.998469,-0.006625,0.0000,0.2091,6656.9,0.2023,2,0
28.4316,0.876748,59.998471,-0.006626,0.0000,0.2108,6658.2,0.2046,2,0
28.4269,0.876748,59.998474,-0.006628,0.0000,0.2125,6659.0,0.2063,2,0
28.4232,0.876748,59.998476,-0.006629,0.0000,0.2141,6657.4,0.2076,2,0
28.4189,0.876748,59.998479,-0.006630,0.0000,0.2172,6654.3,0.2088,2,0
28.4149,0.876748,59.998481,-0.006631,0.0000,0.2203,6655.5,0.2095,2,0
28.4122,0.876748,59.998483,-0.006633,0.0000,0.2240,6656.7,0.2098,2,0
28.4099,0.876748,59.998486,-0.006634,0.0000,0.2277,6659.2,0.2100,2,0
28.4085,0.877439,59.998488,-0.006635,0.0000,0.2327,6660.9,0.2102,2,0
28.4021,0.877439,59.998490,-0.006636,0.0000,0.2377,6662.0,0.2105,2,0
28.3987,0.877439,59.998492,-0.006637,0.0000,0.2439,6662.5,0.2098,2,0
28.3972,0.877439,59.998495,-0.006639,0.0000,0.2501,6661.4,0.2085,2,0
28.3984,0.877439,59.998497,-0.006640,0.0000,0.2567,6666.9,0.2069,2,0
28.4007,0.877439,59.998500,-0.006641,0.0000,0.2633,6666.3,0.2067,2,0
28.4004,0.877439,59.998502,-0.006642,0.0000,0.2710,6670.4,0.2070,2,0
28.4000,0.877439,59.998505,-0.006643,0.0000,0.2786,6676.2,0.2070,2,0
28.3994,0.877439,59.998508,-0.006644,0.0000,0.2887,6692.4,0.2070,2,0
28.4028,0.877439,59.998511,-0.006645,0.0000,0.2988,6693.3,0.2072,2,0
28.4049,0.878294,59.998513,-0.006646,0.0000,0.3075,6681.0,0.2080,2,0
28.4076,0.878294,59.998516,-0.006647,0.0000,0.3162,6677.1,0.2085,2,0
28.4103,0.878294,59.998519,-0.006648,0.0000,0.3244,6685.1,0.2085,2,0
28.4105,0.878294,59.998521,-0.006649,0.0000,0.3327,6723.5,0.2084,2,0
28.4144,0.878294,59.998524,-0.006650,0.0000,0.3408,6720.7,0.2091,2,0
28.4168,0.878294,59.998526,-0.006650,0.0000,0.3489,6719.6,0.2089,2,0
28.4226,0.878294,59.998529,-0.006651,0.0000,0.3569,6720.0,0.2078,2,0
28.4232,0.878294,59.998531,-0.006652,0.0000,0.3649,6756.5,0.2057,2,0
28.4315,0.878294,59.998533,-0.006652,0.0000,0.3730,6762.6,0.2039,2,0
28.4386,0.878294,59.998536,-0.006653,0.0000,0.3811,6748.8,0.2025,2,0
28.4482,0.879172,59.998538,-0.006654,0.0000,0.3894,6745.9,0.2002,2,0
28.4546,0.879172,59.998540,-0.006655,0.0000,0.3977,6768.5,0.1977,2,0
28.4584,0.879172,59.998542,-0.006655,0.0000,0.4050,6812.6,0.1954,2,0
28.4690,0.879172,59.998545,-0.006656,0.0000,0.4124,6796.7,0.1938,2,0
28.4819,0.879172,59.998547,-0.006657,0.0000,0.4206,6779.5,0.1914,2,0
28.4946,0.879172,59.998550,-0.006657,0.0000,0.4287,6777.5,0.1890,2,0
28.5029,0.879172,59.998552,-0.006658,0.0000,0.4366,6808.7,0.1867,2,0
28.5119,0.879172,59.998555,-0.006658,0.0000,0.4445,6822.0,0.1851,2,0
28.5252,0.879172,59.998557,-0.006659,0.0000,0.4536,6808.9,0.1830,2,0
28.5393,0.879172,59.998560,-0.006659,0.0000,0.4626,6812.1,0.1806,2,0
28.5482,0.879870,59.998563,-0.006659,0.0000,0.4718,6847.8,0.1781,2,0
28.5526,0.879870,59.998565,-0.006660,0.0000,0.4810,6905.5,0.1761,2,0
28.5722,0.879870,59.998568,-0.006660,0.0000,0.4911,6885.4,0.1746,2,0
28.5932,0.879870,59.998570,-0.006661,0.0000,0.5012,6867.6,0.1734,2,0
28.6083,0.879870,59.998573,-0.006661,0.0000,0.5110,6883.4,0.1725,2,0
28.6172,0.879870,59.998576,-0.006662,0.0000,0.5207,6931.6,0.1718,2,0
28.6448,0.879870,59.998578,-0.006662,0.0000,0.5318,6891.6,0.1713,2,0
28.6692,0.879870,59.998581,-0.006662,0.0000,0.5428,6866.8,0.1707,2,0
28.6857,0.879870,59.998584,-0.006662,0.0000,0.5540,6881.6,0.1699,2,0
28.7006,0.879870,59.998587,-0.006662,0.0000,0.5652,6925.1,0.1689,2,0
28.7198,0.880760,59.998589,-0.006663,0.0000,0.5755,6940.0,0.1695,2,0
28.7431,0.880760,59.998592,-0.006663,0.0000,0.5858,6937.2,0.1689,2,0
28.7659,0.880760,59.998595,-0.006663,0.0000,0.5968,6942.9,0.1673,2,0
28.7881,0.880760,59.998597,-0.006663,0.0000,0.6078,6958.2,0.1658,2,0
28.8100,0.880760,59.998600,-0.006663,0.0000,0.6174,6975.3,0.1638,2,0
28.8357,0.880760,59.998602,-0.006663,0.0000,0.6271,6976.7,0.1616,2,0
28.8620,0.880760,59.998605,-0.006663,0.0000,0.6376,6978.1,0.1591,2,0
28.8848,0.880760,59.998607,-0.006663,0.0000,0.6480,7001.7,0.1566,2,0
28.8965,0.880760,59.998609,-0.006663,0.0000,0.6596,7002.9,0.1538,2,0
28.9183,0.880760,59.998612,-0.006663,0.0000,0.6712,6981.7,0.1505,2,0
28.9386,0.881634,59.998614,-0.006663,0.0000,0.6824,7000.8,0.1467,2,0
28.9563,0.881634,59.998616,-0.006663,0.0000,0.6937,7006.1,0.1425,2,0
28.9732,0.881634,59.998618,-0.006663,0.0000,0.7053,7009.8,0.1377,2,0
28.9900,0.881634,59.998621,-0.006663,0.0000,0.7169,7023.3,0.1325,2,0
29.0062,0.881634,59.998623,-0.006663,0.0000,0.7292,7038.2,0.1272,2,0
29.0240,0.881634,59.998626,-0.006663,0.0000,0.7416,7038.6,0.1215,2,0
29.0408,0.881634,59.998628,-0.006663,0.0000,0.7544,7044.3,0.1156,2,0
29.0589,0.881634,59.998631,-0.006663,0.0000,0.7673,7051.5,0.1094,2,0
29.0773,0.881634,59.998634,-0.006663,0.0000,0.7801,7058.3,0.1034,2,0
29.0953,0.881634,59.998636,-0.006662,0.0000,0.7929,7064.2,0.0974,2,0
29.1162,0.882338,59.998639,-0.006662,0.0000,0.8060,7065.6,0.0916,2,0
29.1373,0.882338,59.998642,-0.006662,0.0000,0.8191,7068.8,0.0862,2,0
29.1588,0.882338,59.998645,-0.006662,0.0000,0.8323,7073.6,0.0813,2,0
29.1803,0.882338,59.998647,-0.006662,0.0000,0.8455,7081.6,0.0770,2,0
29.2037,0.882338,59.998650,-0.006661,0.0000,0.8575,7083.6,0.0730,2,0
29.2251,0.882338,59.998653,-0.006661,0.0000,0.8695,7096.2,0.0695,2,0
29.2455,0.882338,59.998655,-0.006660,0.0000,0.8805,7114.0,0.0665,2,0
29.2670,0.882338,59.998658,-0.006660,0.0000,0.8915,7127.4,0.0639,2,0
29.2921,0.882338,59.998660,-0.006660,0.0000,0.9028,7129.9,0.0617,2,0
29.3182,0.882338,59.998663,-0.006659,0.0000,0.9141,7132.9,0.0601,2,0
29.3431,0.883176,59.998666,-0.006659,0.0000,0.9244,7141.2,0.0587,2,0
29.3680,0.883176,59.998668,-0.006658,0.0000,0.9347,7151.7,0.0577,2,0
29.3924,0.883176,59.998671,-0.006658,0.0000,0.9450,7166.1,0.0569,2,0
29.4165,0.883176,59.998673,-0.006657,0.0000,0.9553,7181.6,0.0563,2,0
29.4418,0.883176,59.998676,-0.006657,0.0000,0.9655,7194.2,0.0559,2,0
29.4685,0.883176,59.998679,-0.006656,0.0000,0.9757,7203.8,0.0557,2,0
29.4949,0.883176,59.998681,-0.006656,0.0000,0.9867,7217.0,0.0557,2,0
29.5221,0.883176,59.998684,-0.006655,0.0000,0.9977,7230.1,0.0558,2,0
29.5497,0.883176,59.998687,-0.006655,0.0000,0.9989,7240.6,0.0561,2,0
29.5781,0.883176,59.998690,-0.006654,0.0000,1.0000,7248.0,0.0567,2,0
29.6055,0.883951,59.998692,-0.006653,0.0000,1.0000,7257.0,0.0574,2,0
29.6324,0.883951,59.998695,-0.006653,0.0000,1.0000,7265.3,0.0584,2,0
29.6605,0.883951,59.998698,-0.006652,0.0000,1.0000,7269.4,0.0597,2,0
29.6876,0.883951,59.998700,-0.006651,0.0000,1.0000,7278.2,0.0612,2,0
29.7141,0.883951,59.998703,-0.006651,0.0000,1.0000,7287.9,0.0629,2,0
29.7412,0.883951,59.998706,-0.006650,0.0000,1.0000,7296.7,0.0645,2,0
29.7676,0.883951,59.998708,-0.006649,0.0000,1.0000,7305.1,0.0659,2,0
29.7929,0.883951,59.998711,-0.006648,0.0000,1.0000,7316.3,0.0673,2,0
29.8188,0.883951,59.998714,-0.006647,0.0000,1.0000,7326.0,0.0686,2,0
29.8452,0.883951,59.998717,-0.006647,0.0000,1.0000,7331.2,0.0697,2,0
29.8707,0.884652,59.998719,-0.006646,0.0000,1.0000,7341.1,0.0705,2,0
29.8962,0.884652,59.998722,-0.006645,0.0000,1.0000,7352.4,0.0708,2,0
29.9223,0.884652,59.998725,-0.006644,0.0000,1.0000,7359.7,0.0708,2,0
29.9477,0.884652,59.998727,-0.006643,0.0000,1.0000,7367.5,0.0702,2,0
29.9721,0.884652,59.998730,-0.006642,0.0000,1.0000,7378.8,0.0692,2,0
29.9975,0.884652,59.998733,-0.006641,0.0000,1.0000,7386.4,0.0678,2,0
30.0238,0.884652,59.998735,-0.006640,0.0000,1.0000,7390.4,0.0661,2,0
30.0491,0.884652,59.998738,-0.006639,0.0000,1.0000,7397.4,0.0640,2,0
30.0744,0.884652,59.998740,-0.006638,0.0000,1.0000,7404.6,0.0611,2,0
30.1002,0.884652,59.998743,-0.006637,0.0000,1.0000,7410.3,0.0576,2,0
30.1252,0.885377,59.998746,-0.006636,0.0000,1.0000,7417.5,0.0532,2,0
30.1494,0.885377,59.998748,-0.006635,0.0000,1.0000,7427.2,0.0480,2,0
30.1750,0.885377,59.998751,-0.006634,0.0000,1.0000,7432.2,0.0421,2,0
30.2006,0.885377,59.998753,-0.006633,0.0000,1.0000,7436.3,0.0357,2,0
30.2258,0.885377,59.998756,-0.006632,0.0000,1.0000,7444.4,0.0286,2,0
30.2519,0.885377,59.998759,-0.006631,0.0000,1.0000,7448.9,0.0207,2,0
30.2781,0.885377,59.998761,-0.006629,0.0000,1.0000,7452.9,0.0121,2,0
30.3029,0.885377,59.998764,-0.006628,0.0000,1.0000,7466.0,0.0031,2,0
30.3277,0.885377,59.998767,-0.006627,0.0000,1.0000,7475.2,-0.0063,2,0
30.3547,0.885377,59.998770,-0.006625,0.0000,1.0000,7477.9,-0.0160,2,0
30.3822,0.886097,59.998772,-0.006624,0.0000,1.0000,7482.4,-0.0256,2,0
30.4082,0.886097,59.998775,-0.006623,0.0000,1.0000,7488.9,-0.0355,2,0
30.4350,0.886097,59.998778,-0.006622,0.0000,1.0000,7494.4,-0.0458,2,0
30.4596,0.886097,59.998780,-0.006620,0.0000,1.0000,7506.6,-0.0558,2,0
30.4843,0.886097,59.998783,-0.006619,0.0000,1.0000,7517.8,-0.0655,2,0
30.5103,0.886097,59.998786,-0.006618,0.0000,1.0000,7523.8,-0.0748,2,0
30.5370,0.886097,59.998788,-0.006616,0.0000,1.0000,7527.7,-0.0832,2,0
30.5633,0.886097,59.998791,-0.006615,0.0000,1.0000,7534.8,-0.0908,2,0
30.5904,0.886097,59.998794,-0.006613,0.0000,1.0000,7538.7,-0.0975,2,0
30.6181,0.886097,59.998797,-0.006612,0.0000,1.0000,7538.6,-0.1032,2,0
30.6438,0.886830,59.998799,-0.006610,0.0000,1.0000,7546.2,-0.1079,2,0
30.6699,0.886830,59.998802,-0.006609,0.0000,1.0000,7551.8,-0.1115,2,0
30.6979,0.886830,59.998805,-0.006607,0.0000,1.0000,7550.6,-0.1137,2,0
30.7261,0.886830,59.998807,-0.006606,0.0000,1.0000,7548.1,-0.1149,2,0
30.7539,0.886830,59.998810,-0.006604,0.0000,1.0000,7548.5,-0.1151,2,0
30.7824,0.886830,59.998813,-0.006603,0.0000,1.0000,7546.1,-0.1142,2,0
30.8119,0.886830,59.998815,-0.006601,0.0000,1.0000,7537.8,-0.1125,2,0
30.8404,0.886830,59.998818,-0.006600,0.0000,1.0000,7534.1,-0.1100,2,0
30.8702,0.886830,59.998821,-0.006598,0.0000,1.0000,7524.0,-0.1068,2,0
30.9020,0.886830,59.998824,-0.006596,0.0000,1.0000,7506.6,-0.1029,2,0
30.9330,0.887570,59.998826,-0.006595,0.0000,1.0000,7495.3,-0.0983,2,0
30.9634,0.887570,59.998829,-0.006593,0.0000,1.0000,7487.0,-0.0931,2,0
30.9961,0.887570,59.998832,-0.006591,0.0000,1.0000,7494.1,-0.0874,2,0
31.0294,0.887570,59.998834,-0.006590,0.0000,1.0000,7517.8,-0.0812,2,0
31.0648,0.887570,59.998837,-0.006588,0.0000,1.0000,7486.9,-0.0747,2,0
31.1031,0.887570,59.998839,-0.006586,0.0000,1.0000,7538.3,-0.0679,2,0
31.1460,0.887570,59.998842,-0.006585,0.0000,1.0000,7475.9,-0.0608,2,0
31.1875,0.887570,59.998844,-0.006583,0.0000,1.0000,7516.2,-0.0536,2,0
31.2349,0.887570,59.998846,-0.006581,0.0000,1.0000,7530.3,-0.0462,2,0
31.2866,0.887570,59.998849,-0.006579,0.0000,1.0000,7526.0,-0.0389,2,0
31.3378,0.888324,59.998851,-0.006578,0.0000,1.0000,7522.5,-0.0316,2,0
31.3890,0.888324,59.998853,-0.006576,0.0000,1.0000,7517.1,-0.0244,2,0
31.4434,0.888324,59.998855,-0.006574,0.0000,1.0000,7500.5,-0.0170,2,0
31.4973,0.888324,59.998858,-0.006572,0.0000,1.0000,7486.1,-0.0096,2,0
31.5498,0.888324,59.998860,-0.006570,0.0000,1.0000,7481.6,-0.0021,2,0
31.6011,0.888324,59.998863,-0.006568,0.0000,1.0000,7482.5,0.0054,2,0
31.6524,0.888324,59.998865,-0.006567,0.0000,1.0000,7484.3,0.0127,2,0
31.7026,0.888324,59.998868,-0.006565,0.0000,1.0000,7488.2,0.0198,2,0
31.7526,0.888324,59.998870,-0.006563,0.0000,1.0000,7491.7,0.0266,2,0
31.8039,0.888324,59.998873,-0.006561,0.0000,1.0000,7491.1,0.0329,2,0
31.8546,0.889090,59.998876,-0.006559,0.0000,1.0000,7494.7,0.0389,2,0
31.9033,0.889090,59.998878,-0.006557,0.0000,1.0000,7506.2,0.0443,2,0
31.9524,0.889090,59.998881,-0.006555,0.0000,1.0000,7516.7,0.0492,2,0
32.0004,0.889090,59.998883,-0.006553,0.0000,1.0000,7530.6,0.0536,2,0
32.0485,0.889090,59.998886,-0.006551,0.0000,1.0000,7542.1,0.0573,2,0
32.0966,0.889090,59.998889,-0.006549,0.0000,1.0000,7553.5,0.0604,2,0
32.1459,0.889090,59.998892,-0.006547,0.0000,1.0000,7559.0,0.0630,2,0
32.1941,0.889090,59.998895,-0.006545,0.0000,1.0000,7570.1,0.0651,2,0
32.2417,0.889090,59.998898,-0.006543,0.0000,1.0000,7584.4,0.0667,2,0
32.2882,0.889090,59.998901,-0.006541,0.0000,1.0000,7602.4,0.0679,2,0
32.3340,0.889866,59.998905,-0.006539,0.0000,1.0000,7622.2,0.0686,2,0
32.3787,0.889866,59.998908,-0.006537,0.0000,1.0000,7644.6,0.0690,2,0
32.4247,0.889866,59.998911,-0.006535,0.0000,1.0000,7662.7,0.0692,2,0
32.4715,0.889866,59.998914,-0.006533,0.0000,1.0000,7678.8,0.0690,2,0
32.5173,0.889866,59.998917,-0.006532,0.0000,1.0000,7698.4,0.0688,2,0
32.5626,0.889866,59.998920,-0.006529,0.0000,1.0000,7720.4,0.0685,2,0
32.6085,0.889866,59.998922,-0.006527,0.0000,1.0000,7736.9,0.0680,2,0
32.6534,0.889866,59.998925,-0.006525,0.0000,1.0000,7758.3,0.0674,2,0
32.6994,0.889866,59.998927,-0.006523,0.0000,1.0000,7772.8,0.0669,2,0
32.7467,0.889866,59.998930,-0.006521,0.0000,1.0000,7782.5,0.0663,2,0
32.7930,0.890660,59.998933,-0.006519,0.0000,1.0000,7798.3,0.0658,2,0
32.8388,0.890660,59.998935,-0.006517,0.0000,1.0000,7813.8,0.0654,2,0
32.8851,0.890660,59.998938,-0.006515,0.0000,1.0000,7828.9,0.0650,2,0
32.9315,0.890660,59.998940,-0.006513,0.0000,1.0000,7840.5,0.0646,2,0
32.9767,0.890660,59.998943,-0.006511,0.0000,1.0000,7855.2,0.0643,2,0
33.0232,0.890660,59.998946,-0.006509,0.0000,1.0000,7864.2,0.0640,2,0
33.0704,0.890660,59.998948,-0.006506,0.0000,1.0000,7872.3,0.0639,2,0
33.1160,0.890660,59.998951,-0.006504,0.0000,1.0000,7886.9,0.0638,2,0
33.1622,0.890660,59.998954,-0.006502,0.0000,1.0000,7898.2,0.0638,2,0
33.2088,0.890660,59.998956,-0.006500,0.0000,1.0000,7909.0,0.0636,2,0
33.2533,0.891460,59.998959,-0.006497,0.0000,1.0000,7922.7,0.0634,2,0
33.2998,0.891460,59.998962,-0.006495,0.0000,1.0000,7931.0,0.0632,2,0
33.3468,0.891460,59.998965,-0.006493,0.0000,1.0000,7938.1,0.0629,2,0
33.3930,0.891460,59.998967,-0.006491,0.0000,1.0000,7949.6,0.0627,2,0
33.4390,0.891460,59.998970,-0.006489,0.0000,1.0000,7961.0,0.0625,2,0
33.4850,0.891460,59.998973,-0.006486,0.0000,1.0000,7972.8,0.0622,2,0
33.5303,0.891460,59.998975,-0.006484,0.0000,1.0000,7986.6,0.0619,2,0
33.5770,0.891460,59.998978,-0.006482,0.0000,1.0000,7995.0,0.0615,2,0
33.6247,0.891460,59.998981,-0.006479,0.0000,1.0000,7997.7,0.0612,2,0
33.6711,0.891460,59.998984,-0.006477,0.0000,1.0000,8008.0,0.0610,2,0
33.7172,0.892275,59.998986,-0.006474,0.0000,1.0000,8020.4,0.0609,2,0
33.7653,0.892275,59.998989,-0.006472,0.0000,1.0000,8023.6,0.0607,2,0
33.8108,0.892275,59.998992,-0.006470,0.0000,1.0000,8036.1,0.0605,2,0
33.8572,0.892275,59.998994,-0.006467,0.0000,1.0000,8043.9,0.0601,2,0
33.9053,0.892275,59.998997,-0.006465,0.0000,1.0000,8043.6,0.0598,2,0
33.9517,0.892275,59.999000,-0.006463,0.0000,1.0000,8051.2,0.0594,2,0
33.9984,0.892275,59.999003,-0.006460,0.0000,1.0000,8058.3,0.0590,2,0
34.0450,0.892275,59.999006,-0.006458,0.0000,1.0000,8064.9,0.0585,2,0
34.0904,0.892275,59.999009,-0.006455,0.0000,1.0000,8075.4,0.0578,2,0
34.1366,0.892275,59.999012,-0.006453,0.0000,1.0000,8083.0,0.0570,2,0
34.1828,0.893107,59.999015,-0.006450,0.0000,1.0000,8087.7,0.0562,2,0
34.2284,0.893107,59.999018,-0.006448,0.0000,1.0000,8098.7,0.0555,2,0
34.2739,0.893107,59.999021,-0.006445,0.0000,1.0000,8109.3,0.0550,2,0
34.3189,0.893107,59.999024,-0.006443,0.0000,1.0000,8120.6,0.0546,2,0
34.3647,0.893107,59.999027,-0.006440,0.0000,1.0000,8131.0,0.0542,2,0
34.4084,0.893107,59.999030,-0.006438,0.0000,1.0000,8146.3,0.0539,2,0
34.4551,0.893107,59.999032,-0.006435,0.0000,1.0000,8151.6,0.0539,2,0
34.4999,0.893107,59.999035,-0.006432,0.0000,1.0000,8163.8,0.0543,2,0
34.5453,0.893107,59.999038,-0.006430,0.0000,1.0000,8174.0,0.0550,2,0
34.5907,0.893107,59.999040,-0.006427,0.0000,1.0000,8185.6,0.0561,2,0
34.6359,0.893949,59.999043,-0.006425,0.0000,1.0000,8194.1,0.0575,2,0
34.6814,0.893949,59.999046,-0.006422,0.0000,1.0000,8203.7,0.0591,2,0
34.7257,0.893949,59.999049,-0.006419,0.0000,1.0000,8216.0,0.0610,2,0
34.7708,0.893949,59.999051,-0.006417,0.0000,1.0000,8224.6,0.0632,2,0
34.8153,0.893949,59.999054,-0.006414,0.0000,1.0000,8235.2,0.0656,2,0
34.8605,0.893949,59.999057,-0.006411,0.0000,1.0000,8245.8,0.0682,2,0
34.9041,0.893949,59.999059,-0.006409,0.0000,1.0000,8260.1,0.0708,2,0
34.9474,0.893949,59.999062,-0.006406,0.0000,1.0000,8275.5,0.0735,2,0
34.9910,0.893949,59.999064,-0.006403,0.0000,1.0000,8285.6,0.0760,2,0
35.0348,0.893949,59.999067,-0.006400,0.0000,1.0000,8295.5,0.0786,2,0
35.0792,0.894806,59.999070,-0.006398,0.0000,1.0000,8306.7,0.0811,2,0
35.1226,0.894806,59.999072,-0.006395,0.0000,1.0000,8321.5,0.0834,2,0
35.1660,0.894806,59.999075,-0.006392,0.0000,1.0000,8334.4,0.0853,2,0
35.2080,0.894806,59.999077,-0.006390,0.0000,1.0000,8350.7,0.0869,2,0
35.2516,0.894806,59.999080,-0.006387,0.0000,1.0000,8359.4,0.0880,2,0
35.2955,0.894806,59.999083,-0.006384,0.0000,1.0000,8367.9,0.0891,2,0
35.3381,0.894806,59.999086,-0.006381,0.0000,1.0000,8386.7,0.0896,2,0
35.3803,0.894806,59.999089,-0.006378,0.0000,1.0000,8404.2,0.0902,2,0
35.4237,0.894806,59.999092,-0.006375,0.0000,1.0000,8416.1,0.0900,2,0
35.4677,0.894806,59.999095,-0.006372,0.0000,1.0000,8426.9,0.0897,2,0
35.5098,0.895673,59.999098,-0.006370,0.0000,1.0000,8439.6,0.0888,2,0
35.5530,0.895673,59.999101,-0.006367,0.0000,1.0000,8450.9,0.0878,2,0
35.5962,0.895673,59.999104,-0.006364,0.0000,1.0000,8463.3,0.0869,2,0
35.6384,0.895673,59.999107,-0.006361,0.0000,1.0000,8480.3,0.0854,2,0
35.6807,0.895673,59.999110,-0.006358,0.0000,1.0000,8492.9,0.0838,2,0
35.7231,0.895673,59.999113,-0.006355,0.0000,1.0000,8508.8,0.0820,2,0
35.7652,0.895673,59.999116,-0.006352,0.0000,1.0000,8519.5,0.0798,2,0
35.8078,0.895673,59.999118,-0.006349,0.0000,1.0000,8528.7,0.0776,2,0
35.8514,0.895673,59.999121,-0.006346,0.0000,1.0000,8538.2,0.0754,2,0
35.8946,0.895673,59.999124,-0.006343,0.0000,1.0000,8547.6,0.0728,2,0
35.9353,0.896557,59.999127,-0.006340,0.0000,1.0000,8565.7,0.0698,2,0
35.9765,0.896557,59.999130,-0.006337,0.0000,1.0000,8577.9,0.0665,2,0
36.0197,0.896557,59.999132,-0.006334,0.0000,1.0000,8583.4,0.0632,2,0
36.0624,0.896557,59.999135,-0.006331,0.0000,1.0000,8591.3,0.0598,2,0
36.1053,0.896557,59.999138,-0.006328,0.0000,1.0000,8600.7,0.0564,2,0
36.1477,0.896557,59.999141,-0.006324,0.0000,1.0000,8609.9,0.0530,2,0
36.1893,0.896557,59.999144,-0.006321,0.0000,1.0000,8624.4,0.0495,2,0
36.2307,0.896557,59.999148,-0.006318,0.0000,1.0000,8632.8,0.0460,2,0
36.2737,0.896557,59.999151,-0.006315,0.0000,1.0000,8638.0,0.0425,2,0
36.3151,0.896557,59.999154,-0.006312,0.0000,1.0000,8649.3,0.0392,2,0
36.3571,0.897448,59.999157,-0.006308,0.0000,1.0000,8661.0,0.0362,2,0
36.3989,0.897448,59.999160,-0.006305,0.0000,1.0000,8668.7,0.0331,2,0
36.4404,0.897448,59.999164,-0.006302,0.0000,1.0000,8678.9,0.0302,2,0
36.4826,0.897448,59.999167,-0.006299,0.0000,1.0000,8683.7,0.0275,2,0
36.5257,0.897448,59.999170,-0.006296,0.0000,1.0000,8686.6,0.0251,2,0
36.5681,0.897448,59.999173,-0.006292,0.0000,1.0000,8693.5,0.0230,2,0
36.6112,0.897448,59.999175,-0.006289,0.0000,1.0000,8696.0,0.0213,2,0
36.6535,0.897448,59.999178,-0.006286,0.0000,1.0000,8701.5,0.0198,2,0
36.6964,0.897448,59.999180,-0.006282,0.0000,1.0000,8706.0,0.0185,2,0
36.7399,0.897448,59.999182,-0.006279,0.0000,1.0000,8705.8,0.0177,2,0
36.7838,0.898347,59.999185,-0.006276,0.0000,1.0000,8705.5,0.0172,2,0
36.8268,0.898347,59.999187,-0.006272,0.0000,1.0000,8710.2,0.0170,2,0
36.8707,0.898347,59.999190,-0.006269,0.0000,1.0000,8710.6,0.0172,2,0
36.9137,0.898347,59.999192,-0.006266,0.0000,1.0000,8715.2,0.0176,2,0
36.9562,0.898347,59.999195,-0.006262,0.0000,1.0000,8720.8,0.0183,2,0
37.0006,0.898347,59.999198,-0.006259,0.0000,1.0000,8718.8,0.0191,2,0
37.0443,0.898347,59.999200,-0.006255,0.0000,1.0000,8720.8,0.0202,2,0
37.0882,0.898347,59.999203,-0.006252,0.0000,1.0000,8725.2,0.0213,2,0
37.1326,0.898347,59.999205,-0.006249,0.0000,1.0000,8725.5,0.0225,2,0
37.1753,0.898347,59.999208,-0.006245,0.0000,1.0000,8731.9,0.0238,2,0
37.2194,0.899255,59.999210,-0.006242,0.0000,1.0000,8732.4,0.0252,2,0
37.2636,0.899255,59.999212,-0.006238,0.0000,1.0000,8733.4,0.0266,2,0
37.3079,0.899255,59.999215,-0.006235,0.0000,1.0000,8734.7,0.0281,2,0
37.3513,0.899255,59.999218,-0.006231,0.0000,1.0000,8738.3,0.0294,2,0
37.3942,0.899255,59.999220,-0.006228,0.0000,1.0000,8743.4,0.0307,2,0
37.4370,0.899255,59.999223,-0.006224,0.0000,1.0000,8749.4,0.0318,2,0
37.4800,0.899255,59.999226,-0.006221,0.0000,1.0000,8752.2,0.0328,2,0
37.5229,0.899255,59.999230,-0.006217,0.0000,1.0000,8757.2,0.0336,2,0
37.5653,0.899255,59.999233,-0.006214,0.0000,1.0000,8763.3,0.0342,2,0
37.6066,0.899255,59.999236,-0.006210,0.0000,1.0000,8773.2,0.0348,2,0
37.6477,0.900174,59.999239,-0.006207,0.0000,1.0000,8784.6,0.0351,2,0
37.6878,0.900174,59.999242,-0.006203,0.0000,1.0000,8798.8,0.0353,2,0
37.7286,0.900174,59.999246,-0.006200,0.0000,1.0000,8808.7,0.0350,2,0
37.7696,0.900174,59.999249,-0.006196,0.0000,1.0000,8820.1,0.0348,2,0
37.8087,0.900174,59.999252,-0.006192,0.0000,1.0000,8837.7,0.0344,2,0
37.8490,0.900174,59.999255,-0.006189,0.0000,1.0000,8852.3,0.0340,2,0
37.8880,0.900174,59.999258,-0.006185,0.0000,1.0000,8867.4,0.0336,2,0
37.9284,0.900174,59.999261,-0.006182,0.0000,1.0000,8877.1,0.0332,2,0
37.9688,0.900174,59.999264,-0.006178,0.0000,1.0000,8886.1,0.0329,2,0
38.0080,0.900174,59.999268,-0.006174,0.0000,1.0000,8901.2,0.0328,2,0
38.0477,0.901099,59.999271,-0.006171,0.0000,1.0000,8914.8,0.0328,2,0
38.0880,0.901099,59.999274,-0.006167,0.0000,1.0000,8924.6,0.0331,2,0
38.1267,0.901099,59.999277,-0.006164,0.0000,1.0000,8939.7,0.0336,2,0
38.1665,0.901099,59.999280,-0.006160,0.0000,1.0000,8949.3,0.0343,2,0
38.2073,0.901099,59.999283,-0.006156,0.0000,1.0000,8956.2,0.0352,2,0
38.2390,0.901099,59.999286,-0.006153,0.0000,1.0000,8937.8,0.0362,2,0
38.2294,0.901099,59.999288,-0.006149,0.0000,1.0000,8889.1,0.0375,2,0
38.2138,0.901099,59.999291,-0.006145,0.0000,1.0000,8840.6,0.0389,2,0
38.1994,0.901099,59.999294,-0.006142,0.0000,1.0000,8792.3,0.0402,2,0
38.1865,0.901099,59.999296,-0.006138,0.0000,1.0000,8532.6,0.0417,3,0
38.2447,0.902036,59.999299,-0.006134,0.0000,1.0000,7640.3,0.0431,3,0
38.3103,0.902036,59.999302,-0.006130,0.0000,1.0000,7336.8,0.0446,3,0
38.3653,0.902036,59.999305,-0.006127,0.0000,1.0000,7282.3,0.0459,3,0
38.4068,0.902036,59.999307,-0.006123,0.0000,1.0000,7282.9,0.0473,3,0
38.4469,0.902036,59.999310,-0.006119,0.0000,1.0000,7289.2,0.0488,3,0
38.4858,0.902036,59.999313,-0.006116,0.0000,1.0000,7301.5,0.0505,3,0
38.5247,0.902036,59.999316,-0.006112,0.0000,1.0000,7312.6,0.0523,3,0
38.5639,0.902036,59.999319,-0.006108,0.0000,1.0000,7322.9,0.0543,3,0
38.6023,0.902036,59.999322,-0.006104,0.0000,1.0000,7334.2,0.0563,3,0
38.6410,0.902036,59.999325,-0.006100,0.0000,1.0000,7343.4,0.0585,3,0
38.6811,0.902976,59.999328,-0.006097,0.0000,1.0000,7349.0,0.0608,3,0
38.7202,0.902976,59.999331,-0.006093,0.0000,1.0000,7358.2,0.0633,3,0
38.7591,0.902976,59.999334,-0.006089,0.0000,1.0000,7368.6,0.0656,3,0
38.7991,0.902976,59.999337,-0.006085,0.0000,1.0000,7375.4,0.0679,3,0
38.8376,0.902976,59.999340,-0.006082,0.0000,1.0000,7387.9,0.0699,3,0
38.8779,0.902976,59.999343,-0.006078,0.0000,1.0000,7393.0,0.0719,3,0
38.9191,0.902976,59.999345,-0.006074,0.0000,1.0000,7396.5,0.0737,3,0
38.9581,0.902976,59.999348,-0.006070,0.0000,1.0000,7407.7,0.0752,3,0
38.9986,0.902976,59.999351,-0.006066,0.0000,1.0000,7414.6,0.0767,3,0
39.0376,0.902976,59.999353,-0.006062,0.0000,1.0000,7426.2,0.0780,3,0
39.0768,0.903926,59.999356,-0.006058,0.0000,1.0000,7438.1,0.0791,3,0
39.1166,0.903926,59.999359,-0.006054,0.0000,1.0000,7446.9,0.0800,3,0
39.1554,0.903926,59.999362,-0.006050,0.0000,1.0000,7460.4,0.0807,3,0
39.1928,0.903926,59.999364,-0.006046,0.0000,1.0000,7480.2,0.0811,3,0
39.2307,0.903926,59.999367,-0.006043,0.0000,1.0000,7498.2,0.0810,3,0
39.2671,0.903926,59.999370,-0.006039,0.0000,1.0000,7520.8,0.0809,3,0
39.3047,0.903926,59.999373,-0.006034,0.0000,1.0000,7537.8,0.0801,3,0
39.3433,0.903926,59.999376,-0.006030,0.0000,1.0000,7550.8,0.0792,3,0
39.3821,0.903926,59.999379,-0.006026,0.0000,1.0000,7565.1,0.0780,3,0
39.4209,0.903926,59.999382,-0.006022,0.0000,1.0000,7579.0,0.0766,3,0
39.4585,0.904884,59.999385,-0.006018,0.0000,1.0000,7598.3,0.0749,3,0
39.4968,0.904884,59.999388,-0.006014,0.0000,1.0000,7613.7,0.0731,3,0
39.5366,0.904884,59.999391,-0.006010,0.0000,1.0000,7622.6,0.0712,3,0
39.5755,0.904884,59.999394,-0.006006,0.0000,1.0000,7635.1,0.0692,3,0
39.6144,0.904884,59.999397,-0.006002,0.0000,1.0000,7648.1,0.0672,3,0
39.6525,0.904884,59.999400,-0.005998,0.0000,1.0000,7664.3,0.0650,3,0
39.6898,0.904884,59.999403,-0.005994,0.0000,1.0000,7682.9,0.0628,3,0
39.7297,0.904884,59.999406,-0.005990,0.0000,1.0000,7690.8,0.0606,3,0
39.7681,0.904884,59.999409,-0.005986,0.0000,1.0000,7704.7,0.0584,3,0
39.8068,0.904884,59.999413,-0.005982,0.0000,1.0000,7717.7,0.0562,3,0
39.8456,0.905848,59.999416,-0.005978,0.0000,1.0000,7731.0,0.0538,3,0
39.8833,0.905848,59.999419,-0.005973,0.0000,1.0000,7747.2,0.0515,3,0
39.9220,0.905848,59.999422,-0.005969,0.0000,1.0000,7757.8,0.0492,3,0
39.9606,0.905848,59.999425,-0.005965,0.0000,1.0000,7769.8,0.0470,3,0
39.9992,0.905848,59.999428,-0.005961,0.0000,1.0000,7783.9,0.0449,3,0
40.0379,0.905848,59.999431,-0.005957,0.0000,1.0000,7794.7,0.0428,3,0
40.0747,0.905848,59.999433,-0.005952,0.0000,1.0000,7812.5,0.0407,3,0
40.1129,0.905848,59.999436,-0.005948,0.0000,1.0000,7821.3,0.0387,3,0
40.1512,0.905848,59.999438,-0.005944,0.0000,1.0000,7832.0,0.0368,3,0
40.1898,0.905848,59.999441,-0.005939,0.0000,1.0000,7844.4,0.0351,3,0
40.2284,0.906825,59.999444,-0.005935,0.0000,1.0000,7852.7,0.0335,3,0
40.2653,0.906825,59.999446,-0.005931,0.0000,1.0000,7869.0,0.0320,3,0
40.3041,0.906825,59.999449,-0.005926,0.0000,1.0000,7875.2,0.0307,3,0
40.3427,0.906825,59.999451,-0.005922,0.0000,1.0000,7881.7,0.0296,3,0
40.3825,0.906825,59.999454,-0.005918,0.0000,1.0000,7889.6,0.0290,3,0
40.4212,0.906825,59.999457,-0.005913,0.0000,1.0000,7898.5,0.0287,3,0
40.4588,0.906825,59.999460,-0.005909,0.0000,1.0000,7911.6,0.0287,3,0
40.4987,0.906825,59.999463,-0.005904,0.0000,1.0000,7918.7,0.0293,3,0
40.5382,0.906825,59.999466,-0.005900,0.0000,1.0000,7926.5,0.0304,3,0
40.5781,0.906825,59.999469,-0.005895,0.0000,1.0000,7939.1,0.0322,3,0
40.6177,0.907805,59.999473,-0.005891,0.0000,1.0000,7951.2,0.0347,3,0
40.6556,0.907805,59.999476,-0.005886,0.0000,1.0000,7970.1,0.0376,3,0
40.6944,0.907805,59.999479,-0.005882,0.0000,1.0000,7987.9,0.0410,3,0
40.7313,0.907805,59.999482,-0.005877,0.0000,1.0000,7936.4,0.0448,3,0
40.7646,0.907805,59.999485,-0.005873,0.0000,1.0000,7981.4,0.0489,3,0
40.7988,0.907805,59.999488,-0.005868,0.0000,1.0000,8001.0,0.0533,3,0
40.8289,0.907805,59.999490,-0.005864,0.0000,1.0000,8007.6,0.0578,3,0
40.8578,0.907805,59.999493,-0.005859,0.0000,1.0000,8012.5,0.0624,3,0
40.8851,0.907805,59.999495,-0.005854,0.0000,1.0000,8027.0,0.0668,3,0
40.9101,0.907805,59.999498,-0.005850,0.0000,1.0000,8039.5,0.0710,3,0
40.9331,0.908791,59.999500,-0.005845,0.0000,1.0000,8056.4,0.0749,3,0
40.9548,0.908791,59.999502,-0.005841,0.0000,1.0000,8078.9,0.0784,3,0
40.9756,0.908791,59.999505,-0.005836,0.0000,1.0000,8104.4,0.0814,3,0
40.9964,0.908791,59.999507,-0.005831,0.0000,1.0000,8127.1,0.0839,3,0
41.0175,0.908791,59.999510,-0.005827,0.0000,1.0000,8145.3,0.0858,3,0
41.0379,0.908791,59.999513,-0.005822,0.0000,1.0000,8153.9,0.0872,3,0
41.0596,0.908791,59.999516,-0.005817,0.0000,1.0000,8150.7,0.0873,3,0
41.0828,0.908791,59.999520,-0.005812,0.0000,1.0000,8137.7,0.0869,3,0
41.1085,0.908791,59.999523,-0.005808,0.0000,1.0000,8112.0,0.0852,3,0
41.1365,0.908791,59.999526,-0.005803,0.0000,1.0000,8079.9,0.0824,3,0
41.1672,0.909784,59.999529,-0.005798,0.0000,1.0000,8039.8,0.0788,3,0
41.1994,0.909784,59.999532,-0.005794,0.0000,1.0000,8073.7,0.0740,3,0
41.2353,0.909784,59.999536,-0.005789,0.0000,1.0000,8089.3,0.0681,3,0
41.2720,0.909784,59.999539,-0.005784,0.0000,1.0000,8080.1,0.0618,3,0
41.3046,0.909784,59.999542,-0.005779,0.0000,1.0000,8061.9,0.0546,3,0
41.3375,0.909784,59.999545,-0.005775,0.0000,1.0000,8098.9,0.0470,3,0
41.3715,0.909784,59.999548,-0.005770,0.0000,1.0000,8095.6,0.0388,3,0
41.4028,0.909784,59.999550,-0.005765,0.0000,1.0000,8101.4,0.0302,3,0
41.4373,0.909784,59.999553,-0.005760,0.0000,1.0000,8115.6,0.0214,3,0
41.4710,0.909784,59.999556,-0.005755,0.0000,1.0000,8102.5,0.0126,3,0
41.5039,0.910786,59.999559,-0.005750,0.0000,1.0000,8143.2,0.0042,3,0
41.5379,0.910786,59.999562,-0.005745,0.0000,1.0000,8105.7,-0.0042,3,0
41.5720,0.910786,59.999564,-0.005740,0.0000,1.0000,8151.3,-0.0126,3,0
41.6080,0.910786,59.999567,-0.005735,0.0000,1.0000,8124.8,-0.0209,3,0
41.6417,0.910786,59.999570,-0.005730,0.0000,1.0000,8153.3,-0.0288,3,0
41.6797,0.910786,59.999573,-0.005725,0.0000,1.0000,8176.7,-0.0366,3,0
41.7163,0.910786,59.999575,-0.005720,0.0000,1.0000,8147.3,-0.0443,3,0
41.7511,0.910786,59.999578,-0.005715,0.0000,1.0000,8166.0,-0.0521,3,0
41.7893,0.910786,59.999580,-0.005710,0.0000,1.0000,8185.7,-0.0595,3,0
41.8291,0.910786,59.999583,-0.005705,0.0000,1.0000,8201.1,-0.0666,3,0
41.8711,0.911798,59.999586,-0.005700,0.0000,1.0000,8207.4,-0.0733,3,0
41.9112,0.911798,59.999588,-0.005695,0.0000,1.0000,8220.3,-0.0797,3,0
41.9543,0.911798,59.999591,-0.005690,0.0000,1.0000,8219.0,-0.0856,3,0
41.9981,0.911798,59.999593,-0.005685,0.0000,1.0000,8216.4,-0.0909,3,0
42.0415,0.911798,59.999596,-0.005680,0.0000,1.0000,8217.6,-0.0953,3,0
42.0862,0.911798,59.999599,-0.005674,0.0000,1.0000,8211.7,-0.0987,3,0
42.1298,0.911798,59.999602,-0.005669,0.0000,1.0000,8211.7,-0.1012,3,0
42.1761,0.911798,59.999605,-0.005664,0.0000,1.0000,8200.1,-0.1028,3,0
42.2224,0.911798,59.999608,-0.005659,0.0000,1.0000,8189.9,-0.1035,3,0
42.2696,0.911798,59.999611,-0.005653,0.0000,1.0000,8176.5,-0.1031,3,0
42.3182,0.912823,59.999614,-0.005648,0.0000,1.0000,8158.5,-0.1019,3,0
42.3650,0.912823,59.999617,-0.005643,0.0000,1.0000,8149.2,-0.0997,3,0
42.4126,0.912823,59.999620,-0.005638,0.0000,1.0000,8137.4,-0.0967,3,0
42.4609,0.912823,59.999623,-0.005632,0.0000,1.0000,8123.5,-0.0928,3,0
42.5093,0.912823,59.999626,-0.005627,0.0000,1.0000,8110.6,-0.0877,3,0
42.5584,0.912823,59.999629,-0.005622,0.0000,1.0000,8096.0,-0.0816,3,0
42.6071,0.912823,59.999631,-0.005617,0.0000,1.0000,8084.7,-0.0743,3,0
42.6566,0.912823,59.999634,-0.005611,0.0000,1.0000,8068.8,-0.0658,3,0
42.7049,0.912823,59.999637,-0.005606,0.0000,1.0000,8059.3,-0.0564,3,0
42.7515,0.912823,59.999640,-0.005601,0.0000,1.0000,8059.3,-0.0460,3,0
42.7954,0.913869,59.999642,-0.005595,0.0000,1.0000,8071.9,-0.0350,3,0
42.8363,0.913869,59.999645,-0.005590,0.0000,1.0000,8097.3,-0.0233,3,0
42.8768,0.913869,59.999648,-0.005584,0.0000,1.0000,8123.6,-0.0113,3,0
42.9183,0.913869,59.999650,-0.005579,0.0000,1.0000,8146.8,0.0005,3,0
42.9598,0.913869,59.999653,-0.005574,0.0000,1.0000,8170.6,0.0122,3,0
43.0024,0.913869,59.999656,-0.005568,0.0000,1.0000,8187.6,0.0233,3,0
43.0452,0.913869,59.999658,-0.005563,0.0000,1.0000,8202.3,0.0336,3,0
43.0900,0.913869,59.999661,-0.005558,0.0000,1.0000,8208.0,0.0428,3,0
43.1355,0.913869,59.999664,-0.005552,0.0000,1.0000,8211.0,0.0510,3,0
43.1807,0.913869,59.999667,-0.005547,0.0000,1.0000,8214.9,0.0579,3,0
43.2264,0.914941,59.999669,-0.005541,0.0000,1.0000,8214.9,0.0634,3,0
43.2723,0.914941,59.999672,-0.005536,0.0000,1.0000,8215.0,0.0677,3,0
43.3189,0.914941,59.999675,-0.005531,0.0000,1.0000,8212.0,0.0707,3,0
43.3646,0.914941,59.999677,-0.005525,0.0000,1.0000,8213.1,0.0729,3,0
43.4111,0.914941,59.999680,-0.005520,0.0000,1.0000,8212.5,0.0745,3,0
43.4581,0.914941,59.999683,-0.005515,0.0000,1.0000,8210.6,0.0755,3,0
43.5044,0.914941,59.999685,-0.005509,0.0000,1.0000,8211.6,0.0759,3,0
43.5490,0.914941,59.999688,-0.005504,0.0000,1.0000,8219.3,0.0758,3,0
43.5912,0.914941,59.999690,-0.005498,0.0000,1.0000,8238.3,0.0751,3,0
43.6326,0.914941,59.999693,-0.005493,0.0000,1.0000,8261.4,0.0739,3,0
43.6739,0.916039,59.999696,-0.005487,0.0000,1.0000,8285.0,0.0723,3,0
43.7146,0.916039,59.999698,-0.005482,0.0000,1.0000,8309.4,0.0703,3,0
43.7555,0.916039,59.999701,-0.005476,0.0000,1.0000,8332.3,0.0680,3,0
43.7959,0.916039,59.999703,-0.005471,0.0000,1.0000,8355.3,0.0656,3,0
43.8383,0.916039,59.999706,-0.005466,0.0000,1.0000,8372.1,0.0631,3,0
43.8821,0.916039,59.999709,-0.005460,0.0000,1.0000,8382.2,0.0606,3,0
43.9244,0.916039,59.999712,-0.005454,0.0000,1.0000,8396.0,0.0577,3,0
43.9685,0.916039,59.999715,-0.005449,0.0000,1.0000,8400.4,0.0546,3,0
44.0118,0.916039,59.999718,-0.005443,0.0000,1.0000,8409.7,0.0513,3,0
44.0564,0.916039,59.999721,-0.005438,0.0000,1.0000,8415.0,0.0482,3,0
44.1002,0.917154,59.999725,-0.005432,0.0000,1.0000,8423.8,0.0449,3,0
44.1442,0.917154,59.999728,-0.005427,0.0000,1.0000,8430.0,0.0415,3,0
44.1895,0.917154,59.999731,-0.005421,0.0000,1.0000,8431.6,0.0381,3,0
44.2331,0.917154,59.999734,-0.005415,0.0000,1.0000,8441.9,0.0348,3,0
44.2780,0.917154,59.999737,-0.005410,0.0000,1.0000,8448.9,0.0318,3,0
44.3224,0.917154,59.999740,-0.005404,0.0000,1.0000,8456.8,0.0288,3,0
44.3676,0.917154,59.999742,-0.005398,0.0000,1.0000,8460.4,0.0261,3,0
44.4126,0.917154,59.999745,-0.005393,0.0000,1.0000,8465.1,0.0236,3,0
44.4572,0.917154,59.999747,-0.005387,0.0000,1.0000,8472.4,0.0216,3,0
44.5025,0.917154,59.999750,-0.005381,0.0000,1.0000,8477.6,0.0200,3,0
44.5474,0.918278,59.999753,-0.005376,0.0000,1.0000,8483.0,0.0187,3,0
44.5936,0.918278,59.999755,-0.005370,0.0000,1.0000,8483.2,0.0177,3,0
44.6392,0.918278,59.999758,-0.005364,0.0000,1.0000,8487.8,0.0173,3,0
44.6855,0.918278,59.999760,-0.005358,0.0000,1.0000,8491.3,0.0171,3,0
44.7330,0.918278,59.999763,-0.005353,0.0000,1.0000,8490.8,0.0176,3,0
44.7793,0.918278,59.999766,-0.005347,0.0000,1.0000,8496.1,0.0185,3,0
44.8271,0.918278,59.999768,-0.005341,0.0000,1.0000,8495.6,0.0198,3,0
44.8735,0.918278,59.999771,-0.005335,0.0000,1.0000,8500.0,0.0215,3,0
44.9208,0.918278,59.999774,-0.005329,0.0000,1.0000,8499.1,0.0237,3,0
44.9677,0.918278,59.999777,-0.005323,0.0000,1.0000,8498.3,0.0261,3,0
45.0145,0.919406,59.999779,-0.005318,0.0000,1.0000,8496.0,0.0285,3,0
45.0608,0.919406,59.999782,-0.005312,0.0000,1.0000,8494.4,0.0311,3,0
45.1063,0.919406,59.999785,-0.005306,0.0000,1.0000,8496.5,0.0335,3,0
45.1528,0.919406,59.999787,-0.005300,0.0000,1.0000,8495.3,0.0358,3,0
45.1978,0.919406,59.999790,-0.005294,0.0000,1.0000,8500.9,0.0378,3,0
45.2435,0.919406,59.999793,-0.005288,0.0000,1.0000,8504.0,0.0396,3,0
45.2892,0.919406,59.999796,-0.005282,0.0000,1.0000,8508.1,0.0412,3,0
45.3324,0.919406,59.999799,-0.005276,0.0000,1.0000,8525.3,0.0427,3,0
45.3766,0.919406,59.999802,-0.005271,0.0000,1.0000,8539.4,0.0441,3,0
45.4201,0.919406,59.999805,-0.005265,0.0000,1.0000,8554.3,0.0451,3,0
45.4635,0.920536,59.999808,-0.005259,0.0000,1.0000,8568.7,0.0459,3,0
45.5067,0.920536,59.999811,-0.005253,0.0000,1.0000,8585.2,0.0465,3,0
45.5516,0.920536,59.999814,-0.005247,0.0000,1.0000,8595.4,0.0470,3,0
45.5961,0.920536,59.999817,-0.005241,0.0000,1.0000,8606.7,0.0473,3,0
45.6405,0.920536,59.999820,-0.005235,0.0000,1.0000,8616.5,0.0475,3,0
45.6852,0.920536,59.999823,-0.005229,0.0000,1.0000,8624.5,0.0477,3,0
45.7290,0.920536,59.999825,-0.005223,0.0000,1.0000,8637.9,0.0480,3,0
45.7739,0.920536,59.999828,-0.005217,0.0000,1.0000,8647.1,0.0486,3,0
45.8185,0.920536,59.999831,-0.005211,0.0000,1.0000,8656.3,0.0494,3,0
45.8634,0.920536,59.999834,-0.005205,0.0000,1.0000,8662.9,0.0506,3,0
45.9069,0.921650,59.999836,-0.005199,0.0000,1.0000,8675.6,0.0522,3,0
45.9515,0.921650,59.999839,-0.005193,0.0000,1.0000,8683.9,0.0543,3,0
45.9961,0.921650,59.999842,-0.005187,0.0000,1.0000,8691.6,0.0568,3,0
46.0400,0.921650,59.999844,-0.005181,0.0000,1.0000,8701.9,0.0596,3,0
46.0845,0.921650,59.999847,-0.005175,0.0000,1.0000,8709.6,0.0628,3,0
46.1290,0.921650,59.999850,-0.005168,0.0000,1.0000,8717.7,0.0662,3,0
46.1730,0.921650,59.999852,-0.005162,0.0000,1.0000,8726.7,0.0698,3,0
46.2171,0.921650,59.999855,-0.005156,0.0000,1.0000,8734.3,0.0736,3,0
46.2601,0.921650,59.999858,-0.005150,0.0000,1.0000,8744.6,0.0773,3,0
46.3033,0.921650,59.999860,-0.005144,0.0000,1.0000,8754.6,0.0810,3,0
46.3446,0.922788,59.999863,-0.005138,0.0000,1.0000,8769.9,0.0847,3,0
46.3877,0.922788,59.999866,-0.005132,0.0000,1.0000,8776.9,0.0882,3,0
46.4304,0.922788,59.999869,-0.005125,0.0000,1.0000,8784.8,0.0915,3,0
46.4726,0.922788,59.999871,-0.005119,0.0000,1.0000,8794.2,0.0943,3,0
46.5141,0.922788,59.999874,-0.005113,0.0000,1.0000,8807.3,0.0967,3,0
46.5547,0.922788,59.999877,-0.005107,0.0000,1.0000,8822.6,0.0987,3,0
46.5975,0.922788,59.999879,-0.005101,0.0000,1.0000,8829.3,0.1000,3,0
46.6391,0.922788,59.999882,-0.005094,0.0000,1.0000,8839.6,0.1007,3,0
46.6811,0.922788,59.999884,-0.005088,0.0000,1.0000,8848.7,0.1009,3,0
46.7217,0.922788,59.999887,-0.005082,0.0000,1.0000,8864.8,0.1003,3,0
46.7640,0.923922,59.999890,-0.005076,0.0000,1.0000,8872.9,0.0994,3,0
46.8055,0.923922,59.999892,-0.005069,0.0000,1.0000,8885.2,0.0980,3,0
46.8455,0.923922,59.999895,-0.005063,0.0000,1.0000,8901.5,0.0962,3,0
46.8867,0.923922,59.999897,-0.005057,0.0000,1.0000,8914.2,0.0942,3,0
46.9271,0.923922,59.999900,-0.005051,0.0000,1.0000,8929.9,0.0920,3,0
46.9684,0.923922,59.999903,-0.005044,0.0000,1.0000,8940.1,0.0894,3,0
47.0093,0.923922,59.999906,-0.005038,0.0000,1.0000,8952.6,0.0869,3,0
47.0513,0.923922,59.999909,-0.005031,0.0000,1.0000,8960.6,0.0843,3,0
47.0926,0.923922,59.999912,-0.005025,0.0000,1.0000,8973.3,0.0817,3,0
47.1334,0.923922,59.999915,-0.005018,0.0000,1.0000,8983.9,0.0790,3,0
47.1756,0.925054,59.999918,-0.005012,0.0000,1.0000,8991.2,0.0761,3,0
47.2178,0.925054,59.999921,-0.005006,0.0000,1.0000,9001.3,0.0732,3,0
47.2591,0.925054,59.999924,-0.004999,0.0000,1.0000,9009.0,0.0702,3,0
47.2998,0.925054,59.999927,-0.004993,0.0000,1.0000,9021.8,0.0670,3,0
47.3419,0.925054,59.999930,-0.004986,0.0000,1.0000,9028.8,0.0637,3,0
47.3839,0.925054,59.999933,-0.004980,0.0000,1.0000,9034.8,0.0601,3,0
47.4253,0.925054,59.999936,-0.004973,0.0000,1.0000,9043.0,0.0564,3,0
47.4673,0.925054,59.999938,-0.004967,0.0000,1.0000,9051.1,0.0527,3,0
47.5097,0.925054,59.999941,-0.004960,0.0000,1.0000,9058.7,0.0490,3,0
47.5518,0.925054,59.999944,-0.004954,0.0000,1.0000,9067.2,0.0452,3,0
47.5939,0.926186,59.999947,-0.004947,0.0000,1.0000,9073.4,0.0414,3,0
47.6373,0.926186,59.999950,-0.004941,0.0000,1.0000,9077.4,0.0378,3,0
47.6797,0.926186,59.999952,-0.004934,0.0000,1.0000,9085.0,0.0345,3,0
47.7218,0.926186,59.999955,-0.004928,0.0000,1.0000,9094.4,0.0315,3,0
47.7632,0.926186,59.999958,-0.004921,0.0000,1.0000,9104.8,0.0289,3,0
47.8078,0.926186,59.999961,-0.004914,0.0000,1.0000,9102.7,0.0269,3,0
47.8508,0.926186,59.999963,-0.004908,0.0000,1.0000,9109.0,0.0253,3,0
47.8940,0.926186,59.999966,-0.004901,0.0000,1.0000,9114.0,0.0242,3,0
47.9375,0.926186,59.999969,-0.004894,0.0000,1.0000,9116.5,0.0235,3,0
47.9820,0.926186,59.999972,-0.004888,0.0000,1.0000,9115.0,0.0233,3,0
48.0269,0.927331,59.999974,-0.004881,0.0000,1.0000,9111.8,0.0236,3,0
48.0705,0.927331,59.999977,-0.004874,0.0000,1.0000,9114.4,0.0243,3,0
48.1141,0.927331,59.999980,-0.004868,0.0000,1.0000,9115.5,0.0254,3,0
48.1575,0.927331,59.999982,-0.004861,0.0000,1.0000,9117.0,0.0269,3,0
48.2018,0.927331,59.999985,-0.004854,0.0000,1.0000,9116.2,0.0285,3,0
48.2451,0.927331,59.999988,-0.004847,0.0000,1.0000,9119.0,0.0303,3,0
48.2883,0.927331,59.999990,-0.004841,0.0000,1.0000,9122.4,0.0320,3,0
48.3310,0.927331,59.999993,-0.004834,0.0000,1.0000,9128.4,0.0338,3,0
48.3746,0.927331,59.999995,-0.004827,0.0000,1.0000,9131.3,0.0355,3,0
48.4174,0.927331,59.999997,-0.004820,0.0000,1.0000,9139.2,0.0372,3,0
48.4609,0.928495,60.000000,-0.004813,0.0000,1.0000,9144.1,0.0389,3,0
48.5051,0.928495,60.000003,-0.004807,0.0000,1.0000,9146.1,0.0404,3,0
48.5491,0.928495,60.000005,-0.004800,0.0000,1.0000,9147.8,0.0419,3,0
48.5922,0.928495,60.000008,-0.004793,0.0000,1.0000,9153.4,0.0433,3,0
48.6347,0.928495,60.000010,-0.004786,0.0000,1.0000,9163.6,0.0445,3,0
48.6790,0.928495,60.000012,-0.004779,0.0000,1.0000,9165.7,0.0454,3,0
48.7220,0.928495,60.000015,-0.004773,0.0000,1.0000,9171.6,0.0462,3,0
48.7608,0.928495,60.000017,-0.004766,0.0000,1.0000,9150.1,0.0465,3,0
48.7688,0.928495,60.000020,-0.004759,0.0000,1.0000,9100.5,0.0468,3,0
48.7685,0.928495,60.000022,-0.004752,0.0000,1.0000,9051.1,0.0467,3,0
48.7688,0.929669,60.000024,-0.004745,0.0000,1.0000,9001.9,0.0463,3,0
48.7698,0.929669,60.000027,-0.004738,0.0000,1.0000,8741.3,0.0457,4,0
48.8275,0.929669,60.000029,-0.004731,0.0000,1.0000,7848.1,0.0449,4,0
48.8858,0.929669,60.000032,-0.004724,0.0000,1.0000,7690.3,0.0440,4,0
48.9327,0.929669,60.000034,-0.004717,0.0000,1.0000,7696.7,0.0429,4,0
48.9783,0.929669,60.000037,-0.004710,0.0000,1.0000,7705.2,0.0420,4,0
49.0239,0.929669,60.000039,-0.004703,0.0000,1.0000,7714.7,0.0413,4,0
49.0698,0.929669,60.000042,-0.004696,0.0000,1.0000,7724.4,0.0411,4,0
49.1156,0.929669,60.000044,-0.004689,0.0000,1.0000,7732.8,0.0411,4,0
49.1609,0.929669,60.000047,-0.004682,0.0000,1.0000,7740.6,0.0414,4,0
49.2063,0.930849,60.000050,-0.004675,0.0000,1.0000,7748.1,0.0422,4,0
49.2515,0.930849,60.000052,-0.004668,0.0000,1.0000,7757.6,0.0434,4,0
49.2971,0.930849,60.000055,-0.004661,0.0000,1.0000,7765.1,0.0449,4,0
49.3421,0.930849,60.000057,-0.004655,0.0000,1.0000,7772.4,0.0467,4,0
49.3866,0.930849,60.000060,-0.004648,0.0000,1.0000,7780.3,0.0488,4,0
49.4320,0.930849,60.000063,-0.004640,0.0000,1.0000,7786.1,0.0512,4,0
49.4770,0.930849,60.000066,-0.004633,0.0000,1.0000,7795.0,0.0539,4,0
49.5220,0.930849,60.000068,-0.004626,0.0000,1.0000,7800.6,0.0566,4,0
49.5667,0.930849,60.000071,-0.004619,0.0000,1.0000,7806.1,0.0593,4,0
49.6106,0.930849,60.000074,-0.004612,0.0000,1.0000,7816.3,0.0621,4,0
49.6553,0.932044,60.000077,-0.004605,0.0000,1.0000,7825.8,0.0650,4,0
49.7000,0.932044,60.000080,-0.004598,0.0000,1.0000,7833.3,0.0677,4,0
49.7439,0.932044,60.000082,-0.004591,0.0000,1.0000,7839.8,0.0703,4,0
49.7864,0.932044,60.000085,-0.004584,0.0000,1.0000,7854.6,0.0727,4,0
49.8292,0.932044,60.000088,-0.004576,0.0000,1.0000,7870.6,0.0751,4,0
49.8724,0.932044,60.000091,-0.004569,0.0000,1.0000,7883.2,0.0770,4,0
49.9153,0.932044,60.000093,-0.004562,0.0000,1.0000,7892.9,0.0786,4,0
49.9576,0.932044,60.000096,-0.004555,0.0000,1.0000,7905.9,0.0797,4,0
50.0013,0.932044,60.000098,-0.004547,0.0000,1.0000,7916.1,0.0808,4,0
50.0446,0.932044,60.000101,-0.004540,0.0000,1.0000,7927.5,0.0814,4,0
50.0877,0.933246,60.000104,-0.004533,0.0000,1.0000,7937.3,0.0817,4,0
50.1300,0.933246,60.000106,-0.004526,0.0000,1.0000,7949.5,0.0812,4,0
50.1742,0.933246,60.000109,-0.004518,0.0000,1.0000,7957.8,0.0807,4,0
50.2177,0.933246,60.000111,-0.004511,0.0000,1.0000,7969.1,0.0798,4,0
50.2621,0.933246,60.000114,-0.004504,0.0000,1.0000,7976.7,0.0786,4,0
50.3046,0.933246,60.000116,-0.004497,0.0000,1.0000,7987.1,0.0772,4,0
50.3486,0.933246,60.000119,-0.004489,0.0000,1.0000,7995.2,0.0759,4,0
50.3936,0.933246,60.000121,-0.004482,0.0000,1.0000,8004.3,0.0749,4,0
50.4389,0.933246,60.000123,-0.004474,0.0000,1.0000,8010.1,0.0742,4,0
50.4820,0.933246,60.000126,-0.004467,0.0000,1.0000,8020.1,0.0738,4,0
50.5255,0.934458,60.000128,-0.004460,0.0000,1.0000,8026.2,0.0736,4,0
50.5680,0.934458,60.000130,-0.004452,0.0000,1.0000,8037.5,0.0741,4,0
50.6105,0.934458,60.000132,-0.004445,0.0000,1.0000,8046.0,0.0746,4,0
50.6519,0.934458,60.000135,-0.004437,0.0000,1.0000,8052.8,0.0752,4,0
50.6937,0.934458,60.000137,-0.004430,0.0000,1.0000,8059.8,0.0758,4,0
50.7354,0.934458,60.000140,-0.004422,0.0000,1.0000,8069.7,0.0763,4,0
50.7773,0.934458,60.000142,-0.004415,0.0000,1.0000,8077.8,0.0767,4,0
50.8183,0.934458,60.000145,-0.004407,0.0000,1.0000,8086.9,0.0766,4,0
50.8594,0.934458,60.000148,-0.004400,0.0000,1.0000,8094.8,0.0766,4,0
50.9029,0.934458,60.000150,-0.004392,0.0000,1.0000,8097.3,0.0766,4,0
50.9441,0.935687,60.000153,-0.004385,0.0000,1.0000,8104.6,0.0765,4,0
50.9847,0.935687,60.000156,-0.004377,0.0000,1.0000,8118.4,0.0763,4,0
51.0256,0.935687,60.000159,-0.004369,0.0000,1.0000,8128.7,0.0761,4,0
51.0669,0.935687,60.000161,-0.004362,0.0000,1.0000,8137.4,0.0759,4,0
51.1060,0.935687,60.000164,-0.004354,0.0000,1.0000,8150.0,0.0755,4,0
51.1457,0.935687,60.000166,-0.004347,0.0000,1.0000,8161.2,0.0748,4,0
51.1844,0.935687,60.000169,-0.004339,0.0000,1.0000,8171.9,0.0740,4,0
51.2259,0.935687,60.000171,-0.004331,0.0000,1.0000,8176.9,0.0731,4,0
51.2651,0.935687,60.000173,-0.004323,0.0000,1.0000,8187.3,0.0719,4,0
51.3064,0.935687,60.000175,-0.004316,0.0000,1.0000,8196.2,0.0705,4,0
51.3472,0.936934,60.000178,-0.004308,0.0000,1.0000,8204.5,0.0690,4,0
51.3897,0.936934,60.000180,-0.004300,0.0000,1.0000,8208.3,0.0676,4,0
51.4326,0.936934,60.000182,-0.004292,0.0000,1.0000,8211.7,0.0658,4,0
51.4749,0.936934,60.000185,-0.004285,0.0000,1.0000,8217.1,0.0637,4,0
51.5160,0.936934,60.000187,-0.004277,0.0000,1.0000,8224.6,0.0615,4,0
51.5614,0.936934,60.000189,-0.004269,0.0000,1.0000,8227.6,0.0593,4,0
51.6051,0.936934,60.000192,-0.004261,0.0000,1.0000,8229.7,0.0568,4,0
51.6492,0.936934,60.000194,-0.004253,0.0000,1.0000,8238.9,0.0540,4,0
51.6902,0.936934,60.000196,-0.004245,0.0000,1.0000,8245.9,0.0512,4,0
51.7351,0.936934,60.000199,-0.004237,0.0000,1.0000,8244.3,0.0480,4,0
51.7793,0.938192,60.000201,-0.004229,0.0000,1.0000,8244.9,0.0449,4,0
51.8217,0.938192,60.000203,-0.004221,0.0000,1.0000,8250.7,0.0415,4,0
51.8649,0.938192,60.000205,-0.004213,0.0000,1.0000,8254.7,0.0384,4,0
51.9112,0.938192,60.000208,-0.004206,0.0000,1.0000,8253.1,0.0357,4,0
51.9564,0.938192,60.000210,-0.004198,0.0000,1.0000,8251.7,0.0337,4,0
51.9996,0.938192,60.000212,-0.004190,0.0000,1.0000,8256.9,0.0324,4,0
52.0444,0.938192,60.000215,-0.004181,0.0000,1.0000,8255.5,0.0318,4,0
52.0884,0.938192,60.000217,-0.004173,0.0000,1.0000,8260.4,0.0323,4,0
52.1344,0.938192,60.000219,-0.004165,0.0000,1.0000,8257.5,0.0338,4,0
52.1819,0.938192,60.000222,-0.004157,0.0000,1.0000,8247.5,0.0360,4,0
52.2245,0.939463,60.000224,-0.004149,0.0000,1.0000,8254.1,0.0389,4,0
52.2717,0.939463,60.000226,-0.004141,0.0000,1.0000,8241.9,0.0422,4,0
52.3168,0.939463,60.000228,-0.004133,0.0000,1.0000,8237.2,0.0462,4,0
52.3620,0.939463,60.000231,-0.004125,0.0000,1.0000,8231.8,0.0502,4,0
52.4053,0.939463,60.000233,-0.004117,0.0000,1.0000,8230.9,0.0545,4,0
52.4473,0.939463,60.000235,-0.004109,0.0000,1.0000,8233.9,0.0588,4,0
52.4869,0.939463,60.000238,-0.004100,0.0000,1.0000,8246.7,0.0628,4,0
52.5278,0.939463,60.000240,-0.004092,0.0000,1.0000,8257.2,0.0666,4,0
52.5676,0.939463,60.000242,-0.004084,0.0000,1.0000,8264.7,0.0699,4,0
52.6069,0.939463,60.000245,-0.004076,0.0000,1.0000,8278.8,0.0724,4,0
52.6465,0.940745,60.000247,-0.004068,0.0000,1.0000,8287.9,0.0743,4,0
52.6893,0.940745,60.000249,-0.004059,0.0000,1.0000,8281.2,0.0752,4,0
52.7308,0.940745,60.000251,-0.004051,0.0000,1.0000,8274.3,0.0749,4,0
52.7772,0.940745,60.000254,-0.004043,0.0000,1.0000,8248.7,0.0739,4,0
52.8209,0.940745,60.000256,-0.004035,0.0000,1.0000,8244.7,0.0716,4,0
52.8548,0.940745,60.000258,-0.004027,0.0000,1.0000,8261.1,0.0688,4,0
52.8893,0.940745,60.000260,-0.004018,0.0000,1.0000,8285.2,0.0645,4,0
52.9229,0.940745,60.000262,-0.004010,0.0000,1.0000,8295.4,0.0600,4,0
52.9529,0.940745,60.000264,-0.004002,0.0000,1.0000,8314.9,0.0549,4,0
52.9865,0.940745,60.000265,-0.003993,0.0000,1.0000,8338.1,0.0495,4,0
53.0116,0.942034,60.000267,-0.003985,0.0000,1.0000,8365.0,0.0445,4,0
53.0423,0.942034,60.000269,-0.003977,0.0000,1.0000,8411.4,0.0401,4,0
53.0553,0.942034,60.000271,-0.003968,0.0000,1.0000,8503.7,0.0369,4,0
53.0866,0.942034,60.000273,-0.003960,0.0000,1.0000,8554.0,0.0341,4,0
53.1166,0.942034,60.000275,-0.003952,0.0000,1.0000,8598.3,0.0327,4,0
53.1555,0.942034,60.000277,-0.003943,0.0000,1.0000,8616.0,0.0324,4,0
53.1946,0.942034,60.000280,-0.003935,0.0000,1.0000,8634.3,0.0332,4,0
53.2299,0.942034,60.000282,-0.003926,0.0000,1.0000,8662.6,0.0350,4,0
53.2729,0.942034,60.000284,-0.003917,0.0000,1.0000,8653.1,0.0378,4,0
53.3149,0.942034,60.000287,-0.003909,0.0000,1.0000,8645.9,0.0414,4,0
53.3628,0.943332,60.000289,-0.003900,0.0000,1.0000,8616.3,0.0456,4,0
53.4129,0.943332,60.000291,-0.003892,0.0000,1.0000,8571.3,0.0503,4,0
53.4600,0.943332,60.000293,-0.003883,0.0000,1.0000,8541.2,0.0554,4,0
53.5061,0.943332,60.000296,-0.003875,0.0000,1.0000,8516.5,0.0609,4,0
53.5509,0.943332,60.000298,-0.003866,0.0000,1.0000,8498.0,0.0665,4,0
53.5935,0.943332,60.000300,-0.003858,0.0000,1.0000,8482.6,0.0719,4,0
53.6313,0.943332,60.000302,-0.003849,0.0000,1.0000,8485.3,0.0773,4,0
53.6705,0.943332,60.000304,-0.003841,0.0000,1.0000,8479.7,0.0823,4,0
53.7066,0.943332,60.000306,-0.003832,0.0000,1.0000,8484.2,0.0868,4,0
53.7423,0.943332,60.000308,-0.003823,0.0000,1.0000,8493.2,0.0906,4,0
53.7755,0.944643,60.000309,-0.003815,0.0000,1.0000,8499.6,0.0936,4,0
53.8057,0.944643,60.000311,-0.003806,0.0000,1.0000,8518.8,0.0959,4,0
53.8372,0.944643,60.000313,-0.003797,0.0000,1.0000,8535.8,0.0973,4,0
53.8685,0.944643,60.000315,-0.003789,0.0000,1.0000,8554.1,0.0979,4,0
53.8980,0.944643,60.000317,-0.003780,0.0000,1.0000,8579.3,0.0981,4,0
53.9304,0.944643,60.000319,-0.003771,0.0000,1.0000,8593.6,0.0979,4,0
53.9617,0.944643,60.000321,-0.003762,0.0000,1.0000,8606.5,0.0971,4,0
53.9883,0.944643,60.000323,-0.003754,0.0000,1.0000,8627.6,0.0958,4,0
54.0146,0.944643,60.000325,-0.003745,0.0000,1.0000,8648.5,0.0943,4,0
54.0464,0.944643,60.000326,-0.003736,0.0000,1.0000,8655.8,0.0928,4,0
54.0757,0.945958,60.000328,-0.003727,0.0000,1.0000,8670.6,0.0911,4,0
54.1054,0.945958,60.000330,-0.003718,0.0000,1.0000,8688.7,0.0896,4,0
54.1370,0.945958,60.000332,-0.003710,0.0000,1.0000,8703.2,0.0882,4,0
54.1703,0.945958,60.000334,-0.003701,0.0000,1.0000,8713.5,0.0870,4,0
54.2007,0.945958,60.000336,-0.003692,0.0000,1.0000,8726.0,0.0858,4,0
54.2315,0.945958,60.000338,-0.003683,0.0000,1.0000,8739.1,0.0847,4,0
54.2627,0.945958,60.000340,-0.003674,0.0000,1.0000,8750.7,0.0837,4,0
54.2970,0.945958,60.000342,-0.003665,0.0000,1.0000,8752.9,0.0829,4,0
54.3280,0.945958,60.000344,-0.003656,0.0000,1.0000,8760.1,0.0823,4,0
54.3583,0.945958,60.000345,-0.003647,0.0000,1.0000,8774.2,0.0820,4,0
54.3904,0.947277,60.000347,-0.003638,0.0000,1.0000,8782.1,0.0821,4,0
54.4241,0.947277,60.000349,-0.003629,0.0000,1.0000,8781.1,0.0823,4,0
54.4563,0.947277,60.000351,-0.003620,0.0000,1.0000,8782.3,0.0828,4,0
54.4893,0.947277,60.000353,-0.003611,0.0000,1.0000,8778.1,0.0835,4,0
54.5225,0.947277,60.000355,-0.003602,0.0000,1.0000,8772.1,0.0842,4,0
54.5560,0.947277,60.000357,-0.003593,0.0000,1.0000,8764.3,0.0849,4,0
54.5854,0.947277,60.000359,-0.003584,0.0000,1.0000,8766.1,0.0854,4,0
54.6153,0.947277,60.000361,-0.003575,0.0000,1.0000,8768.2,0.0858,4,0
54.6458,0.947277,60.000363,-0.003566,0.0000,1.0000,8769.3,0.0859,4,0
54.6756,0.947277,60.000364,-0.003557,0.0000,1.0000,8770.2,0.0857,4,0
54.7046,0.948602,60.000366,-0.003548,0.0000,1.0000,8774.2,0.0851,4,0
54.7345,0.948602,60.000368,-0.003538,0.0000,1.0000,8779.2,0.0844,4,0
54.7645,0.948602,60.000370,-0.003529,0.0000,1.0000,8783.1,0.0835,4,0
54.7941,0.948602,60.000372,-0.003520,0.0000,1.0000,8785.7,0.0824,4,0
54.8229,0.948602,60.000374,-0.003511,0.0000,1.0000,8793.3,0.0814,4,0
54.8539,0.948602,60.000376,-0.003502,0.0000,1.0000,8794.2,0.0805,4,0
54.8853,0.948602,60.000377,-0.003492,0.0000,1.0000,8795.3,0.0800,4,0
54.9147,0.948602,60.000379,-0.003483,0.0000,1.0000,8798.7,0.0798,4,0
54.9440,0.948602,60.000380,-0.003474,0.0000,1.0000,8804.5,0.0804,4,0
54.9747,0.948602,60.000382,-0.003465,0.0000,1.0000,8804.2,0.0814,4,0
55.0057,0.949915,60.000384,-0.003455,0.0000,1.0000,8803.8,0.0829,4,0
55.0356,0.949915,60.000385,-0.003446,0.0000,1.0000,8803.4,0.0848,4,0
55.0651,0.949915,60.000387,-0.003437,0.0000,1.0000,8805.2,0.0870,4,0
55.0948,0.949915,60.000388,-0.003427,0.0000,1.0000,8806.8,0.0894,4,0
55.1229,0.949915,60.000390,-0.003418,0.0000,1.0000,8810.4,0.0919,4,0
55.1510,0.949915,60.000391,-0.003409,0.0000,1.0000,8812.7,0.0943,4,0
55.1786,0.949915,60.000393,-0.003399,0.0000,1.0000,8816.1,0.0967,4,0
55.2046,0.949915,60.000394,-0.003390,0.0000,1.0000,8821.7,0.0988,4,0
55.2308,0.949915,60.000396,-0.003381,0.0000,1.0000,8824.3,0.1007,4,0
55.2562,0.949915,60.000397,-0.003371,0.0000,1.0000,8828.4,0.1024,4,0
55.2819,0.951247,60.000398,-0.003362,0.0000,1.0000,8831.8,0.1035,4,0
55.3066,0.951247,60.000400,-0.003352,0.0000,1.0000,8839.6,0.1043,4,0
55.3324,0.951247,60.000401,-0.003343,0.0000,1.0000,8842.5,0.1049,4,0
55.3583,0.951247,60.000403,-0.003333,0.0000,1.0000,8845.0,0.1053,4,0
55.3855,0.951247,60.000404,-0.003324,0.0000,1.0000,8848.6,0.1055,4,0
55.4097,0.951247,60.000406,-0.003314,0.0000,1.0000,8857.1,0.1056,4,0
55.4353,0.951247,60.000407,-0.003305,0.0000,1.0000,8863.7,0.1057,4,0
55.4606,0.951247,60.000409,-0.003295,0.0000,1.0000,8873.8,0.1059,4,0
55.4857,0.951247,60.000410,-0.003286,0.0000,1.0000,8881.7,0.1062,4,0
55.5117,0.951247,60.000412,-0.003276,0.0000,1.0000,8885.3,0.1067,4,0
55.5370,0.952585,60.000414,-0.003267,0.0000,1.0000,8891.0,0.1076,4,0
55.5625,0.952585,60.000415,-0.003257,0.0000,1.0000,8896.6,0.1087,4,0
55.5874,0.952585,60.000417,-0.003248,0.0000,1.0000,8901.2,0.1100,4,0
55.6125,0.952585,60.000418,-0.003238,0.0000,1.0000,8903.5,0.1114,4,0
55.6377,0.952585,60.000420,-0.003229,0.0000,1.0000,8908.3,0.1130,4,0
55.6621,0.952585,60.000421,-0.003219,0.0000,1.0000,8912.6,0.1145,4,0
55.6870,0.952585,60.000422,-0.003209,0.0000,1.0000,8914.9,0.1160,4,0
55.7125,0.952585,60.000423,-0.003200,0.0000,1.0000,8915.9,0.1175,4,0
55.7362,0.952585,60.000424,-0.003190,0.0000,1.0000,8922.6,0.1191,4,0
55.7602,0.952585,60.000425,-0.003180,0.0000,1.0000,8926.0,0.1206,4,0
55.7835,0.953925,60.000426,-0.003171,0.0000,1.0000,8929.8,0.1221,4,0
55.8077,0.953925,60.000427,-0.003161,0.0000,1.0000,8930.1,0.1238,4,0
55.8304,0.953925,60.000428,-0.003151,0.0000,1.0000,8935.8,0.1253,4,0
55.8542,0.953925,60.000429,-0.003142,0.0000,1.0000,8937.6,0.1267,4,0
55.8782,0.953925,60.000430,-0.003132,0.0000,1.0000,8939.4,0.1283,4,0
55.9020,0.953925,60.000431,-0.003122,0.0000,1.0000,8942.6,0.1298,4,0
55.9249,0.953925,60.000433,-0.003112,0.0000,1.0000,8949.4,0.1309,4,0
55.9496,0.953925,60.000434,-0.003103,0.0000,1.0000,8946.3,0.1318,4,0
55.9730,0.953925,60.000435,-0.003093,0.0000,1.0000,8948.9,0.1325,4,0
55.9961,0.953925,60.000436,-0.003083,0.0000,1.0000,8953.0,0.1330,4,0
56.0193,0.955267,60.000438,-0.003073,0.0000,1.0000,8955.6,0.1332,4,0
56.0438,0.955267,60.000439,-0.003063,0.0000,1.0000,8952.7,0.1331,4,0
56.0665,0.955267,60.000440,-0.003054,0.0000,1.0000,8957.9,0.1330,4,0
56.0876,0.955267,60.000442,-0.003044,0.0000,1.0000,8971.4,0.1330,4,0
56.1092,0.955267,60.000443,-0.003034,0.0000,1.0000,8979.6,0.1331,4,0
56.1323,0.955267,60.000444,-0.003024,0.0000,1.0000,8982.9,0.1335,4,0
56.1561,0.955267,60.000445,-0.003014,0.0000,1.0000,8982.9,0.1342,4,0
56.1774,0.955267,60.000446,-0.003004,0.0000,1.0000,8992.0,0.1351,4,0
56.2004,0.955267,60.000447,-0.002995,0.0000,1.0000,8989.4,0.1360,4,0
56.2225,0.955267,60.000448,-0.002985,0.0000,1.0000,8989.1,0.1372,4,0
56.2431,0.956613,60.000450,-0.002975,0.0000,1.0000,8993.2,0.1384,4,0
56.2613,0.956613,60.000451,-0.002965,0.0000,1.0000,9003.2,0.1394,4,0
56.2818,0.956613,60.000452,-0.002955,0.0000,1.0000,8999.5,0.1401,4,0
56.3009,0.956613,60.000453,-0.002945,0.0000,1.0000,9002.8,0.1409,4,0
56.3186,0.956613,60.000454,-0.002935,0.0000,1.0000,9012.1,0.1411,4,0
56.3348,0.956613,60.000455,-0.002925,0.0000,1.0000,9022.3,0.1411,4,0
56.3523,0.956613,60.000455,-0.002915,0.0000,0.9865,9026.0,0.1406,4,0
56.3686,0.956613,60.000456,-0.002905,0.0000,0.9730,9031.9,0.1398,4,0
56.3841,0.956613,60.000456,-0.002896,0.0000,0.9484,9037.9,0.1383,4,0
56.3986,0.956613,60.000457,-0.002886,0.0000,0.9238,9036.9,0.1363,4,0
56.4120,0.957960,60.000458,-0.002876,0.0000,0.8919,9035.7,0.1340,4,0
56.4253,0.957960,60.000458,-0.002866,0.0000,0.8599,9035.0,0.1313,4,0
56.4381,0.957960,60.000459,-0.002856,0.0000,0.8191,9033.4,0.1283,4,0
56.4523,0.957960,60.000459,-0.002846,0.0000,0.7783,9025.9,0.1252,4,0
56.4654,0.957960,60.000460,-0.002836,0.0000,0.7293,9020.9,0.1229,4,0
56.4747,0.957960,60.000461,-0.002826,0.0000,0.6803,9011.1,0.1210,4,0
56.4816,0.957960,60.000462,-0.002816,0.0000,0.6248,8996.0,0.1196,4,0
56.4882,0.957960,60.000463,-0.002806,0.0000,0.5694,8970.6,0.1192,4,0
56.4909,0.957960,60.000464,-0.002796,0.0000,0.5283,8953.3,0.1192,4,0
56.4897,0.957960,60.000465,-0.002786,0.0000,0.4872,8940.9,0.1197,4,0
56.4864,0.959302,60.000466,-0.002776,0.0000,0.4683,8926.6,0.1207,4,0
56.4843,0.959302,60.000467,-0.002766,0.0000,0.4495,8909.0,0.1221,4,0
56.4793,0.959302,60.000468,-0.002756,0.0000,0.4447,8896.6,0.1235,4,0
56.4730,0.959302,60.000469,-0.002746,0.0000,0.4399,8892.0,0.1250,4,0
56.4671,0.959302,60.000470,-0.002735,0.0000,0.4396,8884.9,0.1265,4,0
56.4600,0.959302,60.000471,-0.002725,0.0000,0.4392,8878.9,0.1280,4,0
56.4525,0.959302,60.000471,-0.002715,0.0000,0.4392,8874.5,0.1290,4,0
56.4429,0.959302,60.000472,-0.002705,0.0000,0.4392,8877.1,0.1298,4,0
56.4340,0.959302,60.000473,-0.002695,0.0000,0.4392,8876.8,0.1302,4,0
56.4235,0.959302,60.000473,-0.002685,0.0000,0.4392,8873.5,0.1303,4,0
56.4131,0.960638,60.000474,-0.002675,0.0000,0.4403,8872.8,0.1298,4,0
56.4019,0.960638,60.000475,-0.002665,0.0000,0.4414,8876.1,0.1289,4,0
56.3934,0.960638,60.000476,-0.002655,0.0000,0.4411,8873.6,0.1279,4,0
56.3849,0.960638,60.000476,-0.002645,0.0000,0.4409,8872.4,0.1264,4,0
56.3750,0.960638,60.000477,-0.002635,0.0000,0.4404,8873.3,0.1246,4,0
56.3649,0.960638,60.000477,-0.002625,0.0000,0.4399,8877.5,0.1228,4,0
56.3562,0.960638,60.000478,-0.002615,0.0000,0.4404,8877.6,0.1209,4,0
56.3488,0.960638,60.000478,-0.002605,0.0000,0.4409,8877.6,0.1191,4,0
56.3399,0.960638,60.000478,-0.002594,0.0000,0.4444,8881.4,0.1174,4,0
56.3331,0.960638,60.000478,-0.002584,0.0000,0.4479,8883.9,0.1165,4,0
56.3280,0.961971,60.000479,-0.002574,0.0000,0.4526,8882.9,0.1159,4,0
56.3216,0.961971,60.000479,-0.002564,0.0000,0.4573,8883.0,0.1160,4,0
56.3146,0.961971,60.000479,-0.002554,0.0000,0.4601,8886.3,0.1167,4,0
56.3104,0.961971,60.000480,-0.002544,0.0000,0.4629,8878.8,0.1180,4,0
56.3040,0.961971,60.000480,-0.002534,0.0000,0.4630,8873.1,0.1194,4,0
56.2953,0.961971,60.000480,-0.002524,0.0000,0.4630,8869.3,0.1209,4,0
56.2863,0.961971,60.000481,-0.002514,0.0000,0.4630,8861.5,0.1225,4,0
56.2773,0.961971,60.000481,-0.002504,0.0000,0.4630,8854.0,0.1237,4,0
56.2667,0.961971,60.000482,-0.002494,0.0000,0.4630,8852.0,0.1244,4,0
56.2534,0.961971,60.000482,-0.002483,0.0000,0.4630,8856.4,0.1242,4,0
56.2386,0.963312,60.000482,-0.002473,0.0000,0.4636,8861.8,0.1235,4,0
56.2246,0.963312,60.000483,-0.002463,0.0000,0.4642,8864.9,0.1221,4,0
56.2105,0.963312,60.000483,-0.002453,0.0000,0.4654,8869.1,0.1199,4,0
56.1969,0.963312,60.000484,-0.002443,0.0000,0.4666,8874.6,0.1174,4,0
56.1849,0.963312,60.000484,-0.002433,0.0000,0.4687,8879.8,0.1145,4,0
56.1735,0.963312,60.000484,-0.002423,0.0000,0.4707,8887.5,0.1113,4,0
56.1610,0.963312,60.000484,-0.002413,0.0000,0.4730,8898.8,0.1079,4,0
56.1507,0.963312,60.000484,-0.002403,0.0000,0.4752,8909.4,0.1047,4,0
56.1418,0.963312,60.000484,-0.002393,0.0000,0.4780,8915.1,0.1016,4,0
56.1332,0.963312,60.000484,-0.002383,0.0000,0.4808,8920.7,0.0988,4,0
56.1247,0.964675,60.000484,-0.002372,0.0000,0.4853,8926.4,0.0966,4,0
56.1188,0.964675,60.000484,-0.002362,0.0000,0.4898,8926.8,0.0951,4,0
56.1149,0.964675,60.000484,-0.002352,0.0000,0.4940,8924.6,0.0943,4,0
56.1105,0.964675,60.000484,-0.002342,0.0000,0.4982,8919.2,0.0942,4,0
56.1073,0.964675,60.000484,-0.002332,0.0000,0.5025,8913.4,0.0951,4,0
56.1042,0.964675,60.000484,-0.002322,0.0000,0.5068,8905.1,0.0965,4,0
56.1034,0.964675,60.000484,-0.002312,0.0000,0.5115,8889.6,0.0988,4,0
56.1014,0.964675,60.000484,-0.002302,0.0000,0.5162,8879.7,0.1015,4,0
56.0991,0.964675,60.000484,-0.002292,0.0000,0.5209,8871.7,0.1048,4,0
56.0976,0.964675,60.000484,-0.002282,0.0000,0.5256,8859.8,0.1082,4,0
56.0946,0.966057,60.000484,-0.002272,0.0000,0.5299,8851.9,0.1116,4,0
56.0891,0.966057,60.000484,-0.002261,0.0000,0.5342,8851.2,0.1148,4,0
56.0848,0.966057,60.000484,-0.002251,0.0000,0.5390,8846.1,0.1176,4,0
56.0806,0.966057,60.000484,-0.002241,0.0000,0.5439,8840.2,0.1198,4,0
56.0756,0.966057,60.000484,-0.002231,0.0000,0.5481,8836.9,0.1213,4,0
56.0693,0.966057,60.000484,-0.002221,0.0000,0.5523,8839.8,0.1222,4,0
56.0639,0.966057,60.000483,-0.002211,0.0000,0.5579,8839.3,0.1223,4,0
56.0585,0.966057,60.000483,-0.002201,0.0000,0.5634,8841.3,0.1214,4,0
56.0527,0.966057,60.000482,-0.002191,0.0000,0.5695,8843.8,0.1196,4,0
56.0445,0.966057,60.000482,-0.002181,0.0000,0.5755,8850.9,0.1171,4,0
56.0352,0.967450,60.000482,-0.002171,0.0000,0.5835,8856.7,0.1136,4,0
56.0262,0.967450,60.000481,-0.002161,0.0000,0.5915,8861.9,0.1090,4,0
56.0197,0.967450,60.000481,-0.002151,0.0000,0.6006,8866.9,0.1037,4,0
56.0147,0.967450,60.000480,-0.002141,0.0000,0.6098,8875.0,0.0974,4,0
56.0109,0.967450,60.000480,-0.002131,0.0000,0.6190,8883.0,0.0903,4,0
56.0075,0.967450,60.000480,-0.002120,0.0000,0.6282,8895.7,0.0828,4,0
56.0043,0.967450,60.000479,-0.002110,0.0000,0.6385,8913.7,0.0749,4,0
56.0030,0.967450,60.000479,-0.002100,0.0000,0.6488,8932.1,0.0672,4,0
56.0040,0.967450,60.000479,-0.002090,0.0000,0.6587,8942.5,0.0598,4,0
56.0062,0.967450,60.000478,-0.002080,0.0000,0.6685,8952.1,0.0534,4,0
56.0095,0.968846,60.000478,-0.002070,0.0000,0.6797,8962.1,0.0485,4,0
56.0169,0.968846,60.000478,-0.002060,0.0000,0.6908,8960.6,0.0450,4,0
56.0266,0.968846,60.000478,-0.002050,0.0000,0.7027,8953.7,0.0431,4,0
56.0360,0.968846,60.000477,-0.002040,0.0000,0.7145,8948.5,0.0428,4,0
56.0454,0.968846,60.000477,-0.002030,0.0000,0.7265,8941.9,0.0439,4,0
56.0571,0.968846,60.000477,-0.002020,0.0000,0.7384,8931.8,0.0460,4,0
56.0683,0.968846,60.000476,-0.002010,0.0000,0.7515,8922.1,0.0491,4,0
56.0786,0.968846,60.000476,-0.002000,0.0000,0.7645,8916.5,0.0527,4,0
56.0897,0.968846,60.000475,-0.001990,0.0000,0.7767,8910.6,0.0568,4,0
56.1014,0.968846,60.000475,-0.001980,0.0000,0.7889,8905.3,0.0609,4,0
56.1125,0.970247,60.000475,-0.001970,0.0000,0.8003,8906.2,0.0653,4,0
56.1246,0.970247,60.000474,-0.001960,0.0000,0.8117,8906.3,0.0696,4,0
56.1384,0.970247,60.000474,-0.001950,0.0000,0.8235,8904.7,0.0737,4,0
56.1510,0.970247,60.000473,-0.001940,0.0000,0.8352,8907.0,0.0778,4,0
56.1662,0.970247,60.000473,-0.001930,0.0000,0.8450,8905.5,0.0818,4,0
56.1811,0.970247,60.000472,-0.001920,0.0000,0.8547,8902.7,0.0858,4,0
56.1962,0.970247,60.000471,-0.001910,0.0000,0.8639,8902.1,0.0898,4,0
56.2125,0.970247,60.000471,-0.001900,0.0000,0.8731,8902.3,0.0938,4,0
56.2281,0.970247,60.000470,-0.001890,0.0000,0.8808,8904.0,0.0980,4,0
56.2432,0.970247,60.000469,-0.001880,0.0000,0.8885,8907.4,0.1023,4,0
56.2579,0.971652,60.000468,-0.001869,0.0000,0.8958,8913.2,0.1063,4,0
56.2732,0.971652,60.000467,-0.001859,0.0000,0.9030,8917.7,0.1103,4,0
56.2888,0.971652,60.000467,-0.001849,0.0000,0.9089,8920.8,0.1141,4,0
56.3056,0.971652,60.000466,-0.001839,0.0000,0.9148,8920.1,0.1175,4,0
56.3224,0.971652,60.000465,-0.001829,0.0000,0.9199,8922.6,0.1204,4,0
56.3399,0.971652,60.000464,-0.001819,0.0000,0.9251,8926.4,0.1231,4,0
56.3576,0.971652,60.000464,-0.001809,0.0000,0.9315,8927.4,0.1254,4,0
56.3762,0.971652,60.000463,-0.001799,0.0000,0.9379,8928.4,0.1274,4,0
56.3939,0.971652,60.000463,-0.001789,0.0000,0.9428,8934.1,0.1292,4,0
56.4119,0.971652,60.000462,-0.001779,0.0000,0.9477,8939.9,0.1310,4,0
56.4308,0.973062,60.000462,-0.001769,0.0000,0.9533,8939.9,0.1324,4,0
56.4482,0.973062,60.000462,-0.001759,0.0000,0.9588,8942.4,0.1335,4,0
56.4647,0.973062,60.000461,-0.001749,0.0000,0.9642,8946.4,0.1345,4,0
56.4810,0.973062,60.000460,-0.001739,0.0000,0.9696,8951.0,0.1352,4,0
56.4983,0.973062,60.000460,-0.001729,0.0000,0.9743,8950.2,0.1354,4,0
56.5148,0.973062,60.000459,-0.001719,0.0000,0.9790,8953.7,0.1350,4,0
56.5314,0.973062,60.000458,-0.001709,0.0000,0.9822,8959.6,0.1345,4,0
56.5486,0.973062,60.000457,-0.001699,0.0000,0.9854,8963.6,0.1333,4,0
56.5653,0.973062,60.000456,-0.001689,0.0000,0.9875,8968.8,0.1318,4,0
56.5826,0.973062,60.000455,-0.001679,0.0000,0.9896,8973.8,0.1299,4,0
56.6002,0.974509,60.000454,-0.001669,0.0000,0.9896,8980.1,0.1278,4,0
56.6172,0.974509,60.000453,-0.001659,0.0000,0.9896,8987.4,0.1253,4,0
56.6349,0.974509,60.000452,-0.001649,0.0000,0.9896,8991.1,0.1226,4,0
56.6516,0.974509,60.000451,-0.001639,0.0000,0.9896,8999.4,0.1200,4,0
56.6682,0.974509,60.000450,-0.001629,0.0000,0.9889,9009.9,0.1174,4,0
56.6858,0.974509,60.000449,-0.001619,0.0000,0.9883,9016.7,0.1148,4,0
56.7019,0.974509,60.000449,-0.001609,0.0000,0.9883,9022.9,0.1124,4,0
56.7190,0.974509,60.000448,-0.001599,0.0000,0.9883,9031.6,0.1107,4,0
56.7357,0.974509,60.000447,-0.001589,0.0000,0.9880,9039.4,0.1095,4,0
56.7528,0.974509,60.000447,-0.001579,0.0000,0.9877,9044.0,0.1088,4,0
56.7697,0.975931,60.000446,-0.001569,0.0000,0.9879,9048.4,0.1089,4,0
56.7872,0.975931,60.000445,-0.001558,0.0000,0.9881,9052.2,0.1098,4,0
56.8043,0.975931,60.000444,-0.001548,0.0000,0.9878,9055.9,0.1111,4,0
56.8214,0.975931,60.000444,-0.001538,0.0000,0.9875,9059.1,0.1130,4,0
56.8404,0.975931,60.000443,-0.001528,0.0000,0.9869,9059.9,0.1155,4,0
56.8590,0.975931,60.000442,-0.001518,0.0000,0.9863,9060.0,0.1184,4,0
56.8775,0.975931,60.000440,-0.001508,0.0000,0.9835,9060.9,0.1218,4,0
56.8960,0.975931,60.000439,-0.001498,0.0000,0.9806,9060.7,0.1256,4,0
56.9134,0.975931,60.000438,-0.001488,0.0000,0.9739,9064.0,0.1299,4,0
56.9290,0.975931,60.000436,-0.001478,0.0000,0.9672,9072.5,0.1343,4,0
56.9432,0.977361,60.000435,-0.001468,0.0000,0.9586,9079.0,0.1385,4,0
56.9588,0.977361,60.000434,-0.001458,0.0000,0.9500,9078.2,0.1426,4,0
56.9750,0.977361,60.000433,-0.001448,0.0000,0.9395,9074.9,0.1465,4,0
56.9883,0.977361,60.000431,-0.001438,0.0000,0.9291,9079.0,0.1497,4,0
57.0009,0.977361,60.000430,-0.001428,0.0000,0.9188,9080.4,0.1523,4,0
57.0148,0.977361,60.000429,-0.001418,0.0000,0.9086,9078.7,0.1545,4,0
57.0278,0.977361,60.000428,-0.001408,0.0000,0.8960,9077.6,0.1558,4,0
57.0406,0.977361,60.000427,-0.001399,0.0000,0.8833,9073.1,0.1563,4,0
57.0535,0.977361,60.000426,-0.001389,0.0000,0.8695,9065.6,0.1561,4,0
57.0668,0.977361,60.000425,-0.001379,0.0000,0.8557,9057.2,0.1553,4,0
57.0789,0.978794,60.000424,-0.001369,0.0000,0.8391,9053.8,0.1539,4,0
57.0781,0.978794,60.000423,-0.001359,0.0000,0.8226,9004.6,0.1521,4,0
57.0637,0.978794,60.000422,-0.001349,0.0000,0.8051,8955.6,0.1504,4,0
57.0460,0.978794,60.000421,-0.001339,0.0000,0.7876,8906.8,0.1488,4,0
57.0285,0.978794,60.000420,-0.001329,0.0000,0.7697,8858.3,0.1473,4,0
57.0268,0.978794,60.000418,-0.001319,0.0000,0.7519,8175.6,0.1463,5,0
57.0508,0.978794,60.000417,-0.001309,0.0000,0.7319,7810.5,0.1464,5,0
57.0677,0.978794,60.000415,-0.001299,0.0000,0.7120,7790.4,0.1463,5,0
57.0788,0.978794,60.000414,-0.001289,0.0000,0.6931,7780.2,0.1469,5,0
57.0888,0.978794,60.000412,-0.001279,0.0000,0.6741,7770.4,0.1479,5,0
57.0976,0.980226,60.000410,-0.001269,0.0000,0.6575,7759.4,0.1491,5,0
57.1048,0.980226,60.000409,-0.001259,0.0000,0.6409,7746.2,0.1500,5,0
57.1093,0.980226,60.000407,-0.001249,0.0000,0.6306,7733.9,0.1507,5,0
57.1124,0.980226,60.000406,-0.001239,0.0000,0.6203,7721.2,0.1513,5,0
57.1141,0.980226,60.000404,-0.001230,0.0000,0.6167,7713.1,0.1514,5,0
57.1165,0.980226,60.000403,-0.001220,0.0000,0.6131,7705.4,0.1506,5,0
57.1189,0.980226,60.000402,-0.001210,0.0000,0.6127,7696.5,0.1493,5,0
57.1198,0.980226,60.000401,-0.001200,0.0000,0.6124,7696.4,0.1479,5,0
57.1201,0.980226,60.000400,-0.001190,0.0000,0.6138,7700.1,0.1459,5,0
57.1201,0.980226,60.000399,-0.001180,0.0000,0.6151,7703.6,0.1435,5,0
57.1194,0.981653,60.000397,-0.001170,0.0000,0.6177,7710.7,0.1411,5,0
57.1207,0.981653,60.000396,-0.001160,0.0000,0.6203,7714.8,0.1387,5,0
57.1224,0.981653,60.000395,-0.001151,0.0000,0.6227,7718.0,0.1363,5,0
57.1235,0.981653,60.000394,-0.001141,0.0000,0.6250,7722.9,0.1338,5,0
57.1242,0.981653,60.000393,-0.001131,0.0000,0.6271,7734.3,0.1318,5,0
57.1271,0.981653,60.000391,-0.001121,0.0000,0.6292,7738.5,0.1297,5,0
57.1304,0.981653,60.000390,-0.001111,0.0000,0.6308,7741.9,0.1278,5,0
57.1330,0.981653,60.000388,-0.001101,0.0000,0.6323,7747.0,0.1261,5,0
57.1363,0.981653,60.000387,-0.001092,0.0000,0.6329,7750.4,0.1248,5,0
57.1402,0.981653,60.000386,-0.001082,0.0000,0.6335,7754.2,0.1239,5,0
57.1429,0.983096,60.000384,-0.001072,0.0000,0.6328,7762.1,0.1232,5,0
57.1456,0.983096,60.000383,-0.001062,0.0000,0.6321,7769.4,0.1230,5,0
57.1492,0.983096,60.000381,-0.001053,0.0000,0.6312,7773.3,0.1232,5,0
57.1527,0.983096,60.000380,-0.001043,0.0000,0.6304,7778.0,0.1238,5,0
57.1573,0.983096,60.000378,-0.001033,0.0000,0.6283,7778.2,0.1247,5,0
57.1606,0.983096,60.000376,-0.001023,0.0000,0.6261,7781.4,0.1261,5,0
57.1652,0.983096,60.000374,-0.001014,0.0000,0.6236,7779.2,0.1276,5,0
57.1691,0.983096,60.000373,-0.001004,0.0000,0.6211,7776.5,0.1292,5,0
57.1716,0.983096,60.000371,-0.000994,0.0000,0.6193,7777.1,0.1309,5,0
57.1752,0.983096,60.000369,-0.000984,0.0000,0.6175,7774.2,0.1325,5,0
57.1784,0.984490,60.000367,-0.000975,0.0000,0.6181,7770.3,0.1339,5,0
57.1799,0.984490,60.000365,-0.000965,0.0000,0.6186,7772.3,0.1350,5,0
57.1808,0.984490,60.000364,-0.000955,0.0000,0.6201,7775.6,0.1359,5,0
57.1833,0.984490,60.000362,-0.000945,0.0000,0.6216,7774.2,0.1363,5,0
57.1844,0.984490,60.000360,-0.000936,0.0000,0.6234,7772.8,0.1363,5,0
57.1846,0.984490,60.000358,-0.000926,0.0000,0.6252,7777.6,0.1361,5,0
57.1850,0.984490,60.000356,-0.000917,0.0000,0.6294,7782.2,0.1354,5,0
57.1862,0.984490,60.000354,-0.000907,0.0000,0.6336,7781.9,0.1344,5,0
57.1869,0.984490,60.000352,-0.000897,0.0000,0.6399,7784.7,0.1330,5,0
57.1873,0.984490,60.000350,-0.000888,0.0000,0.6462,7791.9,0.1316,5,0
57.1901,0.985866,60.000348,-0.000878,0.0000,0.6567,7793.1,0.1297,5,0
57.1937,0.985866,60.000346,-0.000868,0.0000,0.6673,7791.1,0.1278,5,0
57.1978,0.985866,60.000344,-0.000859,0.0000,0.6811,7793.7,0.1260,5,0
57.2009,0.985866,60.000342,-0.000849,0.0000,0.6949,7802.0,0.1242,5,0
57.2059,0.985866,60.000340,-0.000839,0.0000,0.7100,7808.9,0.1224,5,0
57.2112,0.985866,60.000338,-0.000830,0.0000,0.7252,7816.1,0.1208,5,0
57.2178,0.985866,60.000336,-0.000820,0.0000,0.7417,7823.6,0.1196,5,0
57.2247,0.985866,60.000334,-0.000811,0.0000,0.7582,7834.4,0.1184,5,0
57.2331,0.985866,60.000332,-0.000801,0.0000,0.7772,7839.2,0.1174,5,0
57.2422,0.985866,60.000330,-0.000792,0.0000,0.7963,7844.9,0.1164,5,0
57.2491,0.987242,60.000328,-0.000782,0.0000,0.8153,7860.5,0.1155,5,0
57.2585,0.987242,60.000326,-0.000773,0.0000,0.8343,7869.7,0.1143,5,0
57.2688,0.987242,60.000324,-0.000763,0.0000,0.8523,7875.0,0.1128,5,0
57.2813,0.987242,60.000322,-0.000754,0.0000,0.8702,7875.9,0.1110,5,0
57.2928,0.987242,60.000320,-0.000744,0.0000,0.8871,7885.4,0.1087,5,0
57.3075,0.987242,60.000318,-0.000735,0.0000,0.9040,7886.3,0.1059,5,0
57.3227,0.987242,60.000316,-0.000725,0.0000,0.9188,7888.0,0.1028,5,0
57.3381,0.987242,60.000314,-0.000716,0.0000,0.9336,7894.1,0.0994,5,0
57.3540,0.987242,60.000312,-0.000706,0.0000,0.9454,7901.8,0.0958,5,0
57.3713,0.987242,60.000310,-0.000697,0.0000,0.9573,7905.1,0.0922,5,0
57.3901,0.988630,60.000308,-0.000687,0.0000,0.9672,7907.1,0.0888,5,0
57.4081,0.988630,60.000306,-0.000678,0.0000,0.9771,7914.7,0.0858,5,0
57.4282,0.988630,60.000304,-0.000668,0.0000,0.9856,7916.5,0.0830,5,0
57.4484,0.988630,60.000302,-0.000659,0.0000,0.9941,7917.9,0.0808,5,0
57.4694,0.988630,60.000300,-0.000649,0.0000,0.9971,7918.1,0.0794,5,0
57.4891,0.988630,60.000298,-0.000640,0.0000,1.0000,7921.6,0.0784,5,0
57.5090,0.988630,60.000296,-0.000631,0.0000,1.0000,7920.6,0.0778,5,0
57.5285,0.988630,60.000294,-0.000621,0.0000,1.0000,7920.1,0.0775,5,0
57.5483,0.988630,60.000292,-0.000612,0.0000,1.0000,7919.0,0.0775,5,0
57.5678,0.988630,60.000290,-0.000602,0.0000,1.0000,7916.5,0.0773,5,0
57.5883,0.990029,60.000288,-0.000593,0.0000,1.0000,7910.7,0.0771,5,0
57.6097,0.990029,60.000286,-0.000584,0.0000,1.0000,7903.7,0.0768,5,0
57.6287,0.990029,60.000284,-0.000574,0.0000,1.0000,7905.7,0.0761,5,0
57.6482,0.990029,60.000282,-0.000565,0.0000,1.0000,7910.1,0.0751,5,0
57.6674,0.990029,60.000280,-0.000555,0.0000,1.0000,7909.9,0.0739,5,0
57.6863,0.990029,60.000278,-0.000546,0.0000,1.0000,7913.0,0.0722,5,0
57.7037,0.990029,60.000275,-0.000537,0.0000,1.0000,7922.9,0.0701,5,0
57.7219,0.990029,60.000273,-0.000527,0.0000,1.0000,7927.9,0.0679,5,0
57.7418,0.990029,60.000270,-0.000518,0.0000,1.0000,7927.5,0.0654,5,0
57.7618,0.990029,60.000268,-0.000509,0.0000,1.0000,7927.1,0.0628,5,0
57.7824,0.991434,60.000266,-0.000499,0.0000,1.0000,7926.8,0.0598,5,0
57.8026,0.991434,60.000263,-0.000490,0.0000,1.0000,7930.1,0.0570,5,0
57.8252,0.991434,60.000261,-0.000481,0.0000,1.0000,7928.5,0.0542,5,0
57.8474,0.991434,60.000258,-0.000471,0.0000,1.0000,7928.0,0.0512,5,0
57.8718,0.991434,60.000256,-0.000462,0.0000,1.0000,7928.3,0.0483,5,0
57.8949,0.991434,60.000254,-0.000453,0.0000,1.0000,7932.1,0.0455,5,0
57.9202,0.991434,60.000251,-0.000443,0.0000,1.0000,7930.7,0.0427,5,0
57.9451,0.991434,60.000249,-0.000434,0.0000,1.0000,7928.8,0.0400,5,0
57.9670,0.991434,60.000247,-0.000425,0.0000,1.0000,7930.1,0.0373,5,0
57.9908,0.991434,60.000245,-0.000416,0.0000,1.0000,7931.1,0.0347,5,0
58.0148,0.992833,60.000242,-0.000406,0.0000,1.0000,7928.6,0.0322,5,0
58.0385,0.992833,60.000240,-0.000397,0.0000,1.0000,7928.2,0.0302,5,0
58.0630,0.992833,60.000238,-0.000388,0.0000,1.0000,7927.8,0.0288,5,0
58.0893,0.992833,60.000235,-0.000379,0.0000,1.0000,7923.9,0.0283,5,0
58.1152,0.992833,60.000233,-0.000369,0.0000,1.0000,7918.3,0.0285,5,0
58.1397,0.992833,60.000231,-0.000360,0.0000,1.0000,7915.9,0.0295,5,0
58.1643,0.992833,60.000228,-0.000351,0.0000,1.0000,7914.8,0.0315,5,0
58.1909,0.992833,60.000226,-0.000342,0.0000,1.0000,7907.3,0.0342,5,0
58.2167,0.992833,60.000224,-0.000332,0.0000,1.0000,7900.0,0.0373,5,0
58.2416,0.992833,60.000222,-0.000323,0.0000,1.0000,7894.0,0.0408,5,0
58.2669,0.994253,60.000219,-0.000314,0.0000,1.0000,7887.5,0.0446,5,0
58.2922,0.994253,60.000217,-0.000305,0.0000,1.0000,7879.7,0.0487,5,0
58.3160,0.994253,60.000215,-0.000295,0.0000,1.0000,7877.0,0.0530,5,0
58.3394,0.994253,60.000212,-0.000286,0.0000,1.0000,7873.8,0.0573,5,0
58.3619,0.994253,60.000210,-0.000277,0.0000,1.0000,7872.8,0.0617,5,0
58.3860,0.994253,60.000207,-0.000268,0.0000,1.0000,7865.3,0.0656,5,0
58.4088,0.994253,60.000205,-0.000259,0.0000,1.0000,7859.8,0.0691,5,0
58.4310,0.994253,60.000202,-0.000249,0.0000,1.0000,7860.4,0.0722,5,0
58.4590,0.994253,60.000199,-0.000240,0.0000,1.0000,7839.8,0.0747,5,0
58.4803,0.994253,60.000197,-0.000231,0.0000,1.0000,7845.1,0.0766,5,0
58.5041,0.995679,60.000194,-0.000222,0.0000,1.0000,7838.6,0.0782,5,0
58.5276,0.995679,60.000191,-0.000213,0.0000,1.0000,7841.1,0.0794,5,0
58.5485,0.995679,60.000188,-0.000203,0.0000,1.0000,7849.9,0.0803,5,0
58.5675,0.995679,60.000186,-0.000194,0.0000,1.0000,7862.2,0.0808,5,0
58.5909,0.995679,60.000183,-0.000185,0.0000,1.0000,7861.5,0.0810,5,0
58.6089,0.995679,60.000180,-0.000176,0.0000,1.0000,7867.4,0.0808,5,0
58.6297,0.995679,60.000178,-0.000167,0.0000,1.0000,7882.3,0.0794,5,0
58.6391,0.995679,60.000175,-0.000158,0.0000,1.0000,7896.5,0.0784,5,0
58.6557,0.995679,60.000172,-0.000148,0.0000,1.0000,7902.2,0.0753,5,0
58.6629,0.995679,60.000169,-0.000139,0.0000,1.0000,7914.8,0.0726,5,0
58.6821,0.997116,60.000167,-0.000130,0.0000,1.0000,7926.9,0.0700,5,0
58.7010,0.997116,60.000164,-0.000121,0.0000,1.0000,7947.0,0.0663,5,0
58.7165,0.997116,60.000161,-0.000112,0.0000,1.0000,7962.1,0.0640,5,0
58.7359,0.997116,60.000159,-0.000103,0.0000,1.0000,7962.1,0.0612,5,0
58.7486,0.997116,60.000156,-0.000093,0.0000,1.0000,8004.5,0.0608,5,0
58.7692,0.997116,60.000153,-0.000084,0.0000,1.0000,8005.7,0.0607,5,0
58.7762,0.997116,60.000151,-0.000075,0.0000,1.0000,8055.2,0.0603,5,0
58.7921,0.997116,60.000148,-0.000066,0.0000,1.0000,8060.8,0.0613,5,0
58.8138,0.997116,60.000146,-0.000057,0.0000,1.0000,8043.5,0.0619,5,0
58.8359,0.997116,60.000143,-0.000048,0.0000,1.0000,8054.8,0.0629,5,0
58.8600,0.998551,60.000140,-0.000039,0.0000,1.0000,8039.2,0.0643,5,0
58.8803,0.998551,60.000138,-0.000030,0.0000,1.0000,8050.2,0.0654,5,0
58.8933,0.998551,60.000135,-0.000021,0.0000,1.0000,8076.0,0.0666,5,0
58.9157,0.998551,60.000133,-0.000012,0.0000,1.0000,8075.9,0.0679,5,0
58.9310,0.998551,60.000130,-0.000003,0.0000,1.0000,8078.6,0.0691,5,0
58.9523,0.998551,60.000127,0.000006,0.0000,1.0000,8072.9,0.0709,5,0
58.9737,0.998551,60.000125,0.000015,0.0000,1.0000,8079.9,0.0719,5,0
58.9952,0.998551,60.000122,0.000025,0.0000,1.0000,8078.8,0.0744,5,0
59.0114,0.998551,60.000119,0.000034,0.0000,1.0000,8073.8,0.0756,5,0
59.0229,0.998551,60.000116,0.000043,0.0000,1.0000,8116.9,0.0767,5,0
59.0554,1.000000,60.000114,0.000052,0.0000,1.0000,8061.6,0.0783,5,0
59.0696,1.000000,60.000111,0.000061,0.0000,1.0000,8070.6,0.0788,5,0
59.0941,1.000000,60.000108,0.000070,0.0000,1.0000,8049.5,0.0780,5,0
59.1106,1.000000,60.000106,0.000079,0.0000,1.0000,8060.4,0.0775,5,0
59.1294,1.000000,60.000103,0.000088,0.0000,1.0000,8059.9,0.0756,5,0