Speed,LapDistPct,Lat,Lon,Brake,Throttle,RPM,SteeringWheelAngle,Gear,OffAsphalt
62.4098,0.000000,60.000060,0.000203,0.0000,1.0000,8352.2,0.0318,5,0
62.4241,0.000977,60.000057,0.000212,0.0000,1.0000,8373.2,0.0310,5,0
62.4380,0.001955,60.000054,0.000222,0.0000,1.0000,8375.7,0.0299,5,0
62.4583,0.002932,60.000051,0.000231,0.0000,1.0000,8386.3,0.0287,5,0
62.4814,0.003911,60.000048,0.000240,0.0000,1.0000,8375.6,0.0285,5,0
62.4964,0.004889,60.000045,0.000250,0.0000,1.0000,8389.5,0.0283,5,0
62.5106,0.005868,60.000042,0.000259,0.0000,1.0000,8420.7,0.0283,5,0
62.5403,0.006847,60.000039,0.000269,0.0000,1.0000,8375.2,0.0288,5,0
62.5566,0.007826,60.000036,0.000278,0.0000,1.0000,8365.8,0.0290,5,0
62.5759,0.008806,60.000033,0.000288,0.0000,1.0000,8374.7,0.0298,5,0
62.5907,0.009785,60.000030,0.000297,0.0000,1.0000,8379.4,0.0316,5,0
62.6124,0.010766,60.000027,0.000306,0.0000,1.0000,8376.9,0.0326,5,0
62.6280,0.011746,60.000024,0.000316,0.0000,1.0000,8413.2,0.0335,5,0
62.6497,0.012727,60.000021,0.000325,0.0000,1.0000,8410.8,0.0350,5,0
62.6697,0.013708,60.000018,0.000335,0.0000,1.0000,8409.7,0.0359,5,0
62.6842,0.014689,60.000015,0.000344,0.0000,1.0000,8425.2,0.0367,5,0
62.7106,0.015671,60.000012,0.000353,0.0000,1.0000,8398.7,0.0374,5,0
62.7318,0.016653,60.000009,0.000363,0.0000,1.0000,8391.2,0.0373,5,0
62.7489,0.017635,60.000006,0.000372,0.0000,1.0000,8392.6,0.0367,5,0
62.7670,0.018618,60.000003,0.000382,0.0000,1.0000,8394.6,0.0363,5,0
62.7909,0.019601,60.000000,0.000391,0.0000,1.0000,8389.3,0.0347,5,0
62.8073,0.020584,59.999997,0.000400,0.0000,1.0000,8390.0,0.0332,5,0
62.8230,0.021567,59.999994,0.000410,0.0000,1.0000,8399.1,0.0308,5,0
62.8434,0.022551,59.999991,0.000419,0.0000,1.0000,8405.4,0.0280,5,0
62.8623,0.023535,59.999988,0.000429,0.0000,1.0000,8397.7,0.0255,5,0
62.8784,0.024520,59.999985,0.000438,0.0000,1.0000,8395.3,0.0224,5,0
62.8921,0.025504,59.999982,0.000447,0.0000,1.0000,8401.4,0.0194,5,0
62.9179,0.026489,59.999979,0.000457,0.0000,1.0000,8402.8,0.0177,5,0
62.9289,0.027474,59.999976,0.000466,0.0000,1.0000,8410.5,0.0150,5,0
62.9527,0.028460,59.999973,0.000475,0.0000,1.0000,8414.2,0.0137,5,0
62.9667,0.029446,59.999970,0.000485,0.0000,1.0000,8438.3,0.0123,5,0
62.9887,0.030432,59.999967,0.000494,0.0000,1.0000,8431.1,0.0122,5,0
62.9997,0.031418,59.999964,0.000503,0.0000,1.0000,8449.7,0.0112,5,0
63.0254,0.032405,59.999961,0.000513,0.0000,1.0000,8435.2,0.0115,5,0
63.0479,0.033392,59.999958,0.000522,0.0000,1.0000,8437.4,0.0124,5,0
63.0672,0.034379,59.999955,0.000531,0.0000,1.0000,8426.1,0.0130,5,0
63.0841,0.035366,59.999952,0.000541,0.0000,1.0000,8431.7,0.0135,5,0
63.1013,0.036354,59.999949,0.000550,0.0000,1.0000,8450.0,0.0142,5,0
63.1209,0.037342,59.999946,0.000560,0.0000,1.0000,8435.4,0.0154,5,0
63.1410,0.038331,59.999943,0.000569,0.0000,1.0000,8437.8,0.0149,5,0
63.1624,0.039320,59.999940,0.000578,0.0000,1.0000,8448.7,0.0160,5,0
63.1738,0.040309,59.999937,0.000588,0.0000,1.0000,8453.7,0.0157,5,0
63.1907,0.041298,59.999933,0.000597,0.0000,1.0000,8466.2,0.0150,5,0
63.2205,0.042288,59.999930,0.000606,0.0000,1.0000,8440.0,0.0147,5,0
63.2388,0.043278,59.999926,0.000615,0.0000,1.0000,8441.6,0.0146,5,0
63.2585,0.044268,59.999922,0.000625,0.0000,1.0000,8448.9,0.0128,5,0
63.2693,0.045258,59.999919,0.000634,0.0000,1.0000,8462.9,0.0120,5,0
63.2940,0.046249,59.999916,0.000643,0.0000,1.0000,8459.8,0.0102,5,0
63.3181,0.047240,59.999912,0.000653,0.0000,1.0000,8463.2,0.0086,5,0
63.3375,0.048232,59.999908,0.000662,0.0000,1.0000,8459.6,0.0072,5,0
63.3495,0.049224,59.999905,0.000671,0.0000,1.0000,8478.1,0.0057,5,0
63.3687,0.050216,59.999901,0.000681,0.0000,1.0000,8477.9,0.0045,5,0
63.3930,0.051208,59.999898,0.000690,0.0000,1.0000,8462.9,0.0041,5,0
63.4133,0.052201,59.999894,0.000699,0.0000,1.0000,8459.1,0.0040,5,0
63.4303,0.053194,59.999891,0.000709,0.0000,1.0000,8466.3,0.0038,5,0
63.4484,0.054187,59.999887,0.000718,0.0000,1.0000,8467.2,0.0040,5,0
63.4670,0.055181,59.999884,0.000727,0.0000,1.0000,8467.4,0.0043,5,0
63.4862,0.056174,59.999881,0.000737,0.0000,1.0000,8467.5,0.0045,5,0
63.5031,0.057169,59.999877,0.000746,0.0000,1.0000,8473.4,0.0046,5,0
63.5211,0.058163,59.999873,0.000755,0.0000,1.0000,8477.6,0.0047,5,0
63.5410,0.059158,59.999870,0.000765,0.0000,1.0000,8477.2,0.0047,5,0
63.5585,0.060153,59.999867,0.000774,0.0000,1.0000,8485.3,0.0044,5,0
63.5766,0.061148,59.999864,0.000783,0.0000,1.0000,8491.2,0.0041,5,0
63.5959,0.062144,59.999861,0.000792,0.0000,1.0000,8491.1,0.0037,5,0
63.6148,0.063139,59.999858,0.000802,0.0000,1.0000,8494.8,0.0017,5,0
63.6335,0.064136,59.999855,0.000811,0.0000,1.0000,8499.8,-0.0003,5,0
63.6497,0.065132,59.999852,0.000820,0.0000,1.0000,8525.8,-0.0014,5,0
63.6668,0.066129,59.999849,0.000830,0.0000,1.0000,8537.6,-0.0026,5,0
63.6871,0.067126,59.999846,0.000839,0.0000,1.0000,8536.6,-0.0043,5,0
63.7082,0.068123,59.999843,0.000848,0.0000,1.0000,8532.0,-0.0064,5,0
63.7340,0.069121,59.999840,0.000858,0.0000,1.0000,8509.2,-0.0085,5,0
63.7518,0.070119,59.999837,0.000867,0.0000,1.0000,8515.7,-0.0107,5,0
63.7708,0.071117,59.999833,0.000876,0.0000,1.0000,8515.5,-0.0128,5,0
63.7882,0.072116,59.999829,0.000886,0.0000,1.0000,8519.6,-0.0151,5,0
63.8076,0.073115,59.999826,0.000895,0.0000,1.0000,8517.0,-0.0173,5,0
63.8248,0.074114,59.999823,0.000904,0.0000,1.0000,8519.7,-0.0192,5,0
63.8413,0.075113,59.999819,0.000914,0.0000,1.0000,8526.7,-0.0211,5,0
63.8621,0.076113,59.999816,0.000923,0.0000,1.0000,8516.2,-0.0227,5,0
63.8787,0.077113,59.999812,0.000932,0.0000,1.0000,8521.9,-0.0237,5,0
63.8962,0.078113,59.999809,0.000942,0.0000,1.0000,8525.1,-0.0245,5,0
63.9147,0.079114,59.999805,0.000951,0.0000,1.0000,8524.3,-0.0251,5,0
63.9319,0.080115,59.999802,0.000961,0.0000,1.0000,8528.0,-0.0251,5,0
63.9480,0.081116,59.999798,0.000970,0.0000,1.0000,8536.2,-0.0248,5,0
63.9664,0.082117,59.999795,0.000979,0.0000,1.0000,8537.2,-0.0242,5,0
63.9847,0.083119,59.999791,0.000989,0.0000,1.0000,8537.2,-0.0233,5,0
64.0005,0.084121,59.999787,0.000998,0.0000,1.0000,8547.4,-0.0221,5,0
64.0190,0.085123,59.999784,0.001007,0.0000,1.0000,8549.6,-0.0208,5,0
64.0381,0.086125,59.999780,0.001017,0.0000,1.0000,8548.6,-0.0196,5,0
64.0555,0.087128,59.999777,0.001026,0.0000,1.0000,8554.4,-0.0181,5,0
64.0733,0.088131,59.999773,0.001036,0.0000,1.0000,8559.7,-0.0168,5,0
64.0926,0.089135,59.999770,0.001045,0.0000,1.0000,8559.1,-0.0157,5,0
64.1111,0.090138,59.999767,0.001054,0.0000,1.0000,8559.1,-0.0146,5,0
64.1278,0.091142,59.999764,0.001064,0.0000,1.0000,8566.2,-0.0137,5,0
64.1453,0.092146,59.999761,0.001073,0.0000,1.0000,8569.5,-0.0131,5,0
64.1645,0.093151,59.999758,0.001083,0.0000,1.0000,8564.2,-0.0126,5,0
64.1810,0.094155,59.999755,0.001092,0.0000,1.0000,8570.8,-0.0123,5,0
64.1981,0.095160,59.999752,0.001102,0.0000,1.0000,8574.6,-0.0121,5,0
64.2168,0.096166,59.999749,0.001111,0.0000,1.0000,8572.2,-0.0121,5,0
64.2345,0.097171,59.999746,0.001121,0.0000,1.0000,8572.6,-0.0123,5,0
64.2509,0.098177,59.999743,0.001130,0.0000,1.0000,8578.6,-0.0125,5,0
64.2680,0.099183,59.999740,0.001139,0.0000,1.0000,8580.3,-0.0128,5,0
64.2864,0.100190,59.999737,0.001149,0.0000,1.0000,8576.3,-0.0129,5,0
64.3026,0.101196,59.999733,0.001159,0.0000,1.0000,8582.7,-0.0130,5,0
64.3198,0.102203,59.999730,0.001168,0.0000,1.0000,8586.4,-0.0132,5,0
64.3387,0.103210,59.999726,0.001178,0.0000,1.0000,8581.9,-0.0133,5,0
64.3552,0.104218,59.999723,0.001187,0.0000,1.0000,8588.3,-0.0133,5,0
64.3725,0.105226,59.999720,0.001197,0.0000,1.0000,8592.1,-0.0133,5,0
64.3905,0.106234,59.999716,0.001206,0.0000,1.0000,8591.5,-0.0133,5,0
64.4089,0.107242,59.999713,0.001216,0.0000,1.0000,8592.3,-0.0132,5,0
64.4258,0.108251,59.999709,0.001225,0.0000,1.0000,8599.3,-0.0131,5,0
64.4437,0.109259,59.999706,0.001235,0.0000,1.0000,8601.7,-0.0131,5,0
64.4635,0.110269,59.999703,0.001244,0.0000,1.0000,8597.1,-0.0129,5,0
64.4808,0.111278,59.999700,0.001254,0.0000,1.0000,8602.9,-0.0130,5,0
64.4983,0.112288,59.999697,0.001264,0.0000,1.0000,8607.6,-0.0128,5,0
64.5170,0.113298,59.999694,0.001273,0.0000,1.0000,8605.2,-0.0126,5,0
64.5344,0.114308,59.999691,0.001283,0.0000,1.0000,8608.1,-0.0123,5,0
64.5509,0.115318,59.999688,0.001292,0.0000,1.0000,8613.0,-0.0119,5,0
64.5673,0.116329,59.999685,0.001302,0.0000,1.0000,8615.7,-0.0112,5,0
64.5855,0.117340,59.999682,0.001311,0.0000,1.0000,8612.2,-0.0103,5,0
64.6016,0.118352,59.999679,0.001321,0.0000,1.0000,8616.8,-0.0093,5,0
64.6170,0.119363,59.999676,0.001331,0.0000,1.0000,8622.1,-0.0082,5,0
64.6352,0.120375,59.999672,0.001340,0.0000,1.0000,8617.2,-0.0068,5,0
64.6516,0.121387,59.999669,0.001350,0.0000,1.0000,8620.4,-0.0055,5,0
64.6683,0.122400,59.999665,0.001360,0.0000,1.0000,8623.4,-0.0040,5,0
64.6862,0.123412,59.999662,0.001369,0.0000,1.0000,8619.8,-0.0025,5,0
64.7029,0.124425,59.999658,0.001379,0.0000,1.0000,8622.5,-0.0011,5,0
64.7189,0.125438,59.999654,0.001388,0.0000,1.0000,8627.6,0.0003,5,0
64.7352,0.126452,59.999651,0.001398,0.0000,1.0000,8629.5,0.0017,5,0
64.7530,0.127465,59.999647,0.001408,0.0000,1.0000,8628.4,0.0029,5,0
64.7679,0.128479,59.999644,0.001417,0.0000,1.0000,8636.9,0.0040,5,0
64.7838,0.129493,59.999640,0.001427,0.0000,1.0000,8641.0,0.0049,5,0
64.8015,0.130508,59.999637,0.001437,0.0000,1.0000,8638.3,0.0056,5,0
64.8167,0.131523,59.999634,0.001446,0.0000,1.0000,8645.4,0.0061,5,0
64.8325,0.132538,59.999631,0.001456,0.0000,1.0000,8650.5,0.0063,5,0
64.8499,0.133553,59.999628,0.001466,0.0000,1.0000,8648.9,0.0064,5,0
64.8659,0.134568,59.999625,0.001475,0.0000,1.0000,8653.8,0.0063,5,0
64.8815,0.135584,59.999622,0.001485,0.0000,1.0000,8660.3,0.0058,5,0
64.8976,0.136600,59.999619,0.001495,0.0000,1.0000,8663.0,0.0054,5,0
64.9152,0.137616,59.999616,0.001505,0.0000,1.0000,8661.9,0.0048,5,0
64.9304,0.138633,59.999613,0.001514,0.0000,1.0000,8669.2,0.0040,5,0
64.9465,0.139649,59.999610,0.001524,0.0000,1.0000,8672.9,0.0032,5,0
64.9644,0.140666,59.999607,0.001534,0.0000,1.0000,8670.3,0.0023,5,0
64.9797,0.141684,59.999603,0.001543,0.0000,1.0000,8676.9,0.0015,5,0
64.9956,0.142701,59.999600,0.001553,0.0000,1.0000,8680.7,0.0006,5,0
65.0131,0.143719,59.999597,0.001563,0.0000,1.0000,8678.2,-0.0001,5,0
65.0291,0.144737,59.999593,0.001573,0.0000,1.0000,8681.6,-0.0008,5,0
65.0451,0.145755,59.999590,0.001582,0.0000,1.0000,8685.3,-0.0015,5,0
65.0612,0.146774,59.999587,0.001592,0.0000,1.0000,8685.8,-0.0020,5,0
65.0786,0.147792,59.999584,0.001602,0.0000,1.0000,8684.0,-0.0024,5,0
65.0936,0.148811,59.999580,0.001611,0.0000,1.0000,8689.6,-0.0027,5,0
65.1087,0.149831,59.999577,0.001621,0.0000,1.0000,8693.5,-0.0028,5,0
65.1265,0.150850,59.999574,0.001631,0.0000,1.0000,8688.8,-0.0029,5,0
65.1416,0.151870,59.999571,0.001641,0.0000,1.0000,8695.7,-0.0029,5,0
65.1573,0.152890,59.999568,0.001650,0.0000,1.0000,8698.1,-0.0027,5,0
65.1749,0.153910,59.999565,0.001660,0.0000,1.0000,8695.1,-0.0025,5,0
65.1910,0.154931,59.999561,0.001670,0.0000,1.0000,8699.7,-0.0023,5,0
65.2070,0.155952,59.999558,0.001680,0.0000,1.0000,8702.6,-0.0021,5,0
65.2236,0.156973,59.999555,0.001689,0.0000,1.0000,8704.2,-0.0019,5,0
65.2413,0.157994,59.999552,0.001699,0.0000,1.0000,8700.3,-0.0017,5,0
65.2555,0.159016,59.999549,0.001709,0.0000,1.0000,8709.1,-0.0017,5,0
65.2715,0.160037,59.999546,0.001718,0.0000,1.0000,8710.1,-0.0016,5,0
65.2887,0.161059,59.999542,0.001728,0.0000,1.0000,8705.3,-0.0016,5,0
65.3034,0.162082,59.999539,0.001738,0.0000,1.0000,8710.9,-0.0016,5,0
65.3185,0.163104,59.999535,0.001748,0.0000,1.0000,8713.1,-0.0015,5,0
65.3351,0.164127,59.999532,0.001757,0.0000,1.0000,8710.6,-0.0012,5,0
65.3509,0.165150,59.999528,0.001767,0.0000,1.0000,8712.5,-0.0009,5,0
65.3653,0.166173,59.999524,0.001777,0.0000,1.0000,8717.8,-0.0003,5,0
65.3808,0.167197,59.999521,0.001787,0.0000,1.0000,8719.2,0.0005,5,0
65.3974,0.168221,59.999517,0.001797,0.0000,1.0000,8717.3,0.0015,5,0
65.4114,0.169245,59.999514,0.001806,0.0000,1.0000,8723.9,0.0028,5,0
65.4263,0.170269,59.999510,0.001816,0.0000,1.0000,8726.4,0.0043,5,0
65.4428,0.171293,59.999507,0.001826,0.0000,1.0000,8721.7,0.0060,5,0
65.4560,0.172318,59.999504,0.001836,0.0000,1.0000,8730.2,0.0076,5,0
65.4705,0.173343,59.999501,0.001845,0.0000,1.0000,8730.6,0.0094,5,0
65.4861,0.174368,59.999498,0.001855,0.0000,1.0000,8728.5,0.0111,5,0
65.5007,0.175394,59.999495,0.001865,0.0000,1.0000,8731.2,0.0125,5,0
65.5139,0.176419,59.999492,0.001875,0.0000,1.0000,8736.7,0.0138,5,0
65.5285,0.177445,59.999489,0.001885,0.0000,1.0000,8737.7,0.0147,5,0
65.5436,0.178471,59.999486,0.001894,0.0000,1.0000,8738.4,0.0151,5,0
65.5567,0.179497,59.999483,0.001904,0.0000,1.0000,8745.9,0.0153,5,0
65.5709,0.180524,59.999480,0.001914,0.0000,1.0000,8750.6,0.0152,5,0
65.5876,0.181551,59.999477,0.001924,0.0000,1.0000,8748.3,0.0146,5,0
65.6018,0.182578,59.999473,0.001933,0.0000,1.0000,8754.8,0.0137,5,0
65.6169,0.183605,59.999470,0.001943,0.0000,1.0000,8759.5,0.0126,5,0
65.6347,0.184632,59.999467,0.001953,0.0000,1.0000,8756.1,0.0113,5,0
65.6506,0.185660,59.999464,0.001963,0.0000,1.0000,8760.8,0.0098,5,0
65.6669,0.186688,59.999460,0.001973,0.0000,1.0000,8762.8,0.0085,5,0
65.6835,0.187716,59.999457,0.001982,0.0000,1.0000,8763.2,0.0071,5,0
65.7000,0.188745,59.999454,0.001992,0.0000,1.0000,8762.4,0.0057,5,0
65.7140,0.189774,59.999450,0.002002,0.0000,1.0000,8766.7,0.0045,5,0
65.7284,0.190803,59.999447,0.002012,0.0000,1.0000,8768.2,0.0032,5,0
65.7432,0.191832,59.999444,0.002022,0.0000,1.0000,8765.3,0.0019,5,0
65.7553,0.192861,59.999440,0.002031,0.0000,1.0000,8771.4,0.0007,5,0
65.7689,0.193891,59.999437,0.002041,0.0000,1.0000,8772.1,-0.0004,5,0
65.7842,0.194921,59.999433,0.002051,0.0000,1.0000,8768.2,-0.0016,5,0
65.7977,0.195951,59.999430,0.002061,0.0000,1.0000,8770.7,-0.0026,5,0
65.8124,0.196981,59.999427,0.002071,0.0000,1.0000,8769.4,-0.0035,5,0
65.8267,0.198011,59.999423,0.002080,0.0000,1.0000,8769.9,-0.0041,5,0
65.8403,0.199042,59.999420,0.002090,0.0000,1.0000,8772.0,-0.0046,5,0
65.8531,0.200073,59.999416,0.002100,0.0000,1.0000,8777.5,-0.0046,5,0
65.8664,0.201104,59.999413,0.002110,0.0000,1.0000,8780.5,-0.0046,5,0
65.8804,0.202136,59.999410,0.002120,0.0000,1.0000,8781.4,-0.0042,5,0
65.8928,0.203167,59.999407,0.002129,0.0000,1.0000,8787.7,-0.0036,5,0
65.9058,0.204199,59.999404,0.002139,0.0000,1.0000,8793.4,-0.0027,5,0
65.9206,0.205231,59.999401,0.002149,0.0000,1.0000,8791.7,-0.0018,5,0
65.9330,0.206263,59.999398,0.002159,0.0000,1.0000,8798.4,-0.0007,5,0
65.9463,0.207295,59.999394,0.002169,0.0000,1.0000,8803.2,0.0004,5,0
65.9615,0.208328,59.999391,0.002179,0.0000,1.0000,8801.1,0.0014,5,0
65.9749,0.209361,59.999388,0.002188,0.0000,1.0000,8805.7,0.0023,5,0
65.9886,0.210394,59.999385,0.002198,0.0000,1.0000,8810.1,0.0030,5,0
66.0037,0.211427,59.999382,0.002208,0.0000,1.0000,8809.9,0.0034,5,0
66.0185,0.212461,59.999379,0.002218,0.0000,1.0000,8810.8,0.0036,5,0
66.0321,0.213494,59.999375,0.002228,0.0000,1.0000,8816.3,0.0038,5,0
66.0466,0.214528,59.999372,0.002237,0.0000,1.0000,8818.1,0.0034,5,0
66.0625,0.215562,59.999368,0.002247,0.0000,1.0000,8813.4,0.0029,5,0
66.0759,0.216597,59.999365,0.002257,0.0000,1.0000,8818.8,0.0023,5,0
66.0900,0.217631,59.999362,0.002267,0.0000,1.0000,8821.4,0.0015,5,0
66.1053,0.218666,59.999358,0.002277,0.0000,1.0000,8817.1,0.0007,5,0
66.1187,0.219701,59.999355,0.002287,0.0000,1.0000,8820.7,0.0000,5,0
66.1324,0.220737,59.999351,0.002296,0.0000,1.0000,8823.5,-0.0006,5,0
66.1471,0.221772,59.999348,0.002306,0.0000,1.0000,8821.4,-0.0012,5,0
66.1612,0.222808,59.999344,0.002316,0.0000,1.0000,8821.0,-0.0015,5,0
66.1739,0.223844,59.999341,0.002326,0.0000,1.0000,8824.8,-0.0016,5,0
66.1874,0.224880,59.999337,0.002336,0.0000,1.0000,8826.2,-0.0017,5,0
66.2014,0.225916,59.999334,0.002346,0.0000,1.0000,8824.3,-0.0017,5,0
66.2137,0.226953,59.999330,0.002355,0.0000,1.0000,8829.6,-0.0015,5,0
66.2271,0.227990,59.999327,0.002365,0.0000,1.0000,8831.2,-0.0014,5,0
66.2415,0.229027,59.999324,0.002375,0.0000,1.0000,8828.6,-0.0013,5,0
66.2540,0.230064,59.999320,0.002385,0.0000,1.0000,8834.7,-0.0011,5,0
66.2673,0.231101,59.999316,0.002395,0.0000,1.0000,8838.1,-0.0010,5,0
66.2819,0.232139,59.999313,0.002405,0.0000,1.0000,8834.7,-0.0010,5,0
66.2952,0.233177,59.999310,0.002415,0.0000,1.0000,8837.2,-0.0010,5,0
66.3079,0.234215,59.999306,0.002424,0.0000,1.0000,8842.2,-0.0010,5,0
66.3216,0.235253,59.999303,0.002434,0.0000,1.0000,8842.3,-0.0010,5,0
66.3356,0.236291,59.999300,0.002444,0.0000,1.0000,8842.0,-0.0010,5,0
66.3477,0.237330,59.999296,0.002454,0.0000,1.0000,8848.5,-0.0010,5,0
66.3617,0.238369,59.999293,0.002464,0.0000,1.0000,8848.8,-0.0010,5,0
66.3765,0.239408,59.999290,0.002474,0.0000,1.0000,8846.0,-0.0010,5,0
66.3886,0.240447,59.999287,0.002484,0.0000,1.0000,8853.1,-0.0010,5,0
66.4024,0.241487,59.999283,0.002493,0.0000,1.0000,8853.9,-0.0010,5,0
66.4169,0.242527,59.999280,0.002503,0.0000,1.0000,8850.9,-0.0010,5,0
66.4297,0.243567,59.999277,0.002513,0.0000,1.0000,8854.7,-0.0011,5,0
66.4426,0.244607,59.999274,0.002523,0.0000,1.0000,8857.9,-0.0013,5,0
66.4563,0.245647,59.999271,0.002533,0.0000,1.0000,8856.4,-0.0014,5,0
66.4697,0.246688,59.999268,0.002543,0.0000,1.0000,8856.5,-0.0015,5,0
66.4819,0.247728,59.999265,0.002553,0.0000,1.0000,8861.2,-0.0016,5,0
66.4948,0.248769,59.999262,0.002563,0.0000,1.0000,8862.0,-0.0017,5,0
66.5087,0.249811,59.999259,0.002573,0.0000,1.0000,8859.8,-0.0017,5,0
66.5207,0.250852,59.999256,0.002582,0.0000,1.0000,8864.7,-0.0017,5,0
66.5332,0.251893,59.999253,0.002592,0.0000,1.0000,8867.1,-0.0017,5,0
66.5475,0.252935,59.999250,0.002602,0.0000,1.0000,8863.5,-0.0015,5,0
66.5594,0.253977,59.999246,0.002612,0.0000,1.0000,8869.2,-0.0014,5,0
66.5719,0.255019,59.999243,0.002622,0.0000,1.0000,8872.2,-0.0013,5,0
66.5856,0.256062,59.999239,0.002632,0.0000,1.0000,8869.6,-0.0011,5,0
66.5977,0.257104,59.999236,0.002642,0.0000,1.0000,8874.4,-0.0010,5,0
66.6102,0.258147,59.999232,0.002652,0.0000,1.0000,8877.9,-0.0008,5,0
66.6231,0.259190,59.999228,0.002662,0.0000,1.0000,8876.4,-0.0007,5,0
66.6360,0.260233,59.999225,0.002672,0.0000,1.0000,8877.9,-0.0006,5,0
66.6480,0.261277,59.999221,0.002682,0.0000,1.0000,8883.0,-0.0006,5,0
66.6605,0.262320,59.999218,0.002691,0.0000,1.0000,8884.0,-0.0006,5,0
66.6740,0.263364,59.999214,0.002701,0.0000,1.0000,8882.0,-0.0008,5,0
66.6852,0.264408,59.999211,0.002711,0.0000,1.0000,8889.4,-0.0010,5,0
66.6973,0.265452,59.999207,0.002721,0.0000,1.0000,8892.1,-0.0012,5,0
66.7113,0.266496,59.999204,0.002731,0.0000,1.0000,8888.6,-0.0014,5,0
66.7230,0.267541,59.999200,0.002741,0.0000,1.0000,8894.4,-0.0018,5,0
66.7348,0.268586,59.999197,0.002751,0.0000,1.0000,8897.9,-0.0022,5,0
66.7484,0.269631,59.999194,0.002761,0.0000,1.0000,8896.0,-0.0026,5,0
66.7606,0.270676,59.999190,0.002771,0.0000,1.0000,8899.9,-0.0031,5,0
66.7723,0.271721,59.999187,0.002781,0.0000,1.0000,8904.3,-0.0037,5,0
66.7850,0.272766,59.999183,0.002791,0.0000,1.0000,8903.5,-0.0042,5,0
66.7980,0.273812,59.999180,0.002801,0.0000,1.0000,8904.3,-0.0049,5,0
66.8091,0.274858,59.999177,0.002811,0.0000,1.0000,8910.1,-0.0055,5,0
66.8214,0.275904,59.999173,0.002821,0.0000,1.0000,8910.9,-0.0061,5,0
66.8356,0.276950,59.999170,0.002831,0.0000,1.0000,8908.1,-0.0067,5,0
66.8466,0.277997,59.999166,0.002840,0.0000,1.0000,8915.4,-0.0074,5,0
66.8593,0.279044,59.999163,0.002850,0.0000,1.0000,8916.8,-0.0079,5,0
66.8736,0.280090,59.999160,0.002860,0.0000,1.0000,8911.7,-0.0085,5,0
66.8850,0.281137,59.999156,0.002870,0.0000,1.0000,8919.0,-0.0090,5,0
66.8969,0.282185,59.999153,0.002880,0.0000,1.0000,8921.5,-0.0093,5,0
66.9104,0.283232,59.999149,0.002890,0.0000,1.0000,8919.1,-0.0096,5,0
66.9230,0.284280,59.999146,0.002900,0.0000,1.0000,8921.2,-0.0098,5,0
66.9344,0.285328,59.999142,0.002910,0.0000,1.0000,8924.4,-0.0099,5,0
66.9477,0.286376,59.999139,0.002920,0.0000,1.0000,8922.2,-0.0099,5,0
66.9602,0.287424,59.999135,0.002930,0.0000,1.0000,8922.9,-0.0099,5,0
66.9710,0.288472,59.999132,0.002940,0.0000,1.0000,8926.9,-0.0098,5,0
66.9829,0.289521,59.999128,0.002950,0.0000,1.0000,8928.4,-0.0096,5,0
66.9958,0.290570,59.999124,0.002960,0.0000,1.0000,8925.9,-0.0094,5,0
67.0059,0.291619,59.999121,0.002970,0.0000,1.0000,8933.8,-0.0093,5,0
67.0173,0.292668,59.999117,0.002980,0.0000,1.0000,8935.0,-0.0091,5,0
67.0312,0.293717,59.999114,0.002990,0.0000,1.0000,8929.3,-0.0089,5,0
67.0412,0.294767,59.999110,0.003000,0.0000,1.0000,8935.7,-0.0088,5,0
67.0525,0.295816,59.999107,0.003010,0.0000,1.0000,8939.5,-0.0085,5,0
67.0656,0.296866,59.999104,0.003020,0.0000,1.0000,8936.7,-0.0083,5,0
67.0768,0.297916,59.999101,0.003030,0.0000,1.0000,8939.5,-0.0081,5,0
67.0871,0.298967,59.999098,0.003040,0.0000,1.0000,8945.4,-0.0077,5,0
67.0994,0.300017,59.999095,0.003050,0.0000,1.0000,8945.4,-0.0074,5,0
67.1117,0.301068,59.999092,0.003060,0.0000,1.0000,8945.2,-0.0072,5,0
67.1219,0.302119,59.999089,0.003070,0.0000,1.0000,8951.4,-0.0067,5,0
67.1335,0.303169,59.999086,0.003080,0.0000,1.0000,8953.4,-0.0063,5,0
67.1470,0.304221,59.999083,0.003090,0.0000,1.0000,8949.8,-0.0060,5,0
67.1571,0.305272,59.999080,0.003100,0.0000,1.0000,8957.1,-0.0055,5,0
67.1694,0.306323,59.999077,0.003110,0.0000,1.0000,8959.4,-0.0051,5,0
67.1830,0.307375,59.999073,0.003120,0.0000,1.0000,8955.4,-0.0047,5,0
67.1947,0.308427,59.999070,0.003130,0.0000,1.0000,8960.2,-0.0044,5,0
67.2067,0.309479,59.999066,0.003140,0.0000,1.0000,8964.2,-0.0040,5,0
67.2211,0.310532,59.999063,0.003151,0.0000,1.0000,8958.5,-0.0038,5,0
67.2331,0.311584,59.999060,0.003161,0.0000,1.0000,8962.8,-0.0035,5,0
67.2450,0.312637,59.999056,0.003171,0.0000,1.0000,8965.9,-0.0032,5,0
67.2584,0.313690,59.999053,0.003181,0.0000,1.0000,8963.7,-0.0031,5,0
67.2710,0.314743,59.999049,0.003191,0.0000,1.0000,8963.1,-0.0029,5,0
67.2828,0.315796,59.999046,0.003201,0.0000,1.0000,8966.4,-0.0027,5,0
67.2948,0.316850,59.999043,0.003211,0.0000,1.0000,8968.8,-0.0026,5,0
67.3082,0.317903,59.999039,0.003221,0.0000,1.0000,8965.6,-0.0025,5,0
67.3196,0.318957,59.999036,0.003231,0.0000,1.0000,8968.5,-0.0023,5,0
67.3311,0.320011,59.999032,0.003241,0.0000,1.0000,8971.6,-0.0022,5,0
67.3443,0.321065,59.999029,0.003251,0.0000,1.0000,8967.0,-0.0021,5,0
67.3550,0.322120,59.999026,0.003261,0.0000,1.0000,8971.4,-0.0020,5,0
67.3666,0.323174,59.999022,0.003271,0.0000,1.0000,8972.4,-0.0018,5,0
67.3786,0.324229,59.999019,0.003282,0.0000,1.0000,8971.8,-0.0017,5,0
67.3892,0.325284,59.999015,0.003292,0.0000,1.0000,8974.6,-0.0015,5,0
67.4001,0.326339,59.999012,0.003302,0.0000,1.0000,8977.6,-0.0012,5,0
67.4126,0.327395,59.999009,0.003312,0.0000,1.0000,8974.7,-0.0010,5,0
67.4246,0.328450,59.999005,0.003322,0.0000,1.0000,8974.4,-0.0007,5,0
67.4357,0.329506,59.999002,0.003332,0.0000,1.0000,8977.6,-0.0004,5,0
67.4473,0.330562,59.998998,0.003342,0.0000,1.0000,8978.1,-0.0001,5,0
67.4587,0.331618,59.998995,0.003352,0.0000,1.0000,8978.0,0.0003,5,0
67.4688,0.332674,59.998992,0.003362,0.0000,1.0000,8982.2,0.0007,5,0
67.4794,0.333730,59.998988,0.003373,0.0000,1.0000,8985.6,0.0010,5,0
67.4908,0.334787,59.998985,0.003383,0.0000,1.0000,8983.6,0.0013,5,0
67.5006,0.335844,59.998981,0.003393,0.0000,1.0000,8992.0,0.0016,5,0
67.5116,0.336901,59.998978,0.003403,0.0000,1.0000,8994.9,0.0018,5,0
67.5236,0.337958,59.998975,0.003413,0.0000,1.0000,8993.7,0.0018,5,0
67.5334,0.339015,59.998972,0.003423,0.0000,1.0000,9001.4,0.0020,5,0
67.5433,0.340072,59.998969,0.003433,0.0000,1.0000,9007.1,0.0020,5,0
67.5559,0.341130,59.998966,0.003443,0.0000,1.0000,9002.4,0.0018,5,0
67.5659,0.342187,59.998963,0.003454,0.0000,1.0000,9008.4,0.0017,5,0
67.5760,0.343245,59.998959,0.003464,0.0000,1.0000,9012.8,0.0017,5,0
67.5838,0.344303,59.998956,0.003474,0.0000,0.0000,8988.5,0.0013,5,0
67.5576,0.345361,59.998953,0.003484,0.0000,0.0000,8939.6,0.0009,5,0
67.5354,0.346418,59.998950,0.003494,0.0000,0.0000,8890.9,0.0005,5,0
67.5138,0.347475,59.998947,0.003504,0.0000,0.0000,8842.4,-0.0003,5,0
67.4922,0.348532,59.998944,0.003514,0.0000,0.0000,8582.4,-0.0009,6,0
67.5209,0.349589,59.998940,0.003525,0.0000,0.0000,7933.9,-0.0015,6,0
67.5394,0.350646,59.998937,0.003535,0.0000,1.0000,7911.1,-0.0022,6,0
67.5542,0.351704,59.998933,0.003545,0.0000,1.0000,7908.5,-0.0026,6,0
67.5662,0.352761,59.998930,0.003555,0.0000,1.0000,7914.9,-0.0031,6,0
67.5798,0.353819,59.998927,0.003565,0.0000,1.0000,7916.2,-0.0034,6,0
67.5946,0.354877,59.998923,0.003575,0.0000,1.0000,7911.7,-0.0036,6,0
67.6069,0.355936,59.998920,0.003585,0.0000,1.0000,7916.8,-0.0037,6,0
67.6204,0.356994,59.998916,0.003596,0.0000,1.0000,7917.6,-0.0035,6,0
67.6344,0.358053,59.998913,0.003606,0.0000,1.0000,7914.8,-0.0032,6,0
67.6476,0.359112,59.998910,0.003616,0.0000,1.0000,7916.4,-0.0029,6,0
67.6605,0.360171,59.998906,0.003626,0.0000,1.0000,7918.7,-0.0025,6,0
67.6741,0.361231,59.998903,0.003636,0.0000,1.0000,7918.0,-0.0021,6,0
67.6877,0.362290,59.998900,0.003646,0.0000,1.0000,7916.7,-0.0016,6,0
67.6993,0.363350,59.998897,0.003656,0.0000,1.0000,7922.1,-0.0012,6,0
67.7124,0.364410,59.998893,0.003667,0.0000,1.0000,7921.3,-0.0009,6,0
67.7258,0.365471,59.998890,0.003677,0.0000,1.0000,7918.1,-0.0005,6,0
67.7372,0.366531,59.998887,0.003687,0.0000,1.0000,7921.9,-0.0002,6,0
67.7490,0.367592,59.998883,0.003697,0.0000,1.0000,7923.3,0.0000,6,0
67.7622,0.368652,59.998880,0.003707,0.0000,1.0000,7918.9,0.0003,6,0
67.7730,0.369713,59.998876,0.003717,0.0000,1.0000,7925.4,0.0004,6,0
67.7849,0.370774,59.998873,0.003728,0.0000,1.0000,7926.5,0.0005,6,0
67.7980,0.371836,59.998869,0.003738,0.0000,1.0000,7924.2,0.0005,6,0
67.8090,0.372897,59.998866,0.003748,0.0000,1.0000,7928.2,0.0005,6,0
67.8214,0.373959,59.998862,0.003758,0.0000,1.0000,7930.3,0.0005,6,0
67.8340,0.375021,59.998858,0.003768,0.0000,1.0000,7928.3,0.0004,6,0
67.8464,0.376083,59.998855,0.003778,0.0000,1.0000,7930.8,0.0002,6,0
67.8580,0.377145,59.998851,0.003789,0.0000,1.0000,7934.8,0.0000,6,0
67.8700,0.378208,59.998848,0.003799,0.0000,1.0000,7936.6,-0.0003,6,0
67.8826,0.379271,59.998844,0.003809,0.0000,1.0000,7936.6,-0.0006,6,0
67.8939,0.380333,59.998841,0.003819,0.0000,1.0000,7942.2,-0.0010,6,0
67.9062,0.381397,59.998837,0.003829,0.0000,1.0000,7944.2,-0.0015,6,0
67.9197,0.382460,59.998834,0.003840,0.0000,1.0000,7940.2,-0.0020,6,0
67.9303,0.383523,59.998830,0.003850,0.0000,1.0000,7948.0,-0.0025,6,0
67.9427,0.384587,59.998827,0.003860,0.0000,1.0000,7949.9,-0.0031,6,0
67.9568,0.385651,59.998824,0.003870,0.0000,1.0000,7945.8,-0.0036,6,0
67.9675,0.386715,59.998820,0.003880,0.0000,1.0000,7952.8,-0.0041,6,0
67.9797,0.387779,59.998817,0.003891,0.0000,1.0000,7954.6,-0.0045,6,0
67.9936,0.388843,59.998813,0.003901,0.0000,1.0000,7949.8,-0.0048,6,0
68.0046,0.389908,59.998810,0.003911,0.0000,1.0000,7954.6,-0.0051,6,0
68.0159,0.390973,59.998807,0.003921,0.0000,1.0000,7957.6,-0.0053,6,0
68.0290,0.392038,59.998804,0.003931,0.0000,1.0000,7954.3,-0.0054,6,0
68.0404,0.393103,59.998801,0.003942,0.0000,1.0000,7957.4,-0.0055,6,0
68.0517,0.394168,59.998798,0.003952,0.0000,1.0000,7961.5,-0.0055,6,0
68.0640,0.395234,59.998795,0.003962,0.0000,1.0000,7960.9,-0.0054,6,0
68.0767,0.396299,59.998792,0.003972,0.0000,1.0000,7960.2,-0.0054,6,0
68.0873,0.397365,59.998789,0.003982,0.0000,1.0000,7966.5,-0.0054,6,0
68.0998,0.398431,59.998786,0.003993,0.0000,1.0000,7967.0,-0.0055,6,0
68.1132,0.399498,59.998783,0.004003,0.0000,1.0000,7963.9,-0.0057,6,0
68.1243,0.400564,59.998780,0.004013,0.0000,1.0000,7970.6,-0.0060,6,0
68.1362,0.401631,59.998776,0.004023,0.0000,1.0000,7972.6,-0.0063,6,0
68.1508,0.402698,59.998773,0.004034,0.0000,1.0000,7967.8,-0.0067,6,0
68.1620,0.403765,59.998769,0.004044,0.0000,1.0000,7972.7,-0.0072,6,0
68.1736,0.404832,59.998766,0.004054,0.0000,1.0000,7975.9,-0.0076,6,0
68.1877,0.405899,59.998762,0.004064,0.0000,1.0000,7970.6,-0.0079,6,0
68.1992,0.406967,59.998759,0.004075,0.0000,1.0000,7975.0,-0.0083,6,0
68.2106,0.408035,59.998756,0.004085,0.0000,1.0000,7978.2,-0.0084,6,0
68.2235,0.409103,59.998752,0.004095,0.0000,1.0000,7976.4,-0.0083,6,0
68.2359,0.410171,59.998748,0.004105,0.0000,1.0000,7977.0,-0.0081,6,0
68.2464,0.411240,59.998745,0.004115,0.0000,1.0000,7980.1,-0.0075,6,0
68.2583,0.412308,59.998742,0.004126,0.0000,1.0000,7980.3,-0.0068,6,0
68.2703,0.413377,59.998738,0.004136,0.0000,1.0000,7977.4,-0.0059,6,0
68.2801,0.414446,59.998734,0.004146,0.0000,1.0000,7983.5,-0.0048,6,0
68.2911,0.415515,59.998731,0.004157,0.0000,1.0000,7984.4,-0.0035,6,0
68.3035,0.416584,59.998728,0.004167,0.0000,1.0000,7982.6,-0.0023,6,0
68.3132,0.417654,59.998724,0.004177,0.0000,1.0000,7988.6,-0.0010,6,0
68.3244,0.418723,59.998721,0.004187,0.0000,1.0000,7990.1,0.0005,6,0
68.3369,0.419793,59.998717,0.004198,0.0000,1.0000,7988.2,0.0018,6,0
68.3468,0.420863,59.998714,0.004208,0.0000,1.0000,7995.7,0.0031,6,0
68.3581,0.421933,59.998710,0.004218,0.0000,1.0000,7998.1,0.0044,6,0
68.3712,0.423003,59.998707,0.004229,0.0000,1.0000,7995.4,0.0057,6,0
68.3815,0.424074,59.998703,0.004239,0.0000,1.0000,8002.5,0.0068,6,0
68.3928,0.425145,59.998700,0.004249,0.0000,1.0000,8005.6,0.0080,6,0
68.4069,0.426215,59.998696,0.004259,0.0000,1.0000,8000.9,0.0091,6,0
68.4178,0.427286,59.998693,0.004270,0.0000,1.0000,8006.7,0.0102,6,0
68.4291,0.428358,59.998690,0.004280,0.0000,1.0000,8010.3,0.0115,6,0
68.4424,0.429429,59.998686,0.004290,0.0000,1.0000,8007.6,0.0127,6,0
68.4539,0.430501,59.998683,0.004301,0.0000,1.0000,8010.0,0.0140,6,0
68.4650,0.431573,59.998679,0.004311,0.0000,1.0000,8010.8,0.0154,6,0
68.4766,0.432645,59.998676,0.004321,0.0000,1.0000,8011.1,0.0169,6,0
68.4881,0.433717,59.998673,0.004332,0.0000,1.0000,8010.3,0.0183,6,0
68.4978,0.434789,59.998669,0.004342,0.0000,1.0000,8015.1,0.0200,6,0
68.5085,0.435862,59.998666,0.004352,0.0000,1.0000,8016.2,0.0216,6,0
68.5196,0.436934,59.998662,0.004363,0.0000,1.0000,8013.9,0.0231,6,0
68.5291,0.438007,59.998659,0.004373,0.0000,1.0000,8019.6,0.0245,6,0
68.5381,0.439080,59.998656,0.004383,0.0000,1.0000,8022.0,0.0258,6,0
68.5504,0.440153,59.998652,0.004394,0.0000,1.0000,8019.0,0.0267,6,0
68.5586,0.441226,59.998649,0.004404,0.0000,1.0000,8025.9,0.0274,6,0
68.5682,0.442300,59.998645,0.004414,0.0000,1.0000,8030.4,0.0279,6,0
68.5803,0.443373,59.998642,0.004424,0.0000,1.0000,8027.5,0.0282,6,0
68.5892,0.444447,59.998639,0.004435,0.0000,1.0000,8033.1,0.0284,6,0
68.5995,0.445521,59.998635,0.004445,0.0000,1.0000,8038.4,0.0284,6,0
68.6117,0.446595,59.998632,0.004455,0.0000,1.0000,8035.3,0.0286,6,0
68.6229,0.447669,59.998628,0.004466,0.0000,1.0000,8040.7,0.0286,6,0
68.6339,0.448744,59.998625,0.004476,0.0000,1.0000,8042.2,0.0287,6,0
68.6467,0.449819,59.998622,0.004486,0.0000,1.0000,8041.0,0.0290,6,0
68.6576,0.450893,59.998618,0.004497,0.0000,1.0000,8045.3,0.0293,6,0
68.6701,0.451968,59.998615,0.004507,0.0000,1.0000,8043.4,0.0298,6,0
68.6820,0.453044,59.998611,0.004517,0.0000,1.0000,8043.8,0.0305,6,0
68.6937,0.454119,59.998608,0.004527,0.0000,1.0000,8043.1,0.0313,6,0
68.7040,0.455194,59.998604,0.004538,0.0000,1.0000,8045.3,0.0320,6,0
68.7149,0.456270,59.998601,0.004548,0.0000,1.0000,8045.0,0.0329,6,0
68.7259,0.457346,59.998597,0.004558,0.0000,1.0000,8045.4,0.0337,6,0
68.7340,0.458422,59.998594,0.004569,0.0000,1.0000,8051.8,0.0341,6,0
68.7457,0.459498,59.998590,0.004579,0.0000,1.0000,8047.5,0.0346,6,0
68.7562,0.460575,59.998587,0.004589,0.0000,1.0000,8043.8,0.0347,6,0
68.7628,0.461651,59.998584,0.004599,0.0186,0.9192,8041.2,0.0345,6,0
68.7646,0.462728,59.998580,0.004610,0.0186,0.9192,8028.5,0.0340,6,0
68.7602,0.463804,59.998576,0.004620,0.0512,0.7397,8014.6,0.0330,6,0
68.7456,0.464880,59.998573,0.004630,0.0512,0.7397,8000.7,0.0317,6,0
68.7244,0.465956,59.998570,0.004640,0.0981,0.5227,7982.7,0.0303,6,0
68.6921,0.467031,59.998566,0.004650,0.0981,0.5227,7963.8,0.0289,6,0
68.6470,0.468106,59.998563,0.004661,0.1732,0.3340,7945.7,0.0276,6,0
68.5898,0.469180,59.998560,0.004671,0.1732,0.3340,7925.0,0.0263,6,0
68.5212,0.470253,59.998556,0.004681,0.2571,0.1915,7906.5,0.0253,6,0
68.4414,0.471324,59.998553,0.004691,0.2571,0.1915,7888.2,0.0244,6,0
68.3545,0.472394,59.998550,0.004701,0.3235,0.0945,7869.5,0.0237,6,0
68.2600,0.473463,59.998547,0.004712,0.3235,0.0945,7849.8,0.0232,6,0
68.1577,0.474530,59.998543,0.004722,0.3967,0.0241,7831.9,0.0228,6,0
68.0486,0.475595,59.998540,0.004732,0.3967,0.0241,7811.9,0.0226,6,0
67.9350,0.476658,59.998537,0.004742,0.4568,0.0000,7788.7,0.0228,6,0
67.8145,0.477720,59.998533,0.004752,0.4568,0.0000,7764.4,0.0233,6,0
67.6889,0.478780,59.998529,0.004762,0.5094,0.0000,7736.7,0.0243,6,0
67.5577,0.479837,59.998526,0.004772,0.5094,0.0000,7703.8,0.0255,6,0
67.4191,0.480893,59.998522,0.004782,0.5585,0.0000,7672.4,0.0270,6,0
67.2757,0.481946,59.998519,0.004792,0.5585,0.0000,7644.3,0.0284,6,0
67.1273,0.482997,59.998516,0.004802,0.6013,0.0000,7618.7,0.0296,6,0
66.9724,0.484045,59.998512,0.004812,0.6013,0.0000,7599.6,0.0301,6,0
66.8116,0.485091,59.998508,0.004822,0.6552,0.0000,7578.8,0.0303,6,0
66.6449,0.486134,59.998505,0.004832,0.6552,0.0000,7565.1,0.0298,6,0
66.4753,0.487175,59.998502,0.004842,0.6898,0.0000,7546.2,0.0287,6,0
66.3031,0.488213,59.998498,0.004851,0.6898,0.0000,7522.5,0.0274,6,0
66.1278,0.489248,59.998494,0.004861,0.7203,0.0000,7500.5,0.0260,6,0
65.9504,0.490281,59.998491,0.004871,0.7203,0.0000,7475.5,0.0243,6,0
65.7685,0.491310,59.998488,0.004881,0.7449,0.0000,7456.5,0.0228,6,0
65.5868,0.492337,59.998484,0.004890,0.7449,0.0000,7438.8,0.0216,6,0
65.4044,0.493361,59.998480,0.004900,0.7523,0.0000,7426.6,0.0203,6,0
65.2207,0.494382,59.998477,0.004910,0.7523,0.0000,7414.3,0.0193,6,0
65.0402,0.495400,59.998473,0.004919,0.7739,0.0000,7392.8,0.0187,6,0
64.8567,0.496415,59.998470,0.004929,0.7739,0.0000,7371.9,0.0183,6,0
64.6757,0.497428,59.998467,0.004939,0.7833,0.0000,7342.0,0.0184,6,0
64.4967,0.498438,59.998463,0.004948,0.7833,0.0000,7739.6,0.0192,6,0
64.3195,0.499444,59.998460,0.004957,0.7943,1.0000,8263.0,0.0205,6,0
64.1407,0.500449,59.998456,0.004967,0.7943,1.0000,8257.6,0.0221,6,0
63.9635,0.501450,59.998453,0.004976,0.8051,0.2257,8238.2,0.0239,6,0
63.7896,0.502449,59.998450,0.004985,0.8051,0.2257,8229.9,0.0261,5,0
63.6108,0.503444,59.998446,0.004995,0.8107,0.0000,8190.8,0.0282,5,0
63.4293,0.504437,59.998443,0.005004,0.8107,0.0000,8143.6,0.0307,5,0
63.2476,0.505427,59.998439,0.005013,0.8174,0.0000,8124.3,0.0327,5,0
63.0615,0.506415,59.998436,0.005023,0.8174,0.0000,8108.8,0.0344,5,0
62.8730,0.507399,59.998432,0.005032,0.8189,0.0000,8075.5,0.0351,5,0
62.6833,0.508380,59.998429,0.005041,0.8189,0.0000,8042.7,0.0354,5,0
62.4941,0.509359,59.998425,0.005050,0.8262,0.0000,8048.4,0.0353,5,0
62.3014,0.510334,59.998422,0.005059,0.8262,0.0000,8033.8,0.0341,5,0
62.1106,0.511306,59.998418,0.005068,0.8278,0.0000,8002.4,0.0325,5,0
61.9229,0.512276,59.998414,0.005077,0.8278,0.0000,7967.6,0.0307,5,0
61.7392,0.513242,59.998411,0.005086,0.8273,0.0000,7953.4,0.0282,5,0
61.5494,0.514206,59.998407,0.005095,0.8273,0.0000,7949.2,0.0258,5,0
61.3620,0.515166,59.998404,0.005104,0.8261,0.0000,7926.6,0.0239,5,0
61.1803,0.516124,59.998400,0.005113,0.8261,0.0000,7885.5,0.0226,5,0
61.0021,0.517079,59.998397,0.005121,0.8285,0.0000,7842.0,0.0215,5,0
60.8234,0.518031,59.998393,0.005130,0.8285,0.0000,7844.5,0.0211,5,0
60.6463,0.518981,59.998390,0.005139,0.8336,0.0000,7819.0,0.0217,5,0
60.4769,0.519927,59.998387,0.005147,0.8336,0.0000,7768.5,0.0228,5,0
60.3071,0.520871,59.998384,0.005156,0.8312,0.0000,7746.5,0.0249,5,0
60.1363,0.521813,59.998380,0.005164,0.8312,0.0000,7771.6,0.0279,5,0
59.9682,0.522752,59.998377,0.005173,0.8326,0.0000,7731.6,0.0304,5,0
59.8042,0.523688,59.998374,0.005182,0.8326,0.0000,7663.5,0.0324,5,0
59.6428,0.524621,59.998370,0.005190,0.8296,0.0000,7622.7,0.0342,5,0
59.4740,0.525553,59.998367,0.005199,0.8296,0.0000,7685.3,0.0367,5,0
59.3140,0.526481,59.998364,0.005207,0.8335,0.0000,7657.3,0.0383,5,0
59.1492,0.527407,59.998360,0.005215,0.8335,0.0000,7590.4,0.0392,5,0
58.9900,0.528331,59.998357,0.005224,0.8368,0.0000,7547.7,0.0398,5,0
58.8233,0.529251,59.998353,0.005232,0.8368,0.0000,7550.0,0.0406,5,0
58.6628,0.530170,59.998350,0.005240,0.8286,0.0000,7497.3,0.0417,5,0
58.4984,0.531086,59.998347,0.005248,0.8286,0.0000,7508.3,0.0416,5,0
58.3313,0.531999,59.998343,0.005257,0.8308,0.0000,7484.2,0.0415,5,0
58.1664,0.532909,59.998340,0.005265,0.8308,0.0000,7417.4,0.0416,5,0
58.0009,0.533817,59.998336,0.005273,0.8251,0.0000,7428.7,0.0414,5,0
57.8270,0.534723,59.998333,0.005281,0.8251,0.0000,7467.1,0.0409,5,0
57.6551,0.535625,59.998330,0.005289,0.8257,0.0000,7419.6,0.0406,5,0
57.4828,0.536525,59.998326,0.005297,0.8257,0.0000,7364.8,0.0401,5,0
57.3076,0.537422,59.998323,0.005305,0.8237,0.0000,7377.4,0.0394,5,0
57.1312,0.538316,59.998320,0.005313,0.8237,0.0000,7506.4,0.0387,5,0
56.9546,0.539208,59.998317,0.005321,0.8169,1.0000,8038.5,0.0383,5,0
56.7797,0.540097,59.998313,0.005329,0.8169,1.0000,8450.6,0.0380,5,0
56.6018,0.540983,59.998310,0.005337,0.8078,0.4046,8500.4,0.0375,5,0
56.4301,0.541866,59.998307,0.005345,0.8078,0.4046,8503.8,0.0372,5,0
56.2551,0.542747,59.998303,0.005353,0.8002,0.0000,8450.4,0.0372,4,0
56.0805,0.543625,59.998300,0.005361,0.8002,0.0000,8413.0,0.0366,4,0
55.9059,0.544500,59.998296,0.005369,0.7910,0.0000,8370.7,0.0357,4,0
55.7375,0.545373,59.998293,0.005376,0.7910,0.0000,8329.0,0.0350,4,0
55.5650,0.546243,59.998289,0.005384,0.7766,0.0000,8348.1,0.0344,4,0
55.3967,0.547110,59.998286,0.005391,0.7766,0.0000,8333.2,0.0341,4,0
55.2297,0.547974,59.998282,0.005399,0.7675,0.0000,8299.1,0.0341,4,0
55.0682,0.548837,59.998278,0.005407,0.7675,0.0000,8254.1,0.0347,4,0
54.9068,0.549696,59.998275,0.005414,0.7463,0.0000,8213.7,0.0360,4,0
54.7467,0.550553,59.998271,0.005422,0.7463,0.0000,8179.6,0.0376,4,0
54.5826,0.551408,59.998268,0.005429,0.7369,0.0000,8184.4,0.0393,4,0
54.4199,0.552260,59.998264,0.005437,0.7369,0.0000,8152.9,0.0416,4,0
54.2572,0.553109,59.998261,0.005444,0.7060,0.0000,8114.8,0.0438,4,0
54.1001,0.553956,59.998258,0.005451,0.7060,0.0000,8084.2,0.0455,4,0
53.9430,0.554800,59.998255,0.005459,0.6893,0.0000,8096.4,0.0460,4,0
53.7885,0.555642,59.998252,0.005466,0.6893,0.0000,8076.3,0.0459,4,0
53.6362,0.556482,59.998249,0.005473,0.6745,0.0000,8050.7,0.0451,4,0
53.4836,0.557319,59.998246,0.005480,0.6745,0.0000,8033.4,0.0439,4,0
53.3339,0.558154,59.998243,0.005488,0.6511,0.0000,8015.6,0.0425,4,0
53.1876,0.558987,59.998240,0.005495,0.6511,0.0000,7994.2,0.0411,4,0
53.0431,0.559817,59.998237,0.005502,0.6385,0.0000,7972.8,0.0402,4,0
52.8985,0.560645,59.998234,0.005510,0.6385,0.0000,7957.9,0.0394,4,0
52.7576,0.561471,59.998231,0.005516,0.6121,0.0000,7940.2,0.0388,4,0
52.6208,0.562295,59.998227,0.005523,0.6121,0.0000,7914.2,0.0390,4,0
52.4874,0.563117,59.998224,0.005530,0.5897,0.0000,7887.1,0.0398,4,0
52.3536,0.563936,59.998220,0.005537,0.5897,0.0000,7866.7,0.0407,4,0
52.2210,0.564754,59.998217,0.005544,0.5700,0.0000,7847.5,0.0418,4,0
52.0900,0.565569,59.998214,0.005551,0.5700,0.0000,7828.5,0.0434,4,0
51.9647,0.566383,59.998210,0.005558,0.5408,0.0000,7805.4,0.0451,4,0
51.8380,0.567194,59.998207,0.005565,0.5408,0.0000,7795.5,0.0467,4,0
51.7129,0.568004,59.998203,0.005572,0.5263,0.0000,7781.4,0.0479,4,0
51.5890,0.568811,59.998200,0.005579,0.5263,0.0000,7767.2,0.0491,4,0
51.4697,0.569617,59.998197,0.005585,0.5043,0.0000,7746.6,0.0500,4,0
51.3512,0.570421,59.998194,0.005592,0.5043,0.0000,7728.3,0.0504,4,0
51.2342,0.571223,59.998191,0.005599,0.4906,0.0000,7712.0,0.0507,4,0
51.1177,0.572023,59.998188,0.005605,0.4906,0.0000,7695.3,0.0507,4,0
51.0040,0.572822,59.998185,0.005612,0.4882,0.0000,7669.9,0.0507,4,0
50.8917,0.573619,59.998182,0.005618,0.4882,0.0000,7647.9,0.0508,4,0
50.7822,0.574413,59.998179,0.005625,0.4615,0.0000,7628.9,0.0508,4,0
50.6725,0.575207,59.998176,0.005632,0.4615,0.0000,7623.0,0.0512,4,0
50.5626,0.575998,59.998173,0.005638,0.4428,0.0000,7641.5,0.0519,4,0
50.4582,0.576788,59.998170,0.005645,0.4428,0.0000,7626.1,0.0528,4,0
50.3571,0.577577,59.998167,0.005651,0.4066,0.0000,7603.1,0.0539,4,0
50.2581,0.578363,59.998163,0.005658,0.4066,0.0000,7585.9,0.0548,4,0
50.1617,0.579149,59.998159,0.005664,0.3846,0.0000,7569.8,0.0560,4,0
50.0674,0.579932,59.998156,0.005670,0.3846,0.0000,7551.8,0.0570,4,0
49.9717,0.580715,59.998153,0.005676,0.3712,0.0000,7544.0,0.0577,4,0
49.8797,0.581496,59.998149,0.005683,0.3712,0.0000,7524.6,0.0581,4,0
49.7841,0.582275,59.998145,0.005689,0.3580,0.0000,7524.6,0.0584,4,0
49.6925,0.583053,59.998142,0.005695,0.3580,0.0000,7510.9,0.0586,4,0
49.6001,0.583829,59.998138,0.005702,0.3538,0.0000,7504.5,0.0582,4,0
49.5093,0.584604,59.998135,0.005708,0.3538,0.0000,7487.7,0.0576,4,0
49.4168,0.585378,59.998131,0.005714,0.3335,0.0000,7488.4,0.0566,4,0
49.3277,0.586150,59.998128,0.005720,0.3335,0.0000,7484.4,0.0555,4,0
49.2417,0.586921,59.998124,0.005726,0.3115,0.0000,7482.7,0.0541,4,0
49.1591,0.587691,59.998121,0.005732,0.3115,0.0000,7478.4,0.0526,4,0
49.0760,0.588459,59.998117,0.005738,0.2826,0.0000,7481.6,0.0511,4,0
48.9984,0.589226,59.998114,0.005744,0.2826,0.0000,7485.7,0.0501,4,0
48.9262,0.589992,59.998111,0.005750,0.2471,0.0000,7483.9,0.0493,4,0
48.8596,0.590757,59.998107,0.005756,0.2471,0.0000,7478.3,0.0492,4,0
48.7956,0.591521,59.998103,0.005762,0.2267,0.0000,7469.8,0.0497,4,0
48.7321,0.592284,59.998100,0.005768,0.2267,0.0000,7469.0,0.0512,4,0
48.6762,0.593046,59.998097,0.005774,0.1969,0.0000,7459.4,0.0534,4,0
48.6225,0.593807,59.998094,0.005779,0.1969,0.0000,7446.8,0.0564,4,0
48.5709,0.594567,59.998091,0.005785,0.1756,0.0000,7427.9,0.0597,4,0
48.5199,0.595327,59.998088,0.005791,0.1756,0.0000,7411.2,0.0638,4,0
48.4681,0.596085,59.998085,0.005796,0.1561,0.0000,7399.0,0.0680,4,0
48.4174,0.596843,59.998082,0.005802,0.1561,0.0000,7386.4,0.0720,4,0
48.3659,0.597601,59.998079,0.005808,0.1243,0.0000,7377.5,0.0757,4,0
48.3138,0.598357,59.998076,0.005813,0.1243,0.0000,7373.0,0.0791,4,0
48.2634,0.599112,59.998073,0.005819,0.1009,0.0000,7371.4,0.0817,4,0
48.2159,0.599867,59.998070,0.005825,0.1009,0.0000,7375.8,0.0830,4,0
48.1713,0.600621,59.998067,0.005830,0.0683,0.0000,7383.6,0.0832,4,0
48.1296,0.601375,59.998063,0.005836,0.0683,0.0000,7395.7,0.0824,4,0
48.0891,0.602128,59.998059,0.005841,0.0504,0.0000,7410.6,0.0808,4,0
48.0508,0.602880,59.998056,0.005846,0.0504,0.0000,7423.5,0.0785,4,0
48.0136,0.603631,59.998053,0.005852,0.0336,0.0000,7434.8,0.0757,4,0
47.9806,0.604383,59.998049,0.005857,0.0336,0.0000,7437.5,0.0727,4,0
47.9479,0.605133,59.998046,0.005863,0.0230,0.0000,7443.4,0.0701,4,0
47.9162,0.605883,59.998042,0.005868,0.0230,0.0000,7451.1,0.0678,4,0
47.8858,0.606633,59.998038,0.005874,0.0148,0.0000,7456.3,0.0659,4,0
47.8586,0.607382,59.998035,0.005879,0.0148,0.0000,7452.9,0.0645,4,0
47.8300,0.608131,59.998032,0.005884,0.0097,0.0000,7455.9,0.0637,4,0
47.8039,0.608879,59.998028,0.005889,0.0097,0.0000,7454.5,0.0636,4,0
47.7778,0.609627,59.998024,0.005895,0.0033,0.0000,7453.5,0.0637,4,0
47.7542,0.610375,59.998021,0.005900,0.0033,0.0000,7448.8,0.0642,4,0
47.7318,0.611122,59.998018,0.005905,0.0001,0.0000,7441.8,0.0650,4,0
47.7094,0.611869,59.998014,0.005910,0.0001,0.0000,7435.2,0.0659,4,0
47.6874,0.612615,59.998010,0.005915,0.0001,0.0000,7427.9,0.0665,4,0
47.6651,0.613362,59.998007,0.005920,0.0001,0.0000,7417.8,0.0664,4,0
47.6420,0.614107,59.998003,0.005926,0.0001,0.0000,7408.9,0.0654,4,0
47.6188,0.614853,59.998000,0.005931,0.0001,0.0000,7398.0,0.0638,4,0
47.5944,0.615598,59.997997,0.005936,0.0001,0.0000,7392.9,0.0610,4,0
47.5697,0.616343,59.997993,0.005940,0.0001,0.0000,7384.1,0.0569,4,0
47.5446,0.617087,59.997990,0.005945,0.0001,0.0000,7379.8,0.0516,4,0
47.5201,0.617831,59.997987,0.005950,0.0001,0.0000,7370.3,0.0460,4,0
47.4950,0.618574,59.997984,0.005955,0.0001,0.0000,7367.8,0.0400,4,0
47.4690,0.619318,59.997980,0.005960,0.0001,0.0000,7366.7,0.0337,4,0
47.4442,0.620060,59.997977,0.005965,0.0001,0.0000,7363.6,0.0274,4,0
47.4182,0.620803,59.997974,0.005970,0.0001,0.0000,7363.5,0.0215,4,0
47.3936,0.621545,59.997970,0.005975,0.0000,0.0000,7359.8,0.0160,4,0
47.3680,0.622286,59.997967,0.005980,0.0000,0.0000,7361.4,0.0103,4,0
47.3417,0.623027,59.997963,0.005984,0.0000,0.0000,7358.0,0.0046,4,0
47.3157,0.623768,59.997960,0.005989,0.0000,0.0000,7356.9,-0.0010,4,0
47.2892,0.624508,59.997956,0.005994,0.0000,0.0000,7354.2,-0.0068,4,0
47.2640,0.625248,59.997952,0.005998,0.0000,0.0000,7351.6,-0.0125,4,0
47.2369,0.625988,59.997948,0.006003,0.0000,0.0000,7351.1,-0.0183,4,0
47.2114,0.626727,59.997945,0.006007,0.0000,0.0000,7347.8,-0.0237,4,0
47.1856,0.627465,59.997941,0.006012,0.0000,0.0000,7347.9,-0.0289,4,0
47.1604,0.628204,59.997937,0.006017,0.0000,0.0000,7342.6,-0.0336,4,0
47.1355,0.628942,59.997934,0.006021,0.0000,0.0000,7344.4,-0.0384,4,0
47.1094,0.629679,59.997930,0.006026,0.0000,0.0000,7341.4,-0.0433,4,0
47.0860,0.630416,59.997926,0.006030,0.0000,0.0000,7335.8,-0.0481,4,0
47.0613,0.631153,59.997923,0.006035,0.0000,0.0000,7332.7,-0.0530,4,0
47.0381,0.631889,59.997919,0.006039,0.0000,0.0000,7326.9,-0.0585,4,0
47.0134,0.632625,59.997916,0.006043,0.0000,0.0000,7324.2,-0.0645,4,0
46.9896,0.633361,59.997912,0.006048,0.0000,0.0000,7315.9,-0.0710,4,0
46.9673,0.634096,59.997908,0.006052,0.0000,0.0000,7310.9,-0.0775,4,0
46.9432,0.634831,59.997905,0.006057,0.0000,0.0000,7302.1,-0.0845,4,0
46.9222,0.635566,59.997901,0.006061,0.0000,0.0000,7296.7,-0.0920,4,0
46.8981,0.636300,59.997898,0.006065,0.0000,0.0000,7291.3,-0.0998,4,0
46.8766,0.637034,59.997894,0.006070,0.0000,0.0000,7283.1,-0.1078,4,0
46.8539,0.637767,59.997890,0.006074,0.0000,0.0000,7281.1,-0.1161,4,0
46.8316,0.638500,59.997886,0.006078,0.0000,0.0000,7275.2,-0.1248,4,0
46.8107,0.639233,59.997883,0.006082,0.0000,0.0000,7271.6,-0.1337,4,0
46.7878,0.639965,59.997879,0.006086,0.0000,0.0000,7266.2,-0.1421,4,0
46.7692,0.640698,59.997875,0.006090,0.0000,0.0000,7260.6,-0.1494,4,0
46.7467,0.641429,59.997871,0.006094,0.0000,0.0000,7254.1,-0.1557,4,0
46.7286,0.642161,59.997867,0.006098,0.0000,0.0000,7249.0,-0.1606,4,0
46.7073,0.642892,59.997864,0.006102,0.0000,0.0000,7243.1,-0.1632,4,0
46.6867,0.643623,59.997860,0.006106,0.0000,0.0000,7237.4,-0.1638,4,0
46.6661,0.644354,59.997856,0.006110,0.0000,0.0000,7231.3,-0.1627,4,0
46.6434,0.645084,59.997852,0.006114,0.0000,0.0000,7224.9,-0.1599,4,0
46.6228,0.645814,59.997848,0.006118,0.0000,0.0000,7221.0,-0.1554,4,0
46.5986,0.646543,59.997845,0.006122,0.0000,0.0000,7216.9,-0.1498,4,0
46.5775,0.647272,59.997841,0.006126,0.0000,0.0000,7212.7,-0.1428,4,0
46.5532,0.648001,59.997837,0.006130,0.0000,0.0000,7210.3,-0.1356,4,0
46.5298,0.648729,59.997833,0.006133,0.0000,0.0000,7206.8,-0.1281,4,0
46.5077,0.649458,59.997829,0.006137,0.0000,0.0000,7205.5,-0.1209,4,0
46.4819,0.650185,59.997826,0.006141,0.0000,0.0000,7203.0,-0.1145,4,0
46.4607,0.650913,59.997822,0.006145,0.0000,0.0000,7199.1,-0.1088,4,0
46.4357,0.651639,59.997818,0.006149,0.0000,0.0000,7195.0,-0.1050,4,0
46.4138,0.652366,59.997814,0.006152,0.0000,0.0000,7191.0,-0.1025,4,0
46.3899,0.653092,59.997810,0.006156,0.0000,0.0000,7188.0,-0.1016,4,0
46.3670,0.653818,59.997807,0.006159,0.0000,0.0000,7181.9,-0.1019,4,0
46.3455,0.654544,59.997803,0.006163,0.0000,0.0000,7178.2,-0.1042,4,0
46.3198,0.655269,59.997799,0.006167,0.0000,0.0000,7172.8,-0.1079,4,0
46.2981,0.655994,59.997795,0.006170,0.0000,0.0000,7169.5,-0.1129,4,0
46.2731,0.656718,59.997791,0.006174,0.0000,0.0000,7166.0,-0.1187,4,0
46.2521,0.657442,59.997788,0.006177,0.0000,0.0000,7161.7,-0.1250,4,0
46.2270,0.658166,59.997784,0.006181,0.0000,0.0000,7161.2,-0.1318,4,0
46.2023,0.658889,59.997780,0.006184,0.0000,0.0000,7160.4,-0.1390,4,0
46.1802,0.659612,59.997776,0.006188,0.0000,0.0000,7161.4,-0.1459,4,0
46.1542,0.660334,59.997772,0.006191,0.0000,0.0000,7161.1,-0.1524,4,0
46.1331,0.661057,59.997768,0.006194,0.0000,0.0000,7160.0,-0.1589,4,0
46.1077,0.661778,59.997764,0.006198,0.0000,0.0000,7161.4,-0.1654,4,0
46.0849,0.662500,59.997760,0.006201,0.0000,0.0000,7162.0,-0.1716,4,0
46.0616,0.663221,59.997756,0.006204,0.0000,0.0000,7163.6,-0.1778,4,0
46.0375,0.663942,59.997752,0.006208,0.0000,0.0000,7161.4,-0.1841,4,0
46.0143,0.664662,59.997748,0.006211,0.0000,0.0000,7165.4,-0.1914,4,0
45.9875,0.665382,59.997744,0.006214,0.0000,0.0000,7166.3,-0.1992,4,0
45.9643,0.666102,59.997740,0.006218,0.0000,0.0000,7167.9,-0.2071,4,0
45.9386,0.666821,59.997736,0.006221,0.0000,0.0000,7170.1,-0.2145,4,0
45.9167,0.667539,59.997733,0.006224,0.0000,0.0000,7170.3,-0.2211,4,0
45.8920,0.668258,59.997729,0.006227,0.0000,0.0000,7172.8,-0.2267,4,0
45.8683,0.668976,59.997726,0.006230,0.0000,0.0000,7173.6,-0.2306,4,0
45.8457,0.669694,59.997722,0.006233,0.0000,0.0000,7176.9,-0.2323,4,0
45.8237,0.670411,59.997718,0.006236,0.0000,0.0000,7172.7,-0.2320,4,0
45.8037,0.671128,59.997715,0.006239,0.0000,0.0000,7170.2,-0.2296,4,0
45.7819,0.671845,59.997711,0.006242,0.0000,0.0000,7164.6,-0.2253,4,0
45.7627,0.672561,59.997708,0.006245,0.0000,0.0000,7160.4,-0.2187,4,0
45.7433,0.673277,59.997704,0.006248,0.0000,0.0000,7152.4,-0.2103,4,0
45.7256,0.673993,59.997700,0.006250,0.0000,0.0000,7144.7,-0.2001,4,0
45.7049,0.674709,59.997696,0.006253,0.0000,0.0000,7134.9,-0.1893,4,0
45.6870,0.675424,59.997692,0.006256,0.0000,0.0000,7124.7,-0.1774,4,0
45.6645,0.676139,59.997688,0.006259,0.0000,0.0000,7116.3,-0.1662,4,0
45.6504,0.676853,59.997684,0.006261,0.0000,0.0000,7104.8,-0.1546,4,0
45.6321,0.677568,59.997681,0.006264,0.0000,0.0000,7096.0,-0.1435,4,0
45.6134,0.678282,59.997677,0.006267,0.0000,0.0000,7082.8,-0.1349,4,0
45.6009,0.678996,59.997673,0.006270,0.0000,0.0000,7073.1,-0.1264,4,0
45.5870,0.679709,59.997669,0.006272,0.0000,0.0000,7063.6,-0.1202,4,0
45.5688,0.680423,59.997665,0.006275,0.0000,0.0000,7048.6,-0.1133,4,0
45.5663,0.681136,59.997661,0.006277,0.0000,0.0000,7023.3,-0.1062,4,0
45.5443,0.681849,59.997657,0.006280,0.0000,0.0000,7006.8,-0.0978,4,0
45.5211,0.682562,59.997654,0.006282,0.0000,0.0000,7063.2,-0.0872,4,0
45.5063,0.683274,59.997650,0.006285,0.0000,0.0000,7061.3,-0.0744,4,0
45.5048,0.683986,59.997646,0.006287,0.0000,0.0000,7018.3,-0.0585,4,0
45.4877,0.684698,59.997642,0.006290,0.0000,0.0000,7017.3,-0.0412,4,0
45.4753,0.685410,59.997638,0.006292,0.0000,0.0000,6991.6,-0.0221,4,0
45.4658,0.686122,59.997635,0.006295,0.0000,0.0000,6998.3,-0.0025,4,0
45.4561,0.686834,59.997631,0.006297,0.0000,0.0000,7003.3,0.0169,4,0
45.4429,0.687545,59.997627,0.006300,0.0000,0.0000,6992.9,0.0358,4,0
45.4287,0.688256,59.997623,0.006302,0.0000,0.0000,6982.3,0.0531,4,0
45.4102,0.688967,59.997620,0.006305,0.0000,0.0000,7017.6,0.0694,4,0
45.4005,0.689678,59.997616,0.006307,0.0000,0.0000,6998.7,0.0844,4,0
45.3965,0.690389,59.997612,0.006310,0.0000,0.0000,6958.0,0.0997,4,0
45.3813,0.691099,59.997609,0.006312,0.0000,0.0000,6952.7,0.1128,4,0
45.3677,0.691809,59.997605,0.006314,0.0000,0.0000,6950.9,0.1248,4,0
45.3416,0.692519,59.997601,0.006317,0.0000,0.0000,6987.2,0.1351,4,0
45.3307,0.693229,59.997597,0.006319,0.0000,0.0000,6964.4,0.1447,4,0
45.3229,0.693938,59.997594,0.006322,0.0000,0.0000,6935.2,0.1523,4,0
45.3144,0.694648,59.997590,0.006324,0.0000,0.0000,6914.9,0.1579,4,0
45.2920,0.695357,59.997586,0.006326,0.0000,0.0000,6925.3,0.1639,4,0
45.2795,0.696065,59.997581,0.006329,0.0000,0.0000,6910.2,0.1671,4,0
45.2594,0.696774,59.997577,0.006331,0.0000,0.0000,6918.4,0.1698,4,0
45.2414,0.697482,59.997573,0.006334,0.0000,0.0000,6906.6,0.1712,4,0
45.2222,0.698190,59.997568,0.006336,0.0000,0.0000,6918.2,0.1720,4,0
45.2064,0.698898,59.997564,0.006338,0.0000,0.0000,6928.9,0.1714,4,0
45.1793,0.699605,59.997560,0.006341,0.0000,0.0000,6928.9,0.1704,4,0
45.1516,0.700312,59.997556,0.006343,0.0000,0.0000,6938.9,0.1672,4,0
45.1096,0.701018,59.997551,0.006346,0.0000,0.0000,6980.7,0.1619,4,0
45.0887,0.701724,59.997547,0.006348,0.0000,0.0000,6957.4,0.1543,4,0
45.0671,0.702430,59.997543,0.006350,0.0000,0.0000,6951.5,0.1455,4,0
45.0459,0.703135,59.997540,0.006353,0.0000,0.0000,6950.2,0.1360,4,0
45.0219,0.703839,59.997536,0.006355,0.0000,0.0000,6963.6,0.1265,4,0
44.9997,0.704544,59.997532,0.006357,0.0000,0.0000,6981.4,0.1175,4,0
44.9734,0.705248,59.997528,0.006359,0.0000,0.0000,7003.4,0.1088,4,0
44.9512,0.705952,59.997525,0.006361,0.0000,0.0000,6997.8,0.1008,4,0
44.9282,0.706655,59.997521,0.006364,0.0000,0.0000,6989.7,0.0935,4,0
44.8996,0.707358,59.997517,0.006366,0.0000,0.0000,7006.6,0.0870,4,0
44.8673,0.708060,59.997514,0.006368,0.0000,0.0000,7037.1,0.0807,4,0
44.8452,0.708762,59.997510,0.006370,0.0000,0.0000,7035.9,0.0750,4,0
44.8250,0.709464,59.997506,0.006372,0.0000,0.0000,7030.3,0.0697,4,0
44.8048,0.710165,59.997502,0.006374,0.0000,0.0000,7027.3,0.0646,4,0
44.7844,0.710867,59.997498,0.006376,0.0000,0.0000,7022.6,0.0594,4,0
44.7649,0.711567,59.997494,0.006378,0.0000,0.0000,7015.3,0.0542,4,0
44.7456,0.712268,59.997490,0.006380,0.0000,0.0000,7010.7,0.0489,4,0
44.7270,0.712968,59.997486,0.006381,0.0000,0.0000,7002.6,0.0436,4,0
44.7084,0.713668,59.997482,0.006383,0.0000,0.0000,6994.6,0.0383,4,0
44.6888,0.714368,59.997478,0.006385,0.0000,0.0000,6991.4,0.0331,4,0
44.6706,0.715067,59.997474,0.006387,0.0000,0.0000,6983.6,0.0286,4,0
44.6548,0.715766,59.997470,0.006389,0.0000,0.0000,6968.3,0.0246,4,0
44.6417,0.716465,59.997466,0.006390,0.0000,0.0000,6938.9,0.0212,4,0
44.6265,0.717163,59.997463,0.006392,0.0000,0.0000,6917.4,0.0183,4,0
44.6079,0.717862,59.997459,0.006393,0.0000,0.0000,6910.8,0.0159,4,0
44.5913,0.718560,59.997455,0.006395,0.0000,0.0000,6899.0,0.0143,4,0
44.5770,0.719258,59.997451,0.006396,0.0000,0.0000,6877.7,0.0131,4,0
44.5576,0.719955,59.997448,0.006398,0.0000,0.0000,6879.1,0.0124,4,0
44.5408,0.720652,59.997444,0.006399,0.0000,0.0000,6868.1,0.0121,4,0
44.5233,0.721349,59.997440,0.006401,0.0000,0.0000,6860.7,0.0122,4,0
44.5061,0.722046,59.997437,0.006402,0.0000,0.0000,6854.2,0.0129,4,0
44.4884,0.722743,59.997433,0.006404,0.0000,0.0000,6851.2,0.0143,4,0
44.4696,0.723439,59.997429,0.006405,0.0000,0.0000,6850.3,0.0163,4,0
44.4521,0.724135,59.997424,0.006406,0.0000,0.0000,6842.8,0.0193,4,0
44.4350,0.724830,59.997420,0.006408,0.0000,0.0000,6835.8,0.0232,4,0
44.4171,0.725526,59.997416,0.006409,0.0000,0.0000,6831.4,0.0280,4,0
44.3988,0.726221,59.997412,0.006410,0.0000,0.0000,6830.8,0.0335,4,0
44.3798,0.726915,59.997407,0.006411,0.0000,0.0000,6830.5,0.0394,4,0
44.3624,0.727610,59.997403,0.006413,0.0000,0.0000,6824.1,0.0455,4,0
44.3446,0.728304,59.997399,0.006414,0.0000,0.0000,6819.8,0.0519,4,0
44.3263,0.728998,59.997394,0.006415,0.0000,0.0000,6817.4,0.0585,4,0
44.3076,0.729692,59.997390,0.006416,0.0000,0.0000,6817.3,0.0650,4,0
44.2884,0.730385,59.997386,0.006417,0.0000,0.0000,6816.8,0.0711,4,0
44.2705,0.731078,59.997383,0.006418,0.0000,0.0000,6811.6,0.0768,4,0
44.2530,0.731771,59.997379,0.006420,0.0000,0.0000,6806.1,0.0822,4,0
44.2348,0.732463,59.997375,0.006421,0.0000,0.0000,6802.7,0.0873,4,0
44.2155,0.733155,59.997371,0.006422,0.0000,0.0000,6804.2,0.0922,4,0
44.1962,0.733847,59.997368,0.006423,0.0000,0.0000,6802.8,0.0970,4,0
44.1787,0.734539,59.997364,0.006424,0.0000,0.0000,6794.9,0.1018,4,0
44.1611,0.735230,59.997360,0.006425,0.0000,0.0000,6787.5,0.1067,4,0
44.1420,0.735921,59.997357,0.006426,0.0000,0.0000,6783.1,0.1112,4,0
44.1224,0.736612,59.997353,0.006427,0.0000,0.0000,6780.9,0.1155,4,0
44.1020,0.737302,59.997349,0.006428,0.0000,0.0000,6777.3,0.1195,4,0
44.0829,0.737993,59.997345,0.006429,0.0000,0.0000,6768.7,0.1230,4,0
44.0639,0.738682,59.997341,0.006430,0.0000,0.0000,6762.5,0.1263,4,0
44.0433,0.739372,59.997337,0.006430,0.0000,0.0000,6759.0,0.1290,4,0
44.0210,0.740061,59.997333,0.006431,0.0000,0.0000,6758.6,0.1313,4,0
43.9995,0.740750,59.997330,0.006432,0.0000,0.0000,6754.6,0.1331,4,0
43.9776,0.741438,59.997326,0.006433,0.0000,0.0000,6748.5,0.1348,4,0
43.9552,0.742126,59.997322,0.006434,0.0000,0.0000,6747.0,0.1362,4,0
43.9332,0.742814,59.997318,0.006435,0.0000,0.0000,6744.7,0.1375,4,0
43.9096,0.743501,59.997314,0.006436,0.0000,0.0000,6747.1,0.1386,4,0
43.8861,0.744189,59.997310,0.006436,0.0002,0.0000,6745.4,0.1394,4,0
43.8634,0.744875,59.997306,0.006437,0.0002,0.0000,6741.4,0.1402,4,0
43.8388,0.745561,59.997301,0.006438,0.0000,0.0000,6742.4,0.1408,4,0
43.8162,0.746247,59.997297,0.006438,0.0000,0.0000,6740.2,0.1415,4,0
43.7918,0.746933,59.997293,0.006439,0.0000,0.0000,6740.6,0.1423,4,0
43.7662,0.747618,59.997289,0.006439,0.0000,0.0000,6746.2,0.1432,4,0
43.7414,0.748303,59.997285,0.006440,0.0000,0.0000,6749.0,0.1444,4,0
43.7163,0.748987,59.997280,0.006441,0.0000,0.0000,6753.9,0.1456,4,0
43.6953,0.749671,59.997276,0.006441,0.0000,0.0000,6741.4,0.1469,4,0
43.6691,0.750355,59.997272,0.006442,0.0000,0.0000,6747.7,0.1482,4,0
43.6433,0.751038,59.997268,0.006442,0.0000,0.0000,6753.7,0.1499,4,0
43.6175,0.751721,59.997264,0.006443,0.0000,0.0000,6758.4,0.1517,4,0
43.5927,0.752403,59.997261,0.006443,0.0000,0.0000,6755.5,0.1536,4,0
43.5674,0.753085,59.997257,0.006443,0.0000,0.0000,6753.2,0.1554,4,0
43.5421,0.753767,59.997253,0.006444,0.0000,0.0000,6750.0,0.1572,4,0
43.5161,0.754448,59.997249,0.006444,0.0000,0.0000,6749.3,0.1592,4,0
43.4914,0.755129,59.997245,0.006444,0.0000,0.0000,6743.6,0.1610,4,0
43.4655,0.755810,59.997242,0.006445,0.0000,0.0000,6739.7,0.1624,4,0
43.4380,0.756490,59.997238,0.006445,0.0000,0.0000,6738.6,0.1635,4,0
43.4113,0.757169,59.997234,0.006445,0.0000,0.0000,6736.5,0.1643,4,0
43.3845,0.757848,59.997230,0.006445,0.0012,0.0000,6732.7,0.1648,4,0
43.3570,0.758527,59.997226,0.006446,0.0012,0.0000,6731.2,0.1652,4,0
43.3307,0.759205,59.997223,0.006446,0.0000,0.0000,6724.6,0.1650,4,0
43.3017,0.759883,59.997219,0.006446,0.0000,0.0000,6724.8,0.1646,4,0
43.2719,0.760561,59.997215,0.006446,0.0000,0.0000,6728.8,0.1642,4,0
43.2445,0.761238,59.997211,0.006446,0.0000,0.0000,6725.4,0.1637,4,0
43.2156,0.761914,59.997207,0.006446,0.0000,0.0000,6724.0,0.1629,4,0
43.1855,0.762590,59.997204,0.006446,0.0000,0.0000,6721.6,0.1621,4,0
43.1556,0.763266,59.997200,0.006446,0.0000,0.0000,6722.0,0.1612,4,0
43.1246,0.763941,59.997196,0.006446,0.0000,0.0000,6723.9,0.1605,4,0
43.0957,0.764616,59.997192,0.006446,0.0000,0.0000,6718.5,0.1599,4,0
43.0664,0.765290,59.997188,0.006445,0.0000,0.0000,6713.0,0.1592,4,0
43.0350,0.765964,59.997185,0.006445,0.0000,0.0000,6712.2,0.1585,4,0
43.0020,0.766637,59.997181,0.006445,0.0000,0.0000,6715.8,0.1581,4,0
42.9714,0.767309,59.997177,0.006444,0.0000,0.0000,6712.6,0.1579,4,0
42.9403,0.767982,59.997173,0.006444,0.0000,0.0000,6711.6,0.1577,4,0
42.9095,0.768653,59.997169,0.006444,0.0000,0.0000,6704.2,0.1574,4,0
42.8775,0.769325,59.997166,0.006444,0.0000,0.0000,6703.4,0.1572,4,0
42.8449,0.769995,59.997162,0.006443,0.0000,0.0000,6705.0,0.1573,4,0
42.8127,0.770666,59.997158,0.006443,0.0000,0.0000,6705.9,0.1577,4,0
42.7819,0.771335,59.997154,0.006442,0.0000,0.0000,6702.8,0.1580,4,0
42.7522,0.772005,59.997150,0.006442,0.0000,0.0000,6696.6,0.1584,4,0
42.7217,0.772673,59.997147,0.006441,0.0000,0.0000,6693.9,0.1590,4,0
42.6921,0.773342,59.997143,0.006440,0.0000,0.0000,6690.5,0.1602,4,0
42.6633,0.774010,59.997139,0.006440,0.0000,0.0000,6685.2,0.1618,4,0
42.6353,0.774677,59.997135,0.006439,0.0000,0.0000,6674.9,0.1635,4,0
42.6077,0.775344,59.997131,0.006439,0.0000,0.0000,6660.9,0.1655,4,0
42.5790,0.776011,59.997128,0.006438,0.0000,0.0000,6651.0,0.1677,4,0
42.5493,0.776677,59.997124,0.006437,0.0000,0.0000,6644.2,0.1704,4,0
42.5205,0.777342,59.997120,0.006437,0.0000,0.0000,6633.5,0.1730,4,0
42.4903,0.778008,59.997116,0.006436,0.0000,0.0000,6622.3,0.1753,4,0
42.4600,0.778672,59.997112,0.006435,0.0000,0.0000,6608.5,0.1771,4,0
42.4272,0.779336,59.997108,0.006434,0.0000,0.0000,6600.4,0.1788,4,0
42.3934,0.780000,59.997104,0.006433,0.0000,0.0000,6593.2,0.1800,4,0
42.3585,0.780663,59.997100,0.006432,0.0000,0.0000,6589.2,0.1806,4,0
42.3228,0.781326,59.997096,0.006431,0.0000,0.0000,6583.6,0.1798,4,0
42.2863,0.781988,59.997092,0.006430,0.0000,0.0000,6579.8,0.1783,4,0
42.2493,0.782649,59.997088,0.006429,0.0000,0.0000,6574.7,0.1766,4,0
42.2061,0.783310,59.997084,0.006428,0.0000,0.0000,6578.1,0.1745,4,0
42.1516,0.783970,59.997080,0.006427,0.0000,0.0000,6578.9,0.1715,4,0
42.0918,0.784629,59.997076,0.006426,0.0000,0.0000,6583.3,0.1680,4,0
42.0305,0.785287,59.997073,0.006425,0.0000,0.0000,6588.9,0.1646,4,0
41.9612,0.785944,59.997069,0.006424,0.0000,0.0000,6595.9,0.1618,4,0
41.9004,0.786599,59.997066,0.006423,0.0000,0.0000,6605.3,0.1588,4,0
41.8467,0.787255,59.997062,0.006421,0.0000,0.0000,6613.5,0.1567,4,0
41.8042,0.787909,59.997058,0.006420,0.0000,0.0000,6619.3,0.1554,4,0
41.7578,0.788563,59.997055,0.006419,0.0000,0.0000,6617.3,0.1548,4,0
41.7174,0.789216,59.997051,0.006418,0.0000,0.0000,6643.3,0.1550,4,0
41.6592,0.789868,59.997048,0.006416,0.0000,0.0000,6703.5,0.1578,4,0
41.6120,0.790519,59.997044,0.006415,0.0000,0.0000,6734.0,0.1606,4,0
41.5685,0.791170,59.997040,0.006414,0.0000,0.0000,6762.1,0.1649,4,0
41.5220,0.791820,59.997036,0.006412,0.0000,0.0000,6788.1,0.1703,4,0
41.4892,0.792470,59.997032,0.006410,0.0000,0.0000,6747.3,0.1759,4,0
41.4719,0.793119,59.997028,0.006409,0.0000,0.0000,6679.8,0.1811,4,0
41.4567,0.793768,59.997025,0.006407,0.0000,0.0000,6591.4,0.1861,4,0
41.4207,0.794416,59.997021,0.006406,0.0000,0.0000,6611.1,0.1911,4,0
41.4014,0.795064,59.997017,0.006404,0.0000,0.0000,6576.5,0.1961,4,0
41.3829,0.795712,59.997013,0.006402,0.0000,0.0000,6550.7,0.1991,4,0
41.3619,0.796360,59.997009,0.006401,0.0000,0.0000,6525.0,0.2010,4,0
41.3495,0.797007,59.997005,0.006399,0.0000,0.0000,6482.0,0.2014,4,0
41.3327,0.797654,59.997002,0.006397,0.0000,0.0000,6452.8,0.2002,4,0
41.3153,0.798301,59.996998,0.006396,0.0000,0.0000,6426.8,0.1977,4,0
41.2978,0.798947,59.996994,0.006394,0.0000,0.0000,6403.0,0.1940,4,0
41.2802,0.799594,59.996991,0.006392,0.0000,0.0000,6379.5,0.1886,4,0
41.2626,0.800240,59.996988,0.006390,0.0000,0.0000,6355.9,0.1820,4,0
41.2448,0.800885,59.996984,0.006388,0.0000,0.0000,6332.7,0.1741,4,0
41.2128,0.801530,59.996980,0.006387,0.0000,0.0000,6312.4,0.1649,4,0
41.1780,0.802175,59.996977,0.006385,0.0000,0.0000,6291.1,0.1550,4,0
41.1521,0.802819,59.996973,0.006383,0.0000,0.0000,6268.3,0.1448,4,1
41.1246,0.803463,59.996970,0.006381,0.0000,0.0000,6265.3,0.1352,4,1
41.0944,0.804106,59.996967,0.006379,0.0000,0.0000,6282.5,0.1270,4,1
41.0670,0.804749,59.996963,0.006377,0.0000,0.0000,6282.7,0.1200,4,1
41.0514,0.805392,59.996960,0.006376,0.0000,0.0000,6276.7,0.1152,4,1
41.0252,0.806034,59.996957,0.006374,0.0000,0.0000,6269.7,0.1115,4,1
40.9664,0.806676,59.996953,0.006372,0.0000,0.0000,6261.8,0.1088,4,1
40.9130,0.807316,59.996950,0.006370,0.0000,0.0000,6308.1,0.1059,4,1
40.8843,0.807956,59.996947,0.006368,0.0000,0.0000,6291.0,0.1030,4,1
40.8728,0.808596,59.996944,0.006366,0.0000,0.0000,6268.1,0.1002,4,1
40.8501,0.809235,59.996940,0.006365,0.0000,0.0000,6269.9,0.0970,4,1
40.8337,0.809875,59.996937,0.006363,0.0000,0.0000,6295.3,0.0934,4,1
40.7765,0.810513,59.996933,0.006361,0.0000,0.0000,6387.3,0.0901,4,1
40.7315,0.811151,59.996930,0.006359,0.0000,0.0000,6459.7,0.0868,4,1
40.6796,0.811787,59.996926,0.006357,0.0000,0.0000,6573.6,0.0851,4,1
40.6534,0.812424,59.996922,0.006355,0.0000,0.0000,6567.0,0.0841,4,1
40.6319,0.813060,59.996918,0.006353,0.0000,0.0000,6519.7,0.0838,4,1
40.6426,0.813696,59.996915,0.006351,0.0000,0.0000,6406.2,0.0842,4,1
40.6242,0.814332,59.996911,0.006350,0.0000,0.0000,6382.5,0.0857,4,1
40.6110,0.814968,59.996907,0.006348,0.0000,0.0000,6339.8,0.0886,4,1
40.6036,0.815604,59.996904,0.006346,0.0000,0.0000,6294.0,0.0934,4,1
40.5922,0.816239,59.996900,0.006344,0.0000,0.0000,6246.5,0.0989,4,1
40.5595,0.816874,59.996896,0.006342,0.0000,0.0000,6283.3,0.1065,4,1
40.5364,0.817509,59.996893,0.006340,0.0000,0.0000,6252.6,0.1147,4,1
40.5206,0.818143,59.996889,0.006338,0.0000,0.0000,6237.5,0.1233,4,1
40.4999,0.818777,59.996886,0.006336,0.0000,0.0000,6233.3,0.1330,4,1
40.4786,0.819411,59.996882,0.006334,0.0000,0.0000,6213.4,0.1426,4,1
40.4543,0.820044,59.996878,0.006332,0.0000,0.0000,6208.1,0.1512,4,1
40.4265,0.820677,59.996875,0.006330,0.0000,0.0000,6205.5,0.1604,4,1
40.4012,0.821309,59.996871,0.006328,0.0000,0.0000,6227.5,0.1690,4,1
40.3880,0.821942,59.996868,0.006326,0.0000,0.0000,6211.8,0.1777,4,1
40.3716,0.822574,59.996864,0.006325,0.0000,0.0000,6197.8,0.1858,4,1
40.3481,0.823205,59.996861,0.006323,0.0000,0.0000,6210.0,0.1931,4,1
40.3295,0.823837,59.996857,0.006321,0.0000,0.0000,6206.6,0.2000,4,1
40.2929,0.824467,59.996854,0.006319,0.0000,0.0000,6233.7,0.2058,4,1
40.2347,0.825097,59.996850,0.006317,0.0000,0.0000,6225.6,0.2102,4,1
40.1158,0.825725,59.996847,0.006315,0.0000,0.0000,6217.8,0.2138,4,1
40.0024,0.826351,59.996844,0.006313,0.0000,0.0000,6209.6,0.2170,4,1
39.9471,0.826977,59.996840,0.006311,0.0000,0.0000,6204.2,0.2191,4,1
39.9164,0.827602,59.996837,0.006309,0.0000,0.0000,6244.7,0.2204,4,1
39.8963,0.828226,59.996833,0.006307,0.0000,0.0000,6273.8,0.2197,4,1
39.8701,0.828850,59.996830,0.006305,0.0000,0.0000,6308.6,0.2188,4,1
39.8314,0.829474,59.996827,0.006303,0.0000,0.0000,6343.5,0.2186,4,1
39.7642,0.830096,59.996823,0.006301,0.0000,0.0000,6477.6,0.2178,4,1
39.7069,0.830718,59.996820,0.006298,0.0000,0.0000,6550.9,0.2173,4,1
39.7054,0.831340,59.996816,0.006296,0.0000,0.0000,6471.8,0.2166,4,1
39.7061,0.831961,59.996813,0.006294,0.0000,0.0000,6369.3,0.2151,4,1
39.6895,0.832582,59.996810,0.006292,0.0000,0.0000,6325.3,0.2141,4,1
39.6551,0.833203,59.996806,0.006290,0.0000,0.0000,6356.3,0.2135,4,1
39.6296,0.833824,59.996803,0.006288,0.0000,0.0000,6363.6,0.2141,4,1
39.6166,0.834444,59.996799,0.006286,0.0000,0.0000,6316.9,0.2153,4,1
39.6073,0.835064,59.996796,0.006284,0.0000,0.0000,6269.0,0.2165,4,1
39.5839,0.835684,59.996792,0.006282,0.0000,0.0000,6228.6,0.2184,4,1
39.5453,0.836303,59.996789,0.006280,0.0000,0.0000,6266.8,0.2198,4,1
39.5301,0.836921,59.996785,0.006277,0.0000,0.0000,6244.7,0.2214,4,1
39.5170,0.837540,59.996782,0.006275,0.0000,0.0000,6221.4,0.2234,4,1
39.4971,0.838158,59.996778,0.006273,0.0000,0.0000,6203.2,0.2253,4,1
39.4694,0.838776,59.996774,0.006271,0.0000,0.0000,6174.4,0.2274,4,1
39.4490,0.839394,59.996771,0.006269,0.0000,0.0000,6156.9,0.2298,4,1
39.4172,0.840011,59.996767,0.006267,0.0000,0.0000,6189.2,0.2329,4,1
39.4016,0.840628,59.996764,0.006264,0.0000,0.0000,6160.2,0.2364,4,1
39.3799,0.841244,59.996760,0.006262,0.0000,0.0000,6137.0,0.2392,4,1
39.3584,0.841860,59.996757,0.006260,0.0000,0.0000,6110.5,0.2411,4,1
39.3228,0.842476,59.996753,0.006258,0.0000,0.0000,6141.7,0.2426,4,1
39.2967,0.843091,59.996750,0.006256,0.0000,0.0000,6152.9,0.2431,4,1
39.2779,0.843706,59.996747,0.006253,0.0000,0.0000,6129.2,0.2432,4,1
39.2560,0.844321,59.996744,0.006251,0.0000,0.0000,6113.0,0.2434,4,1
39.2356,0.844935,59.996740,0.006249,0.0000,0.0000,6090.8,0.2433,4,1
39.2027,0.845549,59.996737,0.006247,0.0000,0.0000,6073.8,0.2431,4,1
39.1723,0.846162,59.996734,0.006244,0.0000,0.0000,6063.4,0.2423,4,1
39.0993,0.846774,59.996730,0.006242,0.0000,0.0000,6092.4,0.2403,4,1
39.0560,0.847385,59.996727,0.006240,0.0000,0.0000,6118.8,0.2382,4,1
39.0174,0.847996,59.996724,0.006237,0.0000,0.0000,6144.5,0.2375,4,1
39.0085,0.848607,59.996721,0.006235,0.0000,0.0000,6119.1,0.2373,4,1
38.9859,0.849217,59.996718,0.006233,0.0000,0.0000,6116.0,0.2381,4,1
38.9492,0.849827,59.996715,0.006230,0.0000,0.0000,6158.4,0.2392,4,1
38.9216,0.850436,59.996712,0.006228,0.0000,0.0000,6180.3,0.2401,4,1
38.8889,0.851045,59.996708,0.006226,0.0000,0.0000,6187.9,0.2413,4,1
38.8463,0.851653,59.996705,0.006223,0.0000,0.0000,6217.2,0.2420,4,1
38.8342,0.852261,59.996702,0.006221,0.0000,0.0000,6156.7,0.2425,4,1
38.8223,0.852869,59.996699,0.006219,0.0000,0.0000,6118.7,0.2442,4,1
38.8070,0.853476,59.996696,0.006216,0.0000,0.0000,6102.7,0.2472,4,1
38.7950,0.854084,59.996693,0.006214,0.0000,0.0000,6062.0,0.2508,4,1
38.7672,0.854690,59.996689,0.006212,0.0000,0.0000,6062.3,0.2548,4,1
38.7338,0.855297,59.996686,0.006209,0.0000,0.0000,6098.5,0.2592,4,1
38.6992,0.855903,59.996682,0.006207,0.0000,0.0000,6085.7,0.2635,4,1
38.6748,0.856508,59.996679,0.006204,0.0000,0.0000,6072.3,0.2670,4,1
38.6610,0.857113,59.996676,0.006202,0.0000,0.0000,6051.9,0.2688,4,1
38.6441,0.857718,59.996672,0.006199,0.0000,0.0000,6033.5,0.2686,4,1
38.6146,0.858323,59.996669,0.006197,0.0000,0.0000,6055.4,0.2696,4,1
38.5931,0.858927,59.996665,0.006195,0.0000,0.0000,6044.7,0.2727,4,1
38.5627,0.859531,59.996662,0.006192,0.0000,0.0000,6060.1,0.2757,4,1
38.5339,0.860134,59.996659,0.006190,0.0000,0.0000,6073.7,0.2779,4,1
38.5160,0.860737,59.996656,0.006187,0.0000,0.0000,6036.7,0.2795,4,1
38.5009,0.861340,59.996652,0.006185,0.0000,0.0000,6001.6,0.2808,4,1
38.4854,0.861942,59.996649,0.006182,0.0000,0.0000,5987.8,0.2810,4,1
38.4692,0.862544,59.996646,0.006180,0.0000,0.0000,5950.6,0.2808,4,1
38.4339,0.863146,59.996643,0.006177,0.0000,0.0000,5957.6,0.2806,4,1
38.3861,0.863747,59.996640,0.006175,0.0000,0.0000,6021.4,0.2803,4,1
38.3734,0.864348,59.996636,0.006172,0.0000,0.0000,5987.7,0.2810,4,1
38.3625,0.864948,59.996633,0.006170,0.0000,0.0000,5953.4,0.2820,4,1
38.3528,0.865549,59.996630,0.006167,0.0000,0.0000,5916.9,0.2836,4,1
38.3377,0.866149,59.996627,0.006165,0.0000,0.0000,5902.3,0.2851,4,1
38.2922,0.866748,59.996623,0.006162,0.0000,0.0000,5933.5,0.2865,4,1
38.2537,0.867347,59.996620,0.006160,0.0000,0.0000,5955.2,0.2874,4,1
38.2330,0.867946,59.996617,0.006157,0.0000,0.0000,5963.1,0.2880,4,1
38.2210,0.868544,59.996614,0.006154,0.0000,0.0000,5925.5,0.2891,4,1
38.2099,0.869142,59.996610,0.006152,0.0000,0.0000,5889.4,0.2904,4,1
38.1847,0.869740,59.996607,0.006149,0.0000,0.0000,5872.7,0.2921,4,1
38.1446,0.870337,59.996604,0.006147,0.0000,0.0000,5881.8,0.2951,4,1
38.0706,0.870933,59.996600,0.006144,0.0000,0.0000,5936.6,0.2987,4,1
38.0265,0.871528,59.996597,0.006142,0.0000,0.0000,5939.3,0.3028,4,1
37.9953,0.872123,59.996594,0.006139,0.0000,0.0000,5915.8,0.3070,4,1
37.9640,0.872717,59.996591,0.006136,0.0000,0.0000,5883.8,0.3109,4,1
37.9324,0.873311,59.996588,0.006134,0.0000,0.0000,5895.6,0.3158,4,1
37.9000,0.873905,59.996585,0.006131,0.0000,0.0000,5947.6,0.3223,4,1
37.8809,0.874498,59.996582,0.006129,0.0000,0.0000,5947.2,0.3300,4,1
37.8431,0.875090,59.996579,0.006126,0.0000,0.0000,5955.4,0.3377,4,1
37.8121,0.875682,59.996576,0.006123,0.0000,0.0000,5945.6,0.3444,4,1
37.7852,0.876273,59.996573,0.006121,0.0000,0.0000,5957.6,0.3499,4,1
37.7560,0.876864,59.996570,0.006118,0.0000,0.0000,5991.8,0.3547,4,1
37.7442,0.877455,59.996567,0.006116,0.0000,0.0000,5955.7,0.3602,4,1
37.7344,0.878046,59.996564,0.006113,0.0000,0.0000,5901.7,0.3672,4,1
37.7247,0.878637,59.996561,0.006110,0.0000,0.0000,5852.6,0.3754,4,1
37.6806,0.879227,59.996558,0.006107,0.0000,0.0000,5887.0,0.3841,4,1
37.6451,0.879816,59.996555,0.006105,0.0000,0.0000,5916.9,0.3923,4,1
37.6363,0.880405,59.996551,0.006102,0.0000,0.0000,5877.6,0.3997,4,1
37.6227,0.880994,59.996548,0.006099,0.0000,0.0000,5848.4,0.4057,4,1
37.5952,0.881583,59.996545,0.006097,0.0000,0.0000,5870.3,0.4122,4,1
37.5713,0.882171,59.996542,0.006094,0.0000,0.0000,5865.4,0.4191,4,1
37.5442,0.882758,59.996539,0.006091,0.0000,0.0000,5859.4,0.4264,4,1
37.5225,0.883346,59.996536,0.006089,0.0000,0.0000,5830.8,0.4343,4,1
37.5047,0.883933,59.996533,0.006086,0.0000,0.0000,5812.5,0.4436,4,1
37.4884,0.884520,59.996530,0.006083,0.0000,0.0000,5796.9,0.4547,4,1
37.4716,0.885106,59.996527,0.006080,0.0000,0.0000,5778.3,0.4670,4,1
37.4509,0.885693,59.996524,0.006078,0.0000,0.0000,5760.5,0.4794,4,1
37.4220,0.886279,59.996521,0.006075,0.0000,0.0000,5767.8,0.4918,4,1
37.3939,0.886864,59.996518,0.006072,0.0000,0.0000,5788.6,0.5045,4,1
37.3738,0.887449,59.996515,0.006069,0.0000,0.0000,5778.0,0.5180,4,1
37.3611,0.888034,59.996512,0.006067,0.0000,0.0000,5749.2,0.5317,4,1
37.3390,0.888618,59.996509,0.006064,0.0000,0.0000,5749.8,0.5458,4,1
37.3205,0.889203,59.996506,0.006061,0.0000,0.0000,5746.2,0.5606,4,1
37.2834,0.889786,59.996503,0.006058,0.0000,0.0000,5789.7,0.5760,4,1
37.2565,0.890370,59.996500,0.006056,0.0000,0.0000,5782.1,0.5899,4,1
37.2339,0.890953,59.996497,0.006053,0.0000,0.0000,5777.5,0.6008,4,1
37.2128,0.891535,59.996494,0.006050,0.0000,0.0000,5767.6,0.6082,4,1
37.1922,0.892117,59.996490,0.006047,0.0000,0.0000,5744.7,0.6156,4,1
37.1623,0.892699,59.996487,0.006044,0.0000,0.0000,5737.9,0.6239,4,1
37.1426,0.893281,59.996484,0.006042,0.0000,0.0000,5715.5,0.6339,4,1
37.1209,0.893862,59.996481,0.006039,0.0000,0.0000,5710.6,0.6436,4,1
37.0890,0.894442,59.996478,0.006036,0.0000,0.0000,5738.5,0.6528,4,1
37.0625,0.895022,59.996475,0.006033,0.0000,0.0000,5745.8,0.6600,4,1
37.0241,0.895602,59.996472,0.006030,0.0000,0.0000,5770.4,0.6650,4,1
36.9802,0.896181,59.996469,0.006028,0.0000,0.0000,5782.4,0.6679,4,1
36.9263,0.896759,59.996466,0.006025,0.0000,0.0000,5827.0,0.6675,4,1
36.9002,0.897337,59.996463,0.006022,0.0000,0.0000,5792.8,0.6658,4,1
36.8890,0.897914,59.996460,0.006019,0.0000,0.0000,5743.9,0.6658,4,1
36.8717,0.898491,59.996457,0.006016,0.0000,0.0000,5726.0,0.6683,4,1
36.8446,0.899068,59.996454,0.006013,0.0000,0.0000,5722.3,0.6710,4,1
36.8151,0.899645,59.996451,0.006010,0.0000,0.0000,5726.5,0.6711,4,1
36.7857,0.900220,59.996448,0.006008,0.0000,0.0000,5742.9,0.6688,4,1
36.7462,0.900796,59.996445,0.006005,0.0000,0.0000,5794.4,0.6663,4,1
36.7043,0.901370,59.996442,0.006002,0.0000,0.0000,5857.0,0.6659,4,1
36.6984,0.901945,59.996440,0.005999,0.0000,0.0000,5790.6,0.6674,4,1
36.6909,0.902519,59.996437,0.005996,0.0000,0.0000,5734.1,0.6690,4,1
36.6767,0.903093,59.996434,0.005993,0.0000,0.0000,5695.8,0.6695,4,1
36.6635,0.903667,59.996431,0.005990,0.0000,0.0000,5672.8,0.6692,4,1
36.6411,0.904241,59.996429,0.005987,0.0000,0.0000,5671.1,0.6696,4,1
36.6060,0.904814,59.996426,0.005984,0.0000,0.0000,5702.7,0.6713,4,1
36.5671,0.905386,59.996423,0.005982,0.0000,0.0000,5692.8,0.6735,4,1
36.5255,0.905958,59.996421,0.005979,0.0000,0.0000,5666.5,0.6758,4,1
36.4968,0.906530,59.996418,0.005976,0.0000,0.0000,5651.0,0.6782,4,1
36.4794,0.907101,59.996415,0.005973,0.0000,0.0000,5633.2,0.6814,4,1
36.4650,0.907671,59.996412,0.005970,0.0000,0.0000,5614.4,0.6859,4,1
36.4436,0.908242,59.996409,0.005967,0.0000,0.0000,5607.1,0.6911,4,1
36.4088,0.908812,59.996406,0.005964,0.0000,0.0000,5623.7,0.6949,4,1
36.3556,0.909381,59.996403,0.005961,0.0000,0.0000,5686.8,0.6959,4,1
36.2944,0.909949,59.996399,0.005958,0.0000,0.0000,5815.2,0.6947,4,1
36.2805,0.910517,59.996396,0.005955,0.0000,0.0000,5776.7,0.6929,4,1
36.2786,0.911085,59.996393,0.005952,0.0000,0.0000,5710.9,0.6921,4,1
36.2655,0.911653,59.996390,0.005949,0.0000,0.0000,5682.2,0.6920,4,1
36.2498,0.912220,59.996387,0.005946,0.0000,0.0000,5654.6,0.6934,4,1
36.2292,0.912788,59.996384,0.005943,0.0000,0.0000,5642.7,0.6963,4,1
36.2096,0.913354,59.996381,0.005940,0.0000,0.0000,5635.9,0.7009,4,1
36.1949,0.913921,59.996378,0.005937,0.0000,0.0000,5605.5,0.7063,4,1
36.1698,0.914487,59.996375,0.005934,0.0000,0.0000,5594.5,0.7109,4,1
36.1419,0.915053,59.996372,0.005931,0.0000,0.0000,5591.5,0.7133,4,1
36.1112,0.915618,59.996369,0.005928,0.0000,0.0000,5599.0,0.7141,4,1
36.0815,0.916183,59.996366,0.005925,0.0000,0.0000,5618.3,0.7146,4,1
36.0545,0.916748,59.996363,0.005922,0.0000,0.0000,5622.9,0.7156,4,1
36.0395,0.917312,59.996360,0.005919,0.0000,0.0000,5596.5,0.7177,4,1
36.0259,0.917876,59.996357,0.005916,0.0000,0.0000,5568.9,0.7207,4,1
36.0098,0.918439,59.996354,0.005913,0.0000,0.0000,5552.4,0.7245,4,1
35.9839,0.919003,59.996352,0.005910,0.0000,0.0000,5570.2,0.7292,4,1
35.9606,0.919566,59.996349,0.005907,0.0000,0.0000,5576.3,0.7342,4,1
35.9345,0.920128,59.996346,0.005903,0.0000,0.0000,5550.1,0.7392,4,1
35.9084,0.920690,59.996344,0.005900,0.0000,0.0000,5543.7,0.7440,4,1
35.8951,0.921252,59.996341,0.005897,0.0000,0.0000,5524.7,0.7487,4,1
35.8788,0.921814,59.996338,0.005894,0.0000,0.0000,5505.8,0.7528,4,1
35.8558,0.922375,59.996335,0.005891,0.0000,0.0000,5491.0,0.7570,4,1
35.8153,0.922936,59.996333,0.005888,0.0000,0.0000,5472.0,0.7607,4,1
35.7755,0.923496,59.996330,0.005885,0.0000,0.0000,5485.7,0.7630,4,1
35.7211,0.924055,59.996327,0.005882,0.0000,0.0000,5544.5,0.7632,4,1
35.6905,0.924614,59.996325,0.005879,0.0000,0.0000,5570.5,0.7620,4,1
35.6843,0.925173,59.996322,0.005876,0.0000,0.0000,5524.2,0.7596,4,1
35.6695,0.925731,59.996320,0.005873,0.0000,0.0000,5508.8,0.7574,4,1
35.6517,0.926289,59.996317,0.005869,0.0000,0.0000,5499.5,0.7561,4,1
35.6072,0.926847,59.996314,0.005866,0.0000,0.0000,5572.9,0.7557,4,1
35.5708,0.927403,59.996312,0.005863,0.0000,0.0000,5569.8,0.7553,4,1
35.5215,0.927960,59.996309,0.005860,0.0000,0.0000,5586.4,0.7548,4,1
35.5016,0.928515,59.996307,0.005857,0.0000,0.0000,5537.5,0.7555,4,1
35.4895,0.929071,59.996304,0.005854,0.0000,0.0000,5506.2,0.7578,4,1
35.4756,0.929626,59.996301,0.005851,0.0000,0.0000,5492.6,0.7617,4,1
35.4621,0.930181,59.996298,0.005847,0.0000,0.0000,5475.4,0.7662,4,1
35.4523,0.930736,59.996295,0.005844,0.0000,0.0000,5437.9,0.7700,4,1
35.4253,0.931291,59.996292,0.005841,0.0000,0.0000,5459.3,0.7725,4,1
35.3651,0.931845,59.996289,0.005838,0.0000,0.0000,5568.6,0.7743,4,1
35.3174,0.932397,59.996285,0.005835,0.0000,0.0000,5612.1,0.7754,4,1
35.2983,0.932950,59.996282,0.005832,0.0000,0.0000,5541.0,0.7749,4,1
35.2808,0.933502,59.996279,0.005828,0.0000,0.0000,5493.8,0.7740,4,1
35.2641,0.934054,59.996276,0.005825,0.0246,0.0000,5452.4,0.7743,4,1
35.2476,0.934606,59.996273,0.005822,0.0246,0.0000,5412.6,0.7760,4,1
35.2229,0.935158,59.996270,0.005819,0.0540,0.0000,5380.0,0.7775,4,1
35.1905,0.935709,59.996268,0.005816,0.0540,0.0000,5365.7,0.7773,4,1
35.1428,0.936259,59.996265,0.005812,0.0796,0.0000,5401.5,0.7754,4,1
35.0866,0.936808,59.996262,0.005809,0.0796,0.0000,5425.7,0.7731,4,1
35.0260,0.937356,59.996260,0.005806,0.1046,0.0000,5477.8,0.7714,4,1
34.9923,0.937904,59.996257,0.005803,0.1046,0.0000,5447.3,0.7712,4,1
34.9676,0.938451,59.996254,0.005800,0.1135,0.0000,5388.8,0.7727,4,1
34.9360,0.938998,59.996251,0.005796,0.1135,0.0000,5360.5,0.7748,4,1
34.9109,0.939545,59.996249,0.005793,0.1254,0.0000,5324.8,0.7756,4,1
34.8755,0.940091,59.996246,0.005790,0.1254,0.0000,5338.5,0.7758,4,1
34.8264,0.940636,59.996243,0.005787,0.1309,0.0000,5381.1,0.7766,4,1
34.7687,0.941180,59.996241,0.005783,0.1309,0.0000,5421.6,0.7777,4,1
34.7329,0.941724,59.996238,0.005780,0.1522,0.0000,5388.0,0.7781,4,1
34.7006,0.942267,59.996236,0.005777,0.1522,0.0000,5342.3,0.7782,4,1
34.6675,0.942810,59.996233,0.005774,0.1616,0.0000,5309.2,0.7781,4,1
34.6309,0.943352,59.996230,0.005770,0.1616,0.0000,5250.0,0.7776,4,1
34.5913,0.943894,59.996228,0.005767,0.1577,0.0000,5171.7,0.7761,4,1
34.5471,0.944435,59.996225,0.005764,0.1577,0.0000,5125.8,0.7731,4,1
34.4861,0.944974,59.996223,0.005761,0.1623,0.0000,5165.6,0.7686,4,1
34.4273,0.945513,59.996220,0.005757,0.1623,0.0000,5215.8,0.7630,4,1
34.3848,0.946052,59.996217,0.005754,0.1529,0.0000,5223.4,0.7588,4,1
34.3509,0.946589,59.996215,0.005751,0.1529,0.0000,5192.5,0.7577,4,1
34.2887,0.947126,59.996212,0.005748,0.1522,0.0000,5245.5,0.7588,4,1
34.2237,0.947662,59.996209,0.005744,0.1522,0.0000,5276.7,0.7599,4,1
34.1721,0.948197,59.996206,0.005741,0.1468,0.0000,5297.5,0.7604,4,1
34.1300,0.948731,59.996204,0.005738,0.1468,0.0000,5289.6,0.7606,4,1
34.0928,0.949265,59.996201,0.005735,0.1362,0.0000,5284.1,0.7601,4,1
34.0543,0.949798,59.996198,0.005731,0.1362,0.0000,5263.7,0.7587,4,1
34.0254,0.950331,59.996196,0.005728,0.1404,0.0000,5192.7,0.7579,4,1
33.9885,0.950863,59.996193,0.005725,0.1404,0.0000,5161.5,0.7586,4,1
33.9386,0.951394,59.996191,0.005721,0.1337,0.0000,5201.4,0.7606,4,1
33.9065,0.951925,59.996188,0.005718,0.1337,0.0000,5200.4,0.7617,4,1
33.8733,0.952455,59.996186,0.005715,0.1346,0.0000,5187.8,0.7612,4,1
33.8494,0.952985,59.996184,0.005711,0.1346,0.0000,5135.2,0.7600,4,1
33.8128,0.953514,59.996181,0.005708,0.1352,0.0000,5094.3,0.7594,4,1
33.7572,0.954043,59.996179,0.005705,0.1352,0.0000,5079.9,0.7592,4,1
33.6950,0.954570,59.996177,0.005701,0.1233,0.0000,5114.4,0.7585,4,1
33.6263,0.955097,59.996175,0.005698,0.1233,0.0000,5160.4,0.7558,4,1
33.5837,0.955622,59.996172,0.005695,0.1268,0.0000,5144.9,0.7522,4,1
33.5528,0.956148,59.996170,0.005692,0.1268,0.0000,5091.8,0.7475,4,1
33.5238,0.956673,59.996167,0.005688,0.1155,0.0000,5075.2,0.7406,4,1
33.4892,0.957197,59.996165,0.005685,0.1155,0.0000,5074.6,0.7303,4,1
33.4324,0.957720,59.996162,0.005682,0.1192,0.0000,5162.4,0.7182,4,1
33.3756,0.958243,59.996159,0.005678,0.1192,0.0000,5228.9,0.7052,4,1
33.3302,0.958764,59.996156,0.005675,0.1167,0.0000,5222.9,0.6914,4,1
33.2782,0.959285,59.996154,0.005672,0.1167,0.0000,5201.1,0.6755,4,1
33.2310,0.959806,59.996151,0.005668,0.1080,0.0000,5139.3,0.6580,4,1
33.2067,0.960325,59.996148,0.005665,0.1080,0.0000,5081.9,0.6391,4,1
33.1918,0.960845,59.996146,0.005662,0.1118,0.0000,5025.3,0.6204,4,1
33.1701,0.961364,59.996143,0.005658,0.1118,0.0000,4998.6,0.6028,4,1
33.1416,0.961883,59.996141,0.005655,0.1066,0.0000,5001.3,0.5864,4,1
33.0974,0.962401,59.996138,0.005651,0.1066,0.0000,5055.7,0.5693,4,1
33.0452,0.962919,59.996136,0.005648,0.1067,0.0000,5078.6,0.5520,4,1
32.9749,0.963435,59.996134,0.005645,0.1067,0.0000,5129.8,0.5347,4,1
32.9217,0.963950,59.996131,0.005641,0.1112,0.0000,5164.3,0.5182,4,1
32.9057,0.964465,59.996129,0.005638,0.1112,0.0000,5086.0,0.5033,4,1
32.8878,0.964980,59.996127,0.005635,0.1001,0.0000,5026.6,0.4887,4,1
32.8665,0.965495,59.996125,0.005631,0.1001,0.0000,4969.1,0.4728,4,1
32.8374,0.966009,59.996122,0.005628,0.0980,0.0000,4911.0,0.4561,4,1
32.8032,0.966522,59.996120,0.005625,0.0980,0.0000,4865.2,0.4393,4,1
32.7350,0.967035,59.996117,0.005621,0.0920,0.0000,4935.6,0.4226,4,1
32.6604,0.967546,59.996115,0.005618,0.0920,0.0000,5054.6,0.4049,4,1
32.6157,0.968057,59.996112,0.005614,0.0842,0.0000,5054.5,0.3867,4,1
32.5818,0.968567,59.996110,0.005611,0.0842,0.0000,5023.5,0.3680,4,1
32.5444,0.969076,59.996107,0.005608,0.0814,0.0000,4983.9,0.3490,4,1
32.4953,0.969585,59.996104,0.005604,0.0814,0.0000,4979.7,0.3307,4,1
32.4515,0.970093,59.996102,0.005601,0.0639,0.0000,5013.8,0.3129,4,1
32.4182,0.970600,59.996099,0.005597,0.0639,0.0000,5015.4,0.2933,4,1
32.3750,0.971107,59.996097,0.005594,0.0565,0.0000,5054.2,0.2724,4,1
32.3462,0.971614,59.996094,0.005591,0.0565,0.0000,5020.5,0.2533,4,1
32.2991,0.972119,59.996092,0.005587,0.0462,0.0000,5048.7,0.2361,4,1
32.2703,0.972624,59.996089,0.005584,0.0462,0.0000,5048.4,0.2199,4,1
32.2556,0.973129,59.996087,0.005580,0.0369,0.0000,5011.8,0.2039,4,1
32.2360,0.973634,59.996084,0.005577,0.0369,0.0000,4988.5,0.1889,4,1
32.2130,0.974138,59.996082,0.005574,0.0303,0.0000,4971.5,0.1731,4,1
32.1875,0.974642,59.996080,0.005570,0.0303,0.0000,4959.9,0.1572,4,1
32.1597,0.975146,59.996077,0.005567,0.0220,0.0000,4951.3,0.1405,4,1
32.1325,0.975649,59.996075,0.005563,0.0220,0.0000,4964.2,0.1240,4,1
32.0953,0.976151,59.996072,0.005560,0.0184,0.0000,4974.8,0.1088,4,1
32.0658,0.976653,59.996070,0.005557,0.0184,0.0000,4958.1,0.0946,4,1
32.0476,0.977155,59.996068,0.005553,0.0049,0.0000,4942.1,0.0814,4,1
32.0351,0.977656,59.996066,0.005550,0.0049,0.0000,4924.9,0.0665,4,1
32.0261,0.978158,59.996063,0.005546,0.0042,0.0000,4911.5,0.0483,4,1
32.0016,0.978659,59.996061,0.005543,0.0042,0.0000,4925.5,0.0288,4,1
31.9763,0.979159,59.996059,0.005539,0.0000,0.0000,4950.1,0.0102,4,1
31.9642,0.979660,59.996057,0.005536,0.0000,0.0000,4962.4,-0.0064,4,1
31.9448,0.980160,59.996055,0.005532,0.0000,0.0000,4987.8,-0.0210,4,1
31.9237,0.980659,59.996052,0.005529,0.0000,0.0000,4974.6,-0.0358,4,1
31.9000,0.981159,59.996050,0.005525,0.0000,0.0000,4999.7,-0.0512,4,1
31.8820,0.981658,59.996048,0.005522,0.0000,0.0000,5000.3,-0.0667,4,1
31.8715,0.982157,59.996046,0.005519,0.0000,0.0000,4966.8,-0.0813,4,1
31.8538,0.982656,59.996043,0.005515,0.0000,0.0000,4966.5,-0.0947,4,1
31.8341,0.983154,59.996041,0.005512,0.0000,0.0000,4957.9,-0.1066,4,1
31.8221,0.983652,59.996039,0.005508,0.0000,0.0000,4915.4,-0.1170,4,1
31.8031,0.984150,59.996037,0.005505,0.0000,0.0000,4877.7,-0.1242,4,1
31.7751,0.984647,59.996034,0.005501,0.0000,0.0000,4869.1,-0.1288,4,1
31.6260,0.985142,59.996032,0.005498,0.0000,0.0000,4861.1,-0.1311,4,1
26.9925,0.985565,59.996030,0.005494,0.0000,0.0000,4846.6,-0.1287,4,1
22.4281,0.985916,59.996027,0.005491,0.0000,0.0000,4825.6,-0.1251,4,1
19.8149,0.986226,59.996025,0.005487,0.0000,0.0000,4806.1,-0.1292,4,1
17.3077,0.986497,59.996025,0.005485,0.0000,0.0000,4789.9,-0.1375,4,1
15.4360,0.986739,59.996025,0.005483,0.0000,0.0000,4773.8,-0.1453,4,1
13.6321,0.986952,59.996025,0.005481,0.0000,0.0000,4757.5,-0.1530,4,1
12.4568,0.987147,59.996025,0.005479,0.0000,0.0000,4741.8,-0.1618,4,1
11.3392,0.987325,59.996025,0.005477,0.0000,0.0000,4726.1,-0.1700,4,1
10.5860,0.987491,59.996025,0.005475,0.0000,0.0000,4711.5,-0.1767,4,1
9.8996,0.987646,59.996025,0.005473,0.0000,0.0000,4696.8,-0.1813,4,1
9.2185,0.987790,59.996025,0.005472,0.0000,0.0000,4681.4,-0.1837,4,1
8.6718,0.987926,59.996025,0.005470,0.0000,0.0000,4666.5,-0.1846,4,1
8.1541,0.988053,59.996025,0.005468,0.0000,0.0000,4651.2,-0.1842,4,1
7.9984,0.988178,59.996026,0.005466,0.0000,0.0000,4636.7,-0.1845,4,1
8.0279,0.988304,59.996026,0.005465,0.0000,0.0000,4622.2,-0.1848,4,1
8.0948,0.988431,59.996026,0.005464,0.0000,0.0000,4607.1,-0.1841,4,1
8.0555,0.988557,59.996027,0.005462,0.0000,0.0000,4593.1,-0.1829,4,1
8.0192,0.988683,59.996027,0.005461,0.0000,0.0000,4578.3,-0.1806,4,1
7.9867,0.988808,59.996028,0.005460,0.0000,0.0000,4564.1,-0.1777,4,1
7.9599,0.988932,59.996029,0.005458,0.0000,0.0000,4549.8,-0.1747,4,0
7.9388,0.989056,59.996029,0.005457,0.0000,0.0000,4535.5,-0.1715,4,0
7.9227,0.989180,59.996029,0.005456,0.0000,0.0000,4521.4,-0.1693,4,0
7.9103,0.989304,59.996030,0.005455,0.0000,0.0000,4507.4,-0.1667,4,0
7.9007,0.989428,59.996030,0.005453,0.0000,0.0000,4493.3,-0.1640,4,0
7.8931,0.989552,59.996031,0.005452,0.0000,0.0000,4479.4,-0.1606,4,0
7.8872,0.989675,59.996031,0.005451,0.0000,0.0000,4465.4,-0.1573,4,0
7.8829,0.989798,59.996031,0.005449,0.0000,0.0000,4451.5,-0.1554,4,0
7.8797,0.989922,59.996032,0.005448,0.0000,0.0000,4437.4,-0.1536,4,0
7.8773,0.990045,59.996032,0.005447,0.0000,0.0000,4423.3,-0.1517,4,0
7.8756,0.990168,59.996032,0.005446,0.0000,0.0000,4409.2,-0.1501,4,0
7.8741,0.990292,59.996032,0.005444,0.0000,0.0000,4395.1,-0.1488,4,0
7.8726,0.990415,59.996033,0.005443,0.0000,0.0000,4381.1,-0.1475,4,0
7.8710,0.990538,59.996033,0.005442,0.0000,0.0000,4367.2,-0.1455,4,0
7.8693,0.990661,59.996033,0.005441,0.0000,0.0000,4353.4,-0.1446,4,0
7.8675,0.990784,59.996034,0.005439,0.0000,0.0000,4339.6,-0.1437,4,0
7.8656,0.990908,59.996034,0.005438,0.0000,0.0000,4325.8,-0.1423,4,0
7.8641,0.991031,59.996035,0.005437,0.0000,0.0000,4312.1,-0.1402,4,0
7.8633,0.991154,59.996035,0.005435,0.0000,0.0000,4298.4,-0.1381,4,1
7.8630,0.991277,59.996035,0.005434,0.0000,0.0000,4284.8,-0.1361,4,1
7.8629,0.991400,59.996036,0.005433,0.0000,0.0000,4271.1,-0.1341,4,1
7.8638,0.991523,59.996036,0.005432,0.0000,0.0000,4257.3,-0.1320,4,1
7.8657,0.991646,59.996037,0.005430,0.0000,0.0000,4243.6,-0.1302,4,1
7.8684,0.991769,59.996037,0.005429,0.0000,0.0000,4229.8,-0.1281,4,1
7.8617,0.991892,59.996037,0.005428,0.0000,0.0000,4216.3,-0.1262,4,1
7.8368,0.992015,59.996038,0.005427,0.0000,0.0000,4203.3,-0.1242,4,1
7.8074,0.992137,59.996038,0.005425,0.0000,0.0000,4190.4,-0.1227,4,1
7.7717,0.992259,59.996038,0.005424,0.0000,0.0000,4177.8,-0.1211,4,1
7.7020,0.992380,59.996038,0.005423,0.0000,0.0000,4165.7,-0.1192,4,1
7.6444,0.992499,59.996039,0.005422,0.0000,0.0000,4153.4,-0.1173,4,1
7.5930,0.992618,59.996039,0.005420,0.0000,0.0000,4141.1,-0.1151,4,1
7.5476,0.992736,59.996039,0.005419,0.0000,0.0000,4128.5,-0.1129,4,1
7.5096,0.992854,59.996040,0.005418,0.0000,0.0000,4115.8,-0.1103,4,1
7.4829,0.992971,59.996040,0.005416,0.0000,0.0000,4089.8,-0.1075,4,1
7.4223,0.993087,59.996040,0.005415,0.0000,0.0000,3911.6,-0.1045,4,1
7.3313,0.993202,59.996040,0.005414,0.0000,0.0000,3609.0,-0.1013,4,1
7.1809,0.993314,59.996040,0.005413,0.0000,0.0000,3172.3,-0.0980,4,1
6.9062,0.993423,59.996040,0.005412,0.0000,0.0000,2702.2,-0.0945,4,1
6.3265,0.993522,59.996040,0.005410,0.0000,0.0000,2219.3,-0.0911,4,1
5.7092,0.993611,59.996040,0.005409,0.0000,0.0000,1734.4,-0.0880,4,1
5.2578,0.993693,59.996040,0.005408,0.0000,0.0000,1748.4,-0.0855,4,1
5.0315,0.993772,59.996040,0.005407,0.0000,0.0000,1761.6,-0.0836,4,1
4.9072,0.993849,59.996040,0.005406,0.0000,0.0000,1773.5,-0.0827,4,1
4.8223,0.993924,59.996040,0.005404,0.0000,0.0000,1783.0,-0.0831,4,1
4.8417,0.994000,59.996040,0.005404,0.0000,0.0000,1792.0,-0.0845,4,1
4.8627,0.994076,59.996041,0.005403,0.0000,0.0000,1800.6,-0.0865,4,1
4.8613,0.994152,59.996041,0.005402,0.0000,0.0000,1808.8,-0.0891,4,1
4.8412,0.994228,59.996042,0.005401,0.0000,0.0000,1816.7,-0.0918,4,1
4.8170,0.994304,59.996042,0.005401,0.0000,0.0000,1824.1,-0.0943,4,1
4.7910,0.994379,59.996042,0.005400,0.0000,0.0000,1831.2,-0.0963,4,1
4.7675,0.994453,59.996043,0.005399,0.0000,0.0000,1838.0,-0.0974,4,1
4.7440,0.994527,59.996043,0.005398,0.0000,0.0000,1844.5,-0.0979,4,1
4.7229,0.994601,59.996044,0.005397,0.0000,0.0000,1850.6,-0.0976,4,1
4.7028,0.994675,59.996044,0.005397,0.0000,0.0000,1856.5,-0.0962,4,1
4.6845,0.994748,59.996044,0.005396,0.0000,0.0000,1862.1,-0.0943,4,1
4.6687,0.994821,59.996044,0.005395,0.0000,0.0000,1867.4,-0.0922,4,1
4.6453,0.994894,59.996044,0.005395,0.0000,0.0000,1872.5,-0.0898,4,1
4.5469,0.994965,59.996044,0.005394,0.0000,0.0000,1877.3,-0.0871,4,0
4.4408,0.995035,59.996044,0.005393,0.0000,0.0000,1881.9,-0.0846,4,1
4.3385,0.995103,59.996044,0.005392,0.0000,0.0000,1886.4,-0.0825,4,0
4.2470,0.995169,59.996044,0.005392,0.0000,0.0000,1890.6,-0.0804,4,0
4.1699,0.995235,59.996044,0.005391,0.0000,0.0000,1894.6,-0.0785,4,0
4.1088,0.995299,59.996044,0.005390,0.0000,0.0000,1898.4,-0.0769,4,0
4.0640,0.995362,59.996044,0.005390,0.0000,0.0000,1902.0,-0.0755,4,0
4.0356,0.995426,59.996044,0.005389,0.0000,0.0000,1905.5,-0.0743,4,0
4.0230,0.995489,59.996045,0.005388,0.0000,0.0000,1908.8,-0.0732,4,0
4.0247,0.995552,59.996045,0.005388,0.0000,0.0000,1911.9,-0.0722,4,0
4.0329,0.995615,59.996046,0.005387,0.0000,0.0000,1914.9,-0.0713,4,0
4.0425,0.995678,59.996046,0.005386,0.0000,0.0000,1917.8,-0.0705,4,0
4.0535,0.995742,59.996046,0.005386,0.0000,0.0000,1920.5,-0.0698,4,0
4.0635,0.995805,59.996047,0.005385,0.0000,0.0000,1923.1,-0.0691,4,1
4.0615,0.995869,59.996047,0.005385,0.0000,0.0000,1925.6,-0.0685,4,1
4.0491,0.995932,59.996048,0.005384,0.0000,0.0000,1928.0,-0.0680,4,1
4.0269,0.995995,59.996048,0.005383,0.0000,0.0000,1930.2,-0.0675,4,1
3.9962,0.996058,59.996048,0.005383,0.0000,0.0000,1932.4,-0.0671,4,1
3.9593,0.996120,59.996048,0.005382,0.0000,0.0000,1934.5,-0.0670,4,1
3.9085,0.996181,59.996048,0.005381,0.0000,0.0000,1936.4,-0.0670,4,1
3.8293,0.996241,59.996048,0.005381,0.0000,0.0000,1938.3,-0.0673,4,1
3.7476,0.996299,59.996048,0.005380,0.0000,0.0000,1940.1,-0.0679,4,1
3.6372,0.996356,59.996048,0.005380,0.0000,0.0000,1941.8,-0.0689,4,1
3.4966,0.996411,59.996048,0.005379,0.0000,0.0000,1943.4,-0.0702,4,1
3.3522,0.996464,59.996048,0.005378,0.0000,0.0000,1944.9,-0.0714,4,1
3.2319,0.996514,59.996048,0.005378,0.0000,0.0000,1946.4,-0.0727,4,1
3.1245,0.996563,59.996048,0.005377,0.0000,0.0000,1947.8,-0.0740,4,1
3.0267,0.996611,59.996048,0.005377,0.0000,0.0000,1949.1,-0.0753,4,1
2.9475,0.996657,59.996048,0.005376,0.0000,0.0000,1950.4,-0.0762,4,1
2.8753,0.996702,59.996049,0.005375,0.0000,0.0000,1951.6,-0.0770,4,1
2.8087,0.996746,59.996049,0.005375,0.0000,0.0000,1952.8,-0.0776,4,1
2.7510,0.996789,59.996049,0.005374,0.0000,0.0000,1953.9,-0.0779,4,1
2.7027,0.996831,59.996049,0.005374,0.0000,0.0000,1954.9,-0.0779,4,1
2.6636,0.996873,59.996049,0.005373,0.0000,0.0000,1955.9,-0.0777,4,1
2.6310,0.996914,59.996050,0.005373,0.0000,0.0000,1956.9,-0.0774,4,1
2.6026,0.996955,59.996050,0.005372,0.0000,0.0000,1957.8,-0.0769,4,1
2.5748,0.996995,59.996050,0.005372,0.0000,0.0000,1958.7,-0.0764,4,1
2.5475,0.997035,59.996050,0.005371,0.0000,0.0000,1959.5,-0.0758,4,1
2.5196,0.997074,59.996050,0.005371,0.0000,0.0000,1960.3,-0.0752,4,1
2.4878,0.997113,59.996050,0.005370,0.0000,0.0000,1961.1,-0.0747,4,1
2.4519,0.997152,59.996050,0.005370,0.0000,0.0000,1961.8,-0.0742,4,1
2.4120,0.997189,59.996050,0.005370,0.0000,0.0000,1962.5,-0.0739,4,1
2.3693,0.997226,59.996050,0.005369,0.0000,0.0000,1963.1,-0.0736,4,1
2.3257,0.997263,59.996050,0.005369,0.0000,0.0000,1963.8,-0.0735,4,1
2.2824,0.997299,59.996050,0.005368,0.0000,0.0000,1964.4,-0.0733,4,1
2.2405,0.997334,59.996050,0.005368,0.0000,0.0000,1964.9,-0.0733,4,1
2.2005,0.997368,59.996050,0.005367,0.0000,0.0000,1965.5,-0.0732,4,1
2.1622,0.997402,59.996050,0.005367,0.0000,0.0000,1966.0,-0.0732,4,1
2.1265,0.997435,59.996050,0.005366,0.0000,0.0000,1966.5,-0.0731,4,1
2.0932,0.997468,59.996050,0.005366,0.0000,0.0000,1967.0,-0.0730,4,1
2.0618,0.997500,59.996050,0.005366,0.0000,0.0000,1967.4,-0.0728,4,1
2.0317,0.997532,59.996050,0.005365,0.0000,0.0000,1967.8,-0.0726,4,1
2.0051,0.997563,59.996050,0.005365,0.0000,0.0000,1968.2,-0.0723,4,1
1.9772,0.997594,59.996050,0.005365,0.0000,0.0000,1968.6,-0.0721,4,1
1.9531,0.997625,59.996050,0.005364,0.0000,0.0000,1969.0,-0.0719,4,1
1.9294,0.997655,59.996050,0.005364,0.0000,0.0000,1969.4,-0.0718,4,1
1.8964,0.997685,59.996050,0.005363,0.0000,0.0000,1969.7,-0.0717,4,1
1.8674,0.997714,59.996050,0.005363,0.0000,0.0000,1970.0,-0.0717,4,1
1.8390,0.997743,59.996050,0.005363,0.0000,0.0000,1970.3,-0.0718,4,1
1.8132,0.997771,59.996050,0.005362,0.0000,0.0000,1970.6,-0.0720,4,1
1.7891,0.997799,59.996050,0.005362,0.0000,0.0000,1970.9,-0.0723,4,1
1.7650,0.997827,59.996050,0.005362,0.0000,0.0000,1971.2,-0.0726,4,1
1.7416,0.997854,59.996050,0.005361,0.0000,0.0000,1971.4,-0.0730,4,1
1.7153,0.997881,59.996050,0.005361,0.0000,0.0000,1971.7,-0.0734,4,1
1.6891,0.997908,59.996050,0.005361,0.0000,0.0000,1971.9,-0.0739,4,1
1.6659,0.997934,59.996050,0.005360,0.0000,0.0000,1972.1,-0.0743,4,1
1.6440,0.997959,59.996050,0.005360,0.0000,0.0000,1972.3,-0.0747,4,1
1.6251,0.997985,59.996050,0.005360,0.0000,0.0000,1972.5,-0.0751,4,1
1.6057,0.998010,59.996050,0.005359,0.0000,0.0000,1972.7,-0.0754,4,1
1.5888,0.998035,59.996050,0.005359,0.0000,0.0000,1972.9,-0.0757,4,1
1.5723,0.998059,59.996050,0.005359,0.0000,0.0000,1973.1,-0.0760,4,1
1.5584,0.998084,59.996050,0.005359,0.0000,0.0000,1973.2,-0.0762,4,1
1.5454,0.998108,59.996050,0.005358,0.0000,0.0000,1973.4,-0.0764,4,1
1.5324,0.998132,59.996050,0.005358,0.0000,0.0000,1973.5,-0.0766,4,1
1.5202,0.998156,59.996050,0.005358,0.0000,0.0000,1973.7,-0.0768,4,1
1.5076,0.998179,59.996050,0.005357,0.0000,0.0000,1973.8,-0.0769,4,1
1.4935,0.998203,59.996050,0.005357,0.0000,0.0000,1974.0,-0.0771,4,1
1.4753,0.998226,59.996050,0.005357,0.0000,0.0000,1974.1,-0.0774,4,1
1.4554,0.998249,59.996050,0.005357,0.0000,0.0000,1974.2,-0.0776,4,1
1.4352,0.998271,59.996050,0.005356,0.0000,0.0000,1974.3,-0.0777,4,1
1.4149,0.998293,59.996050,0.005356,0.0000,0.0000,1974.4,-0.0778,4,1
1.3971,0.998315,59.996050,0.005356,0.0000,0.0000,1974.5,-0.0778,4,1
1.3800,0.998337,59.996050,0.005356,0.0000,0.0000,1974.6,-0.0778,4,1
1.3661,0.998358,59.996050,0.005355,0.0000,0.0000,1974.7,-0.0777,4,1
1.3499,0.998379,59.996050,0.005355,0.0000,0.0000,1974.8,-0.0776,4,1
1.3389,0.998400,59.996050,0.005355,0.0000,0.0000,1974.9,-0.0773,4,1
1.3268,0.998421,59.996050,0.005355,0.0000,0.0000,1975.0,-0.0770,4,1
1.3162,0.998442,59.996050,0.005354,0.0000,0.0000,1975.1,-0.0766,4,1
1.3054,0.998462,59.996050,0.005354,0.0000,0.0000,1975.1,-0.0761,4,1
1.2948,0.998482,59.996050,0.005354,0.0000,0.0000,1975.2,-0.0755,4,1
1.2851,0.998502,59.996050,0.005354,0.0000,0.0000,1975.3,-0.0748,4,1
1.2751,0.998522,59.996050,0.005354,0.0000,0.0000,1975.3,-0.0740,4,1
1.2655,0.998542,59.996050,0.005353,0.0000,0.0000,1975.4,-0.0731,4,1
1.2553,0.998562,59.996050,0.005353,0.0000,0.0000,1975.4,-0.0722,4,1
1.2457,0.998581,59.996050,0.005353,0.0000,0.0000,1975.5,-0.0713,4,1
1.2357,0.998601,59.996050,0.005353,0.0000,0.0000,1975.6,-0.0705,4,1
1.2262,0.998620,59.996050,0.005352,0.0000,0.0000,1975.6,-0.0697,4,1
1.2157,0.998639,59.996050,0.005352,0.0000,0.0000,1975.7,-0.0690,4,1
1.2054,0.998658,59.996050,0.005352,0.0000,0.0000,1975.7,-0.0684,4,1
1.1948,0.998676,59.996049,0.005352,0.0000,0.0000,1975.7,-0.0679,4,1
1.1847,0.998695,59.996049,0.005352,0.0000,0.0000,1975.8,-0.0675,4,1
1.1731,0.998713,59.996049,0.005351,0.0000,0.0000,1975.8,-0.0671,4,1
1.1633,0.998732,59.996049,0.005351,0.0000,0.0000,1975.9,-0.0669,4,1
1.1526,0.998750,59.996049,0.005351,0.0000,0.0000,1975.9,-0.0666,4,1
1.1424,0.998768,59.996048,0.005351,0.0000,0.0000,1975.9,-0.0664,4,1
1.1321,0.998785,59.996048,0.005351,0.0000,0.0000,1976.0,-0.0662,4,1
1.1227,0.998803,59.996048,0.005350,0.0000,0.0000,1976.0,-0.0660,4,1
1.1120,0.998820,59.996048,0.005350,0.0000,0.0000,1976.0,-0.0658,4,1
1.1024,0.998837,59.996048,0.005350,0.0000,0.0000,1976.1,-0.0656,4,1
1.0934,0.998855,59.996048,0.005350,0.0000,0.0000,1976.1,-0.0655,4,1
1.0838,0.998872,59.996048,0.005350,0.0000,0.0000,1976.1,-0.0653,4,1
1.0746,0.998888,59.996048,0.005350,0.0000,0.0000,1976.1,-0.0652,4,1
1.0657,0.998905,59.996048,0.005349,0.0000,0.0000,1976.2,-0.0651,4,1
1.0566,0.998922,59.996048,0.005349,0.0000,0.0000,1976.2,-0.0650,4,1
1.0480,0.998938,59.996048,0.005349,0.0000,0.0000,1976.2,-0.0650,4,1
1.0393,0.998954,59.996048,0.005349,0.0000,0.0000,1976.2,-0.0650,4,1
1.0303,0.998970,59.996048,0.005349,0.0000,0.0000,1976.2,-0.0651,4,1
1.0234,0.998986,59.996048,0.005348,0.0000,0.0000,1976.3,-0.0652,4,1
1.0138,0.999002,59.996048,0.005348,0.0000,0.0000,1976.3,-0.0654,4,1
1.0064,0.999018,59.996048,0.005348,0.0000,0.0000,1976.3,-0.0656,4,1
0.9986,0.999034,59.996048,0.005348,0.0000,0.0000,1976.3,-0.0657,4,1
0.9899,0.999049,59.996048,0.005348,0.0000,0.0000,1976.3,-0.0659,4,1
0.9831,0.999065,59.996048,0.005348,0.0000,0.0000,1976.4,-0.0661,4,1
0.9745,0.999080,59.996048,0.005347,0.0000,0.0000,1976.4,-0.0663,4,1
0.9671,0.999095,59.996048,0.005347,0.0000,0.0000,1976.4,-0.0665,4,1
0.9603,0.999110,59.996048,0.005347,0.0000,0.0000,1976.4,-0.0668,4,1
0.9526,0.999125,59.996048,0.005347,0.0000,0.0000,1976.4,-0.0671,4,1
0.9453,0.999140,59.996048,0.005347,0.0000,0.0000,1976.4,-0.0674,4,1
0.9389,0.999154,59.996048,0.005347,0.0000,0.0000,1976.4,-0.0676,4,1
0.9312,0.999169,59.996048,0.005347,0.0000,0.0000,1976.4,-0.0678,4,1
0.9250,0.999183,59.996048,0.005346,0.0000,0.0000,1976.4,-0.0680,4,1
0.9174,0.999198,59.996048,0.005346,0.0000,0.0000,1976.5,-0.0681,4,1
0.9108,0.999212,59.996048,0.005346,0.0000,0.0000,1976.5,-0.0682,4,1
0.9040,0.999226,59.996048,0.005346,0.0000,0.0000,1976.5,-0.0683,4,1
0.8973,0.999240,59.996048,0.005346,0.0000,0.0000,1976.5,-0.0684,4,1
0.8909,0.999254,59.996048,0.005346,0.0000,0.0000,1976.5,-0.0684,4,1
0.8838,0.999268,59.996048,0.005345,0.0000,0.0000,1976.5,-0.0685,4,1
0.8780,0.999282,59.996048,0.005345,0.0000,0.0000,1976.5,-0.0686,4,1
0.8708,0.999295,59.996048,0.005345,0.0000,0.0000,1976.5,-0.0687,4,1
0.8648,0.999309,59.996048,0.005345,0.0000,0.0000,1976.5,-0.0688,4,1
0.8586,0.999322,59.996048,0.005345,0.0000,0.0000,1976.5,-0.0690,4,1
0.8510,0.999336,59.996048,0.005345,0.0000,0.0000,1976.5,-0.0691,4,1
0.8460,0.999349,59.996048,0.005345,0.0000,0.0000,1976.5,-0.0691,4,1
0.8379,0.999362,59.996048,0.005344,0.0000,0.0000,1976.5,-0.0692,4,1
0.8321,0.999375,59.996048,0.005344,0.0000,0.0000,1976.5,-0.0690,4,1
0.8251,0.999388,59.996048,0.005344,0.0000,0.0000,1976.6,-0.0688,4,1
0.8176,0.999401,59.996048,0.005344,0.0000,0.0000,1976.6,-0.0684,4,1
0.8121,0.999414,59.996048,0.005344,0.0000,0.0000,1976.6,-0.0679,4,1
0.8030,0.999426,59.996048,0.005344,0.0000,0.0000,1976.6,-0.0671,4,1
0.7981,0.999439,59.996048,0.005344,0.0000,0.0000,1976.6,-0.0661,4,1
0.7890,0.999451,59.996048,0.005343,0.0000,0.0000,1976.6,-0.0648,4,1
0.7836,0.999463,59.996048,0.005343,0.0000,0.0000,1976.6,-0.0632,4,1
0.7750,0.999475,59.996048,0.005343,0.0000,0.0000,1976.6,-0.0614,4,1
0.7684,0.999487,59.996048,0.005343,0.0000,0.0000,1976.6,-0.0593,4,1
0.7613,0.999499,59.996048,0.005343,0.0000,0.0000,1976.6,-0.0570,4,1
0.7528,0.999511,59.996048,0.005343,0.0000,0.0000,1976.6,-0.0546,4,1
0.7470,0.999523,59.996048,0.005343,0.0000,0.0000,1976.6,-0.0520,4,1
0.7374,0.999534,59.996048,0.005343,0.0000,0.0000,1976.6,-0.0493,4,1
0.7319,0.999546,59.996048,0.005342,0.0000,0.0000,1976.6,-0.0464,4,1
0.7226,0.999557,59.996048,0.005342,0.0000,0.0000,1976.6,-0.0435,4,1
0.7159,0.999568,59.996048,0.005342,0.0000,0.0000,1976.6,-0.0405,4,1
0.7081,0.999579,59.996048,0.005342,0.0000,0.0000,1976.6,-0.0376,4,1
0.7006,0.999590,59.996048,0.005342,0.0000,0.0000,1976.6,-0.0346,4,1
0.6927,0.999601,59.996048,0.005342,0.0000,0.0000,1976.6,-0.0317,4,1
0.6857,0.999612,59.996048,0.005342,0.0000,0.0000,1976.6,-0.0288,4,1
0.6775,0.999623,59.996048,0.005342,0.0000,0.0000,1976.6,-0.0261,4,1
0.6708,0.999633,59.996048,0.005341,0.0000,0.0000,1976.6,-0.0236,4,1
0.6619,0.999643,59.996048,0.005341,0.0002,0.0000,1976.6,-0.0213,4,1
0.6554,0.999654,59.996048,0.005341,0.0002,0.0000,1976.6,-0.0192,4,1
0.6467,0.999664,59.996048,0.005341,0.0002,0.0000,1976.6,-0.0174,4,1
0.6394,0.999674,59.996048,0.005341,0.0002,0.0000,1976.6,-0.0158,4,1
0.6313,0.999684,59.996048,0.005341,0.0000,0.0000,1976.6,-0.0146,4,1
0.6232,0.999693,59.996048,0.005341,0.0000,0.0000,1976.6,-0.0135,4,1
0.6156,0.999703,59.996048,0.005341,0.0012,0.0000,1976.6,-0.0126,4,1
0.6067,0.999713,59.996048,0.005341,0.0012,0.0000,1976.6,-0.0120,4,1
0.5998,0.999722,59.996048,0.005340,0.0000,0.0000,1976.6,-0.0117,4,1
0.5909,0.999731,59.996048,0.005340,0.0000,0.0000,1976.6,-0.0115,4,1
0.5834,0.999740,59.996048,0.005340,0.0000,0.0000,1976.6,-0.0114,4,1
0.5752,0.999749,59.996048,0.005340,0.0000,0.0000,1976.6,-0.0113,4,1
0.5677,0.999758,59.996048,0.005340,0.0000,0.0000,1976.6,-0.0113,4,1
0.5596,0.999767,59.996048,0.005340,0.0000,0.0000,1976.6,-0.0113,4,1
0.5518,0.999776,59.996048,0.005340,0.0000,0.0000,1976.6,-0.0114,4,1
0.5439,0.999784,59.996048,0.005340,0.0000,0.0000,1976.6,-0.0115,4,1
0.5361,0.999793,59.996048,0.005340,0.0005,0.0000,1976.6,-0.0117,4,1
0.5281,0.999801,59.996048,0.005340,0.0005,0.0000,1976.6,-0.0118,4,1
0.5203,0.999809,59.996048,0.005340,0.0000,0.0000,1976.6,-0.0120,4,1
0.5123,0.999817,59.996048,0.005339,0.0000,0.0000,1976.6,-0.0121,4,1
0.5045,0.999825,59.996048,0.005339,0.0015,0.0000,1976.6,-0.0122,4,1
0.4963,0.999833,59.996048,0.005339,0.0015,0.0000,1976.6,-0.0123,4,1
0.4887,0.999840,59.996048,0.005339,0.0000,0.0000,1976.6,-0.0123,4,1
0.4808,0.999848,59.996048,0.005339,0.0000,0.0000,1976.6,-0.0123,4,1
0.4726,0.999855,59.996048,0.005339,0.0000,0.0000,1976.6,-0.0122,4,1
0.4651,0.999863,59.996048,0.005339,0.0000,0.0000,1976.6,-0.0121,4,1
0.4571,0.999870,59.996048,0.005339,0.0014,0.0000,1976.6,-0.0121,4,1
0.4492,0.999877,59.996048,0.005339,0.0014,0.0000,1976.6,-0.0120,4,1
0.4417,0.999884,59.996048,0.005339,0.0000,0.0000,1976.6,-0.0120,4,1
0.4338,0.999890,59.996048,0.005339,0.0000,0.0000,1976.6,-0.0119,4,1
0.4259,0.999897,59.996048,0.005339,0.0024,0.0000,1976.6,-0.0120,4,1
0.4181,0.999904,59.996048,0.005338,0.0024,0.0000,1976.6,-0.0123,4,1
0.4105,0.999910,59.996048,0.005338,0.0000,0.0000,1976.6,-0.0125,4,1
0.4025,0.999916,59.996048,0.005338,0.0000,0.0000,1976.6,-0.0128,4,1
0.3948,0.999923,59.996048,0.005338,0.0003,0.0000,1976.6,-0.0129,4,1
0.3867,0.999929,59.996048,0.005338,0.0003,0.0000,1976.6,-0.0129,4,1
0.3781,0.999935,59.996048,0.005338,1.0000,0.0000,1976.6,-0.0129,4,1
0.3372,0.999940,59.996048,0.005338,1.0000,0.0000,1976.6,-0.0130,4,1
0.2936,0.999944,59.996048,0.005338,1.0000,0.0000,1976.6,-0.0131,4,1
0.2554,0.999948,59.996048,0.005338,1.0000,0.0000,1976.6,-0.0132,4,1
0.2189,0.999952,59.996048,0.005338,1.0000,0.0000,1976.7,-0.0133,4,1
0.1687,0.999954,59.996048,0.005338,1.0000,0.0000,1976.7,-0.0133,4,1
0.1172,0.999956,59.996048,0.005338,1.0000,0.0000,1976.7,-0.0133,4,1
0.0946,0.999958,59.996048,0.005338,1.0000,0.0000,1976.7,-0.0133,4,1
0.0698,0.999959,59.996048,0.005338,1.0000,0.0000,1976.7,-0.0132,4,1
0.0504,0.999960,59.996048,0.005338,1.0000,0.0000,1976.7,-0.0131,4,1
0.0461,0.999960,59.996048,0.005338,1.0000,0.0000,1976.7,-0.0130,4,1
0.0509,0.999961,59.996048,0.005338,1.0000,0.0000,1976.7,-0.0129,4,1
0.0576,0.999962,59.996048,0.005338,1.0000,0.0000,1976.7,-0.0128,4,1
0.0599,0.999963,59.996048,0.005337,1.0000,0.0000,1976.7,-0.0126,4,1
0.0592,0.999964,59.996048,0.005337,1.0000,0.0000,1976.7,-0.0124,4,1
0.0567,0.999965,59.996048,0.005338,1.0000,0.0000,1976.7,-0.0122,4,1
0.0550,0.999966,59.996048,0.005338,1.0000,0.0000,1976.7,-0.0120,4,1
0.0547,0.999967,59.996048,0.005338,1.0000,0.0000,1976.7,-0.0117,4,1
0.0565,0.999967,59.996048,0.005338,1.0000,0.0000,1976.7,-0.0115,4,1
0.0601,0.999968,59.996048,0.005338,1.0000,0.0000,1976.7,-0.0114,4,1
0.0649,0.999969,59.996048,0.005338,1.0000,0.0000,1976.7,-0.0112,4,1
0.0696,0.999970,59.996048,0.005338,1.0000,0.0000,1976.7,-0.0112,4,1
0.0734,0.999972,59.996048,0.005338,1.0000,0.0000,1976.7,-0.0111,4,1
0.0762,0.999973,59.996048,0.005338,1.0000,0.0000,1976.7,-0.0111,4,1
0.0777,0.999974,59.996048,0.005338,1.0000,0.0000,1976.7,-0.0111,4,1
0.0777,0.999975,59.996048,0.005338,1.0000,0.0000,1976.7,-0.0111,4,1
0.0761,0.999976,59.996048,0.005338,1.0000,0.0000,1976.7,-0.0111,4,1
0.0733,0.999978,59.996048,0.005338,1.0000,0.0000,1976.7,-0.0111,4,1
0.0694,0.999979,59.996048,0.005338,1.0000,0.0000,1976.7,-0.0113,4,1
0.0647,0.999980,59.996048,0.005338,1.0000,0.0000,1976.7,-0.0115,4,1
0.0588,0.999981,59.996048,0.005338,1.0000,0.0000,1976.7,-0.0118,4,1
0.0524,0.999981,59.996048,0.005338,1.0000,0.0000,1976.7,-0.0121,4,1
0.0457,0.999982,59.996048,0.005338,1.0000,0.0000,1976.7,-0.0127,4,1
0.0396,0.999983,59.996048,0.005338,1.0000,0.0000,1976.7,-0.0134,4,1
0.0343,0.999983,59.996048,0.005338,1.0000,0.0000,1976.7,-0.0141,4,1
0.0266,0.999984,59.996048,0.005338,1.0000,0.0000,1976.7,-0.0150,4,1
0.0234,0.999984,59.996048,0.005338,1.0000,0.0000,1976.7,-0.0160,4,1
0.0293,0.999985,59.996048,0.005338,1.0000,0.0000,1976.7,-0.0170,4,1
0.0349,0.999985,59.996048,0.005338,1.0000,0.0000,1976.7,-0.0180,4,1
0.0372,0.999986,59.996048,0.005338,1.0000,0.0000,1976.7,-0.0190,4,1
0.0366,0.999986,59.996048,0.005338,1.0000,0.0000,1976.7,-0.0199,4,1
0.0346,0.999987,59.996048,0.005338,1.0000,0.0000,1976.7,-0.0207,4,1
0.0318,0.999987,59.996048,0.005338,1.0000,0.0000,1976.7,-0.0214,4,1
0.0310,0.999988,59.996048,0.005338,1.0000,0.0000,1976.7,-0.0219,4,1
0.0296,0.999988,59.996048,0.005338,1.0000,0.0000,1976.7,-0.0223,4,1
0.0284,0.999989,59.996048,0.005338,1.0000,0.0000,1976.7,-0.0227,4,1
0.0274,0.999989,59.996048,0.005338,1.0000,0.0000,1976.7,-0.0230,4,1
0.0259,0.999990,59.996048,0.005338,1.0000,0.0000,1976.7,-0.0233,4,1
0.0233,0.999990,59.996048,0.005338,1.0000,0.0000,1976.7,-0.0235,4,1
0.0199,0.999990,59.996048,0.005338,1.0000,0.0000,1976.7,-0.0238,4,1
0.0161,0.999990,59.996048,0.005338,1.0000,0.0000,1976.7,-0.0240,4,1
0.0128,0.999991,59.996048,0.005338,1.0000,0.0000,1976.7,-0.0242,4,1
0.0104,0.999991,59.996048,0.005338,1.0000,0.0000,1976.7,-0.0243,4,1
0.0091,0.999991,59.996048,0.005338,1.0000,0.0000,1976.7,-0.0245,4,1
0.0087,0.999991,59.996048,0.005338,1.0000,0.0000,1976.7,-0.0246,4,1
0.0082,0.999991,59.996048,0.005338,1.0000,0.0000,1976.7,-0.0248,4,1
0.0076,0.999991,59.996048,0.005338,1.0000,0.0000,1976.7,-0.0249,4,1
0.0069,0.999991,59.996048,0.005338,1.0000,0.0000,1976.7,-0.0250,4,1
0.0059,0.999992,59.996048,0.005338,1.0000,0.0000,1976.7,-0.0250,4,1
0.0055,0.999992,59.996048,0.005338,1.0000,0.0000,1976.7,-0.0251,4,1
0.0058,0.999992,59.996048,0.005338,1.0000,0.0000,1976.7,-0.0252,4,1
0.0065,0.999992,59.996048,0.005338,1.0000,0.0000,1976.7,-0.0252,4,1
0.0074,0.999992,59.996048,0.005338,1.0000,0.0000,1976.7,-0.0253,4,1
0.0082,0.999992,59.996048,0.005338,1.0000,0.0000,1976.7,-0.0253,4,1
0.0085,0.999992,59.996048,0.005338,1.0000,0.0000,1976.7,-0.0253,4,1
0.0087,0.999992,59.996048,0.005338,1.0000,0.0000,1976.7,-0.0254,4,1
0.0090,0.999992,59.996048,0.005338,1.0000,0.0000,1976.7,-0.0254,4,1
0.0095,0.999993,59.996048,0.005338,1.0000,0.0000,1976.7,-0.0254,4,1
0.0103,0.999993,59.996048,0.005338,1.0000,0.0000,1976.7,-0.0254,4,1
0.0111,0.999993,59.996048,0.005338,1.0000,0.0000,1976.7,-0.0254,4,1
0.0115,0.999993,59.996048,0.005338,1.0000,0.0000,1976.7,-0.0255,4,1
0.0108,0.999993,59.996048,0.005338,1.0000,0.0000,1976.7,-0.0255,4,1
0.0089,0.999993,59.996048,0.005338,1.0000,0.0000,1976.7,-0.0255,4,1
0.0071,0.999994,59.996048,0.005338,1.0000,0.0000,1976.7,-0.0255,4,1
0.0063,0.999994,59.996048,0.005338,1.0000,0.0000,1976.7,-0.0255,4,1
0.0068,0.999994,59.996048,0.005338,1.0000,0.0000,1976.7,-0.0255,4,1
0.0077,0.999994,59.996048,0.005338,1.0000,0.0000,1976.7,-0.0255,4,1
0.0080,0.999994,59.996048,0.005338,1.0000,0.0000,1976.7,-0.0255,4,1
0.0072,0.999994,59.996048,0.005338,1.0000,0.0000,1976.7,-0.0255,4,1
0.0052,0.999994,59.996048,0.005338,1.0000,0.0000,1976.7,-0.0255,4,1
0.0025,0.999994,59.996048,0.005338,1.0000,0.0000,1976.7,-0.0255,4,1
0.0017,0.999994,59.996048,0.005338,1.0000,0.0000,1976.7,-0.0255,4,1
0.0049,0.999994,59.996048,0.005338,1.0000,0.0000,1976.7,-0.0255,4,1
0.0076,0.999994,59.996048,0.005338,1.0000,0.0000,1976.7,-0.0255,4,1
0.0094,0.999995,59.996048,0.005338,1.0000,0.0000,1976.7,-0.0255,4,1
0.0098,0.999995,59.996048,0.005338,1.0000,0.0000,1976.7,-0.0255,4,1
0.0091,0.999995,59.996048,0.005338,1.0000,0.0000,1976.7,-0.0255,4,1
0.0072,0.999995,59.996048,0.005338,1.0000,0.0000,1976.7,-0.0255,4,1
0.0049,0.999995,59.996048,0.005338,1.0000,0.0000,1976.7,-0.0255,4,1
0.0030,0.999995,59.996048,0.005338,1.0000,0.0000,1976.7,-0.0255,4,1
0.0031,0.999995,59.996048,0.005338,1.0000,0.0000,1976.7,-0.0255,4,1
0.0045,0.999995,59.996048,0.005338,1.0000,0.0000,1976.7,-0.0255,4,1
0.0055,0.999995,59.996048,0.005338,1.0000,0.0000,1976.7,-0.0255,4,1
0.0057,0.999995,59.996048,0.005338,1.0000,0.0000,1976.7,-0.0255,4,1
0.0052,0.999996,59.996048,0.005338,1.0000,0.0000,1976.7,-0.0255,4,1
0.0042,0.999996,59.996048,0.005338,1.0000,0.0000,1976.7,-0.0255,4,1
0.0029,0.999996,59.996048,0.005338,1.0000,0.0000,1976.7,-0.0255,4,1
0.0018,0.999996,59.996048,0.005338,1.0000,0.0000,1976.7,-0.0255,4,1
0.0011,0.999996,59.996048,0.005338,1.0000,0.0000,1976.7,-0.0255,4,1
0.0008,0.999996,59.996048,0.005338,1.0000,0.0000,1976.7,-0.0255,4,1
0.0010,0.999996,59.996048,0.005338,1.0000,0.0000,1976.7,-0.0255,4,1
0.0014,0.999996,59.996048,0.005338,1.0000,0.0000,1976.7,-0.0255,4,1
0.0018,0.999996,59.996048,0.005338,1.0000,0.0000,1976.7,-0.0255,4,1
0.0022,0.999996,59.996048,0.005338,1.0000,0.0000,1976.7,-0.0255,4,1
0.0021,0.999996,59.996048,0.005338,1.0000,0.0000,1976.7,-0.0255,4,1
0.0018,0.999996,59.996048,0.005338,1.0000,0.0000,1976.7,-0.0255,4,1
0.0013,0.999996,59.996048,0.005338,1.0000,0.0000,1976.7,-0.0255,4,1
0.0011,0.999996,59.996048,0.005338,1.0000,0.0000,1976.7,-0.0255,4,1
0.0015,0.999996,59.996048,0.005338,1.0000,0.0000,1976.7,-0.0255,4,1
0.0021,0.999996,59.996048,0.005338,1.0000,0.0000,1976.7,-0.0255,4,1
0.0024,0.999996,59.996048,0.005338,1.0000,0.0000,1976.7,-0.0255,4,1
0.0023,0.999996,59.996048,0.005338,1.0000,0.0000,1976.7,-0.0255,4,1
0.0018,0.999996,59.996048,0.005338,1.0000,0.0000,1976.7,-0.0255,4,1
0.0012,0.999996,59.996048,0.005338,1.0000,0.0000,1976.7,-0.0255,4,1
0.0010,0.999996,59.996048,0.005338,1.0000,0.0000,1976.7,-0.0255,4,1
0.0014,0.999996,59.996048,0.005338,1.0000,0.0000,1976.7,-0.0255,4,1
0.0019,0.999996,59.996048,0.005338,1.0000,0.0000,1976.7,-0.0255,4,1
0.0021,0.999996,59.996048,0.005338,1.0000,0.0000,1976.7,-0.0255,4,1
0.0019,0.999996,59.996048,0.005338,1.0000,0.0000,1976.7,-0.0255,4,1
0.0017,0.999996,59.996048,0.005338,1.0000,0.0000,1976.7,-0.0255,4,1
0.0017,0.999996,59.996048,0.005338,1.0000,0.0000,1976.7,-0.0255,4,1
0.0022,0.999996,59.996048,0.005338,1.0000,0.0000,1976.7,-0.0255,4,1
0.0026,0.999996,59.996048,0.005338,1.0000,0.0000,1976.7,-0.0255,4,1
0.0026,0.999996,59.996048,0.005338,1.0000,0.0000,1976.7,-0.0255,4,1
0.0023,0.999996,59.996048,0.005338,1.0000,0.0000,1976.7,-0.0255,4,1
0.0017,0.999996,59.996048,0.005338,1.0000,0.0000,1976.7,-0.0255,4,1
0.0014,0.999996,59.996048,0.005338,1.0000,0.0000,1976.7,-0.0255,4,1
0.0020,0.999996,59.996048,0.005338,1.0000,0.0000,1976.7,-0.0255,4,1
0.0028,0.999997,59.996048,0.005338,1.0000,0.0000,1976.7,-0.0255,4,1
0.0035,0.999997,59.996048,0.005338,1.0000,0.0000,1976.7,-0.0255,4,1
0.0036,0.999997,59.996048,0.005338,1.0000,0.0000,1976.7,-0.0255,4,1
0.0033,0.999997,59.996048,0.005338,1.0000,0.0000,1976.7,-0.0255,4,1
0.0025,0.999997,59.996048,0.005338,1.0000,0.0000,1976.7,-0.0255,4,1
0.0016,0.999997,59.996048,0.005338,1.0000,0.0000,1976.7,-0.0255,4,1
0.0012,0.999997,59.996048,0.005338,1.0000,0.0000,1976.7,-0.0255,4,1
0.0016,0.999997,59.996048,0.005338,1.0000,0.0000,1976.7,-0.0255,4,1
0.0023,0.999997,59.996048,0.005338,1.0000,0.0000,1976.7,-0.0255,4,1
0.0024,0.999997,59.996048,0.005338,1.0000,0.0000,1976.7,-0.0255,4,1
0.0021,0.999997,59.996048,0.005338,1.0000,0.0000,1976.7,-0.0255,4,1
0.0014,0.999997,59.996048,0.005338,1.0000,0.0000,1976.7,-0.0255,4,1
0.0008,0.999997,59.996048,0.005338,1.0000,0.0000,1976.7,-0.0255,4,1
0.0010,0.999997,59.996048,0.005338,1.0000,0.0000,1976.7,-0.0255,4,1
0.0016,0.999997,59.996048,0.005338,1.0000,0.0000,1976.7,-0.0255,4,1
0.0019,0.999997,59.996048,0.005338,1.0000,0.0000,1976.7,-0.0255,4,1
0.0018,0.999997,59.996048,0.005338,1.0000,0.0000,1976.7,-0.0255,4,1
0.0012,0.999997,59.996048,0.005338,1.0000,0.0000,1976.7,-0.0255,4,1
0.0004,0.999997,59.996048,0.005338,1.0000,0.0000,1976.7,-0.0255,4,1
0.0006,0.999997,59.996048,0.005338,1.0000,0.0000,1976.7,-0.0255,4,1
0.0015,0.999997,59.996048,0.005338,1.0000,0.0000,1976.7,-0.0255,4,1
0.0021,0.999997,59.996048,0.005338,1.0000,0.0000,1976.7,-0.0255,4,1
0.0024,0.999997,59.996048,0.005338,1.0000,0.0000,1976.7,-0.0255,4,1
0.0022,0.999997,59.996048,0.005338,1.0000,0.0000,1976.7,-0.0255,4,1
0.0016,0.999997,59.996048,0.005338,1.0000,0.0000,1976.7,-0.0255,4,1
0.0009,0.999997,59.996048,0.005338,1.0000,0.0000,1976.7,-0.0255,4,1
0.0005,0.999997,59.996048,0.005338,1.0000,0.0000,1976.7,-0.0255,4,1
0.0012,0.999997,59.996048,0.005338,1.0000,0.0000,1976.7,-0.0255,4,1
0.0017,0.999997,59.996048,0.005338,1.0000,0.0000,1976.7,-0.0255,4,1
0.0020,0.999997,59.996048,0.005338,1.0000,0.0000,1976.7,-0.0255,4,1
0.0019,0.999997,59.996048,0.005338,1.0000,0.0000,1976.7,-0.0255,4,1
0.0016,0.999997,59.996048,0.005338,1.0000,0.0000,1976.7,-0.0255,4,1
0.0011,0.999997,59.996048,0.005338,1.0000,0.0000,1976.7,-0.0255,4,1
0.0007,0.999997,59.996048,0.005338,1.0000,0.0000,1976.7,-0.0255,4,1
0.0007,0.999997,59.996048,0.005338,1.0000,0.0000,1976.7,-0.0255,4,1
0.0008,0.999997,59.996048,0.005338,1.0000,0.0000,1976.7,-0.0255,4,1
0.0008,0.999997,59.996048,0.005338,1.0000,0.0000,1976.7,-0.0255,4,1
0.0007,0.999997,59.996048,0.005338,1.0000,0.0000,1976.7,-0.0255,4,1
0.0006,0.999997,59.996048,0.005338,1.0000,0.0000,1976.7,-0.0255,4,1
0.0007,0.999997,59.996048,0.005338,1.0000,0.0000,1976.7,-0.0255,4,1
0.0009,0.999997,59.996048,0.005338,1.0000,0.0000,1976.7,-0.0255,4,1
0.0010,0.999997,59.996048,0.005338,1.0000,0.0000,1976.7,-0.0255,4,1
0.0009,0.999998,59.996048,0.005338,1.0000,0.0000,1976.7,-0.0255,4,1
0.0006,0.999998,59.996048,0.005338,1.0000,0.0000,1976.7,-0.0255,4,1
0.0003,0.999998,59.996048,0.005338,1.0000,0.0000,1976.7,-0.0255,4,1
0.0005,0.999998,59.996048,0.005338,1.0000,0.0000,1976.7,-0.0255,4,1
0.0010,0.999998,59.996048,0.005338,1.0000,0.0000,1976.7,-0.0255,4,1
0.0012,0.999998,59.996048,0.005338,1.0000,0.0000,1976.7,-0.0255,4,1
0.0013,0.999998,59.996048,0.005338,1.0000,0.0000,1976.7,-0.0255,4,1
0.0011,0.999998,59.996048,0.005338,1.0000,0.0000,1976.7,-0.0255,4,1
0.0007,0.999998,59.996048,0.005338,1.0000,0.0000,1976.7,-0.0255,4,1
0.0003,0.999998,59.996048,0.005338,1.0000,0.0000,1976.7,-0.0255,4,1
0.0004,0.999998,59.996048,0.005338,1.0000,0.0000,1976.7,-0.0255,4,1
0.0009,0.999998,59.996048,0.005338,1.0000,0.0000,1976.7,-0.0255,4,1
0.0011,0.999998,59.996048,0.005338,1.0000,0.0000,1976.7,-0.0255,4,1
0.0011,0.999998,59.996048,0.005338,1.0000,0.0000,1976.7,-0.0255,4,1
0.0008,0.999998,59.996048,0.005338,1.0000,0.0000,1976.7,-0.0255,4,1
0.0004,0.999998,59.996048,0.005338,1.0000,0.0000,1976.7,-0.0255,4,1
0.0002,0.999998,59.996048,0.005338,1.0000,0.0000,1976.7,-0.0255,4,1
0.0005,0.999998,59.996048,0.005338,1.0000,0.0000,1976.7,-0.0255,4,1
0.0007,0.999998,59.996048,0.005338,1.0000,0.0000,1976.7,-0.0255,4,1
0.0008,0.999998,59.996048,0.005338,1.0000,0.0000,1976.7,-0.0255,4,1
0.0007,0.999998,59.996048,0.005338,1.0000,0.0000,1976.7,-0.0255,4,1
0.0005,0.999998,59.996048,0.005338,1.0000,0.0000,1976.7,-0.0255,4,1
0.0005,0.999998,59.996048,0.005338,1.0000,0.0000,1976.7,-0.0255,4,1
0.0008,0.999998,59.996048,0.005338,1.0000,0.0000,1976.7,-0.0255,4,1
0.0010,0.999998,59.996048,0.005338,1.0000,0.0000,1976.7,-0.0255,4,1
0.0012,0.999998,59.996048,0.005338,1.0000,0.0000,1976.7,-0.0255,4,1
0.0011,0.999998,59.996048,0.005338,1.0000,0.0000,1976.7,-0.0255,4,1
0.0008,0.999998,59.996048,0.005338,1.0000,0.0000,1976.7,-0.0255,4,1
0.0006,0.999998,59.996048,0.005338,1.0000,0.0000,1976.7,-0.0255,4,1
0.0007,0.999998,59.996048,0.005338,1.0000,0.0000,1976.7,-0.0255,4,1
0.0011,0.999998,59.996048,0.005338,1.0000,0.0000,1976.7,-0.0255,4,1
0.0015,0.999998,59.996048,0.005338,1.0000,0.0000,1976.7,-0.0255,4,1
0.0016,0.999998,59.996048,0.005338,1.0000,0.0000,1976.7,-0.0255,4,1
0.0014,0.999998,59.996048,0.005338,1.0000,0.0000,1976.7,-0.0255,4,1
0.0010,0.999998,59.996048,0.005338,1.0000,0.0000,1976.7,-0.0255,4,1
0.0005,0.999998,59.996048,0.005338,1.0000,0.0000,1976.7,-0.0255,4,1
0.0002,0.999998,59.996048,0.005338,1.0000,0.0000,1976.7,-0.0255,4,1
0.0007,0.999998,59.996048,0.005338,1.0000,0.0000,1976.7,-0.0255,4,1
0.0010,0.999998,59.996048,0.005338,1.0000,0.0000,1976.7,-0.0255,4,1
0.0012,0.999998,59.996048,0.005338,1.0000,0.0000,1976.7,-0.0255,4,1
0.0011,0.999998,59.996048,0.005338,1.0000,0.0000,1976.7,-0.0255,4,1
0.0008,0.999998,59.996048,0.005338,1.0000,0.0000,1976.7,-0.0255,4,1
0.0003,0.999998,59.996048,0.005338,1.0000,0.0000,1976.7,-0.0255,4,1
0.0003,0.999998,59.996048,0.005338,1.0000,0.0000,1976.7,-0.0255,4,1
0.0006,0.999998,59.996048,0.005338,1.0000,0.0000,1976.7,-0.0255,4,1
0.0008,0.999998,59.996048,0.005338,1.0000,0.0000,1976.7,-0.0255,4,1
0.0008,0.999998,59.996048,0.005338,1.0000,0.0000,1976.7,-0.0255,4,1
0.0006,0.999998,59.996048,0.005338,1.0000,0.0000,1976.7,-0.0255,4,1
0.0004,0.999998,59.996048,0.005338,1.0000,0.0000,1976.7,-0.0255,4,1
0.0003,0.999998,59.996048,0.005338,1.0000,0.0000,1976.7,-0.0255,4,1
0.0005,0.999998,59.996048,0.005338,1.0000,0.0000,1976.7,-0.0255,4,1
0.0008,0.999998,59.996048,0.005338,1.0000,0.0000,1976.7,-0.0255,4,1
0.0008,0.999998,59.996048,0.005338,1.0000,0.0000,1976.7,-0.0255,4,1
0.0007,0.999998,59.996048,0.005338,1.0000,0.0000,1976.7,-0.0255,4,1
0.0005,0.999998,59.996048,0.005338,1.0000,0.0000,1976.7,-0.0255,4,1
0.0002,0.999998,59.996048,0.005338,1.0000,0.0000,1976.7,-0.0255,4,1
0.0004,0.999998,59.996048,0.005338,1.0000,0.0000,1976.7,-0.0255,4,1
0.0006,0.999998,59.996048,0.005338,1.0000,0.0000,1976.7,-0.0255,4,1
0.0008,0.999998,59.996048,0.005338,1.0000,0.0000,1976.7,-0.0255,4,1
0.0008,0.999998,59.996048,0.005338,1.0000,0.0000,1976.7,-0.0255,4,1
0.0007,0.999998,59.996048,0.005338,1.0000,0.0000,1976.7,-0.0255,4,1
0.0004,0.999998,59.996048,0.005338,1.0000,0.0000,1976.7,-0.0255,4,1
0.0002,0.999998,59.996048,0.005338,1.0000,0.0000,1976.7,-0.0255,4,1
0.0002,0.999998,59.996048,0.005338,1.0000,0.0000,1976.7,-0.0255,4,1
0.0005,0.999998,59.996048,0.005338,1.0000,0.0000,1976.7,-0.0255,4,1
0.0006,0.999998,59.996048,0.005338,1.0000,0.0000,1976.7,-0.0255,4,1
0.0006,0.999998,59.996048,0.005338,1.0000,0.0000,1976.7,-0.0255,4,1
0.0005,0.999998,59.996048,0.005338,1.0000,0.0000,1976.7,-0.0255,4,1
0.0003,0.999998,59.996048,0.005338,1.0000,0.0000,1976.7,-0.0255,4,1
0.0002,0.999998,59.996048,0.005338,1.0000,0.0000,1976.7,-0.0255,4,1
0.0004,0.999998,59.996048,0.005338,1.0000,0.0000,1976.7,-0.0255,4,1
0.0006,0.999998,59.996048,0.005338,1.0000,0.0000,1976.7,-0.0255,4,1
0.0006,0.999998,59.996048,0.005338,1.0000,0.0000,1976.7,-0.0255,4,1
0.0005,0.999998,59.996048,0.005338,1.0000,0.0000,1976.7,-0.0255,4,1
0.0004,0.999998,59.996048,0.005338,1.0000,0.0000,1976.7,-0.0255,4,1
0.0004,0.999998,59.996048,0.005338,1.0000,0.0000,1976.7,-0.0255,4,1
0.0005,0.999998,59.996048,0.005338,1.0000,0.0000,1976.7,-0.0255,4,1
0.0006,0.999998,59.996048,0.005338,1.0000,0.0000,1976.7,-0.0255,4,1
0.0006,0.999998,59.996048,0.005338,1.0000,0.0000,1976.7,-0.0255,4,1
0.0006,0.999998,59.996048,0.005338,1.0000,0.0000,1976.7,-0.0255,4,1
0.0004,0.999998,59.996048,0.005338,1.0000,0.0000,1976.7,-0.0255,4,1
0.0005,0.999998,59.996048,0.005338,1.0000,0.0000,1976.7,-0.0255,4,1
0.0006,0.999998,59.996048,0.005338,1.0000,0.0000,1976.7,-0.0255,4,1
0.0008,0.999998,59.996048,0.005338,1.0000,0.0000,1976.7,-0.0255,4,1
0.0009,0.999998,59.996048,0.005338,1.0000,0.0000,1976.7,-0.0255,4,1
0.0008,0.999998,59.996048,0.005338,1.0000,0.0000,1976.7,-0.0255,4,1
0.0006,0.999998,59.996048,0.005338,1.0000,0.0000,1976.7,-0.0255,4,1
0.0003,0.999998,59.996048,0.005338,1.0000,0.0000,1976.7,-0.0255,4,1
0.0003,0.999998,59.996048,0.005338,1.0000,0.0000,1976.7,-0.0255,4,1
0.0005,0.999998,59.996048,0.005338,1.0000,0.0000,1976.7,-0.0255,4,1
0.0008,0.999998,59.996048,0.005338,1.0000,0.0000,1976.7,-0.0255,4,1
0.0010,0.999998,59.996048,0.005338,1.0000,0.0000,1976.7,-0.0255,4,1
0.0009,0.999998,59.996048,0.005338,1.0000,0.0000,1976.7,-0.0255,4,1
0.0007,0.999998,59.996048,0.005338,1.0000,0.0000,1976.7,-0.0255,4,1
0.0004,0.999998,59.996048,0.005338,1.0000,0.0000,1976.7,-0.0255,4,1
0.0004,0.999998,59.996048,0.005338,1.0000,0.0000,1976.7,-0.0255,4,1
0.0005,0.999999,59.996048,0.005338,1.0000,0.0000,1976.7,-0.0255,4,1
0.0005,0.999999,59.996048,0.005338,1.0000,0.0000,1976.7,-0.0255,4,1
0.0006,0.999999,59.996048,0.005338,1.0000,0.0000,1976.7,-0.0255,4,1
0.0006,0.999999,59.996048,0.005338,1.0000,0.0000,1976.7,-0.0255,4,1
0.0005,0.999999,59.996048,0.005338,1.0000,0.0000,1976.7,-0.0255,4,1
0.0004,0.999999,59.996048,0.005338,1.0000,0.0000,1976.7,-0.0255,4,1
0.0005,0.999999,59.996048,0.005338,1.0000,0.0000,1976.7,-0.0255,4,1
0.0005,0.999999,59.996048,0.005338,1.0000,0.0000,1976.7,-0.0255,4,1
0.0005,0.999999,59.996048,0.005338,1.0000,0.0000,1976.7,-0.0255,4,1
0.0004,0.999999,59.996048,0.005338,1.0000,0.0000,1976.7,-0.0255,4,1
0.0003,0.999999,59.996048,0.005338,1.0000,0.0000,1976.7,-0.0255,4,1
0.0002,0.999999,59.996048,0.005338,1.0000,0.0000,1976.7,-0.0255,4,1
0.0004,0.999999,59.996048,0.005338,1.0000,0.0000,1976.7,-0.0255,4,1
0.0006,0.999999,59.996048,0.005338,1.0000,0.0000,1976.7,-0.0255,4,1
0.0007,0.999999,59.996048,0.005338,1.0000,0.0000,1976.7,-0.0255,4,1
0.0007,0.999999,59.996048,0.005338,1.0000,0.0000,1976.7,-0.0255,4,1
0.0007,0.999999,59.996048,0.005338,1.0000,0.0000,1976.7,-0.0255,4,1
0.0004,0.999999,59.996048,0.005338,1.0000,0.0000,1976.7,-0.0255,4,1
0.0002,0.999999,59.996048,0.005338,1.0000,0.0000,1976.7,-0.0255,4,1
0.0002,0.999999,59.996048,0.005338,1.0000,0.0000,1976.7,-0.0255,4,1
0.0004,0.999999,59.996048,0.005338,1.0000,0.0000,1976.7,-0.0255,4,1
0.0005,0.999999,59.996048,0.005338,1.0000,0.0000,1976.7,-0.0255,4,1
0.0006,0.999999,59.996048,0.005338,1.0000,0.0000,1976.7,-0.0255,4,1
0.0006,0.999999,59.996048,0.005338,1.0000,0.0000,1976.7,-0.0255,4,1
0.0005,0.999999,59.996048,0.005338,1.0000,0.0000,1976.7,-0.0255,4,1
0.0003,0.999999,59.996048,0.005338,1.0000,0.0000,1976.7,-0.0255,4,1
0.0001,0.999999,59.996048,0.005338,1.0000,0.0000,1976.7,-0.0255,4,1
0.0002,0.999999,59.996048,0.005338,1.0000,0.0000,1976.7,-0.0255,4,1
0.0003,0.999999,59.996048,0.005338,1.0000,0.0000,1976.7,-0.0255,4,1
0.0004,0.999999,59.996048,0.005338,1.0000,0.0000,1976.7,-0.0255,4,1
0.0004,0.999999,59.996048,0.005338,1.0000,0.0000,1976.7,-0.0255,4,1
0.0003,0.999999,59.996048,0.005338,1.0000,0.0000,1976.7,-0.0255,4,1
0.0003,0.999999,59.996048,0.005338,1.0000,0.0000,1976.7,-0.0255,4,1
0.0003,0.999999,59.996048,0.005338,1.0000,0.0000,1976.7,-0.0255,4,1
0.0003,0.999999,59.996048,0.005338,1.0000,0.0000,1976.7,-0.0255,4,1
0.0003,0.999999,59.996048,0.005338,1.0000,0.0000,1976.7,-0.0255,4,1
0.0002,0.999999,59.996048,0.005338,1.0000,0.0000,1976.7,-0.0255,4,1
0.0001,0.999999,59.996048,0.005338,1.0000,0.0000,1976.7,-0.0255,4,1
0.0001,0.999999,59.996048,0.005338,1.0000,0.0000,1976.7,-0.0255,4,1
0.0002,0.999999,59.996048,0.005338,1.0000,0.0000,1976.7,-0.0255,4,1
0.0002,0.999999,59.996048,0.005338,1.0000,0.0000,1976.7,-0.0255,4,1
0.0002,0.999999,59.996048,0.005338,1.0000,0.0000,1976.7,-0.0255,4,1
0.0003,0.999999,59.996048,0.005338,1.0000,0.0000,1976.7,-0.0255,4,1
0.0003,0.999999,59.996048,0.005338,1.0000,0.0000,1976.7,-0.0255,4,1
0.0004,0.999999,59.996048,0.005338,1.0000,0.0000,1976.7,-0.0255,4,1
0.0004,0.999999,59.996048,0.005338,1.0000,0.0000,1976.7,-0.0255,4,1
0.0004,0.999999,59.996048,0.005338,1.0000,0.0000,1976.7,-0.0255,4,1
0.0004,0.999999,59.996048,0.005338,1.0000,0.0000,1976.7,-0.0255,4,1
0.0004,0.999999,59.996048,0.005338,1.0000,0.0000,1976.7,-0.0255,4,1
0.0004,0.999999,59.996048,0.005338,1.0000,0.0000,1976.7,-0.0255,4,1
0.0003,0.999999,59.996048,0.005338,1.0000,0.0000,1976.7,-0.0255,4,1
0.0003,0.999999,59.996048,0.005338,1.0000,0.0000,1976.7,-0.0255,4,1
0.0004,0.999999,59.996048,0.005338,1.0000,0.0000,1976.7,-0.0255,4,1
0.0005,0.999999,59.996048,0.005338,1.0000,0.0000,1976.7,-0.0255,4,1
0.0005,0.999999,59.996048,0.005338,1.0000,0.0000,1976.7,-0.0255,4,1
0.0004,0.999999,59.996048,0.005338,1.0000,0.0000,1976.7,-0.0255,4,1
0.0003,0.999999,59.996048,0.005338,1.0000,0.0000,1976.7,-0.0255,4,1
0.0002,0.999999,59.996048,0.005338,1.0000,0.0000,1976.7,-0.0255,4,1
0.0002,0.999999,59.996048,0.005338,1.0000,0.0000,1976.7,-0.0255,4,1
0.0003,0.999999,59.996048,0.005338,1.0000,0.0000,1976.7,-0.0255,4,1
0.0004,0.999999,59.996048,0.005338,1.0000,0.0000,1976.7,-0.0255,4,1
0.0004,0.999999,59.996048,0.005338,1.0000,0.0000,1976.7,-0.0255,4,1
0.0003,0.999999,59.996048,0.005338,1.0000,0.0000,1976.7,-0.0255,4,1
0.0001,0.999999,59.996048,0.005338,1.0000,0.0000,1976.7,-0.0255,4,1
0.0001,0.999999,59.996048,0.005338,1.0000,0.0000,1976.7,-0.0255,4,1
0.0002,0.999999,59.996048,0.005338,1.0000,0.0000,1976.7,-0.0255,4,1
0.0004,0.999999,59.996048,0.005338,1.0000,0.0000,1976.7,-0.0255,4,1
0.0004,0.999999,59.996048,0.005338,1.0000,0.0000,1976.7,-0.0255,4,1
0.0003,0.999999,59.996048,0.005338,1.0000,0.0000,1976.7,-0.0255,4,1
0.0002,0.999999,59.996048,0.005338,1.0000,0.0000,1976.7,-0.0255,4,1
0.0001,0.999999,59.996048,0.005338,1.0000,0.0000,1976.7,-0.0255,4,1
0.0001,0.999999,59.996048,0.005338,1.0000,0.0000,1976.7,-0.0255,4,1
0.0003,0.999999,59.996048,0.005338,1.0000,0.0000,1976.7,-0.0255,4,1
0.0004,0.999999,59.996048,0.005338,1.0000,0.0000,1976.7,-0.0255,4,1
0.0005,0.999999,59.996048,0.005338,1.0000,0.0000,1976.7,-0.0255,4,1
0.0004,0.999999,59.996048,0.005338,1.0000,0.0000,1976.7,-0.0255,4,1
0.0003,0.999999,59.996048,0.005338,1.0000,0.0000,1976.7,-0.0255,4,1
0.0002,0.999999,59.996048,0.005338,1.0000,0.0000,1976.7,-0.0255,4,1
0.0003,0.999999,59.996048,0.005338,1.0000,0.0000,1976.7,-0.0255,4,1
0.0003,0.999999,59.996048,0.005338,1.0000,0.0000,1976.7,-0.0255,4,1
0.0003,0.999999,59.996048,0.005338,1.0000,0.0000,1976.7,-0.0255,4,1
0.0002,0.999999,59.996048,0.005338,1.0000,0.0000,1976.7,-0.0255,4,1
0.0002,0.999999,59.996048,0.005338,1.0000,0.0000,1976.7,-0.0255,4,1
0.0001,0.999999,59.996048,0.005338,1.0000,0.0000,1976.7,-0.0255,4,1
0.0001,0.999999,59.996048,0.005338,1.0000,0.0000,1976.7,-0.0255,4,1
0.0002,0.999999,59.996048,0.005338,1.0000,0.0000,1976.7,-0.0255,4,1
0.0003,0.999999,59.996048,0.005338,1.0000,0.0000,1976.7,-0.0255,4,1
0.0003,0.999999,59.996048,0.005338,1.0000,0.0000,1976.7,-0.0255,4,1
0.0002,0.999999,59.996048,0.005338,1.0000,0.0000,1976.7,-0.0255,4,1
0.0002,0.999999,59.996048,0.005338,1.0000,0.0000,1976.7,-0.0255,4,1
0.0003,0.999999,59.996048,0.005338,1.0000,0.0000,1976.7,-0.0255,4,1
0.0003,0.999999,59.996048,0.005338,1.0000,0.0000,1976.7,-0.0255,4,1
0.0003,0.999999,59.996048,0.005338,1.0000,0.0000,1976.7,-0.0255,4,1
0.0003,0.999999,59.996048,0.005338,1.0000,0.0000,1976.7,-0.0255,4,1
0.0001,0.999999,59.996048,0.005338,1.0000,0.0000,1976.7,-0.0255,4,1
0.0001,0.999999,59.996048,0.005338,1.0000,0.0000,1976.7,-0.0255,4,1
0.0002,0.999999,59.996048,0.005338,1.0000,0.0000,1976.7,-0.0255,4,1
0.0004,0.999999,59.996048,0.005338,1.0000,0.0000,1976.7,-0.0255,4,1
0.0004,0.999999,59.996048,0.005338,1.0000,0.0000,1976.7,-0.0255,4,1
0.0004,0.999999,59.996048,0.005338,1.0000,0.0000,1976.7,-0.0255,4,1
0.0004,0.999999,59.996048,0.005338,1.0000,0.0000,1976.7,-0.0255,4,1
0.0003,0.999999,59.996048,0.005338,1.0000,0.0000,1976.7,-0.0255,4,1
0.0002,0.999999,59.996048,0.005338,1.0000,0.0000,1976.7,-0.0255,4,1
0.0001,0.999999,59.996048,0.005338,1.0000,0.0000,1976.7,-0.0255,4,1
0.0001,0.999999,59.996048,0.005338,1.0000,0.0000,1976.7,-0.0255,4,1
0.0002,0.999999,59.996048,0.005338,1.0000,0.0000,1976.7,-0.0255,4,1
0.0003,0.999999,59.996048,0.005338,1.0000,0.0000,1976.7,-0.0255,4,1
0.0003,0.999999,59.996048,0.005338,1.0000,0.0000,1976.7,-0.0255,4,1
0.0003,0.999999,59.996048,0.005338,1.0000,0.0000,1976.7,-0.0255,4,1
0.0002,0.999999,59.996048,0.005338,1.0000,0.0000,1976.7,-0.0255,4,1
0.0002,0.999999,59.996048,0.005338,1.0000,0.0000,1976.7,-0.0255,4,1
0.0002,0.999999,59.996048,0.005338,1.0000,0.0000,1976.7,-0.0255,4,1
0.0002,0.999999,59.996048,0.005338,1.0000,0.0000,1976.7,-0.0255,4,1
0.0002,0.999999,59.996048,0.005338,1.0000,0.0000,1976.7,-0.0255,4,1
0.0002,0.999999,59.996048,0.005338,1.0000,0.0000,1976.7,-0.0255,4,1
0.0002,0.999999,59.996048,0.005338,1.0000,0.0000,1976.7,-0.0255,4,1
0.0001,0.999999,59.996048,0.005338,1.0000,0.0000,1976.7,-0.0255,4,1
0.0001,0.999999,59.996048,0.005338,1.0000,0.0000,1976.7,-0.0255,4,1
0.0001,0.999999,59.996048,0.005338,1.0000,0.0000,1976.7,-0.0255,4,1
0.0001,0.999999,59.996048,0.005338,1.0000,0.0000,1976.7,-0.0255,4,1
0.0001,0.999999,59.996048,0.005338,1.0000,0.0000,1976.7,-0.0255,4,1
0.0000,0.999999,59.996048,0.005338,1.0000,0.0000,1976.7,-0.0255,4,1
0.0001,0.999999,59.996048,0.005338,1.0000,0.0000,1976.7,-0.0255,4,1
0.0001,0.999999,59.996048,0.005338,1.0000,0.0000,1976.7,-0.0255,4,1
0.0002,0.999999,59.996048,0.005338,1.0000,0.0000,1976.7,-0.0255,4,1
0.0002,0.999999,59.996048,0.005338,1.0000,0.0000,1976.7,-0.0255,4,1
0.0002,0.999999,59.996048,0.005338,1.0000,0.0000,1976.7,-0.0255,4,1
0.0002,0.999999,59.996048,0.005338,1.0000,0.0000,1976.7,-0.0255,4,1
0.0002,0.999999,59.996048,0.005338,1.0000,0.0000,1976.7,-0.0255,4,1
0.0002,0.999999,59.996048,0.005338,1.0000,0.0000,1976.7,-0.0255,4,1
0.0002,0.999999,59.996048,0.005338,1.0000,0.0000,1976.7,-0.0255,4,1
0.0002,0.999999,59.996048,0.005338,1.0000,0.0000,1976.7,-0.0255,4,1
0.0002,0.999999,59.996048,0.005338,1.0000,0.0000,1976.7,-0.0255,4,1
0.0002,0.999999,59.996048,0.005338,1.0000,0.0000,1976.7,-0.0255,4,1
0.0002,0.999999,59.996048,0.005338,1.0000,0.0000,1976.7,-0.0255,4,1
0.0001,0.999999,59.996048,0.005338,1.0000,0.0000,1976.7,-0.0255,4,1
0.0001,0.999999,59.996048,0.005338,1.0000,0.0000,1976.7,-0.0255,4,1
0.0001,0.999999,59.996048,0.005338,1.0000,0.0000,1976.7,-0.0255,4,1
0.0001,0.999999,59.996048,0.005338,1.0000,0.0000,1976.7,-0.0255,4,1
0.0001,0.999999,59.996048,0.005338,1.0000,0.0000,1976.7,-0.0255,4,1
0.0001,0.999999,59.996048,0.005338,1.0000,0.0000,1976.7,-0.0255,4,1
0.0002,0.999999,59.996048,0.005338,1.0000,0.0000,1976.7,-0.0255,4,1
0.0002,0.999999,59.996048,0.005338,1.0000,0.0000,1976.7,-0.0255,4,1
0.0003,0.999999,59.996048,0.005338,1.0000,0.0000,1976.7,-0.0255,4,1
0.0003,0.999999,59.996048,0.005338,1.0000,0.0000,1976.7,-0.0255,4,1
0.0003,0.999999,59.996048,0.005338,1.0000,0.0000,1976.7,-0.0255,4,1
0.0002,0.999999,59.996048,0.005338,1.0000,0.0000,1976.7,-0.0255,4,1
0.0002,0.999999,59.996048,0.005338,1.0000,0.0000,1976.7,-0.0255,4,1
0.0001,0.999999,59.996048,0.005338,1.0000,0.0000,1976.7,-0.0255,4,1
0.0001,0.999999,59.996048,0.005338,1.0000,0.0000,1976.7,-0.0255,4,1
0.0002,0.999999,59.996048,0.005338,1.0000,0.0000,1976.7,-0.0255,4,1
0.0003,0.999999,59.996048,0.005338,1.0000,0.0000,1976.7,-0.0255,4,1
0.0003,0.999999,59.996048,0.005338,1.0000,0.0000,1976.7,-0.0255,4,1
0.0003,0.999999,59.996048,0.005338,1.0000,0.0000,1976.7,-0.0255,4,1
0.0003,0.999999,59.996048,0.005338,1.0000,0.0000,1976.7,-0.0255,4,1
0.0002,0.999999,59.996048,0.005338,1.0000,0.0000,1976.7,-0.0255,4,1
0.0001,0.999999,59.996048,0.005338,1.0000,0.0000,1976.7,-0.0255,4,1
0.0001,0.999999,59.996048,0.005338,1.0000,0.0000,1976.7,-0.0255,4,1
0.0001,0.999999,59.996048,0.005338,1.0000,0.0000,1976.7,-0.0255,4,1
0.0001,0.999999,59.996048,0.005338,1.0000,0.0000,1976.7,-0.0255,4,1
0.0001,0.999999,59.996048,0.005338,1.0000,0.0000,1976.7,-0.0255,4,1
0.0001,0.999999,59.996048,0.005338,1.0000,0.0000,1976.7,-0.0255,4,1
0.0001,0.999999,59.996048,0.005338,1.0000,0.0000,1976.7,-0.0255,4,1
0.0001,0.999999,59.996048,0.005338,1.0000,0.0000,1976.7,-0.0255,4,1
0.0001,0.999999,59.996048,0.005338,1.0000,0.0000,1976.7,-0.0255,4,1
0.0001,0.999999,59.996048,0.005338,1.0000,0.0000,1976.7,-0.0255,4,1
0.0001,0.999999,59.996048,0.005338,1.0000,0.0000,1976.7,-0.0255,4,1
0.0001,0.999999,59.996048,0.005338,1.0000,0.0000,1976.7,-0.0255,4,1
0.0001,0.999999,59.996048,0.005338,1.0000,0.0000,1976.7,-0.0255,4,1
0.0002,0.999999,59.996048,0.005338,1.0000,0.0000,1976.7,-0.0255,4,1
0.0002,0.999999,59.996048,0.005338,1.0000,0.0000,1976.7,-0.0255,4,1
0.0002,0.999999,59.996048,0.005338,1.0000,0.0000,1976.7,-0.0255,4,1
0.0001,0.999999,59.996048,0.005338,1.0000,0.0000,1976.7,-0.0255,4,1
0.0001,0.999999,59.996048,0.005338,1.0000,0.0000,1976.7,-0.0255,4,1
0.0001,0.999999,59.996048,0.005338,1.0000,0.0000,1976.7,-0.0255,4,1
0.0001,0.999999,59.996048,0.005338,1.0000,0.0000,1976.7,-0.0255,4,1
0.0001,0.999999,59.996048,0.005338,1.0000,0.0000,1976.7,-0.0255,4,1
0.0002,0.999999,59.996048,0.005338,1.0000,0.0000,1976.7,-0.0255,4,1
0.0002,0.999999,59.996048,0.005338,1.0000,0.0000,1976.7,-0.0255,4,1
0.0001,0.999999,59.996048,0.005338,1.0000,0.0000,1976.7,-0.0255,4,1
0.0001,0.999999,59.996048,0.005338,1.0000,0.0000,1976.7,-0.0255,4,1
0.0000,0.999999,59.996048,0.005338,1.0000,0.0000,1976.7,-0.0255,4,1
0.0000,0.999999,59.996048,0.005338,1.0000,0.0000,1976.7,-0.0255,4,1
0.0000,0.999999,59.996048,0.005338,1.0000,0.0000,1976.7,-0.0255,4,1
0.0001,0.999999,59.996048,0.005338,1.0000,0.0000,1976.7,-0.0255,4,1
0.0001,0.999999,59.996048,0.005338,1.0000,0.0000,1976.7,-0.0255,4,1
0.0001,0.999999,59.996048,0.005338,1.0000,0.0000,1976.7,-0.0255,4,1
0.0001,0.999999,59.996048,0.005338,1.0000,0.0000,1976.7,-0.0255,4,1
0.0001,0.999999,59.996048,0.005338,1.0000,0.0000,1976.7,-0.0255,4,1
0.0001,0.999999,59.996048,0.005338,1.0000,0.0000,1976.7,-0.0255,4,1
0.0001,0.999999,59.996048,0.005338,1.0000,0.0000,1976.7,-0.0255,4,1
0.0001,0.999999,59.996048,0.005338,1.0000,0.0000,1976.7,-0.0255,4,1
0.0001,0.999999,59.996048,0.005338,1.0000,0.0000,1976.7,-0.0255,4,1
0.0000,0.999999,59.996048,0.005338,1.0000,0.0000,1976.7,-0.0255,4,1
0.0001,0.999999,59.996048,0.005338,1.0000,0.0000,1976.7,-0.0255,4,1
0.0001,0.999999,59.996048,0.005338,1.0000,0.0000,1976.7,-0.0255,4,1
0.0001,0.999999,59.996048,0.005338,1.0000,0.0000,1976.7,-0.0255,4,1
0.0001,0.999999,59.996048,0.005338,1.0000,0.0000,1976.7,-0.0255,4,1
0.0001,0.999999,59.996048,0.005338,1.0000,0.0000,1976.7,-0.0255,4,1
0.0001,0.999999,59.996048,0.005338,1.0000,0.0000,1976.7,-0.0255,4,1
0.0001,0.999999,59.996048,0.005338,1.0000,0.0000,1976.7,-0.0255,4,1
0.0000,0.999999,59.996048,0.005338,1.0000,0.0000,1976.7,-0.0255,4,1
0.0001,0.999999,59.996048,0.005338,1.0000,0.0000,1976.7,-0.0255,4,1
0.0001,0.999999,59.996048,0.005338,1.0000,0.0000,1976.7,-0.0255,4,1
0.0001,0.999999,59.996048,0.005338,1.0000,0.0000,1976.7,-0.0255,4,1
0.0001,0.999999,59.996048,0.005338,1.0000,0.0000,1976.7,-0.0255,4,1
0.0001,0.999999,59.996048,0.005338,1.0000,0.0000,1976.7,-0.0255,4,1
0.0001,0.999999,59.996048,0.005338,1.0000,0.0000,1976.7,-0.0255,4,1
0.0001,0.999999,59.996048,0.005338,1.0000,0.0000,1976.7,-0.0255,4,1
0.0001,0.999999,59.996048,0.005338,1.0000,0.0000,1976.7,-0.0255,4,1
0.0001,0.999999,59.996048,0.005338,1.0000,0.0000,1976.7,-0.0255,4,1
0.0000,0.999999,59.996048,0.005338,1.0000,0.0000,1976.7,-0.0255,4,1
0.0000,0.999999,59.996048,0.005338,1.0000,0.0000,1976.7,-0.0255,4,1
0.0000,0.999999,59.996048,0.005338,1.0000,0.0000,1976.7,-0.0255,4,1
0.0000,0.999999,59.996048,0.005338,1.0000,0.0000,1976.7,-0.0255,4,1
0.0001,0.999999,59.996048,0.005338,1.0000,0.0000,1976.7,-0.0255,4,1
0.0001,0.999999,59.996048,0.005338,1.0000,0.0000,1976.7,-0.0255,4,1
0.0001,0.999999,59.996048,0.005338,1.0000,0.0000,1976.7,-0.0255,4,1
0.0001,0.999999,59.996048,0.005338,1.0000,0.0000,1976.7,-0.0255,4,1
0.0001,0.999999,59.996048,0.005338,1.0000,0.0000,1976.7,-0.0255,4,1
0.0001,0.999999,59.996048,0.005338,1.0000,0.0000,1976.7,-0.0255,4,1
0.0001,0.999999,59.996048,0.005338,1.0000,0.0000,1976.7,-0.0255,4,1
0.0001,0.999999,59.996048,0.005338,1.0000,0.0000,1976.7,-0.0255,4,1
0.0001,0.999999,59.996048,0.005338,1.0000,0.0000,1976.7,-0.0255,4,1
0.0001,0.999999,59.996048,0.005338,1.0000,0.0000,1976.7,-0.0255,4,1
0.0001,0.999999,59.996048,0.005338,1.0000,0.0000,1976.7,-0.0255,4,1
0.0000,0.999999,59.996048,0.005338,1.0000,0.0000,1976.7,-0.0255,4,1
0.0000,0.999999,59.996048,0.005338,1.0000,0.0000,1976.7,-0.0255,4,1
0.0001,0.999999,59.996048,0.005338,1.0000,0.0000,1976.7,-0.0255,4,1
0.0001,0.999999,59.996048,0.005338,1.0000,0.0000,1976.7,-0.0255,4,1
0.0001,0.999999,59.996048,0.005338,1.0000,0.0000,1976.7,-0.0255,4,1
0.0001,0.999999,59.996048,0.005338,1.0000,0.0000,1976.7,-0.0255,4,1
0.0001,0.999999,59.996048,0.005338,1.0000,0.0000,1976.7,-0.0255,4,1
0.0001,0.999999,59.996048,0.005338,1.0000,0.0000,1976.7,-0.0255,4,1
0.0001,0.999999,59.996048,0.005338,1.0000,0.0000,1976.7,-0.0255,4,1
0.0001,0.999999,59.996048,0.005338,1.0000,0.0000,1976.7,-0.0255,4,1
0.0001,0.999999,59.996048,0.005338,1.0000,0.0000,1976.7,-0.0255,4,1
0.0001,0.999999,59.996048,0.005338,1.0000,0.0000,1976.7,-0.0255,4,1
0.0001,0.999999,59.996048,0.005338,1.0000,0.0000,1976.7,-0.0255,4,1
0.0001,0.999999,59.996048,0.005338,1.0000,0.0000,1976.7,-0.0255,4,1
0.0001,0.999999,59.996048,0.005338,1.0000,0.0000,1976.7,-0.0255,4,1
0.0001,0.999999,59.996048,0.005338,1.0000,0.0000,1976.7,-0.0255,4,1
0.0001,0.999999,59.996048,0.005338,1.0000,0.0000,1976.7,-0.0255,4,1
0.0001,0.999999,59.996048,0.005338,1.0000,0.0000,1976.7,-0.0255,4,1
0.0001,0.999999,59.996048,0.005338,1.0000,0.0000,1976.7,-0.0255,4,1
0.0000,0.999999,59.996048,0.005338,1.0000,0.0000,1976.7,-0.0255,4,1
0.0000,0.999999,59.996048,0.005338,1.0000,0.0000,1976.7,-0.0255,4,1
0.0001,0.999999,59.996048,0.005338,1.0000,0.0000,1976.7,-0.0255,4,1
0.0001,0.999999,59.996048,0.005338,1.0000,0.0000,1976.7,-0.0255,4,1
0.0001,0.999999,59.996048,0.005338,1.0000,0.0000,1976.7,-0.0255,4,1
0.0001,0.999999,59.996048,0.005338,1.0000,0.0000,1976.7,-0.0255,4,1
0.0001,0.999999,59.996048,0.005338,1.0000,0.0000,1976.7,-0.0255,4,1
0.0001,0.999999,59.996048,0.005338,1.0000,0.0000,1976.7,-0.0255,4,1
0.0000,0.999999,59.996048,0.005338,1.0000,0.0000,1976.7,-0.0255,4,1
0.0000,0.999999,59.996048,0.005338,1.0000,0.0000,1976.7,-0.0255,4,1
0.0001,0.999999,59.996048,0.005338,1.0000,0.0000,1976.7,-0.0255,4,1
0.0001,0.999999,59.996048,0.005338,1.0000,0.0000,1976.7,-0.0255,4,1
0.0001,0.999999,59.996048,0.005338,1.0000,0.0000,1976.7,-0.0255,4,1
0.0000,0.999999,59.996048,0.005338,1.0000,0.0000,1976.7,-0.0255,4,1
0.0000,0.999999,59.996048,0.005338,1.0000,0.0000,1976.7,-0.0255,4,1
0.0000,0.999999,59.996048,0.005338,1.0000,0.0000,1976.7,-0.0255,4,1
0.0000,0.999999,59.996048,0.005338,1.0000,0.0000,1976.7,-0.0255,4,1
0.0001,0.999999,59.996048,0.005338,1.0000,0.0000,1976.7,-0.0255,4,1
0.0001,0.999999,59.996048,0.005338,1.0000,0.0000,1976.7,-0.0255,4,1
0.0000,0.999999,59.996048,0.005338,1.0000,0.0000,1976.7,-0.0255,4,1
0.0000,0.999999,59.996048,0.005338,1.0000,0.0000,1976.7,-0.0255,4,1
0.0000,0.999999,59.996048,0.005338,1.0000,0.0000,1976.7,-0.0255,4,1
0.0000,0.999999,59.996048,0.005338,1.0000,0.0000,1976.7,-0.0255,4,1
0.0001,0.999999,59.996048,0.005338,1.0000,0.0000,1976.7,-0.0255,4,1
0.0001,0.999999,59.996048,0.005338,1.0000,0.0000,1976.7,-0.0255,4,1
0.0001,0.999999,59.996048,0.005338,1.0000,0.0000,1976.7,-0.0255,4,1
0.0001,0.999999,59.996048,0.005338,1.0000,0.0000,1976.7,-0.0255,4,1
0.0000,0.999999,59.996048,0.005338,1.0000,0.0000,1976.7,-0.0255,4,1
0.0000,0.999999,59.996048,0.005338,1.0000,0.0000,1976.7,-0.0255,4,1
0.0000,0.999999,59.996048,0.005338,1.0000,0.0000,1976.7,-0.0255,4,1
0.0000,0.999999,59.996048,0.005338,1.0000,0.0000,1976.7,-0.0255,4,1
0.0000,0.999999,59.996048,0.005338,1.0000,0.0000,1976.7,-0.0255,4,1
0.0000,0.999999,59.996048,0.005338,1.0000,0.0000,1976.7,-0.0255,4,1
0.0000,0.999999,59.996048,0.005338,1.0000,0.0000,1976.7,-0.0255,4,1
0.0000,0.999999,59.996048,0.005338,1.0000,0.0000,1976.7,-0.0255,4,1
0.0000,0.999999,59.996048,0.005338,1.0000,0.0000,1976.7,-0.0255,4,1
0.0000,0.999999,59.996048,0.005338,1.0000,0.0000,1976.7,-0.0255,4,1
0.0000,0.999999,59.996048,0.005338,1.0000,0.0000,1976.7,-0.0255,4,1
0.0000,0.999999,59.996048,0.005338,1.0000,0.0000,1976.7,-0.0255,4,1
0.0000,0.999999,59.996048,0.005338,1.0000,0.0000,1976.7,-0.0255,4,1
0.0000,0.999999,59.996048,0.005338,1.0000,0.0000,1976.7,-0.0255,4,1
0.0000,0.999999,59.996048,0.005338,1.0000,0.0000,1976.7,-0.0255,4,1
0.0000,0.999999,59.996048,0.005338,1.0000,0.0000,1976.7,-0.0255,4,1
0.0000,0.999999,59.996048,0.005338,1.0000,0.0000,1976.7,-0.0255,4,1
0.0000,0.999999,59.996048,0.005338,1.0000,0.0000,1976.7,-0.0255,4,1
0.0000,0.999999,59.996048,0.005338,1.0000,0.0000,1976.7,-0.0255,4,1
0.0000,0.999999,59.996048,0.005338,1.0000,0.0000,1976.7,-0.0255,4,1
0.0000,0.999999,59.996048,0.005338,1.0000,0.0000,1976.7,-0.0255,4,1
0.0000,0.999999,59.996048,0.005338,1.0000,0.0000,1976.7,-0.0255,4,1
0.0000,0.999999,59.996048,0.005338,1.0000,0.0000,1976.7,-0.0255,4,1
0.0000,0.999999,59.996048,0.005338,1.0000,0.0000,1976.7,-0.0255,4,1
0.0000,0.999999,59.996048,0.005338,1.0000,0.0000,1976.7,-0.0255,4,1
0.0000,0.999999,59.996048,0.005338,1.0000,0.0000,1976.7,-0.0255,4,1
0.0000,0.999999,59.996048,0.005338,1.0000,0.0000,1976.7,-0.0255,4,1
0.0000,0.999999,59.996048,0.005338,1.0000,0.0000,1976.7,-0.0255,4,1
0.0000,0.999999,59.996048,0.005338,1.0000,0.0000,1976.7,-0.0255,4,1
0.0000,0.999999,59.996048,0.005338,1.0000,0.0000,1976.7,-0.0255,4,1
0.0000,0.999999,59.996048,0.005338,1.0000,0.0000,1976.7,-0.0255,4,1
0.0000,0.999999,59.996048,0.005338,1.0000,0.0000,1976.7,-0.0255,4,1
0.0000,0.999999,59.996048,0.005338,1.0000,0.0000,1976.7,-0.0255,4,1
0.0000,0.999999,59.996048,0.005338,1.0000,0.0000,1976.7,-0.0255,4,1
0.0000,0.999999,59.996048,0.005338,1.0000,0.0000,1976.7,-0.0255,4,1
0.0000,0.999999,59.996048,0.005338,1.0000,0.0000,1976.7,-0.0255,4,1
0.0000,0.999999,59.996048,0.005338,1.0000,0.0000,1976.7,-0.0255,4,1
0.0000,0.999999,59.996048,0.005338,1.0000,0.0000,1976.7,-0.0255,4,1
0.0000,0.999999,59.996048,0.005338,1.0000,0.0000,1976.7,-0.0255,4,1
0.0000,0.999999,59.996048,0.005338,1.0000,0.0000,1976.7,-0.0255,4,1
0.0000,0.999999,59.996048,0.005338,1.0000,0.0000,1976.7,-0.0255,4,1
0.0000,0.999999,59.996048,0.005338,1.0000,0.0000,1976.7,-0.0255,4,1
0.0000,0.999999,59.996048,0.005338,1.0000,0.0000,1976.7,-0.0255,4,1
0.0000,0.999999,59.996048,0.005338,1.0000,0.0000,1976.7,-0.0255,4,1
0.0000,0.999999,59.996048,0.005338,1.0000,0.0000,1976.7,-0.0255,4,1
0.0000,0.999999,59.996048,0.005338,1.0000,0.0000,1976.7,-0.0255,4,1
0.0000,0.999999,59.996048,0.005338,1.0000,0.0000,1976.7,-0.0255,4,1
0.0000,0.999999,59.996048,0.005338,1.0000,0.0000,1976.7,-0.0255,4,1
0.0000,0.999999,59.996048,0.005338,1.0000,0.0000,1976.7,-0.0255,4,1
0.0000,0.999999,59.996048,0.005338,1.0000,0.0000,1976.7,-0.0255,4,1
0.0000,0.999999,59.996048,0.005338,1.0000,0.0000,1976.7,-0.0255,4,1
0.0000,0.999999,59.996048,0.005338,1.0000,0.0000,1976.7,-0.0255,4,1
0.0000,0.999999,59.996048,0.005338,1.0000,0.0000,1976.7,-0.0255,4,1
0.0000,0.999999,59.996048,0.005338,1.0000,0.0000,1976.7,-0.0255,4,1
0.0000,0.999999,59.996048,0.005338,1.0000,0.0000,1976.7,-0.0255,4,1
0.0000,0.999999,59.996048,0.005338,1.0000,0.0000,1976.7,-0.0255,4,1
0.0000,0.999999,59.996048,0.005338,1.0000,0.0000,1976.7,-0.0255,4,1
0.0000,0.999999,59.996048,0.005338,1.0000,0.0000,1976.7,-0.0255,4,1
0.0000,0.999999,59.996048,0.005338,1.0000,0.0000,1976.7,-0.0255,4,1
0.0000,0.999999,59.996048,0.005338,1.0000,0.0000,1976.7,-0.0255,4,1
0.0000,0.999999,59.996048,0.005338,1.0000,0.0000,1976.7,-0.0255,4,1
0.0000,0.999999,59.996048,0.005338,1.0000,0.0000,1976.7,-0.0255,4,1
0.0000,0.999999,59.996048,0.005338,1.0000,0.0000,1976.7,-0.0255,4,1
0.0000,0.999999,59.996048,0.005338,1.0000,0.0000,1976.7,-0.0255,4,1
0.0000,0.999999,59.996048,0.005338,1.0000,0.0000,1976.7,-0.0255,4,1
0.0000,0.999999,59.996048,0.005338,1.0000,0.0000,1976.7,-0.0255,4,1
0.0000,0.999999,59.996048,0.005338,1.0000,0.0000,1976.7,-0.0255,4,1
0.0000,0.999999,59.996048,0.005338,1.0000,0.0000,1976.7,-0.0255,4,1
0.0000,0.999999,59.996048,0.005338,1.0000,0.0000,1976.7,-0.0255,4,1
0.0000,0.999999,59.996048,0.005338,1.0000,0.0000,1976.7,-0.0255,4,1
0.0000,0.999999,59.996048,0.005338,1.0000,0.0000,1976.7,-0.0255,4,1
0.0000,0.999999,59.996048,0.005338,1.0000,0.0000,1976.7,-0.0255,4,1
0.0000,0.999999,59.996048,0.005338,1.0000,0.0000,1976.7,-0.0255,4,1
0.0000,0.999999,59.996048,0.005338,1.0000,0.0000,1976.7,-0.0255,4,1
0.0000,0.999999,59.996048,0.005338,1.0000,0.0000,1976.7,-0.0255,4,1
0.0000,0.999999,59.996048,0.005338,1.0000,0.0000,1976.7,-0.0255,4,1
0.0000,0.999999,59.996048,0.005338,1.0000,0.0000,1976.7,-0.0255,4,1
0.0000,0.999999,59.996048,0.005338,1.0000,0.0000,1976.7,-0.0255,4,1
0.0000,0.999999,59.996048,0.005338,1.0000,0.0000,1976.7,-0.0255,4,1
0.0000,0.999999,59.996048,0.005338,1.0000,0.0000,1976.7,-0.0255,4,1
0.0000,0.999999,59.996048,0.005338,1.0000,0.0000,1976.7,-0.0255,4,1
0.0000,0.999999,59.996048,0.005338,1.0000,0.0000,1976.7,-0.0255,4,1
0.0000,0.999999,59.996048,0.005338,1.0000,0.0000,1976.7,-0.0255,4,1
0.0000,0.999999,59.996048,0.005338,1.0000,0.0000,1976.7,-0.0255,4,1
0.0000,0.999999,59.996048,0.005338,1.0000,0.0000,1976.7,-0.0255,4,1
0.0000,0.999999,59.996048,0.005338,1.0000,0.0000,1976.7,-0.0255,4,1
0.0000,0.999999,59.996048,0.005338,1.0000,0.0000,1976.7,-0.0255,4,1
0.0000,0.999999,59.996048,0.005338,1.0000,0.0000,1976.7,-0.0255,4,1
0.0000,0.999999,59.996048,0.005338,1.0000,0.0000,1976.7,-0.0255,4,1
0.0000,0.999999,59.996048,0.005338,1.0000,0.0000,1976.7,-0.0255,4,1
0.0000,0.999999,59.996048,0.005338,1.0000,0.0000,1976.7,-0.0255,4,1
0.0000,0.999999,59.996048,0.005338,1.0000,0.0000,1976.7,-0.0255,4,1
0.0000,0.999999,59.996048,0.005338,0.0000,0.0000,1976.7,-0.0255,4,1
0.0056,0.999999,59.996048,0.005338,0.0000,0.0000,1976.9,-0.0255,4,1
0.0136,1.000000,59.996048,0.005338,0.0000,0.0000,1976.8,-0.0255,4,1
0.0212,1.000000,59.996048,0.005338,0.0000,0.0000,1976.8,-0.0255,4,1