Speed,LapDistPct,Lat,Lon,Brake,Throttle,RPM,SteeringWheelAngle,Gear,OffAsphalt
0.0127,0.000000,60.000000,-0.000595,1.0000,0.0000,1976.7,-0.0093,0,0
0.0061,0.000000,60.000000,-0.000595,1.0000,0.0000,1976.7,-0.0091,0,0
0.0036,0.000000,60.000000,-0.000595,1.0000,0.0000,1976.7,-0.0090,0,0
0.0076,0.000000,60.000000,-0.000595,1.0000,0.0000,1976.7,-0.0089,0,0
0.0115,0.000000,60.000000,-0.000595,1.0000,0.0000,1976.7,-0.0089,0,0
0.0142,0.000000,60.000000,-0.000595,1.0000,0.0000,1976.7,-0.0090,0,0
0.0159,0.000000,60.000000,-0.000595,1.0000,0.0000,1976.7,-0.0093,0,0
0.0168,0.000000,60.000000,-0.000595,1.0000,0.0000,1976.7,-0.0094,0,0
0.0169,0.000000,60.000000,-0.000595,1.0000,0.0000,1976.7,-0.0096,0,0
0.0164,0.000000,60.000000,-0.000595,1.0000,0.0000,1976.7,-0.0096,0,0
0.0153,0.000000,60.000000,-0.000595,1.0000,0.0000,1976.7,-0.0096,0,0
0.0138,0.000000,60.000000,-0.000595,1.0000,0.0000,1976.7,-0.0095,0,0
0.0116,0.000000,60.000000,-0.000595,1.0000,0.0000,1976.7,-0.0093,0,0
0.0088,0.000000,60.000000,-0.000595,1.0000,0.0000,1976.7,-0.0092,0,0
0.0056,0.000000,60.000000,-0.000595,1.0000,0.0000,1976.7,-0.0092,0,0
0.0031,0.000000,60.000000,-0.000595,1.0000,0.0000,1976.7,-0.0092,0,0
0.0044,0.000000,60.000000,-0.000595,1.0000,0.0000,1976.7,-0.0092,0,0
0.0075,0.000000,60.000000,-0.000595,1.0000,0.0000,1976.7,-0.0093,0,0
0.0103,0.000000,60.000000,-0.000595,1.0000,0.0000,1976.7,-0.0094,0,0
0.0122,0.000000,60.000000,-0.000595,1.0000,0.0000,1976.7,-0.0095,0,0
0.0130,0.000001,60.000000,-0.000595,1.0000,0.0000,1976.7,-0.0096,0,0
0.0127,0.000001,60.000000,-0.000595,1.0000,0.0000,1976.7,-0.0096,0,0
0.0116,0.000001,60.000000,-0.000595,1.0000,0.0000,1976.7,-0.0095,0,0
0.0101,0.000001,60.000000,-0.000595,1.0000,0.0000,1976.7,-0.0093,0,0
0.0086,0.000001,60.000000,-0.000595,1.0000,0.0000,1976.7,-0.0092,0,0
0.0074,0.000001,60.000000,-0.000595,1.0000,0.0000,1976.7,-0.0092,0,0
0.0066,0.000001,60.000000,-0.000595,1.0000,0.0000,1976.7,-0.0092,0,0
0.0060,0.000001,60.000000,-0.000595,1.0000,0.0000,1976.7,-0.0092,0,0
0.0057,0.000001,60.000000,-0.000595,1.0000,0.0000,1976.7,-0.0092,0,0
0.0054,0.000001,60.000000,-0.000595,1.0000,0.0000,1976.7,-0.0094,0,0
0.0052,0.000001,60.000000,-0.000595,1.0000,0.0000,1976.7,-0.0094,0,0
0.0052,0.000001,60.000000,-0.000595,1.0000,0.0000,1976.7,-0.0095,0,0
0.0054,0.000001,60.000000,-0.000595,1.0000,0.0000,1976.7,-0.0095,0,0
0.0055,0.000001,60.000000,-0.000595,1.0000,0.0000,1976.7,-0.0095,0,0
0.0057,0.000001,60.000000,-0.000595,1.0000,0.0000,1976.7,-0.0094,0,0
0.0057,0.000001,60.000000,-0.000595,1.0000,0.0000,1976.7,-0.0093,0,0
0.0055,0.000001,60.000000,-0.000595,1.0000,0.0000,1976.7,-0.0093,0,0
0.0052,0.000001,60.000000,-0.000595,1.0000,0.0000,1976.7,-0.0093,0,0
0.0049,0.000001,60.000000,-0.000595,1.0000,0.0000,1976.7,-0.0093,0,0
0.0046,0.000001,60.000000,-0.000595,1.0000,0.0000,1976.7,-0.0093,0,0
0.0044,0.000001,60.000000,-0.000595,1.0000,0.0000,1976.7,-0.0094,0,0
0.0043,0.000001,60.000000,-0.000595,1.0000,0.0000,1976.7,-0.0094,0,0
0.0042,0.000001,60.000000,-0.000595,1.0000,0.0000,1976.7,-0.0094,0,0
0.0041,0.000001,60.000000,-0.000595,1.0000,0.0000,1976.7,-0.0094,0,0
0.0038,0.000001,60.000000,-0.000595,1.0000,0.0000,1976.7,-0.0094,0,0
0.0034,0.000001,60.000000,-0.000595,1.0000,0.0000,1976.7,-0.0094,0,0
0.0031,0.000001,60.000000,-0.000595,1.0000,0.0000,1976.7,-0.0094,0,0
0.0030,0.000001,60.000000,-0.000595,1.0000,0.0000,1976.7,-0.0093,0,0
0.0033,0.000001,60.000000,-0.000595,1.0000,0.0000,1976.7,-0.0093,0,0
0.0036,0.000001,60.000000,-0.000595,1.0000,0.0000,1976.7,-0.0093,0,0
0.0039,0.000001,60.000000,-0.000595,1.0000,0.0000,1976.7,-0.0093,0,0
0.0040,0.000001,60.000000,-0.000595,1.0000,0.0000,1976.7,-0.0093,0,0
0.0039,0.000001,60.000000,-0.000595,1.0000,0.0000,1976.7,-0.0093,0,0
0.0036,0.000001,60.000000,-0.000595,1.0000,0.0000,1976.7,-0.0093,0,0
0.0032,0.000001,60.000000,-0.000595,1.0000,0.0000,1976.7,-0.0094,0,0
0.0026,0.000001,60.000000,-0.000595,1.0000,0.0000,1976.7,-0.0094,0,0
0.0019,0.000001,60.000000,-0.000595,1.0000,0.0000,1976.7,-0.0094,0,0
0.0014,0.000001,60.000000,-0.000595,1.0000,0.0000,1976.7,-0.0094,0,0
0.0010,0.000001,60.000000,-0.000595,1.0000,0.0000,1976.7,-0.0094,0,0
0.0012,0.000001,60.000000,-0.000595,1.0000,0.0000,1976.7,-0.0094,0,0
0.0016,0.000001,60.000000,-0.000595,1.0000,0.0000,1976.7,-0.0094,0,0
0.0020,0.000001,60.000000,-0.000595,1.0000,0.0000,1976.7,-0.0098,0,0
0.0022,0.000001,60.000000,-0.000595,1.0000,0.0000,1976.7,-0.0101,0,0
0.0023,0.000001,60.000000,-0.000595,1.0000,0.0000,1976.7,-0.0105,0,0
0.0023,0.000001,60.000000,-0.000595,1.0000,0.0000,1976.7,-0.0107,0,0
0.0021,0.000001,60.000000,-0.000595,1.0000,0.0000,1976.7,-0.0107,0,0
0.0019,0.000001,60.000000,-0.000595,1.0000,0.0000,1976.7,-0.0105,0,0
0.0017,0.000001,60.000000,-0.000595,1.0000,0.0000,1976.7,-0.0102,0,0
0.0014,0.000001,60.000000,-0.000595,1.0000,0.0000,1976.7,-0.0099,0,0
0.0012,0.000001,60.000000,-0.000595,1.0000,0.0000,1976.7,-0.0097,0,0
0.0009,0.000001,60.000000,-0.000595,1.0000,0.0000,1976.7,-0.0097,0,0
0.0006,0.000001,60.000000,-0.000595,1.0000,0.0000,1976.7,-0.0097,0,0
0.0006,0.000001,60.000000,-0.000595,1.0000,0.0000,1976.7,-0.0099,0,0
0.0010,0.000001,60.000000,-0.000595,1.0000,0.0000,1976.7,-0.0100,0,0
0.0015,0.000001,60.000000,-0.000595,1.0000,0.0000,1976.7,-0.0100,0,0
0.0019,0.000001,60.000000,-0.000595,1.0000,0.0000,1976.7,-0.0098,0,0
0.0021,0.000001,60.000000,-0.000595,1.0000,0.0000,1976.7,-0.0095,0,0
0.0020,0.000001,60.000000,-0.000595,1.0000,0.0000,1976.7,-0.0093,0,0
0.0017,0.000001,60.000000,-0.000595,1.0000,0.0000,1976.7,-0.0092,0,0
0.0013,0.000001,60.000000,-0.000595,1.0000,0.0000,1976.7,-0.0091,0,0
0.0009,0.000001,60.000000,-0.000595,1.0000,0.0000,1976.7,-0.0091,0,0
0.0006,0.000001,60.000000,-0.000595,1.0000,0.0000,1976.7,-0.0093,0,0
0.0005,0.000001,60.000000,-0.000595,1.0000,0.0000,1976.7,-0.0095,0,0
0.0004,0.000001,60.000000,-0.000595,1.0000,0.0000,1976.7,-0.0098,0,0
0.0004,0.000001,60.000000,-0.000595,1.0000,0.0000,1976.7,-0.0099,0,0
0.0004,0.000001,60.000000,-0.000595,1.0000,0.0000,1976.7,-0.0100,0,0
0.0005,0.000001,60.000000,-0.000595,1.0000,0.0000,1976.7,-0.0101,0,0
0.0007,0.000001,60.000000,-0.000595,1.0000,0.0000,1976.7,-0.0101,0,0
0.0008,0.000001,60.000000,-0.000595,1.0000,0.0000,1976.7,-0.0101,0,0
0.0009,0.000001,60.000000,-0.000595,1.0000,0.0000,1976.7,-0.0101,0,0
0.0010,0.000001,60.000000,-0.000595,1.0000,0.0000,1976.7,-0.0102,0,0
0.0010,0.000001,60.000000,-0.000595,1.0000,0.0000,1976.7,-0.0102,0,0
0.0009,0.000001,60.000000,-0.000595,1.0000,0.0000,1976.7,-0.0101,0,0
0.0007,0.000001,60.000000,-0.000595,1.0000,0.0000,1976.7,-0.0101,0,0
0.0004,0.000001,60.000000,-0.000595,1.0000,0.0000,1976.7,-0.0099,0,0
0.0002,0.000001,60.000000,-0.000595,1.0000,0.0000,1976.7,-0.0099,0,0
0.0004,0.000001,60.000000,-0.000595,1.0000,0.0000,1976.7,-0.0099,0,0
0.0006,0.000001,60.000000,-0.000595,1.0000,0.0000,1976.7,-0.0099,0,0
0.0007,0.000001,60.000000,-0.000595,1.0000,0.0000,1976.7,-0.0099,0,0
0.0008,0.000001,60.000000,-0.000595,1.0000,0.0000,1976.7,-0.0100,0,0
0.0008,0.000001,60.000000,-0.000595,1.0000,0.0000,1976.7,-0.0100,0,0
0.0007,0.000001,60.000000,-0.000595,1.0000,0.0000,1976.7,-0.0100,0,0
0.0006,0.000001,60.000000,-0.000595,1.0000,0.0000,1976.7,-0.0100,0,0
0.0005,0.000001,60.000000,-0.000595,1.0000,0.0000,1976.7,-0.0099,0,0
0.0004,0.000001,60.000000,-0.000595,1.0000,0.0000,1976.7,-0.0098,0,0
0.0004,0.000001,60.000000,-0.000595,1.0000,0.0000,1976.7,-0.0097,0,0
0.0004,0.000001,60.000000,-0.000595,1.0000,0.0000,1976.7,-0.0097,0,0
0.0004,0.000001,60.000000,-0.000595,1.0000,0.0000,1976.7,-0.0096,0,0
0.0004,0.000001,60.000000,-0.000595,1.0000,0.0000,1976.7,-0.0096,0,0
0.0003,0.000001,60.000000,-0.000595,1.0000,0.0000,1976.7,-0.0095,0,0
0.0003,0.000001,60.000000,-0.000595,1.0000,0.0000,1976.7,-0.0093,0,0
0.0003,0.000001,60.000000,-0.000595,1.0000,0.0000,1976.7,-0.0093,0,0
0.0004,0.000001,60.000000,-0.000595,1.0000,0.0000,1976.7,-0.0093,0,0
0.0003,0.000001,60.000000,-0.000595,1.0000,0.0000,1976.7,-0.0094,0,0
0.0003,0.000001,60.000000,-0.000595,1.0000,0.0000,1976.7,-0.0095,0,0
0.0003,0.000001,60.000000,-0.000595,1.0000,0.0000,1976.7,-0.0096,0,0
0.0002,0.000001,60.000000,-0.000595,1.0000,0.0000,1976.7,-0.0096,0,0
0.0003,0.000001,60.000000,-0.000595,1.0000,0.0000,1976.7,-0.0096,0,0
0.0003,0.000001,60.000000,-0.000595,1.0000,0.0000,1976.7,-0.0096,0,0
0.0003,0.000001,60.000000,-0.000595,1.0000,0.0000,1976.7,-0.0095,0,0
0.0003,0.000001,60.000000,-0.000595,1.0000,0.0000,1976.7,-0.0095,0,0
0.0003,0.000001,60.000000,-0.000595,1.0000,0.0000,1976.7,-0.0095,0,0
0.0003,0.000001,60.000000,-0.000595,1.0000,0.0000,1976.7,-0.0095,0,0
0.0002,0.000001,60.000000,-0.000595,1.0000,0.0000,1976.7,-0.0095,0,0
0.0002,0.000001,60.000000,-0.000595,1.0000,0.0000,1976.7,-0.0095,0,0
0.0002,0.000001,60.000000,-0.000595,1.0000,0.0000,1976.7,-0.0095,0,0
0.0001,0.000001,60.000000,-0.000595,1.0000,0.0000,1976.7,-0.0095,0,0
0.0001,0.000001,60.000000,-0.000595,1.0000,0.0000,1976.7,-0.0095,0,0
0.0001,0.000001,60.000000,-0.000595,1.0000,0.0000,1976.7,-0.0095,0,0
0.0001,0.000001,60.000000,-0.000595,1.0000,0.0000,1976.7,-0.0095,0,0
0.0002,0.000001,60.000000,-0.000595,1.0000,0.0000,1976.7,-0.0095,0,0
0.0002,0.000001,60.000000,-0.000595,1.0000,0.0000,1976.7,-0.0095,0,0
0.0002,0.000001,60.000000,-0.000595,1.0000,0.0000,1976.7,-0.0095,0,0
0.0003,0.000001,60.000000,-0.000595,1.0000,0.0000,1976.7,-0.0095,0,0
0.0003,0.000001,60.000000,-0.000595,1.0000,0.0000,1976.7,-0.0095,0,0
0.0002,0.000001,60.000000,-0.000595,1.0000,0.0000,1976.7,-0.0095,0,0
0.0002,0.000001,60.000000,-0.000595,1.0000,0.0000,1976.7,-0.0095,0,0
0.0001,0.000001,60.000000,-0.000595,1.0000,0.0000,1976.7,-0.0095,0,0
0.0000,0.000001,60.000000,-0.000595,1.0000,0.0000,1976.7,-0.0095,0,0
0.0000,0.000001,60.000000,-0.000595,1.0000,0.0000,1976.7,-0.0095,0,0
0.0001,0.000001,60.000000,-0.000595,1.0000,0.0000,1976.7,-0.0095,0,0
0.0001,0.000001,60.000000,-0.000595,1.0000,0.0000,1976.7,-0.0095,0,0
0.0001,0.000001,60.000000,-0.000595,1.0000,0.0000,1976.7,-0.0095,0,0
0.0001,0.000001,60.000000,-0.000595,1.0000,0.0000,1976.7,-0.0095,0,0
0.0001,0.000001,60.000000,-0.000595,1.0000,0.0000,1976.7,-0.0095,0,0
0.0001,0.000001,60.000000,-0.000595,1.0000,0.0000,1976.7,-0.0095,0,0
0.0001,0.000001,60.000000,-0.000595,1.0000,0.0000,1976.7,-0.0095,0,0
0.0001,0.000001,60.000000,-0.000595,1.0000,0.0000,1976.7,-0.0095,0,0
0.0001,0.000001,60.000000,-0.000595,1.0000,0.0000,1976.7,-0.0095,0,0
0.0001,0.000001,60.000000,-0.000595,1.0000,0.0000,1976.7,-0.0095,0,0
0.0001,0.000001,60.000000,-0.000595,1.0000,0.0000,1976.7,-0.0095,0,0
0.0000,0.000001,60.000000,-0.000595,1.0000,0.0000,1976.7,-0.0095,0,0
0.0000,0.000001,60.000000,-0.000595,1.0000,0.0000,1976.7,-0.0095,0,0
0.0000,0.000001,60.000000,-0.000595,1.0000,0.0000,1976.7,-0.0095,0,0
0.0001,0.000001,60.000000,-0.000595,1.0000,0.0000,1976.7,-0.0095,0,0
0.0001,0.000001,60.000000,-0.000595,1.0000,0.0000,1976.7,-0.0095,0,0
0.0001,0.000001,60.000000,-0.000595,1.0000,0.0000,1976.7,-0.0095,0,0
0.0001,0.000001,60.000000,-0.000595,1.0000,0.0000,1976.7,-0.0095,0,0
0.0001,0.000001,60.000000,-0.000595,1.0000,0.0000,1976.7,-0.0095,0,0
0.0001,0.000001,60.000000,-0.000595,1.0000,0.0000,1976.7,-0.0095,0,0
0.0001,0.000001,60.000000,-0.000595,1.0000,0.0000,1976.7,-0.0095,0,0
0.0001,0.000001,60.000000,-0.000595,1.0000,0.0000,1976.7,-0.0095,0,0
0.0000,0.000001,60.000000,-0.000595,1.0000,0.0000,1976.7,-0.0095,0,0
0.0001,0.000001,60.000000,-0.000595,1.0000,0.0000,1976.7,-0.0095,0,0
0.0001,0.000001,60.000000,-0.000595,1.0000,0.0000,1976.7,-0.0095,0,0
0.0001,0.000001,60.000000,-0.000595,1.0000,0.0000,1976.7,-0.0095,0,0
0.0001,0.000001,60.000000,-0.000595,1.0000,0.0000,1976.7,-0.0095,0,0
0.0001,0.000001,60.000000,-0.000595,1.0000,0.0000,1976.7,-0.0095,0,0
0.0001,0.000001,60.000000,-0.000595,1.0000,0.0000,1976.7,-0.0095,0,0
0.0000,0.000001,60.000000,-0.000595,1.0000,0.0000,1976.7,-0.0095,0,0
0.0000,0.000001,60.000000,-0.000595,1.0000,0.0000,1976.7,-0.0095,0,0
0.0000,0.000001,60.000000,-0.000595,1.0000,0.0000,1976.7,-0.0095,0,0
0.0000,0.000001,60.000000,-0.000595,1.0000,0.0000,1976.7,-0.0095,0,0
0.0000,0.000001,60.000000,-0.000595,1.0000,0.0000,1976.7,-0.0095,0,0
0.0000,0.000001,60.000000,-0.000595,1.0000,0.0000,1976.7,-0.0095,0,0
0.0000,0.000001,60.000000,-0.000595,1.0000,0.0000,1976.7,-0.0095,0,0
0.0000,0.000001,60.000000,-0.000595,1.0000,0.0000,1976.7,-0.0095,0,0
0.0000,0.000001,60.000000,-0.000595,1.0000,0.0000,1976.7,-0.0095,0,0
0.0000,0.000001,60.000000,-0.000595,1.0000,0.0000,1976.7,-0.0095,0,0
0.0001,0.000001,60.000000,-0.000595,1.0000,0.0000,1976.7,-0.0095,0,0
0.0001,0.000001,60.000000,-0.000595,1.0000,0.0000,1976.7,-0.0095,0,0
0.0001,0.000001,60.000000,-0.000595,1.0000,0.0000,1976.7,-0.0095,0,0
0.0001,0.000001,60.000000,-0.000595,1.0000,0.0000,1976.7,-0.0095,0,0
0.0000,0.000001,60.000000,-0.000595,1.0000,0.0000,1976.7,-0.0095,0,0
0.0000,0.000001,60.000000,-0.000595,1.0000,0.0000,1976.7,-0.0095,0,0
0.0000,0.000001,60.000000,-0.000595,1.0000,0.0000,1976.7,-0.0095,0,0
0.0000,0.000001,60.000000,-0.000595,1.0000,0.0000,1976.7,-0.0095,0,0
0.0000,0.000001,60.000000,-0.000595,1.0000,0.0000,1976.7,-0.0095,0,0
0.0000,0.000001,60.000000,-0.000595,1.0000,0.0000,1976.7,-0.0095,0,0
0.0000,0.000001,60.000000,-0.000595,1.0000,0.0000,1976.7,-0.0095,0,0
0.0000,0.000001,60.000000,-0.000595,1.0000,0.0000,1976.7,-0.0095,0,0
0.0000,0.000001,60.000000,-0.000595,1.0000,0.0000,1976.7,-0.0095,0,0
0.0000,0.000001,60.000000,-0.000595,1.0000,0.0000,1976.7,-0.0095,0,0
0.0000,0.000001,60.000000,-0.000595,1.0000,0.0000,1976.7,-0.0095,0,0
0.0000,0.000001,60.000000,-0.000595,1.0000,0.0000,1976.7,-0.0095,0,0
0.0000,0.000001,60.000000,-0.000595,1.0000,0.0000,1976.7,-0.0095,0,0
0.0000,0.000001,60.000000,-0.000595,1.0000,0.0000,1976.7,-0.0095,0,0
0.0000,0.000001,60.000000,-0.000595,1.0000,0.0000,1976.7,-0.0095,0,0
0.0000,0.000001,60.000000,-0.000595,1.0000,0.0000,1976.7,-0.0095,0,0
0.0000,0.000001,60.000000,-0.000595,1.0000,0.0000,1976.7,-0.0095,0,0
0.0000,0.000001,60.000000,-0.000595,1.0000,0.0000,1976.7,-0.0095,0,0
0.0000,0.000001,60.000000,-0.000595,1.0000,0.0000,1976.7,-0.0095,0,0
0.0000,0.000001,60.000000,-0.000595,1.0000,0.0000,1976.7,-0.0095,0,0
0.0000,0.000001,60.000000,-0.000595,1.0000,0.0000,1976.7,-0.0095,0,0
0.0000,0.000001,60.000000,-0.000595,1.0000,0.0000,1976.7,-0.0095,0,0
0.0000,0.000001,60.000000,-0.000595,1.0000,0.0000,1976.7,-0.0095,0,0
0.0000,0.000001,60.000000,-0.000595,1.0000,0.0000,1976.7,-0.0095,0,0
0.0000,0.000001,60.000000,-0.000595,1.0000,0.0000,1976.7,-0.0095,0,0
0.0000,0.000001,60.000000,-0.000595,1.0000,0.0000,1976.7,-0.0095,0,0
0.0000,0.000001,60.000000,-0.000595,1.0000,0.0000,1976.7,-0.0095,0,0
0.0000,0.000001,60.000000,-0.000595,1.0000,0.0000,1976.7,-0.0095,0,0
0.0000,0.000001,60.000000,-0.000595,1.0000,0.0000,1976.7,-0.0095,0,0
0.0000,0.000001,60.000000,-0.000595,1.0000,0.0000,1976.7,-0.0095,0,0
0.0000,0.000001,60.000000,-0.000595,1.0000,0.0000,1976.7,-0.0095,0,0
0.0000,0.000001,60.000000,-0.000595,1.0000,0.0000,1976.7,-0.0095,0,0
0.0000,0.000001,60.000000,-0.000595,1.0000,0.0000,1976.7,-0.0095,0,0
0.0000,0.000001,60.000000,-0.000595,1.0000,0.0000,1976.7,-0.0095,0,0
0.0000,0.000001,60.000000,-0.000595,1.0000,0.0000,1976.7,-0.0095,0,0
0.0000,0.000001,60.000000,-0.000595,1.0000,0.0000,1976.7,-0.0095,0,0
0.0000,0.000001,60.000000,-0.000595,1.0000,0.0000,1976.7,-0.0095,0,0
0.0000,0.000001,60.000000,-0.000595,1.0000,0.0000,1976.7,-0.0095,0,0
0.0000,0.000001,60.000000,-0.000595,1.0000,0.0000,1976.7,-0.0095,0,0
0.0000,0.000001,60.000000,-0.000595,1.0000,0.0000,1976.7,-0.0095,0,0
0.0000,0.000001,60.000000,-0.000595,1.0000,0.0000,1976.7,-0.0095,0,0
0.0000,0.000001,60.000000,-0.000595,1.0000,0.0000,1976.7,-0.0095,0,0
0.0000,0.000001,60.000000,-0.000595,1.0000,0.0000,1976.7,-0.0095,0,0
0.0000,0.000001,60.000000,-0.000595,1.0000,0.0000,1976.7,-0.0095,0,0
0.0000,0.000001,60.000000,-0.000595,1.0000,0.0000,1976.7,-0.0095,0,0
0.0000,0.000001,60.000000,-0.000595,1.0000,0.0000,1976.7,-0.0095,0,0
0.0000,0.000001,60.000000,-0.000595,1.0000,0.0000,1976.7,-0.0095,0,0
0.0000,0.000001,60.000000,-0.000595,1.0000,0.0000,1976.7,-0.0095,0,0
0.0000,0.000001,60.000000,-0.000595,1.0000,0.0000,1976.7,-0.0095,0,0
0.0000,0.000001,60.000000,-0.000595,1.0000,0.0000,1976.7,-0.0095,0,0
0.0000,0.000001,60.000000,-0.000595,1.0000,0.0000,1976.7,-0.0095,0,0
0.0000,0.000001,60.000000,-0.000595,1.0000,0.0000,1976.7,-0.0095,0,0
0.0000,0.000001,60.000000,-0.000595,1.0000,0.0000,1976.7,-0.0095,0,0
0.0000,0.000001,60.000000,-0.000595,1.0000,0.0000,1976.7,-0.0095,0,0
0.0000,0.000001,60.000000,-0.000595,1.0000,0.0000,1976.7,-0.0095,0,0
0.0000,0.000001,60.000000,-0.000595,1.0000,0.0000,1976.7,-0.0095,0,0
0.0000,0.000001,60.000000,-0.000595,1.0000,0.0000,1976.7,-0.0095,0,0
0.0000,0.000001,60.000000,-0.000595,1.0000,0.0000,1976.7,-0.0095,0,0
0.0000,0.000001,60.000000,-0.000595,1.0000,0.0000,1976.7,-0.0095,0,0
0.0000,0.000001,60.000000,-0.000595,1.0000,0.0000,1976.7,-0.0095,0,0
0.0000,0.000001,60.000000,-0.000595,1.0000,0.0000,1976.7,-0.0095,0,0
0.0000,0.000001,60.000000,-0.000595,1.0000,0.0000,1976.7,-0.0095,0,0
0.0000,0.000001,60.000000,-0.000595,1.0000,0.0000,1976.7,-0.0095,0,0
0.0000,0.000001,60.000000,-0.000595,1.0000,0.0000,1976.7,-0.0095,0,0
0.0000,0.000001,60.000000,-0.000595,1.0000,0.0000,1976.7,-0.0095,0,0
0.0000,0.000001,60.000000,-0.000595,1.0000,0.0000,1976.7,-0.0095,0,0
0.0000,0.000001,60.000000,-0.000595,1.0000,0.0000,1976.7,-0.0095,0,0
0.0000,0.000001,60.000000,-0.000595,1.0000,0.0000,1976.7,-0.0095,0,0
0.0000,0.000001,60.000000,-0.000595,1.0000,0.0000,1976.7,-0.0095,0,0
0.0000,0.000001,60.000000,-0.000595,1.0000,0.0000,1976.7,-0.0095,0,0
0.0000,0.000001,60.000000,-0.000595,1.0000,0.0000,1976.7,-0.0095,0,0
0.0000,0.000001,60.000000,-0.000595,1.0000,0.0000,1976.7,-0.0095,0,0
0.0000,0.000001,60.000000,-0.000595,1.0000,0.0000,1976.7,-0.0095,0,0
0.0000,0.000001,60.000000,-0.000595,1.0000,0.0000,1976.7,-0.0095,0,0
0.0000,0.000001,60.000000,-0.000595,1.0000,0.0000,1976.7,-0.0095,0,0
0.0000,0.000001,60.000000,-0.000595,1.0000,0.0000,1976.7,-0.0095,0,0
0.0000,0.000001,60.000000,-0.000595,1.0000,0.0000,1976.7,-0.0095,0,0
0.0000,0.000001,60.000000,-0.000595,1.0000,0.0000,1976.7,-0.0095,0,0
0.0000,0.000001,60.000000,-0.000595,1.0000,0.0000,1976.7,-0.0095,0,0
0.0000,0.000001,60.000000,-0.000595,1.0000,0.0000,1976.7,-0.0095,0,0
0.0000,0.000001,60.000000,-0.000595,1.0000,0.0000,1976.7,-0.0095,0,0
0.0000,0.000001,60.000000,-0.000595,1.0000,0.0000,1976.7,-0.0095,0,0
0.0000,0.000001,60.000000,-0.000595,1.0000,0.0000,1976.7,-0.0095,0,0
0.0000,0.000001,60.000000,-0.000595,1.0000,0.0000,1976.7,-0.0095,0,0
0.0000,0.000001,60.000000,-0.000595,1.0000,0.0000,1976.7,-0.0095,0,0
0.0000,0.000001,60.000000,-0.000595,1.0000,0.0000,1976.7,-0.0095,0,0
0.0000,0.000001,60.000000,-0.000595,1.0000,0.0000,1976.7,-0.0095,0,0
0.0000,0.000001,60.000000,-0.000595,1.0000,0.0000,1976.7,-0.0095,0,0
0.0000,0.000001,60.000000,-0.000595,1.0000,0.0000,1976.7,-0.0095,0,0
0.0000,0.000001,60.000000,-0.000595,1.0000,0.0000,1976.7,-0.0095,0,0
0.0000,0.000001,60.000000,-0.000595,1.0000,0.0000,1976.7,-0.0095,0,0
0.0000,0.000001,60.000000,-0.000595,1.0000,0.0000,1976.7,-0.0095,0,0
0.0000,0.000001,60.000000,-0.000595,1.0000,0.0000,1976.7,-0.0095,0,0
0.0000,0.000001,60.000000,-0.000595,1.0000,0.0000,1976.7,-0.0095,0,0
0.0000,0.000001,60.000000,-0.000595,1.0000,0.0000,1976.7,-0.0095,0,0
0.0000,0.000001,60.000000,-0.000595,1.0000,0.0000,1976.7,-0.0095,0,0
0.0000,0.000001,60.000000,-0.000595,1.0000,0.0000,1976.7,-0.0095,0,0
0.0000,0.000001,60.000000,-0.000595,1.0000,0.0000,1976.7,-0.0095,0,0
0.0000,0.000001,60.000000,-0.000595,1.0000,0.0000,1976.7,-0.0095,0,0
0.0000,0.000001,60.000000,-0.000595,1.0000,0.0000,1976.7,-0.0095,0,0
0.0000,0.000001,60.000000,-0.000595,1.0000,0.0000,1976.7,-0.0095,0,0
0.0000,0.000001,60.000000,-0.000595,1.0000,0.0000,1976.7,-0.0095,0,0
0.0000,0.000001,60.000000,-0.000595,1.0000,0.0000,1976.7,-0.0095,0,0
0.0000,0.000001,60.000000,-0.000595,1.0000,0.0000,1976.7,-0.0095,0,0
0.0000,0.000001,60.000000,-0.000595,1.0000,0.0000,1976.7,-0.0095,0,0
0.0000,0.000001,60.000000,-0.000595,1.0000,0.0000,1976.7,-0.0095,0,0
0.0000,0.000001,60.000000,-0.000595,1.0000,0.0000,1976.7,-0.0095,0,0
0.0000,0.000001,60.000000,-0.000595,1.0000,0.0000,1976.7,-0.0095,0,0
0.0000,0.000001,60.000000,-0.000595,1.0000,0.0000,1976.7,-0.0095,0,0
0.0000,0.000001,60.000000,-0.000595,1.0000,0.0000,1976.7,-0.0095,0,0
0.0000,0.000001,60.000000,-0.000595,1.0000,0.0000,1976.7,-0.0095,0,0
0.0000,0.000001,60.000000,-0.000595,1.0000,0.0000,1976.7,-0.0095,0,0
0.0000,0.000001,60.000000,-0.000595,1.0000,0.0000,1976.7,-0.0095,0,0
0.0000,0.000001,60.000000,-0.000595,1.0000,0.0000,1976.7,-0.0095,0,0
0.0000,0.000001,60.000000,-0.000595,1.0000,0.0000,1976.7,-0.0095,0,0
0.0000,0.000001,60.000000,-0.000595,1.0000,0.0000,1976.7,-0.0095,0,0
0.0000,0.000001,60.000000,-0.000595,1.0000,0.0000,1976.7,-0.0095,0,0
0.0000,0.000001,60.000000,-0.000595,1.0000,0.0000,1976.7,-0.0095,0,0
0.0000,0.000001,60.000000,-0.000595,1.0000,0.0000,1976.7,-0.0095,0,0
0.0000,0.000001,60.000000,-0.000595,1.0000,0.0000,1976.7,-0.0095,0,0
0.0000,0.000001,60.000000,-0.000595,1.0000,0.0000,1976.7,-0.0095,0,0
0.0000,0.000001,60.000000,-0.000595,1.0000,0.0000,1976.7,-0.0095,0,0
0.0000,0.000001,60.000000,-0.000595,1.0000,0.0000,1976.7,-0.0095,0,0
0.0000,0.000001,60.000000,-0.000595,1.0000,0.0000,1976.7,-0.0095,0,0
0.0000,0.000001,60.000000,-0.000595,1.0000,0.0000,1976.7,-0.0095,0,0
0.0000,0.000001,60.000000,-0.000595,1.0000,0.0000,1976.7,-0.0095,0,0
0.0000,0.000001,60.000000,-0.000595,1.0000,0.0000,1976.7,-0.0095,0,0
0.0000,0.000001,60.000000,-0.000595,1.0000,0.0000,1976.7,-0.0095,0,0
0.0000,0.000001,60.000000,-0.000595,1.0000,0.0000,1976.7,-0.0095,0,0
0.0000,0.000001,60.000000,-0.000595,1.0000,0.0000,1976.7,-0.0095,0,0
0.0000,0.000001,60.000000,-0.000595,1.0000,0.0000,1976.7,-0.0095,0,0
0.0000,0.000001,60.000000,-0.000595,1.0000,0.0000,1976.7,-0.0095,0,0
0.0000,0.000001,60.000000,-0.000595,1.0000,0.0000,1976.7,-0.0095,0,0
0.0000,0.000001,60.000000,-0.000595,1.0000,0.0000,1976.7,-0.0095,0,0
0.0000,0.000001,60.000000,-0.000595,1.0000,0.0000,1976.7,-0.0095,0,0
0.0000,0.000001,60.000000,-0.000595,1.0000,0.0000,1976.7,-0.0095,0,0
0.0000,0.000001,60.000000,-0.000595,1.0000,0.0000,1976.7,-0.0095,0,0
0.0000,0.000001,60.000000,-0.000595,1.0000,0.0000,1976.7,-0.0095,0,0
0.0000,0.000001,60.000000,-0.000595,1.0000,0.0000,1976.7,-0.0095,0,0
0.0000,0.000001,60.000000,-0.000595,1.0000,0.0000,1976.7,-0.0095,0,0
0.0000,0.000001,60.000000,-0.000595,1.0000,0.0000,1976.7,-0.0095,0,0
0.0000,0.000001,60.000000,-0.000595,1.0000,0.0000,1976.7,-0.0095,0,0
0.0000,0.000001,60.000000,-0.000595,1.0000,0.0000,1976.7,-0.0095,0,0
0.0000,0.000001,60.000000,-0.000595,1.0000,0.0000,1976.7,-0.0095,0,0
0.0000,0.000001,60.000000,-0.000595,1.0000,0.0000,1976.7,-0.0095,0,0
0.0000,0.000001,60.000000,-0.000595,1.0000,0.0000,1976.7,-0.0095,0,0
0.0000,0.000001,60.000000,-0.000595,1.0000,0.0000,1976.7,-0.0095,0,0
0.0000,0.000001,60.000000,-0.000595,1.0000,0.0000,1976.7,-0.0095,0,0
0.0000,0.000001,60.000000,-0.000595,1.0000,0.0000,1976.7,-0.0095,0,0
0.0000,0.000001,60.000000,-0.000595,1.0000,0.0000,1976.7,-0.0095,0,0
0.0000,0.000001,60.000000,-0.000595,1.0000,0.0000,1976.7,-0.0095,0,0
0.0000,0.000001,60.000000,-0.000595,1.0000,0.0000,1976.7,-0.0095,0,0
0.0000,0.000001,60.000000,-0.000595,1.0000,0.0000,1976.7,-0.0095,0,0
0.0000,0.000001,60.000000,-0.000595,1.0000,0.0000,1976.7,-0.0095,0,0
0.0000,0.000001,60.000000,-0.000595,1.0000,0.0000,1976.7,-0.0095,0,0
0.0000,0.000001,60.000000,-0.000595,1.0000,0.0000,1976.7,-0.0095,0,0
0.0000,0.000001,60.000000,-0.000595,1.0000,0.0000,1976.7,-0.0095,0,0
0.0000,0.000001,60.000000,-0.000595,1.0000,0.0000,1976.7,-0.0095,0,0
0.0000,0.000001,60.000000,-0.000595,1.0000,0.0000,1976.7,-0.0095,0,0
0.0000,0.000001,60.000000,-0.000595,1.0000,0.0000,1976.7,-0.0095,0,0
0.0000,0.000001,60.000000,-0.000595,1.0000,0.0000,1976.7,-0.0095,0,0
0.0000,0.000001,60.000000,-0.000595,1.0000,0.0000,1976.7,-0.0095,0,0
0.0000,0.000001,60.000000,-0.000595,1.0000,0.0000,1976.7,-0.0095,0,0
0.0000,0.000001,60.000000,-0.000595,1.0000,0.0000,1976.7,-0.0095,0,0
0.0000,0.000001,60.000000,-0.000595,1.0000,0.0000,1976.7,-0.0095,0,0
0.0000,0.000001,60.000000,-0.000595,1.0000,0.0000,1976.7,-0.0095,0,0
0.0000,0.000001,60.000000,-0.000595,1.0000,0.0000,1976.7,-0.0095,0,0
0.0000,0.000001,60.000000,-0.000595,1.0000,0.0000,1976.7,-0.0095,0,0
0.0000,0.000001,60.000000,-0.000595,1.0000,0.0000,1976.7,-0.0095,0,0
0.0000,0.000001,60.000000,-0.000595,1.0000,0.0000,1976.7,-0.0095,0,0
0.0000,0.000001,60.000000,-0.000595,1.0000,0.0000,1976.7,-0.0095,0,0
0.0000,0.000001,60.000000,-0.000595,1.0000,0.0000,1976.7,-0.0095,0,0
0.0000,0.000001,60.000000,-0.000595,1.0000,0.0000,1976.7,-0.0095,0,0
0.0000,0.000001,60.000000,-0.000595,1.0000,0.0000,1976.7,-0.0095,0,0
0.0000,0.000001,60.000000,-0.000595,1.0000,0.0000,1976.7,-0.0095,0,0
0.0000,0.000001,60.000000,-0.000595,1.0000,0.0000,1976.7,-0.0095,0,0
0.0000,0.000001,60.000000,-0.000595,1.0000,0.0000,1976.7,-0.0095,0,0
0.0000,0.000001,60.000000,-0.000595,1.0000,0.0000,1976.7,-0.0095,0,0
0.0000,0.000001,60.000000,-0.000595,1.0000,0.0000,1976.7,-0.0095,0,0
0.0000,0.000001,60.000000,-0.000595,1.0000,0.0000,1976.7,-0.0095,0,0
0.0000,0.000001,60.000000,-0.000595,1.0000,0.0000,1976.7,-0.0095,0,0
0.0000,0.000001,60.000000,-0.000595,1.0000,0.0000,1976.7,-0.0095,0,0
0.0000,0.000001,60.000000,-0.000595,1.0000,0.0000,1976.7,-0.0095,0,0
0.0000,0.000001,60.000000,-0.000595,1.0000,0.0000,1976.7,-0.0095,0,0
0.0000,0.000001,60.000000,-0.000595,1.0000,0.0000,1976.7,-0.0095,0,0
0.0000,0.000001,60.000000,-0.000595,1.0000,0.0000,1976.7,-0.0095,0,0
0.0000,0.000001,60.000000,-0.000595,1.0000,0.0000,1976.7,-0.0095,0,0
0.0000,0.000001,60.000000,-0.000595,1.0000,0.0000,1976.7,-0.0095,0,0
0.0000,0.000001,60.000000,-0.000595,1.0000,0.0000,1976.7,-0.0095,0,0
0.0000,0.000001,60.000000,-0.000595,1.0000,0.0000,1976.7,-0.0095,0,0
0.0000,0.000001,60.000000,-0.000595,1.0000,0.0000,1976.7,-0.0095,0,0
0.0000,0.000001,60.000000,-0.000595,1.0000,0.0000,1976.7,-0.0095,0,0
0.0000,0.000001,60.000000,-0.000595,1.0000,0.0000,1976.7,-0.0095,0,0
0.0000,0.000001,60.000000,-0.000595,1.0000,0.0000,1976.7,-0.0095,0,0
0.0000,0.000001,60.000000,-0.000595,1.0000,0.0000,1976.7,-0.0095,0,0
0.0000,0.000001,60.000000,-0.000595,1.0000,0.0000,1976.7,-0.0095,0,0
0.0000,0.000001,60.000000,-0.000595,1.0000,0.0000,1976.7,-0.0095,0,0
0.0000,0.000001,60.000000,-0.000595,1.0000,0.0000,1976.7,-0.0095,0,0
0.0000,0.000001,60.000000,-0.000595,1.0000,0.0000,1976.7,-0.0095,0,0
0.0000,0.000001,60.000000,-0.000595,1.0000,0.0000,1976.7,-0.0095,0,0
0.0000,0.000001,60.000000,-0.000595,1.0000,0.0000,1976.7,-0.0095,0,0
0.0000,0.000001,60.000000,-0.000595,1.0000,0.0000,1976.7,-0.0095,0,0
0.0000,0.000001,60.000000,-0.000595,1.0000,0.0000,1976.7,-0.0095,0,0
0.0000,0.000001,60.000000,-0.000595,1.0000,0.0000,1976.7,-0.0095,0,0
0.0000,0.000001,60.000000,-0.000595,1.0000,0.0000,1976.7,-0.0095,0,0
0.0000,0.000001,60.000000,-0.000595,1.0000,0.0000,1976.7,-0.0095,0,0
0.0000,0.000001,60.000000,-0.000595,1.0000,0.0000,1976.7,-0.0095,0,0
0.0000,0.000001,60.000000,-0.000595,1.0000,0.0000,1976.7,-0.0095,0,0
0.0000,0.000001,60.000000,-0.000595,1.0000,0.0000,1976.7,-0.0095,0,0
0.0000,0.000001,60.000000,-0.000595,1.0000,0.0000,1976.7,-0.0095,0,0
0.0000,0.000001,60.000000,-0.000595,1.0000,0.0000,1976.7,-0.0095,0,0
0.0000,0.000001,60.000000,-0.000595,1.0000,0.0000,1976.7,-0.0095,0,0
0.0000,0.000001,60.000000,-0.000595,1.0000,0.0000,1976.7,-0.0095,0,0
0.0000,0.000001,60.000000,-0.000595,1.0000,0.0000,1976.7,-0.0095,0,0
0.0000,0.000001,60.000000,-0.000595,1.0000,0.0000,1976.7,-0.0095,0,0
0.0000,0.000001,60.000000,-0.000595,1.0000,0.0000,1976.7,-0.0095,0,0
0.0000,0.000001,60.000000,-0.000595,1.0000,0.0000,1976.7,-0.0095,0,0
0.0000,0.000001,60.000000,-0.000595,1.0000,0.0000,1976.7,-0.0095,0,0
0.0000,0.000001,60.000000,-0.000595,1.0000,0.0000,1976.7,-0.0095,0,0
0.0000,0.000001,60.000000,-0.000595,1.0000,0.0000,1976.7,-0.0095,0,0
0.0000,0.000001,60.000000,-0.000595,1.0000,0.0000,1976.7,-0.0095,0,0
0.0000,0.000001,60.000000,-0.000595,1.0000,0.0000,1976.7,-0.0095,0,0
0.0000,0.000001,60.000000,-0.000595,1.0000,0.0000,1976.7,-0.0095,0,0
0.0000,0.000001,60.000000,-0.000595,1.0000,0.0000,1976.7,-0.0095,0,0
0.0000,0.000001,60.000000,-0.000595,1.0000,0.0000,1976.7,-0.0095,0,0
0.0000,0.000001,60.000000,-0.000595,1.0000,0.0000,1976.7,-0.0095,0,0
0.0000,0.000001,60.000000,-0.000595,1.0000,0.0000,1976.7,-0.0095,0,0
0.0000,0.000001,60.000000,-0.000595,1.0000,0.0000,1976.7,-0.0095,0,0
0.0000,0.000001,60.000000,-0.000595,1.0000,0.0000,1976.7,-0.0095,0,0
0.0000,0.000001,60.000000,-0.000595,1.0000,0.0000,1976.7,-0.0095,0,0
0.0000,0.000001,60.000000,-0.000595,1.0000,0.0000,1976.7,-0.0095,0,0
0.0000,0.000001,60.000000,-0.000595,1.0000,0.0000,1976.7,-0.0095,0,0
0.0000,0.000001,60.000000,-0.000595,1.0000,0.0000,1976.7,-0.0095,0,0
0.0000,0.000001,60.000000,-0.000595,1.0000,0.0000,1976.7,-0.0095,0,0
0.0000,0.000001,60.000000,-0.000595,1.0000,0.0000,1976.7,-0.0095,0,0
0.0000,0.000001,60.000000,-0.000595,1.0000,0.0000,1976.7,-0.0095,0,0
0.0000,0.000001,60.000000,-0.000595,1.0000,0.0000,1976.7,-0.0095,0,0
0.0000,0.000001,60.000000,-0.000595,1.0000,0.0000,1976.7,-0.0095,0,0
0.0000,0.000001,60.000000,-0.000595,1.0000,0.0000,1976.7,-0.0095,0,0
0.0000,0.000001,60.000000,-0.000595,1.0000,0.0000,1976.7,-0.0095,0,0
0.0000,0.000001,60.000000,-0.000595,1.0000,0.0000,1976.7,-0.0095,0,0
0.0000,0.000001,60.000000,-0.000595,1.0000,0.0000,1976.7,-0.0095,0,0
0.0000,0.000001,60.000000,-0.000595,1.0000,0.0000,1976.7,-0.0095,0,0
0.0000,0.000001,60.000000,-0.000595,1.0000,0.0000,1976.7,-0.0095,0,0
0.0000,0.000001,60.000000,-0.000595,1.0000,0.0000,1976.7,-0.0095,0,0
0.0000,0.000001,60.000000,-0.000595,1.0000,0.0000,1976.7,-0.0095,0,0
0.0000,0.000001,60.000000,-0.000595,1.0000,0.0000,1976.7,-0.0095,0,0
0.0000,0.000001,60.000000,-0.000595,1.0000,0.0000,1976.7,-0.0095,0,0
0.0000,0.000001,60.000000,-0.000595,1.0000,0.0000,1976.7,-0.0095,0,0
0.0000,0.000001,60.000000,-0.000595,1.0000,0.0000,1976.7,-0.0095,0,0
0.0000,0.000001,60.000000,-0.000595,1.0000,0.0000,1976.7,-0.0095,0,0
0.0000,0.000001,60.000000,-0.000595,1.0000,0.0000,1976.7,-0.0095,0,0
0.0000,0.000001,60.000000,-0.000595,1.0000,0.0000,1976.7,-0.0095,0,0
0.0000,0.000001,60.000000,-0.000595,1.0000,0.0000,1976.7,-0.0095,0,0
0.0000,0.000001,60.000000,-0.000595,1.0000,0.0000,1976.7,-0.0095,0,0
0.0000,0.000001,60.000000,-0.000595,1.0000,0.0000,1976.7,-0.0095,0,0
0.0000,0.000001,60.000000,-0.000595,1.0000,0.0000,1976.7,-0.0095,0,0
0.0000,0.000001,60.000000,-0.000595,1.0000,0.0000,1976.7,-0.0095,0,0
0.0000,0.000001,60.000000,-0.000595,1.0000,0.0000,1976.7,-0.0095,0,0
0.0000,0.000001,60.000000,-0.000595,1.0000,0.0000,1976.7,-0.0095,0,0
0.0000,0.000001,60.000000,-0.000595,1.0000,0.0000,1976.7,-0.0095,0,0
0.0000,0.000001,60.000000,-0.000595,1.0000,0.0000,1976.7,-0.0095,0,0
0.0000,0.000001,60.000000,-0.000595,1.0000,0.0000,1976.7,-0.0095,0,0
0.0000,0.000001,60.000000,-0.000595,1.0000,0.0000,1976.7,-0.0095,0,0
0.0000,0.000001,60.000000,-0.000595,1.0000,0.0000,1976.7,-0.0095,0,0
0.0000,0.000001,60.000000,-0.000595,1.0000,0.0000,1976.7,-0.0095,0,0
0.0000,0.000001,60.000000,-0.000595,1.0000,0.0000,1976.7,-0.0095,0,0
0.0000,0.000001,60.000000,-0.000595,1.0000,0.0000,1976.7,-0.0095,0,0
0.0000,0.000001,60.000000,-0.000595,1.0000,0.0000,1976.7,-0.0095,0,0
0.0000,0.000001,60.000000,-0.000595,1.0000,0.0000,1976.7,-0.0095,0,0
0.0000,0.000001,60.000000,-0.000595,1.0000,0.0000,1976.7,-0.0095,0,0
0.0000,0.000001,60.000000,-0.000595,1.0000,0.0000,1976.7,-0.0095,0,0
0.0000,0.000001,60.000000,-0.000595,1.0000,0.0000,1976.7,-0.0095,0,0
0.0000,0.000001,60.000000,-0.000595,1.0000,0.0000,1976.7,-0.0095,0,0
0.0000,0.000001,60.000000,-0.000595,1.0000,0.0000,1976.7,-0.0095,0,0
0.0000,0.000001,60.000000,-0.000595,1.0000,0.0000,1976.7,-0.0095,0,0
0.0000,0.000001,60.000000,-0.000595,1.0000,0.0000,1976.7,-0.0095,0,0
0.0000,0.000001,60.000000,-0.000595,1.0000,0.0000,1976.7,-0.0095,0,0
0.0000,0.000001,60.000000,-0.000595,1.0000,0.0000,1976.7,-0.0095,0,0
0.0000,0.000001,60.000000,-0.000595,1.0000,0.0000,1976.7,-0.0095,0,0
0.0000,0.000001,60.000000,-0.000595,1.0000,0.0000,1976.7,-0.0095,0,0
0.0000,0.000001,60.000000,-0.000595,1.0000,0.0000,1976.7,-0.0095,0,0
0.0000,0.000001,60.000000,-0.000595,1.0000,0.0000,1976.7,-0.0095,0,0
0.0000,0.000001,60.000000,-0.000595,1.0000,0.0000,1976.7,-0.0095,0,0
0.0000,0.000001,60.000000,-0.000595,1.0000,0.0000,1976.7,-0.0095,0,0
0.0000,0.000001,60.000000,-0.000595,1.0000,0.0000,1976.7,-0.0095,0,0
0.0000,0.000001,60.000000,-0.000595,1.0000,0.0000,1976.7,-0.0095,0,0
0.0000,0.000001,60.000000,-0.000595,1.0000,0.0000,1976.7,-0.0095,0,0
0.0000,0.000001,60.000000,-0.000595,1.0000,0.0000,1976.7,-0.0095,0,0
0.0000,0.000001,60.000000,-0.000595,1.0000,0.0000,1976.7,-0.0095,0,0
0.0000,0.000001,60.000000,-0.000595,1.0000,0.0000,1976.7,-0.0095,0,0
0.0000,0.000001,60.000000,-0.000595,1.0000,0.0000,1976.7,-0.0095,0,0
0.0000,0.000001,60.000000,-0.000595,1.0000,0.0000,1976.7,-0.0095,0,0
0.0000,0.000001,60.000000,-0.000595,1.0000,0.0000,1976.7,-0.0095,0,0
0.0000,0.000001,60.000000,-0.000595,1.0000,0.0000,1976.7,-0.0095,0,0
0.0000,0.000001,60.000000,-0.000595,1.0000,0.0000,1976.7,-0.0095,0,0
0.0000,0.000001,60.000000,-0.000595,1.0000,0.0000,1976.7,-0.0095,0,0
0.0000,0.000001,60.000000,-0.000595,1.0000,0.0000,1976.7,-0.0095,0,0
0.0000,0.000001,60.000000,-0.000595,1.0000,0.0000,1976.7,-0.0095,0,0
0.0000,0.000001,60.000000,-0.000595,1.0000,0.0000,1976.7,-0.0095,0,0
0.0000,0.000001,60.000000,-0.000595,1.0000,0.0000,1976.7,-0.0095,0,0
0.0000,0.000001,60.000000,-0.000595,1.0000,0.0000,1976.7,-0.0095,0,0
0.0000,0.000001,60.000000,-0.000595,1.0000,0.0000,1976.7,-0.0095,0,0
0.0000,0.000001,60.000000,-0.000595,1.0000,0.0000,1976.7,-0.0095,0,0
0.0000,0.000001,60.000000,-0.000595,1.0000,0.0000,1976.7,-0.0095,0,0
0.0000,0.000001,60.000000,-0.000595,1.0000,0.0000,1976.7,-0.0095,0,0
0.0000,0.000001,60.000000,-0.000595,1.0000,0.0000,1976.7,-0.0095,0,0
0.0000,0.000001,60.000000,-0.000595,1.0000,0.0000,1976.7,-0.0095,0,0
0.0000,0.000001,60.000000,-0.000595,1.0000,0.0000,1976.7,-0.0095,0,0
0.0000,0.000001,60.000000,-0.000595,1.0000,0.0000,1976.7,-0.0095,0,0
0.0000,0.000001,60.000000,-0.000595,1.0000,0.0000,1976.7,-0.0095,0,0
0.0000,0.000001,60.000000,-0.000595,1.0000,0.0000,1976.7,-0.0095,0,0
0.0000,0.000001,60.000000,-0.000595,1.0000,0.0000,1976.7,-0.0095,0,0
0.0000,0.000001,60.000000,-0.000595,1.0000,0.0000,1976.7,-0.0095,0,0
0.0000,0.000001,60.000000,-0.000595,1.0000,0.0000,1976.7,-0.0095,0,0
0.0000,0.000001,60.000000,-0.000595,1.0000,0.0000,1976.7,-0.0095,0,0
0.0000,0.000001,60.000000,-0.000595,1.0000,0.0000,1976.7,-0.0095,0,0
0.0000,0.000001,60.000000,-0.000595,1.0000,0.0000,1976.7,-0.0095,0,0
0.0000,0.000001,60.000000,-0.000595,1.0000,0.0000,1976.7,-0.0095,0,0
0.0000,0.000001,60.000000,-0.000595,1.0000,0.0000,1976.7,-0.0095,0,0
0.0000,0.000001,60.000000,-0.000595,1.0000,0.0000,1976.7,-0.0095,0,0
0.0000,0.000001,60.000000,-0.000595,1.0000,0.0000,1976.7,-0.0095,0,0
0.0000,0.000001,60.000000,-0.000595,1.0000,0.0000,1976.7,-0.0095,0,0
0.0000,0.000001,60.000000,-0.000595,1.0000,0.0000,1976.7,-0.0095,0,0
0.0000,0.000001,60.000000,-0.000595,1.0000,0.0000,1976.7,-0.0095,0,0
0.0000,0.000001,60.000000,-0.000595,1.0000,0.0000,1976.7,-0.0095,0,0
0.0000,0.000001,60.000000,-0.000595,1.0000,0.0000,1976.7,-0.0095,0,0
0.0000,0.000001,60.000000,-0.000595,1.0000,0.0000,1976.7,-0.0095,0,0
0.0000,0.000001,60.000000,-0.000595,1.0000,0.0000,1976.7,-0.0095,0,0
0.0000,0.000001,60.000000,-0.000595,1.0000,0.0000,1976.7,-0.0095,0,0
0.0000,0.000001,60.000000,-0.000595,1.0000,0.0000,1976.7,-0.0095,0,0
0.0000,0.000001,60.000000,-0.000595,1.0000,0.0000,1976.7,-0.0095,0,0
0.0000,0.000001,60.000000,-0.000595,1.0000,0.0000,1976.7,-0.0095,0,0
0.0000,0.000001,60.000000,-0.000595,1.0000,0.0000,1976.7,-0.0095,0,0
0.0000,0.000001,60.000000,-0.000595,1.0000,0.0000,1976.7,-0.0095,0,0
0.0000,0.000001,60.000000,-0.000595,1.0000,0.0000,1976.7,-0.0095,0,0
0.0000,0.000001,60.000000,-0.000595,1.0000,0.0000,1976.7,-0.0095,0,0
0.0000,0.000001,60.000000,-0.000595,1.0000,0.0000,1976.7,-0.0095,0,0
0.0000,0.000001,60.000000,-0.000595,1.0000,0.0000,1976.7,-0.0095,0,0
0.0000,0.000001,60.000000,-0.000595,1.0000,0.0000,1976.7,-0.0095,0,0
0.0000,0.000001,60.000000,-0.000595,1.0000,0.0000,1976.7,-0.0095,0,0
0.0000,0.000001,60.000000,-0.000595,1.0000,0.0000,1976.7,-0.0095,0,0
0.0000,0.000001,60.000000,-0.000595,1.0000,0.0000,1976.7,-0.0095,0,0
0.0000,0.000001,60.000000,-0.000595,1.0000,0.0000,1976.7,-0.0095,0,0
0.0000,0.000001,60.000000,-0.000595,1.0000,0.0000,1976.7,-0.0095,0,0
0.0000,0.000001,60.000000,-0.000595,1.0000,0.0000,1976.7,-0.0095,0,0
0.0000,0.000001,60.000000,-0.000595,1.0000,0.0000,1976.7,-0.0095,0,0
0.0000,0.000001,60.000000,-0.000595,1.0000,0.0000,1976.7,-0.0095,0,0
0.0000,0.000001,60.000000,-0.000595,1.0000,0.0000,1976.7,-0.0095,0,0
0.0000,0.000001,60.000000,-0.000595,1.0000,0.0000,1976.7,-0.0095,0,0
0.0000,0.000001,60.000000,-0.000595,1.0000,0.0000,1976.7,-0.0095,0,0
0.0000,0.000001,60.000000,-0.000595,1.0000,0.0000,1976.7,-0.0095,0,0
0.0000,0.000001,60.000000,-0.000595,1.0000,0.0000,1976.7,-0.0095,0,0
0.0000,0.000001,60.000000,-0.000595,1.0000,0.0000,1976.7,-0.0095,0,0
0.0000,0.000001,60.000000,-0.000595,1.0000,0.0000,1976.7,-0.0095,0,0
0.0000,0.000001,60.000000,-0.000595,1.0000,0.0000,1976.7,-0.0095,0,0
0.0000,0.000001,60.000000,-0.000595,1.0000,0.0000,1976.7,-0.0095,0,0
0.0000,0.000001,60.000000,-0.000595,1.0000,0.0000,1976.7,-0.0095,0,0
0.0000,0.000001,60.000000,-0.000595,1.0000,0.0000,1976.7,-0.0095,0,0
0.0000,0.000001,60.000000,-0.000595,1.0000,0.0000,1976.7,-0.0095,0,0
0.0000,0.000001,60.000000,-0.000595,1.0000,0.0000,1976.7,-0.0095,0,0
0.0000,0.000001,60.000000,-0.000595,1.0000,0.0000,1976.7,-0.0095,0,0
0.0000,0.000001,60.000000,-0.000595,1.0000,0.0000,1976.7,-0.0095,0,0
0.0000,0.000001,60.000000,-0.000595,1.0000,0.0000,1976.7,-0.0095,0,0
0.0000,0.000001,60.000000,-0.000595,1.0000,0.0000,1976.7,-0.0095,0,0
0.0000,0.000001,60.000000,-0.000595,1.0000,0.0000,1976.7,-0.0095,0,0
0.0000,0.000001,60.000000,-0.000595,1.0000,0.0000,1976.7,-0.0095,0,0
0.0000,0.000001,60.000000,-0.000595,1.0000,0.0000,1976.7,-0.0095,0,0
0.0000,0.000001,60.000000,-0.000595,1.0000,0.0000,1976.7,-0.0095,0,0
0.0000,0.000001,60.000000,-0.000595,1.0000,0.0000,1976.7,-0.0095,0,0
0.0000,0.000001,60.000000,-0.000595,1.0000,0.0000,1976.7,-0.0095,0,0
0.0000,0.000001,60.000000,-0.000595,1.0000,0.0000,1976.7,-0.0095,0,0
0.0000,0.000001,60.000000,-0.000595,1.0000,0.0000,1976.7,-0.0095,0,0
0.0000,0.000001,60.000000,-0.000595,1.0000,0.0000,1976.7,-0.0095,0,0
0.0000,0.000001,60.000000,-0.000595,1.0000,0.0000,1976.7,-0.0095,0,0
0.0000,0.000001,60.000000,-0.000595,1.0000,0.0000,1976.7,-0.0095,0,0
0.0000,0.000001,60.000000,-0.000595,1.0000,0.0000,1976.7,-0.0095,0,0
0.0000,0.000001,60.000000,-0.000595,1.0000,0.0000,1976.7,-0.0095,0,0
0.0000,0.000001,60.000000,-0.000595,1.0000,0.0000,1976.7,-0.0095,0,0
0.0000,0.000001,60.000000,-0.000595,1.0000,0.0000,1976.7,-0.0095,0,0
0.0000,0.000001,60.000000,-0.000595,1.0000,0.0000,1976.7,-0.0095,0,0
0.0000,0.000001,60.000000,-0.000595,1.0000,0.0000,1976.7,-0.0095,0,0
0.0000,0.000001,60.000000,-0.000595,1.0000,0.0000,1976.7,-0.0095,0,0
0.0000,0.000001,60.000000,-0.000595,1.0000,0.0000,1976.7,-0.0095,0,0
0.0000,0.000001,60.000000,-0.000595,1.0000,0.0000,1976.7,-0.0095,0,0
0.0000,0.000001,60.000000,-0.000595,1.0000,0.0000,1976.7,-0.0095,0,0
0.0000,0.000001,60.000000,-0.000595,1.0000,0.0000,1976.7,-0.0095,0,0
0.0000,0.000001,60.000000,-0.000595,1.0000,0.0000,1976.7,-0.0095,0,0
0.0000,0.000001,60.000000,-0.000595,1.0000,0.0000,1976.7,-0.0095,0,0
0.0000,0.000001,60.000000,-0.000595,1.0000,0.0000,1976.7,-0.0095,0,0
0.0000,0.000001,60.000000,-0.000595,1.0000,0.0000,1976.7,-0.0095,0,0
0.0000,0.000001,60.000000,-0.000595,1.0000,0.0000,1976.7,-0.0095,0,0
0.0000,0.000001,60.000000,-0.000595,1.0000,0.0000,1976.7,-0.0095,0,0
0.0000,0.000001,60.000000,-0.000595,1.0000,0.0000,1976.7,-0.0095,0,0
0.0000,0.000001,60.000000,-0.000595,1.0000,0.0000,1976.7,-0.0095,0,0
0.0000,0.000001,60.000000,-0.000595,1.0000,0.0000,1976.7,-0.0095,0,0
0.0000,0.000001,60.000000,-0.000595,1.0000,0.0000,1976.7,-0.0095,0,0
0.0000,0.000001,60.000000,-0.000595,1.0000,0.0000,1976.7,-0.0095,0,0
0.0000,0.000001,60.000000,-0.000595,1.0000,0.0000,1976.7,-0.0095,0,0
0.0000,0.000001,60.000000,-0.000595,1.0000,0.0000,1976.7,-0.0095,0,0
0.0000,0.000001,60.000000,-0.000595,1.0000,0.0000,1976.7,-0.0095,0,0
0.0000,0.000001,60.000000,-0.000595,1.0000,0.0000,1976.7,-0.0095,0,0
0.0000,0.000001,60.000000,-0.000595,1.0000,0.0000,1976.7,-0.0095,0,0
0.0000,0.000001,60.000000,-0.000595,1.0000,0.0000,1976.7,-0.0095,0,0
0.0000,0.000001,60.000000,-0.000595,1.0000,0.0000,1976.7,-0.0095,0,0
0.0000,0.000001,60.000000,-0.000595,1.0000,0.0000,1976.7,-0.0095,0,0
0.0000,0.000001,60.000000,-0.000595,1.0000,0.0000,1976.7,-0.0095,0,0
0.0000,0.000001,60.000000,-0.000595,1.0000,0.0000,1976.7,-0.0095,0,0
0.0000,0.000001,60.000000,-0.000595,1.0000,0.0000,1976.7,-0.0095,0,0
0.0000,0.000001,60.000000,-0.000595,1.0000,0.0000,1976.7,-0.0095,0,0
0.0000,0.000001,60.000000,-0.000595,1.0000,0.0000,1976.7,-0.0095,0,0
0.0000,0.000001,60.000000,-0.000595,1.0000,0.0000,1976.7,-0.0095,0,0
0.0000,0.000001,60.000000,-0.000595,1.0000,0.0000,1976.7,-0.0095,0,0
0.0000,0.000001,60.000000,-0.000595,1.0000,0.0000,1976.7,-0.0095,0,0
0.0000,0.000001,60.000000,-0.000595,1.0000,0.0000,1976.7,-0.0095,0,0
0.0000,0.000001,60.000000,-0.000595,1.0000,0.0000,1976.7,-0.0095,0,0
0.0000,0.000001,60.000000,-0.000595,1.0000,0.0000,1976.7,-0.0095,0,0
0.0000,0.000001,60.000000,-0.000595,1.0000,0.0000,1976.7,-0.0095,0,0
0.0000,0.000001,60.000000,-0.000595,1.0000,0.0000,1976.7,-0.0095,0,0
0.0000,0.000001,60.000000,-0.000595,1.0000,0.0000,1976.7,-0.0095,0,0
0.0000,0.000001,60.000000,-0.000595,1.0000,0.0000,1976.7,-0.0095,0,0
0.0000,0.000001,60.000000,-0.000595,1.0000,0.0000,1976.7,-0.0095,0,0
0.0000,0.000001,60.000000,-0.000595,1.0000,0.0000,1976.7,-0.0095,0,0
0.0000,0.000001,60.000000,-0.000595,1.0000,0.0000,1976.7,-0.0095,0,0
0.0000,0.000001,60.000000,-0.000595,1.0000,0.0000,1976.7,-0.0095,0,0
0.0000,0.000001,60.000000,-0.000595,1.0000,0.0000,1976.7,-0.0095,0,0
0.0000,0.000001,60.000000,-0.000595,1.0000,0.0000,1976.7,-0.0095,0,0
0.0000,0.000001,60.000000,-0.000595,1.0000,0.0000,1976.7,-0.0095,0,0
0.0000,0.000001,60.000000,-0.000595,1.0000,0.0000,1976.7,-0.0095,0,0
0.0000,0.000001,60.000000,-0.000595,1.0000,0.0000,1976.7,-0.0095,0,0
0.0000,0.000001,60.000000,-0.000595,1.0000,0.0000,1976.7,-0.0095,0,0
0.0000,0.000001,60.000000,-0.000595,1.0000,0.0000,1976.7,-0.0095,0,0
0.0000,0.000001,60.000000,-0.000595,1.0000,0.0000,1976.7,-0.0095,0,0
0.0000,0.000001,60.000000,-0.000595,1.0000,0.0000,1976.7,-0.0095,0,0
0.0000,0.000001,60.000000,-0.000595,1.0000,0.0000,1976.7,-0.0095,0,0
0.0000,0.000001,60.000000,-0.000595,1.0000,0.0000,1976.7,-0.0095,0,0
0.0000,0.000001,60.000000,-0.000595,1.0000,0.0000,1976.7,-0.0095,0,0
0.0000,0.000001,60.000000,-0.000595,1.0000,0.0000,1976.7,-0.0095,0,0
0.0000,0.000001,60.000000,-0.000595,1.0000,0.0000,1976.7,-0.0095,0,0
0.0000,0.000001,60.000000,-0.000595,1.0000,0.0000,1976.7,-0.0095,0,0
0.0000,0.000001,60.000000,-0.000595,1.0000,0.0000,1976.7,-0.0095,0,0
0.0000,0.000001,60.000000,-0.000595,1.0000,0.0000,1976.7,-0.0095,0,0
0.0000,0.000001,60.000000,-0.000595,1.0000,0.0000,1976.7,-0.0095,0,0
0.0000,0.000001,60.000000,-0.000595,1.0000,0.0000,1976.7,-0.0095,0,0
0.0000,0.000001,60.000000,-0.000595,1.0000,0.0000,1976.7,-0.0095,0,0
0.0000,0.000001,60.000000,-0.000595,1.0000,0.0000,1976.7,-0.0095,0,0
0.0000,0.000001,60.000000,-0.000595,1.0000,0.0000,1976.7,-0.0095,0,0
0.0000,0.000001,60.000000,-0.000595,1.0000,0.0000,1976.7,-0.0095,0,0
0.0000,0.000001,60.000000,-0.000595,1.0000,0.0000,1976.7,-0.0095,0,0
0.0000,0.000001,60.000000,-0.000595,1.0000,0.0000,1976.7,-0.0095,0,0
0.0000,0.000001,60.000000,-0.000595,1.0000,0.0000,1976.7,-0.0095,0,0
0.0000,0.000001,60.000000,-0.000595,1.0000,0.0000,1976.7,-0.0095,0,0
0.0000,0.000001,60.000000,-0.000595,1.0000,0.0000,1976.7,-0.0095,0,0
0.0000,0.000001,60.000000,-0.000595,1.0000,0.0000,1976.7,-0.0095,0,0
0.0000,0.000001,60.000000,-0.000595,1.0000,0.0000,1976.7,-0.0095,0,0
0.0000,0.000001,60.000000,-0.000595,1.0000,0.0000,1976.7,-0.0095,0,0
0.0000,0.000001,60.000000,-0.000595,1.0000,0.0000,1976.7,-0.0095,0,0
0.0000,0.000001,60.000000,-0.000595,1.0000,0.0000,1976.7,-0.0095,0,0
0.0000,0.000001,60.000000,-0.000595,1.0000,0.0000,1976.7,-0.0095,0,0
0.0000,0.000001,60.000000,-0.000595,1.0000,0.0000,1976.7,-0.0095,0,0
0.0000,0.000001,60.000000,-0.000595,1.0000,0.0000,1976.7,-0.0095,0,0
0.0000,0.000001,60.000000,-0.000595,1.0000,0.0000,1976.7,-0.0095,0,0
0.0000,0.000001,60.000000,-0.000595,1.0000,0.0000,1976.7,-0.0095,0,0
0.0000,0.000001,60.000000,-0.000595,1.0000,0.0000,1976.7,-0.0095,0,0
0.0000,0.000001,60.000000,-0.000595,1.0000,0.0000,1976.7,-0.0095,0,0
0.0000,0.000001,60.000000,-0.000595,1.0000,0.0000,1976.7,-0.0095,0,0
0.0000,0.000001,60.000000,-0.000595,1.0000,0.0000,1976.7,-0.0095,0,0
0.0000,0.000001,60.000000,-0.000595,1.0000,0.0000,1976.7,-0.0095,0,0
0.0000,0.000001,60.000000,-0.000595,1.0000,0.0000,1976.7,-0.0095,0,0
0.0000,0.000001,60.000000,-0.000595,1.0000,0.0000,1976.7,-0.0095,0,0
0.0000,0.000001,60.000000,-0.000595,1.0000,0.0000,1976.7,-0.0095,0,0
0.0000,0.000001,60.000000,-0.000595,1.0000,0.0000,1976.7,-0.0095,0,0
0.0000,0.000001,60.000000,-0.000595,1.0000,0.0000,1976.7,-0.0095,0,0
0.0000,0.000001,60.000000,-0.000595,1.0000,0.0000,1976.7,-0.0095,0,0
0.0000,0.000001,60.000000,-0.000595,1.0000,0.0000,1976.7,-0.0095,0,0
0.0000,0.000001,60.000000,-0.000595,1.0000,0.0000,1976.7,-0.0095,0,0
0.0000,0.000001,60.000000,-0.000595,1.0000,0.0000,1976.7,-0.0095,0,0
0.0000,0.000001,60.000000,-0.000595,1.0000,0.0000,1976.7,-0.0095,0,0
0.0000,0.000001,60.000000,-0.000595,1.0000,0.0000,1976.7,-0.0095,0,0
0.0000,0.000001,60.000000,-0.000595,1.0000,0.0000,1976.7,-0.0095,0,0
0.0000,0.000001,60.000000,-0.000595,1.0000,0.0000,1976.7,-0.0095,0,0
0.0000,0.000001,60.000000,-0.000595,1.0000,0.0000,1976.7,-0.0095,0,0
0.0000,0.000001,60.000000,-0.000595,1.0000,0.0000,1976.7,-0.0095,0,0
0.0000,0.000001,60.000000,-0.000595,1.0000,0.0000,1976.7,-0.0095,0,0
0.0000,0.000001,60.000000,-0.000595,1.0000,0.0000,1976.7,-0.0095,0,0
0.0000,0.000001,60.000000,-0.000595,1.0000,0.0000,1976.7,-0.0095,0,0
0.0000,0.000001,60.000000,-0.000595,1.0000,0.0000,1976.7,-0.0095,0,0
0.0000,0.000001,60.000000,-0.000595,1.0000,0.0000,1976.7,-0.0095,0,0
0.0000,0.000001,60.000000,-0.000595,1.0000,0.0000,1976.7,-0.0095,0,0
0.0000,0.000001,60.000000,-0.000595,1.0000,0.0000,1976.7,-0.0095,0,0
0.0000,0.000001,60.000000,-0.000595,1.0000,0.0000,1976.7,-0.0095,0,0
0.0000,0.000001,60.000000,-0.000595,1.0000,0.0000,1976.7,-0.0095,0,0
0.0000,0.000001,60.000000,-0.000595,1.0000,0.0000,1976.7,-0.0095,0,0
0.0000,0.000001,60.000000,-0.000595,1.0000,0.0000,1976.7,-0.0095,0,0
0.0000,0.000001,60.000000,-0.000595,1.0000,0.0000,1976.7,-0.0095,0,0
0.0000,0.000001,60.000000,-0.000595,1.0000,0.0000,1976.7,-0.0095,0,0
0.0000,0.000001,60.000000,-0.000595,1.0000,0.0000,1976.7,-0.0095,0,0
0.0000,0.000001,60.000000,-0.000595,1.0000,0.0000,1976.7,-0.0095,0,0
0.0000,0.000001,60.000000,-0.000595,1.0000,0.0000,1976.7,-0.0095,0,0
0.0000,0.000001,60.000000,-0.000595,1.0000,0.0000,1976.7,-0.0095,0,0
0.0000,0.000001,60.000000,-0.000595,1.0000,0.0000,1976.7,-0.0095,0,0
0.0000,0.000001,60.000000,-0.000595,1.0000,0.0000,1976.7,-0.0095,0,0
0.0000,0.000001,60.000000,-0.000595,1.0000,0.0000,1976.7,-0.0095,0,0
0.0000,0.000001,60.000000,-0.000595,1.0000,0.0000,1976.7,-0.0095,0,0
0.0000,0.000001,60.000000,-0.000595,1.0000,0.0000,1976.7,-0.0095,0,0
0.0000,0.000001,60.000000,-0.000595,1.0000,0.0000,1976.7,-0.0095,0,0
0.0000,0.000001,60.000000,-0.000595,1.0000,0.0000,1976.7,-0.0095,0,0
0.0000,0.000001,60.000000,-0.000595,1.0000,0.0000,1976.7,-0.0095,0,0
0.0000,0.000001,60.000000,-0.000595,1.0000,0.0000,1976.7,-0.0095,0,0
0.0000,0.000001,60.000000,-0.000595,1.0000,0.0000,1976.7,-0.0095,0,0
0.0000,0.000001,60.000000,-0.000595,1.0000,0.0000,1976.7,-0.0095,0,0
0.0000,0.000001,60.000000,-0.000595,1.0000,0.0000,1976.7,-0.0095,0,0
0.0000,0.000001,60.000000,-0.000595,1.0000,0.0000,1976.7,-0.0095,0,0
0.0000,0.000001,60.000000,-0.000595,1.0000,0.0000,1976.7,-0.0095,0,0
0.0000,0.000001,60.000000,-0.000595,1.0000,0.0000,1976.7,-0.0095,0,0
0.0000,0.000001,60.000000,-0.000595,1.0000,0.0000,1976.7,-0.0095,0,0
0.0000,0.000001,60.000000,-0.000595,1.0000,0.0000,1976.7,-0.0095,0,0
0.0000,0.000001,60.000000,-0.000595,1.0000,0.0000,1976.7,-0.0095,0,0
0.0000,0.000001,60.000000,-0.000595,1.0000,0.0000,1976.7,-0.0095,0,0
0.0000,0.000001,60.000000,-0.000595,1.0000,0.0000,1976.7,-0.0095,0,0
0.0000,0.000001,60.000000,-0.000595,1.0000,0.0000,1976.7,-0.0095,0,0
0.0000,0.000001,60.000000,-0.000595,1.0000,0.0000,1976.7,-0.0095,0,0
0.0000,0.000001,60.000000,-0.000595,1.0000,0.0000,1976.7,-0.0095,0,0
0.0000,0.000001,60.000000,-0.000595,1.0000,0.0000,1976.7,-0.0095,0,0
0.0000,0.000001,60.000000,-0.000595,1.0000,0.0000,1976.7,-0.0095,0,0
0.0000,0.000001,60.000000,-0.000595,1.0000,0.0000,1976.7,-0.0095,0,0
0.0000,0.000001,60.000000,-0.000595,1.0000,0.0000,1976.7,-0.0095,0,0
0.0000,0.000001,60.000000,-0.000595,1.0000,0.0000,1976.7,-0.0095,0,0
0.0000,0.000001,60.000000,-0.000595,1.0000,0.0000,1976.7,-0.0095,0,0
0.0000,0.000001,60.000000,-0.000595,1.0000,0.0000,1976.7,-0.0095,0,0
0.0000,0.000001,60.000000,-0.000595,1.0000,0.0000,1976.7,-0.0095,0,0
0.0000,0.000001,60.000000,-0.000595,1.0000,0.0000,1976.7,-0.0095,0,0
0.0000,0.000001,60.000000,-0.000595,1.0000,0.0000,1976.7,-0.0095,0,0
0.0000,0.000001,60.000000,-0.000595,1.0000,0.0000,1976.7,-0.0095,0,0
0.0000,0.000001,60.000000,-0.000595,1.0000,0.0000,1976.7,-0.0095,0,0
0.0000,0.000001,60.000000,-0.000595,1.0000,0.0000,1976.7,-0.0095,0,0
0.0000,0.000001,60.000000,-0.000595,1.0000,0.0000,1976.7,-0.0095,0,0
0.0000,0.000001,60.000000,-0.000595,1.0000,0.0000,1976.7,-0.0095,0,0
0.0000,0.000001,60.000000,-0.000595,1.0000,0.0000,1976.7,-0.0095,0,0
0.0000,0.000001,60.000000,-0.000595,1.0000,0.0000,1976.7,-0.0095,0,0
0.0000,0.000001,60.000000,-0.000595,1.0000,0.0000,1976.7,-0.0095,0,0
0.0000,0.000001,60.000000,-0.000595,1.0000,0.0000,1976.7,-0.0095,0,0
0.0000,0.000001,60.000000,-0.000595,1.0000,0.0000,1976.7,-0.0095,0,0
0.0000,0.000001,60.000000,-0.000595,1.0000,0.0000,1976.7,-0.0095,0,0
0.0000,0.000001,60.000000,-0.000595,1.0000,0.0000,1976.7,-0.0095,0,0
0.0000,0.000001,60.000000,-0.000595,1.0000,0.0000,1976.7,-0.0095,0,0
0.0000,0.000001,60.000000,-0.000595,1.0000,0.0000,1976.7,-0.0096,0,0
0.0000,0.000001,60.000000,-0.000595,1.0000,0.0000,1976.7,-0.0098,0,0
0.0000,0.000001,60.000000,-0.000595,1.0000,0.0000,1976.7,-0.0098,0,0
0.0001,0.000001,60.000000,-0.000595,1.0000,0.0000,1976.7,-0.0098,0,0
0.0001,0.000001,60.000000,-0.000595,1.0000,0.0000,1976.7,-0.0096,0,0
0.0000,0.000001,60.000000,-0.000595,1.0000,0.0000,1976.7,-0.0095,0,0
0.0000,0.000001,60.000000,-0.000595,1.0000,0.0000,1976.7,-0.0094,0,0
0.0001,0.000001,60.000000,-0.000595,1.0000,0.0000,1976.7,-0.0094,0,0
0.0001,0.000001,60.000000,-0.000595,1.0000,0.0000,1976.7,-0.0094,0,0
0.0001,0.000001,60.000000,-0.000595,1.0000,0.0000,1976.7,-0.0095,0,0
0.0001,0.000001,60.000000,-0.000595,1.0000,0.0000,1976.7,-0.0096,0,0
0.0000,0.000001,60.000000,-0.000595,1.0000,0.0000,1976.7,-0.0096,0,0
0.0001,0.000001,60.000000,-0.000595,1.0000,0.0000,1976.7,-0.0096,0,0
0.0001,0.000001,60.000000,-0.000595,1.0000,0.0000,1976.7,-0.0095,0,0
0.0001,0.000001,60.000000,-0.000595,1.0000,0.0000,1976.7,-0.0095,0,0
0.0001,0.000001,60.000000,-0.000595,1.0000,0.0000,1976.7,-0.0095,0,0
0.0000,0.000001,60.000000,-0.000595,1.0000,0.0000,1976.7,-0.0095,0,0
0.0000,0.000001,60.000000,-0.000595,1.0000,0.0000,1976.7,-0.0095,0,0
0.0001,0.000001,60.000000,-0.000595,1.0000,0.0000,1976.7,-0.0095,0,0
0.0001,0.000001,60.000000,-0.000595,1.0000,0.0000,1976.7,-0.0095,0,0
0.0001,0.000001,60.000000,-0.000595,1.0000,0.0000,1976.7,-0.0095,0,0
0.0000,0.000001,60.000000,-0.000595,1.0000,0.0000,1976.7,-0.0095,0,0
0.0000,0.000001,60.000000,-0.000595,1.0000,0.0000,1976.7,-0.0095,0,0
0.0000,0.000001,60.000000,-0.000595,1.0000,0.0000,1976.7,-0.0095,0,0
0.0001,0.000001,60.000000,-0.000595,1.0000,0.0000,1976.7,-0.0095,0,0
0.0001,0.000001,60.000000,-0.000595,1.0000,0.0000,1976.7,-0.0095,0,0
0.0000,0.000001,60.000000,-0.000595,1.0000,0.0000,1976.7,-0.0095,0,0
0.0000,0.000001,60.000000,-0.000595,1.0000,0.0000,1976.7,-0.0095,0,0
0.0000,0.000001,60.000000,-0.000595,1.0000,0.0000,1976.7,-0.0095,0,0
0.0000,0.000001,60.000000,-0.000595,1.0000,0.0000,1976.7,-0.0095,0,0
0.0001,0.000001,60.000000,-0.000595,1.0000,0.0000,1976.7,-0.0095,0,0
0.0000,0.000001,60.000000,-0.000595,1.0000,0.0000,1976.7,-0.0095,0,0
0.0000,0.000001,60.000000,-0.000595,1.0000,0.0000,1976.7,-0.0095,0,0
0.0000,0.000001,60.000000,-0.000595,1.0000,0.0000,1976.7,-0.0095,0,0
0.0000,0.000001,60.000000,-0.000595,1.0000,0.0000,1976.7,-0.0095,0,0
0.0000,0.000001,60.000000,-0.000595,1.0000,0.0000,1976.7,-0.0095,0,0
0.0000,0.000001,60.000000,-0.000595,1.0000,0.0000,1976.7,-0.0095,0,0
0.0000,0.000001,60.000000,-0.000595,1.0000,0.0000,1976.7,-0.0095,0,0
0.0000,0.000001,60.000000,-0.000595,1.0000,0.0000,1976.7,-0.0095,0,0
0.0000,0.000001,60.000000,-0.000595,1.0000,0.0000,1976.7,-0.0095,0,0
0.0000,0.000001,60.000000,-0.000595,1.0000,0.0000,1976.7,-0.0095,0,0
0.0000,0.000001,60.000000,-0.000595,1.0000,0.0000,1976.7,-0.0095,0,0
0.0000,0.000001,60.000000,-0.000595,1.0000,0.0000,1976.7,-0.0095,0,0
0.0000,0.000001,60.000000,-0.000595,1.0000,0.0000,1976.7,-0.0095,0,0
0.0000,0.000001,60.000000,-0.000595,1.0000,0.0000,1976.7,-0.0095,0,0
0.0000,0.000001,60.000000,-0.000595,1.0000,0.0000,1976.7,-0.0095,0,0
0.0000,0.000001,60.000000,-0.000595,1.0000,0.0000,1976.7,-0.0095,0,0
0.0000,0.000001,60.000000,-0.000595,1.0000,0.0000,1976.7,-0.0095,0,0
0.0000,0.000001,60.000000,-0.000595,1.0000,0.0000,1976.7,-0.0095,0,0
0.0000,0.000001,60.000000,-0.000595,1.0000,0.0000,1976.7,-0.0095,0,0
0.0000,0.000001,60.000000,-0.000595,1.0000,0.0000,1976.7,-0.0095,0,0
0.0000,0.000001,60.000000,-0.000595,1.0000,0.0000,1976.7,-0.0095,0,0
0.0000,0.000001,60.000000,-0.000595,1.0000,0.0000,1976.7,-0.0095,0,0
0.0000,0.000001,60.000000,-0.000595,1.0000,0.0000,1976.7,-0.0095,0,0
0.0000,0.000001,60.000000,-0.000595,1.0000,0.0000,1976.7,-0.0095,0,0
0.0000,0.000001,60.000000,-0.000595,1.0000,0.0000,1976.7,-0.0095,0,0
0.0000,0.000001,60.000000,-0.000595,1.0000,0.0000,1976.7,-0.0095,0,0
0.0000,0.000001,60.000000,-0.000595,1.0000,0.0000,1976.7,-0.0095,0,0
0.0000,0.000001,60.000000,-0.000595,1.0000,0.0000,1976.7,-0.0095,0,0
0.0000,0.000001,60.000000,-0.000595,1.0000,0.0000,1976.7,-0.0095,0,0
0.0000,0.000001,60.000000,-0.000595,1.0000,0.0000,1976.7,-0.0095,0,0
0.0000,0.000001,60.000000,-0.000595,1.0000,0.0000,1976.7,-0.0095,0,0
0.0000,0.000001,60.000000,-0.000595,1.0000,0.0000,1976.7,-0.0095,0,0
0.0000,0.000001,60.000000,-0.000595,1.0000,0.0000,1976.7,-0.0095,0,0
0.0000,0.000001,60.000000,-0.000595,1.0000,0.0000,1976.7,-0.0095,0,0
0.0000,0.000001,60.000000,-0.000595,1.0000,0.0000,1976.7,-0.0095,0,0
0.0000,0.000001,60.000000,-0.000595,1.0000,0.0000,1976.7,-0.0095,0,0
0.0000,0.000001,60.000000,-0.000595,1.0000,0.0000,1976.7,-0.0095,0,0
0.0000,0.000001,60.000000,-0.000595,1.0000,0.0000,1976.7,-0.0095,0,0
0.0000,0.000001,60.000000,-0.000595,1.0000,0.0000,1976.7,-0.0095,0,0
0.0000,0.000001,60.000000,-0.000595,1.0000,0.0000,1976.7,-0.0095,0,0
0.0000,0.000001,60.000000,-0.000595,1.0000,0.0000,1976.7,-0.0095,0,0
0.0000,0.000001,60.000000,-0.000595,1.0000,0.0000,1976.7,-0.0095,0,0
0.0000,0.000001,60.000000,-0.000595,1.0000,0.0000,1976.7,-0.0095,0,0
0.0000,0.000001,60.000000,-0.000595,1.0000,0.0000,1976.7,-0.0095,0,0
0.0000,0.000001,60.000000,-0.000595,1.0000,0.0000,1976.7,-0.0095,0,0
0.0000,0.000001,60.000000,-0.000595,1.0000,0.0000,1976.7,-0.0095,0,0
0.0000,0.000001,60.000000,-0.000595,1.0000,0.0000,1976.7,-0.0095,0,0
0.0000,0.000001,60.000000,-0.000595,1.0000,0.0000,1976.7,-0.0095,0,0
0.0000,0.000001,60.000000,-0.000595,1.0000,0.0000,1976.7,-0.0095,0,0
0.0000,0.000001,60.000000,-0.000595,1.0000,0.0000,1976.7,-0.0095,0,0
0.0000,0.000001,60.000000,-0.000595,1.0000,0.0000,1976.7,-0.0095,0,0
0.0000,0.000001,60.000000,-0.000595,1.0000,0.0000,1976.7,-0.0095,0,0
0.0000,0.000001,60.000000,-0.000595,1.0000,0.0000,1976.7,-0.0095,0,0
0.0000,0.000001,60.000000,-0.000595,1.0000,0.0000,1976.7,-0.0095,0,0
0.0000,0.000001,60.000000,-0.000595,1.0000,0.0000,1976.7,-0.0095,0,0
0.0000,0.000001,60.000000,-0.000595,1.0000,0.0000,1976.7,-0.0095,0,0
0.0000,0.000001,60.000000,-0.000595,1.0000,0.0000,1976.7,-0.0095,0,0
0.0000,0.000001,60.000000,-0.000595,1.0000,0.0000,1976.7,-0.0095,0,0
0.0000,0.000001,60.000000,-0.000595,1.0000,0.0000,1976.7,-0.0095,0,0
0.0000,0.000001,60.000000,-0.000595,1.0000,0.0000,1976.7,-0.0095,0,0
0.0000,0.000001,60.000000,-0.000595,1.0000,0.0000,1976.7,-0.0095,0,0
0.0000,0.000001,60.000000,-0.000595,1.0000,0.0000,1976.7,-0.0095,0,0
0.0000,0.000001,60.000000,-0.000595,1.0000,0.0000,1976.7,-0.0095,0,0
0.0000,0.000001,60.000000,-0.000595,1.0000,0.0000,1976.7,-0.0095,0,0
0.0000,0.000001,60.000000,-0.000595,1.0000,0.0000,1976.7,-0.0095,0,0
0.0000,0.000001,60.000000,-0.000595,1.0000,0.0000,1976.7,-0.0095,0,0
0.0000,0.000001,60.000000,-0.000595,1.0000,0.0000,1976.7,-0.0095,0,0
0.0000,0.000001,60.000000,-0.000595,1.0000,0.0000,1976.7,-0.0095,0,0
0.0000,0.000001,60.000000,-0.000595,1.0000,0.0000,1976.7,-0.0095,0,0
0.0000,0.000001,60.000000,-0.000595,1.0000,0.0000,1976.7,-0.0095,0,0
0.0000,0.000001,60.000000,-0.000595,1.0000,0.0000,1976.7,-0.0095,0,0
0.0000,0.000001,60.000000,-0.000595,1.0000,0.0000,1976.7,-0.0095,0,0
0.0000,0.000001,60.000000,-0.000595,1.0000,0.0000,1976.7,-0.0095,0,0
0.0000,0.000001,60.000000,-0.000595,1.0000,0.0000,1976.7,-0.0095,0,0
0.0000,0.000001,60.000000,-0.000595,1.0000,0.0000,1976.7,-0.0095,0,0
0.0000,0.000001,60.000000,-0.000595,1.0000,0.0000,1976.7,-0.0095,0,0
0.0000,0.000001,60.000000,-0.000595,1.0000,0.0000,1976.7,-0.0095,0,0
0.0000,0.000001,60.000000,-0.000595,1.0000,0.0000,1976.7,-0.0095,0,0
0.0000,0.000001,60.000000,-0.000595,1.0000,0.0000,1976.7,-0.0095,0,0
0.0000,0.000001,60.000000,-0.000595,1.0000,0.0000,1976.7,-0.0095,0,0
0.0000,0.000001,60.000000,-0.000595,1.0000,0.0000,1976.7,-0.0095,0,0
0.0000,0.000001,60.000000,-0.000595,1.0000,0.0000,1976.7,-0.0095,0,0
0.0000,0.000001,60.000000,-0.000595,1.0000,0.0000,1976.7,-0.0094,0,0
0.0000,0.000001,60.000000,-0.000595,1.0000,0.0000,1976.7,-0.0092,0,0
0.0000,0.000001,60.000000,-0.000595,1.0000,0.0000,1976.7,-0.0090,0,0
0.0001,0.000001,60.000000,-0.000595,1.0000,0.0000,1976.7,-0.0090,0,0
0.0001,0.000001,60.000000,-0.000595,1.0000,0.0000,1976.7,-0.0089,0,0
0.0001,0.000001,60.000000,-0.000595,1.0000,0.0000,1976.7,-0.0089,0,0
0.0001,0.000001,60.000000,-0.000595,1.0000,0.0000,1976.7,-0.0090,0,0
0.0000,0.000001,60.000000,-0.000595,1.0000,0.0000,1976.7,-0.0093,0,0
0.0000,0.000001,60.000000,-0.000595,1.0000,0.0000,1976.7,-0.0097,0,0
0.0002,0.000001,60.000000,-0.000595,1.0000,0.0000,1976.7,-0.0100,0,0
0.0003,0.000001,60.000000,-0.000595,1.0000,0.0000,1976.7,-0.0102,0,0
0.0003,0.000001,60.000000,-0.000595,1.0000,0.0000,1976.7,-0.0104,0,0
0.0003,0.000001,60.000000,-0.000595,1.0000,0.0000,1976.7,-0.0104,0,0
0.0002,0.000001,60.000000,-0.000595,1.0000,0.0000,1976.7,-0.0104,0,0
0.0001,0.000001,60.000000,-0.000595,1.0000,0.0000,1976.7,-0.0102,0,0
0.0001,0.000001,60.000000,-0.000595,1.0000,0.0000,1976.7,-0.0100,0,0
0.0002,0.000001,60.000000,-0.000595,1.0000,0.0000,1976.7,-0.0097,0,0
0.0003,0.000001,60.000000,-0.000595,1.0000,0.0000,1976.7,-0.0095,0,0
0.0004,0.000001,60.000000,-0.000595,1.0000,0.0000,1976.7,-0.0094,0,0
0.0003,0.000001,60.000000,-0.000595,1.0000,0.0000,1976.7,-0.0090,0,0
0.0002,0.000001,60.000000,-0.000595,1.0000,0.0000,1976.7,-0.0084,0,0
0.0001,0.000001,60.000000,-0.000595,1.0000,0.0000,1976.7,-0.0076,0,0
0.0002,0.000001,60.000000,-0.000595,1.0000,0.0000,1976.7,-0.0069,0,0
0.0002,0.000001,60.000000,-0.000595,1.0000,0.0000,1976.7,-0.0063,0,0
0.0004,0.000001,60.000000,-0.000595,1.0000,0.0000,1976.7,-0.0059,0,0
0.0004,0.000001,60.000000,-0.000595,1.0000,0.0000,1976.7,-0.0056,0,0
0.0005,0.000001,60.000000,-0.000595,1.0000,0.0000,1976.7,-0.0054,0,0
0.0004,0.000001,60.000000,-0.000595,1.0000,0.0000,1976.7,-0.0051,0,0
0.0003,0.000001,60.000000,-0.000595,1.0000,0.0000,1976.7,-0.0049,0,0
0.0001,0.000001,60.000000,-0.000595,1.0000,0.0000,1976.7,-0.0048,0,0
0.0001,0.000001,60.000000,-0.000595,1.0000,0.0000,1976.7,-0.0048,0,0
0.0002,0.000001,60.000000,-0.000595,1.0000,0.0000,1976.7,-0.0051,0,0
0.0003,0.000001,60.000000,-0.000595,1.0000,0.0000,1976.7,-0.0054,0,0
0.0004,0.000001,60.000000,-0.000595,1.0000,0.0000,1976.7,-0.0056,0,0
0.0004,0.000001,60.000000,-0.000595,1.0000,0.0000,1976.3,-0.0060,0,0
0.0004,0.000001,60.000000,-0.000595,0.0000,0.0115,1968.4,-0.0062,0,0
0.0010,0.000001,60.000000,-0.000595,0.0000,0.0115,1968.1,-0.0064,1,0
0.0021,0.000001,60.000000,-0.000595,0.0000,0.0289,2062.7,-0.0067,1,0
0.0099,0.000001,60.000000,-0.000595,0.0000,0.0289,2198.5,-0.0068,1,0
0.0139,0.000001,60.000000,-0.000595,0.0000,0.0553,2393.9,-0.0069,1,0
0.0285,0.000001,60.000000,-0.000595,0.0000,0.0553,2634.9,-0.0070,1,0
0.0287,0.000001,60.000000,-0.000595,0.0000,0.0917,2931.6,-0.0070,1,0
0.0478,0.000002,60.000000,-0.000595,0.0000,0.0917,3227.6,-0.0070,1,0
0.0490,0.000002,60.000000,-0.000595,0.0000,0.1384,3515.5,-0.0072,1,0
0.0661,0.000002,60.000000,-0.000595,0.0000,0.1384,3792.5,-0.0073,1,0
0.0718,0.000002,60.000000,-0.000595,0.0000,0.1829,4057.8,-0.0076,1,0
0.0841,0.000002,60.000000,-0.000595,0.0000,0.1829,4311.3,-0.0077,1,0
0.0985,0.000002,60.000000,-0.000595,0.0000,0.2138,4548.6,-0.0080,1,0
0.1065,0.000003,60.000000,-0.000595,0.0000,0.2138,4765.9,-0.0080,1,0
0.1302,0.000003,60.000000,-0.000595,0.0000,0.2470,4967.5,-0.0081,1,0
0.1393,0.000003,60.000000,-0.000594,0.0000,0.2470,5149.1,-0.0081,1,0
0.1674,0.000004,60.000000,-0.000594,0.0000,0.2751,5312.6,-0.0081,1,0
0.1841,0.000004,60.000000,-0.000594,0.0000,0.2751,5456.5,-0.0080,1,0
0.2122,0.000005,60.000000,-0.000594,0.0000,0.2928,5575.5,-0.0079,1,0
0.2395,0.000005,60.000000,-0.000594,0.0000,0.2928,5672.0,-0.0077,1,0
0.2670,0.000006,60.000000,-0.000594,0.0000,0.2990,5744.6,-0.0073,1,0
0.3033,0.000007,60.000000,-0.000594,0.0000,0.2990,5793.0,-0.0070,1,0
0.3330,0.000008,60.000000,-0.000594,0.0000,0.3043,5819.2,-0.0065,1,0
0.3746,0.000008,60.000000,-0.000594,0.0000,0.3043,5823.9,-0.0061,1,0
0.4101,0.000009,60.000000,-0.000594,0.0000,0.3052,5807.8,-0.0055,1,0
0.4542,0.000011,60.000000,-0.000594,0.0000,0.3052,5772.4,-0.0050,1,0
0.4980,0.000012,60.000000,-0.000594,0.0000,0.3052,5719.6,-0.0045,1,0
0.5429,0.000013,60.000000,-0.000594,0.0000,0.3052,5650.2,-0.0039,1,0
0.5940,0.000015,60.000000,-0.000594,0.0000,0.3060,5566.5,-0.0036,1,0
0.6411,0.000016,60.000000,-0.000594,0.0000,0.3060,5470.7,-0.0033,1,0
0.6974,0.000018,60.000000,-0.000593,0.0000,0.3122,5364.9,-0.0031,1,0
0.7493,0.000020,60.000000,-0.000593,0.0000,0.3122,5252.5,-0.0030,1,0
0.8083,0.000022,60.000000,-0.000593,0.0000,0.3299,5138.1,-0.0030,1,0
0.8667,0.000024,60.000000,-0.000593,0.0000,0.3299,5023.2,-0.0030,1,0
0.9226,0.000026,60.000000,-0.000593,0.0000,0.3573,4911.4,-0.0031,1,0
0.9811,0.000029,60.000000,-0.000593,0.0000,0.3573,4804.7,-0.0033,1,0
1.0375,0.000031,60.000000,-0.000593,0.0000,0.3884,4702.5,-0.0033,1,0
1.1011,0.000034,60.000000,-0.000592,0.0000,0.3884,4605.6,-0.0033,1,0
1.1582,0.000037,60.000000,-0.000592,0.0000,0.4141,4514.5,-0.0033,1,0
1.2173,0.000040,60.000000,-0.000592,0.0000,0.4141,4427.4,-0.0034,1,0
1.2762,0.000043,60.000000,-0.000592,0.0000,0.4283,4342.3,-0.0035,1,0
1.3339,0.000046,60.000000,-0.000591,0.0000,0.4283,4257.1,-0.0038,1,0
1.3949,0.000050,60.000000,-0.000591,0.0000,0.2895,4168.8,-0.0039,1,0
1.4512,0.000053,60.000000,-0.000591,0.0000,0.2895,3953.1,-0.0040,1,0
1.5107,0.000057,60.000000,-0.000591,0.0000,0.2895,3744.2,-0.0040,1,0
1.5671,0.000061,60.000000,-0.000590,0.0000,0.2895,3542.4,-0.0039,1,0
1.6244,0.000065,60.000000,-0.000590,0.0000,0.2895,3347.7,-0.0037,1,0
1.6817,0.000069,60.000000,-0.000590,0.0000,0.2895,3160.2,-0.0033,1,0
1.7373,0.000073,60.000000,-0.000590,0.0000,0.2877,2980.3,-0.0029,1,0
1.7944,0.000078,60.000000,-0.000589,0.0000,0.2877,2807.7,-0.0023,1,0
1.8486,0.000082,60.000000,-0.000589,0.0000,0.2847,2759.8,-0.0017,1,0
1.9056,0.000087,60.000000,-0.000589,0.0000,0.2847,2806.8,-0.0009,1,0
1.9605,0.000092,60.000000,-0.000588,0.0000,0.2768,2852.5,-0.0002,1,0
2.0167,0.000097,60.000000,-0.000588,0.0000,0.2768,2894.2,0.0007,1,0
2.0726,0.000102,60.000000,-0.000588,0.0000,0.2675,2933.2,0.0016,1,0
2.1271,0.000107,60.000000,-0.000587,0.0000,0.2675,2969.7,0.0024,1,0
2.1830,0.000112,60.000000,-0.000587,0.0000,0.2578,3004.6,0.0031,1,0
2.2350,0.000118,60.000000,-0.000586,0.0000,0.2578,3040.9,0.0037,1,0
2.2895,0.000124,60.000000,-0.000586,0.0000,0.2514,3075.2,0.0044,1,0
2.3410,0.000129,60.000000,-0.000586,0.0000,0.2514,3107.7,0.0050,1,0
2.3944,0.000135,60.000000,-0.000585,0.0000,0.2466,3137.9,0.0055,1,0
2.4464,0.000141,60.000000,-0.000585,0.0000,0.2466,3166.2,0.0061,1,0
2.4985,0.000148,60.000000,-0.000584,0.0000,0.2448,3192.6,0.0067,1,0
2.5517,0.000154,60.000000,-0.000584,0.0000,0.2448,3217.9,0.0073,1,0
2.6028,0.000160,60.000000,-0.000583,0.0000,0.2424,3241.3,0.0080,1,0
2.6566,0.000167,60.000000,-0.000583,0.0000,0.2424,3263.7,0.0086,1,0
2.7077,0.000173,60.000000,-0.000582,0.0000,0.2406,3285.0,0.0092,1,0
2.7598,0.000180,60.000000,-0.000582,0.0000,0.2406,3308.3,0.0098,1,0
2.8107,0.000187,60.000000,-0.000582,0.0000,0.2383,3331.9,0.0106,1,0
2.8612,0.000194,60.000000,-0.000581,0.0000,0.2383,3354.1,0.0116,1,0
2.9131,0.000201,60.000000,-0.000581,0.0000,0.2352,3373.9,0.0124,1,0
2.9635,0.000209,60.000000,-0.000580,0.0000,0.2352,3390.9,0.0134,1,0
3.0167,0.000216,60.000000,-0.000580,0.0000,0.2336,3404.0,0.0144,1,0
3.0683,0.000224,60.000000,-0.000579,0.0000,0.2336,3414.1,0.0153,1,0
3.1217,0.000231,60.000000,-0.000578,0.0000,0.2294,3421.4,0.0163,1,0
3.1746,0.000239,60.000000,-0.000578,0.0000,0.2294,3426.7,0.0176,1,0
3.2266,0.000247,60.000000,-0.000577,0.0000,0.2252,3433.4,0.0188,1,0
3.2784,0.000255,60.000000,-0.000577,0.0000,0.2252,3442.6,0.0201,1,0
3.3292,0.000264,60.000000,-0.000576,0.0000,0.2180,3449.6,0.0215,1,0
3.3818,0.000272,60.000000,-0.000576,0.0000,0.2180,3452.6,0.0230,1,0
3.4339,0.000280,60.000000,-0.000575,0.0000,0.2122,3451.9,0.0244,1,0
3.4868,0.000289,60.000000,-0.000574,0.0000,0.2122,3447.9,0.0260,1,0
3.5404,0.000298,60.000000,-0.000574,0.0000,0.2069,3440.6,0.0275,1,0
3.5937,0.000307,60.000000,-0.000573,0.0000,0.2069,3430.7,0.0290,1,0
3.6479,0.000316,60.000000,-0.000572,0.0000,0.2038,3420.7,0.0306,1,0
3.7007,0.000325,60.000000,-0.000572,0.0000,0.2038,3410.9,0.0322,1,0
3.7540,0.000334,60.000000,-0.000571,0.0000,0.2010,3404.4,0.0340,1,0
3.8060,0.000343,60.000000,-0.000570,0.0000,0.2010,3397.8,0.0358,1,0
3.8593,0.000353,60.000000,-0.000570,0.0000,0.2003,3389.1,0.0377,1,0
3.9127,0.000362,60.000000,-0.000569,0.0000,0.2003,3378.8,0.0397,1,0
3.9667,0.000372,60.000000,-0.000568,0.0000,0.1998,3366.6,0.0418,1,0
4.0215,0.000382,60.000000,-0.000568,0.0000,0.1998,3352.5,0.0438,1,0
4.0761,0.000392,60.000000,-0.000567,0.0000,0.1992,3336.9,0.0460,1,0
4.1317,0.000402,60.000000,-0.000566,0.0000,0.1992,3321.3,0.0482,1,0
4.1860,0.000413,60.000000,-0.000566,0.0000,0.1957,3307.4,0.0506,1,0
4.2402,0.000423,60.000001,-0.000565,0.0000,0.1957,3296.3,0.0532,1,0
4.2934,0.000434,60.000001,-0.000564,0.0000,0.1908,3287.8,0.0558,1,0
4.3466,0.000445,60.000002,-0.000563,0.0000,0.1908,3277.9,0.0583,1,0
4.4003,0.000455,60.000002,-0.000562,0.0000,0.1855,3266.1,0.0610,1,0
4.4541,0.000466,60.000002,-0.000562,0.0000,0.1855,3252.3,0.0636,1,0
4.5086,0.000477,60.000003,-0.000561,0.0000,0.1836,3236.7,0.0662,1,0
4.5632,0.000489,60.000003,-0.000560,0.0000,0.1836,3219.7,0.0688,1,0
4.6185,0.000500,60.000004,-0.000559,0.0000,0.1855,3201.5,0.0714,1,0
4.6738,0.000512,60.000004,-0.000559,0.0000,0.1855,3184.2,0.0742,1,0
4.7291,0.000523,60.000004,-0.000558,0.0000,0.1867,3167.7,0.0770,1,0
4.7839,0.000535,60.000004,-0.000557,0.0000,0.1867,3154.3,0.0800,1,0
4.8380,0.000547,60.000004,-0.000556,0.0000,0.1890,3145.3,0.0831,1,0
4.8920,0.000559,60.000004,-0.000555,0.0000,0.1890,3138.0,0.0862,1,0
4.9460,0.000571,60.000004,-0.000554,0.0000,0.1902,3130.8,0.0893,1,0
5.0004,0.000584,60.000004,-0.000553,0.0000,0.1902,3122.8,0.0924,1,0
5.0551,0.000596,60.000004,-0.000552,0.0000,0.1913,3114.3,0.0956,1,0
5.1102,0.000609,60.000004,-0.000552,0.0000,0.1913,3104.6,0.0986,1,0
5.1659,0.000621,60.000004,-0.000551,0.0000,0.1938,3094.0,0.1017,1,0
5.2216,0.000634,60.000004,-0.000550,0.0000,0.1938,3083.0,0.1047,1,0
5.2775,0.000647,60.000004,-0.000549,0.0000,0.1980,3073.6,0.1078,1,0
5.3327,0.000661,60.000004,-0.000548,0.0000,0.1980,3067.4,0.1108,1,0
5.3871,0.000674,60.000004,-0.000547,0.0000,0.1998,3065.8,0.1139,1,0
5.4416,0.000687,60.000004,-0.000546,0.0000,0.1998,3064.7,0.1170,1,0
5.4964,0.000701,60.000004,-0.000545,0.0000,0.2015,3062.4,0.1203,1,0
5.5517,0.000714,60.000004,-0.000544,0.0000,0.2015,3058.5,0.1235,1,0
5.6074,0.000728,60.000004,-0.000543,0.0000,0.2027,3052.9,0.1269,1,0
5.6637,0.000742,60.000004,-0.000542,0.0000,0.2027,3046.0,0.1304,1,0
5.7205,0.000756,60.000004,-0.000541,0.0000,0.2033,3037.3,0.1340,1,0
5.7776,0.000771,60.000004,-0.000540,0.0000,0.2033,3027.3,0.1378,1,0
5.8346,0.000785,60.000004,-0.000539,0.0000,0.2027,3018.4,0.1415,1,0
5.8916,0.000800,60.000004,-0.000538,0.0000,0.2027,3010.1,0.1455,1,0
5.9480,0.000814,60.000004,-0.000537,0.0000,0.2038,3004.3,0.1496,1,0
6.0040,0.000829,60.000004,-0.000536,0.0000,0.2038,3000.3,0.1538,1,0
6.0603,0.000844,60.000004,-0.000535,0.0000,0.2038,2994.9,0.1582,1,0
6.1173,0.000859,60.000004,-0.000534,0.0000,0.2038,2987.5,0.1625,1,0
6.1747,0.000874,60.000004,-0.000533,0.0000,0.2045,2978.1,0.1671,1,0
6.2327,0.000890,60.000004,-0.000531,0.0000,0.2045,2966.8,0.1717,1,0
6.2912,0.000905,60.000004,-0.000530,0.0000,0.2045,2953.7,0.1763,1,0
6.3502,0.000921,60.000004,-0.000529,0.0000,0.2045,2939.4,0.1810,1,0
6.4091,0.000937,60.000004,-0.000528,0.0000,0.2033,2924.9,0.1858,1,0
6.4679,0.000953,60.000004,-0.000527,0.0000,0.2033,2911.3,0.1907,1,0
6.5264,0.000969,60.000004,-0.000526,0.0000,0.2033,2900.0,0.1957,1,0
6.5836,0.000985,60.000004,-0.000525,0.0000,0.2033,2893.8,0.2008,1,0
6.6403,0.001001,60.000004,-0.000523,0.0000,0.2033,2890.1,0.2060,1,0
6.6969,0.001018,60.000004,-0.000522,0.0000,0.2033,2886.8,0.2111,1,0
6.7535,0.001035,60.000004,-0.000521,0.0000,0.2027,2883.2,0.2162,1,0
6.8105,0.001051,60.000004,-0.000520,0.0000,0.2027,2878.0,0.2211,1,0
6.8679,0.001068,60.000004,-0.000519,0.0000,0.2022,2871.7,0.2259,1,0
6.9256,0.001085,60.000004,-0.000518,0.0000,0.2022,2863.8,0.2306,1,0
6.9837,0.001103,60.000004,-0.000516,0.0000,0.1998,2853.8,0.2351,1,0
7.0420,0.001120,60.000005,-0.000515,0.0000,0.1998,2842.6,0.2394,1,0
7.1003,0.001137,60.000005,-0.000514,0.0000,0.1957,2831.8,0.2435,1,0
7.1585,0.001155,60.000006,-0.000512,0.0000,0.1957,2820.1,0.2474,1,0
7.2162,0.001173,60.000006,-0.000511,0.0000,0.1920,2810.1,0.2510,1,0
7.2731,0.001191,60.000006,-0.000510,0.0000,0.1920,2802.6,0.2543,1,0
7.3299,0.001209,60.000007,-0.000508,0.0000,0.1897,2794.9,0.2574,1,0
7.3869,0.001227,60.000007,-0.000507,0.0000,0.1897,2786.4,0.2605,1,0
7.4440,0.001245,60.000008,-0.000506,0.0000,0.1867,2776.8,0.2629,1,0
7.5015,0.001264,60.000008,-0.000505,0.0000,0.1867,2765.4,0.2652,1,0
7.5597,0.001283,60.000008,-0.000503,0.0000,0.1813,2750.8,0.2672,1,0
7.6181,0.001301,60.000008,-0.000502,0.0000,0.1813,2734.8,0.2690,1,0
7.6767,0.001320,60.000008,-0.000500,0.0000,0.1748,2717.2,0.2706,1,0
7.7355,0.001339,60.000008,-0.000499,0.0000,0.1748,2698.0,0.2721,1,0
7.7939,0.001359,60.000008,-0.000498,0.0000,0.1683,2679.5,0.2734,1,0
7.8524,0.001378,60.000008,-0.000496,0.0000,0.1683,2660.3,0.2747,1,0
7.9090,0.001398,60.000008,-0.000495,0.0000,0.1620,2648.0,0.2758,1,0
7.9647,0.001417,60.000008,-0.000493,0.0000,0.1620,2638.9,0.2768,1,0
8.0195,0.001437,60.000008,-0.000492,0.0000,0.1583,2633.6,0.2777,1,0
8.0734,0.001457,60.000008,-0.000491,0.0000,0.1583,2631.9,0.2785,1,0
8.1265,0.001477,60.000008,-0.000489,0.0000,0.1554,2633.0,0.2790,1,0
8.1786,0.001497,60.000008,-0.000488,0.0000,0.1554,2637.6,0.2793,1,0
8.2305,0.001517,60.000008,-0.000486,0.0000,0.1513,2642.6,0.2795,1,0
8.2826,0.001538,60.000008,-0.000485,0.0000,0.1513,2646.8,0.2795,1,0
8.3341,0.001558,60.000008,-0.000483,0.0000,0.1489,2652.8,0.2794,1,0
8.3854,0.001579,60.000008,-0.000482,0.0000,0.1489,2659.6,0.2790,1,0
8.4363,0.001600,60.000008,-0.000480,0.0000,0.1461,2667.1,0.2784,1,0
8.4865,0.001621,60.000008,-0.000479,0.0000,0.1461,2676.6,0.2777,1,0
8.5349,0.001642,60.000008,-0.000477,0.0000,0.1444,2692.9,0.2770,1,0
8.5884,0.001663,60.000008,-0.000476,0.0000,0.1444,2687.2,0.2764,1,0
8.6395,0.001684,60.000008,-0.000474,0.0000,0.1444,2690.5,0.2759,1,0
8.6883,0.001706,60.000008,-0.000472,0.0000,0.1444,2711.1,0.2755,1,0
8.7381,0.001727,60.000008,-0.000471,0.0000,0.2146,2729.0,0.2752,1,0
8.7908,0.001749,60.000008,-0.000469,0.0000,0.2146,2730.7,0.2750,1,0
8.8406,0.001771,60.000008,-0.000468,0.0000,0.2146,2763.0,0.2747,1,0
8.8898,0.001793,60.000008,-0.000466,0.0000,0.2146,2779.4,0.2745,1,0
8.9426,0.001815,60.000008,-0.000465,0.0000,0.2146,2770.2,0.2743,1,0
8.9932,0.001837,60.000008,-0.000463,0.0000,0.2146,2805.4,0.2743,1,0
9.0467,0.001859,60.000008,-0.000461,0.0000,0.1433,2825.6,0.2743,1,0
9.1000,0.001882,60.000008,-0.000460,0.0000,0.1433,2836.6,0.2746,1,0
9.1517,0.001904,60.000008,-0.000458,0.0000,0.2146,2837.8,0.2749,1,0
9.2008,0.001927,60.000008,-0.000456,0.0000,0.2146,2876.0,0.2753,1,0
9.2511,0.001950,60.000008,-0.000455,0.0000,0.2146,2870.9,0.2758,1,0
9.3006,0.001973,60.000008,-0.000453,0.0000,0.2146,2904.4,0.2764,1,0
9.3538,0.001996,60.000008,-0.000451,0.0000,0.2146,2922.2,0.2770,1,0
9.4069,0.002019,60.000008,-0.000450,0.0000,0.2146,2938.5,0.2776,1,0
9.4595,0.002042,60.000008,-0.000448,0.0000,0.2146,2956.2,0.2783,1,0
9.5136,0.002066,60.000008,-0.000446,0.0000,0.2146,2966.4,0.2789,1,0
9.5657,0.002089,60.000008,-0.000445,0.0000,0.2146,2984.8,0.2796,1,0
9.6180,0.002113,60.000008,-0.000443,0.0000,0.2146,3002.2,0.2804,1,0
9.6678,0.002137,60.000008,-0.000441,0.0000,0.2173,3018.7,0.2812,1,0
9.7192,0.002161,60.000008,-0.000439,0.0000,0.2173,3014.5,0.2821,1,0
9.7663,0.002185,60.000008,-0.000438,0.0000,0.1468,3052.8,0.2831,1,0
9.8156,0.002209,60.000008,-0.000436,0.0000,0.1468,3055.9,0.2842,1,0
9.8614,0.002234,60.000008,-0.000434,0.0000,0.2223,3082.2,0.2855,1,0
9.9079,0.002258,60.000008,-0.000432,0.0000,0.2223,3097.1,0.2868,1,0
9.9565,0.002283,60.000008,-0.000431,0.0000,0.2275,3094.2,0.2883,1,0
10.0043,0.002307,60.000008,-0.000429,0.0000,0.2275,3132.3,0.2899,1,0
10.0524,0.002332,60.000008,-0.000427,0.0000,0.2355,3131.1,0.2915,1,0
10.1003,0.002357,60.000008,-0.000425,0.0000,0.2355,3161.2,0.2933,1,0
10.1496,0.002382,60.000008,-0.000423,0.0000,0.1619,3156.1,0.2951,1,0
10.1973,0.002407,60.000007,-0.000422,0.0000,0.1619,3186.8,0.2969,1,0
10.2460,0.002432,60.000007,-0.000420,0.0000,0.1648,3195.2,0.2988,1,0
10.2881,0.002458,60.000006,-0.000418,0.0000,0.1648,3228.0,0.3006,1,0
10.3368,0.002483,60.000006,-0.000416,0.0000,0.2494,3223.8,0.3024,1,0
10.3837,0.002509,60.000006,-0.000414,0.0000,0.2494,3248.5,0.3040,1,0
10.4326,0.002535,60.000005,-0.000412,0.0000,0.1690,3244.2,0.3054,1,0
10.4804,0.002560,60.000005,-0.000411,0.0000,0.1690,3264.1,0.3068,1,0
10.5282,0.002586,60.000004,-0.000409,0.0000,0.1701,3283.0,0.3081,1,0
10.5773,0.002613,60.000004,-0.000407,0.0000,0.1701,3299.4,0.3092,1,0
10.6225,0.002639,60.000004,-0.000405,0.0000,0.1701,3328.9,0.3102,1,0
10.6651,0.002665,60.000004,-0.000403,0.0000,0.1701,3347.2,0.3111,1,0
10.7088,0.002691,60.000004,-0.000401,0.0000,0.1701,3359.8,0.3119,1,0
10.7542,0.002718,60.000004,-0.000399,0.0000,0.1701,3366.6,0.3125,1,0
10.7968,0.002745,60.000004,-0.000397,0.0000,0.1713,3385.2,0.3131,1,0
10.8382,0.002771,60.000004,-0.000395,0.0000,0.1713,3406.8,0.3136,1,0
10.8801,0.002798,60.000004,-0.000393,0.0000,0.1713,3427.8,0.3140,1,0
10.9240,0.002825,60.000004,-0.000392,0.0000,0.1713,3439.3,0.3145,1,0
10.9682,0.002852,60.000004,-0.000390,0.0000,0.1713,3448.6,0.3151,1,0
11.0121,0.002879,60.000004,-0.000388,0.0000,0.1713,3459.1,0.3159,1,0
11.0549,0.002907,60.000004,-0.000386,0.0000,0.1713,3473.8,0.3168,1,0
11.0966,0.002934,60.000003,-0.000384,0.0000,0.1713,3491.7,0.3177,1,0
11.1388,0.002961,60.000003,-0.000382,0.0000,0.1713,3506.4,0.3187,1,0
11.1814,0.002989,60.000002,-0.000380,0.0000,0.1713,3518.7,0.3196,1,0
11.2236,0.003017,60.000002,-0.000378,0.0000,0.1713,3532.0,0.3204,1,0
11.2660,0.003045,60.000002,-0.000376,0.0000,0.1713,3544.7,0.3210,1,0
11.3086,0.003072,60.000001,-0.000374,0.0000,0.1720,3554.9,0.3214,1,0
11.3514,0.003100,60.000001,-0.000372,0.0000,0.1720,3564.8,0.3217,1,0
11.3937,0.003128,60.000000,-0.000370,0.0000,0.1720,3576.3,0.3217,1,0
11.4358,0.003157,60.000000,-0.000368,0.0000,0.1720,3587.8,0.3216,1,0
11.4769,0.003185,60.000000,-0.000366,0.0000,0.1720,3604.2,0.3213,1,0
11.5182,0.003213,60.000000,-0.000364,0.0000,0.1720,3618.4,0.3209,1,0
11.5597,0.003242,60.000000,-0.000362,0.0000,0.1725,3631.4,0.3205,1,0
11.6013,0.003271,60.000000,-0.000360,0.0000,0.1725,3642.9,0.3201,1,0
11.6428,0.003299,60.000000,-0.000358,0.0000,0.1725,3655.5,0.3197,1,0
11.6840,0.003328,60.000000,-0.000356,0.0000,0.1725,3666.8,0.3193,1,0
11.7253,0.003357,60.000000,-0.000354,0.0000,0.1731,3677.7,0.3190,1,0
11.7666,0.003386,60.000000,-0.000352,0.0000,0.1731,3688.8,0.3188,1,0
11.8070,0.003415,60.000000,-0.000350,0.0000,0.1731,3702.5,0.3188,1,0
11.8464,0.003444,60.000000,-0.000348,0.0000,0.1731,3720.5,0.3188,1,0
11.8862,0.003474,60.000000,-0.000346,0.0000,0.1731,3735.2,0.3189,1,0
11.9264,0.003503,59.999999,-0.000343,0.0000,0.1731,3748.1,0.3192,1,0
11.9667,0.003533,59.999999,-0.000341,0.0000,0.1736,3759.6,0.3194,1,0
12.0067,0.003562,59.999998,-0.000339,0.0000,0.1736,3771.5,0.3195,1,0
12.0468,0.003592,59.999998,-0.000337,0.0000,0.1731,3782.6,0.3195,1,0
12.0870,0.003622,59.999998,-0.000335,0.0000,0.1731,3792.4,0.3195,1,0
12.1271,0.003652,59.999997,-0.000333,0.0000,0.1736,3803.2,0.3195,1,0
12.1659,0.003682,59.999997,-0.000331,0.0000,0.1736,3818.4,0.3195,1,0
12.2038,0.003712,59.999996,-0.000329,0.0000,0.1731,3835.7,0.3194,1,0
12.2426,0.003742,59.999996,-0.000327,0.0000,0.1731,3849.5,0.3191,1,0
12.2815,0.003772,59.999996,-0.000325,0.0000,0.1731,3861.3,0.3187,1,0
12.3205,0.003803,59.999995,-0.000323,0.0000,0.1731,3872.9,0.3181,1,0
12.3596,0.003833,59.999995,-0.000321,0.0000,0.1731,3883.7,0.3176,1,0
12.3989,0.003864,59.999994,-0.000318,0.0000,0.1731,3892.8,0.3172,1,0
12.4382,0.003894,59.999994,-0.000316,0.0000,0.1736,3902.2,0.3169,1,0
12.4760,0.003925,59.999994,-0.000314,0.0000,0.1736,3916.5,0.3167,1,0
12.5131,0.003956,59.999993,-0.000312,0.0000,0.1736,3932.5,0.3165,1,0
12.5509,0.003987,59.999993,-0.000310,0.0000,0.1736,3944.9,0.3165,1,0
12.5893,0.004018,59.999992,-0.000308,0.0000,0.1736,3954.8,0.3163,1,0
12.6270,0.004049,59.999992,-0.000306,0.0000,0.1736,3965.5,0.3161,1,0
12.6647,0.004080,59.999992,-0.000304,0.0000,0.1736,3976.6,0.3157,1,0
12.7027,0.004112,59.999992,-0.000302,0.0000,0.1736,3985.4,0.3154,1,0
12.7413,0.004143,59.999991,-0.000299,0.0000,0.1743,3994.2,0.3149,1,0
12.7786,0.004175,59.999991,-0.000297,0.0000,0.1743,4006.3,0.3146,1,0
12.8154,0.004206,59.999991,-0.000295,0.0000,0.1743,4020.7,0.3142,1,0
12.8525,0.004238,59.999991,-0.000293,0.0000,0.1743,4033.0,0.3138,1,0
12.8901,0.004270,59.999991,-0.000291,0.0000,0.1743,4042.8,0.3133,1,0
12.9267,0.004302,59.999990,-0.000289,0.0000,0.1743,4054.6,0.3130,1,0
12.9639,0.004334,59.999990,-0.000287,0.0000,0.1748,4064.7,0.3126,1,0
13.0015,0.004366,59.999990,-0.000284,0.0000,0.1748,4072.1,0.3123,1,0
13.0390,0.004398,59.999989,-0.000282,0.0000,0.1748,4079.8,0.3119,1,0
13.0746,0.004430,59.999988,-0.000280,0.0000,0.1748,4094.1,0.3117,1,0
13.1098,0.004462,59.999987,-0.000278,0.0000,0.1748,4110.1,0.3116,1,0
13.1453,0.004495,59.999986,-0.000276,0.0000,0.1748,4124.2,0.3116,1,0
13.1811,0.004527,59.999985,-0.000274,0.0000,0.1748,4135.8,0.3116,1,0
13.2174,0.004560,59.999984,-0.000272,0.0000,0.1748,4145.2,0.3115,1,0
13.2539,0.004593,59.999983,-0.000269,0.0000,0.1755,4153.2,0.3112,1,0
13.2903,0.004625,59.999982,-0.000267,0.0000,0.1755,4160.8,0.3106,1,0
13.3262,0.004658,59.999981,-0.000265,0.0000,0.1760,4170.4,0.3096,1,0
13.3614,0.004691,59.999980,-0.000263,0.0000,0.1760,4183.6,0.3081,1,0
13.3954,0.004724,59.999980,-0.000261,0.0000,0.1766,4201.0,0.3060,1,0
13.4301,0.004757,59.999979,-0.000259,0.0000,0.1766,4215.1,0.3032,1,0
13.4656,0.004791,59.999979,-0.000256,0.0000,0.1783,4226.4,0.2996,1,0
13.5010,0.004824,59.999979,-0.000254,0.0000,0.1783,4237.8,0.2954,1,0
13.5370,0.004857,59.999978,-0.000252,0.0000,0.1796,4249.9,0.2904,1,0
13.5727,0.004891,59.999978,-0.000250,0.0000,0.1796,4260.0,0.2849,1,0
13.6086,0.004924,59.999978,-0.000248,0.0000,0.1808,4269.9,0.2785,1,0
13.6440,0.004958,59.999978,-0.000246,0.0000,0.1808,4281.1,0.2716,1,0
13.6790,0.004992,59.999977,-0.000244,0.0000,0.1825,4294.4,0.2642,1,0
13.7141,0.005026,59.999977,-0.000241,0.0000,0.1825,4306.8,0.2565,1,0
13.7499,0.005060,59.999976,-0.000239,0.0000,0.1836,4317.9,0.2482,1,0
13.7860,0.005094,59.999976,-0.000237,0.0000,0.1836,4328.0,0.2397,1,0
13.8229,0.005128,59.999975,-0.000235,0.0000,0.1843,4335.6,0.2311,1,0
13.8600,0.005162,59.999974,-0.000233,0.0000,0.1843,4342.0,0.2226,1,0
13.8970,0.005196,59.999973,-0.000231,0.0000,0.1848,4349.0,0.2144,1,0
13.9336,0.005230,59.999973,-0.000228,0.0000,0.1848,4358.0,0.2067,1,0
13.9703,0.005265,59.999972,-0.000226,0.0000,0.1860,4366.7,0.1992,1,0
14.0077,0.005299,59.999971,-0.000224,0.0000,0.1860,4382.1,0.1921,1,0
14.0470,0.005334,59.999971,-0.000222,0.0000,0.1890,4381.1,0.1850,1,0
14.0874,0.005369,59.999970,-0.000220,0.0000,0.1890,4398.1,0.1779,1,0
14.1281,0.005404,59.999970,-0.000218,0.0000,0.1933,4413.5,0.1705,1,0
14.1709,0.005439,59.999969,-0.000215,0.0000,0.1933,4410.5,0.1631,1,0
14.2115,0.005474,59.999969,-0.000213,0.0000,0.1962,4439.7,0.1556,1,0
14.2548,0.005509,59.999968,-0.000211,0.0000,0.1962,4433.3,0.1481,1,0
14.2975,0.005544,59.999968,-0.000209,0.0000,0.2983,4455.2,0.1405,1,0
14.3434,0.005580,59.999968,-0.000207,0.0000,0.2983,4474.1,0.1326,1,0
14.3922,0.005615,59.999967,-0.000204,0.0000,0.3035,4482.2,0.1245,1,0
14.4417,0.005651,59.999967,-0.000202,0.0000,0.3035,4487.8,0.1164,1,0
14.4907,0.005686,59.999966,-0.000200,0.0000,0.3070,4494.8,0.1082,1,0
14.5399,0.005722,59.999966,-0.000198,0.0000,0.3070,4505.3,0.1003,1,0
14.5889,0.005758,59.999965,-0.000196,0.0000,0.3112,4514.7,0.0925,1,0
14.6389,0.005794,59.999964,-0.000193,0.0000,0.3112,4520.1,0.0850,1,0
14.6891,0.005831,59.999964,-0.000191,0.0000,0.3167,4526.1,0.0778,1,0
14.7392,0.005867,59.999963,-0.000189,0.0000,0.3167,4533.3,0.0709,1,0
14.7897,0.005903,59.999962,-0.000187,0.0000,0.3254,4540.1,0.0642,1,0
14.8406,0.005940,59.999961,-0.000184,0.0000,0.3254,4547.0,0.0576,1,0
14.8913,0.005977,59.999960,-0.000182,0.0000,0.3361,4556.6,0.0509,1,0
14.9416,0.006014,59.999960,-0.000180,0.0000,0.3361,4568.5,0.0447,1,0
14.9928,0.006051,59.999959,-0.000178,0.0000,0.3441,4578.3,0.0387,1,0
15.0447,0.006088,59.999958,-0.000176,0.0000,0.3441,4586.3,0.0333,1,0
15.0972,0.006125,59.999957,-0.000173,0.0000,0.3538,4593.5,0.0281,1,0
15.1496,0.006162,59.999956,-0.000171,0.0000,0.3538,4601.9,0.0233,1,0
15.2020,0.006200,59.999956,-0.000169,0.0000,0.3636,4612.5,0.0187,1,0
15.2545,0.006237,59.999955,-0.000166,0.0000,0.3636,4624.9,0.0144,1,0
15.3069,0.006275,59.999954,-0.000164,0.0000,0.3840,4641.5,0.0103,1,0
15.3592,0.006313,59.999953,-0.000162,0.0000,0.3840,4660.0,0.0066,1,0
15.4137,0.006351,59.999952,-0.000160,0.0000,0.4089,4675.0,0.0033,1,0
15.4690,0.006389,59.999952,-0.000157,0.0000,0.4089,4691.8,0.0004,1,0
15.5242,0.006427,59.999951,-0.000155,0.0000,0.4373,4713.8,-0.0022,1,0
15.5804,0.006466,59.999950,-0.000153,0.0000,0.4373,4736.6,-0.0044,1,0
15.6365,0.006504,59.999949,-0.000150,0.0000,0.4700,4765.0,-0.0065,1,0
15.6941,0.006543,59.999949,-0.000148,0.0000,0.4700,4793.2,-0.0082,1,0
15.7526,0.006582,59.999948,-0.000145,0.0000,0.5109,4824.3,-0.0097,1,0
15.8126,0.006621,59.999947,-0.000143,0.0000,0.5109,4854.2,-0.0109,1,0
15.8749,0.006660,59.999947,-0.000141,0.0000,0.5673,4884.6,-0.0117,1,0
15.9381,0.006700,59.999946,-0.000138,0.0000,0.5673,4921.5,-0.0124,1,0
16.0020,0.006739,59.999945,-0.000136,0.0000,0.4259,4948.9,-0.0127,1,0
16.0647,0.006779,59.999944,-0.000134,0.0000,0.4259,4950.5,-0.0129,1,0
16.1274,0.006818,59.999944,-0.000131,0.0000,0.3365,4920.7,-0.0129,1,0
16.1844,0.006858,59.999943,-0.000129,0.0000,0.3365,4891.4,-0.0128,1,0
16.2318,0.006898,59.999942,-0.000126,0.0000,0.2650,4897.2,-0.0124,1,0
16.2762,0.006938,59.999940,-0.000124,0.0000,0.2650,4898.4,-0.0121,1,0
16.3163,0.006979,59.999939,-0.000121,0.0000,0.2058,4902.2,-0.0117,1,0
16.3523,0.007019,59.999938,-0.000119,0.0000,0.2058,4911.4,-0.0113,1,0
16.3846,0.007059,59.999936,-0.000116,0.0000,0.1547,4924.3,-0.0109,1,0
16.4161,0.007100,59.999935,-0.000114,0.0000,0.1547,4923.7,-0.0106,1,0
16.4436,0.007141,59.999934,-0.000112,0.0000,0.1101,4931.1,-0.0103,1,0
16.4704,0.007181,59.999933,-0.000109,0.0000,0.1101,4928.3,-0.0100,1,0
16.4938,0.007222,59.999931,-0.000107,0.0000,0.0788,4929.4,-0.0097,1,0
16.5155,0.007263,59.999930,-0.000104,0.0000,0.0788,4928.9,-0.0096,1,0
16.5349,0.007303,59.999929,-0.000102,0.0000,0.0501,4926.9,-0.0094,1,0
16.5538,0.007344,59.999929,-0.000099,0.0000,0.0501,4909.7,-0.0093,1,0
16.5744,0.007385,59.999928,-0.000097,0.0000,0.0948,4841.0,-0.0091,1,0
16.5804,0.007426,59.999928,-0.000094,0.0000,0.0948,4881.2,-0.0088,1,0
16.5956,0.007467,59.999927,-0.000092,0.0000,0.0808,4841.1,-0.0085,1,0
16.5985,0.007508,59.999926,-0.000089,0.0000,0.0808,4889.5,-0.0082,1,0
16.6112,0.007549,59.999926,-0.000087,0.0000,0.0639,4845.4,-0.0079,1,0
16.6126,0.007590,59.999925,-0.000084,0.0000,0.0639,4892.2,-0.0076,1,0
16.6232,0.007631,59.999925,-0.000082,0.0000,0.0516,4847.1,-0.0071,1,0
16.6231,0.007672,59.999924,-0.000079,0.0000,0.0516,4888.5,-0.0068,1,0
16.6318,0.007713,59.999923,-0.000077,0.0000,0.0419,4847.4,-0.0063,1,0
16.6310,0.007754,59.999922,-0.000074,0.0000,0.0419,4881.9,-0.0059,1,0
16.6377,0.007795,59.999922,-0.000072,0.0000,0.0354,4850.3,-0.0055,1,0
16.6361,0.007836,59.999921,-0.000069,0.0000,0.0354,4878.2,-0.0052,1,0
16.6414,0.007877,59.999920,-0.000067,0.0000,0.0307,4856.6,-0.0048,1,0
16.6395,0.007918,59.999919,-0.000064,0.0000,0.0307,4874.2,-0.0044,1,0
16.6432,0.007959,59.999918,-0.000062,0.0000,0.0264,4865.6,-0.0040,1,0
16.6430,0.008000,59.999918,-0.000059,0.0000,0.0264,4865.6,-0.0038,1,0
16.6434,0.008041,59.999917,-0.000057,0.0000,0.0241,4879.1,-0.0036,1,0
16.6452,0.008082,59.999916,-0.000054,0.0000,0.0241,4862.0,-0.0035,1,0
16.6423,0.008123,59.999915,-0.000052,0.0000,0.0102,4891.5,-0.0034,1,0
16.6462,0.008164,59.999915,-0.000049,0.0000,0.0102,4861.8,-0.0032,1,0
16.6439,0.008205,59.999914,-0.000047,0.0000,0.0010,4885.6,-0.0032,1,0
16.6478,0.008246,59.999914,-0.000044,0.0000,0.0010,4857.5,-0.0031,1,0
16.6452,0.008287,59.999913,-0.000042,0.0000,0.0036,4877.0,-0.0030,1,0
16.6478,0.008329,59.999912,-0.000039,0.0000,0.0036,4864.7,-0.0028,1,0
16.6456,0.008370,59.999912,-0.000037,0.0000,0.0089,4875.3,-0.0026,1,0
16.6467,0.008411,59.999911,-0.000034,0.0000,0.0089,4877.6,-0.0024,1,0
16.6474,0.008452,59.999911,-0.000032,0.0000,0.0243,4865.1,-0.0022,1,0
16.6455,0.008493,59.999910,-0.000029,0.0000,0.0243,4883.2,-0.0019,1,0
16.6481,0.008534,59.999909,-0.000026,0.0000,0.0253,4859.9,-0.0016,1,0
16.6449,0.008575,59.999908,-0.000024,0.0000,0.0253,4883.6,-0.0015,1,0
16.6475,0.008616,59.999907,-0.000021,0.0000,0.0242,4868.8,-0.0013,1,0
16.6456,0.008657,59.999906,-0.000019,0.0000,0.0242,4884.5,-0.0012,1,0
16.6477,0.008698,59.999905,-0.000016,0.0000,0.0225,4874.7,-0.0010,1,0
16.6468,0.008739,59.999904,-0.000014,0.0000,0.0225,4879.0,-0.0009,1,0
16.6481,0.008780,59.999903,-0.000011,0.0000,0.0209,4876.8,-0.0008,1,0
16.6480,0.008821,59.999902,-0.000009,0.0000,0.0209,4869.0,-0.0007,1,0
16.6476,0.008862,59.999901,-0.000006,0.0000,0.0194,4878.3,-0.0005,1,0
16.6486,0.008903,59.999900,-0.000004,0.0000,0.0194,4868.3,-0.0003,1,0
16.6474,0.008944,59.999899,-0.000001,0.0000,0.0142,4880.1,-0.0001,1,0
16.6493,0.008985,59.999899,0.000001,0.0000,0.0142,4864.9,0.0000,1,0
16.6475,0.009027,59.999898,0.000004,0.0000,0.0113,4878.7,0.0003,1,0
16.6493,0.009068,59.999897,0.000006,0.0000,0.0113,4866.7,0.0004,1,0
16.6479,0.009109,59.999896,0.000009,0.0000,0.0111,4877.0,0.0005,1,0
16.6489,0.009150,59.999896,0.000011,0.0000,0.0111,4874.3,0.0005,1,0
16.6482,0.009191,59.999895,0.000014,0.0000,0.0127,4875.7,0.0005,1,0
16.6484,0.009232,59.999894,0.000016,0.0000,0.0127,4878.9,0.0006,1,0
16.6490,0.009273,59.999894,0.000019,0.0000,0.0162,4871.9,0.0006,1,0
16.6488,0.009314,59.999893,0.000021,0.0000,0.0162,4877.2,0.0007,1,0
16.6500,0.009355,59.999892,0.000024,0.0000,0.0206,4865.9,0.0008,1,0
16.6494,0.009396,59.999892,0.000026,0.0000,0.0206,4873.7,0.0008,1,0
16.6504,0.009437,59.999891,0.000029,0.0000,0.0203,4864.0,0.0010,1,0
16.6492,0.009478,59.999890,0.000031,0.0000,0.0203,4872.8,0.0011,1,0
16.6504,0.009519,59.999889,0.000034,0.0000,0.0199,4864.1,0.0013,1,0
16.6495,0.009560,59.999889,0.000036,0.0000,0.0199,4870.0,0.0016,1,0
16.6504,0.009601,59.999888,0.000039,0.0000,0.0190,4865.8,0.0017,1,0
16.6502,0.009643,59.999887,0.000041,0.0000,0.0190,4865.8,0.0017,1,0
16.6496,0.009684,59.999887,0.000044,0.0000,0.0172,4872.8,0.0017,1,0
16.6503,0.009725,59.999886,0.000046,0.0000,0.0172,4868.3,0.0017,1,0
16.6500,0.009766,59.999885,0.000049,0.0000,0.0186,4873.9,0.0017,1,0
16.6506,0.009807,59.999884,0.000051,0.0000,0.0186,4868.5,0.0018,1,0
16.6507,0.009848,59.999884,0.000054,0.0000,0.0171,4870.8,0.0017,1,0
16.6514,0.009889,59.999883,0.000056,0.0000,0.0171,4863.4,0.0017,1,0
16.6512,0.009930,59.999882,0.000059,0.0000,0.0157,4867.2,0.0017,1,0
16.6516,0.009971,59.999881,0.000061,0.0000,0.0157,4862.3,0.0017,1,0
16.6510,0.010012,59.999880,0.000064,0.0000,0.0155,4867.0,0.0017,1,0
16.6516,0.010053,59.999880,0.000066,0.0000,0.0155,4862.0,0.0016,1,0
16.6513,0.010094,59.999879,0.000069,0.0000,0.0160,4865.9,0.0016,1,0
16.6518,0.010135,59.999878,0.000071,0.0000,0.0160,4863.3,0.0014,1,0
16.6515,0.010176,59.999877,0.000074,0.0000,0.0171,4865.6,0.0010,1,0
16.6518,0.010218,59.999876,0.000076,0.0000,0.0171,4865.2,0.0008,1,0
16.6515,0.010259,59.999874,0.000079,0.0000,0.0177,4867.9,0.0006,1,0
16.6518,0.010300,59.999873,0.000081,0.0000,0.0177,4868.0,0.0005,1,0
16.6517,0.010341,59.999872,0.000084,0.0000,0.0129,4867.0,0.0005,1,0
16.6517,0.010382,59.999871,0.000087,0.0000,0.0129,4867.4,0.0006,1,0
16.6520,0.010423,59.999870,0.000089,0.0000,0.0161,4864.4,0.0008,1,0
16.6522,0.010464,59.999868,0.000092,0.0000,0.0161,4864.7,0.0009,1,0
16.6523,0.010505,59.999867,0.000094,0.0000,0.0163,4863.4,0.0011,1,0
16.6521,0.010546,59.999866,0.000097,0.0000,0.0163,4865.4,0.0013,1,0
16.6525,0.010587,59.999865,0.000099,0.0000,0.0170,4862.9,0.0014,1,0
16.6522,0.010628,59.999865,0.000102,0.0000,0.0170,4866.5,0.0014,1,0
16.6528,0.010669,59.999864,0.000104,0.0000,0.0167,4861.7,0.0013,1,0
16.6522,0.010710,59.999864,0.000107,0.0000,0.0167,4864.6,0.0010,1,0
16.6524,0.010751,59.999863,0.000109,0.0000,0.0174,4864.0,0.0010,1,0
16.6517,0.010793,59.999862,0.000112,0.0000,0.0174,4868.7,0.0011,1,0
16.6515,0.010834,59.999862,0.000114,0.0000,0.0149,4871.1,0.0013,1,0
16.6518,0.010875,59.999861,0.000117,0.0000,0.0149,4869.9,0.0016,1,0
16.6521,0.010916,59.999861,0.000119,0.0000,0.0130,4867.8,0.0017,1,0
16.6525,0.010957,59.999860,0.000122,0.0000,0.0130,4864.8,0.0020,1,0
16.6526,0.010998,59.999859,0.000124,0.0000,0.0164,4865.2,0.0024,1,0
16.6525,0.011039,59.999858,0.000127,0.0000,0.0164,4865.9,0.0027,1,0
16.6518,0.011080,59.999857,0.000129,0.0000,0.0170,4869.4,0.0032,1,0
16.6521,0.011121,59.999856,0.000132,0.0000,0.0170,4867.2,0.0034,1,0
16.6520,0.011162,59.999855,0.000134,0.0000,0.0163,4868.6,0.0036,1,0
16.6523,0.011203,59.999854,0.000137,0.0000,0.0163,4867.7,0.0037,1,0
16.6523,0.011244,59.999853,0.000139,0.0000,0.0171,4866.9,0.0038,1,0
16.6521,0.011285,59.999852,0.000142,0.0000,0.0171,4869.9,0.0039,1,0
16.6521,0.011326,59.999851,0.000144,0.0000,0.0167,4872.1,0.0042,1,0
16.6520,0.011368,59.999850,0.000147,0.0000,0.0167,4873.0,0.0047,1,0
16.6519,0.011409,59.999849,0.000149,0.0000,0.0173,4872.3,0.0051,1,0
16.6521,0.011450,59.999849,0.000152,0.0000,0.0173,4873.3,0.0055,1,0
16.6525,0.011491,59.999848,0.000154,0.0000,0.0129,4870.0,0.0059,1,0
16.6528,0.011532,59.999848,0.000157,0.0000,0.0129,4867.3,0.0064,1,0
16.6525,0.011573,59.999847,0.000159,0.0000,0.0165,4867.8,0.0068,1,0
16.6523,0.011614,59.999846,0.000162,0.0000,0.0165,4869.9,0.0073,1,0
16.6524,0.011655,59.999846,0.000164,0.0000,0.0173,4867.5,0.0076,1,0
16.6519,0.011696,59.999845,0.000167,0.0000,0.0173,4871.4,0.0081,1,0
16.6524,0.011737,59.999845,0.000169,0.0000,0.0169,4866.9,0.0087,1,0
16.6522,0.011778,59.999844,0.000172,0.0000,0.0169,4868.6,0.0091,1,0
16.6528,0.011819,59.999843,0.000174,0.0000,0.0174,4865.1,0.0097,1,0
16.6513,0.011860,59.999842,0.000177,0.0000,0.0174,4870.9,0.0101,1,0
16.6507,0.011901,59.999842,0.000179,0.0000,0.0180,4878.0,0.0105,1,0
16.6513,0.011943,59.999841,0.000182,0.0000,0.0180,4873.8,0.0108,1,0
16.6513,0.011984,59.999840,0.000184,0.0000,0.0094,4875.6,0.0111,1,0
16.6521,0.012025,59.999839,0.000187,0.0000,0.0094,4868.0,0.0114,1,0
16.6519,0.012066,59.999838,0.000189,0.0000,0.0146,4869.2,0.0116,1,0
16.6523,0.012107,59.999838,0.000192,0.0000,0.0146,4865.5,0.0119,1,0
16.6513,0.012148,59.999837,0.000194,0.0000,0.0151,4871.3,0.0122,1,0
16.6518,0.012189,59.999836,0.000197,0.0000,0.0151,4869.7,0.0126,1,0
16.6517,0.012230,59.999835,0.000199,0.0000,0.0122,4870.3,0.0130,1,0
16.6520,0.012271,59.999835,0.000202,0.0000,0.0122,4869.4,0.0134,1,0
16.6520,0.012312,59.999834,0.000204,0.0000,0.0151,4867.4,0.0137,1,0
16.6519,0.012353,59.999834,0.000207,0.0000,0.0151,4869.6,0.0140,1,0
16.6518,0.012394,59.999833,0.000209,0.0000,0.0182,4869.4,0.0144,1,0
16.6512,0.012435,59.999832,0.000212,0.0000,0.0182,4874.8,0.0147,1,0
16.6520,0.012476,59.999832,0.000214,0.0000,0.0177,4870.7,0.0151,1,0
16.6516,0.012518,59.999831,0.000217,0.0000,0.0177,4873.2,0.0154,1,0
16.6524,0.012559,59.999831,0.000219,0.0000,0.0170,4867.2,0.0159,1,0
16.6520,0.012600,59.999830,0.000222,0.0000,0.0170,4868.1,0.0162,1,0
16.6524,0.012641,59.999829,0.000224,0.0000,0.0167,4866.1,0.0166,1,0
16.6521,0.012682,59.999827,0.000227,0.0000,0.0167,4864.9,0.0170,1,0
16.6519,0.012723,59.999826,0.000229,0.0000,0.0168,4868.2,0.0172,1,0
16.6522,0.012764,59.999825,0.000232,0.0000,0.0168,4863.4,0.0174,1,0
16.6518,0.012805,59.999824,0.000234,0.0000,0.0144,4867.6,0.0176,1,0
16.6524,0.012846,59.999822,0.000237,0.0000,0.0144,4863.0,0.0176,1,0
16.6519,0.012887,59.999821,0.000239,0.0000,0.0138,4867.8,0.0177,1,0
16.6522,0.012928,59.999820,0.000242,0.0000,0.0138,4865.4,0.0177,1,0
16.6518,0.012969,59.999818,0.000244,0.0000,0.0122,4869.9,0.0177,1,0
16.6520,0.013010,59.999817,0.000247,0.0000,0.0122,4868.4,0.0177,1,0
16.6521,0.013051,59.999816,0.000249,0.0000,0.0135,4869.4,0.0176,1,0
16.6524,0.013093,59.999816,0.000252,0.0000,0.0135,4867.8,0.0176,1,0
16.6527,0.013134,59.999815,0.000254,0.0000,0.0115,4865.0,0.0175,1,0
16.6530,0.013175,59.999814,0.000257,0.0000,0.0115,4862.9,0.0173,1,0
16.6526,0.013216,59.999813,0.000259,0.0000,0.0141,4865.7,0.0172,1,0
16.6530,0.013257,59.999813,0.000262,0.0000,0.0141,4864.5,0.0170,1,0
16.6527,0.013298,59.999812,0.000264,0.0000,0.0111,4865.8,0.0168,1,0
16.6526,0.013339,59.999811,0.000267,0.0000,0.0111,4864.5,0.0166,1,0
16.6524,0.013380,59.999811,0.000269,0.0000,0.0112,4867.2,0.0164,1,0
16.6531,0.013421,59.999810,0.000272,0.0000,0.0112,4862.4,0.0164,1,0
16.6524,0.013462,59.999809,0.000274,0.0000,0.0171,4866.3,0.0163,1,0
16.6520,0.013503,59.999808,0.000277,0.0000,0.0171,4870.4,0.0162,1,0
16.6522,0.013544,59.999807,0.000279,0.0000,0.0172,4871.7,0.0162,1,0
16.6521,0.013585,59.999806,0.000282,0.0000,0.0172,4872.5,0.0162,1,0
16.6526,0.013627,59.999805,0.000284,0.0000,0.0164,4869.5,0.0162,1,0
16.6527,0.013668,59.999804,0.000287,0.0000,0.0164,4868.6,0.0162,1,0
16.6535,0.013709,59.999803,0.000289,0.0000,0.0163,4862.8,0.0161,1,0
16.6525,0.013750,59.999802,0.000292,0.0000,0.0163,4865.2,0.0160,1,0
16.6520,0.013791,59.999801,0.000294,0.0000,0.0169,4867.9,0.0158,1,0
16.6522,0.013832,59.999800,0.000297,0.0000,0.0169,4867.1,0.0156,1,0
16.6523,0.013873,59.999799,0.000299,0.0000,0.0165,4869.3,0.0155,1,0
16.6527,0.013914,59.999799,0.000302,0.0000,0.0165,4864.8,0.0154,1,0
16.6523,0.013955,59.999798,0.000304,0.0000,0.0152,4867.4,0.0154,1,0
16.6526,0.013996,59.999798,0.000307,0.0000,0.0152,4865.5,0.0154,1,0
16.6514,0.014037,59.999797,0.000309,0.0000,0.0126,4873.6,0.0153,1,0
16.6517,0.014078,59.999796,0.000312,0.0000,0.0126,4872.9,0.0153,1,0
16.6517,0.014119,59.999796,0.000314,0.0000,0.0143,4872.5,0.0152,1,0
16.6519,0.014160,59.999795,0.000317,0.0000,0.0143,4873.8,0.0150,1,0
16.6524,0.014202,59.999795,0.000319,0.0000,0.0120,4867.5,0.0146,1,0
16.6524,0.014243,59.999794,0.000322,0.0000,0.0120,4868.4,0.0143,1,0
16.6526,0.014284,59.999793,0.000324,0.0000,0.0139,4866.5,0.0139,1,0
16.6523,0.014325,59.999792,0.000327,0.0000,0.0139,4868.9,0.0135,1,0
16.6528,0.014366,59.999792,0.000329,0.0000,0.0167,4866.3,0.0130,1,0
16.6523,0.014407,59.999791,0.000331,0.0000,0.0167,4869.7,0.0127,1,0
16.6529,0.014448,59.999790,0.000334,0.0000,0.0168,4866.0,0.0122,1,0
16.6523,0.014489,59.999789,0.000336,0.0000,0.0168,4869.5,0.0119,1,0
16.6527,0.014530,59.999788,0.000339,0.0000,0.0167,4867.4,0.0116,1,0
16.6523,0.014571,59.999788,0.000341,0.0000,0.0167,4870.7,0.0114,1,0
16.6521,0.014612,59.999787,0.000344,0.0000,0.0148,4873.7,0.0114,1,0
16.6524,0.014653,59.999786,0.000346,0.0000,0.0148,4870.8,0.0115,1,0
16.6521,0.014694,59.999785,0.000349,0.0000,0.0167,4873.5,0.0119,1,0
16.6526,0.014735,59.999785,0.000351,0.0000,0.0167,4869.7,0.0122,1,0
16.6529,0.014777,59.999784,0.000354,0.0000,0.0145,4869.1,0.0126,1,0
16.6531,0.014818,59.999784,0.000356,0.0000,0.0145,4865.6,0.0129,1,0
16.6526,0.014859,59.999783,0.000359,0.0000,0.0164,4869.1,0.0132,1,0
16.6528,0.014900,59.999782,0.000361,0.0000,0.0164,4868.3,0.0134,1,0
16.6527,0.014941,59.999782,0.000364,0.0000,0.0121,4869.3,0.0135,1,0
16.6529,0.014982,59.999781,0.000366,0.0000,0.0121,4867.0,0.0135,1,0
16.6529,0.015023,59.999781,0.000369,0.0000,0.0152,4867.8,0.0135,1,0
16.6532,0.015064,59.999780,0.000371,0.0000,0.0152,4866.1,0.0133,1,0
16.6525,0.015105,59.999779,0.000374,0.0000,0.0177,4869.5,0.0130,1,0
16.6516,0.015146,59.999777,0.000376,0.0000,0.0177,4875.7,0.0127,1,0
16.6521,0.015187,59.999776,0.000379,0.0000,0.0174,4873.1,0.0123,1,0
16.6520,0.015228,59.999775,0.000381,0.0000,0.0174,4875.0,0.0121,1,0
16.6526,0.015269,59.999773,0.000383,0.0000,0.0144,4869.1,0.0117,1,0
16.6528,0.015311,59.999772,0.000386,0.0000,0.0144,4868.4,0.0113,1,0
16.6531,0.015352,59.999771,0.000388,0.0000,0.0166,4864.8,0.0109,1,0
16.6524,0.015393,59.999770,0.000391,0.0000,0.0166,4869.5,0.0105,1,0
16.6528,0.015434,59.999768,0.000393,0.0000,0.0163,4868.1,0.0100,1,0
16.6525,0.015475,59.999767,0.000396,0.0000,0.0163,4868.0,0.0096,1,0
16.6524,0.015516,59.999766,0.000398,0.0000,0.0161,4870.8,0.0091,1,0
16.6527,0.015557,59.999766,0.000401,0.0000,0.0161,4865.5,0.0087,1,0
16.6520,0.015598,59.999765,0.000403,0.0000,0.0155,4871.3,0.0084,1,0
16.6525,0.015639,59.999764,0.000406,0.0000,0.0155,4868.6,0.0080,1,0
16.6520,0.015680,59.999764,0.000408,0.0000,0.0133,4872.5,0.0077,1,0
16.6523,0.015721,59.999763,0.000411,0.0000,0.0133,4871.8,0.0074,1,0
16.6522,0.015762,59.999762,0.000413,0.0000,0.0095,4871.4,0.0072,1,0
16.6526,0.015803,59.999761,0.000416,0.0000,0.0095,4869.6,0.0069,1,0
16.6528,0.015844,59.999761,0.000418,0.0000,0.0139,4868.5,0.0067,1,0
16.6529,0.015886,59.999760,0.000421,0.0000,0.0139,4867.5,0.0065,1,0
16.6530,0.015927,59.999759,0.000423,0.0000,0.0137,4866.0,0.0064,1,0
16.6526,0.015968,59.999758,0.000425,0.0000,0.0137,4868.3,0.0061,1,0
16.6529,0.016009,59.999758,0.000428,0.0000,0.0168,4866.2,0.0059,1,0
16.6523,0.016050,59.999757,0.000430,0.0000,0.0168,4869.0,0.0057,1,0
16.6528,0.016091,59.999756,0.000433,0.0000,0.0165,4866.1,0.0055,1,0
16.6525,0.016132,59.999755,0.000435,0.0000,0.0165,4867.8,0.0052,1,0
16.6526,0.016173,59.999754,0.000438,0.0000,0.0170,4868.0,0.0049,1,0
16.6520,0.016214,59.999754,0.000440,0.0000,0.0170,4871.8,0.0047,1,0
16.6520,0.016255,59.999753,0.000443,0.0000,0.0170,4873.8,0.0044,1,0
16.6522,0.016296,59.999752,0.000445,0.0000,0.0170,4872.3,0.0042,1,0
16.6524,0.016337,59.999751,0.000448,0.0000,0.0162,4872.0,0.0040,1,0
16.6529,0.016378,59.999750,0.000450,0.0000,0.0162,4867.2,0.0037,1,0
16.6529,0.016419,59.999750,0.000453,0.0000,0.0160,4868.0,0.0034,1,0
16.6528,0.016461,59.999749,0.000455,0.0000,0.0160,4866.6,0.0032,1,0
16.6521,0.016502,59.999748,0.000458,0.0000,0.0105,4871.6,0.0029,1,0
16.6526,0.016543,59.999747,0.000460,0.0000,0.0105,4867.0,0.0027,1,0
16.6521,0.016584,59.999746,0.000463,0.0000,0.0152,4870.3,0.0025,1,0
16.6526,0.016625,59.999746,0.000465,0.0000,0.0152,4868.3,0.0023,1,0
16.6522,0.016666,59.999745,0.000467,0.0000,0.0135,4868.9,0.0022,1,0
16.6525,0.016707,59.999744,0.000470,0.0000,0.0135,4868.7,0.0019,1,0
16.6518,0.016748,59.999743,0.000472,0.0000,0.0154,4873.3,0.0017,1,0
16.6518,0.016789,59.999742,0.000475,0.0000,0.0154,4874.9,0.0015,1,0
16.6521,0.016830,59.999741,0.000477,0.0000,0.0173,4873.0,0.0013,1,0
16.6521,0.016871,59.999740,0.000480,0.0000,0.0173,4874.9,0.0012,1,0
16.6527,0.016912,59.999738,0.000482,0.0000,0.0165,4868.8,0.0010,1,0
16.6527,0.016953,59.999737,0.000485,0.0000,0.0165,4868.7,0.0008,1,0
16.6528,0.016994,59.999736,0.000487,0.0000,0.0159,4867.3,0.0006,1,0
16.6523,0.017036,59.999735,0.000490,0.0000,0.0159,4870.6,0.0004,1,0
16.6527,0.017077,59.999734,0.000492,0.0000,0.0168,4867.8,0.0002,1,0
16.6525,0.017118,59.999733,0.000495,0.0000,0.0168,4869.9,0.0001,1,0
16.6527,0.017159,59.999732,0.000497,0.0000,0.0166,4868.3,-0.0000,1,0
16.6526,0.017200,59.999731,0.000500,0.0000,0.0166,4869.1,-0.0001,1,0
16.6529,0.017241,59.999731,0.000502,0.0000,0.0170,4865.6,-0.0003,1,0
16.6518,0.017282,59.999730,0.000505,0.0000,0.0170,4871.1,-0.0005,1,0
16.6514,0.017323,59.999729,0.000507,0.0000,0.0172,4875.4,-0.0006,1,0
16.6520,0.017364,59.999728,0.000509,0.0000,0.0172,4871.0,-0.0008,1,0
16.6517,0.017405,59.999727,0.000512,0.0000,0.0102,4874.8,-0.0010,1,0
16.6526,0.017446,59.999727,0.000514,0.0000,0.0102,4866.4,-0.0012,1,0
16.6522,0.017487,59.999726,0.000517,0.0000,0.0132,4870.2,-0.0015,1,0
16.6529,0.017528,59.999725,0.000519,0.0000,0.0132,4864.8,-0.0017,1,0
16.6521,0.017570,59.999724,0.000522,0.0000,0.0147,4868.4,-0.0020,1,0
16.6526,0.017611,59.999724,0.000524,0.0000,0.0147,4866.9,-0.0022,1,0
16.6522,0.017652,59.999723,0.000527,0.0000,0.0150,4867.4,-0.0023,1,0
16.6522,0.017693,59.999722,0.000529,0.0000,0.0150,4868.1,-0.0025,1,0
16.6523,0.017734,59.999721,0.000532,0.0000,0.0159,4867.3,-0.0026,1,0
16.6526,0.017775,59.999721,0.000534,0.0000,0.0159,4868.0,-0.0027,1,0
16.6524,0.017816,59.999720,0.000537,0.0000,0.0172,4868.8,-0.0027,1,0
16.6521,0.017857,59.999719,0.000539,0.0000,0.0172,4872.1,-0.0027,1,0
16.6525,0.017898,59.999719,0.000542,0.0000,0.0155,4870.4,-0.0026,1,0
16.6524,0.017939,59.999718,0.000544,0.0000,0.0155,4871.4,-0.0024,1,0
16.6529,0.017980,59.999717,0.000547,0.0000,0.0145,4867.1,-0.0023,1,0
16.6531,0.018021,59.999716,0.000549,0.0000,0.0145,4866.8,-0.0022,1,0
16.6535,0.018062,59.999716,0.000551,0.0000,0.0162,4863.4,-0.0020,1,0
16.6527,0.018103,59.999715,0.000554,0.0000,0.0162,4867.2,-0.0019,1,0
16.6528,0.018145,59.999714,0.000556,0.0000,0.0161,4866.9,-0.0017,1,0
16.6527,0.018186,59.999713,0.000559,0.0000,0.0161,4866.3,-0.0016,1,0
16.6527,0.018227,59.999712,0.000561,0.0000,0.0161,4868.4,-0.0015,1,0
16.6529,0.018268,59.999712,0.000564,0.0000,0.0161,4865.6,-0.0014,1,0
16.6526,0.018309,59.999711,0.000566,0.0000,0.0162,4868.0,-0.0014,1,0
16.6528,0.018350,59.999710,0.000569,0.0000,0.0162,4866.3,-0.0013,1,0
16.6518,0.018391,59.999709,0.000571,0.0000,0.0109,4872.3,-0.0013,1,0
16.6521,0.018432,59.999708,0.000574,0.0000,0.0109,4870.8,-0.0013,1,0
16.6521,0.018473,59.999708,0.000576,0.0000,0.0175,4870.9,-0.0013,1,0
16.6520,0.018514,59.999707,0.000579,0.0000,0.0175,4872.1,-0.0013,1,0
16.6524,0.018555,59.999706,0.000581,0.0000,0.0171,4866.9,-0.0015,1,0
16.6523,0.018596,59.999705,0.000584,0.0000,0.0171,4869.5,-0.0015,1,0
16.6524,0.018637,59.999704,0.000586,0.0000,0.0170,4867.0,-0.0017,1,0
16.6522,0.018678,59.999704,0.000589,0.0000,0.0170,4870.0,-0.0018,1,0
16.6524,0.018720,59.999703,0.000591,0.0000,0.0166,4868.0,-0.0019,1,0
16.6521,0.018761,59.999702,0.000593,0.0000,0.0166,4870.8,-0.0020,1,0
16.6526,0.018802,59.999701,0.000596,0.0000,0.0170,4867.1,-0.0020,1,0
16.6521,0.018843,59.999700,0.000598,0.0000,0.0170,4869.9,-0.0019,1,0
16.6522,0.018884,59.999698,0.000601,0.0000,0.0176,4869.2,-0.0017,1,0
16.6514,0.018925,59.999697,0.000603,0.0000,0.0176,4873.9,-0.0015,1,0
16.6512,0.018966,59.999696,0.000606,0.0000,0.0155,4878.1,-0.0012,1,0
16.6517,0.019007,59.999695,0.000608,0.0000,0.0155,4875.3,-0.0008,1,0
16.6519,0.019048,59.999694,0.000611,0.0000,0.0142,4875.7,-0.0005,1,0
16.6525,0.019089,59.999692,0.000613,0.0000,0.0142,4869.4,-0.0001,1,0
16.6522,0.019130,59.999691,0.000616,0.0000,0.0161,4871.4,0.0003,1,0
16.6526,0.019171,59.999690,0.000618,0.0000,0.0161,4867.3,0.0008,1,0
16.6516,0.019212,59.999689,0.000621,0.0000,0.0142,4872.1,0.0013,1,0
16.6518,0.019254,59.999689,0.000623,0.0000,0.0142,4871.7,0.0018,1,0
16.6517,0.019295,59.999688,0.000626,0.0000,0.0144,4872.5,0.0023,1,0
16.6520,0.019336,59.999687,0.000628,0.0000,0.0144,4871.3,0.0028,1,0
16.6520,0.019377,59.999686,0.000631,0.0000,0.0176,4869.9,0.0033,1,0
16.6516,0.019418,59.999686,0.000633,0.0000,0.0176,4872.7,0.0039,1,0
16.6509,0.019459,59.999685,0.000636,0.0000,0.0188,4877.3,0.0045,1,0
16.6507,0.019500,59.999684,0.000638,0.0000,0.0188,4880.1,0.0049,1,0
16.6512,0.019541,59.999684,0.000640,0.0000,0.0181,4877.3,0.0054,1,0
16.6513,0.019582,59.999683,0.000643,0.0000,0.0181,4877.3,0.0058,1,0
16.6519,0.019623,59.999682,0.000645,0.0000,0.0176,4871.5,0.0060,1,0
16.6517,0.019664,59.999682,0.000648,0.0000,0.0176,4872.4,0.0063,1,0
16.6520,0.019705,59.999681,0.000650,0.0000,0.0177,4869.7,0.0063,1,0
16.6515,0.019746,59.999680,0.000653,0.0000,0.0177,4872.4,0.0063,1,0
16.6517,0.019787,59.999679,0.000655,0.0000,0.0175,4870.6,0.0063,1,0
16.6516,0.019828,59.999679,0.000658,0.0000,0.0175,4871.6,0.0062,1,0
16.6516,0.019870,59.999678,0.000660,0.0000,0.0172,4871.6,0.0059,1,0
16.6516,0.019911,59.999677,0.000663,0.0000,0.0172,4871.1,0.0057,1,0
16.6516,0.019952,59.999677,0.000665,0.0000,0.0182,4871.6,0.0053,1,0
16.6511,0.019993,59.999676,0.000668,0.0000,0.0182,4873.2,0.0049,1,0
16.6508,0.020034,59.999675,0.000670,0.0000,0.0177,4873.7,0.0044,1,0
16.6506,0.020075,59.999675,0.000673,0.0000,0.0177,4876.0,0.0038,1,0
16.6509,0.020116,59.999674,0.000675,0.0000,0.0185,4874.2,0.0031,1,0
16.6509,0.020157,59.999674,0.000678,0.0000,0.0185,4874.1,0.0024,1,0
16.6512,0.020198,59.999673,0.000680,0.0000,0.0182,4872.1,0.0016,1,0
16.6511,0.020239,59.999672,0.000682,0.0000,0.0182,4871.6,0.0009,1,0
16.6509,0.020280,59.999672,0.000685,0.0000,0.0183,4872.9,0.0002,1,0
16.6510,0.020321,59.999671,0.000687,0.0000,0.0183,4871.3,-0.0005,1,0
16.6502,0.020362,59.999671,0.000690,0.0000,0.0181,4874.7,-0.0011,1,0
16.6505,0.020403,59.999670,0.000692,0.0000,0.0181,4871.7,-0.0017,1,0
16.6504,0.020445,59.999669,0.000695,0.0000,0.0166,4872.7,-0.0023,1,0
16.6504,0.020486,59.999668,0.000697,0.0000,0.0166,4872.2,-0.0028,1,0
16.6498,0.020527,59.999667,0.000700,0.0000,0.0209,4875.4,-0.0032,1,0
16.6490,0.020568,59.999666,0.000702,0.0000,0.0209,4882.1,-0.0036,1,0
16.6494,0.020609,59.999665,0.000705,0.0000,0.0200,4881.0,-0.0039,1,0
16.6496,0.020650,59.999664,0.000707,0.0000,0.0200,4879.7,-0.0041,1,0
16.6503,0.020691,59.999663,0.000710,0.0000,0.0192,4874.3,-0.0044,1,0
16.6499,0.020732,59.999662,0.000712,0.0000,0.0192,4872.1,-0.0045,1,0
16.6495,0.020773,59.999661,0.000715,0.0000,0.0201,4875.5,-0.0045,1,0
16.6494,0.020814,59.999660,0.000717,0.0000,0.0201,4876.3,-0.0045,1,0
16.6489,0.020855,59.999659,0.000720,0.0000,0.0176,4880.4,-0.0043,1,0
16.6494,0.020896,59.999658,0.000722,0.0000,0.0176,4876.5,-0.0040,1,0
16.6494,0.020937,59.999657,0.000724,0.0000,0.0175,4876.4,-0.0036,1,0
16.6497,0.020978,59.999656,0.000727,0.0000,0.0175,4873.4,-0.0031,1,0
16.6495,0.021019,59.999655,0.000729,0.0000,0.0208,4873.4,-0.0027,1,0
16.6487,0.021061,59.999654,0.000732,0.0000,0.0208,4877.6,-0.0022,1,0
16.6482,0.021102,59.999653,0.000734,0.0000,0.0213,4882.8,-0.0017,1,0
16.6483,0.021143,59.999652,0.000737,0.0000,0.0213,4883.0,-0.0015,1,0
16.6488,0.021184,59.999651,0.000739,0.0000,0.0185,4881.1,-0.0013,1,0
16.6493,0.021225,59.999650,0.000742,0.0000,0.0185,4877.4,-0.0013,1,0
16.6495,0.021266,59.999649,0.000744,0.0000,0.0201,4875.4,-0.0013,1,0
16.6498,0.021307,59.999648,0.000747,0.0000,0.0201,4873.1,-0.0015,1,0
16.6495,0.021348,59.999647,0.000749,0.0000,0.0200,4872.6,-0.0018,1,0
16.6495,0.021389,59.999646,0.000752,0.0000,0.0200,4872.9,-0.0022,1,0
16.6496,0.021430,59.999645,0.000754,0.0000,0.0201,4871.3,-0.0027,1,0
16.6496,0.021471,59.999644,0.000757,0.0000,0.0201,4871.9,-0.0034,1,0
16.6497,0.021512,59.999643,0.000759,0.0000,0.0200,4870.5,-0.0042,1,0
16.6496,0.021553,59.999642,0.000762,0.0000,0.0200,4871.1,-0.0051,1,0
16.6496,0.021594,59.999641,0.000764,0.0000,0.0204,4871.6,-0.0060,1,0
16.6493,0.021635,59.999640,0.000767,0.0000,0.0204,4873.4,-0.0071,1,0
16.6493,0.021677,59.999639,0.000769,0.0000,0.0194,4874.5,-0.0082,1,0
16.6495,0.021718,59.999639,0.000771,0.0000,0.0194,4872.8,-0.0093,1,0
16.6496,0.021759,59.999638,0.000774,0.0000,0.0201,4871.2,-0.0104,1,0
16.6496,0.021800,59.999638,0.000776,0.0000,0.0201,4871.0,-0.0114,1,0
16.6499,0.021841,59.999637,0.000779,0.0000,0.0200,4867.0,-0.0124,1,0
16.6495,0.021882,59.999636,0.000781,0.0000,0.0200,4868.8,-0.0133,1,0
16.6496,0.021923,59.999636,0.000784,0.0000,0.0201,4867.8,-0.0141,1,0
16.6497,0.021964,59.999635,0.000786,0.0000,0.0201,4868.4,-0.0147,1,0
16.6495,0.022005,59.999635,0.000789,0.0000,0.0206,4867.4,-0.0153,1,0
16.6492,0.022046,59.999634,0.000791,0.0000,0.0206,4869.6,-0.0157,1,0
16.6495,0.022087,59.999633,0.000794,0.0000,0.0204,4867.3,-0.0160,1,0
16.6493,0.022128,59.999632,0.000796,0.0000,0.0204,4869.3,-0.0162,1,0
16.6490,0.022169,59.999632,0.000799,0.0000,0.0211,4871.2,-0.0164,1,0
16.6487,0.022210,59.999631,0.000801,0.0000,0.0211,4874.1,-0.0165,1,0
16.6488,0.022251,59.999630,0.000804,0.0000,0.0187,4873.7,-0.0164,1,0
16.6492,0.022292,59.999629,0.000806,0.0000,0.0187,4871.6,-0.0163,1,0
16.6492,0.022334,59.999628,0.000809,0.0000,0.0199,4871.5,-0.0160,1,0
16.6497,0.022375,59.999628,0.000811,0.0000,0.0199,4867.9,-0.0157,1,0
16.6496,0.022416,59.999627,0.000814,0.0000,0.0204,4868.6,-0.0154,1,0
16.6493,0.022457,59.999626,0.000816,0.0000,0.0204,4870.0,-0.0150,1,0
16.6494,0.022498,59.999625,0.000819,0.0000,0.0203,4869.3,-0.0146,1,0
16.6491,0.022539,59.999624,0.000821,0.0000,0.0203,4870.5,-0.0141,1,0
16.6494,0.022580,59.999623,0.000824,0.0000,0.0197,4868.0,-0.0137,1,0
16.6493,0.022621,59.999622,0.000826,0.0000,0.0197,4869.6,-0.0133,1,0
16.6496,0.022662,59.999620,0.000828,0.0000,0.0209,4867.0,-0.0129,1,0
16.6487,0.022703,59.999619,0.000831,0.0000,0.0209,4872.4,-0.0126,1,0
16.6484,0.022744,59.999618,0.000833,0.0000,0.0209,4876.2,-0.0123,1,0
16.6488,0.022785,59.999617,0.000836,0.0000,0.0209,4873.0,-0.0120,1,0
16.6487,0.022826,59.999616,0.000838,0.0000,0.0191,4875.8,-0.0118,1,0
16.6494,0.022867,59.999615,0.000841,0.0000,0.0191,4868.5,-0.0116,1,0
16.6494,0.022908,59.999614,0.000843,0.0000,0.0192,4868.5,-0.0114,1,0
16.6497,0.022950,59.999613,0.000846,0.0000,0.0192,4864.8,-0.0112,1,0
16.6488,0.022991,59.999613,0.000848,0.0000,0.0160,4870.3,-0.0110,1,0
16.6493,0.023032,59.999612,0.000851,0.0000,0.0160,4868.1,-0.0108,1,0
16.6490,0.023073,59.999611,0.000853,0.0000,0.0172,4868.6,-0.0106,1,0
16.6492,0.023114,59.999610,0.000856,0.0000,0.0172,4868.7,-0.0104,1,0
16.6492,0.023155,59.999609,0.000858,0.0000,0.0161,4867.0,-0.0101,1,0
16.6492,0.023196,59.999609,0.000861,0.0000,0.0161,4867.9,-0.0099,1,0
16.6491,0.023237,59.999608,0.000863,0.0000,0.0211,4868.9,-0.0096,1,0
16.6487,0.023278,59.999607,0.000866,0.0000,0.0211,4873.2,-0.0093,1,0
16.6492,0.023319,59.999606,0.000868,0.0000,0.0209,4870.5,-0.0089,1,0
16.6491,0.023360,59.999606,0.000871,0.0000,0.0209,4872.4,-0.0085,1,0
16.6495,0.023401,59.999605,0.000873,0.0000,0.0201,4866.7,-0.0080,1,0
16.6495,0.023442,59.999604,0.000876,0.0000,0.0201,4868.2,-0.0075,1,0
16.6501,0.023483,59.999603,0.000878,0.0000,0.0200,4863.8,-0.0070,1,0
16.6495,0.023524,59.999603,0.000881,0.0000,0.0200,4866.6,-0.0064,1,0
16.6499,0.023566,59.999602,0.000883,0.0000,0.0198,4865.1,-0.0058,1,0
16.6496,0.023607,59.999601,0.000886,0.0000,0.0198,4866.0,-0.0052,1,0
16.6496,0.023648,59.999601,0.000888,0.0000,0.0196,4867.2,-0.0046,1,0
16.6498,0.023689,59.999600,0.000891,0.0000,0.0196,4864.4,-0.0041,1,0
16.6495,0.023730,59.999599,0.000893,0.0000,0.0199,4868.1,-0.0036,1,0
16.6497,0.023771,59.999598,0.000896,0.0000,0.0199,4866.5,-0.0031,1,0
16.6493,0.023812,59.999597,0.000898,0.0000,0.0148,4871.1,-0.0028,1,0
16.6496,0.023853,59.999596,0.000901,0.0000,0.0148,4868.3,-0.0024,1,0
16.6493,0.023894,59.999595,0.000903,0.0000,0.0201,4870.7,-0.0021,1,0
16.6496,0.023935,59.999594,0.000906,0.0000,0.0201,4869.6,-0.0018,1,0
16.6500,0.023976,59.999593,0.000908,0.0000,0.0158,4866.7,-0.0016,1,0
16.6505,0.024017,59.999592,0.000911,0.0000,0.0158,4863.4,-0.0013,1,0
16.6499,0.024058,59.999591,0.000913,0.0000,0.0201,4865.9,-0.0010,1,0
16.6498,0.024099,59.999590,0.000916,0.0000,0.0201,4869.0,-0.0007,1,0
16.6501,0.024140,59.999589,0.000918,0.0000,0.0159,4866.4,-0.0003,1,0
16.6501,0.024182,59.999589,0.000921,0.0000,0.0159,4866.7,-0.0000,1,0
16.6502,0.024223,59.999588,0.000923,0.0000,0.0177,4865.7,0.0003,1,0
16.6505,0.024264,59.999588,0.000926,0.0000,0.0177,4864.5,0.0005,1,0
16.6503,0.024305,59.999587,0.000928,0.0000,0.0200,4866.2,0.0008,1,0
16.6495,0.024346,59.999586,0.000931,0.0000,0.0200,4871.6,0.0009,1,0
16.6494,0.024387,59.999586,0.000933,0.0000,0.0200,4874.5,0.0010,1,0
16.6497,0.024428,59.999585,0.000936,0.0000,0.0200,4873.0,0.0010,1,0
16.6498,0.024469,59.999585,0.000938,0.0000,0.0160,4870.9,0.0010,1,0
16.6501,0.024510,59.999584,0.000941,0.0000,0.0160,4868.6,0.0010,1,0
16.6503,0.024551,59.999583,0.000943,0.0000,0.0196,4866.7,0.0009,1,0
16.6498,0.024592,59.999583,0.000945,0.0000,0.0196,4868.9,0.0008,1,0
16.6497,0.024633,59.999582,0.000948,0.0000,0.0200,4871.0,0.0007,1,0
16.6497,0.024674,59.999581,0.000950,0.0000,0.0200,4870.0,0.0005,1,0
16.6498,0.024715,59.999581,0.000953,0.0000,0.0198,4871.3,0.0002,1,0
16.6497,0.024756,59.999580,0.000955,0.0000,0.0198,4870.5,-0.0001,1,0
16.6498,0.024798,59.999579,0.000958,0.0000,0.0197,4871.4,-0.0005,1,0
16.6497,0.024839,59.999578,0.000960,0.0000,0.0197,4871.0,-0.0008,1,0
16.6493,0.024880,59.999578,0.000963,0.0000,0.0160,4875.3,-0.0013,1,0
16.6497,0.024921,59.999577,0.000965,0.0000,0.0160,4873.2,-0.0016,1,0
16.6494,0.024962,59.999576,0.000968,0.0000,0.0202,4874.4,-0.0020,1,0
16.6496,0.025003,59.999575,0.000970,0.0000,0.0202,4874.6,-0.0023,1,0
16.6498,0.025044,59.999573,0.000973,0.0000,0.0134,4872.8,-0.0026,1,0
16.6504,0.025085,59.999572,0.000975,0.0000,0.0134,4866.6,-0.0029,1,0
16.6500,0.025126,59.999571,0.000978,0.0000,0.0199,4866.6,-0.0030,1,0
16.6498,0.025167,59.999570,0.000980,0.0000,0.0199,4869.0,-0.0031,1,0
16.6496,0.025208,59.999569,0.000983,0.0000,0.0201,4870.5,-0.0032,1,0
16.6495,0.025249,59.999567,0.000985,0.0000,0.0201,4871.0,-0.0032,1,0
16.6497,0.025290,59.999566,0.000988,0.0000,0.0197,4869.7,-0.0033,1,0
16.6498,0.025331,59.999565,0.000990,0.0000,0.0197,4868.9,-0.0034,1,0
16.6497,0.025372,59.999564,0.000993,0.0000,0.0205,4870.3,-0.0035,1,0
16.6491,0.025414,59.999563,0.000995,0.0000,0.0205,4874.4,-0.0037,1,0
16.6489,0.025455,59.999563,0.000998,0.0000,0.0177,4877.6,-0.0038,1,0
16.6492,0.025496,59.999562,0.001000,0.0000,0.0177,4876.0,-0.0039,1,0
16.6490,0.025537,59.999561,0.001003,0.0000,0.0183,4874.9,-0.0041,1,0
16.6494,0.025578,59.999560,0.001005,0.0000,0.0183,4872.6,-0.0043,1,0
16.6498,0.025619,59.999559,0.001008,0.0000,0.0194,4869.3,-0.0044,1,0
16.6497,0.025660,59.999559,0.001010,0.0000,0.0194,4869.8,-0.0046,1,0
16.6500,0.025701,59.999558,0.001013,0.0000,0.0198,4869.1,-0.0046,1,0
16.6498,0.025742,59.999557,0.001015,0.0000,0.0198,4869.3,-0.0047,1,0
16.6499,0.025783,59.999556,0.001018,0.0000,0.0194,4869.3,-0.0047,1,0
16.6501,0.025824,59.999556,0.001020,0.0000,0.0194,4868.0,-0.0048,1,0
16.6500,0.025865,59.999555,0.001023,0.0000,0.0192,4870.0,-0.0048,1,0
16.6503,0.025906,59.999554,0.001025,0.0000,0.0192,4867.0,-0.0048,1,0
16.6496,0.025947,59.999554,0.001028,0.0000,0.0186,4871.1,-0.0048,1,0
16.6498,0.025988,59.999553,0.001030,0.0000,0.0186,4871.1,-0.0048,1,0
16.6497,0.026030,59.999552,0.001033,0.0000,0.0201,4870.2,-0.0047,1,0
16.6496,0.026071,59.999551,0.001035,0.0000,0.0201,4871.9,-0.0046,1,0
16.6501,0.026112,59.999551,0.001038,0.0000,0.0198,4866.5,-0.0045,1,0
16.6498,0.026153,59.999550,0.001040,0.0000,0.0198,4868.8,-0.0044,1,0
16.6504,0.026194,59.999549,0.001043,0.0000,0.0197,4864.0,-0.0042,1,0
16.6498,0.026235,59.999548,0.001045,0.0000,0.0197,4867.5,-0.0040,1,0
16.6502,0.026276,59.999548,0.001048,0.0000,0.0195,4865.0,-0.0039,1,0
16.6498,0.026317,59.999547,0.001050,0.0000,0.0195,4866.5,-0.0037,1,0
16.6499,0.026358,59.999546,0.001053,0.0000,0.0195,4868.6,-0.0036,1,0
16.6500,0.026399,59.999545,0.001055,0.0000,0.0195,4865.6,-0.0035,1,0
16.6499,0.026440,59.999544,0.001058,0.0000,0.0195,4867.6,-0.0034,1,0
16.6497,0.026481,59.999544,0.001060,0.0000,0.0195,4867.3,-0.0034,1,0
16.6488,0.026522,59.999543,0.001063,0.0000,0.0145,4874.3,-0.0033,1,0
16.6494,0.026563,59.999542,0.001065,0.0000,0.0145,4870.7,-0.0031,1,0
16.6490,0.026604,59.999541,0.001068,0.0000,0.0138,4874.0,-0.0031,1,0
16.6498,0.026645,59.999541,0.001070,0.0000,0.0138,4869.2,-0.0030,1,0
16.6497,0.026687,59.999540,0.001073,0.0000,0.0162,4868.1,-0.0029,1,0
16.6500,0.026728,59.999539,0.001075,0.0000,0.0162,4865.1,-0.0027,1,0
16.6495,0.026769,59.999538,0.001078,0.0000,0.0207,4867.7,-0.0025,1,0
16.6491,0.026810,59.999538,0.001080,0.0000,0.0207,4872.0,-0.0023,1,0
16.6496,0.026851,59.999537,0.001083,0.0000,0.0205,4867.7,-0.0022,1,0
16.6492,0.026892,59.999536,0.001085,0.0000,0.0205,4872.0,-0.0020,1,0
16.6500,0.026933,59.999536,0.001088,0.0000,0.0202,4866.0,-0.0018,1,0
16.6492,0.026974,59.999535,0.001090,0.0000,0.0202,4869.2,-0.0016,1,0
16.6495,0.027015,59.999534,0.001093,0.0000,0.0207,4870.1,-0.0014,1,0
16.6487,0.027056,59.999533,0.001095,0.0000,0.0207,4874.3,-0.0012,1,0
16.6485,0.027097,59.999533,0.001098,0.0000,0.0173,4877.6,-0.0008,1,0
16.6489,0.027138,59.999532,0.001100,0.0000,0.0173,4874.3,-0.0006,1,0
16.6490,0.027179,59.999531,0.001103,0.0000,0.0191,4875.4,-0.0002,1,0
16.6495,0.027220,59.999530,0.001105,0.0000,0.0191,4870.0,0.0001,1,0
16.6497,0.027261,59.999529,0.001108,0.0000,0.0197,4871.8,0.0005,1,0
16.6498,0.027303,59.999529,0.001110,0.0000,0.0197,4867.8,0.0009,1,0
16.6491,0.027344,59.999528,0.001113,0.0000,0.0157,4872.8,0.0012,1,0
16.6499,0.027385,59.999527,0.001115,0.0000,0.0157,4866.9,0.0016,1,0
16.6491,0.027426,59.999526,0.001118,0.0000,0.0137,4871.5,0.0018,1,0
16.6497,0.027467,59.999525,0.001120,0.0000,0.0137,4868.1,0.0020,1,0
16.6492,0.027508,59.999524,0.001123,0.0000,0.0156,4869.7,0.0022,1,0
16.6493,0.027549,59.999523,0.001125,0.0000,0.0156,4870.5,0.0023,1,0
16.6492,0.027590,59.999522,0.001128,0.0000,0.0209,4871.6,0.0024,1,0
16.6489,0.027631,59.999520,0.001130,0.0000,0.0209,4875.7,0.0024,1,0
16.6496,0.027672,59.999519,0.001133,0.0000,0.0208,4869.8,0.0024,1,0
16.6490,0.027713,59.999518,0.001135,0.0000,0.0208,4874.5,0.0024,1,0
16.6500,0.027754,59.999517,0.001138,0.0000,0.0201,4867.4,0.0024,1,0
16.6495,0.027795,59.999516,0.001140,0.0000,0.0201,4869.7,0.0023,1,0
16.6501,0.027836,59.999515,0.001142,0.0000,0.0199,4864.7,0.0022,1,0
16.6496,0.027877,59.999514,0.001145,0.0000,0.0199,4868.6,0.0020,1,0
16.6500,0.027919,59.999514,0.001147,0.0000,0.0195,4867.4,0.0018,1,0
16.6499,0.027960,59.999513,0.001150,0.0000,0.0195,4866.9,0.0016,1,0
16.6497,0.028001,59.999512,0.001152,0.0000,0.0194,4868.9,0.0014,1,0
16.6500,0.028042,59.999511,0.001155,0.0000,0.0194,4865.6,0.0012,1,0
16.6497,0.028083,59.999510,0.001157,0.0000,0.0173,4869.2,0.0010,1,0
16.6498,0.028124,59.999510,0.001160,0.0000,0.0173,4869.1,0.0008,1,0
16.6497,0.028165,59.999509,0.001162,0.0000,0.0151,4871.7,0.0006,1,0
16.6499,0.028206,59.999508,0.001165,0.0000,0.0151,4870.5,0.0004,1,0
16.6499,0.028247,59.999507,0.001167,0.0000,0.0167,4870.9,0.0003,1,0
16.6503,0.028288,59.999506,0.001170,0.0000,0.0167,4869.3,0.0001,1,0
16.6505,0.028329,59.999506,0.001172,0.0000,0.0183,4866.1,0.0000,1,0
16.6508,0.028370,59.999505,0.001175,0.0000,0.0183,4865.6,-0.0001,1,0
16.6505,0.028411,59.999504,0.001177,0.0000,0.0186,4866.5,-0.0003,1,0
16.6505,0.028452,59.999503,0.001180,0.0000,0.0186,4867.6,-0.0006,1,0
16.6504,0.028493,59.999502,0.001182,0.0000,0.0193,4866.6,-0.0008,1,0
16.6503,0.028535,59.999502,0.001185,0.0000,0.0193,4867.9,-0.0011,1,0
16.6503,0.028576,59.999501,0.001187,0.0000,0.0193,4867.7,-0.0013,1,0
16.6503,0.028617,59.999500,0.001190,0.0000,0.0193,4868.0,-0.0015,1,0
16.6498,0.028658,59.999499,0.001192,0.0000,0.0203,4870.3,-0.0017,1,0
16.6495,0.028699,59.999499,0.001195,0.0000,0.0203,4874.0,-0.0020,1,0
16.6498,0.028740,59.999498,0.001197,0.0000,0.0196,4872.1,-0.0022,1,0
16.6495,0.028781,59.999497,0.001200,0.0000,0.0196,4874.2,-0.0023,1,0
16.6498,0.028822,59.999496,0.001202,0.0000,0.0201,4870.8,-0.0025,1,0
16.6495,0.028863,59.999496,0.001205,0.0000,0.0201,4871.5,-0.0026,1,0
16.6501,0.028904,59.999495,0.001207,0.0000,0.0201,4867.4,-0.0028,1,0
16.6492,0.028945,59.999494,0.001210,0.0000,0.0201,4871.7,-0.0029,1,0
16.6493,0.028986,59.999494,0.001212,0.0000,0.0204,4871.8,-0.0031,1,0
16.6493,0.029027,59.999493,0.001215,0.0000,0.0204,4872.1,-0.0031,1,0
16.6492,0.029068,59.999492,0.001217,0.0000,0.0202,4872.6,-0.0032,1,0
16.6494,0.029109,59.999491,0.001220,0.0000,0.0202,4871.1,-0.0032,1,0
16.6498,0.029151,59.999491,0.001222,0.0000,0.0202,4868.9,-0.0032,1,0
16.6491,0.029192,59.999490,0.001225,0.0000,0.0202,4871.3,-0.0032,1,0
16.6482,0.029233,59.999489,0.001227,0.0000,0.0196,4879.0,-0.0032,1,0
16.6484,0.029274,59.999488,0.001230,0.0000,0.0196,4880.3,-0.0031,1,0
16.6486,0.029315,59.999487,0.001232,0.0000,0.0131,4880.1,-0.0031,1,0
16.6493,0.029356,59.999487,0.001235,0.0000,0.0131,4873.9,-0.0030,1,0
16.6494,0.029397,59.999486,0.001237,0.0000,0.0147,4874.5,-0.0029,1,0
16.6500,0.029438,59.999485,0.001240,0.0000,0.0147,4866.9,-0.0028,1,0
16.6486,0.029479,59.999484,0.001242,0.0000,0.0160,4873.7,-0.0027,1,0
16.6485,0.029520,59.999483,0.001245,0.0000,0.0160,4873.7,-0.0027,1,0
16.6487,0.029561,59.999483,0.001247,0.0000,0.0213,4869.0,-0.0026,1,0
16.6480,0.029602,59.999482,0.001250,0.0000,0.0213,4874.3,-0.0025,1,0
16.6489,0.029643,59.999481,0.001252,0.0000,0.0222,4866.1,-0.0024,1,0
16.6475,0.029684,59.999480,0.001255,0.0000,0.0222,4874.2,-0.0023,1,0
16.6479,0.029725,59.999479,0.001257,0.0000,0.0225,4873.8,-0.0022,1,0
16.6475,0.029766,59.999479,0.001260,0.0000,0.0225,4878.5,-0.0020,1,0
16.6479,0.029808,59.999478,0.001262,0.0000,0.0218,4878.0,-0.0019,1,0
16.6481,0.029849,59.999477,0.001265,0.0000,0.0218,4877.2,-0.0018,1,0
16.6488,0.029890,59.999476,0.001267,0.0000,0.0209,4872.6,-0.0016,1,0
16.6487,0.029931,59.999475,0.001270,0.0000,0.0209,4872.8,-0.0016,1,0
16.6493,0.029972,59.999474,0.001272,0.0000,0.0206,4868.1,-0.0015,1,0
16.6492,0.030013,59.999473,0.001275,0.0000,0.0206,4869.4,-0.0015,1,0
16.6493,0.030054,59.999471,0.001277,0.0000,0.0203,4868.1,-0.0015,1,0
16.6493,0.030095,59.999470,0.001280,0.0000,0.0203,4868.0,-0.0015,1,0
16.6492,0.030136,59.999469,0.001282,0.0000,0.0202,4868.8,-0.0015,1,0
16.6495,0.030177,59.999468,0.001285,0.0000,0.0202,4867.9,-0.0015,1,0
16.6493,0.030218,59.999467,0.001287,0.0000,0.0196,4868.8,-0.0015,1,0
16.6495,0.030259,59.999466,0.001290,0.0000,0.0196,4867.9,-0.0015,1,0
16.6490,0.030300,59.999465,0.001292,0.0000,0.0200,4871.3,-0.0015,1,0
16.6491,0.030341,59.999465,0.001295,0.0000,0.0200,4872.0,-0.0015,1,0
16.6492,0.030382,59.999464,0.001297,0.0000,0.0173,4871.5,-0.0015,1,0
16.6495,0.030424,59.999464,0.001300,0.0000,0.0173,4870.6,-0.0013,1,0
16.6494,0.030465,59.999463,0.001302,0.0000,0.0191,4868.5,-0.0012,1,0
16.6497,0.030506,59.999462,0.001305,0.0000,0.0191,4868.6,-0.0012,1,0
16.6499,0.030547,59.999462,0.001307,0.0000,0.0206,4863.9,-0.0011,1,0
16.6490,0.030588,59.999461,0.001310,0.0000,0.0206,4868.7,-0.0011,1,0
16.6495,0.030629,59.999461,0.001312,0.0000,0.0200,4865.6,-0.0011,1,0
16.6493,0.030670,59.999460,0.001315,0.0000,0.0200,4867.5,-0.0011,1,0
16.6496,0.030711,59.999459,0.001317,0.0000,0.0201,4865.4,-0.0011,1,0
16.6495,0.030752,59.999458,0.001320,0.0000,0.0201,4865.6,-0.0011,1,0
16.6492,0.030793,59.999457,0.001322,0.0000,0.0206,4868.0,-0.0011,1,0
16.6489,0.030834,59.999456,0.001325,0.0000,0.0206,4870.2,-0.0011,1,0
16.6482,0.030875,59.999455,0.001327,0.0000,0.0198,4876.1,-0.0012,1,0
16.6485,0.030916,59.999454,0.001330,0.0000,0.0198,4874.9,-0.0012,1,0
16.6488,0.030957,59.999453,0.001332,0.0000,0.0180,4873.7,-0.0012,1,0
16.6493,0.030998,59.999452,0.001335,0.0000,0.0180,4869.9,-0.0013,1,0
16.6495,0.031040,59.999451,0.001337,0.0000,0.0179,4869.1,-0.0014,1,0
16.6496,0.031081,59.999450,0.001340,0.0000,0.0179,4867.9,-0.0015,1,0
16.6492,0.031122,59.999449,0.001342,0.0000,0.0170,4870.6,-0.0016,1,0
16.6495,0.031163,59.999449,0.001345,0.0000,0.0170,4868.5,-0.0017,1,0
16.6493,0.031204,59.999448,0.001347,0.0000,0.0158,4869.7,-0.0018,1,0
16.6494,0.031245,59.999447,0.001350,0.0000,0.0158,4868.8,-0.0019,1,0
16.6493,0.031286,59.999447,0.001352,0.0000,0.0183,4870.1,-0.0020,1,0
16.6496,0.031327,59.999446,0.001355,0.0000,0.0183,4868.8,-0.0020,1,0
16.6491,0.031368,59.999445,0.001357,0.0000,0.0207,4871.8,-0.0020,1,0
16.6491,0.031409,59.999444,0.001360,0.0000,0.0207,4873.8,-0.0020,1,0
16.6493,0.031450,59.999444,0.001362,0.0000,0.0205,4872.3,-0.0019,1,0
16.6494,0.031491,59.999443,0.001365,0.0000,0.0205,4874.0,-0.0018,1,0
16.6498,0.031532,59.999442,0.001367,0.0000,0.0178,4869.2,-0.0016,1,0
16.6497,0.031573,59.999441,0.001370,0.0000,0.0178,4869.8,-0.0016,1,0
16.6500,0.031614,59.999441,0.001372,0.0000,0.0197,4867.6,-0.0015,1,0
16.6497,0.031655,59.999440,0.001375,0.0000,0.0197,4868.2,-0.0014,1,0
16.6498,0.031697,59.999439,0.001377,0.0000,0.0198,4868.2,-0.0012,1,0
16.6497,0.031738,59.999438,0.001380,0.0000,0.0198,4868.4,-0.0011,1,0
16.6499,0.031779,59.999437,0.001382,0.0000,0.0196,4868.2,-0.0009,1,0
16.6500,0.031820,59.999437,0.001385,0.0000,0.0196,4866.2,-0.0008,1,0
16.6497,0.031861,59.999436,0.001387,0.0000,0.0198,4867.8,-0.0005,1,0
16.6497,0.031902,59.999435,0.001390,0.0000,0.0198,4868.1,-0.0002,1,0
16.6487,0.031943,59.999434,0.001392,0.0000,0.0172,4874.3,0.0001,1,0
16.6489,0.031984,59.999434,0.001395,0.0000,0.0172,4874.1,0.0005,1,0
16.6489,0.032025,59.999433,0.001397,0.0000,0.0188,4873.8,0.0008,1,0
16.6494,0.032066,59.999432,0.001400,0.0000,0.0188,4872.0,0.0012,1,0
16.6495,0.032107,59.999432,0.001402,0.0000,0.0154,4867.9,0.0015,1,0
16.6497,0.032148,59.999431,0.001405,0.0000,0.0154,4867.2,0.0018,1,0
16.6493,0.032189,59.999430,0.001407,0.0000,0.0210,4867.2,0.0021,1,0
16.6488,0.032230,59.999429,0.001410,0.0000,0.0210,4871.6,0.0024,1,0
16.6494,0.032271,59.999429,0.001412,0.0000,0.0210,4866.2,0.0026,1,0
16.6488,0.032313,59.999428,0.001415,0.0000,0.0210,4871.2,0.0029,1,0
16.6496,0.032354,59.999427,0.001417,0.0000,0.0208,4865.1,0.0032,1,0
16.6487,0.032395,59.999426,0.001420,0.0000,0.0208,4870.0,0.0034,1,0
16.6491,0.032436,59.999424,0.001422,0.0000,0.0211,4868.7,0.0037,1,0
16.6486,0.032477,59.999423,0.001425,0.0000,0.0211,4872.2,0.0039,1,0
16.6488,0.032518,59.999422,0.001427,0.0000,0.0206,4874.0,0.0042,1,0
16.6491,0.032559,59.999421,0.001430,0.0000,0.0206,4871.7,0.0044,1,0
16.6492,0.032600,59.999420,0.001432,0.0000,0.0199,4872.6,0.0045,1,0
16.6496,0.032641,59.999418,0.001435,0.0000,0.0199,4867.3,0.0046,1,0
16.6493,0.032682,59.999417,0.001437,0.0000,0.0198,4869.9,0.0047,1,0
16.6498,0.032723,59.999416,0.001440,0.0000,0.0198,4865.0,0.0047,1,0
16.6490,0.032764,59.999415,0.001442,0.0000,0.0197,4870.1,0.0047,1,0
16.6496,0.032805,59.999415,0.001445,0.0000,0.0197,4865.9,0.0046,1,0
16.6488,0.032846,59.999414,0.001447,0.0000,0.0175,4869.6,0.0045,1,0
16.6493,0.032887,59.999414,0.001450,0.0000,0.0175,4868.3,0.0043,1,0
16.6492,0.032929,59.999413,0.001452,0.0000,0.0178,4868.2,0.0041,1,0
16.6492,0.032970,59.999412,0.001455,0.0000,0.0178,4868.8,0.0040,1,0
16.6491,0.033011,59.999412,0.001457,0.0000,0.0197,4871.4,0.0040,1,0
16.6489,0.033052,59.999411,0.001460,0.0000,0.0197,4874.3,0.0039,1,0
16.6494,0.033093,59.999411,0.001462,0.0000,0.0204,4872.6,0.0038,1,0
16.6493,0.033134,59.999410,0.001465,0.0000,0.0204,4873.7,0.0038,1,0
16.6499,0.033175,59.999409,0.001467,0.0000,0.0197,4869.1,0.0037,1,0
16.6499,0.033216,59.999408,0.001470,0.0000,0.0197,4867.7,0.0037,1,0
16.6499,0.033257,59.999407,0.001472,0.0000,0.0198,4867.2,0.0037,1,0
16.6497,0.033298,59.999406,0.001475,0.0000,0.0198,4869.3,0.0037,1,0
16.6497,0.033339,59.999405,0.001477,0.0000,0.0188,4869.7,0.0037,1,0
16.6498,0.033380,59.999404,0.001480,0.0000,0.0188,4869.1,0.0037,1,0
16.6499,0.033421,59.999403,0.001482,0.0000,0.0193,4869.6,0.0037,1,0
16.6501,0.033462,59.999402,0.001485,0.0000,0.0193,4867.1,0.0037,1,0
16.6498,0.033503,59.999401,0.001487,0.0000,0.0202,4868.7,0.0037,1,0
16.6493,0.033545,59.999400,0.001490,0.0000,0.0202,4872.2,0.0037,1,0
16.6489,0.033586,59.999399,0.001492,0.0000,0.0204,4876.4,0.0037,1,0
16.6492,0.033627,59.999399,0.001495,0.0000,0.0204,4874.8,0.0037,1,0
16.6493,0.033668,59.999398,0.001497,0.0000,0.0165,4874.9,0.0036,1,0
16.6498,0.033709,59.999397,0.001500,0.0000,0.0165,4870.5,0.0035,1,0
16.6497,0.033750,59.999396,0.001502,0.0000,0.0199,4868.8,0.0033,1,0
16.6497,0.033791,59.999396,0.001505,0.0000,0.0199,4869.0,0.0032,1,0
16.6494,0.033832,59.999395,0.001507,0.0000,0.0201,4870.4,0.0030,1,0
16.6496,0.033873,59.999394,0.001510,0.0000,0.0201,4869.9,0.0029,1,0
16.6495,0.033914,59.999394,0.001512,0.0000,0.0187,4870.0,0.0027,1,0
16.6496,0.033955,59.999393,0.001515,0.0000,0.0187,4870.2,0.0025,1,0
16.6496,0.033996,59.999392,0.001517,0.0000,0.0205,4869.3,0.0024,1,0
16.6493,0.034037,59.999392,0.001520,0.0000,0.0205,4871.4,0.0023,1,0
16.6493,0.034078,59.999391,0.001522,0.0000,0.0209,4871.6,0.0022,1,0
16.6489,0.034119,59.999390,0.001525,0.0000,0.0209,4875.3,0.0021,1,0
16.6491,0.034160,59.999389,0.001527,0.0000,0.0180,4874.8,0.0020,1,0
16.6493,0.034202,59.999389,0.001530,0.0000,0.0180,4874.0,0.0019,1,0
16.6494,0.034243,59.999388,0.001532,0.0000,0.0187,4872.4,0.0018,1,0
16.6497,0.034284,59.999387,0.001535,0.0000,0.0187,4870.1,0.0017,1,0
16.6497,0.034325,59.999387,0.001537,0.0000,0.0200,4869.1,0.0017,1,0
16.6497,0.034366,59.999386,0.001540,0.0000,0.0200,4869.6,0.0016,1,0
16.6496,0.034407,59.999385,0.001542,0.0000,0.0194,4869.5,0.0016,1,0
16.6493,0.034448,59.999385,0.001545,0.0000,0.0194,4871.6,0.0016,1,0
16.6497,0.034489,59.999384,0.001547,0.0000,0.0203,4868.7,0.0016,1,0
16.6494,0.034530,59.999384,0.001550,0.0000,0.0203,4870.4,0.0016,1,0
16.6498,0.034571,59.999383,0.001552,0.0000,0.0204,4868.4,0.0016,1,0
16.6490,0.034612,59.999382,0.001555,0.0000,0.0204,4871.1,0.0017,1,0
16.6481,0.034653,59.999382,0.001557,0.0000,0.0159,4877.4,0.0017,1,0
16.6486,0.034694,59.999381,0.001560,0.0000,0.0159,4874.4,0.0017,1,0
16.6485,0.034735,59.999381,0.001562,0.0000,0.0143,4875.7,0.0017,1,0
16.6492,0.034776,59.999380,0.001565,0.0000,0.0143,4870.6,0.0018,1,0
16.6491,0.034818,59.999379,0.001567,0.0000,0.0182,4870.7,0.0018,1,0
16.6496,0.034859,59.999377,0.001570,0.0000,0.0182,4867.9,0.0018,1,0
16.6491,0.034900,59.999376,0.001572,0.0000,0.0170,4870.2,0.0018,1,0
16.6493,0.034941,59.999375,0.001575,0.0000,0.0170,4869.7,0.0017,1,0
16.6493,0.034982,59.999374,0.001577,0.0000,0.0209,4868.3,0.0017,1,0
16.6491,0.035023,59.999372,0.001580,0.0000,0.0209,4871.2,0.0017,1,0
16.6495,0.035064,59.999371,0.001582,0.0000,0.0206,4867.0,0.0017,1,0
16.6492,0.035105,59.999370,0.001585,0.0000,0.0206,4869.6,0.0017,1,0
16.6494,0.035146,59.999368,0.001587,0.0000,0.0205,4868.7,0.0017,1,0
16.6492,0.035187,59.999367,0.001590,0.0000,0.0205,4872.3,0.0017,1,0
16.6496,0.035228,59.999366,0.001592,0.0000,0.0200,4870.3,0.0017,1,0
16.6496,0.035269,59.999366,0.001595,0.0000,0.0200,4870.9,0.0016,1,0
16.6500,0.035310,59.999365,0.001597,0.0000,0.0195,4868.3,0.0016,1,0
16.6500,0.035351,59.999364,0.001600,0.0000,0.0195,4867.3,0.0016,1,0
16.6506,0.035392,59.999364,0.001602,0.0000,0.0192,4862.5,0.0015,1,0
16.6502,0.035434,59.999363,0.001605,0.0000,0.0192,4864.5,0.0014,1,0
16.6504,0.035475,59.999362,0.001607,0.0000,0.0199,4863.4,0.0013,1,0
16.6492,0.035516,59.999361,0.001610,0.0000,0.0199,4864.6,0.0012,1,0
16.6484,0.035557,59.999361,0.001612,0.0000,0.0217,4865.6,0.0010,1,0
16.6479,0.035598,59.999360,0.001615,0.0000,0.0217,4865.7,0.0010,1,0
16.6479,0.035639,59.999359,0.001617,0.0000,0.0181,4868.3,0.0009,1,0
16.6483,0.035680,59.999358,0.001620,0.0000,0.0181,4868.1,0.0008,1,0
16.6475,0.035721,59.999357,0.001622,0.0000,0.0214,4873.3,0.0008,1,0
16.6478,0.035762,59.999356,0.001625,0.0000,0.0214,4873.8,0.0006,1,0
16.6481,0.035803,59.999355,0.001627,0.0000,0.0217,4875.5,0.0006,1,0
16.6481,0.035844,59.999354,0.001630,0.0000,0.0217,4875.0,0.0004,1,0
16.6486,0.035885,59.999353,0.001632,0.0000,0.0207,4873.0,0.0004,1,0
16.6489,0.035926,59.999352,0.001635,0.0000,0.0207,4873.5,0.0004,1,0
16.6498,0.035967,59.999351,0.001637,0.0000,0.0209,4867.7,0.0003,1,0
16.6489,0.036008,59.999350,0.001640,0.0000,0.0209,4874.5,0.0003,1,0
16.6496,0.036049,59.999349,0.001642,0.0000,0.0203,4869.9,0.0003,1,0
16.6494,0.036091,59.999349,0.001645,0.0000,0.0203,4872.2,0.0003,1,0
16.6495,0.036132,59.999348,0.001647,0.0000,0.0196,4869.9,0.0004,1,0
16.6494,0.036173,59.999348,0.001650,0.0000,0.0196,4868.4,0.0005,1,0
16.6493,0.036214,59.999347,0.001652,0.0000,0.0213,4867.6,0.0007,1,0
16.6482,0.036255,59.999346,0.001655,0.0000,0.0213,4872.5,0.0008,1,0
16.6476,0.036296,59.999346,0.001657,0.0000,0.0192,4876.9,0.0010,1,0
16.6480,0.036337,59.999345,0.001660,0.0000,0.0192,4874.7,0.0012,1,0
16.6478,0.036378,59.999345,0.001662,0.0000,0.0218,4876.9,0.0013,1,0
16.6482,0.036419,59.999344,0.001665,0.0000,0.0218,4872.2,0.0014,1,0
16.6482,0.036460,59.999343,0.001667,0.0000,0.0213,4873.1,0.0015,1,0
16.6482,0.036501,59.999342,0.001670,0.0000,0.0213,4870.2,0.0015,1,0
16.6476,0.036542,59.999342,0.001672,0.0000,0.0204,4876.7,0.0015,1,0
16.6484,0.036583,59.999341,0.001675,0.0000,0.0204,4871.1,0.0015,1,0
16.6482,0.036624,59.999340,0.001677,0.0000,0.0177,4872.8,0.0014,1,0
16.6486,0.036665,59.999339,0.001680,0.0000,0.0177,4871.7,0.0014,1,0
16.6488,0.036706,59.999338,0.001682,0.0000,0.0170,4869.1,0.0013,1,0
16.6489,0.036748,59.999338,0.001685,0.0000,0.0170,4870.5,0.0012,1,0
16.6490,0.036789,59.999337,0.001687,0.0000,0.0207,4869.0,0.0011,1,0
16.6489,0.036830,59.999336,0.001690,0.0000,0.0207,4872.6,0.0010,1,0
16.6495,0.036871,59.999335,0.001692,0.0000,0.0206,4867.2,0.0010,1,0
16.6492,0.036912,59.999335,0.001694,0.0000,0.0206,4870.8,0.0009,1,0
16.6499,0.036953,59.999334,0.001697,0.0000,0.0199,4863.9,0.0008,1,0
16.6497,0.036994,59.999334,0.001699,0.0000,0.0199,4866.3,0.0008,1,0
16.6501,0.037035,59.999333,0.001702,0.0000,0.0195,4863.5,0.0008,1,0
16.6500,0.037076,59.999332,0.001704,0.0000,0.0195,4863.5,0.0008,1,0
16.6499,0.037117,59.999332,0.001707,0.0000,0.0196,4863.3,0.0008,1,0
16.6499,0.037158,59.999331,0.001709,0.0000,0.0196,4863.3,0.0008,1,0
16.6496,0.037199,59.999331,0.001712,0.0000,0.0187,4865.5,0.0010,1,0
16.6501,0.037240,59.999330,0.001714,0.0000,0.0187,4861.7,0.0011,1,0
16.6500,0.037281,59.999329,0.001717,0.0000,0.0197,4863.5,0.0012,1,0
16.6498,0.037322,59.999327,0.001719,0.0000,0.0197,4865.0,0.0013,1,0
16.6491,0.037364,59.999326,0.001722,0.0000,0.0182,4870.0,0.0013,1,0
16.6491,0.037405,59.999325,0.001724,0.0000,0.0182,4871.6,0.0014,1,0
16.6492,0.037446,59.999324,0.001727,0.0000,0.0157,4871.2,0.0016,1,0
16.6498,0.037487,59.999322,0.001729,0.0000,0.0157,4867.1,0.0016,1,0
16.6496,0.037528,59.999321,0.001732,0.0000,0.0145,4867.6,0.0018,1,0
16.6500,0.037569,59.999320,0.001734,0.0000,0.0145,4862.8,0.0020,1,0
16.6492,0.037610,59.999318,0.001737,0.0000,0.0207,4868.4,0.0022,1,0
16.6490,0.037651,59.999317,0.001739,0.0000,0.0207,4871.4,0.0024,1,0
16.6492,0.037692,59.999316,0.001742,0.0000,0.0192,4870.0,0.0027,1,0
16.6492,0.037733,59.999316,0.001744,0.0000,0.0192,4871.2,0.0031,1,0
16.6497,0.037774,59.999315,0.001747,0.0000,0.0205,4866.1,0.0034,1,0
16.6491,0.037815,59.999314,0.001749,0.0000,0.0205,4870.0,0.0038,1,0
16.6493,0.037856,59.999313,0.001752,0.0000,0.0214,4870.3,0.0041,1,0
16.6483,0.037897,59.999313,0.001754,0.0000,0.0214,4876.9,0.0044,1,0
16.6484,0.037938,59.999312,0.001757,0.0000,0.0177,4879.2,0.0048,1,0
16.6488,0.037980,59.999311,0.001759,0.0000,0.0177,4875.4,0.0051,1,0
16.6486,0.038021,59.999311,0.001762,0.0000,0.0164,4878.6,0.0054,1,0
16.6496,0.038062,59.999310,0.001764,0.0000,0.0164,4868.2,0.0056,1,0
16.6488,0.038103,59.999309,0.001767,0.0000,0.0193,4872.3,0.0058,1,0
16.6493,0.038144,59.999308,0.001769,0.0000,0.0193,4869.8,0.0059,1,0
16.6487,0.038185,59.999308,0.001772,0.0000,0.0152,4874.4,0.0061,1,0
16.6492,0.038226,59.999307,0.001774,0.0000,0.0152,4871.0,0.0062,1,0
16.6489,0.038267,59.999306,0.001777,0.0000,0.0167,4872.8,0.0063,1,0
16.6489,0.038308,59.999305,0.001779,0.0000,0.0167,4872.9,0.0063,1,0
16.6491,0.038349,59.999304,0.001782,0.0000,0.0210,4870.3,0.0063,1,0
16.6488,0.038390,59.999304,0.001784,0.0000,0.0210,4873.8,0.0063,1,0
16.6487,0.038431,59.999303,0.001787,0.0000,0.0176,4874.3,0.0062,1,0
16.6486,0.038472,59.999302,0.001789,0.0000,0.0176,4876.4,0.0061,1,0
16.6488,0.038513,59.999301,0.001792,0.0000,0.0202,4876.4,0.0059,1,0
16.6489,0.038554,59.999300,0.001794,0.0000,0.0202,4874.8,0.0058,1,0
16.6495,0.038595,59.999300,0.001797,0.0000,0.0203,4871.9,0.0057,1,0
16.6494,0.038637,59.999299,0.001799,0.0000,0.0203,4870.1,0.0056,1,0
16.6494,0.038678,59.999298,0.001802,0.0000,0.0202,4869.5,0.0055,1,0
16.6494,0.038719,59.999297,0.001804,0.0000,0.0202,4869.5,0.0055,1,0
16.6495,0.038760,59.999296,0.001807,0.0000,0.0202,4868.6,0.0055,1,0
16.6493,0.038801,59.999296,0.001809,0.0000,0.0202,4868.9,0.0055,1,0
16.6493,0.038842,59.999295,0.001812,0.0000,0.0202,4869.2,0.0056,1,0
16.6495,0.038883,59.999294,0.001814,0.0000,0.0202,4869.0,0.0056,1,0
16.6496,0.038924,59.999293,0.001817,0.0000,0.0204,4868.6,0.0057,1,0
16.6492,0.038965,59.999293,0.001819,0.0000,0.0204,4870.9,0.0057,1,0
16.6490,0.039006,59.999292,0.001822,0.0000,0.0188,4873.3,0.0058,1,0
16.6494,0.039047,59.999291,0.001824,0.0000,0.0188,4871.4,0.0059,1,0
16.6493,0.039088,59.999291,0.001827,0.0000,0.0175,4872.7,0.0060,1,0
16.6498,0.039129,59.999290,0.001829,0.0000,0.0175,4868.2,0.0061,1,0
16.6496,0.039170,59.999289,0.001832,0.0000,0.0176,4869.1,0.0062,1,0
16.6499,0.039211,59.999288,0.001834,0.0000,0.0176,4865.3,0.0063,1,0
16.6495,0.039253,59.999288,0.001837,0.0000,0.0187,4868.1,0.0065,1,0
16.6497,0.039294,59.999287,0.001839,0.0000,0.0187,4867.4,0.0066,1,0
16.6497,0.039335,59.999286,0.001842,0.0000,0.0164,4866.7,0.0067,1,0
16.6495,0.039376,59.999286,0.001844,0.0000,0.0164,4867.2,0.0068,1,0
16.6496,0.039417,59.999285,0.001847,0.0000,0.0143,4867.3,0.0068,1,0
16.6500,0.039458,59.999284,0.001849,0.0000,0.0143,4864.6,0.0068,1,0
16.6491,0.039499,59.999284,0.001852,0.0000,0.0192,4869.2,0.0069,1,0
16.6487,0.039540,59.999283,0.001854,0.0000,0.0192,4872.8,0.0069,1,0
16.6492,0.039581,59.999282,0.001857,0.0000,0.0203,4870.9,0.0069,1,0
16.6492,0.039622,59.999281,0.001859,0.0000,0.0203,4873.2,0.0068,1,0
16.6497,0.039663,59.999281,0.001862,0.0000,0.0201,4868.8,0.0067,1,0
16.6496,0.039704,59.999280,0.001864,0.0000,0.0201,4869.2,0.0066,1,0
16.6501,0.039745,59.999279,0.001867,0.0000,0.0203,4863.4,0.0066,1,0
16.6491,0.039786,59.999278,0.001869,0.0000,0.0203,4868.2,0.0065,1,0
16.6493,0.039827,59.999276,0.001871,0.0000,0.0204,4868.7,0.0065,1,0
16.6492,0.039869,59.999275,0.001874,0.0000,0.0204,4868.8,0.0065,1,0
16.6493,0.039910,59.999274,0.001876,0.0000,0.0195,4869.2,0.0065,1,0
16.6496,0.039951,59.999273,0.001879,0.0000,0.0195,4867.6,0.0064,1,0
16.6497,0.039992,59.999272,0.001881,0.0000,0.0204,4867.6,0.0063,1,0
16.6492,0.040033,59.999270,0.001884,0.0000,0.0204,4870.0,0.0062,1,0
16.6487,0.040074,59.999269,0.001886,0.0000,0.0186,4874.3,0.0061,1,0
16.6490,0.040115,59.999268,0.001889,0.0000,0.0186,4874.0,0.0061,1,0
16.6491,0.040156,59.999267,0.001891,0.0000,0.0191,4873.6,0.0060,1,0
16.6494,0.040197,59.999266,0.001894,0.0000,0.0191,4872.9,0.0059,1,0
16.6498,0.040238,59.999266,0.001896,0.0000,0.0186,4868.1,0.0059,1,0
16.6498,0.040279,59.999265,0.001899,0.0000,0.0186,4868.4,0.0059,1,0
16.6497,0.040320,59.999264,0.001901,0.0000,0.0205,4868.1,0.0059,1,0
16.6493,0.040361,59.999263,0.001904,0.0000,0.0205,4871.2,0.0059,1,0
16.6497,0.040402,59.999262,0.001906,0.0000,0.0202,4867.6,0.0059,1,0
16.6494,0.040443,59.999262,0.001909,0.0000,0.0202,4870.7,0.0059,1,0
16.6497,0.040485,59.999261,0.001911,0.0000,0.0199,4868.7,0.0059,1,0
16.6497,0.040526,59.999260,0.001914,0.0000,0.0199,4869.0,0.0058,1,0
16.6495,0.040567,59.999259,0.001916,0.0000,0.0206,4870.0,0.0057,1,0
16.6491,0.040608,59.999258,0.001919,0.0000,0.0206,4873.8,0.0056,1,0
16.6492,0.040649,59.999258,0.001921,0.0000,0.0205,4874.2,0.0055,1,0
16.6492,0.040690,59.999257,0.001924,0.0000,0.0205,4874.3,0.0054,1,0
16.6496,0.040731,59.999256,0.001926,0.0000,0.0183,4872.8,0.0052,1,0
16.6497,0.040772,59.999255,0.001929,0.0000,0.0183,4870.7,0.0051,1,0
16.6500,0.040813,59.999254,0.001931,0.0000,0.0197,4868.3,0.0051,1,0
16.6498,0.040854,59.999254,0.001934,0.0000,0.0197,4867.8,0.0050,1,0
16.6494,0.040895,59.999253,0.001936,0.0000,0.0185,4870.6,0.0049,1,0
16.6499,0.040936,59.999252,0.001939,0.0000,0.0185,4867.7,0.0049,1,0
16.6494,0.040977,59.999251,0.001941,0.0000,0.0169,4869.8,0.0048,1,0
16.6495,0.041018,59.999251,0.001944,0.0000,0.0169,4868.0,0.0046,1,0
16.6494,0.041059,59.999250,0.001946,0.0000,0.0202,4868.9,0.0045,1,0
16.6495,0.041101,59.999249,0.001949,0.0000,0.0202,4869.6,0.0044,1,0
16.6490,0.041142,59.999249,0.001951,0.0000,0.0183,4873.1,0.0042,1,0
16.6492,0.041183,59.999248,0.001954,0.0000,0.0183,4874.0,0.0041,1,0
16.6492,0.041224,59.999247,0.001956,0.0000,0.0199,4872.2,0.0040,1,0
16.6491,0.041265,59.999246,0.001958,0.0000,0.0199,4874.0,0.0039,1,0
16.6497,0.041306,59.999246,0.001961,0.0000,0.0203,4868.6,0.0038,1,0
16.6495,0.041347,59.999245,0.001963,0.0000,0.0203,4869.3,0.0036,1,0
16.6498,0.041388,59.999244,0.001966,0.0000,0.0208,4864.2,0.0036,1,0
16.6488,0.041429,59.999243,0.001968,0.0000,0.0208,4870.6,0.0034,1,0
16.6495,0.041470,59.999243,0.001971,0.0000,0.0205,4866.4,0.0033,1,0
16.6491,0.041511,59.999242,0.001973,0.0000,0.0205,4868.8,0.0031,1,0
16.6492,0.041552,59.999241,0.001976,0.0000,0.0204,4868.4,0.0028,1,0
16.6492,0.041593,59.999240,0.001978,0.0000,0.0204,4867.4,0.0026,1,0
16.6493,0.041634,59.999239,0.001981,0.0000,0.0204,4867.6,0.0024,1,0
16.6491,0.041675,59.999239,0.001983,0.0000,0.0204,4869.0,0.0021,1,0
16.6484,0.041716,59.999238,0.001986,0.0000,0.0174,4874.6,0.0018,1,0
16.6491,0.041758,59.999237,0.001988,0.0000,0.0174,4870.6,0.0016,1,0
16.6489,0.041799,59.999236,0.001991,0.0000,0.0177,4873.5,0.0013,1,0
16.6495,0.041840,59.999235,0.001993,0.0000,0.0177,4869.0,0.0011,1,0
16.6495,0.041881,59.999234,0.001996,0.0000,0.0166,4867.9,0.0008,1,0
16.6498,0.041922,59.999233,0.001998,0.0000,0.0166,4866.5,0.0007,1,0
16.6496,0.041963,59.999232,0.002001,0.0000,0.0165,4867.2,0.0005,1,0
16.6497,0.042004,59.999230,0.002003,0.0000,0.0165,4867.7,0.0002,1,0
16.6498,0.042045,59.999229,0.002006,0.0000,0.0174,4866.6,0.0000,1,0
16.6496,0.042086,59.999228,0.002008,0.0000,0.0174,4867.6,-0.0001,1,0
16.6498,0.042127,59.999227,0.002011,0.0000,0.0191,4867.3,-0.0003,1,0
16.6497,0.042168,59.999226,0.002013,0.0000,0.0191,4867.6,-0.0005,1,0
16.6496,0.042209,59.999225,0.002016,0.0000,0.0204,4869.2,-0.0005,1,0
16.6492,0.042250,59.999224,0.002018,0.0000,0.0204,4872.5,-0.0007,1,0
16.6496,0.042291,59.999224,0.002021,0.0000,0.0203,4870.6,-0.0007,1,0
16.6494,0.042332,59.999223,0.002023,0.0000,0.0203,4872.9,-0.0008,1,0
16.6499,0.042374,59.999222,0.002026,0.0000,0.0196,4868.2,-0.0008,1,0
16.6499,0.042415,59.999221,0.002028,0.0000,0.0196,4867.7,-0.0008,1,0
16.6502,0.042456,59.999220,0.002030,0.0000,0.0197,4865.2,-0.0008,1,0
16.6499,0.042497,59.999220,0.002033,0.0000,0.0197,4867.4,-0.0008,1,0
16.6498,0.042538,59.999219,0.002035,0.0000,0.0198,4867.0,-0.0008,1,0
16.6498,0.042579,59.999218,0.002038,0.0000,0.0198,4869.2,-0.0008,1,0
16.6502,0.042620,59.999217,0.002040,0.0000,0.0199,4867.3,-0.0008,1,0
16.6496,0.042661,59.999216,0.002043,0.0000,0.0199,4869.3,-0.0009,1,0
16.6501,0.042702,59.999216,0.002045,0.0000,0.0198,4866.9,-0.0009,1,0
16.6495,0.042743,59.999215,0.002048,0.0000,0.0198,4868.6,-0.0010,1,0
16.6489,0.042784,59.999214,0.002050,0.0000,0.0179,4873.8,-0.0012,1,0
16.6493,0.042825,59.999213,0.002053,0.0000,0.0179,4872.4,-0.0013,1,0
16.6491,0.042866,59.999212,0.002055,0.0000,0.0180,4873.8,-0.0014,1,0
16.6496,0.042907,59.999212,0.002058,0.0000,0.0180,4871.5,-0.0015,1,0
16.6497,0.042948,59.999211,0.002060,0.0000,0.0177,4868.8,-0.0017,1,0
16.6498,0.042990,59.999210,0.002063,0.0000,0.0177,4868.2,-0.0018,1,0
16.6497,0.043031,59.999209,0.002065,0.0000,0.0197,4868.4,-0.0021,1,0
16.6497,0.043072,59.999209,0.002068,0.0000,0.0197,4870.7,-0.0023,1,0
16.6500,0.043113,59.999208,0.002070,0.0000,0.0200,4867.9,-0.0027,1,0
16.6496,0.043154,59.999207,0.002073,0.0000,0.0200,4870.6,-0.0030,1,0
16.6502,0.043195,59.999206,0.002075,0.0000,0.0198,4865.9,-0.0033,1,0
16.6496,0.043236,59.999206,0.002078,0.0000,0.0198,4868.8,-0.0036,1,0
16.6495,0.043277,59.999205,0.002080,0.0000,0.0204,4871.5,-0.0039,1,0
16.6493,0.043318,59.999204,0.002083,0.0000,0.0204,4873.9,-0.0043,1,0
16.6492,0.043359,59.999204,0.002085,0.0000,0.0176,4875.8,-0.0046,1,0
16.6495,0.043400,59.999203,0.002088,0.0000,0.0176,4873.8,-0.0048,1,0
16.6494,0.043441,59.999202,0.002090,0.0000,0.0163,4874.0,-0.0050,1,0
16.6499,0.043482,59.999201,0.002093,0.0000,0.0163,4869.9,-0.0052,1,0
16.6498,0.043523,59.999201,0.002095,0.0000,0.0200,4868.9,-0.0053,1,0
16.6497,0.043564,59.999200,0.002098,0.0000,0.0200,4870.2,-0.0054,1,0
16.6496,0.043606,59.999199,0.002100,0.0000,0.0201,4871.4,-0.0056,1,0
16.6494,0.043647,59.999198,0.002103,0.0000,0.0201,4872.0,-0.0056,1,0
16.6490,0.043688,59.999197,0.002105,0.0000,0.0201,4872.1,-0.0057,1,0
16.6495,0.043729,59.999197,0.002107,0.0000,0.0201,4871.0,-0.0058,1,0
16.6493,0.043770,59.999196,0.002110,0.0000,0.0198,4872.8,-0.0058,1,0
16.6496,0.043811,59.999195,0.002112,0.0000,0.0198,4870.5,-0.0059,1,0
16.6485,0.043852,59.999194,0.002115,0.0000,0.0181,4876.7,-0.0059,1,0
16.6486,0.043893,59.999193,0.002117,0.0000,0.0181,4877.0,-0.0059,1,0
16.6488,0.043934,59.999192,0.002120,0.0000,0.0194,4876.1,-0.0058,1,0
16.6487,0.043975,59.999191,0.002122,0.0000,0.0194,4877.4,-0.0057,1,0
16.6492,0.044016,59.999189,0.002125,0.0000,0.0174,4871.2,-0.0055,1,0
16.6493,0.044057,59.999188,0.002127,0.0000,0.0174,4870.7,-0.0054,1,0
16.6498,0.044098,59.999187,0.002130,0.0000,0.0208,4867.2,-0.0053,1,0
16.6489,0.044139,59.999186,0.002132,0.0000,0.0208,4873.2,-0.0053,1,0
16.6495,0.044180,59.999185,0.002135,0.0000,0.0206,4869.1,-0.0052,1,0
16.6491,0.044221,59.999184,0.002137,0.0000,0.0206,4871.3,-0.0052,1,0
16.6496,0.044263,59.999183,0.002140,0.0000,0.0206,4867.3,-0.0052,1,0
16.6488,0.044304,59.999182,0.002142,0.0000,0.0206,4867.5,-0.0050,1,0
16.6491,0.044345,59.999182,0.002145,0.0000,0.0210,4866.1,-0.0049,1,0
16.6484,0.044386,59.999181,0.002147,0.0000,0.0210,4868.0,-0.0048,1,0
16.6470,0.044427,59.999180,0.002150,0.0000,0.0163,4879.0,-0.0045,1,0
16.6482,0.044468,59.999179,0.002152,0.0000,0.0163,4871.4,-0.0043,1,0
16.6476,0.044509,59.999178,0.002155,0.0000,0.0131,4876.0,-0.0040,1,0
16.6487,0.044550,59.999178,0.002157,0.0000,0.0131,4868.1,-0.0037,1,0
16.6485,0.044591,59.999177,0.002160,0.0000,0.0172,4869.5,-0.0034,1,0
16.6491,0.044632,59.999176,0.002162,0.0000,0.0172,4865.6,-0.0030,1,0
16.6487,0.044673,59.999175,0.002165,0.0000,0.0184,4867.9,-0.0027,1,0
16.6493,0.044714,59.999175,0.002167,0.0000,0.0184,4866.9,-0.0023,1,0
16.6492,0.044755,59.999174,0.002170,0.0000,0.0201,4865.3,-0.0020,1,0
16.6491,0.044796,59.999174,0.002172,0.0000,0.0201,4868.2,-0.0016,1,0
16.6494,0.044837,59.999173,0.002175,0.0000,0.0200,4864.7,-0.0013,1,0
16.6490,0.044879,59.999172,0.002177,0.0000,0.0200,4868.5,-0.0010,1,0
16.6493,0.044920,59.999172,0.002180,0.0000,0.0209,4866.8,-0.0007,1,0
16.6488,0.044961,59.999171,0.002182,0.0000,0.0209,4871.1,-0.0004,1,0
16.6491,0.045002,59.999171,0.002185,0.0000,0.0203,4870.5,-0.0002,1,0
16.6495,0.045043,59.999170,0.002187,0.0000,0.0203,4869.6,0.0000,1,0
16.6495,0.045084,59.999169,0.002190,0.0000,0.0166,4868.9,0.0002,1,0
16.6498,0.045125,59.999168,0.002192,0.0000,0.0166,4867.4,0.0003,1,0
16.6498,0.045166,59.999167,0.002195,0.0000,0.0183,4866.6,0.0003,1,0
16.6498,0.045207,59.999166,0.002197,0.0000,0.0183,4867.3,0.0003,1,0
16.6499,0.045248,59.999165,0.002200,0.0000,0.0181,4867.6,0.0003,1,0
16.6500,0.045289,59.999164,0.002202,0.0000,0.0181,4867.6,0.0002,1,0
16.6502,0.045330,59.999163,0.002205,0.0000,0.0199,4865.6,0.0001,1,0
16.6497,0.045371,59.999162,0.002207,0.0000,0.0199,4867.2,0.0000,1,0
16.6500,0.045412,59.999161,0.002210,0.0000,0.0201,4865.4,-0.0002,1,0
16.6493,0.045453,59.999160,0.002212,0.0000,0.0201,4868.2,-0.0003,1,0
16.6482,0.045495,59.999159,0.002214,0.0000,0.0208,4874.9,-0.0004,1,0
16.6485,0.045536,59.999159,0.002217,0.0000,0.0208,4875.4,-0.0005,1,0
16.6487,0.045577,59.999158,0.002219,0.0000,0.0181,4874.6,-0.0007,1,0
16.6491,0.045618,59.999157,0.002222,0.0000,0.0181,4873.0,-0.0008,1,0
16.6495,0.045659,59.999156,0.002224,0.0000,0.0203,4868.1,-0.0009,1,0
16.6494,0.045700,59.999156,0.002227,0.0000,0.0203,4870.0,-0.0011,1,0
16.6494,0.045741,59.999155,0.002229,0.0000,0.0213,4869.5,-0.0013,1,0
16.6485,0.045782,59.999154,0.002232,0.0000,0.0213,4874.9,-0.0015,1,0
16.6491,0.045823,59.999154,0.002234,0.0000,0.0208,4870.8,-0.0016,1,0
16.6489,0.045864,59.999153,0.002237,0.0000,0.0208,4872.2,-0.0018,1,0
16.6492,0.045905,59.999152,0.002239,0.0000,0.0208,4869.5,-0.0020,1,0
16.6489,0.045946,59.999152,0.002242,0.0000,0.0208,4872.3,-0.0021,1,0
16.6489,0.045987,59.999151,0.002244,0.0000,0.0209,4873.7,-0.0022,1,0
16.6489,0.046028,59.999150,0.002247,0.0000,0.0209,4874.7,-0.0022,1,0
16.6486,0.046069,59.999150,0.002249,0.0000,0.0207,4878.0,-0.0023,1,0
16.6491,0.046110,59.999149,0.002252,0.0000,0.0207,4873.6,-0.0023,1,0
16.6489,0.046152,59.999148,0.002254,0.0000,0.0146,4875.8,-0.0023,1,0
16.6496,0.046193,59.999147,0.002257,0.0000,0.0146,4868.6,-0.0024,1,0
16.6493,0.046234,59.999147,0.002259,0.0000,0.0170,4871.3,-0.0026,1,0
16.6499,0.046275,59.999146,0.002262,0.0000,0.0170,4866.9,-0.0026,1,0
16.6495,0.046316,59.999145,0.002264,0.0000,0.0158,4870.0,-0.0028,1,0
16.6500,0.046357,59.999144,0.002267,0.0000,0.0158,4867.1,-0.0028,1,0
16.6493,0.046398,59.999142,0.002269,0.0000,0.0190,4869.0,-0.0030,1,0
16.6493,0.046439,59.999141,0.002272,0.0000,0.0190,4868.8,-0.0030,1,0
16.6495,0.046480,59.999140,0.002274,0.0000,0.0204,4868.2,-0.0031,1,0
16.6493,0.046521,59.999139,0.002277,0.0000,0.0204,4869.6,-0.0033,1,0
16.6491,0.046562,59.999138,0.002279,0.0000,0.0201,4871.2,-0.0033,1,0
16.6493,0.046603,59.999136,0.002282,0.0000,0.0201,4871.2,-0.0034,1,0
16.6492,0.046644,59.999135,0.002284,0.0000,0.0146,4872.6,-0.0035,1,0
16.6497,0.046685,59.999134,0.002287,0.0000,0.0146,4869.1,-0.0036,1,0
16.6496,0.046726,59.999133,0.002289,0.0000,0.0158,4870.4,-0.0039,1,0
16.6502,0.046768,59.999132,0.002292,0.0000,0.0158,4865.7,-0.0041,1,0
16.6499,0.046809,59.999132,0.002294,0.0000,0.0200,4866.4,-0.0043,1,0
16.6498,0.046850,59.999131,0.002297,0.0000,0.0200,4868.1,-0.0046,1,0
16.6500,0.046891,59.999130,0.002299,0.0000,0.0193,4866.1,-0.0049,1,0
16.6497,0.046932,59.999129,0.002302,0.0000,0.0193,4868.5,-0.0052,1,0
16.6502,0.046973,59.999128,0.002304,0.0000,0.0199,4865.5,-0.0054,1,0
16.6496,0.047014,59.999128,0.002307,0.0000,0.0199,4868.8,-0.0057,1,0
16.6499,0.047055,59.999127,0.002309,0.0000,0.0201,4866.0,-0.0059,1,0
16.6493,0.047096,59.999126,0.002312,0.0000,0.0201,4869.1,-0.0062,1,0
16.6487,0.047137,59.999125,0.002314,0.0000,0.0171,4873.7,-0.0063,1,0
16.6493,0.047178,59.999125,0.002317,0.0000,0.0171,4869.6,-0.0065,1,0
16.6490,0.047219,59.999124,0.002319,0.0000,0.0134,4873.1,-0.0067,1,0
16.6498,0.047260,59.999124,0.002322,0.0000,0.0134,4865.1,-0.0069,1,0
16.6492,0.047301,59.999123,0.002324,0.0000,0.0148,4869.3,-0.0071,1,0
16.6502,0.047342,59.999122,0.002327,0.0000,0.0148,4862.9,-0.0073,1,0
16.6485,0.047384,59.999122,0.002329,0.0000,0.0188,4869.0,-0.0075,1,0
16.6487,0.047425,59.999121,0.002332,0.0000,0.0188,4869.7,-0.0077,1,0
16.6486,0.047466,59.999121,0.002334,0.0000,0.0220,4866.7,-0.0078,1,0
16.6482,0.047507,59.999120,0.002337,0.0000,0.0220,4872.2,-0.0080,1,0
16.6487,0.047548,59.999119,0.002339,0.0000,0.0216,4867.0,-0.0081,1,0
16.6482,0.047589,59.999118,0.002342,0.0000,0.0216,4872.0,-0.0083,1,0
16.6487,0.047630,59.999117,0.002344,0.0000,0.0216,4870.2,-0.0085,1,0
16.6482,0.047671,59.999116,0.002347,0.0000,0.0216,4875.3,-0.0085,1,0
16.6484,0.047712,59.999115,0.002349,0.0000,0.0219,4875.9,-0.0087,1,0
16.6480,0.047753,59.999114,0.002352,0.0000,0.0219,4876.1,-0.0089,1,0
16.6486,0.047794,59.999113,0.002354,0.0000,0.0182,4872.3,-0.0090,1,0
16.6489,0.047835,59.999112,0.002357,0.0000,0.0182,4872.7,-0.0091,1,0
16.6492,0.047876,59.999111,0.002359,0.0000,0.0190,4870.1,-0.0091,1,0
16.6488,0.047917,59.999110,0.002361,0.0000,0.0190,4873.3,-0.0091,1,0
16.6490,0.047958,59.999109,0.002364,0.0000,0.0210,4872.3,-0.0091,1,0
16.6489,0.047999,59.999109,0.002366,0.0000,0.0210,4874.6,-0.0090,1,0
16.6490,0.048041,59.999108,0.002369,0.0000,0.0206,4873.8,-0.0088,1,0
16.6491,0.048082,59.999108,0.002371,0.0000,0.0206,4870.4,-0.0085,1,0
16.6491,0.048123,59.999107,0.002374,0.0000,0.0208,4869.9,-0.0083,1,0
16.6485,0.048164,59.999106,0.002376,0.0000,0.0208,4871.5,-0.0081,1,0
16.6476,0.048205,59.999106,0.002379,0.0000,0.0207,4879.6,-0.0079,1,0
16.6480,0.048246,59.999105,0.002381,0.0000,0.0207,4879.5,-0.0078,1,0
16.6483,0.048287,59.999105,0.002384,0.0000,0.0196,4880.4,-0.0078,1,0
16.6489,0.048328,59.999104,0.002386,0.0000,0.0196,4873.2,-0.0079,1,0
16.6488,0.048369,59.999103,0.002389,0.0000,0.0204,4871.1,-0.0081,1,0
16.6494,0.048410,59.999102,0.002391,0.0000,0.0204,4865.4,-0.0082,1,0
16.6484,0.048451,59.999102,0.002394,0.0000,0.0181,4868.8,-0.0084,1,0
16.6483,0.048492,59.999101,0.002396,0.0000,0.0181,4871.9,-0.0085,1,0
16.6481,0.048533,59.999100,0.002399,0.0000,0.0198,4874.1,-0.0087,1,0
16.6484,0.048574,59.999099,0.002401,0.0000,0.0198,4871.6,-0.0089,1,0
16.6485,0.048615,59.999098,0.002404,0.0000,0.0212,4872.8,-0.0090,1,0
16.6485,0.048656,59.999098,0.002406,0.0000,0.0212,4870.0,-0.0091,1,0
16.6483,0.048698,59.999097,0.002409,0.0000,0.0212,4872.1,-0.0092,1,0
16.6481,0.048739,59.999096,0.002411,0.0000,0.0212,4875.0,-0.0092,1,0
16.6485,0.048780,59.999095,0.002414,0.0000,0.0207,4871.0,-0.0092,1,0
16.6483,0.048821,59.999094,0.002416,0.0000,0.0207,4874.7,-0.0092,1,0
16.6491,0.048862,59.999092,0.002419,0.0000,0.0215,4867.6,-0.0092,1,0
16.6485,0.048903,59.999091,0.002421,0.0000,0.0215,4871.5,-0.0092,1,0
16.6491,0.048944,59.999090,0.002424,0.0000,0.0197,4865.4,-0.0092,1,0
16.6493,0.048985,59.999089,0.002426,0.0000,0.0197,4866.6,-0.0091,1,0
16.6495,0.049026,59.999088,0.002429,0.0000,0.0203,4864.6,-0.0091,1,0
16.6493,0.049067,59.999086,0.002432,0.0000,0.0203,4866.6,-0.0091,1,0
16.6497,0.049108,59.999085,0.002434,0.0000,0.0202,4864.8,-0.0091,1,0
16.6493,0.049149,59.999084,0.002437,0.0000,0.0202,4865.6,-0.0091,1,0
16.6490,0.049190,59.999083,0.002439,0.0000,0.0189,4868.5,-0.0092,1,0
16.6493,0.049231,59.999083,0.002442,0.0000,0.0189,4866.0,-0.0093,1,0
16.6485,0.049272,59.999082,0.002444,0.0000,0.0211,4871.0,-0.0095,1,0
16.6489,0.049314,59.999081,0.002447,0.0000,0.0211,4870.2,-0.0098,1,0
16.6488,0.049355,59.999081,0.002449,0.0000,0.0135,4871.2,-0.0102,1,0
16.6493,0.049396,59.999080,0.002452,0.0000,0.0135,4866.5,-0.0107,1,0
16.6491,0.049437,59.999079,0.002454,0.0000,0.0174,4867.8,-0.0110,1,0
16.6498,0.049478,59.999078,0.002457,0.0000,0.0174,4862.8,-0.0113,1,0
16.6489,0.049519,59.999078,0.002459,0.0000,0.0173,4866.3,-0.0115,1,0
16.6487,0.049560,59.999077,0.002462,0.0000,0.0173,4867.6,-0.0116,1,0
16.6489,0.049601,59.999076,0.002464,0.0000,0.0196,4867.0,-0.0116,1,0
16.6484,0.049642,59.999076,0.002467,0.0000,0.0196,4870.7,-0.0116,1,0
16.6488,0.049683,59.999075,0.002469,0.0000,0.0184,4867.7,-0.0114,1,0
16.6489,0.049724,59.999074,0.002472,0.0000,0.0184,4868.5,-0.0112,1,0
16.6491,0.049765,59.999074,0.002474,0.0000,0.0215,4867.0,-0.0111,1,0
16.6480,0.049806,59.999073,0.002477,0.0000,0.0215,4873.6,-0.0110,1,0
16.6480,0.049847,59.999072,0.002479,0.0000,0.0216,4877.4,-0.0110,1,0
16.6483,0.049888,59.999071,0.002482,0.0000,0.0216,4875.7,-0.0110,1,0
16.6486,0.049929,59.999071,0.002484,0.0000,0.0191,4875.2,-0.0110,1,0
16.6488,0.049971,59.999070,0.002487,0.0000,0.0191,4870.9,-0.0110,1,0
16.6489,0.050012,59.999069,0.002489,0.0000,0.0202,4872.2,-0.0110,1,0
16.6491,0.050053,59.999068,0.002492,0.0000,0.0202,4866.3,-0.0109,1,0
16.6484,0.050094,59.999067,0.002494,0.0000,0.0204,4872.0,-0.0108,1,0
16.6491,0.050135,59.999066,0.002497,0.0000,0.0204,4865.7,-0.0105,1,0
16.6484,0.050176,59.999065,0.002499,0.0000,0.0155,4871.1,-0.0102,1,0
16.6491,0.050217,59.999064,0.002502,0.0000,0.0155,4865.8,-0.0099,1,0
16.6485,0.050258,59.999063,0.002504,0.0000,0.0127,4869.9,-0.0095,1,0
16.6490,0.050299,59.999062,0.002507,0.0000,0.0127,4867.2,-0.0091,1,0
16.6485,0.050340,59.999061,0.002509,0.0000,0.0189,4870.0,-0.0087,1,0
16.6481,0.050381,59.999060,0.002512,0.0000,0.0189,4873.9,-0.0084,1,0
16.6486,0.050422,59.999059,0.002514,0.0000,0.0209,4870.5,-0.0081,1,0
16.6487,0.050463,59.999059,0.002517,0.0000,0.0209,4874.1,-0.0078,1,0
16.6493,0.050504,59.999058,0.002519,0.0000,0.0204,4868.0,-0.0076,1,0
16.6490,0.050545,59.999058,0.002522,0.0000,0.0204,4870.4,-0.0074,1,0
16.6496,0.050587,59.999057,0.002524,0.0000,0.0205,4865.4,-0.0072,1,0
16.6492,0.050628,59.999056,0.002527,0.0000,0.0205,4868.9,-0.0071,1,0
16.6494,0.050669,59.999056,0.002529,0.0000,0.0201,4867.9,-0.0069,1,0
16.6493,0.050710,59.999055,0.002532,0.0000,0.0201,4866.9,-0.0068,1,0
16.6491,0.050751,59.999055,0.002534,0.0000,0.0200,4869.8,-0.0066,1,0
16.6496,0.050792,59.999054,0.002537,0.0000,0.0200,4864.0,-0.0065,1,0
16.6490,0.050833,59.999053,0.002539,0.0000,0.0177,4868.7,-0.0064,1,0
16.6493,0.050874,59.999052,0.002542,0.0000,0.0177,4866.8,-0.0063,1,0
16.6481,0.050915,59.999052,0.002544,0.0000,0.0186,4874.3,-0.0063,1,0
16.6484,0.050956,59.999051,0.002547,0.0000,0.0186,4874.5,-0.0064,1,0
16.6486,0.050997,59.999050,0.002549,0.0000,0.0167,4872.5,-0.0065,1,0
16.6490,0.051038,59.999049,0.002552,0.0000,0.0167,4870.4,-0.0066,1,0
16.6494,0.051079,59.999048,0.002555,0.0000,0.0176,4866.0,-0.0066,1,0
16.6489,0.051120,59.999048,0.002557,0.0000,0.0176,4868.6,-0.0067,1,0
16.6490,0.051161,59.999047,0.002560,0.0000,0.0206,4869.6,-0.0068,1,0
16.6491,0.051202,59.999046,0.002562,0.0000,0.0206,4869.6,-0.0068,1,0
16.6492,0.051244,59.999045,0.002565,0.0000,0.0204,4868.9,-0.0068,1,0
16.6493,0.051285,59.999045,0.002567,0.0000,0.0204,4869.9,-0.0067,1,0
16.6496,0.051326,59.999044,0.002570,0.0000,0.0186,4868.3,-0.0067,1,0
16.6495,0.051367,59.999044,0.002572,0.0000,0.0186,4869.1,-0.0066,1,0
16.6495,0.051408,59.999043,0.002575,0.0000,0.0204,4870.7,-0.0065,1,0
16.6492,0.051449,59.999042,0.002577,0.0000,0.0204,4872.8,-0.0065,1,0
16.6493,0.051490,59.999042,0.002580,0.0000,0.0204,4873.3,-0.0065,1,0
16.6493,0.051531,59.999041,0.002582,0.0000,0.0204,4872.5,-0.0064,1,0
16.6494,0.051572,59.999041,0.002585,0.0000,0.0169,4872.0,-0.0063,1,0
16.6500,0.051613,59.999040,0.002587,0.0000,0.0169,4868.5,-0.0062,1,0
16.6500,0.051654,59.999039,0.002590,0.0000,0.0180,4868.5,-0.0062,1,0
16.6502,0.051695,59.999037,0.002592,0.0000,0.0180,4867.2,-0.0061,1,0
16.6499,0.051736,59.999036,0.002595,0.0000,0.0169,4868.2,-0.0060,1,0
16.6499,0.051777,59.999035,0.002597,0.0000,0.0169,4867.0,-0.0060,1,0
16.6499,0.051818,59.999033,0.002600,0.0000,0.0171,4868.0,-0.0060,1,0
16.6502,0.051860,59.999032,0.002602,0.0000,0.0171,4866.1,-0.0059,1,0
16.6498,0.051901,59.999031,0.002605,0.0000,0.0194,4868.4,-0.0060,1,0
16.6501,0.051942,59.999030,0.002607,0.0000,0.0194,4866.9,-0.0061,1,0
16.6494,0.051983,59.999028,0.002610,0.0000,0.0155,4871.3,-0.0062,1,0
16.6494,0.052024,59.999027,0.002612,0.0000,0.0155,4871.7,-0.0064,1,0
16.6493,0.052065,59.999026,0.002615,0.0000,0.0196,4872.1,-0.0065,1,0
16.6496,0.052106,59.999026,0.002617,0.0000,0.0196,4871.5,-0.0066,1,0
16.6501,0.052147,59.999025,0.002620,0.0000,0.0195,4867.2,-0.0068,1,0
16.6502,0.052188,59.999024,0.002622,0.0000,0.0195,4865.9,-0.0069,1,0
16.6499,0.052229,59.999023,0.002625,0.0000,0.0193,4866.2,-0.0070,1,0
16.6493,0.052270,59.999023,0.002628,0.0000,0.0193,4869.5,-0.0070,1,0
16.6496,0.052311,59.999022,0.002630,0.0000,0.0197,4867.5,-0.0070,1,0
16.6495,0.052352,59.999021,0.002633,0.0000,0.0197,4869.2,-0.0071,1,0
16.6498,0.052393,59.999021,0.002635,0.0000,0.0163,4868.5,-0.0071,1,0
16.6499,0.052434,59.999020,0.002638,0.0000,0.0163,4868.0,-0.0071,1,0
16.6500,0.052476,59.999019,0.002640,0.0000,0.0196,4868.1,-0.0071,1,0
16.6494,0.052517,59.999018,0.002643,0.0000,0.0196,4871.8,-0.0072,1,0
16.6493,0.052558,59.999018,0.002645,0.0000,0.0204,4874.0,-0.0073,1,0
16.6494,0.052599,59.999017,0.002648,0.0000,0.0204,4873.5,-0.0073,1,0
16.6495,0.052640,59.999016,0.002650,0.0000,0.0183,4873.1,-0.0073,1,0
16.6498,0.052681,59.999015,0.002653,0.0000,0.0183,4871.2,-0.0072,1,0
16.6502,0.052722,59.999014,0.002655,0.0000,0.0191,4868.3,-0.0071,1,0
16.6502,0.052763,59.999014,0.002658,0.0000,0.0191,4869.5,-0.0069,1,0
16.6502,0.052804,59.999013,0.002660,0.0000,0.0192,4868.6,-0.0068,1,0
16.6499,0.052845,59.999012,0.002663,0.0000,0.0192,4870.7,-0.0066,1,0
16.6501,0.052886,59.999011,0.002665,0.0000,0.0197,4867.7,-0.0065,1,0
16.6500,0.052927,59.999010,0.002668,0.0000,0.0197,4869.3,-0.0065,1,0
16.6501,0.052968,59.999010,0.002670,0.0000,0.0175,4867.4,-0.0064,1,0
16.6503,0.053009,59.999009,0.002673,0.0000,0.0175,4867.0,-0.0064,1,0
16.6495,0.053050,59.999008,0.002675,0.0000,0.0213,4869.4,-0.0064,1,0
16.6487,0.053092,59.999007,0.002678,0.0000,0.0213,4876.2,-0.0065,1,0
16.6493,0.053133,59.999006,0.002680,0.0000,0.0194,4871.6,-0.0066,1,0
16.6490,0.053174,59.999006,0.002683,0.0000,0.0194,4874.6,-0.0066,1,0
16.6497,0.053215,59.999005,0.002686,0.0000,0.0201,4869.7,-0.0066,1,0
16.6495,0.053256,59.999004,0.002688,0.0000,0.0201,4868.4,-0.0065,1,0
16.6499,0.053297,59.999003,0.002691,0.0000,0.0204,4863.7,-0.0064,1,0
16.6492,0.053338,59.999003,0.002693,0.0000,0.0204,4868.9,-0.0062,1,0
16.6493,0.053379,59.999002,0.002696,0.0000,0.0190,4869.8,-0.0061,1,0
16.6495,0.053420,59.999001,0.002698,0.0000,0.0190,4868.8,-0.0059,1,0
16.6494,0.053461,59.999001,0.002701,0.0000,0.0185,4870.6,-0.0056,1,0
16.6497,0.053502,59.999000,0.002703,0.0000,0.0185,4868.1,-0.0054,1,0
16.6495,0.053543,59.998999,0.002706,0.0000,0.0172,4871.4,-0.0053,1,0
16.6499,0.053584,59.998998,0.002708,0.0000,0.0172,4867.6,-0.0050,1,0
16.6491,0.053625,59.998998,0.002711,0.0000,0.0159,4873.4,-0.0047,1,0
16.6494,0.053666,59.998997,0.002713,0.0000,0.0159,4872.1,-0.0045,1,0
16.6494,0.053708,59.998996,0.002716,0.0000,0.0203,4871.8,-0.0041,1,0
16.6497,0.053749,59.998996,0.002718,0.0000,0.0203,4871.9,-0.0039,1,0
16.6498,0.053790,59.998995,0.002721,0.0000,0.0163,4868.7,-0.0035,1,0
16.6498,0.053831,59.998994,0.002723,0.0000,0.0163,4867.8,-0.0031,1,0
16.6497,0.053872,59.998993,0.002726,0.0000,0.0195,4867.1,-0.0026,1,0
16.6496,0.053913,59.998993,0.002728,0.0000,0.0195,4869.5,-0.0021,1,0
16.6498,0.053954,59.998992,0.002731,0.0000,0.0174,4866.6,-0.0015,1,0
16.6493,0.053995,59.998991,0.002734,0.0000,0.0174,4869.4,-0.0008,1,0
16.6498,0.054036,59.998991,0.002736,0.0000,0.0200,4866.5,-0.0002,1,0
16.6496,0.054077,59.998990,0.002739,0.0000,0.0200,4868.0,0.0004,1,0
16.6496,0.054118,59.998989,0.002741,0.0000,0.0203,4869.2,0.0012,1,0
16.6493,0.054159,59.998988,0.002744,0.0000,0.0203,4872.8,0.0018,1,0
16.6492,0.054200,59.998987,0.002746,0.0000,0.0178,4875.4,0.0025,1,0
16.6495,0.054241,59.998986,0.002749,0.0000,0.0178,4873.2,0.0032,1,0
16.6496,0.054282,59.998985,0.002751,0.0000,0.0196,4873.8,0.0038,1,0
16.6500,0.054324,59.998984,0.002754,0.0000,0.0196,4869.5,0.0045,1,0
16.6503,0.054365,59.998983,0.002756,0.0000,0.0195,4866.4,0.0053,1,0
16.6498,0.054406,59.998982,0.002759,0.0000,0.0195,4867.7,0.0062,1,0
16.6488,0.054447,59.998981,0.002761,0.0000,0.0169,4872.2,0.0070,1,0
16.6493,0.054488,59.998980,0.002764,0.0000,0.0169,4868.8,0.0079,1,0
16.6486,0.054529,59.998979,0.002766,0.0000,0.0156,4872.0,0.0089,1,0
16.6492,0.054570,59.998979,0.002769,0.0000,0.0156,4869.6,0.0098,1,0
16.6493,0.054611,59.998978,0.002771,0.0000,0.0207,4868.7,0.0108,1,0
16.6491,0.054652,59.998978,0.002774,0.0000,0.0207,4872.4,0.0118,1,0
16.6492,0.054693,59.998977,0.002776,0.0000,0.0210,4873.2,0.0128,1,0
16.6487,0.054734,59.998976,0.002779,0.0000,0.0210,4877.5,0.0137,1,0
16.6494,0.054775,59.998976,0.002781,0.0000,0.0202,4873.3,0.0146,1,0
16.6493,0.054816,59.998975,0.002784,0.0000,0.0202,4874.5,0.0154,1,0
16.6496,0.054857,59.998975,0.002787,0.0000,0.0197,4871.7,0.0162,1,0
16.6497,0.054898,59.998974,0.002789,0.0000,0.0197,4867.9,0.0170,1,0
16.6495,0.054939,59.998973,0.002792,0.0000,0.0200,4869.8,0.0178,1,0
16.6496,0.054981,59.998972,0.002794,0.0000,0.0200,4868.5,0.0186,1,0
16.6494,0.055022,59.998972,0.002797,0.0000,0.0202,4869.9,0.0193,1,0
16.6495,0.055063,59.998971,0.002799,0.0000,0.0202,4868.5,0.0200,1,0
16.6493,0.055104,59.998970,0.002802,0.0000,0.0194,4868.0,0.0206,1,0
16.6495,0.055145,59.998969,0.002804,0.0000,0.0194,4866.7,0.0211,1,0
16.6493,0.055186,59.998968,0.002807,0.0000,0.0208,4868.7,0.0216,1,0
16.6490,0.055227,59.998968,0.002809,0.0000,0.0208,4872.2,0.0220,1,0
16.6489,0.055268,59.998967,0.002812,0.0000,0.0188,4874.7,0.0224,1,0
16.6492,0.055309,59.998966,0.002814,0.0000,0.0188,4873.2,0.0227,1,0
16.6492,0.055350,59.998965,0.002817,0.0000,0.0188,4873.6,0.0230,1,0
16.6495,0.055391,59.998964,0.002819,0.0000,0.0188,4873.0,0.0233,1,0
16.6503,0.055432,59.998963,0.002822,0.0000,0.0200,4865.7,0.0236,1,0
16.6495,0.055473,59.998962,0.002824,0.0000,0.0200,4869.6,0.0238,1,0
16.6499,0.055514,59.998961,0.002827,0.0000,0.0199,4867.4,0.0240,1,0
16.6497,0.055555,59.998959,0.002829,0.0000,0.0199,4868.5,0.0242,1,0
16.6498,0.055597,59.998958,0.002832,0.0000,0.0185,4868.7,0.0243,1,0
16.6498,0.055638,59.998957,0.002834,0.0000,0.0185,4867.5,0.0244,1,0
16.6496,0.055679,59.998956,0.002837,0.0000,0.0165,4869.8,0.0245,1,0
16.6502,0.055720,59.998955,0.002839,0.0000,0.0165,4865.1,0.0246,1,0
16.6491,0.055761,59.998954,0.002842,0.0000,0.0199,4870.3,0.0247,1,0
16.6492,0.055802,59.998953,0.002844,0.0000,0.0199,4872.3,0.0248,1,0
16.6489,0.055843,59.998953,0.002847,0.0000,0.0194,4874.0,0.0248,1,0
16.6491,0.055884,59.998952,0.002849,0.0000,0.0194,4873.8,0.0249,1,0
16.6496,0.055925,59.998951,0.002852,0.0000,0.0134,4869.7,0.0249,1,0
16.6497,0.055966,59.998950,0.002854,0.0000,0.0134,4867.5,0.0250,1,0
16.6497,0.056007,59.998949,0.002857,0.0000,0.0208,4865.5,0.0251,1,0
16.6489,0.056048,59.998949,0.002859,0.0000,0.0208,4871.1,0.0252,1,0
16.6495,0.056089,59.998948,0.002862,0.0000,0.0205,4866.4,0.0252,1,0
16.6491,0.056130,59.998947,0.002864,0.0000,0.0205,4870.6,0.0252,1,0
16.6498,0.056171,59.998946,0.002867,0.0000,0.0204,4867.5,0.0252,1,0
16.6492,0.056213,59.998946,0.002869,0.0000,0.0204,4868.7,0.0249,1,0
16.6495,0.056254,59.998945,0.002872,0.0000,0.0210,4867.9,0.0246,1,0
16.6483,0.056295,59.998944,0.002874,0.0000,0.0210,4870.0,0.0243,1,0
16.6476,0.056336,59.998943,0.002877,0.0000,0.0212,4876.0,0.0238,1,0
16.6482,0.056377,59.998943,0.002879,0.0000,0.0212,4873.1,0.0235,1,0
16.6479,0.056418,59.998942,0.002882,0.0000,0.0120,4876.5,0.0230,1,0
16.6489,0.056459,59.998941,0.002884,0.0000,0.0120,4868.9,0.0227,1,0
16.6486,0.056500,59.998941,0.002887,0.0000,0.0104,4873.6,0.0223,1,0
16.6495,0.056541,59.998940,0.002889,0.0000,0.0104,4865.1,0.0218,1,0
16.6486,0.056582,59.998939,0.002892,0.0000,0.0208,4870.0,0.0213,1,0
16.6486,0.056623,59.998938,0.002894,0.0000,0.0208,4872.2,0.0207,1,0
16.6490,0.056664,59.998937,0.002897,0.0000,0.0192,4868.1,0.0201,1,0
16.6484,0.056705,59.998936,0.002899,0.0000,0.0192,4872.8,0.0195,1,0
16.6491,0.056746,59.998935,0.002902,0.0000,0.0212,4867.3,0.0191,1,0
16.6487,0.056787,59.998934,0.002904,0.0000,0.0212,4872.0,0.0187,1,0
16.6492,0.056828,59.998933,0.002907,0.0000,0.0213,4868.3,0.0184,1,0
16.6486,0.056870,59.998932,0.002909,0.0000,0.0213,4874.2,0.0181,1,0
16.6485,0.056911,59.998931,0.002912,0.0000,0.0207,4875.5,0.0180,1,0
16.6486,0.056952,59.998930,0.002914,0.0000,0.0207,4875.7,0.0179,1,0
16.6491,0.056993,59.998929,0.002917,0.0000,0.0207,4870.7,0.0179,1,0
16.6491,0.057034,59.998929,0.002919,0.0000,0.0207,4869.6,0.0179,1,0
16.6495,0.057075,59.998928,0.002922,0.0000,0.0208,4864.6,0.0179,1,0
16.6488,0.057116,59.998928,0.002924,0.0000,0.0208,4869.4,0.0179,1,0
16.6486,0.057157,59.998927,0.002927,0.0000,0.0163,4873.4,0.0178,1,0
16.6490,0.057198,59.998926,0.002929,0.0000,0.0163,4869.1,0.0176,1,0
16.6484,0.057239,59.998926,0.002932,0.0000,0.0198,4873.4,0.0175,1,0
16.6490,0.057280,59.998925,0.002934,0.0000,0.0198,4869.7,0.0175,1,0
16.6487,0.057321,59.998925,0.002937,0.0000,0.0185,4871.7,0.0178,1,0
16.6489,0.057362,59.998924,0.002939,0.0000,0.0185,4870.4,0.0184,1,0
16.6482,0.057403,59.998923,0.002942,0.0000,0.0216,4874.9,0.0192,1,0
16.6482,0.057444,59.998923,0.002944,0.0000,0.0216,4875.6,0.0203,1,0
16.6486,0.057486,59.998922,0.002947,0.0000,0.0212,4875.0,0.0217,1,0
16.6487,0.057527,59.998921,0.002949,0.0000,0.0212,4874.5,0.0234,1,0
16.6492,0.057568,59.998921,0.002952,0.0000,0.0204,4871.6,0.0255,1,0
16.6492,0.057609,59.998920,0.002954,0.0000,0.0204,4870.6,0.0278,1,0
16.6497,0.057650,59.998919,0.002957,0.0000,0.0200,4868.1,0.0304,1,0
16.6495,0.057691,59.998918,0.002959,0.0000,0.0200,4869.3,0.0331,1,0
16.6498,0.057732,59.998918,0.002961,0.0000,0.0197,4868.1,0.0358,1,0
16.6498,0.057773,59.998917,0.002964,0.0000,0.0197,4867.8,0.0388,1,0
16.6498,0.057814,59.998916,0.002966,0.0000,0.0198,4868.3,0.0415,1,0
16.6497,0.057855,59.998915,0.002969,0.0000,0.0198,4867.0,0.0443,1,0
16.6498,0.057896,59.998913,0.002971,0.0000,0.0198,4866.7,0.0468,1,0
16.6496,0.057937,59.998912,0.002974,0.0000,0.0198,4867.4,0.0489,1,0
16.6489,0.057978,59.998911,0.002976,0.0000,0.0206,4871.8,0.0508,1,0
16.6492,0.058019,59.998910,0.002979,0.0000,0.0206,4870.1,0.0522,1,0
16.6492,0.058060,59.998909,0.002981,0.0000,0.0200,4868.9,0.0532,1,0
16.6497,0.058101,59.998907,0.002984,0.0000,0.0200,4864.9,0.0537,1,0
16.6491,0.058143,59.998906,0.002986,0.0000,0.0202,4865.9,0.0537,1,0
16.6494,0.058184,59.998905,0.002989,0.0000,0.0202,4863.6,0.0532,1,0
16.6490,0.058225,59.998904,0.002991,0.0000,0.0202,4866.6,0.0520,1,0
16.6492,0.058266,59.998904,0.002994,0.0000,0.0202,4867.3,0.0506,1,0
16.6493,0.058307,59.998903,0.002996,0.0000,0.0175,4865.4,0.0488,1,0
16.6492,0.058348,59.998902,0.002998,0.0000,0.0175,4868.1,0.0468,1,0
16.6496,0.058389,59.998901,0.003001,0.0000,0.0207,4863.8,0.0445,1,0
16.6492,0.058430,59.998901,0.003003,0.0000,0.0207,4868.6,0.0423,1,0
16.6497,0.058471,59.998900,0.003006,0.0000,0.0205,4866.6,0.0398,1,0
16.6490,0.058512,59.998899,0.003008,0.0000,0.0205,4870.8,0.0374,1,0
16.6494,0.058553,59.998899,0.003011,0.0000,0.0203,4869.2,0.0351,1,0
16.6495,0.058594,59.998898,0.003013,0.0000,0.0203,4869.2,0.0327,1,0
16.6496,0.058635,59.998897,0.003016,0.0000,0.0198,4867.3,0.0304,1,0
16.6497,0.058676,59.998896,0.003018,0.0000,0.0198,4866.9,0.0280,1,0
16.6502,0.058717,59.998896,0.003021,0.0000,0.0195,4865.9,0.0257,1,0
16.6500,0.058759,59.998895,0.003023,0.0000,0.0195,4865.7,0.0235,1,0
16.6496,0.058800,59.998894,0.003025,0.0000,0.0196,4869.0,0.0212,1,0
16.6501,0.058841,59.998893,0.003028,0.0000,0.0196,4865.9,0.0189,1,0
16.6489,0.058882,59.998892,0.003030,0.0000,0.0190,4869.7,0.0166,1,0
16.6493,0.058923,59.998892,0.003033,0.0000,0.0190,4866.4,0.0144,1,0
16.6490,0.058964,59.998891,0.003035,0.0000,0.0195,4870.1,0.0122,1,0
16.6489,0.059005,59.998890,0.003038,0.0000,0.0195,4872.2,0.0100,1,0
16.6483,0.059046,59.998889,0.003040,0.0000,0.0168,4876.2,0.0078,1,0
16.6485,0.059087,59.998888,0.003042,0.0000,0.0168,4876.9,0.0057,1,0
16.6483,0.059128,59.998888,0.003045,0.0000,0.0198,4877.9,0.0037,1,0
16.6490,0.059169,59.998887,0.003047,0.0000,0.0198,4873.9,0.0018,1,0
16.6490,0.059210,59.998886,0.003050,0.0000,0.0212,4871.9,0.0000,1,0
16.6487,0.059251,59.998885,0.003052,0.0000,0.0212,4872.6,-0.0016,1,0
16.6483,0.059292,59.998884,0.003055,0.0000,0.0223,4873.5,-0.0031,1,0
16.6476,0.059333,59.998884,0.003057,0.0000,0.0223,4878.2,-0.0044,1,0
16.6481,0.059375,59.998883,0.003060,0.0000,0.0217,4878.3,-0.0055,1,0
16.6479,0.059416,59.998882,0.003062,0.0000,0.0217,4878.9,-0.0063,1,0
16.6486,0.059457,59.998881,0.003064,0.0000,0.0217,4876.0,-0.0072,1,0
16.6480,0.059498,59.998880,0.003067,0.0000,0.0217,4877.2,-0.0080,1,0
16.6481,0.059539,59.998878,0.003069,0.0000,0.0222,4878.1,-0.0086,1,0
16.6473,0.059580,59.998877,0.003072,0.0000,0.0222,4878.5,-0.0092,1,0
16.6467,0.059621,59.998876,0.003074,0.0000,0.0201,4886.0,-0.0094,1,0
16.6474,0.059662,59.998875,0.003077,0.0000,0.0201,4882.0,-0.0097,1,0
16.6474,0.059703,59.998874,0.003079,0.0000,0.0135,4885.2,-0.0099,1,0
16.6483,0.059744,59.998872,0.003082,0.0000,0.0135,4874.2,-0.0100,1,0
16.6478,0.059785,59.998871,0.003084,0.0000,0.0174,4878.4,-0.0100,1,0
16.6485,0.059826,59.998870,0.003086,0.0000,0.0174,4870.9,-0.0100,1,0
16.6474,0.059867,59.998869,0.003089,0.0000,0.0109,4876.3,-0.0099,1,0
16.6482,0.059908,59.998869,0.003091,0.0000,0.0109,4868.1,-0.0097,1,0
16.6474,0.059949,59.998868,0.003094,0.0000,0.0196,4869.5,-0.0094,1,0
16.6469,0.059990,59.998867,0.003096,0.0000,0.0196,4873.0,-0.0092,1,0
16.6473,0.060031,59.998866,0.003099,0.0000,0.0231,4868.4,-0.0089,1,0
16.6465,0.060073,59.998866,0.003101,0.0000,0.0231,4876.8,-0.0087,1,0
16.6474,0.060114,59.998865,0.003104,0.0000,0.0231,4869.5,-0.0085,1,0
16.6470,0.060155,59.998864,0.003106,0.0000,0.0231,4876.4,-0.0083,1,0
16.6480,0.060196,59.998864,0.003108,0.0000,0.0222,4870.6,-0.0080,1,0
16.6479,0.060237,59.998863,0.003111,0.0000,0.0222,4872.6,-0.0079,1,0
16.6486,0.060278,59.998862,0.003113,0.0000,0.0212,4867.2,-0.0077,1,0
16.6486,0.060319,59.998862,0.003116,0.0000,0.0212,4867.5,-0.0077,1,0
16.6494,0.060360,59.998861,0.003118,0.0000,0.0208,4862.5,-0.0075,1,0
16.6489,0.060401,59.998860,0.003121,0.0000,0.0208,4865.5,-0.0074,1,0
16.6494,0.060442,59.998860,0.003123,0.0000,0.0205,4862.4,-0.0072,1,0
16.6490,0.060483,59.998859,0.003126,0.0000,0.0205,4863.9,-0.0069,1,0
16.6491,0.060524,59.998858,0.003128,0.0000,0.0205,4864.7,-0.0067,1,0
16.6492,0.060565,59.998857,0.003130,0.0000,0.0205,4862.9,-0.0062,1,0
16.6489,0.060606,59.998857,0.003133,0.0000,0.0181,4865.0,-0.0058,1,0
16.6491,0.060647,59.998856,0.003135,0.0000,0.0181,4864.0,-0.0052,1,0
16.6485,0.060688,59.998855,0.003138,0.0000,0.0196,4868.0,-0.0045,1,0
16.6489,0.060730,59.998854,0.003140,0.0000,0.0196,4867.7,-0.0039,1,0
16.6490,0.060771,59.998852,0.003143,0.0000,0.0168,4867.6,-0.0031,1,0
16.6491,0.060812,59.998851,0.003145,0.0000,0.0168,4866.7,-0.0023,1,0
16.6492,0.060853,59.998850,0.003148,0.0000,0.0182,4865.6,-0.0016,1,0
16.6494,0.060894,59.998849,0.003150,0.0000,0.0182,4865.0,-0.0009,1,0
16.6494,0.060935,59.998848,0.003152,0.0000,0.0204,4865.8,-0.0002,1,0
16.6494,0.060976,59.998846,0.003155,0.0000,0.0204,4867.4,0.0004,1,0
16.6495,0.061017,59.998845,0.003157,0.0000,0.0207,4865.8,0.0010,1,0
16.6492,0.061058,59.998844,0.003160,0.0000,0.0207,4869.2,0.0015,1,0
16.6495,0.061099,59.998843,0.003162,0.0000,0.0206,4866.2,0.0019,1,0
16.6491,0.061140,59.998843,0.003165,0.0000,0.0206,4868.6,0.0023,1,0
16.6492,0.061181,59.998842,0.003167,0.0000,0.0210,4868.2,0.0026,1,0
16.6487,0.061222,59.998841,0.003170,0.0000,0.0210,4872.3,0.0030,1,0
16.6487,0.061263,59.998841,0.003172,0.0000,0.0183,4873.3,0.0032,1,0
16.6490,0.061304,59.998840,0.003174,0.0000,0.0183,4871.8,0.0034,1,0
16.6493,0.061346,59.998839,0.003177,0.0000,0.0185,4870.4,0.0036,1,0
16.6495,0.061387,59.998838,0.003179,0.0000,0.0185,4869.3,0.0037,1,0
16.6496,0.061428,59.998838,0.003182,0.0000,0.0205,4867.4,0.0038,1,0
16.6492,0.061469,59.998837,0.003184,0.0000,0.0205,4870.3,0.0038,1,0
16.6491,0.061510,59.998836,0.003187,0.0000,0.0205,4870.9,0.0038,1,0
16.6492,0.061551,59.998836,0.003189,0.0000,0.0205,4870.7,0.0036,1,0
16.6494,0.061592,59.998835,0.003192,0.0000,0.0203,4870.5,0.0033,1,0
16.6493,0.061633,59.998834,0.003194,0.0000,0.0203,4870.6,0.0031,1,0
16.6495,0.061674,59.998834,0.003197,0.0000,0.0203,4869.1,0.0027,1,0
16.6491,0.061715,59.998833,0.003199,0.0000,0.0203,4871.8,0.0024,1,0
16.6486,0.061756,59.998832,0.003201,0.0000,0.0201,4876.1,0.0020,1,0
16.6491,0.061797,59.998831,0.003204,0.0000,0.0201,4874.6,0.0016,1,0
16.6486,0.061838,59.998831,0.003206,0.0000,0.0122,4876.5,0.0011,1,0
16.6493,0.061879,59.998830,0.003209,0.0000,0.0122,4870.6,0.0006,1,0
16.6488,0.061920,59.998829,0.003211,0.0000,0.0168,4870.6,0.0000,1,0
16.6495,0.061962,59.998828,0.003214,0.0000,0.0168,4867.5,-0.0006,1,0
16.6489,0.062003,59.998827,0.003216,0.0000,0.0203,4869.2,-0.0014,1,0
16.6487,0.062044,59.998826,0.003219,0.0000,0.0203,4872.9,-0.0023,1,0
16.6492,0.062085,59.998825,0.003221,0.0000,0.0215,4866.4,-0.0033,1,0
16.6483,0.062126,59.998824,0.003223,0.0000,0.0215,4872.3,-0.0044,1,0
16.6489,0.062167,59.998823,0.003226,0.0000,0.0209,4867.6,-0.0054,1,0
16.6488,0.062208,59.998822,0.003228,0.0000,0.0209,4869.0,-0.0063,1,0
16.6489,0.062249,59.998821,0.003231,0.0000,0.0211,4869.4,-0.0071,1,0
16.6486,0.062290,59.998820,0.003233,0.0000,0.0211,4873.2,-0.0077,1,0
16.6488,0.062331,59.998819,0.003236,0.0000,0.0195,4874.0,-0.0083,1,0
16.6489,0.062372,59.998818,0.003238,0.0000,0.0195,4872.8,-0.0087,1,0
16.6491,0.062413,59.998817,0.003241,0.0000,0.0183,4871.2,-0.0090,1,0
16.6493,0.062454,59.998816,0.003243,0.0000,0.0183,4870.1,-0.0093,1,0
16.6498,0.062495,59.998815,0.003245,0.0000,0.0201,4867.1,-0.0093,1,0
16.6493,0.062536,59.998814,0.003248,0.0000,0.0201,4867.0,-0.0093,1,0
16.6493,0.062577,59.998813,0.003250,0.0000,0.0203,4867.7,-0.0092,1,0
16.6492,0.062619,59.998812,0.003253,0.0000,0.0203,4866.7,-0.0089,1,0
16.6490,0.062660,59.998811,0.003255,0.0000,0.0208,4869.0,-0.0086,1,0
16.6491,0.062701,59.998810,0.003258,0.0000,0.0208,4868.8,-0.0083,1,0
16.6492,0.062742,59.998809,0.003260,0.0000,0.0204,4869.0,-0.0080,1,0
16.6492,0.062783,59.998808,0.003263,0.0000,0.0204,4868.3,-0.0078,1,0
16.6487,0.062824,59.998808,0.003265,0.0000,0.0154,4872.9,-0.0075,1,0
16.6488,0.062865,59.998807,0.003268,0.0000,0.0154,4870.2,-0.0074,1,0
16.6484,0.062906,59.998806,0.003270,0.0000,0.0212,4873.5,-0.0073,1,0
16.6488,0.062947,59.998805,0.003272,0.0000,0.0212,4872.9,-0.0073,1,0
16.6489,0.062988,59.998804,0.003275,0.0000,0.0149,4870.8,-0.0073,1,0
16.6495,0.063029,59.998804,0.003277,0.0000,0.0149,4866.6,-0.0073,1,0
16.6491,0.063070,59.998803,0.003280,0.0000,0.0213,4867.4,-0.0073,1,0
16.6486,0.063111,59.998802,0.003282,0.0000,0.0213,4871.9,-0.0073,1,0
16.6491,0.063152,59.998801,0.003285,0.0000,0.0215,4867.5,-0.0072,1,0
16.6482,0.063193,59.998801,0.003287,0.0000,0.0215,4872.5,-0.0071,1,0
16.6488,0.063235,59.998800,0.003290,0.0000,0.0211,4868.0,-0.0070,1,0
16.6488,0.063276,59.998799,0.003292,0.0000,0.0211,4869.2,-0.0067,1,0
16.6490,0.063317,59.998798,0.003294,0.0000,0.0216,4866.7,-0.0064,1,0
16.6480,0.063358,59.998798,0.003297,0.0000,0.0216,4872.8,-0.0062,1,0
16.6475,0.063399,59.998797,0.003299,0.0000,0.0163,4878.5,-0.0058,1,0
16.6481,0.063440,59.998796,0.003302,0.0000,0.0163,4874.8,-0.0056,1,0
16.6479,0.063481,59.998796,0.003304,0.0000,0.0204,4877.7,-0.0053,1,0
16.6489,0.063522,59.998795,0.003307,0.0000,0.0204,4870.7,-0.0050,1,0
16.6485,0.063563,59.998794,0.003309,0.0000,0.0199,4871.2,-0.0047,1,0
16.6490,0.063604,59.998793,0.003312,0.0000,0.0199,4868.4,-0.0044,1,0
16.6481,0.063645,59.998793,0.003314,0.0000,0.0211,4872.7,-0.0041,1,0
16.6482,0.063686,59.998792,0.003317,0.0000,0.0211,4874.1,-0.0039,1,0
16.6483,0.063727,59.998791,0.003319,0.0000,0.0212,4871.2,-0.0036,1,0
16.6480,0.063768,59.998790,0.003321,0.0000,0.0212,4874.6,-0.0032,1,0
16.6484,0.063809,59.998789,0.003324,0.0000,0.0218,4870.6,-0.0028,1,0
16.6482,0.063850,59.998789,0.003326,0.0000,0.0218,4874.4,-0.0024,1,0
16.6484,0.063892,59.998788,0.003329,0.0000,0.0222,4872.0,-0.0023,1,0
16.6477,0.063933,59.998787,0.003331,0.0000,0.0222,4877.9,-0.0021,1,0
16.6482,0.063974,59.998786,0.003334,0.0000,0.0218,4874.2,-0.0020,1,0
16.6480,0.064015,59.998785,0.003336,0.0000,0.0218,4875.4,-0.0020,1,0
16.6484,0.064056,59.998783,0.003339,0.0000,0.0212,4873.5,-0.0020,1,0
16.6483,0.064097,59.998782,0.003341,0.0000,0.0212,4870.2,-0.0021,1,0
16.6483,0.064138,59.998781,0.003344,0.0000,0.0211,4871.1,-0.0022,1,0
16.6486,0.064179,59.998780,0.003346,0.0000,0.0211,4868.0,-0.0023,1,0
16.6480,0.064220,59.998779,0.003348,0.0000,0.0207,4872.3,-0.0024,1,0
16.6486,0.064261,59.998777,0.003351,0.0000,0.0207,4866.7,-0.0025,1,0
16.6478,0.064302,59.998776,0.003353,0.0000,0.0145,4871.5,-0.0026,1,0
16.6484,0.064343,59.998775,0.003356,0.0000,0.0145,4866.5,-0.0027,1,0
16.6480,0.064384,59.998774,0.003358,0.0000,0.0167,4868.7,-0.0028,1,0
16.6482,0.064425,59.998774,0.003361,0.0000,0.0167,4869.1,-0.0029,1,0
16.6477,0.064466,59.998773,0.003363,0.0000,0.0174,4874.3,-0.0031,1,0
16.6480,0.064507,59.998772,0.003366,0.0000,0.0174,4872.4,-0.0035,1,0
16.6480,0.064549,59.998771,0.003368,0.0000,0.0189,4874.6,-0.0039,1,0
16.6485,0.064590,59.998771,0.003371,0.0000,0.0189,4870.2,-0.0043,1,0
16.6486,0.064631,59.998770,0.003373,0.0000,0.0191,4870.9,-0.0048,1,0
16.6491,0.064672,59.998769,0.003376,0.0000,0.0191,4866.1,-0.0054,1,0
16.6486,0.064713,59.998769,0.003378,0.0000,0.0207,4868.8,-0.0060,1,0
16.6489,0.064754,59.998768,0.003380,0.0000,0.0207,4869.0,-0.0066,1,0
16.6489,0.064795,59.998767,0.003383,0.0000,0.0165,4867.7,-0.0072,1,0
16.6489,0.064836,59.998766,0.003385,0.0000,0.0165,4867.6,-0.0079,1,0
16.6487,0.064877,59.998766,0.003388,0.0000,0.0179,4868.5,-0.0085,1,0
16.6490,0.064918,59.998765,0.003390,0.0000,0.0179,4866.5,-0.0092,1,0
16.6488,0.064959,59.998764,0.003393,0.0000,0.0213,4867.9,-0.0098,1,0
16.6485,0.065000,59.998763,0.003395,0.0000,0.0213,4871.5,-0.0103,1,0
16.6485,0.065041,59.998762,0.003398,0.0000,0.0213,4873.1,-0.0108,1,0
16.6486,0.065082,59.998762,0.003400,0.0000,0.0213,4873.2,-0.0111,1,0
16.6490,0.065123,59.998761,0.003403,0.0000,0.0206,4870.4,-0.0114,1,0
16.6489,0.065164,59.998760,0.003405,0.0000,0.0206,4869.7,-0.0116,1,0
16.6495,0.065206,59.998759,0.003407,0.0000,0.0206,4865.8,-0.0116,1,0
16.6489,0.065247,59.998759,0.003410,0.0000,0.0206,4866.7,-0.0116,1,0
16.6485,0.065288,59.998758,0.003412,0.0000,0.0174,4870.1,-0.0116,1,0
16.6488,0.065329,59.998757,0.003415,0.0000,0.0174,4866.0,-0.0114,1,0
16.6483,0.065370,59.998756,0.003417,0.0000,0.0170,4869.9,-0.0111,1,0
16.6489,0.065411,59.998756,0.003420,0.0000,0.0170,4866.1,-0.0107,1,0
16.6484,0.065452,59.998755,0.003422,0.0000,0.0175,4869.2,-0.0103,1,0
16.6489,0.065493,59.998754,0.003425,0.0000,0.0175,4869.1,-0.0100,1,0
16.6479,0.065534,59.998754,0.003427,0.0000,0.0172,4870.5,-0.0096,1,0
16.6475,0.065575,59.998753,0.003430,0.0000,0.0172,4873.5,-0.0093,1,0
16.6480,0.065616,59.998752,0.003432,0.0000,0.0191,4870.8,-0.0088,1,0
16.6479,0.065657,59.998750,0.003435,0.0000,0.0191,4872.7,-0.0084,1,0
16.6488,0.065698,59.998749,0.003437,0.0000,0.0214,4869.2,-0.0079,1,0
16.6485,0.065739,59.998748,0.003439,0.0000,0.0214,4869.5,-0.0075,1,0
16.6489,0.065780,59.998747,0.003442,0.0000,0.0213,4866.9,-0.0071,1,0
16.6484,0.065821,59.998745,0.003444,0.0000,0.0213,4869.8,-0.0067,1,0
16.6485,0.065863,59.998744,0.003447,0.0000,0.0199,4868.9,-0.0062,1,0
16.6486,0.065904,59.998743,0.003449,0.0000,0.0199,4869.1,-0.0058,1,0
16.6485,0.065945,59.998741,0.003452,0.0000,0.0208,4869.7,-0.0054,1,0
16.6488,0.065986,59.998740,0.003454,0.0000,0.0208,4868.1,-0.0050,1,0
16.6488,0.066027,59.998739,0.003457,0.0000,0.0213,4869.3,-0.0046,1,0
16.6484,0.066068,59.998739,0.003459,0.0000,0.0213,4872.7,-0.0044,1,0
16.6481,0.066109,59.998738,0.003462,0.0000,0.0215,4877.0,-0.0041,1,0
16.6482,0.066150,59.998738,0.003464,0.0000,0.0215,4874.0,-0.0039,1,0
16.6478,0.066191,59.998737,0.003467,0.0000,0.0196,4877.9,-0.0037,1,0
16.6488,0.066232,59.998736,0.003469,0.0000,0.0196,4866.9,-0.0034,1,0
16.6482,0.066273,59.998736,0.003472,0.0000,0.0181,4870.4,-0.0031,1,0
16.6487,0.066314,59.998735,0.003474,0.0000,0.0181,4866.8,-0.0030,1,0
16.6475,0.066355,59.998735,0.003476,0.0000,0.0210,4873.1,-0.0027,1,0
16.6479,0.066396,59.998734,0.003479,0.0000,0.0210,4873.6,-0.0024,1,0
16.6479,0.066437,59.998733,0.003481,0.0000,0.0208,4871.4,-0.0023,1,0
16.6478,0.066478,59.998732,0.003484,0.0000,0.0208,4874.0,-0.0020,1,0
16.6484,0.066520,59.998732,0.003486,0.0000,0.0219,4867.8,-0.0019,1,0
16.6480,0.066561,59.998731,0.003489,0.0000,0.0219,4871.6,-0.0018,1,0
16.6481,0.066602,59.998730,0.003491,0.0000,0.0227,4872.2,-0.0017,1,0
16.6472,0.066643,59.998729,0.003494,0.0000,0.0227,4878.1,-0.0016,1,0
16.6477,0.066684,59.998728,0.003496,0.0000,0.0207,4876.1,-0.0016,1,0
16.6479,0.066725,59.998728,0.003499,0.0000,0.0207,4876.9,-0.0016,1,0
16.6485,0.066766,59.998727,0.003501,0.0000,0.0182,4873.4,-0.0016,1,0
16.6487,0.066807,59.998726,0.003504,0.0000,0.0182,4871.3,-0.0016,1,0
16.6489,0.066848,59.998725,0.003506,0.0000,0.0213,4868.5,-0.0016,1,0
16.6486,0.066889,59.998725,0.003509,0.0000,0.0213,4870.4,-0.0016,1,0
16.6487,0.066930,59.998724,0.003511,0.0000,0.0212,4868.4,-0.0016,1,0
16.6485,0.066971,59.998724,0.003513,0.0000,0.0212,4869.5,-0.0016,1,0
16.6491,0.067012,59.998723,0.003516,0.0000,0.0209,4866.7,-0.0016,1,0
16.6487,0.067053,59.998722,0.003518,0.0000,0.0209,4869.5,-0.0017,1,0
16.6492,0.067094,59.998722,0.003521,0.0000,0.0209,4867.0,-0.0018,1,0
16.6487,0.067136,59.998721,0.003523,0.0000,0.0209,4869.4,-0.0019,1,0
16.6485,0.067177,59.998721,0.003526,0.0000,0.0213,4870.2,-0.0020,1,0
16.6486,0.067218,59.998720,0.003528,0.0000,0.0213,4870.2,-0.0021,1,0
16.6482,0.067259,59.998719,0.003531,0.0000,0.0152,4872.1,-0.0022,1,0
16.6489,0.067300,59.998718,0.003533,0.0000,0.0152,4865.9,-0.0023,1,0
16.6487,0.067341,59.998717,0.003536,0.0000,0.0158,4868.3,-0.0023,1,0
16.6495,0.067382,59.998716,0.003538,0.0000,0.0158,4861.1,-0.0024,1,0
16.6483,0.067423,59.998715,0.003541,0.0000,0.0168,4867.2,-0.0024,1,0
16.6489,0.067464,59.998714,0.003543,0.0000,0.0168,4863.8,-0.0024,1,0
16.6486,0.067505,59.998713,0.003546,0.0000,0.0202,4865.7,-0.0024,1,0
16.6485,0.067546,59.998712,0.003548,0.0000,0.0202,4866.9,-0.0024,1,0
16.6487,0.067587,59.998711,0.003550,0.0000,0.0180,4864.6,-0.0024,1,0
16.6486,0.067628,59.998710,0.003553,0.0000,0.0180,4867.0,-0.0024,1,0
16.6487,0.067669,59.998709,0.003555,0.0000,0.0206,4865.6,-0.0024,1,0
16.6480,0.067710,59.998708,0.003558,0.0000,0.0206,4871.3,-0.0024,1,0
16.6484,0.067751,59.998707,0.003560,0.0000,0.0216,4870.1,-0.0024,1,0
16.6481,0.067793,59.998706,0.003563,0.0000,0.0216,4872.8,-0.0024,1,0
16.6486,0.067834,59.998705,0.003565,0.0000,0.0210,4870.4,-0.0024,1,0
16.6487,0.067875,59.998704,0.003568,0.0000,0.0210,4868.3,-0.0023,1,0
16.6493,0.067916,59.998703,0.003570,0.0000,0.0208,4864.5,-0.0023,1,0
16.6485,0.067957,59.998702,0.003573,0.0000,0.0208,4865.5,-0.0022,1,0
16.6479,0.067998,59.998701,0.003575,0.0000,0.0219,4871.2,-0.0021,1,0
16.6482,0.068039,59.998700,0.003578,0.0000,0.0219,4870.9,-0.0020,1,0
16.6482,0.068080,59.998699,0.003580,0.0000,0.0197,4872.4,-0.0018,1,0
16.6488,0.068121,59.998698,0.003583,0.0000,0.0197,4868.5,-0.0017,1,0
16.6484,0.068162,59.998697,0.003585,0.0000,0.0212,4869.3,-0.0016,1,0
16.6485,0.068203,59.998696,0.003588,0.0000,0.0212,4869.1,-0.0016,1,0
16.6477,0.068244,59.998695,0.003590,0.0000,0.0230,4874.3,-0.0015,1,0
16.6470,0.068285,59.998694,0.003592,0.0000,0.0230,4880.0,-0.0015,1,0
16.6474,0.068326,59.998693,0.003595,0.0000,0.0206,4878.0,-0.0015,1,0
16.6476,0.068367,59.998692,0.003597,0.0000,0.0206,4878.0,-0.0015,1,0
16.6482,0.068408,59.998691,0.003600,0.0000,0.0219,4871.9,-0.0015,1,0
16.6480,0.068450,59.998690,0.003602,0.0000,0.0219,4873.3,-0.0015,1,0
16.6482,0.068491,59.998689,0.003605,0.0000,0.0219,4872.2,-0.0014,1,0
16.6474,0.068532,59.998689,0.003607,0.0000,0.0219,4876.5,-0.0013,1,0
16.6478,0.068573,59.998688,0.003610,0.0000,0.0222,4875.0,-0.0013,1,0
16.6476,0.068614,59.998688,0.003612,0.0000,0.0222,4876.4,-0.0012,1,0
16.6480,0.068655,59.998687,0.003615,0.0000,0.0207,4874.6,-0.0012,1,0
16.6480,0.068696,59.998686,0.003617,0.0000,0.0207,4874.6,-0.0012,1,0
16.6479,0.068737,59.998686,0.003620,0.0000,0.0221,4875.9,-0.0012,1,0
16.6477,0.068778,59.998685,0.003622,0.0000,0.0221,4877.4,-0.0012,1,0
16.6474,0.068819,59.998685,0.003625,0.0000,0.0225,4879.8,-0.0012,1,0
16.6475,0.068860,59.998684,0.003627,0.0000,0.0225,4878.9,-0.0012,1,0
16.6478,0.068901,59.998683,0.003630,0.0000,0.0189,4876.9,-0.0012,1,0
16.6481,0.068942,59.998682,0.003632,0.0000,0.0189,4875.2,-0.0012,1,0
16.6482,0.068983,59.998682,0.003634,0.0000,0.0197,4871.3,-0.0012,1,0
16.6482,0.069024,59.998681,0.003637,0.0000,0.0197,4871.8,-0.0012,1,0
16.6483,0.069065,59.998680,0.003639,0.0000,0.0220,4869.5,-0.0012,1,0
16.6479,0.069107,59.998679,0.003642,0.0000,0.0220,4872.0,-0.0012,1,0
16.6483,0.069148,59.998678,0.003644,0.0000,0.0221,4868.4,-0.0012,1,0
16.6477,0.069189,59.998678,0.003647,0.0000,0.0221,4871.2,-0.0013,1,0
16.6483,0.069230,59.998677,0.003649,0.0000,0.0221,4868.4,-0.0013,1,0
16.6476,0.069271,59.998676,0.003652,0.0000,0.0221,4870.6,-0.0014,1,0
16.6476,0.069312,59.998675,0.003654,0.0000,0.0223,4872.5,-0.0015,1,0
16.6476,0.069353,59.998674,0.003657,0.0000,0.0223,4872.7,-0.0015,1,0
16.6476,0.069394,59.998673,0.003659,0.0000,0.0191,4874.5,-0.0015,1,0
16.6480,0.069435,59.998672,0.003662,0.0000,0.0191,4870.8,-0.0016,1,0
16.6477,0.069476,59.998671,0.003664,0.0000,0.0160,4873.2,-0.0016,1,0
16.6485,0.069517,59.998669,0.003667,0.0000,0.0160,4865.8,-0.0016,1,0
16.6479,0.069558,59.998668,0.003669,0.0000,0.0178,4868.8,-0.0016,1,0
16.6480,0.069599,59.998667,0.003672,0.0000,0.0178,4867.6,-0.0016,1,0
16.6478,0.069640,59.998666,0.003674,0.0000,0.0217,4868.8,-0.0016,1,0
16.6481,0.069681,59.998665,0.003676,0.0000,0.0217,4869.1,-0.0016,1,0
16.6481,0.069722,59.998664,0.003679,0.0000,0.0223,4867.2,-0.0016,1,0
16.6477,0.069764,59.998663,0.003681,0.0000,0.0223,4870.5,-0.0016,1,0
16.6481,0.069805,59.998663,0.003684,0.0000,0.0221,4866.9,-0.0016,1,0
16.6477,0.069846,59.998662,0.003686,0.0000,0.0221,4869.9,-0.0016,1,0
16.6473,0.069887,59.998661,0.003689,0.0000,0.0228,4874.1,-0.0016,1,0
16.6473,0.069928,59.998660,0.003691,0.0000,0.0228,4875.5,-0.0015,1,0
16.6474,0.069969,59.998659,0.003694,0.0000,0.0185,4874.4,-0.0015,1,0
16.6478,0.070010,59.998659,0.003696,0.0000,0.0185,4871.7,-0.0015,1,0
16.6480,0.070051,59.998658,0.003699,0.0000,0.0218,4869.4,-0.0015,1,0
16.6482,0.070092,59.998657,0.003701,0.0000,0.0218,4868.7,-0.0015,1,0
16.6480,0.070133,59.998656,0.003704,0.0000,0.0227,4869.1,-0.0014,1,0
16.6473,0.070174,59.998656,0.003706,0.0000,0.0227,4873.5,-0.0014,1,0
16.6479,0.070215,59.998655,0.003709,0.0000,0.0224,4869.3,-0.0014,1,0
16.6475,0.070256,59.998654,0.003711,0.0000,0.0224,4871.6,-0.0014,1,0
16.6481,0.070297,59.998654,0.003714,0.0000,0.0224,4865.7,-0.0014,1,0
16.6475,0.070338,59.998653,0.003716,0.0000,0.0224,4869.0,-0.0015,1,0
16.6472,0.070379,59.998652,0.003718,0.0000,0.0235,4871.9,-0.0015,1,0
16.6466,0.070420,59.998651,0.003721,0.0000,0.0235,4877.2,-0.0015,1,0
16.6468,0.070462,59.998651,0.003723,0.0000,0.0231,4877.7,-0.0015,1,0
16.6470,0.070503,59.998650,0.003726,0.0000,0.0231,4876.7,-0.0015,1,0
16.6472,0.070544,59.998649,0.003728,0.0000,0.0225,4876.5,-0.0014,1,0
16.6476,0.070585,59.998648,0.003731,0.0000,0.0225,4871.7,-0.0013,1,0
16.6478,0.070626,59.998648,0.003733,0.0000,0.0223,4867.9,-0.0013,1,0
16.6474,0.070667,59.998647,0.003736,0.0000,0.0223,4869.3,-0.0011,1,0
16.6469,0.070708,59.998646,0.003738,0.0000,0.0225,4873.6,-0.0010,1,0
16.6475,0.070749,59.998645,0.003741,0.0000,0.0225,4868.8,-0.0010,1,0
16.6470,0.070790,59.998644,0.003743,0.0000,0.0210,4872.2,-0.0009,1,0
16.6475,0.070831,59.998644,0.003746,0.0000,0.0210,4869.2,-0.0008,1,0
16.6474,0.070872,59.998643,0.003748,0.0000,0.0214,4871.9,-0.0008,1,0
16.6476,0.070913,59.998642,0.003751,0.0000,0.0214,4869.8,-0.0007,1,0
16.6471,0.070954,59.998641,0.003753,0.0000,0.0229,4873.9,-0.0006,1,0
16.6473,0.070995,59.998640,0.003756,0.0000,0.0229,4873.1,-0.0005,1,0
16.6472,0.071036,59.998640,0.003758,0.0000,0.0185,4873.9,-0.0003,1,0
16.6478,0.071077,59.998639,0.003761,0.0000,0.0185,4870.7,-0.0002,1,0
16.6477,0.071119,59.998638,0.003763,0.0000,0.0183,4870.9,-0.0000,1,0
16.6481,0.071160,59.998637,0.003765,0.0000,0.0183,4866.5,0.0002,1,0
16.6479,0.071201,59.998636,0.003768,0.0000,0.0204,4868.0,0.0003,1,0
16.6479,0.071242,59.998636,0.003770,0.0000,0.0204,4867.6,0.0004,1,0
16.6479,0.071283,59.998635,0.003773,0.0000,0.0216,4867.2,0.0005,1,0
16.6479,0.071324,59.998634,0.003775,0.0000,0.0216,4868.2,0.0006,1,0
16.6481,0.071365,59.998633,0.003778,0.0000,0.0223,4865.7,0.0006,1,0
16.6477,0.071406,59.998632,0.003780,0.0000,0.0223,4868.8,0.0006,1,0
16.6476,0.071447,59.998631,0.003783,0.0000,0.0228,4869.1,0.0006,1,0
16.6472,0.071488,59.998630,0.003785,0.0000,0.0228,4871.4,0.0006,1,0
16.6474,0.071529,59.998629,0.003788,0.0000,0.0231,4871.8,0.0005,1,0
16.6471,0.071570,59.998627,0.003790,0.0000,0.0231,4873.5,0.0005,1,0
16.6474,0.071611,59.998626,0.003793,0.0000,0.0210,4872.4,0.0005,1,0
16.6475,0.071652,59.998625,0.003795,0.0000,0.0210,4870.0,0.0005,1,0
16.6477,0.071693,59.998624,0.003798,0.0000,0.0220,4869.8,0.0005,1,0
16.6479,0.071734,59.998623,0.003800,0.0000,0.0220,4866.5,0.0005,1,0
16.6475,0.071775,59.998622,0.003803,0.0000,0.0190,4870.3,0.0005,1,0
16.6476,0.071817,59.998621,0.003805,0.0000,0.0190,4868.7,0.0004,1,0
16.6477,0.071858,59.998621,0.003807,0.0000,0.0209,4869.1,0.0004,1,0
16.6477,0.071899,59.998620,0.003810,0.0000,0.0209,4869.4,0.0004,1,0
16.6482,0.071940,59.998619,0.003812,0.0000,0.0221,4866.6,0.0004,1,0
16.6478,0.071981,59.998618,0.003815,0.0000,0.0221,4869.3,0.0004,1,0
16.6477,0.072022,59.998617,0.003817,0.0000,0.0227,4871.4,0.0004,1,0
16.6473,0.072063,59.998617,0.003820,0.0000,0.0227,4874.4,0.0005,1,0
16.6470,0.072104,59.998616,0.003822,0.0000,0.0187,4877.0,0.0006,1,0
16.6480,0.072145,59.998615,0.003825,0.0000,0.0187,4867.6,0.0006,1,0
16.6473,0.072186,59.998614,0.003827,0.0000,0.0184,4871.3,0.0008,1,0
16.6477,0.072227,59.998614,0.003830,0.0000,0.0184,4867.3,0.0009,1,0
16.6473,0.072268,59.998613,0.003832,0.0000,0.0191,4871.1,0.0010,1,0
16.6475,0.072309,59.998612,0.003835,0.0000,0.0191,4870.6,0.0012,1,0
16.6476,0.072350,59.998611,0.003837,0.0000,0.0190,4870.3,0.0012,1,0
16.6476,0.072391,59.998611,0.003840,0.0000,0.0190,4869.7,0.0013,1,0
16.6476,0.072432,59.998610,0.003842,0.0000,0.0192,4869.7,0.0013,1,0
16.6478,0.072474,59.998609,0.003845,0.0000,0.0192,4868.1,0.0013,1,0
16.6476,0.072515,59.998609,0.003847,0.0000,0.0228,4868.5,0.0013,1,0
16.6473,0.072556,59.998608,0.003850,0.0000,0.0228,4872.9,0.0014,1,0
16.6468,0.072597,59.998607,0.003852,0.0000,0.0220,4874.2,0.0014,1,0
16.6472,0.072638,59.998606,0.003854,0.0000,0.0220,4873.6,0.0014,1,0
16.6475,0.072679,59.998606,0.003857,0.0000,0.0193,4872.6,0.0014,1,0
16.6479,0.072720,59.998605,0.003859,0.0000,0.0193,4871.5,0.0015,1,0
16.6480,0.072761,59.998604,0.003862,0.0000,0.0217,4869.5,0.0016,1,0
16.6482,0.072802,59.998603,0.003864,0.0000,0.0217,4868.2,0.0016,1,0
16.6484,0.072843,59.998602,0.003867,0.0000,0.0216,4867.4,0.0016,1,0
16.6482,0.072884,59.998602,0.003869,0.0000,0.0216,4868.1,0.0016,1,0
16.6482,0.072925,59.998601,0.003872,0.0000,0.0205,4867.5,0.0016,1,0
16.6483,0.072966,59.998600,0.003874,0.0000,0.0205,4866.9,0.0016,1,0
16.6480,0.073007,59.998599,0.003877,0.0000,0.0207,4869.1,0.0016,1,0
16.6484,0.073048,59.998598,0.003879,0.0000,0.0207,4866.9,0.0016,1,0
16.6482,0.073089,59.998598,0.003882,0.0000,0.0220,4869.0,0.0015,1,0
16.6480,0.073131,59.998597,0.003884,0.0000,0.0220,4871.2,0.0014,1,0
16.6482,0.073172,59.998596,0.003887,0.0000,0.0222,4870.6,0.0014,1,0
16.6475,0.073213,59.998595,0.003889,0.0000,0.0222,4872.9,0.0014,1,0
16.6482,0.073254,59.998594,0.003892,0.0000,0.0213,4867.6,0.0014,1,0
16.6484,0.073295,59.998594,0.003894,0.0000,0.0213,4863.5,0.0014,1,0
16.6480,0.073336,59.998593,0.003896,0.0000,0.0217,4866.4,0.0014,1,0
16.6480,0.073377,59.998592,0.003899,0.0000,0.0217,4867.0,0.0014,1,0
16.6480,0.073418,59.998591,0.003901,0.0000,0.0215,4869.5,0.0014,1,0
16.6482,0.073459,59.998590,0.003904,0.0000,0.0215,4866.5,0.0014,1,0
16.6480,0.073500,59.998588,0.003906,0.0000,0.0209,4868.7,0.0014,1,0
16.6484,0.073541,59.998587,0.003909,0.0000,0.0209,4865.2,0.0014,1,0
16.6484,0.073582,59.998586,0.003911,0.0000,0.0213,4865.7,0.0013,1,0
16.6482,0.073623,59.998585,0.003914,0.0000,0.0213,4866.4,0.0012,1,0
16.6474,0.073664,59.998584,0.003916,0.0000,0.0152,4873.0,0.0012,1,0
16.6480,0.073705,59.998582,0.003919,0.0000,0.0152,4869.6,0.0011,1,0
16.6476,0.073746,59.998581,0.003921,0.0000,0.0181,4872.6,0.0011,1,0
16.6481,0.073788,59.998580,0.003924,0.0000,0.0181,4869.9,0.0011,1,0
16.6480,0.073829,59.998579,0.003926,0.0000,0.0165,4869.9,0.0011,1,0
16.6487,0.073870,59.998579,0.003929,0.0000,0.0165,4865.6,0.0010,1,0
16.6483,0.073911,59.998578,0.003931,0.0000,0.0192,4867.3,0.0010,1,0
16.6485,0.073952,59.998577,0.003934,0.0000,0.0192,4867.4,0.0010,1,0
16.6485,0.073993,59.998576,0.003936,0.0000,0.0211,4867.4,0.0010,1,0
16.6486,0.074034,59.998576,0.003939,0.0000,0.0211,4868.6,0.0010,1,0
16.6484,0.074075,59.998575,0.003941,0.0000,0.0207,4868.4,0.0010,1,0
16.6485,0.074116,59.998574,0.003943,0.0000,0.0207,4868.6,0.0010,1,0
16.6486,0.074157,59.998574,0.003946,0.0000,0.0216,4868.2,0.0010,1,0
16.6482,0.074198,59.998573,0.003948,0.0000,0.0216,4872.0,0.0010,1,0
16.6482,0.074239,59.998572,0.003951,0.0000,0.0209,4874.2,0.0011,1,0
16.6483,0.074280,59.998572,0.003953,0.0000,0.0209,4873.2,0.0012,1,0
16.6485,0.074321,59.998571,0.003956,0.0000,0.0194,4873.8,0.0012,1,0
16.6488,0.074362,59.998570,0.003958,0.0000,0.0194,4871.2,0.0013,1,0
16.6491,0.074403,59.998570,0.003961,0.0000,0.0205,4867.4,0.0013,1,0
16.6486,0.074445,59.998569,0.003963,0.0000,0.0205,4868.0,0.0014,1,0
16.6485,0.074486,59.998568,0.003966,0.0000,0.0194,4869.0,0.0014,1,0
16.6484,0.074527,59.998567,0.003968,0.0000,0.0194,4871.2,0.0015,1,0
16.6484,0.074568,59.998567,0.003971,0.0000,0.0187,4869.9,0.0015,1,0
16.6485,0.074609,59.998566,0.003973,0.0000,0.0187,4869.3,0.0015,1,0
16.6487,0.074650,59.998565,0.003976,0.0000,0.0213,4867.7,0.0015,1,0
16.6483,0.074691,59.998564,0.003978,0.0000,0.0213,4869.2,0.0016,1,0
16.6480,0.074732,59.998564,0.003981,0.0000,0.0226,4872.1,0.0016,1,0
16.6473,0.074773,59.998563,0.003983,0.0000,0.0226,4875.6,0.0017,1,0
16.6473,0.074814,59.998562,0.003985,0.0000,0.0189,4877.6,0.0018,1,0
16.6477,0.074855,59.998561,0.003988,0.0000,0.0189,4875.4,0.0019,1,0
16.6479,0.074896,59.998560,0.003990,0.0000,0.0174,4874.8,0.0020,1,0
16.6485,0.074937,59.998560,0.003993,0.0000,0.0174,4870.5,0.0020,1,0
16.6487,0.074978,59.998559,0.003995,0.0000,0.0214,4869.4,0.0020,1,0
16.6485,0.075019,59.998558,0.003998,0.0000,0.0214,4870.3,0.0020,1,0
16.6481,0.075060,59.998557,0.004000,0.0000,0.0209,4871.2,0.0019,1,0
16.6485,0.075102,59.998556,0.004003,0.0000,0.0209,4868.8,0.0019,1,0
16.6483,0.075143,59.998555,0.004005,0.0000,0.0217,4868.6,0.0019,1,0
16.6481,0.075184,59.998554,0.004008,0.0000,0.0217,4870.7,0.0018,1,0
16.6485,0.075225,59.998553,0.004010,0.0000,0.0218,4867.8,0.0017,1,0
16.6480,0.075266,59.998551,0.004013,0.0000,0.0218,4871.8,0.0017,1,0
16.6483,0.075307,59.998550,0.004015,0.0000,0.0216,4872.1,0.0017,1,0
16.6482,0.075348,59.998549,0.004018,0.0000,0.0216,4872.4,0.0016,1,0
16.6484,0.075389,59.998548,0.004020,0.0000,0.0178,4873.1,0.0016,1,0
16.6488,0.075430,59.998547,0.004023,0.0000,0.0178,4868.2,0.0016,1,0
16.6488,0.075471,59.998546,0.004025,0.0000,0.0194,4869.4,0.0015,1,0
16.6493,0.075512,59.998546,0.004027,0.0000,0.0194,4863.9,0.0015,1,0
16.6485,0.075553,59.998545,0.004030,0.0000,0.0202,4866.9,0.0014,1,0
16.6489,0.075594,59.998544,0.004032,0.0000,0.0202,4864.2,0.0014,1,0
16.6486,0.075635,59.998543,0.004035,0.0000,0.0183,4867.5,0.0013,1,0
16.6490,0.075676,59.998543,0.004037,0.0000,0.0183,4865.2,0.0012,1,0
16.6488,0.075717,59.998542,0.004040,0.0000,0.0210,4867.2,0.0011,1,0
16.6490,0.075759,59.998541,0.004042,0.0000,0.0210,4867.3,0.0011,1,0
16.6489,0.075800,59.998541,0.004045,0.0000,0.0216,4866.4,0.0011,1,0
16.6483,0.075841,59.998540,0.004047,0.0000,0.0216,4870.6,0.0011,1,0
16.6483,0.075882,59.998539,0.004050,0.0000,0.0212,4870.3,0.0011,1,0
16.6483,0.075923,59.998538,0.004052,0.0000,0.0212,4871.6,0.0011,1,0
16.6488,0.075964,59.998537,0.004055,0.0000,0.0211,4869.8,0.0011,1,0
16.6488,0.076005,59.998536,0.004057,0.0000,0.0211,4869.6,0.0011,1,0
16.6493,0.076046,59.998535,0.004060,0.0000,0.0207,4865.9,0.0010,1,0
16.6489,0.076087,59.998534,0.004062,0.0000,0.0207,4867.8,0.0009,1,0
16.6490,0.076128,59.998533,0.004064,0.0000,0.0209,4868.4,0.0009,1,0
16.6487,0.076169,59.998532,0.004067,0.0000,0.0209,4867.6,0.0008,1,0
16.6488,0.076210,59.998531,0.004069,0.0000,0.0207,4866.9,0.0008,1,0
16.6487,0.076251,59.998530,0.004072,0.0000,0.0207,4864.0,0.0008,1,0
16.6479,0.076292,59.998529,0.004074,0.0000,0.0209,4870.0,0.0008,1,0
16.6480,0.076333,59.998529,0.004077,0.0000,0.0209,4871.4,0.0008,1,0
16.6478,0.076375,59.998528,0.004079,0.0000,0.0222,4875.3,0.0009,1,0
16.6478,0.076416,59.998528,0.004082,0.0000,0.0222,4875.2,0.0009,1,0
16.6480,0.076457,59.998527,0.004084,0.0000,0.0182,4874.7,0.0009,1,0
16.6482,0.076498,59.998526,0.004087,0.0000,0.0182,4872.7,0.0008,1,0
16.6484,0.076539,59.998526,0.004089,0.0000,0.0188,4872.4,0.0007,1,0
16.6491,0.076580,59.998525,0.004092,0.0000,0.0188,4863.5,0.0006,1,0
16.6478,0.076621,59.998525,0.004094,0.0000,0.0215,4870.4,0.0005,1,0
16.6478,0.076662,59.998524,0.004097,0.0000,0.0215,4873.1,0.0003,1,0
16.6479,0.076703,59.998523,0.004099,0.0000,0.0184,4873.1,0.0002,1,0
16.6480,0.076744,59.998522,0.004102,0.0000,0.0184,4873.1,0.0000,1,0
16.6482,0.076785,59.998522,0.004104,0.0000,0.0189,4872.5,-0.0000,1,0
16.6483,0.076826,59.998521,0.004106,0.0000,0.0189,4871.6,-0.0001,1,0
16.6482,0.076867,59.998520,0.004109,0.0000,0.0221,4870.7,-0.0001,1,0
16.6474,0.076908,59.998519,0.004111,0.0000,0.0221,4876.2,-0.0001,1,0
16.6474,0.076949,59.998518,0.004114,0.0000,0.0209,4877.1,-0.0001,1,0
16.6475,0.076990,59.998518,0.004116,0.0000,0.0209,4878.7,-0.0002,1,0
16.6480,0.077032,59.998517,0.004119,0.0000,0.0221,4875.4,-0.0002,1,0
16.6481,0.077073,59.998516,0.004121,0.0000,0.0221,4876.3,-0.0003,1,0
16.6487,0.077114,59.998515,0.004124,0.0000,0.0216,4869.5,-0.0004,1,0
16.6483,0.077155,59.998514,0.004126,0.0000,0.0216,4872.4,-0.0005,1,0
16.6485,0.077196,59.998513,0.004129,0.0000,0.0199,4871.0,-0.0005,1,0
16.6484,0.077237,59.998512,0.004131,0.0000,0.0199,4871.3,-0.0006,1,0
16.6483,0.077278,59.998511,0.004134,0.0000,0.0215,4871.5,-0.0006,1,0
16.6484,0.077319,59.998509,0.004136,0.0000,0.0215,4871.2,-0.0006,1,0
16.6483,0.077360,59.998508,0.004139,0.0000,0.0218,4871.7,-0.0006,1,0
16.6481,0.077401,59.998507,0.004141,0.0000,0.0218,4871.7,-0.0006,1,0
16.6482,0.077442,59.998506,0.004143,0.0000,0.0217,4872.3,-0.0006,1,0
16.6479,0.077483,59.998505,0.004146,0.0000,0.0217,4875.2,-0.0006,1,0
16.6482,0.077524,59.998504,0.004148,0.0000,0.0217,4874.5,-0.0006,1,0
16.6482,0.077565,59.998503,0.004151,0.0000,0.0217,4874.1,-0.0007,1,0
16.6484,0.077606,59.998503,0.004153,0.0000,0.0161,4872.3,-0.0008,1,0
16.6487,0.077647,59.998502,0.004156,0.0000,0.0161,4868.1,-0.0009,1,0
16.6483,0.077689,59.998501,0.004158,0.0000,0.0218,4868.9,-0.0010,1,0
16.6482,0.077730,59.998500,0.004161,0.0000,0.0218,4869.7,-0.0012,1,0
16.6484,0.077771,59.998499,0.004163,0.0000,0.0217,4867.8,-0.0013,1,0
16.6481,0.077812,59.998499,0.004166,0.0000,0.0217,4870.0,-0.0014,1,0
16.6483,0.077853,59.998498,0.004168,0.0000,0.0216,4869.1,-0.0015,1,0
16.6483,0.077894,59.998497,0.004171,0.0000,0.0216,4868.0,-0.0015,1,0
16.6482,0.077935,59.998496,0.004173,0.0000,0.0217,4868.9,-0.0015,1,0
16.6482,0.077976,59.998496,0.004176,0.0000,0.0217,4869.2,-0.0015,1,0
16.6476,0.078017,59.998495,0.004178,0.0000,0.0174,4873.8,-0.0015,1,0
16.6478,0.078058,59.998494,0.004181,0.0000,0.0174,4872.7,-0.0015,1,0
16.6479,0.078099,59.998494,0.004183,0.0000,0.0214,4872.6,-0.0015,1,0
16.6481,0.078140,59.998493,0.004185,0.0000,0.0214,4871.6,-0.0015,1,0
16.6484,0.078181,59.998492,0.004188,0.0000,0.0214,4870.0,-0.0015,1,0
16.6485,0.078222,59.998491,0.004190,0.0000,0.0214,4868.7,-0.0016,1,0
16.6487,0.078263,59.998491,0.004193,0.0000,0.0217,4866.9,-0.0016,1,0
16.6481,0.078304,59.998490,0.004195,0.0000,0.0217,4869.3,-0.0016,1,0
16.6482,0.078346,59.998489,0.004198,0.0000,0.0177,4869.1,-0.0016,1,0
16.6483,0.078387,59.998488,0.004200,0.0000,0.0177,4866.9,-0.0016,1,0
16.6480,0.078428,59.998487,0.004203,0.0000,0.0219,4870.0,-0.0015,1,0
16.6481,0.078469,59.998486,0.004205,0.0000,0.0219,4869.5,-0.0014,1,0
16.6479,0.078510,59.998485,0.004208,0.0000,0.0221,4871.8,-0.0013,1,0
16.6479,0.078551,59.998484,0.004210,0.0000,0.0221,4873.5,-0.0013,1,0
16.6478,0.078592,59.998483,0.004213,0.0000,0.0200,4874.8,-0.0013,1,0
16.6480,0.078633,59.998482,0.004215,0.0000,0.0200,4873.3,-0.0013,1,0
16.6481,0.078674,59.998481,0.004218,0.0000,0.0213,4873.3,-0.0013,1,0
16.6486,0.078715,59.998480,0.004220,0.0000,0.0213,4869.9,-0.0013,1,0
16.6485,0.078756,59.998479,0.004223,0.0000,0.0217,4867.8,-0.0013,1,0
16.6480,0.078797,59.998478,0.004225,0.0000,0.0217,4869.9,-0.0014,1,0
16.6480,0.078838,59.998477,0.004227,0.0000,0.0216,4871.2,-0.0014,1,0
16.6481,0.078879,59.998476,0.004230,0.0000,0.0216,4870.1,-0.0014,1,0
16.6480,0.078920,59.998475,0.004232,0.0000,0.0217,4871.3,-0.0014,1,0
16.6483,0.078961,59.998474,0.004235,0.0000,0.0217,4869.4,-0.0014,1,0
16.6483,0.079003,59.998473,0.004237,0.0000,0.0216,4869.0,-0.0013,1,0
16.6482,0.079044,59.998472,0.004240,0.0000,0.0216,4869.5,-0.0013,1,0
16.6476,0.079085,59.998471,0.004242,0.0000,0.0228,4874.0,-0.0013,1,0
16.6473,0.079126,59.998470,0.004245,0.0000,0.0228,4876.8,-0.0013,1,0
16.6476,0.079167,59.998469,0.004247,0.0000,0.0202,4875.2,-0.0013,1,0
16.6480,0.079208,59.998469,0.004250,0.0000,0.0202,4874.5,-0.0013,1,0
16.6480,0.079249,59.998468,0.004252,0.0000,0.0196,4872.2,-0.0014,1,0
16.6484,0.079290,59.998467,0.004255,0.0000,0.0196,4869.2,-0.0014,1,0
16.6482,0.079331,59.998466,0.004257,0.0000,0.0221,4869.1,-0.0014,1,0
16.6480,0.079372,59.998466,0.004260,0.0000,0.0221,4871.3,-0.0014,1,0
16.6482,0.079413,59.998465,0.004262,0.0000,0.0211,4869.8,-0.0014,1,0
16.6479,0.079454,59.998464,0.004265,0.0000,0.0211,4870.9,-0.0014,1,0
16.6482,0.079495,59.998464,0.004267,0.0000,0.0220,4868.7,-0.0013,1,0
16.6479,0.079536,59.998463,0.004269,0.0000,0.0220,4870.4,-0.0012,1,0
16.6480,0.079577,59.998462,0.004272,0.0000,0.0221,4870.4,-0.0011,1,0
16.6477,0.079618,59.998461,0.004274,0.0000,0.0221,4872.4,-0.0010,1,0
16.6475,0.079660,59.998461,0.004277,0.0000,0.0206,4875.0,-0.0010,1,0
16.6478,0.079701,59.998460,0.004279,0.0000,0.0206,4873.6,-0.0010,1,0
16.6479,0.079742,59.998459,0.004282,0.0000,0.0147,4873.8,-0.0009,1,0
16.6483,0.079783,59.998458,0.004284,0.0000,0.0147,4869.1,-0.0009,1,0
16.6481,0.079824,59.998457,0.004287,0.0000,0.0190,4870.8,-0.0009,1,0
16.6485,0.079865,59.998457,0.004289,0.0000,0.0190,4866.7,-0.0009,1,0
16.6479,0.079906,59.998456,0.004292,0.0000,0.0221,4869.7,-0.0009,1,0
16.6479,0.079947,59.998455,0.004294,0.0000,0.0221,4869.8,-0.0009,1,0
16.6480,0.079988,59.998454,0.004297,0.0000,0.0203,4869.1,-0.0009,1,0
16.6482,0.080029,59.998453,0.004299,0.0000,0.0203,4869.3,-0.0008,1,0
16.6480,0.080070,59.998453,0.004302,0.0000,0.0199,4870.2,-0.0007,1,0
16.6483,0.080111,59.998452,0.004304,0.0000,0.0199,4869.0,-0.0007,1,0
16.6479,0.080152,59.998451,0.004307,0.0000,0.0226,4871.1,-0.0007,1,0
16.6474,0.080193,59.998450,0.004309,0.0000,0.0226,4875.0,-0.0007,1,0
16.6478,0.080234,59.998449,0.004311,0.0000,0.0220,4872.9,-0.0008,1,0
16.6475,0.080275,59.998449,0.004314,0.0000,0.0220,4874.6,-0.0008,1,0
16.6481,0.080316,59.998448,0.004316,0.0000,0.0221,4870.7,-0.0009,1,0
16.6479,0.080358,59.998447,0.004319,0.0000,0.0221,4869.9,-0.0009,1,0
16.6481,0.080399,59.998446,0.004321,0.0000,0.0218,4868.0,-0.0010,1,0
16.6480,0.080440,59.998446,0.004324,0.0000,0.0218,4868.8,-0.0010,1,0
16.6477,0.080481,59.998445,0.004326,0.0000,0.0207,4870.8,-0.0010,1,0
16.6480,0.080522,59.998444,0.004329,0.0000,0.0207,4868.3,-0.0010,1,0
16.6477,0.080563,59.998444,0.004331,0.0000,0.0214,4870.4,-0.0010,1,0
16.6480,0.080604,59.998443,0.004334,0.0000,0.0214,4867.9,-0.0010,1,0
16.6480,0.080645,59.998442,0.004336,0.0000,0.0223,4868.1,-0.0010,1,0
16.6475,0.080686,59.998441,0.004339,0.0000,0.0223,4871.6,-0.0010,1,0
16.6472,0.080727,59.998441,0.004341,0.0000,0.0199,4875.7,-0.0011,1,0
16.6476,0.080768,59.998440,0.004344,0.0000,0.0199,4873.9,-0.0012,1,0
16.6477,0.080809,59.998439,0.004346,0.0000,0.0181,4875.0,-0.0012,1,0
16.6480,0.080850,59.998438,0.004349,0.0000,0.0181,4871.9,-0.0013,1,0
16.6481,0.080891,59.998437,0.004351,0.0000,0.0212,4869.8,-0.0014,1,0
16.6485,0.080932,59.998436,0.004354,0.0000,0.0212,4866.6,-0.0014,1,0
16.6479,0.080973,59.998435,0.004356,0.0000,0.0211,4869.2,-0.0015,1,0
16.6478,0.081015,59.998434,0.004358,0.0000,0.0211,4870.0,-0.0015,1,0
16.6480,0.081056,59.998433,0.004361,0.0000,0.0222,4868.4,-0.0015,1,0
16.6479,0.081097,59.998432,0.004363,0.0000,0.0222,4870.3,-0.0015,1,0
16.6481,0.081138,59.998431,0.004366,0.0000,0.0220,4867.9,-0.0015,1,0
16.6480,0.081179,59.998430,0.004368,0.0000,0.0220,4869.8,-0.0015,1,0
16.6480,0.081220,59.998429,0.004371,0.0000,0.0222,4870.3,-0.0015,1,0
16.6477,0.081261,59.998428,0.004373,0.0000,0.0222,4872.7,-0.0016,1,0
16.6477,0.081302,59.998427,0.004376,0.0000,0.0221,4873.5,-0.0016,1,0
16.6479,0.081343,59.998426,0.004378,0.0000,0.0221,4872.2,-0.0016,1,0
16.6479,0.081384,59.998425,0.004381,0.0000,0.0219,4872.0,-0.0017,1,0
16.6481,0.081425,59.998424,0.004383,0.0000,0.0219,4870.5,-0.0017,1,0
16.6484,0.081466,59.998423,0.004386,0.0000,0.0201,4868.0,-0.0018,1,0
16.6484,0.081507,59.998422,0.004388,0.0000,0.0201,4868.2,-0.0018,1,0
16.6485,0.081548,59.998421,0.004391,0.0000,0.0216,4867.6,-0.0018,1,0
16.6483,0.081589,59.998420,0.004393,0.0000,0.0216,4869.0,-0.0017,1,0
16.6484,0.081630,59.998419,0.004396,0.0000,0.0217,4867.5,-0.0017,1,0
16.6484,0.081672,59.998419,0.004398,0.0000,0.0217,4869.3,-0.0017,1,0
16.6484,0.081713,59.998418,0.004401,0.0000,0.0217,4867.8,-0.0017,1,0
16.6483,0.081754,59.998417,0.004403,0.0000,0.0217,4869.8,-0.0017,1,0
16.6482,0.081795,59.998417,0.004405,0.0000,0.0218,4871.1,-0.0017,1,0
16.6481,0.081836,59.998416,0.004408,0.0000,0.0218,4872.8,-0.0018,1,0
16.6484,0.081877,59.998415,0.004410,0.0000,0.0215,4871.8,-0.0018,1,0
16.6485,0.081918,59.998414,0.004413,0.0000,0.0215,4871.9,-0.0018,1,0
16.6489,0.081959,59.998414,0.004415,0.0000,0.0202,4867.3,-0.0019,1,0
16.6488,0.082000,59.998413,0.004418,0.0000,0.0202,4866.4,-0.0019,1,0
16.6488,0.082041,59.998412,0.004420,0.0000,0.0210,4865.2,-0.0020,1,0
16.6483,0.082082,59.998411,0.004423,0.0000,0.0210,4868.0,-0.0020,1,0
16.6483,0.082123,59.998411,0.004425,0.0000,0.0216,4868.2,-0.0020,1,0
16.6481,0.082164,59.998410,0.004428,0.0000,0.0216,4867.8,-0.0021,1,0
16.6482,0.082205,59.998409,0.004430,0.0000,0.0215,4869.6,-0.0022,1,0
16.6483,0.082246,59.998408,0.004433,0.0000,0.0215,4868.0,-0.0023,1,0
16.6482,0.082287,59.998407,0.004435,0.0000,0.0218,4869.2,-0.0024,1,0
16.6479,0.082329,59.998407,0.004438,0.0000,0.0218,4871.4,-0.0025,1,0
16.6476,0.082370,59.998406,0.004440,0.0000,0.0192,4874.5,-0.0027,1,0
16.6479,0.082411,59.998405,0.004443,0.0000,0.0192,4873.1,-0.0028,1,0
16.6481,0.082452,59.998404,0.004445,0.0000,0.0212,4873.4,-0.0030,1,0
16.6484,0.082493,59.998404,0.004448,0.0000,0.0212,4872.2,-0.0031,1,0
16.6486,0.082534,59.998403,0.004450,0.0000,0.0215,4869.0,-0.0032,1,0
16.6484,0.082575,59.998402,0.004453,0.0000,0.0215,4869.9,-0.0033,1,0
16.6485,0.082616,59.998401,0.004455,0.0000,0.0214,4869.4,-0.0033,1,0
16.6482,0.082657,59.998401,0.004457,0.0000,0.0214,4869.9,-0.0034,1,0
16.6485,0.082698,59.998400,0.004460,0.0000,0.0218,4869.2,-0.0035,1,0
16.6480,0.082739,59.998399,0.004462,0.0000,0.0218,4869.9,-0.0036,1,0
16.6483,0.082780,59.998399,0.004465,0.0000,0.0209,4868.3,-0.0038,1,0
16.6483,0.082821,59.998398,0.004467,0.0000,0.0209,4867.9,-0.0039,1,0
16.6476,0.082862,59.998397,0.004470,0.0000,0.0231,4872.5,-0.0039,1,0
16.6468,0.082903,59.998396,0.004472,0.0000,0.0231,4877.7,-0.0041,1,0
16.6474,0.082944,59.998394,0.004475,0.0000,0.0227,4875.9,-0.0041,1,0
16.6473,0.082986,59.998393,0.004477,0.0000,0.0227,4876.2,-0.0043,1,0
16.6480,0.083027,59.998392,0.004480,0.0000,0.0218,4871.2,-0.0045,1,0
16.6482,0.083068,59.998391,0.004482,0.0000,0.0218,4870.4,-0.0047,1,0
16.6483,0.083109,59.998390,0.004485,0.0000,0.0221,4868.7,-0.0049,1,0
16.6478,0.083150,59.998388,0.004487,0.0000,0.0221,4871.7,-0.0052,1,0
16.6477,0.083191,59.998387,0.004490,0.0000,0.0196,4872.1,-0.0054,1,0
16.6479,0.083232,59.998386,0.004492,0.0000,0.0196,4870.3,-0.0057,1,0
16.6478,0.083273,59.998385,0.004495,0.0000,0.0197,4872.1,-0.0060,1,0
16.6482,0.083314,59.998385,0.004497,0.0000,0.0197,4868.9,-0.0063,1,0
16.6478,0.083355,59.998384,0.004500,0.0000,0.0201,4872.3,-0.0066,1,0
16.6479,0.083396,59.998384,0.004502,0.0000,0.0201,4872.3,-0.0069,1,0
16.6476,0.083437,59.998383,0.004505,0.0000,0.0200,4875.6,-0.0072,1,0
16.6478,0.083478,59.998382,0.004507,0.0000,0.0200,4874.4,-0.0074,1,0
16.6477,0.083519,59.998382,0.004509,0.0000,0.0219,4875.3,-0.0077,1,0
16.6480,0.083560,59.998381,0.004512,0.0000,0.0219,4872.8,-0.0079,1,0
16.6482,0.083601,59.998381,0.004514,0.0000,0.0177,4870.6,-0.0081,1,0
16.6484,0.083643,59.998380,0.004517,0.0000,0.0177,4867.5,-0.0082,1,0
16.6482,0.083684,59.998379,0.004519,0.0000,0.0202,4869.8,-0.0083,1,0
16.6485,0.083725,59.998378,0.004522,0.0000,0.0202,4868.5,-0.0083,1,0
16.6484,0.083766,59.998377,0.004524,0.0000,0.0194,4869.0,-0.0083,1,0
16.6485,0.083807,59.998376,0.004527,0.0000,0.0194,4868.4,-0.0083,1,0
16.6483,0.083848,59.998375,0.004529,0.0000,0.0208,4868.6,-0.0082,1,0
16.6483,0.083889,59.998374,0.004532,0.0000,0.0208,4869.0,-0.0081,1,0
16.6482,0.083930,59.998373,0.004534,0.0000,0.0222,4868.5,-0.0079,1,0
16.6477,0.083971,59.998372,0.004537,0.0000,0.0222,4872.6,-0.0077,1,0
16.6478,0.084012,59.998371,0.004539,0.0000,0.0225,4872.2,-0.0075,1,0
16.6475,0.084053,59.998370,0.004542,0.0000,0.0225,4873.3,-0.0072,1,0
16.6479,0.084094,59.998369,0.004544,0.0000,0.0214,4870.6,-0.0070,1,0
16.6479,0.084135,59.998369,0.004547,0.0000,0.0214,4870.6,-0.0067,1,0
16.6485,0.084176,59.998368,0.004549,0.0000,0.0218,4865.6,-0.0064,1,0
16.6481,0.084217,59.998367,0.004552,0.0000,0.0218,4868.1,-0.0061,1,0
16.6482,0.084258,59.998367,0.004554,0.0000,0.0208,4868.5,-0.0058,1,0
16.6482,0.084300,59.998366,0.004557,0.0000,0.0208,4867.8,-0.0056,1,0
16.6482,0.084341,59.998365,0.004559,0.0000,0.0221,4868.4,-0.0054,1,0
16.6478,0.084382,59.998364,0.004562,0.0000,0.0221,4869.0,-0.0051,1,0
16.6483,0.084423,59.998364,0.004564,0.0000,0.0221,4867.0,-0.0050,1,0
16.6478,0.084464,59.998363,0.004567,0.0000,0.0221,4869.3,-0.0047,1,0
16.6473,0.084505,59.998362,0.004569,0.0000,0.0167,4873.3,-0.0046,1,0
16.6475,0.084546,59.998362,0.004572,0.0000,0.0167,4871.9,-0.0045,1,0
16.6472,0.084587,59.998361,0.004574,0.0000,0.0176,4875.4,-0.0044,1,0
16.6479,0.084628,59.998360,0.004577,0.0000,0.0176,4870.6,-0.0042,1,0
16.6478,0.084669,59.998359,0.004579,0.0000,0.0140,4870.5,-0.0041,1,0
16.6485,0.084710,59.998359,0.004581,0.0000,0.0140,4864.5,-0.0039,1,0
16.6478,0.084751,59.998358,0.004584,0.0000,0.0229,4867.8,-0.0038,1,0
16.6473,0.084792,59.998357,0.004586,0.0000,0.0229,4872.4,-0.0037,1,0
16.6481,0.084833,59.998357,0.004589,0.0000,0.0228,4865.1,-0.0036,1,0
16.6471,0.084874,59.998356,0.004591,0.0000,0.0228,4872.2,-0.0035,1,0
16.6480,0.084915,59.998355,0.004594,0.0000,0.0224,4866.0,-0.0035,1,0
16.6473,0.084957,59.998354,0.004596,0.0000,0.0224,4869.7,-0.0035,1,0
16.6478,0.084998,59.998352,0.004599,0.0000,0.0224,4867.3,-0.0035,1,0
16.6472,0.085039,59.998351,0.004601,0.0000,0.0224,4870.8,-0.0035,1,0
16.6468,0.085080,59.998350,0.004604,0.0000,0.0227,4876.1,-0.0035,1,0
16.6474,0.085121,59.998349,0.004606,0.0000,0.0227,4871.7,-0.0035,1,0
16.6472,0.085162,59.998348,0.004609,0.0000,0.0218,4875.4,-0.0035,1,0
16.6479,0.085203,59.998346,0.004611,0.0000,0.0218,4868.1,-0.0034,1,0
16.6477,0.085244,59.998345,0.004614,0.0000,0.0214,4870.8,-0.0033,1,0
16.6484,0.085285,59.998344,0.004616,0.0000,0.0214,4863.8,-0.0032,1,0
16.6473,0.085326,59.998343,0.004619,0.0000,0.0156,4870.5,-0.0031,1,0
16.6481,0.085367,59.998343,0.004621,0.0000,0.0156,4864.1,-0.0031,1,0
16.6473,0.085408,59.998342,0.004624,0.0000,0.0160,4869.2,-0.0030,1,0
16.6480,0.085449,59.998341,0.004626,0.0000,0.0160,4865.8,-0.0029,1,0
16.6477,0.085490,59.998340,0.004629,0.0000,0.0203,4866.3,-0.0028,1,0
16.6480,0.085531,59.998340,0.004631,0.0000,0.0203,4868.6,-0.0027,1,0
16.6476,0.085572,59.998339,0.004634,0.0000,0.0229,4869.6,-0.0026,1,0
16.6475,0.085614,59.998338,0.004636,0.0000,0.0229,4873.5,-0.0025,1,0
16.6478,0.085655,59.998338,0.004639,0.0000,0.0224,4870.7,-0.0023,1,0
16.6477,0.085696,59.998337,0.004641,0.0000,0.0224,4873.1,-0.0022,1,0
16.6483,0.085737,59.998336,0.004644,0.0000,0.0219,4867.9,-0.0019,1,0
16.6481,0.085778,59.998336,0.004646,0.0000,0.0219,4869.7,-0.0016,1,0
16.6488,0.085819,59.998335,0.004649,0.0000,0.0218,4863.5,-0.0014,1,0
16.6478,0.085860,59.998334,0.004651,0.0000,0.0218,4869.3,-0.0010,1,0
16.6485,0.085901,59.998334,0.004654,0.0000,0.0217,4866.3,-0.0007,1,0
16.6479,0.085942,59.998333,0.004656,0.0000,0.0217,4868.4,-0.0003,1,0
16.6482,0.085983,59.998332,0.004659,0.0000,0.0213,4868.5,0.0002,1,0
16.6482,0.086024,59.998331,0.004661,0.0000,0.0213,4867.7,0.0007,1,0
16.6484,0.086065,59.998331,0.004664,0.0000,0.0214,4867.2,0.0012,1,0
16.6482,0.086106,59.998330,0.004666,0.0000,0.0214,4868.2,0.0017,1,0
16.6477,0.086147,59.998329,0.004668,0.0000,0.0180,4873.2,0.0023,1,0
16.6479,0.086188,59.998328,0.004671,0.0000,0.0180,4873.2,0.0029,1,0
16.6480,0.086229,59.998327,0.004673,0.0000,0.0169,4874.0,0.0035,1,0
16.6487,0.086271,59.998326,0.004676,0.0000,0.0169,4869.3,0.0042,1,0
16.6486,0.086312,59.998325,0.004678,0.0000,0.0180,4869.8,0.0049,1,0
16.6492,0.086353,59.998324,0.004681,0.0000,0.0180,4864.9,0.0054,1,0
16.6483,0.086394,59.998323,0.004683,0.0000,0.0198,4868.7,0.0059,1,0
16.6481,0.086435,59.998322,0.004686,0.0000,0.0198,4871.0,0.0064,1,0
16.6484,0.086476,59.998321,0.004688,0.0000,0.0185,4868.4,0.0067,1,0
16.6481,0.086517,59.998320,0.004691,0.0000,0.0185,4869.8,0.0071,1,0
16.6484,0.086558,59.998319,0.004693,0.0000,0.0207,4867.5,0.0074,1,0
16.6482,0.086599,59.998319,0.004696,0.0000,0.0207,4869.9,0.0076,1,0
16.6481,0.086640,59.998318,0.004698,0.0000,0.0228,4869.9,0.0079,1,0
16.6472,0.086681,59.998318,0.004701,0.0000,0.0228,4876.3,0.0080,1,0
16.6476,0.086722,59.998317,0.004703,0.0000,0.0224,4874.1,0.0083,1,0
16.6475,0.086763,59.998316,0.004706,0.0000,0.0224,4876.3,0.0086,1,0
16.6480,0.086804,59.998316,0.004708,0.0000,0.0212,4873.4,0.0089,1,0
16.6482,0.086845,59.998315,0.004711,0.0000,0.0212,4872.2,0.0093,1,0
16.6488,0.086886,59.998315,0.004713,0.0000,0.0213,4868.4,0.0097,1,0
16.6483,0.086928,59.998314,0.004716,0.0000,0.0213,4870.5,0.0100,1,0
16.6486,0.086969,59.998313,0.004718,0.0000,0.0213,4870.8,0.0104,1,0
16.6483,0.087010,59.998312,0.004721,0.0000,0.0213,4869.1,0.0107,1,0
16.6481,0.087051,59.998310,0.004723,0.0000,0.0172,4871.4,0.0111,1,0
16.6484,0.087092,59.998309,0.004726,0.0000,0.0172,4867.9,0.0114,1,0
16.6479,0.087133,59.998308,0.004728,0.0000,0.0181,4872.0,0.0118,1,0
16.6484,0.087174,59.998307,0.004731,0.0000,0.0181,4869.0,0.0121,1,0
16.6475,0.087215,59.998306,0.004733,0.0000,0.0215,4874.5,0.0123,1,0
16.6478,0.087256,59.998304,0.004736,0.0000,0.0215,4875.6,0.0126,1,0
16.6477,0.087297,59.998303,0.004738,0.0000,0.0157,4875.2,0.0129,1,0
16.6479,0.087338,59.998302,0.004741,0.0000,0.0157,4873.2,0.0131,1,0
16.6482,0.087379,59.998301,0.004743,0.0000,0.0193,4869.5,0.0135,1,0
16.6481,0.087420,59.998301,0.004745,0.0000,0.0193,4870.5,0.0137,1,0
16.6483,0.087461,59.998300,0.004747,0.0000,0.0224,4867.7,0.0138,1,0
16.6477,0.087502,59.998299,0.004750,0.0000,0.0224,4872.7,0.0140,1,0
16.6481,0.087543,59.998299,0.004752,0.0000,0.0221,4868.5,0.0142,1,0
16.6478,0.087585,59.998298,0.004754,0.0000,0.0221,4871.6,0.0145,1,0
16.6481,0.087626,59.998298,0.004756,0.0000,0.0219,4870.3,0.0147,1,0
16.6481,0.087667,59.998297,0.004759,0.0000,0.0219,4869.2,0.0150,1,0
16.6481,0.087708,59.998296,0.004761,0.0000,0.0222,4869.9,0.0153,1,0
16.6474,0.087749,59.998296,0.004763,0.0000,0.0222,4873.8,0.0154,1,0
16.6469,0.087790,59.998295,0.004765,0.0000,0.0192,4878.7,0.0156,1,0
16.6477,0.087831,59.998294,0.004768,0.0000,0.0192,4874.1,0.0157,1,0
16.6472,0.087872,59.998293,0.004770,0.0000,0.0147,4877.8,0.0156,1,0
16.6481,0.087913,59.998293,0.004773,0.0000,0.0147,4870.2,0.0155,1,0
16.6478,0.087954,59.998292,0.004775,0.0000,0.0216,4871.3,0.0152,1,0
16.6483,0.087995,59.998291,0.004778,0.0000,0.0216,4868.2,0.0149,1,0
16.6475,0.088036,59.998290,0.004780,0.0000,0.0209,4870.9,0.0146,1,0
16.6476,0.088077,59.998289,0.004783,0.0000,0.0209,4871.9,0.0143,1,0
16.6478,0.088118,59.998289,0.004785,0.0000,0.0224,4868.9,0.0141,1,0
16.6476,0.088159,59.998288,0.004788,0.0000,0.0224,4872.2,0.0139,1,0
16.6482,0.088200,59.998287,0.004790,0.0000,0.0221,4867.7,0.0138,1,0
16.6479,0.088241,59.998286,0.004793,0.0000,0.0221,4870.9,0.0138,1,0
16.6479,0.088283,59.998286,0.004795,0.0000,0.0225,4871.5,0.0137,1,0
16.6475,0.088324,59.998285,0.004797,0.0000,0.0225,4873.8,0.0138,1,0
16.6477,0.088365,59.998284,0.004800,0.0000,0.0165,4873.5,0.0139,1,0
16.6478,0.088406,59.998283,0.004802,0.0000,0.0165,4871.6,0.0141,1,0
16.6479,0.088447,59.998283,0.004805,0.0000,0.0216,4869.2,0.0143,1,0
16.6484,0.088488,59.998282,0.004807,0.0000,0.0216,4867.8,0.0145,1,0
16.6483,0.088529,59.998281,0.004810,0.0000,0.0199,4868.7,0.0146,1,0
16.6486,0.088570,59.998281,0.004812,0.0000,0.0199,4865.9,0.0148,1,0
16.6484,0.088611,59.998280,0.004815,0.0000,0.0214,4867.5,0.0150,1,0
16.6484,0.088652,59.998279,0.004817,0.0000,0.0214,4866.8,0.0151,1,0
16.6484,0.088693,59.998278,0.004820,0.0000,0.0202,4867.5,0.0153,1,0
16.6486,0.088734,59.998278,0.004822,0.0000,0.0202,4866.7,0.0154,1,0
16.6486,0.088775,59.998277,0.004825,0.0000,0.0217,4866.4,0.0157,1,0
16.6482,0.088816,59.998276,0.004827,0.0000,0.0217,4869.9,0.0159,1,0
16.6484,0.088857,59.998275,0.004830,0.0000,0.0216,4870.6,0.0162,1,0
16.6482,0.088898,59.998274,0.004832,0.0000,0.0216,4870.4,0.0165,1,0
16.6481,0.088940,59.998274,0.004834,0.0000,0.0213,4872.0,0.0168,1,0
16.6484,0.088981,59.998273,0.004837,0.0000,0.0213,4868.6,0.0171,1,0
16.6486,0.089022,59.998272,0.004839,0.0000,0.0209,4869.2,0.0174,1,0
16.6487,0.089063,59.998271,0.004842,0.0000,0.0209,4865.0,0.0177,1,0
16.6484,0.089104,59.998270,0.004844,0.0000,0.0200,4868.0,0.0180,1,0
16.6486,0.089145,59.998268,0.004847,0.0000,0.0200,4866.7,0.0183,1,0
16.6484,0.089186,59.998267,0.004849,0.0000,0.0201,4869.4,0.0186,1,0
16.6486,0.089227,59.998266,0.004852,0.0000,0.0201,4868.2,0.0189,1,0
16.6486,0.089268,59.998265,0.004854,0.0000,0.0178,4868.3,0.0193,1,0
16.6487,0.089309,59.998264,0.004857,0.0000,0.0178,4866.8,0.0197,1,0
16.6484,0.089350,59.998262,0.004859,0.0000,0.0219,4869.0,0.0201,1,0
16.6479,0.089391,59.998261,0.004862,0.0000,0.0219,4872.9,0.0205,1,0
16.6477,0.089432,59.998260,0.004864,0.0000,0.0219,4875.6,0.0210,1,0
16.6480,0.089473,59.998259,0.004866,0.0000,0.0219,4874.5,0.0214,1,0
16.6483,0.089514,59.998259,0.004869,0.0000,0.0186,4873.1,0.0218,1,0
16.6487,0.089555,59.998258,0.004871,0.0000,0.0186,4869.4,0.0221,1,0
16.6487,0.089597,59.998257,0.004874,0.0000,0.0214,4867.1,0.0224,1,0
16.6484,0.089638,59.998256,0.004876,0.0000,0.0214,4869.9,0.0227,1,0
16.6480,0.089679,59.998256,0.004879,0.0000,0.0216,4871.9,0.0230,1,0
16.6481,0.089720,59.998255,0.004881,0.0000,0.0216,4871.5,0.0233,1,0
16.6482,0.089761,59.998254,0.004884,0.0000,0.0215,4870.7,0.0235,1,0
16.6481,0.089802,59.998254,0.004886,0.0000,0.0215,4870.6,0.0237,1,0
16.6484,0.089843,59.998253,0.004889,0.0000,0.0213,4869.1,0.0239,1,0
16.6482,0.089884,59.998252,0.004891,0.0000,0.0213,4870.7,0.0241,1,0
16.6474,0.089925,59.998251,0.004893,0.0000,0.0185,4875.7,0.0243,1,0
16.6476,0.089966,59.998251,0.004896,0.0000,0.0185,4875.4,0.0245,1,0
16.6477,0.090007,59.998250,0.004898,0.0000,0.0201,4876.6,0.0247,1,0
16.6480,0.090048,59.998249,0.004901,0.0000,0.0201,4873.7,0.0248,1,0
16.6484,0.090089,59.998248,0.004903,0.0000,0.0215,4873.1,0.0249,1,0
16.6484,0.090130,59.998247,0.004906,0.0000,0.0215,4869.5,0.0250,1,0
16.6481,0.090171,59.998247,0.004908,0.0000,0.0217,4870.3,0.0250,1,0
16.6483,0.090212,59.998246,0.004911,0.0000,0.0217,4869.5,0.0251,1,0
16.6481,0.090254,59.998245,0.004913,0.0000,0.0182,4870.4,0.0251,1,0
16.6483,0.090295,59.998244,0.004915,0.0000,0.0182,4869.4,0.0251,1,0
16.6482,0.090336,59.998244,0.004918,0.0000,0.0220,4869.5,0.0251,1,0
16.6480,0.090377,59.998243,0.004920,0.0000,0.0220,4870.1,0.0251,1,0
16.6475,0.090418,59.998242,0.004923,0.0000,0.0180,4871.9,0.0251,1,0
16.6477,0.090459,59.998241,0.004925,0.0000,0.0180,4871.8,0.0251,1,0
16.6475,0.090500,59.998241,0.004928,0.0000,0.0187,4874.5,0.0252,1,0
16.6476,0.090541,59.998240,0.004930,0.0000,0.0187,4874.1,0.0252,1,0
16.6479,0.090582,59.998239,0.004933,0.0000,0.0203,4873.7,0.0253,1,0
16.6482,0.090623,59.998239,0.004935,0.0000,0.0203,4871.1,0.0254,1,0
16.6485,0.090664,59.998238,0.004937,0.0000,0.0213,4870.2,0.0254,1,0
16.6485,0.090705,59.998237,0.004940,0.0000,0.0213,4868.5,0.0255,1,0
16.6481,0.090746,59.998236,0.004942,0.0000,0.0218,4870.2,0.0257,1,0
16.6482,0.090787,59.998234,0.004945,0.0000,0.0218,4870.5,0.0257,1,0
16.6482,0.090828,59.998233,0.004947,0.0000,0.0215,4870.2,0.0258,1,0
16.6481,0.090869,59.998232,0.004950,0.0000,0.0215,4870.1,0.0259,1,0
16.6481,0.090911,59.998231,0.004952,0.0000,0.0216,4869.8,0.0260,1,0
16.6482,0.090952,59.998230,0.004954,0.0000,0.0216,4868.3,0.0262,1,0
16.6475,0.090993,59.998228,0.004957,0.0000,0.0231,4872.6,0.0263,1,0
16.6470,0.091034,59.998227,0.004959,0.0000,0.0231,4877.4,0.0266,1,0
16.6473,0.091075,59.998226,0.004962,0.0000,0.0193,4876.2,0.0267,1,0
16.6475,0.091116,59.998225,0.004964,0.0000,0.0193,4875.4,0.0268,1,0
16.6478,0.091157,59.998225,0.004967,0.0000,0.0218,4872.6,0.0269,1,0
16.6483,0.091198,59.998224,0.004969,0.0000,0.0218,4869.9,0.0270,1,0
16.6480,0.091239,59.998224,0.004971,0.0000,0.0226,4868.4,0.0272,1,0
16.6473,0.091280,59.998223,0.004974,0.0000,0.0226,4872.3,0.0274,1,0
16.6477,0.091321,59.998222,0.004976,0.0000,0.0225,4870.5,0.0276,1,0
16.6474,0.091362,59.998222,0.004979,0.0000,0.0225,4872.4,0.0278,1,0
16.6478,0.091403,59.998221,0.004981,0.0000,0.0225,4871.0,0.0280,1,0
16.6475,0.091444,59.998221,0.004984,0.0000,0.0225,4870.2,0.0283,1,0
16.6473,0.091485,59.998220,0.004986,0.0000,0.0203,4871.7,0.0285,1,0
16.6473,0.091526,59.998219,0.004988,0.0000,0.0203,4871.2,0.0287,1,0
16.6465,0.091568,59.998218,0.004991,0.0000,0.0196,4877.2,0.0290,1,0
16.6472,0.091609,59.998217,0.004993,0.0000,0.0196,4874.3,0.0292,1,0
16.6469,0.091650,59.998216,0.004996,0.0000,0.0156,4876.1,0.0293,1,0
16.6474,0.091691,59.998215,0.004998,0.0000,0.0156,4872.5,0.0296,1,0
16.6473,0.091732,59.998214,0.005000,0.0000,0.0196,4870.6,0.0297,1,0
16.6474,0.091773,59.998213,0.005003,0.0000,0.0196,4871.3,0.0299,1,0
16.6475,0.091814,59.998212,0.005005,0.0000,0.0233,4868.2,0.0301,1,0
16.6469,0.091855,59.998211,0.005008,0.0000,0.0233,4872.3,0.0302,1,0
16.6476,0.091896,59.998210,0.005010,0.0000,0.0229,4866.8,0.0305,1,0
16.6467,0.091937,59.998209,0.005013,0.0000,0.0229,4871.9,0.0307,1,0
16.6472,0.091978,59.998208,0.005015,0.0000,0.0232,4867.7,0.0310,1,0
16.6468,0.092019,59.998207,0.005017,0.0000,0.0232,4871.2,0.0314,1,0
16.6470,0.092060,59.998206,0.005020,0.0000,0.0234,4871.0,0.0318,1,0
16.6466,0.092101,59.998205,0.005022,0.0000,0.0234,4873.8,0.0323,1,0
16.6466,0.092142,59.998204,0.005025,0.0000,0.0231,4875.3,0.0327,1,0
16.6470,0.092183,59.998203,0.005027,0.0000,0.0231,4873.8,0.0333,1,0
16.6470,0.092224,59.998202,0.005029,0.0000,0.0195,4874.5,0.0338,1,0
16.6474,0.092266,59.998201,0.005032,0.0000,0.0195,4869.8,0.0343,1,0
16.6474,0.092307,59.998200,0.005034,0.0000,0.0223,4872.2,0.0350,1,0
16.6478,0.092348,59.998199,0.005037,0.0000,0.0223,4867.3,0.0358,1,0
16.6472,0.092389,59.998198,0.005039,0.0000,0.0176,4870.2,0.0366,1,0
16.6472,0.092430,59.998197,0.005041,0.0000,0.0176,4868.4,0.0376,1,0
16.6470,0.092471,59.998196,0.005044,0.0000,0.0154,4871.0,0.0386,1,0
16.6477,0.092512,59.998195,0.005046,0.0000,0.0154,4865.6,0.0397,1,0
16.6471,0.092553,59.998194,0.005049,0.0000,0.0217,4869.0,0.0409,1,0
16.6477,0.092594,59.998193,0.005051,0.0000,0.0217,4864.3,0.0420,1,0
16.6456,0.092635,59.998192,0.005053,0.0000,0.0147,4875.0,0.0434,1,0
16.6463,0.092676,59.998191,0.005056,0.0000,0.0147,4868.4,0.0449,1,0
16.6455,0.092717,59.998190,0.005058,0.0000,0.0188,4875.1,0.0462,1,0
16.6464,0.092758,59.998189,0.005060,0.0000,0.0188,4870.5,0.0474,1,0
16.6465,0.092799,59.998189,0.005063,0.0000,0.0203,4867.3,0.0484,1,0
16.6467,0.092840,59.998188,0.005065,0.0000,0.0203,4867.4,0.0493,1,0
16.6466,0.092881,59.998188,0.005068,0.0000,0.0242,4866.2,0.0499,1,0
16.6463,0.092922,59.998187,0.005070,0.0000,0.0242,4871.3,0.0505,1,0
16.6467,0.092964,59.998186,0.005072,0.0000,0.0209,4866.1,0.0511,1,0
16.6462,0.093005,59.998186,0.005075,0.0000,0.0209,4869.3,0.0515,1,0
16.6468,0.093046,59.998185,0.005077,0.0000,0.0236,4866.1,0.0519,1,0
16.6464,0.093087,59.998185,0.005080,0.0000,0.0236,4868.7,0.0523,1,0
16.6465,0.093128,59.998184,0.005082,0.0000,0.0235,4871.3,0.0525,1,0
16.6463,0.093169,59.998183,0.005084,0.0000,0.0235,4871.3,0.0525,1,0
16.6472,0.093210,59.998182,0.005087,0.0000,0.0236,4868.7,0.0525,1,0
16.6465,0.093251,59.998181,0.005089,0.0000,0.0236,4872.8,0.0522,1,0
16.6473,0.093292,59.998180,0.005091,0.0000,0.0227,4869.6,0.0519,1,0
16.6470,0.093333,59.998179,0.005094,0.0000,0.0227,4868.3,0.0516,1,0
16.6475,0.093374,59.998177,0.005096,0.0000,0.0221,4866.6,0.0512,1,0
16.6478,0.093415,59.998176,0.005098,0.0000,0.0221,4862.1,0.0508,1,0
16.6476,0.093456,59.998175,0.005101,0.0000,0.0222,4864.7,0.0505,1,0
16.6477,0.093497,59.998174,0.005103,0.0000,0.0222,4865.1,0.0502,1,0
16.6472,0.093538,59.998173,0.005105,0.0000,0.0219,4869.6,0.0499,1,0
16.6478,0.093579,59.998172,0.005108,0.0000,0.0219,4865.7,0.0497,1,0
16.6477,0.093621,59.998171,0.005110,0.0000,0.0199,4867.3,0.0495,1,0
16.6481,0.093662,59.998171,0.005112,0.0000,0.0199,4865.3,0.0493,1,0
16.6476,0.093703,59.998170,0.005115,0.0000,0.0219,4868.0,0.0491,1,0
16.6473,0.093744,59.998169,0.005117,0.0000,0.0219,4872.9,0.0489,1,0
16.6475,0.093785,59.998168,0.005119,0.0000,0.0224,4872.5,0.0487,1,0
16.6477,0.093826,59.998167,0.005122,0.0000,0.0224,4872.4,0.0485,1,0
16.6483,0.093867,59.998167,0.005124,0.0000,0.0199,4867.6,0.0483,1,0
16.6480,0.093908,59.998166,0.005127,0.0000,0.0199,4867.6,0.0480,1,0
16.6480,0.093949,59.998165,0.005129,0.0000,0.0222,4868.7,0.0476,1,0
16.6478,0.093990,59.998164,0.005131,0.0000,0.0222,4869.3,0.0471,1,0
16.6481,0.094031,59.998163,0.005133,0.0000,0.0217,4867.9,0.0465,1,0
16.6479,0.094072,59.998162,0.005136,0.0000,0.0217,4868.5,0.0460,1,0
16.6481,0.094113,59.998161,0.005138,0.0000,0.0214,4869.1,0.0453,1,0
16.6485,0.094154,59.998159,0.005140,0.0000,0.0214,4865.9,0.0447,1,0
16.6481,0.094195,59.998158,0.005143,0.0000,0.0218,4869.1,0.0441,1,0
16.6479,0.094236,59.998157,0.005145,0.0000,0.0218,4870.2,0.0434,1,0
16.6482,0.094278,59.998156,0.005147,0.0000,0.0217,4871.4,0.0428,1,0
16.6482,0.094319,59.998155,0.005150,0.0000,0.0217,4872.5,0.0422,1,0
16.6487,0.094360,59.998154,0.005152,0.0000,0.0178,4870.8,0.0416,1,0
16.6489,0.094401,59.998153,0.005154,0.0000,0.0178,4869.9,0.0410,1,0
16.6492,0.094442,59.998152,0.005157,0.0000,0.0207,4866.9,0.0406,1,0
16.6490,0.094483,59.998152,0.005159,0.0000,0.0207,4867.4,0.0401,1,0
16.6493,0.094524,59.998151,0.005161,0.0000,0.0208,4864.4,0.0397,1,0
16.6487,0.094565,59.998150,0.005164,0.0000,0.0208,4866.5,0.0394,1,0
16.6488,0.094606,59.998149,0.005166,0.0000,0.0194,4866.4,0.0392,1,0
16.6489,0.094647,59.998148,0.005168,0.0000,0.0194,4865.0,0.0390,1,0
16.6489,0.094688,59.998148,0.005171,0.0000,0.0207,4867.4,0.0388,1,0
16.6490,0.094729,59.998147,0.005173,0.0000,0.0207,4866.0,0.0386,1,0
16.6489,0.094770,59.998146,0.005175,0.0000,0.0212,4868.0,0.0385,1,0
16.6487,0.094811,59.998145,0.005177,0.0000,0.0212,4870.0,0.0385,1,0
16.6488,0.094852,59.998144,0.005180,0.0000,0.0197,4870.3,0.0384,1,0
16.6491,0.094893,59.998143,0.005182,0.0000,0.0197,4869.7,0.0384,1,0
16.6493,0.094935,59.998142,0.005184,0.0000,0.0171,4867.4,0.0384,1,0
16.6493,0.094976,59.998140,0.005187,0.0000,0.0171,4867.6,0.0385,1,0
16.6493,0.095017,59.998139,0.005189,0.0000,0.0208,4865.7,0.0386,1,0
16.6491,0.095058,59.998138,0.005191,0.0000,0.0208,4868.6,0.0386,1,0
16.6495,0.095099,59.998137,0.005193,0.0000,0.0209,4864.1,0.0387,1,0
16.6488,0.095140,59.998136,0.005196,0.0000,0.0209,4868.8,0.0389,1,0
16.6496,0.095181,59.998135,0.005198,0.0000,0.0209,4862.4,0.0390,1,0
16.6488,0.095222,59.998134,0.005200,0.0000,0.0209,4867.3,0.0391,1,0
16.6494,0.095263,59.998133,0.005203,0.0000,0.0209,4861.2,0.0392,1,0
16.6487,0.095304,59.998133,0.005205,0.0000,0.0209,4867.3,0.0393,1,0
16.6483,0.095345,59.998132,0.005207,0.0000,0.0166,4870.3,0.0393,1,0
16.6485,0.095386,59.998131,0.005209,0.0000,0.0166,4870.4,0.0393,1,0
16.6487,0.095427,59.998130,0.005212,0.0000,0.0208,4872.4,0.0393,1,0
16.6491,0.095468,59.998129,0.005214,0.0000,0.0208,4870.4,0.0393,1,0
16.6494,0.095509,59.998129,0.005216,0.0000,0.0186,4867.3,0.0393,1,0
16.6495,0.095551,59.998128,0.005219,0.0000,0.0186,4866.3,0.0392,1,0
16.6497,0.095592,59.998127,0.005221,0.0000,0.0199,4867.2,0.0392,1,0
16.6497,0.095633,59.998126,0.005223,0.0000,0.0199,4865.0,0.0392,1,0
16.6491,0.095674,59.998125,0.005225,0.0000,0.0184,4868.7,0.0392,1,0
16.6496,0.095715,59.998124,0.005228,0.0000,0.0184,4866.1,0.0392,1,0
16.6493,0.095756,59.998123,0.005230,0.0000,0.0156,4868.8,0.0392,1,0
16.6498,0.095797,59.998121,0.005232,0.0000,0.0156,4865.6,0.0392,1,0
16.6494,0.095838,59.998120,0.005234,0.0000,0.0182,4869.5,0.0392,1,0
16.6498,0.095879,59.998119,0.005237,0.0000,0.0182,4869.7,0.0392,1,0
16.6497,0.095920,59.998118,0.005239,0.0000,0.0197,4870.3,0.0392,1,0
16.6497,0.095961,59.998117,0.005241,0.0000,0.0197,4871.8,0.0393,1,0
16.6502,0.096002,59.998116,0.005243,0.0000,0.0160,4867.6,0.0393,1,0
16.6501,0.096043,59.998115,0.005246,0.0000,0.0160,4867.7,0.0393,1,0
16.6504,0.096084,59.998114,0.005248,0.0000,0.0197,4863.8,0.0394,1,0
16.6499,0.096125,59.998114,0.005250,0.0000,0.0197,4867.2,0.0394,1,0
16.6504,0.096167,59.998113,0.005252,0.0000,0.0196,4862.3,0.0394,1,0
16.6499,0.096208,59.998112,0.005255,0.0000,0.0196,4866.7,0.0395,1,0
16.6505,0.096249,59.998111,0.005257,0.0000,0.0195,4862.5,0.0396,1,0
16.6498,0.096290,59.998110,0.005259,0.0000,0.0195,4865.5,0.0397,1,0
16.6503,0.096331,59.998110,0.005261,0.0000,0.0193,4863.8,0.0398,1,0
16.6498,0.096372,59.998109,0.005264,0.0000,0.0193,4864.2,0.0398,1,0
16.6494,0.096413,59.998108,0.005266,0.0000,0.0187,4870.2,0.0399,1,0
16.6498,0.096454,59.998107,0.005268,0.0000,0.0187,4867.1,0.0400,1,0
16.6497,0.096495,59.998106,0.005270,0.0000,0.0169,4871.1,0.0400,1,0
16.6504,0.096536,59.998104,0.005273,0.0000,0.0169,4865.7,0.0402,1,0
16.6501,0.096577,59.998103,0.005275,0.0000,0.0162,4869.2,0.0403,1,0
16.6509,0.096618,59.998102,0.005277,0.0000,0.0162,4862.1,0.0406,1,0
16.6502,0.096659,59.998101,0.005279,0.0000,0.0165,4866.9,0.0408,1,0
16.6507,0.096700,59.998100,0.005282,0.0000,0.0165,4862.9,0.0411,1,0
16.6504,0.096741,59.998098,0.005284,0.0000,0.0165,4865.7,0.0415,1,0
16.6507,0.096783,59.998097,0.005286,0.0000,0.0165,4864.7,0.0418,1,0
16.6509,0.096824,59.998096,0.005288,0.0000,0.0151,4864.7,0.0421,1,0
16.6511,0.096865,59.998095,0.005291,0.0000,0.0151,4863.9,0.0425,1,0
16.6510,0.096906,59.998094,0.005293,0.0000,0.0176,4865.5,0.0427,1,0
16.6507,0.096947,59.998093,0.005295,0.0000,0.0176,4868.8,0.0430,1,0
16.6509,0.096988,59.998092,0.005297,0.0000,0.0175,4867.2,0.0433,1,0
16.6505,0.097029,59.998091,0.005299,0.0000,0.0175,4870.3,0.0436,1,0
16.6509,0.097070,59.998089,0.005302,0.0000,0.0180,4869.1,0.0439,1,0
16.6510,0.097111,59.998088,0.005304,0.0000,0.0180,4867.8,0.0442,1,0
16.6514,0.097152,59.998087,0.005306,0.0000,0.0179,4864.8,0.0444,1,0
16.6513,0.097193,59.998086,0.005308,0.0000,0.0179,4864.6,0.0446,1,0
16.6512,0.097234,59.998085,0.005311,0.0000,0.0181,4865.0,0.0447,1,0
16.6511,0.097275,59.998084,0.005313,0.0000,0.0181,4865.0,0.0450,1,0
16.6513,0.097316,59.998083,0.005315,0.0000,0.0184,4866.4,0.0451,1,0
16.6508,0.097357,59.998083,0.005317,0.0000,0.0184,4866.1,0.0452,1,0
16.6510,0.097399,59.998082,0.005319,0.0000,0.0165,4865.4,0.0453,1,0
16.6510,0.097440,59.998081,0.005322,0.0000,0.0165,4865.8,0.0453,1,0
16.6507,0.097481,59.998080,0.005324,0.0000,0.0179,4867.4,0.0453,1,0
16.6504,0.097522,59.998079,0.005326,0.0000,0.0179,4871.3,0.0453,1,0
16.6508,0.097563,59.998079,0.005328,0.0000,0.0186,4870.5,0.0453,1,0
16.6507,0.097604,59.998078,0.005330,0.0000,0.0186,4871.8,0.0454,1,0
16.6513,0.097645,59.998077,0.005333,0.0000,0.0149,4869.2,0.0454,1,0
16.6514,0.097686,59.998076,0.005335,0.0000,0.0149,4866.9,0.0456,1,0
16.6507,0.097727,59.998075,0.005337,0.0000,0.0181,4869.2,0.0459,1,0
16.6512,0.097768,59.998074,0.005339,0.0000,0.0181,4866.1,0.0462,1,0
16.6506,0.097809,59.998073,0.005341,0.0000,0.0165,4869.6,0.0465,1,0
16.6513,0.097850,59.998072,0.005343,0.0000,0.0165,4866.2,0.0468,1,0
16.6508,0.097891,59.998070,0.005346,0.0000,0.0109,4868.9,0.0470,1,0
16.6513,0.097932,59.998069,0.005348,0.0000,0.0109,4866.7,0.0473,1,0
16.6507,0.097974,59.998068,0.005350,0.0000,0.0193,4868.8,0.0475,1,0
16.6504,0.098015,59.998067,0.005352,0.0000,0.0193,4873.8,0.0478,1,0
16.6509,0.098056,59.998066,0.005354,0.0000,0.0199,4868.2,0.0480,1,0
16.6498,0.098097,59.998065,0.005357,0.0000,0.0199,4874.7,0.0481,1,0
16.6504,0.098138,59.998064,0.005359,0.0000,0.0158,4871.2,0.0483,1,0
16.6503,0.098179,59.998063,0.005361,0.0000,0.0158,4872.3,0.0484,1,0
16.6506,0.098220,59.998062,0.005363,0.0000,0.0187,4870.9,0.0485,1,0
16.6509,0.098261,59.998061,0.005365,0.0000,0.0187,4870.7,0.0487,1,0
16.6506,0.098302,59.998059,0.005367,0.0000,0.0184,4871.9,0.0489,1,0
16.6509,0.098343,59.998058,0.005370,0.0000,0.0184,4870.1,0.0492,1,0
16.6512,0.098384,59.998057,0.005372,0.0000,0.0179,4870.9,0.0494,1,0
16.6513,0.098425,59.998056,0.005374,0.0000,0.0179,4866.6,0.0496,1,0
16.6507,0.098466,59.998055,0.005376,0.0000,0.0141,4869.7,0.0499,1,0
16.6510,0.098507,59.998054,0.005378,0.0000,0.0141,4866.7,0.0501,1,0
16.6496,0.098548,59.998053,0.005380,0.0000,0.0119,4875.2,0.0504,1,0
16.6499,0.098590,59.998051,0.005382,0.0000,0.0119,4874.5,0.0506,1,0
16.6496,0.098631,59.998050,0.005385,0.0000,0.0190,4877.0,0.0509,1,0
16.6498,0.098672,59.998049,0.005387,0.0000,0.0190,4879.2,0.0511,1,0
16.6502,0.098713,59.998048,0.005389,0.0000,0.0194,4874.3,0.0513,1,0
16.6502,0.098754,59.998047,0.005391,0.0000,0.0194,4875.5,0.0516,1,0
16.6507,0.098795,59.998045,0.005393,0.0000,0.0203,4865.7,0.0519,1,0
16.6491,0.098836,59.998044,0.005395,0.0000,0.0203,4875.7,0.0522,1,0
16.6498,0.098877,59.998043,0.005397,0.0000,0.0205,4870.0,0.0526,1,0
16.6490,0.098918,59.998042,0.005400,0.0000,0.0205,4875.5,0.0529,1,0
16.6496,0.098959,59.998041,0.005402,0.0000,0.0201,4873.4,0.0533,1,0
16.6494,0.099000,59.998041,0.005404,0.0000,0.0201,4874.3,0.0536,1,0
16.6497,0.099041,59.998040,0.005406,0.0000,0.0200,4872.6,0.0539,1,0
16.6493,0.099082,59.998039,0.005408,0.0000,0.0200,4875.0,0.0542,1,0
16.6495,0.099123,59.998038,0.005410,0.0000,0.0197,4875.8,0.0544,1,0
16.6495,0.099164,59.998037,0.005412,0.0000,0.0197,4873.7,0.0545,1,0
16.6486,0.099206,59.998037,0.005414,0.0000,0.0144,4881.0,0.0547,1,0
16.6498,0.099247,59.998036,0.005417,0.0000,0.0144,4871.7,0.0549,1,0
16.6489,0.099288,59.998035,0.005419,0.0000,0.0098,4876.1,0.0552,1,0
16.6498,0.099329,59.998034,0.005421,0.0000,0.0098,4869.3,0.0556,1,0
16.6491,0.099370,59.998033,0.005423,0.0000,0.0144,4872.2,0.0559,1,0
16.6497,0.099411,59.998032,0.005425,0.0000,0.0144,4870.6,0.0562,1,0
16.6494,0.099452,59.998031,0.005427,0.0000,0.0193,4869.1,0.0565,1,0
16.6492,0.099493,59.998030,0.005429,0.0000,0.0193,4874.1,0.0566,1,0
16.6498,0.099534,59.998028,0.005431,0.0000,0.0208,4866.3,0.0568,1,0
16.6489,0.099575,59.998027,0.005433,0.0000,0.0208,4873.4,0.0569,1,0
16.6495,0.099616,59.998026,0.005435,0.0000,0.0207,4869.3,0.0570,1,0
16.6489,0.099657,59.998025,0.005438,0.0000,0.0207,4874.8,0.0572,1,0
16.6494,0.099698,59.998024,0.005440,0.0000,0.0205,4871.6,0.0572,1,0
16.6493,0.099739,59.998023,0.005442,0.0000,0.0205,4875.1,0.0572,1,0
16.6499,0.099780,59.998022,0.005444,0.0000,1.0000,4871.5,0.0573,1,0
16.6780,0.099822,59.998021,0.005446,0.0000,1.0000,5138.1,0.0573,1,0
16.7348,0.099863,59.998020,0.005448,0.0000,0.6700,5265.1,0.0573,1,0
16.7955,0.099904,59.998019,0.005450,0.0000,0.6700,5347.3,0.0573,1,0
16.8554,0.099946,59.998017,0.005452,0.0000,0.6700,5425.4,0.0573,1,0
16.9139,0.099988,59.998016,0.005454,0.0000,0.6700,5503.5,0.0572,1,0
16.9715,0.100029,59.998015,0.005456,0.0000,0.6700,5581.0,0.0572,1,0
17.0288,0.100071,59.998014,0.005459,0.0000,0.6700,5655.4,0.0571,1,0
17.0872,0.100114,59.998013,0.005461,0.0000,0.6700,5721.6,0.0570,1,0
17.1463,0.100156,59.998012,0.005463,0.0000,0.6700,5781.1,0.0570,1,0
17.2055,0.100198,59.998010,0.005465,0.0000,0.6700,5836.9,0.0569,1,0
17.2651,0.100241,59.998009,0.005467,0.0000,0.6700,5888.1,0.0567,1,0
17.3254,0.100284,59.998008,0.005469,0.0000,0.6700,5934.9,0.0564,1,0
17.3867,0.100327,59.998006,0.005471,0.0000,0.6700,5975.5,0.0560,1,0
17.4490,0.100370,59.998005,0.005473,0.0000,0.6700,6009.8,0.0556,1,0
17.5116,0.100413,59.998004,0.005476,0.0000,0.6700,6043.1,0.0552,1,0
17.5735,0.100456,59.998003,0.005478,0.0000,0.6700,6076.1,0.0548,1,0
17.6357,0.100500,59.998001,0.005480,0.0000,0.6700,6109.0,0.0545,1,0
17.6982,0.100543,59.998000,0.005482,0.0000,0.6700,6137.4,0.0541,1,0
17.7627,0.100587,59.997999,0.005484,0.0000,0.6700,6158.0,0.0536,1,0
17.8266,0.100631,59.997998,0.005486,0.0000,0.6700,6179.3,0.0531,1,0
17.8893,0.100675,59.997997,0.005489,0.0000,0.6700,6204.6,0.0525,1,0
17.9509,0.100719,59.997996,0.005491,0.0000,0.6700,6233.6,0.0518,1,0
18.0124,0.100764,59.997995,0.005493,0.0000,0.6700,6261.3,0.0509,1,0
18.0738,0.100808,59.997994,0.005495,0.0000,0.6700,6286.9,0.0501,1,0
18.1349,0.100853,59.997993,0.005497,0.0000,0.6700,6314.9,0.0493,1,0
18.1938,0.100898,59.997992,0.005500,0.0000,0.6665,6349.2,0.0487,1,0
18.2516,0.100943,59.997991,0.005502,0.0000,0.6665,6386.5,0.0481,1,0
18.3087,0.100988,59.997990,0.005504,0.0000,0.6556,6422.8,0.0477,1,0
18.3656,0.101034,59.997989,0.005506,0.0000,0.6556,6456.2,0.0473,1,0
18.4221,0.101079,59.997988,0.005508,0.0000,0.6424,6487.4,0.0471,1,0
18.4775,0.101125,59.997987,0.005511,0.0000,0.6424,6518.5,0.0466,1,0
18.5318,0.101170,59.997986,0.005513,0.0000,0.6332,6549.9,0.0461,1,0
18.5855,0.101216,59.997985,0.005515,0.0000,0.6332,6579.9,0.0453,1,0
18.6391,0.101262,59.997984,0.005517,0.0000,0.6199,6605.9,0.0443,1,0
18.6925,0.101308,59.997983,0.005520,0.0000,0.6199,6629.3,0.0431,1,0
18.7452,0.101354,59.997982,0.005522,0.0000,0.6103,6651.4,0.0418,1,0
18.7978,0.101401,59.997981,0.005524,0.0000,0.6103,6670.9,0.0406,1,0
18.8510,0.101447,59.997980,0.005526,0.0000,0.6025,6685.2,0.0392,1,0
18.9055,0.101494,59.997978,0.005528,0.0000,0.6025,6692.7,0.0378,1,0
18.9594,0.101541,59.997977,0.005531,0.0000,0.5958,6699.0,0.0363,1,0
19.0123,0.101588,59.997975,0.005533,0.0000,0.5958,6707.9,0.0346,1,0
19.0652,0.101635,59.997973,0.005535,0.0000,0.5903,6716.5,0.0327,1,0
19.1189,0.101682,59.997971,0.005537,0.0000,0.5903,6719.0,0.0303,1,0
19.1733,0.101729,59.997970,0.005540,0.0000,0.5855,6715.8,0.0277,1,0
19.2272,0.101776,59.997968,0.005542,0.0000,0.5855,6713.5,0.0242,1,0
19.2803,0.101824,59.997966,0.005544,0.0000,0.5794,6711.7,0.0199,1,0
19.3331,0.101872,59.997965,0.005546,0.0000,0.5794,6710.5,0.0147,1,0
19.3866,0.101919,59.997963,0.005549,0.0000,0.5746,6705.8,0.0089,1,0
19.4399,0.101967,59.997962,0.005551,0.0000,0.5746,6700.2,0.0025,1,0
19.4918,0.102016,59.997960,0.005553,0.0000,0.5692,6700.0,-0.0044,1,0
19.5433,0.102064,59.997959,0.005555,0.0000,0.5692,6700.3,-0.0118,1,0
19.5933,0.102112,59.997958,0.005557,0.0000,0.5649,6705.5,-0.0199,1,0
19.6437,0.102161,59.997957,0.005560,0.0000,0.5649,6707.8,-0.0287,1,0
19.6936,0.102209,59.997955,0.005562,0.0000,0.5558,6709.0,-0.0381,1,0
19.7427,0.102258,59.997954,0.005564,0.0000,0.5558,6714.0,-0.0480,1,0
19.7905,0.102307,59.997953,0.005566,0.0000,0.5450,6721.3,-0.0583,1,0
19.8382,0.102356,59.997951,0.005569,0.0000,0.5450,6725.7,-0.0688,1,0
19.8869,0.102405,59.997950,0.005571,0.0000,0.5295,6723.9,-0.0794,1,0
19.9348,0.102454,59.997949,0.005573,0.0000,0.5295,6721.5,-0.0902,1,0
19.9809,0.102503,59.997947,0.005575,0.0000,0.5149,6722.9,-0.1007,1,0
20.0252,0.102552,59.997946,0.005577,0.0000,0.5149,6727.8,-0.1110,1,0
20.0694,0.102602,59.997944,0.005580,0.0000,0.4892,6728.7,-0.1210,1,0
20.1139,0.102652,59.997943,0.005582,0.0000,0.4892,6723.6,-0.1306,1,0
20.1572,0.102701,59.997942,0.005584,0.0000,0.4572,6717.9,-0.1396,1,0
20.2001,0.102751,59.997940,0.005586,0.0000,0.4572,6705.7,-0.1480,1,0
20.2423,0.102801,59.997939,0.005588,0.0000,0.4181,6687.9,-0.1557,1,0
20.2835,0.102851,59.997937,0.005591,0.0000,0.4181,6666.3,-0.1628,1,0
20.3231,0.102901,59.997936,0.005593,0.0000,0.3919,6644.5,-0.1692,1,0
20.3609,0.102951,59.997934,0.005595,0.0000,0.3919,6627.2,-0.1747,1,0
20.3982,0.103002,59.997933,0.005597,0.0000,0.3802,6610.5,-0.1795,1,0
20.4341,0.103052,59.997931,0.005599,0.0000,0.3802,6596.2,-0.1834,1,0
20.4709,0.103103,59.997930,0.005602,0.0000,0.3759,6578.3,-0.1865,1,0
20.5074,0.103153,59.997928,0.005604,0.0000,0.3759,6560.3,-0.1887,1,0
20.5435,0.103204,59.997926,0.005606,0.0000,0.3735,6545.7,-0.1899,1,0
20.5785,0.103255,59.997925,0.005608,0.0000,0.3735,6535.8,-0.1903,1,0
20.6134,0.103305,59.997923,0.005610,0.0000,0.3740,6526.5,-0.1898,1,0
20.6490,0.103356,59.997922,0.005612,0.0000,0.3740,6515.5,-0.1886,1,0
20.6846,0.103407,59.997920,0.005615,0.0000,0.3777,6505.1,-0.1868,1,0
20.7209,0.103458,59.997919,0.005617,0.0000,0.3777,6494.2,-0.1844,1,0
20.7583,0.103510,59.997917,0.005619,0.0000,0.5762,6480.6,-0.1815,1,0
20.7970,0.103561,59.997916,0.005621,0.0000,0.5762,6487.8,-0.1781,1,0
20.8391,0.103612,59.997914,0.005623,0.0000,0.5981,6479.8,-0.1741,1,0
20.8845,0.103664,59.997913,0.005625,0.0000,0.5981,6508.2,-0.1694,1,0
20.9337,0.103716,59.997912,0.005628,0.0000,0.6206,6523.4,-0.1641,1,0
20.9856,0.103767,59.997910,0.005630,0.0000,0.6206,6495.6,-0.1582,1,0
21.0396,0.103819,59.997909,0.005632,0.0000,0.6575,6527.1,-0.1520,1,0
21.0990,0.103871,59.997907,0.005634,0.0000,0.6575,6545.6,-0.1456,1,0
21.1614,0.103923,59.997906,0.005636,0.0000,0.6964,6559.4,-0.1390,1,0
21.2245,0.103976,59.997904,0.005638,0.0000,0.6964,6578.6,-0.1322,1,0
21.2887,0.104028,59.997903,0.005641,0.0000,0.7301,6599.2,-0.1256,1,0
21.3551,0.104081,59.997901,0.005643,0.0000,0.7301,6617.9,-0.1191,1,0
21.4222,0.104134,59.997900,0.005645,0.0000,0.7563,6638.8,-0.1129,1,0
21.4885,0.104187,59.997898,0.005647,0.0000,0.7563,6667.3,-0.1069,1,0
21.5538,0.104240,59.997896,0.005649,0.0000,0.7774,6702.4,-0.1010,1,0
21.6179,0.104293,59.997895,0.005651,0.0000,0.7774,6745.9,-0.0953,1,0
21.6815,0.104347,59.997893,0.005654,0.0000,0.7981,6762.3,-0.0893,1,0
21.7429,0.104400,59.997892,0.005656,0.0000,0.7981,6743.1,-0.0831,1,0
21.8028,0.104454,59.997890,0.005658,0.0000,0.5438,6811.7,-0.0768,1,0
21.8632,0.104508,59.997888,0.005660,0.0000,0.5438,6793.6,-0.0701,1,0
21.9201,0.104562,59.997887,0.005663,0.0000,0.5542,6853.9,-0.0631,1,0
21.9784,0.104616,59.997886,0.005665,0.0000,0.5542,6848.3,-0.0557,1,0
22.0362,0.104671,59.997884,0.005667,0.0000,0.8386,6875.5,-0.0481,1,0
22.0927,0.104725,59.997883,0.005669,0.0000,0.8386,6886.7,-0.0405,1,0
22.1505,0.104780,59.997881,0.005672,0.0000,0.8496,6917.3,-0.0330,1,0
22.2082,0.104835,59.997880,0.005674,0.0000,0.8496,6951.4,-0.0256,1,0
22.2663,0.104890,59.997878,0.005676,0.0000,0.5782,6922.7,-0.0183,1,0
22.3251,0.104945,59.997877,0.005679,0.0000,0.5782,6984.3,-0.0111,1,0
22.3836,0.105000,59.997875,0.005681,0.0000,0.5884,6958.7,-0.0042,1,0
22.4412,0.105055,59.997873,0.005683,0.0000,0.5884,7000.3,0.0025,1,0
22.4982,0.105111,59.997871,0.005686,0.0000,0.5970,7044.4,0.0088,1,0
22.5567,0.105166,59.997869,0.005688,0.0000,0.5970,7021.3,0.0148,1,0
22.6156,0.105222,59.997867,0.005690,0.0000,0.9082,7062.9,0.0204,1,0
22.6737,0.105278,59.997865,0.005693,0.0000,0.9082,7107.4,0.0257,1,0
22.7335,0.105334,59.997864,0.005695,0.0000,0.6207,7084.1,0.0304,1,0
22.7941,0.105390,59.997862,0.005698,0.0000,0.6207,7123.1,0.0347,1,0
22.8546,0.105447,59.997860,0.005700,0.0000,0.6321,7137.4,0.0386,1,0
22.9156,0.105503,59.997858,0.005702,0.0000,0.6321,7141.7,0.0421,1,0
22.9770,0.105560,59.997856,0.005705,0.0000,0.9588,7179.4,0.0453,1,0
23.0388,0.105617,59.997854,0.005707,0.0000,0.9588,7190.5,0.0481,1,0
23.1025,0.105674,59.997853,0.005710,0.0000,0.9723,7187.3,0.0508,1,0
23.1668,0.105731,59.997851,0.005712,0.0000,0.9723,7248.9,0.0532,1,0
23.2317,0.105788,59.997850,0.005715,0.0000,0.6569,7213.6,0.0552,1,0
23.2968,0.105846,59.997848,0.005717,0.0000,0.6569,7270.9,0.0569,1,0
23.3620,0.105903,59.997846,0.005720,0.0000,0.6586,7270.0,0.0584,1,0
23.4286,0.105961,59.997845,0.005722,0.0000,0.6586,7315.6,0.0595,1,0
23.4943,0.106019,59.997843,0.005725,0.0000,0.6605,7312.2,0.0604,1,0
23.5590,0.106077,59.997842,0.005727,0.0000,0.6605,7363.3,0.0611,1,0
23.6238,0.106135,59.997840,0.005729,0.0000,0.6628,7363.3,0.0617,1,0
23.6900,0.106194,59.997838,0.005732,0.0000,0.6628,7381.1,0.0621,1,0
23.7565,0.106252,59.997836,0.005735,0.0000,0.6660,7399.9,0.0624,1,0
23.8227,0.106311,59.997834,0.005737,0.0000,0.6660,7420.7,0.0626,1,0
23.8874,0.106370,59.997832,0.005740,0.0000,0.6700,7447.0,0.0628,1,0
23.9518,0.106429,59.997830,0.005742,0.0000,0.6700,7475.1,0.0630,1,0
24.0151,0.106488,59.997828,0.005745,0.0000,0.6700,7506.1,0.0631,1,0
24.0785,0.106548,59.997826,0.005747,0.0000,0.6700,7503.5,0.0633,1,0
24.1406,0.106607,59.997824,0.005750,0.0000,1.0000,7536.5,0.0637,1,0
24.2017,0.106667,59.997822,0.005752,0.0000,1.0000,7548.3,0.0642,1,0
24.2628,0.106727,59.997820,0.005755,0.0000,1.0000,7583.5,0.0650,1,0
24.3219,0.106787,59.997819,0.005757,0.0000,1.0000,7600.1,0.0659,1,0
24.3789,0.106847,59.997817,0.005760,0.0000,1.0000,7618.5,0.0670,1,0
24.4344,0.106907,59.997816,0.005762,0.0000,1.0000,7649.4,0.0681,1,0
24.4896,0.106968,59.997815,0.005765,0.0000,0.6700,7641.3,0.0693,1,0
24.5447,0.107028,59.997813,0.005767,0.0000,0.6700,7669.4,0.0705,1,0
24.5992,0.107089,59.997812,0.005770,0.0000,0.6700,7694.2,0.0717,1,0
24.6535,0.107150,59.997811,0.005772,0.0000,0.6700,7693.5,0.0729,1,0
24.7085,0.107211,59.997810,0.005775,0.0000,0.6700,7720.0,0.0741,1,0
24.7632,0.107272,59.997808,0.005777,0.0000,0.6700,7743.3,0.0753,1,0
24.8183,0.107333,59.997807,0.005780,0.0000,0.6700,7773.5,0.0764,1,0
24.8736,0.107394,59.997805,0.005782,0.0000,0.6700,7760.3,0.0774,1,0
24.9291,0.107456,59.997803,0.005785,0.0000,0.6700,7781.7,0.0782,1,0
24.9835,0.107517,59.997801,0.005787,0.0000,0.6700,7805.5,0.0788,1,0
25.0363,0.107579,59.997799,0.005790,0.0000,0.6700,7830.7,0.0793,1,0
25.0885,0.107641,59.997797,0.005792,0.0000,0.6700,7830.3,0.0795,1,0
25.1417,0.107703,59.997795,0.005795,0.0000,1.0000,7856.1,0.0795,1,0
25.1942,0.107765,59.997793,0.005797,0.0000,1.0000,7887.4,0.0795,1,0
25.2469,0.107827,59.997791,0.005800,0.0000,0.6660,7878.2,0.0795,1,0
25.2984,0.107890,59.997789,0.005802,0.0000,0.6660,7907.5,0.0791,1,0
25.3500,0.107952,59.997787,0.005805,0.0000,0.6484,7936.7,0.0785,1,0
25.4007,0.108015,59.997785,0.005807,0.0000,0.6484,7924.2,0.0777,1,0
25.4515,0.108078,59.997784,0.005810,0.0000,0.6261,7942.5,0.0767,1,0
25.5011,0.108141,59.997782,0.005812,0.0000,0.6261,7960.3,0.0755,1,0
25.5494,0.108204,59.997780,0.005815,0.0000,0.6025,8008.7,0.0744,1,0
25.6003,0.108267,59.997779,0.005817,0.0000,0.6025,7975.7,0.0734,1,0
25.6500,0.108330,59.997777,0.005820,0.0000,0.8631,8007.4,0.0725,1,0
25.6980,0.108393,59.997775,0.005822,0.0000,0.8631,8013.6,0.0717,1,0
25.7484,0.108457,59.997773,0.005825,0.0000,0.8376,8027.6,0.0710,1,0
25.7965,0.108521,59.997772,0.005827,0.0000,0.8376,8046.1,0.0705,1,0
25.8476,0.108584,59.997770,0.005830,0.0000,0.8054,8045.5,0.0702,1,0
25.8935,0.108648,59.997768,0.005832,0.0000,0.8054,8059.4,0.0700,1,0
25.9432,0.108712,59.997765,0.005834,0.0000,0.5221,8110.3,0.0699,1,0
25.9964,0.108776,59.997763,0.005837,0.0000,0.5221,8055.1,0.0701,1,0
26.0432,0.108840,59.997760,0.005839,0.0000,0.7598,8081.7,0.0705,1,0
26.0926,0.108905,59.997758,0.005841,0.0000,0.7598,8120.4,0.0710,1,0
26.1448,0.108969,59.997756,0.005844,0.0000,0.7528,8142.9,0.0714,1,0
26.1991,0.109034,59.997753,0.005846,0.0000,0.7528,8155.1,0.0717,1,0
26.2530,0.109099,59.997751,0.005849,0.0000,0.7563,8167.0,0.0718,1,0
26.3060,0.109164,59.997748,0.005851,0.0000,0.7563,8181.7,0.0718,1,0
26.3598,0.109229,59.997746,0.005853,0.0000,0.7695,8193.1,0.0719,1,0
26.4143,0.109294,59.997744,0.005856,0.0000,0.7695,8205.7,0.0720,1,0
26.4691,0.109359,59.997742,0.005858,0.0000,0.7820,8220.1,0.0722,1,0
26.5234,0.109424,59.997740,0.005860,0.0000,0.7820,8239.2,0.0725,1,0
26.5780,0.109490,59.997738,0.005863,0.0000,0.8037,8260.5,0.0729,1,0
26.6324,0.109556,59.997736,0.005865,0.0000,0.8037,8286.0,0.0734,1,0
26.6871,0.109622,59.997734,0.005867,0.0000,0.8271,8313.1,0.0739,1,0
26.7411,0.109687,59.997732,0.005869,0.0000,0.8271,8342.4,0.0746,1,0
26.7966,0.109754,59.997730,0.005872,0.0000,0.5692,8368.9,0.0755,1,0
26.8516,0.109820,59.997728,0.005874,0.0000,0.5692,8368.8,0.0763,1,0
26.9043,0.109886,59.997726,0.005876,0.0000,0.8690,8331.9,0.0772,1,0
26.9549,0.109953,59.997724,0.005879,0.0000,0.8690,8393.1,0.0782,1,0
27.0081,0.110019,59.997722,0.005881,0.0000,0.5926,8446.0,0.0790,1,0
27.0582,0.110086,59.997719,0.005883,0.0000,0.5926,8382.2,0.0796,1,0
27.1062,0.110153,59.997717,0.005885,0.0000,0.5958,8461.8,0.0799,1,0
27.1553,0.110220,59.997715,0.005888,0.0000,0.5958,8466.4,0.0800,1,0
27.2047,0.110287,59.997713,0.005890,0.0000,0.8892,8472.7,0.0800,1,0
27.2576,0.110354,59.997711,0.005892,0.0000,0.8892,8530.0,0.0799,1,0
27.3101,0.110422,59.997708,0.005894,0.0000,0.8855,8458.4,0.0799,1,0
27.3580,0.110489,59.997706,0.005897,0.0000,0.8855,8534.3,0.0799,1,0
27.4095,0.110557,59.997704,0.005899,0.0000,0.8730,8526.2,0.0798,1,0
27.4560,0.110624,59.997702,0.005901,0.0000,0.8730,8535.7,0.0796,1,0
27.5050,0.110692,59.997699,0.005903,0.0000,0.5716,8593.4,0.0795,1,0
27.5572,0.110760,59.997697,0.005905,0.0000,0.5716,8567.4,0.0795,1,0
27.6024,0.110828,59.997694,0.005908,0.0000,0.8289,8569.8,0.0796,1,0
27.6495,0.110896,59.997692,0.005910,0.0000,0.8289,8621.1,0.0801,1,0
27.6998,0.110965,59.997690,0.005912,0.0000,0.8020,8652.6,0.0806,1,0
27.7521,0.111033,59.997687,0.005914,0.0000,0.8020,8667.2,0.0812,1,0
27.8046,0.111102,59.997685,0.005916,0.0000,0.7830,8676.2,0.0817,1,0
27.8560,0.111170,59.997682,0.005918,0.0000,0.7830,8682.5,0.0822,1,0
27.9055,0.111239,59.997680,0.005921,0.0000,0.7623,8689.3,0.0828,1,0
27.9547,0.111308,59.997678,0.005923,0.0000,0.7623,8694.0,0.0832,1,0
28.0027,0.111377,59.997676,0.005925,0.0000,0.7516,8700.7,0.0837,1,0
28.0490,0.111446,59.997673,0.005927,0.0000,0.7516,8713.9,0.0841,1,0
28.0960,0.111516,59.997671,0.005929,0.0000,0.7498,8723.1,0.0844,1,0
28.1422,0.111585,59.997669,0.005931,0.0000,0.7498,8731.2,0.0844,1,0
28.1881,0.111655,59.997667,0.005933,0.0000,0.7506,8742.6,0.0840,1,0
28.2339,0.111724,59.997665,0.005935,0.0000,0.7506,8753.8,0.0831,1,0
28.2794,0.111794,59.997662,0.005937,0.0000,0.7570,8763.0,0.0819,1,0
28.3253,0.111864,59.997660,0.005939,0.0000,0.7570,8774.8,0.0803,1,0
28.3711,0.111934,59.997658,0.005941,0.0000,0.7705,8790.2,0.0786,1,0
28.4173,0.112004,59.997656,0.005943,0.0000,0.7705,8805.8,0.0767,1,0
28.4640,0.112074,59.997653,0.005945,0.0000,0.7847,8821.1,0.0747,1,0
28.5107,0.112145,59.997651,0.005947,0.0000,0.7847,8838.6,0.0725,1,0
28.5575,0.112215,59.997649,0.005949,0.0000,0.8079,8858.1,0.0703,1,0
28.6059,0.112286,59.997647,0.005951,0.0000,0.8079,8875.3,0.0682,1,0
28.6556,0.112356,59.997644,0.005953,0.0000,0.8331,8893.1,0.0662,1,0
28.7064,0.112427,59.997642,0.005955,0.0000,0.8331,8910.8,0.0644,1,0
28.7576,0.112498,59.997640,0.005957,0.0000,0.8576,8933.6,0.0629,1,0
28.8096,0.112569,59.997637,0.005959,0.0000,0.8576,8956.1,0.0617,1,0
28.8617,0.112640,59.997635,0.005961,0.0000,0.8802,8981.3,0.0607,1,0
28.9151,0.112712,59.997633,0.005963,0.0000,0.8802,9003.0,0.0601,1,0
28.9695,0.112783,59.997630,0.005964,0.0000,0.8999,9022.3,0.0597,1,0
29.0254,0.112855,59.997628,0.005966,0.0000,0.8999,9040.2,0.0596,1,0
29.0815,0.112926,59.997626,0.005968,0.0000,0.9151,9060.7,0.0599,1,0
29.1379,0.112998,59.997624,0.005970,0.0000,0.9151,9083.5,0.0607,1,0
29.1950,0.113070,59.997621,0.005972,0.0000,0.9227,9104.3,0.0619,1,0
29.2515,0.113142,59.997619,0.005974,0.0000,0.9227,9127.0,0.0636,1,0
29.3080,0.113215,59.997617,0.005976,0.0000,0.9289,9149.5,0.0655,1,0
29.3656,0.113287,59.997614,0.005978,0.0000,0.9289,9167.1,0.0676,1,0
29.4240,0.113360,59.997612,0.005979,0.0000,0.9289,9178.2,0.0698,1,0
29.4817,0.113432,59.997609,0.005981,0.0000,0.9289,9191.2,0.0722,1,0
29.5370,0.113505,59.997607,0.005983,0.0000,0.9289,9214.1,0.0746,1,0
29.5925,0.113578,59.997604,0.005985,0.0000,0.9289,9235.2,0.0768,1,0
29.6467,0.113651,59.997601,0.005987,0.0000,0.9264,9260.8,0.0787,1,0
29.6994,0.113725,59.997599,0.005988,0.0000,0.9264,9286.9,0.0802,1,0
29.7510,0.113798,59.997596,0.005990,0.0000,0.9192,9215.7,0.0812,1,0
29.7951,0.113871,59.997593,0.005992,0.0000,0.9192,9244.1,0.0821,1,0
29.8397,0.113945,59.997590,0.005994,0.0000,0.9082,9300.5,0.0829,1,0
29.8888,0.114019,59.997588,0.005996,0.0000,0.9082,9334.7,0.0837,1,0
29.9399,0.114093,59.997585,0.005997,0.0000,0.9010,9355.5,0.0845,1,0
29.9914,0.114167,59.997583,0.005999,0.0000,0.9010,9369.8,0.0852,1,0
30.0412,0.114241,59.997580,0.006001,0.0000,0.8945,9388.5,0.0856,1,0
30.0904,0.114315,59.997577,0.006002,0.0000,0.8945,9293.8,0.0860,1,0
30.1188,0.114389,59.997575,0.006004,0.0000,0.8927,9102.8,0.0863,1,0
30.1247,0.114463,59.997573,0.006006,0.0000,0.8927,9002.9,0.0870,1,0
30.1215,0.114538,59.997570,0.006007,0.0000,0.8927,8946.4,0.0877,1,0
30.1114,0.114612,59.997568,0.006009,0.0000,0.8927,8919.1,0.0884,1,0
30.0970,0.114686,59.997565,0.006011,0.0000,0.8962,9033.9,0.0889,1,0
30.1142,0.114761,59.997563,0.006012,0.0000,0.8962,9209.4,0.0896,1,0
30.1475,0.114835,59.997560,0.006014,0.0000,0.9037,9311.1,0.0905,1,0
30.1873,0.114909,59.997558,0.006016,0.0000,0.9037,9380.8,0.0914,1,0
30.2309,0.114984,59.997555,0.006017,0.0000,0.9144,9267.2,0.0920,1,0
30.2489,0.115059,59.997553,0.006019,0.0000,0.9144,9110.2,0.0925,1,0
30.2505,0.115133,59.997550,0.006020,0.0000,0.9227,9032.0,0.0930,1,0
30.2442,0.115208,59.997548,0.006022,0.0000,0.9227,8986.0,0.0935,1,0
30.2320,0.115282,59.997546,0.006023,0.0000,0.9316,8966.7,0.0937,1,0
30.2243,0.115357,59.997543,0.006025,0.0000,0.9316,9120.8,0.0937,1,0
30.2484,0.115431,59.997541,0.006026,0.0000,0.9381,9282.7,0.0933,1,0
30.2858,0.115506,59.997538,0.006028,0.0000,0.9381,9375.0,0.0928,1,0
30.3257,0.115581,59.997536,0.006029,0.0000,0.9424,9257.5,0.0919,1,0
30.3430,0.115656,59.997533,0.006031,0.0000,0.9424,9114.2,0.0906,1,0
30.3449,0.115731,59.997531,0.006032,0.0000,0.9451,9038.2,0.0890,1,0
30.3371,0.115805,59.997528,0.006033,0.0000,0.9451,9001.6,0.0869,1,0
30.3284,0.115880,59.997526,0.006035,0.0000,0.9451,8969.9,0.0845,1,0
30.3283,0.115955,59.997523,0.006036,0.0000,0.9451,9130.2,0.0816,1,0
30.3492,0.116030,59.997520,0.006037,0.0000,0.0000,9298.8,0.0782,1,0
30.3591,0.116105,59.997518,0.006039,0.0000,0.0000,9248.5,0.0740,1,0
30.3540,0.116180,59.997515,0.006040,0.0000,0.0000,9198.5,0.0693,1,0
30.3481,0.116255,59.997513,0.006041,0.0000,0.0000,9148.6,0.0642,1,0
30.3425,0.116329,59.997510,0.006043,0.0000,0.0000,9099.0,0.0589,1,0
30.3669,0.116404,59.997507,0.006044,0.0000,0.0000,8415.3,0.0538,2,0
30.4272,0.116479,59.997504,0.006045,0.0000,0.6683,7767.2,0.0490,2,0
30.4974,0.116555,59.997502,0.006046,0.0000,0.6683,7616.9,0.0447,2,0
30.5645,0.116630,59.997499,0.006048,0.0000,0.6683,7477.0,0.0407,2,0
30.6228,0.116705,59.997496,0.006049,0.0000,0.6683,7381.5,0.0373,2,0
30.6680,0.116781,59.997493,0.006050,0.0000,0.9451,7391.9,0.0346,2,0
30.7155,0.116857,59.997490,0.006051,0.0000,0.9451,7440.2,0.0325,2,0
30.7697,0.116933,59.997488,0.006053,0.0000,0.9461,7456.2,0.0311,2,0
30.8243,0.117009,59.997485,0.006054,0.0000,0.9461,7468.3,0.0305,2,0
30.8794,0.117085,59.997482,0.006055,0.0000,0.9451,7479.4,0.0304,2,0
30.9329,0.117161,59.997479,0.006056,0.0000,0.9451,7497.3,0.0311,2,0
30.9853,0.117238,59.997476,0.006057,0.0000,0.9451,7444.4,0.0323,2,0
31.0312,0.117314,59.997472,0.006058,0.0000,0.9451,7471.6,0.0339,2,0
31.0803,0.117391,59.997469,0.006060,0.0000,0.9451,7504.0,0.0362,2,0
31.1346,0.117468,59.997466,0.006061,0.0000,0.9451,7515.7,0.0389,2,0
31.1896,0.117545,59.997463,0.006062,0.0000,0.9451,7525.1,0.0421,2,0
31.2452,0.117622,59.997460,0.006063,0.0000,0.9451,7532.2,0.0455,2,0
31.2988,0.117699,59.997456,0.006064,0.0000,0.9461,7545.8,0.0493,2,0
31.3515,0.117776,59.997453,0.006065,0.0000,0.9461,7561.7,0.0533,2,0
31.4048,0.117854,59.997450,0.006066,0.0000,0.9451,7574.0,0.0573,2,0
31.4592,0.117931,59.997447,0.006067,0.0000,0.9451,7581.7,0.0614,2,0
31.5139,0.118009,59.997445,0.006068,0.0000,0.9451,7587.1,0.0656,2,0
31.5680,0.118087,59.997442,0.006069,0.0000,0.9451,7595.8,0.0698,2,0
31.6212,0.118165,59.997440,0.006070,0.0000,0.9451,7610.1,0.0741,2,0
31.6721,0.118243,59.997438,0.006071,0.0000,0.9451,7630.1,0.0781,2,0
31.7225,0.118321,59.997435,0.006072,0.0000,0.9451,7650.9,0.0819,2,0
31.7746,0.118400,59.997433,0.006073,0.0000,0.9451,7663.6,0.0854,2,0
31.8264,0.118478,59.997430,0.006074,0.0000,0.9441,7675.1,0.0887,2,0
31.8776,0.118557,59.997428,0.006075,0.0000,0.9441,7689.7,0.0916,2,0
31.9282,0.118635,59.997425,0.006076,0.0000,0.9416,7707.5,0.0942,2,0
31.9770,0.118714,59.997422,0.006077,0.0000,0.9416,7730.6,0.0964,2,0
32.0253,0.118793,59.997420,0.006078,0.0000,0.9381,7754.3,0.0980,2,0
32.0738,0.118872,59.997417,0.006079,0.0000,0.9381,7777.1,0.0992,2,0
32.1206,0.118952,59.997415,0.006080,0.0000,0.9344,7706.7,0.0998,2,0
32.1626,0.119031,59.997412,0.006081,0.0000,0.9344,7761.3,0.0998,2,0
32.2077,0.119110,59.997410,0.006082,0.0000,0.6575,7797.5,0.0997,2,0
32.2534,0.119190,59.997408,0.006083,0.0000,0.6575,7780.4,0.0992,2,0
32.2934,0.119270,59.997405,0.006084,0.0000,0.9271,7787.0,0.0984,2,0
32.3339,0.119349,59.997402,0.006085,0.0000,0.9271,7841.3,0.0976,2,0
32.3750,0.119429,59.997400,0.006086,0.0000,0.9227,7788.0,0.0966,2,0
32.4146,0.119509,59.997397,0.006086,0.0000,0.9227,7845.5,0.0958,2,0
32.4553,0.119589,59.997394,0.006087,0.0000,0.9182,7842.3,0.0951,2,0
32.4922,0.119669,59.997390,0.006088,0.0000,0.9182,7853.4,0.0945,2,0
32.5298,0.119750,59.997387,0.006089,0.0000,0.9117,7864.1,0.0940,2,0
32.5655,0.119830,59.997384,0.006089,0.0000,0.9117,7880.1,0.0934,2,0
32.6016,0.119910,59.997381,0.006090,0.0000,0.9055,7868.1,0.0931,2,0
32.6359,0.119991,59.997378,0.006091,0.0000,0.9055,7910.8,0.0927,2,0
32.6702,0.120071,59.997374,0.006092,0.0000,0.6358,7878.6,0.0923,2,0
32.7047,0.120152,59.997371,0.006093,0.0000,0.6358,7915.6,0.0920,2,0
32.7374,0.120233,59.997368,0.006093,0.0000,0.6307,7916.6,0.0917,2,0
32.7702,0.120314,59.997365,0.006094,0.0000,0.6307,7932.6,0.0911,2,0
32.8026,0.120395,59.997362,0.006095,0.0000,0.6268,7949.6,0.0903,2,0
32.8356,0.120476,59.997359,0.006095,0.0000,0.6268,7939.4,0.0893,2,0
32.8660,0.120557,59.997356,0.006096,0.0000,0.8773,7959.1,0.0881,2,0
32.8964,0.120638,59.997353,0.006096,0.0000,0.8773,7963.5,0.0866,2,0
32.9261,0.120719,59.997349,0.006097,0.0000,0.6133,7958.2,0.0847,2,0
32.9551,0.120800,59.997346,0.006098,0.0000,0.6133,7981.5,0.0823,2,0
32.9838,0.120882,59.997343,0.006098,0.0000,0.6078,7987.4,0.0796,2,0
33.0138,0.120963,59.997340,0.006099,0.0000,0.6078,7978.0,0.0764,2,0
33.0418,0.121045,59.997337,0.006099,0.0000,0.8531,7999.3,0.0730,2,0
33.0699,0.121126,59.997334,0.006100,0.0000,0.8531,8003.5,0.0694,2,0
33.0974,0.121208,59.997332,0.006100,0.0000,0.6007,8001.3,0.0657,2,0
33.1254,0.121289,59.997329,0.006101,0.0000,0.6007,8021.9,0.0617,2,0
33.1532,0.121371,59.997326,0.006101,0.0000,0.6007,8026.7,0.0576,2,0
33.1810,0.121453,59.997324,0.006101,0.0000,0.6007,8019.2,0.0533,2,0
33.2080,0.121535,59.997321,0.006102,0.0000,0.8496,8041.5,0.0488,2,0
33.2356,0.121617,59.997318,0.006102,0.0000,0.8496,8047.5,0.0443,2,0
33.2652,0.121699,59.997315,0.006103,0.0000,0.6025,8039.4,0.0397,2,0
33.2931,0.121781,59.997313,0.006103,0.0000,0.6025,8058.3,0.0350,2,0
33.3206,0.121863,59.997310,0.006104,0.0000,0.6050,8063.0,0.0300,2,0
33.3505,0.121946,59.997307,0.006104,0.0000,0.6050,8057.1,0.0250,2,0
33.3795,0.122028,59.997304,0.006104,0.0000,0.6069,8099.7,0.0202,2,0
33.4111,0.122110,59.997301,0.006104,0.0000,0.6069,8063.5,0.0155,2,0
33.4417,0.122193,59.997298,0.006104,0.0000,0.8613,8098.1,0.0113,2,0
33.4738,0.122275,59.997295,0.006105,0.0000,0.8613,8095.6,0.0073,2,0
33.5055,0.122358,59.997292,0.006105,0.0000,0.8638,8099.3,0.0038,2,0
33.5346,0.122441,59.997289,0.006105,0.0000,0.8638,8114.4,0.0007,2,0
33.5667,0.122523,59.997286,0.006105,0.0000,0.8690,8095.5,-0.0015,2,0
33.5968,0.122606,59.997283,0.006106,0.0000,0.8690,8132.2,-0.0029,2,0
33.6317,0.122689,59.997280,0.006106,0.0000,0.8730,8103.1,-0.0033,2,0
33.6628,0.122772,59.997277,0.006106,0.0000,0.8730,8141.2,-0.0027,2,0
33.6973,0.122855,59.997274,0.006106,0.0000,0.8810,8136.0,-0.0013,2,0
33.7286,0.122939,59.997271,0.006106,0.0000,0.8810,8144.8,0.0008,2,0
33.7648,0.123022,59.997268,0.006106,0.0000,0.6300,8183.8,0.0036,2,0
33.8026,0.123105,59.997265,0.006106,0.0000,0.6300,8118.3,0.0069,2,0
33.8385,0.123189,59.997262,0.006106,0.0000,0.9037,8165.6,0.0109,2,0
33.8765,0.123272,59.997259,0.006106,0.0000,0.9037,8200.1,0.0151,2,0
33.9182,0.123356,59.997256,0.006106,0.0000,0.9152,8218.9,0.0195,2,0
33.9624,0.123440,59.997253,0.006106,0.0000,0.9152,8227.1,0.0240,2,0
34.0069,0.123524,59.997250,0.006106,0.0000,0.9281,8236.4,0.0283,2,0
34.0519,0.123608,59.997247,0.006106,0.0000,0.9281,8241.7,0.0329,2,0
34.0977,0.123692,59.997244,0.006106,0.0000,0.9371,8246.2,0.0372,2,0
34.1442,0.123776,59.997241,0.006106,0.0000,0.9371,8252.1,0.0414,2,0
34.1902,0.123860,59.997238,0.006106,0.0000,0.9424,8256.7,0.0455,2,0
34.2363,0.123945,59.997235,0.006106,0.0000,0.9424,8264.3,0.0494,2,0
34.2817,0.124029,59.997232,0.006106,0.0000,0.9461,8276.0,0.0532,2,0
34.3275,0.124114,59.997229,0.006106,0.0000,0.9461,8285.6,0.0570,2,0
34.3754,0.124199,59.997226,0.006106,0.0000,0.9461,8282.8,0.0606,2,0
34.4201,0.124284,59.997223,0.006105,0.0000,0.9461,8291.1,0.0639,2,0
34.4654,0.124369,59.997220,0.006105,0.0000,0.9461,8303.3,0.0672,2,0
34.5105,0.124454,59.997217,0.006105,0.0000,0.9461,8312.2,0.0701,2,0
34.5566,0.124539,59.997214,0.006105,0.0000,0.9461,8315.9,0.0726,2,0
34.6021,0.124624,59.997211,0.006105,0.0000,0.9461,8321.7,0.0747,2,0
34.6475,0.124710,59.997208,0.006104,0.0000,0.9451,8329.5,0.0764,2,0
34.6914,0.124795,59.997205,0.006104,0.0000,0.9451,8340.3,0.0774,2,0
34.7341,0.124881,59.997202,0.006104,0.0000,0.9451,8358.6,0.0776,2,0
34.7786,0.124967,59.997199,0.006103,0.0000,0.9451,8371.5,0.0770,2,0
34.8228,0.125053,59.997196,0.006103,0.0000,0.9451,8381.5,0.0760,2,0
34.8674,0.125139,59.997193,0.006103,0.0000,0.9451,8387.3,0.0745,2,0
34.9105,0.125225,59.997190,0.006103,0.0000,0.9451,8401.9,0.0728,2,0
34.9560,0.125311,59.997186,0.006102,0.0000,0.9451,8413.8,0.0707,2,0
35.0024,0.125397,59.997183,0.006102,0.0000,0.9451,8420.9,0.0691,2,0
35.0459,0.125484,59.997179,0.006101,0.0000,0.9451,8430.1,0.0679,2,0
35.0901,0.125570,59.997176,0.006101,0.0000,0.9451,8451.6,0.0669,2,0
35.1332,0.125657,59.997172,0.006100,0.0000,0.9451,8461.8,0.0663,2,0
35.1802,0.125744,59.997168,0.006100,0.0000,0.9451,8463.8,0.0662,2,0
35.2240,0.125831,59.997165,0.006100,0.0000,0.9451,8476.9,0.0667,2,0
35.2667,0.125918,59.997161,0.006099,0.0000,0.9461,8492.0,0.0675,2,0
35.3107,0.126005,59.997158,0.006099,0.0000,0.9461,8498.0,0.0684,2,0
35.3539,0.126092,59.997154,0.006098,0.0000,0.9471,8504.6,0.0693,2,0
35.3983,0.126179,59.997151,0.006098,0.0000,0.9471,8506.3,0.0700,2,0
35.4417,0.126267,59.997148,0.006097,0.0000,0.9488,8515.8,0.0706,2,0
35.4824,0.126354,59.997145,0.006097,0.0000,0.9488,8536.2,0.0709,2,0
35.5236,0.126442,59.997142,0.006096,0.0000,0.9541,8556.8,0.0708,2,0
35.5653,0.126529,59.997139,0.006095,0.0000,0.9541,8571.2,0.0699,2,0
35.6095,0.126617,59.997136,0.006095,0.0000,0.9588,8571.6,0.0684,2,0
35.6535,0.126705,59.997133,0.006094,0.0000,0.9588,8576.8,0.0665,2,0
35.6947,0.126793,59.997130,0.006094,0.0000,0.9671,8597.3,0.0643,2,0
35.7355,0.126881,59.997127,0.006093,0.0000,0.9671,8618.9,0.0618,2,0
35.7776,0.126970,59.997124,0.006092,0.0000,0.9758,8630.0,0.0589,2,0
35.8209,0.127058,59.997121,0.006092,0.0000,0.9758,8636.9,0.0557,2,0
35.8620,0.127146,59.997118,0.006091,0.0000,0.9858,8654.7,0.0524,2,0
35.9027,0.127235,59.997115,0.006090,0.0000,0.9858,8673.0,0.0492,2,0
35.9439,0.127324,59.997112,0.006089,0.0000,0.9957,8691.1,0.0464,2,0
35.9854,0.127412,59.997108,0.006089,0.0000,0.9957,8708.7,0.0436,2,0
36.0275,0.127501,59.997105,0.006088,0.0000,1.0000,8727.0,0.0411,2,0
36.0701,0.127590,59.997102,0.006087,0.0000,1.0000,8737.8,0.0391,2,0
36.1111,0.127679,59.997099,0.006087,0.0000,1.0000,8746.6,0.0376,2,0
36.1557,0.127769,59.997096,0.006086,0.0000,1.0000,8749.4,0.0367,2,0
36.1984,0.127858,59.997093,0.006085,0.0000,1.0000,8759.6,0.0364,2,0
36.2402,0.127947,59.997090,0.006084,0.0000,1.0000,8770.2,0.0365,2,0
36.2799,0.128037,59.997086,0.006083,0.0000,1.0000,8783.2,0.0371,2,0
36.3214,0.128126,59.997083,0.006082,0.0000,1.0000,8794.3,0.0378,2,0
36.3630,0.128216,59.997080,0.006081,0.0000,1.0000,8799.7,0.0389,2,0
36.4078,0.128306,59.997076,0.006081,0.0000,1.0000,8796.8,0.0404,2,0
36.4468,0.128396,59.997073,0.006080,0.0000,1.0000,8811.8,0.0423,2,0
36.4864,0.128486,59.997070,0.006079,0.0000,1.0000,8827.8,0.0444,2,0
36.5294,0.128576,59.997067,0.006078,0.0000,1.0000,8826.2,0.0465,2,0
36.5732,0.128666,59.997063,0.006077,0.0000,1.0000,8819.0,0.0486,2,0
36.6138,0.128756,59.997060,0.006076,0.0000,1.0000,8824.4,0.0509,2,0
36.6538,0.128847,59.997057,0.006075,0.0000,1.0000,8832.8,0.0533,2,0
36.6949,0.128937,59.997054,0.006074,0.0000,1.0000,8837.5,0.0555,2,0
36.7361,0.129028,59.997051,0.006073,0.0000,1.0000,8841.5,0.0574,2,0
36.7765,0.129118,59.997048,0.006072,0.0000,1.0000,8848.6,0.0593,2,0
36.8163,0.129209,59.997045,0.006071,0.0000,1.0000,8852.8,0.0609,2,0
36.8576,0.129300,59.997042,0.006069,0.0000,1.0000,8853.9,0.0623,2,0
36.8971,0.129391,59.997039,0.006068,0.0000,1.0000,8863.2,0.0636,2,0
36.9365,0.129482,59.997036,0.006067,0.0000,1.0000,8874.1,0.0646,2,0
36.9751,0.129574,59.997033,0.006066,0.0000,1.0000,8881.9,0.0653,2,0
37.0158,0.129665,59.997030,0.006065,0.0000,1.0000,8882.3,0.0656,2,0
37.0553,0.129756,59.997026,0.006064,0.0000,1.0000,8883.4,0.0656,2,0
37.0938,0.129848,59.997023,0.006063,0.0000,1.0000,8894.3,0.0655,2,0
37.1330,0.129939,59.997019,0.006061,0.0000,1.0000,8902.0,0.0654,2,0
37.1731,0.130031,59.997016,0.006060,0.0000,1.0000,8907.2,0.0653,2,0
37.2126,0.130123,59.997012,0.006059,0.0000,1.0000,8912.6,0.0652,2,0
37.2507,0.130215,59.997008,0.006058,0.0000,1.0000,8921.7,0.0653,2,0
37.2880,0.130307,59.997005,0.006056,0.0000,1.0000,8932.9,0.0658,2,0
37.3253,0.130399,59.997001,0.006055,0.0000,1.0000,8944.9,0.0668,2,0
37.3650,0.130491,59.996998,0.006054,0.0000,1.0000,8949.6,0.0683,2,0
37.4037,0.130583,59.996994,0.006053,0.0000,1.0000,8954.3,0.0702,2,0
37.4427,0.130675,59.996991,0.006051,0.0000,1.0000,8956.8,0.0724,2,0
37.4809,0.130768,59.996987,0.006050,0.0000,1.0000,8957.4,0.0749,2,0
37.5181,0.130860,59.996984,0.006048,0.0000,1.0000,8961.7,0.0774,2,0
37.5549,0.130953,59.996980,0.006047,0.0000,1.0000,8969.1,0.0800,2,0
37.5903,0.131046,59.996977,0.006046,0.0000,1.0000,8979.4,0.0823,2,0
37.6253,0.131139,59.996974,0.006044,0.0000,1.0000,8988.1,0.0842,2,0
37.6617,0.131231,59.996970,0.006043,0.0000,1.0000,8994.2,0.0857,2,0
37.6978,0.131324,59.996967,0.006041,0.0000,1.0000,9000.6,0.0866,2,0
37.7320,0.131418,59.996963,0.006040,0.0000,1.0000,9011.7,0.0872,2,0
37.7659,0.131511,59.996960,0.006039,0.0000,1.0000,9026.1,0.0873,2,0
37.7992,0.131604,59.996957,0.006037,0.0000,1.0000,9041.1,0.0870,2,0
37.8328,0.131697,59.996954,0.006036,0.0000,1.0000,9053.9,0.0863,2,0
37.8665,0.131791,59.996951,0.006034,0.0000,1.0000,9062.9,0.0854,2,0
37.8996,0.131884,59.996948,0.006032,0.0000,1.0000,9075.3,0.0845,2,0
37.9333,0.131978,59.996945,0.006031,0.0000,1.0000,9088.0,0.0837,2,0
37.9657,0.132071,59.996942,0.006029,0.0000,1.0000,9101.4,0.0831,2,0
37.9969,0.132165,59.996939,0.006028,0.0000,1.0000,9114.2,0.0824,2,0
38.0290,0.132259,59.996936,0.006026,0.0000,1.0000,9124.9,0.0817,2,0
38.0624,0.132353,59.996933,0.006025,0.0000,1.0000,9134.2,0.0812,2,0
38.0944,0.132447,59.996930,0.006023,0.0000,1.0000,9147.4,0.0810,2,0
38.1260,0.132541,59.996927,0.006021,0.0000,1.0000,9158.5,0.0809,2,0
38.1586,0.132635,59.996923,0.006020,0.0000,0.9768,9165.6,0.0809,2,0
38.1896,0.132729,59.996919,0.006018,0.0000,0.9768,9180.9,0.0809,2,0
38.2038,0.132823,59.996916,0.006016,0.0000,0.0000,9148.3,0.0811,2,0
38.1900,0.132917,59.996913,0.006014,0.0000,0.0000,9098.7,0.0814,2,0
38.1703,0.133012,59.996909,0.006013,0.0000,0.0000,9049.3,0.0819,2,0
38.1508,0.133106,59.996906,0.006011,0.0000,0.0000,9000.1,0.0824,2,0
38.1398,0.133200,59.996902,0.006009,0.0000,0.0000,8528.1,0.0828,3,0
38.1909,0.133294,59.996899,0.006008,0.0000,0.0000,7638.9,0.0830,3,0
38.2445,0.133388,59.996895,0.006006,0.0000,0.8992,7469.6,0.0830,3,0
38.2773,0.133483,59.996892,0.006004,0.0000,0.8992,7417.0,0.0829,3,0
38.3010,0.133577,59.996888,0.006002,0.0000,0.8962,7449.7,0.0828,3,0
38.3293,0.133672,59.996885,0.006000,0.0000,0.8962,7460.6,0.0827,3,0
38.3590,0.133766,59.996881,0.005998,0.0000,0.8962,7466.8,0.0827,3,0
38.3869,0.133861,59.996877,0.005996,0.0000,0.8962,7476.4,0.0829,3,0
38.4153,0.133956,59.996874,0.005994,0.0000,0.8962,7486.4,0.0836,3,0
38.4442,0.134051,59.996870,0.005992,0.0000,0.8962,7492.1,0.0847,3,0
38.4733,0.134145,59.996867,0.005990,0.0000,0.8962,7498.0,0.0860,3,0
38.5032,0.134240,59.996863,0.005989,0.0000,0.8962,7499.5,0.0876,3,0
38.5316,0.134335,59.996860,0.005987,0.0000,0.8962,7503.6,0.0894,3,0
38.5600,0.134431,59.996857,0.005985,0.0000,0.8962,7507.1,0.0917,3,0
38.5878,0.134526,59.996854,0.005982,0.0000,0.8962,7516.1,0.0942,3,0
38.6150,0.134621,59.996851,0.005980,0.0000,0.8962,7526.4,0.0970,3,0
38.6427,0.134716,59.996848,0.005978,0.0000,0.8962,7531.6,0.0998,3,0
38.6709,0.134812,59.996845,0.005976,0.0000,0.8962,7533.9,0.1025,3,0
38.6978,0.134907,59.996842,0.005974,0.0000,0.8945,7540.8,0.1053,3,0
38.7241,0.135003,59.996839,0.005972,0.0000,0.8945,7549.2,0.1080,3,0
38.7498,0.135098,59.996836,0.005970,0.0000,0.8892,7558.3,0.1104,3,0
38.7762,0.135194,59.996833,0.005968,0.0000,0.8892,7563.2,0.1125,3,0
38.8028,0.135290,59.996830,0.005966,0.0000,0.8820,7565.0,0.1140,3,0
38.8292,0.135385,59.996827,0.005963,0.0000,0.8820,7566.7,0.1152,3,0
38.8557,0.135481,59.996823,0.005961,0.0000,0.8748,7568.3,0.1162,3,0
38.8811,0.135577,59.996820,0.005959,0.0000,0.8748,7575.1,0.1170,3,0
38.9057,0.135673,59.996816,0.005957,0.0000,0.8710,7585.3,0.1175,3,0
38.9296,0.135769,59.996813,0.005954,0.0000,0.8710,7592.9,0.1177,3,0
38.9519,0.135865,59.996810,0.005952,0.0000,0.8710,7600.3,0.1178,3,0
38.9734,0.135961,59.996806,0.005950,0.0000,0.8710,7611.7,0.1176,3,0
38.9958,0.136057,59.996803,0.005948,0.0000,0.8703,7624.9,0.1172,3,0
39.0176,0.136154,59.996799,0.005945,0.0000,0.8703,7638.9,0.1167,3,0
39.0404,0.136250,59.996796,0.005943,0.0000,0.8703,7648.8,0.1161,3,0
39.0639,0.136346,59.996793,0.005941,0.0000,0.8703,7654.4,0.1154,3,0
39.0889,0.136443,59.996790,0.005938,0.0000,0.8710,7655.5,0.1149,3,0
39.1128,0.136539,59.996787,0.005936,0.0000,0.8710,7662.2,0.1147,3,0
39.1356,0.136636,59.996784,0.005933,0.0000,0.8703,7672.6,0.1146,3,0
39.1593,0.136732,59.996780,0.005931,0.0000,0.8703,7679.9,0.1146,3,0
39.1827,0.136829,59.996777,0.005928,0.0000,0.6365,7687.5,0.1149,3,0
39.2045,0.136926,59.996774,0.005926,0.0000,0.6365,7666.6,0.1155,3,0
39.2222,0.137022,59.996771,0.005923,0.0000,0.8703,7660.4,0.1164,3,0
39.2385,0.137119,59.996768,0.005921,0.0000,0.8703,7697.3,0.1173,3,0
39.2552,0.137216,59.996765,0.005918,0.0000,0.8703,7673.8,0.1181,3,0
39.2693,0.137313,59.996762,0.005916,0.0000,0.8703,7696.3,0.1186,3,0
39.2859,0.137410,59.996758,0.005913,0.0000,0.8703,7688.4,0.1188,3,0
39.2993,0.137507,59.996755,0.005910,0.0000,0.8703,7693.8,0.1189,3,0
39.3157,0.137604,59.996751,0.005908,0.0000,0.8703,7706.5,0.1185,3,0
39.3300,0.137701,59.996747,0.005905,0.0000,0.8703,7702.0,0.1179,3,0
39.3450,0.137798,59.996744,0.005902,0.0000,0.8703,7704.5,0.1171,3,0
39.3587,0.137895,59.996741,0.005900,0.0000,0.8703,7713.4,0.1163,3,0
39.3748,0.137992,59.996737,0.005897,0.0000,0.8703,7696.8,0.1157,3,0
39.3886,0.138089,59.996733,0.005895,0.0000,0.8703,7727.6,0.1152,3,0
39.4039,0.138186,59.996730,0.005892,0.0000,0.8703,7711.9,0.1149,3,0
39.4179,0.138283,59.996727,0.005889,0.0000,0.8703,7741.4,0.1145,3,0
39.4329,0.138381,59.996724,0.005886,0.0000,0.6356,7709.8,0.1143,3,0
39.4482,0.138478,59.996721,0.005883,0.0000,0.6356,7732.1,0.1142,3,0
39.4631,0.138575,59.996718,0.005881,0.0000,0.6356,7727.5,0.1142,3,0
39.4756,0.138673,59.996715,0.005878,0.0000,0.6356,7738.3,0.1140,3,0
39.4878,0.138770,59.996712,0.005875,0.0000,0.6351,7751.6,0.1136,3,0
39.5002,0.138868,59.996709,0.005872,0.0000,0.6351,7731.4,0.1127,3,0
39.5121,0.138965,59.996706,0.005869,0.0000,0.6356,7748.7,0.1115,3,0
39.5229,0.139062,59.996703,0.005866,0.0000,0.6356,7745.5,0.1100,3,0
39.5318,0.139160,59.996700,0.005864,0.0000,0.6356,7760.9,0.1078,3,0
39.5423,0.139258,59.996697,0.005861,0.0000,0.6356,7743.2,0.1052,3,0
39.5530,0.139355,59.996693,0.005858,0.0000,0.6351,7745.0,0.1022,3,0
39.5617,0.139453,59.996690,0.005855,0.0000,0.6351,7755.4,0.0987,3,0
39.5710,0.139550,59.996686,0.005852,0.0000,0.8690,7757.3,0.0946,3,0
39.5806,0.139648,59.996683,0.005849,0.0000,0.8690,7770.1,0.0899,3,0
39.5892,0.139746,59.996680,0.005846,0.0000,0.6365,7756.9,0.0845,3,0
39.5975,0.139843,59.996676,0.005843,0.0000,0.6365,7764.8,0.0782,3,0
39.6051,0.139941,59.996673,0.005840,0.0000,0.6385,7780.3,0.0712,3,0
39.6142,0.140039,59.996669,0.005837,0.0000,0.6385,7765.5,0.0638,3,0
39.6226,0.140136,59.996666,0.005834,0.0000,0.6411,7779.1,0.0559,3,0
39.6299,0.140234,59.996663,0.005831,0.0000,0.6411,7774.3,0.0476,3,0
39.6388,0.140332,59.996660,0.005827,0.0000,0.6477,7769.6,0.0391,3,0
39.6484,0.140430,59.996657,0.005824,0.0000,0.6477,7779.4,0.0304,3,0
39.6576,0.140527,59.996654,0.005821,0.0000,0.6555,7772.6,0.0220,3,0
39.6675,0.140625,59.996651,0.005818,0.0000,0.6555,7787.1,0.0137,3,0
39.6758,0.140723,59.996647,0.005815,0.0000,0.6650,7788.3,0.0059,3,0
39.6852,0.140821,59.996644,0.005812,0.0000,0.6650,7789.4,-0.0014,3,0
39.6950,0.140919,59.996641,0.005808,0.0000,0.6761,7788.9,-0.0080,3,0
39.7052,0.141017,59.996638,0.005805,0.0000,0.6761,7791.6,-0.0134,3,0
39.7161,0.141115,59.996635,0.005802,0.0000,0.6879,7793.6,-0.0178,3,0
39.7246,0.141213,59.996632,0.005799,0.0000,0.6879,7804.6,-0.0212,3,0
39.7349,0.141311,59.996629,0.005795,0.0000,0.7005,7812.1,-0.0233,3,0
39.7460,0.141409,59.996626,0.005792,0.0000,0.7005,7816.5,-0.0244,3,0
39.7576,0.141507,59.996623,0.005789,0.0000,0.7091,7821.3,-0.0242,3,0
39.7691,0.141605,59.996620,0.005785,0.0000,0.7091,7827.0,-0.0228,3,0
39.7806,0.141703,59.996617,0.005782,0.0000,0.7197,7835.8,-0.0205,3,0
39.7927,0.141801,59.996614,0.005778,0.0000,0.7197,7841.5,-0.0173,3,0
39.8051,0.141899,59.996611,0.005775,0.0000,0.7283,7845.2,-0.0133,3,0
39.8163,0.141998,59.996608,0.005772,0.0000,0.7283,7852.8,-0.0086,3,0
39.8284,0.142096,59.996605,0.005768,0.0000,0.7314,7857.8,-0.0034,3,0
39.8405,0.142194,59.996602,0.005765,0.0000,0.7314,7861.4,0.0021,3,0
39.8520,0.142292,59.996598,0.005761,0.0000,0.7314,7866.4,0.0079,3,0
39.8635,0.142391,59.996595,0.005758,0.0000,0.7314,7871.6,0.0137,3,0
39.8742,0.142489,59.996591,0.005754,0.0000,0.7314,7878.7,0.0195,3,0
39.8854,0.142587,59.996588,0.005751,0.0000,0.7314,7882.9,0.0253,3,0
39.8967,0.142686,59.996584,0.005747,0.0000,0.7314,7886.8,0.0309,3,0
39.9083,0.142784,59.996581,0.005744,0.0000,0.7314,7889.2,0.0361,3,0
39.9204,0.142883,59.996577,0.005740,0.0000,0.7314,7888.8,0.0411,3,0
39.9318,0.142981,59.996573,0.005737,0.0000,0.7314,7890.9,0.0459,3,0
39.9434,0.143080,59.996570,0.005733,0.0000,0.7314,7892.6,0.0503,3,0
39.9546,0.143178,59.996567,0.005729,0.0000,0.7314,7894.2,0.0543,3,0
39.9655,0.143277,59.996564,0.005726,0.0000,0.7314,7897.8,0.0578,3,0
39.9764,0.143376,59.996561,0.005722,0.0000,0.7314,7899.7,0.0607,3,0
39.9869,0.143474,59.996558,0.005718,0.0000,0.7314,7905.9,0.0629,3,0
39.9975,0.143573,59.996555,0.005715,0.0000,0.7314,7910.2,0.0648,3,0
40.0085,0.143671,59.996552,0.005711,0.0000,0.7314,7913.2,0.0657,3,0
40.0196,0.143770,59.996549,0.005707,0.0000,0.7314,7915.8,0.0657,3,0
40.0304,0.143869,59.996546,0.005703,0.0000,0.7314,7918.2,0.0648,3,0
40.0408,0.143968,59.996543,0.005700,0.0000,0.7314,7921.7,0.0631,3,0
40.0518,0.144066,59.996540,0.005696,0.0000,0.7314,7924.8,0.0608,3,0
40.0633,0.144165,59.996537,0.005692,0.0000,0.7314,7925.8,0.0579,3,0
40.0745,0.144264,59.996535,0.005688,0.0000,0.7314,7928.9,0.0541,3,0
40.0863,0.144363,59.996532,0.005684,0.0000,0.7314,7929.4,0.0496,3,0
40.0977,0.144462,59.996529,0.005680,0.0000,0.7314,7930.6,0.0447,3,0
40.1093,0.144561,59.996527,0.005677,0.0000,0.7314,7932.8,0.0394,3,0
40.1211,0.144660,59.996524,0.005673,0.0000,0.7314,7934.3,0.0339,3,0
40.1322,0.144759,59.996521,0.005669,0.0000,0.7314,7938.4,0.0280,3,0
40.1434,0.144858,59.996518,0.005665,0.0000,0.7314,7940.6,0.0217,3,0
40.1545,0.144957,59.996516,0.005661,0.0000,0.7314,7943.5,0.0149,3,0
40.1654,0.145056,59.996513,0.005657,0.0000,0.7314,7948.0,0.0081,3,0
40.1774,0.145155,59.996510,0.005653,0.0000,0.7314,7949.3,0.0008,3,0
40.1881,0.145254,59.996507,0.005649,0.0000,0.7314,7955.8,-0.0071,3,0
40.2002,0.145353,59.996504,0.005645,0.0000,0.7314,7958.7,-0.0157,3,0
40.2119,0.145452,59.996501,0.005641,0.0000,0.7314,7961.2,-0.0246,3,0
40.2235,0.145552,59.996498,0.005637,0.0000,0.7314,7965.3,-0.0337,3,0
40.2362,0.145651,59.996495,0.005633,0.0000,0.7314,7966.5,-0.0428,3,0
40.2485,0.145750,59.996492,0.005629,0.0000,0.7314,7969.5,-0.0522,3,0
40.2618,0.145849,59.996489,0.005625,0.0000,0.7314,7971.3,-0.0619,3,0
40.2749,0.145949,59.996486,0.005621,0.0000,0.7314,7972.4,-0.0715,3,0
40.2878,0.146048,59.996483,0.005617,0.0000,0.7314,7975.4,-0.0811,3,0
40.3013,0.146148,59.996480,0.005612,0.0000,0.7314,7976.3,-0.0905,3,0
40.3147,0.146247,59.996477,0.005608,0.0000,0.7314,7979.6,-0.0999,3,0
40.3295,0.146347,59.996474,0.005604,0.0000,0.7314,7981.8,-0.1089,3,0
40.3459,0.146446,59.996471,0.005600,0.0000,0.7314,7981.9,-0.1173,3,0
40.3597,0.146546,59.996467,0.005595,0.0000,0.7314,7985.3,-0.1247,3,0
40.3746,0.146645,59.996464,0.005591,0.0000,0.7314,7983.9,-0.1311,3,0
40.3882,0.146745,59.996461,0.005587,0.0000,0.7314,7985.2,-0.1361,3,0
40.4011,0.146844,59.996458,0.005583,0.0000,0.7314,7985.6,-0.1394,3,0
40.4143,0.146944,59.996455,0.005579,0.0000,0.7314,7982.4,-0.1412,3,0
40.4270,0.147044,59.996452,0.005574,0.0000,0.7314,7984.5,-0.1413,3,0
40.4407,0.147144,59.996449,0.005570,0.0000,0.7314,7985.0,-0.1397,3,0
40.4541,0.147243,59.996446,0.005566,0.0000,0.7314,7987.2,-0.1368,3,0
40.4670,0.147343,59.996442,0.005561,0.0000,0.7314,7989.3,-0.1325,3,0
40.4815,0.147443,59.996439,0.005557,0.0000,0.7314,7980.0,-0.1271,3,0
40.4968,0.147543,59.996436,0.005552,0.0000,0.7314,7971.4,-0.1209,3,0
40.5120,0.147643,59.996433,0.005548,0.0000,0.7314,7962.9,-0.1139,3,0
40.5269,0.147743,59.996430,0.005544,0.0000,0.7314,7957.4,-0.1061,3,0
40.5415,0.147843,59.996426,0.005539,0.0000,0.7314,7949.7,-0.0980,3,0
40.5590,0.147943,59.996423,0.005535,0.0000,0.7314,7930.5,-0.0896,3,0
40.5770,0.148043,59.996420,0.005531,0.0000,1.0000,7943.8,-0.0812,3,0
40.5947,0.148143,59.996417,0.005526,0.0000,1.0000,7959.9,-0.0724,3,0
40.6153,0.148243,59.996415,0.005522,0.0000,1.0000,7952.5,-0.0637,3,0
40.6322,0.148343,59.996412,0.005517,0.0000,1.0000,7970.5,-0.0551,3,0
40.6531,0.148444,59.996410,0.005512,0.0000,1.0000,7938.3,-0.0464,3,0
40.6743,0.148544,59.996408,0.005508,0.0000,1.0000,7983.4,-0.0377,3,0
40.6989,0.148644,59.996405,0.005503,0.0000,1.0000,7939.5,-0.0290,3,0
40.7221,0.148745,59.996403,0.005499,0.0000,1.0000,7976.9,-0.0205,3,0
40.7479,0.148845,59.996400,0.005494,0.0000,0.7314,7998.1,-0.0125,3,0
40.7764,0.148946,59.996398,0.005490,0.0000,0.7314,7936.6,-0.0055,3,0
40.8024,0.149047,59.996395,0.005485,0.0000,1.0000,7962.1,0.0007,3,0
40.8322,0.149147,59.996392,0.005481,0.0000,1.0000,7969.7,0.0058,3,0
40.8642,0.149248,59.996390,0.005476,0.0000,1.0000,7970.2,0.0096,3,0
40.8976,0.149349,59.996387,0.005471,0.0000,1.0000,7966.6,0.0119,3,0
40.9327,0.149450,59.996385,0.005466,0.0000,1.0000,7954.6,0.0130,3,0
40.9683,0.149551,59.996383,0.005462,0.0000,1.0000,7942.8,0.0133,3,0
41.0066,0.149652,59.996380,0.005457,0.0000,1.0000,7923.7,0.0131,3,0
41.0427,0.149753,59.996378,0.005452,0.0000,1.0000,7918.0,0.0131,3,0
41.0753,0.149855,59.996375,0.005448,0.0000,1.0000,7920.9,0.0137,3,0
41.1082,0.149956,59.996372,0.005443,0.0000,1.0000,7921.6,0.0145,3,0
41.1418,0.150057,59.996370,0.005438,0.0000,1.0000,7918.5,0.0159,3,0
41.1758,0.150159,59.996367,0.005433,0.0000,1.0000,7913.3,0.0179,3,0
41.2094,0.150261,59.996364,0.005429,0.0000,1.0000,7914.3,0.0206,3,0
41.2423,0.150362,59.996360,0.005424,0.0000,1.0000,7917.1,0.0235,3,0
41.2764,0.150464,59.996357,0.005419,0.0000,1.0000,7913.9,0.0267,3,0
41.3103,0.150566,59.996354,0.005414,0.0000,1.0000,7910.4,0.0300,3,0
41.3431,0.150668,59.996351,0.005409,0.0000,1.0000,7912.2,0.0333,3,0
41.3762,0.150770,59.996348,0.005404,0.0000,1.0000,7915.1,0.0366,3,0
41.4100,0.150872,59.996344,0.005400,0.0000,1.0000,7914.9,0.0397,3,0
41.4430,0.150974,59.996341,0.005395,0.0000,1.0000,7917.4,0.0425,3,0
41.4755,0.151077,59.996338,0.005390,0.0000,1.0000,7919.7,0.0448,3,0
41.5078,0.151179,59.996335,0.005385,0.0000,1.0000,7923.5,0.0468,3,0
41.5410,0.151282,59.996332,0.005380,0.0000,1.0000,7925.4,0.0483,3,0
41.5745,0.151384,59.996330,0.005375,0.0000,1.0000,7926.6,0.0495,3,0
41.6060,0.151487,59.996327,0.005370,0.0000,1.0000,7936.0,0.0501,3,0
41.6371,0.151589,59.996324,0.005365,0.0000,1.0000,7942.8,0.0503,3,0
41.6686,0.151692,59.996321,0.005360,0.0000,1.0000,7948.0,0.0503,3,0
41.7008,0.151795,59.996318,0.005355,0.0000,1.0000,7954.1,0.0500,3,0
41.7323,0.151898,59.996316,0.005350,0.0000,1.0000,7963.1,0.0494,3,0
41.7625,0.152001,59.996313,0.005345,0.0000,1.0000,7974.8,0.0484,3,0
41.7934,0.152104,59.996310,0.005340,0.0000,1.0000,7982.0,0.0471,3,0
41.8236,0.152207,59.996307,0.005335,0.0000,1.0000,7992.8,0.0456,3,0
41.8541,0.152311,59.996305,0.005330,0.0000,1.0000,8003.3,0.0440,3,0
41.8863,0.152414,59.996302,0.005325,0.0000,1.0000,8007.6,0.0423,3,0
41.9173,0.152517,59.996300,0.005320,0.0000,1.0000,8019.1,0.0404,3,0
41.9461,0.152621,59.996297,0.005315,0.0000,1.0000,8035.1,0.0386,3,0
41.9778,0.152724,59.996294,0.005310,0.0000,1.0000,8038.5,0.0369,3,0
42.0099,0.152828,59.996292,0.005305,0.0000,1.0000,8044.4,0.0356,3,0
42.0416,0.152932,59.996289,0.005300,0.0000,1.0000,8054.2,0.0347,3,0
42.0727,0.153035,59.996287,0.005295,0.0000,1.0000,8063.9,0.0341,3,0
42.1050,0.153139,59.996284,0.005290,0.0000,1.0000,8068.5,0.0339,3,0
42.1381,0.153243,59.996281,0.005285,0.0000,1.0000,8068.4,0.0341,3,0
42.1701,0.153347,59.996278,0.005280,0.0000,1.0000,8074.6,0.0347,3,0
42.2035,0.153451,59.996275,0.005275,0.0000,1.0000,8075.7,0.0356,3,0
42.2361,0.153555,59.996272,0.005270,0.0000,1.0000,8079.4,0.0367,3,0
42.2694,0.153660,59.996269,0.005264,0.0000,1.0000,8076.8,0.0377,3,0
42.3022,0.153764,59.996266,0.005259,0.0000,1.0000,8076.1,0.0388,3,0
42.3340,0.153868,59.996263,0.005254,0.0000,1.0000,8080.6,0.0400,3,0
42.3661,0.153973,59.996260,0.005249,0.0000,1.0000,8083.3,0.0411,3,0
42.3981,0.154077,59.996257,0.005244,0.0000,1.0000,8086.2,0.0420,3,0
42.4304,0.154182,59.996254,0.005239,0.0000,1.0000,8086.2,0.0427,3,0
42.4617,0.154287,59.996251,0.005234,0.0000,1.0000,8087.6,0.0430,3,0
42.4929,0.154392,59.996249,0.005228,0.0000,1.0000,8091.3,0.0432,3,0
42.5237,0.154497,59.996246,0.005223,0.0000,1.0000,8096.2,0.0430,3,0
42.5535,0.154601,59.996243,0.005218,0.0000,1.0000,8105.3,0.0425,3,0
42.5843,0.154707,59.996240,0.005213,0.0000,1.0000,8109.5,0.0415,3,0
42.6150,0.154812,59.996238,0.005207,0.0000,1.0000,8114.0,0.0404,3,0
42.6444,0.154917,59.996235,0.005202,0.0000,1.0000,8127.1,0.0392,3,0
42.6739,0.155022,59.996232,0.005197,0.0000,1.0000,8139.4,0.0381,3,0
42.7043,0.155127,59.996230,0.005192,0.0000,1.0000,8148.1,0.0367,3,0
42.7342,0.155233,59.996227,0.005187,0.0000,1.0000,8156.8,0.0355,3,0
42.7635,0.155338,59.996224,0.005181,0.0000,1.0000,8168.7,0.0342,3,0
42.7926,0.155444,59.996222,0.005176,0.0000,1.0000,8183.5,0.0332,3,0
42.8236,0.155549,59.996219,0.005171,0.0000,1.0000,8190.0,0.0323,3,0
42.8541,0.155655,59.996216,0.005165,0.0000,1.0000,8198.6,0.0314,3,0
42.8840,0.155761,59.996213,0.005160,0.0000,1.0000,8206.7,0.0306,3,0
42.9147,0.155867,59.996211,0.005155,0.0000,1.0000,8212.1,0.0300,3,0
42.9462,0.155973,59.996208,0.005149,0.0000,1.0000,8216.5,0.0296,3,0
42.9784,0.156079,59.996205,0.005144,0.0000,1.0000,8218.7,0.0292,3,0
43.0092,0.156185,59.996203,0.005139,0.0000,1.0000,8225.4,0.0289,3,0
43.0407,0.156291,59.996200,0.005133,0.0000,1.0000,8226.9,0.0286,3,0
43.0724,0.156397,59.996197,0.005128,0.0000,1.0000,8228.7,0.0285,3,0
43.1044,0.156504,59.996195,0.005122,0.0000,1.0000,8231.4,0.0285,3,0
43.1363,0.156610,59.996192,0.005117,0.0000,1.0000,8235.6,0.0286,3,0
43.1677,0.156716,59.996190,0.005112,0.0000,1.0000,8239.8,0.0287,3,0
43.1995,0.156823,59.996187,0.005106,0.0000,1.0000,8240.7,0.0287,3,0
43.2314,0.156930,59.996184,0.005101,0.0000,1.0000,8242.1,0.0287,3,0
43.2638,0.157036,59.996182,0.005095,0.0000,1.0000,8242.6,0.0287,3,0
43.2956,0.157143,59.996179,0.005090,0.0000,1.0000,8245.9,0.0287,3,0
43.3270,0.157250,59.996177,0.005084,0.0000,1.0000,8249.6,0.0282,3,0
43.3586,0.157357,59.996174,0.005079,0.0000,1.0000,8251.5,0.0274,3,0
43.3900,0.157464,59.996171,0.005074,0.0000,1.0000,8253.8,0.0263,3,0
43.4216,0.157571,59.996169,0.005068,0.0000,1.0000,8257.9,0.0248,3,0
43.4525,0.157678,59.996166,0.005063,0.0000,1.0000,8263.7,0.0229,3,0
43.4835,0.157785,59.996163,0.005057,0.0000,1.0000,8268.8,0.0205,3,0
43.5143,0.157893,59.996161,0.005051,0.0000,1.0000,8272.2,0.0179,3,0
43.5459,0.158000,59.996158,0.005046,0.0000,1.0000,8273.6,0.0152,3,0
43.5769,0.158108,59.996155,0.005040,0.0000,1.0000,8279.1,0.0124,3,0
43.6079,0.158215,59.996152,0.005035,0.0000,1.0000,8284.1,0.0095,3,0
43.6379,0.158323,59.996150,0.005029,0.0000,1.0000,8291.5,0.0066,3,0
43.6688,0.158431,59.996147,0.005024,0.0000,1.0000,8294.1,0.0038,3,0
43.7002,0.158538,59.996144,0.005018,0.0000,1.0000,8296.7,0.0009,3,0
43.7309,0.158646,59.996141,0.005013,0.0000,1.0000,8303.2,-0.0018,3,0
43.7618,0.158754,59.996138,0.005007,0.0000,1.0000,8309.2,-0.0046,3,0
43.7923,0.158862,59.996135,0.005002,0.0000,1.0000,8312.7,-0.0071,3,0
43.8238,0.158970,59.996132,0.004996,0.0000,1.0000,8312.5,-0.0096,3,0
43.8551,0.159078,59.996129,0.004991,0.0000,1.0000,8314.8,-0.0121,3,0
43.8862,0.159187,59.996126,0.004985,0.0000,1.0000,8319.2,-0.0145,3,0
43.9160,0.159295,59.996123,0.004979,0.0000,1.0000,8328.4,-0.0167,3,0
43.9457,0.159403,59.996120,0.004974,0.0000,1.0000,8335.9,-0.0190,3,0
43.9753,0.159512,59.996117,0.004968,0.0000,1.0000,8343.4,-0.0212,3,0
44.0058,0.159620,59.996114,0.004963,0.0000,1.0000,8349.4,-0.0234,3,0
44.0363,0.159729,59.996112,0.004957,0.0000,1.0000,8356.5,-0.0254,3,0
44.0660,0.159838,59.996109,0.004952,0.0000,1.0000,8365.7,-0.0273,3,0
44.0955,0.159946,59.996106,0.004946,0.0000,1.0000,8373.9,-0.0291,3,0
44.1257,0.160055,59.996104,0.004940,0.0000,1.0000,8380.9,-0.0309,3,0
44.1556,0.160164,59.996101,0.004935,0.0000,1.0000,8388.7,-0.0326,3,0
44.1856,0.160273,59.996098,0.004929,0.0000,1.0000,8397.0,-0.0342,3,0
44.2154,0.160382,59.996095,0.004924,0.0000,1.0000,8405.2,-0.0356,3,0
44.2453,0.160491,59.996093,0.004918,0.0000,1.0000,8409.8,-0.0367,3,0
44.2753,0.160601,59.996090,0.004912,0.0000,1.0000,8415.0,-0.0378,3,0
44.3062,0.160710,59.996087,0.004907,0.0000,1.0000,8418.3,-0.0389,3,0
44.3364,0.160819,59.996085,0.004901,0.0000,1.0000,8424.2,-0.0397,3,0
44.3667,0.160929,59.996082,0.004896,0.0000,1.0000,8428.2,-0.0403,3,0
44.3965,0.161038,59.996079,0.004890,0.0000,1.0000,8432.1,-0.0409,3,0
44.4262,0.161148,59.996077,0.004884,0.0000,1.0000,8438.7,-0.0413,3,0
44.4562,0.161257,59.996074,0.004879,0.0000,1.0000,8445.6,-0.0418,3,0
44.4857,0.161367,59.996071,0.004873,0.0000,1.0000,8453.6,-0.0421,3,0
44.5153,0.161477,59.996068,0.004868,0.0000,1.0000,8459.0,-0.0423,3,0
44.5441,0.161587,59.996066,0.004862,0.0000,1.0000,8468.2,-0.0424,3,0
44.5733,0.161697,59.996063,0.004856,0.0000,1.0000,8476.3,-0.0426,3,0
44.6029,0.161807,59.996060,0.004851,0.0000,1.0000,8484.0,-0.0430,3,0
44.6319,0.161917,59.996057,0.004845,0.0000,1.0000,8493.0,-0.0434,3,0
44.6613,0.162027,59.996054,0.004840,0.0000,1.0000,8497.4,-0.0439,3,0
44.6901,0.162137,59.996051,0.004834,0.0000,1.0000,8503.9,-0.0447,3,0
44.7194,0.162247,59.996048,0.004829,0.0000,1.0000,8510.1,-0.0458,3,0
44.7483,0.162358,59.996045,0.004823,0.0000,1.0000,8519.3,-0.0471,3,0
44.7771,0.162468,59.996042,0.004817,0.0000,1.0000,8526.1,-0.0485,3,0
44.8062,0.162579,59.996039,0.004812,0.0000,1.0000,8529.9,-0.0498,3,0
44.8346,0.162689,59.996036,0.004806,0.0000,1.0000,8535.3,-0.0511,3,0
44.8638,0.162800,59.996033,0.004801,0.0000,1.0000,8542.3,-0.0524,3,0
44.8918,0.162911,59.996030,0.004795,0.0000,1.0000,8552.2,-0.0535,3,0
44.9202,0.163022,59.996027,0.004790,0.0000,1.0000,8559.5,-0.0541,3,0
44.9482,0.163132,59.996024,0.004784,0.0000,1.0000,8564.4,-0.0542,3,0
44.9764,0.163243,59.996021,0.004779,0.0000,1.0000,8571.2,-0.0541,3,0
45.0053,0.163354,59.996017,0.004773,0.0000,1.0000,8580.3,-0.0536,3,0
45.0326,0.163465,59.996014,0.004767,0.0000,1.0000,8590.8,-0.0526,3,0
45.0615,0.163577,59.996011,0.004762,0.0000,1.0000,8594.1,-0.0511,3,0
45.0893,0.163688,59.996008,0.004756,0.0000,1.0000,8600.8,-0.0492,3,0
45.1178,0.163799,59.996005,0.004751,0.0000,1.0000,8608.3,-0.0473,3,0
45.1469,0.163910,59.996002,0.004745,0.0000,1.0000,8615.5,-0.0453,3,0
45.1753,0.164022,59.995999,0.004740,0.0000,1.0000,8623.0,-0.0432,3,0
45.2049,0.164133,59.995997,0.004734,0.0000,1.0000,8624.0,-0.0412,3,0
45.2341,0.164245,59.995994,0.004729,0.0000,1.0000,8625.5,-0.0393,3,0
45.2638,0.164357,59.995991,0.004723,0.0000,1.0000,8628.5,-0.0376,3,0
45.2933,0.164468,59.995988,0.004718,0.0000,1.0000,8632.6,-0.0360,3,0
45.3229,0.164580,59.995986,0.004712,0.0000,1.0000,8632.6,-0.0346,3,0
45.3529,0.164692,59.995983,0.004707,0.0000,1.0000,8630.3,-0.0333,3,0
45.3824,0.164804,59.995980,0.004701,0.0000,1.0000,8632.0,-0.0322,3,0
45.4123,0.164916,59.995978,0.004696,0.0000,1.0000,8633.8,-0.0313,3,0
45.4420,0.165028,59.995975,0.004690,0.0000,1.0000,8635.5,-0.0306,3,0
45.4718,0.165140,59.995972,0.004685,0.0000,1.0000,8634.3,-0.0302,3,0
45.5004,0.165252,59.995969,0.004679,0.0000,1.0000,8637.7,-0.0302,3,0
45.5301,0.165365,59.995966,0.004674,0.0000,1.0000,8638.4,-0.0306,3,0
45.5592,0.165477,59.995963,0.004668,0.0000,1.0000,8643.0,-0.0314,3,0
45.5876,0.165589,59.995960,0.004663,0.0000,1.0000,8647.1,-0.0325,3,0
45.6162,0.165702,59.995957,0.004657,0.0000,1.0000,8648.5,-0.0339,3,0
45.6443,0.165815,59.995954,0.004652,0.0000,1.0000,8653.5,-0.0356,3,0
45.6725,0.165927,59.995951,0.004646,0.0000,1.0000,8659.6,-0.0375,3,0
45.7006,0.166040,59.995948,0.004641,0.0000,1.0000,8667.2,-0.0396,3,0
45.7282,0.166153,59.995945,0.004635,0.0000,1.0000,8673.3,-0.0416,3,0
45.7554,0.166266,59.995942,0.004630,0.0000,1.0000,8679.7,-0.0437,3,0
45.7831,0.166378,59.995939,0.004624,0.0000,1.0000,8686.2,-0.0458,3,0
45.8110,0.166491,59.995936,0.004619,0.0000,1.0000,8693.4,-0.0480,3,0
45.8385,0.166605,59.995933,0.004613,0.0000,1.0000,8700.7,-0.0500,3,0
45.8658,0.166718,59.995930,0.004608,0.0000,1.0000,8705.2,-0.0518,3,0
45.8929,0.166831,59.995926,0.004602,0.0000,1.0000,8710.7,-0.0534,3,0
45.9199,0.166944,59.995923,0.004597,0.0000,1.0000,8720.8,-0.0552,3,0
45.9469,0.167057,59.995920,0.004591,0.0000,1.0000,8730.1,-0.0568,3,0
45.9735,0.167171,59.995917,0.004586,0.0000,1.0000,8738.7,-0.0582,3,0
46.0006,0.167284,59.995914,0.004580,0.0000,1.0000,8742.5,-0.0596,3,0
46.0269,0.167398,59.995911,0.004575,0.0000,1.0000,8751.1,-0.0609,3,0
46.0536,0.167511,59.995907,0.004570,0.0000,1.0000,8762.9,-0.0622,3,0
46.0792,0.167625,59.995904,0.004564,0.0000,1.0000,8773.9,-0.0635,3,0
46.1060,0.167739,59.995900,0.004559,0.0000,1.0000,8779.0,-0.0647,3,0
46.1331,0.167853,59.995897,0.004553,0.0000,1.0000,8782.6,-0.0659,3,0
46.1594,0.167966,59.995894,0.004548,0.0000,1.0000,8791.1,-0.0673,3,0
46.1853,0.168080,59.995890,0.004542,0.0000,1.0000,8800.8,-0.0688,3,0
46.2111,0.168194,59.995887,0.004537,0.0000,1.0000,8809.9,-0.0699,3,0
46.2375,0.168308,59.995883,0.004532,0.0000,1.0000,8814.1,-0.0710,3,0
46.2628,0.168422,59.995880,0.004526,0.0000,1.0000,8820.5,-0.0719,3,0
46.2888,0.168537,59.995877,0.004521,0.0000,1.0000,8825.6,-0.0728,3,0
46.3139,0.168651,59.995874,0.004515,0.0000,1.0000,8833.7,-0.0737,3,0
46.3397,0.168765,59.995871,0.004510,0.0000,1.0000,8840.5,-0.0744,3,0
46.3642,0.168879,59.995868,0.004505,0.0000,1.0000,8848.0,-0.0752,3,0
46.3883,0.168994,59.995865,0.004499,0.0000,1.0000,8854.4,-0.0760,3,0
46.4133,0.169108,59.995862,0.004494,0.0000,1.0000,8864.1,-0.0770,3,0
46.4378,0.169223,59.995859,0.004488,0.0000,1.0000,8873.7,-0.0780,3,0
46.4628,0.169338,59.995856,0.004483,0.0000,1.0000,8878.4,-0.0790,3,0
46.4875,0.169452,59.995853,0.004478,0.0000,1.0000,8884.5,-0.0804,3,0
46.5115,0.169567,59.995850,0.004472,0.0000,1.0000,8892.1,-0.0819,3,0
46.5350,0.169682,59.995847,0.004467,0.0000,1.0000,8902.7,-0.0835,3,0
46.5596,0.169797,59.995844,0.004462,0.0000,1.0000,8910.8,-0.0853,3,0
46.5849,0.169911,59.995841,0.004456,0.0000,1.0000,8913.9,-0.0874,3,0
46.6099,0.170026,59.995838,0.004451,0.0000,1.0000,8919.1,-0.0896,3,0
46.6350,0.170141,59.995835,0.004446,0.0000,1.0000,8926.9,-0.0921,3,0
46.6604,0.170257,59.995832,0.004440,0.0000,1.0000,8932.6,-0.0947,3,0
46.6855,0.170372,59.995829,0.004435,0.0000,1.0000,8935.6,-0.0972,3,0
46.7107,0.170487,59.995826,0.004430,0.0000,1.0000,8938.5,-0.0997,3,0
46.7370,0.170602,59.995823,0.004425,0.0000,1.0000,8938.2,-0.1023,3,0
46.7619,0.170717,59.995820,0.004419,0.0000,1.0000,8943.5,-0.1043,3,0
46.7863,0.170833,59.995817,0.004414,0.0000,1.0000,8949.3,-0.1061,3,0
46.8115,0.170948,59.995813,0.004409,0.0000,0.9866,8953.3,-0.1075,3,0
46.8361,0.171064,59.995810,0.004404,0.0000,0.9866,8957.8,-0.1084,3,0
46.8612,0.171179,59.995806,0.004398,0.0000,0.9417,8957.9,-0.1086,3,0
46.8859,0.171295,59.995803,0.004393,0.0000,0.9417,8957.0,-0.1083,3,0
46.9088,0.171411,59.995799,0.004388,0.0000,0.9027,8957.8,-0.1074,3,0
46.9305,0.171527,59.995795,0.004383,0.0000,0.9027,8956.2,-0.1060,3,0
46.9516,0.171642,59.995792,0.004377,0.0000,0.8521,8951.4,-0.1041,3,0
46.9722,0.171758,59.995788,0.004372,0.0000,0.8521,8945.1,-0.1018,3,0
46.9908,0.171874,59.995785,0.004367,0.0000,0.8124,8941.3,-0.0990,3,0
47.0079,0.171990,59.995781,0.004362,0.0000,0.8124,8938.9,-0.0959,3,0
47.0243,0.172106,59.995778,0.004357,0.0000,0.7820,8937.3,-0.0927,3,0
47.0406,0.172222,59.995774,0.004352,0.0000,0.7820,8935.6,-0.0895,3,0
47.0564,0.172338,59.995771,0.004346,0.0000,0.7580,8933.1,-0.0864,3,0
47.0718,0.172454,59.995767,0.004341,0.0000,0.7580,8929.0,-0.0835,3,0
47.0857,0.172570,59.995764,0.004336,0.0000,0.7394,8928.9,-0.0811,3,0
47.1002,0.172687,59.995761,0.004331,0.0000,0.7394,8924.7,-0.0790,3,0
47.1145,0.172803,59.995757,0.004326,0.0000,0.7231,8918.9,-0.0773,3,0
47.1274,0.172919,59.995753,0.004321,0.0000,0.7231,8914.1,-0.0758,3,0
47.1397,0.173035,59.995750,0.004316,0.0000,0.7054,8908.8,-0.0748,3,0
47.1515,0.173152,59.995747,0.004310,0.0000,0.7054,8902.4,-0.0740,3,0
47.1623,0.173268,59.995743,0.004305,0.0000,0.6902,8896.5,-0.0733,3,0
47.1729,0.173384,59.995740,0.004300,0.0000,0.6902,8892.1,-0.0726,3,0
47.1830,0.173501,59.995736,0.004295,0.0000,0.6770,8886.4,-0.0719,3,0
47.1922,0.173617,59.995733,0.004290,0.0000,0.6770,8886.7,-0.0708,3,0
47.2016,0.173733,59.995730,0.004285,0.0000,0.6762,8885.9,-0.0694,3,0
47.2106,0.173850,59.995726,0.004280,0.0000,0.6762,8886.0,-0.0673,3,0
47.2208,0.173966,59.995723,0.004275,0.0000,0.6832,8883.6,-0.0646,3,0
47.2306,0.174083,59.995719,0.004270,0.0000,0.6832,8885.1,-0.0613,3,0
47.2408,0.174199,59.995716,0.004265,0.0000,0.6919,8888.2,-0.0575,3,0
47.2504,0.174316,59.995712,0.004260,0.0000,0.6919,8896.9,-0.0532,3,0
47.2617,0.174432,59.995709,0.004255,0.0000,0.7026,8904.3,-0.0485,3,0
47.2741,0.174549,59.995705,0.004250,0.0000,0.7026,8907.0,-0.0437,3,0
47.2865,0.174666,59.995702,0.004245,0.0000,0.7204,8910.4,-0.0389,3,0
47.2982,0.174782,59.995698,0.004240,0.0000,0.7204,8920.3,-0.0340,3,0
47.3108,0.174899,59.995694,0.004235,0.0000,0.7480,8928.0,-0.0290,3,0
47.3231,0.175016,59.995691,0.004230,0.0000,0.7480,8937.8,-0.0243,3,0
47.3381,0.175133,59.995687,0.004225,0.0000,0.7740,8941.3,-0.0200,3,0
47.3539,0.175249,59.995684,0.004220,0.0000,0.7740,8948.8,-0.0163,3,0
47.3704,0.175366,59.995680,0.004215,0.0000,0.8097,8957.9,-0.0133,3,0
47.3882,0.175483,59.995677,0.004210,0.0000,0.8097,8965.0,-0.0113,3,0
47.4072,0.175600,59.995673,0.004205,0.0000,0.8396,8969.8,-0.0105,3,0
47.4279,0.175717,59.995670,0.004200,0.0000,0.8396,8973.9,-0.0109,3,0
47.4499,0.175834,59.995667,0.004196,0.0000,0.8521,8976.6,-0.0129,3,0
47.4717,0.175951,59.995663,0.004191,0.0000,0.8521,8979.7,-0.0161,3,0
47.4945,0.176068,59.995660,0.004186,0.0000,0.8466,8977.3,-0.0203,3,0
47.5172,0.176185,59.995657,0.004181,0.0000,0.8466,8973.5,-0.0254,3,0
47.5395,0.176303,59.995654,0.004176,0.0000,0.8163,8971.6,-0.0312,3,0
47.5610,0.176420,59.995650,0.004171,0.0000,0.8163,8968.6,-0.0374,3,0
47.5819,0.176537,59.995647,0.004166,0.0000,0.7606,8959.2,-0.0436,3,0
47.6013,0.176655,59.995644,0.004161,0.0000,0.7606,8948.3,-0.0498,3,0
47.6188,0.176772,59.995640,0.004156,0.0000,0.6857,8938.4,-0.0560,3,0
47.6332,0.176890,59.995637,0.004152,0.0000,0.6857,8931.0,-0.0618,3,0
47.6453,0.177007,59.995633,0.004147,0.0000,0.6149,8923.4,-0.0674,3,0
47.6567,0.177125,59.995630,0.004142,0.0000,0.6149,8905.0,-0.0725,3,0
47.6669,0.177242,59.995627,0.004137,0.0000,0.5011,8876.6,-0.0773,3,0
47.6755,0.177360,59.995623,0.004132,0.0000,0.5011,8842.0,-0.0817,3,0
47.6792,0.177478,59.995620,0.004127,0.0000,0.3778,8811.5,-0.0856,3,0
47.6749,0.177595,59.995616,0.004122,0.0000,0.3778,8798.2,-0.0890,3,0
47.6664,0.177713,59.995613,0.004117,0.0000,0.2654,8785.7,-0.0920,3,0
47.6555,0.177830,59.995610,0.004113,0.0000,0.2654,8770.9,-0.0945,3,0
47.6416,0.177948,59.995606,0.004108,0.0000,0.1779,8754.6,-0.0965,3,0
47.6231,0.178065,59.995603,0.004103,0.0000,0.1779,8747.7,-0.0981,3,0
47.6032,0.178183,59.995600,0.004098,0.0000,0.1162,8744.1,-0.0993,3,0
47.5826,0.178300,59.995596,0.004093,0.0000,0.1162,8740.4,-0.1002,3,0
47.5633,0.178417,59.995593,0.004089,0.0000,0.0754,8731.5,-0.1007,3,0
47.5433,0.178535,59.995590,0.004084,0.0000,0.0754,8726.3,-0.1008,3,0
47.5215,0.178652,59.995587,0.004079,0.0000,0.0553,8724.2,-0.1003,3,0
47.4992,0.178769,59.995583,0.004074,0.0000,0.0553,8725.4,-0.0994,3,0
47.4779,0.178886,59.995580,0.004069,0.0000,0.0351,8723.2,-0.0981,3,0
47.4575,0.179003,59.995576,0.004065,0.0000,0.0351,8717.6,-0.0962,3,0
47.4364,0.179120,59.995572,0.004060,0.0000,0.0150,8715.8,-0.0940,3,0
47.4140,0.179237,59.995568,0.004056,0.0000,0.0150,8718.6,-0.0915,3,0
47.3909,0.179354,59.995564,0.004051,0.0000,0.0000,8725.2,-0.0889,3,0
47.3697,0.179471,59.995560,0.004046,0.0000,0.0000,8724.2,-0.0859,3,0
47.3461,0.179588,59.995556,0.004042,0.0000,0.0000,8732.9,-0.0826,3,0
47.3234,0.179704,59.995552,0.004037,0.0000,0.0000,8736.6,-0.0791,3,0
47.3021,0.179821,59.995548,0.004032,0.0000,0.0000,8737.2,-0.0756,3,0
47.2798,0.179938,59.995544,0.004028,0.0000,0.0000,8740.6,-0.0721,3,0
47.2564,0.180054,59.995540,0.004023,0.0000,0.0000,8750.6,-0.0687,3,0
47.2340,0.180171,59.995537,0.004019,0.0000,0.0000,8757.3,-0.0653,3,0
47.2125,0.180287,59.995533,0.004014,0.0000,0.0000,8758.3,-0.0623,3,0
47.1909,0.180403,59.995530,0.004010,0.0000,0.0000,8762.2,-0.0597,3,0
47.1701,0.180520,59.995526,0.004005,0.0000,0.0000,8763.0,-0.0574,3,0
47.1493,0.180636,59.995523,0.004001,0.0000,0.0000,8764.5,-0.0555,3,0
47.1291,0.180752,59.995520,0.003996,0.0000,0.0000,8763.4,-0.0541,3,0
47.1091,0.180869,59.995516,0.003992,0.0000,0.0000,8761.3,-0.0532,3,0
47.0895,0.180985,59.995513,0.003987,0.0000,0.0000,8760.5,-0.0526,3,0
47.0699,0.181101,59.995509,0.003983,0.0000,0.0000,8760.0,-0.0525,3,0
47.0522,0.181217,59.995506,0.003978,0.0000,0.0000,8752.5,-0.0525,3,0
47.0339,0.181333,59.995502,0.003974,0.0000,0.0000,8745.7,-0.0530,3,0
47.0153,0.181449,59.995499,0.003970,0.0000,0.0000,8739.1,-0.0535,3,0
46.9978,0.181565,59.995495,0.003965,0.0000,0.0000,8729.4,-0.0539,3,0
46.9793,0.181681,59.995492,0.003961,0.0000,0.0000,8721.6,-0.0541,3,0
46.9609,0.181796,59.995488,0.003957,0.0000,0.0000,8713.7,-0.0541,3,0
46.9421,0.181912,59.995484,0.003953,0.0000,0.0000,8707.2,-0.0535,3,0
46.9238,0.182028,59.995481,0.003948,0.0000,0.0000,8699.7,-0.0525,3,0
46.9049,0.182144,59.995477,0.003944,0.0000,0.0000,8692.4,-0.0510,3,0
46.8858,0.182259,59.995474,0.003940,0.0000,0.0000,8685.2,-0.0491,3,0
46.8677,0.182375,59.995470,0.003935,0.0073,0.0000,8674.6,-0.0470,3,0
46.8482,0.182490,59.995466,0.003931,0.0073,0.0000,8668.6,-0.0443,3,0
46.8284,0.182606,59.995463,0.003927,0.0281,0.0000,8660.6,-0.0413,3,0
46.8077,0.182721,59.995459,0.003923,0.0281,0.0000,8650.0,-0.0376,3,0
46.7853,0.182837,59.995456,0.003919,0.0432,0.0000,8643.6,-0.0338,3,0
46.7614,0.182952,59.995452,0.003915,0.0432,0.0000,8637.2,-0.0296,3,0
46.7363,0.183067,59.995448,0.003911,0.0575,0.0000,8630.4,-0.0250,3,0
46.7130,0.183183,59.995445,0.003907,0.0575,0.0000,8626.2,-0.0205,3,0
46.6876,0.183298,59.995441,0.003902,0.0768,0.0000,8621.0,-0.0161,3,0
46.6590,0.183413,59.995438,0.003898,0.0768,0.0000,8614.8,-0.0118,3,0
46.6297,0.183528,59.995434,0.003894,0.1106,0.0000,8602.4,-0.0078,3,0
46.5966,0.183643,59.995430,0.003890,0.1106,0.0000,8593.3,-0.0045,3,0
46.5603,0.183758,59.995426,0.003886,0.1375,0.0000,8587.7,-0.0020,3,0
46.5238,0.183872,59.995423,0.003882,0.1375,0.0000,8575.3,-0.0003,3,0
46.4869,0.183987,59.995419,0.003878,0.1787,0.0000,8550.6,0.0005,3,0
46.4422,0.184102,59.995415,0.003874,0.1787,0.0000,8545.1,0.0007,3,0
46.3954,0.184216,59.995411,0.003871,0.2178,0.0000,8532.0,0.0002,3,0
46.3473,0.184330,59.995407,0.003867,0.2178,0.0000,8513.9,-0.0008,3,0
46.2953,0.184444,59.995404,0.003863,0.2427,0.0000,8502.0,-0.0024,3,0
46.2412,0.184559,59.995400,0.003859,0.2427,0.0000,8494.6,-0.0044,3,0
46.1850,0.184672,59.995396,0.003855,0.2712,0.0000,8485.0,-0.0067,3,0
46.1288,0.184786,59.995392,0.003851,0.2712,0.0000,8465.8,-0.0092,3,0
46.0713,0.184900,59.995388,0.003847,0.2932,0.0000,8446.9,-0.0118,3,0
46.0101,0.185013,59.995385,0.003843,0.2932,0.0000,8436.2,-0.0145,3,0
45.9476,0.185127,59.995381,0.003840,0.3201,0.0000,8423.7,-0.0172,3,0
45.8831,0.185240,59.995377,0.003836,0.3201,0.0000,8408.2,-0.0198,3,0
45.8174,0.185353,59.995373,0.003832,0.3447,0.0000,8386.6,-0.0224,3,0
45.7490,0.185466,59.995369,0.003828,0.3447,0.0000,8365.3,-0.0248,3,0
45.6781,0.185578,59.995366,0.003825,0.3630,0.0000,8349.4,-0.0270,3,0
45.6053,0.185691,59.995362,0.003821,0.3630,0.0000,8331.0,-0.0291,3,0
45.5302,0.185803,59.995358,0.003817,0.3967,0.0000,8310.0,-0.0309,3,0
45.4530,0.185915,59.995355,0.003813,0.3967,0.0000,8283.8,-0.0323,3,0
45.3720,0.186027,59.995351,0.003810,0.4180,0.0000,8262.7,-0.0332,3,0
45.2878,0.186139,59.995348,0.003806,0.4180,0.0000,8244.5,-0.0337,3,0
45.2016,0.186250,59.995344,0.003802,0.4426,0.0000,8223.5,-0.0338,3,0
45.1132,0.186362,59.995340,0.003799,0.4426,0.0000,8204.6,-0.0336,3,0
45.0229,0.186473,59.995337,0.003795,0.4594,0.0000,8180.5,-0.0332,3,0
44.9304,0.186584,59.995334,0.003792,0.4594,0.0000,8160.3,-0.0326,3,0
44.8361,0.186694,59.995330,0.003788,0.4702,0.0000,8143.2,-0.0321,3,0
44.7397,0.186804,59.995326,0.003784,0.4702,0.0000,8128.3,-0.0316,3,0
44.6428,0.186915,59.995323,0.003781,0.4838,0.0000,8110.4,-0.0312,3,0
44.5438,0.187024,59.995319,0.003777,0.4838,0.0000,8089.4,-0.0309,3,0
44.4429,0.187134,59.995315,0.003774,0.4853,0.0000,8074.0,-0.0304,3,0
44.3407,0.187243,59.995312,0.003770,0.4853,0.0000,8060.2,-0.0300,3,0
44.2381,0.187353,59.995308,0.003767,0.4973,0.0000,8042.7,-0.0295,3,0
44.1339,0.187461,59.995304,0.003763,0.4973,0.0000,8025.0,-0.0290,3,0
44.0289,0.187570,59.995300,0.003760,0.5083,0.0000,8003.0,-0.0284,3,0
43.9213,0.187678,59.995296,0.003756,0.5083,0.0000,7988.2,-0.0276,3,0
43.8113,0.187786,59.995293,0.003753,0.5144,0.0000,7974.1,-0.0268,3,0
43.7016,0.187894,59.995289,0.003749,0.5144,0.0000,7959.2,-0.0259,3,0
43.5922,0.188002,59.995285,0.003746,0.5215,0.0000,7943.6,-0.0251,3,0
43.4814,0.188109,59.995282,0.003742,0.5215,0.0000,7922.1,-0.0243,3,0
43.3702,0.188216,59.995278,0.003739,0.5230,0.0000,7901.4,-0.0237,3,0
43.2578,0.188323,59.995275,0.003736,0.5230,0.0000,7884.3,-0.0231,3,0
43.1456,0.188429,59.995271,0.003732,0.5291,0.0000,7868.0,-0.0228,3,0
43.0333,0.188535,59.995268,0.003729,0.5291,0.0000,7845.6,-0.0226,3,0
42.9218,0.188641,59.995264,0.003726,0.5342,0.0000,7815.3,-0.0226,3,0
42.8076,0.188747,59.995261,0.003722,0.5342,0.0000,7795.8,-0.0228,3,0
42.6913,0.188852,59.995257,0.003719,0.5350,0.0000,7778.6,-0.0232,3,0
42.5776,0.188957,59.995253,0.003716,0.5350,0.0000,7753.1,-0.0238,3,0
42.4636,0.189062,59.995250,0.003713,0.5435,0.0000,7727.5,-0.0246,3,0
42.3480,0.189166,59.995247,0.003709,0.5435,0.0000,7698.9,-0.0252,3,0
42.2319,0.189270,59.995243,0.003706,0.5391,1.0000,7811.5,-0.0257,3,0
42.1161,0.189374,59.995240,0.003703,0.5391,1.0000,8332.2,-0.0263,3,0
42.0013,0.189478,59.995236,0.003700,0.5408,1.0000,8824.3,-0.0267,3,0
41.8859,0.189581,59.995233,0.003697,0.5408,1.0000,9266.3,-0.0268,3,0
41.7700,0.189684,59.995230,0.003694,0.5472,0.0000,9356.5,-0.0266,3,0
41.6557,0.189787,59.995226,0.003690,0.5472,0.0000,9307.2,-0.0260,2,0
41.5346,0.189889,59.995223,0.003687,0.5506,0.0000,9273.6,-0.0251,2,0
41.4127,0.189991,59.995219,0.003684,0.5506,0.0000,9246.0,-0.0239,2,0
41.2912,0.190093,59.995216,0.003681,0.5599,0.0000,9219.8,-0.0227,2,0
41.1686,0.190195,59.995213,0.003678,0.5599,0.0000,9189.6,-0.0212,2,0
41.0453,0.190296,59.995210,0.003675,0.5572,0.0000,9159.7,-0.0199,2,0
40.9206,0.190397,59.995207,0.003672,0.5572,0.0000,9131.7,-0.0186,2,0
40.7963,0.190498,59.995204,0.003669,0.5594,0.0000,9107.4,-0.0177,2,0
40.6722,0.190598,59.995201,0.003666,0.5594,0.0000,9085.2,-0.0171,2,0
40.5472,0.190698,59.995198,0.003663,0.5594,0.0000,9059.6,-0.0166,2,0
40.4237,0.190798,59.995195,0.003660,0.5594,0.0000,9027.4,-0.0163,2,0
40.2999,0.190897,59.995192,0.003657,0.5462,0.0000,8999.4,-0.0162,2,0
40.1763,0.190996,59.995189,0.003654,0.5462,0.0000,8978.4,-0.0161,2,0
40.0538,0.191095,59.995186,0.003651,0.5494,0.0000,8955.0,-0.0164,2,0
39.9311,0.191193,59.995182,0.003648,0.5494,0.0000,8929.6,-0.0166,2,0
39.8083,0.191292,59.995179,0.003646,0.5462,0.0000,8901.0,-0.0168,2,0
39.6861,0.191389,59.995175,0.003643,0.5462,0.0000,8870.4,-0.0170,2,0
39.5633,0.191487,59.995172,0.003640,0.5440,0.0000,8843.7,-0.0170,2,0
39.4413,0.191584,59.995168,0.003637,0.5440,0.0000,8818.4,-0.0173,2,0
39.3188,0.191681,59.995164,0.003634,0.5423,0.0000,8792.8,-0.0174,2,0
39.1963,0.191778,59.995161,0.003631,0.5423,0.0000,8767.4,-0.0174,2,0
39.0756,0.191874,59.995157,0.003629,0.5350,0.0000,8738.4,-0.0174,2,0
38.9552,0.191970,59.995154,0.003626,0.5350,0.0000,8708.7,-0.0173,2,0
38.8349,0.192066,59.995150,0.003623,0.5381,0.0000,8684.9,-0.0171,2,0
38.7167,0.192162,59.995147,0.003620,0.5381,0.0000,8653.3,-0.0170,2,0
38.5964,0.192257,59.995144,0.003617,0.5301,0.0000,8627.8,-0.0167,2,0
38.4764,0.192352,59.995141,0.003615,0.5301,0.0000,8601.8,-0.0164,2,0
38.3581,0.192446,59.995138,0.003612,0.5237,0.0000,8572.4,-0.0161,2,0
38.2396,0.192541,59.995135,0.003609,0.5237,0.0000,8545.1,-0.0157,2,0
38.1216,0.192635,59.995132,0.003607,0.5288,0.0000,8517.4,-0.0154,2,0
38.0036,0.192729,59.995129,0.003604,0.5288,0.0000,8486.8,-0.0149,2,0
37.8842,0.192822,59.995126,0.003601,0.5215,0.0000,8464.4,-0.0141,2,0
37.7670,0.192915,59.995123,0.003599,0.5215,0.0000,8433.3,-0.0131,2,0
37.6497,0.193008,59.995120,0.003596,0.5257,0.0000,8404.4,-0.0117,2,0
37.5314,0.193101,59.995117,0.003593,0.5257,0.0000,8375.1,-0.0101,2,0
37.4124,0.193193,59.995114,0.003591,0.5157,0.0000,8355.9,-0.0084,2,0
37.2942,0.193285,59.995111,0.003588,0.5157,0.0000,8334.6,-0.0062,2,0
37.1776,0.193377,59.995108,0.003586,0.5130,0.0000,8311.2,-0.0037,2,0
37.0612,0.193468,59.995105,0.003583,0.5130,0.0000,8287.0,-0.0015,2,0
36.9450,0.193559,59.995102,0.003581,0.5193,0.0000,8259.9,0.0011,2,0
36.8284,0.193650,59.995099,0.003578,0.5193,0.0000,8230.2,0.0037,2,0
36.7106,0.193740,59.995096,0.003575,0.5139,0.0000,8209.7,0.0059,2,0
36.5942,0.193831,59.995093,0.003573,0.5139,0.0000,8184.2,0.0083,2,0
36.4782,0.193921,59.995090,0.003570,0.5220,0.0000,8158.4,0.0108,2,0
36.3611,0.194010,59.995087,0.003568,0.5220,0.0000,8134.0,0.0129,2,0
36.2441,0.194100,59.995084,0.003565,0.5183,0.0000,8103.3,0.0153,2,0
36.1277,0.194189,59.995081,0.003563,0.5183,0.0000,8075.1,0.0175,2,0
36.0103,0.194278,59.995078,0.003560,0.5108,0.0000,8055.9,0.0192,2,0
35.8955,0.194366,59.995075,0.003558,0.5108,0.0000,8028.0,0.0211,2,0
35.7785,0.194454,59.995072,0.003556,0.5135,0.0000,8008.2,0.0222,2,0
35.6636,0.194542,59.995069,0.003553,0.5135,0.0000,7981.2,0.0235,2,0
35.5489,0.194630,59.995066,0.003551,0.5020,0.0000,7952.0,0.0241,2,0
35.4359,0.194717,59.995063,0.003548,0.5020,0.0000,7925.5,0.0245,2,0
35.3230,0.194805,59.995060,0.003546,0.5017,0.0000,7900.9,0.0248,2,0
35.2115,0.194891,59.995057,0.003543,0.5017,0.0000,7875.7,0.0249,2,0
35.0991,0.194978,59.995054,0.003541,0.4919,0.0000,7851.2,0.0247,2,0
34.9858,0.195064,59.995051,0.003538,0.4919,0.0000,7829.7,0.0244,2,0
34.8774,0.195150,59.995048,0.003536,0.4739,0.0000,7802.0,0.0241,2,0
34.7695,0.195236,59.995045,0.003534,0.4739,0.0000,7777.7,0.0240,2,0
34.6634,0.195322,59.995042,0.003531,0.4636,0.0000,7753.0,0.0241,2,0
34.5569,0.195407,59.995039,0.003529,0.4636,0.0000,7732.2,0.0243,2,0
34.4534,0.195492,59.995036,0.003526,0.4387,0.0000,7711.0,0.0250,2,0
34.3511,0.195577,59.995033,0.003524,0.4387,0.0000,7692.9,0.0258,2,0
34.2516,0.195661,59.995030,0.003522,0.4302,0.0000,7671.4,0.0274,2,0
34.1538,0.195745,59.995027,0.003519,0.4302,0.0000,7645.9,0.0294,2,0
34.0566,0.195829,59.995025,0.003517,0.4080,0.0000,7624.1,0.0319,2,0
33.9607,0.195913,59.995022,0.003514,0.4080,0.0000,7606.0,0.0348,2,0
33.8668,0.195997,59.995019,0.003512,0.3941,0.0000,7586.9,0.0379,2,0
33.7745,0.196080,59.995016,0.003510,0.3941,0.0000,7569.8,0.0408,2,0
33.6830,0.196163,59.995014,0.003507,0.3857,0.0000,7551.7,0.0437,2,0
33.5926,0.196246,59.995011,0.003505,0.3857,0.0000,7531.8,0.0466,2,0
33.5051,0.196328,59.995008,0.003503,0.3616,0.0000,7512.5,0.0494,2,0
33.4197,0.196411,59.995006,0.003500,0.3616,0.0000,7496.2,0.0519,2,0
33.3360,0.196493,59.995003,0.003498,0.3489,0.0000,7481.5,0.0540,2,0
33.2538,0.196575,59.995000,0.003495,0.3489,0.0000,7465.4,0.0557,2,0
33.1722,0.196657,59.994998,0.003493,0.3301,0.0000,7452.2,0.0570,2,0
33.0926,0.196739,59.994995,0.003491,0.3301,0.0000,7436.6,0.0583,2,0
33.0163,0.196820,59.994992,0.003488,0.3110,0.0000,7420.1,0.0593,2,0
32.9426,0.196901,59.994990,0.003486,0.3110,0.0000,7402.8,0.0598,2,0
32.8688,0.196982,59.994987,0.003483,0.2962,0.0000,7388.5,0.0600,2,0
32.7967,0.197063,59.994984,0.003481,0.2962,0.0000,7375.4,0.0595,2,0
32.7259,0.197144,59.994981,0.003479,0.2739,0.0000,7363.9,0.0585,2,0
32.6577,0.197224,59.994979,0.003476,0.2739,0.0000,7352.7,0.0571,2,0
32.5920,0.197305,59.994976,0.003474,0.2656,0.0000,7339.3,0.0554,2,0
32.5292,0.197385,59.994973,0.003471,0.2656,0.0000,7319.8,0.0534,2,0
32.4660,0.197465,59.994971,0.003469,0.2495,0.0000,7304.9,0.0512,2,0
32.4039,0.197545,59.994968,0.003467,0.2495,0.0000,7293.2,0.0489,2,0
32.3441,0.197625,59.994966,0.003464,0.2293,0.0000,7283.9,0.0467,2,0
32.2862,0.197705,59.994963,0.003462,0.2293,0.0000,7273.7,0.0450,2,0
32.2293,0.197784,59.994960,0.003459,0.2217,0.0000,7264.3,0.0440,2,0
32.1744,0.197863,59.994958,0.003457,0.2217,0.0000,7251.4,0.0439,2,0
32.1217,0.197943,59.994955,0.003454,0.2090,0.0000,7236.7,0.0447,2,0
32.0698,0.198022,59.994953,0.003452,0.2090,0.0000,7224.2,0.0463,2,0
32.0169,0.198101,59.994950,0.003449,0.2261,0.0000,7211.9,0.0487,2,0
31.9626,0.198179,59.994947,0.003447,0.2261,0.0000,7197.6,0.0517,2,0
31.9067,0.198258,59.994945,0.003444,0.2261,0.0000,7185.7,0.0552,2,0
31.8505,0.198337,59.994942,0.003442,0.2261,0.0000,7174.1,0.0592,2,0
31.7960,0.198415,59.994939,0.003440,0.2329,0.0000,7158.1,0.0635,2,0
31.7416,0.198493,59.994937,0.003437,0.2329,0.0000,7140.1,0.0678,2,0
31.6854,0.198572,59.994934,0.003435,0.2378,0.0000,7124.2,0.0720,2,0
31.6276,0.198650,59.994931,0.003432,0.2378,0.0000,7112.4,0.0759,2,0
31.5699,0.198727,59.994928,0.003430,0.2336,0.0000,7101.0,0.0794,2,0
31.5130,0.198805,59.994926,0.003427,0.2336,0.0000,7090.3,0.0827,2,0
31.4566,0.198883,59.994923,0.003425,0.2324,0.0000,7079.9,0.0860,2,0
31.4014,0.198960,59.994920,0.003422,0.2324,0.0000,7066.0,0.0890,2,0
31.3468,0.199038,59.994918,0.003419,0.2190,0.0000,7051.2,0.0916,2,0
31.2930,0.199115,59.994915,0.003417,0.2190,0.0000,7039.4,0.0940,2,0
31.2397,0.199192,59.994912,0.003414,0.2112,0.0000,7031.3,0.0962,2,0
31.1875,0.199269,59.994909,0.003412,0.2112,0.0000,7021.6,0.0981,2,0
31.1355,0.199346,59.994907,0.003409,0.2041,0.0000,7010.5,0.1000,2,0
31.0831,0.199422,59.994904,0.003407,0.2041,0.0000,7003.7,0.1020,2,0
31.0337,0.199499,59.994901,0.003404,0.1817,0.0000,6994.7,0.1038,2,0
30.9874,0.199575,59.994899,0.003402,0.1817,0.0000,6981.8,0.1054,2,0
30.9417,0.199651,59.994896,0.003399,0.1743,0.0000,6973.0,0.1070,2,0
30.8966,0.199728,59.994894,0.003396,0.1743,0.0000,6965.3,0.1086,2,0
30.8522,0.199804,59.994891,0.003394,0.1641,0.0000,6956.3,0.1102,2,0
30.8084,0.199880,59.994889,0.003391,0.1641,0.0000,6950.5,0.1120,2,0
30.7654,0.199956,59.994887,0.003388,0.1458,0.0000,6949.1,0.1141,2,0
30.7253,0.200031,59.994884,0.003386,0.1458,0.0000,6940.2,0.1165,2,0
30.6882,0.200107,59.994882,0.003383,0.1382,0.0000,6927.1,0.1191,2,0
30.6499,0.200183,59.994880,0.003381,0.1382,0.0000,6920.3,0.1221,2,0
30.6121,0.200258,59.994878,0.003378,0.1238,0.0000,6915.4,0.1251,2,0
30.5762,0.200334,59.994875,0.003375,0.1238,0.0000,6908.2,0.1283,2,0
30.5413,0.200409,59.994873,0.003373,0.1223,0.0000,6903.7,0.1319,2,0
30.5057,0.200484,59.994871,0.003370,0.1223,0.0000,6901.0,0.1355,2,0
30.4715,0.200559,59.994868,0.003367,0.1160,0.0000,6891.8,0.1390,2,0
30.4383,0.200634,59.994866,0.003364,0.1160,0.0000,6881.0,0.1424,2,0
30.4041,0.200709,59.994864,0.003362,0.1123,0.0000,6877.6,0.1456,2,0
30.3717,0.200784,59.994861,0.003359,0.1123,0.0000,6869.3,0.1484,2,0
30.3400,0.200859,59.994859,0.003356,0.1082,0.0000,6859.9,0.1509,2,0
30.3066,0.200934,59.994857,0.003353,0.1082,0.0000,6859.7,0.1532,2,0
30.2742,0.201009,59.994855,0.003351,0.0942,0.0000,6860.4,0.1551,2,0
30.2444,0.201083,59.994852,0.003348,0.0942,0.0000,6858.2,0.1567,2,0
30.2162,0.201158,59.994850,0.003345,0.0857,0.0000,6853.6,0.1581,2,0
30.1886,0.201232,59.994848,0.003342,0.0857,0.0000,6849.3,0.1592,2,0
30.1617,0.201307,59.994845,0.003339,0.0684,0.0000,6847.7,0.1603,2,0
30.1367,0.201381,59.994843,0.003337,0.0684,0.0000,6845.2,0.1615,2,0
30.1131,0.201455,59.994841,0.003334,0.0610,0.0000,6843.8,0.1628,2,0
30.0907,0.201529,59.994839,0.003331,0.0610,0.0000,6840.8,0.1641,2,0
30.0678,0.201604,59.994836,0.003328,0.0571,0.0000,6836.3,0.1654,2,0
30.0458,0.201678,59.994834,0.003325,0.0571,0.0000,6830.4,0.1666,2,0
30.0237,0.201752,59.994832,0.003322,0.0584,0.0000,6823.7,0.1679,2,0
30.0010,0.201826,59.994829,0.003319,0.0584,0.0000,6819.3,0.1691,2,0
29.9792,0.201900,59.994827,0.003316,0.0442,0.0000,6812.4,0.1703,2,0
29.9580,0.201974,59.994825,0.003313,0.0442,0.0000,6807.6,0.1715,2,0
29.9373,0.202047,59.994822,0.003311,0.0337,0.0000,6805.1,0.1723,2,0
29.9173,0.202121,59.994820,0.003308,0.0337,0.0000,6804.9,0.1728,2,0
29.8988,0.202195,59.994818,0.003305,0.0244,0.0000,6805.1,0.1729,2,0
29.8818,0.202269,59.994816,0.003302,0.0244,0.0000,6802.6,0.1729,2,0
29.8650,0.202342,59.994813,0.003299,0.0195,0.0000,6803.6,0.1727,2,0
29.8492,0.202416,59.994811,0.003296,0.0195,0.0000,6802.3,0.1725,2,0
29.8341,0.202490,59.994809,0.003293,0.0120,0.0000,6802.4,0.1724,2,0
29.8192,0.202563,59.994806,0.003290,0.0120,0.0000,6803.0,0.1724,2,0
29.8044,0.202637,59.994804,0.003287,0.0061,0.0000,6807.7,0.1724,2,0
29.7902,0.202710,59.994802,0.003283,0.0061,0.0000,6810.4,0.1724,2,0
29.7769,0.202784,59.994799,0.003280,0.0001,0.0000,6812.5,0.1725,2,0
29.7645,0.202857,59.994797,0.003277,0.0001,0.0000,6811.0,0.1728,2,0
29.7523,0.202930,59.994794,0.003274,0.0000,0.0000,6811.3,0.1733,2,0
29.7356,0.203004,59.994792,0.003271,0.0000,0.0000,6812.4,0.1738,2,0
29.7230,0.203077,59.994790,0.003268,0.0000,0.0000,6811.4,0.1747,2,0
29.7043,0.203150,59.994787,0.003265,0.0000,0.0000,6811.9,0.1751,2,0
29.6931,0.203223,59.994785,0.003262,0.0000,0.0000,6811.3,0.1759,2,0
29.6802,0.203297,59.994782,0.003258,0.0000,0.0000,6810.0,0.1748,2,0
29.6620,0.203370,59.994780,0.003255,0.0000,0.0000,6805.1,0.1732,2,0
29.6504,0.203443,59.994778,0.003252,0.0000,0.0000,6802.6,0.1700,2,0
29.6433,0.203516,59.994776,0.003249,0.0000,0.0000,6799.6,0.1672,2,0
29.6338,0.203589,59.994775,0.003245,0.0000,0.0000,6798.6,0.1656,2,0
29.6208,0.203662,59.994773,0.003242,0.0000,0.0000,6806.9,0.1641,2,0
29.6053,0.203735,59.994771,0.003239,0.0000,0.0000,6814.0,0.1634,2,0
29.5863,0.203808,59.994769,0.003236,0.0000,0.0000,6837.3,0.1631,2,0
29.5786,0.203881,59.994767,0.003232,0.0000,0.0000,6822.4,0.1637,2,0
29.5620,0.203954,59.994766,0.003229,0.0000,0.0000,6830.4,0.1650,2,0
29.5458,0.204027,59.994764,0.003226,0.0000,0.0000,6842.3,0.1670,2,0
29.5390,0.204100,59.994762,0.003223,0.0000,0.0000,6828.6,0.1692,2,0
29.5301,0.204173,59.994760,0.003219,0.0000,0.0000,6819.4,0.1721,2,0
29.5229,0.204245,59.994758,0.003216,0.0000,0.0000,6801.0,0.1743,2,0
29.5153,0.204318,59.994755,0.003212,0.0000,0.0000,6776.5,0.1774,2,0
29.4982,0.204391,59.994753,0.003209,0.0000,0.0000,6795.6,0.1806,2,0
29.4921,0.204464,59.994751,0.003206,0.0000,0.0000,6782.7,0.1834,2,0
29.4770,0.204536,59.994749,0.003202,0.0000,0.0000,6770.5,0.1870,2,0
29.4632,0.204609,59.994747,0.003199,0.0000,0.0000,6778.6,0.1889,2,0
29.4507,0.204682,59.994744,0.003195,0.0000,0.0000,6772.4,0.1911,2,0
29.4415,0.204754,59.994742,0.003192,0.0000,0.0000,6766.8,0.1925,2,0
29.4313,0.204827,59.994740,0.003189,0.0000,0.0000,6754.2,0.1939,2,0
29.4225,0.204900,59.994738,0.003185,0.0000,0.0000,6745.3,0.1939,2,0
29.4066,0.204972,59.994736,0.003182,0.0000,0.0000,6753.4,0.1949,2,0
29.3980,0.205045,59.994734,0.003178,0.0000,0.0000,6747.0,0.1953,2,0
29.3864,0.205117,59.994732,0.003175,0.0000,0.0000,6736.5,0.1961,2,0
29.3734,0.205190,59.994730,0.003171,0.0000,0.0000,6746.4,0.1969,2,0
29.3593,0.205262,59.994728,0.003168,0.0000,0.0000,6750.0,0.1978,2,0
29.3482,0.205334,59.994726,0.003164,0.0000,0.0000,6761.0,0.1982,2,0
29.3314,0.205407,59.994724,0.003161,0.0000,0.0000,6772.6,0.1987,2,0
29.3244,0.205479,59.994722,0.003157,0.0000,0.0000,6767.3,0.1987,2,0
29.3126,0.205551,59.994720,0.003154,0.0000,0.0000,6760.4,0.1999,2,0
29.2997,0.205624,59.994718,0.003150,0.0000,0.0000,6761.5,0.2011,2,0
29.2952,0.205696,59.994716,0.003146,0.0000,0.0000,6734.5,0.2025,2,0
29.2806,0.205768,59.994714,0.003143,0.0000,0.0000,6729.0,0.2039,2,0
29.2613,0.205840,59.994712,0.003139,0.0000,0.0000,6740.6,0.2041,2,0
29.2436,0.205912,59.994710,0.003136,0.0000,0.0000,6764.5,0.2046,2,0
29.2361,0.205984,59.994708,0.003132,0.0000,0.0087,6739.2,0.2059,2,0
29.2258,0.206057,59.994706,0.003128,0.0000,0.0087,6729.5,0.2077,2,0
29.2172,0.206129,59.994704,0.003125,0.0000,0.0247,6703.2,0.2086,2,0
29.2008,0.206201,59.994702,0.003121,0.0000,0.0247,6704.3,0.2089,2,0
29.1865,0.206273,59.994700,0.003118,0.0000,0.0431,6694.1,0.2085,2,0
29.1674,0.206345,59.994698,0.003114,0.0000,0.0431,6704.8,0.2072,2,0
29.1485,0.206416,59.994696,0.003110,0.0000,0.0598,6722.2,0.2056,2,0
29.1325,0.206488,59.994695,0.003106,0.0000,0.0598,6739.1,0.2036,2,0
29.1259,0.206560,59.994693,0.003103,0.0000,0.0787,6718.5,0.2008,2,0
29.1119,0.206632,59.994691,0.003099,0.0000,0.0787,6732.6,0.1973,2,0
29.0999,0.206704,59.994689,0.003095,0.0000,0.1014,6743.1,0.1935,2,0
29.0874,0.206775,59.994687,0.003091,0.0000,0.1014,6761.9,0.1892,2,0
29.0777,0.206847,59.994686,0.003088,0.0000,0.1283,6776.1,0.1847,2,0
29.0700,0.206919,59.994684,0.003084,0.0000,0.1283,6788.8,0.1803,2,0
29.0648,0.206991,59.994682,0.003080,0.0000,0.1508,6799.6,0.1761,2,0
29.0621,0.207062,59.994680,0.003076,0.0000,0.1508,6806.5,0.1721,2,0
29.0616,0.207134,59.994679,0.003072,0.0000,0.1857,6812.1,0.1683,2,0
29.0624,0.207206,59.994677,0.003068,0.0000,0.1857,6820.6,0.1648,2,0
29.0649,0.207277,59.994676,0.003064,0.0000,0.2240,6829.6,0.1618,2,0
29.0687,0.207349,59.994675,0.003061,0.0000,0.2240,6839.9,0.1591,2,0
29.0759,0.207421,59.994673,0.003057,0.0000,0.2671,6845.8,0.1571,2,0
29.0853,0.207492,59.994671,0.003053,0.0000,0.2671,6850.4,0.1554,2,0
29.0973,0.207564,59.994670,0.003049,0.0000,0.3149,6853.7,0.1541,2,0
29.1105,0.207636,59.994669,0.003045,0.0000,0.3149,6858.8,0.1527,2,0
29.1251,0.207708,59.994667,0.003041,0.0000,0.3606,6864.6,0.1516,2,0
29.1404,0.207780,59.994665,0.003037,0.0000,0.3606,6873.8,0.1503,2,0
29.1566,0.207852,59.994664,0.003033,0.0000,0.4078,6886.7,0.1494,2,0
29.1756,0.207924,59.994662,0.003029,0.0000,0.4078,6897.0,0.1486,2,0
29.1962,0.207996,59.994660,0.003024,0.0000,0.4398,6905.7,0.1482,2,0
29.2190,0.208068,59.994658,0.003020,0.0000,0.4398,6913.8,0.1478,2,0
29.2426,0.208140,59.994657,0.003016,0.0000,0.4745,6924.6,0.1476,2,0
29.2667,0.208212,59.994655,0.003012,0.0000,0.4745,6939.8,0.1474,2,0
29.2910,0.208284,59.994653,0.003008,0.0000,0.5019,6957.2,0.1473,2,0
29.3150,0.208357,59.994652,0.003004,0.0000,0.5019,6978.1,0.1474,2,0
29.3403,0.208429,59.994650,0.003000,0.0000,0.5223,6996.3,0.1478,2,0
29.3673,0.208501,59.994648,0.002996,0.0000,0.5223,7010.2,0.1483,2,0
29.3963,0.208574,59.994647,0.002991,0.0000,0.5380,7018.0,0.1489,2,0
29.4245,0.208646,59.994645,0.002987,0.0000,0.5380,7032.2,0.1494,2,0
29.4542,0.208719,59.994643,0.002983,0.0000,0.5522,7043.7,0.1498,2,0
29.4849,0.208792,59.994642,0.002979,0.0000,0.5522,7051.9,0.1501,2,0
29.5159,0.208865,59.994640,0.002974,0.0000,0.5619,7059.9,0.1502,2,0
29.5457,0.208938,59.994638,0.002970,0.0000,0.5619,7074.9,0.1504,2,0
29.5760,0.209010,59.994636,0.002966,0.0000,0.5675,7087.7,0.1507,2,0
29.6084,0.209083,59.994635,0.002962,0.0000,0.5675,7093.6,0.1509,2,0
29.6404,0.209157,59.994633,0.002957,0.0000,0.5735,7101.1,0.1511,2,0
29.6725,0.209230,59.994631,0.002953,0.0000,0.5735,7111.8,0.1511,2,0
29.7046,0.209303,59.994630,0.002949,0.0000,0.5789,7120.7,0.1510,2,0
29.7354,0.209376,59.994628,0.002944,0.0000,0.5789,7134.1,0.1505,2,0
29.7656,0.209450,59.994627,0.002940,0.0000,0.5814,7150.5,0.1499,2,0
29.7967,0.209523,59.994625,0.002935,0.0000,0.5814,7164.2,0.1491,2,0
29.8295,0.209597,59.994623,0.002931,0.0000,0.5824,7170.6,0.1479,2,0
29.8618,0.209671,59.994622,0.002927,0.0000,0.5824,7179.3,0.1461,2,0
29.8935,0.209744,59.994620,0.002922,0.0000,0.5824,7189.7,0.1437,2,0
29.9253,0.209818,59.994619,0.002918,0.0000,0.5824,7198.1,0.1408,2,0
29.9568,0.209892,59.994617,0.002913,0.0000,0.5814,7207.2,0.1374,2,0
29.9879,0.209966,59.994616,0.002909,0.0000,0.5814,7218.4,0.1337,2,0
30.0186,0.210040,59.994615,0.002904,0.0000,0.5832,7230.4,0.1300,2,0
30.0513,0.210114,59.994614,0.002900,0.0000,0.5832,7235.5,0.1262,2,0
30.0831,0.210188,59.994613,0.002895,0.0000,0.5877,7243.9,0.1223,2,0
30.1151,0.210263,59.994611,0.002891,0.0000,0.5877,7254.2,0.1184,2,0
30.1468,0.210337,59.994610,0.002886,0.0000,0.5939,7263.0,0.1145,2,0
30.1782,0.210411,59.994609,0.002882,0.0000,0.5939,7275.2,0.1108,2,0
30.2092,0.210486,59.994608,0.002877,0.0000,0.6026,7290.7,0.1074,2,0
30.2413,0.210560,59.994607,0.002873,0.0000,0.6026,7302.8,0.1044,2,0
30.2746,0.210635,59.994606,0.002868,0.0000,0.6131,7311.9,0.1016,2,0
30.3076,0.210710,59.994604,0.002863,0.0000,0.6131,7324.2,0.0991,2,0
30.3411,0.210785,59.994603,0.002859,0.0000,0.6258,7335.2,0.0969,2,0
30.3744,0.210860,59.994601,0.002854,0.0000,0.6258,7347.7,0.0948,2,0
30.4057,0.210935,59.994600,0.002849,0.0000,0.4531,7366.5,0.0929,2,0
30.4364,0.211010,59.994598,0.002845,0.0000,0.4531,7341.1,0.0914,2,0
30.4659,0.211085,59.994596,0.002840,0.0000,0.6565,7361.1,0.0902,2,0
30.4962,0.211160,59.994595,0.002835,0.0000,0.6565,7394.2,0.0892,2,0
30.5270,0.211235,59.994593,0.002831,0.0000,0.6692,7357.8,0.0883,2,0
30.5563,0.211311,59.994592,0.002826,0.0000,0.6692,7403.5,0.0874,2,0
30.5873,0.211386,59.994590,0.002821,0.0000,0.6832,7385.3,0.0866,2,0
30.6151,0.211462,59.994589,0.002817,0.0000,0.6832,7421.0,0.0857,2,0
30.6438,0.211537,59.994587,0.002812,0.0000,0.4919,7398.4,0.0848,2,0
30.6733,0.211613,59.994586,0.002807,0.0000,0.4919,7427.8,0.0838,2,0
30.7032,0.211689,59.994584,0.002802,0.0000,0.4988,7427.8,0.0824,2,0
30.7333,0.211764,59.994583,0.002797,0.0000,0.4988,7440.3,0.0807,2,0
30.7617,0.211840,59.994582,0.002792,0.0000,0.5057,7445.8,0.0783,2,0
30.7909,0.211916,59.994580,0.002788,0.0000,0.5057,7442.1,0.0756,2,0
30.8190,0.211992,59.994579,0.002783,0.0000,0.5120,7466.9,0.0725,2,0
30.8473,0.212068,59.994577,0.002778,0.0000,0.5120,7455.1,0.0692,2,0
30.8774,0.212145,59.994576,0.002773,0.0000,0.7331,7475.9,0.0655,2,0
30.9059,0.212221,59.994575,0.002768,0.0000,0.7331,7486.7,0.0614,2,0
30.9360,0.212297,59.994574,0.002763,0.0000,0.5233,7486.4,0.0570,2,0
30.9655,0.212373,59.994572,0.002758,0.0000,0.5233,7492.3,0.0522,2,0
30.9938,0.212450,59.994571,0.002753,0.0000,0.5270,7508.6,0.0473,2,0
31.0227,0.212526,59.994570,0.002748,0.0000,0.5270,7496.9,0.0423,2,0
31.0519,0.212603,59.994569,0.002743,0.0000,0.5314,7509.2,0.0371,2,0
31.0823,0.212680,59.994568,0.002739,0.0000,0.5314,7517.5,0.0319,2,0
31.1111,0.212756,59.994566,0.002734,0.0000,0.7588,7527.5,0.0265,2,0
31.1410,0.212833,59.994565,0.002729,0.0000,0.7588,7545.0,0.0210,2,0
31.1724,0.212910,59.994564,0.002724,0.0000,0.5409,7528.7,0.0151,2,0
31.2024,0.212987,59.994563,0.002719,0.0000,0.5409,7562.1,0.0091,2,0
31.2325,0.213064,59.994562,0.002714,0.0000,0.5434,7550.8,0.0028,2,0
31.2649,0.213141,59.994561,0.002708,0.0000,0.5434,7559.3,-0.0038,2,0
31.2962,0.213218,59.994560,0.002703,0.0000,0.7695,7569.1,-0.0108,2,0
31.3286,0.213296,59.994558,0.002698,0.0000,0.7695,7600.2,-0.0182,2,0
31.3619,0.213373,59.994557,0.002693,0.0000,0.5441,7578.6,-0.0261,2,0
31.3945,0.213450,59.994556,0.002688,0.0000,0.5441,7600.4,-0.0346,2,0
31.4252,0.213528,59.994555,0.002683,0.0000,0.5434,7613.8,-0.0431,2,0
31.4572,0.213606,59.994554,0.002678,0.0000,0.5434,7596.5,-0.0517,2,0
31.4916,0.213683,59.994553,0.002673,0.0000,0.7685,7614.6,-0.0602,2,0
31.5250,0.213761,59.994552,0.002668,0.0000,0.7685,7634.1,-0.0685,2,0
31.5608,0.213839,59.994550,0.002663,0.0000,0.7598,7622.7,-0.0763,2,0
31.5973,0.213917,59.994549,0.002657,0.0000,0.7598,7647.9,-0.0837,2,0
31.6328,0.213995,59.994548,0.002652,0.0000,0.7428,7632.3,-0.0903,2,0
31.6690,0.214073,59.994546,0.002647,0.0000,0.7428,7654.3,-0.0961,2,0
31.7081,0.214151,59.994545,0.002642,0.0000,0.7152,7676.4,-0.1012,2,0
31.7502,0.214229,59.994544,0.002637,0.0000,0.7152,7681.9,-0.1053,2,0
31.7927,0.214308,59.994543,0.002631,0.0000,0.6920,7679.8,-0.1083,2,0
31.8370,0.214386,59.994541,0.002626,0.0000,0.6920,7665.6,-0.1104,2,0
31.8815,0.214465,59.994540,0.002621,0.0000,0.6815,7647.3,-0.1115,2,0
31.9244,0.214544,59.994539,0.002616,0.0000,0.6815,7635.6,-0.1117,2,0
31.9673,0.214623,59.994538,0.002610,0.0000,0.6815,7623.2,-0.1108,2,0
32.0119,0.214702,59.994537,0.002605,0.0000,0.6815,7604.0,-0.1093,2,0
32.0563,0.214781,59.994536,0.002600,0.0000,0.6832,7588.6,-0.1068,2,0
32.1000,0.214860,59.994535,0.002594,0.0000,0.6832,7578.0,-0.1035,2,0
32.1436,0.214939,59.994534,0.002589,0.0000,0.6884,7568.1,-0.0993,2,0
32.1868,0.215018,59.994533,0.002584,0.0000,0.6884,7562.9,-0.0940,2,0
32.2304,0.215098,59.994532,0.002579,0.0000,0.7037,7560.0,-0.0876,2,0
32.2741,0.215178,59.994531,0.002573,0.0000,0.7037,7561.5,-0.0805,2,0
32.3193,0.215257,59.994530,0.002568,0.0000,0.7301,7561.5,-0.0725,2,0
32.3649,0.215337,59.994529,0.002563,0.0000,0.7301,7566.7,-0.0638,2,0
32.4078,0.215417,59.994528,0.002557,0.0000,0.7632,7590.2,-0.0549,2,0
32.4498,0.215497,59.994527,0.002552,0.0000,0.7632,7620.5,-0.0459,2,0
32.4919,0.215577,59.994526,0.002546,0.0000,0.7954,7654.5,-0.0371,2,0
32.5368,0.215657,59.994525,0.002541,0.0000,0.7954,7679.1,-0.0284,2,0
32.5843,0.215738,59.994524,0.002536,0.0000,0.8271,7697.5,-0.0202,2,0
32.6334,0.215818,59.994523,0.002530,0.0000,0.8271,7713.7,-0.0124,2,0
32.6840,0.215899,59.994522,0.002525,0.0000,0.8496,7728.2,-0.0053,2,0
32.7347,0.215980,59.994521,0.002520,0.0000,0.8496,7743.7,0.0013,2,0
32.7860,0.216061,59.994520,0.002514,0.0000,0.8755,7761.1,0.0071,2,0
32.8391,0.216142,59.994519,0.002509,0.0000,0.8755,7770.2,0.0122,2,0
32.8937,0.216223,59.994517,0.002503,0.0000,0.9000,7777.3,0.0166,2,0
32.9504,0.216304,59.994516,0.002498,0.0000,0.9000,7781.5,0.0203,2,0
33.0072,0.216385,59.994515,0.002492,0.0000,0.9209,7790.2,0.0235,2,0
33.0651,0.216467,59.994514,0.002487,0.0000,0.9209,7795.6,0.0259,2,0
33.1251,0.216549,59.994512,0.002482,0.0000,0.9399,7797.2,0.0276,2,0
33.1835,0.216630,59.994511,0.002476,0.0000,0.9399,7804.3,0.0288,2,0
33.2416,0.216712,59.994510,0.002471,0.0000,0.9569,7815.6,0.0292,2,0
33.2992,0.216795,59.994508,0.002465,0.0000,0.9569,7831.3,0.0290,2,0
33.3560,0.216877,59.994507,0.002460,0.0000,0.9723,7852.6,0.0281,2,0
33.4131,0.216959,59.994506,0.002454,0.0000,0.9723,7872.6,0.0266,2,0
33.4707,0.217042,59.994505,0.002449,0.0000,0.9848,7892.6,0.0244,2,0
33.5275,0.217125,59.994503,0.002443,0.0000,0.9848,7915.2,0.0218,2,0
33.5851,0.217207,59.994502,0.002438,0.0000,0.9920,7935.6,0.0186,2,0
33.6435,0.217290,59.994501,0.002432,0.0000,0.9920,7954.2,0.0148,2,0
33.7032,0.217373,59.994500,0.002427,0.0000,1.0000,7968.2,0.0107,2,0
33.7624,0.217457,59.994499,0.002421,0.0000,1.0000,7985.1,0.0061,2,0
33.8221,0.217540,59.994497,0.002416,0.0000,1.0000,7999.1,0.0010,2,0
33.8822,0.217624,59.994496,0.002410,0.0000,1.0000,8010.3,-0.0043,2,0
33.9424,0.217707,59.994495,0.002405,0.0000,1.0000,8020.9,-0.0096,2,0
34.0025,0.217791,59.994494,0.002399,0.0000,1.0000,8031.1,-0.0152,2,0
34.0627,0.217875,59.994492,0.002393,0.0000,1.0000,8041.1,-0.0207,2,0
34.1247,0.217959,59.994491,0.002388,0.0000,1.0000,8042.4,-0.0261,2,0
34.1858,0.218044,59.994489,0.002382,0.0000,1.0000,8047.2,-0.0316,2,0
34.2465,0.218128,59.994487,0.002376,0.0000,1.0000,8052.6,-0.0368,2,0
34.3051,0.218213,59.994486,0.002371,0.0000,1.0000,8066.9,-0.0419,2,0
34.3641,0.218298,59.994484,0.002365,0.0000,1.0000,8079.3,-0.0470,2,0
34.4233,0.218383,59.994483,0.002359,0.0000,1.0000,8091.2,-0.0520,2,0
34.4810,0.218468,59.994481,0.002354,0.0000,1.0000,8106.5,-0.0567,2,0
34.5368,0.218553,59.994480,0.002348,0.0000,0.9965,8132.7,-0.0614,2,0
34.5944,0.218638,59.994479,0.002342,0.0000,0.9965,8146.2,-0.0659,2,0
34.6508,0.218724,59.994478,0.002337,0.0000,0.9813,8164.8,-0.0702,2,0
34.7059,0.218809,59.994477,0.002331,0.0000,0.9813,8184.1,-0.0741,2,0
34.7617,0.218895,59.994476,0.002325,0.0000,0.9633,8196.1,-0.0779,2,0
34.8145,0.218981,59.994475,0.002320,0.0000,0.9633,8217.0,-0.0814,2,0
34.8684,0.219067,59.994474,0.002314,0.0000,0.9434,8235.1,-0.0848,2,0
34.9198,0.219153,59.994473,0.002308,0.0000,0.9434,8253.2,-0.0877,2,0
34.9699,0.219239,59.994472,0.002302,0.0000,0.9182,8276.2,-0.0901,2,0
35.0200,0.219326,59.994471,0.002297,0.0000,0.9182,8293.5,-0.0924,2,0
35.0694,0.219412,59.994470,0.002291,0.0000,0.8856,8303.0,-0.0943,2,0
35.1187,0.219499,59.994469,0.002285,0.0000,0.8856,8313.3,-0.0961,2,0
35.1657,0.219585,59.994467,0.002280,0.0000,0.8533,8326.6,-0.0980,2,0
35.2117,0.219672,59.994466,0.002274,0.0000,0.8533,8337.6,-0.0999,2,0
35.2547,0.219759,59.994465,0.002268,0.0000,0.8359,8354.4,-0.1014,2,0
35.2971,0.219846,59.994463,0.002262,0.0000,0.8359,8369.0,-0.1028,2,0
35.3400,0.219933,59.994462,0.002257,0.0000,0.8241,8375.8,-0.1040,2,0
35.3805,0.220021,59.994461,0.002251,0.0000,0.8241,8392.8,-0.1052,2,0
35.4221,0.220108,59.994460,0.002245,0.0000,0.8214,8406.1,-0.1064,2,0
35.4672,0.220196,59.994458,0.002239,0.0000,0.8214,8407.0,-0.1075,2,0
35.5085,0.220283,59.994457,0.002234,0.0000,0.8214,8419.1,-0.1083,2,0
35.5474,0.220371,59.994456,0.002228,0.0000,0.8214,8442.3,-0.1090,2,0
35.5901,0.220459,59.994454,0.002222,0.0000,0.8241,8446.8,-0.1094,2,0
35.6313,0.220546,59.994453,0.002216,0.0000,0.8241,8457.8,-0.1096,2,0
35.6744,0.220634,59.994451,0.002211,0.0000,0.8289,8463.8,-0.1097,2,0
35.7171,0.220723,59.994450,0.002205,0.0000,0.8289,8471.0,-0.1097,2,0
35.7585,0.220811,59.994448,0.002199,0.0000,0.8386,8488.2,-0.1093,2,0
35.8001,0.220899,59.994446,0.002193,0.0000,0.8386,8500.7,-0.1091,2,0
35.8431,0.220987,59.994445,0.002188,0.0000,0.8466,8508.9,-0.1091,2,0
35.8836,0.221076,59.994444,0.002182,0.0000,0.8466,8528.2,-0.1091,2,0
35.9253,0.221165,59.994442,0.002176,0.0000,0.8513,8542.9,-0.1092,2,0
35.9692,0.221253,59.994440,0.002170,0.0000,0.8513,8550.3,-0.1095,2,0
36.0098,0.221342,59.994439,0.002165,0.0000,0.8513,8568.3,-0.1098,2,0
36.0520,0.221431,59.994438,0.002159,0.0000,0.8513,8578.4,-0.1103,2,0
36.0943,0.221520,59.994436,0.002153,0.0000,0.8513,8588.0,-0.1108,2,0
36.1339,0.221609,59.994434,0.002147,0.0000,0.8513,8606.2,-0.1113,2,0
36.1771,0.221698,59.994433,0.002142,0.0000,0.8476,8613.4,-0.1116,2,0
36.2190,0.221788,59.994432,0.002136,0.0000,0.8476,8625.1,-0.1119,2,0
36.2585,0.221877,59.994430,0.002130,0.0000,0.8423,8639.4,-0.1119,2,0
36.2998,0.221967,59.994429,0.002124,0.0000,0.8423,8648.7,-0.1119,2,0
36.3399,0.222056,59.994427,0.002119,0.0000,0.8341,8659.9,-0.1117,2,0
36.3794,0.222146,59.994425,0.002113,0.0000,0.8341,8672.0,-0.1114,2,0
36.4202,0.222236,59.994424,0.002107,0.0000,0.8271,8679.0,-0.1107,2,0
36.4613,0.222326,59.994422,0.002101,0.0000,0.8271,8683.2,-0.1098,2,0
36.5016,0.222416,59.994420,0.002096,0.0000,0.8224,8688.6,-0.1086,2,0
36.5402,0.222506,59.994419,0.002090,0.0000,0.8224,8695.7,-0.1076,2,0
36.5790,0.222596,59.994417,0.002084,0.0000,0.8189,8706.7,-0.1067,2,0
36.6170,0.222687,59.994415,0.002078,0.0000,0.8189,8717.7,-0.1059,2,0
36.6551,0.222777,59.994413,0.002073,0.0000,0.8154,8726.2,-0.1054,2,0
36.6941,0.222867,59.994412,0.002067,0.0000,0.8154,8733.6,-0.1052,2,0
36.7332,0.222958,59.994410,0.002061,0.0000,0.8097,8736.7,-0.1055,2,0
36.7707,0.223049,59.994408,0.002056,0.0000,0.8097,8744.5,-0.1063,2,0
36.8079,0.223140,59.994406,0.002050,0.0000,0.8062,8752.6,-0.1076,2,0
36.8450,0.223230,59.994405,0.002044,0.0000,0.8062,8759.8,-0.1091,2,0
36.8825,0.223321,59.994403,0.002038,0.0000,0.8007,8765.0,-0.1108,2,0
36.9190,0.223412,59.994401,0.002033,0.0000,0.8007,8773.0,-0.1126,2,0
36.9552,0.223504,59.994399,0.002027,0.0000,0.7955,8778.4,-0.1145,2,0
36.9915,0.223595,59.994397,0.002021,0.0000,0.7955,8783.7,-0.1165,2,0
37.0266,0.223686,59.994396,0.002016,0.0000,0.7927,8792.2,-0.1184,2,0
37.0618,0.223778,59.994394,0.002010,0.0000,0.7927,8801.5,-0.1202,2,0
37.0971,0.223869,59.994392,0.002004,0.0000,0.7920,8809.4,-0.1218,2,0
37.1322,0.223961,59.994390,0.001999,0.0000,0.7920,8816.8,-0.1232,2,0
37.1672,0.224052,59.994389,0.001993,0.0000,0.7920,8823.4,-0.1246,2,0
37.2023,0.224144,59.994388,0.001987,0.0000,0.7920,8832.2,-0.1259,2,0
37.2366,0.224236,59.994386,0.001982,0.0000,0.7920,8841.3,-0.1270,2,0
37.2717,0.224328,59.994384,0.001976,0.0000,0.7920,8847.8,-0.1279,2,0
37.3051,0.224420,59.994383,0.001970,0.0000,0.7920,8859.7,-0.1285,2,0
37.3390,0.224512,59.994382,0.001965,0.0000,0.7920,8868.2,-0.1290,2,0
37.3727,0.224604,59.994380,0.001959,0.0000,0.7920,8876.9,-0.1297,2,0
37.4061,0.224696,59.994379,0.001953,0.0000,0.7920,8887.1,-0.1302,2,0
37.4401,0.224789,59.994377,0.001948,0.0000,0.7920,8895.6,-0.1307,2,0
37.4749,0.224881,59.994375,0.001942,0.0000,0.7920,8900.9,-0.1311,2,0
37.5080,0.224974,59.994373,0.001936,0.0000,0.7920,8910.7,-0.1316,2,0
37.5426,0.225066,59.994371,0.001931,0.0000,0.7920,8914.5,-0.1322,2,0
37.5760,0.225159,59.994369,0.001925,0.0000,0.7920,8923.6,-0.1332,2,0
37.6101,0.225252,59.994368,0.001920,0.0000,0.7920,8931.8,-0.1341,2,0
37.6445,0.225345,59.994366,0.001914,0.0000,0.7920,8937.2,-0.1354,2,0
37.6776,0.225438,59.994364,0.001908,0.0000,0.7920,8947.1,-0.1367,2,0
37.7107,0.225531,59.994362,0.001903,0.0000,0.7920,8953.9,-0.1383,2,0
37.7447,0.225624,59.994360,0.001897,0.0000,0.7920,8957.0,-0.1403,2,0
37.7763,0.225717,59.994358,0.001891,0.0000,0.7920,8967.4,-0.1423,2,0
37.8086,0.225810,59.994356,0.001886,0.0000,0.7920,8974.8,-0.1442,2,0
37.8412,0.225903,59.994354,0.001880,0.0000,0.7920,8978.4,-0.1459,2,0
37.8726,0.225997,59.994353,0.001875,0.0000,0.7920,8987.8,-0.1470,2,0
37.9045,0.226090,59.994351,0.001869,0.0000,0.7910,8995.4,-0.1480,2,0
37.9360,0.226184,59.994349,0.001864,0.0000,0.7910,9004.3,-0.1485,2,0
37.9670,0.226278,59.994347,0.001858,0.0000,0.7910,9015.6,-0.1484,2,0
37.9993,0.226371,59.994345,0.001853,0.0000,0.7910,9020.5,-0.1476,2,0
38.0307,0.226465,59.994344,0.001847,0.0000,0.7920,9029.2,-0.1461,2,0
38.0622,0.226559,59.994342,0.001841,0.0000,0.7920,9037.6,-0.1440,2,0
38.0938,0.226653,59.994340,0.001836,0.0000,0.7920,9045.6,-0.1415,2,0
38.1249,0.226747,59.994338,0.001830,0.0000,0.7920,9055.8,-0.1385,2,0
38.1566,0.226841,59.994335,0.001825,0.0000,0.7910,9064.8,-0.1353,2,0
38.1884,0.226935,59.994333,0.001819,0.0000,0.7910,9073.4,-0.1319,2,0
38.2199,0.227029,59.994330,0.001814,0.0000,0.7920,9082.7,-0.1287,2,0
38.2519,0.227124,59.994328,0.001808,0.0000,0.7920,9092.0,-0.1262,2,0
38.2848,0.227218,59.994326,0.001803,0.0000,0.7910,9098.2,-0.1245,2,0
38.3163,0.227313,59.994323,0.001797,0.0000,0.7910,9107.1,-0.1233,2,0
38.3485,0.227407,59.994321,0.001792,0.0000,0.7892,9115.9,-0.1229,2,0
38.3809,0.227502,59.994318,0.001786,0.0000,0.7892,9122.9,-0.1230,2,0
38.4127,0.227597,59.994316,0.001781,0.0000,0.7855,9129.7,-0.1239,2,0
38.4455,0.227692,59.994314,0.001776,0.0000,0.7855,9133.5,-0.1254,2,0
38.4775,0.227787,59.994312,0.001770,0.0000,0.7830,9138.2,-0.1275,2,0
38.5100,0.227881,59.994310,0.001765,0.0000,0.7830,9142.7,-0.1299,2,0
38.5420,0.227977,59.994308,0.001759,0.0000,0.7830,9146.4,-0.1326,2,0
38.5734,0.228072,59.994307,0.001754,0.0000,0.7830,9153.5,-0.1355,2,0
38.6056,0.228167,59.994305,0.001748,0.0000,0.7830,9156.0,-0.1386,2,0
38.6368,0.228262,59.994303,0.001743,0.0000,0.7830,9162.2,-0.1417,2,0
38.6673,0.228358,59.994301,0.001738,0.0000,0.7830,9169.8,-0.1446,2,0
38.6998,0.228453,59.994299,0.001732,0.0000,0.7830,9169.4,-0.1471,2,0
38.7314,0.228549,59.994297,0.001727,0.0000,0.7830,9171.7,-0.1491,2,0
38.7628,0.228644,59.994295,0.001721,0.0000,0.7830,9175.9,-0.1508,2,0
38.7944,0.228740,59.994292,0.001716,0.0000,0.7830,9178.3,-0.1521,2,0
38.8247,0.228836,59.994290,0.001711,0.0000,0.7830,9186.0,-0.1526,2,0
38.8563,0.228931,59.994288,0.001705,0.0000,0.7830,9189.7,-0.1527,2,0
38.8877,0.229027,59.994286,0.001700,0.0000,0.7830,9193.1,-0.1524,2,0
38.9180,0.229123,59.994283,0.001695,0.0000,0.7830,9198.6,-0.1518,2,0
38.9490,0.229219,59.994281,0.001689,0.0000,0.7830,9203.5,-0.1513,2,0
38.9789,0.229316,59.994279,0.001684,0.0000,0.7830,9210.1,-0.1507,2,0
39.0085,0.229412,59.994276,0.001679,0.0000,0.7830,9220.2,-0.1504,2,0
39.0385,0.229508,59.994274,0.001673,0.0000,0.0000,9211.0,-0.1500,2,0
39.0434,0.229604,59.994272,0.001668,0.0000,0.0000,9161.1,-0.1498,2,0
39.0393,0.229701,59.994269,0.001663,0.0000,0.0000,9111.4,-0.1499,2,0
39.0286,0.229797,59.994267,0.001657,0.0000,0.0000,9062.0,-0.1503,2,0
39.0199,0.229893,59.994264,0.001652,0.0000,0.0000,9012.7,-0.1509,2,0
39.0457,0.229989,59.994262,0.001647,0.0000,0.0000,8118.4,-0.1515,3,0
39.1048,0.230086,59.994260,0.001642,0.0000,0.7785,7657.5,-0.1522,3,0
39.1539,0.230183,59.994257,0.001636,0.0000,0.7785,7543.6,-0.1530,3,0
39.1894,0.230279,59.994255,0.001631,0.0000,0.7767,7534.6,-0.1538,3,0
39.2201,0.230376,59.994252,0.001626,0.0000,0.7767,7547.0,-0.1545,3,0
39.2511,0.230473,59.994250,0.001621,0.0000,0.7740,7556.9,-0.1551,3,0
39.2823,0.230570,59.994248,0.001615,0.0000,0.7740,7562.5,-0.1553,3,0
39.3127,0.230667,59.994245,0.001610,0.0000,0.7716,7571.9,-0.1554,3,0
39.3431,0.230764,59.994242,0.001605,0.0000,0.7716,7581.8,-0.1553,3,0
39.3734,0.230861,59.994240,0.001600,0.0000,0.7685,7590.7,-0.1547,3,0
39.4033,0.230958,59.994237,0.001595,0.0000,0.7685,7599.5,-0.1537,3,0
39.4335,0.231055,59.994235,0.001590,0.0000,0.7640,7606.5,-0.1521,3,0
39.4635,0.231153,59.994233,0.001584,0.0000,0.7640,7614.4,-0.1503,3,0
39.4938,0.231250,59.994230,0.001579,0.0000,0.7588,7621.4,-0.1482,3,0
39.5240,0.231347,59.994228,0.001574,0.0000,0.7588,7629.3,-0.1458,3,0
39.5545,0.231445,59.994225,0.001569,0.0000,0.7488,7636.8,-0.1433,3,0
39.5854,0.231543,59.994222,0.001564,0.0000,0.7488,7639.4,-0.1408,3,0
39.6161,0.231640,59.994220,0.001559,0.0000,0.7313,7642.0,-0.1384,3,0
39.6459,0.231738,59.994217,0.001554,0.0000,0.7313,7646.6,-0.1363,3,0
39.6753,0.231836,59.994215,0.001549,0.0000,0.7018,7649.7,-0.1347,3,0
39.7042,0.231934,59.994212,0.001544,0.0000,0.7018,7650.6,-0.1336,3,0
39.7321,0.232032,59.994210,0.001539,0.0000,0.6619,7648.5,-0.1331,3,0
39.7595,0.232130,59.994208,0.001534,0.0000,0.6619,7643.2,-0.1331,3,0
39.7856,0.232228,59.994205,0.001529,0.0000,0.6258,7639.1,-0.1340,3,0
39.8107,0.232326,59.994203,0.001523,0.0000,0.6258,7632.6,-0.1354,3,0
39.8332,0.232425,59.994200,0.001518,0.0000,0.5727,7629.9,-0.1373,3,0
39.8550,0.232523,59.994197,0.001513,0.0000,0.5727,7623.7,-0.1393,3,0
39.8759,0.232621,59.994195,0.001509,0.0000,0.5363,7612.3,-0.1417,3,0
39.8955,0.232720,59.994192,0.001504,0.0000,0.5363,7604.3,-0.1445,3,0
39.9142,0.232818,59.994190,0.001499,0.0000,0.5231,7597.5,-0.1472,3,0
39.9319,0.232917,59.994187,0.001494,0.0000,0.5231,7592.5,-0.1500,3,0
39.9482,0.233015,59.994185,0.001489,0.0000,0.5176,7593.5,-0.1525,3,0
39.9643,0.233114,59.994183,0.001484,0.0000,0.5176,7594.0,-0.1550,3,0
39.9808,0.233212,59.994180,0.001479,0.0000,0.5193,7592.9,-0.1572,3,0
39.9969,0.233311,59.994177,0.001474,0.0000,0.5193,7593.8,-0.1592,3,0
40.0141,0.233410,59.994175,0.001469,0.0000,0.5265,7590.1,-0.1606,3,0
40.0300,0.233508,59.994172,0.001464,0.0000,0.5265,7592.5,-0.1617,3,0
40.0460,0.233607,59.994170,0.001459,0.0000,0.5380,7595.8,-0.1621,3,0
40.0625,0.233706,59.994167,0.001455,0.0000,0.5380,7599.4,-0.1623,3,0
40.0796,0.233805,59.994165,0.001450,0.0000,0.5460,7603.4,-0.1622,3,0
40.0971,0.233904,59.994163,0.001445,0.0000,0.5460,7604.9,-0.1616,3,0
40.1147,0.234003,59.994160,0.001440,0.0000,0.5540,7609.3,-0.1607,3,0
40.1320,0.234102,59.994158,0.001435,0.0000,0.5540,7612.8,-0.1596,3,0
40.1499,0.234201,59.994155,0.001431,0.0000,0.5540,7616.3,-0.1586,3,0
40.1679,0.234300,59.994152,0.001426,0.0000,0.5540,7620.5,-0.1577,3,0
40.1861,0.234399,59.994150,0.001421,0.0000,0.5513,7622.9,-0.1569,3,0
40.2040,0.234498,59.994147,0.001416,0.0000,0.5513,7624.5,-0.1563,3,0
40.2216,0.234597,59.994144,0.001412,0.0000,0.5495,7626.9,-0.1558,3,0
40.2392,0.234696,59.994141,0.001407,0.0000,0.5495,7630.1,-0.1557,3,0
40.2564,0.234796,59.994138,0.001402,0.0000,0.5495,7634.9,-0.1559,3,0
40.2745,0.234895,59.994135,0.001398,0.0000,0.5495,7636.4,-0.1564,3,0
40.2925,0.234994,59.994132,0.001393,0.0000,0.5478,7637.9,-0.1572,3,0
40.3097,0.235094,59.994129,0.001388,0.0000,0.5478,7639.8,-0.1581,3,0
40.3269,0.235193,59.994126,0.001383,0.0000,0.5450,7642.9,-0.1593,3,0
40.3444,0.235293,59.994123,0.001379,0.0000,0.5450,7645.6,-0.1609,3,0
40.3618,0.235392,59.994120,0.001374,0.0000,0.5398,7647.2,-0.1624,3,0
40.3787,0.235492,59.994117,0.001370,0.0000,0.5398,7649.4,-0.1638,3,0
40.3949,0.235592,59.994114,0.001365,0.0000,0.5380,7652.7,-0.1651,3,0
40.4116,0.235691,59.994111,0.001361,0.0000,0.5380,7655.9,-0.1663,3,0
40.4285,0.235791,59.994108,0.001356,0.0000,0.5363,7658.8,-0.1676,3,0
40.4452,0.235891,59.994105,0.001351,0.0000,0.5363,7662.4,-0.1686,3,0
40.4623,0.235991,59.994102,0.001347,0.0000,0.5328,7664.2,-0.1692,3,0
40.4784,0.236090,59.994099,0.001342,0.0000,0.5328,7667.2,-0.1696,3,0
40.4940,0.236190,59.994096,0.001338,0.0000,0.5206,7670.3,-0.1698,3,0
40.5099,0.236290,59.994093,0.001333,0.0000,0.5206,7672.2,-0.1698,3,0
40.5260,0.236390,59.994090,0.001329,0.0000,0.5029,7671.2,-0.1694,3,0
40.5413,0.236490,59.994087,0.001324,0.0000,0.5029,7669.8,-0.1686,3,0
40.5551,0.236590,59.994084,0.001320,0.0000,0.4647,7667.0,-0.1673,3,0
40.5675,0.236690,59.994081,0.001316,0.0000,0.4647,7664.3,-0.1658,3,0
40.5791,0.236790,59.994078,0.001311,0.0000,0.4229,7660.9,-0.1643,3,0
40.5902,0.236890,59.994075,0.001307,0.0000,0.4229,7655.3,-0.1626,3,0
40.5998,0.236991,59.994072,0.001302,0.0000,0.3875,7650.5,-0.1607,3,0
40.6077,0.237091,59.994069,0.001298,0.0000,0.3875,7645.7,-0.1589,3,0
40.6144,0.237191,59.994066,0.001294,0.0000,0.3626,7642.6,-0.1574,3,0
40.6212,0.237291,59.994063,0.001289,0.0000,0.3626,7638.7,-0.1563,3,0
40.6268,0.237391,59.994060,0.001285,0.0000,0.3459,7637.9,-0.1554,3,0
40.6317,0.237492,59.994057,0.001281,0.0000,0.3459,7637.0,-0.1550,3,0
40.6357,0.237592,59.994055,0.001276,0.0000,0.3334,7637.8,-0.1549,3,0
40.6393,0.237692,59.994052,0.001272,0.0000,0.3334,7638.6,-0.1555,3,0
40.6424,0.237792,59.994050,0.001268,0.0000,0.3237,7640.0,-0.1567,3,0
40.6455,0.237892,59.994047,0.001264,0.0000,0.3237,7639.5,-0.1580,3,0
40.6487,0.237993,59.994044,0.001260,0.0000,0.3202,7640.3,-0.1595,3,0
40.6506,0.238093,59.994042,0.001255,0.0000,0.3202,7644.1,-0.1612,3,0
40.6517,0.238193,59.994039,0.001251,0.0000,0.3244,7649.1,-0.1631,3,0
40.6535,0.238294,59.994037,0.001247,0.0000,0.3244,7653.3,-0.1649,3,0
40.6556,0.238394,59.994034,0.001243,0.0000,0.3371,7657.5,-0.1666,3,0
40.6581,0.238494,59.994031,0.001239,0.0000,0.3371,7661.3,-0.1679,3,0
40.6597,0.238594,59.994028,0.001235,0.0000,0.3469,7668.4,-0.1691,3,0
40.6619,0.238695,59.994025,0.001231,0.0000,0.3469,7671.6,-0.1699,3,0
40.6649,0.238795,59.994022,0.001227,0.0000,0.3538,7674.3,-0.1704,3,0
40.6677,0.238895,59.994018,0.001223,0.0000,0.3538,7677.9,-0.1706,3,0
40.6712,0.238996,59.994015,0.001219,0.0000,0.3653,7680.3,-0.1702,3,0
40.6747,0.239096,59.994012,0.001215,0.0000,0.3653,7682.3,-0.1692,3,0
40.6777,0.239196,59.994009,0.001211,0.0000,0.3812,7686.9,-0.1679,3,0
40.6814,0.239297,59.994006,0.001206,0.0000,0.3812,7692.4,-0.1664,3,0
40.6857,0.239397,59.994003,0.001202,0.0000,0.4009,7697.3,-0.1644,3,0
40.6910,0.239497,59.994000,0.001199,0.0000,0.4009,7703.3,-0.1621,3,0
40.6961,0.239598,59.993997,0.001195,0.0000,0.4151,7708.7,-0.1596,3,0
40.7015,0.239698,59.993994,0.001191,0.0000,0.4151,7715.6,-0.1572,3,0
40.7076,0.239798,59.993991,0.001187,0.0000,0.4321,7722.1,-0.1551,3,0
40.7148,0.239899,59.993988,0.001183,0.0000,0.4321,7727.6,-0.1532,3,0
40.7223,0.239999,59.993985,0.001180,0.0000,0.4453,7733.5,-0.1516,3,0
40.7301,0.240100,59.993982,0.001176,0.0000,0.4453,7739.6,-0.1502,3,0
40.7380,0.240200,59.993979,0.001172,0.0000,0.4543,7745.6,-0.1495,3,0
40.7463,0.240301,59.993976,0.001168,0.0000,0.4543,7751.0,-0.1492,3,0
40.7544,0.240401,59.993973,0.001164,0.0000,0.4630,7756.3,-0.1491,3,0
40.7626,0.240502,59.993970,0.001161,0.0000,0.4630,7761.6,-0.1490,3,0
40.7713,0.240602,59.993966,0.001157,0.0000,0.4675,7765.0,-0.1489,3,0
40.7797,0.240703,59.993963,0.001153,0.0000,0.4675,7769.6,-0.1488,3,0
40.7887,0.240804,59.993960,0.001150,0.0000,0.4717,7771.8,-0.1488,3,0
40.7976,0.240904,59.993956,0.001146,0.0000,0.4717,7776.3,-0.1484,3,0
40.8076,0.241005,59.993953,0.001142,0.0000,0.4745,7779.7,-0.1474,3,0
40.8175,0.241106,59.993950,0.001139,0.0000,0.4745,7783.5,-0.1457,3,0
40.8275,0.241206,59.993947,0.001135,0.0000,0.4797,7786.6,-0.1434,3,0
40.8374,0.241307,59.993943,0.001132,0.0000,0.4797,7790.9,-0.1405,3,0
40.8488,0.241408,59.993940,0.001128,0.0000,0.4869,7792.7,-0.1366,3,0
40.8596,0.241509,59.993937,0.001124,0.0000,0.4869,7798.3,-0.1321,3,0
40.8712,0.241609,59.993934,0.001121,0.0000,0.4949,7801.5,-0.1270,3,0
40.8830,0.241710,59.993930,0.001118,0.0000,0.4949,7804.6,-0.1217,3,0
40.8957,0.241811,59.993927,0.001114,0.0000,0.5029,7806.1,-0.1165,3,0
40.9091,0.241912,59.993924,0.001111,0.0000,0.5029,7807.6,-0.1114,3,0
40.9220,0.242013,59.993921,0.001107,0.0000,0.5098,7812.7,-0.1064,3,0
40.9357,0.242114,59.993918,0.001104,0.0000,0.5098,7814.5,-0.1017,3,0
40.9498,0.242215,59.993914,0.001100,0.0000,0.5165,7814.8,-0.0973,3,0
40.9635,0.242316,59.993911,0.001097,0.0000,0.5165,7819.2,-0.0937,3,0
40.9783,0.242417,59.993908,0.001093,0.0000,0.5231,7820.4,-0.0905,3,0
40.9936,0.242518,59.993905,0.001090,0.0000,0.5231,7820.6,-0.0878,3,0
41.0088,0.242619,59.993901,0.001087,0.0000,0.5328,7822.1,-0.0858,3,0
41.0237,0.242720,59.993898,0.001084,0.0000,0.5328,7823.2,-0.0844,3,0
41.0385,0.242822,59.993894,0.001080,0.0000,0.5415,7826.5,-0.0837,3,0
41.0544,0.242923,59.993891,0.001077,0.0000,0.5415,7828.6,-0.0836,3,0
41.0704,0.243024,59.993888,0.001074,0.0000,0.5530,7830.4,-0.0840,3,0
41.0867,0.243126,59.993884,0.001071,0.0000,0.5530,7833.0,-0.0848,3,0
41.1035,0.243227,59.993881,0.001067,0.0000,0.5645,7834.8,-0.0861,3,0
41.1196,0.243328,59.993877,0.001064,0.0000,0.5645,7840.9,-0.0879,3,0
41.1368,0.243430,59.993874,0.001061,0.0000,0.5779,7844.6,-0.0899,3,0
41.1558,0.243531,59.993871,0.001058,0.0000,0.5779,7843.3,-0.0920,3,0
41.1736,0.243633,59.993867,0.001055,0.0000,0.5911,7848.3,-0.0942,3,0
41.1919,0.243734,59.993864,0.001051,0.0000,0.5911,7851.7,-0.0963,3,0
41.2112,0.243836,59.993860,0.001048,0.0000,0.6043,7854.0,-0.0987,3,0
41.2312,0.243938,59.993857,0.001045,0.0000,0.6043,7856.4,-0.1009,3,0
41.2521,0.244040,59.993854,0.001042,0.0000,0.6141,7856.9,-0.1030,3,0
41.2723,0.244141,59.993850,0.001039,0.0000,0.6141,7861.7,-0.1050,3,0
41.2931,0.244243,59.993847,0.001036,0.0000,0.6276,7865.6,-0.1069,3,0
41.3142,0.244345,59.993843,0.001033,0.0000,0.6276,7870.9,-0.1089,3,0
41.3359,0.244447,59.993840,0.001030,0.0000,0.6408,7876.2,-0.1106,3,0
41.3590,0.244549,59.993837,0.001027,0.0000,0.6408,7877.6,-0.1121,3,0
41.3810,0.244651,59.993833,0.001024,0.0000,0.6540,7885.3,-0.1133,3,0
41.4033,0.244753,59.993829,0.001021,0.0000,0.6540,7891.4,-0.1142,3,0
41.4267,0.244855,59.993826,0.001018,0.0000,0.6645,7894.8,-0.1148,3,0
41.4503,0.244958,59.993823,0.001015,0.0000,0.6645,7899.9,-0.1150,3,0
41.4751,0.245060,59.993819,0.001012,0.0000,0.6745,7901.1,-0.1146,3,0
41.4989,0.245162,59.993816,0.001009,0.0000,0.6745,7906.8,-0.1136,3,0
41.5232,0.245265,59.993812,0.001006,0.0000,0.6848,7911.8,-0.1122,3,0
41.5483,0.245367,59.993809,0.001003,0.0000,0.6848,7916.1,-0.1105,3,0
41.5730,0.245470,59.993805,0.001000,0.0000,0.6919,7922.1,-0.1084,3,0
41.5990,0.245572,59.993802,0.000997,0.0000,0.6919,7925.9,-0.1061,3,0
41.6253,0.245675,59.993798,0.000995,0.0000,0.7009,7929.6,-0.1038,3,0
41.6514,0.245778,59.993794,0.000992,0.0000,0.7009,7936.3,-0.1014,3,0
41.6782,0.245881,59.993791,0.000989,0.0000,0.7072,7940.4,-0.0996,3,0
41.7048,0.245983,59.993787,0.000986,0.0000,0.7072,7946.8,-0.0980,3,0
41.7319,0.246086,59.993784,0.000983,0.0000,0.7116,7951.4,-0.0970,3,0
41.7597,0.246189,59.993780,0.000981,0.0000,0.7116,7955.7,-0.0966,3,0
41.7860,0.246292,59.993777,0.000978,0.0000,0.7144,7962.9,-0.0966,3,0
41.8138,0.246396,59.993773,0.000975,0.0000,0.7144,7966.2,-0.0975,3,0
41.8404,0.246499,59.993770,0.000972,0.0000,0.7169,7971.9,-0.0987,3,0
41.8672,0.246602,59.993767,0.000970,0.0000,0.7169,7976.4,-0.1001,3,0
41.8942,0.246705,59.993763,0.000967,0.0000,0.7204,7980.8,-0.1018,3,0
41.9201,0.246809,59.993760,0.000964,0.0000,0.7204,7987.9,-0.1035,3,0
41.9474,0.246912,59.993756,0.000962,0.0000,0.7248,7992.2,-0.1054,3,0
41.9736,0.247016,59.993753,0.000959,0.0000,0.7248,7997.6,-0.1073,3,0
42.0002,0.247119,59.993750,0.000956,0.0000,0.7301,8003.9,-0.1089,3,0
42.0275,0.247223,59.993746,0.000954,0.0000,0.7301,8008.1,-0.1103,3,0
42.0540,0.247327,59.993743,0.000951,0.0000,0.7373,8015.8,-0.1116,3,0
42.0814,0.247430,59.993739,0.000948,0.0000,0.7373,8022.5,-0.1127,3,0
42.1086,0.247534,59.993736,0.000946,0.0000,0.7463,8031.1,-0.1137,3,0
42.1364,0.247638,59.993732,0.000943,0.0000,0.7463,8037.7,-0.1143,3,0
42.1643,0.247742,59.993729,0.000941,0.0000,0.7553,8044.0,-0.1146,3,0
42.1920,0.247846,59.993725,0.000938,0.0000,0.7553,8053.4,-0.1150,3,0
42.2206,0.247950,59.993722,0.000935,0.0000,0.7650,8059.8,-0.1152,3,0
42.2486,0.248055,59.993718,0.000933,0.0000,0.7650,8069.0,-0.1153,3,0
42.2774,0.248159,59.993714,0.000930,0.0000,0.7775,8076.4,-0.1153,3,0
42.3061,0.248263,59.993711,0.000928,0.0000,0.7775,8084.1,-0.1153,3,0
42.3351,0.248368,59.993707,0.000925,0.0000,0.7909,8092.9,-0.1153,3,0
42.3646,0.248472,59.993704,0.000923,0.0000,0.7909,8101.5,-0.1153,3,0
42.3937,0.248577,59.993700,0.000920,0.0000,0.8019,8113.6,-0.1152,3,0
42.4233,0.248681,59.993696,0.000918,0.0000,0.8019,8125.1,-0.1151,3,0
42.4540,0.248786,59.993693,0.000916,0.0000,0.8134,8132.8,-0.1148,3,0
42.4846,0.248891,59.993689,0.000913,0.0000,0.8134,8141.9,-0.1146,3,0
42.5160,0.248996,59.993686,0.000911,0.0000,0.8241,8150.5,-0.1144,3,0
42.5470,0.249101,59.993682,0.000909,0.0000,0.8241,8162.4,-0.1142,3,0
42.5794,0.249206,59.993678,0.000906,0.0000,0.8366,8169.4,-0.1137,3,0
42.6118,0.249311,59.993675,0.000904,0.0000,0.8366,8176.0,-0.1132,3,0
42.6440,0.249416,59.993671,0.000901,0.0000,0.8466,8186.7,-0.1127,3,0
42.6770,0.249521,59.993668,0.000899,0.0000,0.8466,8194.5,-0.1122,3,0
42.7097,0.249627,59.993664,0.000897,0.0000,0.8565,8204.1,-0.1114,3,0
42.7430,0.249732,59.993660,0.000895,0.0000,0.8565,8211.0,-0.1104,3,0
42.7754,0.249838,59.993656,0.000892,0.0000,0.8655,8220.6,-0.1092,3,0
42.8078,0.249943,59.993653,0.000890,0.0000,0.8655,8232.8,-0.1078,3,0
42.8418,0.250049,59.993649,0.000888,0.0000,0.8730,8238.2,-0.1062,3,0
42.8748,0.250155,59.993645,0.000886,0.0000,0.8730,8248.6,-0.1042,3,0
42.9086,0.250260,59.993641,0.000883,0.0000,0.8783,8254.2,-0.1019,3,0
42.9424,0.250366,59.993637,0.000881,0.0000,0.8783,8264.1,-0.0995,3,0
42.9768,0.250472,59.993634,0.000879,0.0000,0.8855,8271.9,-0.0973,3,0
43.0120,0.250578,59.993630,0.000877,0.0000,0.8855,8279.5,-0.0949,3,0
43.0462,0.250685,59.993626,0.000875,0.0000,0.8910,8291.3,-0.0925,3,0
43.0815,0.250791,59.993622,0.000873,0.0000,0.8910,8297.5,-0.0901,3,0
43.1169,0.250897,59.993618,0.000870,0.0000,0.8945,8304.7,-0.0880,3,0
43.1510,0.251004,59.993614,0.000868,0.0000,0.8945,8316.4,-0.0860,3,0
43.1859,0.251110,59.993610,0.000866,0.0000,0.8972,8326.6,-0.0839,3,0
43.2201,0.251217,59.993606,0.000864,0.0000,0.8972,8338.1,-0.0820,3,0
43.2559,0.251323,59.993603,0.000862,0.0000,0.8972,8340.4,-0.0798,3,0
43.2910,0.251430,59.993599,0.000860,0.0000,0.8972,8347.1,-0.0779,3,0
43.3263,0.251537,59.993595,0.000858,0.0000,0.8972,8353.3,-0.0759,3,0
43.3613,0.251644,59.993591,0.000856,0.0000,0.8972,8360.6,-0.0737,3,0
43.3948,0.251751,59.993587,0.000854,0.0000,0.8972,8371.9,-0.0714,3,0
43.4308,0.251858,59.993584,0.000852,0.0000,0.8972,8374.2,-0.0688,3,0
43.4657,0.251965,59.993580,0.000850,0.0000,0.8972,8381.4,-0.0662,3,0
43.5004,0.252073,59.993577,0.000848,0.0000,0.8972,8388.4,-0.0634,3,0
43.5346,0.252180,59.993573,0.000846,0.0000,0.8972,8398.0,-0.0604,3,0
43.5693,0.252288,59.993570,0.000844,0.0000,0.8972,8407.1,-0.0572,3,0
43.6048,0.252395,59.993567,0.000842,0.0000,0.8980,8409.1,-0.0538,3,0
43.6402,0.252503,59.993563,0.000840,0.0000,0.8980,8416.7,-0.0504,3,0
43.6758,0.252610,59.993560,0.000839,0.0000,0.8980,8421.3,-0.0469,3,0
43.7102,0.252718,59.993556,0.000837,0.0000,0.8980,8432.4,-0.0434,3,0
43.7457,0.252826,59.993553,0.000835,0.0000,0.8980,8435.4,-0.0397,3,0
43.7819,0.252934,59.993549,0.000833,0.0000,0.8980,8437.4,-0.0362,3,0
43.8175,0.253042,59.993544,0.000831,0.0000,0.8972,8447.0,-0.0327,3,0
43.8540,0.253150,59.993540,0.000829,0.0000,0.8972,8452.2,-0.0290,3,0
43.8899,0.253259,59.993536,0.000828,0.0000,0.8972,8461.0,-0.0254,3,0
43.9268,0.253367,59.993532,0.000826,0.0000,0.8972,8462.6,-0.0216,3,0
43.9622,0.253475,59.993527,0.000824,0.0000,0.8980,8468.4,-0.0176,3,0
43.9998,0.253584,59.993523,0.000822,0.0000,0.8980,8472.9,-0.0134,3,0
44.0372,0.253693,59.993519,0.000821,0.0000,0.8972,8473.2,-0.0089,3,0
44.0736,0.253801,59.993514,0.000819,0.0000,0.8972,8475.8,-0.0042,3,0
44.1113,0.253910,59.993510,0.000817,0.0000,0.8980,8472.2,0.0008,3,0
44.1489,0.254019,59.993506,0.000815,0.0000,0.8980,8473.6,0.0056,3,0
44.1875,0.254128,59.993503,0.000814,0.0000,0.8972,8470.3,0.0103,3,0
44.2261,0.254237,59.993499,0.000812,0.0000,0.8972,8466.1,0.0145,3,0
44.2646,0.254346,59.993495,0.000810,0.0000,0.8972,8462.7,0.0183,3,0
44.3037,0.254455,59.993492,0.000809,0.0000,0.8972,8455.8,0.0215,3,0
44.3428,0.254565,59.993488,0.000807,0.0000,0.8973,8452.4,0.0240,3,0
44.3819,0.254674,59.993484,0.000806,0.0000,0.8973,8447.9,0.0258,3,0
44.4201,0.254784,59.993480,0.000804,0.0000,0.8973,8447.5,0.0271,3,0
44.4587,0.254894,59.993477,0.000802,0.0000,0.8973,8444.3,0.0280,3,0
44.4983,0.255003,59.993473,0.000801,0.0000,0.8980,8437.8,0.0286,3,0
44.5369,0.255113,59.993469,0.000799,0.0000,0.8980,8437.0,0.0292,3,0
44.5759,0.255223,59.993465,0.000797,0.0000,0.9000,8433.9,0.0301,3,0
44.6141,0.255333,59.993462,0.000796,0.0000,0.9000,8434.6,0.0314,3,0
44.6517,0.255443,59.993458,0.000794,0.0000,0.9027,8439.4,0.0332,3,0
44.6884,0.255553,59.993454,0.000793,0.0000,0.9027,8447.9,0.0358,3,0
44.7243,0.255664,59.993450,0.000791,0.0000,0.9062,8459.7,0.0393,3,0
44.7603,0.255774,59.993446,0.000789,0.0000,0.9062,8471.7,0.0435,3,0
44.7951,0.255885,59.993443,0.000788,0.0000,0.9099,8488.6,0.0484,3,0
44.8300,0.255995,59.993439,0.000786,0.0000,0.9099,8504.8,0.0539,3,0
44.8649,0.256106,59.993435,0.000785,0.0000,0.9144,8520.1,0.0597,3,0
44.8991,0.256217,59.993431,0.000783,0.0000,0.9144,8535.4,0.0656,3,0
44.9341,0.256327,59.993427,0.000781,0.0000,0.9162,8547.9,0.0717,3,0
44.9692,0.256438,59.993424,0.000779,0.0000,0.9162,8561.1,0.0779,3,0
45.0027,0.256549,59.993420,0.000778,0.0000,0.9182,8572.3,0.0840,3,0
45.0366,0.256660,59.993416,0.000776,0.0000,0.9182,8584.7,0.0900,3,0
45.0700,0.256772,59.993412,0.000774,0.0000,0.9182,8596.8,0.0960,3,0
45.1042,0.256883,59.993408,0.000773,0.0000,0.9182,8606.0,0.1023,3,0
45.1383,0.256994,59.993405,0.000771,0.0000,0.9182,8615.7,0.1086,3,0
45.1734,0.257106,59.993401,0.000769,0.0000,0.9182,8623.6,0.1147,3,0
45.2083,0.257217,59.993397,0.000768,0.0000,0.9182,8633.6,0.1208,3,0
45.2430,0.257329,59.993393,0.000766,0.0000,0.9182,8642.6,0.1267,3,0
45.2775,0.257440,59.993389,0.000764,0.0000,0.9182,8652.5,0.1327,3,0
45.3123,0.257552,59.993384,0.000762,0.0000,0.9182,8660.8,0.1383,3,0
45.3473,0.257664,59.993380,0.000760,0.0000,0.9144,8670.0,0.1436,3,0
45.3822,0.257776,59.993376,0.000758,0.0000,0.9144,8680.6,0.1486,3,0
45.4170,0.257888,59.993372,0.000757,0.0000,0.9000,8689.2,0.1535,3,0
45.4515,0.258000,59.993368,0.000755,0.0000,0.9000,8695.0,0.1581,3,0
45.4871,0.258112,59.993363,0.000753,0.0000,0.8721,8696.5,0.1622,3,0
45.5197,0.258225,59.993359,0.000751,0.0000,0.8721,8703.0,0.1656,3,0
45.5523,0.258337,59.993355,0.000749,0.0000,0.8297,8705.1,0.1685,3,0
45.5829,0.258449,59.993351,0.000747,0.0000,0.8297,8706.5,0.1708,3,0
45.6119,0.258562,59.993347,0.000745,0.0000,0.7875,8707.9,0.1724,3,0
45.6408,0.258674,59.993344,0.000743,0.0000,0.7875,8698.8,0.1730,3,0
45.6680,0.258787,59.993340,0.000741,0.0000,0.7348,8688.8,0.1731,3,0
45.6932,0.258900,59.993336,0.000739,0.0000,0.7348,8679.8,0.1725,3,0
45.7162,0.259013,59.993332,0.000737,0.0000,0.6902,8674.0,0.1714,3,0
45.7378,0.259125,59.993328,0.000735,0.0000,0.6902,8670.5,0.1697,3,0
45.7575,0.259238,59.993325,0.000733,0.0000,0.6495,8669.6,0.1678,3,0
45.7761,0.259351,59.993321,0.000731,0.0000,0.6495,8667.4,0.1656,3,0
45.7942,0.259464,59.993317,0.000729,0.0000,0.6090,8662.2,0.1638,3,0
45.8119,0.259577,59.993313,0.000727,0.0000,0.6090,8655.0,0.1619,3,0
45.8285,0.259690,59.993309,0.000725,0.0000,0.5701,8649.1,0.1601,3,0
45.8419,0.259803,59.993304,0.000723,0.0000,0.5701,8650.3,0.1587,3,0
45.8560,0.259916,59.993300,0.000721,0.0000,0.5364,8646.1,0.1577,3,0
45.8696,0.260029,59.993296,0.000719,0.0000,0.5364,8639.5,0.1570,3,0
45.8820,0.260143,59.993292,0.000716,0.0000,0.5123,8636.0,0.1566,3,0
45.8931,0.260256,59.993288,0.000714,0.0000,0.5123,8633.9,0.1564,3,0
45.9030,0.260369,59.993283,0.000712,0.0000,0.4772,8631.7,0.1566,3,0
45.9135,0.260482,59.993279,0.000710,0.0000,0.4772,8623.3,0.1573,3,0
45.9226,0.260595,59.993275,0.000708,0.0000,0.4381,8615.1,0.1582,3,0
45.9300,0.260709,59.993271,0.000705,0.0000,0.4381,8606.4,0.1590,3,0
45.9354,0.260822,59.993267,0.000703,0.0000,0.4221,8601.9,0.1599,3,0
45.9404,0.260935,59.993264,0.000701,0.0000,0.4221,8597.4,0.1609,3,0
45.9452,0.261049,59.993260,0.000698,0.0000,0.4303,8594.2,0.1617,3,0
45.9491,0.261162,59.993256,0.000696,0.0000,0.4303,8594.8,0.1620,3,0
45.9527,0.261275,59.993252,0.000694,0.0000,0.4363,8599.1,0.1619,3,0
45.9564,0.261389,59.993248,0.000691,0.0000,0.4363,8603.8,0.1614,3,0
45.9607,0.261502,59.993245,0.000689,0.0000,0.4363,8606.1,0.1606,3,0
45.9651,0.261615,59.993241,0.000687,0.0000,0.4363,8609.0,0.1590,3,0
45.9692,0.261729,59.993237,0.000684,0.0000,0.4363,8613.0,0.1570,3,0
45.9726,0.261842,59.993233,0.000682,0.0000,0.4363,8618.4,0.1545,3,0
45.9761,0.261956,59.993230,0.000679,0.0000,0.4398,8623.5,0.1518,3,0
45.9807,0.262069,59.993226,0.000677,0.0000,0.4398,8625.3,0.1489,3,0
45.9848,0.262182,59.993222,0.000674,0.0000,0.4505,8631.1,0.1457,3,0
45.9897,0.262296,59.993218,0.000672,0.0000,0.4505,8634.0,0.1426,3,0
45.9942,0.262409,59.993215,0.000669,0.0000,0.4675,8642.3,0.1402,3,0
45.9985,0.262523,59.993211,0.000667,0.0000,0.4675,8654.8,0.1383,3,0
46.0034,0.262636,59.993207,0.000664,0.0000,0.4861,8665.3,0.1369,3,0
46.0095,0.262750,59.993204,0.000662,0.0000,0.4861,8671.5,0.1362,3,0
46.0168,0.262863,59.993200,0.000659,0.0000,0.4994,8674.5,0.1361,3,0
46.0238,0.262977,59.993196,0.000656,0.0000,0.4994,8679.7,0.1369,3,0
46.0305,0.263090,59.993192,0.000653,0.0000,0.5056,8686.2,0.1382,3,0
46.0375,0.263204,59.993188,0.000651,0.0000,0.5056,8693.8,0.1398,3,0
46.0450,0.263317,59.993184,0.000648,0.0000,0.5056,8697.9,0.1418,3,0
46.0535,0.263431,59.993180,0.000645,0.0000,0.5056,8699.5,0.1443,3,0
46.0614,0.263545,59.993176,0.000643,0.0000,0.5063,8704.7,0.1470,3,0
46.0692,0.263658,59.993172,0.000640,0.0000,0.5063,8709.1,0.1498,3,0
46.0771,0.263772,59.993168,0.000637,0.0000,0.5056,8713.3,0.1524,3,0
46.0855,0.263886,59.993164,0.000634,0.0000,0.5056,8715.7,0.1551,3,0
46.0939,0.263999,59.993160,0.000632,0.0000,0.5056,8718.0,0.1577,3,0
46.1026,0.264113,59.993156,0.000629,0.0000,0.5056,8719.5,0.1598,3,0
46.1114,0.264227,59.993152,0.000626,0.0000,0.5056,8719.8,0.1615,3,0
46.1193,0.264340,59.993148,0.000623,0.0000,0.5056,8720.5,0.1627,3,0
46.1274,0.264454,59.993144,0.000620,0.0000,0.5063,8721.8,0.1636,3,0
46.1358,0.264568,59.993140,0.000617,0.0000,0.5063,8723.4,0.1639,3,0
46.1440,0.264682,59.993136,0.000614,0.0000,0.5091,8724.5,0.1639,3,0
46.1530,0.264796,59.993132,0.000611,0.0000,0.5091,8724.8,0.1631,3,0
46.1617,0.264910,59.993128,0.000608,0.0000,0.5158,8724.5,0.1622,3,0
46.1707,0.265023,59.993124,0.000605,0.0000,0.5158,8726.3,0.1611,3,0
46.1800,0.265137,59.993120,0.000602,0.0000,0.5248,8727.6,0.1598,3,0
46.1895,0.265251,59.993116,0.000599,0.0000,0.5248,8729.8,0.1581,3,0
46.1996,0.265365,59.993112,0.000596,0.0000,0.5408,8730.2,0.1563,3,0
46.2102,0.265479,59.993108,0.000593,0.0000,0.5408,8731.5,0.1546,3,0
46.2211,0.265593,59.993104,0.000589,0.0000,0.5610,8735.6,0.1528,3,0
46.2337,0.265707,59.993100,0.000586,0.0000,0.5610,8738.7,0.1509,3,0
46.2453,0.265821,59.993096,0.000583,0.0000,0.5849,8745.2,0.1488,3,0
46.2587,0.265935,59.993092,0.000580,0.0000,0.5849,8748.1,0.1469,3,0
46.2730,0.266050,59.993088,0.000577,0.0000,0.6053,8752.3,0.1451,3,0
46.2881,0.266164,59.993084,0.000574,0.0000,0.6053,8755.9,0.1436,3,0
46.3031,0.266278,59.993080,0.000571,0.0000,0.6223,8761.5,0.1421,3,0
46.3183,0.266392,59.993076,0.000567,0.0000,0.6223,8766.8,0.1410,3,0
46.3343,0.266506,59.993072,0.000564,0.0000,0.6380,8770.6,0.1404,3,0
46.3513,0.266621,59.993069,0.000561,0.0000,0.6380,8774.2,0.1402,3,0
46.3685,0.266735,59.993065,0.000557,0.0000,0.6485,8778.7,0.1402,3,0
46.3853,0.266850,59.993061,0.000554,0.0000,0.6485,8785.4,0.1405,3,0
46.4034,0.266964,59.993057,0.000551,0.0000,0.6600,8790.1,0.1414,3,0
46.4217,0.267078,59.993053,0.000547,0.0000,0.6600,8793.6,0.1428,3,0
46.4400,0.267193,59.993050,0.000544,0.0000,0.6662,8799.1,0.1444,3,0
46.4580,0.267308,59.993046,0.000541,0.0000,0.6662,8805.4,0.1462,3,0
46.4765,0.267422,59.993042,0.000537,0.0000,0.6675,8809.9,0.1480,3,0
46.4960,0.267537,59.993038,0.000534,0.0000,0.6675,8810.4,0.1502,3,0
46.5154,0.267652,59.993034,0.000530,0.0000,0.6675,8812.6,0.1524,3,0
46.5349,0.267766,59.993031,0.000527,0.0000,0.6675,8815.1,0.1543,3,0
46.5545,0.267881,59.993027,0.000523,0.0000,0.6655,8816.0,0.1562,3,0
46.5737,0.267996,59.993023,0.000520,0.0000,0.6655,8818.2,0.1581,3,0
46.5932,0.268111,59.993019,0.000516,0.0000,0.6583,8819.3,0.1598,3,0
46.6120,0.268226,59.993015,0.000513,0.0000,0.6583,8824.0,0.1614,3,0
46.6307,0.268341,59.993012,0.000509,0.0000,0.6495,8826.8,0.1626,3,0
46.6489,0.268456,59.993008,0.000506,0.0000,0.6495,8828.3,0.1636,3,0
46.6676,0.268571,59.993004,0.000502,0.0000,0.6318,8827.6,0.1645,3,0
46.6857,0.268686,59.993001,0.000498,0.0000,0.6318,8827.8,0.1650,3,0
46.7039,0.268802,59.992997,0.000495,0.0000,0.6071,8825.4,0.1652,3,0
46.7208,0.268917,59.992994,0.000491,0.0000,0.6071,8823.5,0.1653,3,0
46.7366,0.269032,59.992990,0.000487,0.0000,0.5727,8821.3,0.1654,3,0
46.7527,0.269147,59.992987,0.000483,0.0000,0.5727,8815.4,0.1655,3,0
46.7678,0.269263,59.992984,0.000480,0.0000,0.5302,8810.7,0.1658,3,0
46.7819,0.269378,59.992980,0.000476,0.0000,0.5302,8802.1,0.1661,3,0
46.7945,0.269494,59.992977,0.000472,0.0000,0.4798,8793.7,0.1666,3,0
46.8064,0.269609,59.992973,0.000469,0.0000,0.4798,8784.8,0.1674,3,0
46.8167,0.269724,59.992970,0.000465,0.0000,0.4329,8776.4,0.1682,3,0
46.8268,0.269840,59.992966,0.000461,0.0000,0.4329,8766.5,0.1692,3,0
46.8344,0.269955,59.992962,0.000457,0.0000,0.4044,8754.9,0.1704,3,0
46.8413,0.270071,59.992958,0.000453,0.0000,0.4044,8744.3,0.1719,3,0
46.8469,0.270187,59.992954,0.000449,0.0000,0.3822,8737.6,0.1734,3,0
46.8514,0.270302,59.992950,0.000445,0.0000,0.3822,8730.7,0.1750,3,0
46.8552,0.270418,59.992946,0.000442,0.0000,0.3743,8725.0,0.1764,3,0
46.8581,0.270533,59.992942,0.000438,0.0000,0.3743,8721.8,0.1778,3,0
46.8588,0.270649,59.992938,0.000434,0.0000,0.3770,8724.3,0.1791,3,0
46.8608,0.270764,59.992934,0.000430,0.0000,0.3770,8723.5,0.1799,3,0
46.8630,0.270880,59.992930,0.000426,0.0000,0.3840,8724.3,0.1803,3,0
46.8641,0.270996,59.992926,0.000422,0.0000,0.3840,8727.1,0.1804,3,0
46.8655,0.271111,59.992923,0.000418,0.0000,0.3902,8732.4,0.1804,3,0
46.8669,0.271227,59.992919,0.000414,0.0000,0.3902,8738.8,0.1802,3,0
46.8678,0.271342,59.992915,0.000410,0.0000,0.3920,8744.9,0.1798,3,0
46.8692,0.271458,59.992912,0.000406,0.0000,0.3920,8748.0,0.1792,3,0
46.8704,0.271574,59.992908,0.000402,0.0000,0.3920,8751.6,0.1787,3,0
46.8712,0.271689,59.992904,0.000398,0.0000,0.3920,8757.1,0.1783,3,0
46.8718,0.271805,59.992900,0.000394,0.0000,0.3920,8764.0,0.1779,3,0
46.8721,0.271920,59.992897,0.000390,0.0000,0.3920,8768.7,0.1776,3,0
46.8728,0.272036,59.992893,0.000385,0.0000,0.3910,8773.3,0.1773,3,0
46.8732,0.272152,59.992890,0.000381,0.0000,0.3910,8779.2,0.1773,3,0
46.8744,0.272267,59.992886,0.000377,0.0000,0.3885,8781.7,0.1775,3,0
46.8750,0.272383,59.992883,0.000373,0.0000,0.3885,8784.4,0.1777,3,0
46.8750,0.272498,59.992880,0.000369,0.0000,0.3823,8788.1,0.1780,3,0
46.8746,0.272614,59.992877,0.000364,0.0000,0.3823,8794.3,0.1786,3,0
46.8764,0.272730,59.992873,0.000360,0.0000,0.3735,8795.2,0.1793,3,0
46.8777,0.272845,59.992870,0.000356,0.0000,0.3735,8794.9,0.1801,3,0
46.8776,0.272961,59.992867,0.000352,0.0000,0.3626,8797.8,0.1809,3,0
46.8765,0.273077,59.992863,0.000347,0.0000,0.3626,8803.3,0.1818,3,0
46.8757,0.273192,59.992860,0.000343,0.0000,0.3566,8805.5,0.1829,3,0
46.8754,0.273308,59.992856,0.000339,0.0000,0.3566,8805.6,0.1838,3,0
46.8744,0.273423,59.992852,0.000334,0.0000,0.3556,8804.6,0.1846,3,0
46.8727,0.273539,59.992848,0.000330,0.0000,0.3556,8804.6,0.1853,3,0
46.8711,0.273655,59.992844,0.000325,0.0000,0.3556,8805.5,0.1858,3,0
46.8689,0.273770,59.992840,0.000321,0.0000,0.3556,8806.0,0.1860,3,0
46.8673,0.273886,59.992836,0.000316,0.0000,0.3556,8805.6,0.1859,3,0
46.8650,0.274001,59.992832,0.000312,0.0000,0.3556,8805.7,0.1853,3,0
46.8619,0.274117,59.992828,0.000307,0.0000,0.3546,8805.9,0.1844,3,0
46.8600,0.274233,59.992824,0.000303,0.0000,0.3546,8807.5,0.1830,3,0
46.8576,0.274348,59.992820,0.000299,0.0000,0.3538,8808.8,0.1813,3,0
46.8545,0.274464,59.992817,0.000294,0.0000,0.3538,8808.7,0.1791,3,0
46.8520,0.274579,59.992813,0.000289,0.0000,0.3511,8810.9,0.1768,3,0
46.8492,0.274695,59.992810,0.000285,0.0000,0.3511,8814.2,0.1745,3,0
46.8472,0.274810,59.992806,0.000280,0.0000,0.3521,8813.5,0.1721,3,0
46.8438,0.274926,59.992803,0.000275,0.0000,0.3521,8817.6,0.1697,3,0
46.8426,0.275041,59.992800,0.000271,0.0000,0.3625,8816.1,0.1675,3,0
46.8398,0.275157,59.992796,0.000266,0.0000,0.3625,8822.5,0.1659,3,0
46.8390,0.275273,59.992793,0.000261,0.0000,0.3743,8827.4,0.1645,3,0
46.8386,0.275388,59.992789,0.000257,0.0000,0.3743,8830.6,0.1635,3,0
46.8389,0.275504,59.992786,0.000252,0.0000,0.3927,8833.7,0.1630,3,0
46.8401,0.275619,59.992783,0.000247,0.0000,0.3927,8835.8,0.1629,3,0
46.8411,0.275735,59.992779,0.000242,0.0000,0.4176,8840.0,0.1632,3,0
46.8443,0.275850,59.992776,0.000237,0.0000,0.4176,8842.2,0.1638,3,0
46.8478,0.275966,59.992772,0.000233,0.0000,0.4549,8843.0,0.1646,3,0
46.8518,0.276081,59.992769,0.000228,0.0000,0.4549,8847.5,0.1656,3,0
46.8569,0.276197,59.992766,0.000223,0.0000,0.4976,8854.0,0.1670,3,0
46.8624,0.276312,59.992762,0.000218,0.0000,0.4976,8862.5,0.1683,3,0
46.8699,0.276428,59.992759,0.000213,0.0000,0.0000,8853.3,0.1694,3,0
46.8665,0.276544,59.992755,0.000208,0.0000,0.0000,8805.0,0.1704,3,0
46.8586,0.276659,59.992752,0.000203,0.0000,0.0000,8756.9,0.1714,3,0
46.8495,0.276775,59.992749,0.000198,0.0000,0.0000,8709.0,0.1720,3,0
46.8412,0.276890,59.992746,0.000193,0.0000,0.0000,8661.2,0.1722,3,0
46.8594,0.277006,59.992742,0.000188,0.0000,0.0000,7768.4,0.1722,4,0
46.9012,0.277122,59.992739,0.000183,0.0000,0.6381,7563.1,0.1718,4,0
46.9299,0.277237,59.992736,0.000178,0.0000,0.6381,7522.3,0.1710,4,0
46.9530,0.277353,59.992733,0.000173,0.0000,0.6675,7510.7,0.1698,4,0
46.9732,0.277469,59.992730,0.000168,0.0000,0.6675,7508.8,0.1683,4,0
46.9949,0.277585,59.992726,0.000163,0.0000,0.6919,7507.3,0.1667,4,0
47.0151,0.277701,59.992723,0.000158,0.0000,0.6919,7516.1,0.1648,4,0
47.0345,0.277817,59.992720,0.000153,0.0000,0.7091,7527.0,0.1629,4,0
47.0546,0.277933,59.992717,0.000148,0.0000,0.7091,7537.6,0.1607,4,0
47.0759,0.278049,59.992713,0.000143,0.0000,0.7221,7544.3,0.1586,4,0
47.0976,0.278165,59.992710,0.000137,0.0000,0.7221,7551.7,0.1565,4,0
47.1195,0.278281,59.992707,0.000132,0.0000,0.7331,7559.7,0.1543,4,0
47.1410,0.278398,59.992703,0.000127,0.0000,0.7331,7569.8,0.1522,4,0
47.1628,0.278514,59.992700,0.000122,0.0000,0.7383,7578.2,0.1501,4,0
47.1870,0.278630,59.992697,0.000116,0.0000,0.7383,7580.2,0.1483,4,0
47.2104,0.278747,59.992694,0.000111,0.0000,0.7428,7585.7,0.1466,4,0
47.2339,0.278863,59.992690,0.000106,0.0000,0.7428,7591.2,0.1448,4,0
47.2573,0.278980,59.992687,0.000101,0.0000,0.7436,7596.4,0.1431,4,0
47.2820,0.279097,59.992684,0.000095,0.0000,0.7436,7597.2,0.1418,4,0
47.3036,0.279213,59.992680,0.000090,0.0000,0.7453,7601.7,0.1406,4,0
47.3248,0.279330,59.992677,0.000084,0.0000,0.7453,7607.3,0.1398,4,0
47.3502,0.279447,59.992673,0.000079,0.0000,0.7488,7611.9,0.1389,4,0
47.3769,0.279564,59.992670,0.000073,0.0000,0.7488,7618.1,0.1383,4,0
47.4006,0.279681,59.992667,0.000068,0.0000,0.7545,7625.6,0.1383,4,0
47.4204,0.279797,59.992663,0.000062,0.0000,0.7545,7635.2,0.1381,4,0
47.4448,0.279914,59.992660,0.000057,0.0000,0.7605,7615.8,0.1391,4,0
47.4569,0.280032,59.992656,0.000051,0.0000,0.7605,7630.3,0.1400,4,0
47.4805,0.280149,59.992653,0.000046,0.0000,0.7650,7658.7,0.1404,4,0
47.5121,0.280266,59.992650,0.000040,0.0000,0.7650,7656.5,0.1403,4,0
47.5359,0.280383,59.992647,0.000034,0.0000,0.7705,7692.4,0.1407,4,0
47.5667,0.280500,59.992644,0.000029,0.0000,0.7705,7690.2,0.1404,4,0
47.6023,0.280618,59.992641,0.000023,0.0000,0.7767,7649.5,0.1411,4,0
47.6194,0.280735,59.992637,0.000017,0.0000,0.7767,7685.0,0.1417,4,0
47.6433,0.280853,59.992634,0.000012,0.0000,0.7810,7712.4,0.1423,4,0
47.6760,0.280970,59.992631,0.000006,0.0000,0.7810,7694.5,0.1422,4,0
47.6995,0.281088,59.992628,0.000000,0.0000,0.7847,7705.1,0.1422,4,0
47.7318,0.281206,59.992625,-0.000005,0.0000,0.7847,7697.6,0.1420,4,0
47.7633,0.281324,59.992622,-0.000011,0.0000,0.7855,7687.9,0.1426,4,0
47.7930,0.281441,59.992619,-0.000017,0.0000,0.7855,7686.3,0.1432,4,0
47.8271,0.281559,59.992616,-0.000023,0.0000,0.7855,7672.7,0.1442,4,0
47.8600,0.281677,59.992612,-0.000029,0.0000,0.7855,7658.0,0.1452,4,0
47.8867,0.281796,59.992609,-0.000034,0.0000,0.7855,7676.9,0.1471,4,0
47.9124,0.281914,59.992606,-0.000040,0.0000,0.7855,7693.2,0.1487,4,0
47.9405,0.282032,59.992603,-0.000046,0.0000,0.7867,7680.9,0.1502,4,0
47.9637,0.282150,59.992600,-0.000052,0.0000,0.7867,7665.5,0.1517,4,0
47.9929,0.282269,59.992596,-0.000058,0.0000,0.7855,7654.0,0.1523,4,0
48.0175,0.282387,59.992593,-0.000064,0.0000,0.7855,7668.6,0.1525,4,0
48.0458,0.282506,59.992590,-0.000070,0.0000,0.7867,7677.8,0.1513,4,0
48.0739,0.282624,59.992587,-0.000076,0.0000,0.7867,7695.8,0.1505,4,0
48.1021,0.282743,59.992584,-0.000082,0.0000,0.7875,7694.8,0.1492,4,0
48.1316,0.282862,59.992581,-0.000088,0.0000,0.7875,7690.9,0.1481,4,0
48.1653,0.282980,59.992578,-0.000094,0.0000,0.7885,7674.3,0.1466,4,0
48.1876,0.283099,59.992575,-0.000100,0.0000,0.7885,7708.0,0.1458,4,0
48.2113,0.283218,59.992572,-0.000106,0.0000,0.7892,7736.7,0.1455,4,0
48.2446,0.283337,59.992569,-0.000112,0.0000,0.7892,7722.3,0.1453,4,0
48.2748,0.283456,59.992566,-0.000118,0.0000,0.7902,7709.5,0.1458,4,0
48.3015,0.283575,59.992563,-0.000124,0.0000,0.7902,7709.7,0.1458,4,0
48.3271,0.283695,59.992560,-0.000130,0.0000,0.7920,7730.1,0.1471,4,0
48.3573,0.283814,59.992557,-0.000136,0.0000,0.7920,7726.9,0.1480,4,0
48.3745,0.283933,59.992554,-0.000142,0.0000,0.7937,7773.3,0.1493,4,0
48.4126,0.284053,59.992551,-0.000148,0.0000,0.7937,7724.7,0.1509,4,0
48.4386,0.284172,59.992548,-0.000154,0.0000,0.7954,7726.7,0.1523,4,0
48.4524,0.284291,59.992545,-0.000161,0.0000,0.7954,7731.2,0.1539,4,0
48.4823,0.284411,59.992542,-0.000167,0.0000,0.7982,7729.9,0.1564,4,0
48.5052,0.284531,59.992539,-0.000173,0.0000,0.7982,7749.7,0.1567,4,0
48.5376,0.284650,59.992536,-0.000179,0.0000,0.7990,7750.5,0.1580,4,0
48.5597,0.284770,59.992533,-0.000185,0.0000,0.7990,7769.2,0.1577,4,0
48.5795,0.284890,59.992530,-0.000191,0.0000,0.7990,7779.6,0.1567,4,0
48.6028,0.285010,59.992527,-0.000198,0.0000,0.7990,7797.2,0.1543,4,0
48.6327,0.285130,59.992524,-0.000204,0.0000,0.7990,7781.5,0.1509,4,0
48.6641,0.285250,59.992521,-0.000210,0.0000,0.7990,7766.2,0.1473,4,0
48.6939,0.285370,59.992518,-0.000217,0.0000,0.8007,7759.3,0.1431,4,0
48.7207,0.285490,59.992515,-0.000223,0.0000,0.8007,7769.0,0.1389,4,0
48.7458,0.285610,59.992512,-0.000230,0.0000,0.8037,7782.0,0.1351,4,0
48.7710,0.285731,59.992509,-0.000236,0.0000,0.8037,7793.4,0.1319,4,0
48.7974,0.285851,59.992506,-0.000242,0.0000,0.8089,7798.8,0.1293,4,0
48.8240,0.285971,59.992503,-0.000249,0.0000,0.8089,7805.2,0.1271,4,0
48.8487,0.286092,59.992500,-0.000255,0.0000,0.8171,7815.6,0.1254,4,0
48.8740,0.286212,59.992497,-0.000262,0.0000,0.8171,7822.3,0.1241,4,0
48.9002,0.286333,59.992494,-0.000268,0.0000,0.8278,7828.0,0.1230,4,0
48.9273,0.286454,59.992491,-0.000275,0.0000,0.8278,7832.6,0.1217,4,0
48.9551,0.286575,59.992488,-0.000281,0.0000,0.8376,7832.5,0.1203,4,0
48.9832,0.286695,59.992485,-0.000288,0.0000,0.8376,7836.1,0.1190,4,0
49.0119,0.286816,59.992482,-0.000294,0.0000,0.8458,7842.0,0.1180,4,0
49.0408,0.286937,59.992479,-0.000301,0.0000,0.8458,7851.1,0.1172,4,0
49.0689,0.287058,59.992476,-0.000308,0.0000,0.8566,7860.3,0.1166,4,0
49.0982,0.287179,59.992473,-0.000314,0.0000,0.8566,7867.6,0.1163,4,0
49.1277,0.287300,59.992470,-0.000321,0.0000,0.8665,7874.9,0.1165,4,0
49.1572,0.287422,59.992467,-0.000328,0.0000,0.8665,7885.2,0.1168,4,0
49.1861,0.287543,59.992465,-0.000334,0.0000,0.8747,7898.2,0.1174,4,0
49.2159,0.287664,59.992462,-0.000341,0.0000,0.8747,7904.2,0.1184,4,0
49.2477,0.287786,59.992459,-0.000348,0.0000,0.8820,7909.1,0.1198,4,0
49.2791,0.287907,59.992457,-0.000355,0.0000,0.8820,7911.6,0.1214,4,0
49.3101,0.288029,59.992454,-0.000361,0.0000,0.8910,7916.2,0.1230,4,0
49.3388,0.288151,59.992451,-0.000368,0.0000,0.8910,7925.5,0.1246,4,0
49.3680,0.288273,59.992448,-0.000375,0.0000,0.9019,7930.2,0.1263,4,0
49.3972,0.288394,59.992446,-0.000382,0.0000,0.9019,7930.2,0.1274,4,0
49.4261,0.288516,59.992443,-0.000389,0.0000,0.9092,7930.7,0.1280,4,0
49.4527,0.288638,59.992440,-0.000396,0.0000,0.9092,7936.5,0.1279,4,0
49.4798,0.288760,59.992438,-0.000403,0.0000,0.9217,7945.2,0.1272,4,0
49.5085,0.288882,59.992435,-0.000410,0.0000,0.9217,7950.0,0.1257,4,0
49.5382,0.289005,59.992432,-0.000417,0.0000,0.9334,7955.1,0.1236,4,0
49.5661,0.289127,59.992430,-0.000424,0.0000,0.9334,7966.1,0.1208,4,0
49.5961,0.289249,59.992427,-0.000430,0.0000,0.9461,7971.8,0.1175,4,0
49.6270,0.289372,59.992424,-0.000437,0.0000,0.9461,7977.6,0.1142,4,0
49.6559,0.289494,59.992421,-0.000444,0.0000,0.9571,7989.0,0.1103,4,0
49.6849,0.289617,59.992419,-0.000451,0.0000,0.9571,8000.6,0.1064,4,0
49.7136,0.289739,59.992416,-0.000458,0.0000,0.9678,8013.9,0.1027,4,0
49.7437,0.289862,59.992413,-0.000466,0.0000,0.9678,8025.7,0.0993,4,0
49.7739,0.289985,59.992411,-0.000473,0.0000,0.9768,8037.7,0.0963,4,0
49.8043,0.290108,59.992408,-0.000480,0.0000,0.9768,8049.2,0.0934,4,0
49.8350,0.290230,59.992406,-0.000487,0.0000,0.9823,8058.5,0.0911,4,0
49.8668,0.290353,59.992403,-0.000494,0.0000,0.9823,8066.7,0.0892,4,0
49.8991,0.290477,59.992400,-0.000502,0.0000,0.9883,8073.4,0.0876,4,0
49.9308,0.290600,59.992398,-0.000509,0.0000,0.9883,8081.7,0.0863,4,0
49.9621,0.290723,59.992395,-0.000516,0.0000,0.9940,8090.9,0.0853,4,0
49.9938,0.290846,59.992393,-0.000523,0.0000,0.9940,8097.5,0.0847,4,0
50.0252,0.290970,59.992390,-0.000530,0.0000,0.9982,8106.5,0.0842,4,0
50.0572,0.291093,59.992387,-0.000538,0.0000,0.9982,8112.9,0.0836,4,0
50.0893,0.291217,59.992385,-0.000545,0.0000,1.0000,8116.6,0.0831,4,0
50.1219,0.291340,59.992382,-0.000552,0.0000,1.0000,8119.6,0.0826,4,0
50.1540,0.291464,59.992379,-0.000560,0.0000,1.0000,8126.0,0.0820,4,0
50.1867,0.291588,59.992376,-0.000567,0.0000,1.0000,8126.4,0.0811,4,0
50.2193,0.291712,59.992374,-0.000575,0.0000,1.0000,8128.1,0.0799,4,0
50.2524,0.291836,59.992371,-0.000582,0.0000,1.0000,8128.9,0.0784,4,0
50.2847,0.291960,59.992368,-0.000589,0.0000,1.0000,8131.7,0.0764,4,0
50.3179,0.292084,59.992366,-0.000597,0.0000,1.0000,8134.3,0.0740,4,0
50.3500,0.292208,59.992363,-0.000604,0.0000,1.0000,8139.6,0.0712,4,0
50.3824,0.292332,59.992361,-0.000612,0.0000,1.0000,8141.9,0.0680,4,0
50.4141,0.292456,59.992358,-0.000619,0.0000,1.0000,8146.3,0.0643,4,0
50.4469,0.292581,59.992356,-0.000627,0.0000,1.0000,8150.2,0.0600,4,0
50.4784,0.292705,59.992354,-0.000635,0.0000,1.0000,8154.5,0.0553,4,0
50.5108,0.292830,59.992351,-0.000642,0.0000,1.0000,8157.5,0.0504,4,0
50.5444,0.292955,59.992349,-0.000650,0.0000,1.0000,8160.8,0.0454,4,0
50.5780,0.293079,59.992347,-0.000657,0.0000,1.0000,8162.2,0.0405,4,0
50.6100,0.293204,59.992345,-0.000665,0.0000,1.0000,8169.0,0.0358,4,0
50.6420,0.293329,59.992342,-0.000672,0.0000,1.0000,8174.3,0.0318,4,0
50.6744,0.293454,59.992340,-0.000680,0.0000,1.0000,8176.9,0.0282,4,0
50.7090,0.293579,59.992337,-0.000688,0.0000,1.0000,8180.8,0.0251,4,0
50.7443,0.293704,59.992335,-0.000696,0.0000,1.0000,8188.3,0.0225,4,0
50.7835,0.293830,59.992332,-0.000703,0.0000,1.0000,8188.0,0.0205,4,0
50.8167,0.293955,59.992329,-0.000711,0.0000,1.0000,8182.8,0.0186,4,0
50.8495,0.294080,59.992327,-0.000719,0.0000,1.0000,8184.2,0.0163,4,0
50.8815,0.294206,59.992324,-0.000727,0.0000,1.0000,8188.0,0.0140,4,0
50.9152,0.294331,59.992321,-0.000734,0.0000,1.0000,8186.6,0.0117,4,0
50.9496,0.294457,59.992318,-0.000742,0.0000,1.0000,8183.3,0.0094,4,0
50.9823,0.294583,59.992316,-0.000750,0.0000,1.0000,8188.4,0.0073,4,0
51.0141,0.294709,59.992313,-0.000758,0.0000,1.0000,8194.3,0.0053,4,0
51.0468,0.294835,59.992311,-0.000766,0.0000,1.0000,8198.7,0.0038,4,0
51.0811,0.294961,59.992308,-0.000774,0.0000,1.0000,8196.3,0.0029,4,0
51.1153,0.295087,59.992306,-0.000782,0.0000,1.0000,8195.4,0.0027,4,0
51.1492,0.295213,59.992304,-0.000789,0.0000,1.0000,8197.0,0.0031,4,0
51.1817,0.295339,59.992301,-0.000797,0.0000,1.0000,8203.0,0.0042,4,0
51.2157,0.295465,59.992299,-0.000805,0.0000,1.0000,8202.8,0.0059,4,0
51.2501,0.295592,59.992297,-0.000813,0.0000,1.0000,8202.4,0.0079,4,0
51.2843,0.295718,59.992295,-0.000821,0.0000,1.0000,8200.3,0.0100,4,0
51.3192,0.295845,59.992292,-0.000829,0.0000,1.0000,8194.8,0.0119,4,0
51.3544,0.295972,59.992290,-0.000837,0.0000,1.0000,8187.9,0.0135,4,0
51.3877,0.296098,59.992288,-0.000845,0.0000,1.0000,8188.8,0.0146,4,0
51.4203,0.296225,59.992286,-0.000853,0.0000,1.0000,8193.4,0.0150,4,0
51.4524,0.296352,59.992283,-0.000861,0.0000,1.0000,8198.6,0.0148,4,0
51.4858,0.296479,59.992281,-0.000869,0.0000,1.0000,8197.7,0.0139,4,0
51.5194,0.296606,59.992279,-0.000877,0.0000,1.0000,8197.4,0.0124,4,0
51.5516,0.296733,59.992277,-0.000885,0.0000,1.0000,8203.0,0.0105,4,0
51.5830,0.296860,59.992275,-0.000893,0.0000,1.0000,8207.7,0.0082,4,0
51.6173,0.296988,59.992272,-0.000901,0.0000,1.0000,8202.5,0.0062,4,0
51.6501,0.297115,59.992270,-0.000909,0.0000,1.0000,8203.5,0.0033,4,0
51.6834,0.297243,59.992268,-0.000917,0.0000,1.0000,8204.6,0.0012,4,0
51.7160,0.297370,59.992266,-0.000925,0.0000,1.0000,8206.8,-0.0008,4,0
51.7489,0.297498,59.992263,-0.000933,0.0000,1.0000,8205.6,-0.0027,4,0
51.7814,0.297626,59.992261,-0.000941,0.0000,1.0000,8208.0,-0.0041,4,0
51.8141,0.297753,59.992259,-0.000949,0.0000,1.0000,8209.3,-0.0055,4,0
51.8467,0.297881,59.992256,-0.000957,0.0000,1.0000,8207.9,-0.0069,4,0
51.8792,0.298009,59.992254,-0.000965,0.0000,1.0000,8204.7,-0.0085,4,0
51.9108,0.298137,59.992252,-0.000973,0.0000,1.0000,8205.4,-0.0101,4,0
51.9415,0.298265,59.992250,-0.000981,0.0000,1.0000,8208.7,-0.0120,4,0
51.9719,0.298394,59.992247,-0.000989,0.0000,1.0000,8212.2,-0.0143,4,0
52.0016,0.298522,59.992245,-0.000998,0.0000,1.0000,8214.9,-0.0168,4,0
52.0306,0.298650,59.992242,-0.001006,0.0000,1.0000,8221.6,-0.0195,4,0
52.0595,0.298779,59.992240,-0.001014,0.0000,1.0000,8228.5,-0.0223,4,0
52.0877,0.298907,59.992238,-0.001022,0.0000,1.0000,8237.6,-0.0254,4,0
52.1151,0.299036,59.992235,-0.001030,0.0000,1.0000,8248.0,-0.0284,4,0
52.1420,0.299164,59.992233,-0.001038,0.0000,1.0000,8263.0,-0.0309,4,0
52.1688,0.299293,59.992230,-0.001046,0.0000,1.0000,8275.3,-0.0334,4,0
52.1952,0.299422,59.992227,-0.001054,0.0000,1.0000,8291.5,-0.0352,4,0
52.2196,0.299550,59.992225,-0.001062,0.0000,1.0000,8312.7,-0.0367,4,0
52.2455,0.299679,59.992223,-0.001070,0.0000,1.0000,8324.8,-0.0377,4,0
52.2727,0.299808,59.992220,-0.001079,0.0000,1.0000,8335.5,-0.0384,4,0
52.2982,0.299937,59.992218,-0.001087,0.0000,1.0000,8351.6,-0.0390,4,0
52.3239,0.300066,59.992216,-0.001095,0.0000,1.0000,8364.0,-0.0393,4,0
52.3499,0.300195,59.992214,-0.001103,0.0000,1.0000,8373.5,-0.0398,4,0
52.3732,0.300325,59.992212,-0.001111,0.0000,1.0000,8392.2,-0.0404,4,0
52.3910,0.300454,59.992210,-0.001119,0.0000,1.0000,8411.0,-0.0411,4,0
52.4072,0.300583,59.992208,-0.001127,0.0000,1.0000,8424.7,-0.0419,4,0
52.4363,0.300712,59.992206,-0.001135,0.0000,1.0000,8433.0,-0.0435,4,0
52.4576,0.300842,59.992204,-0.001143,0.0000,1.0000,8432.0,-0.0450,4,0
52.4678,0.300971,59.992202,-0.001151,0.0000,1.0000,8462.7,-0.0508,4,0
52.5091,0.301101,59.992200,-0.001160,0.0000,1.0000,8448.2,-0.0546,4,0
52.5204,0.301230,59.992197,-0.001168,0.0000,1.0000,8511.7,-0.0572,4,0
52.5577,0.301360,59.992194,-0.001176,0.0000,1.0000,8472.2,-0.0607,4,0
52.5775,0.301489,59.992192,-0.001184,0.0000,1.0000,8510.4,-0.0626,4,0
52.5905,0.301619,59.992189,-0.001192,0.0000,1.0000,8545.3,-0.0644,4,0
52.6210,0.301749,59.992186,-0.001200,0.0000,1.0000,8514.0,-0.0647,4,0
52.6558,0.301879,59.992183,-0.001208,0.0000,1.0000,8491.3,-0.0638,4,0
52.6789,0.302009,59.992180,-0.001216,0.0000,1.0000,8502.5,-0.0627,4,0
52.7030,0.302139,59.992178,-0.001224,0.0000,1.0000,8497.8,-0.0618,4,0
52.7332,0.302269,59.992175,-0.001232,0.0000,1.0000,8497.6,-0.0615,4,0
52.7542,0.302399,59.992172,-0.001240,0.0000,1.0000,8517.7,-0.0602,4,0
52.7846,0.302529,59.992170,-0.001248,0.0000,1.0000,8510.8,-0.0591,4,0
52.8072,0.302659,59.992168,-0.001256,0.0000,1.0000,8517.6,-0.0584,4,0
52.8388,0.302790,59.992165,-0.001264,0.0000,1.0000,8486.6,-0.0583,4,0
52.8666,0.302920,59.992163,-0.001272,0.0000,1.0000,8471.6,-0.0586,4,0
52.8917,0.303051,59.992161,-0.001280,0.0000,1.0000,8473.8,-0.0588,4,0
52.9064,0.303181,59.992159,-0.001288,0.0000,1.0000,8490.6,-0.0595,4,0
52.9371,0.303312,59.992157,-0.001296,0.0000,1.0000,8472.5,-0.0609,4,0
52.9607,0.303442,59.992154,-0.001304,0.0000,1.0000,8456.6,-0.0618,4,0
52.9846,0.303573,59.992152,-0.001312,0.0000,1.0000,8456.5,-0.0623,4,0
53.0058,0.303704,59.992150,-0.001320,0.0000,1.0000,8474.8,-0.0634,4,0
53.0262,0.303835,59.992147,-0.001328,0.0000,1.0000,8487.3,-0.0633,4,0
53.0367,0.303965,59.992145,-0.001336,0.0000,1.0000,8528.0,-0.0642,4,0
53.0565,0.304096,59.992142,-0.001344,0.0000,1.0000,8530.1,-0.0627,4,0
53.0786,0.304227,59.992139,-0.001352,0.0000,1.0000,8536.0,-0.0624,4,0
53.0967,0.304358,59.992137,-0.001360,0.0000,1.0000,8548.1,-0.0618,4,0
53.1298,0.304489,59.992134,-0.001368,0.0000,1.0000,8500.2,-0.0609,4,0
53.1456,0.304620,59.992131,-0.001376,0.0000,1.0000,8513.5,-0.0605,4,0
53.1599,0.304751,59.992128,-0.001384,0.0000,1.0000,8549.8,-0.0598,4,0
53.1760,0.304882,59.992126,-0.001392,0.0000,1.0000,8567.2,-0.0592,4,0
53.2033,0.305014,59.992123,-0.001400,0.0000,1.0000,8570.8,-0.0591,4,0
53.2230,0.305145,59.992120,-0.001408,0.0000,1.0000,8561.7,-0.0582,4,0
53.2419,0.305276,59.992117,-0.001416,0.0000,1.0000,8576.8,-0.0573,4,0
53.2575,0.305408,59.992114,-0.001424,0.0000,1.0000,8605.3,-0.0553,4,0
53.2737,0.305539,59.992111,-0.001431,0.0000,1.0000,8633.7,-0.0527,4,0
53.3082,0.305671,59.992107,-0.001439,0.0000,1.0000,8590.9,-0.0495,4,0
53.3364,0.305802,59.992104,-0.001447,0.0000,1.0000,8584.9,-0.0468,4,0
53.3468,0.305934,59.992101,-0.001455,0.0000,1.0000,8618.5,-0.0441,4,0
53.3719,0.306065,59.992098,-0.001463,0.0000,1.0000,8614.0,-0.0417,4,0
53.4039,0.306197,59.992095,-0.001471,0.0000,1.0000,8595.4,-0.0393,4,0
53.4284,0.306329,59.992092,-0.001479,0.0000,1.0000,8587.5,-0.0380,4,0
53.4489,0.306461,59.992089,-0.001486,0.0000,1.0000,8601.7,-0.0377,4,0
53.4704,0.306593,59.992087,-0.001494,0.0000,1.0000,8607.5,-0.0383,4,0
53.5022,0.306724,59.992084,-0.001502,0.0000,1.0000,8572.2,-0.0400,4,0
53.5273,0.306857,59.992081,-0.001510,0.0000,1.0000,8569.4,-0.0420,4,0
53.5546,0.306989,59.992078,-0.001518,0.0000,1.0000,8553.4,-0.0452,4,0
53.5807,0.307121,59.992076,-0.001525,0.0000,1.0000,8528.9,-0.0485,4,0
53.5999,0.307253,59.992073,-0.001533,0.0000,1.0000,8531.5,-0.0521,4,0
53.6211,0.307385,59.992070,-0.001541,0.0000,1.0000,8533.3,-0.0564,4,0
53.6397,0.307518,59.992068,-0.001549,0.0000,1.0000,8549.8,-0.0608,4,0
53.6692,0.307650,59.992065,-0.001557,0.0000,1.0000,8533.6,-0.0639,4,0
53.6810,0.307782,59.992062,-0.001564,0.0000,1.0000,8551.4,-0.0672,4,0
53.6868,0.307915,59.992059,-0.001572,0.0000,1.0000,8586.4,-0.0704,4,0
53.7098,0.308047,59.992056,-0.001580,0.0000,1.0000,8592.1,-0.0737,4,0
53.7435,0.308180,59.992053,-0.001587,0.0000,1.0000,8558.1,-0.0749,4,0
53.7580,0.308312,59.992050,-0.001595,0.0000,1.0000,8582.2,-0.0747,4,0
53.7721,0.308445,59.992047,-0.001603,0.0000,1.0000,8601.7,-0.0735,4,0
53.7780,0.308578,59.992044,-0.001611,0.0000,1.0000,8635.0,-0.0704,4,0
53.8057,0.308710,59.992041,-0.001618,0.0000,1.0000,8601.1,-0.0668,4,0
53.8186,0.308843,59.992038,-0.001626,0.0000,1.0000,8607.7,-0.0610,4,0
53.8285,0.308976,59.992035,-0.001634,0.0000,1.0000,8631.0,-0.0547,4,0
53.8403,0.309109,59.992033,-0.001641,0.0000,1.0000,8656.5,-0.0475,4,0
53.8531,0.309241,59.992030,-0.001649,0.0000,1.0000,8682.0,-0.0404,4,0
53.8651,0.309374,59.992027,-0.001657,0.0000,1.0000,8713.2,-0.0338,4,0
53.8747,0.309507,59.992025,-0.001664,0.0000,1.0000,8758.7,-0.0283,4,0
53.8865,0.309640,59.992023,-0.001672,0.0000,1.0000,8790.8,-0.0244,4,0
53.9016,0.309773,59.992020,-0.001680,0.0000,1.0000,8806.3,-0.0218,4,0
53.9182,0.309906,59.992018,-0.001687,0.0000,1.0000,8815.9,-0.0208,4,0
53.9383,0.310039,59.992015,-0.001695,0.0000,1.0000,8814.4,-0.0208,4,0
53.9592,0.310172,59.992013,-0.001702,0.0000,1.0000,8807.2,-0.0217,4,0
53.9807,0.310305,59.992010,-0.001710,0.0000,1.0000,8795.0,-0.0231,4,0
54.0039,0.310439,59.992007,-0.001718,0.0000,1.0000,8777.9,-0.0249,4,0
54.0282,0.310572,59.992004,-0.001725,0.0000,1.0000,8758.7,-0.0267,4,0
54.0500,0.310705,59.992000,-0.001733,0.0000,1.0000,8747.0,-0.0284,4,0
54.0731,0.310838,59.991997,-0.001740,0.0000,1.0000,8728.3,-0.0298,4,0
54.0975,0.310972,59.991994,-0.001748,0.0000,1.0000,8704.0,-0.0310,4,0
54.1237,0.311105,59.991991,-0.001755,0.0000,1.0000,8676.7,-0.0319,4,0
54.1467,0.311239,59.991988,-0.001763,0.0000,1.0000,8660.6,-0.0325,4,0
54.1692,0.311373,59.991984,-0.001770,0.0000,1.0000,8645.1,-0.0328,4,0
54.1923,0.311506,59.991981,-0.001778,0.0000,1.0000,8628.0,-0.0331,4,0
54.2143,0.311640,59.991978,-0.001785,0.0000,1.0000,8618.3,-0.0333,4,0
54.2346,0.311774,59.991975,-0.001793,0.0000,1.0000,8612.1,-0.0333,4,0
54.2535,0.311908,59.991971,-0.001800,0.0000,1.0000,8610.4,-0.0331,4,0
54.2723,0.312041,59.991968,-0.001808,0.0000,1.0000,8609.4,-0.0328,4,0
54.2918,0.312175,59.991964,-0.001815,0.0000,1.0000,8609.2,-0.0322,4,0
54.3089,0.312309,59.991960,-0.001823,0.0000,1.0000,8615.1,-0.0312,4,0
54.3260,0.312443,59.991957,-0.001830,0.0000,1.0000,8621.9,-0.0302,4,0
54.3447,0.312577,59.991954,-0.001838,0.0000,1.0000,8626.1,-0.0289,4,0
54.3624,0.312711,59.991950,-0.001845,0.0000,1.0000,8632.7,-0.0275,4,0
54.3801,0.312845,59.991946,-0.001853,0.0000,1.0000,8637.2,-0.0257,4,0
54.3971,0.312980,59.991943,-0.001860,0.0000,1.0000,8645.5,-0.0239,4,0
54.4166,0.313114,59.991940,-0.001868,0.0000,1.0000,8644.8,-0.0218,4,0
54.4358,0.313248,59.991937,-0.001875,0.0000,1.0000,8645.9,-0.0195,4,0
54.4537,0.313382,59.991934,-0.001883,0.0000,1.0000,8649.6,-0.0172,4,0
54.4726,0.313517,59.991931,-0.001890,0.0000,1.0000,8649.8,-0.0151,4,0
54.4929,0.313651,59.991928,-0.001898,0.0000,1.0000,8648.2,-0.0131,4,0
54.5117,0.313786,59.991925,-0.001905,0.0000,1.0000,8649.2,-0.0112,4,0
54.5307,0.313920,59.991922,-0.001912,0.0000,1.0000,8649.0,-0.0095,4,0
54.5498,0.314055,59.991919,-0.001920,0.0000,1.0000,8647.4,-0.0082,4,0
54.5698,0.314189,59.991916,-0.001927,0.0000,1.0000,8644.4,-0.0068,4,0
54.5899,0.314324,59.991913,-0.001935,0.0000,1.0000,8640.2,-0.0055,4,0
54.6092,0.314459,59.991910,-0.001942,0.0000,1.0000,8636.3,-0.0043,4,0
54.6293,0.314593,59.991907,-0.001950,0.0000,1.0000,8630.5,-0.0030,4,0
54.6485,0.314728,59.991904,-0.001957,0.0000,1.0000,8630.1,-0.0015,4,0
54.6682,0.314863,59.991901,-0.001964,0.0000,1.0000,8626.3,0.0000,4,0
54.6861,0.314998,59.991897,-0.001972,0.0000,1.0000,8628.7,0.0016,4,0
54.7050,0.315133,59.991894,-0.001979,0.0000,1.0000,8627.9,0.0033,4,0
54.7239,0.315268,59.991891,-0.001987,0.0000,1.0000,8627.9,0.0054,4,0
54.7418,0.315403,59.991888,-0.001994,0.0000,1.0000,8630.1,0.0076,4,0
54.7596,0.315538,59.991885,-0.002002,0.0000,1.0000,8632.9,0.0099,4,0
54.7781,0.315673,59.991882,-0.002009,0.0000,1.0000,8634.6,0.0124,4,0
54.7966,0.315808,59.991879,-0.002016,0.0000,1.0000,8637.0,0.0151,4,0
54.8145,0.315943,59.991875,-0.002024,0.0000,1.0000,8638.2,0.0176,4,0
54.8320,0.316079,59.991872,-0.002031,0.0000,1.0000,8642.8,0.0203,4,0
54.8496,0.316214,59.991868,-0.002039,0.0000,1.0000,8648.0,0.0229,4,0
54.8674,0.316349,59.991865,-0.002046,0.0000,1.0000,8650.7,0.0253,4,0
54.8846,0.316485,59.991862,-0.002054,0.0000,1.0000,8654.0,0.0271,4,0
54.9021,0.316620,59.991858,-0.002061,0.0000,1.0000,8657.2,0.0287,4,0
54.9195,0.316755,59.991855,-0.002069,0.0000,1.0000,8661.0,0.0299,4,0
54.9359,0.316891,59.991851,-0.002076,0.0000,1.0000,8668.6,0.0307,4,0
54.9520,0.317026,59.991848,-0.002084,0.0000,1.0000,8674.8,0.0312,4,0
54.9692,0.317162,59.991845,-0.002091,0.0000,1.0000,8679.0,0.0317,4,0
54.9863,0.317298,59.991842,-0.002099,0.0000,1.0000,8682.5,0.0321,4,0
55.0031,0.317433,59.991839,-0.002106,0.0000,1.0000,8685.5,0.0322,4,0
55.0191,0.317569,59.991836,-0.002114,0.0000,1.0000,8691.1,0.0321,4,0
55.0365,0.317705,59.991833,-0.002121,0.0000,1.0000,8692.8,0.0319,4,0
55.0537,0.317841,59.991829,-0.002129,0.0000,1.0000,8695.3,0.0317,4,0
55.0696,0.317976,59.991826,-0.002136,0.0000,1.0000,8701.3,0.0312,4,0
55.0857,0.318112,59.991823,-0.002144,0.0000,1.0000,8706.3,0.0311,4,0
55.1035,0.318248,59.991820,-0.002151,0.0000,1.0000,8705.1,0.0310,4,0
55.1199,0.318384,59.991817,-0.002159,0.0000,1.0000,8710.2,0.0312,4,0
55.1354,0.318520,59.991814,-0.002166,0.0000,1.0000,8716.7,0.0316,4,0
55.1512,0.318656,59.991811,-0.002174,0.0000,1.0000,8721.3,0.0323,4,0
55.1684,0.318792,59.991808,-0.002181,0.0000,1.0000,8721.7,0.0332,4,0
55.1845,0.318928,59.991805,-0.002189,0.0000,1.0000,8726.0,0.0344,4,0
55.1997,0.319065,59.991802,-0.002197,0.0000,1.0000,8732.4,0.0358,4,0
55.2154,0.319201,59.991799,-0.002204,0.0000,1.0000,8736.4,0.0378,4,0
55.2322,0.319337,59.991796,-0.002212,0.0000,1.0000,8737.8,0.0402,4,0
55.2480,0.319473,59.991793,-0.002219,0.0000,1.0000,8741.6,0.0429,4,0
55.2626,0.319610,59.991790,-0.002227,0.0000,1.0000,8748.7,0.0458,4,0
55.2781,0.319746,59.991787,-0.002235,0.0000,1.0000,8753.8,0.0489,4,0
55.2946,0.319882,59.991784,-0.002242,0.0000,1.0000,8755.2,0.0520,4,0
55.3101,0.320019,59.991780,-0.002250,0.0000,1.0000,8758.3,0.0549,4,0
55.3244,0.320155,59.991777,-0.002258,0.0000,1.0000,8765.8,0.0577,4,0
55.3400,0.320292,59.991773,-0.002265,0.0000,1.0000,8769.2,0.0604,4,0
55.3558,0.320428,59.991770,-0.002273,0.0000,1.0000,8770.4,0.0629,4,0
55.3706,0.320565,59.991767,-0.002281,0.0000,1.0000,8772.8,0.0650,4,0
55.3848,0.320701,59.991763,-0.002288,0.0000,1.0000,8779.8,0.0668,4,0
55.4004,0.320838,59.991760,-0.002296,0.0000,1.0000,8783.7,0.0684,4,0
55.4141,0.320975,59.991756,-0.002304,0.0000,1.0000,8789.1,0.0698,4,0
55.4282,0.321111,59.991753,-0.002311,0.0000,1.0000,8796.3,0.0713,4,0
55.4435,0.321248,59.991750,-0.002319,0.0000,1.0000,8799.9,0.0729,4,0
55.4580,0.321385,59.991747,-0.002327,0.0000,1.0000,8800.4,0.0750,4,0
55.4733,0.321522,59.991744,-0.002335,0.0000,1.0000,8801.7,0.0771,4,0
55.4866,0.321659,59.991741,-0.002343,0.0000,0.9289,8803.1,0.0796,4,0
55.5009,0.321795,59.991737,-0.002350,0.0000,0.9289,8798.3,0.0824,4,0
55.5147,0.321932,59.991734,-0.002358,0.0000,0.7992,8787.2,0.0853,4,0
55.5248,0.322069,59.991731,-0.002366,0.0000,0.7992,8773.4,0.0880,4,0
55.5311,0.322206,59.991728,-0.002374,0.0175,0.6384,8753.7,0.0904,4,0
55.5339,0.322343,59.991725,-0.002382,0.0175,0.6384,8722.5,0.0923,4,0
55.5306,0.322480,59.991722,-0.002389,0.0320,0.4892,8689.1,0.0934,4,0
55.5221,0.322617,59.991719,-0.002397,0.0320,0.4892,8650.3,0.0935,4,0
55.5086,0.322754,59.991716,-0.002405,0.0498,0.3902,8614.5,0.0925,4,0
55.4937,0.322891,59.991712,-0.002413,0.0498,0.3902,8563.8,0.0907,4,0
55.4664,0.323028,59.991709,-0.002421,0.0762,0.2768,8543.9,0.0879,4,0
55.4339,0.323165,59.991706,-0.002429,0.0762,0.2768,8524.8,0.0841,4,0
55.3940,0.323301,59.991703,-0.002437,0.1108,0.1840,8516.5,0.0798,4,0
55.3486,0.323438,59.991700,-0.002445,0.1108,0.1840,8508.5,0.0748,4,0
55.3003,0.323574,59.991696,-0.002452,0.1508,0.1065,8498.9,0.0693,4,0
55.2512,0.323710,59.991693,-0.002460,0.1508,0.1065,8488.1,0.0635,4,0
55.1952,0.323846,59.991690,-0.002468,0.1802,0.0616,8486.9,0.0578,4,0
55.1323,0.323982,59.991687,-0.002476,0.1802,0.0616,8482.6,0.0514,4,0
55.0686,0.324118,59.991685,-0.002484,0.2122,0.0174,8471.4,0.0449,4,0
54.9996,0.324254,59.991682,-0.002492,0.2122,0.0174,8463.2,0.0389,4,0
54.9276,0.324389,59.991680,-0.002500,0.2468,0.0000,8447.9,0.0339,4,0
54.8541,0.324525,59.991677,-0.002508,0.2468,0.0000,8433.7,0.0302,4,0
54.7761,0.324660,59.991675,-0.002516,0.2785,0.0000,8416.6,0.0278,4,0
54.6933,0.324795,59.991672,-0.002524,0.2785,0.0000,8402.2,0.0279,4,0
54.6166,0.324929,59.991670,-0.002532,0.3051,0.0000,8376.8,0.0319,4,0
54.5370,0.325064,59.991667,-0.002540,0.3051,0.0000,8366.5,0.0334,4,0
54.4662,0.325198,59.991665,-0.002548,0.3381,0.0000,8332.9,0.0366,4,0
54.3672,0.325332,59.991662,-0.002556,0.3381,0.0000,8344.2,0.0382,4,0
54.2793,0.325466,59.991660,-0.002564,0.3678,0.0000,8314.3,0.0411,4,0
54.1809,0.325600,59.991657,-0.002572,0.3678,0.0000,8318.7,0.0411,4,0
54.1037,0.325733,59.991655,-0.002580,0.3906,0.0000,8276.7,0.0412,4,0
54.0147,0.325867,59.991652,-0.002588,0.3906,0.0000,8237.2,0.0411,4,0
53.9040,0.326000,59.991650,-0.002596,0.4194,0.0000,8244.8,0.0407,4,0
53.8138,0.326132,59.991647,-0.002604,0.4194,0.0000,8201.6,0.0404,4,0
53.7298,0.326265,59.991645,-0.002612,0.4424,0.0000,8133.2,0.0396,4,0
53.6463,0.326397,59.991642,-0.002620,0.4424,0.0000,8053.7,0.0399,4,0
53.5547,0.326529,59.991640,-0.002628,0.4648,0.0000,8036.4,0.0405,4,0
53.4465,0.326661,59.991637,-0.002635,0.4648,0.0000,8070.9,0.0410,4,0
53.3565,0.326793,59.991634,-0.002643,0.4821,0.0000,7998.6,0.0422,4,0
53.2556,0.326924,59.991631,-0.002651,0.4821,0.0000,7973.7,0.0443,4,0
53.1373,0.327055,59.991628,-0.002659,0.5024,0.0000,7938.2,0.0460,4,0
53.0238,0.327186,59.991625,-0.002667,0.5024,0.0000,7949.5,0.0480,4,0
52.9028,0.327316,59.991622,-0.002675,0.5176,0.0000,7938.6,0.0484,4,0
52.7819,0.327446,59.991619,-0.002683,0.5176,0.0000,7881.3,0.0527,4,0
52.6380,0.327576,59.991616,-0.002691,0.5327,0.0000,7926.0,0.0538,4,0
52.4977,0.327706,59.991613,-0.002699,0.5327,0.0000,7952.6,0.0547,4,0
52.3761,0.327835,59.991610,-0.002707,0.5445,0.0000,7883.0,0.0540,4,0
52.2505,0.327964,59.991608,-0.002715,0.5445,0.0000,7818.1,0.0541,4,0
52.1136,0.328092,59.991605,-0.002722,0.5511,0.0000,7873.2,0.0519,4,0
51.9769,0.328221,59.991602,-0.002730,0.5511,0.0000,7911.9,0.0496,4,0
51.8515,0.328349,59.991600,-0.002738,0.5662,0.0000,7853.2,0.0473,4,0
51.7197,0.328476,59.991597,-0.002746,0.5662,0.0000,7808.4,0.0457,4,0
51.5832,0.328603,59.991595,-0.002754,0.5743,0.0000,7756.9,0.0449,4,0
51.4640,0.328730,59.991593,-0.002761,0.5743,0.0000,7692.9,0.0418,4,0
51.3340,0.328857,59.991590,-0.002769,0.5867,0.0000,7712.9,0.0388,4,0
51.1996,0.328983,59.991588,-0.002777,0.5867,0.0000,7721.0,0.0385,4,0
51.0769,0.329109,59.991585,-0.002785,0.5975,0.0000,7685.1,0.0371,4,0
50.9315,0.329235,59.991582,-0.002793,0.5975,0.0000,7696.4,0.0346,4,0
50.8093,0.329360,59.991580,-0.002800,0.6056,0.0000,7613.3,0.0359,4,0
50.6638,0.329485,59.991577,-0.002808,0.6056,0.0000,7648.3,0.0354,4,0
50.5108,0.329610,59.991575,-0.002816,0.6144,0.0000,7651.8,0.0341,4,0
50.3634,0.329734,59.991573,-0.002823,0.6144,0.0000,7587.3,0.0337,4,0
50.2105,0.329858,59.991570,-0.002831,0.6207,0.0000,7569.8,0.0312,4,0
50.0541,0.329981,59.991568,-0.002839,0.6207,0.0000,7530.3,0.0282,4,0
49.8976,0.330104,59.991565,-0.002847,0.6212,0.0000,7528.0,0.0252,4,0
49.7331,0.330227,59.991563,-0.002854,0.6212,0.0000,7527.5,0.0199,4,0
49.5803,0.330349,59.991560,-0.002862,0.6212,0.0000,7505.2,0.0159,4,0
49.4248,0.330471,59.991558,-0.002870,0.6212,0.0000,7480.9,0.0108,4,0
49.2669,0.330593,59.991556,-0.002877,0.6305,1.0000,7463.9,0.0068,4,0
49.1124,0.330714,59.991554,-0.002885,0.6305,1.0000,7717.8,0.0028,4,0
48.9559,0.330834,59.991552,-0.002892,0.6368,1.0000,8242.1,-0.0005,4,0
48.8009,0.330955,59.991550,-0.002900,0.6368,1.0000,8741.3,-0.0028,4,0
48.6458,0.331075,59.991548,-0.002907,0.6456,0.1856,8850.9,-0.0040,4,0
48.4905,0.331194,59.991546,-0.002915,0.6456,0.1856,8812.8,-0.0045,3,0
48.3337,0.331314,59.991544,-0.002922,0.6396,0.0000,8772.7,-0.0044,3,0
48.1760,0.331432,59.991542,-0.002930,0.6396,0.0000,8744.8,-0.0037,3,0
48.0185,0.331551,59.991540,-0.002937,0.6435,0.0000,8717.2,-0.0025,3,0
47.8643,0.331669,59.991538,-0.002945,0.6435,0.0000,8684.2,-0.0017,3,0
47.7081,0.331787,59.991535,-0.002952,0.6493,0.0000,8645.3,-0.0011,3,0
47.5513,0.331904,59.991533,-0.002959,0.6493,0.0000,8609.6,-0.0009,3,0
47.3948,0.332021,59.991530,-0.002967,0.6476,0.0000,8578.6,-0.0009,3,0
47.2388,0.332137,59.991528,-0.002974,0.6476,0.0000,8547.2,-0.0013,3,0
47.0833,0.332253,59.991526,-0.002982,0.6598,0.0000,8507.3,-0.0020,3,0
46.9262,0.332369,59.991523,-0.002989,0.6598,0.0000,8464.3,-0.0024,3,0
46.7705,0.332485,59.991521,-0.002996,0.6564,0.0000,8425.2,-0.0027,3,0
46.6127,0.332600,59.991518,-0.003004,0.6564,0.0000,8387.3,-0.0023,3,0
46.4581,0.332714,59.991516,-0.003011,0.6613,0.0000,8347.1,-0.0016,3,0
46.3043,0.332828,59.991514,-0.003018,0.6613,0.0000,8299.6,-0.0008,3,0
46.1515,0.332942,59.991512,-0.003025,0.6511,0.0000,8245.1,0.0004,3,0
46.0013,0.333056,59.991510,-0.003032,0.6511,0.0000,8217.1,0.0014,3,0
45.8463,0.333169,59.991508,-0.003039,0.6510,0.0000,8220.5,0.0023,3,0
45.6954,0.333281,59.991506,-0.003047,0.6510,0.0000,8199.3,0.0027,3,0
45.5463,0.333394,59.991505,-0.003054,0.6525,0.0000,8157.6,0.0029,3,0
45.4012,0.333506,59.991503,-0.003061,0.6525,0.0000,8104.6,0.0028,3,0
45.2544,0.333617,59.991501,-0.003068,0.6488,0.0000,8052.9,0.0034,3,0
45.1083,0.333729,59.991499,-0.003075,0.6488,0.0000,8013.1,0.0033,3,0
44.9643,0.333839,59.991497,-0.003082,0.6564,0.0000,8037.7,0.0024,3,0
44.8188,0.333950,59.991495,-0.003089,0.6564,0.0000,7997.9,0.0016,3,0
44.6709,0.334060,59.991493,-0.003096,0.6509,0.0000,7946.1,0.0014,3,0
44.5229,0.334170,59.991491,-0.003103,0.6509,0.0000,7890.1,0.0005,3,0
44.3772,0.334279,59.991489,-0.003110,0.6488,0.0000,7838.6,-0.0005,3,0
44.2297,0.334389,59.991488,-0.003117,0.6488,0.0000,7852.3,-0.0010,3,0
44.0756,0.334497,59.991486,-0.003124,0.6484,0.0000,7836.3,-0.0014,3,0
43.9235,0.334606,59.991484,-0.003131,0.6484,0.0000,7847.5,-0.0016,3,0
43.7669,0.334714,59.991482,-0.003138,0.6374,0.0000,7842.8,-0.0017,3,0
43.6116,0.334821,59.991480,-0.003144,0.6374,0.0000,7820.9,-0.0016,3,0
43.4570,0.334928,59.991478,-0.003151,0.6422,0.0000,7791.2,-0.0010,3,0
43.2986,0.335035,59.991476,-0.003158,0.6422,0.0000,7757.7,-0.0000,3,0
43.1439,0.335142,59.991474,-0.003165,0.6342,0.0000,7722.4,0.0013,3,0
42.9885,0.335248,59.991473,-0.003171,0.6342,0.0000,7700.4,0.0027,3,0
42.8341,0.335353,59.991471,-0.003178,0.6347,0.0000,7683.9,0.0038,3,0
42.6805,0.335459,59.991469,-0.003185,0.6347,0.0000,7665.1,0.0048,3,0
42.5254,0.335563,59.991467,-0.003191,0.6408,0.0000,7639.2,0.0055,3,0
42.3723,0.335668,59.991465,-0.003198,0.6408,0.0000,7613.6,0.0058,3,0
42.2168,0.335772,59.991464,-0.003205,0.6364,0.0000,7591.6,0.0057,3,0
42.0642,0.335876,59.991462,-0.003211,0.6364,0.0000,7564.6,0.0051,3,0
41.9111,0.335979,59.991460,-0.003218,0.6454,0.0000,7541.1,0.0039,3,0
41.7561,0.336082,59.991458,-0.003224,0.6454,0.0000,7514.6,0.0022,3,0
41.6037,0.336185,59.991456,-0.003231,0.6404,0.0000,7482.0,-0.0001,3,0
41.4495,0.336287,59.991454,-0.003237,0.6404,0.0000,7456.0,-0.0030,3,0
41.2961,0.336389,59.991452,-0.003244,0.6381,0.0000,7429.1,-0.0064,3,0
41.1455,0.336490,59.991450,-0.003250,0.6381,0.0000,7399.0,-0.0101,3,0
40.9915,0.336591,59.991448,-0.003257,0.6396,0.0000,7372.3,-0.0140,3,0
40.8402,0.336692,59.991446,-0.003263,0.6396,0.0000,7338.9,-0.0183,3,0
40.6901,0.336793,59.991444,-0.003269,0.6320,0.0000,7306.4,-0.0227,3,0
40.5393,0.336893,59.991442,-0.003276,0.6320,0.0000,7276.2,-0.0273,3,0
40.3920,0.336992,59.991440,-0.003282,0.6315,1.0000,7247.7,-0.0316,3,0
40.2434,0.337091,59.991438,-0.003288,0.6315,1.0000,7506.6,-0.0355,3,0
40.0991,0.337190,59.991437,-0.003295,0.6220,1.0000,8038.6,-0.0394,3,0
39.9577,0.337289,59.991436,-0.003301,0.6220,1.0000,8549.9,-0.0435,3,0
39.8200,0.337387,59.991434,-0.003307,0.6161,0.2083,8822.6,-0.0474,3,0
39.6824,0.337485,59.991432,-0.003313,0.6161,0.2083,8787.8,-0.0519,2,0
39.5467,0.337583,59.991431,-0.003319,0.6188,0.0000,8745.3,-0.0552,2,0
39.4114,0.337680,59.991429,-0.003325,0.6188,0.0000,8694.0,-0.0591,2,0
39.2829,0.337777,59.991428,-0.003332,0.6107,0.0000,8634.2,-0.0621,2,0
39.1542,0.337873,59.991426,-0.003338,0.6107,0.0000,8618.6,-0.0659,2,0
39.0258,0.337969,59.991425,-0.003344,0.6107,0.0000,8578.3,-0.0717,2,0
38.8983,0.338065,59.991423,-0.003350,0.6107,0.0000,8531.4,-0.0752,2,0
38.7751,0.338161,59.991421,-0.003356,0.6056,0.0000,8467.5,-0.0792,2,0
38.6525,0.338256,59.991419,-0.003362,0.6056,0.0000,8456.3,-0.0849,2,0
38.5272,0.338351,59.991417,-0.003368,0.5985,0.0000,8438.2,-0.0908,2,0
38.4054,0.338446,59.991415,-0.003374,0.5985,0.0000,8400.9,-0.0955,2,0
38.2843,0.338541,59.991413,-0.003380,0.5941,0.0000,8379.1,-0.1012,2,0
38.1687,0.338635,59.991411,-0.003386,0.5941,0.0000,8341.9,-0.1080,2,0
38.0460,0.338729,59.991409,-0.003392,0.5851,0.0000,8318.6,-0.1110,2,0
37.9238,0.338822,59.991407,-0.003398,0.5851,0.0000,8306.9,-0.1135,2,0
37.7991,0.338915,59.991405,-0.003404,0.5721,0.0000,8307.7,-0.1180,2,0
37.6721,0.339008,59.991403,-0.003409,0.5721,0.0000,8269.7,-0.1223,2,0
37.5409,0.339101,59.991401,-0.003415,0.5616,0.0000,8221.7,-0.1248,2,0
37.4143,0.339193,59.991399,-0.003421,0.5616,0.0000,8180.4,-0.1277,2,0
37.2856,0.339285,59.991397,-0.003427,0.5450,0.0000,8191.3,-0.1304,2,0
37.1545,0.339377,59.991395,-0.003432,0.5450,0.0000,8173.0,-0.1312,2,0
37.0245,0.339468,59.991394,-0.003438,0.5381,0.0000,8133.9,-0.1322,2,0
36.8906,0.339559,59.991392,-0.003444,0.5381,0.0000,8144.9,-0.1327,2,0
36.7587,0.339650,59.991390,-0.003449,0.5237,0.0000,8130.2,-0.1327,2,0
36.6299,0.339740,59.991388,-0.003455,0.5237,0.0000,8138.5,-0.1323,2,0
36.5027,0.339830,59.991386,-0.003461,0.5093,0.0000,8119.5,-0.1312,2,0
36.3832,0.339920,59.991384,-0.003466,0.5093,0.0000,8091.1,-0.1303,2,0
36.2607,0.340009,59.991383,-0.003472,0.4969,0.0000,8089.9,-0.1292,2,0
36.1426,0.340098,59.991381,-0.003477,0.4969,0.0000,8051.1,-0.1278,2,0
36.0216,0.340187,59.991380,-0.003483,0.4822,0.0000,8057.8,-0.1266,2,0
35.9016,0.340276,59.991378,-0.003488,0.4822,0.0000,8042.5,-0.1254,2,0
35.7856,0.340364,59.991376,-0.003494,0.4698,0.0000,8003.2,-0.1248,2,0
35.6710,0.340452,59.991375,-0.003499,0.4698,0.0000,7966.7,-0.1245,2,0
35.5581,0.340540,59.991373,-0.003505,0.4444,0.0000,7947.4,-0.1248,2,0
35.4402,0.340627,59.991372,-0.003510,0.4444,0.0000,7959.2,-0.1260,2,0
35.3306,0.340714,59.991370,-0.003515,0.4232,0.0000,7927.3,-0.1275,2,0
35.2194,0.340801,59.991368,-0.003521,0.4232,0.0000,7908.5,-0.1292,2,0
35.1084,0.340888,59.991366,-0.003526,0.3972,0.0000,7888.0,-0.1310,2,0
34.9988,0.340974,59.991365,-0.003531,0.3972,0.0000,7870.6,-0.1330,2,0
34.8941,0.341060,59.991363,-0.003536,0.3579,0.0000,7851.4,-0.1352,2,0
34.7939,0.341146,59.991361,-0.003541,0.3579,0.0000,7835.5,-0.1372,2,0
34.6982,0.341232,59.991359,-0.003547,0.3127,0.0000,7821.0,-0.1389,2,0
34.6092,0.341317,59.991357,-0.003552,0.3127,0.0000,7798.8,-0.1398,2,0
34.5221,0.341402,59.991356,-0.003557,0.2621,0.0000,7791.9,-0.1398,2,0
34.4396,0.341487,59.991354,-0.003562,0.2621,0.0000,7783.9,-0.1392,2,0
34.3628,0.341572,59.991352,-0.003567,0.2281,0.0000,7769.8,-0.1382,2,0
34.2905,0.341656,59.991350,-0.003572,0.2281,0.0000,7758.1,-0.1369,2,0
34.2215,0.341741,59.991349,-0.003577,0.2000,0.0000,7747.1,-0.1352,2,0
34.1558,0.341825,59.991348,-0.003582,0.2000,0.0000,7730.1,-0.1332,2,0
34.0929,0.341909,59.991346,-0.003587,0.1617,0.0000,7718.4,-0.1309,2,0
34.0300,0.341993,59.991344,-0.003592,0.1617,0.0000,7720.4,-0.1289,2,0
33.9729,0.342077,59.991343,-0.003597,0.1246,0.0000,7719.6,-0.1274,2,0
33.9216,0.342160,59.991341,-0.003602,0.1246,0.0000,7708.8,-0.1266,2,0
33.8710,0.342244,59.991340,-0.003607,0.0894,0.0000,7713.9,-0.1264,2,0
33.8277,0.342327,59.991338,-0.003612,0.0894,0.0000,7707.2,-0.1268,2,0
33.7882,0.342411,59.991337,-0.003617,0.0562,0.0000,7701.9,-0.1279,2,0
33.7533,0.342494,59.991335,-0.003621,0.0562,0.0000,7694.8,-0.1298,2,0
33.7155,0.342577,59.991333,-0.003626,0.0378,0.0000,7703.8,-0.1325,2,0
33.6831,0.342660,59.991331,-0.003631,0.0378,0.0000,7700.2,-0.1359,2,0
33.6527,0.342743,59.991329,-0.003636,0.0201,0.0000,7697.3,-0.1397,2,0
33.6236,0.342826,59.991327,-0.003640,0.0201,0.0000,7694.2,-0.1439,2,0
33.5963,0.342909,59.991326,-0.003645,0.0147,0.0000,7686.6,-0.1482,2,0
33.5696,0.342992,59.991324,-0.003650,0.0147,0.0000,7673.1,-0.1524,2,0
33.5416,0.343075,59.991322,-0.003654,0.0000,0.0000,7668.6,-0.1564,2,0
33.5142,0.343157,59.991320,-0.003659,0.0000,0.0000,7669.2,-0.1602,2,0
33.4869,0.343240,59.991318,-0.003664,0.0000,0.0000,7670.9,-0.1635,2,0
33.4618,0.343322,59.991316,-0.003668,0.0000,0.0000,7667.7,-0.1662,2,0
33.4376,0.343405,59.991314,-0.003673,0.0000,0.0000,7661.4,-0.1679,2,0
33.4133,0.343487,59.991313,-0.003678,0.0000,0.0000,7653.6,-0.1698,2,0
33.3880,0.343570,59.991311,-0.003682,0.0000,0.0000,7650.2,-0.1709,2,0
33.3614,0.343652,59.991309,-0.003687,0.0000,0.0000,7651.4,-0.1716,2,0
33.3350,0.343734,59.991307,-0.003691,0.0000,0.0000,7652.1,-0.1719,2,0
33.3099,0.343816,59.991305,-0.003696,0.0000,0.0000,7649.3,-0.1719,2,0
33.2839,0.343898,59.991304,-0.003700,0.0000,0.0000,7647.2,-0.1716,2,0
33.2578,0.343980,59.991302,-0.003705,0.0000,0.0000,7644.9,-0.1709,2,0
33.2311,0.344062,59.991300,-0.003709,0.0000,0.0000,7642.7,-0.1700,2,0
33.2050,0.344144,59.991298,-0.003714,0.0000,0.0000,7641.8,-0.1692,2,0
33.1778,0.344226,59.991295,-0.003718,0.0000,0.0000,7641.7,-0.1685,2,0
33.1519,0.344308,59.991293,-0.003722,0.0000,0.0000,7639.5,-0.1677,2,0
33.1269,0.344390,59.991290,-0.003727,0.0000,0.0000,7637.5,-0.1673,2,0
33.1017,0.344471,59.991288,-0.003731,0.0000,0.0000,7632.0,-0.1671,2,0
33.0715,0.344553,59.991286,-0.003735,0.0000,0.0000,7630.7,-0.1674,2,0
33.0480,0.344634,59.991283,-0.003740,0.0000,0.0000,7630.9,-0.1694,2,0
33.0102,0.344716,59.991281,-0.003744,0.0000,0.0000,7630.8,-0.1705,2,0
32.9896,0.344797,59.991278,-0.003748,0.0000,0.0000,7628.6,-0.1735,2,0
32.9576,0.344878,59.991276,-0.003753,0.0000,0.0007,7619.1,-0.1749,2,0
32.9305,0.344960,59.991274,-0.003757,0.0000,0.0007,7614.4,-0.1780,2,0
32.9036,0.345041,59.991272,-0.003761,0.0000,0.0042,7609.8,-0.1797,2,0
32.8720,0.345122,59.991270,-0.003765,0.0000,0.0042,7608.6,-0.1826,2,0
32.8436,0.345203,59.991268,-0.003769,0.0000,0.0122,7611.7,-0.1848,2,0
32.8187,0.345284,59.991266,-0.003773,0.0000,0.0122,7602.0,-0.1868,2,0
32.7961,0.345365,59.991265,-0.003778,0.0000,0.0174,7606.4,-0.1879,2,0
32.7760,0.345446,59.991263,-0.003782,0.0000,0.0174,7583.5,-0.1894,2,0
32.7466,0.345526,59.991261,-0.003786,0.0000,0.0202,7589.5,-0.1908,2,0
32.7242,0.345607,59.991259,-0.003790,0.0000,0.0202,7575.9,-0.1920,2,0
32.6845,0.345688,59.991257,-0.003794,0.0000,0.0202,7573.9,-0.1930,2,0
32.6574,0.345768,59.991255,-0.003798,0.0000,0.0202,7599.1,-0.1952,2,0
32.6342,0.345849,59.991252,-0.003802,0.0000,0.0202,7586.4,-0.1943,2,0
32.6041,0.345929,59.991250,-0.003806,0.0000,0.0202,7597.9,-0.1949,2,0
32.5849,0.346009,59.991248,-0.003810,0.0000,0.0202,7579.5,-0.1947,2,0
32.5647,0.346090,59.991245,-0.003814,0.0000,0.0202,7562.8,-0.1950,2,0
32.5439,0.346170,59.991243,-0.003818,0.0000,0.0202,7545.7,-0.1954,2,0
32.5213,0.346250,59.991241,-0.003822,0.0000,0.0202,7534.4,-0.1958,2,0
32.4903,0.346330,59.991239,-0.003826,0.0000,0.0192,7557.5,-0.1966,2,0
32.4750,0.346410,59.991236,-0.003830,0.0000,0.0192,7508.6,-0.1980,2,0
32.4478,0.346491,59.991234,-0.003834,0.0000,0.0202,7511.0,-0.1997,2,0
32.4114,0.346570,59.991232,-0.003837,0.0000,0.0202,7518.1,-0.2010,2,0
32.3854,0.346650,59.991229,-0.003841,0.0000,0.0202,7508.8,-0.2032,2,0
32.3571,0.346730,59.991227,-0.003845,0.0000,0.0202,7489.6,-0.2030,2,0
32.3388,0.346810,59.991224,-0.003849,0.0000,0.0202,7469.2,-0.2037,2,0
32.3067,0.346890,59.991222,-0.003852,0.0000,0.0202,7458.8,-0.2040,2,0
32.2808,0.346969,59.991220,-0.003856,0.0000,0.0202,7446.9,-0.2035,2,0
32.2547,0.347049,59.991217,-0.003860,0.0000,0.0202,7438.1,-0.2022,2,0
32.2217,0.347128,59.991215,-0.003864,0.0000,0.0202,7427.9,-0.2001,2,0
32.1857,0.347208,59.991212,-0.003868,0.0000,0.0202,7456.2,-0.1988,2,0
32.1564,0.347287,59.991210,-0.003871,0.0000,0.0202,7466.9,-0.1952,2,0
32.1207,0.347366,59.991208,-0.003875,0.0000,0.0202,7467.7,-0.1930,2,0
32.0900,0.347445,59.991206,-0.003879,0.0000,0.0219,7444.1,-0.1909,2,0
32.0619,0.347524,59.991204,-0.003882,0.0000,0.0219,7457.1,-0.1877,2,0
32.0344,0.347603,59.991202,-0.003886,0.0000,0.0237,7447.1,-0.1845,2,0
32.0079,0.347682,59.991200,-0.003889,0.0000,0.0237,7447.5,-0.1824,2,0
31.9766,0.347761,59.991198,-0.003893,0.0000,0.0254,7458.8,-0.1794,2,0
31.9542,0.347840,59.991196,-0.003897,0.0000,0.0254,7437.4,-0.1782,2,0
31.9298,0.347919,59.991194,-0.003900,0.0000,0.0272,7421.6,-0.1771,2,0
31.9046,0.347998,59.991192,-0.003904,0.0000,0.0272,7426.2,-0.1764,2,0
31.8732,0.348076,59.991190,-0.003907,0.0000,0.0299,7438.4,-0.1768,2,0
31.8509,0.348155,59.991188,-0.003911,0.0000,0.0299,7437.0,-0.1774,2,0
31.8223,0.348233,59.991186,-0.003914,0.0000,0.0316,7427.8,-0.1783,2,0
31.7958,0.348312,59.991184,-0.003917,0.0000,0.0316,7410.4,-0.1791,2,0
31.7742,0.348390,59.991182,-0.003921,0.0000,0.0379,7374.5,-0.1796,2,0
31.7514,0.348468,59.991180,-0.003924,0.0000,0.0379,7340.3,-0.1798,2,0
31.7231,0.348547,59.991178,-0.003928,0.0000,0.0473,7324.8,-0.1798,2,0
31.6938,0.348625,59.991176,-0.003931,0.0000,0.0473,7318.8,-0.1788,2,0
31.6642,0.348703,59.991174,-0.003934,0.0000,0.0588,7318.9,-0.1771,2,0
31.6378,0.348781,59.991172,-0.003938,0.0000,0.0588,7305.8,-0.1748,2,0
31.6100,0.348859,59.991170,-0.003941,0.0000,0.0753,7301.9,-0.1717,2,0
31.5841,0.348937,59.991167,-0.003944,0.0000,0.0753,7293.6,-0.1682,2,0
31.5583,0.349015,59.991164,-0.003947,0.0000,0.0944,7290.6,-0.1647,2,0
31.5356,0.349092,59.991162,-0.003951,0.0000,0.0944,7282.7,-0.1613,2,0
31.5129,0.349170,59.991159,-0.003954,0.0000,0.1153,7279.7,-0.1584,2,0
31.4912,0.349248,59.991156,-0.003957,0.0000,0.1153,7278.2,-0.1559,2,0
31.4710,0.349325,59.991153,-0.003960,0.0000,0.1437,7280.1,-0.1540,2,0
31.4523,0.349403,59.991150,-0.003963,0.0000,0.1437,7281.3,-0.1529,2,0
31.4345,0.349480,59.991148,-0.003966,0.0000,0.1823,7283.2,-0.1525,2,0
31.4183,0.349558,59.991145,-0.003970,0.0000,0.1823,7285.2,-0.1530,2,0
31.4043,0.349635,59.991142,-0.003973,0.0000,0.2284,7286.3,-0.1539,2,0
31.3920,0.349713,59.991140,-0.003976,0.0000,0.2284,7292.2,-0.1559,2,0
31.3810,0.349790,59.991138,-0.003979,0.0000,0.2681,7297.6,-0.1574,2,0
31.3711,0.349868,59.991135,-0.003982,0.0000,0.2681,7307.0,-0.1599,2,0
31.3629,0.349945,59.991133,-0.003985,0.0000,0.3237,7318.4,-0.1617,2,0
31.3558,0.350022,59.991131,-0.003987,0.0000,0.3237,7330.3,-0.1634,2,0
31.3509,0.350100,59.991129,-0.003990,0.0000,0.3805,7342.6,-0.1646,2,0
31.3480,0.350177,59.991127,-0.003993,0.0000,0.3805,7355.8,-0.1653,2,0
31.3459,0.350254,59.991124,-0.003996,0.0000,0.4363,7375.1,-0.1652,2,0
31.3448,0.350332,59.991122,-0.003999,0.0000,0.4363,7397.1,-0.1640,2,0
31.3453,0.350409,59.991120,-0.004002,0.0000,0.4896,7420.6,-0.1617,2,0
31.3482,0.350486,59.991118,-0.004005,0.0000,0.4896,7442.2,-0.1584,2,0
31.3517,0.350564,59.991115,-0.004008,0.0000,0.5397,7469.9,-0.1540,2,0
31.3586,0.350641,59.991113,-0.004011,0.0000,0.5397,7492.1,-0.1485,2,0
31.3697,0.350718,59.991110,-0.004013,0.0000,0.5859,7504.9,-0.1421,2,0
31.3816,0.350796,59.991108,-0.004016,0.0000,0.5859,7524.3,-0.1348,2,0
31.3954,0.350873,59.991106,-0.004019,0.0000,0.6159,7541.4,-0.1271,2,0
31.4117,0.350951,59.991103,-0.004022,0.0000,0.6159,7554.3,-0.1189,2,0
31.4289,0.351028,59.991101,-0.004024,0.0000,0.6505,7567.0,-0.1108,2,0
31.4481,0.351106,59.991098,-0.004027,0.0000,0.6505,7578.2,-0.1030,2,0
31.4679,0.351183,59.991096,-0.004030,0.0000,0.6770,7590.0,-0.0954,2,0
31.4898,0.351261,59.991093,-0.004032,0.0000,0.6770,7599.7,-0.0881,2,0
31.5120,0.351339,59.991091,-0.004035,0.0000,0.6999,7613.5,-0.0827,2,0
31.5358,0.351416,59.991088,-0.004038,0.0000,0.6999,7624.5,-0.0753,2,0
31.5592,0.351494,59.991086,-0.004040,0.0000,0.7221,7635.1,-0.0702,2,0
31.5828,0.351572,59.991083,-0.004043,0.0000,0.7221,7648.4,-0.0660,2,0
31.6096,0.351650,59.991080,-0.004045,0.0000,0.7435,7656.8,-0.0630,2,0
31.6365,0.351728,59.991078,-0.004048,0.0000,0.7435,7664.1,-0.0610,2,0
31.6642,0.351806,59.991075,-0.004051,0.0000,0.5385,7672.9,-0.0597,2,0
31.6900,0.351884,59.991073,-0.004053,0.0000,0.5385,7629.1,-0.0592,2,0
31.7112,0.351963,59.991070,-0.004056,0.0000,0.7750,7653.2,-0.0592,2,0
31.7351,0.352041,59.991067,-0.004058,0.0000,0.7750,7685.2,-0.0596,2,0
31.7622,0.352119,59.991065,-0.004061,0.0000,0.7937,7660.7,-0.0604,2,0
31.7839,0.352198,59.991062,-0.004063,0.0000,0.7937,7662.0,-0.0614,2,0
31.8099,0.352276,59.991059,-0.004066,0.0000,0.5766,7698.2,-0.0624,2,0
31.8398,0.352355,59.991056,-0.004068,0.0000,0.5766,7694.8,-0.0633,2,0
31.8645,0.352433,59.991054,-0.004070,0.0000,0.8376,7678.9,-0.0637,2,0
31.8895,0.352512,59.991051,-0.004073,0.0000,0.8376,7724.8,-0.0640,2,0
31.9175,0.352591,59.991048,-0.004075,0.0000,0.8583,7693.7,-0.0638,2,0
31.9427,0.352669,59.991046,-0.004078,0.0000,0.8583,7726.9,-0.0633,2,0
31.9745,0.352748,59.991043,-0.004080,0.0000,0.8792,7730.7,-0.0624,2,0
32.0024,0.352827,59.991041,-0.004082,0.0000,0.8792,7717.3,-0.0611,2,0
32.0314,0.352906,59.991038,-0.004085,0.0000,0.6363,7765.2,-0.0595,2,0
32.0619,0.352985,59.991036,-0.004087,0.0000,0.6363,7717.3,-0.0577,2,0
32.0889,0.353064,59.991034,-0.004089,0.0000,0.6466,7784.4,-0.0559,2,0
32.1192,0.353144,59.991031,-0.004091,0.0000,0.6466,7737.0,-0.0543,2,0
32.1491,0.353223,59.991029,-0.004094,0.0000,0.6563,7797.3,-0.0532,2,0
32.1824,0.353302,59.991027,-0.004096,0.0000,0.6563,7744.9,-0.0523,2,0
32.2112,0.353382,59.991025,-0.004098,0.0000,0.6646,7811.9,-0.0518,2,0
32.2445,0.353461,59.991022,-0.004101,0.0000,0.6646,7761.1,-0.0518,2,0
32.2739,0.353541,59.991020,-0.004103,0.0000,0.6704,7825.7,-0.0521,2,0
32.3048,0.353621,59.991017,-0.004105,0.0000,0.6704,7782.8,-0.0530,2,0
32.3364,0.353700,59.991014,-0.004107,0.0000,0.6753,7844.2,-0.0544,2,0
32.3700,0.353780,59.991011,-0.004109,0.0000,0.6753,7792.9,-0.0564,2,0
32.4012,0.353860,59.991008,-0.004111,0.0000,0.6812,7851.5,-0.0584,2,0
32.4364,0.353940,59.991005,-0.004114,0.0000,0.6812,7818.4,-0.0608,2,0
32.4674,0.354020,59.991002,-0.004116,0.0000,0.6880,7858.5,-0.0634,2,0
32.4996,0.354100,59.990999,-0.004118,0.0000,0.6880,7837.4,-0.0660,2,0
32.5317,0.354181,59.990996,-0.004120,0.0000,0.6958,7873.6,-0.0687,2,0
32.5658,0.354261,59.990993,-0.004122,0.0000,0.6958,7852.0,-0.0716,2,0
32.5972,0.354341,59.990990,-0.004124,0.0000,0.7020,7893.3,-0.0743,2,0
32.6308,0.354422,59.990987,-0.004126,0.0000,0.7020,7874.7,-0.0768,2,0
32.6630,0.354502,59.990985,-0.004128,0.0000,0.7071,7913.2,-0.0789,2,0
32.6942,0.354583,59.990982,-0.004130,0.0000,0.7071,7901.3,-0.0804,2,0
32.7249,0.354664,59.990979,-0.004132,0.0000,1.0000,7918.9,-0.0813,2,0
32.7546,0.354745,59.990977,-0.004134,0.0000,1.0000,7923.1,-0.0818,2,0
32.7845,0.354825,59.990974,-0.004136,0.0000,1.0000,7941.7,-0.0814,2,0
32.8134,0.354906,59.990971,-0.004138,0.0000,1.0000,7946.8,-0.0803,2,0
32.8429,0.354987,59.990968,-0.004140,0.0000,1.0000,7944.0,-0.0784,2,0
32.8700,0.355068,59.990966,-0.004142,0.0000,1.0000,7978.6,-0.0759,2,0
32.8989,0.355150,59.990963,-0.004144,0.0000,0.7071,7955.3,-0.0728,2,0
32.9273,0.355231,59.990960,-0.004146,0.0000,0.7071,7984.1,-0.0692,2,0
32.9558,0.355312,59.990958,-0.004148,0.0000,0.7071,7965.4,-0.0653,2,0
32.9828,0.355393,59.990955,-0.004150,0.0000,0.7071,7998.1,-0.0608,2,0
33.0110,0.355475,59.990952,-0.004152,0.0000,0.7071,7981.2,-0.0559,2,0
33.0375,0.355556,59.990949,-0.004154,0.0000,0.7071,7993.9,-0.0504,2,0
33.0632,0.355638,59.990947,-0.004156,0.0000,1.0000,8011.2,-0.0444,2,0
33.0892,0.355719,59.990944,-0.004157,0.0000,1.0000,8029.5,-0.0380,2,0
33.1163,0.355801,59.990941,-0.004159,0.0000,0.7071,8015.9,-0.0312,2,0
33.1419,0.355883,59.990939,-0.004161,0.0000,0.7071,8035.2,-0.0239,2,0
33.1682,0.355965,59.990936,-0.004163,0.0000,0.7071,8026.0,-0.0162,2,0
33.1935,0.356047,59.990933,-0.004165,0.0000,0.7071,8046.5,-0.0083,2,0
33.2181,0.356129,59.990930,-0.004167,0.0000,0.7071,8039.2,-0.0001,2,0
33.2440,0.356210,59.990927,-0.004168,0.0000,0.7071,8056.3,0.0079,2,0
33.2696,0.356293,59.990924,-0.004170,0.0000,0.7071,8049.1,0.0157,2,0
33.2957,0.356375,59.990921,-0.004172,0.0000,0.7071,8067.0,0.0229,2,0
33.3221,0.356457,59.990918,-0.004173,0.0000,0.7071,8056.9,0.0294,2,0
33.3486,0.356539,59.990915,-0.004175,0.0000,0.7071,8071.3,0.0351,2,0
33.3742,0.356621,59.990912,-0.004177,0.0000,0.7071,8085.2,0.0398,2,0
33.4024,0.356704,59.990909,-0.004179,0.0000,0.7071,8067.5,0.0433,2,0
33.4309,0.356786,59.990906,-0.004180,0.0000,0.7071,8099.7,0.0454,2,0
33.4604,0.356869,59.990903,-0.004182,0.0000,0.7071,8073.0,0.0461,2,0
33.4893,0.356951,59.990901,-0.004184,0.0000,1.0000,8102.0,0.0458,2,0
33.5199,0.357034,59.990898,-0.004185,0.0000,1.0000,8119.7,0.0442,2,0
33.5513,0.357117,59.990896,-0.004187,0.0000,1.0000,8107.5,0.0418,2,0
33.5830,0.357200,59.990893,-0.004189,0.0000,1.0000,8148.1,0.0386,2,0
33.6166,0.357283,59.990890,-0.004190,0.0000,1.0000,8101.2,0.0345,2,0
33.6509,0.357366,59.990888,-0.004192,0.0000,1.0000,8156.4,0.0297,2,0
33.6868,0.357449,59.990885,-0.004193,0.0000,1.0000,8098.7,0.0243,2,0
33.7218,0.357532,59.990883,-0.004195,0.0000,1.0000,8150.0,0.0184,2,0
33.7599,0.357615,59.990880,-0.004197,0.0000,0.7071,8183.9,0.0122,2,0
33.7992,0.357698,59.990877,-0.004198,0.0000,0.7071,8106.6,0.0056,2,0
33.8351,0.357782,59.990874,-0.004200,0.0000,1.0000,8153.3,-0.0012,2,0
33.8764,0.357866,59.990871,-0.004201,0.0000,1.0000,8173.2,-0.0082,2,0
33.9197,0.357949,59.990868,-0.004203,0.0000,1.0000,8185.2,-0.0149,2,0
33.9642,0.358033,59.990865,-0.004204,0.0000,1.0000,8191.0,-0.0213,2,0
34.0083,0.358117,59.990862,-0.004206,0.0000,1.0000,8196.3,-0.0271,2,0
34.0542,0.358201,59.990859,-0.004207,0.0000,1.0000,8192.5,-0.0322,2,0
34.0993,0.358285,59.990856,-0.004209,0.0000,1.0000,8193.1,-0.0364,2,0
34.1456,0.358369,59.990853,-0.004210,0.0000,1.0000,8193.7,-0.0402,2,0
34.1909,0.358453,59.990850,-0.004212,0.0000,1.0000,8194.1,-0.0432,2,0
34.2374,0.358538,59.990847,-0.004213,0.0000,1.0000,8192.2,-0.0453,2,0
34.2831,0.358622,59.990844,-0.004214,0.0000,1.0000,8195.7,-0.0467,2,0
34.3269,0.358707,59.990840,-0.004216,0.0000,1.0000,8203.9,-0.0474,2,0
34.3741,0.358792,59.990837,-0.004217,0.0000,1.0000,8200.6,-0.0475,2,0
34.4183,0.358877,59.990834,-0.004218,0.0000,1.0000,8209.8,-0.0471,2,0
34.4645,0.358962,59.990831,-0.004220,0.0000,1.0000,8216.5,-0.0464,2,0
34.5108,0.359047,59.990828,-0.004221,0.0000,1.0000,8218.3,-0.0453,2,0
34.5571,0.359132,59.990824,-0.004222,0.0000,1.0000,8223.7,-0.0441,2,0
34.6025,0.359218,59.990821,-0.004224,0.0000,1.0000,8230.3,-0.0430,2,0
34.6504,0.359303,59.990818,-0.004225,0.0000,1.0000,8225.7,-0.0420,2,0
34.6961,0.359389,59.990815,-0.004226,0.0000,1.0000,8231.7,-0.0414,2,0
34.7381,0.359474,59.990812,-0.004228,0.0000,1.0000,8234.2,-0.0412,2,0
34.7780,0.359560,59.990809,-0.004229,0.0000,1.0000,8230.7,-0.0403,2,0
34.8180,0.359646,59.990806,-0.004230,0.0000,1.0000,8238.3,-0.0401,2,0
34.8631,0.359732,59.990803,-0.004232,0.0000,1.0000,8235.4,-0.0390,2,0
34.9095,0.359818,59.990800,-0.004233,0.0000,1.0000,8237.6,-0.0382,2,0
34.9496,0.359904,59.990797,-0.004234,0.0000,1.0000,8243.5,-0.0370,2,0
34.9939,0.359991,59.990794,-0.004235,0.0000,1.0000,8258.3,-0.0365,2,0
35.0351,0.360077,59.990791,-0.004237,0.0000,1.0000,8267.9,-0.0381,2,0
35.0853,0.360163,59.990788,-0.004238,0.0000,1.0000,8291.8,-0.0392,2,0
35.1190,0.360250,59.990785,-0.004239,0.0000,1.0000,8341.1,-0.0425,2,0
35.1463,0.360337,59.990782,-0.004240,0.0000,1.0000,8419.7,-0.0446,2,0
35.1910,0.360424,59.990779,-0.004242,0.0000,1.0000,8429.9,-0.0481,2,0
35.2208,0.360510,59.990776,-0.004243,0.0000,1.0000,8476.2,-0.0510,2,0
35.2706,0.360597,59.990773,-0.004244,0.0000,1.0000,8458.3,-0.0552,2,0
35.3217,0.360685,59.990769,-0.004245,0.0000,1.0000,8431.7,-0.0589,2,0
35.3862,0.360772,59.990766,-0.004246,0.0000,1.0000,8350.7,-0.0623,2,0
35.4333,0.360859,59.990763,-0.004248,0.0000,1.0000,8339.9,-0.0646,2,0
35.4787,0.360947,59.990760,-0.004249,0.0000,1.0000,8346.9,-0.0669,2,0
35.5161,0.361034,59.990757,-0.004250,0.0000,1.0000,8385.9,-0.0689,2,0
35.5549,0.361122,59.990754,-0.004251,0.0000,1.0000,8403.2,-0.0704,2,0
35.5871,0.361210,59.990751,-0.004253,0.0000,1.0000,8458.0,-0.0711,2,0
35.6298,0.361298,59.990748,-0.004254,0.0000,1.0000,8467.3,-0.0718,2,0
35.6721,0.361386,59.990745,-0.004255,0.0000,1.0000,8482.5,-0.0719,2,0
35.7141,0.361474,59.990741,-0.004256,0.0000,1.0000,8485.6,-0.0713,2,0
35.7620,0.361562,59.990738,-0.004257,0.0000,1.0000,8479.5,-0.0710,2,0
35.7985,0.361650,59.990735,-0.004259,0.0000,1.0000,8516.8,-0.0698,2,0
35.8286,0.361739,59.990732,-0.004260,0.0000,1.0000,8570.4,-0.0689,2,0
35.8473,0.361827,59.990729,-0.004261,0.0000,1.0000,8656.6,-0.0679,2,0
35.8922,0.361916,59.990726,-0.004262,0.0000,1.0000,8659.7,-0.0661,2,0
35.9252,0.362004,59.990723,-0.004263,0.0000,1.0000,8685.1,-0.0658,2,0
35.9608,0.362093,59.990720,-0.004264,0.0000,1.0000,8655.8,-0.0636,2,0
36.0041,0.362182,59.990717,-0.004266,0.0000,1.0000,8614.7,-0.0632,2,0
36.0501,0.362271,59.990714,-0.004267,0.0000,1.0000,8615.1,-0.0622,2,0
36.0897,0.362360,59.990711,-0.004268,0.0000,1.0000,8625.7,-0.0615,2,0
36.1228,0.362449,59.990708,-0.004269,0.0000,1.0000,8671.2,-0.0613,2,0
36.1616,0.362538,59.990705,-0.004270,0.0000,1.0000,8679.6,-0.0612,2,0
36.2042,0.362627,59.990702,-0.004271,0.0000,1.0000,8674.0,-0.0608,2,0
36.2488,0.362717,59.990699,-0.004272,0.0000,1.0000,8661.3,-0.0608,2,0
36.2852,0.362806,59.990696,-0.004274,0.0000,1.0000,8689.3,-0.0608,2,0
36.3243,0.362896,59.990692,-0.004275,0.0000,1.0000,8690.1,-0.0609,2,0
36.3608,0.362985,59.990689,-0.004276,0.0000,1.0000,8702.6,-0.0610,2,0
36.4012,0.363075,59.990685,-0.004277,0.0000,1.0000,8693.6,-0.0601,2,0
36.4421,0.363165,59.990682,-0.004278,0.0000,1.0000,8702.5,-0.0588,2,0
36.4783,0.363255,59.990678,-0.004279,0.0000,1.0000,8730.6,-0.0573,2,0
36.5042,0.363345,59.990674,-0.004280,0.0000,1.0000,8749.6,-0.0557,2,0
36.5478,0.363435,59.990671,-0.004281,0.0000,1.0000,8762.2,-0.0525,2,0
36.5877,0.363525,59.990667,-0.004282,0.0000,1.0000,8773.1,-0.0494,2,0
36.6209,0.363616,59.990664,-0.004283,0.0000,1.0000,8777.4,-0.0457,2,0
36.6548,0.363706,59.990660,-0.004284,0.0000,1.0000,8818.6,-0.0420,2,0
36.6901,0.363797,59.990657,-0.004285,0.0000,1.0000,8844.3,-0.0382,2,0
36.7318,0.363887,59.990654,-0.004286,0.0000,1.0000,8841.5,-0.0357,2,0
36.7589,0.363978,59.990651,-0.004287,0.0000,1.0000,8897.6,-0.0337,2,0
36.8065,0.364069,59.990648,-0.004288,0.0000,1.0000,8869.7,-0.0335,2,0
36.8433,0.364160,59.990645,-0.004289,0.0000,1.0000,8880.8,-0.0342,2,0
36.8858,0.364251,59.990642,-0.004290,0.0000,1.0000,8875.2,-0.0361,2,0
36.9278,0.364342,59.990639,-0.004291,0.0000,1.0000,8862.9,-0.0380,2,0
36.9651,0.364433,59.990636,-0.004291,0.0000,1.0000,8867.9,-0.0407,2,0
37.0046,0.364524,59.990633,-0.004292,0.0000,1.0000,8879.8,-0.0429,2,0
37.0473,0.364615,59.990630,-0.004293,0.0000,1.0000,8871.0,-0.0457,2,0
37.0791,0.364707,59.990627,-0.004294,0.0000,1.0000,8910.2,-0.0484,2,0
37.1052,0.364798,59.990623,-0.004295,0.0000,1.0000,8966.5,-0.0510,2,0
37.1432,0.364890,59.990620,-0.004296,0.0000,1.0000,8973.6,-0.0532,2,0
37.1773,0.364982,59.990617,-0.004297,0.0000,1.0000,8982.9,-0.0552,2,0
37.2136,0.365074,59.990614,-0.004297,0.0000,1.0000,8974.4,-0.0567,2,0
37.2362,0.365165,59.990610,-0.004298,0.0000,0.7071,9031.5,-0.0578,2,0
37.2538,0.365257,59.990607,-0.004299,0.0000,0.7071,9029.8,-0.0583,2,0
37.2755,0.365349,59.990604,-0.004300,0.0000,1.0000,8996.4,-0.0583,2,0
37.3117,0.365441,59.990600,-0.004301,0.0000,1.0000,8971.7,-0.0574,2,0
37.3424,0.365533,59.990597,-0.004302,0.0000,1.0000,9014.7,-0.0574,2,0
37.3847,0.365626,59.990594,-0.004302,0.0000,1.0000,9012.8,-0.0566,2,0
37.4343,0.365718,59.990590,-0.004303,0.0000,1.0000,8977.4,-0.0555,2,0
37.4710,0.365810,59.990586,-0.004304,0.0000,1.0000,8977.7,-0.0549,2,0
37.5081,0.365903,59.990583,-0.004305,0.0000,1.0000,8985.7,-0.0541,2,0
37.5406,0.365995,59.990579,-0.004305,0.0000,1.0000,9001.2,-0.0524,2,0
37.5736,0.366088,59.990576,-0.004306,0.0000,1.0000,9029.8,-0.0502,2,0
37.6035,0.366181,59.990572,-0.004307,0.0000,1.0000,9064.6,-0.0483,2,0
37.6351,0.366274,59.990569,-0.004308,0.0000,0.7071,9096.8,-0.0471,2,0
37.6499,0.366367,59.990565,-0.004308,0.0000,0.7071,9133.1,-0.0451,2,0
37.6741,0.366459,59.990562,-0.004309,0.0000,1.0000,9094.4,-0.0434,2,0
37.7014,0.366552,59.990559,-0.004310,0.0000,1.0000,9076.3,-0.0416,2,0
37.7438,0.366646,59.990556,-0.004310,0.0000,1.0000,9056.2,-0.0389,2,0
37.7650,0.366739,59.990552,-0.004311,0.0000,1.0000,9140.6,-0.0361,2,0
37.7862,0.366832,59.990549,-0.004312,0.0000,1.0000,9158.6,-0.0334,2,0
37.8131,0.366925,59.990546,-0.004312,0.0000,1.0000,9151.1,-0.0294,2,0
37.8579,0.367019,59.990543,-0.004313,0.0000,1.0000,9120.1,-0.0254,2,0
37.8858,0.367112,59.990540,-0.004314,0.0000,1.0000,9136.6,-0.0220,2,0
37.9322,0.367206,59.990536,-0.004314,0.0000,1.0000,9096.5,-0.0188,2,0
37.9599,0.367299,59.990533,-0.004315,0.0000,1.0000,9129.6,-0.0157,2,0
38.0006,0.367393,59.990530,-0.004315,0.0000,1.0000,9135.6,-0.0126,2,0
38.0346,0.367487,59.990526,-0.004316,0.0000,1.0000,9137.2,-0.0105,2,0
38.0719,0.367581,59.990523,-0.004316,0.0000,1.0000,9147.9,-0.0079,2,0
38.1056,0.367675,59.990519,-0.004317,0.0000,1.0000,9155.6,-0.0062,2,0
38.1341,0.367769,59.990516,-0.004317,0.0000,1.0000,9195.1,-0.0038,2,0
38.1714,0.367863,59.990512,-0.004318,0.0000,1.0000,9203.1,-0.0022,2,0
38.1974,0.367957,59.990508,-0.004318,0.0000,1.0000,9216.4,-0.0011,2,0
38.2479,0.368051,59.990505,-0.004319,0.0000,1.0000,9179.5,0.0010,2,0
38.2887,0.368146,59.990501,-0.004319,0.0000,1.0000,9163.8,0.0023,2,0
38.3265,0.368240,59.990498,-0.004320,0.0000,1.0000,9171.5,0.0043,2,0
38.3613,0.368335,59.990494,-0.004320,0.0000,1.0000,9187.3,0.0057,2,0
38.3913,0.368430,59.990491,-0.004321,0.0000,1.0000,9217.4,0.0071,2,0
38.4268,0.368524,59.990487,-0.004321,0.0000,1.0000,9232.0,0.0080,2,0
38.4613,0.368619,59.990484,-0.004322,0.0000,1.0000,9246.7,0.0089,2,0
38.5089,0.368714,59.990480,-0.004322,0.0000,1.0000,9204.8,0.0084,2,0
38.5443,0.368809,59.990477,-0.004322,0.0000,1.0000,9222.5,0.0077,2,0
38.5766,0.368904,59.990474,-0.004323,0.0000,1.0000,9248.1,0.0067,2,0
38.5994,0.369000,59.990470,-0.004323,0.0000,1.0000,9306.6,0.0056,2,0
38.6253,0.369095,59.990467,-0.004324,0.0000,0.7071,9358.3,0.0049,2,0
38.6479,0.369190,59.990463,-0.004324,0.0000,0.7071,9360.2,0.0039,2,0
38.6611,0.369286,59.990460,-0.004324,0.0000,0.7071,9383.9,0.0029,2,0
38.6729,0.369381,59.990457,-0.004325,0.0000,0.7071,9230.1,0.0015,2,0
38.6673,0.369476,59.990453,-0.004325,0.0000,1.0000,9155.8,0.0007,2,0
38.6780,0.369572,59.990449,-0.004325,0.0000,1.0000,9007.9,0.0004,2,0
38.6733,0.369667,59.990446,-0.004326,0.0000,1.0000,8933.5,0.0001,2,0
38.6703,0.369763,59.990443,-0.004326,0.0000,1.0000,8903.5,-0.0004,2,0
38.6604,0.369858,59.990439,-0.004326,0.0000,1.0000,9099.5,-0.0010,2,0
38.6961,0.369953,59.990436,-0.004327,0.0000,1.0000,9148.0,0.0001,2,0
38.7331,0.370049,59.990432,-0.004327,0.0000,1.0000,9147.4,0.0011,2,0
38.7657,0.370145,59.990429,-0.004327,0.0000,1.0000,9203.0,0.0020,2,0
38.8035,0.370240,59.990425,-0.004328,0.0000,1.0000,9218.5,0.0024,2,0
38.8321,0.370336,59.990422,-0.004328,0.0000,1.0000,9268.6,0.0022,2,0
38.8801,0.370432,59.990418,-0.004328,0.0000,1.0000,9233.3,0.0006,2,0
38.9264,0.370528,59.990414,-0.004328,0.0000,1.0000,9205.6,-0.0018,2,0
38.9672,0.370624,59.990411,-0.004329,0.0000,1.0000,9203.5,-0.0048,2,0
39.0008,0.370720,59.990408,-0.004329,0.0000,1.0000,9219.8,-0.0082,2,0
39.0419,0.370817,59.990404,-0.004329,0.0000,1.0000,9201.6,-0.0110,2,0
39.0634,0.370913,59.990400,-0.004329,0.0000,1.0000,9230.7,-0.0149,2,0
39.0862,0.371009,59.990397,-0.004330,0.0000,1.0000,9306.9,-0.0174,2,0
39.1054,0.371106,59.990393,-0.004330,0.0000,1.0000,9361.9,-0.0183,2,0
39.1516,0.371202,59.990390,-0.004330,0.0000,1.0000,9364.9,-0.0187,2,0
39.1951,0.371299,59.990387,-0.004330,0.0000,1.0000,9304.3,-0.0172,2,0
39.2447,0.371396,59.990383,-0.004331,0.0000,1.0000,9244.9,-0.0159,2,0
39.2742,0.371493,59.990380,-0.004331,0.0000,1.0000,9270.7,-0.0136,2,0
39.3042,0.371590,59.990376,-0.004331,0.0000,1.0000,9312.5,-0.0114,2,0
39.3259,0.371687,59.990373,-0.004331,0.0000,1.0000,9367.7,-0.0094,2,0
39.3678,0.371784,59.990370,-0.004331,0.0000,1.0000,9353.8,-0.0076,2,0
39.4106,0.371881,59.990366,-0.004331,0.0000,1.0000,9337.8,-0.0067,2,0
39.4432,0.371978,59.990363,-0.004332,0.0000,1.0000,9363.9,-0.0062,2,0
39.4722,0.372076,59.990359,-0.004332,0.0000,1.0000,9399.8,-0.0062,2,0
39.4895,0.372173,59.990356,-0.004332,0.0000,1.0000,9234.6,-0.0066,2,0
39.4942,0.372270,59.990353,-0.004332,0.0000,1.0000,9122.0,-0.0073,2,0
39.4958,0.372368,59.990349,-0.004332,0.0000,0.0000,9025.1,-0.0079,2,0
39.4869,0.372465,59.990346,-0.004333,0.0000,0.0000,8961.8,-0.0084,2,0
39.4747,0.372563,59.990342,-0.004333,0.0000,0.0000,8913.0,-0.0087,2,0
39.4631,0.372660,59.990339,-0.004333,0.0000,0.0000,8864.4,-0.0089,2,0
39.4514,0.372757,59.990336,-0.004333,0.0000,0.0000,8816.0,-0.0089,2,0
39.4401,0.372854,59.990332,-0.004333,0.0000,0.0000,8556.1,-0.0088,3,0
39.4774,0.372952,59.990329,-0.004333,0.0000,0.7314,7722.1,-0.0085,3,0
39.5099,0.373049,59.990325,-0.004334,0.0000,0.7314,7728.9,-0.0081,3,0
39.5430,0.373147,59.990322,-0.004334,0.0000,0.7314,7754.1,-0.0077,3,0
39.5754,0.373244,59.990318,-0.004334,0.0000,0.7314,7760.4,-0.0072,3,0
39.6072,0.373342,59.990314,-0.004334,0.0000,0.7314,7765.7,-0.0067,3,0
39.6397,0.373440,59.990311,-0.004334,0.0000,0.7314,7769.0,-0.0060,3,0
39.6748,0.373538,59.990307,-0.004334,0.0000,1.0000,7754.5,-0.0053,3,0
39.7126,0.373636,59.990303,-0.004334,0.0000,1.0000,7766.4,-0.0045,3,0
39.7481,0.373734,59.990299,-0.004335,0.0000,0.7314,7787.1,-0.0036,3,0
39.7805,0.373832,59.990295,-0.004335,0.0000,0.7314,7800.9,-0.0026,3,0
39.8129,0.373930,59.990292,-0.004335,0.0000,1.0000,7784.3,-0.0015,3,0
39.8468,0.374028,59.990288,-0.004335,0.0000,1.0000,7808.3,-0.0002,3,0
39.8818,0.374127,59.990284,-0.004335,0.0000,1.0000,7830.2,0.0011,3,0
39.9215,0.374225,59.990281,-0.004335,0.0000,1.0000,7832.3,0.0026,3,0
39.9663,0.374324,59.990277,-0.004335,0.0000,1.0000,7811.3,0.0042,3,0
40.0137,0.374422,59.990274,-0.004336,0.0000,1.0000,7774.4,0.0060,3,0
40.0652,0.374521,59.990270,-0.004336,0.0000,1.0000,7721.3,0.0077,3,0
40.1167,0.374620,59.990267,-0.004336,0.0000,1.0000,7667.9,0.0093,3,0
40.1667,0.374719,59.990264,-0.004336,0.0000,1.0000,7622.4,0.0105,3,0
40.2102,0.374818,59.990260,-0.004336,0.0000,1.0000,7605.6,0.0115,3,0
40.2499,0.374918,59.990257,-0.004336,0.0000,1.0000,7613.3,0.0119,3,0
40.2869,0.375017,59.990253,-0.004336,0.0000,1.0000,7633.7,0.0120,3,0
40.3252,0.375117,59.990250,-0.004337,0.0000,1.0000,7648.5,0.0118,3,0
40.3632,0.375216,59.990246,-0.004337,0.0000,1.0000,7665.5,0.0113,3,0
40.4013,0.375316,59.990242,-0.004337,0.0000,1.0000,7681.6,0.0104,3,0
40.4379,0.375415,59.990238,-0.004337,0.0000,1.0000,7704.7,0.0094,3,0
40.4782,0.375515,59.990234,-0.004337,0.0000,1.0000,7712.3,0.0084,3,0
40.5213,0.375615,59.990230,-0.004337,0.0000,1.0000,7709.3,0.0074,3,0
40.5615,0.375715,59.990226,-0.004337,0.0000,1.0000,7719.2,0.0066,3,0
40.6031,0.375815,59.990222,-0.004337,0.0000,1.0000,7724.2,0.0060,3,0
40.6446,0.375916,59.990218,-0.004337,0.0000,1.0000,7727.8,0.0057,3,0
40.6850,0.376016,59.990214,-0.004338,0.0000,1.0000,7734.9,0.0057,3,0
40.7260,0.376117,59.990210,-0.004338,0.0000,1.0000,7738.5,0.0062,3,0
40.7682,0.376217,59.990207,-0.004338,0.0000,1.0000,7736.7,0.0067,3,0
40.8092,0.376318,59.990203,-0.004338,0.0000,1.0000,7740.3,0.0072,3,0
40.8488,0.376418,59.990200,-0.004338,0.0000,1.0000,7743.6,0.0080,3,0
40.8903,0.376519,59.990197,-0.004338,0.0000,1.0000,7750.1,0.0083,3,0
40.9315,0.376620,59.990193,-0.004338,0.0000,1.0000,7755.5,0.0087,3,0
40.9728,0.376721,59.990190,-0.004339,0.0000,1.0000,7759.6,0.0093,3,0
41.0145,0.376823,59.990187,-0.004339,0.0000,1.0000,7763.1,0.0099,3,0
41.0577,0.376924,59.990184,-0.004339,0.0000,1.0000,7760.0,0.0106,3,0
41.0969,0.377025,59.990180,-0.004339,0.0000,1.0000,7773.5,0.0116,3,0
41.1414,0.377127,59.990177,-0.004339,0.0000,1.0000,7762.5,0.0127,3,0
41.1816,0.377228,59.990173,-0.004339,0.0000,1.0000,7770.2,0.0139,3,0
41.2223,0.377330,59.990170,-0.004340,0.0000,1.0000,7776.1,0.0152,3,0
41.2616,0.377432,59.990166,-0.004340,0.0000,1.0000,7787.0,0.0165,3,0
41.3002,0.377533,59.990162,-0.004340,0.0000,1.0000,7800.4,0.0180,3,0
41.3386,0.377635,59.990158,-0.004340,0.0000,1.0000,7813.3,0.0195,3,0
41.3768,0.377738,59.990155,-0.004340,0.0000,1.0000,7824.5,0.0210,3,0
41.4155,0.377840,59.990151,-0.004340,0.0000,1.0000,7835.3,0.0223,3,0
41.4542,0.377942,59.990147,-0.004341,0.0000,1.0000,7845.6,0.0235,3,0
41.4945,0.378044,59.990144,-0.004341,0.0000,1.0000,7852.9,0.0243,3,0
41.5351,0.378147,59.990140,-0.004341,0.0000,1.0000,7856.7,0.0250,3,0
41.5773,0.378249,59.990136,-0.004341,0.0000,1.0000,7853.3,0.0253,3,0
41.6188,0.378352,59.990132,-0.004341,0.0000,1.0000,7854.9,0.0255,3,0
41.6580,0.378455,59.990128,-0.004341,0.0000,1.0000,7867.8,0.0255,3,0
41.6969,0.378558,59.990124,-0.004342,0.0000,1.0000,7882.3,0.0251,3,0
41.7351,0.378660,59.990120,-0.004342,0.0000,1.0000,7898.5,0.0245,3,0
41.7734,0.378763,59.990116,-0.004342,0.0000,1.0000,7915.0,0.0236,3,0
41.8126,0.378867,59.990112,-0.004342,0.0000,1.0000,7927.1,0.0226,3,0
41.8529,0.378970,59.990108,-0.004342,0.0000,1.0000,7936.1,0.0214,3,0
41.8932,0.379073,59.990104,-0.004343,0.0000,1.0000,7943.9,0.0201,3,0
41.9335,0.379177,59.990100,-0.004343,0.0000,1.0000,7951.2,0.0187,3,0
41.9743,0.379280,59.990096,-0.004343,0.0000,1.0000,7955.8,0.0173,3,0
42.0152,0.379384,59.990093,-0.004343,0.0000,1.0000,7962.3,0.0160,3,0
42.0563,0.379487,59.990089,-0.004344,0.0000,1.0000,7968.0,0.0147,3,0
42.0974,0.379591,59.990085,-0.004344,0.0000,1.0000,7973.6,0.0134,3,0
42.1377,0.379695,59.990082,-0.004344,0.0000,1.0000,7982.5,0.0121,3,0
42.1782,0.379799,59.990078,-0.004344,0.0000,1.0000,7990.0,0.0108,3,0
42.2193,0.379903,59.990074,-0.004345,0.0000,1.0000,7996.8,0.0094,3,0
42.2604,0.380008,59.990070,-0.004345,0.0000,1.0000,8002.8,0.0080,3,0
42.3013,0.380112,59.990067,-0.004345,0.0000,1.0000,8008.8,0.0066,3,0
42.3416,0.380216,59.990063,-0.004345,0.0000,1.0000,8016.5,0.0051,3,0
42.3824,0.380321,59.990059,-0.004346,0.0000,1.0000,8023.5,0.0037,3,0
42.4232,0.380426,59.990055,-0.004346,0.0000,1.0000,8029.5,0.0021,3,0
42.4639,0.380530,59.990052,-0.004346,0.0000,1.0000,8036.4,0.0005,3,0
42.5051,0.380635,59.990048,-0.004346,0.0000,1.0000,8039.8,-0.0010,3,0
42.5464,0.380740,59.990044,-0.004347,0.0000,1.0000,8043.3,-0.0025,3,0
42.5868,0.380845,59.990040,-0.004347,0.0000,1.0000,8051.1,-0.0040,3,0
42.6277,0.380950,59.990036,-0.004347,0.0000,1.0000,8057.5,-0.0054,3,0
42.6688,0.381056,59.990033,-0.004347,0.0000,1.0000,8063.0,-0.0066,3,0
42.7103,0.381161,59.990029,-0.004348,0.0000,1.0000,8066.9,-0.0077,3,0
42.7506,0.381266,59.990025,-0.004348,0.0000,1.0000,8076.4,-0.0085,3,0
42.7910,0.381372,59.990021,-0.004348,0.0000,1.0000,8085.7,-0.0093,3,0
42.8320,0.381478,59.990017,-0.004349,0.0000,1.0000,8093.4,-0.0097,3,0
42.8732,0.381583,59.990013,-0.004349,0.0000,1.0000,8099.8,-0.0100,3,0
42.9144,0.381689,59.990009,-0.004349,0.0000,1.0000,8106.1,-0.0102,3,0
42.9557,0.381795,59.990006,-0.004349,0.0000,1.0000,8110.4,-0.0102,3,0
42.9979,0.381901,59.990002,-0.004350,0.0000,1.0000,8111.8,-0.0101,3,0
43.0389,0.382007,59.989998,-0.004350,0.0000,1.0000,8117.9,-0.0100,3,0
43.0805,0.382114,59.989994,-0.004350,0.0000,1.0000,8121.1,-0.0097,3,0
43.1222,0.382220,59.989990,-0.004350,0.0000,1.0000,8125.0,-0.0093,3,0
43.1631,0.382326,59.989986,-0.004351,0.0000,1.0000,8131.3,-0.0090,3,0
43.2035,0.382433,59.989982,-0.004351,0.0000,1.0000,8138.9,-0.0085,3,0
43.2441,0.382540,59.989979,-0.004351,0.0000,1.0000,8146.4,-0.0080,3,0
43.2849,0.382646,59.989975,-0.004351,0.0000,1.0000,8154.1,-0.0076,3,0
43.3257,0.382753,59.989972,-0.004352,0.0000,1.0000,8161.1,-0.0071,3,0
43.3663,0.382860,59.989968,-0.004352,0.0000,1.0000,8168.8,-0.0067,3,0
43.4065,0.382967,59.989964,-0.004352,0.0000,1.0000,8178.3,-0.0062,3,0
43.4470,0.383074,59.989961,-0.004353,0.0000,1.0000,8187.6,-0.0058,3,0
43.4875,0.383182,59.989957,-0.004353,0.0000,1.0000,8195.5,-0.0055,3,0
43.5286,0.383289,59.989954,-0.004353,0.0000,1.0000,8201.1,-0.0052,3,0
43.5685,0.383396,59.989950,-0.004353,0.0000,1.0000,8210.9,-0.0048,3,0
43.6090,0.383504,59.989946,-0.004354,0.0000,1.0000,8217.6,-0.0044,3,0
43.6494,0.383612,59.989942,-0.004354,0.0000,1.0000,8224.6,-0.0039,3,0
43.6897,0.383719,59.989938,-0.004354,0.0000,1.0000,8233.0,-0.0035,3,0
43.7294,0.383827,59.989934,-0.004354,0.0000,1.0000,8242.3,-0.0030,3,0
43.7692,0.383935,59.989930,-0.004355,0.0000,1.0000,8250.6,-0.0025,3,0
43.8087,0.384043,59.989926,-0.004355,0.0000,1.0000,8261.9,-0.0021,3,0
43.8475,0.384151,59.989922,-0.004355,0.0000,1.0000,8276.3,-0.0016,3,0
43.8860,0.384260,59.989918,-0.004355,0.0000,1.0000,8292.0,-0.0013,3,0
43.9248,0.384368,59.989914,-0.004356,0.0000,1.0000,8305.4,-0.0009,3,0
43.9633,0.384476,59.989910,-0.004356,0.0000,1.0000,8321.7,-0.0007,3,0
44.0021,0.384585,59.989906,-0.004356,0.0000,1.0000,8337.2,-0.0006,3,0
44.0408,0.384694,59.989902,-0.004356,0.0000,1.0000,8354.1,-0.0006,3,0
44.0805,0.384802,59.989898,-0.004357,0.0000,1.0000,8365.8,-0.0007,3,0
44.1203,0.384911,59.989894,-0.004357,0.0000,1.0000,8376.4,-0.0009,3,0
44.1604,0.385020,59.989890,-0.004357,0.0000,1.0000,8385.3,-0.0013,3,0
44.2009,0.385129,59.989886,-0.004357,0.0000,1.0000,8394.1,-0.0017,3,0
44.2426,0.385238,59.989882,-0.004358,0.0000,1.0000,8398.7,-0.0022,3,0
44.2841,0.385347,59.989878,-0.004358,0.0000,1.0000,8403.5,-0.0026,3,0
44.3252,0.385457,59.989874,-0.004358,0.0000,1.0000,8409.8,-0.0031,3,0
44.3669,0.385566,59.989870,-0.004358,0.0000,1.0000,8414.7,-0.0035,3,0
44.4088,0.385676,59.989866,-0.004359,0.0000,1.0000,8420.3,-0.0039,3,0
44.4504,0.385785,59.989862,-0.004359,0.0000,1.0000,8426.0,-0.0043,3,0
44.4929,0.385895,59.989858,-0.004359,0.0000,1.0000,8427.0,-0.0047,3,0
44.5348,0.386005,59.989854,-0.004359,0.0000,1.0000,8429.3,-0.0051,3,0
44.5770,0.386115,59.989850,-0.004360,0.0000,1.0000,8430.5,-0.0054,3,0
44.6193,0.386225,59.989846,-0.004360,0.0000,1.0000,8429.8,-0.0058,3,0
44.6614,0.386335,59.989842,-0.004360,0.0000,1.0000,8430.6,-0.0062,3,0
44.7036,0.386445,59.989838,-0.004360,0.0000,1.0000,8430.1,-0.0065,3,0
44.7446,0.386556,59.989834,-0.004361,0.0000,1.0000,8434.0,-0.0069,3,0
44.7857,0.386666,59.989830,-0.004361,0.0000,1.0000,8437.8,-0.0071,3,0
44.8264,0.386777,59.989826,-0.004361,0.0000,1.0000,8443.0,-0.0073,3,0
44.8673,0.386887,59.989822,-0.004361,0.0000,1.0000,8448.4,-0.0075,3,0
44.9088,0.386998,59.989817,-0.004362,0.0000,1.0000,8450.6,-0.0076,3,0
44.9499,0.387109,59.989813,-0.004362,0.0000,1.0000,8455.2,-0.0077,3,0
44.9900,0.387220,59.989809,-0.004362,0.0000,1.0000,8464.9,-0.0077,3,0
45.0303,0.387331,59.989805,-0.004362,0.0000,1.0000,8474.2,-0.0077,3,0
45.0705,0.387442,59.989801,-0.004362,0.0000,1.0000,8483.7,-0.0076,3,0
45.1111,0.387554,59.989796,-0.004363,0.0000,1.0000,8491.5,-0.0075,3,0
45.1512,0.387665,59.989792,-0.004363,0.0000,1.0000,8500.9,-0.0072,3,0
45.1922,0.387776,59.989788,-0.004363,0.0000,1.0000,8506.7,-0.0070,3,0
45.2324,0.387888,59.989784,-0.004363,0.0000,1.0000,8515.4,-0.0067,3,0
45.2725,0.388000,59.989780,-0.004364,0.0000,1.0000,8523.4,-0.0063,3,0
45.3122,0.388111,59.989775,-0.004364,0.0000,1.0000,8532.6,-0.0059,3,0
45.3519,0.388223,59.989771,-0.004364,0.0000,1.0000,8542.3,-0.0054,3,0
45.3918,0.388335,59.989767,-0.004364,0.0000,1.0000,8550.7,-0.0050,3,0
45.4313,0.388447,59.989763,-0.004365,0.0000,1.0000,8561.1,-0.0045,3,0
45.4707,0.388559,59.989759,-0.004365,0.0000,1.0000,8570.3,-0.0040,3,0
45.5096,0.388672,59.989754,-0.004365,0.0000,1.0000,8581.4,-0.0034,3,0
45.5489,0.388784,59.989750,-0.004365,0.0000,1.0000,8591.9,-0.0029,3,0
45.5879,0.388896,59.989746,-0.004366,0.0000,1.0000,8603.3,-0.0023,3,0
45.6265,0.389009,59.989742,-0.004366,0.0000,1.0000,8616.3,-0.0017,3,0
45.6651,0.389122,59.989738,-0.004366,0.0000,1.0000,8628.6,-0.0011,3,0
45.7039,0.389234,59.989735,-0.004366,0.0000,1.0000,8640.0,-0.0005,3,0
45.7428,0.389347,59.989731,-0.004366,0.0000,1.0000,8651.6,0.0001,3,0
45.7820,0.389460,59.989727,-0.004367,0.0000,1.0000,8660.1,0.0007,3,0
45.8218,0.389573,59.989723,-0.004367,0.0000,1.0000,8666.6,0.0012,3,0
45.8612,0.389686,59.989719,-0.004367,0.0000,1.0000,8673.4,0.0018,3,0
45.9008,0.389799,59.989716,-0.004367,0.0000,1.0000,8679.7,0.0023,3,0
45.9402,0.389913,59.989712,-0.004368,0.0000,1.0000,8687.8,0.0027,3,0
45.9793,0.390026,59.989708,-0.004368,0.0000,1.0000,8696.6,0.0031,3,0
46.0188,0.390140,59.989704,-0.004368,0.0000,1.0000,8702.5,0.0034,3,0
46.0581,0.390253,59.989700,-0.004368,0.0000,1.0000,8708.8,0.0035,3,0
46.0977,0.390367,59.989695,-0.004369,0.0000,1.0000,8715.5,0.0036,3,0
46.1374,0.390481,59.989691,-0.004369,0.0000,1.0000,8720.3,0.0036,3,0
46.1767,0.390595,59.989687,-0.004369,0.0000,1.0000,8726.0,0.0035,3,0
46.2164,0.390709,59.989683,-0.004369,0.0000,1.0000,8729.3,0.0033,3,0
46.2550,0.390823,59.989679,-0.004370,0.0000,1.0000,8737.1,0.0030,3,0
46.2947,0.390937,59.989674,-0.004370,0.0000,1.0000,8740.4,0.0025,3,0
46.3336,0.391051,59.989670,-0.004370,0.0000,1.0000,8747.0,0.0021,3,0
46.3726,0.391166,59.989666,-0.004370,0.0000,1.0000,8753.0,0.0016,3,0
46.4113,0.391280,59.989662,-0.004370,0.0000,1.0000,8758.4,0.0011,3,0
46.4498,0.391395,59.989658,-0.004371,0.0000,1.0000,8766.4,0.0006,3,0
46.4877,0.391509,59.989653,-0.004371,0.0000,1.0000,8776.8,-0.0000,3,0
46.5258,0.391624,59.989649,-0.004371,0.0000,1.0000,8784.7,-0.0006,3,0
46.5647,0.391739,59.989645,-0.004371,0.0000,1.0000,8787.2,-0.0012,3,0
46.6026,0.391854,59.989641,-0.004372,0.0000,1.0000,8795.4,-0.0017,3,0
46.6396,0.391969,59.989637,-0.004372,0.0000,1.0000,8807.5,-0.0023,3,0
46.6781,0.392084,59.989632,-0.004372,0.0000,1.0000,8812.0,-0.0028,3,0
46.7157,0.392199,59.989628,-0.004372,0.0000,1.0000,8819.7,-0.0032,3,0
46.7533,0.392315,59.989624,-0.004373,0.0000,1.0000,8827.8,-0.0036,3,0
46.7907,0.392430,59.989620,-0.004373,0.0000,1.0000,8836.7,-0.0039,3,0
46.8279,0.392545,59.989616,-0.004373,0.0000,1.0000,8846.3,-0.0041,3,0
46.8648,0.392661,59.989611,-0.004373,0.0000,1.0000,8856.5,-0.0042,3,0
46.9022,0.392777,59.989607,-0.004374,0.0000,1.0000,8863.2,-0.0042,3,0
46.9391,0.392893,59.989603,-0.004374,0.0000,1.0000,8873.0,-0.0042,3,0
46.9764,0.393008,59.989599,-0.004374,0.0000,1.0000,8881.2,-0.0041,3,0
47.0123,0.393124,59.989595,-0.004374,0.0000,1.0000,8893.9,-0.0040,3,0
47.0498,0.393240,59.989590,-0.004375,0.0000,1.0000,8899.3,-0.0039,3,0
47.0862,0.393357,59.989586,-0.004375,0.0000,1.0000,8909.5,-0.0037,3,0
47.1233,0.393473,59.989582,-0.004375,0.0000,1.0000,8916.5,-0.0035,3,0
47.1605,0.393589,59.989578,-0.004375,0.0000,1.0000,8922.8,-0.0033,3,0
47.1965,0.393705,59.989574,-0.004375,0.0000,1.0000,8933.0,-0.0031,3,0
47.2338,0.393822,59.989569,-0.004376,0.0000,1.0000,8937.6,-0.0031,3,0
47.2703,0.393939,59.989565,-0.004376,0.0000,1.0000,8946.2,-0.0029,3,0
47.3077,0.394055,59.989561,-0.004376,0.0000,1.0000,8951.4,-0.0027,3,0
47.3453,0.394172,59.989557,-0.004376,0.0000,1.0000,8956.0,-0.0025,3,0
47.3822,0.394289,59.989553,-0.004377,0.0000,1.0000,8961.8,-0.0023,3,0
47.4191,0.394406,59.989548,-0.004377,0.0000,1.0000,8967.9,-0.0021,3,0
47.4570,0.394523,59.989544,-0.004377,0.0000,1.0000,8969.3,-0.0018,3,0
47.4944,0.394640,59.989540,-0.004377,0.0000,1.0000,8972.7,-0.0016,3,0
47.5319,0.394757,59.989535,-0.004378,0.0000,1.0000,8975.1,-0.0013,3,0
47.5695,0.394875,59.989531,-0.004378,0.0000,1.0000,8976.0,-0.0010,3,0
47.6067,0.394992,59.989526,-0.004378,0.0000,1.0000,8978.5,-0.0007,3,0
47.6433,0.395110,59.989522,-0.004378,0.0000,1.0000,8983.4,-0.0004,3,0
47.6799,0.395227,59.989517,-0.004378,0.0000,1.0000,8989.1,-0.0001,3,0
47.7160,0.395345,59.989512,-0.004379,0.0000,1.0000,8995.4,0.0002,3,0
47.7522,0.395463,59.989508,-0.004379,0.0000,1.0000,9001.3,0.0004,3,0
47.7879,0.395580,59.989503,-0.004379,0.0000,1.0000,9009.3,0.0006,3,0
47.8234,0.395698,59.989499,-0.004379,0.0000,1.0000,9018.0,0.0008,3,0
47.8587,0.395816,59.989494,-0.004380,0.0000,1.0000,9026.4,0.0009,3,0
47.8941,0.395935,59.989490,-0.004380,0.0000,1.0000,9034.1,0.0011,3,0
47.9299,0.396053,59.989486,-0.004380,0.0000,1.0000,9039.1,0.0013,3,0
47.9646,0.396171,59.989481,-0.004380,0.0000,1.0000,9049.9,0.0015,3,0
47.9992,0.396290,59.989477,-0.004381,0.0000,1.0000,9058.8,0.0017,3,0
48.0334,0.396408,59.989473,-0.004381,0.0000,1.0000,9069.3,0.0020,3,0
48.0686,0.396527,59.989469,-0.004381,0.0000,1.0000,9074.9,0.0024,3,0
48.1023,0.396645,59.989465,-0.004381,0.0000,1.0000,9086.6,0.0028,3,0
48.1368,0.396764,59.989460,-0.004381,0.0000,1.0000,9094.7,0.0031,3,0
48.1705,0.396883,59.989456,-0.004382,0.0000,1.0000,9105.2,0.0036,3,0
48.2047,0.397002,59.989452,-0.004382,0.0000,1.0000,9112.1,0.0040,3,0
48.2381,0.397121,59.989448,-0.004382,0.0000,1.0000,9123.6,0.0043,3,0
48.2710,0.397240,59.989444,-0.004382,0.0000,1.0000,9136.9,0.0046,3,0
48.3037,0.397359,59.989439,-0.004383,0.0000,1.0000,9149.5,0.0049,3,0
48.3379,0.397478,59.989435,-0.004383,0.0000,1.0000,9155.1,0.0050,3,0
48.3709,0.397597,59.989431,-0.004383,0.0000,1.0000,9166.0,0.0051,3,0
48.4039,0.397717,59.989427,-0.004383,0.0000,1.0000,9176.2,0.0051,3,0
48.4370,0.397836,59.989423,-0.004384,0.0000,1.0000,9184.6,0.0051,3,0
48.4696,0.397956,59.989418,-0.004384,0.0000,1.0000,9193.5,0.0049,3,0
48.5031,0.398075,59.989414,-0.004384,0.0000,1.0000,9199.0,0.0048,3,0
48.5360,0.398195,59.989410,-0.004384,0.0000,1.0000,9208.5,0.0045,3,0
48.5690,0.398315,59.989405,-0.004385,0.0000,1.0000,9214.7,0.0042,3,0
48.6010,0.398435,59.989401,-0.004385,0.0000,1.0000,9224.5,0.0040,3,0
48.6329,0.398555,59.989396,-0.004385,0.0000,1.0000,9234.6,0.0038,3,0
48.6653,0.398675,59.989392,-0.004385,0.0000,1.0000,9242.9,0.0036,3,0
48.6985,0.398795,59.989387,-0.004386,0.0000,1.0000,9247.9,0.0033,3,0
48.7307,0.398915,59.989383,-0.004386,0.0000,1.0000,9255.9,0.0032,3,0
48.7627,0.399035,59.989379,-0.004386,0.0000,1.0000,9262.9,0.0031,3,0
48.7948,0.399156,59.989374,-0.004386,0.0000,1.0000,9271.8,0.0030,3,0
48.8276,0.399276,59.989370,-0.004387,0.0000,1.0000,9276.2,0.0029,3,0
48.8606,0.399397,59.989365,-0.004387,0.0000,1.0000,9278.9,0.0030,3,0
48.8927,0.399517,59.989361,-0.004387,0.0000,1.0000,9284.3,0.0031,3,0
48.9250,0.399638,59.989357,-0.004387,0.0000,1.0000,9288.0,0.0031,3,0
48.9579,0.399759,59.989352,-0.004388,0.0000,1.0000,9290.6,0.0031,3,0
48.9784,0.399879,59.989348,-0.004388,0.0000,0.0000,9253.9,0.0029,3,0
48.9753,0.400000,59.989344,-0.004388,0.0000,0.0000,9203.8,0.0028,3,0
48.9655,0.400121,59.989340,-0.004388,0.0000,0.0000,9154.0,0.0027,3,0
48.9552,0.400242,59.989336,-0.004389,0.0000,0.0000,9104.3,0.0025,3,0
48.9551,0.400363,59.989331,-0.004389,0.0000,0.0000,8631.8,0.0024,4,0
49.0112,0.400483,59.989327,-0.004389,0.0000,0.0000,7776.1,0.0023,4,0
49.0541,0.400604,59.989323,-0.004389,0.0000,1.0000,7764.1,0.0021,4,0
49.0895,0.400725,59.989318,-0.004390,0.0000,1.0000,7765.3,0.0021,4,0
49.1245,0.400847,59.989314,-0.004390,0.0000,1.0000,7771.4,0.0020,4,0
49.1586,0.400968,59.989309,-0.004390,0.0000,1.0000,7776.7,0.0019,4,0
49.1927,0.401089,59.989305,-0.004391,0.0000,1.0000,7781.3,0.0019,4,0
49.2266,0.401211,59.989300,-0.004391,0.0000,1.0000,7787.2,0.0021,4,0
49.2598,0.401332,59.989295,-0.004391,0.0000,1.0000,7795.4,0.0022,4,0
49.2934,0.401454,59.989291,-0.004391,0.0000,1.0000,7801.3,0.0023,4,0
49.3258,0.401575,59.989286,-0.004392,0.0000,1.0000,7809.8,0.0024,4,0
49.3598,0.401697,59.989282,-0.004392,0.0000,1.0000,7813.2,0.0025,4,0
49.3931,0.401819,59.989277,-0.004392,0.0000,1.0000,7820.7,0.0026,4,0
49.4259,0.401941,59.989272,-0.004392,0.0000,1.0000,7829.0,0.0026,4,0
49.4595,0.402063,59.989268,-0.004393,0.0000,1.0000,7834.5,0.0027,4,0
49.4933,0.402185,59.989263,-0.004393,0.0000,1.0000,7837.8,0.0027,4,0
49.5267,0.402307,59.989258,-0.004393,0.0000,1.0000,7843.5,0.0028,4,0
49.5602,0.402429,59.989254,-0.004394,0.0000,1.0000,7850.2,0.0028,4,0
49.5937,0.402552,59.989249,-0.004394,0.0000,1.0000,7854.4,0.0029,4,0
49.6269,0.402674,59.989244,-0.004394,0.0000,1.0000,7858.2,0.0030,4,0
49.6610,0.402797,59.989239,-0.004394,0.0000,1.0000,7859.6,0.0031,4,0
49.6943,0.402919,59.989235,-0.004395,0.0000,1.0000,7864.9,0.0032,4,0
49.7273,0.403042,59.989230,-0.004395,0.0000,1.0000,7870.2,0.0034,4,0
49.7613,0.403165,59.989226,-0.004395,0.0000,1.0000,7871.5,0.0036,4,0
49.7950,0.403287,59.989222,-0.004396,0.0000,1.0000,7872.1,0.0037,4,0
49.8283,0.403410,59.989218,-0.004396,0.0000,1.0000,7876.2,0.0038,4,0
49.8605,0.403533,59.989214,-0.004396,0.0000,1.0000,7884.8,0.0038,4,0
49.8930,0.403656,59.989210,-0.004397,0.0000,1.0000,7889.5,0.0037,4,0
49.9268,0.403779,59.989206,-0.004397,0.0000,1.0000,7888.4,0.0035,4,0
49.9601,0.403903,59.989202,-0.004397,0.0000,1.0000,7891.8,0.0032,4,0
49.9916,0.404026,59.989198,-0.004397,0.0000,1.0000,7901.0,0.0026,4,0
50.0236,0.404149,59.989194,-0.004398,0.0000,1.0000,7906.6,0.0021,4,0
50.0563,0.404273,59.989190,-0.004398,0.0000,1.0000,7909.0,0.0017,4,0
50.0891,0.404396,59.989185,-0.004398,0.0000,1.0000,7913.2,0.0012,4,0
50.1209,0.404520,59.989181,-0.004399,0.0000,1.0000,7921.7,0.0007,4,0
50.1519,0.404644,59.989176,-0.004399,0.0000,1.0000,7930.5,0.0003,4,0
50.1841,0.404767,59.989171,-0.004399,0.0000,1.0000,7935.3,0.0001,4,0
50.2169,0.404891,59.989166,-0.004399,0.0000,1.0000,7937.9,-0.0000,4,0
50.2492,0.405015,59.989162,-0.004400,0.0000,1.0000,7943.0,-0.0001,4,0
50.2803,0.405139,59.989157,-0.004400,0.0000,1.0000,7952.4,-0.0001,4,0
50.3121,0.405263,59.989152,-0.004400,0.0000,1.0000,7958.0,0.0001,4,0
50.3450,0.405388,59.989148,-0.004401,0.0000,1.0000,7958.3,0.0005,4,0
50.3776,0.405512,59.989143,-0.004401,0.0000,1.0000,7962.2,0.0008,4,0
50.4083,0.405636,59.989138,-0.004401,0.0000,1.0000,7971.9,0.0011,4,0
50.4401,0.405761,59.989134,-0.004402,0.0000,1.0000,7975.6,0.0016,4,0
50.4728,0.405885,59.989129,-0.004402,0.0000,1.0000,7976.9,0.0019,4,0
50.5050,0.406010,59.989125,-0.004402,0.0000,1.0000,7980.3,0.0023,4,0
50.5362,0.406134,59.989120,-0.004402,0.0000,1.0000,7987.0,0.0025,4,0
50.5681,0.406259,59.989116,-0.004403,0.0000,1.0000,7989.9,0.0029,4,0
50.6001,0.406384,59.989111,-0.004403,0.0000,1.0000,7992.9,0.0032,4,0
50.6321,0.406509,59.989107,-0.004403,0.0000,1.0000,7996.0,0.0036,4,0
50.6637,0.406634,59.989103,-0.004404,0.0000,1.0000,8001.3,0.0039,4,0
50.6951,0.406759,59.989098,-0.004404,0.0000,1.0000,8005.7,0.0043,4,0
50.7268,0.406884,59.989093,-0.004404,0.0000,1.0000,8008.7,0.0047,4,0
50.7593,0.407009,59.989088,-0.004405,0.0000,1.0000,8009.3,0.0051,4,0
50.7903,0.407134,59.989084,-0.004405,0.0000,1.0000,8014.9,0.0055,4,0
50.8212,0.407260,59.989079,-0.004405,0.0000,1.0000,8020.5,0.0059,4,0
50.8526,0.407385,59.989074,-0.004406,0.0000,1.0000,8022.7,0.0062,4,0
50.8846,0.407511,59.989069,-0.004406,0.0000,1.0000,8023.9,0.0065,4,0
50.9157,0.407636,59.989064,-0.004406,0.0000,1.0000,8029.6,0.0066,4,0
50.9459,0.407762,59.989060,-0.004406,0.0000,1.0000,8037.1,0.0066,4,0
50.9769,0.407888,59.989055,-0.004407,0.0000,1.0000,8041.3,0.0067,4,0
51.0081,0.408013,59.989050,-0.004407,0.0000,1.0000,8045.5,0.0067,4,0
51.0397,0.408139,59.989046,-0.004407,0.0000,1.0000,8049.4,0.0065,4,0
51.0700,0.408265,59.989041,-0.004408,0.0000,1.0000,8056.5,0.0063,4,0
51.1004,0.408391,59.989037,-0.004408,0.0000,1.0000,8062.7,0.0061,4,0
51.1327,0.408517,59.989032,-0.004408,0.0000,1.0000,8062.2,0.0060,4,0
51.1638,0.408644,59.989028,-0.004409,0.0000,1.0000,8067.3,0.0058,4,0
51.1945,0.408770,59.989024,-0.004409,0.0000,1.0000,8072.6,0.0056,4,0
51.2251,0.408896,59.989019,-0.004409,0.0000,1.0000,8077.7,0.0055,4,0
51.2564,0.409023,59.989015,-0.004410,0.0000,1.0000,8078.9,0.0055,4,0
51.2879,0.409149,59.989010,-0.004410,0.0000,1.0000,8081.1,0.0054,4,0
51.3187,0.409276,59.989006,-0.004410,0.0000,1.0000,8085.3,0.0054,4,0
51.3486,0.409402,59.989001,-0.004411,0.0000,1.0000,8091.5,0.0054,4,0
51.3796,0.409529,59.988997,-0.004411,0.0000,1.0000,8092.8,0.0054,4,0
51.4103,0.409656,59.988992,-0.004411,0.0000,1.0000,8098.5,0.0054,4,0
51.4406,0.409783,59.988988,-0.004412,0.0000,1.0000,8103.6,0.0053,4,0
51.4703,0.409910,59.988983,-0.004412,0.0000,1.0000,8109.9,0.0053,4,0
51.5006,0.410037,59.988978,-0.004412,0.0000,1.0000,8114.2,0.0052,4,0
51.5311,0.410164,59.988974,-0.004413,0.0000,1.0000,8118.5,0.0051,4,0
51.5614,0.410291,59.988969,-0.004413,0.0000,1.0000,8123.9,0.0049,4,0
51.5907,0.410418,59.988965,-0.004413,0.0000,1.0000,8131.2,0.0048,4,0
51.6206,0.410546,59.988960,-0.004414,0.0000,1.0000,8135.3,0.0046,4,0
51.6514,0.410673,59.988955,-0.004414,0.0000,1.0000,8138.8,0.0044,4,0
51.6807,0.410800,59.988951,-0.004414,0.0000,1.0000,8147.5,0.0042,4,0
51.7102,0.410928,59.988946,-0.004415,0.0000,1.0000,8153.0,0.0041,4,0
51.7399,0.411056,59.988942,-0.004415,0.0000,1.0000,8157.5,0.0040,4,0
51.7695,0.411183,59.988937,-0.004415,0.0000,1.0000,8163.8,0.0039,4,0
51.7990,0.411311,59.988932,-0.004416,0.0000,1.0000,8169.5,0.0036,4,0
51.8279,0.411439,59.988928,-0.004416,0.0000,1.0000,8177.6,0.0035,4,0
51.8566,0.411567,59.988923,-0.004416,0.0000,1.0000,8184.9,0.0034,4,0
51.8864,0.411695,59.988919,-0.004417,0.0000,1.0000,8188.4,0.0032,4,0
51.9159,0.411823,59.988914,-0.004417,0.0000,1.0000,8194.6,0.0028,4,0
51.9441,0.411951,59.988909,-0.004417,0.0000,1.0000,8204.3,0.0024,4,0
51.9732,0.412079,59.988904,-0.004418,0.0000,1.0000,8210.4,0.0020,4,0
52.0028,0.412207,59.988899,-0.004418,0.0000,1.0000,8214.7,0.0016,4,0
52.0320,0.412336,59.988894,-0.004418,0.0000,1.0000,8222.6,0.0010,4,0
52.0604,0.412464,59.988889,-0.004419,0.0000,1.0000,8231.3,0.0004,4,0
52.0898,0.412593,59.988885,-0.004419,0.0000,1.0000,8234.7,-0.0001,4,0
52.1200,0.412721,59.988880,-0.004419,0.0000,1.0000,8237.4,-0.0007,4,0
52.1490,0.412850,59.988875,-0.004420,0.0000,1.0000,8245.7,-0.0015,4,0
52.1789,0.412978,59.988870,-0.004420,0.0000,1.0000,8248.7,-0.0021,4,0
52.2083,0.413107,59.988865,-0.004421,0.0000,1.0000,8252.5,-0.0025,4,0
52.2388,0.413236,59.988860,-0.004421,0.0000,1.0000,8253.7,-0.0031,4,0
52.2686,0.413365,59.988856,-0.004421,0.0000,1.0000,8258.4,-0.0036,4,0
52.2990,0.413494,59.988851,-0.004422,0.0000,1.0000,8258.0,-0.0040,4,0
52.3291,0.413623,59.988847,-0.004422,0.0000,1.0000,8258.7,-0.0044,4,0
52.3602,0.413752,59.988842,-0.004422,0.0000,1.0000,8256.9,-0.0047,4,0
52.3893,0.413881,59.988838,-0.004423,0.0000,1.0000,8263.5,-0.0052,4,0
52.4200,0.414011,59.988833,-0.004423,0.0000,1.0000,8261.2,-0.0057,4,0
52.4503,0.414140,59.988829,-0.004423,0.0000,1.0000,8260.6,-0.0061,4,0
52.4801,0.414270,59.988824,-0.004424,0.0000,1.0000,8263.2,-0.0067,4,0
52.5099,0.414399,59.988820,-0.004424,0.0000,1.0000,8265.0,-0.0075,4,0
52.5402,0.414529,59.988815,-0.004424,0.0000,1.0000,8264.5,-0.0083,4,0
52.5689,0.414658,59.988811,-0.004425,0.0000,1.0000,8269.4,-0.0092,4,0
52.5985,0.414788,59.988806,-0.004425,0.0000,1.0000,8272.4,-0.0100,4,0
52.6285,0.414918,59.988801,-0.004425,0.0000,1.0000,8275.2,-0.0109,4,0
52.6581,0.415048,59.988796,-0.004426,0.0000,1.0000,8277.6,-0.0118,4,0
52.6865,0.415178,59.988792,-0.004426,0.0000,1.0000,8283.6,-0.0125,4,0
52.7159,0.415308,59.988787,-0.004427,0.0000,1.0000,8286.2,-0.0131,4,0
52.7458,0.415438,59.988782,-0.004427,0.0000,1.0000,8288.2,-0.0136,4,0
52.7745,0.415568,59.988778,-0.004427,0.0000,1.0000,8290.7,-0.0138,4,0
52.8021,0.415698,59.988773,-0.004428,0.0000,1.0000,8297.4,-0.0138,4,0
52.8309,0.415828,59.988768,-0.004428,0.0000,1.0000,8301.6,-0.0135,4,0
52.8603,0.415959,59.988763,-0.004428,0.0000,1.0000,8303.7,-0.0132,4,0
52.8881,0.416089,59.988758,-0.004429,0.0000,1.0000,8312.3,-0.0128,4,0
52.9162,0.416220,59.988753,-0.004429,0.0000,1.0000,8319.4,-0.0124,4,0
52.9431,0.416350,59.988748,-0.004429,0.0000,1.0000,8333.3,-0.0120,4,0
52.9722,0.416481,59.988744,-0.004429,0.0000,1.0000,8337.5,-0.0117,4,0
53.0014,0.416612,59.988739,-0.004430,0.0000,1.0000,8340.8,-0.0116,4,0
53.0295,0.416743,59.988734,-0.004430,0.0000,1.0000,8347.8,-0.0113,4,0
53.0578,0.416873,59.988729,-0.004430,0.0000,1.0000,8355.2,-0.0113,4,0
53.0871,0.417004,59.988724,-0.004431,0.0000,1.0000,8359.8,-0.0113,4,0
53.1150,0.417135,59.988719,-0.004431,0.0000,1.0000,8368.1,-0.0115,4,0
53.1442,0.417266,59.988715,-0.004431,0.0000,1.0000,8369.2,-0.0115,4,0
53.1730,0.417398,59.988710,-0.004432,0.0000,1.0000,8376.3,-0.0114,4,0
53.2019,0.417529,59.988706,-0.004432,0.0000,1.0000,8381.2,-0.0113,4,0
53.2308,0.417660,59.988701,-0.004432,0.0000,1.0000,8385.7,-0.0109,4,0
53.2602,0.417792,59.988696,-0.004433,0.0000,1.0000,8387.4,-0.0103,4,0
53.2896,0.417923,59.988692,-0.004433,0.0000,1.0000,8391.2,-0.0096,4,0
53.3193,0.418054,59.988687,-0.004433,0.0000,1.0000,8391.5,-0.0088,4,0
53.3481,0.418186,59.988683,-0.004433,0.0000,1.0000,8396.7,-0.0079,4,0
53.3765,0.418318,59.988678,-0.004434,0.0000,1.0000,8402.1,-0.0069,4,0
53.4067,0.418449,59.988673,-0.004434,0.0000,1.0000,8401.7,-0.0059,4,0
53.4356,0.418581,59.988668,-0.004434,0.0000,1.0000,8407.7,-0.0052,4,0
53.4654,0.418713,59.988664,-0.004434,0.0000,1.0000,8408.9,-0.0045,4,0
53.4946,0.418845,59.988659,-0.004435,0.0000,1.0000,8411.2,-0.0041,4,0
53.5241,0.418977,59.988654,-0.004435,0.0000,1.0000,8415.6,-0.0039,4,0
53.5540,0.419109,59.988649,-0.004435,0.0000,1.0000,8418.7,-0.0041,4,0
53.5836,0.419241,59.988644,-0.004436,0.0000,1.0000,8420.8,-0.0045,4,0
53.6134,0.419374,59.988640,-0.004436,0.0000,1.0000,8422.0,-0.0051,4,0
53.6421,0.419506,59.988635,-0.004436,0.0000,1.0000,8427.9,-0.0060,4,0
53.6727,0.419638,59.988630,-0.004436,0.0000,1.0000,8426.5,-0.0069,4,0
53.7028,0.419771,59.988625,-0.004437,0.0000,1.0000,8425.3,-0.0080,4,0
53.7320,0.419903,59.988620,-0.004437,0.0000,1.0000,8427.0,-0.0089,4,0
53.7609,0.420036,59.988615,-0.004437,0.0000,1.0000,8431.8,-0.0100,4,0
53.7897,0.420168,59.988610,-0.004437,0.0000,1.0000,8436.4,-0.0111,4,0
53.8183,0.420301,59.988605,-0.004438,0.0000,1.0000,8441.5,-0.0120,4,0
53.8468,0.420434,59.988600,-0.004438,0.0000,1.0000,8447.1,-0.0129,4,0
53.8754,0.420567,59.988595,-0.004438,0.0000,1.0000,8453.3,-0.0137,4,0
53.9036,0.420700,59.988590,-0.004438,0.0000,1.0000,8461.3,-0.0145,4,0
53.9321,0.420833,59.988585,-0.004439,0.0000,1.0000,8468.2,-0.0152,4,0
53.9604,0.420966,59.988580,-0.004439,0.0000,1.0000,8474.0,-0.0156,4,0
53.9890,0.421099,59.988575,-0.004439,0.0000,1.0000,8481.0,-0.0162,4,0
54.0186,0.421232,59.988571,-0.004439,0.0000,1.0000,8484.6,-0.0167,4,0
54.0465,0.421366,59.988566,-0.004440,0.0000,1.0000,8493.0,-0.0170,4,0
54.0748,0.421499,59.988561,-0.004440,0.0000,1.0000,8500.1,-0.0172,4,0
54.1039,0.421633,59.988557,-0.004440,0.0000,1.0000,8505.8,-0.0173,4,0
54.1332,0.421766,59.988552,-0.004440,0.0000,1.0000,8509.2,-0.0175,4,0
54.1618,0.421900,59.988547,-0.004440,0.0000,1.0000,8516.3,-0.0175,4,0
54.1909,0.422033,59.988542,-0.004441,0.0000,1.0000,8521.0,-0.0174,4,0
54.2196,0.422167,59.988538,-0.004441,0.0000,1.0000,8527.6,-0.0173,4,0
54.2495,0.422301,59.988533,-0.004441,0.0000,1.0000,8528.1,-0.0171,4,0
54.2785,0.422435,59.988528,-0.004441,0.0000,1.0000,8531.1,-0.0169,4,0
54.3071,0.422569,59.988523,-0.004441,0.0000,1.0000,8536.2,-0.0165,4,0
54.3362,0.422703,59.988518,-0.004442,0.0000,1.0000,8540.2,-0.0163,4,0
54.3661,0.422837,59.988513,-0.004442,0.0000,1.0000,8539.6,-0.0162,4,0
54.3949,0.422971,59.988508,-0.004442,0.0000,1.0000,8543.1,-0.0158,4,0
54.4231,0.423105,59.988503,-0.004442,0.0000,1.0000,8550.2,-0.0155,4,0
54.4521,0.423239,59.988498,-0.004442,0.0000,1.0000,8556.0,-0.0154,4,0
54.4815,0.423374,59.988493,-0.004443,0.0000,1.0000,8559.5,-0.0153,4,0
54.5101,0.423508,59.988488,-0.004443,0.0000,1.0000,8566.3,-0.0152,4,0
54.5393,0.423643,59.988483,-0.004443,0.0000,1.0000,8571.4,-0.0151,4,0
54.5694,0.423777,59.988478,-0.004443,0.0000,1.0000,8573.8,-0.0152,4,0
54.6000,0.423912,59.988473,-0.004443,0.0000,1.0000,8572.0,-0.0153,4,0
54.6299,0.424047,59.988468,-0.004443,0.0000,1.0000,8572.5,-0.0154,4,0
54.6587,0.424182,59.988463,-0.004444,0.0000,1.0000,8577.0,-0.0156,4,0
54.6890,0.424317,59.988459,-0.004444,0.0000,1.0000,8576.6,-0.0159,4,0
54.7194,0.424452,59.988454,-0.004444,0.0000,1.0000,8574.0,-0.0161,4,0
54.7489,0.424587,59.988449,-0.004444,0.0000,1.0000,8575.0,-0.0162,4,0
54.7782,0.424722,59.988444,-0.004444,0.0000,1.0000,8578.7,-0.0163,4,0
54.8070,0.424857,59.988439,-0.004444,0.0000,1.0000,8584.8,-0.0165,4,0
54.8357,0.424992,59.988434,-0.004444,0.0000,1.0000,8590.0,-0.0165,4,0
54.8644,0.425127,59.988429,-0.004445,0.0000,1.0000,8594.3,-0.0166,4,0
54.8933,0.425263,59.988424,-0.004445,0.0000,1.0000,8601.0,-0.0167,4,0
54.9214,0.425398,59.988419,-0.004445,0.0000,1.0000,8607.6,-0.0170,4,0
54.9511,0.425534,59.988414,-0.004445,0.0000,1.0000,8608.2,-0.0171,4,0
54.9790,0.425669,59.988409,-0.004445,0.0000,1.0000,8617.1,-0.0172,4,0
55.0073,0.425805,59.988404,-0.004445,0.0000,1.0000,8624.9,-0.0174,4,0
55.0365,0.425941,59.988399,-0.004445,0.0000,1.0000,8628.8,-0.0176,4,0
55.0646,0.426077,59.988394,-0.004445,0.0000,1.0000,8636.1,-0.0177,4,0
55.0942,0.426213,59.988389,-0.004445,0.0000,1.0000,8637.5,-0.0180,4,0
55.1222,0.426348,59.988384,-0.004446,0.0000,1.0000,8647.7,-0.0182,4,0
55.1517,0.426485,59.988379,-0.004446,0.0000,1.0000,8650.2,-0.0185,4,0
55.1804,0.426621,59.988374,-0.004446,0.0000,1.0000,8653.3,-0.0186,4,0
55.2091,0.426757,59.988369,-0.004446,0.0000,1.0000,8659.3,-0.0186,4,0
55.2371,0.426893,59.988364,-0.004446,0.0000,1.0000,8667.8,-0.0186,4,0
55.2668,0.427029,59.988360,-0.004446,0.0000,1.0000,8667.0,-0.0186,4,0
55.2952,0.427166,59.988355,-0.004446,0.0000,1.0000,8672.4,-0.0185,4,0
55.3233,0.427302,59.988350,-0.004446,0.0000,1.0000,8680.5,-0.0184,4,0
55.3518,0.427439,59.988345,-0.004446,0.0000,1.0000,8687.0,-0.0182,4,0
55.3804,0.427575,59.988340,-0.004446,0.0000,1.0000,8691.4,-0.0178,4,0
55.4092,0.427712,59.988335,-0.004446,0.0000,1.0000,8695.2,-0.0174,4,0
55.4367,0.427849,59.988330,-0.004446,0.0000,1.0000,8704.7,-0.0170,4,0
55.4653,0.427986,59.988325,-0.004446,0.0000,1.0000,8710.6,-0.0165,4,0
55.4939,0.428122,59.988320,-0.004446,0.0000,1.0000,8714.1,-0.0159,4,0
55.5224,0.428259,59.988315,-0.004446,0.0000,1.0000,8719.2,-0.0153,4,0
55.5498,0.428396,59.988310,-0.004446,0.0000,1.0000,8729.6,-0.0147,4,0
55.5790,0.428533,59.988305,-0.004446,0.0000,1.0000,8732.6,-0.0142,4,0
55.6073,0.428671,59.988300,-0.004446,0.0000,1.0000,8738.3,-0.0136,4,0
55.6358,0.428808,59.988295,-0.004447,0.0000,1.0000,8743.4,-0.0129,4,0
55.6651,0.428945,59.988290,-0.004447,0.0000,1.0000,8745.5,-0.0124,4,0
55.6937,0.429082,59.988285,-0.004447,0.0000,1.0000,8750.2,-0.0119,4,0
55.7227,0.429220,59.988280,-0.004447,0.0000,1.0000,8751.6,-0.0116,4,0
55.7506,0.429357,59.988275,-0.004447,0.0000,1.0000,8757.7,-0.0113,4,0
55.7791,0.429495,59.988270,-0.004447,0.0000,1.0000,8762.3,-0.0111,4,0
55.8079,0.429633,59.988265,-0.004447,0.0000,1.0000,8763.6,-0.0111,4,0
55.8367,0.429770,59.988260,-0.004447,0.0000,1.0000,8766.1,-0.0111,4,0
55.8646,0.429908,59.988255,-0.004447,0.0000,1.0000,8773.6,-0.0111,4,0
55.8928,0.430046,59.988250,-0.004446,0.0000,1.0000,8780.4,-0.0113,4,0
55.9211,0.430184,59.988245,-0.004446,0.0000,1.0000,8785.1,-0.0116,4,0
55.9494,0.430322,59.988240,-0.004446,0.0000,1.0000,8789.0,-0.0117,4,0
55.9778,0.430460,59.988235,-0.004446,0.0000,1.0000,8792.6,-0.0119,4,0
56.0063,0.430598,59.988230,-0.004446,0.0000,1.0000,8796.5,-0.0120,4,0
56.0354,0.430736,59.988225,-0.004446,0.0000,1.0000,8796.3,-0.0121,4,0
56.0632,0.430875,59.988220,-0.004446,0.0000,1.0000,8800.2,-0.0119,4,0
56.0900,0.431013,59.988215,-0.004446,0.0000,1.0000,8809.9,-0.0116,4,0
56.1186,0.431151,59.988211,-0.004446,0.0000,1.0000,8812.4,-0.0111,4,0
56.1468,0.431290,59.988206,-0.004446,0.0000,1.0000,8815.1,-0.0104,4,0
56.1737,0.431428,59.988201,-0.004446,0.0000,1.0000,8823.5,-0.0095,4,0
56.2012,0.431567,59.988196,-0.004446,0.0000,1.0000,8831.2,-0.0086,4,0
56.2288,0.431706,59.988191,-0.004446,0.0000,1.0000,8836.8,-0.0076,4,0
56.2564,0.431845,59.988186,-0.004446,0.0000,1.0000,8840.3,-0.0064,4,0
56.2841,0.431983,59.988181,-0.004446,0.0000,1.0000,8844.3,-0.0052,4,0
56.3107,0.432122,59.988175,-0.004446,0.0000,1.0000,8851.9,-0.0040,4,0
56.3388,0.432261,59.988170,-0.004446,0.0000,1.0000,8854.2,-0.0029,4,0
56.3646,0.432400,59.988164,-0.004446,0.0000,1.0000,8863.2,-0.0017,4,0
56.3918,0.432539,59.988159,-0.004446,0.0000,1.0000,8867.7,-0.0008,4,0
56.4186,0.432678,59.988154,-0.004446,0.0000,1.0000,8876.1,-0.0001,4,0
56.4454,0.432818,59.988148,-0.004445,0.0000,1.0000,8883.6,0.0004,4,0
56.4729,0.432957,59.988143,-0.004445,0.0000,1.0000,8888.3,0.0006,4,0
56.4997,0.433096,59.988137,-0.004445,0.0000,1.0000,8895.4,0.0006,4,0
56.5268,0.433236,59.988132,-0.004445,0.0000,1.0000,8902.6,0.0001,4,0
56.5552,0.433375,59.988127,-0.004445,0.0000,1.0000,8904.2,-0.0007,4,0
56.5830,0.433515,59.988122,-0.004445,0.0000,1.0000,8907.2,-0.0015,4,0
56.6117,0.433654,59.988117,-0.004445,0.0000,1.0000,8908.1,-0.0025,4,0
56.6394,0.433794,59.988112,-0.004445,0.0000,1.0000,8911.7,-0.0037,4,0
56.6677,0.433934,59.988107,-0.004445,0.0000,1.0000,8910.7,-0.0048,4,0
56.6967,0.434074,59.988103,-0.004445,0.0000,1.0000,8908.6,-0.0059,4,0
56.7249,0.434214,59.988098,-0.004445,0.0000,1.0000,8908.6,-0.0070,4,0
56.7533,0.434354,59.988093,-0.004445,0.0000,1.0000,8907.5,-0.0080,4,0
56.7808,0.434494,59.988088,-0.004444,0.0000,1.0000,8909.1,-0.0088,4,0
56.8082,0.434634,59.988083,-0.004444,0.0000,1.0000,8910.4,-0.0094,4,0
56.8354,0.434774,59.988078,-0.004444,0.0000,1.0000,8913.8,-0.0100,4,0
56.8625,0.434914,59.988073,-0.004444,0.0000,1.0000,8917.3,-0.0102,4,0
56.8891,0.435055,59.988068,-0.004444,0.0000,1.0000,8922.7,-0.0103,4,0
56.9158,0.435195,59.988063,-0.004444,0.0000,1.0000,8926.8,-0.0104,4,0
56.9421,0.435335,59.988058,-0.004444,0.0000,1.0000,8934.8,-0.0104,4,0
56.9685,0.435476,59.988053,-0.004444,0.0000,1.0000,8939.0,-0.0102,4,0
56.9941,0.435616,59.988048,-0.004444,0.0000,1.0000,8946.7,-0.0100,4,0
57.0208,0.435757,59.988043,-0.004444,0.0000,1.0000,8951.6,-0.0098,4,0
57.0469,0.435898,59.988038,-0.004443,0.0000,1.0000,8956.8,-0.0095,4,0
57.0724,0.436039,59.988033,-0.004443,0.0000,1.0000,8963.1,-0.0092,4,0
57.0980,0.436179,59.988028,-0.004443,0.0000,1.0000,8971.8,-0.0089,4,0
57.1232,0.436320,59.988022,-0.004443,0.0000,1.0000,8981.2,-0.0086,4,0
57.1488,0.436461,59.988017,-0.004443,0.0000,1.0000,8988.3,-0.0082,4,0
57.1743,0.436602,59.988012,-0.004443,0.0000,1.0000,8996.4,-0.0077,4,0
57.2005,0.436743,59.988006,-0.004443,0.0000,1.0000,9001.2,-0.0071,4,0
57.2261,0.436885,59.988001,-0.004443,0.0000,1.0000,9010.5,-0.0066,4,0
57.2522,0.437026,59.987996,-0.004442,0.0000,1.0000,9015.7,-0.0060,4,0
57.2796,0.437167,59.987991,-0.004442,0.0000,1.0000,9016.0,-0.0053,4,0
57.3063,0.437308,59.987985,-0.004442,0.0000,1.0000,9020.4,-0.0045,4,0
57.3325,0.437450,59.987980,-0.004442,0.0000,1.0000,9024.7,-0.0037,4,0
57.3604,0.437591,59.987975,-0.004442,0.0000,1.0000,9022.1,-0.0029,4,0
57.3881,0.437733,59.987970,-0.004442,0.0000,1.0000,9021.2,-0.0021,4,0
57.4155,0.437874,59.987965,-0.004442,0.0000,1.0000,9020.2,-0.0013,4,0
57.4433,0.438016,59.987960,-0.004441,0.0000,1.0000,9017.8,-0.0007,4,0
57.4707,0.438158,59.987955,-0.004441,0.0000,1.0000,9016.6,-0.0001,4,0
57.4986,0.438300,59.987950,-0.004441,0.0000,1.0000,9012.5,0.0003,4,0
57.5252,0.438442,59.987945,-0.004441,0.0000,1.0000,9015.6,0.0006,4,0
57.5519,0.438584,59.987940,-0.004441,0.0000,1.0000,9017.4,0.0008,4,0
57.5790,0.438726,59.987935,-0.004441,0.0000,1.0000,9016.9,0.0008,4,0
57.6050,0.438868,59.987930,-0.004440,0.0000,1.0000,9021.6,0.0008,4,0
57.6312,0.439010,59.987925,-0.004440,0.0000,1.0000,9024.2,0.0004,4,0
57.6577,0.439152,59.987919,-0.004440,0.0000,1.0000,9025.9,-0.0000,4,0
57.6833,0.439294,59.987914,-0.004440,0.0000,1.0000,9031.6,-0.0007,4,0
57.7098,0.439437,59.987909,-0.004440,0.0000,1.0000,9033.8,-0.0014,4,0
57.7356,0.439579,59.987904,-0.004440,0.0000,1.0000,9039.1,-0.0023,4,0
57.7608,0.439721,59.987898,-0.004440,0.0000,1.0000,9046.1,-0.0033,4,0
57.7869,0.439864,59.987893,-0.004439,0.0000,1.0000,9050.6,-0.0044,4,0
57.8128,0.440007,59.987888,-0.004439,0.0000,1.0000,9056.4,-0.0055,4,0
57.8392,0.440149,59.987882,-0.004439,0.0000,1.0000,9059.4,-0.0068,4,0
57.8652,0.440292,59.987877,-0.004439,0.0000,1.0000,9064.8,-0.0080,4,0
57.8919,0.440435,59.987872,-0.004439,0.0000,1.0000,9066.9,-0.0092,4,0
57.9184,0.440578,59.987866,-0.004439,0.0000,1.0000,9069.2,-0.0106,4,0
57.9450,0.440721,59.987861,-0.004438,0.0000,1.0000,9070.2,-0.0117,4,0
57.9714,0.440864,59.987855,-0.004438,0.0000,1.0000,9073.5,-0.0130,4,0
57.9976,0.441007,59.987850,-0.004438,0.0000,1.0000,9074.9,-0.0140,4,0
58.0235,0.441150,59.987845,-0.004438,0.0000,1.0000,9077.4,-0.0150,4,0
58.0492,0.441293,59.987839,-0.004438,0.0000,1.0000,9079.3,-0.0158,4,0
58.0740,0.441436,59.987834,-0.004438,0.0000,1.0000,9085.0,-0.0163,4,0
58.0990,0.441579,59.987828,-0.004437,0.0000,1.0000,9090.4,-0.0167,4,0
58.1231,0.441723,59.987823,-0.004437,0.0000,1.0000,9098.2,-0.0167,4,0
58.1474,0.441866,59.987818,-0.004437,0.0000,1.0000,9107.3,-0.0166,4,0
58.1712,0.442010,59.987813,-0.004437,0.0000,1.0000,9116.4,-0.0163,4,0
58.1948,0.442153,59.987808,-0.004437,0.0000,1.0000,9125.4,-0.0160,4,0
58.2180,0.442297,59.987803,-0.004436,0.0000,1.0000,9135.4,-0.0155,4,0
58.2419,0.442440,59.987799,-0.004436,0.0000,1.0000,9143.6,-0.0151,4,0
58.2651,0.442584,59.987794,-0.004436,0.0000,1.0000,9154.0,-0.0147,4,0
58.2865,0.442728,59.987789,-0.004436,0.0000,1.0000,9170.4,-0.0143,4,0
58.3087,0.442872,59.987784,-0.004436,0.0000,1.0000,9183.3,-0.0139,4,0
58.3320,0.443016,59.987779,-0.004435,0.0000,1.0000,9192.5,-0.0136,4,0
58.3550,0.443160,59.987774,-0.004435,0.0000,1.0000,9201.6,-0.0133,4,0
58.3772,0.443304,59.987769,-0.004435,0.0000,1.0000,9213.4,-0.0132,4,0
58.4014,0.443448,59.987763,-0.004435,0.0000,1.0000,9218.8,-0.0131,4,0
58.4254,0.443592,59.987758,-0.004435,0.0000,1.0000,9224.2,-0.0133,4,0
58.4487,0.443736,59.987752,-0.004434,0.0000,0.0000,9216.0,-0.0135,4,0
58.4614,0.443880,59.987747,-0.004434,0.0000,0.0000,9166.1,-0.0139,4,0
58.4455,0.444024,59.987742,-0.004434,0.0000,0.0000,9116.4,-0.0144,4,0
58.4339,0.444168,59.987736,-0.004434,0.0000,0.0000,9066.9,-0.0149,4,0
58.4219,0.444312,59.987731,-0.004433,0.0000,0.0000,9017.6,-0.0154,4,0
58.4391,0.444457,59.987725,-0.004433,0.0000,0.0000,8123.3,-0.0160,5,0
58.4721,0.444601,59.987720,-0.004433,0.0000,1.0000,7960.3,-0.0165,5,0
58.5008,0.444745,59.987715,-0.004433,0.0000,1.0000,7958.1,-0.0169,5,0
58.5282,0.444889,59.987709,-0.004432,0.0000,1.0000,7958.8,-0.0170,5,0
58.5560,0.445034,59.987704,-0.004432,0.0000,1.0000,7958.8,-0.0171,5,0
58.5826,0.445178,59.987699,-0.004432,0.0000,1.0000,7961.8,-0.0171,5,0
58.6080,0.445323,59.987693,-0.004431,0.0000,1.0000,7969.0,-0.0169,5,0
58.6332,0.445468,59.987688,-0.004431,0.0000,1.0000,7976.3,-0.0166,5,0
58.6585,0.445612,59.987683,-0.004431,0.0000,1.0000,7983.5,-0.0162,5,0
58.6839,0.445757,59.987678,-0.004431,0.0000,1.0000,7988.9,-0.0157,5,0
58.7095,0.445902,59.987672,-0.004430,0.0000,1.0000,7992.2,-0.0152,5,0
58.7355,0.446047,59.987667,-0.004430,0.0000,1.0000,7994.6,-0.0149,5,0
58.7605,0.446192,59.987662,-0.004430,0.0000,1.0000,8001.3,-0.0146,5,0
58.7853,0.446337,59.987656,-0.004429,0.0000,1.0000,8007.0,-0.0143,5,0
58.8103,0.446482,59.987651,-0.004429,0.0000,1.0000,8011.6,-0.0140,5,0
58.8354,0.446627,59.987646,-0.004429,0.0000,1.0000,8018.1,-0.0139,5,0
58.8602,0.446772,59.987640,-0.004428,0.0000,1.0000,8023.6,-0.0139,5,0
58.8845,0.446917,59.987635,-0.004428,0.0000,1.0000,8029.3,-0.0138,5,0
58.9104,0.447062,59.987630,-0.004428,0.0000,1.0000,8031.6,-0.0138,5,0
58.9349,0.447208,59.987625,-0.004427,0.0000,1.0000,8038.1,-0.0138,5,0
58.9592,0.447353,59.987619,-0.004427,0.0000,1.0000,8044.8,-0.0139,5,0
58.9836,0.447499,59.987614,-0.004427,0.0000,1.0000,8050.4,-0.0139,5,0
59.0091,0.447644,59.987609,-0.004426,0.0000,1.0000,8053.2,-0.0139,5,0
59.0334,0.447790,59.987603,-0.004426,0.0000,1.0000,8059.9,-0.0140,5,0
59.0572,0.447936,59.987598,-0.004425,0.0000,1.0000,8065.3,-0.0140,5,0
59.0825,0.448081,59.987592,-0.004425,0.0000,1.0000,8067.4,-0.0140,5,0
59.1078,0.448227,59.987587,-0.004425,0.0000,1.0000,8069.6,-0.0139,5,0
59.1314,0.448373,59.987582,-0.004424,0.0000,1.0000,8075.9,-0.0139,5,0
59.1555,0.448519,59.987576,-0.004424,0.0000,1.0000,8079.8,-0.0137,5,0
59.1799,0.448665,59.987571,-0.004423,0.0000,1.0000,8083.8,-0.0135,5,0
59.2043,0.448811,59.987565,-0.004423,0.0000,1.0000,8086.9,-0.0133,5,0
59.2279,0.448957,59.987560,-0.004423,0.0000,1.0000,8092.1,-0.0130,5,0
59.2519,0.449103,59.987555,-0.004422,0.0000,1.0000,8096.6,-0.0127,5,0
59.2756,0.449249,59.987550,-0.004422,0.0000,1.0000,8101.2,-0.0125,5,0
59.2993,0.449395,59.987545,-0.004421,0.0000,1.0000,8105.1,-0.0123,5,0
59.3231,0.449542,59.987540,-0.004421,0.0000,1.0000,8107.9,-0.0119,5,0
59.3469,0.449688,59.987535,-0.004420,0.0000,1.0000,8111.8,-0.0117,5,0
59.3702,0.449835,59.987530,-0.004420,0.0000,1.0000,8116.3,-0.0115,5,0
59.3934,0.449981,59.987525,-0.004419,0.0000,1.0000,8119.3,-0.0113,5,0
59.4172,0.450128,59.987520,-0.004419,0.0000,1.0000,8121.5,-0.0110,5,0
59.4405,0.450274,59.987515,-0.004418,0.0000,1.0000,8127.0,-0.0108,5,0
59.4637,0.450421,59.987510,-0.004418,0.0000,1.0000,8129.5,-0.0104,5,0
59.4867,0.450568,59.987505,-0.004418,0.0000,1.0000,8133.3,-0.0099,5,0
59.5106,0.450714,59.987499,-0.004417,0.0000,0.9900,8134.9,-0.0093,5,0
59.5340,0.450861,59.987494,-0.004417,0.0000,0.9900,8138.2,-0.0086,5,0
59.5563,0.451008,59.987489,-0.004416,0.0012,0.9055,8139.0,-0.0077,5,0
59.5780,0.451155,59.987483,-0.004416,0.0012,0.9055,8134.1,-0.0067,5,0
59.5979,0.451302,59.987478,-0.004415,0.0122,0.7654,8122.7,-0.0057,5,0
59.6137,0.451449,59.987473,-0.004415,0.0122,0.7654,8111.3,-0.0047,5,0
59.6260,0.451596,59.987468,-0.004414,0.0254,0.6082,8091.7,-0.0035,5,0
59.6326,0.451743,59.987462,-0.004414,0.0254,0.6082,8073.3,-0.0024,5,0
59.6427,0.451890,59.987457,-0.004413,0.0476,0.4756,8021.0,-0.0013,5,0
59.6526,0.452038,59.987451,-0.004413,0.0476,0.4756,7946.8,-0.0002,5,0
59.6437,0.452185,59.987446,-0.004412,0.0610,0.3885,7934.6,0.0009,5,0
59.6288,0.452332,59.987440,-0.004411,0.0610,0.3885,7930.1,0.0018,5,0
59.6094,0.452479,59.987434,-0.004411,0.0806,0.2955,7926.8,0.0027,5,0
59.5870,0.452626,59.987429,-0.004410,0.0806,0.2955,7916.9,0.0035,5,0
59.5600,0.452773,59.987423,-0.004410,0.1144,0.2252,7907.6,0.0043,5,0
59.5285,0.452919,59.987417,-0.004409,0.1144,0.2252,7899.4,0.0050,5,0
59.4921,0.453066,59.987411,-0.004409,0.1588,0.1729,7888.5,0.0056,5,0
59.4503,0.453213,59.987406,-0.004408,0.1588,0.1729,7875.8,0.0061,5,0
59.4025,0.453359,59.987400,-0.004408,0.1963,0.1344,7864.5,0.0066,5,0
59.3489,0.453506,59.987395,-0.004407,0.1963,0.1344,7855.5,0.0070,5,0
59.2926,0.453652,59.987390,-0.004407,0.2329,0.1136,7845.1,0.0074,5,0
59.2317,0.453798,59.987385,-0.004406,0.2329,0.1136,7830.7,0.0076,5,0
59.1657,0.453944,59.987380,-0.004406,0.2825,0.0875,7816.2,0.0077,5,0
59.0926,0.454090,59.987375,-0.004405,0.2825,0.0875,7805.3,0.0077,5,0
59.0175,0.454235,59.987370,-0.004405,0.3132,0.0606,7788.0,0.0075,5,0
58.9388,0.454381,59.987365,-0.004404,0.3132,0.0606,7775.3,0.0072,5,0
58.8564,0.454526,59.987360,-0.004404,0.3554,0.0334,7759.5,0.0069,5,0
58.7706,0.454671,59.987355,-0.004403,0.3554,0.0334,7742.6,0.0065,5,0
58.6792,0.454816,59.987350,-0.004403,0.3796,0.0150,7726.1,0.0060,5,0
58.5857,0.454960,59.987345,-0.004402,0.3796,0.0150,7707.1,0.0056,5,0
58.4888,0.455104,59.987339,-0.004402,0.4128,0.0000,7691.2,0.0051,5,0
58.3891,0.455248,59.987334,-0.004401,0.4128,0.0000,7670.1,0.0048,5,0
58.2849,0.455392,59.987329,-0.004401,0.4465,0.0000,7649.3,0.0044,5,0
58.1763,0.455536,59.987324,-0.004400,0.4465,0.0000,7629.7,0.0041,5,0
58.0648,0.455679,59.987318,-0.004400,0.4670,0.0000,7611.7,0.0038,5,0
57.9504,0.455822,59.987313,-0.004399,0.4670,0.0000,7592.4,0.0035,5,0
57.8333,0.455964,59.987308,-0.004399,0.4951,0.0000,7574.4,0.0033,5,0
57.7121,0.456107,59.987302,-0.004398,0.4951,0.0000,7555.9,0.0030,5,0
57.5884,0.456249,59.987297,-0.004398,0.5133,0.0000,7540.9,0.0028,5,0
57.4620,0.456390,59.987292,-0.004397,0.5133,0.0000,7524.5,0.0025,5,0
57.3339,0.456532,59.987286,-0.004397,0.5337,0.0000,7509.2,0.0021,5,0
57.2037,0.456673,59.987281,-0.004396,0.5337,0.0000,7492.1,0.0018,5,0
57.0712,0.456814,59.987276,-0.004396,0.5550,0.0000,7474.9,0.0014,5,0
56.9357,0.456954,59.987271,-0.004395,0.5550,0.0000,7457.2,0.0011,5,0
56.7971,0.457094,59.987265,-0.004395,0.5621,0.0000,7441.9,0.0009,5,0
56.6576,0.457234,59.987260,-0.004394,0.5621,0.0000,7427.0,0.0008,5,0
56.5168,0.457373,59.987255,-0.004394,0.5782,0.0000,7411.5,0.0008,5,0
56.3742,0.457512,59.987249,-0.004393,0.5782,0.0000,7395.6,0.0009,5,0
56.2292,0.457651,59.987244,-0.004393,0.5887,0.0000,7378.0,0.0012,5,0
56.0842,0.457789,59.987239,-0.004393,0.5887,0.0000,7363.1,0.0016,5,0
55.9372,0.457927,59.987234,-0.004392,0.5941,0.0000,7349.0,0.0019,5,0
55.7917,0.458065,59.987229,-0.004392,0.5941,0.0000,7332.0,0.0024,5,0
55.6452,0.458202,59.987224,-0.004391,0.6048,0.0000,7313.0,0.0028,5,0
55.4986,0.458339,59.987219,-0.004391,0.6048,0.0000,7294.7,0.0032,5,0
55.3515,0.458476,59.987214,-0.004390,0.6100,0.0000,7274.9,0.0037,5,0
55.2060,0.458612,59.987209,-0.004390,0.6100,0.0000,7253.1,0.0042,5,0
55.0596,0.458748,59.987204,-0.004389,0.6207,0.0000,7229.0,0.0047,5,0
54.9123,0.458883,59.987199,-0.004389,0.6207,0.0000,7206.5,0.0052,5,0
54.7646,0.459018,59.987194,-0.004389,0.6224,0.0000,7181.2,0.0058,5,0
54.6178,0.459153,59.987190,-0.004388,0.6224,0.0000,7153.1,0.0063,5,0
54.4710,0.459287,59.987185,-0.004388,0.6256,0.0000,7124.4,0.0066,5,0
54.3241,0.459421,59.987181,-0.004387,0.6256,0.0000,7096.2,0.0069,5,0
54.1771,0.459555,59.987176,-0.004387,0.6315,0.0000,7067.5,0.0073,5,0
54.0280,0.459688,59.987172,-0.004387,0.6315,0.0000,7038.4,0.0075,5,0
53.8787,0.459821,59.987168,-0.004386,0.6320,0.0000,7011.6,0.0076,5,0
53.7280,0.459954,59.987163,-0.004386,0.6320,0.0000,6985.7,0.0078,5,0
53.5779,0.460086,59.987159,-0.004385,0.6417,0.0000,6957.2,0.0079,5,0
53.4240,0.460217,59.987154,-0.004385,0.6417,0.0000,6933.4,0.0080,5,0
53.2695,0.460349,59.987150,-0.004384,0.6449,0.0000,6911.2,0.0079,5,0
53.1127,0.460480,59.987145,-0.004384,0.6449,0.0000,6891.7,0.0077,5,0
52.9568,0.460610,59.987140,-0.004384,0.6508,0.0000,6874.8,0.0074,5,0
52.7989,0.460741,59.987135,-0.004383,0.6508,0.0000,6860.3,0.0072,5,0
52.6404,0.460871,59.987130,-0.004383,0.6554,0.0000,6844.0,0.0068,5,0
52.4811,0.461000,59.987125,-0.004383,0.6554,0.0000,6828.4,0.0064,5,0
52.3231,0.461129,59.987120,-0.004382,0.6554,0.8642,7374.3,0.0060,5,0
52.1667,0.461258,59.987115,-0.004382,0.6554,0.8642,7892.9,0.0057,5,0
52.0097,0.461386,59.987110,-0.004381,0.6672,0.1338,7871.3,0.0054,5,0
51.8504,0.461514,59.987105,-0.004381,0.6672,0.1338,7847.6,0.0052,5,0
51.6903,0.461641,59.987100,-0.004381,0.6674,0.0000,7818.8,0.0052,4,0
51.5298,0.461768,59.987095,-0.004380,0.6674,0.0000,7796.0,0.0053,4,0
51.3673,0.461895,59.987091,-0.004380,0.6764,0.0000,7775.0,0.0056,4,0
51.2060,0.462021,59.987086,-0.004380,0.6764,0.0000,7749.0,0.0060,4,0
51.0428,0.462147,59.987081,-0.004379,0.6806,0.0000,7725.8,0.0066,4,0
50.8798,0.462273,59.987077,-0.004379,0.6806,0.0000,7702.6,0.0074,4,0
50.7169,0.462398,59.987072,-0.004379,0.6808,0.0000,7676.7,0.0079,4,0
50.5545,0.462523,59.987067,-0.004378,0.6808,0.0000,7652.1,0.0088,4,0
50.3915,0.462647,59.987062,-0.004378,0.6887,0.0000,7625.4,0.0095,4,0
50.2290,0.462771,59.987058,-0.004378,0.6887,0.0000,7600.2,0.0102,4,0
50.0661,0.462894,59.987053,-0.004377,0.6877,0.0000,7571.0,0.0106,4,0
49.9044,0.463017,59.987048,-0.004377,0.6877,0.0000,7543.1,0.0112,4,0
49.7420,0.463140,59.987044,-0.004377,0.6882,0.0000,7511.9,0.0116,4,0
49.5807,0.463262,59.987039,-0.004376,0.6882,0.0000,7484.1,0.0122,4,0
49.4184,0.463384,59.987035,-0.004376,0.6882,0.0000,7453.6,0.0126,4,0
49.2568,0.463506,59.987030,-0.004376,0.6882,0.0000,7425.4,0.0131,4,0
49.0948,0.463627,59.987025,-0.004375,0.6916,0.0000,7395.6,0.0136,4,0
48.9341,0.463748,59.987021,-0.004375,0.6916,0.0000,7362.0,0.0141,4,0
48.7713,0.463868,59.987016,-0.004375,0.6933,0.0000,7335.1,0.0145,4,0
48.6088,0.463988,59.987012,-0.004375,0.6933,0.0000,7305.3,0.0147,4,0
48.4458,0.464107,59.987007,-0.004374,0.6916,0.0000,7277.4,0.0149,4,0
48.2814,0.464226,59.987003,-0.004374,0.6916,0.0000,7251.8,0.0151,4,0
48.1190,0.464345,59.986999,-0.004374,0.6991,0.0000,7225.5,0.0152,4,0
47.9548,0.464463,59.986994,-0.004374,0.6991,0.0000,7198.0,0.0152,4,0
47.7910,0.464581,59.986990,-0.004373,0.6945,0.0000,7174.1,0.0151,4,0
47.6261,0.464699,59.986986,-0.004373,0.6945,0.0000,7148.3,0.0149,4,0
47.4633,0.464816,59.986982,-0.004373,0.6918,0.0000,7124.2,0.0147,4,0
47.3005,0.464932,59.986978,-0.004373,0.6918,0.0000,7099.8,0.0145,4,0
47.1374,0.465049,59.986973,-0.004372,0.6906,0.0000,7075.6,0.0140,4,0
46.9753,0.465164,59.986969,-0.004372,0.6906,0.0000,7052.2,0.0136,4,0
46.8124,0.465280,59.986965,-0.004372,0.6774,0.0000,7028.7,0.0130,4,0
46.6527,0.465395,59.986961,-0.004372,0.6774,0.0000,7007.5,0.0126,4,0
46.4922,0.465510,59.986957,-0.004371,0.6769,0.0000,6985.1,0.0121,4,0
46.3338,0.465624,59.986952,-0.004371,0.6769,0.0000,6959.9,0.0115,4,0
46.1742,0.465738,59.986948,-0.004371,0.6684,0.0000,6937.3,0.0111,4,0
46.0156,0.465851,59.986944,-0.004371,0.6684,0.0000,6914.8,0.0108,4,0
45.8595,0.465964,59.986940,-0.004371,0.6652,0.0000,6892.3,0.0106,4,0
45.7020,0.466077,59.986936,-0.004371,0.6652,0.0000,6870.6,0.0102,4,0
45.5462,0.466190,59.986931,-0.004370,0.6630,0.0000,6844.9,0.0102,4,0
45.3883,0.466301,59.986927,-0.004370,0.6630,0.0000,6822.2,0.0101,4,0
45.2320,0.466413,59.986923,-0.004370,0.6620,0.0000,6798.0,0.0102,4,0
45.0761,0.466524,59.986919,-0.004370,0.6620,0.0000,6776.3,0.0102,4,0
44.9199,0.466635,59.986915,-0.004370,0.6645,0.0000,6752.2,0.0103,4,0
44.7641,0.466745,59.986912,-0.004370,0.6645,0.0000,6725.6,0.0105,4,0
44.6063,0.466855,59.986908,-0.004370,0.6591,0.0000,6703.3,0.0106,4,0
44.4511,0.466965,59.986904,-0.004369,0.6591,0.0000,6681.3,0.0110,4,0
44.2952,0.467074,59.986900,-0.004369,0.6554,0.0000,6663.0,0.0112,4,0
44.1411,0.467183,59.986896,-0.004369,0.6554,0.0000,6638.5,0.0113,4,0
43.9870,0.467292,59.986893,-0.004369,0.6550,0.9394,6615.4,0.0115,4,0
43.8309,0.467400,59.986889,-0.004369,0.6550,0.9394,7024.5,0.0118,4,0
43.6798,0.467508,59.986885,-0.004369,0.6508,0.1383,7567.9,0.0120,4,0
43.5265,0.467615,59.986881,-0.004369,0.6508,0.1383,7875.3,0.0120,4,0
43.3751,0.467722,59.986877,-0.004369,0.6488,0.0000,7850.8,0.0122,4,0
43.2245,0.467829,59.986874,-0.004369,0.6488,0.0000,7816.1,0.0123,3,0
43.0718,0.467935,59.986870,-0.004369,0.6466,0.0000,7784.6,0.0126,3,0
42.9198,0.468041,59.986866,-0.004368,0.6466,0.0000,7758.9,0.0130,3,0
42.7670,0.468146,59.986862,-0.004368,0.6413,0.0000,7732.0,0.0135,3,0
42.6153,0.468251,59.986858,-0.004368,0.6413,0.0000,7705.9,0.0141,3,0
42.4639,0.468356,59.986855,-0.004368,0.6396,0.0000,7676.4,0.0148,3,0
42.3134,0.468460,59.986851,-0.004368,0.6396,0.0000,7648.8,0.0156,3,0
42.1637,0.468564,59.986847,-0.004368,0.6315,0.0000,7621.4,0.0165,3,0
42.0142,0.468668,59.986843,-0.004368,0.6315,0.0000,7594.6,0.0174,3,0
41.8664,0.468771,59.986840,-0.004368,0.6215,0.0000,7569.4,0.0183,3,0
41.7204,0.468874,59.986836,-0.004368,0.6215,0.0000,7540.1,0.0193,3,0
41.5741,0.468977,59.986832,-0.004368,0.6108,0.0000,7515.7,0.0202,3,0
41.4301,0.469079,59.986829,-0.004368,0.6108,0.0000,7487.1,0.0212,3,0
41.2871,0.469181,59.986825,-0.004368,0.5895,0.0000,7463.4,0.0221,3,0
41.1459,0.469282,59.986821,-0.004368,0.5895,0.0000,7442.6,0.0232,3,0
41.0073,0.469383,59.986817,-0.004368,0.5807,0.0000,7414.9,0.0243,3,0
40.8695,0.469484,59.986814,-0.004368,0.5807,0.0000,7389.3,0.0255,3,0
40.7333,0.469585,59.986810,-0.004368,0.5659,0.0000,7363.0,0.0270,3,0
40.5978,0.469685,59.986806,-0.004368,0.5659,0.0000,7341.6,0.0285,3,0
40.4644,0.469785,59.986802,-0.004368,0.5560,0.0000,7318.1,0.0302,3,0
40.3324,0.469884,59.986798,-0.004368,0.5560,0.0000,7291.4,0.0319,3,0
40.2016,0.469983,59.986794,-0.004368,0.5435,0.0000,7265.7,0.0337,3,0
40.0706,0.470082,59.986790,-0.004368,0.5435,0.0000,7245.3,0.0356,3,0
39.9438,0.470181,59.986786,-0.004369,0.5156,0.0000,7220.1,0.0373,3,0
39.8176,0.470279,59.986782,-0.004369,0.5156,0.0000,7201.7,0.0387,3,0
39.6950,0.470377,59.986778,-0.004369,0.4993,0.0000,7181.8,0.0398,3,0
39.5730,0.470474,59.986774,-0.004369,0.4993,0.0000,7162.9,0.0405,3,0
39.4539,0.470572,59.986770,-0.004369,0.4778,0.0000,7141.6,0.0413,3,0
39.3362,0.470669,59.986767,-0.004369,0.4778,0.0000,7125.9,0.0420,3,0
39.2214,0.470765,59.986763,-0.004369,0.4627,0.0000,7107.6,0.0426,3,0
39.1069,0.470862,59.986760,-0.004369,0.4627,0.0000,7094.5,0.0430,3,0
38.9946,0.470958,59.986756,-0.004369,0.4462,0.0000,7076.8,0.0432,3,0
38.8833,0.471054,59.986753,-0.004370,0.4462,0.0000,7059.0,0.0433,3,0
38.7754,0.471149,59.986750,-0.004370,0.4190,0.0000,7041.7,0.0437,3,0
38.6694,0.471245,59.986746,-0.004370,0.4190,0.0000,7028.8,0.0442,3,0
38.5677,0.471340,59.986743,-0.004370,0.4036,0.0000,7011.0,0.0448,3,0
38.4663,0.471435,59.986739,-0.004370,0.4036,0.0000,6998.3,0.0457,3,0
38.3673,0.471529,59.986736,-0.004370,0.3772,0.0000,6983.3,0.0467,3,0
38.2720,0.471624,59.986733,-0.004370,0.3772,0.0000,6965.9,0.0482,3,0
38.1799,0.471718,59.986729,-0.004371,0.3603,0.0000,6954.8,0.0501,3,0
38.0909,0.471812,59.986726,-0.004371,0.3603,0.0000,6936.1,0.0521,3,0
38.0005,0.471906,59.986722,-0.004371,0.3538,0.0000,6921.3,0.0543,3,0
37.9110,0.471999,59.986719,-0.004372,0.3538,0.0000,6904.7,0.0566,3,0
37.8229,0.472093,59.986716,-0.004372,0.3387,0.0000,6887.8,0.0588,3,0
37.7370,0.472186,59.986712,-0.004372,0.3387,0.0000,6870.9,0.0612,3,0
37.6515,0.472278,59.986709,-0.004372,0.3306,0.0000,6855.9,0.0637,3,0
37.5680,0.472371,59.986705,-0.004373,0.3306,0.0000,6835.3,0.0660,3,0
37.4841,0.472464,59.986702,-0.004373,0.3154,0.0000,6822.4,0.0681,3,0
37.4007,0.472556,59.986699,-0.004373,0.3154,0.0000,6813.4,0.0698,3,0
37.3203,0.472648,59.986696,-0.004374,0.3083,0.0000,6799.2,0.0716,3,0
37.2427,0.472740,59.986692,-0.004374,0.3083,0.0000,6777.5,0.0733,3,0
37.1633,0.472831,59.986689,-0.004374,0.3061,0.0000,6767.4,0.0748,3,0
37.0859,0.472923,59.986686,-0.004375,0.3061,0.0000,6749.1,0.0760,3,0
37.0073,0.473014,59.986683,-0.004375,0.2908,0.0000,6737.9,0.0769,3,0
36.9304,0.473105,59.986680,-0.004375,0.2908,0.0000,6724.2,0.0774,3,0
36.8556,0.473196,59.986676,-0.004376,0.2842,0.0000,6710.5,0.0778,3,0
36.7820,0.473287,59.986673,-0.004376,0.2842,0.0000,6695.2,0.0782,3,0
36.7081,0.473377,59.986670,-0.004377,0.2673,0.0000,6683.1,0.0786,3,0
36.6352,0.473468,59.986667,-0.004377,0.2673,0.0000,6676.0,0.0787,3,0
36.5643,0.473558,59.986663,-0.004378,0.2512,0.0000,6666.3,0.0787,3,0
36.4966,0.473648,59.986660,-0.004378,0.2512,0.0000,6657.6,0.0787,3,0
36.4289,0.473738,59.986657,-0.004379,0.2415,0.0000,6645.4,0.0787,3,0
36.3639,0.473828,59.986654,-0.004379,0.2415,0.0000,6634.8,0.0788,3,0
36.3001,0.473917,59.986650,-0.004380,0.2256,0.0000,6624.5,0.0789,3,0
36.2356,0.474006,59.986647,-0.004380,0.2256,0.0000,6618.8,0.0790,3,0
36.1735,0.474096,59.986644,-0.004381,0.2195,0.0000,6610.3,0.0791,3,0
36.1125,0.474185,59.986640,-0.004381,0.2195,0.0000,6602.6,0.0791,3,0
36.0529,0.474274,59.986637,-0.004382,0.2017,0.0000,6589.0,0.0793,3,0
35.9944,0.474362,59.986634,-0.004383,0.2017,0.0000,6582.7,0.0799,3,0
35.9386,0.474451,59.986631,-0.004383,0.1870,0.0000,6572.5,0.0804,3,0
35.8836,0.474540,59.986628,-0.004384,0.1870,0.0000,6568.2,0.0810,3,0
35.8284,0.474628,59.986625,-0.004385,0.1782,0.0000,6564.6,0.0814,3,0
35.7751,0.474716,59.986622,-0.004386,0.1782,0.0000,6558.6,0.0816,3,0
35.7243,0.474804,59.986619,-0.004386,0.1668,0.0000,6545.5,0.0820,3,0
35.6744,0.474892,59.986616,-0.004387,0.1668,0.0000,6539.2,0.0826,3,0
35.6252,0.474980,59.986613,-0.004388,0.1631,0.0000,6531.6,0.0831,3,0
35.5757,0.475068,59.986610,-0.004388,0.1631,0.0000,6524.4,0.0834,3,0
35.5268,0.475156,59.986607,-0.004389,0.1499,0.0000,6516.5,0.0834,3,0
35.4788,0.475243,59.986604,-0.004390,0.1499,0.0000,6512.4,0.0834,3,0
35.4333,0.475330,59.986600,-0.004391,0.1404,0.0000,6505.6,0.0836,3,0
35.3901,0.475418,59.986596,-0.004392,0.1404,0.0000,6496.1,0.0841,3,0
35.3467,0.475505,59.986593,-0.004393,0.1345,0.0000,6489.5,0.0849,3,0
35.3038,0.475592,59.986590,-0.004394,0.1345,0.0000,6484.2,0.0856,3,0
35.2616,0.475679,59.986586,-0.004395,0.1213,0.0000,6478.1,0.0863,3,0
35.2202,0.475766,59.986583,-0.004395,0.1213,0.0000,6475.4,0.0871,3,0
35.1812,0.475853,59.986579,-0.004396,0.1223,0.0000,6466.4,0.0884,3,0
35.1428,0.475939,59.986576,-0.004397,0.1223,0.0000,6454.8,0.0898,3,0
35.1031,0.476026,59.986572,-0.004398,0.1167,0.0000,6448.4,0.0911,3,0
35.0641,0.476112,59.986569,-0.004399,0.1167,0.0000,6441.7,0.0925,3,0
35.0257,0.476199,59.986566,-0.004400,0.1128,0.0000,6434.5,0.0939,3,0
34.9861,0.476285,59.986562,-0.004401,0.1128,0.0000,6433.6,0.0951,3,0
34.9489,0.476371,59.986559,-0.004403,0.1082,0.0000,6421.4,0.0964,3,0
34.9125,0.476457,59.986556,-0.004404,0.1082,0.0000,6410.9,0.0975,3,0
34.8761,0.476543,59.986553,-0.004405,0.1033,0.0000,6404.9,0.0983,3,0
34.8390,0.476629,59.986550,-0.004406,0.1033,0.0000,6399.6,0.0986,3,0
34.8032,0.476715,59.986546,-0.004407,0.1028,0.0000,6393.3,0.0986,3,0
34.7647,0.476801,59.986543,-0.004408,0.1028,0.0000,6392.7,0.0984,3,0
34.7292,0.476887,59.986540,-0.004409,0.0994,0.0000,6385.8,0.0980,3,0
34.6939,0.476972,59.986537,-0.004410,0.0994,0.0000,6376.9,0.0978,3,0
34.6594,0.477058,59.986534,-0.004412,0.0947,0.0000,6373.2,0.0974,3,0
34.6254,0.477143,59.986531,-0.004413,0.0947,0.0000,6367.3,0.0970,3,0
34.5904,0.477228,59.986528,-0.004414,0.0916,0.0000,6362.8,0.0966,3,0
34.5547,0.477314,59.986525,-0.004416,0.0916,0.0000,6363.0,0.0961,3,0
34.5208,0.477399,59.986522,-0.004417,0.0816,0.0000,6358.3,0.0959,3,0
34.4889,0.477484,59.986519,-0.004418,0.0816,0.0000,6354.6,0.0959,3,0
34.4588,0.477569,59.986516,-0.004420,0.0852,0.0000,6344.8,0.0962,3,0
34.4247,0.477654,59.986513,-0.004421,0.0852,0.0000,6348.6,0.0963,3,0
34.3941,0.477739,59.986510,-0.004422,0.0779,0.0000,6337.9,0.0968,3,0
34.3622,0.477823,59.986507,-0.004424,0.0779,0.0000,6333.9,0.0972,3,0
34.3305,0.477908,59.986504,-0.004425,0.0820,0.0000,6333.5,0.0980,3,0
34.2995,0.477993,59.986501,-0.004427,0.0820,0.0000,6328.5,0.0992,3,0
34.2688,0.478077,59.986498,-0.004428,0.0779,0.0000,6319.1,0.1007,3,0
34.2364,0.478162,59.986495,-0.004430,0.0779,0.0000,6324.0,0.1024,3,0
34.2072,0.478246,59.986492,-0.004431,0.0820,0.0000,6309.0,0.1045,3,0
34.1784,0.478330,59.986489,-0.004433,0.0820,0.0000,6298.6,0.1069,3,0
34.1443,0.478414,59.986486,-0.004434,0.0779,0.0000,6300.1,0.1096,3,0
34.1125,0.478499,59.986483,-0.004436,0.0779,0.0000,6293.7,0.1128,3,0
34.0851,0.478583,59.986480,-0.004437,0.0820,0.0000,6280.7,0.1164,3,0
34.0560,0.478667,59.986477,-0.004439,0.0820,0.0000,6270.7,0.1203,3,0
34.0250,0.478751,59.986475,-0.004441,0.0775,0.0000,6265.3,0.1241,3,0
33.9946,0.478834,59.986472,-0.004442,0.0775,0.0000,6255.9,0.1278,3,0
33.9627,0.478918,59.986470,-0.004444,0.0764,0.0000,6255.5,0.1314,3,0
33.9329,0.479002,59.986467,-0.004446,0.0764,0.0000,6250.4,0.1352,3,0
33.9050,0.479085,59.986464,-0.004447,0.0762,0.0000,6235.5,0.1384,3,0
33.8754,0.479169,59.986462,-0.004449,0.0762,0.0000,6225.0,0.1410,3,0
33.8449,0.479252,59.986459,-0.004451,0.0789,0.0000,6219.3,0.1429,3,0
33.8141,0.479336,59.986457,-0.004452,0.0789,0.0000,6212.4,0.1442,3,0
33.7825,0.479419,59.986454,-0.004454,0.0720,0.0000,6209.0,0.1450,3,0
33.7514,0.479502,59.986451,-0.004456,0.0720,0.0000,6209.4,0.1457,3,0
33.7227,0.479586,59.986448,-0.004458,0.0737,0.0000,6202.2,0.1461,3,0
33.6935,0.479669,59.986445,-0.004460,0.0737,0.0000,6191.6,0.1461,3,0
33.6636,0.479752,59.986442,-0.004462,0.0688,0.0000,6193.1,0.1457,3,0
33.6339,0.479835,59.986438,-0.004464,0.0688,0.0000,6188.0,0.1449,3,0
33.6050,0.479918,59.986435,-0.004466,0.0681,0.0000,6182.5,0.1443,3,0
33.5736,0.480000,59.986432,-0.004467,0.0681,0.0000,6187.3,0.1439,3,0
33.5451,0.480083,59.986429,-0.004469,0.0671,0.0000,6184.0,0.1436,3,0
33.5163,0.480166,59.986426,-0.004471,0.0671,0.0000,6180.4,0.1434,3,0
33.4864,0.480248,59.986423,-0.004473,0.0630,0.0000,6183.7,0.1433,3,0
33.4577,0.480331,59.986420,-0.004475,0.0630,0.0000,6179.7,0.1431,3,0
33.4303,0.480413,59.986418,-0.004477,0.0598,0.0000,6173.4,0.1430,3,0
33.4016,0.480496,59.986415,-0.004479,0.0598,0.0000,6174.7,0.1431,3,0
33.3732,0.480578,59.986413,-0.004481,0.0571,0.0000,6176.5,0.1436,3,0
33.3446,0.480660,59.986410,-0.004484,0.0571,0.0000,6181.5,0.1442,3,0
33.3175,0.480743,59.986407,-0.004486,0.0476,0.0000,6180.0,0.1448,3,0
33.2931,0.480825,59.986405,-0.004488,0.0476,0.0000,6177.4,0.1453,3,0
33.2675,0.480907,59.986402,-0.004490,0.0383,0.0000,6177.3,0.1461,3,0
33.2429,0.480989,59.986400,-0.004492,0.0383,0.0000,6176.3,0.1471,3,0
33.2205,0.481071,59.986397,-0.004494,0.0257,0.0000,6175.9,0.1483,3,0
33.1983,0.481153,59.986394,-0.004496,0.0257,0.0000,6179.8,0.1498,3,0
33.1783,0.481234,59.986392,-0.004499,0.0132,0.0000,6178.2,0.1513,3,0
33.1596,0.481316,59.986389,-0.004501,0.0132,0.0000,6177.6,0.1529,3,0
33.1415,0.481398,59.986386,-0.004503,0.0047,0.0000,6175.2,0.1545,3,0
33.1244,0.481480,59.986384,-0.004506,0.0047,0.0000,6173.1,0.1563,3,0
33.1087,0.481561,59.986381,-0.004508,0.0000,0.0000,6172.5,0.1583,3,0
33.0930,0.481643,59.986378,-0.004510,0.0000,0.0000,6172.5,0.1604,3,0
33.0786,0.481724,59.986375,-0.004512,0.0000,0.0000,6169.0,0.1623,3,0
33.0645,0.481806,59.986373,-0.004515,0.0000,0.0000,6162.5,0.1642,3,0
33.0501,0.481888,59.986370,-0.004517,0.0000,0.0052,6157.4,0.1657,3,0
33.0352,0.481969,59.986367,-0.004520,0.0000,0.0052,6153.8,0.1676,3,0
33.0204,0.482050,59.986365,-0.004522,0.0000,0.0105,6152.5,0.1695,3,0
33.0054,0.482132,59.986362,-0.004525,0.0000,0.0105,6151.9,0.1712,3,0
32.9914,0.482213,59.986359,-0.004527,0.0000,0.0140,6150.4,0.1728,3,0
32.9770,0.482295,59.986356,-0.004530,0.0000,0.0140,6145.1,0.1740,3,0
32.9632,0.482376,59.986354,-0.004532,0.0000,0.0157,6140.5,0.1748,3,0
32.9487,0.482457,59.986351,-0.004535,0.0000,0.0157,6137.1,0.1754,3,0
32.9344,0.482538,59.986348,-0.004537,0.0000,0.0150,6133.6,0.1760,3,0
32.9200,0.482620,59.986346,-0.004540,0.0000,0.0150,6132.1,0.1763,3,0
32.9046,0.482701,59.986343,-0.004542,0.0000,0.0157,6133.3,0.1765,3,0
32.8894,0.482782,59.986340,-0.004545,0.0000,0.0157,6132.0,0.1766,3,0
32.8745,0.482863,59.986338,-0.004548,0.0000,0.0157,6128.2,0.1763,3,0
32.8595,0.482944,59.986335,-0.004550,0.0000,0.0157,6125.7,0.1759,3,0
32.8440,0.483025,59.986333,-0.004553,0.0000,0.0157,6125.2,0.1756,3,0
32.8277,0.483106,59.986330,-0.004556,0.0000,0.0157,6126.8,0.1753,3,0
32.8119,0.483187,59.986327,-0.004559,0.0000,0.0157,6128.4,0.1749,3,0
32.7961,0.483268,59.986325,-0.004561,0.0000,0.0157,6128.9,0.1746,3,0
32.7809,0.483349,59.986322,-0.004564,0.0000,0.0157,6128.2,0.1741,3,0
32.7657,0.483429,59.986320,-0.004567,0.0000,0.0157,6125.3,0.1737,3,0
32.7501,0.483510,59.986317,-0.004569,0.0000,0.0157,6124.5,0.1734,3,0
32.7342,0.483591,59.986314,-0.004572,0.0000,0.0157,6126.6,0.1732,3,0
32.7181,0.483672,59.986312,-0.004575,0.0000,0.0157,6129.8,0.1729,3,0
32.7027,0.483752,59.986309,-0.004578,0.0000,0.0157,6131.5,0.1729,3,0
32.6873,0.483833,59.986306,-0.004581,0.0000,0.0157,6131.8,0.1729,3,0
32.6722,0.483914,59.986303,-0.004584,0.0000,0.0157,6130.0,0.1730,3,0
32.6581,0.483994,59.986301,-0.004587,0.0000,0.0157,6124.1,0.1733,3,0
32.6434,0.484075,59.986298,-0.004590,0.0000,0.0157,6122.3,0.1738,3,0
32.6282,0.484155,59.986295,-0.004593,0.0000,0.0157,6122.6,0.1742,3,0
32.6126,0.484236,59.986293,-0.004596,0.0000,0.0157,6123.1,0.1747,3,0
32.5978,0.484316,59.986290,-0.004599,0.0000,0.0157,6118.7,0.1752,3,0
32.5831,0.484396,59.986288,-0.004602,0.0000,0.0157,6115.5,0.1757,3,0
32.5684,0.484477,59.986285,-0.004605,0.0000,0.0157,6109.4,0.1763,3,0
32.5542,0.484557,59.986283,-0.004609,0.0000,0.0157,6104.7,0.1769,3,0
32.5390,0.484637,59.986281,-0.004612,0.0000,0.0150,6102.0,0.1773,3,0
32.5237,0.484717,59.986278,-0.004615,0.0000,0.0150,6099.8,0.1776,3,0
32.5082,0.484798,59.986276,-0.004618,0.0000,0.0174,6097.3,0.1776,3,0
32.4930,0.484878,59.986274,-0.004621,0.0000,0.0174,6092.6,0.1775,3,0
32.4783,0.484958,59.986272,-0.004624,0.0000,0.0264,6088.3,0.1773,3,0
32.4642,0.485038,59.986269,-0.004628,0.0000,0.0264,6084.5,0.1773,3,0
32.4496,0.485118,59.986267,-0.004631,0.0000,0.0465,6084.8,0.1772,3,0
32.4357,0.485198,59.986264,-0.004634,0.0000,0.0465,6088.3,0.1770,3,0
32.4232,0.485278,59.986262,-0.004638,0.0000,0.0648,6093.2,0.1769,3,0
32.4114,0.485358,59.986259,-0.004641,0.0000,0.0648,6095.7,0.1769,3,0
32.4009,0.485438,59.986256,-0.004644,0.0000,0.0847,6097.2,0.1770,3,0
32.3914,0.485518,59.986254,-0.004648,0.0000,0.0847,6099.2,0.1774,3,0
32.3827,0.485598,59.986251,-0.004651,0.0000,0.1029,6102.6,0.1780,3,0
32.3744,0.485677,59.986248,-0.004654,0.0000,0.1029,6108.3,0.1787,3,0
32.3674,0.485757,59.986245,-0.004658,0.0000,0.1194,6108.9,0.1796,3,0
32.3596,0.485837,59.986243,-0.004661,0.0000,0.1194,6115.3,0.1806,3,0
32.3526,0.485917,59.986240,-0.004665,0.0000,0.1326,6117.4,0.1817,3,0
32.3477,0.485997,59.986238,-0.004668,0.0000,0.1326,6117.8,0.1831,3,0
32.3426,0.486076,59.986235,-0.004672,0.0000,0.1473,6120.1,0.1847,3,0
32.3379,0.486156,59.986233,-0.004675,0.0000,0.1473,6120.8,0.1861,3,0
32.3327,0.486236,59.986231,-0.004679,0.0000,0.1647,6127.5,0.1874,3,0
32.3278,0.486316,59.986229,-0.004683,0.0000,0.1647,6130.4,0.1884,3,0
32.3243,0.486395,59.986226,-0.004686,0.0000,0.1873,6131.5,0.1892,3,0
32.3218,0.486475,59.986224,-0.004690,0.0000,0.1873,6133.6,0.1901,3,0
32.3192,0.486555,59.986222,-0.004693,0.0000,0.2093,6138.5,0.1907,3,0
32.3177,0.486635,59.986219,-0.004697,0.0000,0.2093,6142.0,0.1909,3,0
32.3172,0.486714,59.986217,-0.004700,0.0000,0.2417,6149.4,0.1907,3,0
32.3171,0.486794,59.986215,-0.004704,0.0000,0.2417,6159.5,0.1899,3,0
32.3180,0.486874,59.986214,-0.004708,0.0000,0.2734,6167.0,0.1891,3,0
32.3214,0.486953,59.986212,-0.004712,0.0000,0.2734,6172.0,0.1883,3,0
32.3253,0.487033,59.986210,-0.004716,0.0000,0.3000,6179.1,0.1876,3,0
32.3309,0.487113,59.986209,-0.004719,0.0000,0.3000,6184.3,0.1870,3,0
32.3379,0.487193,59.986207,-0.004723,0.0000,0.3202,6186.2,0.1865,3,0
32.3444,0.487272,59.986205,-0.004727,0.0000,0.3202,6192.6,0.1860,3,0
32.3507,0.487352,59.986203,-0.004731,0.0000,0.3334,6201.3,0.1858,3,0
32.3585,0.487432,59.986202,-0.004735,0.0000,0.3334,6204.4,0.1858,3,0
32.3680,0.487512,59.986200,-0.004738,0.0000,0.3406,6202.4,0.1864,3,0
32.3768,0.487592,59.986198,-0.004742,0.0000,0.3406,6203.1,0.1871,3,0
32.3862,0.487672,59.986195,-0.004746,0.0000,0.3434,6203.1,0.1878,3,0
32.3952,0.487751,59.986193,-0.004750,0.0000,0.3434,6201.5,0.1886,3,0
32.4022,0.487831,59.986190,-0.004754,0.0000,0.3424,6208.4,0.1893,3,0
32.4095,0.487911,59.986188,-0.004758,0.0000,0.3424,6211.6,0.1900,3,0
32.4181,0.487991,59.986186,-0.004762,0.0000,0.3434,6213.0,0.1906,3,0
32.4262,0.488071,59.986183,-0.004766,0.0000,0.3434,6213.7,0.1911,3,0
32.4348,0.488151,59.986181,-0.004770,0.0000,0.3434,6214.6,0.1912,3,0
32.4442,0.488231,59.986178,-0.004774,0.0000,0.3434,6213.6,0.1909,3,0
32.4518,0.488311,59.986176,-0.004778,0.0000,0.3441,6219.3,0.1904,3,0
32.4602,0.488391,59.986174,-0.004783,0.0000,0.3441,6219.6,0.1897,3,0
32.4692,0.488471,59.986172,-0.004787,0.0000,0.3476,6219.0,0.1891,3,0
32.4802,0.488552,59.986170,-0.004791,0.0000,0.3476,6210.9,0.1885,3,0
32.4898,0.488632,59.986168,-0.004795,0.0000,0.3573,6213.1,0.1879,3,0
32.4998,0.488712,59.986166,-0.004799,0.0000,0.3573,6213.7,0.1871,3,0
32.5096,0.488792,59.986164,-0.004804,0.0000,0.3725,6213.7,0.1862,3,0
32.5186,0.488872,59.986162,-0.004808,0.0000,0.3725,6219.7,0.1851,3,0
32.5277,0.488952,59.986160,-0.004812,0.0000,0.3830,6229.1,0.1842,3,0
32.5390,0.489033,59.986158,-0.004816,0.0000,0.3830,6229.5,0.1835,3,0
32.5506,0.489113,59.986156,-0.004820,0.0000,0.3982,6231.5,0.1826,3,0
32.5624,0.489193,59.986154,-0.004825,0.0000,0.3982,6234.7,0.1816,3,0
32.5747,0.489274,59.986152,-0.004829,0.0000,0.4151,6240.0,0.1803,3,0
32.5870,0.489354,59.986150,-0.004834,0.0000,0.4151,6245.0,0.1788,3,0
32.5996,0.489434,59.986148,-0.004838,0.0000,0.4346,6252.5,0.1773,3,0
32.6138,0.489515,59.986147,-0.004842,0.0000,0.4346,6255.7,0.1760,3,0
32.6282,0.489595,59.986145,-0.004847,0.0000,0.4585,6260.3,0.1743,3,0
32.6435,0.489676,59.986143,-0.004851,0.0000,0.4585,6266.0,0.1722,3,0
32.6606,0.489756,59.986141,-0.004856,0.0000,0.4814,6272.3,0.1699,3,0
32.6772,0.489837,59.986139,-0.004860,0.0000,0.4814,6277.1,0.1675,3,0
32.6937,0.489918,59.986137,-0.004864,0.0000,0.5018,6284.2,0.1652,3,0
32.7114,0.489998,59.986135,-0.004869,0.0000,0.5018,6292.2,0.1633,3,0
32.7310,0.490079,59.986134,-0.004874,0.0000,0.5205,6296.5,0.1618,3,0
32.7511,0.490160,59.986132,-0.004878,0.0000,0.5205,6302.1,0.1605,3,0
32.7720,0.490241,59.986130,-0.004883,0.0000,0.5338,6305.2,0.1595,3,0
32.7918,0.490322,59.986128,-0.004887,0.0000,0.5338,6312.3,0.1587,3,0
32.8117,0.490403,59.986127,-0.004892,0.0000,0.5495,6319.6,0.1582,3,0
32.8327,0.490484,59.986125,-0.004897,0.0000,0.5495,6325.2,0.1581,3,0
32.8555,0.490565,59.986123,-0.004901,0.0000,0.5657,6327.6,0.1585,3,0
32.8783,0.490646,59.986122,-0.004906,0.0000,0.5657,6331.4,0.1591,3,0
32.9008,0.490727,59.986120,-0.004910,0.0000,0.5789,6339.9,0.1598,3,0
32.9234,0.490808,59.986118,-0.004915,0.0000,0.5789,6346.0,0.1604,3,0
32.9471,0.490889,59.986116,-0.004920,0.0000,0.5912,6350.6,0.1608,3,0
32.9708,0.490971,59.986114,-0.004925,0.0000,0.5912,6354.9,0.1615,3,0
32.9947,0.491052,59.986112,-0.004929,0.0000,0.6009,6363.2,0.1623,3,0
33.0194,0.491133,59.986110,-0.004934,0.0000,0.6009,6368.9,0.1631,3,0
33.0453,0.491215,59.986108,-0.004939,0.0000,0.6114,6371.6,0.1639,3,0
33.0713,0.491296,59.986106,-0.004944,0.0000,0.6114,6377.4,0.1646,3,0
33.0963,0.491378,59.986104,-0.004949,0.0000,0.6184,6381.8,0.1654,3,0
33.1225,0.491460,59.986102,-0.004953,0.0000,0.6184,6386.5,0.1661,3,0
33.1480,0.491542,59.986100,-0.004958,0.0000,0.6301,6391.1,0.1669,3,0
33.1741,0.491623,59.986098,-0.004963,0.0000,0.6301,6395.4,0.1673,3,0
33.1993,0.491705,59.986097,-0.004968,0.0000,0.6408,6403.5,0.1674,3,0
33.2245,0.491787,59.986095,-0.004973,0.0000,0.6408,6415.1,0.1670,3,0
33.2477,0.491869,59.986094,-0.004978,0.0000,0.6523,6430.3,0.1659,3,0
33.2708,0.491951,59.986092,-0.004983,0.0000,0.6523,6447.8,0.1642,3,0
33.2952,0.492033,59.986090,-0.004988,0.0000,0.6635,6463.2,0.1622,3,0
33.3219,0.492116,59.986089,-0.004993,0.0000,0.6635,6471.6,0.1595,3,0
33.3487,0.492198,59.986087,-0.004998,0.0000,0.6745,6479.6,0.1561,3,0
33.3741,0.492280,59.986086,-0.005003,0.0000,0.6745,6495.6,0.1524,3,0
33.4012,0.492363,59.986084,-0.005008,0.0000,0.6842,6504.0,0.1480,3,0
33.4305,0.492445,59.986083,-0.005013,0.0000,0.6842,6503.2,0.1436,3,0
33.4584,0.492528,59.986081,-0.005018,0.0000,0.6947,6511.3,0.1392,3,0
33.4862,0.492610,59.986080,-0.005023,0.0000,0.6947,6520.2,0.1350,3,0
33.5175,0.492693,59.986078,-0.005028,0.0000,0.7037,6517.8,0.1309,3,0
33.5461,0.492776,59.986077,-0.005033,0.0000,0.7037,6529.0,0.1270,3,0
33.5747,0.492858,59.986076,-0.005038,0.0000,0.7151,6539.7,0.1234,3,0
33.6051,0.492941,59.986074,-0.005043,0.0000,0.7151,6544.7,0.1202,3,0
33.6346,0.493024,59.986073,-0.005049,0.0000,0.7241,6552.5,0.1177,3,0
33.6653,0.493107,59.986071,-0.005054,0.0000,0.7241,6560.2,0.1157,3,0
33.6966,0.493190,59.986070,-0.005059,0.0000,0.7331,6566.5,0.1144,3,0
33.7281,0.493274,59.986068,-0.005064,0.0000,0.7331,6573.9,0.1135,3,0
33.7595,0.493357,59.986067,-0.005069,0.0000,0.7411,6579.8,0.1131,3,0
33.7928,0.493440,59.986065,-0.005075,0.0000,0.7411,6581.7,0.1130,3,0
33.8262,0.493524,59.986063,-0.005080,0.0000,0.7488,6580.6,0.1137,3,0
33.8574,0.493607,59.986061,-0.005085,0.0000,0.7488,6588.3,0.1148,3,0
33.8908,0.493691,59.986060,-0.005091,0.0000,0.7535,6588.6,0.1162,3,0
33.9234,0.493774,59.986058,-0.005096,0.0000,0.7535,6594.0,0.1177,3,0
33.9556,0.493858,59.986056,-0.005101,0.0000,0.7563,6600.6,0.1193,3,0
33.9872,0.493942,59.986055,-0.005106,0.0000,0.7563,6607.2,0.1208,3,0
34.0184,0.494026,59.986053,-0.005112,0.0000,0.7563,6615.1,0.1223,3,0
34.0495,0.494110,59.986052,-0.005117,0.0000,0.7563,6621.8,0.1237,3,0
34.0837,0.494194,59.986050,-0.005123,0.0000,0.7588,6620.3,0.1249,3,0
34.1170,0.494278,59.986049,-0.005128,0.0000,0.7588,6619.6,0.1258,3,0
34.1490,0.494362,59.986048,-0.005134,0.0000,0.7623,6624.1,0.1265,3,0
34.1791,0.494447,59.986047,-0.005139,0.0000,0.7623,6636.6,0.1271,3,0
34.2110,0.494531,59.986045,-0.005144,0.0000,0.7658,6640.6,0.1277,3,0
34.2441,0.494615,59.986044,-0.005150,0.0000,0.7658,6646.5,0.1282,3,0
34.2760,0.494700,59.986043,-0.005155,0.0000,0.7705,6650.4,0.1288,3,0
34.3083,0.494785,59.986041,-0.005161,0.0000,0.7705,6654.3,0.1292,3,0
34.3400,0.494869,59.986040,-0.005166,0.0000,0.7722,6664.8,0.1295,3,0
34.3719,0.494954,59.986039,-0.005172,0.0000,0.7722,6668.5,0.1297,3,0
34.4035,0.495039,59.986037,-0.005178,0.0000,0.7740,6675.8,0.1299,3,0
34.4333,0.495124,59.986036,-0.005183,0.0000,0.7740,6690.5,0.1301,3,0
34.4651,0.495209,59.986035,-0.005189,0.0000,0.7792,6694.5,0.1302,3,0
34.4979,0.495294,59.986034,-0.005194,0.0000,0.7792,6699.3,0.1301,3,0
34.5288,0.495379,59.986032,-0.005200,0.0000,0.7875,6708.5,0.1297,3,0
34.5616,0.495464,59.986031,-0.005206,0.0000,0.7875,6714.4,0.1292,3,0
34.5933,0.495550,59.986030,-0.005211,0.0000,0.7982,6720.1,0.1286,3,0
34.6240,0.495635,59.986028,-0.005217,0.0000,0.7982,6732.3,0.1280,3,0
34.6585,0.495721,59.986027,-0.005222,0.0000,0.8079,6735.4,0.1271,3,0
34.6906,0.495806,59.986025,-0.005228,0.0000,0.8079,6746.8,0.1263,3,0
34.7233,0.495892,59.986024,-0.005234,0.0000,0.8189,6760.4,0.1253,3,0
34.7553,0.495978,59.986022,-0.005240,0.0000,0.8189,6770.9,0.1247,3,0
34.7895,0.496063,59.986020,-0.005245,0.0000,0.8306,6777.6,0.1242,3,0
34.8232,0.496149,59.986019,-0.005251,0.0000,0.8306,6787.1,0.1240,3,0
34.8597,0.496235,59.986017,-0.005257,0.0000,0.8403,6788.2,0.1240,3,0
34.8941,0.496321,59.986015,-0.005263,0.0000,0.8403,6800.4,0.1241,3,0
34.9283,0.496407,59.986013,-0.005268,0.0000,0.8521,6811.6,0.1243,3,0
34.9647,0.496494,59.986012,-0.005274,0.0000,0.8521,6816.4,0.1248,3,0
35.0010,0.496580,59.986010,-0.005280,0.0000,0.8603,6823.1,0.1256,3,0
35.0350,0.496666,59.986009,-0.005286,0.0000,0.8603,6837.1,0.1263,3,0
35.0732,0.496753,59.986008,-0.005292,0.0000,0.8655,6835.3,0.1270,3,0
35.1102,0.496839,59.986007,-0.005298,0.0000,0.8655,6841.0,0.1275,3,0
35.1468,0.496926,59.986006,-0.005303,0.0000,0.8673,6844.0,0.1278,3,0
35.1831,0.497013,59.986005,-0.005309,0.0000,0.8673,6848.4,0.1280,3,0
35.2188,0.497100,59.986004,-0.005315,0.0000,0.8690,6856.8,0.1279,3,0
35.2528,0.497187,59.986003,-0.005321,0.0000,0.8690,6872.6,0.1273,3,0
35.2891,0.497274,59.986002,-0.005327,0.0000,0.8690,6877.6,0.1263,3,0
35.3261,0.497361,59.986001,-0.005333,0.0000,0.8690,6880.6,0.1247,3,0
35.3604,0.497448,59.986000,-0.005339,0.0000,0.8690,6893.5,0.1226,3,0
35.3968,0.497535,59.985999,-0.005345,0.0000,0.8690,6897.2,0.1203,3,0
35.4312,0.497623,59.985998,-0.005351,0.0000,0.8690,6909.5,0.1177,3,0
35.4656,0.497710,59.985998,-0.005357,0.0000,0.8690,6922.4,0.1149,3,0
35.5017,0.497798,59.985997,-0.005363,0.0000,0.8710,6929.1,0.1120,3,0
35.5368,0.497886,59.985996,-0.005369,0.0000,0.8710,6937.3,0.1092,3,0
35.5718,0.497973,59.985995,-0.005375,0.0000,0.8765,6946.3,0.1063,3,0
35.6074,0.498061,59.985994,-0.005381,0.0000,0.8765,6954.8,0.1036,3,0
35.6418,0.498149,59.985994,-0.005387,0.0000,0.8855,6968.2,0.1011,3,0
35.6770,0.498237,59.985993,-0.005393,0.0000,0.8855,6978.7,0.0986,3,0
35.7136,0.498325,59.985992,-0.005399,0.0000,0.8972,6983.3,0.0960,3,0
35.7494,0.498413,59.985991,-0.005405,0.0000,0.8972,6994.5,0.0936,3,0
35.7858,0.498502,59.985990,-0.005411,0.0000,0.9109,7004.2,0.0914,3,0
35.8221,0.498590,59.985988,-0.005417,0.0000,0.9109,7014.9,0.0893,3,0
35.8571,0.498678,59.985987,-0.005424,0.0000,0.9264,7028.9,0.0875,3,0
35.8937,0.498767,59.985986,-0.005430,0.0000,0.9264,7041.9,0.0859,3,0
35.9323,0.498856,59.985985,-0.005436,0.0000,0.6854,7047.4,0.0847,3,0
35.9686,0.498944,59.985984,-0.005442,0.0000,0.6854,7041.7,0.0838,3,0
35.9995,0.499033,59.985982,-0.005448,0.0000,0.9523,7032.8,0.0834,3,0
36.0307,0.499122,59.985981,-0.005454,0.0000,0.9523,7068.3,0.0834,3,0
36.0640,0.499211,59.985980,-0.005461,0.0000,0.9671,7061.2,0.0838,3,0
36.0949,0.499300,59.985979,-0.005467,0.0000,0.9671,7065.1,0.0845,3,0
36.1276,0.499389,59.985979,-0.005473,0.0000,0.9795,7080.9,0.0854,3,0
36.1585,0.499478,59.985978,-0.005479,0.0000,0.9795,7076.6,0.0865,3,0
36.1887,0.499567,59.985977,-0.005486,0.0000,0.9892,7096.6,0.0876,3,0
36.2184,0.499657,59.985976,-0.005492,0.0000,0.9892,7099.3,0.0889,3,0
36.2484,0.499746,59.985976,-0.005498,0.0000,0.9992,7109.8,0.0899,3,0
36.2799,0.499836,59.985975,-0.005504,0.0000,0.9992,7114.9,0.0908,3,0
36.3118,0.499925,59.985974,-0.005511,0.0000,1.0000,7121.9,0.0914,3,0
36.3402,0.500015,59.985974,-0.005517,0.0000,1.0000,7125.8,0.0917,3,0
36.3685,0.500105,59.985973,-0.005523,0.0000,0.7314,7127.5,0.0917,3,0
36.3960,0.500194,59.985972,-0.005530,0.0000,0.7314,7135.3,0.0913,3,0
36.4220,0.500284,59.985972,-0.005536,0.0000,1.0000,7143.5,0.0902,3,0
36.4495,0.500374,59.985971,-0.005542,0.0000,1.0000,7155.9,0.0885,3,0
36.4756,0.500464,59.985970,-0.005549,0.0000,0.7314,7147.9,0.0862,3,0
36.5023,0.500554,59.985969,-0.005555,0.0000,0.7314,7157.5,0.0833,3,0
36.5271,0.500644,59.985969,-0.005561,0.0000,0.7314,7174.0,0.0801,3,0
36.5514,0.500734,59.985968,-0.005568,0.0000,0.7314,7174.8,0.0764,3,0
36.5769,0.500825,59.985967,-0.005574,0.0000,0.7314,7174.1,0.0725,3,0
36.6020,0.500915,59.985967,-0.005581,0.0000,0.7314,7190.6,0.0684,3,0
36.6258,0.501005,59.985966,-0.005587,0.0000,0.7314,7192.0,0.0643,3,0
36.6489,0.501096,59.985965,-0.005593,0.0000,0.7314,7196.8,0.0601,3,0
36.6718,0.501186,59.985965,-0.005600,0.0000,0.7314,7202.7,0.0561,3,0
36.6948,0.501276,59.985964,-0.005606,0.0000,0.7314,7209.1,0.0519,3,0
36.7181,0.501367,59.985964,-0.005613,0.0000,0.7314,7214.2,0.0477,3,0
36.7411,0.501458,59.985963,-0.005619,0.0000,0.7314,7219.6,0.0432,3,0
36.7634,0.501548,59.985962,-0.005626,0.0000,0.7314,7226.8,0.0387,3,0
36.7856,0.501639,59.985962,-0.005632,0.0000,0.7314,7232.9,0.0341,3,0
36.8078,0.501730,59.985961,-0.005639,0.0000,0.7314,7240.7,0.0292,3,0
36.8311,0.501821,59.985961,-0.005645,0.0000,0.7314,7243.5,0.0239,3,0
36.8551,0.501912,59.985960,-0.005651,0.0000,0.7314,7245.3,0.0183,3,0
36.8790,0.502003,59.985959,-0.005658,0.0000,0.7314,7249.0,0.0123,3,0
36.9026,0.502094,59.985959,-0.005665,0.0000,0.7314,7253.0,0.0059,3,0
36.9242,0.502185,59.985958,-0.005671,0.0000,0.7314,7262.8,-0.0006,3,0
36.9500,0.502276,59.985958,-0.005678,0.0000,0.7314,7264.2,-0.0077,3,0
36.9756,0.502367,59.985957,-0.005684,0.0000,0.7314,7262.3,-0.0147,3,0
37.0009,0.502458,59.985956,-0.005691,0.0000,0.7314,7264.3,-0.0219,3,0
37.0241,0.502550,59.985956,-0.005697,0.0000,0.7314,7269.2,-0.0291,3,0
37.0473,0.502641,59.985955,-0.005704,0.0000,0.7314,7274.0,-0.0361,3,0
37.0721,0.502732,59.985955,-0.005710,0.0000,0.7314,7277.8,-0.0428,3,0
37.0973,0.502824,59.985954,-0.005717,0.0000,0.7314,7278.0,-0.0491,3,0
37.1234,0.502915,59.985953,-0.005724,0.0000,0.7314,7273.1,-0.0550,3,0
37.1510,0.503007,59.985953,-0.005730,0.0000,0.7314,7278.7,-0.0603,3,0
37.1807,0.503099,59.985952,-0.005737,0.0000,0.7314,7280.7,-0.0651,3,0
37.2083,0.503191,59.985951,-0.005743,0.0000,0.7314,7301.0,-0.0691,3,0
37.2389,0.503282,59.985951,-0.005750,0.0000,0.7314,7280.7,-0.0725,3,0
37.2710,0.503374,59.985950,-0.005757,0.0000,0.7314,7318.1,-0.0753,3,0
37.3062,0.503466,59.985949,-0.005763,0.0000,0.7314,7277.3,-0.0777,3,0
37.3399,0.503558,59.985948,-0.005770,0.0000,1.0000,7306.6,-0.0794,3,0
37.3769,0.503651,59.985948,-0.005777,0.0000,1.0000,7321.1,-0.0806,3,0
37.4136,0.503743,59.985947,-0.005783,0.0000,1.0000,7337.4,-0.0814,3,0
37.4543,0.503835,59.985947,-0.005790,0.0000,1.0000,7338.0,-0.0820,3,0
37.4981,0.503928,59.985946,-0.005797,0.0000,1.0000,7324.9,-0.0821,3,0
37.5408,0.504020,59.985946,-0.005803,0.0000,1.0000,7313.6,-0.0821,3,0
37.5834,0.504113,59.985945,-0.005810,0.0000,1.0000,7302.3,-0.0816,3,0
37.6266,0.504206,59.985945,-0.005817,0.0000,1.0000,7292.4,-0.0804,3,0
37.6705,0.504299,59.985945,-0.005823,0.0000,1.0000,7279.0,-0.0786,3,0
37.7156,0.504392,59.985944,-0.005830,0.0000,1.0000,7259.6,-0.0759,3,0
37.7602,0.504485,59.985944,-0.005837,0.0000,1.0000,7242.7,-0.0722,3,0
37.8039,0.504578,59.985943,-0.005844,0.0000,1.0000,7231.5,-0.0676,3,0
37.8475,0.504672,59.985943,-0.005850,0.0000,1.0000,7221.2,-0.0620,3,0
37.8903,0.504765,59.985943,-0.005857,0.0000,1.0000,7215.2,-0.0558,3,0
37.9335,0.504859,59.985942,-0.005864,0.0000,1.0000,7209.9,-0.0488,3,0
37.9761,0.504952,59.985942,-0.005871,0.0000,1.0000,7207.2,-0.0413,3,0
38.0164,0.505046,59.985942,-0.005877,0.0000,1.0000,7213.6,-0.0334,3,0
38.0558,0.505140,59.985941,-0.005884,0.0000,1.0000,7225.5,-0.0254,3,0
38.0938,0.505234,59.985941,-0.005891,0.0000,1.0000,7244.4,-0.0173,3,0
38.1317,0.505328,59.985941,-0.005898,0.0000,1.0000,7264.1,-0.0097,3,0
38.1701,0.505422,59.985941,-0.005905,0.0000,1.0000,7280.8,-0.0027,3,0
38.2099,0.505516,59.985940,-0.005911,0.0000,1.0000,7290.0,0.0037,3,0
38.2487,0.505611,59.985940,-0.005918,0.0000,1.0000,7303.4,0.0094,3,0
38.2886,0.505705,59.985940,-0.005925,0.0000,1.0000,7311.4,0.0143,3,0
38.3288,0.505800,59.985939,-0.005932,0.0000,1.0000,7319.3,0.0185,3,0
38.3705,0.505894,59.985938,-0.005939,0.0000,1.0000,7319.4,0.0221,3,0
38.4122,0.505989,59.985938,-0.005946,0.0000,1.0000,7319.3,0.0250,3,0
38.4521,0.506084,59.985937,-0.005952,0.0000,1.0000,7324.1,0.0271,3,0
38.4920,0.506179,59.985937,-0.005959,0.0000,1.0000,7329.9,0.0286,3,0
38.5337,0.506274,59.985937,-0.005966,0.0000,1.0000,7330.3,0.0297,3,0
38.5751,0.506369,59.985936,-0.005973,0.0000,1.0000,7332.6,0.0302,3,0
38.6147,0.506464,59.985935,-0.005980,0.0000,1.0000,7341.0,0.0303,3,0
38.6543,0.506560,59.985935,-0.005987,0.0000,1.0000,7348.5,0.0302,3,0
38.6919,0.506655,59.985935,-0.005994,0.0000,1.0000,7363.6,0.0298,3,0
38.7301,0.506750,59.985935,-0.006001,0.0000,1.0000,7377.1,0.0294,3,0
38.7686,0.506846,59.985935,-0.006008,0.0000,1.0000,7390.1,0.0291,3,0
38.8071,0.506942,59.985935,-0.006014,0.0000,1.0000,7402.8,0.0287,3,0
38.8471,0.507038,59.985935,-0.006021,0.0000,1.0000,7408.6,0.0284,3,0
38.8854,0.507134,59.985935,-0.006028,0.0137,1.0000,7420.9,0.0282,3,0
38.9234,0.507230,59.985935,-0.006035,0.0137,1.0000,7425.8,0.0280,3,0
38.9593,0.507326,59.985935,-0.006042,0.0513,0.9127,7420.0,0.0279,3,0
38.9900,0.507422,59.985935,-0.006049,0.0513,0.9127,7416.6,0.0279,3,0
39.0147,0.507518,59.985935,-0.006056,0.0986,0.7465,7399.5,0.0278,3,0
39.0308,0.507614,59.985934,-0.006063,0.0986,0.7465,7382.8,0.0277,3,0
39.0391,0.507711,59.985934,-0.006070,0.1556,0.5475,7347.0,0.0276,3,0
39.0434,0.507807,59.985934,-0.006077,0.1556,0.5475,7275.0,0.0275,3,0
39.0342,0.507903,59.985933,-0.006084,0.1914,0.4097,7216.5,0.0273,3,0
39.0082,0.507999,59.985933,-0.006091,0.1914,0.4097,7191.0,0.0270,3,0
38.9713,0.508096,59.985932,-0.006098,0.2449,0.2601,7168.0,0.0268,3,0
38.9241,0.508192,59.985931,-0.006105,0.2449,0.2601,7146.2,0.0264,3,0
38.8667,0.508287,59.985931,-0.006112,0.3042,0.1448,7119.9,0.0260,3,0
38.7989,0.508383,59.985931,-0.006119,0.3042,0.1448,7096.2,0.0257,3,0
38.7235,0.508479,59.985930,-0.006126,0.3492,0.0617,7071.9,0.0252,3,0
38.6428,0.508574,59.985930,-0.006133,0.3492,0.0617,7042.7,0.0247,3,0
38.5530,0.508669,59.985930,-0.006139,0.3993,0.0053,7021.5,0.0243,3,0
38.4582,0.508764,59.985929,-0.006146,0.3993,0.0053,6999.0,0.0240,3,0
38.3592,0.508858,59.985929,-0.006153,0.4238,0.0000,6974.1,0.0238,3,0
38.2582,0.508953,59.985929,-0.006160,0.4238,0.0000,6951.7,0.0237,3,0
38.1533,0.509047,59.985929,-0.006167,0.4563,0.0000,6930.4,0.0235,3,0
38.0454,0.509141,59.985929,-0.006174,0.4563,0.0000,6903.1,0.0232,3,0
37.9337,0.509234,59.985928,-0.006181,0.4973,0.0000,6874.0,0.0230,3,0
37.8156,0.509328,59.985928,-0.006187,0.4973,0.0000,6853.1,0.0228,3,0
37.6954,0.509421,59.985928,-0.006194,0.5257,0.0000,6829.4,0.0228,3,0
37.5744,0.509513,59.985928,-0.006201,0.5257,0.0000,6797.1,0.0228,3,0
37.4505,0.509606,59.985927,-0.006208,0.5609,0.0000,6763.6,0.0229,3,0
37.3200,0.509698,59.985927,-0.006214,0.5609,0.0000,6737.1,0.0233,3,0
37.1873,0.509789,59.985926,-0.006221,0.5797,0.0000,6709.0,0.0237,3,0
37.0531,0.509881,59.985926,-0.006228,0.5797,0.0000,6681.3,0.0244,3,0
36.9184,0.509972,59.985926,-0.006234,0.6011,0.0000,6647.8,0.0251,3,0
36.7838,0.510063,59.985925,-0.006241,0.6011,0.0000,6614.2,0.0256,3,0
36.6425,0.510153,59.985925,-0.006248,0.6185,0.0000,6581.4,0.0262,3,0
36.5004,0.510243,59.985924,-0.006254,0.6185,0.0000,6551.0,0.0267,3,0
36.3585,0.510333,59.985924,-0.006261,0.6215,0.0000,6518.6,0.0270,3,0
36.2182,0.510422,59.985924,-0.006267,0.6215,0.0000,6474.5,0.0276,3,0
36.0784,0.510511,59.985923,-0.006274,0.6417,0.0000,6451.3,0.0279,3,0
35.9362,0.510600,59.985923,-0.006280,0.6417,0.0000,6444.4,0.0277,3,0
35.7909,0.510688,59.985922,-0.006287,0.6454,0.0000,6415.9,0.0275,3,0
35.6456,0.510776,59.985922,-0.006293,0.6454,0.0000,6380.4,0.0271,3,0
35.5050,0.510863,59.985922,-0.006299,0.6481,0.0000,6327.8,0.0268,3,0
35.3650,0.510951,59.985921,-0.006306,0.6481,0.0000,6348.6,0.0264,3,0
35.2249,0.511038,59.985921,-0.006312,0.6549,0.0000,6337.8,0.0264,3,0
35.0846,0.511124,59.985920,-0.006319,0.6549,0.0000,6300.7,0.0266,3,0
34.9416,0.511210,59.985920,-0.006325,0.6510,0.0000,6253.9,0.0261,3,0
34.7994,0.511296,59.985920,-0.006331,0.6510,0.0000,6199.4,0.0258,3,0
34.6601,0.511382,59.985920,-0.006337,0.6607,0.0000,6216.1,0.0255,3,0
34.5200,0.511467,59.985920,-0.006343,0.6607,0.0000,6210.0,0.0253,3,0
34.3759,0.511551,59.985920,-0.006350,0.6620,0.0000,6168.8,0.0259,3,0
34.2325,0.511636,59.985920,-0.006356,0.6620,0.0000,6123.8,0.0256,3,0
34.0914,0.511720,59.985920,-0.006362,0.6586,0.9394,6086.7,0.0250,3,0
33.9451,0.511804,59.985920,-0.006368,0.6586,0.9394,6361.3,0.0245,3,0
33.8007,0.511887,59.985920,-0.006374,0.6520,0.8306,6918.8,0.0237,3,0
33.6558,0.511970,59.985920,-0.006380,0.6520,0.8306,7444.3,0.0230,3,0
33.5119,0.512053,59.985920,-0.006387,0.6427,0.2073,7401.9,0.0228,3,0
33.3687,0.512135,59.985920,-0.006393,0.6427,0.2073,7410.4,0.0217,2,0
33.2277,0.512217,59.985920,-0.006398,0.6457,0.0000,7372.3,0.0206,2,0
33.0838,0.512299,59.985920,-0.006404,0.6457,0.0000,7331.7,0.0196,2,0
32.9399,0.512380,59.985920,-0.006410,0.6403,0.0000,7288.5,0.0187,2,0
32.7993,0.512461,59.985920,-0.006416,0.6403,0.0000,7244.5,0.0179,2,0
32.6614,0.512541,59.985920,-0.006422,0.6354,0.0000,7191.0,0.0178,2,0
32.5214,0.512622,59.985920,-0.006428,0.6354,0.0000,7187.2,0.0182,2,0
32.3817,0.512701,59.985920,-0.006434,0.6295,0.0000,7171.6,0.0179,2,0
32.2431,0.512781,59.985920,-0.006440,0.6295,0.0000,7141.7,0.0180,2,0
32.1055,0.512860,59.985920,-0.006446,0.6215,0.0000,7100.0,0.0182,2,0
31.9682,0.512939,59.985920,-0.006451,0.6215,0.0000,7055.4,0.0192,2,0
31.8322,0.513017,59.985919,-0.006457,0.6034,0.0000,7013.3,0.0196,2,0
31.6971,0.513096,59.985919,-0.006463,0.6034,0.0000,6967.3,0.0200,2,0
31.5605,0.513174,59.985918,-0.006468,0.5909,0.0000,6964.3,0.0204,2,0
31.4257,0.513251,59.985918,-0.006474,0.5909,0.0000,6942.3,0.0206,2,0
31.2909,0.513328,59.985918,-0.006480,0.5807,0.0000,6903.9,0.0206,2,0
31.1575,0.513405,59.985917,-0.006485,0.5807,0.0000,6855.1,0.0203,2,0
31.0283,0.513482,59.985917,-0.006491,0.5782,0.0000,6824.7,0.0198,2,0
30.8981,0.513558,59.985916,-0.006497,0.5782,0.0000,6806.8,0.0188,2,0
30.7657,0.513634,59.985916,-0.006502,0.5721,0.0000,6777.2,0.0179,2,0
30.6353,0.513709,59.985916,-0.006508,0.5721,0.0000,6739.5,0.0167,2,0
30.5075,0.513784,59.985916,-0.006513,0.5641,0.0000,6721.2,0.0155,2,0
30.3753,0.513859,59.985916,-0.006519,0.5641,0.0000,6720.2,0.0143,2,0
30.2435,0.513934,59.985916,-0.006524,0.5582,0.0000,6700.2,0.0133,2,0
30.1148,0.514008,59.985916,-0.006529,0.5582,0.0000,6667.9,0.0123,2,0
29.9862,0.514082,59.985916,-0.006535,0.5499,0.0000,6639.7,0.0116,2,0
29.8570,0.514156,59.985916,-0.006540,0.5499,0.0000,6616.4,0.0111,2,0
29.7286,0.514229,59.985916,-0.006546,0.5445,0.0000,6594.0,0.0108,2,0
29.6017,0.514302,59.985916,-0.006551,0.5445,0.0000,6571.4,0.0108,2,0
29.4747,0.514375,59.985916,-0.006557,0.5371,0.0000,6546.5,0.0109,2,0
29.3478,0.514447,59.985916,-0.006562,0.5371,0.0000,6521.9,0.0112,2,0
29.2221,0.514519,59.985916,-0.006567,0.5301,0.0000,6498.6,0.0116,2,0
29.0984,0.514591,59.985916,-0.006572,0.5301,0.0000,6474.8,0.0121,2,0
28.9745,0.514663,59.985916,-0.006577,0.5123,0.0000,6452.4,0.0126,2,0
28.8523,0.514734,59.985916,-0.006583,0.5123,0.0000,6429.9,0.0132,2,0
28.7335,0.514805,59.985916,-0.006588,0.5035,0.0000,6406.9,0.0138,2,0
28.6141,0.514875,59.985916,-0.006593,0.5035,0.0000,6384.4,0.0143,2,0
28.4961,0.514946,59.985916,-0.006598,0.5003,0.0000,6361.1,0.0148,2,0
28.3778,0.515016,59.985916,-0.006603,0.5003,0.0000,6336.4,0.0154,2,0
28.2616,0.515085,59.985916,-0.006609,0.4946,0.0000,6308.8,0.0161,2,0
28.1456,0.515155,59.985916,-0.006614,0.4946,0.0000,6282.7,0.0168,2,0
28.0309,0.515224,59.985915,-0.006619,0.4929,0.0000,6254.8,0.0176,2,0
27.9159,0.515293,59.985915,-0.006624,0.4929,0.0000,6229.5,0.0183,2,0
27.8020,0.515361,59.985914,-0.006629,0.4817,0.0000,6206.4,0.0192,2,0
27.6887,0.515429,59.985914,-0.006634,0.4817,0.0000,6181.0,0.0201,2,0
27.5758,0.515498,59.985914,-0.006639,0.4707,0.0000,6156.0,0.0211,2,0
27.4650,0.515565,59.985913,-0.006644,0.4707,0.0000,6129.9,0.0220,2,0
27.3560,0.515633,59.985913,-0.006649,0.4622,0.0000,6101.8,0.0231,2,0
27.2475,0.515700,59.985912,-0.006654,0.4622,0.0000,6076.9,0.0243,2,0
27.1395,0.515767,59.985912,-0.006659,0.4534,0.0000,6053.1,0.0256,2,0
27.0325,0.515834,59.985912,-0.006663,0.4534,0.0000,6030.3,0.0271,2,0
26.9282,0.515900,59.985912,-0.006668,0.4466,0.9826,6591.5,0.0286,2,0
26.8248,0.515966,59.985912,-0.006673,0.4466,0.9826,7142.7,0.0299,2,0
26.7212,0.516032,59.985912,-0.006678,0.4448,0.0834,7684.3,0.0313,2,0
26.6178,0.516098,59.985912,-0.006683,0.4448,0.0834,7672.4,0.0326,2,0
26.5172,0.516163,59.985912,-0.006687,0.4302,0.0000,7635.6,0.0339,1,0
26.4161,0.516228,59.985912,-0.006692,0.4302,0.0000,7600.6,0.0352,1,0
26.3146,0.516293,59.985912,-0.006697,0.4211,0.0000,7573.2,0.0366,1,0
26.2140,0.516358,59.985912,-0.006702,0.4211,0.0000,7545.2,0.0381,1,0
26.1147,0.516422,59.985912,-0.006707,0.3999,0.0000,7522.0,0.0396,1,0
26.0173,0.516486,59.985912,-0.006711,0.3999,0.0000,7498.6,0.0414,1,0
25.9225,0.516550,59.985912,-0.006716,0.3830,0.0000,7474.9,0.0435,1,0
25.8288,0.516614,59.985912,-0.006720,0.3830,0.0000,7450.6,0.0460,1,0
25.7373,0.516678,59.985912,-0.006725,0.3675,0.0000,7425.7,0.0486,1,0
25.6471,0.516741,59.985912,-0.006730,0.3675,0.0000,7399.0,0.0518,1,0
25.5589,0.516804,59.985912,-0.006734,0.3608,0.0000,7374.1,0.0553,1,0
25.4709,0.516867,59.985912,-0.006739,0.3608,0.0000,7350.0,0.0590,1,0
25.3839,0.516929,59.985912,-0.006744,0.3526,0.0000,7326.9,0.0628,1,0
25.2970,0.516992,59.985912,-0.006748,0.3526,0.0000,7303.9,0.0666,1,0
25.2116,0.517054,59.985912,-0.006753,0.3345,0.0000,7280.4,0.0705,1,0
25.1282,0.517116,59.985912,-0.006757,0.3345,0.0000,7259.0,0.0745,1,0
25.0476,0.517178,59.985912,-0.006762,0.3191,0.0000,7236.9,0.0786,1,0
24.9681,0.517239,59.985912,-0.006766,0.3191,0.0000,7214.7,0.0828,1,0
24.8904,0.517301,59.985912,-0.006771,0.2934,0.0000,7191.9,0.0874,1,0
24.8149,0.517362,59.985912,-0.006775,0.2934,0.0000,7172.1,0.0919,1,0
24.7422,0.517423,59.985912,-0.006780,0.2768,0.0000,7153.1,0.0963,1,0
24.6708,0.517484,59.985912,-0.006784,0.2768,0.0000,7135.7,0.1005,1,0
24.6006,0.517544,59.985912,-0.006789,0.2685,0.0000,7115.9,0.1043,1,0
24.5308,0.517605,59.985912,-0.006793,0.2685,0.0000,7095.7,0.1079,1,0
24.4616,0.517665,59.985912,-0.006798,0.2469,0.0000,7079.5,0.1114,1,0
24.3956,0.517725,59.985912,-0.006802,0.2469,0.0000,7062.3,0.1148,1,0
24.3320,0.517785,59.985912,-0.006806,0.2388,0.0000,7041.9,0.1183,1,0
24.2687,0.517845,59.985912,-0.006811,0.2388,0.0000,7021.8,0.1218,1,0
24.2059,0.517905,59.985912,-0.006815,0.2249,0.0000,7004.4,0.1252,1,0
24.1439,0.517964,59.985912,-0.006819,0.2249,0.0000,6989.4,0.1283,1,0
24.0836,0.518024,59.985912,-0.006824,0.2148,0.0000,6974.4,0.1309,1,0
24.0237,0.518083,59.985912,-0.006828,0.2148,0.0000,6960.6,0.1333,1,0
23.9655,0.518142,59.985912,-0.006832,0.2041,0.0000,6943.8,0.1352,1,0
23.9067,0.518201,59.985912,-0.006837,0.2041,0.0000,6932.1,0.1368,1,0
23.8499,0.518260,59.985912,-0.006841,0.1875,0.0000,6922.4,0.1383,1,0
23.7965,0.518319,59.985912,-0.006845,0.1875,0.0000,6908.6,0.1398,1,0
23.7449,0.518377,59.985913,-0.006850,0.1790,0.0000,6892.9,0.1414,1,0
23.6935,0.518436,59.985913,-0.006854,0.1790,0.0000,6878.7,0.1430,1,0
23.6420,0.518494,59.985914,-0.006858,0.1644,0.0000,6868.2,0.1444,1,0
23.5911,0.518552,59.985914,-0.006862,0.1644,0.0000,6859.9,0.1456,1,0
23.5424,0.518610,59.985914,-0.006867,0.1546,0.0000,6848.7,0.1466,1,0
23.4949,0.518668,59.985915,-0.006871,0.1546,0.0000,6836.7,0.1474,1,0
23.4471,0.518726,59.985915,-0.006875,0.1499,0.0000,6827.7,0.1482,1,0
23.3999,0.518784,59.985916,-0.006879,0.1499,0.0000,6819.2,0.1490,1,0
23.3545,0.518841,59.985916,-0.006884,0.1348,0.0000,6809.0,0.1501,1,0
23.3125,0.518899,59.985916,-0.006888,0.1348,0.0000,6795.5,0.1515,1,0
23.2713,0.518956,59.985916,-0.006892,0.1313,0.0000,6782.2,0.1532,1,0
23.2292,0.519014,59.985916,-0.006896,0.1313,0.0000,6773.0,0.1550,1,0
23.1872,0.519071,59.985916,-0.006900,0.1238,0.0000,6763.3,0.1570,1,0
23.1460,0.519128,59.985916,-0.006904,0.1238,0.0000,6752.9,0.1591,1,0
23.1060,0.519185,59.985916,-0.006908,0.1160,0.0000,6742.8,0.1614,1,0
23.0663,0.519242,59.985916,-0.006913,0.1160,0.0000,6735.0,0.1638,1,0
23.0261,0.519299,59.985916,-0.006917,0.1233,0.0000,6728.5,0.1662,1,0
22.9863,0.519355,59.985916,-0.006921,0.1233,0.0000,6715.6,0.1688,1,0
22.9476,0.519412,59.985916,-0.006925,0.1187,0.0000,6699.7,0.1715,1,0
22.9093,0.519468,59.985916,-0.006929,0.1187,0.0000,6683.9,0.1742,1,0
22.8701,0.519525,59.985917,-0.006933,0.1233,0.0000,6672.3,0.1767,1,0
22.8303,0.519581,59.985917,-0.006937,0.1233,0.0000,6661.1,0.1790,1,0
22.7905,0.519637,59.985918,-0.006941,0.1120,0.0000,6648.9,0.1812,1,0
22.7512,0.519693,59.985918,-0.006945,0.1120,0.0000,6637.9,0.1832,1,0
22.7128,0.519749,59.985918,-0.006949,0.1042,0.0000,6629.2,0.1850,1,0
22.6747,0.519805,59.985919,-0.006953,0.1042,0.0000,6621.7,0.1866,1,0
22.6382,0.519861,59.985919,-0.006957,0.1028,0.0000,6611.0,0.1881,1,0
22.6027,0.519917,59.985920,-0.006962,0.1028,0.0000,6598.6,0.1899,1,0
22.5682,0.519973,59.985920,-0.006966,0.0920,0.0000,6584.2,0.1915,1,0
22.5341,0.520028,59.985920,-0.006970,0.0920,0.0000,6574.2,0.1931,1,0
22.4999,0.520084,59.985921,-0.006974,0.0916,0.0000,6565.9,0.1946,1,0
22.4669,0.520139,59.985921,-0.006977,0.0916,0.0000,6554.8,0.1962,1,0
22.4333,0.520194,59.985922,-0.006981,0.0842,0.0000,6546.2,0.1979,1,0
22.3999,0.520250,59.985922,-0.006985,0.0842,0.0000,6538.3,0.1995,1,0
22.3667,0.520305,59.985922,-0.006989,0.0801,0.0000,6532.1,0.2012,1,0
22.3343,0.520360,59.985923,-0.006993,0.0801,0.0000,6527.0,0.2033,1,0
22.3033,0.520415,59.985923,-0.006997,0.0784,0.0000,6518.5,0.2059,1,0
22.2731,0.520470,59.985924,-0.007001,0.0784,0.0000,6507.3,0.2088,1,0
22.2426,0.520525,59.985924,-0.007005,0.0789,0.0000,6493.3,0.2119,1,0
22.2117,0.520580,59.985924,-0.007009,0.0789,0.0000,6483.3,0.2150,1,0
22.1808,0.520634,59.985925,-0.007013,0.0796,0.0000,6474.7,0.2184,1,0
22.1495,0.520689,59.985925,-0.007017,0.0796,0.0000,6465.5,0.2217,1,0
22.1181,0.520743,59.985926,-0.007021,0.0769,0.0000,6455.7,0.2250,1,0
22.0864,0.520798,59.985926,-0.007025,0.0769,0.0000,6447.9,0.2283,1,0
22.0548,0.520852,59.985926,-0.007028,0.0830,0.0000,6443.7,0.2316,1,0
22.0230,0.520907,59.985927,-0.007032,0.0830,0.0000,6435.9,0.2352,1,0
21.9918,0.520961,59.985927,-0.007036,0.0769,0.0000,6424.7,0.2388,1,0
21.9618,0.521015,59.985928,-0.007040,0.0769,0.0000,6411.8,0.2425,1,0
21.9316,0.521069,59.985928,-0.007044,0.0852,0.0000,6399.2,0.2460,1,0
21.9004,0.521123,59.985928,-0.007048,0.0852,0.0000,6389.0,0.2493,1,0
21.8681,0.521177,59.985928,-0.007051,0.0784,0.0000,6380.3,0.2523,1,0
21.8364,0.521231,59.985929,-0.007055,0.0784,0.0000,6371.9,0.2550,1,0
21.8052,0.521285,59.985929,-0.007059,0.0820,0.0000,6360.9,0.2574,1,0
21.7730,0.521338,59.985929,-0.007063,0.0820,0.0000,6351.2,0.2596,1,0
21.7395,0.521392,59.985929,-0.007067,0.0889,0.0000,6347.0,0.2620,1,0
21.7069,0.521446,59.985929,-0.007070,0.0889,0.0000,6339.5,0.2643,1,0
21.6745,0.521499,59.985930,-0.007074,0.0867,0.0000,6326.7,0.2665,1,0
21.6420,0.521552,59.985930,-0.007078,0.0867,0.0000,6313.6,0.2687,1,0
21.6101,0.521606,59.985930,-0.007082,0.0942,0.0000,6300.3,0.2706,1,0
21.5757,0.521659,59.985931,-0.007085,0.0942,0.0000,6290.9,0.2724,1,0
21.5413,0.521712,59.985932,-0.007089,0.0916,0.0000,6282.8,0.2739,1,0
21.5077,0.521765,59.985933,-0.007093,0.0916,0.0000,6272.1,0.2751,1,0
21.4734,0.521818,59.985934,-0.007096,0.0911,0.0000,6260.8,0.2761,1,0
21.4382,0.521871,59.985935,-0.007100,0.0911,0.0000,6253.4,0.2774,1,0
21.4028,0.521924,59.985936,-0.007104,0.0974,0.0000,6250.3,0.2788,1,0
21.3684,0.521976,59.985937,-0.007107,0.0974,0.0000,6240.9,0.2802,1,0
21.3336,0.522029,59.985938,-0.007111,0.0911,0.0000,6230.4,0.2817,1,0
21.2990,0.522082,59.985939,-0.007115,0.0911,0.0000,6220.6,0.2832,1,0
21.2649,0.522134,59.985940,-0.007118,0.0911,0.0000,6213.6,0.2847,1,0
21.2309,0.522186,59.985941,-0.007122,0.0911,0.0000,6207.4,0.2861,1,0
21.1979,0.522239,59.985941,-0.007125,0.0842,0.0000,6193.0,0.2873,1,0
21.1653,0.522291,59.985942,-0.007129,0.0842,0.0000,6181.7,0.2885,1,0
21.1314,0.522343,59.985943,-0.007132,0.0801,0.0000,6176.9,0.2897,1,0
21.0978,0.522395,59.985944,-0.007136,0.0801,0.0000,6172.3,0.2912,1,0
21.0651,0.522447,59.985944,-0.007139,0.0769,0.0000,6169.7,0.2928,1,0
21.0336,0.522499,59.985945,-0.007143,0.0769,0.0000,6161.5,0.2943,1,0
21.0027,0.522551,59.985946,-0.007146,0.0605,0.0000,6153.9,0.2957,1,0
20.9737,0.522602,59.985946,-0.007150,0.0605,0.0000,6149.4,0.2970,1,0
20.9450,0.522654,59.985947,-0.007153,0.0416,0.0000,6149.3,0.2983,1,0
20.9183,0.522706,59.985948,-0.007157,0.0416,0.0000,6144.3,0.2994,1,0
20.8951,0.522757,59.985948,-0.007160,0.0310,0.0000,6135.8,0.3002,1,0
20.8718,0.522809,59.985949,-0.007164,0.0310,0.0000,6131.5,0.3010,1,0
20.8494,0.522860,59.985950,-0.007167,0.0159,0.0000,6129.4,0.3019,1,0
20.8281,0.522911,59.985951,-0.007170,0.0159,0.0000,6131.2,0.3030,1,0
20.8088,0.522963,59.985951,-0.007174,0.0083,0.0000,6128.4,0.3040,1,0
20.7905,0.523014,59.985952,-0.007177,0.0083,0.0000,6124.5,0.3048,1,0
20.7722,0.523065,59.985953,-0.007181,0.0000,0.0000,6125.4,0.3054,1,0
20.7550,0.523117,59.985953,-0.007184,0.0000,0.0000,6125.8,0.3058,1,0
20.7393,0.523168,59.985954,-0.007187,0.0000,0.0000,6121.4,0.3060,1,0
20.7236,0.523219,59.985955,-0.007191,0.0000,0.0000,6117.1,0.3063,1,0
20.7076,0.523270,59.985956,-0.007194,0.0000,0.0000,6111.8,0.3064,1,0
20.6913,0.523321,59.985956,-0.007197,0.0000,0.0000,6107.4,0.3063,1,0
20.6752,0.523372,59.985957,-0.007200,0.0000,0.0000,6103.3,0.3061,1,0
20.6589,0.523423,59.985958,-0.007204,0.0000,0.0000,6099.4,0.3059,1,0
20.6424,0.523474,59.985959,-0.007207,0.0000,0.0000,6097.0,0.3057,1,0
20.6262,0.523525,59.985960,-0.007210,0.0000,0.0000,6094.6,0.3053,1,0
20.6096,0.523575,59.985960,-0.007214,0.0000,0.0000,6092.0,0.3048,1,0
20.5939,0.523626,59.985961,-0.007217,0.0000,0.0000,6088.0,0.3040,1,0
20.5789,0.523677,59.985962,-0.007220,0.0000,0.0132,6085.1,0.3031,1,0
20.5636,0.523728,59.985963,-0.007223,0.0000,0.0132,6084.9,0.3019,1,0
20.5501,0.523778,59.985964,-0.007226,0.0000,0.0237,6083.6,0.3005,1,0
20.5370,0.523829,59.985965,-0.007229,0.0000,0.0237,6082.9,0.2992,1,0
20.5246,0.523880,59.985966,-0.007233,0.0000,0.0368,6084.1,0.2978,1,0
20.5133,0.523930,59.985968,-0.007236,0.0000,0.0368,6085.7,0.2967,1,0
20.5030,0.523981,59.985969,-0.007239,0.0000,0.0518,6091.0,0.2957,1,0
20.4937,0.524031,59.985970,-0.007242,0.0000,0.0518,6097.3,0.2948,1,0
20.4861,0.524082,59.985971,-0.007245,0.0000,0.0797,6104.7,0.2940,1,0
20.4809,0.524132,59.985972,-0.007248,0.0000,0.0797,6112.2,0.2933,1,0
20.4772,0.524183,59.985973,-0.007251,0.0000,0.1082,6121.7,0.2926,1,0
20.4755,0.524233,59.985974,-0.007254,0.0000,0.1082,6131.0,0.2921,1,0
20.4752,0.524284,59.985975,-0.007257,0.0000,0.1326,6142.0,0.2918,1,0
20.4770,0.524334,59.985977,-0.007260,0.0000,0.1326,6151.6,0.2918,1,0
20.4801,0.524385,59.985978,-0.007264,0.0000,0.1562,6160.3,0.2921,1,0
20.4845,0.524436,59.985979,-0.007267,0.0000,0.1562,6169.0,0.2927,1,0
20.4893,0.524486,59.985980,-0.007270,0.0000,0.1779,6180.2,0.2932,1,0
20.4945,0.524537,59.985981,-0.007273,0.0000,0.1779,6194.2,0.2937,1,0
20.5009,0.524587,59.985983,-0.007276,0.0000,0.1996,6208.4,0.2940,1,0
20.5093,0.524638,59.985984,-0.007279,0.0000,0.1996,6219.5,0.2942,1,0
20.5190,0.524688,59.985985,-0.007282,0.0000,0.2163,6228.0,0.2941,1,0
20.5297,0.524739,59.985986,-0.007284,0.0000,0.2163,6237.5,0.2937,1,0
20.5395,0.524790,59.985987,-0.007287,0.0000,0.2240,6251.5,0.2930,1,0
20.5508,0.524840,59.985988,-0.007290,0.0000,0.2240,6262.3,0.2920,1,0
20.5628,0.524891,59.985989,-0.007293,0.0000,0.2327,6272.7,0.2908,1,0
20.5755,0.524942,59.985990,-0.007296,0.0000,0.2327,6279.9,0.2894,1,0
20.5896,0.524993,59.985992,-0.007299,0.0000,0.2380,6284.5,0.2873,1,0
20.6024,0.525043,59.985993,-0.007302,0.0000,0.2380,6294.4,0.2848,1,0
20.6157,0.525094,59.985994,-0.007305,0.0000,0.2442,6303.2,0.2817,1,0
20.6288,0.525145,59.985995,-0.007308,0.0000,0.2442,6314.8,0.2781,1,0
20.6426,0.525196,59.985996,-0.007311,0.0000,0.2529,6324.3,0.2741,1,0
20.6574,0.525247,59.985997,-0.007313,0.0000,0.2529,6331.7,0.2697,1,0
20.6722,0.525298,59.985998,-0.007316,0.0000,0.2636,6342.0,0.2654,1,0
20.6866,0.525349,59.986000,-0.007319,0.0000,0.2636,6356.8,0.2612,1,0
20.7015,0.525400,59.986001,-0.007322,0.0000,0.2758,6372.0,0.2572,1,0
20.7175,0.525451,59.986002,-0.007325,0.0000,0.2758,6386.1,0.2534,1,0
20.7342,0.525502,59.986003,-0.007327,0.0000,0.2848,6399.3,0.2498,1,0
20.7509,0.525554,59.986004,-0.007330,0.0000,0.2848,6414.6,0.2464,1,0
20.7689,0.525605,59.986006,-0.007333,0.0000,0.2983,6428.2,0.2430,1,0
20.7877,0.525656,59.986007,-0.007336,0.0000,0.2983,6439.0,0.2399,1,0
20.8081,0.525707,59.986008,-0.007339,0.0000,0.3095,6445.7,0.2369,1,0
20.8291,0.525759,59.986009,-0.007341,0.0000,0.3095,6450.8,0.2340,1,0
20.8499,0.525810,59.986010,-0.007344,0.0000,0.3175,6458.6,0.2316,1,0
20.8705,0.525862,59.986012,-0.007347,0.0000,0.3175,6469.7,0.2296,1,0
20.8917,0.525913,59.986013,-0.007349,0.0000,0.3227,6478.6,0.2281,1,0
20.9140,0.525965,59.986014,-0.007352,0.0000,0.3227,6483.0,0.2268,1,0
20.9364,0.526016,59.986015,-0.007355,0.0000,0.3254,6487.6,0.2258,1,0
20.9572,0.526068,59.986016,-0.007358,0.0000,0.3254,6498.1,0.2249,1,0
20.9777,0.526120,59.986018,-0.007360,0.0000,0.3272,6512.0,0.2242,1,0
20.9983,0.526172,59.986019,-0.007363,0.0000,0.3272,6524.3,0.2235,1,0
21.0186,0.526223,59.986020,-0.007366,0.0000,0.3307,6535.9,0.2229,1,0
21.0406,0.526275,59.986021,-0.007368,0.0000,0.3307,6543.0,0.2223,1,0
21.0608,0.526327,59.986023,-0.007371,0.0000,0.3334,6553.3,0.2221,1,0
21.0829,0.526379,59.986024,-0.007373,0.0000,0.3334,6565.7,0.2222,1,0
21.1043,0.526431,59.986026,-0.007376,0.0000,0.3344,6575.5,0.2228,1,0
21.1269,0.526483,59.986027,-0.007379,0.0000,0.3344,6583.4,0.2232,1,0
21.1490,0.526536,59.986028,-0.007381,0.0000,0.3344,6587.6,0.2240,1,0
21.1615,0.526588,59.986030,-0.007384,0.0000,0.3344,6597.9,0.2246,1,0
21.1863,0.526640,59.986031,-0.007386,0.0000,0.3344,6606.4,0.2263,1,0
21.2053,0.526692,59.986033,-0.007389,0.0000,0.3344,6616.6,0.2254,1,0
21.2241,0.526745,59.986034,-0.007391,0.0000,0.2247,6632.9,0.2258,1,0
21.2459,0.526797,59.986036,-0.007394,0.0000,0.2247,6626.2,0.2264,1,0
21.2600,0.526850,59.986037,-0.007396,0.0000,0.2270,6638.7,0.2264,1,0
21.2730,0.526902,59.986039,-0.007399,0.0000,0.2270,6645.8,0.2272,1,0
21.2931,0.526955,59.986040,-0.007401,0.0000,0.2301,6657.9,0.2289,1,0
21.3030,0.527007,59.986042,-0.007404,0.0000,0.2301,6651.8,0.2304,1,0
21.3185,0.527060,59.986044,-0.007406,0.0000,0.2329,6652.5,0.2316,1,0
21.3342,0.527112,59.986045,-0.007409,0.0000,0.2329,6675.8,0.2330,1,0
21.3522,0.527165,59.986047,-0.007411,0.0000,0.3546,6647.0,0.2354,1,0
21.3849,0.527218,59.986048,-0.007414,0.0000,0.3546,6618.2,0.2376,1,0
21.4118,0.527270,59.986050,-0.007416,0.0000,0.3626,6617.9,0.2405,1,0
21.4346,0.527323,59.986052,-0.007418,0.0000,0.3626,6611.7,0.2434,1,0
21.4602,0.527376,59.986053,-0.007421,0.0000,0.3725,6617.0,0.2455,1,0
21.4803,0.527429,59.986055,-0.007423,0.0000,0.3725,6635.7,0.2480,1,0
21.5050,0.527482,59.986056,-0.007425,0.0000,0.3812,6649.4,0.2480,1,0
21.5262,0.527535,59.986058,-0.007428,0.0000,0.3812,6673.8,0.2489,1,0
21.5445,0.527589,59.986059,-0.007430,0.0000,0.3892,6704.6,0.2478,1,0
21.5671,0.527642,59.986061,-0.007432,0.0000,0.3892,6705.2,0.2460,1,0
21.5895,0.527695,59.986062,-0.007435,0.0000,0.2656,6740.5,0.2443,1,0
21.5946,0.527748,59.986064,-0.007437,0.0000,0.2656,6787.0,0.2407,1,0
21.6217,0.527802,59.986065,-0.007439,0.0000,0.2693,6744.3,0.2375,1,0
21.6288,0.527855,59.986067,-0.007442,0.0000,0.2693,6798.0,0.2345,1,0
21.6377,0.527908,59.986068,-0.007444,0.0000,0.2716,6825.7,0.2319,1,0
21.6614,0.527962,59.986069,-0.007446,0.0000,0.2716,6795.9,0.2305,1,0
21.6857,0.528015,59.986071,-0.007448,0.0000,0.4097,6751.6,0.2290,1,0
21.6982,0.528069,59.986073,-0.007450,0.0000,0.4097,6793.7,0.2283,1,0
21.7284,0.528122,59.986074,-0.007453,0.0000,0.4169,6743.4,0.2275,1,0
21.7515,0.528176,59.986076,-0.007455,0.0000,0.4169,6764.6,0.2273,1,0
21.7757,0.528230,59.986077,-0.007457,0.0000,0.4266,6786.1,0.2281,1,0
21.8068,0.528283,59.986079,-0.007459,0.0000,0.4266,6779.8,0.2286,1,0
21.8362,0.528337,59.986080,-0.007462,0.0000,0.4380,6790.9,0.2297,1,0
21.8698,0.528391,59.986082,-0.007464,0.0000,0.4380,6783.2,0.2309,1,0
21.8931,0.528445,59.986083,-0.007466,0.0000,0.4478,6818.7,0.2320,1,0
21.9203,0.528499,59.986085,-0.007468,0.0000,0.4478,6843.4,0.2327,1,0
21.9497,0.528553,59.986086,-0.007470,0.0000,0.4605,6841.5,0.2342,1,0
21.9772,0.528608,59.986087,-0.007472,0.0000,0.4605,6830.0,0.2357,1,0
21.9997,0.528662,59.986089,-0.007474,0.0000,0.4710,6871.2,0.2361,1,0
22.0267,0.528716,59.986091,-0.007476,0.0000,0.4710,6896.1,0.2361,1,0
22.0412,0.528771,59.986092,-0.007478,0.0000,0.3221,6902.0,0.2355,1,0
22.0654,0.528825,59.986093,-0.007480,0.0000,0.3221,6868.6,0.2336,1,0
22.0817,0.528880,59.986095,-0.007483,0.0000,0.3287,6903.9,0.2315,1,0
22.0957,0.528934,59.986097,-0.007484,0.0000,0.3287,6921.8,0.2285,1,0
22.1204,0.528989,59.986099,-0.007486,0.0000,0.4994,6892.1,0.2248,1,0
22.1454,0.529043,59.986101,-0.007488,0.0000,0.4994,6900.3,0.2209,1,0
22.1620,0.529098,59.986103,-0.007490,0.0000,0.3392,6951.1,0.2168,1,0
22.1795,0.529153,59.986105,-0.007492,0.0000,0.3392,6957.4,0.2125,1,0
22.1992,0.529207,59.986107,-0.007494,0.0000,0.3421,6958.2,0.2079,1,0
22.2243,0.529262,59.986109,-0.007496,0.0000,0.3421,6937.6,0.2035,1,0
22.2518,0.529317,59.986111,-0.007498,0.0000,0.3461,6963.6,0.1997,1,0
22.2770,0.529372,59.986113,-0.007500,0.0000,0.3461,6943.9,0.1965,1,0
22.3047,0.529427,59.986115,-0.007502,0.0000,0.5231,6955.8,0.1940,1,0
22.3322,0.529482,59.986117,-0.007504,0.0000,0.5231,6968.7,0.1921,1,0
22.3620,0.529537,59.986119,-0.007506,0.0000,0.5301,6975.5,0.1910,1,0
22.3895,0.529592,59.986121,-0.007507,0.0000,0.5301,6991.8,0.1907,1,0
22.4180,0.529648,59.986123,-0.007509,0.0000,0.3593,6986.6,0.1907,1,0
22.4442,0.529703,59.986124,-0.007511,0.0000,0.3593,7007.8,0.1914,1,0
22.4722,0.529759,59.986126,-0.007513,0.0000,0.3651,7009.4,0.1926,1,0
22.5029,0.529814,59.986128,-0.007515,0.0000,0.3651,7015.6,0.1941,1,0
22.5329,0.529870,59.986130,-0.007516,0.0000,0.3693,7027.2,0.1960,1,0
22.5667,0.529925,59.986132,-0.007518,0.0000,0.3693,7042.7,0.1980,1,0
22.5988,0.529981,59.986134,-0.007520,0.0000,0.5610,7030.3,0.1998,1,0
22.6314,0.530037,59.986136,-0.007522,0.0000,0.5610,7071.6,0.2013,1,0
22.6658,0.530093,59.986138,-0.007523,0.0000,0.5700,7044.3,0.2022,1,0
22.6957,0.530149,59.986140,-0.007525,0.0000,0.5700,7078.3,0.2023,1,0
22.7269,0.530205,59.986142,-0.007526,0.0000,0.5797,7085.1,0.2014,1,0
22.7564,0.530261,59.986143,-0.007528,0.0000,0.5797,7100.8,0.1995,1,0
22.7873,0.530317,59.986145,-0.007530,0.0000,0.5894,7112.0,0.1967,1,0
22.8167,0.530373,59.986147,-0.007531,0.0000,0.5894,7131.6,0.1931,1,0
22.8472,0.530430,59.986149,-0.007533,0.0000,0.6016,7127.5,0.1889,1,0
22.8756,0.530486,59.986151,-0.007535,0.0000,0.6016,7155.9,0.1840,1,0
22.9046,0.530543,59.986153,-0.007536,0.0000,0.4130,7140.9,0.1782,1,0
22.9328,0.530599,59.986155,-0.007538,0.0000,0.4130,7155.3,0.1718,1,0
22.9604,0.530656,59.986156,-0.007539,0.0000,0.4216,7173.6,0.1645,1,0
22.9876,0.530713,59.986158,-0.007541,0.0000,0.4216,7194.4,0.1567,1,0
23.0163,0.530769,59.986160,-0.007542,0.0000,0.4345,7192.7,0.1481,1,0
23.0464,0.530826,59.986162,-0.007544,0.0000,0.4345,7208.5,0.1392,1,0
23.0785,0.530883,59.986163,-0.007545,0.0000,0.4501,7201.1,0.1299,1,0
23.1109,0.530940,59.986165,-0.007547,0.0000,0.4501,7222.5,0.1207,1,0
23.1429,0.530997,59.986167,-0.007548,0.0000,0.4684,7244.8,0.1113,1,0
23.1760,0.531054,59.986168,-0.007550,0.0000,0.4684,7244.2,0.1018,1,0
23.2086,0.531112,59.986170,-0.007551,0.0000,0.4891,7275.4,0.0924,1,0
23.2429,0.531169,59.986172,-0.007553,0.0000,0.4891,7273.6,0.0832,1,0
23.2763,0.531226,59.986174,-0.007554,0.0000,0.5102,7282.7,0.0746,1,0
23.3105,0.531284,59.986176,-0.007555,0.0000,0.5102,7290.4,0.0664,1,0
23.3469,0.531341,59.986178,-0.007557,0.0000,0.5305,7296.6,0.0587,1,0
23.3845,0.531399,59.986180,-0.007558,0.0000,0.5305,7326.5,0.0520,1,0
23.4256,0.531457,59.986182,-0.007559,0.0000,0.5456,7324.9,0.0461,1,0
23.4653,0.531515,59.986184,-0.007561,0.0000,0.5456,7328.3,0.0410,1,0
23.5081,0.531573,59.986186,-0.007562,0.0000,0.5644,7353.4,0.0368,1,0
23.5523,0.531631,59.986188,-0.007563,0.0000,0.5644,7346.1,0.0335,1,0
23.5956,0.531689,59.986190,-0.007565,0.0000,0.8690,7376.2,0.0311,1,0
23.6395,0.531747,59.986192,-0.007566,0.0000,0.8690,7409.8,0.0295,1,0
23.6861,0.531806,59.986194,-0.007567,0.0000,0.6011,7398.1,0.0286,1,0
23.7350,0.531864,59.986196,-0.007568,0.0000,0.6011,7415.3,0.0283,1,0
23.7847,0.531923,59.986198,-0.007570,0.0000,0.6187,7440.4,0.0284,1,0
23.8347,0.531982,59.986200,-0.007571,0.0000,0.6187,7426.7,0.0289,1,0
23.8864,0.532041,59.986202,-0.007572,0.0000,0.6352,7444.6,0.0296,1,0
23.9406,0.532100,59.986204,-0.007573,0.0000,0.6352,7487.1,0.0304,1,0
23.9950,0.532159,59.986206,-0.007575,0.0000,0.6502,7468.4,0.0313,1,0
24.0495,0.532218,59.986208,-0.007576,0.0000,0.6502,7516.8,0.0325,1,0
24.1037,0.532278,59.986210,-0.007577,0.0000,0.6598,7533.6,0.0338,1,0
24.1616,0.532337,59.986212,-0.007578,0.0000,0.6598,7533.4,0.0354,1,0
24.2207,0.532397,59.986215,-0.007579,0.0000,0.6700,7565.7,0.0373,1,0
24.2820,0.532457,59.986217,-0.007580,0.0000,0.6700,7557.9,0.0394,1,0
24.3439,0.532517,59.986219,-0.007581,0.0000,0.6700,7613.6,0.0418,1,0
24.4073,0.532577,59.986221,-0.007583,0.0000,0.6700,7563.0,0.0443,1,0
24.4719,0.532637,59.986224,-0.007584,0.0000,0.6700,7640.4,0.0469,1,0
24.5390,0.532698,59.986226,-0.007585,0.0000,0.6700,7638.1,0.0495,1,0
24.6021,0.532759,59.986228,-0.007586,0.0000,1.0000,7651.4,0.0522,1,0
24.6675,0.532820,59.986231,-0.007587,0.0000,1.0000,7720.9,0.0550,1,0
24.7365,0.532881,59.986233,-0.007588,0.0000,1.0000,7642.6,0.0577,1,0
24.8037,0.532942,59.986235,-0.007589,0.0000,1.0000,7705.9,0.0604,1,0
24.8732,0.533003,59.986236,-0.007590,0.0000,1.0000,7756.6,0.0632,1,0
24.9464,0.533065,59.986238,-0.007591,0.0000,1.0000,7791.6,0.0659,1,0
25.0224,0.533126,59.986240,-0.007592,0.0000,1.0000,7814.7,0.0686,1,0
25.0981,0.533188,59.986241,-0.007593,0.0000,1.0000,7837.8,0.0712,1,0
25.1705,0.533250,59.986243,-0.007594,0.0000,0.6700,7873.0,0.0737,1,0
25.2400,0.533313,59.986245,-0.007595,0.0000,0.6700,7784.6,0.0761,1,0
25.3068,0.533375,59.986247,-0.007596,0.0000,1.0000,7845.2,0.0786,1,0
25.3765,0.533438,59.986248,-0.007598,0.0000,1.0000,7889.8,0.0811,1,0
25.4483,0.533500,59.986250,-0.007599,0.0000,1.0000,7926.1,0.0835,1,0
25.5217,0.533563,59.986252,-0.007600,0.0000,1.0000,7954.9,0.0861,1,0
25.5966,0.533626,59.986255,-0.007601,0.0000,1.0000,7977.9,0.0884,1,0
25.6703,0.533690,59.986258,-0.007601,0.0000,1.0000,8003.8,0.0906,1,0
25.7412,0.533753,59.986260,-0.007602,0.0000,0.6700,8040.7,0.0927,1,0
25.8101,0.533817,59.986263,-0.007603,0.0000,0.6700,8014.6,0.0947,1,0
25.8740,0.533881,59.986265,-0.007604,0.0000,1.0000,8010.6,0.0965,1,0
25.9392,0.533945,59.986267,-0.007605,0.0000,1.0000,8070.6,0.0982,1,0
26.0063,0.534009,59.986270,-0.007606,0.0000,0.6700,8120.6,0.1000,1,0
26.0759,0.534073,59.986272,-0.007607,0.0000,0.6700,8121.4,0.1016,1,0
26.1408,0.534138,59.986275,-0.007608,0.0000,1.0000,8081.9,0.1030,1,0
26.2016,0.534202,59.986277,-0.007609,0.0000,1.0000,8155.3,0.1043,1,0
26.2640,0.534267,59.986280,-0.007610,0.0000,0.6700,8222.4,0.1053,1,0
26.3253,0.534332,59.986283,-0.007611,0.0000,0.6700,8151.3,0.1060,1,0
26.3846,0.534397,59.986285,-0.007612,0.0000,0.6700,8232.1,0.1065,1,0
26.4468,0.534462,59.986288,-0.007613,0.0000,0.6700,8226.3,0.1067,1,0
26.5041,0.534528,59.986290,-0.007613,0.0000,0.6700,8241.8,0.1068,1,0
26.5633,0.534593,59.986292,-0.007614,0.0000,0.6700,8282.6,0.1067,1,0
26.6211,0.534659,59.986295,-0.007615,0.0000,1.0000,8266.0,0.1063,1,0
26.6781,0.534725,59.986297,-0.007616,0.0000,1.0000,8350.0,0.1056,1,0
26.7341,0.534791,59.986300,-0.007617,0.0000,1.0000,8295.5,0.1047,1,0
26.7880,0.534857,59.986302,-0.007618,0.0000,1.0000,8393.9,0.1033,1,0
26.8445,0.534923,59.986305,-0.007618,0.0000,1.0000,8334.8,0.1018,1,0
26.8992,0.534989,59.986307,-0.007619,0.0000,1.0000,8429.3,0.1001,1,0
26.9540,0.535056,59.986310,-0.007620,0.0000,0.6700,8376.1,0.0984,1,0
27.0082,0.535122,59.986312,-0.007621,0.0000,0.6700,8434.6,0.0968,1,0
27.0617,0.535189,59.986314,-0.007621,0.0000,0.6700,8429.7,0.0953,1,0
27.1146,0.535256,59.986317,-0.007622,0.0000,0.6700,8453.3,0.0937,1,0
27.1641,0.535323,59.986319,-0.007623,0.0000,0.6700,8493.4,0.0921,1,0
27.2165,0.535390,59.986322,-0.007624,0.0000,0.6700,8482.9,0.0906,1,0
27.2671,0.535457,59.986324,-0.007625,0.0000,0.6700,8516.4,0.0890,1,0
27.3193,0.535525,59.986326,-0.007625,0.0000,0.6700,8505.7,0.0875,1,0
27.3688,0.535592,59.986329,-0.007626,0.0000,1.0000,8541.7,0.0860,1,0
27.4181,0.535660,59.986331,-0.007626,0.0000,1.0000,8549.6,0.0844,1,0
27.4693,0.535728,59.986333,-0.007627,0.0000,1.0000,8574.2,0.0827,1,0
27.5171,0.535795,59.986336,-0.007628,0.0000,1.0000,8613.7,0.0807,1,0
27.5654,0.535863,59.986338,-0.007628,0.0000,0.6700,8580.3,0.0787,1,0
27.6136,0.535932,59.986340,-0.007629,0.0000,0.6700,8618.3,0.0764,1,0
27.6610,0.536000,59.986342,-0.007630,0.0000,0.6700,8655.6,0.0741,1,0
27.7093,0.536068,59.986345,-0.007630,0.0000,0.6700,8621.0,0.0718,1,0
27.7581,0.536137,59.986347,-0.007631,0.0000,1.0000,8656.8,0.0699,1,0
27.8051,0.536205,59.986350,-0.007631,0.0000,1.0000,8694.9,0.0680,1,0
27.8526,0.536274,59.986352,-0.007632,0.0000,0.6700,8662.4,0.0662,1,0
27.8991,0.536343,59.986355,-0.007632,0.0000,0.6700,8703.8,0.0647,1,0
27.9455,0.536412,59.986358,-0.007633,0.0000,0.6700,8740.1,0.0633,1,0
27.9946,0.536481,59.986361,-0.007633,0.0000,0.6700,8698.0,0.0622,1,0
28.0417,0.536550,59.986363,-0.007634,0.0000,0.0000,8765.5,0.0616,1,0
28.0534,0.536619,59.986366,-0.007634,0.0000,0.0000,8717.5,0.0613,1,0
28.0480,0.536688,59.986369,-0.007635,0.0000,0.0000,8669.8,0.0615,1,0
28.0422,0.536757,59.986371,-0.007635,0.0000,0.0000,8622.2,0.0619,1,0
28.0376,0.536826,59.986374,-0.007636,0.0000,0.0000,8574.9,0.0624,1,0
28.0759,0.536896,59.986376,-0.007636,0.0000,0.0000,7682.4,0.0629,2,0
28.1449,0.536965,59.986379,-0.007636,0.0000,0.7071,7246.9,0.0632,2,0
28.2137,0.537035,59.986381,-0.007637,0.0000,0.7071,7137.1,0.0632,2,0
28.2764,0.537104,59.986383,-0.007637,0.0000,0.7071,7063.0,0.0632,2,0
28.3377,0.537174,59.986385,-0.007637,0.0000,0.7071,6993.7,0.0631,2,0
28.3953,0.537244,59.986388,-0.007638,0.0000,0.7071,6944.0,0.0628,2,0
28.4463,0.537315,59.986390,-0.007638,0.0000,0.7071,6920.2,0.0624,2,0
28.4943,0.537385,59.986392,-0.007638,0.0000,0.7071,6910.2,0.0617,2,0
28.5403,0.537455,59.986395,-0.007639,0.0000,0.7071,6908.1,0.0609,2,0
28.5860,0.537526,59.986397,-0.007639,0.0000,0.7071,6926.5,0.0599,2,0
28.6303,0.537596,59.986400,-0.007639,0.0000,0.7071,6946.5,0.0589,2,0
28.6762,0.537667,59.986402,-0.007639,0.0000,1.0000,6949.2,0.0581,2,0
28.7213,0.537738,59.986405,-0.007639,0.0000,1.0000,6973.1,0.0573,2,0
28.7658,0.537809,59.986407,-0.007640,0.0000,0.7071,6973.9,0.0565,2,0
28.8093,0.537880,59.986410,-0.007640,0.0000,0.7071,6984.0,0.0555,2,0
28.8534,0.537951,59.986413,-0.007640,0.0000,0.7071,6989.9,0.0547,2,0
28.8981,0.538022,59.986415,-0.007640,0.0000,0.7071,7009.9,0.0538,2,0
28.9420,0.538094,59.986418,-0.007640,0.0000,0.7071,7016.6,0.0529,2,0
28.9866,0.538165,59.986420,-0.007641,0.0000,0.7071,7020.6,0.0522,2,0
29.0324,0.538237,59.986423,-0.007641,0.0000,0.7071,7040.9,0.0517,2,0
29.0763,0.538309,59.986426,-0.007641,0.0000,0.7071,7046.7,0.0514,2,0
29.1196,0.538380,59.986428,-0.007641,0.0000,0.7071,7055.0,0.0511,2,0
29.1647,0.538452,59.986431,-0.007641,0.0000,0.7071,7073.9,0.0508,2,0
29.2100,0.538524,59.986434,-0.007641,0.0000,0.7071,7072.3,0.0505,2,0
29.2540,0.538597,59.986436,-0.007641,0.0000,0.7071,7096.1,0.0504,2,0
29.2990,0.538669,59.986439,-0.007641,0.0000,0.7071,7094.7,0.0504,2,0
29.3452,0.538741,59.986442,-0.007641,0.0000,0.7071,7110.5,0.0504,2,0
29.3894,0.538814,59.986445,-0.007641,0.0000,0.7071,7133.6,0.0506,2,0
29.4343,0.538886,59.986447,-0.007641,0.0000,0.7071,7129.0,0.0507,2,0
29.4791,0.538959,59.986450,-0.007641,0.0000,0.7071,7146.0,0.0507,2,0
29.5252,0.539032,59.986453,-0.007641,0.0000,0.7071,7139.8,0.0504,2,0
29.5697,0.539105,59.986455,-0.007641,0.0000,0.7071,7156.7,0.0499,2,0
29.6152,0.539178,59.986458,-0.007640,0.0000,0.7071,7172.4,0.0494,2,0
29.6608,0.539251,59.986461,-0.007640,0.0000,1.0000,7182.8,0.0488,2,0
29.7058,0.539324,59.986463,-0.007640,0.0000,1.0000,7204.8,0.0480,2,0
29.7504,0.539398,59.986466,-0.007640,0.0000,0.7071,7198.1,0.0470,2,0
29.7964,0.539471,59.986469,-0.007640,0.0000,0.7071,7210.0,0.0458,2,0
29.8427,0.539545,59.986472,-0.007640,0.0000,1.0000,7218.8,0.0442,2,0
29.8874,0.539618,59.986474,-0.007639,0.0000,1.0000,7253.4,0.0426,2,0
29.9349,0.539692,59.986477,-0.007639,0.0000,0.7071,7236.0,0.0409,2,0
29.9830,0.539766,59.986480,-0.007639,0.0000,0.7071,7258.1,0.0392,2,0
30.0295,0.539840,59.986482,-0.007639,0.0000,0.7071,7271.2,0.0374,2,0
30.0772,0.539914,59.986485,-0.007638,0.0000,0.7071,7270.7,0.0356,2,0
30.1267,0.539989,59.986488,-0.007638,0.0000,0.7071,7309.2,0.0335,2,0
30.1770,0.540063,59.986491,-0.007638,0.0000,0.7071,7276.2,0.0314,2,0
30.2272,0.540138,59.986493,-0.007637,0.0000,0.7071,7333.5,0.0292,2,0
30.2794,0.540212,59.986496,-0.007637,0.0000,0.7071,7294.5,0.0269,2,0
30.3319,0.540287,59.986499,-0.007637,0.0000,0.7071,7343.1,0.0246,2,0
30.3859,0.540362,59.986501,-0.007636,0.0000,0.7071,7340.7,0.0222,2,0
30.4374,0.540437,59.986504,-0.007636,0.0000,1.0000,7346.6,0.0198,2,0
30.4930,0.540512,59.986507,-0.007636,0.0000,1.0000,7381.2,0.0174,2,0
30.5511,0.540588,59.986509,-0.007635,0.0000,0.7071,7403.2,0.0149,2,0
30.6102,0.540663,59.986512,-0.007635,0.0000,0.7071,7376.7,0.0126,2,0
30.6657,0.540739,59.986514,-0.007634,0.0000,1.0000,7366.2,0.0106,2,0
30.7221,0.540815,59.986517,-0.007634,0.0000,1.0000,7398.3,0.0088,2,0
30.7798,0.540891,59.986520,-0.007633,0.0000,1.0000,7423.2,0.0070,2,0
30.8398,0.540967,59.986522,-0.007633,0.0000,1.0000,7439.7,0.0053,2,0
30.9027,0.541043,59.986525,-0.007632,0.0000,1.0000,7441.0,0.0038,2,0
30.9639,0.541119,59.986527,-0.007632,0.0000,1.0000,7445.2,0.0024,2,0
31.0293,0.541196,59.986530,-0.007631,0.0000,1.0000,7439.4,0.0010,2,0
31.0937,0.541273,59.986533,-0.007630,0.0000,1.0000,7438.7,0.0001,2,0
31.1547,0.541349,59.986536,-0.007630,0.0000,1.0000,7447.7,-0.0004,2,0
31.2177,0.541426,59.986539,-0.007629,0.0000,1.0000,7451.8,-0.0012,2,0
31.2801,0.541504,59.986542,-0.007629,0.0000,1.0000,7454.1,-0.0020,2,0
31.3441,0.541581,59.986545,-0.007628,0.0000,1.0000,7448.3,-0.0015,2,0
31.4079,0.541658,59.986548,-0.007627,0.0000,1.0000,7450.7,-0.0017,2,0
31.4653,0.541736,59.986551,-0.007627,0.0000,1.0000,7453.6,-0.0005,2,0
31.5322,0.541814,59.986554,-0.007626,0.0000,1.0000,7452.4,-0.0009,2,0
31.5951,0.541892,59.986557,-0.007626,0.0000,1.0000,7457.6,0.0006,2,0
31.6547,0.541970,59.986560,-0.007625,0.0000,1.0000,7475.9,0.0026,2,0
31.7091,0.542048,59.986563,-0.007624,0.0000,1.0000,7501.3,0.0035,2,0
31.7774,0.542126,59.986566,-0.007624,0.0000,1.0000,7494.9,0.0034,2,0
31.8339,0.542205,59.986568,-0.007623,0.0000,1.0000,7513.6,0.0074,2,0
31.8998,0.542284,59.986571,-0.007622,0.0000,1.0000,7501.0,0.0081,2,0
31.9520,0.542362,59.986574,-0.007622,0.0000,1.0000,7552.9,0.0098,2,0
32.0136,0.542441,59.986577,-0.007621,0.0000,1.0000,7569.3,0.0126,2,0
32.0548,0.542520,59.986580,-0.007620,0.0000,1.0000,7669.3,0.0145,2,0
32.1107,0.542600,59.986582,-0.007620,0.0000,1.0000,7661.8,0.0159,2,0
32.1795,0.542679,59.986585,-0.007619,0.0000,1.0000,7666.4,0.0165,2,0
32.2346,0.542758,59.986588,-0.007618,0.0000,1.0000,7699.9,0.0197,2,0
32.2965,0.542838,59.986591,-0.007617,0.0000,1.0000,7665.0,0.0219,2,0
32.3694,0.542918,59.986594,-0.007617,0.0000,1.0000,7645.2,0.0207,2,0
32.4335,0.542998,59.986597,-0.007616,0.0000,1.0000,7643.0,0.0230,2,0
32.4865,0.543078,59.986600,-0.007615,0.0000,1.0000,7687.6,0.0243,2,0
32.5489,0.543158,59.986603,-0.007615,0.0000,1.0000,7679.9,0.0245,2,0
32.5930,0.543239,59.986606,-0.007614,0.0000,1.0000,7755.4,0.0253,2,0
32.6624,0.543319,59.986609,-0.007613,0.0000,1.0000,7736.4,0.0266,2,0
32.7278,0.543400,59.986612,-0.007613,0.0000,1.0000,7715.9,0.0279,2,0
32.7677,0.543481,59.986615,-0.007612,0.0000,1.0000,7797.9,0.0284,2,0
32.8387,0.543562,59.986618,-0.007611,0.0000,1.0000,7784.7,0.0294,2,0
32.8917,0.543643,59.986621,-0.007611,0.0000,1.0000,7793.7,0.0311,2,0
32.9532,0.543724,59.986623,-0.007610,0.0000,1.0000,7805.9,0.0307,2,0
33.0203,0.543806,59.986626,-0.007609,0.0000,1.0000,7789.5,0.0324,2,0
33.0766,0.543887,59.986629,-0.007608,0.0000,1.0000,7815.9,0.0343,2,0
33.1321,0.543969,59.986632,-0.007608,0.0000,1.0000,7820.5,0.0347,2,0
33.1971,0.544051,59.986634,-0.007607,0.0000,1.0000,7816.5,0.0345,2,0
33.2581,0.544133,59.986637,-0.007606,0.0000,1.0000,7819.9,0.0367,2,0
33.3182,0.544215,59.986640,-0.007606,0.0000,1.0000,7836.1,0.0373,2,0
33.3638,0.544297,59.986642,-0.007605,0.0000,1.0000,7873.9,0.0386,2,0
33.4277,0.544380,59.986645,-0.007604,0.0000,1.0000,7889.3,0.0380,2,0
33.4840,0.544462,59.986648,-0.007603,0.0000,1.0000,7910.0,0.0408,2,0
33.5462,0.544545,59.986651,-0.007603,0.0000,1.0000,7892.6,0.0414,2,0
33.6001,0.544628,59.986654,-0.007602,0.0000,1.0000,7924.1,0.0421,2,0
33.6548,0.544711,59.986657,-0.007601,0.0000,1.0000,7940.8,0.0430,2,0
33.7132,0.544794,59.986660,-0.007600,0.0000,1.0000,7960.7,0.0432,2,0
33.7671,0.544877,59.986663,-0.007600,0.0000,1.0000,7983.7,0.0442,2,0
33.8195,0.544961,59.986666,-0.007599,0.0000,1.0000,8009.9,0.0442,2,0
33.8738,0.545044,59.986669,-0.007598,0.0000,1.0000,8024.9,0.0436,2,0
33.9353,0.545128,59.986672,-0.007597,0.0000,1.0000,8048.6,0.0440,2,0
33.9912,0.545212,59.986675,-0.007597,0.0000,1.0000,8054.0,0.0443,2,0
34.0419,0.545296,59.986678,-0.007596,0.0000,1.0000,8072.6,0.0439,2,0
34.1058,0.545380,59.986681,-0.007595,0.0000,1.0000,8076.7,0.0428,2,0
34.1722,0.545464,59.986684,-0.007594,0.0000,1.0000,8058.6,0.0447,2,0
34.2236,0.545549,59.986687,-0.007594,0.0000,1.0000,8078.8,0.0446,2,0
34.2740,0.545633,59.986690,-0.007593,0.0000,1.0000,8135.5,0.0438,2,0
34.3255,0.545718,59.986694,-0.007592,0.0000,1.0000,8155.5,0.0441,2,0
34.3845,0.545803,59.986697,-0.007591,0.0000,1.0000,8153.8,0.0445,2,0
34.4390,0.545888,59.986700,-0.007590,0.0000,1.0000,8181.2,0.0438,2,0
34.4934,0.545973,59.986703,-0.007590,0.0000,1.0000,8201.6,0.0457,2,0
34.5543,0.546058,59.986706,-0.007589,0.0000,1.0000,8190.9,0.0452,2,0
34.6142,0.546143,59.986709,-0.007588,0.0000,1.0000,8197.7,0.0453,2,0
34.6612,0.546229,59.986712,-0.007587,0.0000,1.0000,8237.4,0.0462,2,0
34.7187,0.546314,59.986715,-0.007586,0.0000,1.0000,8237.0,0.0456,2,0
34.7688,0.546400,59.986718,-0.007586,0.0000,1.0000,8287.2,0.0454,2,0
34.8194,0.546486,59.986721,-0.007585,0.0000,1.0000,8299.7,0.0462,2,0
34.8848,0.546572,59.986724,-0.007584,0.0000,1.0000,8292.6,0.0448,2,0
34.9429,0.546658,59.986727,-0.007583,0.0000,1.0000,8288.0,0.0461,2,0
34.9984,0.546745,59.986730,-0.007582,0.0000,1.0000,8289.1,0.0449,2,0
35.0590,0.546831,59.986733,-0.007581,0.0000,1.0000,8292.6,0.0444,2,0
35.1089,0.546918,59.986736,-0.007581,0.0000,1.0000,8314.5,0.0458,2,0
35.1608,0.547004,59.986739,-0.007580,0.0000,1.0000,8334.1,0.0434,2,0
35.2073,0.547091,59.986743,-0.007579,0.0000,1.0000,8398.8,0.0436,2,0
35.2679,0.547178,59.986746,-0.007578,0.0000,1.0000,8365.7,0.0447,2,0
35.3254,0.547265,59.986750,-0.007577,0.0000,1.0000,8363.3,0.0434,2,0
35.3718,0.547353,59.986753,-0.007576,0.0000,1.0000,8433.6,0.0433,2,0
35.4398,0.547440,59.986756,-0.007575,0.0000,1.0000,8378.9,0.0440,2,0
35.4990,0.547528,59.986760,-0.007574,0.0000,1.0000,8378.2,0.0430,2,0
35.5485,0.547615,59.986763,-0.007574,0.0000,1.0000,8410.9,0.0446,2,0
35.6032,0.547703,59.986767,-0.007573,0.0000,1.0000,8423.6,0.0438,2,0
35.6502,0.547791,59.986770,-0.007572,0.0000,1.0000,8467.4,0.0441,2,0
35.6990,0.547879,59.986773,-0.007571,0.0000,1.0000,8499.0,0.0443,2,0
35.7615,0.547967,59.986776,-0.007570,0.0000,1.0000,8463.7,0.0441,2,0
35.8143,0.548056,59.986779,-0.007569,0.0000,1.0000,8474.6,0.0439,2,0
35.8709,0.548144,59.986782,-0.007568,0.0000,1.0000,8473.0,0.0436,2,0
35.9233,0.548233,59.986785,-0.007567,0.0000,1.0000,8502.3,0.0432,2,0
35.9856,0.548322,59.986788,-0.007566,0.0000,1.0000,8483.1,0.0430,2,0
36.0430,0.548410,59.986791,-0.007565,0.0000,1.0000,8477.9,0.0431,2,1
36.0899,0.548499,59.986794,-0.007564,0.0000,1.0000,8529.0,0.0432,2,1
36.1355,0.548589,59.986797,-0.007563,0.0000,1.0000,8564.0,0.0434,2,0
36.1719,0.548678,59.986800,-0.007562,0.0000,1.0000,8595.9,0.0443,2,0
36.2191,0.548767,59.986804,-0.007561,0.0000,1.0000,8626.1,0.0470,2,0
36.2830,0.548857,59.986807,-0.007560,0.0000,1.0000,8588.8,0.0503,2,0
36.3124,0.548946,59.986811,-0.007559,0.0000,1.0000,8661.1,0.0509,2,1
36.3530,0.549036,59.986814,-0.007558,0.0000,1.0000,8738.6,0.0550,2,0
36.4005,0.549126,59.986818,-0.007557,0.0000,1.0000,8754.1,0.0597,2,1
36.4385,0.549215,59.986821,-0.007556,0.0000,1.0000,8767.6,0.0619,2,0
36.4800,0.549305,59.986824,-0.007555,0.0000,1.0000,8824.5,0.0677,2,0
36.5200,0.549396,59.986828,-0.007554,0.0000,1.0000,8797.7,0.0721,2,0
36.5570,0.549486,59.986832,-0.007553,0.0000,1.0000,8770.5,0.0772,2,0
36.5927,0.549576,59.986835,-0.007552,0.0000,0.7071,8854.9,0.0843,2,0
36.6257,0.549666,59.986838,-0.007551,0.0000,0.7071,8848.2,0.0903,2,0
36.6587,0.549757,59.986841,-0.007550,0.0000,0.7071,8870.0,0.0973,2,0
36.6876,0.549847,59.986844,-0.007549,0.0000,0.7071,8930.1,0.1016,2,0
36.7112,0.549938,59.986847,-0.007548,0.0000,0.7071,8933.2,0.1040,2,0
36.7482,0.550028,59.986851,-0.007547,0.0000,0.7071,8903.8,0.1067,2,0
36.7522,0.550119,59.986854,-0.007546,0.0000,0.0000,8855.3,0.1075,2,0
36.7515,0.550210,59.986857,-0.007545,0.0000,0.0000,8806.9,0.1088,2,0
36.7446,0.550300,59.986860,-0.007544,0.0000,0.0000,8758.8,0.1094,2,0
36.7393,0.550391,59.986863,-0.007543,0.0000,0.0000,8710.9,0.1091,2,0
36.7587,0.550482,59.986866,-0.007542,0.0000,0.7314,8028.8,0.1093,3,0
36.8049,0.550572,59.986869,-0.007541,0.0000,0.7314,7462.6,0.1079,3,0
36.8439,0.550663,59.986873,-0.007540,0.0000,0.7314,7431.0,0.1071,3,0
36.8859,0.550754,59.986876,-0.007539,0.0000,0.7314,7400.2,0.1049,3,1
36.9242,0.550845,59.986880,-0.007537,0.0000,0.7314,7384.0,0.1023,3,0
36.9577,0.550936,59.986883,-0.007536,0.0000,0.7314,7380.5,0.1000,3,0
36.9916,0.551028,59.986886,-0.007535,0.0000,0.7314,7371.2,0.0969,3,0
37.0245,0.551119,59.986890,-0.007534,0.0000,0.7314,7375.0,0.0944,3,0
37.0595,0.551210,59.986893,-0.007533,0.0000,0.7314,7355.1,0.0917,3,1
37.0980,0.551302,59.986897,-0.007532,0.0000,0.7314,7325.8,0.0886,3,0
37.1362,0.551394,59.986900,-0.007531,0.0000,0.7314,7293.6,0.0860,3,0
37.1710,0.551485,59.986903,-0.007529,0.0000,0.7314,7279.5,0.0822,3,0
37.2047,0.551577,59.986906,-0.007528,0.0000,0.7314,7306.8,0.0792,3,0
37.2305,0.551669,59.986909,-0.007527,0.0000,0.7314,7331.1,0.0760,3,0
37.2627,0.551761,59.986912,-0.007526,0.0000,0.7314,7319.0,0.0714,3,0
37.2956,0.551853,59.986915,-0.007524,0.0000,0.7314,7322.0,0.0675,3,0
37.3291,0.551945,59.986918,-0.007523,0.0000,0.7314,7307.5,0.0628,3,0
37.3621,0.552037,59.986921,-0.007522,0.0000,0.7314,7335.1,0.0578,3,0
37.3883,0.552129,59.986924,-0.007521,0.0000,0.7314,7356.0,0.0531,3,0
37.4201,0.552221,59.986927,-0.007519,0.0000,0.7314,7347.4,0.0475,3,0
37.4484,0.552314,59.986930,-0.007518,0.0000,0.7314,7359.3,0.0418,3,0
37.4770,0.552406,59.986933,-0.007517,0.0000,0.7314,7372.5,0.0360,3,0
37.5102,0.552499,59.986937,-0.007515,0.0000,0.7314,7362.6,0.0298,3,0
37.5345,0.552591,59.986941,-0.007514,0.0000,0.7314,7384.3,0.0231,3,0
37.5672,0.552684,59.986944,-0.007513,0.0000,0.7314,7376.1,0.0161,3,0
37.5968,0.552777,59.986947,-0.007511,0.0000,0.7314,7380.1,0.0087,3,0
37.6271,0.552870,59.986951,-0.007510,0.0000,1.0000,7378.6,0.0007,3,0
37.6610,0.552962,59.986954,-0.007508,0.0000,1.0000,7380.3,-0.0076,3,0
37.6941,0.553055,59.986958,-0.007507,0.0000,1.0000,7381.4,-0.0159,3,0
37.7325,0.553148,59.986961,-0.007505,0.0000,1.0000,7399.2,-0.0239,3,0
37.7712,0.553242,59.986965,-0.007504,0.0000,1.0000,7380.6,-0.0319,3,0
37.8082,0.553335,59.986968,-0.007502,0.0000,1.0000,7404.4,-0.0397,3,0
37.8510,0.553428,59.986972,-0.007501,0.0000,1.0000,7417.1,-0.0470,3,0
37.8955,0.553522,59.986975,-0.007499,0.0000,1.0000,7421.8,-0.0541,3,0
37.9413,0.553615,59.986979,-0.007497,0.0000,1.0000,7419.3,-0.0601,3,0
37.9876,0.553709,59.986983,-0.007496,0.0000,1.0000,7418.5,-0.0655,3,0
38.0331,0.553803,59.986986,-0.007494,0.0000,1.0000,7420.1,-0.0700,3,0
38.0803,0.553897,59.986989,-0.007493,0.0000,1.0000,7413.3,-0.0735,3,0
38.1272,0.553991,59.986993,-0.007491,0.0000,1.0000,7407.6,-0.0763,3,0
38.1745,0.554085,59.986997,-0.007489,0.0000,1.0000,7400.4,-0.0781,3,0
38.2227,0.554179,59.987000,-0.007488,0.0000,1.0000,7390.8,-0.0789,3,0
38.2706,0.554274,59.987003,-0.007486,0.0000,1.0000,7382.2,-0.0789,3,0
38.3198,0.554368,59.987006,-0.007484,0.0000,1.0000,7369.2,-0.0782,3,0
38.3685,0.554463,59.987009,-0.007482,0.0000,1.0000,7357.8,-0.0769,3,0
38.4159,0.554557,59.987012,-0.007481,0.0000,1.0000,7353.1,-0.0751,3,0
38.4647,0.554652,59.987015,-0.007479,0.0000,1.0000,7343.4,-0.0728,3,0
38.5126,0.554747,59.987018,-0.007477,0.0000,1.0000,7338.0,-0.0702,3,0
38.5595,0.554842,59.987021,-0.007475,0.0000,1.0000,7337.9,-0.0669,3,0
38.6070,0.554938,59.987024,-0.007474,0.0000,1.0000,7335.8,-0.0626,3,0
38.6541,0.555033,59.987027,-0.007472,0.0000,1.0000,7334.0,-0.0576,3,0
38.6973,0.555128,59.987030,-0.007470,0.0000,1.0000,7350.2,-0.0523,3,0
38.7380,0.555224,59.987033,-0.007468,0.0000,1.0000,7377.3,-0.0468,3,0
38.7791,0.555320,59.987037,-0.007467,0.0000,1.0000,7403.0,-0.0413,3,0
38.8214,0.555415,59.987040,-0.007465,0.0000,1.0000,7423.3,-0.0357,3,0
38.8649,0.555511,59.987044,-0.007463,0.0000,1.0000,7438.5,-0.0300,3,0
38.9073,0.555607,59.987047,-0.007461,0.0000,1.0000,7457.3,-0.0244,3,0
38.9510,0.555703,59.987050,-0.007460,0.0000,1.0000,7468.4,-0.0191,3,0
38.9954,0.555799,59.987054,-0.007458,0.0000,1.0000,7477.6,-0.0141,3,0
39.0404,0.555896,59.987057,-0.007456,0.0000,1.0000,7484.3,-0.0095,3,0
39.0865,0.555992,59.987061,-0.007454,0.0000,1.0000,7487.0,-0.0052,3,0
39.1330,0.556089,59.987064,-0.007453,0.0000,1.0000,7486.3,-0.0012,3,0
39.1777,0.556185,59.987068,-0.007451,0.0000,1.0000,7492.1,0.0023,3,0
39.2236,0.556282,59.987071,-0.007449,0.0000,1.0000,7493.6,0.0051,3,0
39.2693,0.556379,59.987075,-0.007447,0.0000,1.0000,7497.5,0.0072,3,0
39.3163,0.556476,59.987078,-0.007446,0.0000,1.0000,7496.4,0.0088,3,0
39.3633,0.556573,59.987082,-0.007444,0.0000,1.0000,7493.5,0.0097,3,0
39.4078,0.556670,59.987086,-0.007442,0.0000,1.0000,7501.2,0.0099,3,0
39.4530,0.556768,59.987089,-0.007441,0.0000,1.0000,7505.2,0.0098,3,0
39.4994,0.556865,59.987093,-0.007439,0.0000,1.0000,7503.6,0.0092,3,0
39.5443,0.556962,59.987096,-0.007437,0.0000,1.0000,7510.5,0.0083,3,0
39.5877,0.557060,59.987100,-0.007436,0.0000,1.0000,7523.4,0.0076,3,0
39.6304,0.557158,59.987103,-0.007434,0.0000,1.0000,7536.6,0.0068,3,0
39.6745,0.557256,59.987107,-0.007432,0.0000,1.0000,7543.3,0.0061,3,0
39.7185,0.557354,59.987110,-0.007430,0.0000,1.0000,7551.6,0.0054,3,0
39.7623,0.557452,59.987113,-0.007429,0.0000,1.0000,7561.2,0.0049,3,0
39.8061,0.557550,59.987116,-0.007427,0.0000,1.0000,7571.1,0.0046,3,0
39.8494,0.557648,59.987120,-0.007425,0.0000,1.0000,7580.7,0.0043,3,0
39.8927,0.557747,59.987123,-0.007424,0.0000,1.0000,7590.0,0.0040,3,0
39.9375,0.557845,59.987126,-0.007422,0.0000,1.0000,7593.5,0.0035,3,0
39.9812,0.557944,59.987130,-0.007420,0.0000,1.0000,7602.1,0.0030,3,0
40.0258,0.558042,59.987133,-0.007418,0.0000,1.0000,7607.6,0.0024,3,0
40.0699,0.558141,59.987137,-0.007417,0.0000,1.0000,7613.7,0.0016,3,0
40.1139,0.558240,59.987140,-0.007415,0.0000,1.0000,7619.0,0.0007,3,0
40.1583,0.558339,59.987144,-0.007413,0.0000,1.0000,7622.1,-0.0002,3,0
40.2029,0.558438,59.987148,-0.007412,0.0000,1.0000,7626.0,-0.0007,3,0
40.2468,0.558538,59.987152,-0.007410,0.0000,1.0000,7632.6,-0.0009,3,0
40.2905,0.558637,59.987155,-0.007408,0.0000,1.0000,7639.7,-0.0008,3,0
40.3337,0.558737,59.987159,-0.007406,0.0000,1.0000,7647.1,-0.0006,3,0
40.3768,0.558836,59.987163,-0.007405,0.0000,1.0000,7654.7,-0.0002,3,0
40.4198,0.558936,59.987166,-0.007403,0.0000,1.0000,7662.8,0.0002,3,0
40.4638,0.559036,59.987170,-0.007401,0.0000,1.0000,7667.5,0.0008,3,0
40.5067,0.559136,59.987174,-0.007399,0.0000,1.0000,7676.4,0.0014,3,0
40.5496,0.559236,59.987177,-0.007398,0.0000,1.0000,7684.1,0.0018,3,0
40.5918,0.559336,59.987181,-0.007396,0.0000,1.0000,7694.0,0.0020,3,0
40.6348,0.559436,59.987184,-0.007394,0.0000,1.0000,7700.9,0.0019,3,0
40.6778,0.559536,59.987188,-0.007392,0.0000,1.0000,7708.0,0.0013,3,0
40.7202,0.559637,59.987192,-0.007391,0.0000,1.0000,7718.0,0.0001,3,0
40.7631,0.559737,59.987195,-0.007389,0.0000,1.0000,7724.9,-0.0014,3,0
40.8052,0.559838,59.987199,-0.007387,0.0000,1.0000,7734.6,-0.0032,3,0
40.8474,0.559939,59.987202,-0.007385,0.0000,1.0000,7743.3,-0.0050,3,0
40.8904,0.560040,59.987206,-0.007383,0.0000,1.0000,7748.9,-0.0069,3,0
40.9326,0.560140,59.987209,-0.007382,0.0000,1.0000,7759.5,-0.0086,3,0
40.9749,0.560242,59.987213,-0.007380,0.0000,1.0000,7767.1,-0.0101,3,0
41.0169,0.560343,59.987216,-0.007378,0.0000,1.0000,7774.5,-0.0116,3,0
41.0591,0.560444,59.987220,-0.007376,0.0000,1.0000,7781.8,-0.0131,3,0
41.1014,0.560545,59.987223,-0.007375,0.0000,1.0000,7789.7,-0.0144,3,0
41.1429,0.560647,59.987226,-0.007373,0.0000,1.0000,7801.6,-0.0156,3,0
41.1854,0.560748,59.987230,-0.007371,0.0000,1.0000,7807.8,-0.0170,3,0
41.2271,0.560850,59.987233,-0.007369,0.0000,1.0000,7816.8,-0.0183,3,0
41.2681,0.560952,59.987237,-0.007367,0.0000,1.0000,7828.0,-0.0198,3,0
41.3094,0.561054,59.987240,-0.007366,0.0000,1.0000,7839.5,-0.0215,3,0
41.3514,0.561156,59.987244,-0.007364,0.0000,1.0000,7847.8,-0.0230,3,0
41.3934,0.561258,59.987248,-0.007362,0.0000,1.0000,7855.0,-0.0245,3,0
41.4346,0.561360,59.987251,-0.007360,0.0000,1.0000,7864.4,-0.0259,3,0
41.4758,0.561462,59.987255,-0.007359,0.0000,1.0000,7873.1,-0.0273,3,0
41.5163,0.561565,59.987259,-0.007357,0.0000,1.0000,7885.0,-0.0286,3,0
41.5582,0.561667,59.987263,-0.007355,0.0000,1.0000,7890.6,-0.0296,3,0
41.5999,0.561770,59.987267,-0.007353,0.0000,1.0000,7896.7,-0.0304,3,0
41.6412,0.561873,59.987270,-0.007352,0.0000,1.0000,7904.4,-0.0309,3,0
41.6817,0.561975,59.987274,-0.007350,0.0000,1.0000,7912.6,-0.0313,3,0
41.7222,0.562078,59.987278,-0.007348,0.0000,1.0000,7921.6,-0.0315,3,0
41.7638,0.562181,59.987281,-0.007346,0.0000,1.0000,7928.1,-0.0314,3,0
41.8051,0.562284,59.987285,-0.007345,0.0000,1.0000,7935.9,-0.0309,3,0
41.8458,0.562388,59.987288,-0.007343,0.0000,1.0000,7944.7,-0.0301,3,0
41.8861,0.562491,59.987292,-0.007341,0.0000,1.0000,7954.3,-0.0290,3,0
41.9260,0.562594,59.987295,-0.007339,0.0000,1.0000,7966.4,-0.0278,3,0
41.9673,0.562698,59.987298,-0.007338,0.0000,1.0000,7974.2,-0.0264,3,0
42.0089,0.562801,59.987302,-0.007336,0.0000,1.0000,7980.2,-0.0248,3,0
42.0499,0.562905,59.987305,-0.007334,0.0000,1.0000,7986.4,-0.0233,3,0
42.0897,0.563009,59.987309,-0.007332,0.0000,1.0000,7997.7,-0.0217,3,0
42.1304,0.563113,59.987312,-0.007331,0.0000,1.0000,8005.4,-0.0201,3,0
42.1716,0.563217,59.987316,-0.007329,0.0000,1.0000,8011.9,-0.0185,3,0
42.2130,0.563321,59.987320,-0.007327,0.0000,1.0000,8016.7,-0.0169,3,0
42.2533,0.563425,59.987323,-0.007326,0.0000,1.0000,8024.4,-0.0153,3,0
42.2931,0.563530,59.987327,-0.007324,0.0000,1.0000,8034.2,-0.0138,3,0
42.3337,0.563634,59.987331,-0.007322,0.0000,1.0000,8040.9,-0.0124,3,0
42.3747,0.563739,59.987335,-0.007320,0.0000,1.0000,8046.6,-0.0112,3,0
42.4158,0.563843,59.987339,-0.007319,0.0000,1.0000,8051.4,-0.0101,3,0
42.4557,0.563948,59.987342,-0.007317,0.0000,1.0000,8060.2,-0.0092,3,0
42.4954,0.564053,59.987346,-0.007315,0.0000,1.0000,8069.2,-0.0083,3,0
42.5358,0.564158,59.987350,-0.007314,0.0000,1.0000,8074.8,-0.0076,3,0
42.5762,0.564263,59.987354,-0.007312,0.0000,1.0000,8081.7,-0.0070,3,0
42.6169,0.564368,59.987358,-0.007310,0.0000,1.0000,8086.4,-0.0063,3,0
42.6569,0.564473,59.987362,-0.007309,0.0000,1.0000,8092.5,-0.0058,3,0
42.6960,0.564578,59.987366,-0.007307,0.0000,1.0000,8102.1,-0.0053,3,0
42.7359,0.564684,59.987370,-0.007305,0.0000,1.0000,8108.8,-0.0050,3,0
42.7755,0.564789,59.987374,-0.007303,0.0000,1.0000,8119.0,-0.0047,3,0
42.8155,0.564895,59.987378,-0.007302,0.0000,1.0000,8126.0,-0.0044,3,0
42.8556,0.565000,59.987382,-0.007300,0.0000,1.0000,8130.9,-0.0042,3,0
42.8940,0.565106,59.987386,-0.007298,0.0000,1.0000,8142.9,-0.0041,3,0
42.9340,0.565212,59.987390,-0.007297,0.0000,1.0000,8149.0,-0.0041,3,0
42.9731,0.565318,59.987394,-0.007295,0.0000,1.0000,8159.4,-0.0041,3,0
43.0136,0.565424,59.987397,-0.007293,0.0000,1.0000,8162.8,-0.0041,3,0
43.0537,0.565530,59.987401,-0.007292,0.0000,1.0000,8166.6,-0.0043,3,0
43.0923,0.565637,59.987405,-0.007290,0.0000,1.0000,8177.2,-0.0045,3,0
43.1327,0.565743,59.987409,-0.007288,0.0000,1.0000,8179.3,-0.0048,3,0
43.1727,0.565850,59.987412,-0.007286,0.0000,1.0000,8185.3,-0.0051,3,0
43.2124,0.565956,59.987416,-0.007285,0.0000,1.0000,8191.4,-0.0053,3,0
43.2523,0.566063,59.987420,-0.007283,0.0000,1.0000,8195.3,-0.0056,3,0
43.2912,0.566170,59.987423,-0.007281,0.0000,1.0000,8202.5,-0.0060,3,0
43.3311,0.566276,59.987427,-0.007280,0.0000,1.0000,8206.5,-0.0065,3,0
43.3703,0.566383,59.987431,-0.007278,0.0000,1.0000,8213.3,-0.0070,3,0
43.4101,0.566491,59.987435,-0.007276,0.0000,1.0000,8217.4,-0.0076,3,0
43.4483,0.566598,59.987438,-0.007275,0.0000,1.0000,8226.4,-0.0083,3,0
43.4874,0.566705,59.987442,-0.007273,0.0000,1.0000,8231.2,-0.0090,3,0
43.5269,0.566812,59.987446,-0.007271,0.0000,1.0000,8235.1,-0.0099,3,0
43.5661,0.566920,59.987450,-0.007269,0.0000,1.0000,8241.4,-0.0107,3,0
43.6040,0.567027,59.987454,-0.007268,0.0000,1.0000,8252.0,-0.0116,3,0
43.6422,0.567135,59.987457,-0.007266,0.0000,1.0000,8258.9,-0.0125,3,0
43.6800,0.567243,59.987461,-0.007264,0.0000,1.0000,8268.5,-0.0135,3,0
43.7192,0.567351,59.987465,-0.007263,0.0000,1.0000,8272.9,-0.0145,3,0
43.7573,0.567458,59.987469,-0.007261,0.0000,1.0000,8282.1,-0.0154,3,0
43.7952,0.567566,59.987473,-0.007259,0.0000,1.0000,8290.5,-0.0163,3,0
43.8328,0.567675,59.987476,-0.007258,0.0000,1.0000,8300.2,-0.0172,3,0
43.8698,0.567783,59.987480,-0.007256,0.0000,1.0000,8311.2,-0.0180,3,0
43.9080,0.567891,59.987484,-0.007254,0.0000,1.0000,8318.6,-0.0188,3,0
43.9464,0.567999,59.987488,-0.007252,0.0000,1.0000,8326.2,-0.0194,3,0
43.9841,0.568108,59.987492,-0.007251,0.0000,1.0000,8333.6,-0.0201,3,0
44.0214,0.568217,59.987495,-0.007249,0.0000,1.0000,8343.1,-0.0206,3,0
44.0586,0.568325,59.987499,-0.007247,0.0000,1.0000,8353.5,-0.0213,3,0
44.0965,0.568434,59.987503,-0.007246,0.0000,1.0000,8362.9,-0.0220,3,0
44.1345,0.568543,59.987507,-0.007244,0.0000,1.0000,8370.7,-0.0227,3,0
44.1723,0.568652,59.987510,-0.007242,0.0000,1.0000,8377.4,-0.0236,3,0
44.2094,0.568761,59.987514,-0.007241,0.0000,1.0000,8387.8,-0.0245,3,0
44.2469,0.568870,59.987518,-0.007239,0.0000,1.0000,8396.5,-0.0255,3,0
44.2851,0.568979,59.987521,-0.007237,0.0000,1.0000,8403.0,-0.0266,3,0
44.3237,0.569089,59.987525,-0.007236,0.0000,1.0000,8406.9,-0.0278,3,0
44.3610,0.569198,59.987529,-0.007234,0.0000,1.0000,8415.1,-0.0289,3,0
44.3981,0.569307,59.987533,-0.007232,0.0000,1.0000,8423.3,-0.0301,3,0
44.4365,0.569417,59.987536,-0.007230,0.0000,1.0000,8425.8,-0.0313,3,0
44.4749,0.569527,59.987540,-0.007229,0.0000,1.0000,8430.8,-0.0324,3,0
44.5130,0.569637,59.987544,-0.007227,0.0000,1.0000,8434.5,-0.0334,3,0
44.5502,0.569746,59.987548,-0.007226,0.0000,1.0000,8440.6,-0.0340,3,0
44.5875,0.569856,59.987552,-0.007224,0.0000,1.0000,8446.0,-0.0347,3,0
44.6246,0.569966,59.987556,-0.007222,0.0000,1.0000,8453.0,-0.0352,3,0
44.6619,0.570077,59.987560,-0.007221,0.0000,1.0000,8459.7,-0.0354,3,0
44.6991,0.570187,59.987564,-0.007219,0.0000,1.0000,8464.7,-0.0354,3,0
44.7350,0.570297,59.987568,-0.007217,0.0000,1.0000,8474.7,-0.0351,3,0
44.7706,0.570408,59.987572,-0.007216,0.0000,1.0000,8486.6,-0.0347,3,0
44.8071,0.570518,59.987576,-0.007214,0.0000,1.0000,8495.9,-0.0341,3,0
44.8432,0.570629,59.987580,-0.007212,0.0000,1.0000,8506.5,-0.0334,3,0
44.8790,0.570739,59.987584,-0.007211,0.0000,1.0000,8515.4,-0.0325,3,0
44.9147,0.570850,59.987588,-0.007209,0.0000,1.0000,8524.4,-0.0315,3,0
44.9502,0.570961,59.987592,-0.007208,0.0000,1.0000,8534.7,-0.0305,3,0
44.9866,0.571072,59.987596,-0.007206,0.0000,1.0000,8542.7,-0.0295,3,0
45.0222,0.571183,59.987600,-0.007204,0.0000,1.0000,8552.1,-0.0285,3,0
45.0577,0.571294,59.987604,-0.007203,0.0000,1.0000,8559.6,-0.0274,3,0
45.0924,0.571405,59.987608,-0.007201,0.0000,1.0000,8571.0,-0.0264,3,0
45.1284,0.571517,59.987612,-0.007200,0.0000,1.0000,8578.1,-0.0256,3,0
45.1640,0.571628,59.987616,-0.007198,0.0000,1.0000,8586.8,-0.0248,3,0
45.1995,0.571740,59.987620,-0.007197,0.0000,1.0000,8593.9,-0.0240,3,0
45.2351,0.571851,59.987624,-0.007195,0.0000,1.0000,8599.1,-0.0233,3,0
45.2695,0.571963,59.987628,-0.007193,0.0000,1.0000,8610.2,-0.0227,3,0
45.3059,0.572075,59.987632,-0.007192,0.0000,1.0000,8613.8,-0.0222,3,0
45.3415,0.572186,59.987636,-0.007190,0.0000,1.0000,8621.7,-0.0217,3,0
45.3770,0.572298,59.987640,-0.007189,0.0000,1.0000,8626.3,-0.0213,3,0
45.4124,0.572410,59.987644,-0.007187,0.0000,1.0000,8630.5,-0.0210,3,0
45.4478,0.572522,59.987648,-0.007186,0.0000,1.0000,8637.1,-0.0209,3,0
45.4842,0.572635,59.987652,-0.007184,0.0000,1.0000,8639.1,-0.0209,3,0
45.5201,0.572747,59.987656,-0.007183,0.0000,1.0000,8642.3,-0.0209,3,0
45.5547,0.572859,59.987660,-0.007181,0.0000,1.0000,8648.2,-0.0211,3,0
45.5898,0.572972,59.987664,-0.007180,0.0000,1.0000,8652.6,-0.0214,3,0
45.6251,0.573084,59.987668,-0.007178,0.0000,1.0000,8657.1,-0.0218,3,0
45.6604,0.573197,59.987672,-0.007177,0.0000,1.0000,8660.8,-0.0223,3,0
45.6957,0.573310,59.987676,-0.007175,0.0000,1.0000,8663.7,-0.0228,3,0
45.7293,0.573422,59.987680,-0.007174,0.0000,1.0000,8670.7,-0.0233,3,0
45.7634,0.573535,59.987684,-0.007172,0.0000,1.0000,8676.8,-0.0239,3,0
45.7981,0.573648,59.987688,-0.007171,0.0000,1.0000,8681.0,-0.0246,3,0
45.8323,0.573761,59.987692,-0.007169,0.0000,1.0000,8688.0,-0.0253,3,0
45.8658,0.573874,59.987696,-0.007168,0.0000,1.0000,8695.1,-0.0260,3,0
45.8987,0.573988,59.987700,-0.007166,0.0000,1.0000,8702.6,-0.0267,3,0
45.9321,0.574101,59.987704,-0.007165,0.0000,1.0000,8711.8,-0.0275,3,0
45.9654,0.574214,59.987709,-0.007163,0.0000,1.0000,8720.9,-0.0283,3,0
45.9988,0.574328,59.987713,-0.007162,0.0000,1.0000,8727.6,-0.0290,3,0
46.0325,0.574441,59.987717,-0.007160,0.0000,1.0000,8731.2,-0.0296,3,0
46.0648,0.574555,59.987721,-0.007159,0.0000,1.0000,8741.3,-0.0303,3,0
46.0985,0.574669,59.987726,-0.007157,0.0000,1.0000,8746.9,-0.0311,3,0
46.1320,0.574782,59.987730,-0.007156,0.0000,1.0000,8752.7,-0.0318,3,0
46.1652,0.574896,59.987734,-0.007154,0.0000,1.0000,8758.6,-0.0324,3,0
46.1976,0.575010,59.987739,-0.007153,0.0000,1.0000,8765.9,-0.0330,3,0
46.2304,0.575124,59.987743,-0.007151,0.0000,1.0000,8771.4,-0.0336,3,0
46.2638,0.575238,59.987747,-0.007150,0.0000,1.0000,8776.6,-0.0342,3,0
46.2968,0.575353,59.987750,-0.007149,0.0000,1.0000,8781.4,-0.0347,3,0
46.3297,0.575467,59.987754,-0.007147,0.0000,1.0000,8784.3,-0.0349,3,0
46.3616,0.575581,59.987758,-0.007146,0.0000,1.0000,8790.7,-0.0352,3,0
46.3943,0.575696,59.987762,-0.007144,0.0000,1.0000,8796.3,-0.0353,3,0
46.4266,0.575810,59.987765,-0.007143,0.0000,1.0000,8803.2,-0.0351,3,0
46.4592,0.575925,59.987769,-0.007142,0.0000,1.0000,8806.5,-0.0348,3,0
46.4909,0.576039,59.987773,-0.007140,0.0000,1.0000,8812.6,-0.0345,3,0
46.5220,0.576154,59.987776,-0.007139,0.0000,1.0000,8822.9,-0.0343,3,0
46.5543,0.576269,59.987780,-0.007137,0.0000,1.0000,8828.9,-0.0340,3,0
46.5865,0.576384,59.987784,-0.007136,0.0000,1.0000,8834.6,-0.0338,3,0
46.6118,0.576499,59.987789,-0.007135,0.0000,0.0000,8812.3,-0.0334,3,0
46.6069,0.576614,59.987793,-0.007133,0.0000,0.0000,8764.1,-0.0330,3,0
46.5914,0.576729,59.987797,-0.007132,0.0000,0.0000,8716.2,-0.0324,3,0
46.5771,0.576844,59.987802,-0.007131,0.0000,0.0000,8668.4,-0.0317,3,0
46.5633,0.576958,59.987806,-0.007129,0.0000,0.0000,8409.2,-0.0308,4,0
46.6055,0.577073,59.987810,-0.007128,0.0000,0.0000,7517.5,-0.0298,4,0
46.6464,0.577188,59.987814,-0.007127,0.0000,1.0000,7374.5,-0.0288,4,0
46.6788,0.577304,59.987819,-0.007125,0.0000,1.0000,7379.3,-0.0278,4,0
46.7111,0.577419,59.987823,-0.007124,0.0000,1.0000,7381.2,-0.0266,4,0
46.7427,0.577534,59.987827,-0.007123,0.0000,1.0000,7383.1,-0.0255,4,0
46.7735,0.577649,59.987831,-0.007121,0.0000,1.0000,7387.4,-0.0244,4,0
46.8046,0.577765,59.987836,-0.007120,0.0000,1.0000,7392.3,-0.0235,4,0
46.8361,0.577880,59.987840,-0.007119,0.0000,1.0000,7395.3,-0.0228,4,0
46.8672,0.577996,59.987844,-0.007118,0.0000,1.0000,7398.8,-0.0223,4,0
46.8982,0.578112,59.987848,-0.007116,0.0000,1.0000,7399.7,-0.0219,4,0
46.9287,0.578227,59.987852,-0.007115,0.0000,1.0000,7404.5,-0.0218,4,0
46.9598,0.578343,59.987857,-0.007114,0.0000,1.0000,7408.0,-0.0220,4,0
46.9905,0.578459,59.987861,-0.007113,0.0000,1.0000,7412.8,-0.0224,4,0
47.0217,0.578575,59.987865,-0.007111,0.0000,1.0000,7414.0,-0.0230,4,0
47.0523,0.578691,59.987869,-0.007110,0.0000,1.0000,7417.0,-0.0238,4,0
47.0826,0.578807,59.987873,-0.007109,0.0000,1.0000,7423.4,-0.0249,4,0
47.1137,0.578923,59.987878,-0.007108,0.0000,1.0000,7427.3,-0.0260,4,0
47.1447,0.579040,59.987882,-0.007106,0.0000,1.0000,7430.2,-0.0272,4,0
47.1753,0.579156,59.987886,-0.007105,0.0000,1.0000,7432.8,-0.0286,4,0
47.2057,0.579273,59.987890,-0.007104,0.0000,1.0000,7437.5,-0.0300,4,0
47.2360,0.579389,59.987894,-0.007103,0.0000,1.0000,7444.2,-0.0315,4,0
47.2668,0.579506,59.987899,-0.007102,0.0000,1.0000,7448.4,-0.0328,4,0
47.2967,0.579622,59.987903,-0.007100,0.0000,1.0000,7453.1,-0.0341,4,0
47.3271,0.579739,59.987907,-0.007099,0.0000,1.0000,7456.7,-0.0353,4,0
47.3566,0.579856,59.987911,-0.007098,0.0000,1.0000,7465.7,-0.0365,4,0
47.3870,0.579973,59.987916,-0.007097,0.0000,1.0000,7472.0,-0.0376,4,0
47.4172,0.580090,59.987920,-0.007096,0.0000,1.0000,7477.0,-0.0385,4,0
47.4476,0.580207,59.987924,-0.007094,0.0000,1.0000,7480.2,-0.0391,4,0
47.4772,0.580324,59.987929,-0.007093,0.0000,1.0000,7487.2,-0.0396,4,0
47.5077,0.580441,59.987933,-0.007092,0.0000,1.0000,7493.1,-0.0400,4,0
47.5373,0.580558,59.987937,-0.007091,0.0000,1.0000,7500.6,-0.0401,4,0
47.5673,0.580676,59.987941,-0.007090,0.0000,1.0000,7505.2,-0.0399,4,0
47.5968,0.580793,59.987946,-0.007089,0.0000,1.0000,7510.8,-0.0395,4,0
47.6264,0.580910,59.987950,-0.007087,0.0000,1.0000,7518.3,-0.0388,4,0
47.6564,0.581028,59.987954,-0.007086,0.0000,1.0000,7525.0,-0.0380,4,0
47.6863,0.581146,59.987958,-0.007085,0.0000,1.0000,7529.4,-0.0368,4,0
47.7158,0.581263,59.987962,-0.007084,0.0000,1.0000,7534.3,-0.0353,4,0
47.7451,0.581381,59.987966,-0.007083,0.0000,1.0000,7542.5,-0.0338,4,0
47.7751,0.581499,59.987970,-0.007082,0.0000,1.0000,7548.7,-0.0321,4,0
47.8050,0.581617,59.987974,-0.007081,0.0000,1.0000,7553.5,-0.0301,4,0
47.8350,0.581735,59.987978,-0.007080,0.0000,1.0000,7556.7,-0.0280,4,0
47.8642,0.581853,59.987982,-0.007079,0.0000,1.0000,7564.0,-0.0260,4,0
47.8942,0.581971,59.987986,-0.007077,0.0000,1.0000,7569.0,-0.0240,4,0
47.9244,0.582089,59.987990,-0.007076,0.0000,1.0000,7574.1,-0.0221,4,0
47.9536,0.582207,59.987995,-0.007075,0.0000,1.0000,7579.8,-0.0201,4,0
47.9835,0.582326,59.987999,-0.007074,0.0000,1.0000,7582.1,-0.0182,4,0
48.0130,0.582444,59.988004,-0.007073,0.0000,1.0000,7588.8,-0.0166,4,0
48.0432,0.582563,59.988009,-0.007072,0.0000,1.0000,7593.5,-0.0150,4,0
48.0724,0.582681,59.988014,-0.007071,0.0000,1.0000,7599.7,-0.0135,4,0
48.1026,0.582800,59.988018,-0.007070,0.0000,1.0000,7600.4,-0.0122,4,0
48.1320,0.582919,59.988023,-0.007069,0.0000,1.0000,7606.2,-0.0110,4,0
48.1616,0.583037,59.988028,-0.007068,0.0000,1.0000,7612.9,-0.0100,4,0
48.1923,0.583156,59.988032,-0.007067,0.0000,1.0000,7614.4,-0.0091,4,0
48.2216,0.583275,59.988037,-0.007066,0.0000,1.0000,7619.1,-0.0084,4,0
48.2507,0.583394,59.988041,-0.007065,0.0000,1.0000,7625.2,-0.0077,4,0
48.2806,0.583513,59.988046,-0.007064,0.0000,1.0000,7630.2,-0.0073,4,0
48.3114,0.583632,59.988050,-0.007063,0.0000,1.0000,7630.9,-0.0069,4,0
48.3409,0.583752,59.988054,-0.007062,0.0000,1.0000,7634.8,-0.0066,4,0
48.3705,0.583871,59.988058,-0.007061,0.0000,1.0000,7637.8,-0.0063,4,0
48.3996,0.583990,59.988063,-0.007060,0.0000,1.0000,7644.6,-0.0062,4,0
48.4297,0.584110,59.988067,-0.007059,0.0000,1.0000,7646.9,-0.0062,4,0
48.4589,0.584229,59.988071,-0.007058,0.0000,1.0000,7651.0,-0.0061,4,0
48.4885,0.584349,59.988076,-0.007057,0.0000,1.0000,7652.4,-0.0062,4,0
48.5175,0.584469,59.988080,-0.007056,0.0000,1.0000,7656.3,-0.0063,4,0
48.5474,0.584588,59.988084,-0.007055,0.0000,1.0000,7659.4,-0.0066,4,0
48.5771,0.584708,59.988088,-0.007054,0.0000,1.0000,7661.5,-0.0070,4,0
48.6058,0.584828,59.988092,-0.007053,0.0000,1.0000,7665.7,-0.0073,4,0
48.6343,0.584948,59.988096,-0.007052,0.0000,1.0000,7671.7,-0.0077,4,0
48.6631,0.585068,59.988100,-0.007051,0.0000,1.0000,7678.4,-0.0082,4,0
48.6926,0.585188,59.988104,-0.007050,0.0000,1.0000,7682.7,-0.0087,4,0
48.7211,0.585308,59.988108,-0.007049,0.0000,1.0000,7688.1,-0.0094,4,0
48.7498,0.585429,59.988112,-0.007048,0.0000,1.0000,7691.7,-0.0101,4,0
48.7790,0.585549,59.988116,-0.007047,0.0000,1.0000,7695.3,-0.0110,4,0
48.8080,0.585669,59.988120,-0.007046,0.0000,1.0000,7701.2,-0.0119,4,0
48.8371,0.585790,59.988125,-0.007045,0.0000,1.0000,7704.3,-0.0129,4,0
48.8659,0.585910,59.988129,-0.007044,0.0000,1.0000,7707.3,-0.0139,4,0
48.8948,0.586031,59.988134,-0.007043,0.0000,1.0000,7710.1,-0.0150,4,0
48.9238,0.586152,59.988139,-0.007042,0.0000,1.0000,7714.1,-0.0163,4,0
48.9524,0.586272,59.988143,-0.007041,0.0000,1.0000,7718.2,-0.0177,4,0
48.9804,0.586393,59.988148,-0.007040,0.0000,1.0000,7721.6,-0.0192,4,0
49.0098,0.586514,59.988153,-0.007039,0.0000,1.0000,7719.9,-0.0208,4,0
49.0382,0.586635,59.988158,-0.007038,0.0000,1.0000,7724.6,-0.0226,4,0
49.0661,0.586756,59.988162,-0.007037,0.0000,1.0000,7730.2,-0.0244,4,0
49.0938,0.586877,59.988167,-0.007036,0.0000,1.0000,7736.1,-0.0261,4,0
49.1207,0.586998,59.988171,-0.007035,0.0000,1.0000,7743.1,-0.0279,4,0
49.1484,0.587119,59.988176,-0.007035,0.0000,1.0000,7749.2,-0.0297,4,0
49.1761,0.587241,59.988180,-0.007034,0.0000,1.0000,7756.8,-0.0315,4,0
49.2025,0.587362,59.988184,-0.007033,0.0000,1.0000,7767.3,-0.0331,4,0
49.2294,0.587483,59.988188,-0.007032,0.0000,1.0000,7772.1,-0.0344,4,0
49.2575,0.587605,59.988193,-0.007031,0.0000,1.0000,7775.5,-0.0356,4,0
49.2844,0.587727,59.988197,-0.007030,0.0000,1.0000,7784.9,-0.0365,4,0
49.3118,0.587848,59.988201,-0.007029,0.0000,1.0000,7791.0,-0.0371,4,0
49.3382,0.587970,59.988206,-0.007028,0.0000,1.0000,7798.0,-0.0373,4,0
49.3650,0.588092,59.988210,-0.007027,0.0000,1.0000,7802.3,-0.0373,4,0
49.3918,0.588213,59.988215,-0.007026,0.0000,1.0000,7811.6,-0.0370,4,0
49.4185,0.588335,59.988219,-0.007025,0.0000,1.0000,7819.0,-0.0363,4,0
49.4446,0.588457,59.988224,-0.007025,0.0000,1.0000,7824.8,-0.0352,4,0
49.4713,0.588579,59.988228,-0.007024,0.0000,1.0000,7828.5,-0.0339,4,0
49.4971,0.588701,59.988233,-0.007023,0.0000,1.0000,7838.1,-0.0325,4,0
49.5239,0.588824,59.988237,-0.007022,0.0000,1.0000,7844.4,-0.0308,4,0
49.5495,0.588946,59.988242,-0.007021,0.0000,1.0000,7853.3,-0.0289,4,0
49.5752,0.589068,59.988246,-0.007020,0.0000,1.0000,7859.0,-0.0271,4,0
49.6019,0.589190,59.988250,-0.007019,0.0000,1.0000,7864.8,-0.0255,4,0
49.6275,0.589313,59.988255,-0.007019,0.0000,1.0000,7875.5,-0.0240,4,0
49.6534,0.589435,59.988260,-0.007018,0.0000,1.0000,7882.3,-0.0225,4,0
49.6794,0.589558,59.988264,-0.007017,0.0000,1.0000,7887.2,-0.0212,4,0
49.7057,0.589680,59.988269,-0.007016,0.0000,1.0000,7892.4,-0.0201,4,0
49.7322,0.589803,59.988273,-0.007015,0.0000,1.0000,7898.5,-0.0194,4,0
49.7583,0.589926,59.988278,-0.007015,0.0000,1.0000,7904.9,-0.0186,4,0
49.7837,0.590049,59.988282,-0.007014,0.0000,1.0000,7910.9,-0.0181,4,0
49.8114,0.590171,59.988287,-0.007013,0.0000,1.0000,7909.6,-0.0177,4,0
49.8377,0.590294,59.988291,-0.007012,0.0000,1.0000,7915.9,-0.0176,4,0
49.8636,0.590417,59.988295,-0.007012,0.0000,1.0000,7923.4,-0.0176,4,0
49.8885,0.590540,59.988300,-0.007011,0.0000,1.0000,7931.7,-0.0175,4,0
49.9157,0.590664,59.988304,-0.007010,0.0000,1.0000,7930.2,-0.0176,4,0
49.9429,0.590787,59.988308,-0.007009,0.0000,1.0000,7931.2,-0.0179,4,0
49.9694,0.590910,59.988313,-0.007009,0.0000,1.0000,7936.4,-0.0182,4,0
49.9953,0.591033,59.988317,-0.007008,0.0000,1.0000,7938.8,-0.0186,4,0
50.0226,0.591157,59.988321,-0.007007,0.0000,1.0000,7935.3,-0.0190,4,0
50.0496,0.591280,59.988325,-0.007007,0.0000,1.0000,7936.8,-0.0197,4,0
50.0761,0.591404,59.988329,-0.007006,0.0000,1.0000,7941.0,-0.0205,4,0
50.1032,0.591527,59.988334,-0.007005,0.0000,1.0000,7939.4,-0.0216,4,0
50.1296,0.591651,59.988338,-0.007004,0.0000,1.0000,7939.0,-0.0228,4,0
50.1571,0.591775,59.988342,-0.007004,0.0000,1.0000,7936.0,-0.0244,4,0
50.1838,0.591898,59.988347,-0.007003,0.0000,1.0000,7938.6,-0.0262,4,0
50.2098,0.592022,59.988351,-0.007002,0.0000,1.0000,7940.9,-0.0280,4,0
50.2352,0.592146,59.988356,-0.007002,0.0000,1.0000,7943.2,-0.0299,4,0
50.2625,0.592270,59.988360,-0.007001,0.0000,1.0000,7938.3,-0.0319,4,0
50.2883,0.592394,59.988365,-0.007000,0.0000,1.0000,7941.7,-0.0338,4,0
50.3140,0.592518,59.988370,-0.007000,0.0000,1.0000,7942.9,-0.0355,4,0
50.3388,0.592642,59.988374,-0.006999,0.0000,1.0000,7945.5,-0.0370,4,0
50.3634,0.592767,59.988379,-0.006998,0.0000,1.0000,7947.9,-0.0382,4,0
50.3889,0.592891,59.988383,-0.006998,0.0000,1.0000,7949.7,-0.0392,4,0
50.4129,0.593015,59.988388,-0.006997,0.0000,1.0000,7955.7,-0.0398,4,0
50.4355,0.593140,59.988393,-0.006996,0.0000,1.0000,7965.2,-0.0400,4,0
50.4591,0.593264,59.988397,-0.006996,0.0000,1.0000,7967.7,-0.0396,4,0
50.4834,0.593389,59.988402,-0.006995,0.0000,1.0000,7972.7,-0.0390,4,0
50.5059,0.593513,59.988406,-0.006995,0.0000,1.0000,7984.3,-0.0379,4,0
50.5279,0.593638,59.988411,-0.006994,0.0000,1.0000,7993.8,-0.0364,4,0
50.5504,0.593762,59.988416,-0.006994,0.0000,1.0000,8000.2,-0.0345,4,0
50.5739,0.593887,59.988420,-0.006993,0.0000,1.0000,8007.2,-0.0326,4,0
50.5961,0.594012,59.988425,-0.006992,0.0000,1.0000,8019.3,-0.0306,4,0
50.6181,0.594137,59.988429,-0.006992,0.0000,1.0000,8030.0,-0.0284,4,0
50.6403,0.594262,59.988434,-0.006991,0.0000,1.0000,8038.9,-0.0262,4,0
50.6633,0.594387,59.988439,-0.006991,0.0000,1.0000,8047.6,-0.0243,4,0
50.6864,0.594512,59.988443,-0.006990,0.0000,1.0000,8058.4,-0.0226,4,0
50.7095,0.594637,59.988448,-0.006990,0.0000,1.0000,8065.6,-0.0211,4,0
50.7319,0.594762,59.988452,-0.006989,0.0000,1.0000,8073.0,-0.0198,4,0
50.7578,0.594887,59.988457,-0.006989,0.0000,1.0000,8071.7,-0.0189,4,0
50.7830,0.595012,59.988462,-0.006988,0.0000,1.0000,8074.0,-0.0182,4,0
50.8078,0.595138,59.988466,-0.006988,0.0000,1.0000,8077.0,-0.0178,4,0
50.8314,0.595263,59.988471,-0.006987,0.0000,1.0000,8082.5,-0.0174,4,0
50.8575,0.595388,59.988475,-0.006987,0.0000,1.0000,8078.5,-0.0173,4,0
50.8839,0.595514,59.988480,-0.006986,0.0000,1.0000,8076.1,-0.0173,4,0
50.9104,0.595640,59.988485,-0.006986,0.0000,1.0000,8071.9,-0.0175,4,0
50.9366,0.595765,59.988489,-0.006985,0.0000,1.0000,8064.9,-0.0177,4,0
50.9632,0.595891,59.988494,-0.006985,0.0000,1.0000,8056.2,-0.0179,4,0
50.9902,0.596017,59.988498,-0.006985,0.0000,1.0000,8049.5,-0.0183,4,0
51.0154,0.596142,59.988503,-0.006984,0.0000,1.0000,8048.4,-0.0186,4,0
51.0400,0.596268,59.988507,-0.006984,0.0000,1.0000,8047.1,-0.0189,4,0
51.0649,0.596394,59.988512,-0.006983,0.0000,1.0000,8045.4,-0.0192,4,0
51.0900,0.596520,59.988516,-0.006983,0.0000,1.0000,8043.4,-0.0195,4,0
51.1149,0.596646,59.988520,-0.006983,0.0000,1.0000,8042.6,-0.0197,4,0
51.1382,0.596773,59.988525,-0.006982,0.0000,1.0000,8046.3,-0.0198,4,0
51.1612,0.596899,59.988530,-0.006982,0.0000,1.0000,8048.9,-0.0199,4,0
51.1853,0.597025,59.988534,-0.006981,0.0000,1.0000,8050.2,-0.0199,4,0
51.2095,0.597151,59.988539,-0.006981,0.0000,1.0000,8050.7,-0.0199,4,0
51.2324,0.597278,59.988543,-0.006981,0.0000,1.0000,8055.0,-0.0196,4,0
51.2544,0.597404,59.988548,-0.006980,0.0000,1.0000,8061.4,-0.0193,4,0
51.2779,0.597531,59.988552,-0.006980,0.0000,1.0000,8065.7,-0.0191,4,0
51.3003,0.597657,59.988557,-0.006979,0.0000,1.0000,8073.8,-0.0187,4,0
51.3224,0.597784,59.988561,-0.006979,0.0000,1.0000,8082.0,-0.0183,4,0
51.3436,0.597910,59.988565,-0.006979,0.0000,1.0000,8092.2,-0.0179,4,0
51.3665,0.598037,59.988570,-0.006978,0.0000,1.0000,8095.9,-0.0175,4,0
51.3903,0.598164,59.988575,-0.006978,0.0000,1.0000,8099.2,-0.0171,4,0
51.4119,0.598291,59.988579,-0.006978,0.0000,1.0000,8107.4,-0.0168,4,0
51.4327,0.598417,59.988584,-0.006977,0.0000,1.0000,8118.0,-0.0164,4,0
51.4568,0.598544,59.988589,-0.006977,0.0000,1.0000,8118.9,-0.0162,4,0
51.4792,0.598671,59.988594,-0.006977,0.0000,1.0000,8126.1,-0.0160,4,0
51.5004,0.598798,59.988598,-0.006976,0.0000,1.0000,8137.7,-0.0159,4,0
51.5210,0.598925,59.988603,-0.006976,0.0000,1.0000,8148.4,-0.0158,4,0
51.5448,0.599053,59.988608,-0.006976,0.0000,1.0000,8148.6,-0.0159,4,0
51.5677,0.599180,59.988612,-0.006975,0.0000,1.0000,8152.6,-0.0162,4,0
51.5899,0.599307,59.988617,-0.006975,0.0000,1.0000,8158.9,-0.0165,4,0
51.6115,0.599434,59.988622,-0.006975,0.0000,1.0000,8164.0,-0.0170,4,0
51.6340,0.599562,59.988626,-0.006975,0.0000,1.0000,8167.3,-0.0176,4,0
51.6582,0.599689,59.988631,-0.006974,0.0000,1.0000,8167.6,-0.0184,4,0
51.6799,0.599817,59.988635,-0.006974,0.0000,1.0000,8176.5,-0.0192,4,0
51.7013,0.599944,59.988640,-0.006974,0.0000,1.0000,8183.8,-0.0201,4,0
51.7247,0.600072,59.988645,-0.006973,0.0000,1.0000,8185.1,-0.0210,4,0
51.7484,0.600199,59.988649,-0.006973,0.0000,1.0000,8188.3,-0.0221,4,0
51.7717,0.600327,59.988654,-0.006973,0.0000,1.0000,8191.4,-0.0231,4,0
51.7949,0.600455,59.988658,-0.006973,0.0000,1.0000,8191.7,-0.0241,4,0
51.8193,0.600583,59.988663,-0.006972,0.0000,1.0000,8188.1,-0.0253,4,0
51.8439,0.600710,59.988668,-0.006972,0.0000,1.0000,8182.6,-0.0263,4,0
51.8669,0.600838,59.988672,-0.006972,0.0000,1.0000,8182.3,-0.0273,4,0
51.8896,0.600966,59.988677,-0.006972,0.0000,1.0000,8179.9,-0.0280,4,0
51.9116,0.601094,59.988682,-0.006971,0.0000,1.0000,8178.2,-0.0285,4,0
51.9347,0.601222,59.988687,-0.006971,0.0000,1.0000,8176.3,-0.0288,4,0
51.9553,0.601351,59.988691,-0.006971,0.0000,1.0000,8183.3,-0.0288,4,0
51.9740,0.601479,59.988696,-0.006971,0.0000,1.0000,8196.2,-0.0284,4,0
51.9943,0.601607,59.988701,-0.006971,0.0000,1.0000,8204.8,-0.0279,4,0
52.0162,0.601735,59.988705,-0.006970,0.0000,1.0000,8210.0,-0.0272,4,0
52.0362,0.601864,59.988710,-0.006970,0.0000,1.0000,8220.7,-0.0263,4,0
52.0561,0.601992,59.988715,-0.006970,0.0000,1.0000,8230.5,-0.0251,4,0
52.0762,0.602120,59.988720,-0.006970,0.0000,1.0000,8240.7,-0.0240,4,0
52.0990,0.602249,59.988724,-0.006970,0.0000,1.0000,8241.7,-0.0229,4,0
52.1196,0.602378,59.988729,-0.006970,0.0000,1.0000,8252.3,-0.0217,4,0
52.1404,0.602506,59.988734,-0.006969,0.0000,1.0000,8259.1,-0.0206,4,0
52.1617,0.602635,59.988739,-0.006969,0.0000,1.0000,8263.7,-0.0197,4,0
52.1858,0.602764,59.988744,-0.006969,0.0000,1.0000,8261.6,-0.0192,4,0
52.2075,0.602892,59.988748,-0.006969,0.0000,1.0000,8268.4,-0.0188,4,0
52.2292,0.603021,59.988753,-0.006969,0.0000,1.0000,8271.2,-0.0186,4,0
52.2515,0.603150,59.988758,-0.006969,0.0000,1.0000,8272.6,-0.0186,4,0
52.2758,0.603279,59.988763,-0.006968,0.0000,1.0000,8268.3,-0.0190,4,0
52.3004,0.603408,59.988767,-0.006968,0.0000,1.0000,8261.4,-0.0194,4,0
52.3237,0.603537,59.988772,-0.006968,0.0000,1.0000,8258.3,-0.0200,4,0
52.3466,0.603666,59.988776,-0.006968,0.0000,1.0000,8256.2,-0.0207,4,0
52.3708,0.603795,59.988781,-0.006968,0.0000,1.0000,8251.3,-0.0216,4,0
52.3946,0.603925,59.988786,-0.006968,0.0000,1.0000,8248.0,-0.0225,4,0
52.4163,0.604054,59.988790,-0.006968,0.0000,1.0000,8250.5,-0.0236,4,0
52.4387,0.604183,59.988795,-0.006968,0.0000,1.0000,8249.2,-0.0248,4,0
52.4611,0.604313,59.988799,-0.006968,0.0000,1.0000,8247.5,-0.0261,4,0
52.4838,0.604442,59.988804,-0.006968,0.0000,1.0000,8247.4,-0.0274,4,0
52.5046,0.604571,59.988809,-0.006968,0.0000,1.0000,8250.0,-0.0286,4,0
52.5258,0.604701,59.988813,-0.006968,0.0000,1.0000,8249.7,-0.0297,4,0
52.5473,0.604831,59.988818,-0.006968,0.0000,1.0000,8252.8,-0.0308,4,0
52.5683,0.604960,59.988822,-0.006968,0.0000,1.0000,8257.6,-0.0317,4,0
52.5879,0.605090,59.988827,-0.006967,0.0000,1.0000,8265.0,-0.0324,4,0
52.6068,0.605220,59.988832,-0.006967,0.0000,1.0000,8276.6,-0.0328,4,0
52.6268,0.605350,59.988836,-0.006967,0.0000,1.0000,8287.1,-0.0332,4,0
52.6471,0.605479,59.988841,-0.006967,0.0000,1.0000,8293.0,-0.0334,4,0
52.6672,0.605609,59.988845,-0.006967,0.0000,1.0000,8299.9,-0.0334,4,0
52.6863,0.605739,59.988850,-0.006967,0.0000,1.0000,8308.5,-0.0334,4,0
52.7073,0.605869,59.988855,-0.006967,0.0000,1.0000,8315.3,-0.0333,4,0
52.7293,0.605999,59.988860,-0.006967,0.0000,1.0000,8315.6,-0.0330,4,0
52.7492,0.606129,59.988865,-0.006967,0.0000,1.0000,8324.4,-0.0325,4,0
52.7678,0.606260,59.988870,-0.006967,0.0000,1.0000,8335.1,-0.0320,4,0
52.7894,0.606390,59.988875,-0.006967,0.0000,1.0000,8339.2,-0.0314,4,0
52.8113,0.606520,59.988880,-0.006968,0.0000,1.0000,8341.3,-0.0308,4,0
52.8312,0.606650,59.988885,-0.006968,0.0000,1.0000,8348.5,-0.0301,4,0
52.8515,0.606781,59.988890,-0.006968,0.0000,1.0000,8355.1,-0.0293,4,0
52.8724,0.606911,59.988895,-0.006968,0.0000,1.0000,8362.0,-0.0286,4,0
52.8947,0.607042,59.988900,-0.006968,0.0000,1.0000,8364.9,-0.0279,4,0
52.9161,0.607172,59.988905,-0.006968,0.0000,1.0000,8368.4,-0.0272,4,0
52.9374,0.607303,59.988909,-0.006968,0.0000,1.0000,8373.6,-0.0266,4,0
52.9596,0.607433,59.988914,-0.006968,0.0000,1.0000,8374.9,-0.0263,4,0
52.9826,0.607564,59.988918,-0.006968,0.0000,1.0000,8373.3,-0.0261,4,0
53.0063,0.607695,59.988923,-0.006968,0.0000,1.0000,8366.2,-0.0261,4,0
53.0280,0.607826,59.988927,-0.006968,0.0000,1.0000,8365.4,-0.0261,4,0
53.0507,0.607956,59.988931,-0.006969,0.0000,1.0000,8362.1,-0.0261,4,0
53.0735,0.608087,59.988936,-0.006969,0.0000,1.0000,8359.2,-0.0262,4,0
53.0943,0.608218,59.988940,-0.006969,0.0000,1.0000,8362.3,-0.0262,4,0
53.1159,0.608349,59.988945,-0.006969,0.0000,1.0000,8360.5,-0.0260,4,0
53.1375,0.608480,59.988950,-0.006969,0.0000,1.0000,8363.5,-0.0257,4,0
53.1581,0.608611,59.988955,-0.006969,0.0000,1.0000,8370.7,-0.0252,4,0
53.1793,0.608743,59.988960,-0.006969,0.0000,1.0000,8374.1,-0.0245,4,0
53.1998,0.608874,59.988965,-0.006970,0.0000,1.0000,8379.2,-0.0236,4,0
53.2209,0.609005,59.988970,-0.006970,0.0000,1.0000,8385.8,-0.0227,4,0
53.2423,0.609136,59.988975,-0.006970,0.0000,1.0000,8391.2,-0.0217,4,0
53.2635,0.609268,59.988980,-0.006970,0.0000,1.0000,8394.6,-0.0207,4,0
53.2858,0.609399,59.988985,-0.006970,0.0000,1.0000,8393.2,-0.0196,4,0
53.3078,0.609531,59.988990,-0.006971,0.0000,1.0000,8396.6,-0.0187,4,0
53.3304,0.609662,59.988995,-0.006971,0.0000,1.0000,8394.8,-0.0178,4,0
53.3517,0.609794,59.989000,-0.006971,0.0000,1.0000,8398.5,-0.0170,4,0
53.3730,0.609925,59.989004,-0.006971,0.0000,1.0000,8401.1,-0.0162,4,0
53.3959,0.610057,59.989009,-0.006972,0.0000,1.0000,8399.1,-0.0154,4,0
53.4180,0.610189,59.989013,-0.006972,0.0000,1.0000,8401.3,-0.0147,4,0
53.4391,0.610321,59.989018,-0.006972,0.0000,1.0000,8404.9,-0.0140,4,0
53.4604,0.610453,59.989022,-0.006972,0.0000,1.0000,8407.4,-0.0134,4,0
53.4830,0.610584,59.989027,-0.006972,0.0000,1.0000,8408.5,-0.0130,4,0
53.5047,0.610716,59.989031,-0.006973,0.0000,1.0000,8413.1,-0.0126,4,0
53.5265,0.610848,59.989035,-0.006973,0.0000,1.0000,8414.2,-0.0124,4,0
53.5481,0.610981,59.989040,-0.006973,0.0000,1.0000,8418.5,-0.0123,4,0
53.5699,0.611113,59.989045,-0.006974,0.0000,1.0000,8422.9,-0.0123,4,0
53.5930,0.611245,59.989050,-0.006974,0.0000,1.0000,8420.9,-0.0125,4,0
53.6152,0.611377,59.989055,-0.006974,0.0000,1.0000,8422.1,-0.0129,4,0
53.6370,0.611509,59.989060,-0.006974,0.0000,1.0000,8424.7,-0.0133,4,0
53.6596,0.611642,59.989065,-0.006975,0.0000,1.0000,8424.4,-0.0139,4,0
53.6824,0.611774,59.989070,-0.006975,0.0000,1.0000,8424.5,-0.0147,4,0
53.7038,0.611907,59.989075,-0.006975,0.0000,1.0000,8428.3,-0.0155,4,0
53.7245,0.612039,59.989080,-0.006975,0.0000,1.0000,8434.2,-0.0166,4,0
53.7468,0.612172,59.989085,-0.006976,0.0000,1.0000,8434.9,-0.0178,4,0
53.7691,0.612304,59.989090,-0.006976,0.0000,1.0000,8436.4,-0.0189,4,0
53.7898,0.612437,59.989095,-0.006976,0.0000,1.0000,8441.6,-0.0201,4,0
53.8105,0.612570,59.989100,-0.006977,0.0000,1.0000,8447.3,-0.0212,4,0
53.8324,0.612702,59.989105,-0.006977,0.0000,1.0000,8452.2,-0.0223,4,0
53.8546,0.612835,59.989110,-0.006977,0.0000,1.0000,8454.2,-0.0232,4,0
53.8753,0.612968,59.989115,-0.006978,0.0000,1.0000,8460.2,-0.0239,4,0
53.8957,0.613101,59.989120,-0.006978,0.0000,1.0000,8468.7,-0.0246,4,0
53.9172,0.613234,59.989125,-0.006978,0.0000,1.0000,8474.9,-0.0251,4,0
53.9389,0.613367,59.989130,-0.006979,0.0000,1.0000,8478.8,-0.0254,4,0
53.9595,0.613500,59.989135,-0.006979,0.0000,1.0000,8485.4,-0.0256,4,0
53.9808,0.613633,59.989140,-0.006979,0.0000,1.0000,8491.6,-0.0259,4,0
54.0018,0.613767,59.989145,-0.006980,0.0000,1.0000,8500.2,-0.0261,4,0
54.0240,0.613900,59.989149,-0.006980,0.0000,1.0000,8502.1,-0.0263,4,0
54.0452,0.614033,59.989154,-0.006980,0.0000,1.0000,8507.8,-0.0265,4,0
54.0672,0.614167,59.989158,-0.006981,0.0000,1.0000,8511.0,-0.0268,4,0
54.0896,0.614300,59.989162,-0.006981,0.0000,1.0000,8512.7,-0.0271,4,0
54.1126,0.614433,59.989167,-0.006982,0.0000,1.0000,8510.9,-0.0274,4,0
54.1333,0.614567,59.989171,-0.006982,0.0000,1.0000,8516.8,-0.0277,4,0
54.1563,0.614700,59.989176,-0.006982,0.0000,1.0000,8514.5,-0.0280,4,0
54.1792,0.614834,59.989180,-0.006983,0.0000,1.0000,8513.0,-0.0283,4,0
54.2006,0.614968,59.989185,-0.006983,0.0000,1.0000,8515.5,-0.0285,4,0
54.2206,0.615102,59.989190,-0.006983,0.0000,1.0000,8522.0,-0.0286,4,0
54.2421,0.615235,59.989195,-0.006984,0.0000,1.0000,8525.5,-0.0286,4,0
54.2629,0.615369,59.989200,-0.006984,0.0000,1.0000,8534.1,-0.0286,4,0
54.2839,0.615503,59.989205,-0.006985,0.0000,1.0000,8539.7,-0.0283,4,0
54.3045,0.615637,59.989210,-0.006985,0.0000,1.0000,8546.3,-0.0280,4,0
54.3260,0.615771,59.989215,-0.006986,0.0000,1.0000,8552.4,-0.0277,4,0
54.3478,0.615905,59.989220,-0.006986,0.0000,1.0000,8557.5,-0.0273,4,0
54.3701,0.616039,59.989225,-0.006986,0.0000,1.0000,8557.6,-0.0269,4,0
54.3910,0.616173,59.989230,-0.006987,0.0000,1.0000,8563.7,-0.0266,4,0
54.4133,0.616307,59.989235,-0.006987,0.0000,1.0000,8565.8,-0.0264,4,0
54.4356,0.616442,59.989240,-0.006988,0.0000,1.0000,8567.1,-0.0264,4,0
54.4574,0.616576,59.989245,-0.006988,0.0000,1.0000,8568.9,-0.0263,4,0
54.4786,0.616710,59.989250,-0.006989,0.0000,1.0000,8571.9,-0.0263,4,0
54.5018,0.616845,59.989255,-0.006989,0.0000,1.0000,8568.5,-0.0265,4,0
54.5227,0.616979,59.989260,-0.006990,0.0000,1.0000,8574.6,-0.0266,4,0
54.5440,0.617114,59.989265,-0.006990,0.0000,1.0000,8576.7,-0.0266,4,0
54.5645,0.617248,59.989270,-0.006991,0.0000,1.0000,8583.4,-0.0266,4,0
54.5858,0.617383,59.989275,-0.006991,0.0000,1.0000,8589.0,-0.0265,4,0
54.6071,0.617518,59.989280,-0.006992,0.0000,1.0000,8593.1,-0.0262,4,0
54.6280,0.617653,59.989285,-0.006992,0.0000,1.0000,8597.1,-0.0257,4,0
54.6485,0.617787,59.989290,-0.006993,0.0000,1.0000,8603.4,-0.0252,4,0
54.6702,0.617922,59.989295,-0.006994,0.0000,1.0000,8607.8,-0.0246,4,0
54.6917,0.618057,59.989300,-0.006994,0.0000,1.0000,8611.5,-0.0238,4,0
54.7129,0.618192,59.989305,-0.006995,0.0000,1.0000,8615.7,-0.0229,4,0
54.7338,0.618327,59.989310,-0.006995,0.0000,1.0000,8622.3,-0.0218,4,0
54.7567,0.618462,59.989314,-0.006996,0.0000,1.0000,8623.7,-0.0208,4,0
54.7786,0.618597,59.989319,-0.006996,0.0000,1.0000,8627.4,-0.0195,4,0
54.8004,0.618732,59.989324,-0.006997,0.0000,1.0000,8629.6,-0.0182,4,0
54.8237,0.618868,59.989329,-0.006998,0.0000,1.0000,8627.4,-0.0169,4,0
54.8472,0.619003,59.989334,-0.006998,0.0000,1.0000,8624.5,-0.0155,4,0
54.8698,0.619138,59.989339,-0.006999,0.0000,1.0000,8623.2,-0.0141,4,0
54.8923,0.619274,59.989344,-0.006999,0.0000,1.0000,8620.9,-0.0126,4,0
54.9153,0.619409,59.989349,-0.007000,0.0000,1.0000,8619.5,-0.0112,4,0
54.9380,0.619545,59.989354,-0.007001,0.0000,1.0000,8619.0,-0.0099,4,0
54.9595,0.619680,59.989359,-0.007001,0.0000,1.0000,8622.0,-0.0085,4,0
54.9809,0.619816,59.989364,-0.007002,0.0000,1.0000,8626.5,-0.0074,4,0
55.0021,0.619951,59.989369,-0.007002,0.0000,1.0000,8633.3,-0.0063,4,0
55.0242,0.620087,59.989374,-0.007003,0.0000,1.0000,8637.8,-0.0054,4,0
55.0459,0.620223,59.989379,-0.007004,0.0000,1.0000,8641.9,-0.0047,4,0
55.0686,0.620359,59.989384,-0.007004,0.0000,1.0000,8642.3,-0.0039,4,0
55.0907,0.620495,59.989389,-0.007005,0.0000,1.0000,8646.8,-0.0033,4,0
55.1136,0.620630,59.989394,-0.007006,0.0000,1.0000,8646.5,-0.0026,4,0
55.1364,0.620766,59.989399,-0.007006,0.0000,1.0000,8645.4,-0.0022,4,0
55.1582,0.620903,59.989404,-0.007007,0.0000,1.0000,8649.4,-0.0020,4,0
55.1802,0.621039,59.989408,-0.007008,0.0000,1.0000,8651.4,-0.0019,4,0
55.2025,0.621175,59.989413,-0.007008,0.0000,0.0000,8639.4,-0.0020,4,0
55.1974,0.621311,59.989418,-0.007009,0.0000,0.0000,8592.0,-0.0023,4,0
55.1768,0.621447,59.989423,-0.007009,0.0000,0.0000,8544.8,-0.0027,4,0
55.1582,0.621583,59.989428,-0.007010,0.0000,0.0000,8497.8,-0.0031,4,0
55.1398,0.621719,59.989433,-0.007011,0.0000,0.0000,8450.9,-0.0036,4,0
55.1534,0.621855,59.989438,-0.007011,0.0000,0.0000,7559.0,-0.0039,5,0
55.1804,0.621991,59.989443,-0.007012,0.0000,1.0000,7449.9,-0.0044,5,0
55.2032,0.622127,59.989448,-0.007013,0.0000,1.0000,7448.2,-0.0048,5,0
55.2262,0.622264,59.989453,-0.007013,0.0000,1.0000,7448.2,-0.0052,5,0
55.2481,0.622400,59.989458,-0.007014,0.0000,1.0000,7449.3,-0.0054,5,0
55.2701,0.622536,59.989463,-0.007015,0.0000,1.0000,7450.0,-0.0056,5,0
55.2928,0.622673,59.989468,-0.007015,0.0000,1.0000,7448.5,-0.0058,5,0
55.3143,0.622809,59.989473,-0.007016,0.0000,1.0000,7450.0,-0.0058,5,0
55.3353,0.622945,59.989478,-0.007017,0.0000,1.0000,7450.7,-0.0058,5,0
55.3570,0.623082,59.989483,-0.007017,0.0000,1.0000,7451.3,-0.0058,5,0
55.3779,0.623219,59.989488,-0.007018,0.0000,1.0000,7455.8,-0.0058,5,0
55.3994,0.623355,59.989493,-0.007019,0.0000,1.0000,7455.3,-0.0058,5,0
55.4196,0.623492,59.989498,-0.007019,0.0000,1.0000,7460.5,-0.0057,5,0
55.4412,0.623629,59.989503,-0.007020,0.0000,1.0000,7462.6,-0.0057,5,0
55.4620,0.623765,59.989508,-0.007021,0.0000,1.0000,7467.2,-0.0057,5,0
55.4836,0.623902,59.989512,-0.007021,0.0000,1.0000,7467.6,-0.0057,5,0
55.5042,0.624039,59.989517,-0.007022,0.0000,1.0000,7472.4,-0.0057,5,0
55.5257,0.624176,59.989522,-0.007023,0.0000,1.0000,7473.7,-0.0057,5,0
55.5468,0.624313,59.989527,-0.007023,0.0000,1.0000,7478.3,-0.0057,5,0
55.5676,0.624450,59.989532,-0.007024,0.0000,1.0000,7481.4,-0.0056,5,0
55.5887,0.624587,59.989537,-0.007025,0.0000,1.0000,7484.9,-0.0055,5,0
55.6099,0.624725,59.989542,-0.007025,0.0000,1.0000,7489.8,-0.0053,5,0
55.6308,0.624862,59.989547,-0.007026,0.0000,1.0000,7494.7,-0.0051,5,0
55.6518,0.624999,59.989552,-0.007027,0.0000,1.0000,7497.3,-0.0048,5,0
55.6732,0.625136,59.989557,-0.007027,0.0000,1.0000,7502.2,-0.0045,5,0
55.6938,0.625274,59.989562,-0.007028,0.0000,1.0000,7510.2,-0.0042,5,0
55.7147,0.625411,59.989567,-0.007029,0.0000,1.0000,7514.4,-0.0039,5,0
55.7357,0.625549,59.989572,-0.007029,0.0000,1.0000,7518.4,-0.0036,5,0
55.7567,0.625686,59.989577,-0.007030,0.0000,1.0000,7524.5,-0.0032,5,0
55.7778,0.625824,59.989582,-0.007031,0.0000,1.0000,7528.5,-0.0030,5,0
55.7984,0.625961,59.989587,-0.007032,0.0000,1.0000,7533.9,-0.0026,5,0
55.8195,0.626099,59.989592,-0.007032,0.0000,1.0000,7536.7,-0.0024,5,0
55.8404,0.626237,59.989596,-0.007033,0.0000,1.0000,7541.8,-0.0022,5,0
55.8612,0.626374,59.989601,-0.007034,0.0000,1.0000,7548.6,-0.0022,5,0
55.8816,0.626512,59.989606,-0.007034,0.0000,1.0000,7556.0,-0.0021,5,0
55.9024,0.626650,59.989611,-0.007035,0.0000,1.0000,7562.4,-0.0022,5,0
55.9232,0.626788,59.989616,-0.007036,0.0000,1.0000,7570.6,-0.0024,5,0
55.9442,0.626926,59.989620,-0.007036,0.0000,1.0000,7578.1,-0.0028,5,0
55.9661,0.627064,59.989625,-0.007037,0.0000,1.0000,7579.3,-0.0032,5,0
55.9879,0.627202,59.989630,-0.007038,0.0000,1.0000,7582.4,-0.0037,5,0
56.0106,0.627340,59.989635,-0.007038,0.0000,1.0000,7583.2,-0.0042,5,0
56.0327,0.627479,59.989640,-0.007039,0.0000,1.0000,7585.5,-0.0046,5,0
56.0543,0.627617,59.989645,-0.007040,0.0000,1.0000,7588.9,-0.0051,5,0
56.0773,0.627755,59.989650,-0.007041,0.0000,1.0000,7586.9,-0.0055,5,0
56.1002,0.627894,59.989655,-0.007041,0.0000,1.0000,7587.1,-0.0060,5,0
56.1227,0.628032,59.989660,-0.007042,0.0000,1.0000,7587.2,-0.0063,5,0
56.1445,0.628170,59.989665,-0.007043,0.0000,1.0000,7588.6,-0.0067,5,0
56.1671,0.628309,59.989670,-0.007043,0.0000,1.0000,7590.4,-0.0070,5,0
56.1900,0.628448,59.989675,-0.007044,0.0000,1.0000,7590.9,-0.0073,5,0
56.2123,0.628586,59.989680,-0.007045,0.0000,1.0000,7592.7,-0.0076,5,0
56.2344,0.628725,59.989685,-0.007046,0.0000,1.0000,7595.3,-0.0079,5,0
56.2574,0.628864,59.989690,-0.007046,0.0000,1.0000,7595.3,-0.0082,5,0
56.2803,0.629003,59.989695,-0.007047,0.0000,1.0000,7594.5,-0.0085,5,0
56.3027,0.629141,59.989700,-0.007048,0.0000,1.0000,7595.0,-0.0089,5,0
56.3251,0.629280,59.989705,-0.007048,0.0000,1.0000,7595.3,-0.0092,5,0
56.3478,0.629419,59.989710,-0.007049,0.0000,1.0000,7596.4,-0.0095,5,0
56.3702,0.629558,59.989715,-0.007050,0.0000,1.0000,7597.4,-0.0098,5,0
56.3922,0.629697,59.989720,-0.007051,0.0000,1.0000,7598.6,-0.0101,5,0
56.4137,0.629837,59.989725,-0.007051,0.0000,1.0000,7602.9,-0.0103,5,0
56.4361,0.629976,59.989730,-0.007052,0.0000,1.0000,7603.7,-0.0104,5,0
56.4576,0.630115,59.989735,-0.007053,0.0000,1.0000,7606.2,-0.0105,5,0
56.4790,0.630254,59.989741,-0.007054,0.0000,1.0000,7609.4,-0.0105,5,0
56.5001,0.630394,59.989746,-0.007054,0.0000,1.0000,7615.3,-0.0105,5,0
56.5219,0.630533,59.989752,-0.007055,0.0000,1.0000,7619.2,-0.0105,5,0
56.5424,0.630673,59.989757,-0.007056,0.0000,1.0000,7627.1,-0.0103,5,0
56.5640,0.630812,59.989762,-0.007057,0.0000,1.0000,7629.8,-0.0102,5,0
56.5858,0.630952,59.989768,-0.007057,0.0000,1.0000,7634.2,-0.0102,5,0
56.6068,0.631091,59.989773,-0.007058,0.0000,1.0000,7640.4,-0.0101,5,0
56.6276,0.631231,59.989779,-0.007059,0.0000,1.0000,7645.5,-0.0100,5,0
56.6490,0.631371,59.989784,-0.007060,0.0000,1.0000,7649.9,-0.0099,5,0
56.6704,0.631510,59.989789,-0.007060,0.0000,1.0000,7657.4,-0.0099,5,0
56.6912,0.631650,59.989794,-0.007061,0.0000,1.0000,7666.0,-0.0097,5,0
56.7122,0.631790,59.989799,-0.007062,0.0000,1.0000,7673.2,-0.0096,5,0
56.7336,0.631930,59.989804,-0.007063,0.0000,1.0000,7680.8,-0.0095,5,0
56.7570,0.632070,59.989809,-0.007063,0.0000,1.0000,7681.5,-0.0094,5,0
56.7798,0.632210,59.989814,-0.007064,0.0000,1.0000,7683.0,-0.0093,5,0
56.8035,0.632350,59.989819,-0.007065,0.0000,1.0000,7680.7,-0.0092,5,0
56.8266,0.632490,59.989824,-0.007066,0.0000,1.0000,7681.8,-0.0092,5,0
56.8503,0.632631,59.989829,-0.007067,0.0000,1.0000,7680.8,-0.0092,5,0
56.8732,0.632771,59.989834,-0.007067,0.0000,1.0000,7680.1,-0.0092,5,0
56.8964,0.632911,59.989839,-0.007068,0.0000,1.0000,7679.3,-0.0092,5,0
56.9198,0.633052,59.989844,-0.007069,0.0000,1.0000,7678.9,-0.0092,5,0
56.9428,0.633192,59.989849,-0.007070,0.0000,1.0000,7680.6,-0.0092,5,0
56.9657,0.633333,59.989854,-0.007071,0.0000,1.0000,7680.6,-0.0092,5,0
56.9886,0.633473,59.989858,-0.007071,0.0000,1.0000,7682.2,-0.0093,5,0
57.0117,0.633614,59.989863,-0.007072,0.0000,1.0000,7683.4,-0.0094,5,0
57.0350,0.633754,59.989868,-0.007073,0.0000,1.0000,7683.5,-0.0095,5,0
57.0579,0.633895,59.989873,-0.007074,0.0000,1.0000,7684.4,-0.0097,5,0
57.0810,0.634036,59.989878,-0.007075,0.0000,1.0000,7685.5,-0.0099,5,0
57.1045,0.634177,59.989883,-0.007075,0.0000,1.0000,7686.3,-0.0101,5,0
57.1270,0.634318,59.989888,-0.007076,0.0000,1.0000,7689.1,-0.0105,5,0
57.1497,0.634459,59.989894,-0.007077,0.0000,1.0000,7691.6,-0.0108,5,0
57.1728,0.634600,59.989899,-0.007078,0.0000,1.0000,7693.2,-0.0111,5,0
57.1960,0.634741,59.989905,-0.007079,0.0000,1.0000,7694.8,-0.0115,5,0
57.2183,0.634882,59.989910,-0.007080,0.0000,1.0000,7697.3,-0.0117,5,0
57.2409,0.635023,59.989915,-0.007080,0.0000,1.0000,7699.3,-0.0118,5,0
57.2634,0.635164,59.989921,-0.007081,0.0000,1.0000,7702.8,-0.0119,5,0
57.2863,0.635306,59.989926,-0.007082,0.0000,1.0000,7704.0,-0.0119,5,0
57.3078,0.635447,59.989932,-0.007083,0.0000,1.0000,7709.9,-0.0117,5,0
57.3296,0.635588,59.989937,-0.007084,0.0000,1.0000,7716.5,-0.0114,5,0
57.3518,0.635730,59.989942,-0.007085,0.0000,1.0000,7722.8,-0.0111,5,0
57.3737,0.635871,59.989947,-0.007085,0.0000,1.0000,7728.7,-0.0107,5,0
57.3959,0.636013,59.989952,-0.007086,0.0000,1.0000,7732.5,-0.0103,5,0
57.4188,0.636154,59.989957,-0.007087,0.0000,1.0000,7735.8,-0.0099,5,0
57.4414,0.636296,59.989961,-0.007088,0.0000,1.0000,7741.2,-0.0095,5,0
57.4629,0.636438,59.989966,-0.007089,0.0000,1.0000,7748.8,-0.0093,5,0
57.4853,0.636580,59.989971,-0.007090,0.0000,1.0000,7753.7,-0.0091,5,0
57.5081,0.636722,59.989976,-0.007091,0.0000,1.0000,7759.2,-0.0090,5,0
57.5310,0.636863,59.989981,-0.007091,0.0000,1.0000,7762.4,-0.0090,5,0
57.5532,0.637005,59.989986,-0.007092,0.0000,1.0000,7767.5,-0.0090,5,0
57.5762,0.637147,59.989991,-0.007093,0.0000,1.0000,7770.6,-0.0090,5,0
57.6001,0.637289,59.989997,-0.007094,0.0000,1.0000,7772.3,-0.0090,5,0
57.6224,0.637432,59.990002,-0.007095,0.0000,1.0000,7777.7,-0.0089,5,0
57.6452,0.637574,59.990008,-0.007096,0.0000,1.0000,7779.9,-0.0088,5,0
57.6684,0.637716,59.990013,-0.007097,0.0000,1.0000,7782.6,-0.0085,5,0
57.6912,0.637858,59.990018,-0.007098,0.0000,1.0000,7786.1,-0.0083,5,0
57.7140,0.638001,59.990024,-0.007098,0.0000,1.0000,7788.1,-0.0080,5,0
57.7360,0.638143,59.990029,-0.007099,0.0000,1.0000,7794.1,-0.0077,5,0
57.7587,0.638286,59.990035,-0.007100,0.0000,1.0000,7798.9,-0.0074,5,0
57.7809,0.638428,59.990040,-0.007101,0.0000,1.0000,7804.4,-0.0071,5,0
57.8024,0.638571,59.990045,-0.007102,0.0000,1.0000,7810.0,-0.0070,5,0
57.8245,0.638713,59.990050,-0.007103,0.0000,1.0000,7814.9,-0.0069,5,0
57.8460,0.638856,59.990055,-0.007104,0.0000,1.0000,7822.3,-0.0069,5,0
57.8671,0.638999,59.990060,-0.007105,0.0000,1.0000,7828.9,-0.0069,5,0
57.8878,0.639141,59.990065,-0.007106,0.0000,1.0000,7836.8,-0.0070,5,0
57.9090,0.639284,59.990070,-0.007107,0.0000,1.0000,7845.6,-0.0071,5,0
57.9310,0.639427,59.990075,-0.007108,0.0000,1.0000,7853.3,-0.0073,5,0
57.9515,0.639570,59.990080,-0.007108,0.0000,1.0000,7863.5,-0.0074,5,0
57.9735,0.639713,59.990085,-0.007109,0.0000,1.0000,7870.9,-0.0075,5,0
57.9962,0.639856,59.990090,-0.007110,0.0000,1.0000,7878.9,-0.0076,5,0
58.0190,0.639999,59.990095,-0.007111,0.0000,1.0000,7883.7,-0.0077,5,0
58.0426,0.640142,59.990101,-0.007112,0.0000,1.0000,7883.4,-0.0077,5,0
58.0677,0.640286,59.990106,-0.007113,0.0000,1.0000,7878.9,-0.0077,5,0
58.0924,0.640429,59.990111,-0.007114,0.0000,1.0000,7877.1,-0.0076,5,0
58.1163,0.640572,59.990116,-0.007115,0.0000,1.0000,7875.3,-0.0075,5,0
58.1407,0.640716,59.990122,-0.007116,0.0000,1.0000,7872.3,-0.0075,5,0
58.1651,0.640859,59.990127,-0.007117,0.0000,1.0000,7872.4,-0.0075,5,0
58.1895,0.641003,59.990132,-0.007118,0.0000,1.0000,7871.8,-0.0075,5,0
58.2135,0.641146,59.990138,-0.007119,0.0000,1.0000,7870.9,-0.0076,5,0
58.2374,0.641290,59.990143,-0.007120,0.0000,1.0000,7870.6,-0.0077,5,0
58.2619,0.641434,59.990148,-0.007120,0.0000,1.0000,7868.2,-0.0079,5,0
58.2853,0.641577,59.990154,-0.007121,0.0000,1.0000,7867.4,-0.0081,5,0
58.3089,0.641721,59.990159,-0.007122,0.0000,1.0000,7864.0,-0.0083,5,0
58.3323,0.641865,59.990164,-0.007123,0.0000,1.0000,7863.2,-0.0083,5,0
58.3549,0.642009,59.990170,-0.007124,0.0000,1.0000,7865.4,-0.0083,5,0
58.3766,0.642153,59.990175,-0.007125,0.0000,1.0000,7869.6,-0.0080,5,0
58.3976,0.642297,59.990180,-0.007126,0.0000,1.0000,7875.4,-0.0076,5,0
58.4194,0.642441,59.990185,-0.007127,0.0000,1.0000,7882.7,-0.0071,5,0
58.4402,0.642585,59.990191,-0.007128,0.0000,1.0000,7892.0,-0.0063,5,0
58.4608,0.642729,59.990196,-0.007129,0.0000,1.0000,7900.8,-0.0055,5,0
58.4827,0.642874,59.990201,-0.007130,0.0000,1.0000,7906.5,-0.0046,5,0
58.5045,0.643018,59.990206,-0.007131,0.0000,1.0000,7912.9,-0.0037,5,0
58.5257,0.643162,59.990211,-0.007132,0.0000,1.0000,7920.6,-0.0027,5,0
58.5468,0.643307,59.990216,-0.007133,0.0000,1.0000,7927.3,-0.0016,5,0
58.5694,0.643451,59.990221,-0.007134,0.0000,1.0000,7932.1,-0.0007,5,0
58.5917,0.643596,59.990226,-0.007135,0.0000,1.0000,7937.8,0.0004,5,0
58.6138,0.643740,59.990231,-0.007136,0.0000,1.0000,7942.6,0.0016,5,0
58.6367,0.643885,59.990236,-0.007137,0.0000,1.0000,7944.9,0.0030,5,0
58.6609,0.644030,59.990241,-0.007138,0.0000,1.0000,7946.3,0.0046,5,0
58.6842,0.644174,59.990246,-0.007139,0.0000,1.0000,7947.8,0.0066,5,0
58.7075,0.644319,59.990251,-0.007140,0.0000,1.0000,7949.2,0.0091,5,0
58.7313,0.644464,59.990257,-0.007141,0.0000,1.0000,7948.3,0.0121,5,0
58.7552,0.644609,59.990262,-0.007142,0.0000,1.0000,7948.8,0.0154,5,0
58.7786,0.644754,59.990268,-0.007143,0.0000,1.0000,7947.3,0.0193,5,0
58.8020,0.644899,59.990273,-0.007144,0.0000,1.0000,7945.9,0.0234,5,0
58.8244,0.645044,59.990278,-0.007145,0.0000,1.0000,7947.7,0.0278,5,0
58.8481,0.645189,59.990284,-0.007146,0.0000,1.0000,7941.8,0.0322,5,0
58.8702,0.645334,59.990289,-0.007147,0.0000,1.0000,7939.8,0.0362,5,0
58.8924,0.645480,59.990295,-0.007148,0.0000,1.0000,7937.5,0.0399,5,0
58.9129,0.645625,59.990300,-0.007149,0.0000,1.0000,7944.9,0.0431,5,0
58.9330,0.645770,59.990305,-0.007150,0.0000,1.0000,7952.1,0.0452,5,0
58.9501,0.645916,59.990311,-0.007151,0.0000,1.0000,7967.1,0.0464,5,0
58.9689,0.646061,59.990316,-0.007151,0.0000,1.0000,7983.0,0.0469,5,0
58.9879,0.646207,59.990321,-0.007152,0.0000,1.0000,7996.1,0.0463,5,0
59.0067,0.646352,59.990327,-0.007153,0.0000,1.0000,8005.0,0.0447,5,0
59.0248,0.646498,59.990332,-0.007154,0.0000,1.0000,8020.0,0.0430,5,0
59.0424,0.646643,59.990337,-0.007155,0.0000,1.0000,8040.3,0.0407,5,0
59.0608,0.646789,59.990342,-0.007156,0.0000,1.0000,8052.9,0.0379,5,0
59.0789,0.646935,59.990348,-0.007157,0.0000,1.0000,8061.8,0.0350,5,0
59.0984,0.647080,59.990353,-0.007158,0.0000,1.0000,8070.2,0.0322,5,0
59.1178,0.647226,59.990358,-0.007159,0.0000,1.0000,8078.9,0.0294,5,0
59.1355,0.647372,59.990364,-0.007160,0.0000,1.0000,8087.4,0.0265,5,0
59.1540,0.647518,59.990369,-0.007160,0.0000,1.0000,8096.0,0.0239,5,0
59.1734,0.647664,59.990374,-0.007161,0.0000,1.0000,8103.6,0.0217,5,0
59.1930,0.647810,59.990380,-0.007162,0.0000,1.0000,8112.4,0.0194,5,0
59.2106,0.647956,59.990385,-0.007163,0.0000,1.0000,8124.1,0.0171,5,0
59.2304,0.648102,59.990390,-0.007164,0.0000,1.0000,8133.9,0.0155,5,0
59.2508,0.648248,59.990395,-0.007165,0.0000,1.0000,8142.8,0.0140,5,0
59.2720,0.648394,59.990401,-0.007165,0.0000,1.0000,8144.1,0.0126,5,0
59.2954,0.648541,59.990406,-0.007166,0.0000,1.0000,8138.4,0.0114,5,0
59.3204,0.648687,59.990411,-0.007167,0.0000,1.0000,8133.6,0.0107,5,0
59.3438,0.648833,59.990417,-0.007168,0.0000,1.0000,8130.7,0.0101,5,0
59.3673,0.648980,59.990422,-0.007168,0.0000,1.0000,8123.7,0.0097,5,0
59.3916,0.649126,59.990428,-0.007169,0.0000,1.0000,8116.7,0.0096,5,0
59.4173,0.649273,59.990433,-0.007170,0.0000,1.0000,8102.8,0.0096,5,0
59.4413,0.649419,59.990438,-0.007170,0.0000,1.0000,8090.6,0.0095,5,0
59.4650,0.649566,59.990444,-0.007171,0.0000,1.0000,8077.4,0.0093,5,0
59.4890,0.649713,59.990449,-0.007172,0.0000,1.0000,8068.0,0.0091,5,0
59.5112,0.649860,59.990455,-0.007173,0.0000,1.0000,8064.0,0.0085,5,0
59.5323,0.650007,59.990460,-0.007173,0.0000,1.0000,8061.9,0.0077,5,0
59.5526,0.650153,59.990465,-0.007174,0.0000,1.0000,8065.5,0.0066,5,0
59.5730,0.650300,59.990471,-0.007175,0.0000,1.0000,8070.2,0.0052,5,0
59.5938,0.650447,59.990476,-0.007175,0.0000,1.0000,8070.5,0.0036,5,0
59.6131,0.650594,59.990481,-0.007176,0.0000,1.0000,8074.9,0.0017,5,0
59.6316,0.650741,59.990486,-0.007176,0.0000,1.0000,8084.6,-0.0001,5,0
59.6515,0.650889,59.990492,-0.007177,0.0000,1.0000,8087.3,-0.0023,5,0
59.6707,0.651036,59.990497,-0.007178,0.0000,1.0000,8089.5,-0.0046,5,0
59.6898,0.651183,59.990502,-0.007178,0.0000,1.0000,8094.7,-0.0069,5,0
59.7092,0.651330,59.990508,-0.007179,0.0000,1.0000,8101.0,-0.0094,5,0
59.7279,0.651478,59.990513,-0.007180,0.0000,1.0000,8106.4,-0.0120,5,0
59.7455,0.651625,59.990518,-0.007180,0.0000,1.0000,8115.6,-0.0146,5,0
59.7644,0.651772,59.990524,-0.007181,0.0000,1.0000,8124.1,-0.0175,5,0
59.7831,0.651920,59.990529,-0.007182,0.0000,1.0000,8130.5,-0.0203,5,0
59.8005,0.652067,59.990534,-0.007182,0.0000,1.0000,8139.6,-0.0231,5,0
59.8188,0.652215,59.990539,-0.007183,0.0000,1.0000,8146.2,-0.0259,5,0
59.8387,0.652362,59.990545,-0.007184,0.0000,1.0000,8150.1,-0.0290,5,0
59.8570,0.652510,59.990550,-0.007184,0.0000,1.0000,8155.9,-0.0319,5,0
59.8747,0.652658,59.990555,-0.007185,0.0000,1.0000,8162.2,-0.0348,5,0
59.8936,0.652805,59.990561,-0.007186,0.0000,1.0000,8169.3,-0.0379,5,0
59.9137,0.652953,59.990566,-0.007186,0.0000,1.0000,8169.2,-0.0408,5,0
59.9318,0.653101,59.990571,-0.007187,0.0000,1.0000,8172.0,-0.0434,5,0
59.9495,0.653249,59.990577,-0.007188,0.0000,1.0000,8178.3,-0.0460,5,0
59.9689,0.653397,59.990582,-0.007188,0.0000,1.0000,8179.8,-0.0486,5,0
59.9870,0.653545,59.990588,-0.007189,0.0000,1.0000,8181.1,-0.0507,5,0
60.0040,0.653693,59.990593,-0.007190,0.0000,1.0000,8186.0,-0.0525,5,0
60.0228,0.653841,59.990598,-0.007191,0.0000,1.0000,8188.4,-0.0544,5,0
60.0409,0.653989,59.990604,-0.007191,0.0000,1.0000,8192.3,-0.0561,5,0
60.0568,0.654137,59.990609,-0.007192,0.0000,1.0000,8200.4,-0.0572,5,0
60.0742,0.654285,59.990615,-0.007193,0.0000,1.0000,8204.7,-0.0583,5,0
60.0922,0.654433,59.990620,-0.007193,0.0000,1.0000,8207.2,-0.0595,5,0
60.1091,0.654582,59.990625,-0.007194,0.0000,1.0000,8209.1,-0.0600,5,0
60.1250,0.654730,59.990631,-0.007195,0.0000,1.0000,8213.0,-0.0602,5,0
60.1418,0.654878,59.990636,-0.007196,0.0000,1.0000,8218.3,-0.0604,5,0
60.1593,0.655027,59.990641,-0.007197,0.0000,1.0000,8219.0,-0.0605,5,0
60.1744,0.655175,59.990646,-0.007198,0.0000,1.0000,8225.5,-0.0601,5,0
60.1907,0.655324,59.990652,-0.007199,0.0000,1.0000,8231.3,-0.0596,5,0
60.2076,0.655472,59.990657,-0.007200,0.0000,1.0000,8235.8,-0.0593,5,0
60.2247,0.655621,59.990662,-0.007200,0.0000,1.0000,8237.3,-0.0588,5,0
60.2397,0.655769,59.990668,-0.007201,0.0000,1.0000,8240.3,-0.0586,5,0
60.2565,0.655918,59.990673,-0.007202,0.0000,1.0000,8242.3,-0.0587,5,0
60.2724,0.656067,59.990678,-0.007203,0.0000,1.0000,8243.5,-0.0590,5,0
60.2877,0.656215,59.990684,-0.007204,0.0000,1.0000,8247.0,-0.0594,5,0
60.3012,0.656364,59.990689,-0.007205,0.0000,1.0000,8249.8,-0.0599,5,0
60.3137,0.656513,59.990694,-0.007206,0.0000,1.0000,8253.1,-0.0605,5,0
60.3278,0.656662,59.990700,-0.007208,0.0000,1.0000,8256.3,-0.0608,5,0
60.3413,0.656810,59.990705,-0.007209,0.0000,1.0000,8262.3,-0.0612,5,0
60.3541,0.656959,59.990710,-0.007210,0.0000,1.0000,8268.4,-0.0617,5,0
60.3712,0.657108,59.990715,-0.007211,0.0000,1.0000,8269.7,-0.0619,5,0
60.3874,0.657257,59.990721,-0.007212,0.0000,1.0000,8273.6,-0.0620,5,0
60.4044,0.657406,59.990726,-0.007213,0.0000,1.0000,8275.7,-0.0625,5,0
60.4205,0.657555,59.990732,-0.007214,0.0000,1.0000,8278.3,-0.0632,5,0
60.4357,0.657704,59.990738,-0.007215,0.0000,1.0000,8279.3,-0.0640,5,0
60.4507,0.657853,59.990743,-0.007217,0.0000,1.0000,8279.2,-0.0650,5,0
60.4655,0.658002,59.990749,-0.007218,0.0000,1.0000,8278.5,-0.0659,5,0
60.4793,0.658152,59.990755,-0.007219,0.0000,1.0000,8276.3,-0.0665,5,0
60.4924,0.658301,59.990761,-0.007221,0.0000,1.0000,8279.0,-0.0666,5,0
60.5062,0.658450,59.990767,-0.007222,0.0000,1.0000,8280.8,-0.0667,5,0
60.5203,0.658599,59.990772,-0.007223,0.0000,1.0000,8283.9,-0.0665,5,0
60.5341,0.658749,59.990778,-0.007225,0.0000,1.0000,8289.3,-0.0658,5,0
60.5481,0.658898,59.990784,-0.007226,0.0000,1.0000,8292.9,-0.0651,5,0
60.5628,0.659047,59.990789,-0.007227,0.0000,1.0000,8295.1,-0.0643,5,0
60.5775,0.659197,59.990795,-0.007229,0.0000,1.0000,8297.7,-0.0634,5,0
60.5920,0.659346,59.990800,-0.007230,0.0000,1.0000,8300.3,-0.0625,5,0
60.6059,0.659496,59.990805,-0.007232,0.0000,1.0000,8305.9,-0.0619,5,0
60.6213,0.659645,59.990810,-0.007233,0.0000,1.0000,8308.7,-0.0616,5,0
60.6363,0.659795,59.990816,-0.007235,0.0000,1.0000,8310.5,-0.0612,5,0
60.6525,0.659944,59.990821,-0.007236,0.0000,1.0000,8311.2,-0.0612,5,0
60.6694,0.660094,59.990826,-0.007238,0.0000,1.0000,8312.2,-0.0616,5,0
60.6857,0.660244,59.990832,-0.007239,0.0000,1.0000,8310.2,-0.0619,5,0
60.7009,0.660393,59.990837,-0.007241,0.0000,1.0000,8308.8,-0.0622,5,0
60.7160,0.660543,59.990842,-0.007243,0.0000,1.0000,8305.0,-0.0625,5,0
60.7304,0.660693,59.990848,-0.007245,0.0000,1.0000,8302.7,-0.0626,5,0
60.7433,0.660843,59.990853,-0.007246,0.0000,1.0000,8304.6,-0.0621,5,0
60.7574,0.660993,59.990858,-0.007248,0.0000,1.0000,8305.8,-0.0617,5,0
60.7725,0.661142,59.990864,-0.007250,0.0000,1.0000,8309.8,-0.0610,5,0
60.7867,0.661292,59.990869,-0.007251,0.0000,1.0000,8313.0,-0.0601,5,0
60.8022,0.661442,59.990874,-0.007253,0.0000,1.0000,8316.2,-0.0593,5,0
60.8182,0.661592,59.990879,-0.007255,0.0000,1.0000,8317.8,-0.0586,5,0
60.8348,0.661742,59.990885,-0.007257,0.0000,1.0000,8316.6,-0.0579,5,0
60.8512,0.661893,59.990890,-0.007258,0.0000,1.0000,8315.2,-0.0573,5,0
60.8667,0.662043,59.990895,-0.007260,0.0000,1.0000,8314.3,-0.0571,5,0
60.8829,0.662193,59.990901,-0.007262,0.0000,1.0000,8313.1,-0.0568,5,0
60.8992,0.662343,59.990906,-0.007264,0.0000,1.0000,8310.0,-0.0565,5,0
60.9153,0.662493,59.990912,-0.007266,0.0000,1.0000,8308.8,-0.0564,5,0
60.9303,0.662644,59.990917,-0.007268,0.0000,1.0000,8310.1,-0.0560,5,0
60.9464,0.662794,59.990922,-0.007270,0.0000,1.0000,8306.9,-0.0553,5,0
60.9616,0.662944,59.990928,-0.007272,0.0000,1.0000,8306.7,-0.0542,5,0
60.9767,0.663095,59.990933,-0.007274,0.0000,1.0000,8308.1,-0.0530,5,0
60.9908,0.663245,59.990939,-0.007276,0.0000,1.0000,8310.6,-0.0513,5,0
61.0070,0.663396,59.990944,-0.007278,0.0000,1.0000,8309.1,-0.0494,5,0
61.0220,0.663546,59.990949,-0.007280,0.0000,1.0000,8313.7,-0.0474,5,0
61.0366,0.663697,59.990955,-0.007282,0.0000,1.0000,8317.1,-0.0454,5,0
61.0539,0.663847,59.990960,-0.007284,0.0000,1.0000,8319.7,-0.0434,5,0
61.0687,0.663998,59.990965,-0.007286,0.0000,1.0000,8320.2,-0.0414,5,0
61.0841,0.664148,59.990971,-0.007288,0.0000,1.0000,8322.8,-0.0394,5,0
61.0995,0.664299,59.990976,-0.007291,0.0000,1.0000,8324.2,-0.0374,5,0
61.1150,0.664450,59.990981,-0.007293,0.0000,1.0000,8323.3,-0.0353,5,0
61.1307,0.664601,59.990986,-0.007295,0.0000,1.0000,8325.1,-0.0333,5,0
61.1460,0.664751,59.990992,-0.007297,0.0000,1.0000,8328.0,-0.0311,5,0
61.1620,0.664902,59.990997,-0.007299,0.0000,1.0000,8326.1,-0.0288,5,0
61.1779,0.665053,59.991002,-0.007301,0.0000,1.0000,8327.4,-0.0264,5,0
61.1941,0.665204,59.991008,-0.007304,0.0000,1.0000,8329.4,-0.0240,5,0
61.2095,0.665355,59.991013,-0.007306,0.0000,1.0000,8333.4,-0.0213,5,0
61.2263,0.665506,59.991018,-0.007308,0.0000,1.0000,8330.2,-0.0184,5,0
61.2429,0.665657,59.991023,-0.007311,0.0000,1.0000,8330.8,-0.0154,5,0
61.2591,0.665808,59.991029,-0.007313,0.0000,1.0000,8332.8,-0.0122,5,0
61.2763,0.665959,59.991034,-0.007315,0.0000,1.0000,8328.6,-0.0088,5,0
61.2933,0.666111,59.991039,-0.007317,0.0000,1.0000,8326.9,-0.0053,5,0
61.3102,0.666262,59.991045,-0.007320,0.0000,1.0000,8326.5,-0.0018,5,0
61.3263,0.666413,59.991050,-0.007322,0.0000,1.0000,8327.9,0.0018,5,0
61.3435,0.666564,59.991055,-0.007324,0.0000,1.0000,8324.1,0.0054,5,0
61.3605,0.666716,59.991061,-0.007327,0.0000,1.0000,8322.7,0.0088,5,0
61.3776,0.666867,59.991066,-0.007329,0.0000,1.0000,8319.8,0.0121,5,0
61.3953,0.667019,59.991072,-0.007332,0.0000,1.0000,8315.1,0.0152,5,0
61.4108,0.667170,59.991077,-0.007334,0.0000,1.0000,8319.6,0.0181,5,0
61.4284,0.667322,59.991082,-0.007336,0.0000,1.0000,8315.0,0.0208,5,0
61.4440,0.667473,59.991088,-0.007339,0.0000,1.0000,8318.1,0.0233,5,0
61.4600,0.667625,59.991093,-0.007341,0.0000,1.0000,8318.6,0.0259,5,0
61.4762,0.667776,59.991099,-0.007343,0.0000,1.0000,8318.5,0.0285,5,0
61.4925,0.667928,59.991104,-0.007346,0.0000,1.0000,8319.1,0.0313,5,0
61.5071,0.668080,59.991110,-0.007348,0.0000,1.0000,8325.4,0.0343,5,0
61.5190,0.668231,59.991115,-0.007350,0.0000,1.0000,8342.4,0.0376,5,0
61.5341,0.668383,59.991121,-0.007353,0.0000,1.0000,8346.0,0.0411,5,0
61.5503,0.668535,59.991126,-0.007355,0.0000,1.0000,8345.7,0.0448,5,0
61.5637,0.668687,59.991132,-0.007358,0.0000,1.0000,8354.6,0.0486,5,0
61.5757,0.668839,59.991138,-0.007360,0.0000,1.0000,8367.3,0.0524,5,0
61.5902,0.668991,59.991143,-0.007362,0.0000,1.0000,8371.3,0.0562,5,0
61.6040,0.669143,59.991149,-0.007365,0.0000,1.0000,8376.3,0.0596,5,0
61.6176,0.669295,59.991154,-0.007367,0.0000,1.0000,8381.3,0.0625,5,0
61.6312,0.669447,59.991160,-0.007369,0.0000,1.0000,8386.8,0.0651,5,0
61.6451,0.669599,59.991166,-0.007372,0.0000,1.0000,8391.9,0.0673,5,0
61.6585,0.669751,59.991171,-0.007374,0.0000,1.0000,8397.2,0.0691,5,0
61.6720,0.669903,59.991177,-0.007376,0.0000,1.0000,8399.1,0.0707,5,0
61.6854,0.670055,59.991182,-0.007378,0.0000,1.0000,8403.4,0.0723,5,0
61.6963,0.670207,59.991187,-0.007380,0.0000,1.0000,8408.0,0.0739,5,0
61.7083,0.670359,59.991193,-0.007383,0.0000,1.0000,8414.0,0.0756,5,0
61.7190,0.670512,59.991198,-0.007385,0.0000,1.0000,8416.8,0.0775,5,0
61.7310,0.670664,59.991204,-0.007387,0.0000,1.0000,8424.2,0.0795,5,0
61.7438,0.670816,59.991209,-0.007389,0.0000,1.0000,8428.7,0.0817,5,0
61.7563,0.670968,59.991215,-0.007392,0.0000,1.0000,8430.6,0.0841,5,0
61.7675,0.671121,59.991220,-0.007394,0.0000,1.0000,8437.7,0.0867,5,0
61.7795,0.671273,59.991226,-0.007396,0.0000,1.0000,8442.6,0.0892,5,0
61.7917,0.671426,59.991231,-0.007398,0.0000,1.0000,8444.5,0.0917,5,0
61.8038,0.671578,59.991237,-0.007400,0.0000,1.0000,8448.7,0.0940,5,0
61.8160,0.671731,59.991242,-0.007402,0.0000,1.0000,8453.1,0.0958,5,0
61.8305,0.671883,59.991248,-0.007404,0.0000,1.0000,8452.3,0.0974,5,0
61.8446,0.672036,59.991253,-0.007406,0.0000,1.0000,8452.5,0.0988,5,0
61.8576,0.672188,59.991259,-0.007408,0.0000,1.0000,8458.7,0.0998,5,0
61.8709,0.672341,59.991264,-0.007410,0.0000,1.0000,8460.5,0.1007,5,0
61.8824,0.672493,59.991270,-0.007412,0.0000,1.0000,8465.4,0.1014,5,0
61.8924,0.672646,59.991276,-0.007414,0.0000,1.0000,8474.8,0.1019,5,0
61.9018,0.672799,59.991281,-0.007416,0.0000,1.0000,8480.5,0.1020,5,0
61.9110,0.672951,59.991287,-0.007418,0.0000,1.0000,8484.3,0.1019,5,0
61.9199,0.673104,59.991292,-0.007419,0.0000,1.0000,8486.5,0.1014,5,0
61.9289,0.673257,59.991298,-0.007421,0.0000,1.0000,8489.5,0.1002,5,0
61.9378,0.673410,59.991303,-0.007423,0.0000,1.0000,8492.4,0.0987,5,0
61.9483,0.673562,59.991309,-0.007425,0.0000,1.0000,8490.0,0.0968,5,0
61.9586,0.673715,59.991314,-0.007427,0.0000,1.0000,8491.1,0.0945,5,0
61.9692,0.673868,59.991320,-0.007429,0.0000,1.0000,8488.6,0.0920,5,0
61.9794,0.674021,59.991325,-0.007430,0.0000,1.0000,8491.9,0.0894,5,0
61.9883,0.674174,59.991331,-0.007432,0.0000,1.0000,8500.0,0.0865,5,0
61.9974,0.674327,59.991336,-0.007434,0.0000,1.0000,8509.9,0.0835,5,0
62.0078,0.674480,59.991342,-0.007435,0.0000,1.0000,8515.9,0.0806,5,0
62.0178,0.674633,59.991347,-0.007437,0.0000,1.0000,8522.2,0.0778,5,0
62.0282,0.674786,59.991353,-0.007439,0.0000,1.0000,8528.1,0.0750,5,0
62.0398,0.674939,59.991358,-0.007440,0.0000,1.0000,8530.3,0.0725,5,0
62.0523,0.675092,59.991363,-0.007442,0.0000,1.0000,8529.4,0.0706,5,0
62.0636,0.675245,59.991369,-0.007443,0.0000,1.0000,8532.8,0.0688,5,0
62.0760,0.675398,59.991374,-0.007445,0.0000,1.0000,8532.4,0.0674,5,0
62.0887,0.675551,59.991380,-0.007447,0.0000,1.0000,8531.8,0.0667,5,0
62.1005,0.675704,59.991386,-0.007448,0.0000,1.0000,8533.8,0.0663,5,0
62.1118,0.675857,59.991391,-0.007449,0.0000,1.0000,8536.1,0.0661,5,0
62.1246,0.676011,59.991397,-0.007451,0.0000,1.0000,8533.5,0.0665,5,0
62.1363,0.676164,59.991402,-0.007452,0.0000,1.0000,8532.4,0.0670,5,0
62.1474,0.676317,59.991408,-0.007453,0.0000,1.0000,8533.2,0.0677,5,0
62.1588,0.676471,59.991414,-0.007455,0.0000,1.0000,8532.2,0.0684,5,0
62.1701,0.676624,59.991419,-0.007456,0.0000,1.0000,8531.7,0.0693,5,0
62.1820,0.676777,59.991425,-0.007457,0.0000,1.0000,8530.4,0.0700,5,0
62.1939,0.676931,59.991430,-0.007459,0.0000,1.0000,8528.6,0.0708,5,0
62.2064,0.677084,59.991436,-0.007460,0.0000,1.0000,8525.6,0.0718,5,0
62.2187,0.677238,59.991441,-0.007461,0.0000,1.0000,8522.3,0.0727,5,0
62.2300,0.677391,59.991447,-0.007462,0.0000,1.0000,8525.0,0.0737,5,0
62.2429,0.677545,59.991452,-0.007463,0.0000,1.0000,8522.1,0.0749,5,0
62.2548,0.677698,59.991458,-0.007465,0.0000,1.0000,8521.3,0.0761,5,0
62.2663,0.677852,59.991463,-0.007466,0.0000,1.0000,8522.8,0.0772,5,0
62.2788,0.678005,59.991468,-0.007467,0.0000,1.0000,8520.9,0.0784,5,0
62.2910,0.678159,59.991474,-0.007468,0.0000,1.0000,8520.6,0.0796,5,0
62.3031,0.678313,59.991479,-0.007469,0.0000,1.0000,8521.6,0.0805,5,0
62.3147,0.678466,59.991485,-0.007470,0.0000,1.0000,8522.7,0.0815,5,0
62.3278,0.678620,59.991490,-0.007471,0.0000,1.0000,8520.5,0.0825,5,0
62.3404,0.678774,59.991496,-0.007472,0.0000,1.0000,8521.0,0.0833,5,0
62.3523,0.678928,59.991501,-0.007473,0.0000,1.0000,8521.4,0.0840,5,0
62.3650,0.679081,59.991507,-0.007474,0.0000,1.0000,8519.7,0.0846,5,0
62.3778,0.679235,59.991513,-0.007475,0.0000,1.0000,8518.5,0.0849,5,0
62.3899,0.679389,59.991518,-0.007476,0.0000,1.0000,8518.7,0.0850,5,0
62.4020,0.679543,59.991524,-0.007477,0.0000,1.0000,8519.4,0.0850,5,0
62.4141,0.679697,59.991530,-0.007478,0.0000,1.0000,8518.0,0.0846,5,0
62.4260,0.679851,59.991536,-0.007479,0.0000,1.0000,8519.0,0.0838,5,0
62.4376,0.680005,59.991541,-0.007480,0.0000,1.0000,8522.1,0.0828,5,0
62.4498,0.680159,59.991547,-0.007480,0.0000,1.0000,8522.6,0.0818,5,0
62.4617,0.680313,59.991552,-0.007481,0.0000,1.0000,8525.5,0.0804,5,0
62.4740,0.680467,59.991558,-0.007482,0.0000,1.0000,8527.9,0.0788,5,0
62.4867,0.680621,59.991563,-0.007483,0.0000,1.0000,8528.5,0.0773,5,0
62.4992,0.680775,59.991568,-0.007483,0.0000,1.0000,8529.2,0.0757,5,0
62.5125,0.680930,59.991573,-0.007484,0.0000,1.0000,8529.3,0.0741,5,0
62.5249,0.681084,59.991579,-0.007485,0.0000,1.0000,8532.7,0.0727,5,0
62.5378,0.681238,59.991584,-0.007485,0.0000,1.0000,8533.5,0.0716,5,0
62.5510,0.681392,59.991589,-0.007486,0.0000,1.0000,8535.2,0.0704,5,0
62.5626,0.681547,59.991595,-0.007487,0.0000,1.0000,8538.1,0.0694,5,0
62.5745,0.681701,59.991600,-0.007487,0.0000,1.0000,8537.7,0.0686,5,0
62.5859,0.681855,59.991606,-0.007488,0.0000,1.0000,8539.5,0.0675,5,0
62.5971,0.682010,59.991611,-0.007488,0.0000,1.0000,8541.1,0.0664,5,0
62.6086,0.682164,59.991617,-0.007489,0.0000,1.0000,8545.0,0.0655,5,0
62.6222,0.682319,59.991623,-0.007489,0.0000,1.0000,8545.2,0.0645,5,0
62.6351,0.682473,59.991628,-0.007490,0.0000,1.0000,8547.8,0.0635,5,0
62.6491,0.682628,59.991634,-0.007490,0.0000,1.0000,8549.4,0.0627,5,0
62.6628,0.682782,59.991640,-0.007491,0.0000,1.0000,8551.0,0.0622,5,0
62.6768,0.682937,59.991646,-0.007491,0.0000,1.0000,8554.4,0.0618,5,0
62.6895,0.683091,59.991651,-0.007492,0.0000,1.0000,8558.3,0.0617,5,0
62.7031,0.683246,59.991657,-0.007492,0.0000,1.0000,8556.2,0.0620,5,0
62.7165,0.683401,59.991663,-0.007493,0.0000,1.0000,8553.6,0.0623,5,0
62.7298,0.683556,59.991668,-0.007493,0.0000,1.0000,8549.4,0.0625,5,0
62.7419,0.683710,59.991674,-0.007493,0.0000,1.0000,8549.0,0.0626,5,0
62.7531,0.683865,59.991680,-0.007494,0.0000,1.0000,8551.4,0.0625,5,0
62.7651,0.684020,59.991686,-0.007494,0.0000,1.0000,8552.3,0.0617,5,0
62.7763,0.684175,59.991691,-0.007494,0.0000,1.0000,8556.1,0.0604,5,0
62.7894,0.684330,59.991697,-0.007495,0.0000,1.0000,8557.6,0.0588,5,0
62.8030,0.684484,59.991703,-0.007495,0.0000,1.0000,8556.4,0.0565,5,0
62.8150,0.684639,59.991708,-0.007495,0.0000,1.0000,8559.1,0.0540,5,0
62.8275,0.684794,59.991714,-0.007496,0.0000,1.0000,8561.9,0.0512,5,0
62.8407,0.684949,59.991720,-0.007496,0.0000,1.0000,8563.3,0.0480,5,0
62.8570,0.685104,59.991725,-0.007496,0.0000,1.0000,8564.5,0.0446,5,0
62.8714,0.685259,59.991731,-0.007496,0.0000,1.0000,8567.3,0.0410,5,0
62.8844,0.685415,59.991736,-0.007496,0.0000,1.0000,8569.5,0.0371,5,0
62.8969,0.685570,59.991742,-0.007496,0.0000,1.0000,8573.6,0.0326,5,0
62.9097,0.685725,59.991748,-0.007496,0.0000,1.0000,8576.1,0.0278,5,0
62.9231,0.685880,59.991753,-0.007496,0.0000,1.0000,8579.5,0.0229,5,0
62.9354,0.686035,59.991759,-0.007497,0.0000,1.0000,8583.7,0.0174,5,0
62.9489,0.686191,59.991764,-0.007497,0.0000,1.0000,8584.3,0.0118,5,0
62.9633,0.686346,59.991770,-0.007497,0.0000,1.0000,8584.9,0.0063,5,0
62.9773,0.686501,59.991776,-0.007497,0.0000,1.0000,8586.2,0.0008,5,0
62.9912,0.686657,59.991782,-0.007497,0.0000,1.0000,8586.2,-0.0047,5,0
63.0065,0.686812,59.991788,-0.007497,0.0000,1.0000,8584.0,-0.0099,5,0
63.0219,0.686967,59.991794,-0.007497,0.0000,1.0000,8582.9,-0.0148,5,0
63.0362,0.687123,59.991800,-0.007497,0.0000,1.0000,8582.3,-0.0198,5,0
63.0520,0.687278,59.991806,-0.007497,0.0000,1.0000,8578.0,-0.0245,5,0
63.0680,0.687434,59.991812,-0.007497,0.0000,1.0000,8573.5,-0.0290,5,0
63.0840,0.687590,59.991818,-0.007496,0.0000,1.0000,8567.7,-0.0334,5,0
63.1000,0.687745,59.991824,-0.007496,0.0000,1.0000,8560.9,-0.0376,5,0
63.1161,0.687901,59.991830,-0.007496,0.0000,1.0000,8556.3,-0.0416,5,0
63.1331,0.688057,59.991836,-0.007496,0.0000,1.0000,8546.9,-0.0454,5,0
63.1482,0.688212,59.991841,-0.007496,0.0000,1.0000,8541.4,-0.0490,5,0
63.1634,0.688368,59.991847,-0.007496,0.0000,1.0000,8536.1,-0.0525,5,0
63.1799,0.688524,59.991852,-0.007496,0.0000,1.0000,8526.9,-0.0557,5,0
63.1919,0.688680,59.991858,-0.007496,0.0000,1.0000,8532.7,-0.0586,5,0
63.2013,0.688836,59.991864,-0.007496,0.0000,1.0000,8547.0,-0.0613,5,0
63.2123,0.688992,59.991869,-0.007496,0.0000,1.0000,8557.1,-0.0640,5,0
63.2244,0.689148,59.991875,-0.007496,0.0000,1.0000,8560.7,-0.0665,5,0
63.2327,0.689304,59.991880,-0.007496,0.0000,1.0000,8576.6,-0.0687,5,0
63.2406,0.689460,59.991886,-0.007496,0.0000,1.0000,8594.6,-0.0708,5,0
63.2503,0.689616,59.991891,-0.007496,0.0000,1.0000,8603.6,-0.0727,5,0
63.2580,0.689772,59.991897,-0.007496,0.0000,1.0000,8612.1,-0.0744,5,0
63.2656,0.689928,59.991902,-0.007496,0.0000,1.0000,8618.7,-0.0762,5,0
63.2747,0.690084,59.991908,-0.007496,0.0000,1.0000,8620.9,-0.0781,5,0
63.2843,0.690240,59.991913,-0.007496,0.0000,1.0000,8627.9,-0.0799,5,0
63.2935,0.690396,59.991918,-0.007496,0.0000,1.0000,8631.1,-0.0817,5,0
63.3026,0.690552,59.991924,-0.007497,0.0000,1.0000,8635.1,-0.0836,5,0
63.3113,0.690708,59.991929,-0.007497,0.0000,1.0000,8640.1,-0.0855,5,0
63.3205,0.690864,59.991935,-0.007497,0.0000,1.0000,8645.5,-0.0870,5,0
63.3311,0.691021,59.991940,-0.007497,0.0000,1.0000,8646.9,-0.0889,5,0
63.3411,0.691177,59.991946,-0.007497,0.0000,1.0000,8651.9,-0.0907,5,0
63.3504,0.691333,59.991951,-0.007498,0.0000,1.0000,8658.1,-0.0925,5,0
63.3613,0.691489,59.991957,-0.007498,0.0000,1.0000,8662.1,-0.0946,5,0
63.3725,0.691646,59.991963,-0.007498,0.0000,1.0000,8664.2,-0.0969,5,0
63.3834,0.691802,59.991968,-0.007498,0.0000,1.0000,8666.5,-0.0992,5,0
63.3927,0.691958,59.991974,-0.007499,0.0000,1.0000,8667.4,-0.1015,5,0
63.4032,0.692115,59.991980,-0.007499,0.0000,1.0000,8665.6,-0.1039,5,0
63.4116,0.692271,59.991986,-0.007499,0.0000,1.0000,8670.1,-0.1060,5,0
63.4194,0.692428,59.991991,-0.007500,0.0000,1.0000,8674.7,-0.1079,5,0
63.4269,0.692584,59.991997,-0.007500,0.0000,1.0000,8679.5,-0.1097,5,0
63.4353,0.692740,59.992003,-0.007501,0.0000,1.0000,8680.8,-0.1109,5,0
63.4422,0.692897,59.992008,-0.007501,0.0000,1.0000,8685.8,-0.1114,5,0
63.4504,0.693053,59.992014,-0.007502,0.0000,1.0000,8688.1,-0.1115,5,0
63.4585,0.693210,59.992020,-0.007502,0.0000,1.0000,8687.7,-0.1109,5,0
63.4649,0.693366,59.992025,-0.007503,0.0000,1.0000,8692.7,-0.1096,5,0
63.4726,0.693523,59.992031,-0.007503,0.0000,1.0000,8694.4,-0.1080,5,0
63.4805,0.693680,59.992037,-0.007504,0.0000,1.0000,8695.5,-0.1062,5,0
63.4892,0.693836,59.992043,-0.007504,0.0000,1.0000,8696.2,-0.1040,5,0
63.4975,0.693993,59.992048,-0.007505,0.0000,1.0000,8694.9,-0.1018,5,0
63.5054,0.694149,59.992054,-0.007505,0.0000,1.0000,8696.2,-0.0997,5,0
63.5144,0.694306,59.992060,-0.007506,0.0000,1.0000,8693.5,-0.0972,5,0
63.5206,0.694463,59.992065,-0.007507,0.0000,1.0000,8697.0,-0.0948,5,0
63.5277,0.694619,59.992071,-0.007508,0.0000,1.0000,8699.9,-0.0927,5,0
63.5355,0.694776,59.992076,-0.007509,0.0000,1.0000,8700.6,-0.0904,5,0
63.5417,0.694933,59.992082,-0.007509,0.0000,1.0000,8704.4,-0.0881,5,0
63.5493,0.695090,59.992088,-0.007510,0.0000,1.0000,8706.2,-0.0860,5,0
63.5568,0.695246,59.992093,-0.007511,0.0000,1.0000,8710.6,-0.0842,5,0
63.5631,0.695403,59.992099,-0.007512,0.0000,1.0000,8717.4,-0.0822,5,0
63.5709,0.695560,59.992104,-0.007512,0.0000,1.0000,8721.2,-0.0805,5,0
63.5800,0.695717,59.992110,-0.007513,0.0000,1.0000,8722.9,-0.0793,5,0
63.5885,0.695874,59.992116,-0.007514,0.0000,1.0000,8726.7,-0.0781,5,0
63.5968,0.696031,59.992122,-0.007515,0.0000,1.0000,8730.8,-0.0774,5,0
63.6077,0.696187,59.992128,-0.007516,0.0000,1.0000,8728.2,-0.0772,5,0
63.6178,0.696344,59.992134,-0.007517,0.0000,1.0000,8728.6,-0.0772,5,0
63.6280,0.696501,59.992140,-0.007518,0.0000,1.0000,8729.4,-0.0772,5,0
63.6398,0.696658,59.992146,-0.007519,0.0000,1.0000,8724.9,-0.0780,5,0
63.6514,0.696815,59.992152,-0.007520,0.0000,1.0000,8721.5,-0.0786,5,0
63.6627,0.696972,59.992158,-0.007521,0.0000,1.0000,8716.3,-0.0793,5,0
63.6749,0.697129,59.992164,-0.007523,0.0000,1.0000,8710.6,-0.0802,5,0
63.6847,0.697286,59.992170,-0.007524,0.0000,1.0000,8708.0,-0.0811,5,0
63.6958,0.697443,59.992176,-0.007525,0.0000,1.0000,8701.9,-0.0816,5,0
63.7043,0.697601,59.992181,-0.007526,0.0000,1.0000,8704.3,-0.0820,5,0
63.7124,0.697758,59.992187,-0.007527,0.0000,1.0000,8705.4,-0.0823,5,0
63.7203,0.697915,59.992192,-0.007529,0.0000,1.0000,8702.3,-0.0820,5,0
63.7274,0.698072,59.992198,-0.007530,0.0000,1.0000,8704.0,-0.0815,5,0
63.7374,0.698229,59.992204,-0.007531,0.0000,1.0000,8700.3,-0.0810,5,0
63.7471,0.698387,59.992209,-0.007532,0.0000,1.0000,8698.1,-0.0801,5,0
63.7554,0.698544,59.992215,-0.007534,0.0000,1.0000,8702.7,-0.0793,5,0
63.7648,0.698701,59.992220,-0.007535,0.0000,1.0000,8704.3,-0.0787,5,0
63.7738,0.698858,59.992226,-0.007536,0.0000,1.0000,8706.1,-0.0781,5,0
63.7823,0.699016,59.992232,-0.007538,0.0000,1.0000,8710.1,-0.0775,5,0
63.7908,0.699173,59.992237,-0.007539,0.0000,1.0000,8715.6,-0.0772,5,0
63.8006,0.699330,59.992243,-0.007541,0.0000,1.0000,8714.6,-0.0770,5,0
63.8103,0.699488,59.992249,-0.007542,0.0000,1.0000,8714.5,-0.0766,5,0
63.8192,0.699645,59.992255,-0.007544,0.0000,1.0000,8717.6,-0.0766,5,0
63.8294,0.699803,59.992260,-0.007545,0.0000,1.0000,8716.1,-0.0766,5,0
63.8392,0.699960,59.992266,-0.007547,0.0000,1.0000,8717.0,-0.0765,5,0
63.8474,0.700118,59.992272,-0.007548,0.0000,1.0000,8721.6,-0.0764,5,0
63.8574,0.700275,59.992277,-0.007550,0.0000,1.0000,8721.6,-0.0763,5,0
63.8678,0.700433,59.992283,-0.007551,0.0000,1.0000,8720.8,-0.0760,5,0
63.8773,0.700590,59.992289,-0.007553,0.0000,1.0000,8723.3,-0.0758,5,0
63.8871,0.700748,59.992294,-0.007555,0.0000,1.0000,8726.0,-0.0756,5,0
63.8986,0.700905,59.992300,-0.007556,0.0000,1.0000,8724.0,-0.0753,5,0
63.9100,0.701063,59.992306,-0.007558,0.0000,1.0000,8724.3,-0.0750,5,0
63.9206,0.701221,59.992311,-0.007560,0.0000,1.0000,8724.4,-0.0750,5,0
63.9319,0.701378,59.992317,-0.007561,0.0000,1.0000,8722.3,-0.0750,5,0
63.9429,0.701536,59.992323,-0.007563,0.0000,1.0000,8719.9,-0.0749,5,0
63.9524,0.701694,59.992329,-0.007565,0.0000,1.0000,8720.8,-0.0749,5,0
63.9608,0.701851,59.992334,-0.007567,0.0000,1.0000,8723.1,-0.0749,5,0
63.9704,0.702009,59.992340,-0.007568,0.0000,1.0000,8723.0,-0.0743,5,0
63.9794,0.702167,59.992346,-0.007570,0.0000,1.0000,8723.4,-0.0736,5,0
63.9878,0.702325,59.992351,-0.007572,0.0000,1.0000,8724.6,-0.0727,5,0
63.9977,0.702483,59.992357,-0.007574,0.0000,1.0000,8724.5,-0.0711,5,0
64.0082,0.702641,59.992363,-0.007576,0.0000,1.0000,8723.6,-0.0691,5,0
64.0183,0.702799,59.992368,-0.007578,0.0000,1.0000,8724.2,-0.0668,5,0
64.0294,0.702956,59.992374,-0.007580,0.0000,1.0000,8724.2,-0.0641,5,0
64.0403,0.703114,59.992380,-0.007582,0.0000,1.0000,8723.6,-0.0611,5,0
64.0512,0.703272,59.992386,-0.007584,0.0000,1.0000,8726.4,-0.0583,5,0
64.0627,0.703430,59.992391,-0.007586,0.0000,1.0000,8726.4,-0.0557,5,0
64.0737,0.703588,59.992397,-0.007588,0.0000,1.0000,8729.7,-0.0531,5,0
64.0841,0.703747,59.992403,-0.007590,0.0000,1.0000,8731.4,-0.0511,5,0
64.0944,0.703905,59.992409,-0.007592,0.0000,1.0000,8733.7,-0.0492,5,0
64.1056,0.704063,59.992414,-0.007594,0.0000,1.0000,8735.1,-0.0476,5,0
64.1167,0.704221,59.992420,-0.007596,0.0000,1.0000,8733.6,-0.0464,5,0
64.1278,0.704379,59.992426,-0.007598,0.0000,1.0000,8735.0,-0.0454,5,0
64.1386,0.704537,59.992432,-0.007601,0.0000,1.0000,8734.4,-0.0444,5,0
64.1493,0.704695,59.992438,-0.007603,0.0000,1.0000,8730.9,-0.0433,5,0
64.1604,0.704854,59.992443,-0.007605,0.0000,1.0000,8730.6,-0.0421,5,0
64.1732,0.705012,59.992449,-0.007607,0.0000,1.0000,8730.5,-0.0406,5,0
64.1837,0.705170,59.992455,-0.007609,0.0000,1.0000,8730.9,-0.0388,5,0
64.1957,0.705329,59.992460,-0.007611,0.0000,1.0000,8729.7,-0.0367,5,0
64.2073,0.705487,59.992466,-0.007614,0.0000,1.0000,8732.4,-0.0343,5,0
64.2174,0.705645,59.992471,-0.007616,0.0000,1.0000,8734.2,-0.0315,5,0
64.2289,0.705804,59.992476,-0.007618,0.0000,1.0000,8733.8,-0.0285,5,0
64.2396,0.705962,59.992481,-0.007621,0.0000,1.0000,8736.8,-0.0255,5,0
64.2498,0.706121,59.992487,-0.007623,0.0000,1.0000,8738.2,-0.0225,5,0
64.2617,0.706279,59.992492,-0.007625,0.0000,1.0000,8736.9,-0.0196,5,0
64.2725,0.706438,59.992497,-0.007628,0.0000,1.0000,8738.4,-0.0170,5,0
64.2829,0.706596,59.992503,-0.007630,0.0000,1.0000,8741.6,-0.0145,5,0
64.2939,0.706755,59.992508,-0.007632,0.0000,1.0000,8743.5,-0.0123,5,0
64.3059,0.706914,59.992514,-0.007635,0.0000,1.0000,8743.5,-0.0101,5,0
64.3171,0.707072,59.992519,-0.007637,0.0000,1.0000,8745.9,-0.0080,5,0
64.3285,0.707231,59.992525,-0.007640,0.0000,1.0000,8747.7,-0.0057,5,0
64.3416,0.707390,59.992531,-0.007642,0.0000,1.0000,8744.3,-0.0035,5,0
64.3544,0.707548,59.992536,-0.007645,0.0000,1.0000,8742.2,-0.0009,5,0
64.3664,0.707707,59.992542,-0.007647,0.0000,1.0000,8742.3,0.0018,5,0
64.3798,0.707866,59.992548,-0.007650,0.0000,1.0000,8738.3,0.0049,5,0
64.3930,0.708025,59.992554,-0.007652,0.0000,1.0000,8734.9,0.0081,5,0
64.4071,0.708183,59.992559,-0.007655,0.0000,1.0000,8728.0,0.0117,5,0
64.4223,0.708342,59.992565,-0.007657,0.0000,1.0000,8719.1,0.0153,5,0
64.4355,0.708501,59.992571,-0.007660,0.0000,1.0000,8716.6,0.0188,5,0
64.4492,0.708660,59.992576,-0.007662,0.0000,1.0000,8713.4,0.0224,5,0
64.4629,0.708819,59.992582,-0.007665,0.0000,1.0000,8709.0,0.0261,5,0
64.4786,0.708978,59.992588,-0.007667,0.0000,1.0000,8695.8,0.0298,5,0
64.4923,0.709137,59.992593,-0.007670,0.0000,1.0000,8690.9,0.0336,5,0
64.5074,0.709296,59.992599,-0.007672,0.0000,1.0000,8680.8,0.0373,5,0
64.5215,0.709456,59.992605,-0.007675,0.0000,1.0000,8672.8,0.0412,5,0
64.5354,0.709615,59.992611,-0.007677,0.0000,1.0000,8665.8,0.0453,5,0
64.5489,0.709774,59.992616,-0.007680,0.0000,1.0000,8661.6,0.0495,5,0
64.5592,0.709933,59.992622,-0.007683,0.0000,1.0000,8667.0,0.0540,5,0
64.5728,0.710092,59.992628,-0.007685,0.0000,1.0000,8656.0,0.0586,5,0
64.5854,0.710252,59.992634,-0.007687,0.0000,1.0000,8653.9,0.0634,5,0
64.5929,0.710411,59.992639,-0.007690,0.0000,1.0000,8666.1,0.0678,5,0
64.6020,0.710570,59.992645,-0.007692,0.0000,1.0000,8665.6,0.0720,5,0
64.6114,0.710730,59.992651,-0.007695,0.0000,1.0000,8668.1,0.0757,5,0
64.6195,0.710889,59.992657,-0.007697,0.0000,1.0000,8674.0,0.0789,5,0
64.6255,0.711049,59.992663,-0.007700,0.0000,1.0000,8684.7,0.0817,5,0
64.6303,0.711208,59.992668,-0.007702,0.0000,1.0000,8697.3,0.0841,5,0
64.6370,0.711367,59.992674,-0.007705,0.0000,1.0000,8705.0,0.0862,5,0
64.6436,0.711527,59.992680,-0.007707,0.0000,1.0000,8716.2,0.0881,5,0
64.6476,0.711686,59.992686,-0.007709,0.0000,1.0000,8739.1,0.0900,5,0
64.6505,0.711846,59.992691,-0.007712,0.0000,1.0000,8764.4,0.0920,5,0
64.6515,0.712005,59.992697,-0.007714,0.0000,1.0000,8796.4,0.0939,5,0
64.6562,0.712165,59.992703,-0.007716,0.0000,1.0000,8809.4,0.0960,5,0
64.6622,0.712324,59.992708,-0.007718,0.0000,1.0000,8816.8,0.0981,5,0
64.6674,0.712484,59.992714,-0.007721,0.0000,1.0000,8826.3,0.1000,5,0
64.6725,0.712643,59.992720,-0.007723,0.0000,1.0000,8831.0,0.1018,5,0
64.6788,0.712803,59.992726,-0.007725,0.0000,1.0000,8831.5,0.1032,5,0
64.6836,0.712962,59.992731,-0.007727,0.0000,1.0000,8836.1,0.1041,5,0
64.6871,0.713122,59.992737,-0.007730,0.0000,1.0000,8843.0,0.1046,5,0
64.6924,0.713281,59.992743,-0.007732,0.0000,1.0000,8845.5,0.1047,5,0
64.6974,0.713441,59.992748,-0.007734,0.0000,1.0000,8849.5,0.1043,5,0
64.6997,0.713601,59.992754,-0.007736,0.0000,1.0000,8859.4,0.1037,5,0
64.7034,0.713760,59.992760,-0.007738,0.0000,1.0000,8865.6,0.1030,5,0
64.7084,0.713920,59.992766,-0.007740,0.0000,1.0000,8870.1,0.1020,5,0
64.7100,0.714079,59.992771,-0.007742,0.0000,1.0000,8881.0,0.1010,5,0
64.7134,0.714239,59.992777,-0.007744,0.0000,1.0000,8886.2,0.0998,5,0
64.7183,0.714399,59.992783,-0.007746,0.0000,1.0000,8889.7,0.0988,5,0
64.7213,0.714558,59.992788,-0.007748,0.0000,1.0000,8896.9,0.0977,5,0
64.7247,0.714718,59.992794,-0.007750,0.0000,1.0000,8902.6,0.0969,5,0
64.7295,0.714878,59.992800,-0.007752,0.0000,1.0000,8907.3,0.0962,5,0
64.7331,0.715037,59.992805,-0.007754,0.0000,1.0000,8911.1,0.0955,5,0
64.7364,0.715197,59.992811,-0.007755,0.0000,1.0000,8915.2,0.0951,5,0
64.7408,0.715357,59.992816,-0.007757,0.0000,1.0000,8920.0,0.0948,5,0
64.7450,0.715516,59.992822,-0.007759,0.0000,1.0000,8922.2,0.0945,5,0
64.7488,0.715676,59.992828,-0.007760,0.0000,1.0000,8927.1,0.0945,5,0
64.7554,0.715836,59.992833,-0.007762,0.0000,1.0000,8925.5,0.0948,5,0
64.7607,0.715995,59.992839,-0.007764,0.0000,1.0000,8925.4,0.0951,5,0
64.7634,0.716155,59.992844,-0.007766,0.0000,1.0000,8932.2,0.0956,5,0
64.7683,0.716315,59.992850,-0.007767,0.0000,1.0000,8932.9,0.0964,5,0
64.7734,0.716475,59.992856,-0.007769,0.0000,1.0000,8932.4,0.0971,5,0
64.7775,0.716634,59.992862,-0.007770,0.0000,1.0000,8933.5,0.0980,5,0
64.7831,0.716794,59.992868,-0.007772,0.0000,1.0000,8932.4,0.0992,5,0
64.7894,0.716954,59.992874,-0.007773,0.0000,1.0000,8928.7,0.1003,5,0
64.7949,0.717114,59.992880,-0.007775,0.0000,1.0000,8927.0,0.1015,5,0
64.8008,0.717274,59.992886,-0.007776,0.0000,1.0000,8923.5,0.1029,5,0
64.8083,0.717434,59.992892,-0.007778,0.0000,1.0000,8914.3,0.1041,5,0
64.8143,0.717593,59.992898,-0.007779,0.0000,1.0000,8909.1,0.1051,5,0
64.8187,0.717753,59.992904,-0.007781,0.0000,1.0000,8910.6,0.1061,5,0
64.8254,0.717913,59.992910,-0.007782,0.0000,1.0000,8903.8,0.1067,5,0
64.8309,0.718073,59.992916,-0.007784,0.0000,1.0000,8900.1,0.1068,5,0
64.8344,0.718233,59.992921,-0.007785,0.0000,1.0000,8904.1,0.1068,5,0
64.8391,0.718393,59.992927,-0.007786,0.0000,1.0000,8900.8,0.1063,5,0
64.8432,0.718553,59.992932,-0.007787,0.0000,1.0000,8899.7,0.1055,5,0
64.8454,0.718713,59.992938,-0.007789,0.0000,1.0000,8905.3,0.1046,5,0
64.8485,0.718873,59.992944,-0.007790,0.0000,1.0000,8907.8,0.1035,5,0
64.8526,0.719033,59.992949,-0.007791,0.0000,1.0000,8908.6,0.1023,5,0
64.8555,0.719193,59.992955,-0.007792,0.0000,1.0000,8912.3,0.1011,5,0
64.8591,0.719353,59.992960,-0.007793,0.0000,1.0000,8915.7,0.1001,5,0
64.8642,0.719513,59.992966,-0.007795,0.0000,1.0000,8913.1,0.0989,5,0
64.8684,0.719673,59.992972,-0.007796,0.0000,1.0000,8911.7,0.0978,5,0
64.8719,0.719833,59.992978,-0.007797,0.0000,0.0000,8902.5,0.0970,5,0
64.8607,0.719993,59.992984,-0.007798,0.0000,0.0000,8854.0,0.0959,5,0
64.8344,0.720152,59.992990,-0.007799,0.0000,0.0000,8805.6,0.0948,5,0
64.8038,0.720312,59.992996,-0.007800,0.0000,0.0000,8757.5,0.0937,5,0
64.7752,0.720472,59.993003,-0.007801,0.0000,0.0000,8709.6,0.0925,5,0
64.7678,0.720632,59.993009,-0.007802,0.0000,0.0000,7816.6,0.0909,6,0
64.7739,0.720792,59.993015,-0.007803,0.0000,1.0000,7784.1,0.0892,6,0
64.7793,0.720951,59.993021,-0.007804,0.0000,1.0000,7786.6,0.0873,6,0
64.7854,0.721111,59.993027,-0.007805,0.0000,1.0000,7789.7,0.0853,6,0
64.7914,0.721271,59.993033,-0.007805,0.0000,1.0000,7793.7,0.0836,6,0
64.7984,0.721431,59.993038,-0.007806,0.0000,1.0000,7797.4,0.0820,6,0
64.8071,0.721591,59.993044,-0.007807,0.0000,1.0000,7794.8,0.0806,6,0
64.8156,0.721751,59.993050,-0.007808,0.0000,1.0000,7793.5,0.0796,6,0
64.8237,0.721910,59.993055,-0.007808,0.0000,1.0000,7795.4,0.0791,6,0
64.8332,0.722070,59.993061,-0.007809,0.0000,1.0000,7791.0,0.0787,6,0
64.8418,0.722230,59.993067,-0.007810,0.0000,1.0000,7787.2,0.0786,6,0
64.8498,0.722390,59.993073,-0.007811,0.0000,1.0000,7784.6,0.0788,6,0
64.8580,0.722550,59.993078,-0.007811,0.0000,1.0000,7780.5,0.0788,6,0
64.8656,0.722710,59.993084,-0.007812,0.0000,1.0000,7777.8,0.0789,6,0
64.8735,0.722870,59.993090,-0.007812,0.0000,1.0000,7774.8,0.0791,6,0
64.8807,0.723030,59.993095,-0.007813,0.0000,1.0000,7774.5,0.0791,6,0
64.8880,0.723190,59.993101,-0.007813,0.0000,1.0000,7773.8,0.0787,6,0
64.8963,0.723350,59.993106,-0.007814,0.0000,1.0000,7773.5,0.0785,6,0
64.9036,0.723510,59.993112,-0.007814,0.0000,1.0000,7776.3,0.0781,6,0
64.9128,0.723671,59.993118,-0.007815,0.0000,1.0000,7774.3,0.0777,6,0
64.9217,0.723831,59.993123,-0.007815,0.0000,1.0000,7773.5,0.0775,6,0
64.9296,0.723991,59.993129,-0.007816,0.0000,1.0000,7775.0,0.0774,6,0
64.9386,0.724151,59.993134,-0.007816,0.0000,1.0000,7772.4,0.0774,6,0
64.9477,0.724311,59.993140,-0.007817,0.0000,1.0000,7769.6,0.0774,6,0
64.9552,0.724471,59.993146,-0.007817,0.0000,1.0000,7769.4,0.0776,6,0
64.9637,0.724632,59.993152,-0.007817,0.0000,1.0000,7768.8,0.0776,6,0
64.9722,0.724792,59.993158,-0.007818,0.0000,1.0000,7768.8,0.0776,6,0
64.9803,0.724952,59.993164,-0.007818,0.0000,1.0000,7769.9,0.0777,6,0
64.9888,0.725112,59.993170,-0.007818,0.0000,1.0000,7771.3,0.0776,6,0
64.9979,0.725273,59.993176,-0.007818,0.0000,1.0000,7771.6,0.0774,6,0
65.0069,0.725433,59.993182,-0.007819,0.0000,1.0000,7769.7,0.0774,6,0
65.0148,0.725593,59.993188,-0.007819,0.0000,1.0000,7770.4,0.0771,6,0
65.0235,0.725754,59.993194,-0.007819,0.0000,1.0000,7767.5,0.0767,6,0
65.0317,0.725914,59.993200,-0.007820,0.0000,1.0000,7766.3,0.0763,6,0
65.0390,0.726075,59.993206,-0.007820,0.0000,1.0000,7768.3,0.0755,6,0
65.0470,0.726235,59.993212,-0.007820,0.0000,1.0000,7769.0,0.0746,6,0
65.0552,0.726396,59.993218,-0.007820,0.0000,1.0000,7771.3,0.0735,6,0
65.0626,0.726556,59.993224,-0.007820,0.0000,1.0000,7774.1,0.0720,6,0
65.0705,0.726716,59.993230,-0.007820,0.0000,1.0000,7776.1,0.0700,6,0
65.0799,0.726877,59.993236,-0.007820,0.0000,1.0000,7776.1,0.0678,6,0
65.0877,0.727038,59.993242,-0.007820,0.0000,1.0000,7777.0,0.0653,6,0
65.0960,0.727198,59.993248,-0.007820,0.0000,1.0000,7779.2,0.0621,6,0
65.1048,0.727359,59.993254,-0.007820,0.0000,1.0000,7779.6,0.0590,6,0
65.1122,0.727519,59.993260,-0.007820,0.0000,1.0000,7781.1,0.0556,6,0
65.1199,0.727680,59.993266,-0.007820,0.0000,1.0000,7786.0,0.0519,6,0
65.1293,0.727841,59.993271,-0.007820,0.0000,1.0000,7786.2,0.0482,6,0
65.1392,0.728001,59.993277,-0.007820,0.0000,1.0000,7784.7,0.0447,6,0
65.1490,0.728162,59.993283,-0.007819,0.0000,1.0000,7788.0,0.0412,6,0
65.1605,0.728323,59.993288,-0.007819,0.0000,1.0000,7791.0,0.0378,6,0
65.1711,0.728483,59.993294,-0.007819,0.0000,1.0000,7792.7,0.0344,6,0
65.1795,0.728644,59.993300,-0.007819,0.0000,1.0000,7795.1,0.0307,6,0
65.1878,0.728805,59.993306,-0.007819,0.0000,1.0000,7797.7,0.0267,6,0
65.1980,0.728966,59.993311,-0.007819,0.0000,1.0000,7798.6,0.0228,6,0
65.2084,0.729127,59.993317,-0.007818,0.0000,1.0000,7799.2,0.0188,6,0
65.2178,0.729287,59.993323,-0.007818,0.0000,1.0000,7800.5,0.0148,6,0
65.2293,0.729448,59.993328,-0.007818,0.0000,1.0000,7798.0,0.0113,6,0
65.2406,0.729609,59.993334,-0.007817,0.0000,1.0000,7794.5,0.0079,6,0
65.2514,0.729770,59.993340,-0.007817,0.0000,1.0000,7790.8,0.0048,6,0
65.2623,0.729931,59.993346,-0.007817,0.0000,1.0000,7788.1,0.0019,6,0
65.2746,0.730092,59.993351,-0.007816,0.0000,1.0000,7782.2,-0.0006,6,0
65.2861,0.730253,59.993357,-0.007816,0.0000,1.0000,7777.8,-0.0030,6,0
65.2967,0.730414,59.993363,-0.007816,0.0000,1.0000,7778.6,-0.0053,6,0
65.3087,0.730575,59.993368,-0.007815,0.0000,1.0000,7776.9,-0.0073,6,0
65.3207,0.730736,59.993374,-0.007815,0.0000,1.0000,7774.1,-0.0092,6,0
65.3331,0.730898,59.993380,-0.007815,0.0000,1.0000,7769.4,-0.0111,6,0
65.3459,0.731059,59.993386,-0.007814,0.0000,1.0000,7766.3,-0.0127,6,0
65.3590,0.731220,59.993392,-0.007814,0.0000,1.0000,7759.3,-0.0140,6,0
65.3723,0.731381,59.993398,-0.007813,0.0000,1.0000,7750.2,-0.0153,6,0
65.3876,0.731542,59.993405,-0.007813,0.0000,1.0000,7734.2,-0.0166,6,0
65.4019,0.731704,59.993411,-0.007812,0.0000,1.0000,7721.9,-0.0178,6,0
65.4158,0.731865,59.993417,-0.007812,0.0000,1.0000,7710.6,-0.0192,6,0
65.4314,0.732027,59.993423,-0.007811,0.0000,1.0000,7693.6,-0.0208,6,0
65.4435,0.732188,59.993429,-0.007811,0.0000,1.0000,7690.1,-0.0225,6,0
65.4558,0.732349,59.993435,-0.007810,0.0000,1.0000,7685.3,-0.0244,6,0
65.4684,0.732511,59.993441,-0.007810,0.0000,1.0000,7680.0,-0.0266,6,0
65.4770,0.732672,59.993446,-0.007810,0.0000,1.0000,7688.9,-0.0289,6,0
65.4883,0.732834,59.993452,-0.007809,0.0000,1.0000,7688.8,-0.0315,6,0
65.4995,0.732995,59.993458,-0.007809,0.0000,1.0000,7687.7,-0.0341,6,0
65.5089,0.733157,59.993464,-0.007808,0.0000,1.0000,7691.1,-0.0369,6,0
65.5178,0.733319,59.993469,-0.007808,0.0000,1.0000,7699.3,-0.0397,6,0
65.5297,0.733480,59.993475,-0.007807,0.0000,1.0000,7695.1,-0.0425,6,0
65.5390,0.733642,59.993481,-0.007807,0.0000,1.0000,7698.4,-0.0451,6,0
65.5466,0.733804,59.993486,-0.007807,0.0000,1.0000,7710.0,-0.0475,6,0
65.5583,0.733965,59.993492,-0.007806,0.0000,1.0000,7705.0,-0.0497,6,0
65.5680,0.734127,59.993498,-0.007806,0.0000,1.0000,7705.7,-0.0514,6,0
65.5744,0.734289,59.993504,-0.007806,0.0000,1.0000,7718.5,-0.0528,6,0
65.5862,0.734450,59.993510,-0.007805,0.0000,1.0000,7712.7,-0.0538,6,0
65.5962,0.734612,59.993516,-0.007805,0.0000,1.0000,7711.7,-0.0544,6,0
65.6038,0.734774,59.993522,-0.007805,0.0000,1.0000,7719.8,-0.0549,6,0
65.6136,0.734936,59.993529,-0.007804,0.0000,1.0000,7723.2,-0.0550,6,0
65.6239,0.735098,59.993535,-0.007804,0.0000,1.0000,7721.7,-0.0550,6,0
65.6321,0.735260,59.993541,-0.007804,0.0000,1.0000,7727.1,-0.0548,6,0
65.6377,0.735422,59.993547,-0.007803,0.0000,1.0000,7743.5,-0.0543,6,0
65.6429,0.735583,59.993553,-0.007803,0.0000,1.0000,7762.1,-0.0535,6,0
65.6508,0.735745,59.993559,-0.007803,0.0000,1.0000,7769.0,-0.0526,6,0
65.6583,0.735907,59.993564,-0.007803,0.0000,1.0000,7777.4,-0.0516,6,0
65.6632,0.736069,59.993570,-0.007803,0.0000,1.0000,7799.0,-0.0504,6,0
65.6704,0.736231,59.993576,-0.007802,0.0000,1.0000,7809.8,-0.0490,6,0
65.6786,0.736393,59.993581,-0.007802,0.0000,1.0000,7815.3,-0.0476,6,0
65.6870,0.736555,59.993587,-0.007802,0.0000,1.0000,7822.5,-0.0460,6,0
65.6958,0.736717,59.993593,-0.007802,0.0000,1.0000,7824.4,-0.0441,6,0
65.7043,0.736879,59.993599,-0.007802,0.0000,1.0000,7826.9,-0.0420,6,0
65.7129,0.737041,59.993604,-0.007802,0.0000,1.0000,7830.3,-0.0398,6,0
65.7227,0.737204,59.993610,-0.007801,0.0000,1.0000,7831.1,-0.0373,6,0
65.7323,0.737366,59.993616,-0.007802,0.0000,1.0000,7830.5,-0.0349,6,0
65.7417,0.737528,59.993622,-0.007802,0.0000,1.0000,7834.0,-0.0322,6,0
65.7500,0.737690,59.993628,-0.007802,0.0000,1.0000,7835.7,-0.0290,6,0
65.7591,0.737852,59.993634,-0.007802,0.0000,1.0000,7836.7,-0.0258,6,0
65.7670,0.738014,59.993640,-0.007802,0.0000,1.0000,7842.5,-0.0226,6,0
65.7754,0.738177,59.993646,-0.007802,0.0000,1.0000,7845.1,-0.0190,6,0
65.7843,0.738339,59.993652,-0.007802,0.0000,1.0000,7849.4,-0.0156,6,0
65.7933,0.738501,59.993658,-0.007802,0.0000,1.0000,7856.0,-0.0126,6,0
65.8020,0.738663,59.993664,-0.007802,0.0000,1.0000,7863.1,-0.0096,6,0
65.8114,0.738826,59.993670,-0.007802,0.0000,1.0000,7867.1,-0.0072,6,0
65.8222,0.738988,59.993676,-0.007802,0.0000,1.0000,7869.0,-0.0054,6,0
65.8340,0.739151,59.993682,-0.007802,0.0000,1.0000,7867.6,-0.0041,6,0
65.8455,0.739313,59.993688,-0.007802,0.0000,1.0000,7865.2,-0.0033,6,0
65.8588,0.739475,59.993694,-0.007803,0.0000,1.0000,7861.0,-0.0031,6,0
65.8716,0.739638,59.993700,-0.007803,0.0000,1.0000,7855.9,-0.0033,6,0
65.8845,0.739800,59.993706,-0.007803,0.0000,1.0000,7848.8,-0.0039,6,0
65.8985,0.739963,59.993712,-0.007803,0.0000,1.0000,7839.0,-0.0047,6,0
65.9113,0.740125,59.993718,-0.007803,0.0000,1.0000,7833.0,-0.0054,6,0
65.9251,0.740288,59.993724,-0.007804,0.0000,1.0000,7822.3,-0.0061,6,0
65.9398,0.740451,59.993730,-0.007804,0.0000,1.0000,7811.6,-0.0065,6,0
65.9538,0.740613,59.993736,-0.007804,0.0000,1.0000,7804.2,-0.0068,6,0
65.9674,0.740776,59.993742,-0.007804,0.0000,1.0000,7800.0,-0.0069,6,0
65.9823,0.740939,59.993748,-0.007805,0.0000,1.0000,7789.1,-0.0068,6,0
65.9988,0.741102,59.993754,-0.007805,0.0000,1.0000,7773.6,-0.0065,6,0
66.0143,0.741264,59.993760,-0.007805,0.0000,1.0000,7761.6,-0.0061,6,0
66.0272,0.741427,59.993766,-0.007806,0.0000,1.0000,7758.6,-0.0055,6,0
66.0407,0.741590,59.993772,-0.007806,0.0000,1.0000,7752.1,-0.0049,6,0
66.0521,0.741753,59.993778,-0.007806,0.0000,1.0000,7752.1,-0.0042,6,0
66.0625,0.741916,59.993784,-0.007806,0.0000,1.0000,7755.4,-0.0033,6,0
66.0751,0.742079,59.993790,-0.007807,0.0000,1.0000,7749.6,-0.0024,6,0
66.0850,0.742242,59.993795,-0.007807,0.0000,1.0000,7751.1,-0.0014,6,0
66.0939,0.742405,59.993800,-0.007807,0.0000,1.0000,7756.7,-0.0004,6,0
66.1055,0.742568,59.993806,-0.007807,0.0000,1.0000,7754.0,0.0006,6,0
66.1162,0.742731,59.993811,-0.007808,0.0000,1.0000,7754.5,0.0016,6,0
66.1271,0.742894,59.993816,-0.007808,0.0000,1.0000,7754.3,0.0023,6,0
66.1388,0.743057,59.993821,-0.007808,0.0000,1.0000,7752.4,0.0029,6,0
66.1498,0.743221,59.993826,-0.007808,0.0000,1.0000,7753.2,0.0035,6,0
66.1610,0.743384,59.993831,-0.007809,0.0000,1.0000,7754.1,0.0039,6,0
66.1719,0.743547,59.993837,-0.007809,0.0000,1.0000,7754.4,0.0042,6,0
66.1840,0.743710,59.993842,-0.007809,0.0000,1.0000,7755.0,0.0045,6,0
66.1943,0.743873,59.993847,-0.007809,0.0000,1.0000,7761.1,0.0047,6,0
66.2058,0.744037,59.993853,-0.007810,0.0000,1.0000,7763.7,0.0049,6,0
66.2198,0.744200,59.993859,-0.007810,0.0000,1.0000,7759.5,0.0052,6,0
66.2300,0.744363,59.993865,-0.007810,0.0000,1.0000,7770.0,0.0057,6,0
66.2429,0.744527,59.993871,-0.007811,0.0000,1.0000,7770.3,0.0062,6,0
66.2573,0.744690,59.993877,-0.007811,0.0000,1.0000,7767.3,0.0072,6,0
66.2686,0.744854,59.993884,-0.007811,0.0000,1.0000,7773.5,0.0084,6,0
66.2806,0.745017,59.993890,-0.007811,0.0000,1.0000,7776.7,0.0100,6,0
66.2925,0.745181,59.993896,-0.007812,0.0000,1.0000,7778.9,0.0119,6,0
66.3052,0.745344,59.993902,-0.007812,0.0000,1.0000,7776.1,0.0140,6,0
66.3159,0.745508,59.993908,-0.007812,0.0000,1.0000,7780.6,0.0162,6,0
66.3253,0.745671,59.993914,-0.007812,0.0000,1.0000,7788.9,0.0186,6,0
66.3380,0.745835,59.993920,-0.007813,0.0000,1.0000,7784.4,0.0211,6,0
66.3483,0.745999,59.993927,-0.007813,0.0000,1.0000,7785.4,0.0231,6,0
66.3581,0.746162,59.993933,-0.007813,0.0000,1.0000,7790.0,0.0249,6,0
66.3704,0.746326,59.993939,-0.007813,0.0000,1.0000,7785.3,0.0263,6,0
66.3808,0.746490,59.993945,-0.007814,0.0000,1.0000,7786.3,0.0270,6,0
66.3913,0.746654,59.993951,-0.007814,0.0000,1.0000,7788.8,0.0272,6,0
66.4036,0.746817,59.993958,-0.007814,0.0000,1.0000,7786.4,0.0269,6,0
66.4144,0.746981,59.993964,-0.007814,0.0000,1.0000,7785.5,0.0260,6,0
66.4243,0.747145,59.993970,-0.007815,0.0000,1.0000,7789.1,0.0246,6,0
66.4353,0.747309,59.993976,-0.007815,0.0000,1.0000,7789.1,0.0228,6,0
66.4456,0.747473,59.993981,-0.007815,0.0000,1.0000,7791.1,0.0207,6,0
66.4555,0.747637,59.993987,-0.007815,0.0000,1.0000,7795.9,0.0183,6,0
66.4673,0.747801,59.993992,-0.007815,0.0000,1.0000,7797.7,0.0162,6,0
66.4800,0.747965,59.993998,-0.007816,0.0000,1.0000,7797.3,0.0144,6,0
66.4897,0.748129,59.994004,-0.007816,0.0000,1.0000,7807.0,0.0129,6,0
66.5024,0.748293,59.994009,-0.007816,0.0000,1.0000,7808.5,0.0121,6,0
66.5154,0.748457,59.994015,-0.007816,0.0000,1.0000,7808.0,0.0119,6,0
66.5273,0.748621,59.994020,-0.007816,0.0000,1.0000,7809.9,0.0122,6,0
66.5382,0.748785,59.994026,-0.007817,0.0000,1.0000,7817.5,0.0132,6,0
66.5516,0.748949,59.994032,-0.007817,0.0000,1.0000,7814.1,0.0146,6,0
66.5642,0.749113,59.994038,-0.007817,0.0000,1.0000,7811.7,0.0164,6,0
66.5760,0.749277,59.994044,-0.007817,0.0000,1.0000,7814.6,0.0184,6,0
66.5859,0.749442,59.994050,-0.007817,0.0000,1.0000,7823.6,0.0205,6,0
66.5995,0.749606,59.994056,-0.007817,0.0000,1.0000,7817.0,0.0227,6,0
66.6119,0.749770,59.994063,-0.007817,0.0000,1.0000,7816.5,0.0247,6,0
66.6218,0.749934,59.994069,-0.007817,0.0000,1.0000,7826.8,0.0267,6,0
66.6361,0.750099,59.994075,-0.007817,0.0000,1.0000,7818.1,0.0287,6,0
66.6482,0.750263,59.994081,-0.007818,0.0000,1.0000,7816.8,0.0306,6,0
66.6575,0.750428,59.994087,-0.007818,0.0000,1.0000,7827.1,0.0326,6,0
66.6695,0.750592,59.994093,-0.007818,0.0000,1.0000,7824.9,0.0345,6,0
66.6811,0.750757,59.994100,-0.007818,0.0000,1.0000,7822.7,0.0364,6,0
66.6904,0.750921,59.994106,-0.007818,0.0000,1.0000,7830.1,0.0383,6,0
66.7012,0.751086,59.994112,-0.007818,0.0000,1.0000,7829.6,0.0401,6,0
66.7132,0.751250,59.994118,-0.007818,0.0000,1.0000,7824.6,0.0415,6,0
66.7228,0.751415,59.994125,-0.007818,0.0000,1.0000,7831.3,0.0427,6,0
66.7323,0.751579,59.994131,-0.007818,0.0000,1.0000,7836.1,0.0433,6,0
66.7440,0.751744,59.994137,-0.007818,0.0000,1.0000,7832.7,0.0434,6,0
66.7551,0.751909,59.994144,-0.007818,0.0000,1.0000,7835.1,0.0430,6,0
66.7637,0.752073,59.994150,-0.007818,0.0000,1.0000,7845.4,0.0419,6,0
66.7748,0.752238,59.994155,-0.007818,0.0000,1.0000,7844.7,0.0401,6,0
66.7861,0.752403,59.994161,-0.007818,0.0000,1.0000,7846.7,0.0378,6,0
66.7953,0.752567,59.994166,-0.007817,0.0000,1.0000,7857.6,0.0350,6,0
66.8072,0.752732,59.994172,-0.007817,0.0000,1.0000,7855.8,0.0317,6,0
66.8196,0.752897,59.994177,-0.007817,0.0000,1.0000,7856.2,0.0281,6,0
66.8296,0.753062,59.994183,-0.007817,0.0000,1.0000,7866.3,0.0245,6,0
66.8411,0.753227,59.994188,-0.007817,0.0000,1.0000,7868.1,0.0211,6,0
66.8535,0.753392,59.994194,-0.007817,0.0000,1.0000,7871.3,0.0180,6,0
66.8657,0.753556,59.994200,-0.007817,0.0000,1.0000,7873.8,0.0156,6,0
66.8764,0.753721,59.994205,-0.007817,0.0000,1.0000,7878.5,0.0139,6,0
66.8901,0.753886,59.994211,-0.007817,0.0000,1.0000,7872.7,0.0128,6,0
66.9026,0.754051,59.994217,-0.007816,0.0000,1.0000,7871.9,0.0123,6,0
66.9115,0.754216,59.994224,-0.007816,0.0000,1.0000,7881.3,0.0121,6,0
66.9204,0.754382,59.994230,-0.007816,0.0000,1.0000,7891.7,0.0122,6,0
66.9316,0.754547,59.994236,-0.007816,0.0000,1.0000,7897.5,0.0126,6,0
66.9426,0.754712,59.994242,-0.007815,0.0000,1.0000,7900.3,0.0131,6,0
66.9535,0.754877,59.994248,-0.007815,0.0000,1.0000,7901.8,0.0137,6,0
66.9671,0.755042,59.994255,-0.007815,0.0000,1.0000,7898.4,0.0146,6,0
66.9804,0.755207,59.994261,-0.007815,0.0000,1.0000,7895.4,0.0157,6,0
66.9953,0.755372,59.994267,-0.007814,0.0000,1.0000,7883.6,0.0171,6,0
67.0101,0.755538,59.994273,-0.007814,0.0000,1.0000,7878.2,0.0189,6,0
67.0227,0.755703,59.994279,-0.007814,0.0000,1.0000,7877.5,0.0209,6,0
67.0350,0.755868,59.994285,-0.007813,0.0000,1.0000,7876.3,0.0229,6,0
67.0490,0.756034,59.994291,-0.007813,0.0000,1.0000,7868.7,0.0252,6,0
67.0610,0.756199,59.994298,-0.007813,0.0000,1.0000,7869.4,0.0275,6,0
67.0706,0.756365,59.994304,-0.007812,0.0000,1.0000,7875.8,0.0297,6,0
67.0840,0.756530,59.994310,-0.007812,0.0000,1.0000,7869.4,0.0318,6,0
67.0958,0.756696,59.994316,-0.007812,0.0000,1.0000,7870.0,0.0336,6,0
67.1057,0.756861,59.994322,-0.007811,0.0000,1.0000,7874.6,0.0350,6,0
67.1197,0.757027,59.994328,-0.007811,0.0000,1.0000,7868.1,0.0363,6,0
67.1309,0.757192,59.994334,-0.007810,0.0000,1.0000,7873.0,0.0374,6,0
67.1413,0.757358,59.994340,-0.007810,0.0000,1.0000,7878.5,0.0383,6,0
67.1548,0.757523,59.994347,-0.007810,0.0000,1.0000,7873.8,0.0391,6,0
67.1662,0.757689,59.994353,-0.007809,0.0000,1.0000,7880.0,0.0399,6,0
67.1765,0.757855,59.994359,-0.007809,0.0000,1.0000,7885.4,0.0406,6,0
67.1879,0.758021,59.994365,-0.007808,0.0000,1.0000,7886.4,0.0411,6,0
67.2000,0.758186,59.994371,-0.007808,0.0000,1.0000,7888.1,0.0415,6,0
67.2100,0.758352,59.994378,-0.007807,0.0000,1.0000,7895.0,0.0417,6,0
67.2193,0.758518,59.994384,-0.007807,0.0000,1.0000,7902.3,0.0416,6,0
67.2327,0.758684,59.994390,-0.007806,0.0000,1.0000,7900.9,0.0414,6,0
67.2433,0.758850,59.994396,-0.007806,0.0000,1.0000,7905.8,0.0408,6,0
67.2519,0.759015,59.994402,-0.007805,0.0000,1.0000,7914.8,0.0400,6,0
67.2646,0.759181,59.994408,-0.007805,0.0000,1.0000,7912.4,0.0391,6,0
67.2761,0.759347,59.994414,-0.007804,0.0000,1.0000,7912.9,0.0377,6,0
67.2849,0.759513,59.994420,-0.007803,0.0000,1.0000,7922.4,0.0361,6,0
67.2971,0.759679,59.994426,-0.007803,0.0000,1.0000,7922.7,0.0344,6,0
67.3091,0.759845,59.994432,-0.007802,0.0000,1.0000,7922.4,0.0325,6,0
67.3178,0.760011,59.994438,-0.007802,0.0000,1.0000,7930.1,0.0305,6,0
67.3293,0.760177,59.994444,-0.007801,0.0000,1.0000,7932.9,0.0286,6,0
67.3393,0.760343,59.994450,-0.007800,0.0000,1.0000,7939.0,0.0268,6,0
67.3509,0.760510,59.994456,-0.007800,0.0000,1.0000,7940.1,0.0251,6,0
67.3617,0.760676,59.994462,-0.007799,0.0000,1.0000,7945.0,0.0237,6,0
67.3741,0.760842,59.994468,-0.007798,0.0000,1.0000,7945.4,0.0225,6,0
67.3864,0.761008,59.994474,-0.007797,0.0000,1.0000,7946.7,0.0214,6,0
67.3980,0.761174,59.994480,-0.007797,0.0000,1.0000,7949.2,0.0207,6,0
67.4119,0.761341,59.994486,-0.007796,0.0000,1.0000,7946.1,0.0203,6,0
67.4249,0.761507,59.994492,-0.007795,0.0000,1.0000,7946.4,0.0203,6,0
67.4361,0.761673,59.994498,-0.007794,0.0000,1.0000,7951.5,0.0207,6,0
67.4518,0.761840,59.994504,-0.007794,0.0000,1.0000,7940.8,0.0218,6,0
67.4651,0.762006,59.994510,-0.007793,0.0000,1.0000,7938.6,0.0232,6,0
67.4739,0.762172,59.994516,-0.007792,0.0000,1.0000,7949.6,0.0251,6,0
67.4834,0.762339,59.994522,-0.007791,0.0000,1.0000,7959.4,0.0273,6,0
67.4952,0.762505,59.994527,-0.007790,0.0000,1.0000,7960.0,0.0295,6,0
67.5049,0.762672,59.994533,-0.007789,0.0000,1.0000,7964.7,0.0318,6,0
67.5165,0.762838,59.994539,-0.007788,0.0000,1.0000,7967.4,0.0340,6,0
67.5281,0.763005,59.994545,-0.007788,0.0000,1.0000,7968.0,0.0361,6,0
67.5399,0.763172,59.994551,-0.007787,0.0000,1.0000,7965.0,0.0379,6,0
67.5534,0.763338,59.994556,-0.007786,0.0000,1.0000,7960.4,0.0396,6,0
67.5693,0.763505,59.994562,-0.007785,0.0000,1.0000,7944.2,0.0412,6,0
67.5803,0.763671,59.994568,-0.007784,0.0000,1.0000,7946.3,0.0427,6,0
67.5921,0.763838,59.994574,-0.007783,0.0000,1.0000,7947.9,0.0442,6,0
67.6042,0.764005,59.994580,-0.007782,0.0000,1.0000,7946.1,0.0455,6,0
67.6149,0.764172,59.994587,-0.007781,0.0000,1.0000,7951.5,0.0467,6,0
67.6254,0.764339,59.994593,-0.007780,0.0000,1.0000,7956.3,0.0479,6,0
67.6393,0.764505,59.994599,-0.007779,0.0000,1.0000,7951.5,0.0489,6,0
67.6499,0.764672,59.994605,-0.007778,0.0000,1.0000,7955.6,0.0495,6,0
67.6597,0.764839,59.994611,-0.007777,0.0000,1.0000,7961.4,0.0500,6,0
67.6723,0.765006,59.994618,-0.007776,0.0000,1.0000,7960.9,0.0501,6,0
67.6830,0.765173,59.994624,-0.007775,0.0000,1.0000,7961.3,0.0499,6,0
67.6926,0.765340,59.994630,-0.007774,0.0000,1.0000,7969.0,0.0493,6,0
67.7027,0.765507,59.994636,-0.007772,0.0000,1.0000,7972.2,0.0482,6,0
67.7137,0.765674,59.994642,-0.007771,0.0000,1.0000,7972.3,0.0469,6,0
67.7237,0.765841,59.994648,-0.007770,0.0000,1.0000,7979.2,0.0451,6,0
67.7337,0.766008,59.994654,-0.007769,0.0000,1.0000,7985.0,0.0429,6,0
67.7439,0.766175,59.994660,-0.007768,0.0000,1.0000,7986.8,0.0403,6,0
67.7548,0.766342,59.994666,-0.007766,0.0000,1.0000,7992.0,0.0376,6,0
67.7644,0.766509,59.994672,-0.007765,0.0000,1.0000,8000.0,0.0349,6,0
67.7704,0.766677,59.994678,-0.007764,0.0000,1.0000,8021.7,0.0320,6,0
67.7789,0.766844,59.994684,-0.007763,0.0000,1.0000,8033.9,0.0293,6,0
67.7873,0.767011,59.994690,-0.007762,0.0000,1.0000,8050.3,0.0270,6,0
67.7922,0.767178,59.994696,-0.007760,0.0000,1.0000,8077.8,0.0249,6,0
67.8028,0.767345,59.994702,-0.007759,0.0000,1.0000,8083.6,0.0233,6,0
67.8139,0.767513,59.994708,-0.007757,0.0000,1.0000,8088.5,0.0221,6,0
67.8250,0.767680,59.994714,-0.007756,0.0000,1.0000,8091.1,0.0213,6,0
67.8382,0.767847,59.994720,-0.007755,0.0000,1.0000,8087.6,0.0211,6,0
67.8515,0.768015,59.994726,-0.007753,0.0000,1.0000,8085.1,0.0211,6,0
67.8635,0.768182,59.994732,-0.007752,0.0000,1.0000,8084.2,0.0215,6,0
67.8764,0.768349,59.994738,-0.007751,0.0000,1.0000,8081.0,0.0221,6,0
67.8899,0.768517,59.994744,-0.007749,0.0000,1.0000,8076.6,0.0230,6,0
67.9036,0.768684,59.994750,-0.007748,0.0000,1.0000,8072.7,0.0240,6,0
67.9152,0.768852,59.994756,-0.007746,0.0000,1.0000,8071.5,0.0252,6,0
67.9294,0.769019,59.994762,-0.007745,0.0000,1.0000,8066.0,0.0267,6,0
67.9420,0.769187,59.994769,-0.007743,0.0000,1.0000,8063.6,0.0282,6,0
67.9545,0.769355,59.994775,-0.007742,0.0000,1.0000,8062.7,0.0299,6,0
67.9672,0.769522,59.994781,-0.007740,0.0000,1.0000,8060.4,0.0317,6,0
67.9792,0.769690,59.994787,-0.007738,0.0000,1.0000,8061.2,0.0336,6,0
67.9907,0.769858,59.994793,-0.007737,0.0000,1.0000,8059.8,0.0355,6,0
68.0037,0.770025,59.994800,-0.007735,0.0000,1.0000,8059.9,0.0374,6,0
68.0142,0.770193,59.994806,-0.007734,0.0000,1.0000,8062.8,0.0392,6,0
68.0251,0.770361,59.994812,-0.007732,0.0000,1.0000,8066.2,0.0409,6,0
68.0368,0.770529,59.994818,-0.007731,0.0000,1.0000,8070.0,0.0425,6,0
68.0475,0.770696,59.994824,-0.007729,0.0000,1.0000,8073.3,0.0440,6,0
68.0588,0.770864,59.994830,-0.007727,0.0000,1.0000,8072.8,0.0453,6,0
68.0704,0.771032,59.994836,-0.007726,0.0000,1.0000,8076.6,0.0465,6,0
68.0812,0.771200,59.994843,-0.007724,0.0000,1.0000,8080.7,0.0476,6,0
68.0917,0.771368,59.994849,-0.007722,0.0000,1.0000,8085.0,0.0486,6,0
68.1031,0.771536,59.994855,-0.007720,0.0000,1.0000,8089.4,0.0495,6,0
68.1135,0.771704,59.994861,-0.007719,0.0000,1.0000,8095.1,0.0503,6,0
68.1237,0.771872,59.994867,-0.007717,0.0000,1.0000,8099.4,0.0510,6,0
68.1349,0.772040,59.994873,-0.007715,0.0000,1.0000,8104.6,0.0517,6,0
68.1455,0.772208,59.994879,-0.007714,0.0000,1.0000,8108.6,0.0524,6,0
68.1561,0.772376,59.994885,-0.007712,0.0000,1.0000,8112.7,0.0530,6,0
68.1665,0.772544,59.994891,-0.007710,0.0000,1.0000,8115.7,0.0536,6,0
68.1771,0.772713,59.994897,-0.007708,0.0000,1.0000,8121.3,0.0543,6,0
68.1870,0.772881,59.994903,-0.007706,0.0000,1.0000,8127.1,0.0547,6,0
68.1972,0.773049,59.994910,-0.007704,0.0000,1.0000,8129.9,0.0551,6,0
68.2075,0.773217,59.994916,-0.007703,0.0000,1.0000,8134.0,0.0552,6,0
68.2179,0.773386,59.994922,-0.007701,0.0000,1.0000,8136.6,0.0553,6,0
68.2268,0.773554,59.994928,-0.007699,0.0000,1.0000,8141.2,0.0552,6,0
68.2365,0.773722,59.994934,-0.007697,0.0000,1.0000,8145.8,0.0550,6,0
68.2468,0.773890,59.994940,-0.007695,0.0000,1.0000,8149.1,0.0546,6,0
68.2549,0.774059,59.994946,-0.007693,0.0000,1.0000,8154.8,0.0541,6,0
68.2660,0.774227,59.994952,-0.007691,0.0000,1.0000,8154.4,0.0536,6,0
68.2751,0.774396,59.994958,-0.007689,0.0000,1.0000,8159.8,0.0532,6,0
68.2848,0.774564,59.994965,-0.007687,0.0000,1.0000,8161.7,0.0531,6,0
68.2937,0.774732,59.994971,-0.007685,0.0000,1.0000,8165.5,0.0531,6,0
68.3033,0.774901,59.994977,-0.007683,0.0000,1.0000,8167.9,0.0535,6,0
68.3122,0.775069,59.994983,-0.007681,0.0000,1.0000,8170.8,0.0542,6,0
68.3196,0.775238,59.994989,-0.007679,0.0000,1.0000,8171.4,0.0550,6,0
68.3287,0.775406,59.994995,-0.007677,0.0000,1.0000,8172.2,0.0559,6,0
68.3381,0.775575,59.995001,-0.007675,0.0000,1.0000,8172.6,0.0569,6,0
68.3464,0.775744,59.995006,-0.007672,0.0000,1.0000,8175.3,0.0577,6,0
68.3562,0.775912,59.995012,-0.007670,0.0000,1.0000,8175.6,0.0584,6,0
68.3649,0.776081,59.995018,-0.007668,0.0000,1.0000,8177.6,0.0587,6,0
68.3733,0.776249,59.995024,-0.007666,0.0000,1.0000,8180.4,0.0590,6,0
68.3830,0.776418,59.995029,-0.007663,0.0000,1.0000,8181.6,0.0590,6,0
68.3921,0.776587,59.995035,-0.007661,0.0000,1.0000,8182.2,0.0588,6,0
68.3999,0.776755,59.995041,-0.007659,0.0000,1.0000,8186.5,0.0585,6,0
68.4100,0.776924,59.995046,-0.007657,0.0000,1.0000,8186.0,0.0580,6,0
68.4199,0.777093,59.995052,-0.007654,0.0000,1.0000,8188.8,0.0576,6,0
68.4291,0.777262,59.995058,-0.007652,0.0000,1.0000,8188.4,0.0572,6,0
68.4392,0.777431,59.995064,-0.007649,0.0000,1.0000,8189.3,0.0567,6,0
68.4502,0.777599,59.995070,-0.007647,0.0000,1.0000,8191.7,0.0563,6,0
68.4599,0.777768,59.995076,-0.007644,0.0000,1.0000,8192.8,0.0560,6,0
68.4703,0.777937,59.995083,-0.007642,0.0000,1.0000,8191.5,0.0556,6,0
68.4805,0.778106,59.995089,-0.007639,0.0000,1.0000,8191.5,0.0553,6,0
68.4911,0.778275,59.995095,-0.007637,0.0000,1.0000,8192.0,0.0550,6,0
68.5021,0.778444,59.995101,-0.007634,0.0000,1.0000,8187.7,0.0545,6,0
68.5128,0.778613,59.995107,-0.007632,0.0000,1.0000,8185.9,0.0539,6,0
68.5218,0.778782,59.995113,-0.007629,0.0000,1.0000,8185.6,0.0531,6,0
68.5312,0.778951,59.995119,-0.007627,0.0000,1.0000,8183.4,0.0518,6,0
68.5398,0.779120,59.995125,-0.007624,0.0000,1.0000,8185.6,0.0502,6,0
68.5497,0.779289,59.995131,-0.007621,0.0000,1.0000,8189.1,0.0484,6,0
68.5614,0.779458,59.995137,-0.007618,0.0000,1.0000,8187.9,0.0463,6,0
68.5717,0.779627,59.995143,-0.007616,0.0000,1.0000,8186.8,0.0440,6,0
68.5810,0.779796,59.995150,-0.007613,0.0000,1.0000,8189.7,0.0416,6,0
68.5914,0.779966,59.995156,-0.007610,0.0000,1.0000,8190.4,0.0392,6,0
68.6054,0.780135,59.995162,-0.007608,0.0000,1.0000,8191.2,0.0369,6,0
68.6181,0.780304,59.995168,-0.007605,0.0000,1.0000,8192.4,0.0349,6,0
68.6287,0.780473,59.995174,-0.007602,0.0000,1.0000,8193.4,0.0326,6,0
68.6378,0.780643,59.995180,-0.007599,0.0000,1.0000,8198.6,0.0303,6,0
68.6499,0.780812,59.995186,-0.007596,0.0000,1.0000,8199.7,0.0285,6,0
68.6608,0.780981,59.995192,-0.007593,0.0000,1.0000,8200.6,0.0269,6,0
68.6723,0.781151,59.995198,-0.007590,0.0000,1.0000,8201.0,0.0256,6,0
68.6844,0.781320,59.995204,-0.007588,0.0000,1.0000,8199.1,0.0247,6,0
68.6965,0.781490,59.995211,-0.007585,0.0000,1.0000,8197.5,0.0241,6,0
68.7072,0.781659,59.995217,-0.007582,0.0000,1.0000,8193.0,0.0238,6,0
68.7202,0.781829,59.995223,-0.007579,0.0000,1.0000,8191.3,0.0238,6,0
68.7314,0.781998,59.995229,-0.007576,0.0000,1.0000,8188.0,0.0238,6,0
68.7419,0.782168,59.995235,-0.007573,0.0000,1.0000,8185.9,0.0238,6,0
68.7533,0.782337,59.995241,-0.007570,0.0000,1.0000,8186.9,0.0238,6,0
68.7646,0.782507,59.995247,-0.007567,0.0000,1.0000,8188.6,0.0238,6,0
68.7759,0.782676,59.995252,-0.007564,0.0000,1.0000,8186.7,0.0236,6,0
68.7876,0.782846,59.995258,-0.007560,0.0000,1.0000,8191.6,0.0235,6,0
68.8007,0.783016,59.995264,-0.007557,0.0000,1.0000,8189.4,0.0235,6,0
68.8135,0.783186,59.995270,-0.007554,0.0000,1.0000,8186.9,0.0235,6,0
68.8262,0.783355,59.995276,-0.007551,0.0000,1.0000,8185.8,0.0239,6,0
68.8394,0.783525,59.995281,-0.007548,0.0000,1.0000,8183.8,0.0244,6,0
68.8541,0.783695,59.995287,-0.007545,0.0000,1.0000,8175.8,0.0249,6,0
68.8677,0.783865,59.995293,-0.007542,0.0000,1.0000,8170.8,0.0257,6,0
68.8816,0.784035,59.995299,-0.007539,0.0000,1.0000,8167.4,0.0265,6,0
68.8944,0.784205,59.995305,-0.007535,0.0000,1.0000,8163.8,0.0273,6,0
68.9079,0.784375,59.995311,-0.007532,0.0000,1.0000,8160.0,0.0280,6,0
68.9218,0.784545,59.995317,-0.007529,0.0000,1.0000,8155.7,0.0287,6,0
68.9349,0.784715,59.995323,-0.007526,0.0000,1.0000,8148.6,0.0292,6,0
68.9482,0.784885,59.995330,-0.007522,0.0000,1.0000,8145.1,0.0296,6,0
68.9584,0.785055,59.995336,-0.007519,0.0000,1.0000,8150.8,0.0300,6,0
68.9706,0.785225,59.995342,-0.007516,0.0000,1.0000,8146.8,0.0300,6,0
68.9856,0.785395,59.995348,-0.007513,0.0000,1.0000,8134.1,0.0298,6,0
69.0024,0.785565,59.995354,-0.007509,0.0000,1.0000,8115.1,0.0295,6,0
69.0166,0.785735,59.995360,-0.007506,0.0000,1.0000,8105.7,0.0289,6,0
69.0285,0.785906,59.995366,-0.007503,0.0000,1.0000,8104.7,0.0284,6,0
69.0431,0.786076,59.995372,-0.007499,0.0000,1.0000,8095.8,0.0279,6,0
69.0538,0.786246,59.995378,-0.007496,0.0000,1.0000,8101.1,0.0272,6,0
69.0640,0.786417,59.995385,-0.007493,0.0000,1.0000,8107.6,0.0266,6,0
69.0792,0.786587,59.995391,-0.007489,0.0000,1.0000,8098.8,0.0260,6,0
69.0904,0.786757,59.995397,-0.007486,0.0000,1.0000,8104.8,0.0252,6,0
69.0989,0.786928,59.995403,-0.007483,0.0000,1.0000,8116.0,0.0246,6,0
69.1140,0.787098,59.995409,-0.007479,0.0000,1.0000,8108.1,0.0240,6,0
69.1258,0.787269,59.995415,-0.007476,0.0000,1.0000,8112.7,0.0233,6,0
69.1342,0.787439,59.995421,-0.007472,0.0000,1.0000,8124.7,0.0227,6,0
69.1486,0.787610,59.995426,-0.007469,0.0000,1.0000,8119.7,0.0221,6,0
69.1618,0.787780,59.995432,-0.007465,0.0000,1.0000,8118.5,0.0214,6,0
69.1708,0.787951,59.995438,-0.007462,0.0000,1.0000,8130.2,0.0209,6,0
69.1850,0.788122,59.995444,-0.007458,0.0000,1.0000,8126.5,0.0204,6,0
69.1982,0.788292,59.995449,-0.007455,0.0000,1.0000,8125.0,0.0200,6,0
69.2084,0.788463,59.995455,-0.007452,0.0000,1.0000,8133.6,0.0196,6,0
69.2217,0.788634,59.995461,-0.007448,0.0000,1.0000,8131.9,0.0193,6,0
69.2366,0.788805,59.995466,-0.007445,0.0000,1.0000,8128.1,0.0190,6,0
69.2466,0.788975,59.995472,-0.007441,0.0000,1.0000,8137.1,0.0185,6,0
69.2588,0.789146,59.995478,-0.007438,0.0000,1.0000,8138.9,0.0180,6,0
69.2711,0.789317,59.995484,-0.007434,0.0000,1.0000,8140.7,0.0173,6,0
69.2834,0.789488,59.995490,-0.007430,0.0000,1.0000,8141.4,0.0165,6,0
69.2957,0.789659,59.995496,-0.007427,0.0000,1.0000,8143.3,0.0157,6,0
69.3087,0.789830,59.995503,-0.007423,0.0000,1.0000,8143.0,0.0149,6,0
69.3212,0.790001,59.995509,-0.007420,0.0000,1.0000,8139.7,0.0140,6,0
69.3335,0.790172,59.995515,-0.007416,0.0000,1.0000,8142.4,0.0132,6,0
69.3468,0.790343,59.995521,-0.007413,0.0000,1.0000,8135.3,0.0123,6,0
69.3590,0.790514,59.995527,-0.007409,0.0000,1.0000,8135.6,0.0114,6,0
69.3699,0.790685,59.995533,-0.007405,0.0000,1.0000,8141.6,0.0106,6,0
69.3849,0.790856,59.995539,-0.007402,0.0000,1.0000,8133.2,0.0097,6,0
69.3960,0.791027,59.995545,-0.007398,0.0000,1.0000,8138.4,0.0089,6,0
69.4079,0.791199,59.995551,-0.007394,0.0000,1.0000,8145.7,0.0084,6,0
69.4239,0.791370,59.995557,-0.007391,0.0000,1.0000,8137.3,0.0081,6,0
69.4361,0.791541,59.995564,-0.007387,0.0000,1.0000,8141.4,0.0078,6,0
69.4476,0.791712,59.995570,-0.007383,0.0000,1.0000,8151.0,0.0078,6,0
69.4635,0.791884,59.995576,-0.007380,0.0000,1.0000,8141.0,0.0080,6,0
69.4765,0.792055,59.995582,-0.007376,0.0000,1.0000,8140.9,0.0082,6,0
69.4858,0.792226,59.995588,-0.007372,0.0000,1.0000,8157.4,0.0086,6,0
69.5017,0.792398,59.995594,-0.007369,0.0000,1.0000,8145.6,0.0090,6,0
69.5147,0.792569,59.995600,-0.007365,0.0000,1.0000,8143.7,0.0093,6,0
69.5242,0.792741,59.995605,-0.007361,0.0000,1.0000,8159.1,0.0096,6,0
69.5386,0.792912,59.995611,-0.007358,0.0000,1.0000,8153.1,0.0097,6,0
69.5525,0.793084,59.995616,-0.007354,0.0000,1.0000,8148.1,0.0097,6,0
69.5618,0.793255,59.995622,-0.007350,0.0000,1.0000,8163.8,0.0097,6,0
69.5775,0.793427,59.995628,-0.007346,0.0000,1.0000,8156.2,0.0097,6,0
69.5921,0.793599,59.995633,-0.007343,0.0000,1.0000,8150.2,0.0094,6,0
69.6029,0.793770,59.995639,-0.007339,0.0000,1.0000,8163.4,0.0092,6,0
69.6165,0.793942,59.995644,-0.007335,0.0000,1.0000,8163.8,0.0089,6,0
69.6325,0.794114,59.995650,-0.007332,0.0000,1.0000,8156.0,0.0086,6,0
69.6440,0.794286,59.995656,-0.007328,0.0000,1.0000,8165.3,0.0083,6,0
69.6564,0.794457,59.995662,-0.007324,0.0000,1.0000,8170.4,0.0079,6,0
69.6724,0.794629,59.995669,-0.007320,0.0000,1.0000,8163.1,0.0074,6,0
69.6845,0.794801,59.995675,-0.007316,0.0000,1.0000,8168.4,0.0070,6,0
69.6963,0.794973,59.995681,-0.007313,0.0000,1.0000,8176.9,0.0065,6,0
69.7126,0.795145,59.995687,-0.007309,0.0000,1.0000,8167.6,0.0061,6,0
69.7261,0.795317,59.995693,-0.007305,0.0000,1.0000,8171.2,0.0059,6,0
69.7370,0.795489,59.995700,-0.007301,0.0000,1.0000,8180.9,0.0058,6,0
69.7511,0.795661,59.995706,-0.007298,0.0000,1.0000,8174.8,0.0058,6,0
69.7626,0.795833,59.995712,-0.007294,0.0000,1.0000,8179.0,0.0059,6,0
69.7735,0.796005,59.995718,-0.007290,0.0000,1.0000,8183.9,0.0060,6,0
69.7868,0.796177,59.995724,-0.007286,0.0000,1.0000,8178.4,0.0062,6,0
69.7996,0.796349,59.995730,-0.007282,0.0000,1.0000,8178.5,0.0063,6,0
69.8103,0.796522,59.995736,-0.007279,0.0000,1.0000,8189.3,0.0064,6,0
69.8261,0.796694,59.995742,-0.007275,0.0000,1.0000,8175.9,0.0064,6,0
69.8401,0.796866,59.995749,-0.007271,0.0000,1.0000,8175.1,0.0060,6,0
69.8482,0.797038,59.995755,-0.007267,0.0000,1.0000,8194.3,0.0057,6,0
69.8644,0.797211,59.995761,-0.007263,0.0000,1.0000,8182.3,0.0049,6,0
69.8781,0.797383,59.995767,-0.007259,0.0000,1.0000,8181.5,0.0041,6,0
69.8857,0.797555,59.995773,-0.007256,0.0000,1.0000,8201.2,0.0031,6,0
69.9011,0.797728,59.995779,-0.007252,0.0000,1.0000,8189.5,0.0019,6,0
69.9150,0.797900,59.995784,-0.007248,0.0000,1.0000,8188.8,0.0007,6,0
69.9247,0.798073,59.995790,-0.007244,0.0000,1.0000,8204.9,-0.0006,6,0
69.9408,0.798245,59.995796,-0.007240,0.0000,1.0000,8195.9,-0.0017,6,0
69.9545,0.798418,59.995801,-0.007236,0.0000,1.0000,8196.0,-0.0028,6,0
69.9661,0.798590,59.995807,-0.007233,0.0000,1.0000,8210.0,-0.0037,6,0
69.9815,0.798763,59.995813,-0.007229,0.0000,1.0000,8204.4,-0.0045,6,0
69.9980,0.798936,59.995819,-0.007225,0.0000,1.0000,8200.2,-0.0050,6,0
70.0088,0.799108,59.995824,-0.007221,0.0000,1.0000,8217.2,-0.0052,6,0
70.0231,0.799281,59.995830,-0.007217,0.0000,1.0000,8218.3,-0.0054,6,0
70.0410,0.799454,59.995836,-0.007213,0.0000,1.0000,8207.7,-0.0054,6,0
70.0549,0.799627,59.995842,-0.007209,0.0000,1.0000,8213.8,-0.0054,6,0
70.0675,0.799799,59.995848,-0.007206,0.0000,1.0000,8220.8,-0.0052,6,0
70.0827,0.799972,59.995854,-0.007202,0.0000,1.0000,8217.4,-0.0050,6,0
70.0967,0.800145,59.995860,-0.007198,0.0000,1.0000,8222.0,-0.0047,6,0
70.1107,0.800318,59.995866,-0.007194,0.0000,1.0000,8222.9,-0.0044,6,0
70.1254,0.800491,59.995872,-0.007190,0.0000,1.0000,8219.4,-0.0041,6,0
70.1401,0.800664,59.995878,-0.007186,0.0000,1.0000,8219.5,-0.0038,6,0
70.1520,0.800837,59.995884,-0.007182,0.0000,1.0000,8223.9,-0.0034,6,0
70.1665,0.801010,59.995890,-0.007179,0.0000,1.0000,8221.4,-0.0031,6,0
70.1802,0.801183,59.995896,-0.007175,0.0000,1.0000,8222.5,-0.0028,6,0
70.1920,0.801356,59.995903,-0.007171,0.0000,1.0000,8226.9,-0.0024,6,0
70.2060,0.801530,59.995909,-0.007167,0.0000,1.0000,8223.6,-0.0022,6,0
70.2187,0.801703,59.995915,-0.007163,0.0000,1.0000,8228.6,-0.0019,6,0
70.2306,0.801876,59.995922,-0.007159,0.0000,1.0000,8234.5,-0.0016,6,0
70.2446,0.802049,59.995928,-0.007155,0.0000,1.0000,8235.5,-0.0014,6,0
70.2603,0.802223,59.995934,-0.007152,0.0000,1.0000,8232.6,-0.0011,6,0
70.2714,0.802396,59.995940,-0.007148,0.0000,1.0000,8243.1,-0.0008,6,0
70.2857,0.802569,59.995947,-0.007144,0.0000,1.0000,8245.3,-0.0007,6,0
70.3013,0.802743,59.995953,-0.007140,0.0000,1.0000,8241.0,-0.0006,6,0
70.3127,0.802916,59.995959,-0.007136,0.0000,1.0000,8249.3,-0.0003,6,0
70.3269,0.803089,59.995965,-0.007132,0.0000,1.0000,8250.3,-0.0002,6,0
70.3426,0.803263,59.995971,-0.007128,0.0000,1.0000,8245.5,0.0000,6,0
70.3533,0.803437,59.995977,-0.007125,0.0000,1.0000,8255.3,0.0002,6,0
70.3683,0.803610,59.995984,-0.007121,0.0000,1.0000,8251.7,0.0005,6,0
70.3845,0.803784,59.995990,-0.007117,0.0000,1.0000,8245.5,0.0008,6,0
70.3957,0.803957,59.995996,-0.007113,0.0000,1.0000,8256.6,0.0012,6,0
70.4102,0.804131,59.996002,-0.007109,0.0000,1.0000,8254.6,0.0016,6,0
70.4281,0.804305,59.996008,-0.007105,0.0000,1.0000,8245.2,0.0019,6,0
70.4379,0.804478,59.996014,-0.007101,0.0000,1.0000,8262.2,0.0022,6,0
70.4535,0.804652,59.996020,-0.007098,0.0000,1.0000,8258.6,0.0025,6,0
70.4697,0.804826,59.996025,-0.007094,0.0000,1.0000,8251.7,0.0027,6,0
70.4814,0.805000,59.996031,-0.007090,0.0000,1.0000,8263.8,0.0029,6,0
70.4956,0.805174,59.996036,-0.007086,0.0000,1.0000,8264.0,0.0029,6,0
70.5123,0.805348,59.996042,-0.007082,0.0000,1.0000,8257.0,0.0029,6,0
70.5247,0.805522,59.996048,-0.007078,0.0000,1.0000,8266.7,0.0028,6,0
70.5391,0.805696,59.996053,-0.007074,0.0000,1.0000,8267.3,0.0026,6,0
70.5565,0.805870,59.996059,-0.007071,0.0000,1.0000,8260.7,0.0023,6,0
70.5663,0.806044,59.996064,-0.007067,0.0000,1.0000,8277.9,0.0019,6,0
70.5806,0.806218,59.996070,-0.007063,0.0000,1.0000,8278.8,0.0016,6,0
70.5970,0.806392,59.996076,-0.007059,0.0000,1.0000,8271.5,0.0012,6,0
70.6111,0.806566,59.996082,-0.007055,0.0000,1.0000,8273.4,0.0008,6,0
70.6232,0.806740,59.996088,-0.007051,0.0000,1.0000,8281.9,0.0005,6,0
70.6411,0.806914,59.996094,-0.007047,0.0000,1.0000,8271.7,0.0002,6,0
70.6527,0.807089,59.996100,-0.007043,0.0000,1.0000,8282.0,-0.0001,6,0
70.6643,0.807263,59.996106,-0.007040,0.0000,1.0000,8290.8,-0.0004,6,0
70.6826,0.807437,59.996112,-0.007036,0.0000,1.0000,8279.3,-0.0006,6,0
70.6962,0.807612,59.996118,-0.007032,0.0000,1.0000,8280.9,-0.0008,6,0
70.7059,0.807786,59.996124,-0.007028,0.0000,1.0000,8297.7,-0.0010,6,0
70.7242,0.807961,59.996130,-0.007024,0.0000,1.0000,8283.5,-0.0011,6,0
70.7365,0.808135,59.996136,-0.007020,0.0000,1.0000,8290.0,-0.0012,6,0
70.7461,0.808310,59.996143,-0.007016,0.0000,1.0000,8307.2,-0.0013,6,0
70.7653,0.808484,59.996149,-0.007012,0.0000,1.0000,8290.3,-0.0013,6,0
70.7779,0.808659,59.996155,-0.007008,0.0000,1.0000,8295.4,-0.0013,6,0
70.7886,0.808833,59.996161,-0.007005,0.0000,1.0000,8308.1,-0.0013,6,0
70.8069,0.809008,59.996168,-0.007001,0.0000,1.0000,8297.7,-0.0012,6,0
70.8196,0.809183,59.996174,-0.006997,0.0000,1.0000,8304.6,-0.0010,6,0
70.8317,0.809357,59.996180,-0.006993,0.0000,1.0000,8319.2,-0.0008,6,0
70.8509,0.809532,59.996187,-0.006989,0.0000,1.0000,8307.4,-0.0005,6,0
70.8676,0.809707,59.996193,-0.006985,0.0000,1.0000,8307.1,-0.0002,6,0
70.8798,0.809882,59.996199,-0.006981,0.0000,1.0000,8325.5,-0.0000,6,0
70.8997,0.810056,59.996205,-0.006977,0.0000,1.0000,8314.7,0.0001,6,0
70.9167,0.810231,59.996211,-0.006973,0.0000,1.0000,8312.9,0.0002,6,0
70.9286,0.810406,59.996217,-0.006970,0.0000,1.0000,8325.3,0.0002,6,0
70.9441,0.810581,59.996223,-0.006966,0.0000,1.0000,8321.1,0.0002,6,0
70.9596,0.810756,59.996230,-0.006962,0.0000,1.0000,8319.5,0.0001,6,0
70.9731,0.810931,59.996236,-0.006958,0.0000,1.0000,8321.7,0.0000,6,0
70.9880,0.811107,59.996242,-0.006954,0.0000,1.0000,8319.4,0.0001,6,0
71.0018,0.811282,59.996248,-0.006950,0.0000,1.0000,8321.9,0.0004,6,0
71.0160,0.811457,59.996254,-0.006946,0.0000,1.0000,8321.9,0.0008,6,0
71.0308,0.811632,59.996260,-0.006942,0.0000,1.0000,8321.5,0.0012,6,0
71.0449,0.811807,59.996266,-0.006938,0.0000,1.0000,8323.4,0.0017,6,0
71.0595,0.811982,59.996272,-0.006934,0.0000,1.0000,8326.1,0.0022,6,0
71.0733,0.812158,59.996278,-0.006930,0.0000,1.0000,8329.2,0.0026,6,0
71.0900,0.812333,59.996285,-0.006927,0.0000,0.9434,8322.1,0.0032,6,0
71.0996,0.812508,59.996291,-0.006923,0.0000,0.9434,8334.0,0.0035,6,0
71.1145,0.812684,59.996297,-0.006919,0.0000,0.8379,8318.6,0.0039,6,0
71.1258,0.812859,59.996303,-0.006915,0.0000,0.8379,8310.1,0.0041,6,0
71.1298,0.813035,59.996309,-0.006911,0.0000,0.6811,8316.8,0.0043,6,0
71.1383,0.813210,59.996315,-0.006907,0.0000,0.6811,8297.2,0.0043,6,0
71.1401,0.813386,59.996321,-0.006903,0.0000,0.4992,8284.8,0.0043,6,0
71.1352,0.813561,59.996327,-0.006899,0.0000,0.4992,8287.6,0.0042,6,0
71.1302,0.813737,59.996333,-0.006895,0.0000,0.3690,8274.0,0.0039,6,0
71.1203,0.813912,59.996339,-0.006891,0.0000,0.3690,8268.3,0.0035,6,0
71.1064,0.814087,59.996346,-0.006887,0.0000,0.2320,8268.9,0.0032,6,0
71.0919,0.814263,59.996352,-0.006884,0.0000,0.2320,8260.7,0.0026,6,0
71.0743,0.814438,59.996358,-0.006880,0.0000,0.1500,8255.0,0.0020,6,0
71.0534,0.814613,59.996364,-0.006876,0.0000,0.1500,8255.5,0.0015,6,0
71.0339,0.814789,59.996370,-0.006872,0.0000,0.1047,8249.8,0.0009,6,0
71.0128,0.814964,59.996376,-0.006868,0.0000,0.1047,8246.5,0.0003,6,0
70.9926,0.815139,59.996382,-0.006864,0.0000,0.0718,8246.9,-0.0002,6,0
70.9723,0.815314,59.996388,-0.006860,0.0000,0.0718,8241.9,-0.0008,6,0
70.9531,0.815489,59.996394,-0.006856,0.0051,0.0397,8236.2,-0.0015,6,0
70.9329,0.815664,59.996400,-0.006852,0.0051,0.0397,8235.0,-0.0022,6,0
70.9129,0.815839,59.996406,-0.006848,0.0114,0.0098,8229.3,-0.0031,6,0
70.8931,0.816014,59.996413,-0.006844,0.0114,0.0098,8219.9,-0.0039,6,0
70.8713,0.816188,59.996419,-0.006841,0.0249,0.0000,8218.4,-0.0048,6,0
70.8493,0.816363,59.996425,-0.006837,0.0249,0.0000,8210.4,-0.0058,6,0
70.8260,0.816538,59.996431,-0.006833,0.0271,0.0000,8199.7,-0.0066,6,0
70.8002,0.816712,59.996437,-0.006829,0.0271,0.0000,8198.3,-0.0074,6,0
70.7762,0.816887,59.996443,-0.006825,0.0400,0.0000,8189.4,-0.0080,6,0
70.7505,0.817061,59.996448,-0.006821,0.0400,0.0000,8179.9,-0.0084,6,0
70.7217,0.817236,59.996454,-0.006817,0.0598,0.0000,8174.2,-0.0085,6,0
70.6906,0.817410,59.996460,-0.006813,0.0598,0.0000,8168.0,-0.0084,6,0
70.6587,0.817585,59.996465,-0.006809,0.0618,0.0000,8160.4,-0.0077,6,0
70.6255,0.817759,59.996471,-0.006805,0.0618,0.0000,8157.8,-0.0070,6,0
70.5924,0.817933,59.996477,-0.006801,0.0737,0.0000,8153.5,-0.0059,6,0
70.5587,0.818107,59.996483,-0.006798,0.0737,0.0000,8147.9,-0.0046,6,0
70.5223,0.818281,59.996488,-0.006794,0.0725,0.0000,8146.8,-0.0034,6,0
70.4855,0.818455,59.996494,-0.006790,0.0725,0.0000,8146.1,-0.0021,6,0
70.4491,0.818628,59.996500,-0.006786,0.0800,0.0000,8142.0,-0.0009,6,0
70.4126,0.818802,59.996506,-0.006782,0.0800,0.0000,8139.6,0.0002,6,0
70.3745,0.818976,59.996512,-0.006778,0.0815,0.0000,8138.3,0.0012,6,0
70.3366,0.819149,59.996518,-0.006774,0.0815,0.0000,8134.7,0.0018,6,0
70.2977,0.819323,59.996524,-0.006770,0.0811,0.0000,8136.2,0.0022,6,0
70.2590,0.819496,59.996531,-0.006767,0.0811,0.0000,8135.4,0.0023,6,0
70.2203,0.819669,59.996537,-0.006763,0.0928,0.0000,8134.0,0.0023,6,0
70.1809,0.819842,59.996543,-0.006759,0.0928,0.0000,8131.6,0.0021,6,0
70.1389,0.820015,59.996549,-0.006755,0.0977,0.0000,8131.6,0.0016,6,0
70.0965,0.820188,59.996555,-0.006751,0.0977,0.0000,8128.3,0.0010,6,0
70.0561,0.820361,59.996561,-0.006747,0.1196,0.0000,8123.3,0.0004,6,0
70.0120,0.820534,59.996567,-0.006743,0.1196,0.0000,8120.7,-0.0003,6,0
69.9663,0.820706,59.996573,-0.006740,0.1395,0.0000,8113.5,-0.0010,6,0
69.9194,0.820879,59.996579,-0.006736,0.1395,0.0000,8105.7,-0.0016,6,0
69.8679,0.821051,59.996586,-0.006732,0.1833,0.0000,8099.4,-0.0022,6,0
69.8117,0.821223,59.996592,-0.006728,0.1833,0.0000,8089.8,-0.0027,6,0
69.7524,0.821395,59.996598,-0.006724,0.2031,0.0000,8078.4,-0.0031,6,0
69.6881,0.821567,59.996604,-0.006720,0.2031,0.0000,8074.7,-0.0035,6,0
69.6234,0.821739,59.996610,-0.006717,0.2441,0.0000,8064.8,-0.0037,6,0
69.5542,0.821910,59.996616,-0.006713,0.2441,0.0000,8052.8,-0.0040,6,0
69.4788,0.822082,59.996622,-0.006709,0.2881,0.0000,8045.1,-0.0042,6,0
69.4003,0.822253,59.996628,-0.006705,0.2881,0.0000,8031.7,-0.0044,6,0
69.3177,0.822424,59.996633,-0.006701,0.3174,0.0000,8020.1,-0.0046,6,0
69.2317,0.822595,59.996639,-0.006698,0.3174,0.0000,8010.7,-0.0050,6,0
69.1423,0.822765,59.996645,-0.006694,0.3581,0.0000,7996.5,-0.0051,6,0
69.0480,0.822935,59.996651,-0.006690,0.3581,0.0000,7984.2,-0.0054,6,0
68.9496,0.823105,59.996657,-0.006686,0.3896,0.0000,7971.6,-0.0055,6,0
68.8496,0.823275,59.996662,-0.006682,0.3896,0.0000,7958.3,-0.0055,6,0
68.7464,0.823445,59.996668,-0.006679,0.4279,0.0000,7944.3,-0.0056,6,0
68.6400,0.823614,59.996674,-0.006675,0.4279,0.0000,7928.7,-0.0057,6,0
68.5288,0.823783,59.996680,-0.006671,0.4590,0.0000,7912.9,-0.0054,6,0
68.4138,0.823952,59.996686,-0.006667,0.4590,0.0000,7896.6,-0.0053,6,0
68.2970,0.824120,59.996692,-0.006664,0.4805,0.0000,7880.0,-0.0051,6,0
68.1778,0.824289,59.996698,-0.006660,0.4805,0.0000,7862.0,-0.0048,6,0
68.0555,0.824456,59.996704,-0.006656,0.5193,0.0000,7844.4,-0.0046,6,0
67.9295,0.824624,59.996711,-0.006652,0.5193,0.0000,7821.8,-0.0045,6,0
67.7987,0.824791,59.996717,-0.006649,0.5462,0.0000,7802.8,-0.0041,6,0
67.6658,0.824958,59.996723,-0.006645,0.5462,0.0000,7782.0,-0.0039,6,0
67.5300,0.825125,59.996729,-0.006641,0.5819,0.0000,7758.6,-0.0035,6,0
67.3892,0.825291,59.996735,-0.006637,0.5819,0.0000,7737.4,-0.0032,6,0
67.2458,0.825457,59.996741,-0.006634,0.6073,0.0000,7714.2,-0.0028,6,0
67.0986,0.825622,59.996746,-0.006630,0.6073,0.0000,7692.7,-0.0025,6,0
66.9482,0.825787,59.996752,-0.006626,0.6283,0.0000,7673.1,-0.0020,6,0
66.7980,0.825952,59.996757,-0.006623,0.6283,0.0000,7652.6,-0.0016,6,0
66.6430,0.826116,59.996763,-0.006619,0.6559,0.0000,7634.5,-0.0014,6,0
66.4853,0.826280,59.996768,-0.006616,0.6559,0.0000,7614.9,-0.0011,6,0
66.3260,0.826444,59.996773,-0.006612,0.6725,0.0000,7596.0,-0.0009,6,0
66.1645,0.826607,59.996779,-0.006608,0.6725,0.0000,7575.6,-0.0009,6,0
66.0018,0.826770,59.996784,-0.006605,0.6892,0.0000,7555.6,-0.0009,6,0
65.8383,0.826932,59.996790,-0.006601,0.6892,0.0000,7533.9,-0.0010,6,0
65.6719,0.827094,59.996795,-0.006597,0.7094,0.0000,7510.5,-0.0013,6,0
65.5037,0.827256,59.996801,-0.006594,0.7094,0.0000,7487.8,-0.0016,6,0
65.3336,0.827417,59.996806,-0.006590,0.7204,0.0000,7466.6,-0.0020,6,0
65.1633,0.827578,59.996812,-0.006587,0.7204,0.0000,7443.1,-0.0023,6,0
64.9901,0.827738,59.996817,-0.006583,0.7427,0.0000,7420.5,-0.0027,6,0
64.8134,0.827898,59.996823,-0.006580,0.7427,0.0000,7395.4,-0.0031,6,0
64.6368,0.828057,59.996828,-0.006576,0.7493,0.0000,7373.6,-0.0033,6,0
64.4571,0.828216,59.996834,-0.006573,0.7493,0.0000,7351.7,-0.0035,6,0
64.2778,0.828375,59.996840,-0.006569,0.7654,0.0000,7330.4,-0.0035,6,0
64.0976,0.828533,59.996845,-0.006566,0.7654,0.0000,7311.4,-0.0033,6,0
63.9145,0.828691,59.996851,-0.006562,0.7764,0.0000,7288.1,-0.0032,6,0
63.7301,0.828848,59.996856,-0.006559,0.7764,0.0000,7269.1,-0.0029,6,0
63.5451,0.829005,59.996862,-0.006555,0.7849,0.0000,7247.4,-0.0026,6,0
63.3597,0.829161,59.996868,-0.006552,0.7849,0.0000,7226.6,-0.0023,6,0
63.1732,0.829317,59.996873,-0.006548,0.7991,0.0000,7205.9,-0.0022,6,0
62.9837,0.829472,59.996879,-0.006545,0.7991,0.0000,7182.0,-0.0019,6,0
62.7932,0.829627,59.996885,-0.006541,0.8028,0.0000,7163.7,-0.0018,6,0
62.6028,0.829781,59.996891,-0.006538,0.8028,0.0000,7141.1,-0.0018,6,0
62.4109,0.829935,59.996896,-0.006535,0.8121,0.0000,7124.2,-0.0017,6,0
62.2191,0.830089,59.996902,-0.006531,0.8121,0.0000,7103.9,-0.0016,6,0
62.0253,0.830242,59.996907,-0.006528,0.8160,0.0000,7084.1,-0.0016,6,0
61.8328,0.830394,59.996912,-0.006524,0.8160,0.0000,7063.6,-0.0016,6,0
61.6372,0.830546,59.996917,-0.006521,0.8182,0.0000,7044.9,-0.0017,6,0
61.4432,0.830698,59.996922,-0.006518,0.8182,0.0000,7025.3,-0.0017,6,0
61.2479,0.830849,59.996927,-0.006514,0.8311,0.0000,7004.0,-0.0017,6,0
61.0503,0.830999,59.996932,-0.006511,0.8311,0.0000,6982.6,-0.0017,6,0
60.8537,0.831150,59.996937,-0.006508,0.8284,0.0000,6960.5,-0.0017,6,0
60.6550,0.831299,59.996942,-0.006504,0.8284,0.0000,6942.6,-0.0017,6,0
60.4599,0.831448,59.996947,-0.006501,0.8331,0.0000,6920.5,-0.0017,6,0
60.2620,0.831597,59.996952,-0.006498,0.8331,0.0000,6901.1,-0.0017,6,0
60.0655,0.831745,59.996957,-0.006494,0.8341,0.0000,6878.1,-0.0017,6,0
59.8693,0.831893,59.996963,-0.006491,0.8341,0.0000,6855.7,-0.0017,6,0
59.6743,0.832040,59.996968,-0.006488,0.8270,0.0000,6832.6,-0.0018,6,0
59.4806,0.832187,59.996973,-0.006485,0.8270,0.0000,6808.9,-0.0018,6,0
59.2861,0.832333,59.996978,-0.006482,0.8341,0.0000,6782.7,-0.0020,6,0
59.0925,0.832479,59.996984,-0.006478,0.8341,0.0000,6755.4,-0.0021,6,0
58.8963,0.832624,59.996989,-0.006475,0.8258,0.0000,6729.2,-0.0021,6,0
58.7029,0.832769,59.996994,-0.006472,0.8258,0.0000,6702.4,-0.0021,6,0
58.5085,0.832913,59.997000,-0.006469,0.8370,0.0000,6676.3,-0.0021,6,0
58.3151,0.833057,59.997005,-0.006465,0.8370,0.0000,6646.0,-0.0021,6,0
58.1186,0.833200,59.997010,-0.006462,0.8394,0.0000,6622.9,-0.0018,6,0
57.9218,0.833343,59.997015,-0.006459,0.8394,0.0000,6598.3,-0.0018,6,0
57.7259,0.833485,59.997020,-0.006456,0.8302,0.0000,6577.4,-0.0016,6,0
57.5303,0.833627,59.997025,-0.006453,0.8302,0.0000,6554.2,-0.0015,6,0
57.3370,0.833769,59.997030,-0.006450,0.8321,0.0000,6532.7,-0.0013,6,0
57.1421,0.833910,59.997035,-0.006447,0.8321,0.0000,6509.6,-0.0012,6,0
56.9494,0.834050,59.997040,-0.006443,0.8211,0.0000,6486.8,-0.0011,6,0
56.7560,0.834190,59.997045,-0.006440,0.8211,0.0000,6463.5,-0.0009,6,0
56.5658,0.834330,59.997050,-0.006437,0.8221,0.0000,6440.8,-0.0008,6,0
56.3747,0.834469,59.997055,-0.006434,0.8221,0.0000,6415.3,-0.0008,6,0
56.1834,0.834607,59.997060,-0.006431,0.8216,0.0000,6391.3,-0.0009,6,0
55.9907,0.834745,59.997064,-0.006428,0.8216,0.0000,6369.5,-0.0009,6,0
55.8003,0.834883,59.997069,-0.006425,0.8138,0.0000,6348.1,-0.0009,6,0
55.6102,0.835020,59.997073,-0.006422,0.8138,0.0000,6324.9,-0.0010,6,0
55.4211,0.835157,59.997078,-0.006419,0.8175,0.0825,6883.2,-0.0010,6,0
55.2315,0.835293,59.997082,-0.006416,0.8175,0.0825,7168.1,-0.0011,6,0
55.0422,0.835429,59.997087,-0.006413,0.8072,0.0824,7148.6,-0.0012,6,0
54.8545,0.835564,59.997091,-0.006410,0.8072,0.0824,7124.0,-0.0013,6,0
54.6663,0.835699,59.997096,-0.006407,0.8091,0.0000,7092.0,-0.0013,5,0
54.4779,0.835833,59.997100,-0.006404,0.8091,0.0000,7066.6,-0.0013,5,0
54.2887,0.835967,59.997105,-0.006401,0.8055,0.0000,7044.7,-0.0013,5,0
54.1013,0.836101,59.997109,-0.006398,0.8055,0.0000,7019.7,-0.0013,5,0
53.9130,0.836234,59.997114,-0.006395,0.8006,0.0000,6997.4,-0.0011,5,0
53.7274,0.836366,59.997119,-0.006392,0.8006,0.0000,6971.9,-0.0008,5,0
53.5402,0.836498,59.997124,-0.006389,0.7979,0.0000,6949.7,-0.0006,5,0
53.3558,0.836630,59.997128,-0.006386,0.7979,0.0000,6922.3,-0.0004,5,0
53.1689,0.836761,59.997133,-0.006384,0.7913,0.0000,6900.4,-0.0001,5,0
52.9853,0.836892,59.997138,-0.006381,0.7913,0.0000,6875.6,0.0000,5,0
52.8024,0.837022,59.997142,-0.006378,0.7869,0.0000,6853.7,0.0001,5,0
52.6213,0.837152,59.997147,-0.006375,0.7869,0.0000,6826.7,0.0003,5,0
52.4383,0.837281,59.997152,-0.006372,0.7854,0.0000,6803.1,0.0006,5,0
52.2589,0.837410,59.997156,-0.006369,0.7854,0.0000,6777.1,0.0007,5,0
52.0785,0.837538,59.997160,-0.006366,0.7808,0.0000,6752.6,0.0008,5,0
51.9003,0.837666,59.997165,-0.006364,0.7808,0.0000,6724.5,0.0009,5,0
51.7215,0.837794,59.997169,-0.006361,0.7791,0.0000,6697.0,0.0009,5,0
51.5441,0.837921,59.997174,-0.006358,0.7791,0.0000,6667.0,0.0010,5,0
51.3677,0.838048,59.997178,-0.006355,0.7698,0.0000,6638.7,0.0011,5,0
51.1909,0.838174,59.997183,-0.006352,0.7698,0.0000,6611.2,0.0011,5,0
51.0163,0.838300,59.997187,-0.006349,0.7644,0.0000,6581.1,0.0012,5,0
50.8415,0.838425,59.997192,-0.006347,0.7644,0.0000,6550.5,0.0013,5,0
50.6684,0.838550,59.997197,-0.006344,0.7586,0.0000,6519.4,0.0013,5,0
50.4940,0.838675,59.997202,-0.006341,0.7586,0.0000,6489.9,0.0014,5,0
50.3207,0.838799,59.997206,-0.006338,0.7525,0.0000,6465.3,0.0014,5,0
50.1440,0.838923,59.997211,-0.006336,0.7525,0.0000,6445.1,0.0016,5,0
49.9714,0.839046,59.997216,-0.006333,0.7498,0.0000,6426.1,0.0018,5,0
49.7955,0.839169,59.997221,-0.006330,0.7498,0.0000,6407.8,0.0022,5,0
49.6233,0.839291,59.997226,-0.006328,0.7422,0.0000,6389.7,0.0026,5,0
49.4467,0.839413,59.997230,-0.006325,0.7422,0.0000,6379.0,0.0031,5,0
49.2732,0.839535,59.997235,-0.006322,0.7385,0.0000,6364.6,0.0036,5,0
49.1014,0.839656,59.997240,-0.006319,0.7385,0.0000,6347.0,0.0040,5,0
48.9293,0.839776,59.997244,-0.006317,0.7378,0.0000,6330.8,0.0045,5,0
48.7586,0.839897,59.997247,-0.006314,0.7378,0.0000,6307.9,0.0049,5,0
48.5863,0.840016,59.997251,-0.006312,0.7317,0.0000,6289.6,0.0051,5,0
48.4160,0.840136,59.997254,-0.006309,0.7317,0.0000,6273.5,0.0053,5,0
48.2460,0.840255,59.997258,-0.006306,0.7280,0.0000,6254.2,0.0055,5,0
48.0793,0.840373,59.997262,-0.006304,0.7280,0.0000,6233.6,0.0055,5,0
47.9100,0.840492,59.997265,-0.006301,0.7236,0.0000,6213.0,0.0055,5,0
47.7434,0.840609,59.997269,-0.006298,0.7236,0.0000,6193.6,0.0055,5,0
47.5759,0.840727,59.997272,-0.006296,0.7248,0.0000,6172.7,0.0052,5,0
47.4103,0.840844,59.997276,-0.006293,0.7248,0.0000,6150.9,0.0050,5,0
47.2432,0.840960,59.997280,-0.006291,0.7302,0.0000,6126.7,0.0048,5,0
47.0750,0.841076,59.997285,-0.006288,0.7302,0.0000,6101.5,0.0045,5,0
46.9073,0.841192,59.997289,-0.006285,0.7302,0.0000,6078.1,0.0043,5,0
46.7389,0.841307,59.997294,-0.006283,0.7302,0.0000,6053.4,0.0042,5,0
46.5716,0.841422,59.997298,-0.006280,0.7317,0.9394,6028.3,0.0040,5,0
46.4015,0.841537,59.997302,-0.006278,0.7317,0.9394,6441.8,0.0038,5,0
46.2333,0.841651,59.997307,-0.006275,0.7307,0.0563,6950.2,0.0035,5,0
46.0651,0.841764,59.997311,-0.006273,0.7307,0.0563,6928.0,0.0031,5,0
45.8971,0.841877,59.997316,-0.006270,0.7344,0.0000,6904.6,0.0027,5,0
45.7295,0.841990,59.997320,-0.006268,0.7344,0.0000,6878.5,0.0022,4,0
45.5568,0.842103,59.997324,-0.006265,0.7361,0.0000,6852.5,0.0017,4,0
45.3864,0.842215,59.997327,-0.006263,0.7361,0.0000,6829.9,0.0013,4,0
45.2153,0.842326,59.997331,-0.006260,0.7258,0.0000,6809.4,0.0008,4,0
45.0487,0.842437,59.997334,-0.006258,0.7258,0.0000,6786.6,0.0003,4,0
44.8799,0.842548,59.997338,-0.006255,0.7322,0.0000,6764.4,-0.0002,4,0
44.7112,0.842658,59.997342,-0.006253,0.7322,0.0000,6737.8,-0.0007,4,0
44.5434,0.842768,59.997345,-0.006250,0.7339,0.0000,6713.1,-0.0013,4,0
44.3745,0.842877,59.997349,-0.006248,0.7339,0.0000,6688.2,-0.0020,4,0
44.2084,0.842987,59.997352,-0.006245,0.7395,0.0000,6661.9,-0.0026,4,0
44.0391,0.843095,59.997356,-0.006243,0.7395,0.0000,6633.4,-0.0031,4,0
43.8718,0.843203,59.997360,-0.006240,0.7378,0.0000,6599.9,-0.0036,4,0
43.7044,0.843311,59.997364,-0.006238,0.7378,0.0000,6569.7,-0.0040,4,0
43.5366,0.843419,59.997368,-0.006236,0.7317,0.0000,6539.1,-0.0044,4,0
43.3716,0.843525,59.997372,-0.006233,0.7317,0.0000,6508.2,-0.0046,4,0
43.2035,0.843632,59.997376,-0.006231,0.7395,0.0000,6475.1,-0.0047,4,0
43.0361,0.843738,59.997379,-0.006228,0.7395,0.0000,6439.4,-0.0047,4,0
42.8678,0.843844,59.997383,-0.006226,0.7334,0.0000,6409.3,-0.0049,4,0
42.6986,0.843949,59.997387,-0.006224,0.7334,0.0000,6382.8,-0.0049,4,0
42.5313,0.844054,59.997391,-0.006221,0.7405,0.0000,6358.6,-0.0049,4,0
42.3599,0.844159,59.997395,-0.006219,0.7405,0.0000,6334.7,-0.0049,4,0
42.1903,0.844263,59.997398,-0.006217,0.7329,0.0000,6307.2,-0.0048,4,0
42.0200,0.844366,59.997402,-0.006214,0.7329,0.0000,6286.5,-0.0048,4,0
41.8492,0.844470,59.997405,-0.006212,0.7329,0.0000,6270.1,-0.0049,4,0
41.6806,0.844572,59.997409,-0.006210,0.7329,0.0000,6253.8,-0.0049,4,0
41.5095,0.844675,59.997412,-0.006207,0.7356,0.0000,6232.6,-0.0049,4,0
41.3407,0.844777,59.997416,-0.006205,0.7356,0.0000,6207.6,-0.0049,4,0
41.1726,0.844878,59.997419,-0.006203,0.7280,0.0000,6183.0,-0.0049,4,0
41.0045,0.844979,59.997423,-0.006200,0.7280,0.0000,6163.2,-0.0052,4,0
40.8395,0.845080,59.997427,-0.006198,0.7300,0.0000,6139.0,-0.0053,4,0
40.6721,0.845180,59.997430,-0.006196,0.7300,0.0000,6117.6,-0.0055,4,0
40.5049,0.845280,59.997433,-0.006194,0.7268,0.0000,6092.8,-0.0059,4,0
40.3414,0.845380,59.997437,-0.006192,0.7268,0.0000,6064.6,-0.0065,4,0
40.1759,0.845479,59.997440,-0.006189,0.7263,0.0000,6039.3,-0.0072,4,0
40.0135,0.845578,59.997443,-0.006187,0.7263,0.0000,6010.4,-0.0080,4,0
39.8505,0.845676,59.997447,-0.006185,0.7312,0.0000,5977.9,-0.0090,4,0
39.6836,0.845774,59.997450,-0.006183,0.7312,0.0000,5947.3,-0.0099,4,0
39.5213,0.845871,59.997453,-0.006180,0.7200,0.0000,5911.5,-0.0108,4,0
39.3588,0.845968,59.997456,-0.006178,0.7200,0.0000,5874.3,-0.0119,4,0
39.1967,0.846065,59.997460,-0.006176,0.7165,0.0000,5840.0,-0.0131,4,0
39.0366,0.846161,59.997463,-0.006174,0.7165,0.0000,5807.5,-0.0138,4,0
38.8742,0.846257,59.997467,-0.006172,0.7094,0.0000,5774.5,-0.0143,4,0
38.7129,0.846353,59.997470,-0.006170,0.7094,0.0000,5742.2,-0.0145,4,0
38.5575,0.846448,59.997474,-0.006168,0.6999,0.0000,5696.1,-0.0147,4,0
38.4006,0.846543,59.997477,-0.006165,0.6999,0.0000,5701.2,-0.0150,4,0
38.2415,0.846637,59.997481,-0.006163,0.7072,0.9394,6260.6,-0.0151,4,0
38.0817,0.846731,59.997484,-0.006161,0.7072,0.9394,6820.0,-0.0152,4,0
37.9208,0.846824,59.997487,-0.006159,0.7036,0.0370,6818.7,-0.0152,4,0
37.7608,0.846917,59.997491,-0.006157,0.7036,0.0370,6786.4,-0.0153,4,0
37.6034,0.847010,59.997495,-0.006155,0.7009,0.0000,6741.0,-0.0155,3,0
37.4430,0.847103,59.997498,-0.006153,0.7009,0.0000,6712.6,-0.0160,3,0
37.2822,0.847194,59.997501,-0.006151,0.7009,0.0000,6695.2,-0.0161,3,0
37.1203,0.847286,59.997504,-0.006149,0.7009,0.0000,6672.2,-0.0164,3,0
36.9577,0.847377,59.997507,-0.006147,0.6992,0.0000,6647.0,-0.0166,3,0
36.7980,0.847468,59.997510,-0.006145,0.6992,0.0000,6623.3,-0.0172,3,0
36.6389,0.847558,59.997513,-0.006143,0.6997,0.0000,6593.5,-0.0181,3,0
36.4795,0.847648,59.997516,-0.006141,0.6997,0.0000,6565.6,-0.0190,3,0
36.3189,0.847738,59.997519,-0.006139,0.6999,0.0000,6540.3,-0.0203,3,0
36.1580,0.847827,59.997522,-0.006137,0.6999,0.0000,6510.0,-0.0213,3,0
35.9980,0.847916,59.997525,-0.006135,0.6965,0.0000,6481.3,-0.0224,3,0
35.8397,0.848004,59.997528,-0.006133,0.6965,0.0000,6455.0,-0.0236,3,0
35.6815,0.848092,59.997531,-0.006131,0.6999,0.0000,6421.2,-0.0252,3,0
35.5219,0.848180,59.997534,-0.006129,0.6999,0.0000,6388.8,-0.0266,3,0
35.3651,0.848267,59.997538,-0.006127,0.6911,0.0000,6359.4,-0.0280,3,0
35.2063,0.848354,59.997541,-0.006126,0.6911,0.0000,6329.4,-0.0294,3,0
35.0476,0.848440,59.997544,-0.006124,0.6960,0.0000,6300.0,-0.0309,3,0
34.8926,0.848526,59.997547,-0.006122,0.6960,0.0000,6268.6,-0.0327,3,0
34.7344,0.848612,59.997550,-0.006120,0.6906,0.0000,6237.2,-0.0347,3,0
34.5780,0.848697,59.997554,-0.006118,0.6906,0.0000,6200.1,-0.0368,3,0
34.4241,0.848782,59.997557,-0.006116,0.6906,0.0000,6165.4,-0.0386,3,0
34.2685,0.848867,59.997560,-0.006114,0.6906,0.0000,6129.0,-0.0402,3,0
34.1101,0.848951,59.997563,-0.006113,0.6892,0.0000,6120.1,-0.0417,3,0
33.9542,0.849035,59.997566,-0.006111,0.6892,0.0000,6125.4,-0.0430,3,0
33.8027,0.849118,59.997569,-0.006109,0.6716,0.0000,6090.3,-0.0444,3,0
33.6516,0.849201,59.997572,-0.006107,0.6716,0.0000,6055.1,-0.0457,3,0
33.5017,0.849284,59.997575,-0.006106,0.6699,0.0000,6019.0,-0.0468,3,0
33.3530,0.849366,59.997578,-0.006104,0.6699,0.0000,5982.0,-0.0473,3,0
33.2038,0.849448,59.997581,-0.006102,0.6555,0.0000,5950.9,-0.0475,3,0
33.0543,0.849529,59.997584,-0.006100,0.6555,0.0000,5928.0,-0.0475,3,0
32.9090,0.849611,59.997587,-0.006099,0.6435,0.0000,5902.9,-0.0477,3,0
32.7670,0.849691,59.997590,-0.006097,0.6435,0.0000,5870.7,-0.0484,3,0
32.6242,0.849772,59.997593,-0.006095,0.6322,0.0000,5840.9,-0.0479,3,0
32.4833,0.849852,59.997595,-0.006094,0.6322,0.0000,5828.6,-0.0473,3,0
32.3398,0.849932,59.997598,-0.006092,0.6034,0.0000,5837.0,-0.0464,3,0
32.2022,0.850011,59.997600,-0.006091,0.6034,0.0000,5804.3,-0.0453,3,0
32.0644,0.850090,59.997603,-0.006089,0.5887,0.0000,5776.4,-0.0443,3,0
31.9283,0.850169,59.997606,-0.006088,0.5887,0.0000,5749.6,-0.0434,3,0
31.7937,0.850247,59.997608,-0.006086,0.5699,0.0000,5723.7,-0.0426,3,0
31.6622,0.850326,59.997611,-0.006084,0.5699,0.0000,5698.1,-0.0417,3,0
31.5340,0.850403,59.997613,-0.006083,0.5516,0.0000,5672.6,-0.0407,3,0
31.4064,0.850481,59.997616,-0.006081,0.5516,0.0000,5647.1,-0.0395,3,0
31.2790,0.850558,59.997619,-0.006080,0.5403,0.0000,5626.0,-0.0384,3,0
31.1513,0.850635,59.997621,-0.006078,0.5403,0.0000,5612.9,-0.0375,3,0
31.0261,0.850711,59.997624,-0.006077,0.5150,0.0000,5597.9,-0.0369,3,0
30.9047,0.850788,59.997627,-0.006075,0.5150,0.0000,5579.8,-0.0365,3,0
30.7872,0.850863,59.997630,-0.006074,0.5017,0.0000,5558.2,-0.0364,3,0
30.6707,0.850939,59.997632,-0.006073,0.5017,0.0000,5537.9,-0.0365,3,0
30.5538,0.851014,59.997635,-0.006071,0.4888,0.0000,5517.3,-0.0369,3,0
30.4373,0.851090,59.997638,-0.006070,0.4888,0.0000,5499.8,-0.0377,3,0
30.3232,0.851164,59.997640,-0.006068,0.4853,0.9394,5626.0,-0.0387,3,0
30.2121,0.851239,59.997643,-0.006067,0.4853,0.9394,6185.0,-0.0402,3,0
30.1008,0.851313,59.997646,-0.006066,0.4753,0.0440,6729.3,-0.0418,3,0
29.9909,0.851387,59.997648,-0.006064,0.4753,0.0440,6704.4,-0.0435,3,0
29.8828,0.851461,59.997651,-0.006063,0.4578,0.0000,6683.7,-0.0451,3,0
29.7765,0.851534,59.997654,-0.006062,0.4578,0.0000,6648.2,-0.0465,2,0
29.6683,0.851607,59.997656,-0.006060,0.4329,0.0000,6628.9,-0.0480,2,0
29.5634,0.851680,59.997659,-0.006059,0.4329,0.0000,6611.7,-0.0494,2,0
29.4616,0.851753,59.997662,-0.006058,0.3999,0.0000,6595.2,-0.0509,2,0
29.3629,0.851825,59.997665,-0.006056,0.3999,0.0000,6578.9,-0.0524,2,0
29.2689,0.851898,59.997667,-0.006055,0.3818,0.0000,6559.7,-0.0540,2,0
29.1761,0.851970,59.997670,-0.006054,0.3818,0.0000,6540.8,-0.0556,2,0
29.0836,0.852041,59.997673,-0.006053,0.3674,0.0000,6523.0,-0.0570,2,0
28.9924,0.852113,59.997675,-0.006051,0.3674,0.0000,6504.8,-0.0583,2,0
28.9031,0.852184,59.997678,-0.006050,0.3484,0.0000,6487.5,-0.0597,2,0
28.8154,0.852255,59.997680,-0.006049,0.3484,0.0000,6475.1,-0.0612,2,0
28.7302,0.852326,59.997683,-0.006048,0.3345,0.0000,6458.5,-0.0626,2,0
28.6469,0.852397,59.997686,-0.006047,0.3345,0.0000,6441.3,-0.0641,2,0
28.5662,0.852467,59.997688,-0.006046,0.3052,0.0000,6424.0,-0.0655,2,0
28.4874,0.852537,59.997691,-0.006044,0.3052,0.0000,6410.5,-0.0667,2,0
28.4111,0.852607,59.997693,-0.006043,0.2820,0.0000,6397.6,-0.0678,2,0
28.3379,0.852677,59.997696,-0.006042,0.2820,0.0000,6383.5,-0.0688,2,0
28.2664,0.852747,59.997698,-0.006041,0.2632,0.0000,6369.7,-0.0701,2,0
28.1965,0.852817,59.997701,-0.006040,0.2632,0.0000,6361.1,-0.0714,2,0
28.1296,0.852886,59.997703,-0.006039,0.2405,0.0000,6347.9,-0.0730,2,0
28.0656,0.852955,59.997706,-0.006038,0.2405,0.0000,6334.4,-0.0747,2,0
28.0038,0.853024,59.997708,-0.006037,0.2212,0.0000,6320.7,-0.0765,2,0
27.9425,0.853093,59.997710,-0.006036,0.2212,0.0000,6309.4,-0.0783,2,0
27.8835,0.853162,59.997713,-0.006035,0.2017,0.0000,6297.0,-0.0803,2,0
27.8267,0.853231,59.997715,-0.006034,0.2017,0.0000,6286.1,-0.0824,2,0
27.7714,0.853299,59.997718,-0.006033,0.1936,0.0000,6273.7,-0.0846,2,0
27.7168,0.853367,59.997720,-0.006032,0.1936,0.0000,6266.1,-0.0870,2,0
27.6636,0.853436,59.997723,-0.006031,0.1848,0.0000,6255.5,-0.0894,2,0
27.6128,0.853504,59.997725,-0.006030,0.1848,0.0000,6240.0,-0.0918,2,0
27.5620,0.853572,59.997728,-0.006029,0.1721,0.0000,6228.8,-0.0942,2,0
27.5128,0.853640,59.997730,-0.006028,0.1721,0.0000,6216.0,-0.0963,2,0
27.4641,0.853707,59.997733,-0.006027,0.1668,0.0000,6204.2,-0.0984,2,0
27.4155,0.853775,59.997736,-0.006026,0.1668,0.0000,6192.8,-0.1005,2,0
27.3681,0.853843,59.997738,-0.006025,0.1526,0.0000,6184.4,-0.1028,2,0
27.3213,0.853910,59.997741,-0.006025,0.1526,0.0000,6177.7,-0.1051,2,0
27.2769,0.853977,59.997743,-0.006024,0.1462,0.0000,6166.5,-0.1074,2,0
27.2336,0.854044,59.997746,-0.006023,0.1462,0.0000,6154.0,-0.1097,2,0
27.1902,0.854111,59.997748,-0.006022,0.1409,0.0000,6142.9,-0.1119,2,0
27.1472,0.854178,59.997751,-0.006021,0.1409,0.0000,6132.0,-0.1140,2,0
27.1045,0.854245,59.997753,-0.006021,0.1350,0.0000,6122.9,-0.1162,2,0
27.0622,0.854312,59.997756,-0.006020,0.1350,0.0000,6113.3,-0.1185,2,0
27.0209,0.854379,59.997758,-0.006019,0.1340,0.0000,6104.0,-0.1208,2,0
26.9791,0.854445,59.997760,-0.006018,0.1340,0.0000,6096.6,-0.1232,2,0
26.9378,0.854512,59.997763,-0.006018,0.1292,0.0000,6087.0,-0.1255,2,0
26.8976,0.854578,59.997765,-0.006017,0.1292,0.0000,6074.8,-0.1278,2,0
26.8577,0.854644,59.997768,-0.006016,0.1272,0.0000,6062.2,-0.1300,2,0
26.8174,0.854710,59.997770,-0.006015,0.1272,0.0000,6051.8,-0.1320,2,0
26.7770,0.854776,59.997772,-0.006015,0.1211,0.0000,6043.5,-0.1338,2,0
26.7377,0.854842,59.997774,-0.006014,0.1211,0.0000,6034.5,-0.1355,2,0
26.6989,0.854908,59.997776,-0.006013,0.1145,0.0000,6028.4,-0.1370,2,0
26.6612,0.854974,59.997778,-0.006013,0.1145,0.0000,6022.2,-0.1383,2,0
26.6245,0.855040,59.997780,-0.006012,0.1101,0.0000,6012.6,-0.1392,2,0
26.5882,0.855105,59.997782,-0.006012,0.1101,0.0000,6002.4,-0.1398,2,0
26.5525,0.855171,59.997784,-0.006011,0.0994,0.0000,5993.4,-0.1401,2,0
26.5172,0.855236,59.997786,-0.006011,0.0994,0.0000,5987.3,-0.1402,2,0
26.4823,0.855301,59.997788,-0.006010,0.0928,0.0000,5981.6,-0.1402,2,0
26.4493,0.855367,59.997790,-0.006009,0.0928,0.0000,5974.4,-0.1402,2,0
26.4165,0.855432,59.997792,-0.006009,0.0816,0.0000,5969.6,-0.1404,2,0
26.3837,0.855497,59.997795,-0.006008,0.0816,0.0000,5969.4,-0.1405,2,0
26.3532,0.855562,59.997797,-0.006008,0.0735,0.0000,5965.7,-0.1407,2,0
26.3247,0.855627,59.997800,-0.006008,0.0735,0.0000,5957.8,-0.1409,2,0
26.2963,0.855692,59.997802,-0.006007,0.0688,0.0000,5949.8,-0.1413,2,0
26.2676,0.855756,59.997804,-0.006007,0.0688,0.0000,5946.1,-0.1417,2,0
26.2389,0.855821,59.997807,-0.006006,0.0645,0.0000,5940.4,-0.1423,2,0
26.2113,0.855886,59.997809,-0.006006,0.0645,0.0000,5933.4,-0.1430,2,0
26.1841,0.855950,59.997812,-0.006006,0.0654,0.0000,5929.1,-0.1439,2,0
26.1560,0.856015,59.997814,-0.006005,0.0654,0.0000,5927.6,-0.1449,2,0
26.1271,0.856079,59.997817,-0.006005,0.0627,0.0000,5923.7,-0.1459,2,0
26.1005,0.856144,59.997819,-0.006005,0.0627,0.0000,5918.4,-0.1469,2,0
26.0750,0.856208,59.997822,-0.006004,0.0577,0.0000,5908.2,-0.1480,2,0
26.0482,0.856272,59.997824,-0.006004,0.0577,0.0000,5904.5,-0.1488,2,0
26.0208,0.856337,59.997827,-0.006004,0.0518,0.0000,5901.1,-0.1495,2,0
25.9962,0.856401,59.997830,-0.006004,0.0518,0.0000,5894.4,-0.1503,2,0
25.9722,0.856465,59.997832,-0.006004,0.0423,0.0000,5889.1,-0.1513,2,0
25.9473,0.856529,59.997835,-0.006003,0.0423,0.0000,5891.5,-0.1523,2,0
25.9244,0.856593,59.997837,-0.006003,0.0388,0.0000,5891.0,-0.1534,2,0
25.9025,0.856657,59.997840,-0.006003,0.0388,0.0000,5886.7,-0.1547,2,0
25.8825,0.856720,59.997842,-0.006003,0.0254,0.0000,5880.5,-0.1560,2,0
25.8639,0.856784,59.997845,-0.006003,0.0254,0.0000,5873.6,-0.1574,2,0
25.8441,0.856848,59.997847,-0.006003,0.0288,0.0000,5872.9,-0.1588,2,0
25.8262,0.856912,59.997850,-0.006003,0.0288,0.0000,5862.9,-0.1605,2,0
25.8076,0.856975,59.997852,-0.006003,0.0356,0.0000,5856.2,-0.1621,2,0
25.7879,0.857039,59.997854,-0.006003,0.0356,0.0000,5853.3,-0.1637,2,0
25.7664,0.857102,59.997857,-0.006003,0.0288,0.0000,5851.2,-0.1652,2,0
25.7471,0.857166,59.997859,-0.006003,0.0288,0.0000,5845.9,-0.1667,2,0
25.7286,0.857229,59.997862,-0.006003,0.0293,0.0000,5838.2,-0.1681,2,0
25.7109,0.857293,59.997864,-0.006003,0.0293,0.0000,5828.2,-0.1693,2,0
25.6914,0.857356,59.997866,-0.006003,0.0266,0.0000,5823.8,-0.1704,2,0
25.6729,0.857419,59.997869,-0.006003,0.0266,0.0000,5819.5,-0.1715,2,0
25.6548,0.857483,59.997871,-0.006003,0.0203,0.0000,5814.0,-0.1725,2,0
25.6366,0.857546,59.997873,-0.006003,0.0203,0.0000,5810.7,-0.1732,2,0
25.6185,0.857609,59.997875,-0.006003,0.0154,0.0000,5812.6,-0.1740,2,0
25.6026,0.857672,59.997878,-0.006004,0.0154,0.0000,5810.7,-0.1747,2,0
25.5871,0.857735,59.997880,-0.006004,0.0120,0.0000,5804.8,-0.1755,2,0
25.5717,0.857799,59.997882,-0.006004,0.0120,0.0000,5799.0,-0.1763,2,0
25.5557,0.857862,59.997885,-0.006004,0.0271,0.0000,5792.9,-0.1771,2,0
25.5382,0.857925,59.997887,-0.006004,0.0271,0.0000,5788.5,-0.1781,2,0
25.5196,0.857987,59.997889,-0.006004,0.0308,0.0000,5784.1,-0.1793,2,0
25.5007,0.858050,59.997892,-0.006005,0.0308,0.0000,5778.6,-0.1804,2,0
25.4806,0.858113,59.997894,-0.006005,0.0334,0.0000,5776.7,-0.1817,2,0
25.4598,0.858176,59.997896,-0.006005,0.0334,0.0000,5777.7,-0.1831,2,0
25.4397,0.858239,59.997898,-0.006006,0.0330,0.0000,5773.1,-0.1845,2,0
25.4201,0.858301,59.997901,-0.006006,0.0330,0.0000,5764.9,-0.1858,2,0
25.4003,0.858364,59.997903,-0.006007,0.0320,0.0000,5757.9,-0.1872,2,0
25.3796,0.858427,59.997905,-0.006007,0.0320,0.0000,5757.4,-0.1886,2,0
25.3592,0.858489,59.997908,-0.006007,0.0320,0.0000,5753.7,-0.1899,2,0
25.3392,0.858552,59.997910,-0.006008,0.0320,0.0000,5749.5,-0.1911,2,0
25.3194,0.858614,59.997912,-0.006008,0.0266,0.0000,5748.2,-0.1922,2,0
25.2990,0.858677,59.997914,-0.006009,0.0266,0.0000,5749.5,-0.1933,2,0
25.2790,0.858739,59.997917,-0.006009,0.0315,0.0000,5746.6,-0.1942,2,0
25.2589,0.858801,59.997919,-0.006010,0.0315,0.0000,5741.9,-0.1951,2,0
25.2394,0.858864,59.997921,-0.006010,0.0373,0.0000,5733.6,-0.1960,2,0
25.2178,0.858926,59.997923,-0.006011,0.0373,0.0000,5731.6,-0.1969,2,0
25.1952,0.858988,59.997925,-0.006011,0.0388,0.0000,5731.9,-0.1979,2,0
25.1741,0.859050,59.997928,-0.006012,0.0388,0.0000,5724.4,-0.1990,2,0
25.1537,0.859112,59.997930,-0.006012,0.0383,0.0000,5714.9,-0.2000,2,0
25.1305,0.859174,59.997932,-0.006013,0.0383,0.0000,5717.8,-0.2011,2,0
25.1077,0.859236,59.997934,-0.006014,0.0374,0.0000,5719.1,-0.2023,2,0
25.0865,0.859298,59.997936,-0.006014,0.0374,0.0000,5713.2,-0.2036,2,0
25.0647,0.859360,59.997937,-0.006015,0.0330,0.0000,5708.1,-0.2050,2,0
25.0432,0.859421,59.997939,-0.006016,0.0330,0.0000,5707.8,-0.2066,2,0
25.0217,0.859483,59.997941,-0.006017,0.0283,0.0000,5709.4,-0.2085,2,0
25.0031,0.859545,59.997943,-0.006017,0.0283,0.0000,5697.7,-0.2104,2,0
24.9857,0.859606,59.997945,-0.006018,0.0200,0.0000,5685.1,-0.2123,2,0
24.9661,0.859668,59.997946,-0.006019,0.0200,0.0000,5684.8,-0.2142,2,0
24.9464,0.859729,59.997948,-0.006020,0.0164,0.0000,5688.2,-0.2161,2,0
24.9286,0.859791,59.997950,-0.006021,0.0164,0.0000,5683.4,-0.2179,2,0
24.9111,0.859852,59.997952,-0.006021,0.0127,0.0000,5677.4,-0.2196,2,0
24.8946,0.859914,59.997955,-0.006022,0.0127,0.0000,5669.4,-0.2212,2,0
24.8780,0.859975,59.997957,-0.006023,0.0073,0.0000,5664.3,-0.2228,2,0
24.8613,0.860036,59.997960,-0.006024,0.0073,0.0000,5663.3,-0.2243,2,0
24.8463,0.860098,59.997962,-0.006025,0.0015,0.0000,5656.8,-0.2255,2,0
24.8321,0.860159,59.997964,-0.006026,0.0015,0.0000,5649.1,-0.2264,2,0
24.8172,0.860220,59.997967,-0.006027,0.0000,0.0000,5648.3,-0.2271,2,0
24.8011,0.860281,59.997969,-0.006028,0.0000,0.0000,5652.5,-0.2275,2,0
24.7862,0.860343,59.997972,-0.006029,0.0000,0.0000,5648.2,-0.2278,2,0
24.7718,0.860404,59.997974,-0.006030,0.0000,0.0000,5644.4,-0.2281,2,0
24.7564,0.860465,59.997976,-0.006031,0.0000,0.0000,5643.3,-0.2283,2,0
24.7409,0.860526,59.997979,-0.006032,0.0000,0.0000,5642.5,-0.2283,2,0
24.7258,0.860587,59.997981,-0.006034,0.0000,0.0000,5640.8,-0.2282,2,0
24.7120,0.860648,59.997983,-0.006035,0.0000,0.0000,5635.3,-0.2279,2,0
24.6975,0.860709,59.997985,-0.006036,0.0000,0.0000,5632.4,-0.2276,2,0
24.6816,0.860769,59.997988,-0.006037,0.0000,0.0000,5634.8,-0.2274,2,0
24.6639,0.860830,59.997990,-0.006038,0.0000,0.0000,5637.7,-0.2273,2,0
24.6475,0.860891,59.997992,-0.006039,0.0000,0.0000,5637.3,-0.2271,2,0
24.6319,0.860952,59.997995,-0.006041,0.0000,0.0000,5634.2,-0.2270,2,0
24.6169,0.861013,59.997997,-0.006042,0.0000,0.0000,5633.3,-0.2267,2,0
24.6037,0.861073,59.997999,-0.006043,0.0000,0.0025,5634.1,-0.2272,2,0
24.5847,0.861134,59.998001,-0.006044,0.0000,0.0025,5633.5,-0.2285,2,0
24.5655,0.861194,59.998003,-0.006046,0.0000,0.0097,5634.1,-0.2278,2,0
24.5497,0.861255,59.998005,-0.006047,0.0000,0.0097,5631.7,-0.2264,2,0
24.5350,0.861316,59.998007,-0.006049,0.0000,0.0192,5633.8,-0.2237,2,0
24.5216,0.861376,59.998008,-0.006050,0.0000,0.0192,5638.6,-0.2212,2,0
24.5113,0.861436,59.998010,-0.006051,0.0000,0.0306,5638.5,-0.2208,2,0
24.5023,0.861497,59.998012,-0.006053,0.0000,0.0306,5647.7,-0.2215,2,0
24.4872,0.861557,59.998014,-0.006054,0.0000,0.0438,5651.2,-0.2217,2,0
24.4720,0.861618,59.998016,-0.006055,0.0000,0.0438,5657.6,-0.2199,2,0
24.4596,0.861678,59.998018,-0.006057,0.0000,0.0528,5674.0,-0.2172,2,0
24.4592,0.861738,59.998021,-0.006059,0.0000,0.0528,5655.0,-0.2140,2,0
24.4520,0.861799,59.998023,-0.006060,0.0000,0.0598,5660.6,-0.2139,2,0
24.4524,0.861859,59.998026,-0.006062,0.0000,0.0598,5663.2,-0.2138,2,0
24.4353,0.861919,59.998028,-0.006063,0.0000,0.0710,5673.0,-0.2132,2,0
24.4233,0.861979,59.998030,-0.006065,0.0000,0.0710,5691.2,-0.2104,2,0
24.4149,0.862040,59.998033,-0.006066,0.0000,0.0825,5726.1,-0.2085,2,0
24.4098,0.862100,59.998035,-0.006068,0.0000,0.0825,5740.0,-0.2088,2,0
24.4257,0.862160,59.998038,-0.006070,0.0000,0.0944,5690.4,-0.2089,2,0
24.4130,0.862220,59.998040,-0.006071,0.0000,0.0944,5676.2,-0.2076,2,0
24.4091,0.862281,59.998042,-0.006073,0.0000,0.1064,5671.8,-0.2040,2,0
24.4011,0.862341,59.998044,-0.006075,0.0000,0.1064,5724.0,-0.2000,2,0
24.3927,0.862401,59.998046,-0.006077,0.0000,0.1154,5770.1,-0.1986,2,0
24.3928,0.862461,59.998048,-0.006078,0.0000,0.1154,5792.6,-0.1986,2,0
24.4022,0.862521,59.998050,-0.006080,0.0000,0.1273,5713.8,-0.1957,2,0
24.4072,0.862581,59.998052,-0.006082,0.0000,0.1273,5693.3,-0.1917,2,0
24.3986,0.862642,59.998054,-0.006084,0.0000,0.1353,5750.4,-0.1886,2,0
24.3941,0.862702,59.998056,-0.006085,0.0000,0.1353,5806.3,-0.1860,2,0
24.3920,0.862762,59.998058,-0.006087,0.0000,0.1455,5825.6,-0.1863,2,0
24.4105,0.862822,59.998060,-0.006089,0.0000,0.1455,5738.1,-0.1830,2,0
24.4195,0.862882,59.998062,-0.006091,0.0000,0.1585,5712.5,-0.1812,2,0
24.4198,0.862943,59.998063,-0.006093,0.0000,0.1585,5740.6,-0.1799,2,0
24.4100,0.863003,59.998065,-0.006095,0.0000,0.1727,5809.8,-0.1790,2,0
24.4088,0.863063,59.998067,-0.006097,0.0000,0.1727,5843.3,-0.1784,2,0
24.4314,0.863123,59.998069,-0.006099,0.0000,0.1856,5759.5,-0.1779,2,0
24.4458,0.863184,59.998070,-0.006101,0.0000,0.1856,5726.7,-0.1779,2,0
24.4514,0.863244,59.998072,-0.006103,0.0000,0.1996,5735.4,-0.1782,2,0
24.4453,0.863304,59.998074,-0.006105,0.0000,0.1996,5803.4,-0.1788,2,0
24.4505,0.863365,59.998075,-0.006107,0.0000,0.2155,5813.8,-0.1796,2,0
24.4699,0.863425,59.998077,-0.006109,0.0000,0.2155,5767.7,-0.1808,2,0
24.4827,0.863485,59.998079,-0.006111,0.0000,0.2285,5753.2,-0.1823,2,0
24.4930,0.863546,59.998081,-0.006113,0.0000,0.2285,5756.2,-0.1839,2,0
24.5020,0.863606,59.998083,-0.006115,0.0000,0.2487,5769.3,-0.1854,2,0
24.5118,0.863667,59.998085,-0.006117,0.0000,0.2487,5779.7,-0.1865,2,0
24.5266,0.863727,59.998086,-0.006119,0.0000,0.2741,5774.8,-0.1875,2,0
24.5402,0.863788,59.998088,-0.006122,0.0000,0.2741,5779.4,-0.1881,2,0
24.5537,0.863848,59.998090,-0.006124,0.0000,0.3035,5787.3,-0.1883,2,0
24.5678,0.863909,59.998092,-0.006126,0.0000,0.3035,5797.5,-0.1882,2,0
24.5820,0.863969,59.998094,-0.006128,0.0000,0.3361,5811.8,-0.1876,2,0
24.5971,0.864030,59.998096,-0.006130,0.0000,0.3361,5827.9,-0.1866,2,0
24.6132,0.864091,59.998098,-0.006133,0.0000,0.3707,5845.4,-0.1851,2,0
24.6318,0.864151,59.998100,-0.006135,0.0000,0.3707,5857.2,-0.1831,2,0
24.6521,0.864212,59.998102,-0.006137,0.0000,0.4044,5868.7,-0.1807,2,0
24.6735,0.864273,59.998104,-0.006140,0.0000,0.4044,5880.8,-0.1778,2,0
24.6957,0.864334,59.998106,-0.006142,0.0000,0.4363,5891.6,-0.1746,2,0
24.7191,0.864395,59.998108,-0.006144,0.0000,0.4363,5903.5,-0.1710,2,0
24.7426,0.864456,59.998110,-0.006147,0.0000,0.4578,5918.5,-0.1675,2,0
24.7679,0.864517,59.998112,-0.006149,0.0000,0.4578,5933.0,-0.1639,2,0
24.7948,0.864578,59.998114,-0.006151,0.0000,0.4824,5943.2,-0.1603,2,0
24.8231,0.864640,59.998116,-0.006154,0.0000,0.4824,5952.1,-0.1565,2,0
24.8514,0.864701,59.998118,-0.006156,0.0000,0.5063,5965.3,-0.1528,2,0
24.8807,0.864762,59.998120,-0.006159,0.0000,0.5063,5980.7,-0.1491,2,0
24.9110,0.864824,59.998122,-0.006161,0.0000,0.5275,5993.3,-0.1454,2,0
24.9425,0.864885,59.998124,-0.006164,0.0000,0.5275,6000.7,-0.1418,2,0
24.9749,0.864947,59.998126,-0.006166,0.0000,0.5470,6008.6,-0.1383,2,0
25.0062,0.865008,59.998127,-0.006169,0.0000,0.5470,6026.3,-0.1350,2,0
25.0385,0.865070,59.998129,-0.006171,0.0000,0.5657,6040.4,-0.1318,2,0
25.0732,0.865132,59.998131,-0.006174,0.0000,0.5657,6048.9,-0.1286,2,0
25.1095,0.865194,59.998133,-0.006176,0.0000,0.5831,6054.0,-0.1255,2,0
25.1455,0.865256,59.998135,-0.006179,0.0000,0.5831,6065.4,-0.1224,2,0
25.1804,0.865318,59.998137,-0.006181,0.0000,0.5957,6080.2,-0.1193,2,0
25.2163,0.865380,59.998139,-0.006184,0.0000,0.5957,6089.4,-0.1162,2,0
25.2540,0.865443,59.998141,-0.006187,0.0000,0.6131,6097.4,-0.1130,2,0
25.2910,0.865505,59.998143,-0.006189,0.0000,0.6131,6110.9,-0.1100,2,0
25.3283,0.865567,59.998144,-0.006192,0.0000,0.6293,6126.1,-0.1069,2,0
25.3669,0.865630,59.998146,-0.006195,0.0000,0.6293,6137.0,-0.1038,2,0
25.4076,0.865693,59.998148,-0.006197,0.0000,0.6443,6142.2,-0.1005,2,0
25.4481,0.865755,59.998150,-0.006200,0.0000,0.6443,6151.8,-0.0973,2,0
25.4885,0.865818,59.998152,-0.006203,0.0000,0.6593,6163.7,-0.0942,2,0
25.5292,0.865881,59.998154,-0.006206,0.0000,0.6593,6174.2,-0.0913,2,0
25.5713,0.865944,59.998156,-0.006208,0.0000,0.6745,6181.6,-0.0885,2,0
25.6127,0.866008,59.998157,-0.006211,0.0000,0.6745,6196.3,-0.0860,2,0
25.6543,0.866071,59.998159,-0.006214,0.0000,0.6884,6212.2,-0.0836,2,0
25.6984,0.866134,59.998160,-0.006217,0.0000,0.6884,6219.7,-0.0813,2,0
25.7444,0.866198,59.998162,-0.006220,0.0000,0.7026,6220.7,-0.0790,2,0
25.7888,0.866261,59.998164,-0.006223,0.0000,0.7026,6231.5,-0.0767,2,0
25.8334,0.866325,59.998165,-0.006226,0.0000,0.7144,6243.7,-0.0743,2,0
25.8782,0.866389,59.998167,-0.006229,0.0000,0.7144,6256.5,-0.0719,2,0
25.9244,0.866453,59.998168,-0.006232,0.0000,0.7301,6265.7,-0.0697,2,0
25.9705,0.866517,59.998170,-0.006234,0.0000,0.7301,6277.9,-0.0674,2,0
26.0175,0.866581,59.998172,-0.006237,0.0000,0.7481,6289.1,-0.0651,2,0
26.0654,0.866645,59.998174,-0.006241,0.0000,0.7481,6300.6,-0.0627,2,0
26.1143,0.866710,59.998175,-0.006244,0.0000,0.7657,6310.3,-0.0601,2,0
26.1636,0.866774,59.998177,-0.006247,0.0000,0.7657,6321.0,-0.0574,2,0
26.2135,0.866839,59.998179,-0.006250,0.0000,0.7820,6331.5,-0.0545,2,0
26.2636,0.866904,59.998181,-0.006253,0.0000,0.7820,6342.1,-0.0516,2,0
26.3152,0.866969,59.998183,-0.006256,0.0000,0.7999,6349.7,-0.0487,2,0
26.3658,0.867034,59.998184,-0.006259,0.0000,0.7999,6365.3,-0.0458,2,0
26.4173,0.867099,59.998186,-0.006262,0.0000,0.8154,6380.5,-0.0429,2,0
26.4709,0.867164,59.998188,-0.006265,0.0000,0.8154,6388.1,-0.0399,2,0
26.5261,0.867229,59.998190,-0.006268,0.0000,0.8289,6390.7,-0.0368,2,0
26.5791,0.867295,59.998192,-0.006271,0.0000,0.8289,6406.0,-0.0333,2,0
26.6327,0.867361,59.998194,-0.006275,0.0000,0.8448,6421.0,-0.0294,2,0
26.6893,0.867427,59.998196,-0.006278,0.0000,0.8448,6426.8,-0.0251,2,0
26.7460,0.867493,59.998198,-0.006281,0.0000,0.8603,6433.3,-0.0206,2,0
26.8012,0.867559,59.998199,-0.006284,0.0000,0.8603,6448.9,-0.0157,2,0
26.8571,0.867625,59.998201,-0.006287,0.0000,0.8730,6463.8,-0.0106,2,0
26.9151,0.867691,59.998203,-0.006291,0.0000,0.8730,6471.1,-0.0051,2,0
26.9746,0.867758,59.998205,-0.006294,0.0000,0.8872,6472.4,0.0004,2,0
27.0336,0.867824,59.998207,-0.006297,0.0000,0.8872,6476.4,0.0063,2,0
27.0944,0.867891,59.998209,-0.006300,0.0000,0.8992,6473.5,0.0123,2,0
27.1546,0.867958,59.998210,-0.006304,0.0000,0.8992,6473.5,0.0183,2,0
27.2130,0.868025,59.998211,-0.006307,0.0000,0.9109,6483.1,0.0244,2,0
27.2705,0.868093,59.998213,-0.006310,0.0000,0.9109,6496.3,0.0305,2,0
27.3305,0.868160,59.998215,-0.006314,0.0000,0.9234,6499.3,0.0365,2,0
27.3931,0.868228,59.998216,-0.006317,0.0000,0.9234,6492.4,0.0427,2,0
27.4551,0.868295,59.998217,-0.006320,0.0000,0.9316,6487.9,0.0485,2,0
27.5165,0.868363,59.998219,-0.006324,0.0000,0.9316,6487.9,0.0545,2,0
27.5776,0.868431,59.998220,-0.006327,0.0000,0.9406,6490.4,0.0602,2,0
27.6379,0.868499,59.998222,-0.006330,0.0000,0.9406,6494.0,0.0658,2,0
27.6967,0.868568,59.998224,-0.006334,0.0000,0.9506,6503.1,0.0713,2,0
27.7538,0.868636,59.998226,-0.006337,0.0000,0.9506,6518.4,0.0770,2,0
27.8104,0.868705,59.998227,-0.006341,0.0000,0.9588,6536.6,0.0826,2,0
27.8663,0.868774,59.998229,-0.006344,0.0000,0.9588,6558.0,0.0884,2,0
27.9218,0.868842,59.998231,-0.006348,0.0000,0.9658,6581.5,0.0940,2,0
27.9763,0.868911,59.998233,-0.006351,0.0000,0.9658,6607.8,0.0997,2,0
28.0304,0.868981,59.998235,-0.006354,0.0000,0.9713,6634.9,0.1050,2,0
28.0855,0.869050,59.998236,-0.006358,0.0000,0.9713,6656.2,0.1102,2,0
28.1387,0.869119,59.998238,-0.006361,0.0000,0.9768,6683.3,0.1151,2,0
28.1918,0.869189,59.998240,-0.006365,0.0000,0.9768,6710.9,0.1199,2,0
28.2467,0.869258,59.998242,-0.006368,0.0000,0.9795,6730.1,0.1247,2,0
28.3020,0.869328,59.998244,-0.006371,0.0000,0.9795,6749.1,0.1295,2,0
28.3566,0.869398,59.998246,-0.006375,0.0000,0.9795,6770.8,0.1342,2,0
28.4100,0.869468,59.998248,-0.006378,0.0000,0.9795,6794.9,0.1386,2,0
28.4648,0.869538,59.998250,-0.006382,0.0000,0.9740,6812.6,0.1428,2,0
28.5185,0.869609,59.998252,-0.006385,0.0000,0.9740,6833.1,0.1470,2,0
28.5714,0.869679,59.998254,-0.006389,0.0000,0.9461,6853.5,0.1511,2,0
28.6250,0.869750,59.998256,-0.006392,0.0000,0.9461,6870.4,0.1553,2,0
28.6795,0.869821,59.998258,-0.006395,0.0000,0.8963,6884.5,0.1597,2,0
28.7321,0.869891,59.998260,-0.006399,0.0000,0.8963,6903.3,0.1642,2,0
28.7836,0.869962,59.998262,-0.006402,0.0000,0.8237,6915.0,0.1688,2,0
28.8348,0.870034,59.998264,-0.006405,0.0000,0.8237,6918.3,0.1733,2,0
28.8821,0.870105,59.998266,-0.006409,0.0000,0.7250,6922.2,0.1779,2,0
28.9248,0.870176,59.998268,-0.006412,0.0000,0.7250,6923.5,0.1825,2,0
28.9652,0.870248,59.998270,-0.006416,0.0000,0.6045,6915.5,0.1873,2,0
29.0020,0.870319,59.998272,-0.006419,0.0000,0.6045,6903.5,0.1922,2,0
29.0338,0.870391,59.998274,-0.006422,0.0000,0.5073,6891.4,0.1972,2,0
29.0611,0.870462,59.998276,-0.006426,0.0000,0.5073,6878.5,0.2019,2,0
29.0862,0.870534,59.998278,-0.006429,0.0000,0.3867,6854.7,0.2064,2,0
29.1079,0.870606,59.998280,-0.006432,0.0000,0.3867,6823.5,0.2107,2,0
29.1253,0.870678,59.998282,-0.006436,0.0000,0.2983,6793.4,0.2148,2,0
29.1375,0.870750,59.998284,-0.006439,0.0000,0.2983,6772.7,0.2188,2,0
29.1467,0.870822,59.998287,-0.006442,0.0000,0.2488,6755.9,0.2226,2,0
29.1531,0.870893,59.998289,-0.006445,0.0000,0.2488,6744.7,0.2263,2,0
29.1592,0.870965,59.998291,-0.006449,0.0000,0.2293,6728.6,0.2295,2,0
29.1647,0.871037,59.998293,-0.006452,0.0000,0.2293,6711.4,0.2324,2,0
29.1668,0.871109,59.998295,-0.006455,0.0000,0.2230,6706.5,0.2349,2,0
29.1670,0.871181,59.998298,-0.006458,0.0000,0.2230,6707.8,0.2373,2,0
29.1667,0.871253,59.998300,-0.006462,0.0000,0.2215,6711.3,0.2396,2,0
29.1655,0.871325,59.998302,-0.006465,0.0000,0.2215,6719.0,0.2420,2,0
29.1626,0.871397,59.998304,-0.006468,0.0000,0.2215,6734.0,0.2445,2,0
29.1616,0.871469,59.998306,-0.006471,0.0000,0.2215,6739.1,0.2466,2,0
29.1608,0.871541,59.998307,-0.006474,0.0000,0.2250,6744.8,0.2485,2,0
29.1601,0.871613,59.998309,-0.006477,0.0000,0.2250,6746.9,0.2499,2,0
29.1586,0.871685,59.998311,-0.006480,0.0000,0.2442,6753.6,0.2510,2,0
29.1573,0.871757,59.998313,-0.006483,0.0000,0.2442,6765.1,0.2521,2,0
29.1565,0.871829,59.998315,-0.006486,0.0000,0.2741,6778.5,0.2533,2,0
29.1578,0.871900,59.998316,-0.006489,0.0000,0.2741,6788.2,0.2543,2,0
29.1592,0.871972,59.998318,-0.006492,0.0000,0.2955,6800.9,0.2549,2,0
29.1619,0.872044,59.998320,-0.006495,0.0000,0.2955,6810.2,0.2550,2,0
29.1657,0.872116,59.998322,-0.006498,0.0000,0.3025,6815.7,0.2547,2,0
29.1689,0.872188,59.998325,-0.006501,0.0000,0.3025,6822.1,0.2540,2,0
29.1722,0.872260,59.998327,-0.006504,0.0000,0.3018,6829.1,0.2531,2,0
29.1764,0.872332,59.998330,-0.006507,0.0000,0.3018,6831.9,0.2523,2,0
29.1811,0.872404,59.998332,-0.006510,0.0000,0.3025,6833.2,0.2513,2,0
29.1851,0.872476,59.998334,-0.006513,0.0000,0.3025,6837.6,0.2503,2,0
29.1888,0.872548,59.998337,-0.006516,0.0000,0.3025,6842.9,0.2493,2,0
29.1917,0.872620,59.998339,-0.006518,0.0000,0.3025,6848.7,0.2484,2,0
29.1948,0.872692,59.998342,-0.006521,0.0000,0.3018,6853.9,0.2477,2,0
29.1981,0.872764,59.998344,-0.006524,0.0000,0.3018,6857.5,0.2475,2,0
29.2015,0.872836,59.998346,-0.006527,0.0000,0.3025,6860.3,0.2476,2,0
29.2055,0.872908,59.998349,-0.006530,0.0000,0.3025,6860.8,0.2482,2,0
29.2098,0.872980,59.998351,-0.006532,0.0000,0.3018,6860.9,0.2490,2,0
29.2130,0.873052,59.998353,-0.006535,0.0000,0.3018,6864.6,0.2499,2,0
29.2154,0.873124,59.998356,-0.006538,0.0000,0.3025,6868.1,0.2511,2,0
29.2174,0.873196,59.998358,-0.006540,0.0000,0.3025,6871.6,0.2523,2,0
29.2205,0.873268,59.998360,-0.006543,0.0000,0.3035,6872.1,0.2540,2,0
29.2232,0.873340,59.998362,-0.006546,0.0000,0.3035,6873.4,0.2559,2,0
29.2268,0.873413,59.998365,-0.006548,0.0000,0.3070,6872.3,0.2579,2,0
29.2302,0.873485,59.998367,-0.006551,0.0000,0.3070,6871.8,0.2597,2,0
29.2330,0.873557,59.998369,-0.006553,0.0000,0.3122,6874.0,0.2612,2,0
29.2356,0.873629,59.998372,-0.006556,0.0000,0.3122,6877.9,0.2623,2,0
29.2375,0.873701,59.998374,-0.006558,0.0000,0.3175,6882.6,0.2634,2,0
29.2406,0.873773,59.998376,-0.006561,0.0000,0.3175,6885.4,0.2648,2,0
29.2441,0.873845,59.998379,-0.006563,0.0000,0.3244,6887.7,0.2667,2,0
29.2484,0.873917,59.998381,-0.006566,0.0000,0.3244,6886.9,0.2686,2,0
29.2530,0.873990,59.998383,-0.006568,0.0000,0.3317,6887.9,0.2706,2,0
29.2575,0.874062,59.998385,-0.006570,0.0000,0.3317,6889.6,0.2724,2,0
29.2612,0.874134,59.998388,-0.006573,0.0000,0.3379,6893.5,0.2740,2,0
29.2649,0.874206,59.998390,-0.006575,0.0000,0.3379,6897.7,0.2752,2,0
29.2689,0.874278,59.998392,-0.006578,0.0000,0.3441,6900.0,0.2765,2,0
29.2735,0.874350,59.998395,-0.006580,0.0000,0.3441,6900.5,0.2776,2,0
29.2780,0.874423,59.998397,-0.006582,0.0000,0.3511,6901.5,0.2783,2,0
29.2824,0.874495,59.998399,-0.006584,0.0000,0.3511,6903.8,0.2786,2,0
29.2871,0.874567,59.998401,-0.006587,0.0000,0.3583,6906.4,0.2783,2,0
29.2909,0.874639,59.998404,-0.006589,0.0000,0.3583,6911.8,0.2773,2,0
29.2946,0.874712,59.998406,-0.006591,0.0000,0.3643,6918.9,0.2760,2,0
29.2988,0.874784,59.998408,-0.006593,0.0000,0.3643,6924.3,0.2747,2,0
29.3040,0.874856,59.998411,-0.006595,0.0000,0.3698,6926.5,0.2735,2,0
29.3095,0.874928,59.998413,-0.006598,0.0000,0.3698,6927.3,0.2723,2,0
29.3156,0.875001,59.998416,-0.006600,0.0000,0.3778,6928.1,0.2711,2,0
29.3216,0.875073,59.998418,-0.006602,0.0000,0.3778,6930.3,0.2696,2,0
29.3273,0.875145,59.998421,-0.006604,0.0000,0.3867,6934.1,0.2680,2,0
29.3329,0.875218,59.998424,-0.006606,0.0000,0.3867,6939.9,0.2664,2,0
29.3388,0.875290,59.998427,-0.006608,0.0000,0.3945,6945.4,0.2652,2,0
29.3460,0.875363,59.998429,-0.006610,0.0000,0.3945,6947.6,0.2641,2,0
29.3532,0.875435,59.998432,-0.006612,0.0000,0.4019,6950.6,0.2633,2,0
29.3609,0.875507,59.998435,-0.006614,0.0000,0.4019,6954.8,0.2624,2,0
29.3694,0.875580,59.998437,-0.006616,0.0000,0.4089,6956.5,0.2614,2,0
29.3780,0.875652,59.998440,-0.006618,0.0000,0.4089,6957.5,0.2603,2,0
29.3862,0.875725,59.998442,-0.006619,0.0000,0.4159,6959.7,0.2591,2,0
29.3941,0.875797,59.998445,-0.006621,0.0000,0.4159,6966.9,0.2581,2,0
29.4037,0.875870,59.998447,-0.006623,0.0000,0.4229,6969.0,0.2570,2,0
29.4137,0.875942,59.998449,-0.006625,0.0000,0.4229,6970.8,0.2559,2,0
29.4243,0.876015,59.998452,-0.006627,0.0000,0.4266,6972.6,0.2545,2,0
29.4346,0.876087,59.998454,-0.006628,0.0000,0.4266,6974.5,0.2527,2,0
29.4452,0.876160,59.998456,-0.006630,0.0000,0.4303,6975.6,0.2505,2,0
29.4559,0.876233,59.998458,-0.006632,0.0000,0.4303,6976.9,0.2483,2,0
29.4660,0.876305,59.998461,-0.006634,0.0000,0.4328,6979.1,0.2461,2,0
29.4773,0.876378,59.998463,-0.006635,0.0000,0.4328,6979.4,0.2441,2,0
29.4882,0.876451,59.998466,-0.006637,0.0000,0.4373,6980.6,0.2422,2,0
29.4996,0.876524,59.998468,-0.006638,0.0000,0.4373,6982.8,0.2403,2,0
29.5107,0.876596,59.998471,-0.006640,0.0000,0.4470,6985.1,0.2385,2,0
29.5215,0.876669,59.998474,-0.006641,0.0000,0.4470,6988.4,0.2367,2,0
29.5311,0.876742,59.998476,-0.006643,0.0000,0.4585,6999.1,0.2353,2,0
29.5407,0.876815,59.998479,-0.006644,0.0000,0.4585,7011.1,0.2344,2,0
29.5515,0.876888,59.998482,-0.006646,0.0000,0.4709,7018.8,0.2339,2,0
29.5640,0.876961,59.998485,-0.006648,0.0000,0.4709,7021.4,0.2338,2,0
29.5763,0.877034,59.998487,-0.006649,0.0000,0.4807,7026.3,0.2338,2,0
29.5883,0.877107,59.998490,-0.006651,0.0000,0.4807,7034.1,0.2340,2,0
29.5998,0.877180,59.998493,-0.006652,0.0000,0.4941,7046.3,0.2341,2,0
29.6115,0.877253,59.998495,-0.006653,0.0000,0.4941,7058.1,0.2343,2,0
29.6228,0.877326,59.998498,-0.006654,0.0000,0.5046,7073.2,0.2347,2,0
29.6350,0.877399,59.998500,-0.006656,0.0000,0.5046,7084.2,0.2352,2,0
29.6489,0.877472,59.998503,-0.006657,0.0000,0.5131,7091.1,0.2357,2,0
29.6640,0.877545,59.998506,-0.006658,0.0000,0.5131,7092.8,0.2363,2,0
29.6799,0.877618,59.998508,-0.006660,0.0000,0.5186,7092.5,0.2369,2,0
29.6955,0.877692,59.998511,-0.006661,0.0000,0.5186,7092.8,0.2376,2,0
29.7109,0.877765,59.998513,-0.006662,0.0000,0.5206,7096.1,0.2385,2,0
29.7241,0.877838,59.998516,-0.006663,0.0000,0.5206,7108.0,0.2397,2,0
29.7388,0.877912,59.998518,-0.006664,0.0000,0.5206,7113.7,0.2410,2,0
29.7564,0.877985,59.998521,-0.006665,0.0000,0.5206,7108.3,0.2424,2,0
29.7716,0.878058,59.998523,-0.006667,0.0000,0.5206,7111.3,0.2437,2,0
29.7862,0.878132,59.998526,-0.006668,0.0000,0.5206,7116.4,0.2449,2,0
29.8004,0.878205,59.998528,-0.006669,0.0000,0.5206,7120.4,0.2459,2,0
29.8157,0.878279,59.998530,-0.006670,0.0000,0.5206,7121.4,0.2468,2,0
29.8286,0.878352,59.998533,-0.006671,0.0000,0.5206,7131.7,0.2476,2,0
29.8417,0.878426,59.998535,-0.006672,0.0000,0.5206,7140.0,0.2480,2,0
29.8560,0.878500,59.998538,-0.006673,0.0000,0.5213,7142.7,0.2481,2,0
29.8699,0.878573,59.998540,-0.006674,0.0000,0.5213,7145.5,0.2478,2,0
29.8830,0.878647,59.998543,-0.006675,0.0000,0.5231,7151.9,0.2469,2,0
29.8951,0.878721,59.998545,-0.006675,0.0000,0.5231,7158.6,0.2457,2,0
29.9071,0.878795,59.998548,-0.006676,0.0000,0.5276,7167.8,0.2443,2,0
29.9183,0.878868,59.998550,-0.006677,0.0000,0.5276,7180.8,0.2424,2,0
29.9295,0.878942,59.998553,-0.006678,0.0000,0.5345,7192.9,0.2403,2,0
29.9429,0.879016,59.998556,-0.006679,0.0000,0.5345,7199.7,0.2376,2,0
29.9550,0.879090,59.998558,-0.006679,0.0000,0.5415,7211.6,0.2345,2,0
29.9674,0.879164,59.998561,-0.006680,0.0000,0.5415,7222.1,0.2309,2,0
29.9812,0.879238,59.998563,-0.006681,0.0000,0.5523,7229.1,0.2270,2,0
29.9954,0.879312,59.998566,-0.006682,0.0000,0.5523,7236.7,0.2227,2,0
30.0088,0.879386,59.998569,-0.006682,0.0000,0.5657,7249.3,0.2183,2,0
30.0236,0.879460,59.998571,-0.006683,0.0000,0.5657,7259.9,0.2135,2,0
30.0409,0.879534,59.998574,-0.006684,0.0000,0.5807,7264.2,0.2085,2,0
30.0577,0.879608,59.998576,-0.006684,0.0000,0.5807,7271.5,0.2035,2,0
30.0742,0.879682,59.998579,-0.006685,0.0000,0.5946,7282.8,0.1986,2,0
30.0916,0.879756,59.998582,-0.006685,0.0000,0.5946,7292.8,0.1941,2,0
30.1080,0.879831,59.998584,-0.006686,0.0000,0.6089,7250.5,0.1901,2,0
30.1213,0.879905,59.998587,-0.006686,0.0000,0.6089,7288.6,0.1867,2,0
30.1393,0.879979,59.998589,-0.006687,0.0000,0.4388,7304.5,0.1838,2,0
30.1566,0.880054,59.998592,-0.006687,0.0000,0.4388,7259.7,0.1814,2,0
30.1719,0.880128,59.998595,-0.006688,0.0000,0.6318,7294.6,0.1794,2,0
30.1910,0.880203,59.998598,-0.006688,0.0000,0.6318,7310.4,0.1779,2,0
30.2112,0.880277,59.998600,-0.006688,0.0000,0.4524,7320.9,0.1768,2,0
30.2268,0.880352,59.998603,-0.006689,0.0000,0.4524,7283.4,0.1757,2,0
30.2388,0.880426,59.998606,-0.006689,0.0000,0.4600,7331.9,0.1744,2,0
30.2529,0.880501,59.998609,-0.006689,0.0000,0.4600,7299.9,0.1727,2,0
30.2664,0.880576,59.998612,-0.006690,0.0000,0.6600,7323.7,0.1704,2,0
30.2781,0.880650,59.998614,-0.006690,0.0000,0.6600,7326.0,0.1675,2,0
30.2900,0.880725,59.998617,-0.006690,0.0000,0.4725,7323.2,0.1642,2,0
30.3011,0.880800,59.998620,-0.006691,0.0000,0.4725,7343.8,0.1607,2,0
30.3117,0.880874,59.998623,-0.006691,0.0000,0.4781,7334.9,0.1568,2,0
30.3218,0.880949,59.998626,-0.006691,0.0000,0.4781,7346.2,0.1524,2,0
30.3316,0.881024,59.998629,-0.006691,0.0000,0.4838,7344.4,0.1480,2,0
30.3425,0.881099,59.998632,-0.006691,0.0000,0.4838,7353.5,0.1437,2,0
30.3528,0.881174,59.998635,-0.006691,0.0000,0.4887,7348.3,0.1395,2,0
30.3628,0.881249,59.998638,-0.006691,0.0000,0.4887,7363.8,0.1359,2,0
30.3737,0.881324,59.998641,-0.006692,0.0000,0.4919,7355.3,0.1331,2,0
30.3844,0.881399,59.998644,-0.006692,0.0000,0.4919,7369.5,0.1310,2,0
30.3950,0.881473,59.998647,-0.006692,0.0000,0.4956,7366.5,0.1296,2,0
30.4042,0.881548,59.998650,-0.006692,0.0000,0.4956,7368.6,0.1289,2,0
30.4134,0.881623,59.998653,-0.006692,0.0000,0.4995,7370.3,0.1286,2,0
30.4227,0.881699,59.998655,-0.006692,0.0000,0.4995,7370.4,0.1287,2,0
30.4324,0.881774,59.998658,-0.006691,0.0000,0.5014,7369.0,0.1294,2,0
30.4413,0.881849,59.998660,-0.006691,0.0000,0.5014,7387.1,0.1304,2,0
30.4502,0.881924,59.998663,-0.006691,0.0000,0.5027,7390.7,0.1314,2,0
30.4597,0.881999,59.998666,-0.006691,0.0000,0.5027,7390.1,0.1325,2,0
30.4698,0.882074,59.998668,-0.006691,0.0000,0.5039,7386.4,0.1334,2,0
30.4788,0.882149,59.998671,-0.006691,0.0000,0.5039,7387.7,0.1342,2,0
30.4874,0.882224,59.998673,-0.006691,0.0000,0.5051,7389.0,0.1349,2,0
30.4971,0.882300,59.998676,-0.006691,0.0000,0.5051,7388.0,0.1355,2,0
30.5052,0.882375,59.998679,-0.006690,0.0000,0.5076,7393.5,0.1361,2,0
30.5130,0.882450,59.998681,-0.006690,0.0000,0.5076,7401.2,0.1362,2,0
30.5219,0.882525,59.998684,-0.006689,0.0000,0.5094,7404.8,0.1360,2,0
30.5312,0.882601,59.998687,-0.006689,0.0000,0.5094,7406.4,0.1352,2,0
30.5401,0.882676,59.998689,-0.006689,0.0000,0.5120,7410.3,0.1338,2,0
30.5496,0.882751,59.998692,-0.006688,0.0000,0.5120,7413.2,0.1317,2,0
30.5592,0.882827,59.998695,-0.006688,0.0000,0.5145,7414.0,0.1291,2,0
30.5682,0.882902,59.998698,-0.006688,0.0000,0.5145,7416.8,0.1255,2,0
30.5769,0.882978,59.998700,-0.006687,0.0000,0.5157,7420.1,0.1209,2,0
30.5857,0.883053,59.998703,-0.006687,0.0000,0.5157,7423.3,0.1151,2,0
30.5946,0.883129,59.998706,-0.006686,0.0000,0.5184,7425.0,0.1081,2,0
30.6028,0.883204,59.998708,-0.006686,0.0000,0.5184,7429.7,0.1003,2,0
30.6117,0.883279,59.998711,-0.006685,0.0000,0.5240,7434.1,0.0919,2,0
30.6211,0.883355,59.998714,-0.006685,0.0000,0.5240,7439.2,0.0830,2,0
30.6297,0.883431,59.998717,-0.006684,0.0000,0.5335,7448.2,0.0736,2,0
30.6392,0.883506,59.998719,-0.006683,0.0000,0.5335,7456.6,0.0634,2,0
30.6500,0.883582,59.998722,-0.006683,0.0000,0.5422,7460.8,0.0525,2,0
30.6603,0.883657,59.998725,-0.006682,0.0000,0.5422,7465.7,0.0412,2,0
30.6717,0.883733,59.998727,-0.006682,0.0000,0.5568,7472.0,0.0297,2,0
30.6846,0.883809,59.998730,-0.006681,0.0000,0.5568,7476.8,0.0184,2,0
30.6971,0.883884,59.998733,-0.006680,0.0000,0.5720,7485.2,0.0077,2,0
30.7103,0.883960,59.998735,-0.006679,0.0000,0.5720,7497.4,-0.0025,2,0
30.7249,0.884036,59.998738,-0.006679,0.0000,0.5885,7505.1,-0.0121,2,0
30.7416,0.884112,59.998740,-0.006678,0.0000,0.5885,7508.7,-0.0207,2,0
30.7582,0.884188,59.998743,-0.006677,0.0000,0.6049,7515.8,-0.0280,2,0
30.7730,0.884264,59.998746,-0.006676,0.0000,0.6049,7523.6,-0.0340,2,0
30.7906,0.884339,59.998748,-0.006675,0.0000,0.6217,7526.7,-0.0384,2,0
30.8071,0.884415,59.998751,-0.006674,0.0000,0.6217,7537.1,-0.0409,2,0
30.8241,0.884491,59.998753,-0.006674,0.0000,0.6377,7548.3,-0.0416,2,0
30.8428,0.884568,59.998756,-0.006673,0.0000,0.6377,7553.6,-0.0409,2,0
30.8625,0.884644,59.998759,-0.006672,0.0000,0.6478,7555.2,-0.0386,2,0
30.8809,0.884720,59.998761,-0.006671,0.0000,0.6478,7562.6,-0.0351,2,0
30.9002,0.884796,59.998764,-0.006670,0.0000,0.6600,7565.6,-0.0304,2,0
30.9211,0.884872,59.998767,-0.006669,0.0000,0.6600,7568.8,-0.0247,2,0
30.9389,0.884949,59.998770,-0.006668,0.0000,0.6709,7582.6,-0.0180,2,0
30.9584,0.885025,59.998772,-0.006667,0.0000,0.6709,7591.1,-0.0109,2,0
30.9793,0.885101,59.998775,-0.006666,0.0000,0.6792,7596.8,-0.0035,2,0
31.0004,0.885178,59.998778,-0.006665,0.0000,0.6792,7602.2,0.0041,2,0
31.0219,0.885254,59.998780,-0.006664,0.0000,0.6850,7605.5,0.0114,2,0
31.0432,0.885331,59.998783,-0.006662,0.0000,0.6850,7611.2,0.0185,2,0
31.0643,0.885408,59.998786,-0.006661,0.0000,0.6900,7618.6,0.0253,2,0
31.0843,0.885484,59.998788,-0.006660,0.0000,0.6900,7632.0,0.0313,2,0
31.1052,0.885561,59.998791,-0.006659,0.0000,0.6939,7641.0,0.0364,2,0
31.1276,0.885638,59.998794,-0.006657,0.0000,0.6939,7644.8,0.0407,2,0
31.1493,0.885715,59.998796,-0.006656,0.0000,0.6983,7650.8,0.0440,2,0
31.1707,0.885791,59.998799,-0.006655,0.0000,0.6983,7657.6,0.0466,2,0
31.1934,0.885868,59.998802,-0.006654,0.0000,0.7014,7660.8,0.0485,2,0
31.2140,0.885945,59.998805,-0.006653,0.0000,0.7014,7672.9,0.0498,2,0
31.2349,0.886022,59.998807,-0.006651,0.0000,0.7071,7683.1,0.0506,2,0
31.2577,0.886100,59.998810,-0.006650,0.0000,0.7071,7687.7,0.0511,2,0
31.2816,0.886177,59.998813,-0.006649,0.0000,0.7071,7689.8,0.0514,2,0
31.3039,0.886254,59.998815,-0.006647,0.0000,0.7071,7694.8,0.0516,2,0
31.3280,0.886331,59.998818,-0.006646,0.0000,0.7071,7693.3,0.0520,2,0
31.3500,0.886408,59.998821,-0.006644,0.0000,0.7071,7698.7,0.0526,2,0
31.3717,0.886486,59.998824,-0.006643,0.0000,0.7071,7708.7,0.0531,2,0
31.3948,0.886563,59.998826,-0.006641,0.0000,0.7071,7712.0,0.0535,2,0
31.4185,0.886641,59.998829,-0.006640,0.0000,0.7071,7710.6,0.0537,2,0
31.4410,0.886718,59.998832,-0.006638,0.0000,0.7071,7715.8,0.0536,2,0
31.4632,0.886796,59.998834,-0.006637,0.0000,0.7071,7721.2,0.0530,2,0
31.4863,0.886874,59.998837,-0.006635,0.0000,0.7071,7721.6,0.0520,2,0
31.5064,0.886951,59.998840,-0.006634,0.0000,0.7071,7735.8,0.0507,2,0
31.5281,0.887029,59.998843,-0.006632,0.0000,0.7071,7743.0,0.0488,2,0
31.5502,0.887107,59.998846,-0.006630,0.0000,0.7071,7748.8,0.0463,2,0
31.5721,0.887185,59.998849,-0.006629,0.0000,0.7071,7753.0,0.0432,2,0
31.5937,0.887263,59.998852,-0.006627,0.0000,0.7071,7759.1,0.0394,2,0
31.6157,0.887341,59.998855,-0.006625,0.0000,0.7071,7763.0,0.0351,2,0
31.6363,0.887419,59.998858,-0.006624,0.0000,0.7071,7772.2,0.0302,2,0
31.6564,0.887497,59.998861,-0.006622,0.0000,0.7071,7786.7,0.0247,2,0
31.6782,0.887575,59.998864,-0.006620,0.0000,0.7071,7792.2,0.0188,2,0
31.7016,0.887653,59.998867,-0.006619,0.0000,0.7071,7793.8,0.0124,2,0
31.7229,0.887731,59.998870,-0.006617,0.0000,0.7071,7801.3,0.0056,2,0
31.7464,0.887810,59.998872,-0.006615,0.0000,0.7071,7800.0,-0.0015,2,0
31.7691,0.887888,59.998875,-0.006613,0.0000,0.7071,7804.1,-0.0086,2,0
31.7910,0.887966,59.998878,-0.006611,0.0000,0.7071,7815.6,-0.0157,2,0
31.8135,0.888045,59.998880,-0.006609,0.0000,0.7071,7822.3,-0.0228,2,0
31.8383,0.888123,59.998883,-0.006607,0.0000,0.7071,7821.2,-0.0299,2,0
31.8620,0.888202,59.998886,-0.006605,0.0000,0.7071,7826.7,-0.0369,2,0
31.8856,0.888281,59.998889,-0.006603,0.0000,0.7071,7825.9,-0.0435,2,0
31.9093,0.888359,59.998891,-0.006602,0.0000,0.7071,7824.1,-0.0499,2,0
31.9313,0.888438,59.998894,-0.006600,0.0000,0.7071,7835.3,-0.0554,2,0
31.9539,0.888517,59.998897,-0.006598,0.0000,0.7071,7841.0,-0.0601,2,0
31.9775,0.888596,59.998899,-0.006596,0.0000,0.7071,7843.0,-0.0638,2,0
32.0006,0.888675,59.998902,-0.006593,0.0000,0.7071,7846.3,-0.0663,2,0
32.0239,0.888754,59.998904,-0.006591,0.0000,0.7071,7848.7,-0.0673,2,0
32.0469,0.888833,59.998907,-0.006589,0.0000,0.7071,7850.4,-0.0672,2,0
32.0702,0.888912,59.998910,-0.006587,0.0000,0.7071,7852.4,-0.0655,2,0
32.0933,0.888991,59.998912,-0.006585,0.0000,0.7071,7858.1,-0.0627,2,0
32.1163,0.889070,59.998915,-0.006583,0.0000,0.7071,7862.3,-0.0591,2,0
32.1405,0.889150,59.998917,-0.006581,0.0000,0.7071,7860.0,-0.0550,2,0
32.1635,0.889229,59.998920,-0.006579,0.0000,0.7071,7863.8,-0.0504,2,0
32.1872,0.889308,59.998923,-0.006576,0.0000,0.7071,7862.6,-0.0458,2,0
32.2110,0.889388,59.998925,-0.006574,0.0000,0.7071,7859.9,-0.0409,2,0
32.2338,0.889467,59.998928,-0.006572,0.0000,0.7071,7864.4,-0.0360,2,0
32.2574,0.889547,59.998931,-0.006569,0.0000,0.7071,7866.4,-0.0313,2,0
32.2810,0.889626,59.998933,-0.006567,0.0000,0.7071,7863.7,-0.0267,2,0
32.3057,0.889706,59.998936,-0.006565,0.0000,0.7071,7860.4,-0.0225,2,0
32.3303,0.889786,59.998939,-0.006563,0.0000,0.7071,7859.0,-0.0185,2,0
32.3525,0.889866,59.998942,-0.006560,0.0000,0.7071,7859.0,-0.0150,2,0
32.3758,0.889945,59.998944,-0.006558,0.0000,0.7071,7863.7,-0.0119,2,0
32.3995,0.890025,59.998947,-0.006556,0.0000,0.7071,7866.1,-0.0092,2,0
32.4230,0.890105,59.998949,-0.006553,0.0000,0.7071,7865.3,-0.0070,2,0
32.4466,0.890185,59.998952,-0.006551,0.0000,0.7071,7866.1,-0.0055,2,0
32.4719,0.890265,59.998954,-0.006548,0.0000,0.7071,7868.2,-0.0045,2,0
32.4956,0.890346,59.998956,-0.006546,0.0000,0.7071,7865.7,-0.0041,2,0
32.5207,0.890426,59.998959,-0.006543,0.0000,0.7071,7884.7,-0.0044,2,0
32.5470,0.890506,59.998961,-0.006541,0.0000,0.7071,7876.6,-0.0051,2,0
32.5746,0.890586,59.998963,-0.006538,0.0000,0.7071,7888.9,-0.0065,2,0
32.6038,0.890667,59.998965,-0.006536,0.0000,0.7071,7887.7,-0.0088,2,0
32.6334,0.890747,59.998968,-0.006533,0.0000,0.7071,7898.0,-0.0119,2,0
32.6659,0.890828,59.998970,-0.006531,0.0000,0.7071,7884.7,-0.0161,2,0
32.7004,0.890909,59.998973,-0.006528,0.0000,0.7071,7921.5,-0.0211,2,0
32.7351,0.890989,59.998975,-0.006525,0.0000,0.7071,7899.2,-0.0266,2,0
32.7702,0.891070,59.998978,-0.006523,0.0000,0.7071,7932.3,-0.0330,2,0
32.8117,0.891151,59.998981,-0.006520,0.0000,0.7071,7911.2,-0.0395,2,0
32.8503,0.891232,59.998984,-0.006517,0.0000,1.0000,7904.2,-0.0462,2,0
32.8919,0.891313,59.998986,-0.006514,0.0000,1.0000,7935.2,-0.0526,2,0
32.9400,0.891394,59.998989,-0.006512,0.0000,1.0000,7937.9,-0.0581,2,0
32.9887,0.891476,59.998992,-0.006509,0.0000,1.0000,7936.5,-0.0626,2,0
33.0376,0.891557,59.998994,-0.006506,0.0000,1.0000,7933.8,-0.0658,2,0
33.0894,0.891639,59.998997,-0.006504,0.0000,1.0000,7920.8,-0.0678,2,0
33.1414,0.891721,59.999000,-0.006501,0.0000,1.0000,7905.6,-0.0684,2,0
33.1928,0.891803,59.999002,-0.006498,0.0000,1.0000,7896.6,-0.0677,2,0
33.2441,0.891885,59.999005,-0.006495,0.0000,1.0000,7883.3,-0.0657,2,0
33.2965,0.891967,59.999007,-0.006492,0.0000,1.0000,7868.6,-0.0627,2,0
33.3462,0.892049,59.999010,-0.006489,0.0000,1.0000,7864.5,-0.0585,2,0
33.3974,0.892131,59.999013,-0.006487,0.0000,1.0000,7857.6,-0.0532,2,0
33.4488,0.892214,59.999015,-0.006484,0.0000,1.0000,7847.1,-0.0468,2,0
33.4987,0.892296,59.999018,-0.006481,0.0000,1.0000,7844.0,-0.0396,2,0
33.5464,0.892379,59.999020,-0.006478,0.0000,1.0000,7853.5,-0.0314,2,0
33.5896,0.892462,59.999023,-0.006475,0.0000,1.0000,7879.9,-0.0227,2,0
33.6342,0.892545,59.999026,-0.006472,0.0000,1.0000,7901.2,-0.0137,2,0
33.6796,0.892628,59.999028,-0.006469,0.0000,1.0000,7919.0,-0.0046,2,0
33.7244,0.892711,59.999031,-0.006466,0.0000,1.0000,7942.9,0.0046,2,0
33.7702,0.892794,59.999034,-0.006464,0.0000,1.0000,7956.9,0.0137,2,0
33.8160,0.892878,59.999037,-0.006461,0.0000,1.0000,7971.4,0.0222,2,0
33.8638,0.892961,59.999039,-0.006458,0.0000,1.0000,7976.8,0.0299,2,0
33.9104,0.893045,59.999042,-0.006455,0.0000,1.0000,7988.3,0.0369,2,0
33.9595,0.893129,59.999045,-0.006452,0.0000,1.0000,7985.3,0.0432,2,0
34.0085,0.893213,59.999047,-0.006449,0.0000,1.0000,7984.6,0.0487,2,0
34.0577,0.893297,59.999050,-0.006446,0.0000,1.0000,7983.8,0.0536,2,0
34.1038,0.893381,59.999053,-0.006443,0.0000,1.0000,7991.2,0.0578,2,0
34.1533,0.893465,59.999055,-0.006440,0.0000,1.0000,7986.8,0.0614,2,0
34.2007,0.893549,59.999058,-0.006437,0.0000,1.0000,7994.0,0.0643,2,0
34.2469,0.893634,59.999061,-0.006434,0.0000,1.0000,8006.5,0.0668,2,0
34.2838,0.893718,59.999063,-0.006431,0.0000,1.0000,8049.7,0.0689,2,0
34.3288,0.893803,59.999066,-0.006429,0.0000,1.0000,8065.6,0.0701,2,0
34.3725,0.893888,59.999069,-0.006426,0.0000,1.0000,8090.0,0.0711,2,0
34.4133,0.893973,59.999072,-0.006423,0.0000,1.0000,8116.5,0.0717,2,0
34.4526,0.894058,59.999074,-0.006420,0.0000,1.0000,8153.8,0.0721,2,0
34.4993,0.894143,59.999077,-0.006417,0.0000,1.0000,8159.4,0.0720,2,0
34.5473,0.894228,59.999080,-0.006414,0.0000,1.0000,8168.8,0.0716,2,0
34.5820,0.894313,59.999082,-0.006411,0.0000,1.0000,8212.9,0.0714,2,0
34.6291,0.894399,59.999085,-0.006408,0.0000,1.0000,8219.0,0.0704,2,0
34.6768,0.894484,59.999088,-0.006405,0.0000,1.0000,8222.2,0.0697,2,0
34.7227,0.894570,59.999091,-0.006402,0.0000,1.0000,8228.1,0.0689,2,0
34.7622,0.894656,59.999093,-0.006399,0.0000,1.0000,8258.6,0.0682,2,0
34.8119,0.894742,59.999096,-0.006395,0.0000,1.0000,8252.4,0.0674,2,0
34.8606,0.894828,59.999099,-0.006392,0.0000,1.0000,8256.1,0.0666,2,0
34.8997,0.894914,59.999101,-0.006389,0.0000,1.0000,8282.4,0.0661,2,0
34.9486,0.895000,59.999104,-0.006386,0.0000,1.0000,8278.7,0.0650,2,0
34.9952,0.895086,59.999107,-0.006383,0.0000,1.0000,8285.2,0.0642,2,0
35.0381,0.895173,59.999109,-0.006380,0.0000,1.0000,8301.1,0.0635,2,0
35.0831,0.895259,59.999112,-0.006377,0.0000,1.0000,8310.4,0.0628,2,0
35.1320,0.895346,59.999114,-0.006374,0.0000,1.0000,8303.9,0.0617,2,0
35.1770,0.895433,59.999117,-0.006370,0.0000,1.0000,8319.0,0.0605,2,0
35.2176,0.895519,59.999120,-0.006367,0.0000,1.0000,8338.4,0.0595,2,0
35.2651,0.895606,59.999122,-0.006364,0.0000,1.0000,8337.9,0.0580,2,0
35.3095,0.895693,59.999125,-0.006361,0.0000,1.0000,8359.9,0.0566,2,0
35.3501,0.895781,59.999127,-0.006358,0.0000,1.0000,8379.5,0.0552,2,0
35.3990,0.895868,59.999130,-0.006355,0.0000,1.0000,8374.3,0.0538,2,0
35.4465,0.895955,59.999133,-0.006351,0.0000,1.0000,8373.0,0.0520,2,0
35.4896,0.896043,59.999135,-0.006348,0.0000,1.0000,8392.3,0.0508,2,0
35.5325,0.896131,59.999138,-0.006345,0.0000,1.0000,8409.7,0.0496,2,0
35.5788,0.896218,59.999141,-0.006341,0.0000,1.0000,8410.0,0.0482,2,0
35.6252,0.896306,59.999144,-0.006338,0.0000,1.0000,8424.5,0.0472,2,0
35.6668,0.896394,59.999146,-0.006335,0.0000,1.0000,8438.1,0.0463,2,0
35.7139,0.896482,59.999149,-0.006331,0.0000,1.0000,8435.6,0.0450,2,0
35.7586,0.896570,59.999152,-0.006328,0.0000,1.0000,8449.5,0.0439,2,0
35.8000,0.896659,59.999154,-0.006325,0.0000,1.0000,8468.8,0.0429,2,0
35.8465,0.896747,59.999157,-0.006321,0.0000,1.0000,8472.4,0.0419,2,0
35.8917,0.896836,59.999160,-0.006318,0.0000,1.0000,8479.9,0.0409,2,0
35.9377,0.896924,59.999163,-0.006315,0.0000,1.0000,8484.1,0.0399,2,0
35.9801,0.897013,59.999166,-0.006311,0.0000,1.0000,8501.0,0.0394,2,0
36.0260,0.897102,59.999169,-0.006308,0.0000,1.0000,8507.2,0.0387,2,0
36.0715,0.897191,59.999172,-0.006304,0.0000,1.0000,8513.6,0.0383,2,0
36.1142,0.897280,59.999175,-0.006301,0.0000,1.0000,8527.5,0.0381,2,0
36.1600,0.897369,59.999178,-0.006297,0.0000,1.0000,8531.4,0.0379,2,0
36.2051,0.897458,59.999181,-0.006294,0.0000,1.0000,8537.3,0.0379,2,0
36.2490,0.897548,59.999184,-0.006291,0.0000,1.0000,8550.0,0.0377,2,0
36.2932,0.897637,59.999187,-0.006287,0.0000,1.0000,8558.5,0.0376,2,0
36.3396,0.897727,59.999190,-0.006284,0.0000,1.0000,8558.0,0.0375,2,0
36.3832,0.897817,59.999192,-0.006280,0.0000,1.0000,8571.0,0.0375,2,0
36.4282,0.897907,59.999195,-0.006277,0.0000,1.0000,8577.7,0.0375,2,0
36.4745,0.897997,59.999198,-0.006273,0.0000,1.0000,8578.6,0.0375,2,0
36.5188,0.898087,59.999201,-0.006269,0.0000,1.0000,8588.3,0.0374,2,0
36.5631,0.898177,59.999203,-0.006266,0.0000,1.0000,8597.8,0.0374,2,0
36.6095,0.898267,59.999206,-0.006262,0.0000,1.0000,8599.1,0.0375,2,0
36.6543,0.898358,59.999209,-0.006259,0.0000,1.0000,8606.0,0.0375,2,0
36.6988,0.898448,59.999211,-0.006255,0.0000,1.0000,8614.7,0.0377,2,0
36.7441,0.898539,59.999214,-0.006252,0.0000,1.0000,8619.0,0.0380,2,0
36.7891,0.898629,59.999217,-0.006248,0.0000,1.0000,8624.6,0.0382,2,0
36.8338,0.898720,59.999219,-0.006244,0.0000,1.0000,8630.9,0.0386,2,0
36.8780,0.898811,59.999222,-0.006241,0.0000,1.0000,8638.5,0.0390,2,0
36.9213,0.898902,59.999224,-0.006237,0.0000,1.0000,8649.2,0.0395,2,0
36.9650,0.898993,59.999227,-0.006233,0.0000,1.0000,8657.5,0.0400,2,0
37.0093,0.899085,59.999230,-0.006230,0.0000,1.0000,8662.9,0.0406,2,0
37.0533,0.899176,59.999232,-0.006226,0.0000,1.0000,8668.2,0.0409,2,0
37.0960,0.899268,59.999235,-0.006223,0.0000,1.0000,8679.2,0.0412,2,0
37.1371,0.899359,59.999237,-0.006219,0.0000,1.0000,8696.2,0.0414,2,0
37.1781,0.899451,59.999240,-0.006215,0.0000,1.0000,8712.8,0.0414,2,0
37.2203,0.899543,59.999243,-0.006212,0.0000,1.0000,8724.8,0.0414,2,0
37.2630,0.899635,59.999246,-0.006208,0.0000,1.0000,8733.0,0.0411,2,0
37.3052,0.899727,59.999248,-0.006204,0.0000,1.0000,8743.2,0.0407,2,0
37.3463,0.899819,59.999251,-0.006200,0.0000,1.0000,8758.3,0.0404,2,0
37.3870,0.899911,59.999254,-0.006197,0.0000,1.0000,8773.8,0.0400,2,0
37.4287,0.900003,59.999257,-0.006193,0.0000,1.0000,8785.3,0.0397,2,0
37.4702,0.900096,59.999260,-0.006189,0.0000,1.0000,8796.6,0.0393,2,0
37.5116,0.900188,59.999262,-0.006185,0.0000,1.0000,8808.2,0.0390,2,0
37.5525,0.900281,59.999265,-0.006182,0.0000,1.0000,8820.6,0.0387,2,0
37.5937,0.900374,59.999268,-0.006178,0.0000,1.0000,8831.4,0.0385,2,0
37.6346,0.900466,59.999271,-0.006174,0.0000,1.0000,8843.8,0.0384,2,0
37.6759,0.900559,59.999274,-0.006170,0.0000,1.0000,8855.4,0.0384,2,0
37.7171,0.900652,59.999278,-0.006166,0.0000,1.0000,8865.6,0.0384,2,0
37.7584,0.900745,59.999281,-0.006163,0.0000,1.0000,8875.4,0.0387,2,0
37.8004,0.900839,59.999284,-0.006159,0.0000,1.0000,8881.4,0.0390,2,0
37.8428,0.900932,59.999287,-0.006155,0.0000,1.0000,8888.2,0.0394,2,0
37.8845,0.901026,59.999290,-0.006151,0.0000,1.0000,8896.3,0.0398,2,0
37.9266,0.901119,59.999294,-0.006147,0.0000,1.0000,8903.8,0.0404,2,0
37.9687,0.901213,59.999297,-0.006143,0.0000,1.0000,8910.8,0.0408,2,0
38.0108,0.901306,59.999300,-0.006140,0.0000,1.0000,8916.6,0.0413,2,0
38.0537,0.901400,59.999302,-0.006136,0.0000,1.0000,8919.3,0.0417,2,0
38.0961,0.901494,59.999305,-0.006132,0.0000,1.0000,8925.1,0.0422,2,0
38.1384,0.901588,59.999308,-0.006128,0.0000,1.0000,8930.8,0.0427,2,0
38.1811,0.901683,59.999310,-0.006124,0.0000,1.0000,8934.7,0.0431,2,0
38.2238,0.901777,59.999313,-0.006120,0.0000,1.0000,8936.4,0.0436,2,0
38.2660,0.901871,59.999315,-0.006116,0.0000,1.0000,8941.7,0.0440,2,0
38.3084,0.901966,59.999317,-0.006112,0.0000,1.0000,8945.4,0.0443,2,0
38.3498,0.902060,59.999320,-0.006108,0.0000,1.0000,8952.6,0.0445,2,0
38.3900,0.902155,59.999322,-0.006104,0.0000,0.0000,8964.0,0.0446,2,0
38.4116,0.902250,59.999325,-0.006100,0.0000,0.0000,8930.0,0.0447,2,0
38.3985,0.902344,59.999327,-0.006096,0.0000,0.0000,8881.4,0.0447,2,0
38.3855,0.902439,59.999330,-0.006092,0.0000,0.0000,8832.9,0.0447,2,0
38.3728,0.902534,59.999333,-0.006088,0.0000,0.0000,8784.7,0.0447,2,0
38.3707,0.902628,59.999335,-0.006084,0.0000,0.0000,8313.5,0.0446,3,0
38.4227,0.902723,59.999337,-0.006080,0.0000,1.0000,7486.1,0.0444,3,0
38.4713,0.902818,59.999340,-0.006076,0.0000,1.0000,7482.9,0.0442,3,0
38.5222,0.902913,59.999342,-0.006072,0.0000,1.0000,7444.3,0.0441,3,0
38.5709,0.903008,59.999345,-0.006068,0.0000,1.0000,7418.2,0.0440,3,0
38.6181,0.903103,59.999347,-0.006064,0.0000,1.0000,7397.5,0.0440,3,0
38.6643,0.903199,59.999350,-0.006060,0.0000,1.0000,7381.2,0.0440,3,0
38.7072,0.903294,59.999353,-0.006056,0.0000,1.0000,7378.5,0.0442,3,0
38.7484,0.903390,59.999356,-0.006052,0.0000,1.0000,7383.7,0.0446,3,0
38.7869,0.903485,59.999360,-0.006048,0.0000,1.0000,7398.8,0.0450,3,0
38.8246,0.903581,59.999363,-0.006043,0.0000,1.0000,7418.6,0.0456,3,0
38.8638,0.903677,59.999366,-0.006039,0.0000,1.0000,7431.7,0.0462,3,0
38.9026,0.903773,59.999369,-0.006035,0.0000,1.0000,7447.4,0.0470,3,0
38.9412,0.903869,59.999372,-0.006031,0.0000,1.0000,7463.7,0.0478,3,0
38.9812,0.903965,59.999376,-0.006027,0.0000,1.0000,7474.1,0.0487,3,0
39.0204,0.904062,59.999379,-0.006023,0.0000,1.0000,7488.7,0.0496,3,0
39.0601,0.904158,59.999382,-0.006019,0.0000,1.0000,7500.7,0.0504,3,0
39.1016,0.904254,59.999385,-0.006015,0.0000,1.0000,7505.7,0.0512,3,0
39.1423,0.904351,59.999388,-0.006010,0.0000,1.0000,7513.0,0.0517,3,0
39.1838,0.904447,59.999390,-0.006006,0.0000,1.0000,7516.9,0.0523,3,0
39.2244,0.904544,59.999393,-0.006002,0.0000,1.0000,7525.6,0.0527,3,0
39.2644,0.904641,59.999396,-0.005998,0.0000,1.0000,7537.7,0.0529,3,0
39.3063,0.904738,59.999399,-0.005993,0.0000,1.0000,7541.7,0.0530,3,0
39.3475,0.904835,59.999402,-0.005989,0.0000,1.0000,7548.3,0.0530,3,0
39.3889,0.904932,59.999404,-0.005985,0.0000,1.0000,7554.9,0.0528,3,0
39.4294,0.905029,59.999407,-0.005981,0.0000,1.0000,7565.0,0.0524,3,0
39.4689,0.905127,59.999410,-0.005977,0.0000,1.0000,7580.3,0.0519,3,0
39.5105,0.905224,59.999412,-0.005972,0.0000,1.0000,7587.1,0.0512,3,0
39.5528,0.905322,59.999415,-0.005968,0.0000,1.0000,7590.5,0.0503,3,0
39.5933,0.905419,59.999417,-0.005963,0.0000,1.0000,7600.5,0.0494,3,0
39.6343,0.905517,59.999420,-0.005959,0.0000,1.0000,7608.8,0.0483,3,0
39.6736,0.905615,59.999422,-0.005955,0.0000,1.0000,7623.9,0.0471,3,0
39.7155,0.905713,59.999425,-0.005950,0.0000,1.0000,7630.3,0.0458,3,0
39.7575,0.905811,59.999427,-0.005946,0.0000,1.0000,7633.6,0.0443,3,0
39.7986,0.905909,59.999430,-0.005942,0.0000,1.0000,7641.7,0.0427,3,0
39.8396,0.906008,59.999432,-0.005937,0.0000,1.0000,7648.1,0.0409,3,0
39.8808,0.906106,59.999435,-0.005933,0.0000,1.0000,7656.7,0.0391,3,0
39.9225,0.906204,59.999438,-0.005928,0.0000,1.0000,7663.1,0.0375,3,0
39.9660,0.906303,59.999441,-0.005924,0.0000,1.0000,7663.8,0.0359,3,0
40.0077,0.906402,59.999444,-0.005919,0.0000,1.0000,7672.3,0.0344,3,0
40.0502,0.906500,59.999447,-0.005915,0.0000,1.0000,7677.3,0.0332,3,0
40.0933,0.906599,59.999451,-0.005910,0.0000,1.0000,7680.9,0.0323,3,0
40.1365,0.906698,59.999454,-0.005906,0.0000,1.0000,7686.2,0.0318,3,0
40.1812,0.906797,59.999457,-0.005901,0.0000,1.0000,7686.6,0.0317,3,0
40.2241,0.906897,59.999460,-0.005897,0.0000,1.0000,7693.9,0.0319,3,0
40.2683,0.906996,59.999463,-0.005892,0.0000,1.0000,7698.4,0.0325,3,0
40.3138,0.907095,59.999466,-0.005888,0.0000,1.0000,7697.7,0.0336,3,0
40.3587,0.907195,59.999469,-0.005883,0.0000,1.0000,7699.9,0.0353,3,0
40.4052,0.907295,59.999471,-0.005878,0.0000,1.0000,7695.2,0.0372,3,0
40.4515,0.907394,59.999474,-0.005874,0.0000,1.0000,7690.7,0.0393,3,0
40.4981,0.907494,59.999477,-0.005869,0.0000,1.0000,7686.9,0.0416,3,0
40.5429,0.907594,59.999479,-0.005864,0.0000,1.0000,7690.3,0.0441,3,0
40.5858,0.907694,59.999482,-0.005860,0.0000,1.0000,7703.0,0.0466,3,0
40.6273,0.907795,59.999485,-0.005855,0.0000,1.0000,7721.2,0.0490,3,0
40.6676,0.907895,59.999488,-0.005850,0.0000,1.0000,7745.1,0.0515,3,0
40.7051,0.907995,59.999490,-0.005846,0.0000,1.0000,7780.6,0.0540,3,0
40.7402,0.908096,59.999493,-0.005841,0.0000,1.0000,7826.8,0.0564,3,0
40.7717,0.908196,59.999496,-0.005836,0.0000,1.0000,7887.5,0.0587,3,0
40.8005,0.908297,59.999498,-0.005832,0.0000,1.0000,7957.7,0.0608,3,0
40.8276,0.908398,59.999501,-0.005827,0.0000,0.7314,8022.7,0.0628,3,0
40.8546,0.908498,59.999504,-0.005822,0.0000,0.7314,8010.0,0.0642,3,0
40.8849,0.908599,59.999506,-0.005817,0.0000,1.0000,8009.5,0.0649,3,0
40.9179,0.908700,59.999509,-0.005813,0.0000,1.0000,8038.3,0.0650,3,0
40.9549,0.908801,59.999512,-0.005808,0.0000,1.0000,7989.8,0.0643,3,0
40.9990,0.908902,59.999515,-0.005803,0.0000,1.0000,7991.8,0.0628,3,0
41.0467,0.909004,59.999517,-0.005798,0.0000,1.0000,7974.8,0.0604,3,0
41.1000,0.909105,59.999520,-0.005794,0.0000,1.0000,7931.0,0.0575,3,0
41.1546,0.909206,59.999523,-0.005789,0.0000,1.0000,7884.4,0.0540,3,0
41.2061,0.909308,59.999526,-0.005784,0.0000,1.0000,7854.4,0.0501,3,0
41.2518,0.909410,59.999529,-0.005779,0.0000,1.0000,7852.9,0.0459,3,0
41.2936,0.909512,59.999532,-0.005774,0.0000,1.0000,7869.3,0.0415,3,0
41.3354,0.909614,59.999535,-0.005770,0.0000,1.0000,7884.4,0.0372,3,0
41.3777,0.909716,59.999538,-0.005765,0.0000,1.0000,7898.4,0.0330,3,0
41.4209,0.909818,59.999541,-0.005760,0.0000,1.0000,7910.9,0.0291,3,0
41.4656,0.909920,59.999544,-0.005755,0.0000,1.0000,7919.0,0.0254,3,0
41.5100,0.910023,59.999547,-0.005750,0.0000,1.0000,7927.4,0.0222,3,0
41.5548,0.910125,59.999550,-0.005745,0.0000,1.0000,7931.6,0.0192,3,0
41.6001,0.910228,59.999553,-0.005740,0.0000,1.0000,7935.4,0.0167,3,0
41.6460,0.910330,59.999555,-0.005735,0.0000,1.0000,7937.4,0.0147,3,0
41.6920,0.910433,59.999558,-0.005730,0.0000,1.0000,7940.0,0.0131,3,0
41.7385,0.910536,59.999561,-0.005725,0.0000,1.0000,7938.4,0.0120,3,0
41.7843,0.910639,59.999564,-0.005720,0.0000,1.0000,7939.3,0.0111,3,0
41.8306,0.910742,59.999566,-0.005715,0.0000,1.0000,7937.9,0.0106,3,0
41.8776,0.910846,59.999569,-0.005710,0.0000,1.0000,7935.3,0.0104,3,0
41.9237,0.910949,59.999572,-0.005705,0.0000,1.0000,7936.4,0.0103,3,0
41.9693,0.911053,59.999574,-0.005700,0.0000,1.0000,7939.0,0.0105,3,0
42.0149,0.911156,59.999577,-0.005696,0.0000,1.0000,7941.5,0.0107,3,0
42.0610,0.911260,59.999580,-0.005690,0.0000,1.0000,7943.0,0.0111,3,0
42.1072,0.911364,59.999582,-0.005685,0.0000,1.0000,7944.7,0.0116,3,0
42.1530,0.911468,59.999585,-0.005680,0.0000,1.0000,7948.9,0.0121,3,0
42.1971,0.911572,59.999587,-0.005675,0.0000,1.0000,7959.5,0.0128,3,0
42.2419,0.911676,59.999590,-0.005670,0.0000,1.0000,7968.6,0.0134,3,0
42.2873,0.911780,59.999593,-0.005665,0.0000,1.0000,7975.7,0.0142,3,0
42.3323,0.911885,59.999595,-0.005660,0.0000,1.0000,7983.8,0.0151,3,0
42.3774,0.911989,59.999598,-0.005655,0.0000,1.0000,7992.7,0.0160,3,0
42.4224,0.912094,59.999600,-0.005650,0.0000,1.0000,8001.9,0.0170,3,0
42.4678,0.912199,59.999603,-0.005645,0.0000,1.0000,8009.5,0.0179,3,0
42.5133,0.912303,59.999606,-0.005640,0.0000,1.0000,8015.7,0.0190,3,0
42.5583,0.912408,59.999609,-0.005634,0.0000,1.0000,8024.1,0.0201,3,0
42.6034,0.912514,59.999612,-0.005629,0.0000,1.0000,8032.6,0.0211,3,0
42.6490,0.912619,59.999615,-0.005624,0.0000,1.0000,8037.9,0.0221,3,0
42.6938,0.912724,59.999618,-0.005619,0.0000,1.0000,8045.6,0.0231,3,0
42.7390,0.912829,59.999622,-0.005614,0.0000,1.0000,8050.9,0.0242,3,0
42.7839,0.912935,59.999625,-0.005609,0.0000,1.0000,8058.8,0.0251,3,0
42.8281,0.913041,59.999628,-0.005603,0.0000,1.0000,8069.8,0.0260,3,0
42.8720,0.913146,59.999631,-0.005598,0.0000,1.0000,8080.0,0.0268,3,0
42.9163,0.913252,59.999634,-0.005593,0.0000,1.0000,8087.8,0.0276,3,0
42.9606,0.913358,59.999637,-0.005588,0.0000,1.0000,8096.6,0.0284,3,0
43.0052,0.913464,59.999639,-0.005583,0.0000,1.0000,8106.0,0.0291,3,0
43.0492,0.913570,59.999642,-0.005578,0.0000,1.0000,8116.3,0.0296,3,0
43.0929,0.913677,59.999644,-0.005572,0.0000,1.0000,8127.9,0.0300,3,0
43.1367,0.913783,59.999647,-0.005567,0.0000,1.0000,8139.8,0.0302,3,0
43.1813,0.913890,59.999650,-0.005562,0.0000,1.0000,8147.0,0.0304,3,0
43.2263,0.913996,59.999652,-0.005557,0.0000,1.0000,8153.2,0.0304,3,0
43.2702,0.914103,59.999655,-0.005551,0.0000,1.0000,8165.9,0.0303,3,0
43.3138,0.914210,59.999657,-0.005546,0.0000,1.0000,8178.8,0.0300,3,0
43.3573,0.914317,59.999660,-0.005541,0.0000,1.0000,8189.8,0.0296,3,0
43.4025,0.914424,59.999663,-0.005536,0.0000,1.0000,8195.5,0.0292,3,0
43.4474,0.914531,59.999666,-0.005530,0.0000,1.0000,8203.5,0.0286,3,0
43.4917,0.914638,59.999669,-0.005525,0.0000,1.0000,8214.6,0.0281,3,0
43.5360,0.914746,59.999672,-0.005520,0.0000,1.0000,8224.2,0.0274,3,0
43.5805,0.914853,59.999675,-0.005514,0.0000,1.0000,8233.7,0.0267,3,0
43.6260,0.914961,59.999678,-0.005509,0.0000,1.0000,8239.5,0.0260,3,0
43.6715,0.915068,59.999681,-0.005504,0.0000,1.0000,8247.2,0.0253,3,0
43.7167,0.915176,59.999684,-0.005498,0.0000,1.0000,8254.6,0.0246,3,0
43.7623,0.915284,59.999687,-0.005493,0.0000,1.0000,8260.3,0.0239,3,0
43.8075,0.915392,59.999690,-0.005488,0.0000,1.0000,8267.1,0.0232,3,0
43.8530,0.915500,59.999693,-0.005482,0.0000,1.0000,8272.0,0.0226,3,0
43.8984,0.915609,59.999696,-0.005477,0.0000,1.0000,8278.2,0.0219,3,0
43.9432,0.915717,59.999698,-0.005471,0.0000,1.0000,8285.7,0.0215,3,0
43.9881,0.915826,59.999701,-0.005466,0.0000,1.0000,8292.1,0.0211,3,0
44.0333,0.915934,59.999704,-0.005461,0.0000,1.0000,8296.8,0.0207,3,0
44.0786,0.916043,59.999707,-0.005455,0.0000,1.0000,8301.8,0.0206,3,0
44.1229,0.916152,59.999710,-0.005450,0.0000,1.0000,8311.5,0.0205,3,0
44.1673,0.916261,59.999712,-0.005444,0.0000,1.0000,8320.6,0.0206,3,0
44.2119,0.916370,59.999715,-0.005439,0.0000,1.0000,8327.9,0.0210,3,0
44.2566,0.916479,59.999718,-0.005433,0.0000,1.0000,8336.0,0.0214,3,0
44.3011,0.916588,59.999721,-0.005428,0.0000,1.0000,8345.7,0.0220,3,0
44.3460,0.916697,59.999724,-0.005422,0.0000,1.0000,8355.3,0.0227,3,0
44.3904,0.916807,59.999728,-0.005417,0.0000,1.0000,8366.3,0.0235,3,0
44.4352,0.916917,59.999731,-0.005411,0.0000,1.0000,8373.7,0.0242,3,0
44.4805,0.917026,59.999734,-0.005406,0.0000,1.0000,8380.4,0.0251,3,0
44.5258,0.917136,59.999737,-0.005400,0.0000,1.0000,8386.9,0.0260,3,0
44.5703,0.917246,59.999740,-0.005395,0.0000,1.0000,8397.3,0.0270,3,0
44.6145,0.917356,59.999744,-0.005389,0.0000,1.0000,8407.5,0.0281,3,0
44.6599,0.917466,59.999747,-0.005384,0.0000,1.0000,8410.8,0.0293,3,0
44.7052,0.917577,59.999750,-0.005378,0.0000,1.0000,8417.0,0.0306,3,0
44.7496,0.917687,59.999753,-0.005373,0.0000,1.0000,8427.9,0.0320,3,0
44.7948,0.917797,59.999756,-0.005367,0.0000,1.0000,8436.8,0.0334,3,0
44.8395,0.917908,59.999759,-0.005362,0.0000,1.0000,8447.5,0.0350,3,0
44.8850,0.918019,59.999762,-0.005356,0.0000,1.0000,8456.4,0.0368,3,0
44.9305,0.918129,59.999765,-0.005351,0.0000,1.0000,8465.7,0.0388,3,0
44.9767,0.918240,59.999768,-0.005345,0.0000,1.0000,8472.6,0.0410,3,0
45.0216,0.918351,59.999771,-0.005339,0.0000,1.0000,8482.7,0.0435,3,0
45.0672,0.918463,59.999774,-0.005334,0.0000,1.0000,8488.9,0.0462,3,0
45.1125,0.918574,59.999777,-0.005328,0.0000,1.0000,8495.0,0.0489,3,0
45.1573,0.918685,59.999780,-0.005323,0.0000,1.0000,8500.8,0.0518,3,0
45.2020,0.918797,59.999783,-0.005317,0.0000,1.0000,8505.1,0.0546,3,0
45.2454,0.918908,59.999785,-0.005311,0.0000,1.0000,8513.3,0.0573,3,0
45.2877,0.919020,59.999788,-0.005306,0.0000,1.0000,8525.8,0.0596,3,0
45.3309,0.919132,59.999790,-0.005300,0.0000,1.0000,8535.2,0.0616,3,0
45.3743,0.919244,59.999792,-0.005294,0.0000,1.0000,8545.5,0.0633,3,0
45.4160,0.919356,59.999795,-0.005289,0.0000,1.0000,8564.1,0.0646,3,0
45.4570,0.919468,59.999797,-0.005283,0.0000,1.0000,8585.1,0.0655,3,0
45.4984,0.919580,59.999800,-0.005277,0.0000,1.0000,8602.5,0.0660,3,0
45.5405,0.919692,59.999803,-0.005272,0.0000,1.0000,8617.7,0.0662,3,0
45.5834,0.919805,59.999805,-0.005266,0.0000,1.0000,8631.2,0.0661,3,0
45.6253,0.919917,59.999808,-0.005260,0.0000,1.0000,8647.3,0.0657,3,0
45.6670,0.920030,59.999811,-0.005254,0.0000,1.0000,8663.8,0.0650,3,0
45.7093,0.920143,59.999814,-0.005248,0.0000,1.0000,8677.9,0.0642,3,0
45.7534,0.920256,59.999817,-0.005243,0.0000,1.0000,8684.6,0.0633,3,0
45.7976,0.920369,59.999820,-0.005237,0.0000,1.0000,8690.8,0.0624,3,0
45.8417,0.920482,59.999824,-0.005231,0.0000,1.0000,8698.3,0.0613,3,0
45.8845,0.920595,59.999827,-0.005225,0.0000,1.0000,8709.2,0.0602,3,0
45.9281,0.920708,59.999830,-0.005219,0.0000,1.0000,8716.5,0.0593,3,0
45.9719,0.920822,59.999833,-0.005214,0.0000,1.0000,8722.9,0.0584,3,0
46.0152,0.920935,59.999836,-0.005208,0.0000,1.0000,8731.6,0.0576,3,0
46.0594,0.921049,59.999839,-0.005202,0.0000,1.0000,8736.3,0.0569,3,0
46.1029,0.921162,59.999841,-0.005196,0.0000,1.0000,8743.9,0.0564,3,0
46.1473,0.921276,59.999844,-0.005190,0.0000,1.0000,8748.2,0.0560,3,0
46.1917,0.921390,59.999847,-0.005184,0.0000,1.0000,8752.8,0.0557,3,0
46.2359,0.921504,59.999849,-0.005178,0.0000,1.0000,8758.3,0.0556,3,0
46.2792,0.921618,59.999852,-0.005172,0.0000,1.0000,8766.7,0.0555,3,0
46.3221,0.921733,59.999855,-0.005166,0.0000,1.0000,8776.6,0.0557,3,0
46.3662,0.921847,59.999858,-0.005161,0.0000,1.0000,8781.1,0.0561,3,0
46.4096,0.921961,59.999860,-0.005155,0.0000,1.0000,8787.3,0.0567,3,0
46.4528,0.922076,59.999863,-0.005149,0.0000,1.0000,8794.2,0.0574,3,0
46.4955,0.922191,59.999866,-0.005143,0.0000,1.0000,8802.8,0.0581,3,0
46.5386,0.922305,59.999869,-0.005137,0.0000,1.0000,8809.3,0.0589,3,0
46.5810,0.922420,59.999872,-0.005131,0.0000,1.0000,8818.4,0.0596,3,0
46.6247,0.922535,59.999875,-0.005124,0.0000,1.0000,8822.3,0.0602,3,0
46.6671,0.922650,59.999878,-0.005118,0.0000,1.0000,8831.6,0.0608,3,0
46.7095,0.922766,59.999881,-0.005112,0.0000,1.0000,8841.8,0.0613,3,0
46.7526,0.922881,59.999884,-0.005106,0.0000,1.0000,8847.2,0.0618,3,0
46.7952,0.922996,59.999887,-0.005100,0.0000,1.0000,8855.6,0.0621,3,0
46.8384,0.923112,59.999890,-0.005094,0.0000,1.0000,8861.8,0.0625,3,0
46.8805,0.923228,59.999893,-0.005088,0.0000,1.0000,8872.1,0.0629,3,0
46.9227,0.923343,59.999896,-0.005082,0.0000,1.0000,8882.5,0.0633,3,0
46.9658,0.923459,59.999898,-0.005076,0.0000,1.0000,8889.6,0.0637,3,0
47.0073,0.923575,59.999901,-0.005070,0.0000,1.0000,8902.3,0.0642,3,0
47.0499,0.923691,59.999904,-0.005064,0.0000,1.0000,8911.0,0.0648,3,0
47.0913,0.923807,59.999907,-0.005057,0.0000,1.0000,8923.8,0.0654,3,0
47.1338,0.923923,59.999909,-0.005051,0.0000,1.0000,8930.1,0.0659,3,0
47.1759,0.924040,59.999912,-0.005045,0.0000,1.0000,8941.0,0.0664,3,0
47.2179,0.924156,59.999915,-0.005039,0.0000,1.0000,8949.3,0.0666,3,0
47.2591,0.924273,59.999917,-0.005033,0.0000,1.0000,8961.6,0.0668,3,0
47.3019,0.924390,59.999920,-0.005027,0.0000,1.0000,8967.5,0.0670,3,0
47.3442,0.924506,59.999923,-0.005020,0.0000,1.0000,8975.7,0.0670,3,0
47.3864,0.924623,59.999926,-0.005014,0.0000,1.0000,8984.1,0.0669,3,0
47.4287,0.924740,59.999929,-0.005008,0.0000,1.0000,8992.4,0.0665,3,0
47.4708,0.924857,59.999932,-0.005001,0.0000,1.0000,9000.3,0.0660,3,0
47.5137,0.924974,59.999935,-0.004995,0.0000,1.0000,9006.0,0.0654,3,0
47.5558,0.925092,59.999938,-0.004989,0.0000,1.0000,9015.9,0.0646,3,0
47.5987,0.925209,59.999941,-0.004982,0.0000,1.0000,9022.7,0.0637,3,0
47.6413,0.925327,59.999944,-0.004976,0.0000,1.0000,9029.5,0.0629,3,0
47.6842,0.925444,59.999947,-0.004970,0.0000,1.0000,9035.4,0.0624,3,0
47.7274,0.925562,59.999950,-0.004963,0.0000,1.0000,9039.6,0.0622,3,0
47.7703,0.925680,59.999953,-0.004957,0.0000,1.0000,9045.8,0.0623,3,0
47.8130,0.925798,59.999955,-0.004951,0.0000,1.0000,9052.6,0.0629,3,0
47.8548,0.925916,59.999958,-0.004944,0.0000,1.0000,9062.6,0.0639,3,0
47.8968,0.926034,59.999961,-0.004938,0.0000,1.0000,9072.5,0.0653,3,0
47.9393,0.926152,59.999963,-0.004931,0.0000,1.0000,9078.0,0.0673,3,0
47.9821,0.926271,59.999966,-0.004925,0.0000,1.0000,9084.9,0.0698,3,0
48.0245,0.926389,59.999969,-0.004918,0.0000,1.0000,9093.2,0.0731,3,0
48.0671,0.926508,59.999972,-0.004912,0.0000,1.0000,9099.5,0.0770,3,0
48.1085,0.926626,59.999974,-0.004906,0.0000,1.0000,9108.6,0.0814,3,0
48.1501,0.926745,59.999977,-0.004899,0.0000,1.0000,9113.9,0.0862,3,0
48.1924,0.926864,59.999980,-0.004893,0.0000,1.0000,9117.9,0.0913,3,0
48.2342,0.926983,59.999982,-0.004886,0.0000,1.0000,9123.6,0.0966,3,0
48.2764,0.927102,59.999985,-0.004880,0.0000,1.0000,9127.4,0.1020,3,0
48.3178,0.927221,59.999988,-0.004873,0.0000,1.0000,9134.5,0.1074,3,0
48.3596,0.927340,59.999990,-0.004866,0.0000,1.0000,9138.5,0.1124,3,0
48.4000,0.927460,59.999993,-0.004860,0.0000,1.0000,9148.2,0.1171,3,0
48.4408,0.927579,59.999996,-0.004853,0.0000,1.0000,9156.3,0.1216,3,0
48.4816,0.927699,59.999999,-0.004847,0.0000,1.0000,9165.6,0.1253,3,0
48.5223,0.927818,60.000001,-0.004840,0.0000,1.0000,9173.6,0.1283,3,0
48.5622,0.927938,60.000004,-0.004834,0.0000,1.0000,9183.9,0.1305,3,0
48.6025,0.928058,60.000007,-0.004827,0.0000,1.0000,9192.7,0.1319,3,0
48.6428,0.928178,60.000010,-0.004820,0.0000,1.0000,9201.1,0.1326,3,0
48.6832,0.928298,60.000013,-0.004814,0.0000,1.0000,9208.6,0.1326,3,0
48.7229,0.928418,60.000016,-0.004807,0.0000,1.0000,9218.1,0.1319,3,0
48.7615,0.928539,60.000019,-0.004800,0.0000,1.0000,9230.7,0.1311,3,0
48.8010,0.928659,60.000022,-0.004794,0.0000,1.0000,9240.3,0.1300,3,0
48.8407,0.928779,60.000025,-0.004787,0.0000,1.0000,9249.4,0.1288,3,0
48.8806,0.928900,60.000028,-0.004780,0.0000,1.0000,9257.2,0.1275,3,0
48.9190,0.929021,60.000031,-0.004774,0.0000,1.0000,9268.4,0.1264,3,0
48.9582,0.929141,60.000034,-0.004767,0.0000,1.0000,9277.8,0.1257,3,0
48.9979,0.929262,60.000037,-0.004760,0.0000,1.0000,9285.5,0.1250,3,0
49.0374,0.929383,60.000039,-0.004753,0.0000,1.0000,9295.5,0.1247,3,0
49.0770,0.929504,60.000042,-0.004747,0.0000,1.0000,9304.4,0.1247,3,0
49.1162,0.929625,60.000044,-0.004740,0.0000,1.0000,9314.8,0.1252,3,0
49.1569,0.929747,60.000047,-0.004733,0.0000,1.0000,9321.0,0.1258,3,0
49.1964,0.929868,60.000050,-0.004726,0.0000,1.0000,9331.1,0.1266,3,0
49.2346,0.929989,60.000052,-0.004719,0.0000,1.0000,9344.0,0.1275,3,0
49.2733,0.930111,60.000055,-0.004713,0.0000,1.0000,9354.3,0.1287,3,0
49.3131,0.930233,60.000057,-0.004706,0.0000,1.0000,9361.1,0.1300,3,0
49.3517,0.930354,60.000060,-0.004699,0.0000,1.0000,9372.0,0.1314,3,0
49.3899,0.930476,60.000063,-0.004692,0.0000,0.9310,9382.2,0.1326,3,0
49.4279,0.930598,60.000066,-0.004685,0.0000,0.9310,9393.8,0.1340,3,0
49.4665,0.930720,60.000068,-0.004678,0.0000,0.7992,9394.6,0.1353,3,0
49.5035,0.930842,60.000071,-0.004671,0.0000,0.7992,9383.1,0.1363,3,0
49.5353,0.930964,60.000074,-0.004664,0.0000,0.0000,9365.5,0.1369,3,0
49.5637,0.931087,60.000077,-0.004657,0.0000,0.0000,9332.8,0.1373,3,0
49.5779,0.931209,60.000080,-0.004650,0.0000,0.0000,9282.4,0.1376,3,0
49.5740,0.931331,60.000082,-0.004643,0.0000,0.0000,9232.1,0.1372,3,0
49.5714,0.931453,60.000085,-0.004636,0.0000,0.0000,9182.2,0.1363,3,0
49.5693,0.931576,60.000088,-0.004629,0.0000,0.0000,9132.4,0.1347,3,0
49.5968,0.931698,60.000091,-0.004622,0.0000,0.2442,8237.6,0.1328,4,0
49.6479,0.931820,60.000093,-0.004615,0.0000,0.2442,7836.7,0.1301,4,0
49.6735,0.931943,60.000096,-0.004608,0.0000,0.2006,7739.2,0.1268,4,0
49.6877,0.932066,60.000098,-0.004601,0.0000,0.2006,7681.9,0.1234,4,0
49.6951,0.932188,60.000101,-0.004594,0.0000,0.1916,7655.2,0.1200,4,0
49.6970,0.932311,60.000104,-0.004587,0.0000,0.1916,7653.4,0.1166,4,0
49.6965,0.932433,60.000106,-0.004580,0.0000,0.2083,7663.5,0.1133,4,0
49.6974,0.932556,60.000109,-0.004573,0.0000,0.2083,7666.8,0.1102,4,0
49.6971,0.932678,60.000111,-0.004566,0.0000,0.2320,7683.6,0.1073,4,0
49.7003,0.932801,60.000114,-0.004558,0.0000,0.2320,7688.9,0.1046,4,0
49.7051,0.932924,60.000116,-0.004551,0.0000,0.2470,7693.7,0.1017,4,0
49.7052,0.933046,60.000119,-0.004544,0.0000,0.2470,7715.8,0.0989,4,0
49.7074,0.933169,60.000121,-0.004537,0.0000,0.2644,7732.0,0.0960,4,0
49.7125,0.933291,60.000123,-0.004530,0.0000,0.2644,7742.2,0.0934,4,0
49.7211,0.933414,60.000126,-0.004522,0.0000,0.2793,7743.9,0.0908,4,0
49.7288,0.933537,60.000128,-0.004515,0.0000,0.2793,7748.0,0.0886,4,0
49.7359,0.933659,60.000130,-0.004508,0.0000,0.2920,7755.2,0.0869,4,0
49.7437,0.933782,60.000132,-0.004501,0.0000,0.2920,7763.3,0.0857,4,0
49.7514,0.933905,60.000135,-0.004493,0.0000,0.2963,7766.1,0.0850,4,0
49.7608,0.934027,60.000137,-0.004486,0.0000,0.2963,7766.8,0.0844,4,0
49.7690,0.934150,60.000140,-0.004479,0.0000,0.2955,7765.8,0.0845,4,0
49.7747,0.934273,60.000142,-0.004471,0.0000,0.2955,7762.6,0.0842,4,0
49.7853,0.934396,60.000145,-0.004464,0.0000,0.2911,7759.3,0.0841,4,0
49.7894,0.934519,60.000148,-0.004457,0.0000,0.2911,7760.4,0.0850,4,0
49.7990,0.934641,60.000151,-0.004449,0.0000,0.2821,7761.3,0.0837,4,0
49.8056,0.934764,60.000153,-0.004442,0.0000,0.2821,7763.5,0.0848,4,0
49.8012,0.934887,60.000156,-0.004434,0.0000,0.2671,7771.4,0.0832,4,0
49.8151,0.935010,60.000159,-0.004427,0.0000,0.2671,7763.8,0.0818,4,0
49.8168,0.935133,60.000161,-0.004420,0.0000,0.2522,7753.0,0.0813,4,0
49.8200,0.935256,60.000164,-0.004412,0.0000,0.2522,7767.3,0.0787,4,0
49.8264,0.935379,60.000166,-0.004405,0.0000,0.2390,7760.6,0.0789,4,0
49.8122,0.935502,60.000169,-0.004397,0.0000,0.2390,7792.7,0.0767,4,0
49.8278,0.935624,60.000171,-0.004390,0.0000,0.2285,7776.8,0.0754,4,0
49.8248,0.935747,60.000173,-0.004382,0.0000,0.2285,7747.1,0.0755,4,0
49.8038,0.935870,60.000175,-0.004375,0.0000,0.2215,7778.9,0.0720,4,0
49.8014,0.935993,60.000178,-0.004367,0.0000,0.2215,7739.7,0.0714,4,0
49.7728,0.936116,60.000180,-0.004360,0.0000,0.2156,7807.1,0.0680,4,0
49.7909,0.936239,60.000182,-0.004352,0.0000,0.2156,7783.7,0.0674,4,0
49.7839,0.936361,60.000185,-0.004345,0.0000,0.2103,7777.5,0.0682,4,0
49.7865,0.936484,60.000187,-0.004337,0.0000,0.2103,7807.5,0.0646,4,0
49.7965,0.936607,60.000189,-0.004330,0.0000,0.2093,7779.7,0.0679,4,0
49.7703,0.936730,60.000191,-0.004322,0.0000,0.2093,7869.5,0.0656,4,0
49.7889,0.936853,60.000193,-0.004314,0.0000,0.2111,7844.4,0.0665,4,0
49.7604,0.936975,60.000195,-0.004307,0.0000,0.2111,7892.0,0.0685,4,0
49.7843,0.937098,60.000197,-0.004299,0.0000,0.2146,7842.5,0.0652,4,0
49.7969,0.937221,60.000198,-0.004291,0.0000,0.2146,7798.5,0.0680,4,0
49.7861,0.937344,60.000200,-0.004284,0.0000,0.2208,7817.6,0.0653,4,0
49.8116,0.937467,60.000202,-0.004276,0.0000,0.2208,7767.9,0.0659,4,0
49.7947,0.937589,60.000204,-0.004268,0.0000,0.2230,7763.1,0.0668,4,0
49.8153,0.937712,60.000206,-0.004261,0.0000,0.2230,7757.0,0.0617,4,0
49.8201,0.937835,60.000208,-0.004253,0.0000,0.2250,7727.7,0.0651,4,0
49.8106,0.937958,60.000211,-0.004245,0.0000,0.2250,7757.8,0.0607,4,0
49.8424,0.938081,60.000213,-0.004237,0.0000,0.2240,7707.1,0.0598,4,0
49.8189,0.938204,60.000216,-0.004230,0.0000,0.2240,7760.1,0.0585,4,0
49.8395,0.938327,60.000218,-0.004222,0.0000,0.2215,7742.4,0.0556,4,0
49.8433,0.938450,60.000220,-0.004214,0.0000,0.2215,7712.2,0.0589,4,0
49.8416,0.938573,60.000223,-0.004206,0.0000,0.2198,7737.9,0.0558,4,0
49.8681,0.938696,60.000225,-0.004199,0.0000,0.2198,7689.0,0.0576,4,0
49.8558,0.938819,60.000228,-0.004191,0.0000,0.2208,7730.9,0.0588,4,0
49.8702,0.938942,60.000230,-0.004183,0.0000,0.2208,7713.4,0.0590,4,0
49.8739,0.939065,60.000232,-0.004175,0.0000,0.2215,7696.5,0.0617,4,0
49.8780,0.939188,60.000234,-0.004167,0.0000,0.2215,7714.5,0.0614,4,0
49.8977,0.939311,60.000235,-0.004160,0.0000,0.2215,7671.1,0.0664,4,0
49.8911,0.939434,60.000237,-0.004152,0.0000,0.2215,7700.5,0.0667,4,0
49.9073,0.939557,60.000239,-0.004144,0.0000,0.2215,7685.7,0.0696,4,0
49.8996,0.939680,60.000241,-0.004136,0.0000,0.2215,7686.4,0.0720,4,0
49.9082,0.939803,60.000243,-0.004128,0.0000,0.2215,7696.6,0.0715,4,0
49.9206,0.939926,60.000244,-0.004121,0.0000,0.2215,7666.1,0.0744,4,0
49.9099,0.940049,60.000246,-0.004113,0.0000,0.2208,7699.6,0.0716,4,0
49.9337,0.940172,60.000248,-0.004105,0.0000,0.2208,7671.0,0.0722,4,0
49.9027,0.940295,60.000250,-0.004097,0.0000,0.2215,7722.9,0.0696,4,0
49.9262,0.940419,60.000252,-0.004089,0.0000,0.2215,7710.0,0.0659,4,0
49.9159,0.940542,60.000255,-0.004081,0.0000,0.2215,7701.9,0.0663,4,0
49.9101,0.940665,60.000257,-0.004073,0.0000,0.2215,7737.7,0.0609,4,0
49.9281,0.940788,60.000259,-0.004065,0.0000,0.2240,7697.8,0.0593,4,0
49.8787,0.940911,60.000261,-0.004057,0.0000,0.2240,7780.3,0.0552,4,0
49.8826,0.941034,60.000263,-0.004050,0.0000,0.2275,7757.4,0.0512,4,0
49.8733,0.941157,60.000266,-0.004042,0.0000,0.2275,7749.3,0.0487,4,0
49.8484,0.941280,60.000268,-0.004034,0.0000,0.2390,7792.6,0.0435,4,0
49.8695,0.941403,60.000270,-0.004026,0.0000,0.2390,7742.2,0.0412,4,0
49.8363,0.941526,60.000272,-0.004018,0.0000,0.2539,7841.6,0.0376,4,0
49.8561,0.941649,60.000274,-0.004010,0.0000,0.2539,7817.1,0.0348,4,0
49.8474,0.941772,60.000276,-0.004002,0.0000,0.2758,7800.8,0.0336,4,0
49.8510,0.941895,60.000278,-0.003994,0.0000,0.2758,7830.8,0.0306,4,0
49.8602,0.942018,60.000280,-0.003986,0.0000,0.2973,7786.5,0.0313,4,0
49.8499,0.942141,60.000282,-0.003978,0.0000,0.2973,7843.4,0.0305,4,0
49.8654,0.942264,60.000284,-0.003970,0.0000,0.3396,7824.7,0.0316,4,0
49.8561,0.942387,60.000286,-0.003962,0.0000,0.3396,7815.4,0.0336,4,0
49.8758,0.942510,60.000288,-0.003954,0.0000,0.3975,7814.5,0.0340,4,0
49.8835,0.942633,60.000290,-0.003946,0.0000,0.3975,7786.7,0.0393,4,0
49.8956,0.942756,60.000292,-0.003938,0.0000,0.4629,7817.1,0.0408,4,0
49.9242,0.942879,60.000293,-0.003930,0.0000,0.4629,7787.9,0.0467,4,0
49.9307,0.943002,60.000294,-0.003921,0.0000,0.5292,7808.4,0.0523,4,0
49.9574,0.943125,60.000296,-0.003913,0.0000,0.5292,7800.0,0.0551,4,0
49.9824,0.943249,60.000298,-0.003905,0.0000,0.5911,7771.1,0.0621,4,0
50.0071,0.943372,60.000299,-0.003897,0.0000,0.5911,7775.3,0.0654,4,0
50.0339,0.943495,60.000300,-0.003889,0.0000,0.6495,7776.7,0.0711,4,0
50.0551,0.943619,60.000302,-0.003881,0.0000,0.6495,7780.3,0.0754,4,0
50.0831,0.943742,60.000303,-0.003873,0.0000,0.7044,7793.3,0.0765,4,0
50.1098,0.943866,60.000305,-0.003865,0.0000,0.7044,7785.9,0.0799,4,0
50.1375,0.943990,60.000307,-0.003856,0.0000,0.7411,7804.3,0.0795,4,0
50.1703,0.944113,60.000309,-0.003848,0.0000,0.7411,7809.8,0.0805,4,0
50.1996,0.944237,60.000311,-0.003840,0.0000,0.7767,7810.8,0.0802,4,0
50.2262,0.944361,60.000313,-0.003832,0.0000,0.7767,7828.3,0.0787,4,0
50.2558,0.944485,60.000314,-0.003823,0.0000,0.7962,7830.0,0.0770,4,0
50.2831,0.944609,60.000316,-0.003815,0.0000,0.7962,7845.2,0.0743,4,0
50.3099,0.944733,60.000318,-0.003807,0.0000,0.7982,7849.6,0.0711,4,0
50.3382,0.944857,60.000320,-0.003799,0.0000,0.7982,7847.7,0.0679,4,1
50.3596,0.944981,60.000322,-0.003791,0.0000,0.7885,7857.9,0.0661,4,1
50.3379,0.945106,60.000324,-0.003782,0.0000,0.7885,7870.2,0.0641,4,1
50.3158,0.945230,60.000326,-0.003774,0.0000,0.7563,7876.9,0.0633,4,1
50.3199,0.945354,60.000327,-0.003766,0.0000,0.7563,7908.9,0.0628,4,1
50.3367,0.945478,60.000329,-0.003757,0.0000,0.7231,7961.5,0.0630,4,1
50.3426,0.945602,60.000330,-0.003749,0.0000,0.7231,8052.9,0.0637,4,1
50.3660,0.945726,60.000332,-0.003741,0.0000,0.6752,8095.7,0.0649,4,1
50.3963,0.945851,60.000334,-0.003732,0.0000,0.6752,8050.2,0.0669,4,1
50.3972,0.945975,60.000335,-0.003724,0.0000,0.6206,8068.6,0.0697,4,1
50.4154,0.946099,60.000337,-0.003716,0.0000,0.6206,8035.8,0.0737,4,1
50.4264,0.946224,60.000338,-0.003708,0.0000,0.5620,8038.3,0.0785,4,1
50.4491,0.946348,60.000340,-0.003699,0.0000,0.5620,7989.3,0.0854,4,1
50.4648,0.946473,60.000342,-0.003691,0.0000,0.5107,7981.7,0.0888,4,1
50.4623,0.946597,60.000344,-0.003682,0.0000,0.5107,8060.2,0.0938,4,1
50.4660,0.946722,60.000346,-0.003674,0.0000,0.4700,8102.4,0.0957,4,0
50.4703,0.946846,60.000348,-0.003666,0.0000,0.4700,8127.3,0.0973,4,1
50.4746,0.946971,60.000350,-0.003657,0.0000,0.4374,8159.2,0.0972,4,1
50.4791,0.947095,60.000352,-0.003649,0.0000,0.4374,8179.9,0.0959,4,0
50.4967,0.947220,60.000354,-0.003640,0.0000,0.4141,8149.4,0.0938,4,1
50.5165,0.947344,60.000356,-0.003632,0.0000,0.4141,8097.1,0.0916,4,0
50.5299,0.947469,60.000358,-0.003624,0.0000,0.3822,8061.7,0.0886,4,0
50.5475,0.947594,60.000360,-0.003615,0.0000,0.3822,8011.2,0.0853,4,0
50.5577,0.947718,60.000361,-0.003607,0.0000,0.3487,7982.0,0.0818,4,0
50.5672,0.947843,60.000363,-0.003598,0.0000,0.3487,7954.4,0.0786,4,0
50.5714,0.947968,60.000364,-0.003590,0.0000,0.3158,7940.7,0.0755,4,0
50.5735,0.948092,60.000366,-0.003581,0.0000,0.3158,7931.2,0.0725,4,0
50.5734,0.948217,60.000367,-0.003573,0.0000,0.2894,7928.7,0.0696,4,0
50.5744,0.948342,60.000368,-0.003564,0.0000,0.2894,7922.0,0.0674,4,0
50.5712,0.948467,60.000370,-0.003556,0.0000,0.2724,7925.4,0.0656,4,0
50.5689,0.948591,60.000371,-0.003547,0.0000,0.2724,7928.1,0.0644,4,0
50.5651,0.948716,60.000373,-0.003539,0.0000,0.2689,7933.2,0.0638,4,0
50.5621,0.948841,60.000374,-0.003530,0.0000,0.2689,7931.4,0.0638,4,0
50.5583,0.948965,60.000375,-0.003521,0.0000,0.2699,7931.5,0.0642,4,0
50.5541,0.949090,60.000376,-0.003513,0.0000,0.2699,7937.3,0.0649,4,0
50.5498,0.949215,60.000377,-0.003504,0.0000,0.2716,7941.1,0.0657,4,0
50.5469,0.949340,60.000378,-0.003496,0.0000,0.2716,7940.7,0.0666,4,0
50.5456,0.949464,60.000380,-0.003487,0.0000,0.2716,7936.9,0.0674,4,0
50.5425,0.949589,60.000381,-0.003478,0.0000,0.2716,7939.0,0.0681,4,0
50.5386,0.949714,60.000382,-0.003470,0.0000,0.2724,7941.6,0.0686,4,0
50.5356,0.949838,60.000383,-0.003461,0.0000,0.2724,7941.2,0.0690,4,0
50.5343,0.949963,60.000384,-0.003453,0.0000,0.2811,7935.0,0.0693,4,0
50.5318,0.950087,60.000385,-0.003444,0.0000,0.2811,7933.7,0.0694,4,0
50.5292,0.950212,60.000386,-0.003435,0.0000,0.3070,7934.8,0.0692,4,0
50.5275,0.950337,60.000388,-0.003427,0.0000,0.3070,7935.2,0.0692,4,0
50.5277,0.950461,60.000389,-0.003418,0.0000,0.3334,7930.9,0.0691,4,0
50.5271,0.950586,60.000391,-0.003409,0.0000,0.3334,7931.9,0.0689,4,0
50.5262,0.950711,60.000392,-0.003401,0.0000,0.3770,7936.6,0.0684,4,0
50.5266,0.950835,60.000394,-0.003392,0.0000,0.3770,7940.1,0.0681,4,0
50.5286,0.950960,60.000396,-0.003383,0.0000,0.4249,7941.1,0.0676,4,0
50.5311,0.951084,60.000397,-0.003374,0.0000,0.4249,7947.0,0.0668,4,0
50.5330,0.951209,60.000398,-0.003366,0.0000,0.4797,7956.4,0.0658,4,0
50.5364,0.951334,60.000400,-0.003357,0.0000,0.4797,7967.6,0.0647,4,0
50.5426,0.951458,60.000401,-0.003348,0.0000,0.5469,7975.3,0.0637,4,0
50.5515,0.951583,60.000402,-0.003339,0.0000,0.5469,7981.1,0.0625,4,0
50.5592,0.951708,60.000404,-0.003331,0.0000,0.6222,7995.1,0.0615,4,0
50.5689,0.951833,60.000405,-0.003322,0.0000,0.6222,8012.3,0.0606,4,0
50.5831,0.951957,60.000406,-0.003313,0.0000,0.6956,8021.6,0.0600,4,0
50.5991,0.952082,60.000407,-0.003304,0.0000,0.6956,8033.4,0.0593,4,0
50.6162,0.952207,60.000408,-0.003296,0.0000,0.7481,8045.8,0.0587,4,0
50.6348,0.952332,60.000410,-0.003287,0.0000,0.7481,8059.8,0.0582,4,0
50.6554,0.952457,60.000411,-0.003278,0.0000,0.8079,8071.4,0.0578,4,0
50.6785,0.952582,60.000412,-0.003269,0.0000,0.8079,8079.6,0.0571,4,0
50.7028,0.952707,60.000413,-0.003260,0.0000,0.8576,8087.0,0.0559,4,0
50.7267,0.952832,60.000414,-0.003252,0.0000,0.8576,8099.2,0.0541,4,0
50.7532,0.952957,60.000414,-0.003243,0.0000,0.8937,8108.9,0.0515,4,0
50.7823,0.953082,60.000415,-0.003234,0.0000,0.8937,8112.7,0.0481,4,0
50.8127,0.953208,60.000416,-0.003225,0.0000,0.9199,8113.1,0.0441,4,0
50.8440,0.953333,60.000417,-0.003216,0.0000,0.9199,8118.7,0.0399,4,0
50.8774,0.953459,60.000418,-0.003207,0.0000,0.9371,8123.4,0.0357,4,0
50.9120,0.953584,60.000418,-0.003198,0.0000,0.9371,8124.7,0.0316,4,0
50.9447,0.953710,60.000419,-0.003189,0.0000,0.9559,8124.7,0.0276,4,0
50.9758,0.953836,60.000420,-0.003181,0.0000,0.9559,8129.9,0.0238,4,0
51.0087,0.953961,60.000421,-0.003172,0.0000,0.9758,8133.3,0.0204,4,0
51.0426,0.954087,60.000422,-0.003163,0.0000,0.9758,8134.5,0.0174,4,0
51.0766,0.954213,60.000423,-0.003154,0.0000,0.9920,8136.0,0.0148,4,0
51.1107,0.954339,60.000424,-0.003145,0.0000,0.9920,8139.3,0.0129,4,0
51.1462,0.954465,60.000425,-0.003136,0.0000,1.0000,8143.3,0.0120,4,0
51.1824,0.954592,60.000426,-0.003127,0.0000,1.0000,8143.1,0.0120,4,0
51.2181,0.954718,60.000427,-0.003118,0.0000,1.0000,8143.6,0.0129,4,0
51.2542,0.954844,60.000428,-0.003109,0.0000,1.0000,8139.5,0.0148,4,0
51.2907,0.954971,60.000429,-0.003100,0.0000,1.0000,8138.6,0.0176,4,0
51.3263,0.955098,60.000430,-0.003091,0.0000,1.0000,8140.9,0.0212,4,0
51.3631,0.955224,60.000431,-0.003082,0.0000,1.0000,8137.2,0.0251,4,0
51.3994,0.955351,60.000432,-0.003073,0.0000,1.0000,8133.3,0.0293,4,0
51.4355,0.955478,60.000433,-0.003063,0.0000,1.0000,8134.6,0.0339,4,0
51.4721,0.955605,60.000434,-0.003054,0.0000,1.0000,8134.3,0.0385,4,0
51.5079,0.955732,60.000435,-0.003045,0.0000,1.0000,8135.6,0.0432,4,0
51.5443,0.955859,60.000436,-0.003036,0.0000,1.0000,8132.6,0.0479,4,0
51.5821,0.955986,60.000437,-0.003027,0.0000,1.0000,8125.5,0.0526,4,0
51.6170,0.956114,60.000438,-0.003018,0.0000,1.0000,8131.3,0.0573,4,0
51.6524,0.956241,60.000439,-0.003009,0.0000,1.0000,8132.6,0.0618,4,0
51.6881,0.956368,60.000440,-0.003000,0.0000,1.0000,8128.6,0.0660,4,0
51.7248,0.956496,60.000441,-0.002991,0.0000,1.0000,8122.2,0.0699,4,0
51.7599,0.956624,60.000441,-0.002982,0.0000,1.0000,8122.3,0.0734,4,0
51.7923,0.956751,60.000442,-0.002972,0.0000,1.0000,8129.9,0.0762,4,0
51.8268,0.956879,60.000442,-0.002963,0.0000,1.0000,8128.1,0.0781,4,0
51.8598,0.957007,60.000443,-0.002954,0.0000,1.0000,8133.6,0.0792,4,0
51.8938,0.957135,60.000444,-0.002945,0.0000,1.0000,8136.5,0.0795,4,0
51.9292,0.957263,60.000444,-0.002936,0.0000,1.0000,8130.7,0.0790,4,0
51.9645,0.957391,60.000445,-0.002927,0.0000,1.0000,8122.5,0.0775,4,0
51.9952,0.957520,60.000445,-0.002918,0.0000,1.0000,8134.1,0.0755,4,0
52.0247,0.957648,60.000446,-0.002908,0.0000,1.0000,8151.9,0.0729,4,0
52.0576,0.957776,60.000447,-0.002899,0.0000,1.0000,8155.2,0.0700,4,0
52.0864,0.957905,60.000448,-0.002890,0.0000,1.0000,8168.7,0.0668,4,0
52.1156,0.958033,60.000448,-0.002881,0.0000,1.0000,8183.7,0.0637,4,0
52.1453,0.958162,60.000449,-0.002871,0.0000,1.0000,8201.5,0.0609,4,0
52.1706,0.958291,60.000450,-0.002862,0.0000,1.0000,8235.0,0.0586,4,0
52.1906,0.958419,60.000451,-0.002853,0.0000,1.0000,8294.2,0.0567,4,0
52.2179,0.958548,60.000452,-0.002844,0.0000,1.0000,8323.6,0.0560,4,0
52.2468,0.958677,60.000452,-0.002834,0.0000,1.0000,8342.5,0.0560,4,0
52.2772,0.958806,60.000453,-0.002825,0.0000,1.0000,8351.3,0.0567,4,0
52.3098,0.958935,60.000454,-0.002816,0.0000,1.0000,8350.9,0.0579,4,0
52.3428,0.959064,60.000454,-0.002807,0.0000,1.0000,8348.0,0.0596,4,0
52.3761,0.959193,60.000455,-0.002797,0.0000,1.0000,8345.8,0.0616,4,0
52.4066,0.959323,60.000455,-0.002788,0.0000,1.0000,8353.4,0.0638,4,0
52.4371,0.959452,60.000456,-0.002779,0.0000,1.0000,8360.4,0.0659,4,0
52.4673,0.959581,60.000456,-0.002769,0.0000,1.0000,8364.4,0.0681,4,0
52.4980,0.959711,60.000456,-0.002760,0.0000,1.0000,8366.7,0.0704,4,0
52.5284,0.959840,60.000457,-0.002751,0.0000,1.0000,8371.3,0.0725,4,0
52.5580,0.959970,60.000457,-0.002741,0.0000,1.0000,8376.0,0.0747,4,0
52.5869,0.960100,60.000458,-0.002732,0.0000,1.0000,8377.1,0.0766,4,0
52.6144,0.960229,60.000458,-0.002723,0.0000,1.0000,8384.0,0.0787,4,0
52.6446,0.960359,60.000459,-0.002713,0.0000,1.0000,8388.5,0.0808,4,0
52.6739,0.960489,60.000459,-0.002704,0.0000,1.0000,8389.0,0.0830,4,0
52.7019,0.960619,60.000460,-0.002694,0.0000,1.0000,8392.9,0.0854,4,0
52.7273,0.960749,60.000461,-0.002685,0.0000,1.0000,8398.5,0.0877,4,0
52.7556,0.960879,60.000462,-0.002676,0.0000,1.0000,8400.3,0.0900,4,0
52.7824,0.961010,60.000462,-0.002666,0.0000,1.0000,8405.6,0.0920,4,0
52.8107,0.961140,60.000463,-0.002657,0.0000,1.0000,8408.0,0.0940,4,0
52.8381,0.961270,60.000464,-0.002647,0.0000,1.0000,8413.5,0.0958,4,0
52.8658,0.961401,60.000464,-0.002638,0.0000,1.0000,8419.5,0.0974,4,0
52.8924,0.961531,60.000465,-0.002629,0.0000,1.0000,8426.6,0.0984,4,0
52.9198,0.961662,60.000465,-0.002619,0.0000,1.0000,8434.4,0.0993,4,0
52.9471,0.961792,60.000466,-0.002610,0.0000,1.0000,8445.5,0.0998,4,0
52.9736,0.961923,60.000467,-0.002600,0.0000,1.0000,8455.0,0.0999,4,0
53.0014,0.962054,60.000467,-0.002591,0.0000,1.0000,8460.9,0.0998,4,0
53.0313,0.962184,60.000467,-0.002581,0.0000,1.0000,8464.4,0.0998,4,0
53.0603,0.962315,60.000468,-0.002572,0.0000,1.0000,8470.7,0.0996,4,0
53.0910,0.962446,60.000468,-0.002562,0.0000,1.0000,8471.7,0.0996,4,0
53.1179,0.962577,60.000469,-0.002553,0.0000,1.0000,8482.3,0.0996,4,0
53.1450,0.962708,60.000470,-0.002543,0.0000,1.0000,8489.8,0.0999,4,0
53.1709,0.962839,60.000470,-0.002534,0.0000,1.0000,8494.7,0.1001,4,0
53.1950,0.962971,60.000470,-0.002524,0.0000,1.0000,8504.6,0.1000,4,0
53.2194,0.963102,60.000470,-0.002515,0.0000,1.0000,8511.1,0.0995,4,0
53.2459,0.963233,60.000470,-0.002505,0.0000,1.0000,8511.1,0.0985,4,0
53.2713,0.963365,60.000470,-0.002495,0.0000,1.0000,8515.0,0.0968,4,0
53.2963,0.963496,60.000470,-0.002486,0.0000,1.0000,8519.9,0.0945,4,0
53.3215,0.963628,60.000470,-0.002476,0.0000,1.0000,8523.0,0.0916,4,0
53.3459,0.963759,60.000470,-0.002467,0.0000,1.0000,8532.0,0.0883,4,0
53.3682,0.963891,60.000470,-0.002457,0.0000,1.0000,8542.6,0.0845,4,0
53.3900,0.964022,60.000470,-0.002448,0.0000,1.0000,8551.6,0.0806,4,0
53.4149,0.964154,60.000470,-0.002438,0.0000,1.0000,8558.6,0.0769,4,0
53.4408,0.964286,60.000470,-0.002429,0.0000,1.0000,8567.3,0.0735,4,0
53.4667,0.964418,60.000471,-0.002419,0.0000,1.0000,8576.8,0.0708,4,0
53.4915,0.964550,60.000471,-0.002409,0.0000,1.0000,8588.7,0.0688,4,0
53.5191,0.964682,60.000471,-0.002400,0.0000,1.0000,8593.7,0.0678,4,0
53.5466,0.964814,60.000472,-0.002390,0.0000,1.0000,8597.2,0.0675,4,0
53.5759,0.964946,60.000472,-0.002380,0.0000,1.0000,8598.2,0.0681,4,0
53.6037,0.965078,60.000472,-0.002371,0.0000,1.0000,8601.3,0.0694,4,0
53.6328,0.965211,60.000472,-0.002361,0.0000,1.0000,8599.2,0.0714,4,0
53.6609,0.965343,60.000473,-0.002352,0.0000,1.0000,8596.1,0.0739,4,0
53.6903,0.965475,60.000473,-0.002342,0.0000,1.0000,8591.7,0.0767,4,0
53.7166,0.965608,60.000473,-0.002332,0.0000,1.0000,8593.9,0.0800,4,0
53.7437,0.965740,60.000473,-0.002323,0.0000,1.0000,8592.4,0.0835,4,0
53.7707,0.965873,60.000473,-0.002313,0.0000,1.0000,8591.0,0.0870,4,0
53.7975,0.966006,60.000473,-0.002303,0.0000,1.0000,8590.0,0.0903,4,0
53.8233,0.966138,60.000473,-0.002294,0.0000,1.0000,8589.7,0.0934,4,0
53.8487,0.966271,60.000473,-0.002284,0.0000,1.0000,8588.5,0.0960,4,0
53.8735,0.966404,60.000473,-0.002274,0.0000,1.0000,8590.1,0.0981,4,0
53.8989,0.966537,60.000473,-0.002265,0.0000,1.0000,8590.1,0.0994,4,0
53.9229,0.966670,60.000473,-0.002255,0.0000,1.0000,8593.6,0.0998,4,0
53.9477,0.966803,60.000473,-0.002245,0.0000,1.0000,8594.0,0.0996,4,0
53.9724,0.966936,60.000473,-0.002236,0.0000,1.0000,8596.3,0.0983,4,0
53.9972,0.967069,60.000472,-0.002226,0.0000,1.0000,8597.1,0.0964,4,0
54.0222,0.967203,60.000472,-0.002216,0.0000,1.0000,8598.9,0.0942,4,0
54.0458,0.967336,60.000472,-0.002206,0.0000,1.0000,8603.0,0.0917,4,0
54.0688,0.967469,60.000472,-0.002197,0.0000,1.0000,8609.7,0.0892,4,0
54.0914,0.967603,60.000471,-0.002187,0.0000,1.0000,8615.5,0.0869,4,0
54.1132,0.967736,60.000471,-0.002177,0.0000,1.0000,8624.9,0.0849,4,0
54.1352,0.967870,60.000471,-0.002168,0.0000,1.0000,8632.8,0.0831,4,0
54.1537,0.968003,60.000470,-0.002158,0.0000,1.0000,8647.4,0.0818,4,0
54.1730,0.968137,60.000470,-0.002148,0.0000,1.0000,8661.4,0.0810,4,0
54.1929,0.968271,60.000470,-0.002138,0.0000,1.0000,8674.2,0.0806,4,0
54.2153,0.968404,60.000470,-0.002129,0.0000,1.0000,8685.6,0.0804,4,0
54.2371,0.968538,60.000470,-0.002119,0.0000,1.0000,8698.0,0.0807,4,0
54.2598,0.968672,60.000470,-0.002109,0.0000,1.0000,8707.7,0.0814,4,0
54.2825,0.968806,60.000470,-0.002100,0.0000,1.0000,8717.7,0.0825,4,0
54.3070,0.968940,60.000470,-0.002090,0.0000,1.0000,8723.7,0.0839,4,0
54.3319,0.969074,60.000470,-0.002080,0.0000,1.0000,8725.0,0.0855,4,0
54.3575,0.969208,60.000470,-0.002070,0.0000,1.0000,8724.9,0.0875,4,0
54.3816,0.969342,60.000470,-0.002061,0.0000,1.0000,8725.2,0.0896,4,0
54.4070,0.969476,60.000470,-0.002051,0.0000,1.0000,8723.5,0.0915,4,0
54.4333,0.969610,60.000469,-0.002041,0.0000,1.0000,8715.7,0.0935,4,0
54.4582,0.969745,60.000468,-0.002031,0.0000,1.0000,8713.1,0.0955,4,0
54.4821,0.969879,60.000467,-0.002022,0.0000,1.0000,8711.3,0.0973,4,0
54.5056,0.970014,60.000466,-0.002012,0.0000,1.0000,8710.1,0.0990,4,0
54.5285,0.970148,60.000465,-0.002002,0.0000,1.0000,8710.2,0.1005,4,0
54.5511,0.970283,60.000464,-0.001992,0.0000,1.0000,8711.6,0.1018,4,0
54.5746,0.970417,60.000463,-0.001983,0.0000,1.0000,8712.2,0.1026,4,0
54.5969,0.970552,60.000462,-0.001973,0.0000,1.0000,8713.4,0.1030,4,0
54.6197,0.970687,60.000461,-0.001963,0.0000,1.0000,8715.3,0.1032,4,0
54.6436,0.970821,60.000460,-0.001953,0.0000,1.0000,8717.4,0.1032,4,0
54.6676,0.970956,60.000460,-0.001943,0.0000,1.0000,8718.9,0.1030,4,0
54.6910,0.971091,60.000460,-0.001934,0.0000,1.0000,8719.9,0.1027,4,0
54.7141,0.971226,60.000459,-0.001924,0.0000,1.0000,8723.3,0.1027,4,0
54.7362,0.971361,60.000459,-0.001914,0.0000,1.0000,8728.4,0.1030,4,0
54.7577,0.971496,60.000459,-0.001904,0.0000,1.0000,8738.2,0.1035,4,0
54.7790,0.971631,60.000459,-0.001895,0.0000,1.0000,8745.6,0.1042,4,0
54.8006,0.971766,60.000459,-0.001885,0.0000,1.0000,8752.7,0.1054,4,0
54.8225,0.971902,60.000458,-0.001875,0.0000,1.0000,8758.7,0.1066,4,0
54.8455,0.972037,60.000458,-0.001865,0.0000,1.0000,8758.2,0.1081,4,0
54.8672,0.972172,60.000458,-0.001855,0.0000,1.0000,8761.8,0.1097,4,0
54.8902,0.972308,60.000457,-0.001846,0.0000,1.0000,8761.6,0.1116,4,0
54.9136,0.972443,60.000456,-0.001836,0.0000,1.0000,8763.3,0.1135,4,0
54.9359,0.972579,60.000456,-0.001826,0.0000,1.0000,8767.2,0.1153,4,0
54.9580,0.972714,60.000455,-0.001816,0.0000,1.0000,8771.4,0.1172,4,0
54.9822,0.972850,60.000454,-0.001806,0.0000,1.0000,8767.4,0.1190,4,0
55.0047,0.972985,60.000453,-0.001797,0.0000,1.0000,8768.7,0.1203,4,0
55.0250,0.973121,60.000452,-0.001787,0.0000,1.0000,8774.3,0.1213,4,0
55.0458,0.973257,60.000452,-0.001777,0.0000,1.0000,8775.4,0.1221,4,0
55.0666,0.973393,60.000451,-0.001767,0.0000,1.0000,8774.7,0.1223,4,0
55.0854,0.973529,60.000450,-0.001757,0.0000,1.0000,8775.6,0.1220,4,0
55.1024,0.973665,60.000449,-0.001748,0.0000,1.0000,8781.5,0.1210,4,0
55.1215,0.973800,60.000449,-0.001738,0.0000,1.0000,8781.9,0.1197,4,0
55.1404,0.973936,60.000448,-0.001728,0.0000,1.0000,8783.7,0.1175,4,0
55.1584,0.974073,60.000447,-0.001718,0.0000,1.0000,8791.3,0.1149,4,0
55.1758,0.974209,60.000446,-0.001708,0.0000,1.0000,8800.3,0.1118,4,0
55.1939,0.974345,60.000446,-0.001699,0.0000,1.0000,8810.6,0.1087,4,0
55.2131,0.974481,60.000445,-0.001689,0.0000,1.0000,8817.3,0.1051,4,0
55.2335,0.974617,60.000444,-0.001679,0.0000,1.0000,8818.1,0.1015,4,0
55.2534,0.974753,60.000444,-0.001669,0.0000,1.0000,8820.8,0.0980,4,0
55.2745,0.974890,60.000443,-0.001659,0.0000,1.0000,8825.5,0.0949,4,0
55.2944,0.975026,60.000442,-0.001650,0.0000,1.0000,8831.0,0.0921,4,0
55.3140,0.975163,60.000441,-0.001640,0.0000,1.0000,8834.3,0.0899,4,0
55.3340,0.975299,60.000441,-0.001630,0.0000,1.0000,8839.1,0.0885,4,0
55.3553,0.975436,60.000440,-0.001620,0.0000,1.0000,8841.4,0.0877,4,0
55.3757,0.975572,60.000439,-0.001610,0.0000,1.0000,8844.2,0.0876,4,0
55.3957,0.975709,60.000438,-0.001601,0.0000,1.0000,8846.7,0.0879,4,0
55.4171,0.975846,60.000437,-0.001591,0.0000,1.0000,8848.6,0.0890,4,0
55.4383,0.975982,60.000437,-0.001581,0.0000,1.0000,8853.6,0.0905,4,0
55.4588,0.976119,60.000436,-0.001571,0.0000,1.0000,8855.5,0.0921,4,0
55.4795,0.976256,60.000435,-0.001561,0.0000,1.0000,8857.7,0.0940,4,0
55.5027,0.976393,60.000434,-0.001552,0.0000,1.0000,8859.2,0.0964,4,0
55.5244,0.976530,60.000433,-0.001542,0.0000,1.0000,8861.3,0.0987,4,0
55.5457,0.976667,60.000431,-0.001532,0.0000,1.0000,8861.6,0.1013,4,0
55.5694,0.976804,60.000430,-0.001522,0.0000,1.0000,8861.9,0.1044,4,0
55.5904,0.976941,60.000429,-0.001513,0.0000,1.0000,8869.4,0.1077,4,0
55.6124,0.977078,60.000428,-0.001503,0.0000,1.0000,8874.3,0.1112,4,0
55.6362,0.977215,60.000427,-0.001493,0.0000,1.0000,8865.8,0.1148,4,0
55.6565,0.977353,60.000425,-0.001483,0.0000,1.0000,8868.7,0.1188,4,0
55.6774,0.977490,60.000424,-0.001473,0.0000,1.0000,8869.2,0.1223,4,0
55.6953,0.977627,60.000423,-0.001464,0.0000,1.0000,8873.4,0.1255,4,0
55.7166,0.977765,60.000422,-0.001454,0.0000,1.0000,8869.4,0.1282,4,0
55.7374,0.977902,60.000421,-0.001444,0.0000,1.0000,8862.9,0.1304,4,0
55.7560,0.978040,60.000420,-0.001434,0.0000,1.0000,8863.4,0.1317,4,0
55.7751,0.978177,60.000419,-0.001425,0.0000,1.0000,8861.0,0.1320,4,0
55.7957,0.978315,60.000417,-0.001415,0.0000,1.0000,8854.9,0.1314,4,0
55.8153,0.978453,60.000416,-0.001405,0.0000,1.0000,8857.2,0.1300,4,0
55.8360,0.978590,60.000415,-0.001395,0.0000,0.9523,8856.7,0.1279,4,0
55.8570,0.978728,60.000414,-0.001385,0.0000,0.9523,8852.3,0.1254,4,0
55.8779,0.978866,60.000413,-0.001376,0.0000,0.8884,8851.2,0.1231,4,0
55.8977,0.979004,60.000412,-0.001366,0.0000,0.8884,8849.8,0.1210,4,0
55.9180,0.979142,60.000411,-0.001356,0.0000,0.8056,8843.4,0.1197,4,0
55.9371,0.979280,60.000410,-0.001346,0.0000,0.8056,8833.7,0.1191,4,0
55.9541,0.979418,60.000408,-0.001337,0.0000,0.7073,8824.1,0.1200,4,0
55.9685,0.979556,60.000407,-0.001327,0.0000,0.7073,8811.8,0.1219,4,0
55.9794,0.979694,60.000406,-0.001317,0.0000,0.6046,8795.8,0.1248,4,0
55.9899,0.979832,60.000405,-0.001307,0.0000,0.6046,8770.8,0.1287,4,0
55.9980,0.979970,60.000404,-0.001298,0.0000,0.5513,8748.4,0.1334,4,0
56.0038,0.980108,60.000402,-0.001288,0.0000,0.5513,8727.6,0.1383,4,0
56.0061,0.980246,60.000401,-0.001278,0.0000,0.5266,8709.3,0.1429,4,0
56.0055,0.980384,60.000400,-0.001268,0.0000,0.5266,8692.5,0.1475,4,0
56.0037,0.980523,60.000399,-0.001259,0.0000,0.5380,8677.7,0.1515,4,0
56.0034,0.980661,60.000398,-0.001249,0.0000,0.5380,8662.8,0.1541,4,0
56.0004,0.980799,60.000397,-0.001239,0.0000,0.5558,8657.5,0.1554,4,0
55.9971,0.980937,60.000396,-0.001229,0.0000,0.5558,8660.4,0.1558,4,0
55.9967,0.981075,60.000395,-0.001220,0.0000,0.5717,8652.9,0.1550,4,0
55.9937,0.981213,60.000394,-0.001210,0.0000,0.5717,8655.7,0.1532,4,0
55.9907,0.981351,60.000393,-0.001200,0.0000,0.5901,8663.2,0.1506,4,0
55.9883,0.981489,60.000392,-0.001191,0.0000,0.5901,8672.3,0.1472,4,0
55.9895,0.981627,60.000391,-0.001181,0.0000,0.6166,8671.9,0.1431,4,0
55.9885,0.981765,60.000390,-0.001171,0.0000,0.6166,8679.6,0.1384,4,0
55.9883,0.981904,60.000388,-0.001162,0.0000,0.6408,8690.4,0.1335,4,0
55.9892,0.982042,60.000387,-0.001152,0.0000,0.6408,8701.0,0.1283,4,0
55.9932,0.982180,60.000385,-0.001142,0.0000,0.6752,8703.4,0.1233,4,0
55.9957,0.982318,60.000384,-0.001133,0.0000,0.6752,8714.5,0.1183,4,0
55.9995,0.982456,60.000382,-0.001123,0.0000,0.7047,8728.4,0.1139,4,0
56.0043,0.982594,60.000380,-0.001113,0.0000,0.7047,8745.3,0.1100,4,0
56.0019,0.982732,60.000379,-0.001104,0.0000,0.7248,8792.9,0.1068,4,0
56.0028,0.982870,60.000377,-0.001094,0.0000,0.7248,8829.9,0.1043,4,0
56.0105,0.983009,60.000376,-0.001084,0.0000,0.7348,8842.6,0.1026,4,0
56.0181,0.983147,60.000374,-0.001075,0.0000,0.7348,8855.9,0.1017,4,0
56.0262,0.983285,60.000373,-0.001065,0.0000,0.7393,8865.1,0.1015,4,0
56.0353,0.983423,60.000371,-0.001055,0.0000,0.7393,8871.1,0.1021,4,0
56.0435,0.983561,60.000370,-0.001046,0.0000,0.7453,8875.1,0.1031,4,0
56.0521,0.983700,60.000368,-0.001036,0.0000,0.7453,8879.7,0.1044,4,0
56.0613,0.983838,60.000367,-0.001027,0.0000,0.7488,8880.2,0.1060,4,0
56.0699,0.983976,60.000366,-0.001017,0.0000,0.7488,8881.8,0.1077,4,0
56.0778,0.984115,60.000364,-0.001008,0.0000,0.7528,8886.6,0.1092,4,0
56.0856,0.984253,60.000363,-0.000998,0.0000,0.7528,8889.4,0.1104,4,0
56.0938,0.984391,60.000361,-0.000988,0.0000,0.7563,8890.6,0.1112,4,0
56.1013,0.984530,60.000360,-0.000979,0.0000,0.7563,8894.8,0.1115,4,0
56.1085,0.984668,60.000358,-0.000969,0.0000,0.7605,8898.2,0.1110,4,0
56.1157,0.984806,60.000357,-0.000960,0.0000,0.7605,8898.9,0.1096,4,0
56.1234,0.984945,60.000355,-0.000950,0.0000,0.7685,8899.4,0.1079,4,0
56.1296,0.985083,60.000353,-0.000941,0.0000,0.7685,8904.7,0.1055,4,0
56.1360,0.985222,60.000352,-0.000931,0.0000,0.7767,8908.0,0.1026,4,0
56.1429,0.985360,60.000350,-0.000922,0.0000,0.7767,8910.9,0.0992,4,0
56.1505,0.985499,60.000348,-0.000912,0.0000,0.7847,8915.8,0.0956,4,0
56.1579,0.985637,60.000346,-0.000903,0.0000,0.7847,8922.6,0.0912,4,0
56.1669,0.985776,60.000345,-0.000893,0.0000,0.7944,8926.6,0.0866,4,0
56.1766,0.985914,60.000343,-0.000884,0.0000,0.7944,8928.2,0.0819,4,0
56.1861,0.986053,60.000341,-0.000874,0.0000,0.8027,8933.2,0.0772,4,0
56.1960,0.986191,60.000339,-0.000865,0.0000,0.8027,8940.5,0.0725,4,0
56.2068,0.986330,60.000337,-0.000855,0.0000,0.8162,8945.5,0.0684,4,0
56.2193,0.986469,60.000335,-0.000846,0.0000,0.8162,8950.0,0.0649,4,0
56.2308,0.986607,60.000333,-0.000837,0.0000,0.8324,8956.0,0.0621,4,0
56.2443,0.986746,60.000332,-0.000827,0.0000,0.8324,8961.1,0.0599,4,0
56.2576,0.986885,60.000330,-0.000818,0.0000,0.8503,8963.3,0.0585,4,0
56.2716,0.987024,60.000328,-0.000808,0.0000,0.8503,8966.7,0.0578,4,0
56.2845,0.987163,60.000326,-0.000799,0.0000,0.8665,8973.8,0.0574,4,0
56.2981,0.987301,60.000324,-0.000789,0.0000,0.8665,8977.1,0.0573,4,0
56.3131,0.987440,60.000322,-0.000780,0.0000,0.8820,8976.3,0.0576,4,0
56.3295,0.987579,60.000320,-0.000771,0.0000,0.8820,8973.6,0.0581,4,0
56.3446,0.987718,60.000318,-0.000761,0.0000,0.8980,8978.6,0.0585,4,0
56.3603,0.987857,60.000316,-0.000752,0.0000,0.8980,8980.6,0.0591,4,0
56.3779,0.987996,60.000315,-0.000743,0.0000,0.9117,8980.3,0.0597,4,0
56.3954,0.988135,60.000313,-0.000733,0.0000,0.9117,8983.1,0.0602,4,0
56.4128,0.988275,60.000311,-0.000724,0.0000,0.9307,8989.0,0.0606,4,0
56.4310,0.988414,60.000309,-0.000714,0.0000,0.9307,8992.6,0.0611,4,0
56.4519,0.988553,60.000307,-0.000705,0.0000,0.9481,8991.3,0.0616,4,0
56.4717,0.988692,60.000305,-0.000696,0.0000,0.9481,8993.5,0.0622,4,0
56.4919,0.988832,60.000303,-0.000686,0.0000,0.9633,8996.6,0.0627,4,0
56.5133,0.988971,60.000300,-0.000677,0.0000,0.9633,8997.5,0.0635,4,0
56.5348,0.989110,60.000298,-0.000668,0.0000,0.9758,8995.3,0.0642,4,0
56.5573,0.989250,60.000296,-0.000658,0.0000,0.9758,8994.0,0.0648,4,0
56.5787,0.989389,60.000293,-0.000649,0.0000,0.9882,8992.7,0.0654,4,0
56.5991,0.989529,60.000291,-0.000640,0.0000,0.9882,8992.3,0.0657,4,0
56.6210,0.989669,60.000289,-0.000631,0.0000,1.0000,8990.2,0.0658,4,0
56.6419,0.989808,60.000287,-0.000621,0.0000,1.0000,8991.0,0.0654,4,0
56.6640,0.989948,60.000284,-0.000612,0.0000,1.0000,8988.3,0.0645,4,0
56.6857,0.990088,60.000282,-0.000603,0.0000,1.0000,8989.0,0.0633,4,0
56.7086,0.990228,60.000280,-0.000593,0.0000,1.0000,8987.5,0.0615,4,0
56.7329,0.990368,60.000278,-0.000584,0.0000,1.0000,8983.3,0.0595,4,0
56.7553,0.990508,60.000276,-0.000575,0.0000,1.0000,8986.4,0.0574,4,0
56.7774,0.990648,60.000274,-0.000566,0.0000,1.0000,8990.4,0.0551,4,0
56.8022,0.990788,60.000273,-0.000556,0.0000,1.0000,8989.1,0.0528,4,0
56.8265,0.990928,60.000271,-0.000547,0.0000,1.0000,8984.3,0.0504,4,0
56.8489,0.991068,60.000269,-0.000538,0.0000,1.0000,8987.2,0.0478,4,0
56.8702,0.991209,60.000267,-0.000528,0.0000,1.0000,8992.1,0.0451,4,0
56.8929,0.991349,60.000265,-0.000519,0.0000,1.0000,8989.5,0.0422,4,0
56.9141,0.991489,60.000263,-0.000510,0.0000,1.0000,8994.7,0.0394,4,0
56.9358,0.991630,60.000261,-0.000501,0.0000,1.0000,9002.8,0.0370,4,0
56.9566,0.991770,60.000258,-0.000492,0.0000,1.0000,9013.1,0.0349,4,0
56.9785,0.991911,60.000256,-0.000482,0.0000,1.0000,9016.4,0.0332,4,0
57.0003,0.992051,60.000254,-0.000473,0.0000,1.0000,9024.5,0.0324,4,0
57.0217,0.992192,60.000251,-0.000464,0.0000,1.0000,9034.8,0.0321,4,0
57.0448,0.992333,60.000249,-0.000455,0.0000,1.0000,9035.5,0.0323,4,0
57.0679,0.992473,60.000247,-0.000445,0.0000,1.0000,9035.3,0.0332,4,0
57.0915,0.992614,60.000245,-0.000436,0.0000,1.0000,9039.6,0.0347,4,0
57.1149,0.992755,60.000242,-0.000427,0.0000,1.0000,9043.4,0.0364,4,0
57.1397,0.992896,60.000240,-0.000418,0.0000,1.0000,9038.0,0.0386,4,0
57.1644,0.993037,60.000238,-0.000409,0.0000,1.0000,9035.2,0.0411,4,0
57.1897,0.993178,60.000235,-0.000399,0.0000,1.0000,9034.7,0.0440,4,0
57.2151,0.993319,60.000233,-0.000390,0.0000,1.0000,9031.4,0.0471,4,0
57.2401,0.993460,60.000231,-0.000381,0.0000,1.0000,9026.5,0.0506,4,0
57.2670,0.993602,60.000228,-0.000372,0.0000,1.0000,9017.2,0.0545,4,0
57.2938,0.993743,60.000226,-0.000363,0.0000,1.0000,9009.3,0.0586,4,0
57.3196,0.993884,60.000224,-0.000354,0.0000,1.0000,9000.3,0.0628,4,0
57.3451,0.994026,60.000222,-0.000344,0.0000,1.0000,8990.5,0.0670,4,0
57.3706,0.994167,60.000219,-0.000335,0.0000,1.0000,8984.4,0.0714,4,0
57.3961,0.994309,60.000217,-0.000326,0.0000,1.0000,8979.4,0.0758,4,0
57.4201,0.994450,60.000215,-0.000317,0.0000,0.0000,8975.8,0.0800,4,0
57.4414,0.994592,60.000213,-0.000308,0.0000,0.0000,8966.4,0.0839,4,0
57.4373,0.994734,60.000210,-0.000299,0.0000,0.0000,8917.6,0.0876,4,0
57.4190,0.994875,60.000208,-0.000289,0.0000,0.0000,8868.9,0.0908,4,0
57.3997,0.995017,60.000206,-0.000280,0.0000,0.0000,8820.5,0.0934,4,0
57.3819,0.995159,60.000204,-0.000271,0.0000,0.0000,8772.3,0.0956,4,0
57.3965,0.995300,60.000202,-0.000262,0.0000,1.0000,7879.1,0.0972,5,0
57.4225,0.995442,60.000199,-0.000253,0.0000,1.0000,7765.7,0.0982,5,0
57.4482,0.995583,60.000197,-0.000244,0.0000,1.0000,7752.9,0.0988,5,0
57.4726,0.995725,60.000195,-0.000234,0.0000,1.0000,7749.0,0.0992,5,0
57.4950,0.995867,60.000192,-0.000225,0.0000,1.0000,7753.6,0.0993,5,0
57.5161,0.996009,60.000190,-0.000216,0.0000,1.0000,7761.2,0.0992,5,0
57.5375,0.996151,60.000187,-0.000207,0.0000,1.0000,7765.1,0.0989,5,0
57.5554,0.996293,60.000184,-0.000198,0.0000,1.0000,7782.2,0.0983,5,0
57.5702,0.996435,60.000181,-0.000189,0.0000,1.0000,7813.3,0.0974,5,0
57.5852,0.996577,60.000179,-0.000180,0.0000,1.0000,7840.8,0.0962,5,0
57.6025,0.996719,60.000176,-0.000171,0.0000,1.0000,7858.7,0.0948,5,0
57.6201,0.996861,60.000173,-0.000162,0.0000,1.0000,7872.8,0.0930,5,0
57.6400,0.997003,60.000171,-0.000153,0.0000,1.0000,7883.0,0.0909,5,0
57.6602,0.997145,60.000168,-0.000144,0.0000,1.0000,7890.1,0.0883,5,0
57.6800,0.997288,60.000165,-0.000135,0.0000,1.0000,7899.2,0.0856,5,0
57.6981,0.997430,60.000162,-0.000126,0.0000,1.0000,7909.5,0.0827,5,0
57.7207,0.997572,60.000160,-0.000117,0.0000,1.0000,7917.3,0.0797,5,0
57.7401,0.997715,60.000157,-0.000108,0.0000,1.0000,7921.8,0.0769,5,0
57.7594,0.997857,60.000154,-0.000099,0.0000,1.0000,7922.6,0.0736,5,0
57.7777,0.998000,60.000151,-0.000090,0.0000,1.0000,7923.5,0.0704,5,0
57.7954,0.998142,60.000148,-0.000081,0.0000,1.0000,7924.2,0.0665,5,0
57.8138,0.998285,60.000146,-0.000072,0.0000,1.0000,7933.5,0.0624,5,0
57.8314,0.998428,60.000143,-0.000063,0.0000,1.0000,7919.0,0.0580,5,0
57.8515,0.998570,60.000140,-0.000054,0.0000,1.0000,7917.7,0.0530,5,0
57.8810,0.998713,60.000137,-0.000045,0.0000,1.0000,7904.3,0.0482,5,0
57.8875,0.998856,60.000135,-0.000036,0.0000,1.0000,7946.0,0.0435,5,0
57.9085,0.998999,60.000132,-0.000027,0.0000,1.0000,7961.9,0.0383,5,0
57.9257,0.999141,60.000130,-0.000018,0.0000,1.0000,7976.3,0.0340,5,0
57.9572,0.999284,60.000127,-0.000009,0.0000,1.0000,7967.7,0.0299,5,0
57.9780,0.999427,60.000124,0.000000,0.0000,1.0000,7941.1,0.0270,5,0
58.0018,0.999570,60.000122,0.000009,0.0000,1.0000,7946.3,0.0230,5,0
58.0342,0.999714,60.000119,0.000018,0.0000,1.0000,7934.8,0.0223,5,0
58.0501,0.999857,60.000117,0.000027,0.0000,1.0000,7924.2,0.0205,5,0
58.0680,1.000000,60.000114,0.000036,0.0000,1.0000,7967.9,0.0196,5,0