Speed,LapDistPct,Lat,Lon,Brake,Throttle,RPM,SteeringWheelAngle,Gear,OffAsphalt
61.8545,0.000766,60.000072,0.000181,0.0000,1.0000,8653.8,0.0631,5,0
61.8546,0.000766,60.000069,0.000190,0.0000,1.0000,8662.4,0.0623,5,0
61.8740,0.000766,60.000066,0.000199,0.0000,1.0000,8617.5,0.0625,5,0
61.8781,0.000766,60.000063,0.000209,0.0000,1.0000,8630.2,0.0652,5,0
61.8776,0.000766,60.000060,0.000218,0.0000,1.0000,8669.0,0.0664,5,0
61.8809,0.000766,60.000057,0.000227,0.0000,1.0000,8681.8,0.0691,5,0
61.8922,0.002282,60.000054,0.000237,0.0000,1.0000,8703.8,0.0715,5,0
61.8961,0.002282,60.000051,0.000246,0.0000,1.0000,8724.8,0.0736,5,0
61.9168,0.002282,60.000048,0.000255,0.0000,1.0000,8728.0,0.0755,5,0
61.9002,0.002282,60.000045,0.000265,0.0000,1.0000,8760.3,0.0776,5,0
61.9186,0.002282,60.000042,0.000274,0.0000,1.0000,8709.5,0.0781,5,0
61.9262,0.002282,60.000039,0.000283,0.0000,1.0000,8735.1,0.0777,5,0
61.9528,0.002282,60.000036,0.000293,0.0000,1.0000,8645.0,0.0777,5,0
61.9532,0.002282,60.000032,0.000302,0.0000,1.0000,8699.4,0.0767,5,0
61.9643,0.002282,60.000029,0.000311,0.0000,1.0000,8711.1,0.0750,5,0
61.9840,0.002282,60.000026,0.000320,0.0000,1.0000,8678.6,0.0743,5,0
62.0020,0.003798,60.000023,0.000330,0.0000,1.0000,8698.8,0.0719,5,0
62.0244,0.003798,60.000020,0.000339,0.0000,1.0000,8695.4,0.0702,5,0
62.0353,0.003798,60.000016,0.000348,0.0000,1.0000,8692.3,0.0676,5,0
62.0464,0.003798,60.000013,0.000357,0.0000,1.0000,8717.4,0.0659,5,0
62.0677,0.003798,60.000010,0.000367,0.0000,1.0000,8702.8,0.0639,5,0
62.0829,0.003798,60.000007,0.000376,0.0000,1.0000,8705.1,0.0620,5,1
62.0967,0.003798,60.000004,0.000385,0.0000,1.0000,8713.3,0.0600,5,0
62.1101,0.003798,60.000001,0.000394,0.0000,1.0000,8714.3,0.0582,5,0
62.1174,0.003798,59.999998,0.000404,0.0000,1.0000,8712.6,0.0558,5,0
62.1382,0.003798,59.999995,0.000413,0.0000,1.0000,8694.3,0.0537,5,0
62.1533,0.005308,59.999992,0.000422,0.0000,1.0000,8679.2,0.0509,5,0
62.1668,0.005308,59.999989,0.000431,0.0000,1.0000,8682.2,0.0469,5,0
62.1742,0.005308,59.999986,0.000440,0.0000,1.0000,8691.8,0.0428,5,0
62.1900,0.005308,59.999983,0.000450,0.0000,1.0000,8680.3,0.0369,5,0
62.1985,0.005308,59.999980,0.000459,0.0000,1.0000,8672.7,0.0292,5,1
62.2240,0.005308,59.999977,0.000468,0.0000,1.0000,8624.9,0.0207,5,0
62.2348,0.005308,59.999973,0.000477,0.0000,1.0000,8622.7,0.0108,5,0
62.2474,0.005308,59.999970,0.000486,0.0000,1.0000,8627.6,-0.0003,5,0
62.2688,0.005308,59.999967,0.000495,0.0000,1.0000,8612.1,-0.0110,5,0
62.2886,0.005308,59.999963,0.000504,0.0000,1.0000,8614.2,-0.0218,5,0
62.3026,0.006828,59.999960,0.000513,0.0000,1.0000,8614.9,-0.0328,5,0
62.3147,0.006828,59.999957,0.000522,0.0000,1.0000,8612.4,-0.0442,5,0
62.3411,0.006828,59.999954,0.000532,0.0000,1.0000,8588.3,-0.0551,5,0
62.3672,0.006828,59.999950,0.000541,0.0000,1.0000,8556.0,-0.0645,5,0
62.3808,0.006828,59.999947,0.000550,0.0000,1.0000,8555.0,-0.0731,5,0
62.3918,0.006828,59.999944,0.000559,0.0000,1.0000,8567.8,-0.0806,5,0
62.4213,0.006828,59.999941,0.000568,0.0000,1.0000,8539.0,-0.0859,5,0
62.4434,0.006828,59.999938,0.000577,0.0000,1.0000,8499.8,-0.0891,5,0
62.4615,0.006828,59.999935,0.000586,0.0000,1.0000,8499.4,-0.0924,5,0
62.4817,0.006828,59.999932,0.000595,0.0000,1.0000,8503.6,-0.0928,5,0
62.5108,0.008352,59.999928,0.000604,0.0000,1.0000,8464.0,-0.0915,5,0
62.5295,0.008352,59.999925,0.000613,0.0000,1.0000,8458.5,-0.0897,5,0
62.5487,0.008352,59.999922,0.000622,0.0000,1.0000,8450.6,-0.0866,5,0
62.5843,0.008352,59.999919,0.000631,0.0000,1.0000,8396.6,-0.0831,5,0
62.6062,0.008352,59.999916,0.000640,0.0000,1.0000,8382.6,-0.0782,5,0
62.6256,0.008352,59.999912,0.000649,0.0000,1.0000,8386.3,-0.0723,5,0
62.6412,0.008352,59.999909,0.000658,0.0000,1.0000,8401.3,-0.0657,5,0
62.6608,0.008352,59.999905,0.000667,0.0000,1.0000,8406.2,-0.0574,5,0
62.6789,0.008352,59.999902,0.000676,0.0000,1.0000,8413.9,-0.0479,5,0
62.6926,0.008352,59.999898,0.000685,0.0000,1.0000,8435.1,-0.0384,5,0
62.7123,0.009884,59.999894,0.000694,0.0000,1.0000,8436.2,-0.0289,5,0
62.7266,0.009884,59.999891,0.000703,0.0000,1.0000,8455.2,-0.0193,5,0
62.7392,0.009884,59.999887,0.000712,0.0000,1.0000,8483.8,-0.0099,5,0
62.7529,0.009884,59.999884,0.000721,0.0000,1.0000,8505.1,-0.0011,5,0
62.7668,0.009884,59.999880,0.000730,0.0000,1.0000,8523.0,0.0072,5,0
62.7815,0.009884,59.999877,0.000739,0.0000,1.0000,8535.4,0.0148,5,0
62.7983,0.009884,59.999873,0.000748,0.0000,1.0000,8541.2,0.0212,5,0
62.8161,0.009884,59.999870,0.000757,0.0000,1.0000,8542.1,0.0267,5,0
62.8325,0.009884,59.999867,0.000767,0.0000,1.0000,8547.6,0.0313,5,0
62.8498,0.009884,59.999864,0.000776,0.0000,1.0000,8553.3,0.0344,5,0
62.8688,0.011421,59.999860,0.000785,0.0000,1.0000,8553.3,0.0363,5,0
62.8877,0.011421,59.999857,0.000794,0.0000,1.0000,8553.6,0.0373,5,0
62.9065,0.011421,59.999854,0.000803,0.0000,1.0000,8556.0,0.0371,5,0
62.9274,0.011421,59.999850,0.000812,0.0000,1.0000,8552.8,0.0357,5,0
62.9496,0.011421,59.999847,0.000821,0.0000,1.0000,8544.7,0.0333,5,0
62.9748,0.011421,59.999844,0.000831,0.0000,1.0000,8527.0,0.0303,5,0
63.0003,0.011421,59.999841,0.000840,0.0000,1.0000,8510.1,0.0263,5,0
63.0293,0.011421,59.999838,0.000849,0.0000,1.0000,8477.4,0.0217,5,0
63.0563,0.011421,59.999835,0.000858,0.0000,1.0000,8449.2,0.0168,5,0
63.0802,0.011421,59.999832,0.000868,0.0000,1.0000,8435.4,0.0118,5,0
63.1012,0.012964,59.999829,0.000877,0.0000,1.0000,8432.6,0.0064,5,0
63.1197,0.012964,59.999826,0.000886,0.0000,1.0000,8438.0,0.0012,5,0
63.1394,0.012964,59.999823,0.000895,0.0000,1.0000,8437.7,-0.0035,5,0
63.1567,0.012964,59.999820,0.000905,0.0000,1.0000,8446.4,-0.0078,5,0
63.1773,0.012964,59.999817,0.000914,0.0000,1.0000,8442.9,-0.0115,5,0
63.1957,0.012964,59.999814,0.000923,0.0000,1.0000,8445.3,-0.0142,5,0
63.2135,0.012964,59.999810,0.000933,0.0000,1.0000,8451.1,-0.0164,5,0
63.2336,0.012964,59.999807,0.000942,0.0000,1.0000,8449.2,-0.0182,5,0
63.2517,0.012964,59.999803,0.000951,0.0000,1.0000,8451.0,-0.0193,5,0
63.2706,0.012964,59.999800,0.000960,0.0000,1.0000,8453.1,-0.0199,5,0
63.2895,0.014512,59.999797,0.000970,0.0000,1.0000,8456.2,-0.0201,5,0
63.3080,0.014512,59.999793,0.000979,0.0000,1.0000,8459.5,-0.0201,5,0
63.3277,0.014512,59.999790,0.000988,0.0000,1.0000,8460.3,-0.0196,5,0
63.3464,0.014512,59.999786,0.000998,0.0000,1.0000,8466.7,-0.0192,5,0
63.3662,0.014512,59.999783,0.001007,0.0000,1.0000,8467.2,-0.0186,5,0
63.3847,0.014512,59.999780,0.001016,0.0000,1.0000,8472.4,-0.0176,5,0
63.4048,0.014512,59.999776,0.001026,0.0000,1.0000,8474.8,-0.0167,5,0
63.4249,0.014512,59.999773,0.001035,0.0000,1.0000,8477.1,-0.0157,5,0
63.4442,0.014512,59.999770,0.001044,0.0000,1.0000,8482.3,-0.0147,5,0
63.4651,0.014512,59.999766,0.001054,0.0000,1.0000,8480.2,-0.0138,5,0
63.4841,0.016067,59.999763,0.001063,0.0000,1.0000,8485.9,-0.0132,5,0
63.5031,0.016067,59.999760,0.001072,0.0000,1.0000,8488.8,-0.0128,5,0
63.5219,0.016067,59.999757,0.001082,0.0000,1.0000,8490.6,-0.0127,5,0
63.5409,0.016067,59.999753,0.001091,0.0000,1.0000,8492.5,-0.0128,5,0
63.5597,0.016067,59.999750,0.001100,0.0000,1.0000,8494.4,-0.0132,5,0
63.5773,0.016067,59.999747,0.001110,0.0000,1.0000,8500.1,-0.0138,5,0
63.5974,0.016067,59.999744,0.001119,0.0000,1.0000,8497.8,-0.0146,5,0
63.6151,0.016067,59.999740,0.001128,0.0000,1.0000,8503.4,-0.0154,5,0
63.6331,0.016067,59.999737,0.001138,0.0000,1.0000,8505.5,-0.0161,5,0
63.6520,0.016067,59.999734,0.001147,0.0000,1.0000,8504.9,-0.0168,5,0
63.6700,0.017627,59.999731,0.001156,0.0000,1.0000,8507.9,-0.0174,5,0
63.6879,0.017627,59.999728,0.001166,0.0000,1.0000,8510.0,-0.0177,5,0
63.7056,0.017627,59.999724,0.001175,0.0000,1.0000,8513.3,-0.0178,5,0
63.7246,0.017627,59.999721,0.001184,0.0000,1.0000,8514.5,-0.0179,5,0
63.7431,0.017627,59.999718,0.001194,0.0000,1.0000,8517.0,-0.0178,5,0
63.7605,0.017627,59.999715,0.001203,0.0000,1.0000,8522.7,-0.0173,5,0
63.7807,0.017627,59.999711,0.001213,0.0000,1.0000,8519.4,-0.0170,5,0
63.7988,0.017627,59.999707,0.001222,0.0000,1.0000,8524.5,-0.0167,5,0
63.8171,0.017627,59.999704,0.001232,0.0000,1.0000,8528.2,-0.0163,5,0
63.8362,0.017627,59.999701,0.001241,0.0000,1.0000,8530.6,-0.0160,5,0
63.8557,0.019194,59.999697,0.001250,0.0000,1.0000,8532.8,-0.0159,5,0
63.8752,0.019194,59.999693,0.001260,0.0000,1.0000,8532.9,-0.0159,5,0
63.8931,0.019194,59.999690,0.001269,0.0000,1.0000,8540.5,-0.0160,5,0
63.9135,0.019194,59.999686,0.001279,0.0000,1.0000,8537.5,-0.0165,5,0
63.9319,0.019194,59.999683,0.001288,0.0000,1.0000,8541.3,-0.0170,5,0
63.9492,0.019194,59.999680,0.001298,0.0000,1.0000,8548.1,-0.0176,5,0
63.9680,0.019194,59.999677,0.001307,0.0000,1.0000,8548.6,-0.0182,5,0
63.9867,0.019194,59.999674,0.001317,0.0000,1.0000,8547.8,-0.0187,5,0
64.0045,0.019194,59.999671,0.001326,0.0000,1.0000,8549.2,-0.0189,5,0
64.0208,0.019194,59.999668,0.001336,0.0000,1.0000,8557.2,-0.0190,5,0
64.0399,0.020772,59.999665,0.001345,0.0000,1.0000,8552.8,-0.0190,5,0
64.0571,0.020772,59.999662,0.001355,0.0000,1.0000,8554.4,-0.0185,5,0
64.0734,0.020772,59.999659,0.001364,0.0000,1.0000,8561.9,-0.0178,5,0
64.0930,0.020772,59.999656,0.001374,0.0000,1.0000,8557.1,-0.0169,5,0
64.1102,0.020772,59.999653,0.001383,0.0000,1.0000,8561.2,-0.0156,5,0
64.1281,0.020772,59.999650,0.001393,0.0000,1.0000,8561.5,-0.0143,5,0
64.1457,0.020772,59.999646,0.001402,0.0000,1.0000,8563.4,-0.0129,5,0
64.1636,0.020772,59.999643,0.001412,0.0000,1.0000,8565.1,-0.0115,5,0
64.1805,0.020772,59.999640,0.001422,0.0000,1.0000,8568.3,-0.0099,5,0
64.1974,0.020772,59.999637,0.001431,0.0000,1.0000,8574.4,-0.0085,5,0
64.2157,0.022347,59.999633,0.001441,0.0000,1.0000,8574.4,-0.0072,5,0
64.2322,0.022347,59.999630,0.001450,0.0000,1.0000,8579.4,-0.0058,5,0
64.2491,0.022347,59.999627,0.001460,0.0000,1.0000,8584.7,-0.0046,5,0
64.2675,0.022347,59.999623,0.001469,0.0000,1.0000,8583.9,-0.0037,5,0
64.2839,0.022347,59.999620,0.001479,0.0000,1.0000,8590.5,-0.0029,5,0
64.3017,0.022347,59.999617,0.001489,0.0000,1.0000,8592.3,-0.0022,5,0
64.3192,0.022347,59.999614,0.001498,0.0000,1.0000,8595.4,-0.0019,5,0
64.3370,0.022347,59.999610,0.001508,0.0000,1.0000,8597.7,-0.0017,5,0
64.3540,0.022347,59.999607,0.001518,0.0000,1.0000,8601.1,-0.0014,5,0
64.3714,0.022347,59.999604,0.001527,0.0000,1.0000,8605.3,-0.0013,5,0
64.3896,0.023926,59.999601,0.001537,0.0000,1.0000,8605.3,-0.0011,5,0
64.4064,0.023926,59.999598,0.001546,0.0000,1.0000,8610.5,-0.0008,5,0
64.4241,0.023926,59.999594,0.001556,0.0000,1.0000,8612.5,-0.0004,5,0
64.4425,0.023926,59.999591,0.001566,0.0000,1.0000,8612.1,-0.0000,5,0
64.4591,0.023926,59.999588,0.001575,0.0000,1.0000,8617.2,0.0005,5,0
64.4770,0.023926,59.999585,0.001585,0.0000,1.0000,8617.5,0.0012,5,0
64.4939,0.023926,59.999582,0.001595,0.0000,1.0000,8622.1,0.0019,5,0
64.5118,0.023926,59.999579,0.001604,0.0000,1.0000,8622.1,0.0027,5,0
64.5294,0.023926,59.999576,0.001614,0.0000,1.0000,8622.3,0.0035,5,0
64.5461,0.023926,59.999572,0.001624,0.0000,1.0000,8626.8,0.0044,5,0
64.5638,0.025507,59.999569,0.001633,0.0000,1.0000,8626.4,0.0052,5,0
64.5799,0.025507,59.999566,0.001643,0.0000,1.0000,8631.6,0.0061,5,0
64.5975,0.025507,59.999563,0.001653,0.0000,1.0000,8631.9,0.0070,5,0
64.6153,0.025507,59.999560,0.001662,0.0000,1.0000,8632.0,0.0076,5,0
64.6315,0.025507,59.999557,0.001672,0.0000,1.0000,8637.4,0.0082,5,0
64.6496,0.025507,59.999554,0.001682,0.0000,1.0000,8636.4,0.0088,5,0
64.6663,0.025507,59.999550,0.001692,0.0000,1.0000,8642.0,0.0092,5,0
64.6843,0.025507,59.999547,0.001701,0.0000,1.0000,8641.7,0.0094,5,0
64.7016,0.025507,59.999543,0.001711,0.0000,1.0000,8643.1,0.0095,5,0
64.7187,0.025507,59.999540,0.001721,0.0000,1.0000,8645.5,0.0096,5,0
64.7362,0.027092,59.999537,0.001730,0.0000,1.0000,8644.8,0.0093,5,0
64.7521,0.027092,59.999533,0.001740,0.0000,1.0000,8649.5,0.0089,5,0
64.7692,0.027092,59.999530,0.001750,0.0000,1.0000,8649.9,0.0084,5,0
64.7856,0.027092,59.999526,0.001759,0.0000,1.0000,8652.3,0.0076,5,0
64.8015,0.027092,59.999523,0.001769,0.0000,1.0000,8656.1,0.0068,5,0
64.8188,0.027092,59.999520,0.001779,0.0000,1.0000,8655.5,0.0059,5,0
64.8355,0.027092,59.999517,0.001789,0.0000,1.0000,8658.7,0.0048,5,0
64.8523,0.027092,59.999514,0.001798,0.0000,1.0000,8659.1,0.0037,5,0
64.8687,0.027092,59.999511,0.001808,0.0000,1.0000,8662.3,0.0027,5,0
64.8853,0.027092,59.999508,0.001818,0.0000,1.0000,8664.1,0.0017,5,0
64.9021,0.028685,59.999505,0.001827,0.0000,1.0000,8664.2,0.0008,5,0
64.9168,0.028685,59.999502,0.001837,0.0000,1.0000,8670.0,0.0001,5,0
64.9336,0.028685,59.999499,0.001847,0.0000,1.0000,8669.6,-0.0002,5,0
64.9494,0.028685,59.999496,0.001857,0.0000,1.0000,8670.7,-0.0004,5,0
64.9644,0.028685,59.999493,0.001866,0.0000,1.0000,8673.4,-0.0003,5,0
64.9807,0.028685,59.999490,0.001876,0.0000,1.0000,8673.0,0.0000,5,0
64.9957,0.028685,59.999486,0.001886,0.0000,1.0000,8676.6,0.0005,5,0
65.0114,0.028685,59.999483,0.001895,0.0000,1.0000,8678.0,0.0011,5,0
65.0265,0.028685,59.999480,0.001905,0.0000,1.0000,8680.8,0.0018,5,0
65.0417,0.028685,59.999477,0.001915,0.0000,1.0000,8686.0,0.0024,5,0
65.0577,0.030281,59.999473,0.001925,0.0000,1.0000,8686.7,0.0031,5,0
65.0732,0.030281,59.999470,0.001934,0.0000,1.0000,8690.8,0.0036,5,0
65.0894,0.030281,59.999467,0.001944,0.0000,1.0000,8695.3,0.0040,5,0
65.1056,0.030281,59.999463,0.001954,0.0000,1.0000,8698.4,0.0044,5,0
65.1227,0.030281,59.999460,0.001963,0.0000,1.0000,8699.8,0.0046,5,0
65.1412,0.030281,59.999457,0.001973,0.0000,1.0000,8699.9,0.0048,5,0
65.1577,0.030281,59.999454,0.001983,0.0000,1.0000,8705.6,0.0048,5,0
65.1760,0.030281,59.999450,0.001993,0.0000,1.0000,8704.2,0.0049,5,0
65.1926,0.030281,59.999447,0.002002,0.0000,1.0000,8707.5,0.0048,5,0
65.2088,0.030281,59.999444,0.002012,0.0000,1.0000,8709.9,0.0047,5,0
65.2252,0.031881,59.999441,0.002022,0.0000,1.0000,8708.1,0.0045,5,0
65.2394,0.031881,59.999438,0.002032,0.0000,1.0000,8714.0,0.0042,5,0
65.2550,0.031881,59.999434,0.002041,0.0000,1.0000,8712.6,0.0038,5,0
65.2689,0.031881,59.999431,0.002051,0.0000,1.0000,8715.0,0.0034,5,0
65.2836,0.031881,59.999428,0.002061,0.0000,1.0000,8717.3,0.0028,5,0
65.2996,0.031881,59.999425,0.002071,0.0000,1.0000,8715.5,0.0022,5,0
65.3145,0.031881,59.999421,0.002080,0.0000,1.0000,8717.7,0.0015,5,0
65.3309,0.031881,59.999417,0.002090,0.0000,1.0000,8715.1,0.0008,5,0
65.3456,0.031881,59.999414,0.002100,0.0000,1.0000,8718.5,0.0002,5,0
65.3602,0.031881,59.999410,0.002110,0.0000,1.0000,8721.4,-0.0003,5,0
65.3749,0.033485,59.999407,0.002119,0.0000,1.0000,8723.4,-0.0009,5,0
65.3885,0.033485,59.999403,0.002129,0.0000,1.0000,8731.0,-0.0015,5,0
65.4037,0.033485,59.999400,0.002139,0.0000,1.0000,8731.4,-0.0021,5,0
65.4182,0.033485,59.999396,0.002149,0.0000,1.0000,8733.9,-0.0026,5,0
65.4323,0.033485,59.999393,0.002158,0.0000,1.0000,8739.0,-0.0032,5,0
65.4477,0.033485,59.999390,0.002168,0.0000,1.0000,8739.9,-0.0039,5,0
65.4615,0.033485,59.999386,0.002178,0.0000,1.0000,8745.5,-0.0045,5,0
65.4766,0.033485,59.999383,0.002188,0.0000,1.0000,8746.8,-0.0052,5,0
65.4915,0.033485,59.999380,0.002197,0.0000,1.0000,8749.6,-0.0061,5,0
65.5058,0.033485,59.999377,0.002207,0.0000,1.0000,8753.7,-0.0069,5,0
65.5216,0.035091,59.999373,0.002217,0.0000,1.0000,8753.9,-0.0078,5,0
65.5361,0.035091,59.999370,0.002227,0.0000,1.0000,8760.0,-0.0089,5,0
65.5516,0.035091,59.999367,0.002237,0.0000,1.0000,8760.8,-0.0100,5,0
65.5672,0.035091,59.999363,0.002246,0.0000,1.0000,8761.2,-0.0111,5,0
65.5818,0.035091,59.999360,0.002256,0.0000,1.0000,8766.5,-0.0123,5,0
65.5979,0.035091,59.999357,0.002266,0.0000,1.0000,8764.6,-0.0134,5,0
65.6126,0.035091,59.999354,0.002276,0.0000,1.0000,8766.7,-0.0145,5,0
65.6282,0.035091,59.999351,0.002285,0.0000,1.0000,8767.3,-0.0154,5,0
65.6430,0.035091,59.999348,0.002295,0.0000,1.0000,8768.9,-0.0163,5,0
65.6571,0.035091,59.999345,0.002305,0.0000,1.0000,8772.0,-0.0167,5,0
65.6733,0.036697,59.999342,0.002315,0.0000,1.0000,8768.9,-0.0170,5,0
65.6876,0.036697,59.999339,0.002325,0.0000,1.0000,8772.3,-0.0170,5,0
65.7017,0.036697,59.999336,0.002335,0.0000,1.0000,8774.7,-0.0165,5,0
65.7171,0.036697,59.999333,0.002344,0.0000,1.0000,8772.7,-0.0157,5,0
65.7306,0.036697,59.999330,0.002354,0.0000,1.0000,8777.7,-0.0147,5,0
65.7449,0.036697,59.999326,0.002364,0.0000,1.0000,8776.8,-0.0132,5,0
65.7591,0.036697,59.999323,0.002374,0.0000,1.0000,8778.7,-0.0116,5,0
65.7728,0.036697,59.999319,0.002384,0.0000,1.0000,8782.6,-0.0099,5,0
65.7875,0.036697,59.999316,0.002394,0.0000,1.0000,8782.9,-0.0081,5,0
65.8016,0.036697,59.999312,0.002403,0.0000,1.0000,8786.0,-0.0063,5,0
65.8173,0.038309,59.999308,0.002413,0.0000,1.0000,8784.7,-0.0047,5,0
65.8312,0.038309,59.999305,0.002423,0.0000,1.0000,8788.6,-0.0032,5,0
65.8447,0.038309,59.999301,0.002433,0.0000,1.0000,8793.2,-0.0017,5,0
65.8602,0.038309,59.999298,0.002443,0.0000,1.0000,8790.9,-0.0005,5,0
65.8738,0.038309,59.999294,0.002453,0.0000,1.0000,8795.2,0.0006,5,0
65.8883,0.038309,59.999291,0.002463,0.0000,1.0000,8794.8,0.0016,5,0
65.9027,0.038309,59.999288,0.002472,0.0000,1.0000,8796.9,0.0024,5,0
65.9172,0.038309,59.999285,0.002482,0.0000,1.0000,8798.6,0.0029,5,0
65.9320,0.038309,59.999282,0.002492,0.0000,1.0000,8798.4,0.0034,5,0
65.9457,0.038309,59.999279,0.002502,0.0000,1.0000,8803.7,0.0036,5,0
65.9609,0.039924,59.999276,0.002512,0.0000,1.0000,8801.9,0.0036,5,0
65.9752,0.039924,59.999273,0.002522,0.0000,1.0000,8803.1,0.0036,5,0
65.9887,0.039924,59.999270,0.002532,0.0000,1.0000,8807.7,0.0033,5,0
66.0037,0.039924,59.999267,0.002542,0.0000,1.0000,8806.7,0.0029,5,0
66.0169,0.039924,59.999264,0.002552,0.0000,1.0000,8811.3,0.0024,5,0
66.0311,0.039924,59.999261,0.002562,0.0000,1.0000,8811.6,0.0017,5,0
66.0457,0.039924,59.999257,0.002571,0.0000,1.0000,8811.3,0.0010,5,0
66.0589,0.039924,59.999254,0.002581,0.0000,1.0000,8815.0,0.0003,5,0
66.0731,0.039924,59.999250,0.002591,0.0000,1.0000,8814.8,-0.0004,5,0
66.0864,0.039924,59.999247,0.002601,0.0000,1.0000,8818.9,-0.0011,5,0
66.1008,0.041545,59.999244,0.002611,0.0000,1.0000,8819.1,-0.0017,5,0
66.1148,0.041545,59.999240,0.002621,0.0000,1.0000,8818.8,-0.0023,5,0
66.1277,0.041545,59.999237,0.002631,0.0000,1.0000,8824.1,-0.0028,5,0
66.1428,0.041545,59.999233,0.002641,0.0000,1.0000,8821.8,-0.0033,5,0
66.1555,0.041545,59.999230,0.002651,0.0000,1.0000,8826.1,-0.0036,5,0
66.1694,0.041545,59.999227,0.002661,0.0000,1.0000,8827.6,-0.0039,5,0
66.1839,0.041545,59.999224,0.002671,0.0000,1.0000,8826.6,-0.0041,5,0
66.1960,0.041545,59.999221,0.002681,0.0000,1.0000,8833.9,-0.0042,5,0
66.2103,0.041545,59.999218,0.002691,0.0000,1.0000,8832.6,-0.0042,5,0
66.2238,0.041545,59.999215,0.002701,0.0000,1.0000,8834.4,-0.0042,5,0
66.2366,0.043168,59.999212,0.002711,0.0000,1.0000,8839.2,-0.0040,5,0
66.2507,0.043168,59.999209,0.002721,0.0000,1.0000,8838.6,-0.0037,5,0
66.2635,0.043168,59.999206,0.002731,0.0000,1.0000,8842.7,-0.0034,5,0
66.2773,0.043168,59.999203,0.002740,0.0000,1.0000,8843.2,-0.0030,5,0
66.2906,0.043168,59.999200,0.002750,0.0000,1.0000,8844.4,-0.0025,5,0
66.3035,0.043168,59.999197,0.002760,0.0000,1.0000,8849.6,-0.0021,5,0
66.3178,0.043168,59.999193,0.002770,0.0000,1.0000,8849.0,-0.0017,5,0
66.3303,0.043168,59.999189,0.002780,0.0000,1.0000,8853.5,-0.0013,5,0
66.3439,0.043168,59.999186,0.002790,0.0000,1.0000,8855.8,-0.0008,5,0
66.3577,0.043168,59.999183,0.002800,0.0000,1.0000,8855.8,-0.0005,5,0
66.3699,0.044793,59.999179,0.002810,0.0000,1.0000,8860.5,-0.0001,5,0
66.3839,0.044793,59.999175,0.002820,0.0000,1.0000,8860.3,0.0002,5,0
66.3969,0.044793,59.999172,0.002830,0.0000,1.0000,8862.9,0.0005,5,0
66.4100,0.044793,59.999168,0.002840,0.0000,1.0000,8865.0,0.0007,5,0
66.4238,0.044793,59.999165,0.002850,0.0000,1.0000,8865.5,0.0008,5,0
66.4369,0.044793,59.999161,0.002860,0.0000,1.0000,8869.6,0.0008,5,0
66.4512,0.044793,59.999158,0.002870,0.0000,1.0000,8868.3,0.0008,5,0
66.4645,0.044793,59.999154,0.002880,0.0000,1.0000,8870.8,0.0008,5,0
66.4775,0.044793,59.999151,0.002890,0.0000,1.0000,8875.0,0.0008,5,0
66.4919,0.044793,59.999147,0.002900,0.0000,1.0000,8872.0,0.0008,5,0
66.5042,0.046422,59.999144,0.002910,0.0000,1.0000,8877.9,0.0008,5,0
66.5183,0.046422,59.999141,0.002920,0.0000,1.0000,8876.6,0.0008,5,0
66.5319,0.046422,59.999137,0.002930,0.0000,1.0000,8877.5,0.0008,5,0
66.5443,0.046422,59.999133,0.002940,0.0000,1.0000,8881.0,0.0007,5,0
66.5583,0.046422,59.999130,0.002950,0.0000,1.0000,8879.5,0.0007,5,0
66.5710,0.046422,59.999127,0.002960,0.0000,1.0000,8882.7,0.0006,5,0
66.5836,0.046422,59.999124,0.002970,0.0000,1.0000,8883.9,0.0006,5,0
66.5967,0.046422,59.999121,0.002980,0.0000,1.0000,8884.1,0.0005,5,0
66.6089,0.046422,59.999118,0.002990,0.0000,1.0000,8887.6,0.0003,5,0
66.6216,0.046422,59.999115,0.003000,0.0000,1.0000,8887.9,0.0001,5,0
66.6339,0.048053,59.999112,0.003010,0.0000,1.0000,8891.4,-0.0002,5,0
66.6471,0.048053,59.999109,0.003020,0.0000,1.0000,8891.6,-0.0006,5,0
66.6601,0.048053,59.999106,0.003030,0.0000,1.0000,8890.9,-0.0009,5,0
66.6718,0.048053,59.999103,0.003040,0.0000,1.0000,8896.0,-0.0013,5,0
66.6847,0.048053,59.999100,0.003050,0.0000,1.0000,8898.0,-0.0016,5,0
66.6969,0.048053,59.999097,0.003060,0.0000,1.0000,8899.5,-0.0019,5,0
66.7092,0.048053,59.999093,0.003070,0.0000,1.0000,8902.6,-0.0021,5,0
66.7219,0.048053,59.999089,0.003080,0.0000,1.0000,8904.2,-0.0022,5,0
66.7340,0.048053,59.999086,0.003091,0.0000,1.0000,8907.3,-0.0022,5,0
66.7465,0.048053,59.999083,0.003101,0.0000,1.0000,8908.3,-0.0022,5,0
66.7597,0.049687,59.999079,0.003111,0.0000,1.0000,8909.5,-0.0020,5,0
66.7718,0.049687,59.999076,0.003121,0.0000,1.0000,8913.9,-0.0018,5,0
66.7854,0.049687,59.999072,0.003131,0.0000,1.0000,8913.1,-0.0015,5,0
66.7979,0.049687,59.999068,0.003141,0.0000,1.0000,8916.2,-0.0011,5,0
66.8106,0.049687,59.999065,0.003151,0.0000,1.0000,8920.4,-0.0008,5,0
66.8249,0.049687,59.999062,0.003161,0.0000,1.0000,8918.7,-0.0003,5,0
66.8378,0.049687,59.999059,0.003171,0.0000,1.0000,8922.2,0.0002,5,0
66.8521,0.049687,59.999056,0.003181,0.0000,1.0000,8920.7,0.0007,5,0
66.8654,0.049687,59.999053,0.003191,0.0000,1.0000,8921.8,0.0014,5,0
66.8786,0.049687,59.999050,0.003201,0.0000,1.0000,8924.1,0.0020,5,0
66.8924,0.051326,59.999047,0.003211,0.0000,1.0000,8923.2,0.0027,5,0
66.9054,0.051326,59.999044,0.003221,0.0000,1.0000,8925.3,0.0034,5,0
66.9186,0.051326,59.999041,0.003231,0.0000,1.0000,8927.4,0.0042,5,0
66.9315,0.051326,59.999038,0.003241,0.0000,1.0000,8928.3,0.0048,5,0
66.9446,0.051326,59.999035,0.003251,0.0000,1.0000,8929.8,0.0055,5,0
66.9575,0.051326,59.999032,0.003261,0.0000,1.0000,8929.9,0.0059,5,0
66.9700,0.051326,59.999028,0.003272,0.0000,1.0000,8932.4,0.0064,5,0
66.9830,0.051326,59.999024,0.003282,0.0000,1.0000,8932.0,0.0066,5,0
66.9957,0.051326,59.999021,0.003292,0.0000,1.0000,8931.9,0.0067,5,0
67.0075,0.051326,59.999018,0.003302,0.0000,1.0000,8934.1,0.0067,5,0
67.0200,0.052966,59.999014,0.003312,0.0000,1.0000,8934.2,0.0065,5,0
67.0320,0.052966,59.999011,0.003322,0.0000,1.0000,8934.6,0.0062,5,0
67.0431,0.052966,59.999007,0.003332,0.0000,1.0000,8939.2,0.0057,5,0
67.0561,0.052966,59.999004,0.003342,0.0000,1.0000,8938.4,0.0051,5,0
67.0683,0.052966,59.999000,0.003352,0.0000,1.0000,8938.7,0.0046,5,0
67.0806,0.052966,59.998997,0.003362,0.0000,1.0000,8939.9,0.0040,5,0
67.0931,0.052966,59.998993,0.003372,0.0000,1.0000,8939.2,0.0033,5,0
67.1041,0.052966,59.998990,0.003382,0.0000,1.0000,8942.5,0.0028,5,0
67.1156,0.052966,59.998986,0.003393,0.0000,1.0000,8945.0,0.0023,5,0
67.1268,0.052966,59.998983,0.003403,0.0000,1.0000,8948.5,0.0018,5,0
67.1377,0.054612,59.998980,0.003413,0.0000,1.0000,8952.6,0.0014,5,0
67.1498,0.054612,59.998976,0.003423,0.0000,1.0000,8953.9,0.0011,5,0
67.1612,0.054612,59.998973,0.003433,0.0000,1.0000,8958.4,0.0008,5,0
67.1725,0.054612,59.998969,0.003443,0.0000,1.0000,8963.9,0.0006,5,0
67.1846,0.054612,59.998966,0.003453,0.0000,1.0000,8964.9,0.0005,5,0
67.1958,0.054612,59.998963,0.003463,0.0000,1.0000,8969.5,0.0004,5,0
67.2077,0.054612,59.998960,0.003473,0.0000,1.0000,8970.2,0.0004,5,0
67.2190,0.054612,59.998957,0.003483,0.0000,1.0000,8973.0,0.0004,5,0
67.2306,0.054612,59.998954,0.003493,0.0000,1.0000,8976.4,0.0004,5,0
67.2427,0.054612,59.998951,0.003504,0.0000,1.0000,8976.8,0.0004,5,0
67.2534,0.056260,59.998948,0.003514,0.0000,1.0000,8982.0,0.0004,5,0
67.2654,0.056260,59.998945,0.003524,0.0000,1.0000,8984.5,0.0004,5,0
67.2772,0.056260,59.998942,0.003534,0.0000,1.0000,8985.0,0.0004,5,0
67.2881,0.056260,59.998939,0.003544,0.0000,1.0000,8990.1,0.0006,5,0
67.3008,0.056260,59.998936,0.003554,0.0000,1.0000,8989.8,0.0007,5,0
67.3127,0.056260,59.998932,0.003564,0.0000,1.0000,8992.4,0.0008,5,0
67.3245,0.056260,59.998929,0.003574,0.0000,1.0000,8995.4,0.0012,5,0
67.3376,0.056260,59.998925,0.003584,0.0000,1.0000,8994.2,0.0015,5,0
67.3498,0.056260,59.998922,0.003595,0.0000,1.0000,8998.2,0.0015,5,0
67.3394,0.056260,59.998918,0.003605,0.0000,1.0000,8949.2,0.0017,5,0
67.3181,0.057910,59.998914,0.003615,0.0000,1.0000,8900.4,0.0018,5,0
67.2980,0.057910,59.998911,0.003625,0.0000,1.0000,8851.9,0.0018,5,0
67.2771,0.057910,59.998907,0.003635,0.0000,1.0000,8803.6,0.0017,5,0
67.2797,0.057910,59.998904,0.003645,0.0000,1.0000,8121.1,0.0017,6,0
67.3054,0.057910,59.998900,0.003655,0.0000,1.0000,7899.7,0.0017,6,0
67.3239,0.057910,59.998897,0.003665,0.0000,1.0000,7885.3,0.0017,6,0
67.3381,0.057910,59.998893,0.003675,0.0000,1.0000,7886.2,0.0021,6,0
67.3522,0.057910,59.998890,0.003686,0.0000,1.0000,7886.5,0.0024,6,0
67.3649,0.057910,59.998887,0.003696,0.0000,1.0000,7889.2,0.0030,6,0
67.3780,0.057910,59.998883,0.003706,0.0000,1.0000,7889.8,0.0037,6,0
67.3913,0.059561,59.998880,0.003716,0.0000,1.0000,7889.4,0.0045,6,0
67.4030,0.059561,59.998877,0.003726,0.0000,1.0000,7893.2,0.0053,6,0
67.4157,0.059561,59.998874,0.003736,0.0000,1.0000,7892.9,0.0061,6,0
67.4289,0.059561,59.998870,0.003746,0.0000,1.0000,7891.3,0.0067,6,0
67.4411,0.059561,59.998867,0.003756,0.0000,1.0000,7894.4,0.0072,6,0
67.4536,0.059561,59.998864,0.003766,0.0000,1.0000,7894.7,0.0076,6,0
67.4658,0.059561,59.998860,0.003777,0.0000,1.0000,7897.0,0.0077,6,0
67.4784,0.059561,59.998857,0.003787,0.0000,1.0000,7899.0,0.0076,6,0
67.4915,0.059561,59.998853,0.003797,0.0000,1.0000,7897.7,0.0072,6,0
67.5035,0.059561,59.998850,0.003807,0.0000,1.0000,7902.5,0.0066,6,0
67.5171,0.061215,59.998847,0.003817,0.0000,1.0000,7901.2,0.0057,6,0
67.5294,0.061215,59.998843,0.003827,0.0000,1.0000,7902.8,0.0048,6,0
67.5413,0.061215,59.998840,0.003837,0.0000,1.0000,7907.9,0.0036,6,0
67.5553,0.061215,59.998836,0.003847,0.0000,1.0000,7906.3,0.0024,6,0
67.5671,0.061215,59.998833,0.003857,0.0000,1.0000,7911.2,0.0012,6,0
67.5799,0.061215,59.998830,0.003868,0.0000,1.0000,7913.3,0.0000,6,0
67.5937,0.061215,59.998827,0.003878,0.0000,1.0000,7911.5,-0.0011,6,0
67.6053,0.061215,59.998824,0.003888,0.0000,1.0000,7917.0,-0.0022,6,0
67.6184,0.061215,59.998821,0.003898,0.0000,1.0000,7918.0,-0.0029,6,0
67.6318,0.061215,59.998817,0.003908,0.0000,1.0000,7917.8,-0.0037,6,0
67.6436,0.062873,59.998814,0.003918,0.0000,1.0000,7921.5,-0.0042,6,0
67.6569,0.062873,59.998811,0.003928,0.0000,1.0000,7920.5,-0.0044,6,0
67.6689,0.062873,59.998808,0.003939,0.0000,1.0000,7923.7,-0.0046,6,0
67.6813,0.062873,59.998805,0.003949,0.0000,1.0000,7924.2,-0.0046,6,0
67.6939,0.062873,59.998802,0.003959,0.0000,1.0000,7923.9,-0.0045,6,0
67.7061,0.062873,59.998799,0.003969,0.0000,1.0000,7927.5,-0.0043,6,0
67.7189,0.062873,59.998795,0.003979,0.0000,1.0000,7928.5,-0.0041,6,0
67.7312,0.062873,59.998792,0.003989,0.0000,1.0000,7929.4,-0.0038,6,0
67.7438,0.062873,59.998788,0.003999,0.0000,1.0000,7931.6,-0.0034,6,0
67.7571,0.062873,59.998785,0.004010,0.0000,1.0000,7931.2,-0.0032,6,0
67.7689,0.064534,59.998782,0.004020,0.0000,1.0000,7936.2,-0.0029,6,0
67.7818,0.064534,59.998778,0.004030,0.0000,1.0000,7938.2,-0.0027,6,0
67.7957,0.064534,59.998775,0.004040,0.0000,1.0000,7936.3,-0.0027,6,0
67.8074,0.064534,59.998771,0.004050,0.0000,1.0000,7941.8,-0.0027,6,0
67.8211,0.064534,59.998768,0.004060,0.0000,1.0000,7941.5,-0.0028,6,0
67.8341,0.064534,59.998765,0.004070,0.0000,1.0000,7942.3,-0.0031,6,0
67.8468,0.064534,59.998761,0.004081,0.0000,1.0000,7944.2,-0.0033,6,0
67.8605,0.064534,59.998758,0.004091,0.0000,1.0000,7942.7,-0.0035,6,0
67.8729,0.064534,59.998754,0.004101,0.0000,1.0000,7945.3,-0.0037,6,0
67.8854,0.064534,59.998751,0.004111,0.0000,1.0000,7946.2,-0.0038,6,0
67.8984,0.066197,59.998748,0.004121,0.0000,1.0000,7946.9,-0.0037,6,0
67.9105,0.066197,59.998744,0.004131,0.0000,1.0000,7949.4,-0.0034,6,0
67.9226,0.066197,59.998741,0.004142,0.0000,1.0000,7949.6,-0.0029,6,0
67.9347,0.066197,59.998737,0.004152,0.0000,1.0000,7950.4,-0.0022,6,0
67.9458,0.066197,59.998734,0.004162,0.0000,1.0000,7953.8,-0.0015,6,0
67.9582,0.066197,59.998731,0.004172,0.0000,1.0000,7951.5,-0.0006,6,0
67.9688,0.066197,59.998727,0.004182,0.0000,1.0000,7955.5,0.0004,6,0
67.9804,0.066197,59.998724,0.004193,0.0000,1.0000,7956.3,0.0014,6,0
67.9927,0.066197,59.998720,0.004203,0.0000,1.0000,7954.5,0.0024,6,0
68.0035,0.066197,59.998717,0.004213,0.0000,1.0000,7960.0,0.0036,6,0
68.0155,0.067862,59.998714,0.004223,0.0000,1.0000,7963.3,0.0048,6,0
68.0271,0.067862,59.998710,0.004233,0.0000,1.0000,7965.9,0.0059,6,0
68.0389,0.067862,59.998707,0.004244,0.0000,1.0000,7969.3,0.0072,6,0
68.0515,0.067862,59.998703,0.004254,0.0000,1.0000,7971.6,0.0085,6,0
68.0632,0.067862,59.998700,0.004264,0.0000,1.0000,7974.9,0.0097,6,0
68.0756,0.067862,59.998697,0.004274,0.0000,1.0000,7976.9,0.0110,6,0
68.0886,0.067862,59.998693,0.004284,0.0000,1.0000,7976.1,0.0123,6,0
68.1007,0.067862,59.998689,0.004295,0.0000,1.0000,7980.4,0.0135,6,0
68.1136,0.067862,59.998686,0.004305,0.0000,1.0000,7980.3,0.0146,6,0
68.1262,0.067862,59.998683,0.004315,0.0000,1.0000,7981.1,0.0159,6,0
68.1384,0.069531,59.998679,0.004325,0.0000,1.0000,7983.3,0.0169,6,0
68.1506,0.069531,59.998676,0.004335,0.0000,1.0000,7981.8,0.0181,6,0
68.1618,0.069531,59.998672,0.004346,0.0000,1.0000,7984.7,0.0193,6,0
68.1732,0.069531,59.998669,0.004356,0.0000,1.0000,7985.9,0.0206,6,0
68.1841,0.069531,59.998665,0.004366,0.0000,1.0000,7986.4,0.0219,6,0
68.1944,0.069531,59.998662,0.004376,0.0000,1.0000,7989.6,0.0231,6,0
68.2062,0.069531,59.998658,0.004386,0.0000,1.0000,7989.7,0.0242,6,0
68.2164,0.069531,59.998655,0.004397,0.0000,1.0000,7991.8,0.0251,6,0
68.2264,0.069531,59.998651,0.004407,0.0000,1.0000,7994.5,0.0260,6,0
68.2380,0.069531,59.998647,0.004417,0.0000,1.0000,7995.3,0.0268,6,0
68.2478,0.071204,59.998644,0.004427,0.0000,1.0000,7998.1,0.0272,6,0
68.2584,0.071204,59.998641,0.004438,0.0000,1.0000,7999.7,0.0276,6,0
68.2692,0.071204,59.998637,0.004448,0.0000,1.0000,8002.5,0.0278,6,0
68.2790,0.071204,59.998633,0.004458,0.0000,1.0000,8009.0,0.0279,6,0
68.2909,0.071204,59.998630,0.004468,0.0000,1.0000,8008.7,0.0279,6,0
68.3031,0.071204,59.998627,0.004478,0.0000,1.0000,8011.0,0.0281,6,0
68.3142,0.071204,59.998623,0.004489,0.0000,1.0000,8016.1,0.0283,6,0
68.3264,0.071204,59.998620,0.004499,0.0000,1.0000,8016.6,0.0288,6,0
68.3393,0.071204,59.998616,0.004509,0.0000,1.0000,8016.7,0.0295,6,0
68.3514,0.071204,59.998613,0.004519,0.0000,1.0000,8017.9,0.0304,6,0
68.3641,0.072873,59.998610,0.004529,0.0000,1.0000,8017.0,0.0315,6,0
68.3754,0.072873,59.998606,0.004539,0.0000,1.0000,8020.2,0.0330,6,0
68.3888,0.072873,59.998603,0.004550,0.0000,1.0000,8016.9,0.0344,6,0
68.4009,0.072873,59.998599,0.004560,0.0000,1.0000,8015.0,0.0359,6,0
68.4095,0.072873,59.998596,0.004570,0.0000,1.0000,8023.6,0.0373,6,0
68.4225,0.072873,59.998592,0.004580,0.0000,1.0000,8019.1,0.0386,6,0
68.4328,0.072873,59.998589,0.004590,0.0000,1.0000,8019.9,0.0395,6,0
68.4415,0.072873,59.998585,0.004600,0.0000,1.0000,8026.9,0.0400,6,0
68.4533,0.072873,59.998582,0.004610,0.0000,1.0000,8021.0,0.0402,6,0
68.4633,0.072873,59.998578,0.004621,0.0000,1.0000,8021.5,0.0399,6,0
68.4713,0.074545,59.998574,0.004631,0.0000,1.0000,8027.7,0.0392,6,0
68.4815,0.074545,59.998571,0.004641,0.0000,1.0000,8028.5,0.0382,6,0
68.4909,0.074545,59.998567,0.004651,0.0000,1.0000,8028.9,0.0370,6,0
68.5006,0.074545,59.998564,0.004661,0.0000,1.0000,8031.6,0.0360,6,0
68.5111,0.074545,59.998560,0.004671,0.0000,1.0000,8032.9,0.0350,6,0
68.5204,0.074545,59.998557,0.004681,0.0000,1.0000,8035.8,0.0342,6,0
68.5296,0.074545,59.998554,0.004691,0.0000,0.9916,8040.0,0.0338,6,0
68.5406,0.074545,59.998550,0.004701,0.0000,0.9832,8040.7,0.0336,6,0
68.5493,0.074545,59.998547,0.004711,0.0123,0.9245,8040.1,0.0335,6,0
68.5561,0.074545,59.998544,0.004721,0.0246,0.8658,8029.1,0.0335,6,0
68.5575,0.076214,59.998541,0.004732,0.0364,0.7887,8018.1,0.0338,6,0
68.5524,0.076214,59.998538,0.004742,0.0481,0.7116,8007.4,0.0341,6,0
68.5411,0.076214,59.998534,0.004752,0.0725,0.5984,7992.8,0.0346,6,0
68.5209,0.076214,59.998531,0.004762,0.0969,0.4852,7974.6,0.0353,6,0
68.4899,0.076214,59.998528,0.004772,0.1229,0.3906,7951.9,0.0358,6,0
68.4485,0.076214,59.998524,0.004782,0.1488,0.2960,7931.5,0.0364,6,0
68.3996,0.076214,59.998520,0.004792,0.1792,0.2291,7909.6,0.0369,6,0
68.3413,0.076214,59.998517,0.004802,0.2096,0.1622,7883.2,0.0371,6,0
68.2721,0.076214,59.998513,0.004811,0.2337,0.1188,7864.2,0.0371,6,0
68.1958,0.076214,59.998509,0.004821,0.2577,0.0755,7848.3,0.0367,6,0
68.1141,0.077866,59.998505,0.004831,0.2792,0.0522,7835.3,0.0356,6,0
68.0282,0.077866,59.998501,0.004841,0.3008,0.0289,7821.8,0.0343,6,0
67.9358,0.077866,59.998498,0.004851,0.3341,0.0145,7809.4,0.0325,6,0
67.8361,0.077866,59.998494,0.004861,0.3674,0.0000,7793.4,0.0306,6,0
67.7298,0.077866,59.998490,0.004871,0.3956,0.0000,7774.5,0.0288,6,0
67.6171,0.077866,59.998486,0.004881,0.4238,0.0000,7757.6,0.0275,6,0
67.4995,0.077866,59.998483,0.004891,0.4581,0.0000,7740.0,0.0262,6,0
67.3747,0.077866,59.998479,0.004900,0.4923,0.0000,7720.0,0.0254,6,0
67.2437,0.077866,59.998476,0.004910,0.5160,0.0000,7703.8,0.0252,6,0
67.1080,0.077866,59.998472,0.004920,0.5398,0.0000,7687.2,0.0251,6,0
66.9685,0.079510,59.998469,0.004929,0.5615,0.0000,7669.0,0.0252,6,0
66.8247,0.079510,59.998466,0.004939,0.5832,0.0000,7651.2,0.0258,6,0
66.6777,0.079510,59.998462,0.004949,0.6066,0.0000,7624.9,0.0262,6,0
66.5260,0.079510,59.998458,0.004958,0.6299,0.0000,7598.7,0.0268,6,0
66.3701,0.079510,59.998455,0.004968,0.6380,0.0000,7571.3,0.0276,6,0
66.2127,0.079510,59.998451,0.004978,0.6461,0.0000,7545.1,0.0283,6,0
66.0523,0.079510,59.998447,0.004987,0.6613,0.0000,7519.0,0.0289,6,0
65.8905,0.079510,59.998444,0.004996,0.6764,0.0000,7487.1,0.0295,6,0
65.7247,0.079510,59.998440,0.005006,0.6855,0.0000,7460.8,0.0299,6,0
65.5558,0.079510,59.998436,0.005015,0.6945,0.0000,7428.7,0.0300,6,0
65.3857,0.081120,59.998432,0.005025,0.7015,0.0000,7398.4,0.0300,6,0
65.2135,0.081120,59.998428,0.005034,0.7084,0.0000,7369.1,0.0296,6,0
65.0417,0.081120,59.998425,0.005043,0.7193,0.0000,7350.1,0.0288,6,0
64.8633,0.081120,59.998421,0.005053,0.7302,0.0000,7362.2,0.0279,6,0
64.6843,0.081120,59.998417,0.005062,0.7337,0.0000,7345.7,0.0272,6,0
64.5058,0.081120,59.998414,0.005071,0.7373,0.0000,7323.3,0.0261,6,0
64.3275,0.081120,59.998410,0.005080,0.7474,0.0000,7292.8,0.0249,6,0
64.1481,0.081120,59.998407,0.005089,0.7575,0.0000,7262.8,0.0240,6,0
63.9668,0.081120,59.998403,0.005098,0.7594,0.0000,7237.9,0.0229,6,0
63.7868,0.081120,59.998400,0.005107,0.7613,0.0000,7219.7,0.0221,6,0
63.6035,0.082670,59.998397,0.005116,0.7642,0.0000,7234.5,0.0218,6,0
63.4251,0.082670,59.998393,0.005125,0.7671,0.0000,7213.1,0.0218,6,0
63.2468,0.082670,59.998390,0.005134,0.7697,0.0000,7181.0,0.0221,6,0
63.0728,0.082670,59.998386,0.005143,0.7722,0.0000,7139.5,0.0227,6,0
62.9049,0.082670,59.998383,0.005152,0.7718,0.0000,7108.3,0.0241,6,0
62.7370,0.082670,59.998379,0.005161,0.7713,0.0000,7102.3,0.0254,6,0
62.5709,0.082670,59.998375,0.005170,0.7766,0.0000,7059.5,0.0272,6,0
62.4075,0.082670,59.998371,0.005178,0.7820,0.0000,7463.5,0.0296,6,0
62.2486,0.082670,59.998367,0.005187,0.7864,0.0000,7997.0,0.0316,6,0
62.0859,0.082670,59.998364,0.005196,0.7908,0.0000,7968.6,0.0342,6,0
61.9244,0.084190,59.998360,0.005204,0.7937,0.0000,7996.9,0.0363,6,0
61.7637,0.084190,59.998356,0.005213,0.7967,0.0000,7965.5,0.0381,5,0
61.6028,0.084190,59.998352,0.005222,0.7964,0.0000,7899.5,0.0393,5,0
61.4421,0.084190,59.998348,0.005230,0.7962,0.0000,7881.7,0.0409,5,0
61.2771,0.084190,59.998344,0.005239,0.7946,0.0000,7868.2,0.0417,5,0
61.1188,0.084190,59.998341,0.005247,0.7930,0.0000,7832.2,0.0420,5,0
60.9519,0.084190,59.998337,0.005256,0.7951,0.0000,7863.7,0.0421,5,0
60.7870,0.084190,59.998334,0.005264,0.7972,0.0000,7826.0,0.0425,5,0
60.6243,0.084190,59.998330,0.005272,0.7978,0.0000,7748.1,0.0425,5,0
60.4636,0.084190,59.998327,0.005281,0.7984,0.0000,7730.9,0.0417,5,0
60.2931,0.085672,59.998324,0.005289,0.7978,0.0000,7792.2,0.0405,5,0
60.1240,0.085672,59.998320,0.005297,0.7972,0.0000,7759.6,0.0403,5,0
59.9582,0.085672,59.998317,0.005306,0.7986,0.0000,7697.5,0.0390,5,0
59.7861,0.085672,59.998313,0.005314,0.8001,0.0000,7679.6,0.0373,5,0
59.6129,0.085672,59.998310,0.005322,0.7964,0.0000,7657.0,0.0353,5,0
59.4358,0.085672,59.998307,0.005330,0.7928,0.0000,7642.8,0.0337,5,0
59.2583,0.085672,59.998303,0.005338,0.7914,0.0000,7629.8,0.0321,5,0
59.0748,0.085672,59.998300,0.005346,0.7901,0.0000,7639.6,0.0306,5,0
58.8974,0.085672,59.998296,0.005354,0.7828,0.0000,7609.2,0.0297,5,0
58.7219,0.085672,59.998293,0.005362,0.7755,0.0000,7562.2,0.0292,5,0
58.5478,0.087118,59.998290,0.005370,0.7743,0.0000,7540.3,0.0287,5,0
58.3684,0.087118,59.998286,0.005378,0.7732,0.0000,7554.6,0.0283,5,0
58.1934,0.087118,59.998283,0.005386,0.7710,0.0000,7536.7,0.0282,5,0
58.0232,0.087118,59.998279,0.005394,0.7688,0.0000,7501.2,0.0282,5,0
57.8511,0.087118,59.998276,0.005402,0.7661,0.0000,7473.2,0.0282,5,0
57.6821,0.087118,59.998272,0.005410,0.7634,0.0000,7440.9,0.0284,5,0
57.5175,0.087118,59.998269,0.005418,0.7584,0.0000,7399.8,0.0292,5,0
57.3541,0.087118,59.998265,0.005425,0.7534,0.0000,7397.5,0.0301,5,0
57.1867,0.087118,59.998262,0.005433,0.7470,0.0000,7389.4,0.0309,5,0
57.0207,0.087118,59.998258,0.005440,0.7405,0.0000,7360.9,0.0318,5,0
56.8557,0.088514,59.998254,0.005448,0.7334,0.0000,7319.4,0.0329,5,0
56.6919,0.088514,59.998251,0.005456,0.7263,0.0000,7289.8,0.0343,5,0
56.5249,0.088514,59.998247,0.005463,0.7274,0.0000,7299.3,0.0345,5,0
56.3576,0.088514,59.998244,0.005471,0.7285,0.0000,7287.3,0.0343,5,0
56.1904,0.088514,59.998240,0.005479,0.7272,0.0000,7266.1,0.0336,5,0
56.0234,0.088514,59.998237,0.005486,0.7258,0.0000,7241.9,0.0321,5,0
55.8557,0.088514,59.998233,0.005493,0.7236,0.0000,7223.9,0.0302,5,0
55.6903,0.088514,59.998230,0.005501,0.7214,0.0000,7206.7,0.0287,5,0
55.5262,0.088514,59.998227,0.005508,0.7193,0.0000,7185.1,0.0276,5,0
55.3654,0.088514,59.998224,0.005515,0.7173,0.0000,7584.7,0.0271,5,0
55.2042,0.089877,59.998220,0.005523,0.7112,0.0000,8113.9,0.0273,5,0
55.0466,0.089877,59.998217,0.005530,0.7051,0.0000,8285.3,0.0288,5,0
54.8929,0.089877,59.998214,0.005537,0.7050,0.0000,8251.3,0.0311,5,0
54.7423,0.089877,59.998210,0.005544,0.7050,0.0000,8194.3,0.0340,4,0
54.5903,0.089877,59.998207,0.005552,0.7025,0.0000,8168.5,0.0373,4,0
54.4378,0.089877,59.998204,0.005559,0.6999,0.0000,8170.2,0.0410,4,0
54.2870,0.089877,59.998200,0.005566,0.7015,0.0000,8138.7,0.0445,4,0
54.1374,0.089877,59.998197,0.005573,0.7031,0.0000,8085.2,0.0479,4,0
53.9850,0.089877,59.998193,0.005580,0.7014,0.0000,8084.7,0.0508,4,0
53.8317,0.089877,59.998190,0.005587,0.6997,0.0000,8065.0,0.0533,4,0
53.6825,0.091202,59.998187,0.005594,0.6962,0.0000,8016.6,0.0551,4,0
53.5337,0.091202,59.998183,0.005601,0.6928,0.0000,8006.1,0.0566,4,0
53.3837,0.091202,59.998180,0.005608,0.6917,0.0000,7980.7,0.0574,4,0
53.2364,0.091202,59.998176,0.005615,0.6906,0.0000,7957.8,0.0579,4,0
53.0881,0.091202,59.998173,0.005622,0.6817,0.0000,7953.2,0.0578,4,0
52.9443,0.091202,59.998170,0.005628,0.6728,0.0000,7909.1,0.0574,4,0
52.8008,0.091202,59.998166,0.005635,0.6674,0.0000,7905.3,0.0573,4,0
52.6565,0.091202,59.998163,0.005642,0.6620,0.0000,7881.3,0.0571,4,0
52.5176,0.091202,59.998160,0.005648,0.6530,0.0000,7851.6,0.0569,4,0
52.3733,0.091202,59.998157,0.005655,0.6440,0.0000,7893.1,0.0567,4,0
52.2359,0.092489,59.998153,0.005662,0.6317,0.0000,7862.5,0.0566,4,0
52.0984,0.092489,59.998150,0.005668,0.6193,0.0000,7819.2,0.0572,4,0
51.9646,0.092489,59.998147,0.005675,0.6082,0.0000,7769.5,0.0573,4,0
51.8292,0.092489,59.998143,0.005682,0.5971,0.0000,7792.7,0.0574,4,0
51.6932,0.092489,59.998140,0.005688,0.5817,0.0000,7805.9,0.0572,4,0
51.5620,0.092489,59.998136,0.005695,0.5662,0.0000,7775.9,0.0570,4,0
51.4324,0.092489,59.998133,0.005701,0.5546,0.0000,7744.4,0.0566,4,0
51.3026,0.092489,59.998129,0.005707,0.5430,0.0000,7710.2,0.0559,4,0
51.1780,0.092489,59.998126,0.005714,0.5332,0.0000,7672.2,0.0548,4,0
51.0514,0.092489,59.998122,0.005720,0.5235,0.0000,7683.7,0.0535,4,0
50.9257,0.093744,59.998118,0.005726,0.5075,0.0000,7686.4,0.0518,4,0
50.8050,0.093744,59.998115,0.005733,0.4914,0.0000,7674.5,0.0503,4,0
50.6871,0.093744,59.998111,0.005739,0.4720,0.0000,7661.6,0.0488,4,0
50.5730,0.093744,59.998108,0.005745,0.4525,0.0000,7651.1,0.0477,4,0
50.4638,0.093744,59.998104,0.005752,0.4254,0.0000,7648.2,0.0469,4,0
50.3591,0.093744,59.998101,0.005758,0.3983,0.0000,7652.9,0.0466,4,0
50.2637,0.093744,59.998097,0.005764,0.3896,0.0000,7641.6,0.0469,4,0
50.1726,0.093744,59.998094,0.005770,0.3809,0.0000,7629.4,0.0483,4,0
50.0851,0.093744,59.998090,0.005776,0.3692,0.0000,7611.4,0.0506,4,0
50.0011,0.093744,59.998087,0.005782,0.3576,0.0000,7597.0,0.0538,4,0
49.9196,0.094968,59.998084,0.005788,0.3478,0.0000,7581.2,0.0575,4,0
49.8423,0.094968,59.998080,0.005794,0.3381,0.0000,7557.5,0.0621,4,0
49.7676,0.094968,59.998077,0.005800,0.3264,0.0000,7532.2,0.0679,4,0
49.6907,0.094968,59.998073,0.005806,0.3147,0.0000,7511.0,0.0730,4,0
49.6121,0.094968,59.998070,0.005812,0.2971,0.0000,7494.4,0.0786,4,0
49.5316,0.094968,59.998067,0.005818,0.2795,0.0000,7482.8,0.0836,4,0
49.4495,0.094968,59.998063,0.005824,0.2734,0.0000,7477.2,0.0883,4,0
49.3710,0.094968,59.998059,0.005829,0.2673,0.0000,7468.7,0.0916,4,0
49.2931,0.094968,59.998056,0.005835,0.2655,0.0000,7474.4,0.0937,4,0
49.2156,0.094968,59.998053,0.005841,0.2637,0.0000,7472.8,0.0947,4,0
49.1401,0.096169,59.998049,0.005847,0.2644,0.0000,7472.8,0.0948,4,0
49.0628,0.096169,59.998046,0.005852,0.2651,0.0000,7470.9,0.0935,4,0
48.9891,0.096169,59.998042,0.005858,0.2638,0.0000,7461.9,0.0915,4,0
48.9114,0.096169,59.998038,0.005864,0.2625,0.0000,7462.0,0.0888,4,0
48.8371,0.096169,59.998035,0.005870,0.2520,0.0000,7457.6,0.0858,4,0
48.7645,0.096169,59.998032,0.005875,0.2415,0.0000,7458.4,0.0828,4,0
48.6979,0.096169,59.998028,0.005881,0.2372,0.0000,7444.9,0.0796,4,0
48.6287,0.096169,59.998024,0.005886,0.2329,0.0000,7455.6,0.0768,4,0
48.5600,0.096169,59.998021,0.005892,0.2275,0.0000,7453.0,0.0745,4,0
48.4978,0.096169,59.998018,0.005897,0.2222,0.0000,7445.1,0.0731,4,0
48.4354,0.097351,59.998014,0.005903,0.2164,0.0000,7435.4,0.0722,4,0
48.3770,0.097351,59.998010,0.005908,0.2107,0.0000,7427.6,0.0722,4,0
48.3139,0.097351,59.998007,0.005913,0.2131,0.0000,7422.4,0.0730,4,0
48.2543,0.097351,59.998003,0.005919,0.2156,0.0000,7410.2,0.0749,4,0
48.1948,0.097351,59.998000,0.005924,0.2091,0.0000,7395.1,0.0771,4,0
48.1353,0.097351,59.997997,0.005930,0.2027,0.0000,7380.5,0.0798,4,0
48.0754,0.097351,59.997993,0.005935,0.1997,0.0000,7366.1,0.0827,4,0
48.0152,0.097351,59.997990,0.005940,0.1968,0.0000,7355.1,0.0859,4,0
47.9570,0.097351,59.997987,0.005945,0.1856,0.0000,7340.6,0.0887,4,0
47.8988,0.097351,59.997984,0.005950,0.1744,0.0000,7331.3,0.0911,4,0
47.8421,0.098516,59.997980,0.005956,0.1645,0.0000,7326.4,0.0929,4,0
47.7875,0.098516,59.997977,0.005961,0.1546,0.0000,7325.0,0.0943,4,0
47.7354,0.098516,59.997974,0.005966,0.1498,0.0000,7320.7,0.0952,4,0
47.6845,0.098516,59.997970,0.005971,0.1450,0.0000,7318.4,0.0954,4,0
47.6338,0.098516,59.997967,0.005976,0.1334,0.0000,7319.7,0.0951,4,0
47.5853,0.098516,59.997964,0.005981,0.1218,0.0000,7322.1,0.0947,4,0
47.5392,0.098516,59.997960,0.005986,0.1150,0.0000,7323.6,0.0944,4,0
47.4967,0.098516,59.997957,0.005991,0.1082,0.0000,7319.1,0.0942,4,0
47.4534,0.098516,59.997953,0.005996,0.0941,0.0000,7318.7,0.0940,4,0
47.4106,0.098516,59.997949,0.006001,0.0801,0.0000,7322.6,0.0939,4,0
47.3725,0.099671,59.997946,0.006006,0.0655,0.0000,7328.3,0.0941,4,0
47.3386,0.099671,59.997943,0.006011,0.0509,0.0000,7328.9,0.0946,4,0
47.3065,0.099671,59.997939,0.006016,0.0409,0.0000,7330.7,0.0950,4,0
47.2753,0.099671,59.997935,0.006021,0.0308,0.0000,7335.1,0.0956,4,0
47.2464,0.099671,59.997932,0.006026,0.0202,0.0000,7343.2,0.0963,4,0
47.2219,0.099671,59.997929,0.006030,0.0095,0.0000,7345.1,0.0974,4,0
47.1995,0.099671,59.997926,0.006035,0.0076,0.0000,7344.2,0.0985,4,0
47.1782,0.099671,59.997922,0.006040,0.0056,0.0000,7339.8,0.0998,4,0
47.1545,0.099671,59.997919,0.006044,0.0028,0.0000,7346.8,0.1014,4,0
47.1340,0.099671,59.997916,0.006049,0.0000,0.0000,7345.1,0.1037,4,0
47.1134,0.100826,59.997913,0.006053,0.0021,0.0000,7343.8,0.1060,4,0
47.0936,0.100826,59.997910,0.006058,0.0042,0.0000,7336.9,0.1086,4,0
47.0719,0.100826,59.997906,0.006063,0.0033,0.0000,7330.7,0.1111,4,0
47.0508,0.100826,59.997903,0.006067,0.0024,0.0000,7325.5,0.1136,4,0
47.0300,0.100826,59.997900,0.006072,0.0029,0.0000,7318.6,0.1161,4,0
47.0092,0.100826,59.997896,0.006076,0.0034,0.0000,7312.2,0.1180,4,0
46.9883,0.100826,59.997892,0.006081,0.0017,0.0000,7307.5,0.1195,4,0
46.9669,0.100826,59.997888,0.006085,0.0000,0.0000,7306.0,0.1206,4,0
46.9468,0.100826,59.997884,0.006090,0.0000,0.0000,7302.1,0.1217,4,0
46.9267,0.100826,59.997880,0.006094,0.0000,0.0000,7298.6,0.1222,4,0
46.9073,0.101987,59.997876,0.006098,0.0000,0.0000,7295.1,0.1225,4,0
46.8877,0.101987,59.997872,0.006103,0.0000,0.0000,7291.6,0.1228,4,0
46.8682,0.101987,59.997868,0.006107,0.0000,0.0000,7288.9,0.1233,4,0
46.8497,0.101987,59.997864,0.006111,0.0000,0.0000,7282.4,0.1237,4,0
46.8311,0.101987,59.997860,0.006116,0.0000,0.0000,7275.8,0.1241,4,0
46.8120,0.101987,59.997857,0.006120,0.0000,0.0000,7269.3,0.1247,4,0
46.7925,0.101987,59.997853,0.006124,0.0000,0.0000,7263.7,0.1257,4,0
46.7725,0.101987,59.997850,0.006128,0.0000,0.0000,7259.4,0.1271,4,0
46.7531,0.101987,59.997846,0.006132,0.0000,0.0000,7253.1,0.1286,4,0
46.7334,0.101987,59.997843,0.006136,0.0000,0.0000,7249.1,0.1302,4,0
46.7140,0.103127,59.997840,0.006141,0.0000,0.0000,7241.7,0.1320,4,0
46.6932,0.103127,59.997836,0.006145,0.0000,0.0000,7242.7,0.1342,4,0
46.6740,0.103127,59.997833,0.006149,0.0000,0.0000,7237.5,0.1362,4,0
46.6545,0.103127,59.997829,0.006153,0.0000,0.0000,7234.6,0.1382,4,0
46.6357,0.103127,59.997826,0.006157,0.0000,0.0000,7229.2,0.1401,4,0
46.6156,0.103127,59.997822,0.006161,0.0000,0.0000,7228.6,0.1425,4,0
46.5961,0.103127,59.997818,0.006165,0.0000,0.0000,7226.8,0.1448,4,0
46.5778,0.103127,59.997814,0.006169,0.0000,0.0000,7221.5,0.1469,4,0
46.5592,0.103127,59.997810,0.006173,0.0000,0.0000,7215.0,0.1489,4,0
46.5397,0.103127,59.997807,0.006176,0.0000,0.0000,7212.5,0.1508,4,0
46.5196,0.104290,59.997803,0.006180,0.0000,0.0000,7211.4,0.1525,4,0
46.4999,0.104290,59.997799,0.006184,0.0000,0.0000,7208.9,0.1535,4,0
46.4808,0.104290,59.997795,0.006188,0.0000,0.0000,7203.3,0.1540,4,0
46.4615,0.104290,59.997791,0.006192,0.0000,0.0000,7197.7,0.1537,4,0
46.4416,0.104290,59.997787,0.006196,0.0000,0.0000,7194.1,0.1531,4,0
46.4218,0.104290,59.997783,0.006199,0.0000,0.0000,7192.2,0.1518,4,0
46.4028,0.104290,59.997780,0.006203,0.0000,0.0000,7189.6,0.1499,4,0
46.3820,0.104290,59.997776,0.006207,0.0000,0.0000,7187.9,0.1474,4,0
46.3633,0.104290,59.997772,0.006210,0.0000,0.0000,7181.1,0.1448,4,0
46.3445,0.104290,59.997768,0.006214,0.0000,0.0000,7174.3,0.1421,4,0
46.3246,0.105451,59.997765,0.006217,0.0000,0.0000,7173.6,0.1392,4,0
46.3043,0.105451,59.997761,0.006221,0.0000,0.0000,7173.0,0.1361,4,0
46.2848,0.105451,59.997757,0.006225,0.0000,0.0000,7172.3,0.1331,4,0
46.2656,0.105451,59.997754,0.006228,0.0000,0.0000,7171.6,0.1304,4,0
46.2459,0.105451,59.997750,0.006232,0.0000,0.0000,7171.4,0.1280,4,0
46.2273,0.105451,59.997746,0.006235,0.0000,0.0000,7171.2,0.1259,4,0
46.2075,0.105451,59.997742,0.006238,0.0000,0.0000,7171.8,0.1242,4,0
46.1895,0.105451,59.997738,0.006242,0.0000,0.0000,7169.1,0.1233,4,0
46.1712,0.105451,59.997734,0.006245,0.0000,0.0000,7168.0,0.1228,4,0
46.1554,0.105451,59.997730,0.006248,0.0000,0.0000,7159.2,0.1229,4,0
46.1352,0.106616,59.997726,0.006252,0.0000,0.0000,7165.1,0.1233,4,0
46.1167,0.106616,59.997722,0.006255,0.0000,0.0000,7165.9,0.1244,4,0
46.0998,0.106616,59.997718,0.006258,0.0000,0.0000,7163.6,0.1258,4,0
46.0837,0.106616,59.997714,0.006262,0.0000,0.0000,7155.1,0.1276,4,0
46.0675,0.106616,59.997710,0.006265,0.0000,0.0000,7149.0,0.1295,4,0
46.0471,0.106616,59.997706,0.006268,0.0000,0.0000,7154.1,0.1316,4,0
46.0305,0.106616,59.997703,0.006271,0.0000,0.0000,7148.3,0.1339,4,0
46.0138,0.106616,59.997699,0.006274,0.0000,0.0000,7140.8,0.1363,4,0
45.9962,0.106616,59.997695,0.006277,0.0000,0.0000,7136.9,0.1385,4,0
45.9782,0.106616,59.997692,0.006280,0.0000,0.0000,7133.2,0.1405,4,0
45.9603,0.107784,59.997688,0.006283,0.0000,0.0000,7126.9,0.1425,4,0
45.9411,0.107784,59.997684,0.006286,0.0000,0.0000,7121.9,0.1442,4,0
45.9223,0.107784,59.997680,0.006289,0.0000,0.0000,7114.2,0.1453,4,0
45.9012,0.107784,59.997677,0.006292,0.0000,0.0000,7113.1,0.1461,4,0
45.8792,0.107784,59.997673,0.006295,0.0000,0.0000,7112.2,0.1462,4,0
45.8588,0.107784,59.997669,0.006298,0.0000,0.0000,7109.9,0.1461,4,0
45.8368,0.107784,59.997665,0.006301,0.0000,0.0000,7110.8,0.1451,4,0
45.8157,0.107784,59.997662,0.006303,0.0000,0.0000,7112.2,0.1438,4,0
45.7923,0.107784,59.997658,0.006306,0.0000,0.0078,7117.5,0.1420,4,0
45.7701,0.107784,59.997654,0.006309,0.0000,0.0157,7121.6,0.1403,4,0
45.7492,0.108959,59.997650,0.006311,0.0000,0.0378,7124.1,0.1388,4,0
45.7283,0.108959,59.997646,0.006314,0.0000,0.0598,7128.5,0.1378,4,0
45.7061,0.108959,59.997643,0.006317,0.0000,0.0822,7136.9,0.1377,4,0
45.6852,0.108959,59.997639,0.006320,0.0000,0.1046,7146.8,0.1386,4,0
45.6682,0.108959,59.997635,0.006322,0.0000,0.1286,7152.9,0.1404,4,0
45.6536,0.108959,59.997631,0.006325,0.0000,0.1526,7154.5,0.1429,4,0
45.6402,0.108959,59.997627,0.006327,0.0000,0.1752,7158.2,0.1460,4,0
45.6270,0.108959,59.997622,0.006329,0.0000,0.1978,7163.6,0.1494,4,0
45.6161,0.108959,59.997618,0.006332,0.0000,0.2131,7168.7,0.1534,4,0
45.6063,0.108959,59.997614,0.006334,0.0000,0.2285,7173.5,0.1576,4,0
45.5981,0.110135,59.997610,0.006337,0.0000,0.2496,7174.9,0.1613,4,0
45.5899,0.110135,59.997606,0.006339,0.0000,0.2706,7176.6,0.1646,4,0
45.5826,0.110135,59.997601,0.006341,0.0000,0.2975,7177.9,0.1671,4,0
45.5775,0.110135,59.997597,0.006344,0.0000,0.3244,7177.9,0.1690,4,0
45.5737,0.110135,59.997593,0.006346,0.0000,0.3604,7181.5,0.1696,4,0
45.5701,0.110135,59.997589,0.006348,0.0000,0.3965,7188.9,0.1692,4,0
45.5664,0.110135,59.997585,0.006350,0.0000,0.4381,7201.8,0.1677,4,0
45.5653,0.110135,59.997582,0.006352,0.0000,0.4797,7212.5,0.1657,4,0
45.5662,0.110135,59.997578,0.006354,0.0000,0.5180,7222.9,0.1627,4,0
45.5690,0.110135,59.997574,0.006356,0.0000,0.5564,7230.9,0.1591,4,0
45.5681,0.111311,59.997570,0.006359,0.0000,0.5910,7254.9,0.1548,4,0
45.5719,0.111311,59.997566,0.006361,0.0000,0.6257,7269.1,0.1502,4,0
45.5779,0.111311,59.997563,0.006363,0.0000,0.6598,7282.5,0.1453,4,0
45.5852,0.111311,59.997559,0.006365,0.0000,0.6938,7299.4,0.1401,4,0
45.5931,0.111311,59.997555,0.006367,0.0000,0.7192,7313.8,0.1347,4,0
45.6022,0.111311,59.997551,0.006369,0.0000,0.7446,7331.9,0.1293,4,0
45.6138,0.111311,59.997547,0.006370,0.0000,0.7767,7345.4,0.1244,4,0
45.6262,0.111311,59.997544,0.006372,0.0000,0.8089,7359.8,0.1197,4,0
45.6417,0.111311,59.997540,0.006374,0.0000,0.8342,7373.1,0.1155,4,0
45.6581,0.111311,59.997536,0.006376,0.0000,0.8596,7383.8,0.1124,4,0
45.6759,0.112484,59.997532,0.006377,0.0000,0.8761,7391.8,0.1106,4,0
45.6956,0.112484,59.997528,0.006379,0.0000,0.8927,7400.0,0.1103,4,0
45.7164,0.112484,59.997525,0.006381,0.0000,0.9022,7403.7,0.1109,4,0
45.7362,0.112484,59.997521,0.006383,0.0000,0.9117,7411.8,0.1124,4,0
45.7545,0.112484,59.997517,0.006384,0.0000,0.9154,7422.8,0.1146,4,0
45.7738,0.112484,59.997513,0.006386,0.0000,0.9192,7429.8,0.1175,4,0
45.7946,0.112484,59.997509,0.006387,0.0000,0.9195,7433.8,0.1204,4,0
45.8152,0.112484,59.997504,0.006389,0.0000,0.9199,7434.8,0.1230,4,0
45.8339,0.112484,59.997500,0.006390,0.0000,0.9199,7442.9,0.1251,4,0
45.8540,0.112484,59.997496,0.006391,0.0000,0.9199,7449.6,0.1269,4,0
45.8756,0.113658,59.997492,0.006393,0.0000,0.9176,7451.0,0.1281,4,0
45.8997,0.113658,59.997488,0.006394,0.0000,0.9152,7444.5,0.1283,4,0
45.9217,0.113658,59.997483,0.006396,0.0000,0.9103,7447.1,0.1276,4,0
45.9433,0.113658,59.997479,0.006397,0.0000,0.9055,7448.1,0.1266,4,0
45.9665,0.113658,59.997475,0.006398,0.0000,0.9023,7449.1,0.1256,4,0
45.9894,0.113658,59.997471,0.006400,0.0000,0.8992,7450.5,0.1243,4,0
46.0149,0.113658,59.997467,0.006401,0.0000,0.8977,7444.7,0.1233,4,0
46.0386,0.113658,59.997462,0.006402,0.0000,0.8962,7441.0,0.1225,4,0
46.0626,0.113658,59.997458,0.006403,0.0000,0.8941,7435.9,0.1221,4,0
46.0857,0.113658,59.997454,0.006404,0.0000,0.8920,7435.9,0.1218,4,0
46.1103,0.114834,59.997450,0.006405,0.0000,0.8857,7429.9,0.1215,4,0
46.1332,0.114834,59.997446,0.006406,0.0000,0.8794,7425.4,0.1210,4,0
46.1548,0.114834,59.997441,0.006407,0.0000,0.8721,7424.8,0.1208,4,0
46.1784,0.114834,59.997437,0.006408,0.0000,0.8648,7419.3,0.1208,4,0
46.2025,0.114834,59.997433,0.006409,0.0000,0.8572,7410.7,0.1207,4,0
46.2258,0.114834,59.997429,0.006410,0.0000,0.8496,7401.5,0.1206,4,0
46.2468,0.114834,59.997424,0.006410,0.0000,0.8463,7400.4,0.1204,4,0
46.2667,0.114834,59.997420,0.006411,0.0000,0.8431,7403.5,0.1206,4,0
46.2870,0.114834,59.997416,0.006412,0.0000,0.8436,7402.9,0.1207,4,0
46.3078,0.114834,59.997411,0.006412,0.0000,0.8441,7402.3,0.1207,4,0
46.3273,0.116005,59.997407,0.006413,0.0000,0.8436,7404.3,0.1207,4,0
46.3458,0.116005,59.997403,0.006414,0.0000,0.8431,7410.4,0.1209,4,0
46.3648,0.116005,59.997399,0.006415,0.0000,0.8436,7414.7,0.1212,4,0
46.3852,0.116005,59.997394,0.006415,0.0000,0.8441,7413.9,0.1214,4,0
46.4060,0.116005,59.997390,0.006416,0.0000,0.8441,7413.1,0.1214,4,0
46.4246,0.116005,59.997386,0.006416,0.0000,0.8441,7418.3,0.1213,4,0
46.4447,0.116005,59.997382,0.006417,0.0000,0.8436,7423.1,0.1214,4,0
46.4644,0.116005,59.997378,0.006417,0.0000,0.8431,7426.4,0.1216,4,0
46.4862,0.116005,59.997374,0.006418,0.0000,0.8436,7424.7,0.1220,4,0
46.5055,0.116005,59.997370,0.006418,0.0000,0.8441,7432.6,0.1225,4,0
46.5248,0.117171,59.997366,0.006419,0.0000,0.8436,7440.4,0.1236,4,0
46.5466,0.117171,59.997362,0.006419,0.0000,0.8431,7444.6,0.1250,4,0
46.5678,0.117171,59.997358,0.006419,0.0000,0.8431,7447.8,0.1268,4,0
46.5887,0.117171,59.997354,0.006420,0.0000,0.8431,7448.2,0.1289,4,0
46.6092,0.117171,59.997350,0.006420,0.0000,0.8403,7448.5,0.1314,4,0
46.6289,0.117171,59.997346,0.006420,0.0000,0.8376,7451.9,0.1347,4,0
46.6483,0.117171,59.997341,0.006420,0.0000,0.8324,7453.7,0.1382,4,0
46.6673,0.117171,59.997337,0.006421,0.0000,0.8272,7456.6,0.1420,4,0
46.6864,0.117171,59.997333,0.006421,0.0000,0.8198,7455.6,0.1460,4,0
46.7041,0.117171,59.997328,0.006421,0.0000,0.8124,7456.4,0.1502,4,0
46.7213,0.118331,59.997324,0.006421,0.0000,0.8031,7455.4,0.1540,4,0
46.7373,0.118331,59.997320,0.006421,0.0000,0.7937,7454.9,0.1572,4,0
46.7515,0.118331,59.997316,0.006421,0.0000,0.7870,7456.3,0.1594,4,0
46.7651,0.118331,59.997311,0.006421,0.0000,0.7802,7457.4,0.1609,4,0
46.7788,0.118331,59.997307,0.006421,0.0000,0.7721,7455.8,0.1615,4,0
46.7914,0.118331,59.997303,0.006421,0.0000,0.7640,7457.5,0.1613,4,0
46.8035,0.118331,59.997299,0.006421,0.0000,0.7593,7458.7,0.1603,4,0
46.8164,0.118331,59.997294,0.006421,0.0000,0.7545,7456.3,0.1588,4,0
46.8286,0.118331,59.997290,0.006421,0.0000,0.7517,7457.1,0.1572,4,0
46.8413,0.118331,59.997286,0.006421,0.0000,0.7488,7458.1,0.1554,4,0
46.8532,0.119476,59.997282,0.006421,0.0000,0.7476,7458.1,0.1537,4,0
46.8651,0.119476,59.997278,0.006420,0.0000,0.7463,7457.7,0.1521,4,0
46.8767,0.119476,59.997273,0.006420,0.0000,0.7454,7459.6,0.1510,4,0
46.8874,0.119476,59.997269,0.006420,0.0000,0.7446,7464.2,0.1503,4,0
46.8988,0.119476,59.997265,0.006420,0.0000,0.7449,7468.5,0.1498,4,0
46.9087,0.119476,59.997261,0.006420,0.0000,0.7453,7474.9,0.1494,4,0
46.9187,0.119476,59.997257,0.006419,0.0000,0.7467,7478.8,0.1492,4,0
46.9298,0.119476,59.997252,0.006419,0.0000,0.7481,7482.6,0.1491,4,0
46.9399,0.119476,59.997248,0.006418,0.0000,0.7534,7487.9,0.1490,4,0
46.9494,0.119476,59.997244,0.006418,0.0000,0.7588,7495.3,0.1484,4,0
46.9597,0.120611,59.997240,0.006418,0.0000,0.7690,7500.1,0.1476,4,0
46.9702,0.120611,59.997236,0.006417,0.0000,0.7792,7505.2,0.1465,4,0
46.9812,0.120611,59.997231,0.006417,0.0000,0.7941,7513.9,0.1448,4,0
46.9928,0.120611,59.997227,0.006416,0.0000,0.8089,7520.4,0.1424,4,0
47.0044,0.120611,59.997223,0.006416,0.0000,0.8251,7528.8,0.1389,4,0
47.0176,0.120611,59.997219,0.006415,0.0000,0.8413,7536.6,0.1345,4,0
47.0308,0.120611,59.997214,0.006414,0.0000,0.8552,7548.8,0.1295,4,0
47.0457,0.120611,59.997210,0.006414,0.0000,0.8690,7557.5,0.1241,4,0
47.0603,0.120611,59.997206,0.006413,0.0000,0.8817,7567.1,0.1183,4,0
47.0761,0.120611,59.997202,0.006412,0.0000,0.8944,7575.9,0.1126,4,0
47.0924,0.121741,59.997197,0.006411,0.0000,0.9053,7587.5,0.1074,4,0
47.1071,0.121741,59.997193,0.006411,0.0000,0.9161,7610.0,0.1027,4,0
47.1242,0.121741,59.997189,0.006410,0.0000,0.9234,7618.7,0.0986,4,0
47.1427,0.121741,59.997184,0.006409,0.0000,0.9307,7623.2,0.0953,4,0
47.1621,0.121741,59.997180,0.006409,0.0000,0.9384,7629.6,0.0931,4,0
47.1792,0.121741,59.997176,0.006407,0.0000,0.9461,7645.5,0.0917,4,0
47.1993,0.121741,59.997172,0.006406,0.0000,0.9533,7646.2,0.0911,4,0
47.2199,0.121741,59.997168,0.006405,0.0000,0.9606,7644.5,0.0909,4,0
47.2415,0.121741,59.997164,0.006404,0.0000,0.9687,7639.7,0.0913,4,0
47.2600,0.121741,59.997160,0.006403,0.0000,0.9768,7651.2,0.0921,4,0
47.2788,0.122877,59.997156,0.006402,0.0000,0.9848,7659.2,0.0934,4,0
47.2997,0.122877,59.997152,0.006401,0.0000,0.9927,7656.4,0.0948,4,0
47.3215,0.122877,59.997148,0.006400,0.0000,0.9964,7653.1,0.0965,4,0
47.3426,0.122877,59.997144,0.006399,0.0000,1.0000,7656.3,0.0983,4,0
47.3603,0.122877,59.997140,0.006398,0.0000,1.0000,7667.9,0.1001,4,0
47.3816,0.122877,59.997136,0.006397,0.0000,1.0000,7669.2,0.1019,4,0
47.4043,0.122877,59.997131,0.006395,0.0000,1.0000,7664.0,0.1038,4,0
47.4258,0.122877,59.997127,0.006394,0.0000,1.0000,7664.3,0.1058,4,0
47.4451,0.122877,59.997123,0.006393,0.0000,1.0000,7673.1,0.1082,4,0
47.4654,0.122877,59.997118,0.006391,0.0000,1.0000,7676.6,0.1106,4,0
47.4867,0.124029,59.997114,0.006390,0.0000,1.0000,7675.4,0.1132,4,0
47.5080,0.124029,59.997110,0.006389,0.0000,1.0000,7674.5,0.1162,4,0
47.5287,0.124029,59.997106,0.006387,0.0000,1.0000,7675.4,0.1191,4,0
47.5461,0.124029,59.997101,0.006386,0.0000,1.0000,7682.9,0.1219,4,0
47.5649,0.124029,59.997097,0.006384,0.0000,1.0000,7682.5,0.1242,4,0
47.5824,0.124029,59.997093,0.006383,0.0000,1.0000,7688.9,0.1262,4,0
47.6011,0.124029,59.997089,0.006381,0.0000,1.0000,7691.8,0.1277,4,0
47.6178,0.124029,59.997084,0.006379,0.0000,1.0000,7702.2,0.1286,4,0
47.6354,0.124029,59.997080,0.006378,0.0000,1.0000,7702.8,0.1289,4,0
47.6516,0.124029,59.997076,0.006376,0.0000,1.0000,7705.4,0.1288,4,0
47.6686,0.125176,59.997072,0.006375,0.0000,1.0000,7707.8,0.1282,4,0
47.6832,0.125176,59.997068,0.006373,0.0000,1.0000,7714.5,0.1272,4,0
47.6968,0.125176,59.997063,0.006371,0.0000,1.0000,7723.1,0.1258,4,0
47.7070,0.125176,59.997059,0.006370,0.0000,1.0000,7724.9,0.1242,4,0
47.7183,0.125176,59.997055,0.006368,0.0000,1.0000,7724.8,0.1225,4,0
47.7293,0.125176,59.997051,0.006366,0.0000,1.0000,7735.3,0.1206,4,0
47.7434,0.125176,59.997047,0.006364,0.0000,1.0000,7739.3,0.1188,4,0
47.7589,0.125176,59.997042,0.006362,0.0000,1.0000,7738.1,0.1173,4,0
47.7769,0.125176,59.997038,0.006360,0.0000,1.0000,7737.4,0.1162,4,0
47.7932,0.125176,59.997034,0.006358,0.0000,1.0000,7744.8,0.1156,4,0
47.8077,0.126326,59.997030,0.006356,0.0000,1.0000,7761.3,0.1153,4,0
47.8231,0.126326,59.997026,0.006354,0.0000,1.0000,7770.5,0.1155,4,0
47.8410,0.126326,59.997021,0.006352,0.0000,1.0000,7776.0,0.1165,4,0
47.8615,0.126326,59.997017,0.006350,0.0000,1.0000,7775.7,0.1182,4,0
47.8814,0.126326,59.997013,0.006348,0.0000,1.0000,7778.3,0.1206,4,0
47.9016,0.126326,59.997009,0.006346,0.0000,1.0000,7776.1,0.1232,4,0
47.9237,0.126326,59.997004,0.006344,0.0000,1.0000,7763.8,0.1263,4,0
47.9474,0.126326,59.997000,0.006341,0.0000,1.0000,7749.6,0.1298,4,0
47.9708,0.126326,59.996996,0.006339,0.0000,1.0000,7735.7,0.1334,4,0
47.9922,0.126326,59.996992,0.006337,0.0000,1.0000,7729.7,0.1372,4,0
48.0146,0.127477,59.996987,0.006334,0.0000,1.0000,7718.8,0.1409,4,0
48.0349,0.127477,59.996983,0.006332,0.0000,1.0000,7715.0,0.1447,4,0
48.0555,0.127477,59.996979,0.006330,0.0000,1.0000,7709.1,0.1480,4,0
48.0735,0.127477,59.996974,0.006327,0.0000,1.0000,7708.3,0.1507,4,0
48.0921,0.127477,59.996970,0.006325,0.0000,1.0000,7703.8,0.1525,4,0
48.1102,0.127477,59.996966,0.006323,0.0000,1.0000,7701.4,0.1537,4,0
48.1285,0.127477,59.996963,0.006320,0.0000,1.0000,7696.2,0.1538,4,0
48.1467,0.127477,59.996959,0.006317,0.0000,1.0000,7695.2,0.1527,4,0
48.1620,0.127477,59.996955,0.006315,0.0000,1.0000,7702.6,0.1508,4,0
48.1785,0.127477,59.996951,0.006312,0.0000,1.0000,7707.2,0.1483,4,0
48.1953,0.128629,59.996948,0.006310,0.0000,1.0000,7713.5,0.1455,4,0
48.2119,0.128629,59.996944,0.006307,0.0000,1.0000,7720.2,0.1423,4,0
48.2289,0.128629,59.996940,0.006305,0.0000,1.0000,7725.0,0.1389,4,0
48.2465,0.128629,59.996937,0.006302,0.0000,1.0000,7726.1,0.1357,4,0
48.2643,0.128629,59.996933,0.006300,0.0000,1.0000,7729.4,0.1326,4,0
48.2819,0.128629,59.996929,0.006297,0.0000,1.0000,7732.7,0.1295,4,0
48.2997,0.128629,59.996924,0.006294,0.0000,1.0000,7737.0,0.1266,4,0
48.3170,0.128629,59.996920,0.006291,0.0000,1.0000,7737.7,0.1240,4,0
48.3338,0.128629,59.996916,0.006288,0.0000,1.0000,7745.1,0.1218,4,0
48.3514,0.128629,59.996911,0.006286,0.0000,1.0000,7748.0,0.1199,4,0
48.3695,0.129788,59.996907,0.006283,0.0000,1.0000,7750.1,0.1182,4,0
48.3867,0.129788,59.996903,0.006280,0.0000,1.0000,7751.3,0.1169,4,0
48.4043,0.129788,59.996899,0.006277,0.0000,1.0000,7755.2,0.1161,4,0
48.4215,0.129788,59.996894,0.006274,0.0000,1.0000,7760.3,0.1158,4,0
48.4404,0.129788,59.996890,0.006272,0.0000,1.0000,7760.5,0.1157,4,0
48.4580,0.129788,59.996886,0.006269,0.0000,1.0000,7763.0,0.1160,4,0
48.4764,0.129788,59.996882,0.006265,0.0000,1.0000,7765.1,0.1168,4,0
48.4946,0.129788,59.996878,0.006262,0.0000,1.0000,7769.6,0.1180,4,0
48.5130,0.129788,59.996874,0.006259,0.0000,1.0000,7772.6,0.1194,4,0
48.5312,0.129788,59.996870,0.006256,0.0000,1.0000,7775.7,0.1211,4,0
48.5499,0.130952,59.996866,0.006253,0.0000,1.0000,7775.2,0.1232,4,0
48.5669,0.130952,59.996862,0.006250,0.0000,1.0000,7782.4,0.1256,4,0
48.5847,0.130952,59.996858,0.006247,0.0000,1.0000,7787.8,0.1278,4,0
48.6009,0.130952,59.996854,0.006244,0.0000,1.0000,7793.8,0.1300,4,0
48.6164,0.130952,59.996850,0.006241,0.0000,1.0000,7799.5,0.1320,4,0
48.6334,0.130952,59.996846,0.006238,0.0000,1.0000,7799.4,0.1338,4,0
48.6506,0.130952,59.996842,0.006234,0.0000,1.0000,7799.3,0.1351,4,0
48.6670,0.130952,59.996838,0.006231,0.0000,1.0000,7799.4,0.1360,4,0
48.6808,0.130952,59.996834,0.006228,0.0000,1.0000,7808.7,0.1364,4,0
48.6956,0.130952,59.996830,0.006224,0.0000,1.0000,7815.1,0.1369,4,0
48.7127,0.132131,59.996826,0.006221,0.0000,1.0000,7813.6,0.1371,4,0
48.7282,0.132131,59.996822,0.006218,0.0000,1.0000,7816.9,0.1371,4,0
48.7409,0.132131,59.996818,0.006214,0.0000,1.0000,7829.4,0.1370,4,0
48.7561,0.132131,59.996814,0.006211,0.0000,1.0000,7832.8,0.1370,4,0
48.7718,0.132131,59.996810,0.006208,0.0000,1.0000,7833.6,0.1371,4,0
48.7873,0.132131,59.996806,0.006204,0.0000,1.0000,7836.8,0.1371,4,0
48.7996,0.132131,59.996802,0.006201,0.0000,1.0000,7849.1,0.1369,4,0
48.8130,0.132131,59.996798,0.006197,0.0000,1.0000,7857.8,0.1368,4,0
48.8289,0.132131,59.996794,0.006193,0.0000,1.0000,7856.2,0.1371,4,0
48.8447,0.132131,59.996790,0.006190,0.0000,1.0000,7857.3,0.1373,4,0
48.8579,0.133313,59.996786,0.006186,0.0000,1.0000,7863.4,0.1375,4,0
48.8700,0.133313,59.996782,0.006183,0.0000,1.0000,7875.2,0.1377,4,0
48.8852,0.133313,59.996778,0.006179,0.0000,1.0000,7875.6,0.1383,4,0
48.9017,0.133313,59.996774,0.006175,0.0000,1.0000,7874.4,0.1387,4,0
48.9175,0.133313,59.996770,0.006172,0.0000,1.0000,7874.2,0.1394,4,0
48.9294,0.133313,59.996766,0.006168,0.0000,1.0000,7886.2,0.1401,4,0
48.9451,0.133313,59.996762,0.006164,0.0000,1.0000,7888.0,0.1413,4,0
48.9604,0.133313,59.996758,0.006160,0.0000,1.0000,7891.9,0.1428,4,0
48.9771,0.133313,59.996754,0.006157,0.0000,1.0000,7890.5,0.1444,4,0
48.9915,0.133313,59.996750,0.006153,0.0000,1.0000,7894.8,0.1460,4,0
49.0066,0.134493,59.996746,0.006149,0.0000,1.0000,7898.1,0.1482,4,0
49.0225,0.134493,59.996742,0.006145,0.0000,1.0000,7899.1,0.1503,4,0
49.0388,0.134493,59.996738,0.006141,0.0000,1.0000,7898.2,0.1523,4,0
49.0539,0.134493,59.996734,0.006137,0.0000,1.0000,7900.4,0.1541,4,0
49.0693,0.134493,59.996730,0.006133,0.0000,1.0000,7901.4,0.1558,4,0
49.0859,0.134493,59.996726,0.006129,0.0000,1.0000,7897.7,0.1572,4,0
49.1032,0.134493,59.996723,0.006125,0.0000,1.0000,7892.6,0.1580,4,0
49.1180,0.134493,59.996719,0.006121,0.0000,1.0000,7893.6,0.1583,4,0
49.1324,0.134493,59.996715,0.006117,0.0000,1.0000,7899.2,0.1582,4,0
49.1486,0.134493,59.996712,0.006113,0.0000,1.0000,7897.9,0.1575,4,0
49.1636,0.135671,59.996708,0.006109,0.0000,1.0000,7896.9,0.1558,4,0
49.1792,0.135671,59.996704,0.006105,0.0000,1.0000,7895.2,0.1537,4,0
49.1909,0.135671,59.996700,0.006101,0.0000,1.0000,7903.7,0.1510,4,0
49.2037,0.135671,59.996697,0.006097,0.0000,1.0000,7906.4,0.1481,4,0
49.2177,0.135671,59.996693,0.006093,0.0000,1.0000,7905.5,0.1448,4,0
49.2313,0.135671,59.996689,0.006088,0.0000,1.0000,7907.0,0.1415,4,0
49.2431,0.135671,59.996685,0.006084,0.0000,1.0000,7915.4,0.1382,4,0
49.2569,0.135671,59.996682,0.006080,0.0000,1.0000,7919.1,0.1355,4,0
49.2714,0.135671,59.996678,0.006075,0.0000,1.0000,7920.7,0.1328,4,0
49.2876,0.135671,59.996674,0.006071,0.0000,1.0000,7918.7,0.1303,4,0
49.3016,0.136851,59.996670,0.006067,0.0000,1.0000,7922.3,0.1283,4,0
49.3166,0.136851,59.996666,0.006063,0.0000,1.0000,7927.5,0.1270,4,0
49.3325,0.136851,59.996663,0.006058,0.0000,1.0000,7926.6,0.1263,4,0
49.3486,0.136851,59.996659,0.006054,0.0000,1.0000,7929.2,0.1260,4,0
49.3649,0.136851,59.996655,0.006050,0.0000,1.0000,7929.0,0.1265,4,0
49.3794,0.136851,59.996651,0.006045,0.0000,1.0000,7935.0,0.1277,4,0
49.3960,0.136851,59.996647,0.006041,0.0000,1.0000,7931.0,0.1295,4,0
49.4114,0.136851,59.996643,0.006036,0.0000,1.0000,7932.8,0.1315,4,0
49.4268,0.136851,59.996639,0.006031,0.0000,1.0000,7931.0,0.1337,4,0
49.4409,0.136851,59.996636,0.006027,0.0000,1.0000,7934.0,0.1360,4,0
49.4566,0.138037,59.996632,0.006022,0.0000,1.0000,7928.0,0.1381,4,0
49.4720,0.138037,59.996628,0.006018,0.0000,1.0000,7926.4,0.1398,4,0
49.4882,0.138037,59.996624,0.006013,0.0000,1.0000,7921.7,0.1411,4,0
49.5033,0.138037,59.996620,0.006009,0.0000,1.0000,7920.0,0.1420,4,0
49.5188,0.138037,59.996616,0.006004,0.0000,1.0000,7917.5,0.1423,4,0
49.5348,0.138037,59.996612,0.005999,0.0000,1.0000,7914.2,0.1422,4,0
49.5507,0.138037,59.996609,0.005995,0.0000,1.0000,7912.8,0.1414,4,0
49.5654,0.138037,59.996605,0.005990,0.0000,1.0000,7917.1,0.1402,4,0
49.5802,0.138037,59.996602,0.005985,0.0000,1.0000,7924.3,0.1388,4,0
49.5960,0.138037,59.996598,0.005980,0.0000,1.0000,7926.4,0.1370,4,0
49.6127,0.139224,59.996594,0.005976,0.0000,1.0000,7927.0,0.1349,4,0
49.6282,0.139224,59.996591,0.005971,0.0000,1.0000,7932.2,0.1329,4,0
49.6435,0.139224,59.996587,0.005966,0.0000,1.0000,7940.5,0.1310,4,0
49.6609,0.139224,59.996584,0.005961,0.0000,1.0000,7941.9,0.1292,4,0
49.6795,0.139224,59.996580,0.005956,0.0000,1.0000,7939.0,0.1274,4,0
49.6966,0.139224,59.996576,0.005951,0.0000,1.0000,7938.1,0.1260,4,0
49.7143,0.139224,59.996572,0.005947,0.0000,1.0000,7939.5,0.1252,4,0
49.7326,0.139224,59.996568,0.005942,0.0000,1.0000,7937.1,0.1248,4,0
49.7524,0.139224,59.996564,0.005937,0.0000,1.0000,7931.4,0.1247,4,0
49.7719,0.139224,59.996560,0.005932,0.0000,1.0000,7927.4,0.1252,4,0
49.7905,0.140418,59.996556,0.005927,0.0000,1.0000,7927.1,0.1263,4,0
49.8087,0.140418,59.996552,0.005922,0.0000,1.0000,7929.2,0.1277,4,0
49.8284,0.140418,59.996548,0.005917,0.0000,1.0000,7926.8,0.1295,4,0
49.8470,0.140418,59.996544,0.005912,0.0000,1.0000,7923.1,0.1313,4,0
49.8647,0.140418,59.996540,0.005907,0.0000,1.0000,7924.4,0.1333,4,0
49.8810,0.140418,59.996537,0.005901,0.0000,1.0000,7930.7,0.1353,4,0
49.8973,0.140418,59.996533,0.005896,0.0000,1.0000,7932.5,0.1370,4,0
49.9129,0.140418,59.996530,0.005891,0.0000,1.0000,7936.8,0.1383,4,0
49.9293,0.140418,59.996526,0.005886,0.0000,1.0000,7938.3,0.1394,4,0
49.9442,0.140418,59.996523,0.005881,0.0000,1.0000,7944.9,0.1401,4,0
49.9607,0.141613,59.996520,0.005875,0.0000,1.0000,7944.3,0.1401,4,0
49.9763,0.141613,59.996516,0.005870,0.0000,1.0000,7950.2,0.1396,4,0
49.9929,0.141613,59.996513,0.005865,0.0000,1.0000,7951.0,0.1386,4,0
50.0089,0.141613,59.996509,0.005860,0.0000,1.0000,7950.4,0.1373,4,0
50.0258,0.141613,59.996506,0.005855,0.0000,1.0000,7951.8,0.1355,4,0
50.0395,0.141613,59.996502,0.005849,0.0000,1.0000,7960.7,0.1336,4,0
50.0544,0.141613,59.996498,0.005844,0.0000,1.0000,7967.2,0.1314,4,0
50.0696,0.141613,59.996495,0.005839,0.0000,1.0000,7974.9,0.1293,4,0
50.0844,0.141613,59.996491,0.005833,0.0000,1.0000,7982.8,0.1270,4,0
50.0998,0.141613,59.996487,0.005828,0.0000,1.0000,7990.5,0.1246,4,0
50.1154,0.142814,59.996483,0.005822,0.0000,1.0000,7997.1,0.1221,4,0
50.1317,0.142814,59.996479,0.005817,0.0000,1.0000,8001.4,0.1199,4,0
50.1474,0.142814,59.996476,0.005812,0.0000,1.0000,8004.7,0.1175,4,0
50.1635,0.142814,59.996472,0.005806,0.0000,1.0000,8012.5,0.1151,4,0
50.1784,0.142814,59.996468,0.005801,0.0000,1.0000,8019.9,0.1127,4,0
50.1939,0.142814,59.996465,0.005795,0.0000,1.0000,8025.6,0.1105,4,0
50.2090,0.142814,59.996461,0.005790,0.0000,1.0000,8032.2,0.1081,4,0
50.2239,0.142814,59.996457,0.005784,0.0000,1.0000,8039.1,0.1059,4,0
50.2396,0.142814,59.996454,0.005778,0.0000,1.0000,8045.0,0.1038,4,0
50.2555,0.142814,59.996451,0.005773,0.0000,1.0000,8048.2,0.1019,4,0
50.2708,0.144023,59.996447,0.005767,0.0000,1.0000,8053.7,0.1002,4,0
50.2873,0.144023,59.996444,0.005762,0.0000,1.0000,8057.0,0.0988,4,0
50.3035,0.144023,59.996440,0.005756,0.0000,1.0000,8058.1,0.0977,4,0
50.3198,0.144023,59.996437,0.005750,0.0000,1.0000,8060.4,0.0970,4,0
50.3348,0.144023,59.996433,0.005745,0.0000,1.0000,8068.5,0.0966,4,0
50.3520,0.144023,59.996430,0.005739,0.0000,1.0000,8068.3,0.0965,4,0
50.3698,0.144023,59.996426,0.005733,0.0000,1.0000,8065.2,0.0965,4,0
50.3873,0.144023,59.996423,0.005727,0.0000,1.0000,8064.4,0.0969,4,0
50.4023,0.144023,59.996420,0.005722,0.0000,1.0000,8071.5,0.0976,4,0
50.4199,0.144023,59.996417,0.005716,0.0000,1.0000,8069.3,0.0982,4,0
50.4374,0.145241,59.996413,0.005710,0.0000,1.0000,8067.8,0.0988,4,0
50.4545,0.145241,59.996410,0.005704,0.0000,1.0000,8066.8,0.0995,4,0
50.4697,0.145241,59.996407,0.005698,0.0000,1.0000,8071.5,0.1001,4,0
50.4858,0.145241,59.996403,0.005692,0.0000,1.0000,8072.9,0.1004,4,0
50.5018,0.145241,59.996400,0.005687,0.0000,1.0000,8074.4,0.1006,4,0
50.5191,0.145241,59.996397,0.005681,0.0000,1.0000,8072.0,0.1006,4,0
50.5374,0.145241,59.996393,0.005675,0.0000,1.0000,8070.1,0.1006,4,0
50.5560,0.145241,59.996389,0.005669,0.0000,1.0000,8070.2,0.1004,4,0
50.5747,0.145241,59.996386,0.005663,0.0000,1.0000,8067.5,0.1003,4,0
50.5930,0.145241,59.996382,0.005656,0.0000,1.0000,8066.0,0.1003,4,0
50.6119,0.146465,59.996379,0.005650,0.0000,1.0000,8064.7,0.1006,4,0
50.6288,0.146465,59.996375,0.005644,0.0000,1.0000,8071.5,0.1010,4,0
50.6459,0.146465,59.996372,0.005638,0.0000,1.0000,8074.5,0.1014,4,0
50.6631,0.146465,59.996368,0.005632,0.0000,1.0000,8077.6,0.1016,4,0
50.6812,0.146465,59.996365,0.005626,0.0000,1.0000,8077.3,0.1020,4,0
50.6981,0.146465,59.996362,0.005620,0.0000,1.0000,8079.4,0.1020,4,0
50.7154,0.146465,59.996359,0.005614,0.0000,1.0000,8077.7,0.1016,4,0
50.7319,0.146465,59.996356,0.005608,0.0000,1.0000,8079.6,0.1008,4,0
50.7497,0.146465,59.996353,0.005601,0.0000,1.0000,8077.5,0.0996,4,0
50.7656,0.146465,59.996349,0.005595,0.0000,1.0000,8078.4,0.0975,4,0
50.7839,0.147691,59.996346,0.005589,0.0000,1.0000,8071.6,0.0948,4,0
50.8007,0.147691,59.996343,0.005583,0.0000,1.0000,8071.2,0.0916,4,0
50.8191,0.147691,59.996340,0.005577,0.0000,1.0000,8069.7,0.0880,4,0
50.8366,0.147691,59.996337,0.005570,0.0000,1.0000,8072.6,0.0838,4,0
50.8551,0.147691,59.996334,0.005564,0.0000,1.0000,8075.9,0.0794,4,0
50.8716,0.147691,59.996331,0.005558,0.0000,1.0000,8081.6,0.0749,4,0
50.8903,0.147691,59.996327,0.005551,0.0000,1.0000,8086.9,0.0705,4,0
50.9083,0.147691,59.996324,0.005545,0.0000,1.0000,8093.1,0.0664,4,0
50.9269,0.147691,59.996320,0.005539,0.0000,1.0000,8095.7,0.0623,4,0
50.9448,0.147691,59.996317,0.005532,0.0000,1.0000,8099.8,0.0587,4,0
50.9630,0.148917,59.996314,0.005526,0.0000,1.0000,8102.5,0.0552,4,0
50.9811,0.148917,59.996310,0.005519,0.0000,1.0000,8106.3,0.0520,4,0
51.0002,0.148917,59.996307,0.005513,0.0000,1.0000,8107.7,0.0489,4,0
51.0176,0.148917,59.996303,0.005507,0.0000,1.0000,8110.3,0.0462,4,0
51.0363,0.148917,59.996300,0.005500,0.0000,1.0000,8114.7,0.0438,4,0
51.0554,0.148917,59.996297,0.005494,0.0000,1.0000,8115.8,0.0417,4,0
51.0744,0.148917,59.996294,0.005487,0.0000,1.0000,8114.1,0.0398,4,0
51.0918,0.148917,59.996291,0.005481,0.0000,1.0000,8121.1,0.0382,4,0
51.1119,0.148917,59.996288,0.005474,0.0000,1.0000,8118.8,0.0372,4,0
51.1325,0.148917,59.996285,0.005467,0.0000,1.0000,8114.3,0.0363,4,0
51.1544,0.150149,59.996282,0.005461,0.0000,1.0000,8104.1,0.0357,4,0
51.1752,0.150149,59.996279,0.005454,0.0000,1.0000,8097.4,0.0353,4,0
51.1950,0.150149,59.996276,0.005448,0.0000,1.0000,8098.9,0.0353,4,0
51.2180,0.150149,59.996273,0.005441,0.0000,1.0000,8087.3,0.0354,4,0
51.2396,0.150149,59.996270,0.005435,0.0000,1.0000,8079.6,0.0356,4,0
51.2602,0.150149,59.996267,0.005428,0.0000,1.0000,8074.4,0.0358,4,0
51.2784,0.150149,59.996264,0.005421,0.0000,1.0000,8083.5,0.0362,4,0
51.3000,0.150149,59.996261,0.005414,0.0000,1.0000,8079.3,0.0366,4,0
51.3240,0.150149,59.996258,0.005408,0.0000,1.0000,8061.5,0.0369,4,0
51.3455,0.150149,59.996255,0.005401,0.0000,1.0000,8053.0,0.0371,4,0
51.3699,0.151390,59.996252,0.005394,0.0000,1.0000,8036.0,0.0373,4,0
51.3939,0.151390,59.996249,0.005388,0.0000,1.0000,8023.9,0.0373,4,0
51.4133,0.151390,59.996246,0.005381,0.0000,1.0000,8029.9,0.0373,4,0
51.4318,0.151390,59.996243,0.005374,0.0000,1.0000,8036.3,0.0369,4,0
51.4541,0.151390,59.996240,0.005367,0.0000,1.0000,8029.9,0.0366,4,0
51.4761,0.151390,59.996237,0.005360,0.0000,1.0000,8028.1,0.0363,4,0
51.4952,0.151390,59.996234,0.005354,0.0000,1.0000,8036.2,0.0358,4,0
51.5132,0.151390,59.996231,0.005347,0.0000,1.0000,8046.3,0.0354,4,0
51.5348,0.151390,59.996228,0.005340,0.0000,1.0000,8042.2,0.0351,4,0
51.5570,0.151390,59.996225,0.005333,0.0000,1.0000,8038.5,0.0347,4,0
51.5767,0.152641,59.996222,0.005326,0.0000,1.0000,8043.9,0.0341,4,0
51.5944,0.152641,59.996219,0.005319,0.0000,1.0000,8053.9,0.0334,4,0
51.6156,0.152641,59.996216,0.005312,0.0000,1.0000,8051.7,0.0327,4,0
51.6373,0.152641,59.996213,0.005306,0.0000,1.0000,8050.1,0.0319,4,0
51.6574,0.152641,59.996210,0.005299,0.0000,1.0000,8053.6,0.0309,4,0
51.6746,0.152641,59.996207,0.005292,0.0000,1.0000,8066.4,0.0297,4,0
51.6954,0.152641,59.996204,0.005285,0.0000,1.0000,8065.4,0.0286,4,0
51.7167,0.152641,59.996200,0.005278,0.0000,1.0000,8063.6,0.0274,4,0
51.7376,0.152641,59.996197,0.005271,0.0000,1.0000,8063.3,0.0259,4,0
51.7549,0.152641,59.996194,0.005264,0.0000,1.0000,8075.5,0.0242,4,0
51.7745,0.153901,59.996191,0.005257,0.0000,1.0000,8078.3,0.0223,4,0
51.7967,0.153901,59.996188,0.005250,0.0000,1.0000,8073.0,0.0204,4,0
51.8182,0.153901,59.996184,0.005243,0.0000,1.0000,8069.1,0.0184,4,0
51.8363,0.153901,59.996181,0.005236,0.0000,1.0000,8078.6,0.0163,4,0
51.8553,0.153901,59.996178,0.005229,0.0000,1.0000,8084.8,0.0144,4,0
51.8772,0.153901,59.996175,0.005222,0.0000,1.0000,8082.3,0.0129,4,0
51.8986,0.153901,59.996172,0.005215,0.0000,1.0000,8081.6,0.0113,4,0
51.9181,0.153901,59.996169,0.005208,0.0000,1.0000,8085.6,0.0100,4,0
51.9371,0.153901,59.996166,0.005201,0.0000,1.0000,8093.6,0.0089,4,0
51.9586,0.153901,59.996162,0.005194,0.0000,1.0000,8094.3,0.0081,4,0
51.9818,0.155167,59.996159,0.005187,0.0000,1.0000,8088.1,0.0072,4,0
52.0022,0.155167,59.996156,0.005180,0.0000,1.0000,8091.8,0.0063,4,0
52.0210,0.155167,59.996153,0.005173,0.0000,1.0000,8102.0,0.0053,4,0
52.0423,0.155167,59.996150,0.005165,0.0000,1.0000,8103.8,0.0044,4,0
52.0648,0.155167,59.996147,0.005158,0.0000,1.0000,8100.9,0.0033,4,0
52.0857,0.155167,59.996144,0.005151,0.0000,1.0000,8102.4,0.0023,4,0
52.1028,0.155167,59.996141,0.005144,0.0000,1.0000,8119.4,0.0012,4,0
52.1241,0.155167,59.996138,0.005137,0.0000,1.0000,8119.8,0.0001,4,0
52.1459,0.155167,59.996135,0.005130,0.0000,1.0000,8117.6,-0.0011,4,0
52.1671,0.155167,59.996132,0.005123,0.0000,1.0000,8115.8,-0.0025,4,0
52.1841,0.156441,59.996129,0.005116,0.0000,1.0000,8129.6,-0.0042,4,0
52.2040,0.156441,59.996126,0.005108,0.0000,1.0000,8133.5,-0.0062,4,0
52.2244,0.156441,59.996123,0.005101,0.0000,1.0000,8135.2,-0.0089,4,0
52.2455,0.156441,59.996120,0.005094,0.0000,1.0000,8131.4,-0.0123,4,0
52.2646,0.156441,59.996117,0.005087,0.0000,1.0000,8137.8,-0.0161,4,0
52.2836,0.156441,59.996114,0.005080,0.0000,1.0000,8145.3,-0.0204,4,0
52.3044,0.156441,59.996111,0.005073,0.0000,1.0000,8145.7,-0.0249,4,0
52.3263,0.156441,59.996108,0.005065,0.0000,1.0000,8138.7,-0.0295,4,0
52.3449,0.156441,59.996105,0.005058,0.0000,1.0000,8146.0,-0.0340,4,0
52.3643,0.156441,59.996101,0.005051,0.0000,1.0000,8152.1,-0.0383,4,0
52.3838,0.157722,59.996098,0.005044,0.0000,1.0000,8157.7,-0.0422,4,0
52.4053,0.157722,59.996095,0.005037,0.0000,1.0000,8150.9,-0.0458,4,0
52.4254,0.157722,59.996092,0.005030,0.0000,1.0000,8152.5,-0.0493,4,0
52.4441,0.157722,59.996089,0.005022,0.0000,1.0000,8160.5,-0.0529,4,0
52.4629,0.157722,59.996086,0.005015,0.0000,1.0000,8168.3,-0.0564,4,0
52.4840,0.157722,59.996083,0.005008,0.0000,1.0000,8161.7,-0.0597,4,0
52.5031,0.157722,59.996080,0.005001,0.0000,1.0000,8165.2,-0.0630,4,0
52.5207,0.157722,59.996077,0.004994,0.0000,1.0000,8176.0,-0.0664,4,0
52.5372,0.157722,59.996074,0.004987,0.0000,1.0000,8189.4,-0.0695,4,0
52.5566,0.157722,59.996071,0.004979,0.0000,1.0000,8187.8,-0.0719,4,0
52.5751,0.159007,59.996068,0.004972,0.0000,1.0000,8188.8,-0.0739,4,0
52.5933,0.159007,59.996065,0.004965,0.0000,1.0000,8195.4,-0.0757,4,0
52.6095,0.159007,59.996062,0.004958,0.0000,1.0000,8210.1,-0.0771,4,0
52.6281,0.159007,59.996059,0.004951,0.0000,1.0000,8210.2,-0.0780,4,0
52.6470,0.159007,59.996056,0.004944,0.0000,1.0000,8210.1,-0.0788,4,0
52.6656,0.159007,59.996053,0.004937,0.0000,1.0000,8215.1,-0.0798,4,0
52.6805,0.159007,59.996050,0.004929,0.0000,1.0000,8233.4,-0.0808,4,0
52.6972,0.159007,59.996047,0.004922,0.0000,1.0000,8242.2,-0.0817,4,0
52.7136,0.159007,59.996044,0.004915,0.0000,1.0000,8250.9,-0.0826,4,0
52.7308,0.159007,59.996041,0.004908,0.0000,1.0000,8255.6,-0.0837,4,0
52.7464,0.160298,59.996037,0.004901,0.0000,1.0000,8265.7,-0.0848,4,0
52.7616,0.160298,59.996034,0.004894,0.0000,1.0000,8281.2,-0.0857,4,0
52.7732,0.160298,59.996031,0.004887,0.0000,1.0000,8298.9,-0.0868,4,0
52.7885,0.160298,59.996028,0.004880,0.0000,1.0000,8308.6,-0.0882,4,0
52.8042,0.160298,59.996025,0.004873,0.0000,1.0000,8313.6,-0.0898,4,0
52.8193,0.160298,59.996022,0.004866,0.0000,1.0000,8323.0,-0.0913,4,0
52.8304,0.160298,59.996018,0.004859,0.0000,1.0000,8344.4,-0.0928,4,0
52.8445,0.160298,59.996015,0.004852,0.0000,1.0000,8354.2,-0.0946,4,0
52.8597,0.160298,59.996011,0.004845,0.0000,1.0000,8357.5,-0.0962,4,0
52.8747,0.160298,59.996008,0.004838,0.0000,1.0000,8366.9,-0.0975,4,0
52.8896,0.161594,59.996004,0.004831,0.0000,1.0000,8372.0,-0.0988,4,0
52.9051,0.161594,59.996001,0.004824,0.0000,1.0000,8376.1,-0.1000,4,0
52.9205,0.161594,59.995997,0.004817,0.0000,0.9717,8378.0,-0.1009,4,0
52.9344,0.161594,59.995993,0.004810,0.0000,0.9434,8379.8,-0.1013,4,0
52.9474,0.161594,59.995990,0.004803,0.0000,0.9005,8377.6,-0.1013,4,0
52.9606,0.161594,59.995987,0.004796,0.0000,0.8577,8365.0,-0.1012,4,0
52.9706,0.161594,59.995984,0.004789,0.0000,0.7990,8356.0,-0.1007,4,0
52.9777,0.161594,59.995981,0.004782,0.0000,0.7404,8347.7,-0.0998,4,0
52.9829,0.161594,59.995978,0.004775,0.0000,0.6711,8330.8,-0.0989,4,0
52.9861,0.161594,59.995975,0.004768,0.0000,0.6019,8309.4,-0.0980,4,0
52.9884,0.162893,59.995972,0.004762,0.0000,0.5519,8276.3,-0.0969,4,0
52.9859,0.162893,59.995969,0.004755,0.0000,0.5019,8248.7,-0.0956,4,0
52.9800,0.162893,59.995966,0.004748,0.0000,0.4473,8225.3,-0.0944,4,0
52.9717,0.162893,59.995963,0.004741,0.0000,0.3927,8202.9,-0.0932,4,0
52.9608,0.162893,59.995960,0.004734,0.0000,0.3604,8183.6,-0.0919,4,0
52.9459,0.162893,59.995957,0.004727,0.0000,0.3282,8173.0,-0.0905,4,0
52.9296,0.162893,59.995953,0.004721,0.0000,0.3180,8164.3,-0.0893,4,0
52.9128,0.162893,59.995950,0.004714,0.0000,0.3077,8157.5,-0.0882,4,0
52.8948,0.162893,59.995946,0.004707,0.0000,0.3126,8155.3,-0.0871,4,0
52.8774,0.162893,59.995943,0.004701,0.0000,0.3175,8151.3,-0.0861,4,0
52.8605,0.164191,59.995940,0.004694,0.0000,0.3321,8148.0,-0.0853,4,0
52.8438,0.164191,59.995936,0.004687,0.0000,0.3468,8146.3,-0.0847,4,0
52.8274,0.164191,59.995933,0.004681,0.0000,0.3676,8149.2,-0.0841,4,0
52.8132,0.164191,59.995929,0.004674,0.0000,0.3884,8150.9,-0.0837,4,0
52.8005,0.164191,59.995926,0.004667,0.0000,0.4097,8151.5,-0.0836,4,0
52.7874,0.164191,59.995922,0.004661,0.0000,0.4310,8153.7,-0.0837,4,0
52.7764,0.164191,59.995919,0.004654,0.0000,0.4470,8158.4,-0.0840,4,0
52.7654,0.164191,59.995915,0.004648,0.0000,0.4630,8161.5,-0.0843,4,0
52.7568,0.164191,59.995912,0.004641,0.0000,0.4807,8160.2,-0.0848,4,0
52.7473,0.164191,59.995908,0.004635,0.0000,0.4984,8164.5,-0.0851,4,0
52.7404,0.165488,59.995904,0.004628,0.0000,0.5099,8165.9,-0.0855,4,0
52.7326,0.165488,59.995901,0.004622,0.0000,0.5213,8171.9,-0.0857,4,0
52.7272,0.165488,59.995897,0.004615,0.0000,0.5311,8169.8,-0.0859,4,0
52.7202,0.165488,59.995894,0.004608,0.0000,0.5408,8171.7,-0.0860,4,0
52.7154,0.165488,59.995890,0.004602,0.0000,0.5526,8176.2,-0.0860,4,0
52.7091,0.165488,59.995887,0.004596,0.0000,0.5645,8182.8,-0.0861,4,0
52.7050,0.165488,59.995883,0.004589,0.0000,0.5830,8185.0,-0.0865,4,0
52.6989,0.165488,59.995880,0.004583,0.0000,0.6016,8200.9,-0.0871,4,0
52.6977,0.165488,59.995877,0.004577,0.0000,0.6229,8200.8,-0.0880,4,0
52.6968,0.165488,59.995874,0.004570,0.0000,0.6442,8201.5,-0.0892,4,0
52.6946,0.166781,59.995870,0.004564,0.0000,0.6616,8214.9,-0.0911,4,0
52.6938,0.166781,59.995867,0.004557,0.0000,0.6789,8225.6,-0.0932,4,0
52.6958,0.166781,59.995864,0.004551,0.0000,0.6864,8227.1,-0.0955,4,0
52.6966,0.166781,59.995860,0.004545,0.0000,0.6939,8233.2,-0.0979,4,0
52.6983,0.166781,59.995857,0.004538,0.0000,0.6965,8239.9,-0.1007,4,0
52.6985,0.166781,59.995853,0.004532,0.0000,0.6992,8252.8,-0.1035,4,0
52.7010,0.166781,59.995850,0.004526,0.0000,0.6995,8252.0,-0.1062,4,0
52.7041,0.166781,59.995846,0.004520,0.0000,0.6999,8249.6,-0.1087,4,0
52.7055,0.166781,59.995842,0.004514,0.0000,0.6999,8254.9,-0.1111,4,0
52.7060,0.166781,59.995839,0.004507,0.0000,0.6999,8262.2,-0.1130,4,0
52.7098,0.168073,59.995835,0.004501,0.0000,0.6987,8259.6,-0.1144,4,0
52.7132,0.168073,59.995831,0.004495,0.0000,0.6974,8257.1,-0.1154,4,0
52.7163,0.168073,59.995827,0.004489,0.0000,0.6917,8258.2,-0.1161,4,0
52.7200,0.168073,59.995824,0.004483,0.0000,0.6860,8260.5,-0.1163,4,0
52.7245,0.168073,59.995820,0.004477,0.0000,0.6758,8255.3,-0.1162,4,0
52.7282,0.168073,59.995817,0.004470,0.0000,0.6655,8250.7,-0.1154,4,0
52.7326,0.168073,59.995813,0.004464,0.0000,0.6532,8243.2,-0.1144,4,0
52.7350,0.168073,59.995810,0.004458,0.0000,0.6409,8241.5,-0.1127,4,0
52.7383,0.168073,59.995806,0.004452,0.0000,0.6334,8231.1,-0.1106,4,0
52.7425,0.168073,59.995803,0.004446,0.0000,0.6258,8214.9,-0.1083,4,0
52.7448,0.169368,59.995799,0.004440,0.0000,0.6236,8206.8,-0.1059,4,0
52.7457,0.169368,59.995795,0.004434,0.0000,0.6214,8204.3,-0.1032,4,0
52.7464,0.169368,59.995792,0.004428,0.0000,0.6253,8199.4,-0.1004,4,0
52.7473,0.169368,59.995788,0.004422,0.0000,0.6293,8197.4,-0.0976,4,0
52.7485,0.169368,59.995785,0.004416,0.0000,0.6372,8197.5,-0.0947,4,0
52.7514,0.169368,59.995781,0.004410,0.0000,0.6450,8196.1,-0.0916,4,0
52.7553,0.169368,59.995777,0.004404,0.0000,0.6534,8193.8,-0.0884,4,0
52.7591,0.169368,59.995774,0.004398,0.0000,0.6617,8195.9,-0.0854,4,0
52.7646,0.169368,59.995770,0.004393,0.0000,0.6712,8193.9,-0.0828,4,0
52.7721,0.169368,59.995766,0.004387,0.0000,0.6807,8186.9,-0.0804,4,0
52.7797,0.170686,59.995762,0.004381,0.0000,0.6930,8183.9,-0.0788,4,0
52.7854,0.170686,59.995758,0.004375,0.0000,0.7052,8189.5,-0.0780,4,0
52.7909,0.170686,59.995755,0.004369,0.0000,0.7164,8198.9,-0.0779,4,0
52.7992,0.170686,59.995751,0.004363,0.0000,0.7276,8198.9,-0.0785,4,0
52.8095,0.170686,59.995747,0.004357,0.0000,0.7432,8198.0,-0.0795,4,0
52.8174,0.170686,59.995743,0.004351,0.0000,0.7588,8202.2,-0.0808,4,0
52.8251,0.170686,59.995740,0.004346,0.0000,0.7713,8208.6,-0.0821,4,0
52.8349,0.170686,59.995736,0.004340,0.0000,0.7837,8208.0,-0.0833,4,0
52.8441,0.170686,59.995732,0.004334,0.0000,0.7937,8210.9,-0.0841,4,0
52.8544,0.170686,59.995728,0.004328,0.0000,0.8037,8214.5,-0.0847,4,0
52.8646,0.171997,59.995725,0.004322,0.0000,0.8134,8223.0,-0.0850,4,0
52.8779,0.171997,59.995721,0.004317,0.0000,0.8231,8219.4,-0.0848,4,0
52.8917,0.171997,59.995717,0.004311,0.0000,0.8336,8218.9,-0.0843,4,0
52.9056,0.171997,59.995714,0.004305,0.0000,0.8440,8220.2,-0.0834,4,0
52.9171,0.171997,59.995710,0.004299,0.0000,0.8522,8233.1,-0.0821,4,0
52.9342,0.171997,59.995706,0.004294,0.0000,0.8603,8231.3,-0.0807,4,0
52.9499,0.171997,59.995702,0.004288,0.0000,0.8666,8235.1,-0.0790,4,0
52.9641,0.171997,59.995698,0.004282,0.0000,0.8730,8241.2,-0.0772,4,0
52.9779,0.171997,59.995694,0.004277,0.0000,0.8775,8252.4,-0.0753,4,0
52.9944,0.171997,59.995690,0.004271,0.0000,0.8820,8254.5,-0.0734,4,0
53.0118,0.173315,59.995686,0.004265,0.0000,0.8887,8257.4,-0.0717,4,0
53.0285,0.173315,59.995682,0.004260,0.0000,0.8955,8263.0,-0.0702,4,0
53.0443,0.173315,59.995678,0.004254,0.0000,0.9013,8275.0,-0.0690,4,0
53.0617,0.173315,59.995674,0.004248,0.0000,0.9072,8281.9,-0.0680,4,0
53.0780,0.173315,59.995670,0.004243,0.0000,0.9123,8288.5,-0.0672,4,0
53.0967,0.173315,59.995666,0.004237,0.0000,0.9174,8293.9,-0.0665,4,0
53.1129,0.173315,59.995662,0.004231,0.0000,0.9200,8302.5,-0.0661,4,0
53.1319,0.173315,59.995659,0.004226,0.0000,0.9227,8306.4,-0.0658,4,0
53.1474,0.173315,59.995655,0.004220,0.0000,0.9230,8322.9,-0.0655,4,0
53.1662,0.173315,59.995651,0.004215,0.0000,0.9234,8326.0,-0.0653,4,0
53.1831,0.174640,59.995647,0.004209,0.0000,0.9261,8331.9,-0.0650,4,0
53.2030,0.174640,59.995643,0.004204,0.0000,0.9289,8336.3,-0.0647,4,0
53.2193,0.174640,59.995640,0.004198,0.0000,0.9347,8347.2,-0.0644,4,0
53.2402,0.174640,59.995636,0.004193,0.0000,0.9406,8345.3,-0.0642,4,0
53.2608,0.174640,59.995632,0.004187,0.0000,0.9456,8344.2,-0.0642,4,0
53.2808,0.174640,59.995628,0.004182,0.0000,0.9506,8348.6,-0.0642,4,0
53.2997,0.174640,59.995624,0.004176,0.0000,0.9565,8362.2,-0.0646,4,0
53.3213,0.174640,59.995621,0.004171,0.0000,0.9623,8365.6,-0.0653,4,0
53.3451,0.174640,59.995617,0.004165,0.0000,0.9664,8361.5,-0.0664,4,0
53.3677,0.174640,59.995613,0.004160,0.0000,0.9706,8364.4,-0.0677,4,0
53.3869,0.175977,59.995609,0.004155,0.0000,0.9745,8383.8,-0.0694,4,0
53.4079,0.175977,59.995605,0.004149,0.0000,0.9785,8393.8,-0.0714,4,0
53.4287,0.175977,59.995602,0.004144,0.0000,0.9830,8401.5,-0.0735,4,0
53.4513,0.175977,59.995598,0.004138,0.0000,0.9875,8407.0,-0.0757,4,0
53.4712,0.175977,59.995594,0.004133,0.0000,0.9920,8414.7,-0.0779,4,0
53.4938,0.175977,59.995590,0.004127,0.0000,0.9965,8418.3,-0.0799,4,0
53.5177,0.175977,59.995586,0.004122,0.0000,0.9982,8413.7,-0.0815,4,0
53.5424,0.175977,59.995581,0.004117,0.0000,1.0000,8406.8,-0.0831,4,0
53.5651,0.175977,59.995577,0.004112,0.0000,0.9988,8411.0,-0.0844,4,1
53.5893,0.175977,59.995573,0.004106,0.0000,0.9975,8416.1,-0.0855,4,1
53.6126,0.177325,59.995569,0.004101,0.0000,0.9911,8412.4,-0.0860,4,0
53.6326,0.177325,59.995565,0.004096,0.0000,0.9848,8434.5,-0.0861,4,0
53.6466,0.177325,59.995560,0.004090,0.0000,0.9654,8473.5,-0.0859,4,0
53.6622,0.177325,59.995556,0.004085,0.0000,0.9461,8497.0,-0.0851,4,0
53.6818,0.177325,59.995552,0.004080,0.0000,0.9167,8499.1,-0.0841,4,0
53.6908,0.177325,59.995548,0.004074,0.0000,0.8872,8545.4,-0.0827,4,1
53.6907,0.177325,59.995544,0.004069,0.0000,0.8436,8612.7,-0.0810,4,1
53.6878,0.177325,59.995541,0.004064,0.0000,0.7999,8642.4,-0.0790,4,1
53.6943,0.177325,59.995537,0.004059,0.0000,0.7386,8614.0,-0.0769,4,1
53.7105,0.177325,59.995533,0.004053,0.0000,0.6772,8570.0,-0.0747,4,1
53.7257,0.178677,59.995529,0.004048,0.0000,0.6051,8517.4,-0.0724,4,1
53.7270,0.178677,59.995525,0.004043,0.0000,0.5330,8486.9,-0.0706,4,1
53.7119,0.178677,59.995522,0.004038,0.0000,0.4758,8508.7,-0.0688,4,1
53.7329,0.178677,59.995518,0.004032,0.0000,0.4186,8423.9,-0.0667,4,1
53.7319,0.178677,59.995514,0.004027,0.0000,0.3469,8384.6,-0.0648,4,1
53.7241,0.178677,59.995510,0.004022,0.0000,0.2751,8362.0,-0.0638,4,1
53.7066,0.178677,59.995506,0.004017,0.0000,0.2160,8366.1,-0.0632,4,1
53.6895,0.178677,59.995501,0.004012,0.0000,0.1570,8340.6,-0.0625,4,1
53.6781,0.178677,59.995497,0.004007,0.0000,0.1144,8319.1,-0.0619,4,1
53.6617,0.178677,59.995493,0.004002,0.0000,0.0718,8300.8,-0.0614,4,0
53.6418,0.180029,59.995489,0.003997,0.0000,0.0438,8293.4,-0.0612,4,0
53.6243,0.180029,59.995485,0.003992,0.0000,0.0158,8271.0,-0.0616,4,1
53.6082,0.180029,59.995480,0.003987,0.0000,0.0079,8252.0,-0.0627,4,1
53.5882,0.180029,59.995476,0.003981,0.0000,0.0000,8242.6,-0.0642,4,0
53.5682,0.180029,59.995472,0.003976,0.0000,0.0000,8239.4,-0.0658,4,0
53.5496,0.180029,59.995468,0.003971,0.0000,0.0000,8227.6,-0.0675,4,0
53.5297,0.180029,59.995464,0.003967,0.0000,0.0000,8221.5,-0.0693,4,0
53.5193,0.180029,59.995459,0.003962,0.0000,0.0000,8211.6,-0.0708,4,0
53.4998,0.180029,59.995455,0.003957,0.0000,0.0000,8209.1,-0.0699,4,0
53.4784,0.180029,59.995451,0.003952,0.0000,0.0000,8204.1,-0.0671,4,0
53.4559,0.181381,59.995447,0.003947,0.0000,0.0000,8199.6,-0.0620,4,0
53.4243,0.181381,59.995443,0.003942,0.0000,0.0000,8206.8,-0.0543,4,0
53.3881,0.181381,59.995438,0.003937,0.0000,0.0000,8206.5,-0.0441,4,0
53.3619,0.181381,59.995434,0.003932,0.0000,0.0000,8194.8,-0.0320,4,0
53.3388,0.181381,59.995430,0.003927,0.0000,0.0000,8193.9,-0.0190,4,0
53.3239,0.181381,59.995426,0.003922,0.0000,0.0000,8196.7,-0.0057,4,0
53.3001,0.181381,59.995422,0.003918,0.0087,0.0000,8216.3,0.0069,4,0
53.2669,0.181381,59.995417,0.003913,0.0173,0.0000,8238.3,0.0165,4,0
53.2396,0.181381,59.995413,0.003908,0.0300,0.0000,8250.2,0.0234,4,0
53.2164,0.181381,59.995409,0.003903,0.0427,0.0000,8218.4,0.0257,4,0
53.1908,0.182727,59.995405,0.003899,0.0614,0.0000,8194.8,0.0253,4,0
53.1634,0.182727,59.995401,0.003894,0.0800,0.0000,8168.3,0.0220,4,0
53.1306,0.182727,59.995396,0.003889,0.1073,0.0000,8128.8,0.0169,4,0
53.0940,0.182727,59.995392,0.003884,0.1345,0.0000,8089.9,0.0107,4,0
53.0513,0.182727,59.995388,0.003880,0.1596,0.0000,8063.5,0.0044,4,0
53.0048,0.182727,59.995384,0.003875,0.1847,0.0000,8046.5,-0.0017,4,0
52.9495,0.182727,59.995380,0.003871,0.2113,0.0000,8000.7,-0.0075,4,0
52.8726,0.182727,59.995375,0.003866,0.2380,0.0000,8034.6,-0.0130,4,0
52.7955,0.182727,59.995371,0.003861,0.2605,0.0000,8025.3,-0.0172,4,0
52.7341,0.182727,59.995367,0.003857,0.2831,0.0000,7962.6,-0.0209,4,0
52.6599,0.184067,59.995363,0.003852,0.3008,0.0000,7965.1,-0.0236,4,0
52.5617,0.184067,59.995359,0.003848,0.3186,0.0000,7968.0,-0.0262,4,0
52.4754,0.184067,59.995354,0.003843,0.3457,0.0000,7935.0,-0.0279,4,0
52.3899,0.184067,59.995350,0.003839,0.3728,0.0000,7894.8,-0.0288,4,0
52.2981,0.184067,59.995346,0.003834,0.3926,0.0000,7848.8,-0.0289,4,0
52.1907,0.184067,59.995342,0.003830,0.4123,0.0000,7809.9,-0.0286,4,0
52.0834,0.184067,59.995338,0.003825,0.4393,0.0000,7816.8,-0.0274,4,0
51.9534,0.184067,59.995333,0.003821,0.4663,0.0000,7824.5,-0.0262,4,0
51.8434,0.184067,59.995329,0.003816,0.4883,0.0000,7780.7,-0.0253,4,0
51.7202,0.184067,59.995325,0.003812,0.5102,0.0000,7764.7,-0.0229,4,0
51.5797,0.185433,59.995321,0.003807,0.5323,0.0000,7768.5,-0.0213,4,0
51.4521,0.185433,59.995317,0.003803,0.5544,0.0000,7743.1,-0.0202,4,0
51.3028,0.185433,59.995312,0.003799,0.5764,0.0000,7754.5,-0.0196,4,0
51.1584,0.185433,59.995308,0.003794,0.5984,0.0000,7724.7,-0.0191,4,0
51.0173,0.185433,59.995304,0.003790,0.6091,0.0000,7675.5,-0.0193,4,0
50.8632,0.185433,59.995300,0.003785,0.6197,0.0000,7678.0,-0.0201,4,0
50.7143,0.185433,59.995296,0.003781,0.6378,0.0000,7652.2,-0.0209,4,0
50.5548,0.185433,59.995293,0.003777,0.6559,0.0000,7644.7,-0.0223,4,0
50.4004,0.185433,59.995289,0.003773,0.6684,0.0000,7625.3,-0.0247,4,0
50.2383,0.185433,59.995285,0.003768,0.6808,0.0000,7598.3,-0.0259,4,0
50.0591,0.186722,59.995281,0.003764,0.6922,0.0000,7568.9,-0.0286,4,0
49.8962,0.186722,59.995277,0.003760,0.7036,0.0000,7517.4,-0.0330,4,0
49.7332,0.186722,59.995274,0.003756,0.7141,0.0000,7485.4,-0.0349,4,0
49.5787,0.186722,59.995270,0.003751,0.7246,0.0000,7443.7,-0.0359,4,0
49.4222,0.186722,59.995266,0.003747,0.7261,0.0000,7386.2,-0.0388,4,0
49.2584,0.186722,59.995262,0.003743,0.7275,0.0000,7478.4,-0.0403,4,0
49.1171,0.186722,59.995258,0.003739,0.7353,0.0000,7424.8,-0.0407,4,0
48.9763,0.186722,59.995253,0.003735,0.7431,0.0000,7390.9,-0.0442,4,0
48.8598,0.186722,59.995249,0.003731,0.7451,0.0000,7262.7,-0.0452,4,0
48.7075,0.186722,59.995245,0.003727,0.7471,0.0000,7387.7,-0.0473,4,0
48.5779,0.187970,59.995241,0.003723,0.7500,0.0000,7923.6,-0.0509,4,0
48.4410,0.187970,59.995237,0.003719,0.7529,0.0000,8439.8,-0.0498,4,0
48.2875,0.187970,59.995232,0.003715,0.7562,0.0000,8638.7,-0.0497,4,0
48.1377,0.187970,59.995228,0.003711,0.7595,0.0000,8596.5,-0.0507,4,0
47.9704,0.187970,59.995224,0.003707,0.7601,0.0000,8691.5,-0.0461,4,0
47.8154,0.187970,59.995220,0.003703,0.7608,0.0000,8585.6,-0.0419,3,0
47.6457,0.187970,59.995216,0.003699,0.7644,0.0000,8522.7,-0.0366,3,0
47.4656,0.187970,59.995213,0.003695,0.7681,0.0000,8503.5,-0.0310,3,0
47.2838,0.187970,59.995209,0.003691,0.7682,0.0000,8493.2,-0.0255,3,0
47.1032,0.187970,59.995205,0.003687,0.7683,0.0000,8474.2,-0.0204,3,0
46.9250,0.189173,59.995201,0.003684,0.7710,0.0000,8447.9,-0.0167,3,0
46.7487,0.189173,59.995197,0.003680,0.7737,0.0000,8417.1,-0.0144,3,0
46.5717,0.189173,59.995194,0.003676,0.7754,0.0000,8385.3,-0.0138,3,0
46.3964,0.189173,59.995190,0.003672,0.7771,0.0000,8353.6,-0.0140,3,0
46.2193,0.189173,59.995186,0.003668,0.7771,0.0000,8318.9,-0.0152,3,0
46.0453,0.189173,59.995182,0.003665,0.7771,0.0000,8280.8,-0.0169,3,0
45.8689,0.189173,59.995179,0.003661,0.7787,0.0000,8251.8,-0.0189,3,0
45.6951,0.189173,59.995175,0.003657,0.7803,0.0000,8220.3,-0.0207,3,0
45.5234,0.189173,59.995172,0.003654,0.7794,0.0000,8181.5,-0.0218,3,0
45.3518,0.189173,59.995168,0.003650,0.7786,0.0000,8134.5,-0.0226,3,0
45.1843,0.190325,59.995164,0.003647,0.7768,0.0000,8084.9,-0.0231,3,0
45.0143,0.190325,59.995161,0.003643,0.7749,0.0000,8093.8,-0.0233,3,0
44.8505,0.190325,59.995157,0.003639,0.7719,0.0000,8067.7,-0.0232,3,0
44.6869,0.190325,59.995154,0.003636,0.7688,0.0000,8022.1,-0.0227,3,0
44.5240,0.190325,59.995150,0.003632,0.7686,0.0000,7965.6,-0.0220,3,0
44.3634,0.190325,59.995146,0.003629,0.7683,0.0000,7924.2,-0.0206,3,0
44.1957,0.190325,59.995143,0.003625,0.7708,0.0000,7920.5,-0.0195,3,0
44.0315,0.190325,59.995139,0.003622,0.7732,0.0000,7879.4,-0.0178,3,0
43.8666,0.190325,59.995135,0.003619,0.7702,0.0000,7824.8,-0.0159,3,0
43.7028,0.190325,59.995131,0.003615,0.7671,0.0000,7779.0,-0.0143,3,0
43.5448,0.191400,59.995128,0.003612,0.7633,0.0000,7796.7,-0.0127,3,0
43.3797,0.191400,59.995124,0.003608,0.7595,0.0000,7770.4,-0.0105,3,0
43.2152,0.191400,59.995120,0.003605,0.7572,0.0000,7730.8,-0.0083,3,0
43.0487,0.191400,59.995117,0.003602,0.7549,0.0000,7690.0,-0.0055,3,0
42.8837,0.191400,59.995113,0.003598,0.7472,0.0000,7640.1,-0.0026,3,0
42.7227,0.191400,59.995110,0.003595,0.7395,0.0000,7637.2,0.0004,3,0
42.5580,0.191400,59.995106,0.003592,0.7327,0.0000,7627.7,0.0033,3,0
42.3958,0.191400,59.995103,0.003589,0.7258,0.0000,7607.2,0.0064,3,0
42.2331,0.191400,59.995100,0.003585,0.7165,0.0000,7583.9,0.0095,3,0
42.0740,0.191400,59.995097,0.003582,0.7072,0.0000,7553.4,0.0124,3,0
41.9179,0.192460,59.995093,0.003579,0.6966,0.0000,7525.9,0.0150,3,0
41.7595,0.192460,59.995090,0.003576,0.6860,0.0000,7510.8,0.0172,3,0
41.6061,0.192460,59.995087,0.003573,0.6764,0.0000,7492.2,0.0193,3,0
41.4539,0.192460,59.995083,0.003569,0.6667,0.0000,7471.2,0.0212,3,0
41.3030,0.192460,59.995080,0.003566,0.6548,0.0000,7451.7,0.0229,3,0
41.1572,0.192460,59.995077,0.003563,0.6430,0.0000,7427.7,0.0247,3,0
41.0134,0.192460,59.995073,0.003560,0.6349,0.0000,7403.0,0.0267,3,0
40.8718,0.192460,59.995069,0.003557,0.6268,0.0000,7382.9,0.0289,3,0
40.7330,0.192460,59.995066,0.003554,0.6143,0.0000,7359.5,0.0311,3,0
40.5943,0.192460,59.995063,0.003551,0.6017,0.0000,7341.8,0.0333,3,0
40.4615,0.193472,59.995059,0.003548,0.5866,0.0000,7316.7,0.0357,3,0
40.3316,0.193472,59.995055,0.003545,0.5716,0.0000,7292.0,0.0380,3,0
40.2045,0.193472,59.995052,0.003542,0.5517,0.0000,7270.9,0.0403,3,0
40.0821,0.193472,59.995048,0.003539,0.5318,0.0000,7252.9,0.0424,3,0
39.9621,0.193472,59.995045,0.003536,0.5108,0.0000,7237.6,0.0442,3,0
39.8472,0.193472,59.995042,0.003533,0.4897,0.0000,7219.6,0.0461,3,0
39.7368,0.193472,59.995039,0.003530,0.4781,0.0000,7195.9,0.0481,3,0
39.6272,0.193472,59.995036,0.003527,0.4664,0.0000,7176.4,0.0507,3,0
39.5203,0.193472,59.995033,0.003524,0.4515,0.0000,7159.4,0.0533,3,0
39.4150,0.193472,59.995030,0.003521,0.4366,0.0000,7144.6,0.0557,3,0
39.3120,0.194442,59.995026,0.003518,0.4228,0.0000,7129.1,0.0580,3,0
39.2136,0.194442,59.995023,0.003515,0.4090,0.0000,7111.3,0.0601,3,0
39.1173,0.194442,59.995020,0.003512,0.3999,0.0000,7091.3,0.0623,3,0
39.0230,0.194442,59.995017,0.003509,0.3909,0.0000,7076.7,0.0643,3,0
38.9307,0.194442,59.995014,0.003506,0.3758,0.0000,7066.3,0.0657,3,0
38.8404,0.194442,59.995011,0.003503,0.3608,0.0000,7056.3,0.0666,3,0
38.7538,0.194442,59.995008,0.003500,0.3519,0.0000,7044.7,0.0673,3,0
38.6703,0.194442,59.995005,0.003497,0.3430,0.0000,7028.4,0.0682,3,0
38.5868,0.194442,59.995002,0.003494,0.3437,0.0000,7013.1,0.0694,3,0
38.5037,0.194442,59.994999,0.003491,0.3445,0.0000,6998.0,0.0705,3,0
38.4193,0.195379,59.994996,0.003488,0.3419,0.0000,6982.8,0.0714,3,0
38.3345,0.195379,59.994993,0.003485,0.3394,0.0000,6970.0,0.0720,3,0
38.2508,0.195379,59.994990,0.003482,0.3369,0.0000,6955.9,0.0726,3,0
38.1694,0.195379,59.994987,0.003479,0.3345,0.0000,6933.0,0.0732,3,0
38.0877,0.195379,59.994984,0.003476,0.3246,0.0000,6919.1,0.0736,3,0
38.0081,0.195379,59.994981,0.003473,0.3147,0.0000,6907.6,0.0736,3,0
37.9298,0.195379,59.994978,0.003469,0.3046,0.0000,6898.4,0.0731,3,0
37.8548,0.195379,59.994975,0.003466,0.2944,0.0000,6888.0,0.0725,3,0
37.7823,0.195379,59.994972,0.003463,0.2844,0.0000,6874.4,0.0722,3,0
37.7120,0.195379,59.994968,0.003460,0.2744,0.0000,6860.9,0.0721,3,0
37.6437,0.196284,59.994965,0.003457,0.2709,0.0000,6848.6,0.0720,3,0
37.5762,0.196284,59.994962,0.003454,0.2673,0.0000,6834.7,0.0717,3,0
37.5070,0.196284,59.994959,0.003451,0.2641,0.0000,6826.7,0.0714,3,0
37.4387,0.196284,59.994956,0.003448,0.2610,0.0000,6818.6,0.0708,3,0
37.3729,0.196284,59.994953,0.003445,0.2518,0.0000,6803.0,0.0705,3,0
37.3084,0.196284,59.994950,0.003442,0.2427,0.0000,6790.0,0.0700,3,0
37.2458,0.196284,59.994947,0.003439,0.2309,0.0000,6778.7,0.0692,3,0
37.1852,0.196284,59.994944,0.003435,0.2190,0.0000,6770.2,0.0680,3,0
37.1259,0.196284,59.994941,0.003432,0.2046,0.0000,6765.9,0.0663,3,0
37.0698,0.196284,59.994938,0.003429,0.1903,0.0000,6763.0,0.0642,3,0
37.0191,0.197167,59.994935,0.003426,0.1764,0.0000,6754.6,0.0617,3,0
36.9709,0.197167,59.994932,0.003423,0.1626,0.0000,6748.2,0.0586,3,0
36.9252,0.197167,59.994929,0.003420,0.1554,0.0000,6740.1,0.0546,3,0
36.8812,0.197167,59.994926,0.003416,0.1482,0.0000,6734.2,0.0496,3,0
36.8361,0.197167,59.994923,0.003413,0.1415,0.0000,6735.1,0.0442,3,0
36.7948,0.197167,59.994920,0.003410,0.1348,0.0000,6729.5,0.0383,3,0
36.7554,0.197167,59.994917,0.003407,0.1306,0.0000,6721.0,0.0327,3,0
36.7181,0.197167,59.994914,0.003403,0.1265,0.0000,6711.9,0.0273,3,0
36.6803,0.197167,59.994911,0.003400,0.1239,0.0000,6705.1,0.0222,3,0
36.6424,0.197167,59.994907,0.003397,0.1213,0.0000,6702.1,0.0177,3,0
36.6047,0.198035,59.994904,0.003394,0.1210,0.0000,6699.1,0.0140,3,0
36.5689,0.198035,59.994901,0.003390,0.1206,0.0000,6691.6,0.0113,3,0
36.5343,0.198035,59.994898,0.003387,0.1290,0.0000,6680.3,0.0096,3,0
36.4971,0.198035,59.994895,0.003384,0.1374,0.0000,6669.3,0.0090,3,0
36.4583,0.198035,59.994892,0.003380,0.1452,0.0000,6661.6,0.0095,3,0
36.4189,0.198035,59.994889,0.003377,0.1530,0.0000,6650.2,0.0109,3,0
36.3761,0.198035,59.994887,0.003374,0.1615,0.0000,6641.2,0.0133,3,0
36.3329,0.198035,59.994884,0.003370,0.1700,0.0000,6632.0,0.0166,3,0
36.2879,0.198035,59.994881,0.003367,0.1780,0.0000,6616.6,0.0208,3,0
36.2420,0.198035,59.994878,0.003364,0.1860,0.0000,6603.1,0.0259,3,0
36.1933,0.198918,59.994876,0.003360,0.1946,0.0000,6591.6,0.0315,3,0
36.1435,0.198918,59.994873,0.003357,0.2031,0.0000,6576.9,0.0377,3,0
36.0912,0.198918,59.994870,0.003354,0.2135,0.0000,6565.8,0.0446,3,0
36.0368,0.198918,59.994868,0.003350,0.2239,0.0000,6553.6,0.0519,3,0
35.9818,0.198918,59.994865,0.003347,0.2324,0.0000,6537.4,0.0596,3,0
35.9247,0.198918,59.994862,0.003343,0.2409,0.0000,6523.7,0.0672,3,0
35.8655,0.198918,59.994860,0.003340,0.2488,0.0000,6510.2,0.0747,3,0
35.8042,0.198918,59.994858,0.003337,0.2566,0.0000,6496.0,0.0820,3,0
35.7406,0.198918,59.994855,0.003333,0.2630,0.0000,6483.0,0.0892,3,0
35.6766,0.198918,59.994853,0.003330,0.2695,0.0000,6469.2,0.0963,3,0
35.6102,0.199766,59.994850,0.003326,0.2773,0.0000,6453.3,0.1028,3,0
35.5432,0.199766,59.994847,0.003323,0.2851,0.0000,6436.0,0.1086,3,0
35.4738,0.199766,59.994845,0.003320,0.2920,0.0000,6420.1,0.1135,3,0
35.4013,0.199766,59.994843,0.003316,0.2988,0.0000,6405.6,0.1175,3,0
35.3286,0.199766,59.994840,0.003313,0.3011,0.0000,6389.7,0.1206,3,0
35.2542,0.199766,59.994837,0.003309,0.3035,0.0000,6376.2,0.1232,3,0
35.1801,0.199766,59.994834,0.003306,0.3046,0.0000,6361.5,0.1248,3,0
35.1069,0.199766,59.994832,0.003302,0.3057,0.0000,6345.3,0.1255,3,0
35.0303,0.199766,59.994829,0.003299,0.3065,0.0000,6334.7,0.1252,3,0
34.9543,0.199766,59.994826,0.003295,0.3074,0.0000,6323.9,0.1240,3,0
34.8763,0.200692,59.994823,0.003292,0.3047,0.0000,6316.2,0.1225,3,0
34.8006,0.200692,59.994820,0.003288,0.3020,0.0000,6313.4,0.1207,3,0
34.7263,0.200692,59.994818,0.003285,0.2996,0.0000,6305.1,0.1192,3,0
34.6514,0.200692,59.994815,0.003282,0.2971,0.0000,6296.0,0.1180,3,0
34.5766,0.200692,59.994812,0.003278,0.2907,0.0000,6283.5,0.1171,3,0
34.5024,0.200692,59.994809,0.003275,0.2842,0.0000,6272.8,0.1161,3,0
34.4272,0.200692,59.994807,0.003271,0.2736,0.0000,6264.5,0.1153,3,0
34.3557,0.200692,59.994804,0.003267,0.2630,0.0000,6267.8,0.1145,3,0
34.3015,0.200692,59.994801,0.003264,0.2504,0.0000,6256.0,0.1138,3,0
34.2556,0.200692,59.994799,0.003260,0.2378,0.0000,6237.8,0.1140,3,0
34.2023,0.201677,59.994796,0.003257,0.2279,0.0000,6232.6,0.1156,3,0
34.1439,0.201677,59.994793,0.003253,0.2180,0.0000,6240.0,0.1187,3,0
34.0853,0.201677,59.994790,0.003250,0.2054,0.0000,6241.9,0.1221,3,0
34.0247,0.201677,59.994788,0.003246,0.1929,0.0000,6249.0,0.1257,3,0
33.9346,0.201677,59.994785,0.003243,0.1732,0.0000,6261.2,0.1294,3,0
33.8893,0.201677,59.994783,0.003239,0.1536,0.0000,6266.6,0.1318,3,0
33.8400,0.201677,59.994780,0.003235,0.1348,0.0000,6232.8,0.1341,3,0
33.8294,0.201677,59.994778,0.003232,0.1161,0.0000,6200.2,0.1349,3,0
33.7833,0.201677,59.994776,0.003228,0.0993,0.0000,6166.9,0.1372,3,0
33.7663,0.201677,59.994774,0.003224,0.0826,0.0000,6138.0,0.1381,3,0
33.7396,0.202712,59.994771,0.003221,0.0719,0.0000,6142.9,0.1402,3,0
33.7011,0.202712,59.994769,0.003217,0.0613,0.0000,6190.6,0.1404,3,0
33.6432,0.202712,59.994767,0.003213,0.0534,0.0000,6355.6,0.1429,3,0
33.6170,0.202712,59.994764,0.003210,0.0454,0.0000,6321.4,0.1438,3,0
33.6041,0.202712,59.994762,0.003206,0.0408,0.0000,6306.9,0.1466,3,0
33.5948,0.202712,59.994760,0.003202,0.0361,0.0000,6260.8,0.1478,3,0
33.5875,0.202712,59.994758,0.003198,0.0292,0.0000,6233.0,0.1504,3,0
33.5699,0.202712,59.994755,0.003195,0.0222,0.0000,6225.8,0.1532,3,0
33.5610,0.202712,59.994753,0.003191,0.0155,0.0000,6211.6,0.1560,3,0
33.5451,0.202712,59.994751,0.003187,0.0088,0.0000,6202.5,0.1595,3,0
33.5340,0.203535,59.994749,0.003183,0.0044,0.0000,6195.4,0.1620,3,0
33.5180,0.203535,59.994747,0.003179,0.0000,0.0000,6214.5,0.1653,3,0
33.5046,0.203535,59.994744,0.003176,0.0000,0.0000,6221.2,0.1689,3,0
33.4956,0.203535,59.994742,0.003172,0.0000,0.0000,6207.6,0.1727,3,0
33.4850,0.203535,59.994740,0.003168,0.0000,0.0000,6198.0,0.1761,3,0
33.4750,0.203535,59.994738,0.003164,0.0000,0.0000,6187.6,0.1795,3,0
33.4617,0.203535,59.994735,0.003160,0.0000,0.0000,6187.1,0.1830,3,0
33.4516,0.203535,59.994733,0.003156,0.0000,0.0000,6181.3,0.1866,3,0
33.4400,0.203535,59.994731,0.003153,0.0000,0.0000,6172.6,0.1904,3,0
33.4294,0.203535,59.994729,0.003149,0.0000,0.0000,6167.3,0.1943,3,0
33.4151,0.204612,59.994726,0.003145,0.0000,0.0000,6170.4,0.1979,3,0
33.4042,0.204612,59.994724,0.003141,0.0000,0.0000,6159.6,0.2015,3,0
33.3882,0.204612,59.994722,0.003137,0.0000,0.0000,6164.7,0.2048,3,0
33.3733,0.204612,59.994719,0.003133,0.0000,0.0000,6176.4,0.2083,3,0
33.3579,0.204612,59.994717,0.003129,0.0000,0.0000,6175.8,0.2117,3,0
33.3435,0.204612,59.994715,0.003125,0.0000,0.0000,6172.8,0.2151,3,0
33.3301,0.204612,59.994712,0.003121,0.0000,0.0000,6168.5,0.2182,3,0
33.3169,0.204612,59.994710,0.003117,0.0000,0.0000,6163.1,0.2215,3,0
33.2968,0.204612,59.994708,0.003113,0.0000,0.0000,6178.4,0.2250,3,0
33.2777,0.204612,59.994706,0.003109,0.0000,0.0000,6183.3,0.2291,3,0
33.2496,0.205637,59.994703,0.003105,0.0000,0.0000,6179.4,0.2326,3,0
33.2039,0.205637,59.994701,0.003101,0.0000,0.0000,6224.2,0.2334,3,0
33.1750,0.205637,59.994699,0.003097,0.0000,0.0000,6216.9,0.2307,3,0
33.1452,0.205637,59.994696,0.003093,0.0000,0.0000,6207.4,0.2258,3,0
33.1123,0.205637,59.994694,0.003089,0.0000,0.0000,6213.5,0.2192,3,0
33.0842,0.205637,59.994692,0.003085,0.0000,0.0000,6205.0,0.2108,3,0
33.0524,0.205637,59.994689,0.003081,0.0000,0.0000,6232.7,0.2012,3,0
33.0295,0.205637,59.994687,0.003077,0.0000,0.0000,6241.2,0.1910,3,0
33.0098,0.205637,59.994684,0.003073,0.0000,0.0000,6249.0,0.1808,3,0
32.9910,0.205637,59.994682,0.003068,0.0000,0.0000,6257.6,0.1712,3,0
32.9783,0.206521,59.994680,0.003064,0.0000,0.0057,6251.6,0.1628,3,0
32.9674,0.206521,59.994677,0.003060,0.0000,0.0114,6243.5,0.1560,3,0
32.9591,0.206521,59.994675,0.003056,0.0000,0.0228,6232.7,0.1515,3,0
32.9524,0.206521,59.994672,0.003052,0.0000,0.0341,6222.1,0.1493,3,0
32.9468,0.206521,59.994670,0.003047,0.0000,0.0443,6213.4,0.1488,3,0
32.9417,0.206521,59.994668,0.003043,0.0000,0.0545,6206.1,0.1499,3,0
32.9379,0.206521,59.994666,0.003038,0.0000,0.0605,6194.5,0.1521,3,0
32.9358,0.206521,59.994664,0.003034,0.0000,0.0665,6178.7,0.1554,3,0
32.9337,0.206521,59.994662,0.003030,0.0000,0.0770,6167.5,0.1597,3,0
32.9339,0.206521,59.994660,0.003025,0.0000,0.0875,6152.2,0.1647,3,0
32.9361,0.207281,59.994658,0.003021,0.0000,0.1048,6136.7,0.1702,3,0
32.9376,0.207281,59.994656,0.003016,0.0000,0.1221,6129.1,0.1756,3,0
32.9380,0.207281,59.994654,0.003012,0.0000,0.1495,6133.9,0.1810,3,0
32.9407,0.207281,59.994652,0.003007,0.0000,0.1768,6136.0,0.1860,3,0
32.9450,0.207281,59.994650,0.003003,0.0000,0.2130,6138.5,0.1905,3,0
32.9520,0.207281,59.994648,0.002998,0.0000,0.2493,6142.8,0.1946,3,0
32.9615,0.207281,59.994647,0.002994,0.0000,0.2895,6148.8,0.1978,3,0
32.9719,0.207281,59.994645,0.002989,0.0000,0.3298,6159.2,0.2000,3,0
32.9835,0.207281,59.994643,0.002985,0.0000,0.3693,6178.0,0.2012,3,0
32.9972,0.207281,59.994642,0.002980,0.0000,0.4088,6196.5,0.2016,3,0
33.0117,0.208060,59.994640,0.002975,0.0000,0.4346,6219.6,0.2013,3,0
33.0304,0.208060,59.994638,0.002971,0.0000,0.4605,6233.4,0.2004,3,0
33.0501,0.208060,59.994636,0.002966,0.0000,0.4873,6253.3,0.1990,3,0
33.0716,0.208060,59.994635,0.002962,0.0000,0.5141,6270.8,0.1973,3,0
33.0944,0.208060,59.994633,0.002957,0.0000,0.5332,6290.3,0.1952,3,0
33.1163,0.208060,59.994631,0.002952,0.0000,0.5523,6315.6,0.1931,3,0
33.1410,0.208060,59.994630,0.002947,0.0000,0.5656,6334.3,0.1911,3,0
33.1645,0.208060,59.994628,0.002943,0.0000,0.5789,6357.4,0.1895,3,0
33.1917,0.208060,59.994627,0.002938,0.0000,0.5890,6370.1,0.1883,3,0
33.2193,0.208060,59.994625,0.002933,0.0000,0.5991,6384.0,0.1873,3,0
33.2481,0.208832,59.994623,0.002928,0.0000,0.6099,6392.8,0.1867,3,0
33.2769,0.208832,59.994622,0.002924,0.0000,0.6206,6402.3,0.1863,3,0
33.3055,0.208832,59.994620,0.002919,0.0000,0.6302,6413.8,0.1862,3,0
33.3337,0.208832,59.994619,0.002914,0.0000,0.6398,6430.0,0.1862,3,0
33.3643,0.208832,59.994617,0.002910,0.0000,0.6469,6439.2,0.1865,3,0
33.3951,0.208832,59.994615,0.002905,0.0000,0.6540,6450.2,0.1869,3,0
33.4251,0.208832,59.994614,0.002900,0.0000,0.6566,6466.3,0.1872,3,0
33.4574,0.208832,59.994612,0.002895,0.0000,0.6593,6472.4,0.1875,3,0
33.4874,0.208832,59.994610,0.002890,0.0000,0.6596,6483.3,0.1878,3,0
33.5173,0.208832,59.994608,0.002885,0.0000,0.6600,6494.9,0.1883,3,0
33.5486,0.209615,59.994607,0.002880,0.0000,0.6600,6504.5,0.1889,3,0
33.5799,0.209615,59.994605,0.002875,0.0000,0.6600,6511.0,0.1895,3,0
33.6115,0.209615,59.994603,0.002870,0.0000,0.6600,6519.4,0.1899,3,0
33.6406,0.209615,59.994602,0.002865,0.0000,0.6600,6531.6,0.1903,3,0
33.6712,0.209615,59.994600,0.002860,0.0000,0.6600,6540.0,0.1905,3,0
33.7012,0.209615,59.994598,0.002855,0.0000,0.6600,6549.3,0.1907,3,0
33.7321,0.209615,59.994597,0.002850,0.0000,0.6591,6552.9,0.1908,3,0
33.7639,0.209615,59.994595,0.002845,0.0000,0.6583,6555.2,0.1908,3,0
33.7936,0.209615,59.994593,0.002840,0.0000,0.6562,6564.1,0.1902,3,0
33.8229,0.209615,59.994591,0.002835,0.0000,0.6540,6572.7,0.1892,3,0
33.8512,0.210409,59.994590,0.002830,0.0000,0.6535,6583.7,0.1875,3,0
33.8789,0.210409,59.994588,0.002825,0.0000,0.6530,6597.1,0.1853,3,0
33.9074,0.210409,59.994586,0.002820,0.0000,0.6539,6608.0,0.1825,3,0
33.9366,0.210409,59.994585,0.002815,0.0000,0.6548,6617.0,0.1787,3,0
33.9666,0.210409,59.994583,0.002810,0.0000,0.6574,6623.6,0.1738,3,0
33.9966,0.210409,59.994581,0.002804,0.0000,0.6600,6631.3,0.1684,3,0
34.0259,0.210409,59.994580,0.002799,0.0000,0.6631,6640.6,0.1623,3,0
34.0557,0.210409,59.994579,0.002794,0.0000,0.6662,6647.5,0.1559,3,0
34.0857,0.210409,59.994577,0.002789,0.0000,0.6686,6654.3,0.1498,3,0
34.1168,0.210409,59.994575,0.002783,0.0000,0.6710,6658.4,0.1433,3,0
34.1476,0.211219,59.994574,0.002778,0.0000,0.6719,6664.4,0.1370,3,0
34.1789,0.211219,59.994573,0.002773,0.0000,0.6727,6671.3,0.1308,3,0
34.2071,0.211219,59.994571,0.002768,0.0000,0.6722,6686.9,0.1250,3,0
34.2361,0.211219,59.994570,0.002762,0.0000,0.6717,6700.0,0.1195,3,0
34.2674,0.211219,59.994568,0.002757,0.0000,0.6717,6702.1,0.1147,3,0
34.2962,0.211219,59.994567,0.002752,0.0000,0.6717,6716.4,0.1104,3,0
34.3251,0.211219,59.994565,0.002746,0.0000,0.6722,6730.8,0.1063,3,0
34.3568,0.211219,59.994564,0.002741,0.0000,0.6727,6732.4,0.1028,3,0
34.3859,0.211219,59.994562,0.002736,0.0000,0.6731,6742.7,0.0994,3,0
34.4159,0.211219,59.994561,0.002730,0.0000,0.6735,6750.6,0.0963,3,0
34.4440,0.212044,59.994559,0.002725,0.0000,0.6757,6723.3,0.0935,3,0
34.4685,0.212044,59.994557,0.002719,0.0000,0.6780,6742.9,0.0909,3,0
34.4956,0.212044,59.994556,0.002714,0.0000,0.6815,6763.4,0.0883,3,0
34.5251,0.212044,59.994554,0.002709,0.0000,0.6850,6748.7,0.0857,3,0
34.5481,0.212044,59.994553,0.002703,0.0000,0.6898,6757.5,0.0830,3,0
34.5749,0.212044,59.994551,0.002698,0.0000,0.6947,6769.9,0.0804,3,0
34.6007,0.212044,59.994550,0.002692,0.0000,0.7019,6762.9,0.0783,3,0
34.6274,0.212044,59.994548,0.002687,0.0000,0.7091,6789.9,0.0762,3,0
34.6554,0.212044,59.994547,0.002681,0.0000,0.7156,6771.3,0.0741,3,0
34.6807,0.212044,59.994545,0.002675,0.0000,0.7221,6797.2,0.0722,3,0
34.7082,0.212882,59.994543,0.002670,0.0000,0.7307,6784.1,0.0703,3,0
34.7328,0.212882,59.994542,0.002664,0.0000,0.7393,6815.5,0.0683,3,0
34.7597,0.212882,59.994540,0.002659,0.0000,0.7491,6793.6,0.0665,3,0
34.7869,0.212882,59.994539,0.002653,0.0000,0.7588,6818.4,0.0643,3,0
34.8140,0.212882,59.994537,0.002648,0.0000,0.7699,6819.0,0.0616,3,0
34.8407,0.212882,59.994536,0.002642,0.0000,0.7810,6818.0,0.0584,3,0
34.8671,0.212882,59.994535,0.002636,0.0000,0.7932,6837.6,0.0543,3,0
34.8929,0.212882,59.994534,0.002631,0.0000,0.8054,6831.5,0.0494,3,0
34.9198,0.212882,59.994533,0.002625,0.0000,0.8175,6841.1,0.0440,3,0
34.9471,0.212882,59.994532,0.002619,0.0000,0.8296,6848.9,0.0377,3,0
34.9745,0.213741,59.994530,0.002614,0.0000,0.8399,6867.0,0.0303,3,0
35.0024,0.213741,59.994529,0.002608,0.0000,0.8503,6858.8,0.0220,3,0
35.0294,0.213741,59.994528,0.002602,0.0000,0.8593,6875.2,0.0129,3,0
35.0567,0.213741,59.994527,0.002596,0.0000,0.8683,6883.5,0.0028,3,0
35.0865,0.213741,59.994526,0.002591,0.0000,0.8746,6881.0,-0.0077,3,0
35.1175,0.213741,59.994524,0.002585,0.0000,0.8810,6884.1,-0.0188,3,0
35.1472,0.213741,59.994523,0.002579,0.0000,0.8882,6890.8,-0.0304,3,0
35.1777,0.213741,59.994521,0.002573,0.0000,0.8955,6893.8,-0.0425,3,0
35.2066,0.213741,59.994520,0.002567,0.0000,0.9005,6917.5,-0.0551,3,0
35.2386,0.213741,59.994518,0.002562,0.0000,0.9055,6916.1,-0.0673,3,0
35.2705,0.214601,59.994516,0.002556,0.0000,0.9068,6914.1,-0.0792,3,0
35.3010,0.214601,59.994515,0.002550,0.0000,0.9082,6919.7,-0.0912,3,0
35.3338,0.214601,59.994513,0.002544,0.0000,0.9077,6932.9,-0.1026,3,0
35.3652,0.214601,59.994512,0.002538,0.0000,0.9072,6930.7,-0.1137,3,0
35.3959,0.214601,59.994510,0.002532,0.0000,0.9055,6934.1,-0.1239,3,0
35.4276,0.214601,59.994509,0.002527,0.0000,0.9037,6953.3,-0.1331,3,0
35.4618,0.214601,59.994508,0.002521,0.0000,0.8991,6935.3,-0.1414,3,0
35.4964,0.214601,59.994507,0.002515,0.0000,0.8945,6955.8,-0.1485,3,0
35.5360,0.214601,59.994506,0.002509,0.0000,0.8818,6939.8,-0.1538,3,0
35.5741,0.214601,59.994505,0.002503,0.0000,0.8690,6967.7,-0.1582,3,0
35.6176,0.215485,59.994504,0.002497,0.0000,0.8494,6970.4,-0.1613,3,0
35.6641,0.215485,59.994503,0.002491,0.0000,0.8297,6955.1,-0.1628,3,0
35.7118,0.215485,59.994502,0.002485,0.0000,0.8112,6925.8,-0.1631,3,0
35.7578,0.215485,59.994501,0.002479,0.0000,0.7927,6904.1,-0.1626,3,0
35.8027,0.215485,59.994500,0.002473,0.0000,0.7891,6884.0,-0.1612,3,0
35.8449,0.215485,59.994499,0.002467,0.0000,0.7855,6877.2,-0.1595,3,0
35.8883,0.215485,59.994498,0.002461,0.0000,0.7873,6866.0,-0.1574,3,0
35.9333,0.215485,59.994497,0.002455,0.0000,0.7892,6852.1,-0.1550,3,0
35.9789,0.215485,59.994496,0.002449,0.0000,0.7923,6842.3,-0.1526,3,0
36.0251,0.215485,59.994495,0.002443,0.0000,0.7954,6830.4,-0.1496,3,0
36.0721,0.216386,59.994494,0.002436,0.0000,0.8008,6819.7,-0.1456,3,0
36.1193,0.216386,59.994493,0.002430,0.0000,0.8062,6808.8,-0.1408,3,0
36.1662,0.216386,59.994492,0.002424,0.0000,0.8160,6801.4,-0.1356,3,0
36.2113,0.216386,59.994491,0.002418,0.0000,0.8259,6804.0,-0.1303,3,0
36.2532,0.216386,59.994490,0.002412,0.0000,0.8427,6825.0,-0.1252,3,0
36.2939,0.216386,59.994489,0.002406,0.0000,0.8596,6859.4,-0.1202,3,0
36.3354,0.216386,59.994488,0.002400,0.0000,0.8807,6889.3,-0.1158,3,0
36.3765,0.216386,59.994487,0.002394,0.0000,0.9019,6925.5,-0.1117,3,0
36.4102,0.216386,59.994486,0.002388,0.0000,0.9200,6994.0,-0.1080,3,0
36.4489,0.216386,59.994485,0.002381,0.0000,0.9381,7044.0,-0.1050,3,0
36.4900,0.217302,59.994484,0.002375,0.0000,0.9502,7083.7,-0.1028,3,0
36.5345,0.217302,59.994483,0.002369,0.0000,0.9623,7109.6,-0.1013,3,0
36.5784,0.217302,59.994482,0.002363,0.0000,0.9699,7129.3,-0.1005,3,0
36.6246,0.217302,59.994481,0.002357,0.0000,0.9775,7143.0,-0.1002,3,0
36.6691,0.217302,59.994480,0.002351,0.0000,0.9811,7156.9,-0.1005,3,0
36.7146,0.217302,59.994479,0.002345,0.0000,0.9848,7161.4,-0.1012,3,0
36.7590,0.217302,59.994478,0.002338,0.0000,0.9884,7174.7,-0.1023,3,0
36.8023,0.217302,59.994477,0.002332,0.0000,0.9920,7189.0,-0.1035,3,0
36.8465,0.217302,59.994476,0.002326,0.0000,0.9939,7200.6,-0.1047,3,0
36.8894,0.217302,59.994475,0.002320,0.0000,0.9957,7214.0,-0.1059,3,0
36.9330,0.218204,59.994474,0.002314,0.0000,0.9957,7223.8,-0.1069,3,0
36.9759,0.218204,59.994473,0.002308,0.0000,0.9957,7235.9,-0.1082,3,0
37.0175,0.218204,59.994472,0.002302,0.0000,0.9942,7254.0,-0.1097,3,0
37.0592,0.218204,59.994471,0.002295,0.0000,0.9928,7268.1,-0.1111,3,0
37.1019,0.218204,59.994470,0.002289,0.0000,0.9857,7279.1,-0.1125,3,0
37.1429,0.218204,59.994468,0.002283,0.0000,0.9786,7262.8,-0.1139,3,0
37.1803,0.218204,59.994467,0.002277,0.0000,0.9660,7260.8,-0.1154,3,0
37.2155,0.218204,59.994465,0.002271,0.0000,0.9534,7301.4,-0.1170,3,0
37.2517,0.218204,59.994463,0.002265,0.0000,0.9420,7279.7,-0.1184,3,0
37.2865,0.218204,59.994461,0.002259,0.0000,0.9307,7304.1,-0.1198,3,0
37.3220,0.219151,59.994460,0.002252,0.0000,0.9199,7299.6,-0.1210,3,0
37.3537,0.219151,59.994458,0.002246,0.0000,0.9092,7304.4,-0.1222,3,0
37.3867,0.219151,59.994456,0.002240,0.0000,0.9056,7321.8,-0.1236,3,0
37.4172,0.219151,59.994455,0.002234,0.0000,0.9020,7319.1,-0.1252,3,0
37.4493,0.219151,59.994453,0.002228,0.0000,0.9020,7333.2,-0.1270,3,0
37.4802,0.219151,59.994452,0.002222,0.0000,0.9019,7326.8,-0.1288,3,0
37.5104,0.219151,59.994450,0.002216,0.0000,0.9020,7346.5,-0.1305,3,0
37.5406,0.219151,59.994449,0.002210,0.0000,0.9020,7340.4,-0.1323,3,0
37.5709,0.219151,59.994448,0.002204,0.0000,0.9020,7358.1,-0.1343,3,0
37.6000,0.219151,59.994446,0.002198,0.0000,0.9020,7354.7,-0.1360,3,0
37.6310,0.220115,59.994445,0.002191,0.0000,0.9020,7368.7,-0.1373,3,0
37.6599,0.220115,59.994444,0.002185,0.0000,0.9020,7364.8,-0.1379,3,0
37.6903,0.220115,59.994443,0.002179,0.0000,0.9020,7377.8,-0.1379,3,0
37.7183,0.220115,59.994441,0.002173,0.0000,0.9020,7374.9,-0.1372,3,0
37.7472,0.220115,59.994440,0.002167,0.0000,0.9032,7395.6,-0.1359,3,0
37.7752,0.220115,59.994438,0.002161,0.0000,0.9045,7392.2,-0.1335,3,0
37.8059,0.220115,59.994437,0.002155,0.0000,0.9081,7406.2,-0.1302,3,0
37.8345,0.220115,59.994435,0.002149,0.0000,0.9117,7403.8,-0.1257,3,0
37.8641,0.220115,59.994433,0.002143,0.0000,0.9154,7407.3,-0.1202,3,0
37.8900,0.220115,59.994431,0.002137,0.0000,0.9192,7429.4,-0.1141,3,0
37.9193,0.221089,59.994430,0.002131,0.0000,0.9231,7420.5,-0.1074,3,0
37.9494,0.221089,59.994428,0.002125,0.0000,0.9271,7433.8,-0.1002,3,0
37.9772,0.221089,59.994426,0.002119,0.0000,0.9303,7440.7,-0.0932,3,0
38.0074,0.221089,59.994425,0.002113,0.0000,0.9334,7429.9,-0.0864,3,0
38.0371,0.221089,59.994423,0.002107,0.0000,0.9366,7466.8,-0.0807,3,0
38.0669,0.221089,59.994421,0.002101,0.0000,0.9399,7445.4,-0.0761,3,0
38.0981,0.221089,59.994420,0.002095,0.0000,0.9430,7458.5,-0.0725,3,0
38.1268,0.221089,59.994418,0.002089,0.0000,0.9461,7479.1,-0.0700,3,0
38.1570,0.221089,59.994417,0.002083,0.0000,0.9506,7459.7,-0.0684,3,0
38.1874,0.221089,59.994416,0.002078,0.0000,0.9551,7476.6,-0.0678,3,0
38.2163,0.222021,59.994414,0.002072,0.0000,0.9592,7498.2,-0.0680,3,0
38.2465,0.222021,59.994412,0.002066,0.0000,0.9633,7480.3,-0.0688,3,0
38.2778,0.222021,59.994411,0.002060,0.0000,0.9661,7494.6,-0.0701,3,0
38.3078,0.222021,59.994410,0.002054,0.0000,0.9688,7510.7,-0.0716,3,0
38.3406,0.222021,59.994408,0.002048,0.0000,0.9714,7497.8,-0.0734,3,0
38.3707,0.222021,59.994406,0.002042,0.0000,0.9740,7533.6,-0.0756,3,0
38.4019,0.222021,59.994404,0.002036,0.0000,0.9763,7508.8,-0.0779,3,0
38.4331,0.222021,59.994403,0.002030,0.0000,0.9785,7522.7,-0.0802,3,0
38.4626,0.222021,59.994401,0.002025,0.0000,0.9795,7539.8,-0.0823,3,0
38.4952,0.222021,59.994399,0.002019,0.0000,0.9805,7528.6,-0.0843,3,0
38.5264,0.223016,59.994397,0.002013,0.0000,0.9809,7561.1,-0.0861,3,0
38.5580,0.223016,59.994395,0.002007,0.0000,0.9813,7536.0,-0.0876,3,0
38.5900,0.223016,59.994394,0.002001,0.0000,0.9818,7563.4,-0.0885,3,0
38.6219,0.223016,59.994392,0.001995,0.0000,0.9823,7560.5,-0.0888,3,0
38.6549,0.223016,59.994390,0.001990,0.0000,0.9823,7563.2,-0.0885,3,0
38.6858,0.223016,59.994388,0.001984,0.0000,0.9823,7575.2,-0.0876,3,0
38.7189,0.223016,59.994386,0.001978,0.0000,0.9823,7578.6,-0.0862,3,0
38.7493,0.223016,59.994384,0.001972,0.0000,0.9823,7592.1,-0.0842,3,0
38.7832,0.223016,59.994382,0.001967,0.0000,0.9835,7575.2,-0.0814,3,0
38.8148,0.223016,59.994380,0.001961,0.0000,0.9848,7607.1,-0.0779,3,0
38.8488,0.224026,59.994378,0.001955,0.0000,0.9861,7584.4,-0.0740,3,0
38.8818,0.224026,59.994376,0.001950,0.0000,0.9875,7616.9,-0.0700,3,0
38.9134,0.224026,59.994374,0.001944,0.0000,0.9879,7615.8,-0.0652,3,0
38.9396,0.224026,59.994372,0.001938,0.0000,0.9883,7624.0,-0.0617,3,0
38.9793,0.224026,59.994370,0.001932,0.0000,0.9888,7632.1,-0.0566,3,0
39.0077,0.224026,59.994368,0.001927,0.0000,0.9893,7627.4,-0.0519,3,0
39.0436,0.224026,59.994365,0.001921,0.0000,0.9893,7649.3,-0.0480,3,0
39.0667,0.224026,59.994363,0.001915,0.0000,0.9893,7656.5,-0.0428,3,0
39.0975,0.224026,59.994361,0.001910,0.0000,0.9893,7652.7,-0.0405,3,0
39.1293,0.224026,59.994359,0.001904,0.0000,0.9893,7670.0,-0.0345,3,0
39.1652,0.225051,59.994356,0.001898,0.0000,0.9893,7683.2,-0.0297,3,0
39.1906,0.225051,59.994354,0.001893,0.0000,0.9893,7681.3,-0.0235,3,0
39.2267,0.225051,59.994352,0.001887,0.0000,0.9893,7677.0,-0.0179,3,0
39.2497,0.225051,59.994349,0.001882,0.0000,0.9893,7709.8,-0.0108,3,0
39.2732,0.225051,59.994347,0.001876,0.0000,0.9893,7692.2,-0.0048,3,0
39.3036,0.225051,59.994345,0.001870,0.0000,0.9893,7701.5,0.0023,3,0
39.3406,0.225051,59.994342,0.001865,0.0000,0.9893,7708.4,0.0072,3,0
39.3832,0.225051,59.994340,0.001859,0.0000,0.9893,7727.0,0.0135,3,0
39.4104,0.225051,59.994338,0.001854,0.0000,0.9879,7729.0,0.0181,3,0
39.4505,0.225051,59.994335,0.001848,0.0000,0.9865,7705.0,0.0216,3,0
39.4746,0.226090,59.994333,0.001843,0.0000,0.9835,7735.3,0.0242,3,0
39.5155,0.226090,59.994331,0.001837,0.0000,0.9805,7753.3,0.0258,3,0
39.5517,0.226090,59.994329,0.001832,0.0000,0.9759,7709.9,0.0264,3,0
39.5930,0.226090,59.994326,0.001826,0.0000,0.9713,7731.1,0.0261,3,0
39.6294,0.226090,59.994324,0.001820,0.0000,0.9660,7761.5,0.0246,3,0
39.6672,0.226090,59.994322,0.001815,0.0000,0.9606,7778.6,0.0220,3,0
39.7115,0.226090,59.994319,0.001810,0.0000,0.9556,7723.2,0.0188,3,0
39.7523,0.226090,59.994317,0.001804,0.0000,0.9506,7737.2,0.0148,3,0
39.7975,0.226090,59.994314,0.001799,0.0000,0.9470,7733.4,0.0105,3,0
39.8399,0.226090,59.994312,0.001793,0.0000,0.9434,7747.1,0.0061,3,0
39.8710,0.227136,59.994310,0.001788,0.0000,0.9399,7805.0,0.0019,3,0
39.9043,0.227136,59.994307,0.001782,0.0000,0.9364,7816.4,-0.0019,3,0
39.9397,0.227136,59.994305,0.001777,0.0000,0.9323,7808.9,-0.0054,3,0
39.9804,0.227136,59.994302,0.001771,0.0000,0.9281,7814.8,-0.0087,3,0
40.0341,0.227136,59.994300,0.001766,0.0000,0.9254,7732.8,-0.0119,3,0
40.0895,0.227136,59.994298,0.001760,0.0000,0.9227,7688.3,-0.0144,3,0
40.1390,0.227136,59.994296,0.001755,0.0000,0.9194,7672.4,-0.0152,3,0
40.1760,0.227136,59.994293,0.001750,0.0000,0.9162,7693.2,-0.0164,3,0
40.2253,0.227136,59.994291,0.001744,0.0000,0.9139,7663.4,-0.0160,3,0
40.2600,0.227136,59.994289,0.001739,0.0000,0.9117,7697.9,-0.0155,3,0
40.3080,0.228120,59.994287,0.001733,0.0000,0.9108,7681.6,-0.0138,3,0
40.3436,0.228120,59.994285,0.001728,0.0000,0.9099,7690.2,-0.0122,3,0
40.3926,0.228120,59.994282,0.001723,0.0000,0.9104,7693.0,-0.0110,3,0
40.4430,0.228120,59.994280,0.001717,0.0000,0.9109,7671.6,-0.0115,3,0
40.4802,0.228120,59.994278,0.001712,0.0000,0.9109,7683.0,-0.0126,3,0
40.5326,0.228120,59.994276,0.001706,0.0000,0.9109,7673.6,-0.0150,3,0
40.5791,0.228120,59.994273,0.001701,0.0000,0.9109,7661.3,-0.0192,3,0
40.6126,0.228120,59.994271,0.001696,0.0000,0.9109,7712.0,-0.0250,3,0
40.6543,0.228120,59.994269,0.001690,0.0000,0.9101,7731.3,-0.0315,3,0
40.7063,0.228120,59.994267,0.001685,0.0000,0.9092,7689.9,-0.0389,3,0
40.7476,0.229185,59.994264,0.001680,0.0000,0.9092,7689.8,-0.0475,3,0
40.7962,0.229185,59.994262,0.001674,0.0000,0.9092,7667.7,-0.0556,3,0
40.8291,0.229185,59.994260,0.001669,0.0000,0.9092,7708.7,-0.0636,3,0
40.8761,0.229185,59.994257,0.001663,0.0000,0.9092,7712.5,-0.0712,3,0
40.9101,0.229185,59.994255,0.001658,0.0000,0.9092,7723.4,-0.0801,3,0
40.9587,0.229185,59.994253,0.001653,0.0000,0.9092,7730.5,-0.0867,3,0
40.9972,0.229185,59.994250,0.001647,0.0000,0.9092,7748.5,-0.0934,3,0
41.0257,0.229185,59.994248,0.001642,0.0000,0.9092,7800.3,-0.0984,3,0
41.0566,0.229185,59.994245,0.001637,0.0000,0.9068,7833.0,-0.1026,3,0
41.1021,0.229185,59.994242,0.001631,0.0000,0.9045,7832.6,-0.1053,3,0
41.1292,0.230260,59.994240,0.001626,0.0000,0.8977,7885.6,-0.1080,3,0
41.1790,0.230260,59.994238,0.001621,0.0000,0.8910,7829.0,-0.1103,3,0
41.2137,0.230260,59.994235,0.001615,0.0000,0.8800,7838.1,-0.1113,3,0
41.2412,0.230260,59.994233,0.001610,0.0000,0.8690,7838.0,-0.1115,3,0
41.2880,0.230260,59.994230,0.001604,0.0000,0.8533,7854.9,-0.1122,3,0
41.3271,0.230260,59.994227,0.001599,0.0000,0.8377,7849.6,-0.1120,3,0
41.3716,0.230260,59.994224,0.001594,0.0000,0.8161,7831.0,-0.1118,3,0
41.4028,0.230260,59.994221,0.001588,0.0000,0.7946,7848.0,-0.1108,3,0
41.4329,0.230260,59.994218,0.001583,0.0000,0.7679,7863.8,-0.1106,3,0
41.4532,0.230260,59.994215,0.001578,0.0000,0.7411,7905.0,-0.1108,3,0
41.4911,0.231337,59.994212,0.001572,0.0000,0.7114,7869.0,-0.1110,3,0
41.5188,0.231337,59.994209,0.001567,0.0000,0.6816,7869.7,-0.1117,3,0
41.5453,0.231337,59.994206,0.001562,0.0000,0.6594,7867.3,-0.1137,3,0
41.5721,0.231337,59.994203,0.001557,0.0000,0.6373,7848.9,-0.1165,3,0
41.5984,0.231337,59.994200,0.001551,0.0000,0.6094,7827.6,-0.1200,3,0
41.6165,0.231337,59.994197,0.001546,0.0000,0.5814,7822.8,-0.1241,3,0
41.6333,0.231337,59.994195,0.001541,0.0000,0.5596,7829.1,-0.1288,3,0
41.6431,0.231337,59.994192,0.001536,0.0000,0.5377,7865.2,-0.1332,3,0
41.6514,0.231337,59.994190,0.001530,0.0000,0.5217,7897.2,-0.1377,3,0
41.6675,0.231337,59.994187,0.001525,0.0000,0.5056,7882.1,-0.1417,3,0
41.6837,0.232418,59.994185,0.001520,0.0000,0.4959,7864.0,-0.1469,3,0
41.6893,0.232418,59.994183,0.001515,0.0000,0.4862,7884.2,-0.1512,3,0
41.6978,0.232418,59.994180,0.001509,0.0000,0.4821,7850.0,-0.1554,3,0
41.7127,0.232418,59.994177,0.001504,0.0000,0.4779,7839.5,-0.1565,3,0
41.7227,0.232418,59.994175,0.001499,0.0000,0.4788,7854.2,-0.1573,3,0
41.7359,0.232418,59.994172,0.001494,0.0000,0.4797,7846.9,-0.1577,3,0
41.7463,0.232418,59.994170,0.001489,0.0000,0.4838,7853.2,-0.1584,3,0
41.7477,0.232418,59.994167,0.001484,0.0000,0.4879,7878.0,-0.1580,3,0
41.7536,0.232418,59.994165,0.001479,0.0000,0.4919,7905.6,-0.1571,3,0
41.7663,0.232418,59.994162,0.001474,0.0000,0.4959,7894.9,-0.1557,3,0
41.7789,0.233503,59.994160,0.001468,0.0000,0.4959,7902.1,-0.1542,3,0
41.7770,0.233503,59.994158,0.001463,0.0000,0.4959,7929.7,-0.1532,3,0
41.7933,0.233503,59.994155,0.001458,0.0000,0.4963,7911.0,-0.1511,3,0
41.8087,0.233503,59.994152,0.001453,0.0000,0.4966,7901.3,-0.1503,3,0
41.8199,0.233503,59.994150,0.001448,0.0000,0.4984,7907.9,-0.1505,3,0
41.8273,0.233503,59.994147,0.001443,0.0000,0.5001,7911.6,-0.1515,3,0
41.8367,0.233503,59.994144,0.001438,0.0000,0.5053,7937.1,-0.1518,3,0
41.8450,0.233503,59.994141,0.001433,0.0000,0.5106,7931.9,-0.1533,3,0
41.8581,0.233503,59.994138,0.001428,0.0000,0.5156,7920.3,-0.1545,3,0
41.8690,0.233503,59.994135,0.001424,0.0000,0.5206,7935.5,-0.1562,3,0
41.8745,0.234587,59.994132,0.001419,0.0000,0.5302,7956.6,-0.1575,3,0
41.8822,0.234587,59.994129,0.001414,0.0000,0.5398,7967.4,-0.1584,3,0
41.8987,0.234587,59.994126,0.001409,0.0000,0.5531,7972.6,-0.1588,3,0
41.9080,0.234587,59.994123,0.001404,0.0000,0.5665,7974.6,-0.1594,3,0
41.9244,0.234587,59.994120,0.001399,0.0000,0.5823,7981.6,-0.1597,3,0
41.9348,0.234587,59.994117,0.001394,0.0000,0.5981,8015.4,-0.1595,3,0
41.9523,0.234587,59.994114,0.001389,0.0000,0.6154,8016.5,-0.1599,3,0
41.9699,0.234587,59.994111,0.001385,0.0000,0.6327,8019.5,-0.1599,3,0
41.9818,0.234587,59.994108,0.001380,0.0000,0.6490,8059.5,-0.1609,3,0
42.0026,0.234587,59.994105,0.001375,0.0000,0.6653,8063.1,-0.1625,3,0
42.0192,0.235672,59.994102,0.001370,0.0000,0.6782,8086.8,-0.1645,3,0
42.0399,0.235672,59.994099,0.001366,0.0000,0.6912,8100.7,-0.1670,3,0
42.0609,0.235672,59.994096,0.001361,0.0000,0.7005,8109.3,-0.1698,3,0
42.0843,0.235672,59.994093,0.001356,0.0000,0.7099,8114.0,-0.1734,3,0
42.1054,0.235672,59.994090,0.001351,0.0000,0.7147,8130.1,-0.1776,3,0
42.1311,0.235672,59.994087,0.001347,0.0000,0.7196,8108.9,-0.1809,3,0
42.1552,0.235672,59.994084,0.001342,0.0000,0.7255,8074.3,-0.1830,3,0
42.1780,0.235672,59.994081,0.001337,0.0000,0.7313,8051.7,-0.1834,3,0
42.2013,0.235672,59.994078,0.001333,0.0000,0.7371,8032.7,-0.1826,3,0
42.2240,0.235672,59.994075,0.001328,0.0000,0.7428,8027.9,-0.1799,3,0
42.2451,0.236703,59.994072,0.001324,0.0000,0.7487,8032.0,-0.1758,3,0
42.2654,0.236703,59.994069,0.001319,0.0000,0.7545,8043.2,-0.1704,3,0
42.2869,0.236703,59.994066,0.001314,0.0000,0.7615,8053.5,-0.1642,3,0
42.3093,0.236703,59.994063,0.001310,0.0000,0.7685,8068.1,-0.1575,3,0
42.3334,0.236703,59.994060,0.001305,0.0000,0.7747,8080.8,-0.1507,3,0
42.3585,0.236703,59.994057,0.001301,0.0000,0.7810,8092.7,-0.1443,3,0
42.3843,0.236703,59.994054,0.001296,0.0000,0.7860,8104.6,-0.1387,3,0
42.4118,0.236703,59.994051,0.001292,0.0000,0.7910,8113.0,-0.1341,3,0
42.4411,0.236703,59.994048,0.001287,0.0000,0.7954,8117.4,-0.1311,3,0
42.4722,0.236703,59.994045,0.001283,0.0000,0.7999,8114.0,-0.1292,3,0
42.5021,0.237795,59.994042,0.001279,0.0000,0.8067,8118.2,-0.1285,3,0
42.5327,0.237795,59.994039,0.001274,0.0000,0.8134,8118.7,-0.1288,3,0
42.5626,0.237795,59.994036,0.001270,0.0000,0.8206,8121.8,-0.1299,3,0
42.5929,0.237795,59.994033,0.001265,0.0000,0.8279,8125.1,-0.1318,3,0
42.6252,0.237795,59.994030,0.001261,0.0000,0.8341,8123.1,-0.1337,3,0
42.6561,0.237795,59.994027,0.001257,0.0000,0.8403,8127.2,-0.1355,3,0
42.6866,0.237795,59.994023,0.001253,0.0000,0.8471,8131.5,-0.1370,3,0
42.7168,0.237795,59.994020,0.001248,0.0000,0.8538,8139.8,-0.1381,3,0
42.7482,0.237795,59.994016,0.001244,0.0000,0.8634,8147.6,-0.1384,3,0
42.7801,0.237795,59.994013,0.001240,0.0000,0.8730,8155.1,-0.1378,3,0
42.8122,0.238891,59.994010,0.001236,0.0000,0.8833,8162.5,-0.1362,3,0
42.8450,0.238891,59.994006,0.001232,0.0000,0.8936,8167.9,-0.1338,3,0
42.8775,0.238891,59.994003,0.001227,0.0000,0.8999,8179.5,-0.1310,3,0
42.9105,0.238891,59.993999,0.001223,0.0000,0.9062,8195.1,-0.1278,3,0
42.9454,0.238891,59.993996,0.001219,0.0000,0.9144,8203.8,-0.1244,3,0
42.9816,0.238891,59.993993,0.001215,0.0000,0.9227,8209.0,-0.1211,3,0
43.0186,0.238891,59.993990,0.001211,0.0000,0.9285,8214.1,-0.1180,3,0
43.0539,0.238891,59.993987,0.001207,0.0000,0.9344,8229.8,-0.1153,3,0
43.0904,0.238891,59.993984,0.001203,0.0000,0.9388,8239.3,-0.1131,3,0
43.1270,0.238891,59.993981,0.001199,0.0000,0.9433,8250.0,-0.1112,3,0
43.1642,0.239991,59.993977,0.001195,0.0000,0.9469,8258.2,-0.1099,3,0
43.2001,0.239991,59.993974,0.001191,0.0000,0.9506,8268.2,-0.1091,3,0
43.2360,0.239991,59.993971,0.001187,0.0000,0.9538,8277.6,-0.1089,3,0
43.2728,0.239991,59.993968,0.001183,0.0000,0.9571,8284.9,-0.1090,3,0
43.3092,0.239991,59.993965,0.001179,0.0000,0.9611,8292.3,-0.1094,3,0
43.3471,0.239991,59.993962,0.001175,0.0000,0.9651,8300.5,-0.1098,3,0
43.3835,0.239991,59.993958,0.001171,0.0000,0.9682,8308.3,-0.1105,3,0
43.4213,0.239991,59.993955,0.001167,0.0000,0.9713,8317.2,-0.1112,3,0
43.4583,0.239991,59.993951,0.001163,0.0000,0.9772,8331.6,-0.1117,3,0
43.4980,0.239991,59.993948,0.001160,0.0000,0.9830,8339.7,-0.1122,3,0
43.5367,0.241093,59.993944,0.001156,0.0000,0.9898,8349.1,-0.1124,3,0
43.5751,0.241093,59.993941,0.001152,0.0000,0.9965,8361.0,-0.1127,3,0
43.6142,0.241093,59.993937,0.001148,0.0000,0.9983,8373.9,-0.1129,3,0
43.6537,0.241093,59.993933,0.001144,0.0000,1.0000,8384.8,-0.1130,3,0
43.6937,0.241093,59.993930,0.001140,0.0000,1.0000,8393.3,-0.1130,3,0
43.7335,0.241093,59.993927,0.001137,0.0000,1.0000,8401.3,-0.1130,3,0
43.7745,0.241093,59.993923,0.001133,0.0000,1.0000,8405.2,-0.1132,3,0
43.8148,0.241093,59.993920,0.001129,0.0000,1.0000,8411.4,-0.1134,3,0
43.8553,0.241093,59.993916,0.001126,0.0000,1.0000,8417.0,-0.1135,3,0
43.8958,0.241093,59.993913,0.001122,0.0000,1.0000,8421.5,-0.1136,3,0
43.9350,0.242197,59.993910,0.001118,0.0000,1.0000,8428.5,-0.1137,3,0
43.9750,0.242197,59.993906,0.001115,0.0000,1.0000,8433.9,-0.1138,3,0
44.0142,0.242197,59.993903,0.001111,0.0000,1.0000,8443.2,-0.1140,3,0
44.0543,0.242197,59.993899,0.001107,0.0000,1.0000,8446.6,-0.1140,3,0
44.0938,0.242197,59.993896,0.001104,0.0000,1.0000,8452.2,-0.1140,3,0
44.1324,0.242197,59.993892,0.001100,0.0000,1.0000,8459.4,-0.1140,3,0
44.1722,0.242197,59.993889,0.001097,0.0000,1.0000,8464.8,-0.1140,3,0
44.2099,0.242197,59.993885,0.001093,0.0000,1.0000,8475.4,-0.1138,3,0
44.2492,0.242197,59.993882,0.001090,0.0000,1.0000,8480.4,-0.1135,3,0
44.2866,0.242197,59.993878,0.001086,0.0000,1.0000,8489.6,-0.1130,3,0
44.3250,0.243300,59.993874,0.001083,0.0000,1.0000,8497.0,-0.1128,3,0
44.3628,0.243300,59.993871,0.001079,0.0000,1.0000,8507.1,-0.1125,3,0
44.4014,0.243300,59.993867,0.001076,0.0000,1.0000,8513.7,-0.1121,3,0
44.4403,0.243300,59.993864,0.001072,0.0000,1.0000,8519.4,-0.1117,3,0
44.4779,0.243300,59.993860,0.001069,0.0000,1.0000,8527.9,-0.1113,3,0
44.5163,0.243300,59.993856,0.001065,0.0000,1.0000,8533.6,-0.1111,3,0
44.5538,0.243300,59.993853,0.001062,0.0000,1.0000,8543.2,-0.1109,3,0
44.5924,0.243300,59.993849,0.001058,0.0000,1.0000,8550.5,-0.1108,3,0
44.6298,0.243300,59.993846,0.001055,0.0000,1.0000,8559.6,-0.1108,3,0
44.6661,0.243300,59.993842,0.001052,0.0000,1.0000,8571.0,-0.1109,3,0
44.7041,0.244404,59.993838,0.001048,0.0000,1.0000,8577.7,-0.1114,3,0
44.7415,0.244404,59.993835,0.001045,0.0000,1.0000,8586.5,-0.1117,3,0
44.7797,0.244404,59.993831,0.001042,0.0000,1.0000,8592.5,-0.1119,3,0
44.8162,0.244404,59.993828,0.001038,0.0000,1.0000,8600.7,-0.1121,3,0
44.8533,0.244404,59.993824,0.001035,0.0000,1.0000,8608.1,-0.1122,3,0
44.8905,0.244404,59.993820,0.001032,0.0000,1.0000,8615.0,-0.1123,3,0
44.9277,0.244404,59.993816,0.001029,0.0000,1.0000,8621.0,-0.1120,3,0
44.9652,0.244404,59.993813,0.001025,0.0000,1.0000,8627.3,-0.1113,3,0
45.0018,0.244404,59.993809,0.001022,0.0000,1.0000,8634.5,-0.1103,3,0
45.0393,0.244404,59.993805,0.001019,0.0000,1.0000,8640.0,-0.1092,3,0
45.0763,0.245510,59.993801,0.001016,0.0000,1.0000,8647.1,-0.1079,3,0
45.1142,0.245510,59.993797,0.001013,0.0000,1.0000,8653.2,-0.1063,3,0
45.1515,0.245510,59.993794,0.001010,0.0000,1.0000,8659.3,-0.1046,3,0
45.1888,0.245510,59.993790,0.001006,0.0000,1.0000,8665.9,-0.1031,3,0
45.2258,0.245510,59.993786,0.001003,0.0000,1.0000,8672.0,-0.1019,3,0
45.2631,0.245510,59.993782,0.001000,0.0000,1.0000,8678.3,-0.1008,3,0
45.3010,0.245510,59.993778,0.000997,0.0000,1.0000,8683.2,-0.1000,3,0
45.3368,0.245510,59.993775,0.000994,0.0000,1.0000,8690.6,-0.0994,3,0
45.3733,0.245510,59.993771,0.000991,0.0000,1.0000,8697.2,-0.0992,3,0
45.4097,0.245510,59.993767,0.000988,0.0000,1.0000,8702.1,-0.0991,3,0
45.4466,0.246617,59.993763,0.000985,0.0000,1.0000,8707.8,-0.0991,3,0
45.4827,0.246617,59.993759,0.000982,0.0000,1.0000,8713.0,-0.0991,3,0
45.5186,0.246617,59.993756,0.000979,0.0000,1.0000,8719.4,-0.0992,3,0
45.5547,0.246617,59.993752,0.000976,0.0000,1.0000,8725.2,-0.0996,3,0
45.5909,0.246617,59.993748,0.000973,0.0000,1.0000,8732.5,-0.1000,3,0
45.6275,0.246617,59.993744,0.000970,0.0000,1.0000,8738.5,-0.1004,3,0
45.6631,0.246617,59.993740,0.000968,0.0000,1.0000,8743.8,-0.1006,3,0
45.6988,0.246617,59.993737,0.000965,0.0000,1.0000,8751.5,-0.1010,3,0
45.7348,0.246617,59.993733,0.000962,0.0000,1.0000,8757.5,-0.1013,3,0
45.7706,0.246617,59.993729,0.000959,0.0000,1.0000,8765.5,-0.1016,3,0
45.8068,0.247740,59.993725,0.000956,0.0000,1.0000,8769.8,-0.1018,3,0
45.8419,0.247740,59.993721,0.000954,0.0000,1.0000,8776.3,-0.1019,3,0
45.8775,0.247740,59.993718,0.000951,0.0000,1.0000,8781.4,-0.1020,3,0
45.9121,0.247740,59.993714,0.000948,0.0000,1.0000,8790.4,-0.1020,3,0
45.9477,0.247740,59.993710,0.000945,0.0000,1.0000,8795.7,-0.1015,3,0
45.9830,0.247740,59.993706,0.000942,0.0000,1.0000,8800.9,-0.1008,3,0
46.0185,0.247740,59.993702,0.000940,0.0000,1.0000,8806.6,-0.1001,3,0
46.0549,0.247740,59.993698,0.000937,0.0000,1.0000,8809.9,-0.0993,3,0
46.0907,0.247740,59.993694,0.000935,0.0000,1.0000,8815.3,-0.0983,3,0
46.1276,0.247740,59.993690,0.000932,0.0000,1.0000,8817.5,-0.0970,3,0
46.1642,0.248871,59.993686,0.000929,0.0000,1.0000,8818.2,-0.0957,3,0
46.1998,0.248871,59.993682,0.000927,0.0000,1.0000,8827.5,-0.0945,3,0
46.2353,0.248871,59.993678,0.000924,0.0000,1.0000,8832.8,-0.0934,3,0
46.2716,0.248871,59.993674,0.000922,0.0000,1.0000,8840.3,-0.0924,3,0
46.3078,0.248871,59.993670,0.000919,0.0000,1.0000,8844.8,-0.0917,3,0
46.3436,0.248871,59.993666,0.000916,0.0000,1.0000,8849.2,-0.0914,3,0
46.3790,0.248871,59.993662,0.000914,0.0000,1.0000,8854.9,-0.0914,3,0
46.4137,0.248871,59.993658,0.000912,0.0000,1.0000,8864.6,-0.0915,3,0
46.4499,0.248871,59.993654,0.000909,0.0000,1.0000,8867.8,-0.0918,3,0
46.4849,0.248871,59.993650,0.000907,0.0000,1.0000,8872.1,-0.0922,3,0
46.5204,0.250010,59.993646,0.000904,0.0000,1.0000,8875.9,-0.0927,3,0
46.5545,0.250010,59.993642,0.000902,0.0000,1.0000,8883.3,-0.0930,3,0
46.5910,0.250010,59.993638,0.000899,0.0000,1.0000,8887.1,-0.0933,3,0
46.6261,0.250010,59.993634,0.000897,0.0000,1.0000,8890.3,-0.0934,3,0
46.6624,0.250010,59.993630,0.000895,0.0000,1.0000,8889.6,-0.0935,3,0
46.6982,0.250010,59.993626,0.000892,0.0000,1.0000,8891.7,-0.0935,3,0
46.7321,0.250010,59.993622,0.000890,0.0000,1.0000,8904.1,-0.0931,3,0
46.7667,0.250010,59.993618,0.000888,0.0000,1.0000,8910.6,-0.0927,3,0
46.8022,0.250010,59.993614,0.000885,0.0000,1.0000,8912.3,-0.0921,3,0
46.8389,0.250010,59.993610,0.000883,0.0000,1.0000,8910.6,-0.0914,3,0
46.8735,0.251156,59.993606,0.000881,0.0000,1.0000,8916.6,-0.0905,3,0
46.9078,0.251156,59.993602,0.000879,0.0000,1.0000,8927.1,-0.0892,3,0
46.9432,0.251156,59.993598,0.000876,0.0000,1.0000,8928.3,-0.0877,3,0
46.9792,0.251156,59.993594,0.000874,0.0000,1.0000,8929.0,-0.0859,3,0
47.0139,0.251156,59.993590,0.000872,0.0000,1.0000,8933.1,-0.0837,3,0
47.0481,0.251156,59.993586,0.000870,0.0000,1.0000,8943.3,-0.0811,3,0
47.0823,0.251156,59.993582,0.000868,0.0000,1.0000,8951.0,-0.0780,3,0
47.1178,0.251156,59.993578,0.000866,0.0000,1.0000,8953.2,-0.0746,3,0
47.1538,0.251156,59.993574,0.000864,0.0000,1.0000,8959.5,-0.0709,3,0
47.1877,0.251156,59.993570,0.000861,0.0000,1.0000,8967.8,-0.0669,3,0
47.2221,0.252310,59.993566,0.000859,0.0000,1.0000,8975.6,-0.0625,3,0
47.2570,0.252310,59.993562,0.000857,0.0000,1.0000,8977.4,-0.0581,3,0
47.2918,0.252310,59.993558,0.000855,0.0000,1.0000,8987.3,-0.0537,3,0
47.3258,0.252310,59.993554,0.000853,0.0000,1.0000,8995.5,-0.0493,3,0
47.3604,0.252310,59.993550,0.000851,0.0000,1.0000,9003.6,-0.0449,3,0
47.3938,0.252310,59.993546,0.000849,0.0000,1.0000,9014.4,-0.0404,3,0
47.4304,0.252310,59.993541,0.000847,0.0000,1.0000,9012.1,-0.0361,3,0
47.4659,0.252310,59.993537,0.000845,0.0000,1.0000,9018.0,-0.0319,3,0
47.5018,0.252310,59.993533,0.000843,0.0000,1.0000,9022.8,-0.0277,3,0
47.5372,0.252310,59.993529,0.000841,0.0000,1.0000,9026.1,-0.0235,3,0
47.5741,0.253465,59.993524,0.000840,0.0000,1.0000,9026.0,-0.0195,3,0
47.6117,0.253465,59.993520,0.000838,0.0000,1.0000,9024.2,-0.0155,3,0
47.6483,0.253465,59.993516,0.000836,0.0000,1.0000,9026.8,-0.0114,3,0
47.6852,0.253465,59.993511,0.000834,0.0000,1.0000,9027.3,-0.0070,3,0
47.7229,0.253465,59.993507,0.000832,0.0000,1.0000,9024.6,-0.0020,3,0
47.7611,0.253465,59.993503,0.000830,0.0000,1.0000,9021.7,0.0034,3,0
47.7994,0.253465,59.993499,0.000828,0.0000,1.0000,9018.2,0.0096,3,0
47.8369,0.253465,59.993494,0.000826,0.0000,1.0000,9019.4,0.0162,3,0
47.8738,0.253465,59.993490,0.000825,0.0000,1.0000,9021.6,0.0236,3,0
47.9131,0.253465,59.993486,0.000823,0.0000,1.0000,9014.6,0.0314,3,0
47.9519,0.254628,59.993482,0.000821,0.0000,1.0000,9008.7,0.0396,3,0
47.9910,0.254628,59.993478,0.000819,0.0000,1.0000,9001.5,0.0478,3,0
48.0285,0.254628,59.993473,0.000818,0.0000,1.0000,9000.9,0.0561,3,0
48.0665,0.254628,59.993469,0.000816,0.0000,1.0000,8998.1,0.0641,3,0
48.1041,0.254628,59.993465,0.000814,0.0000,0.9920,8994.1,0.0717,3,0
48.1409,0.254628,59.993461,0.000812,0.0000,0.9840,8993.2,0.0787,3,0
48.1745,0.254628,59.993457,0.000810,0.0000,0.9520,9002.1,0.0852,3,0
48.2079,0.254628,59.993452,0.000809,0.0000,0.9199,9006.5,0.0912,3,0
48.2417,0.254628,59.993448,0.000807,0.0000,0.8798,8998.4,0.0964,3,0
48.2708,0.254628,59.993444,0.000805,0.0000,0.8397,8995.5,0.1013,3,0
48.2967,0.255800,59.993440,0.000803,0.0000,0.8047,8999.3,0.1058,3,0
48.3197,0.255800,59.993436,0.000801,0.0000,0.7696,9004.5,0.1099,3,0
48.3420,0.255800,59.993431,0.000800,0.0000,0.7412,9002.5,0.1134,3,0
48.3610,0.255800,59.993427,0.000798,0.0000,0.7128,9002.1,0.1163,3,0
48.3787,0.255800,59.993423,0.000796,0.0000,0.6887,9003.7,0.1189,3,0
48.3931,0.255800,59.993419,0.000794,0.0000,0.6646,9008.7,0.1212,3,0
48.4078,0.255800,59.993414,0.000792,0.0000,0.6482,9004.2,0.1228,3,0
48.4221,0.255800,59.993410,0.000790,0.0000,0.6318,9000.7,0.1241,3,0
48.4334,0.255800,59.993406,0.000788,0.0006,0.6120,9004.1,0.1251,3,0
48.4436,0.255800,59.993402,0.000786,0.0012,0.5922,9006.8,0.1259,3,0
48.4528,0.256984,59.993397,0.000784,0.0006,0.5740,9006.5,0.1263,3,0
48.4633,0.256984,59.993393,0.000782,0.0000,0.5558,9000.1,0.1265,3,0
48.4712,0.256984,59.993389,0.000780,0.0007,0.5394,8999.5,0.1267,3,0
48.4776,0.256984,59.993384,0.000778,0.0015,0.5231,9002.3,0.1271,3,0
48.4834,0.256984,59.993380,0.000776,0.0007,0.5116,9005.2,0.1277,3,0
48.4901,0.256984,59.993376,0.000774,0.0000,0.5002,9004.9,0.1286,3,0
48.4951,0.256984,59.993372,0.000772,0.0012,0.4949,9006.6,0.1299,3,0
48.5004,0.256984,59.993368,0.000770,0.0024,0.4897,9006.3,0.1315,3,0
48.5029,0.256984,59.993364,0.000768,0.0012,0.4879,9012.4,0.1335,3,0
48.5057,0.256984,59.993360,0.000766,0.0000,0.4862,9018.2,0.1357,3,0
48.5083,0.258174,59.993356,0.000764,0.0012,0.4853,9022.6,0.1380,3,0
48.5110,0.258174,59.993352,0.000761,0.0024,0.4844,9022.9,0.1405,3,0
48.5151,0.258174,59.993348,0.000759,0.0012,0.4812,9014.2,0.1431,3,0
48.5161,0.258174,59.993344,0.000757,0.0000,0.4779,9015.8,0.1452,3,0
48.5153,0.258174,59.993340,0.000755,0.0026,0.4718,8993.6,0.1468,3,0
48.5038,0.258174,59.993336,0.000753,0.0051,0.4658,8944.6,0.1481,3,0
48.4907,0.258174,59.993332,0.000750,0.0045,0.4573,8895.9,0.1489,3,0
48.4764,0.258174,59.993327,0.000748,0.0039,0.4488,8847.4,0.1490,3,0
48.4636,0.258174,59.993323,0.000746,0.0034,0.4426,8587.4,0.1485,4,0
48.4904,0.258174,59.993319,0.000743,0.0029,0.4363,7776.3,0.1476,4,0
48.5208,0.259365,59.993315,0.000741,0.0043,0.4292,7676.2,0.1466,4,0
48.5373,0.259365,59.993311,0.000738,0.0056,0.4221,7618.7,0.1455,4,0
48.5469,0.259365,59.993306,0.000736,0.0051,0.4181,7588.9,0.1446,4,0
48.5517,0.259365,59.993302,0.000734,0.0047,0.4142,7578.3,0.1439,4,0
48.5547,0.259365,59.993298,0.000731,0.0084,0.4124,7575.7,0.1437,4,0
48.5586,0.259365,59.993294,0.000729,0.0122,0.4107,7571.8,0.1438,4,0
48.5614,0.259365,59.993290,0.000726,0.0103,0.4107,7570.5,0.1444,4,0
48.5627,0.259365,59.993285,0.000724,0.0083,0.4107,7573.5,0.1452,4,0
48.5640,0.259365,59.993281,0.000721,0.0088,0.4119,7579.6,0.1463,4,0
48.5675,0.259365,59.993277,0.000718,0.0093,0.4132,7577.8,0.1477,4,0
48.5707,0.260561,59.993273,0.000716,0.0083,0.4180,7573.5,0.1491,4,0
48.5730,0.260561,59.993269,0.000713,0.0073,0.4229,7570.4,0.1502,4,0
48.5739,0.260561,59.993264,0.000711,0.0043,0.4296,7577.2,0.1510,4,0
48.5777,0.260561,59.993260,0.000708,0.0012,0.4363,7577.9,0.1516,4,0
48.5829,0.260561,59.993256,0.000705,0.0029,0.4438,7574.3,0.1513,4,0
48.5876,0.260561,59.993252,0.000703,0.0046,0.4513,7573.7,0.1504,4,0
48.5917,0.260561,59.993248,0.000700,0.0023,0.4651,7578.5,0.1490,4,0
48.5972,0.260561,59.993243,0.000697,0.0000,0.4789,7586.2,0.1476,4,0
48.6054,0.260561,59.993239,0.000694,0.0000,0.4997,7587.7,0.1459,4,0
48.6141,0.260561,59.993235,0.000691,0.0000,0.5205,7592.6,0.1440,4,0
48.6220,0.261756,59.993231,0.000688,0.0000,0.5385,7600.9,0.1422,4,0
48.6313,0.261756,59.993227,0.000686,0.0000,0.5565,7611.0,0.1406,4,0
48.6411,0.261756,59.993222,0.000683,0.0000,0.5804,7624.9,0.1394,4,0
48.6542,0.261756,59.993218,0.000680,0.0000,0.6044,7631.9,0.1383,4,0
48.6666,0.261756,59.993214,0.000677,0.0000,0.6256,7642.3,0.1375,4,0
48.6799,0.261756,59.993210,0.000674,0.0000,0.6468,7655.4,0.1371,4,0
48.6941,0.261756,59.993206,0.000671,0.0000,0.6667,7670.1,0.1370,4,0
48.7111,0.261756,59.993203,0.000668,0.0000,0.6867,7676.6,0.1369,4,0
48.7288,0.261756,59.993199,0.000665,0.0000,0.7034,7681.9,0.1366,4,0
48.7465,0.261756,59.993195,0.000662,0.0000,0.7201,7691.3,0.1362,4,0
48.7642,0.262949,59.993191,0.000659,0.0000,0.7336,7705.1,0.1356,4,0
48.7848,0.262949,59.993187,0.000655,0.0000,0.7470,7714.1,0.1342,4,0
48.8077,0.262949,59.993184,0.000652,0.0000,0.7592,7714.0,0.1321,4,0
48.8297,0.262949,59.993180,0.000649,0.0000,0.7715,7718.2,0.1292,4,0
48.8520,0.262949,59.993176,0.000646,0.0000,0.7803,7728.9,0.1258,4,0
48.8755,0.262949,59.993172,0.000643,0.0000,0.7892,7739.0,0.1218,4,0
48.8999,0.262949,59.993168,0.000640,0.0000,0.8018,7744.6,0.1173,4,0
48.9257,0.262949,59.993163,0.000636,0.0000,0.8144,7747.5,0.1127,4,0
48.9517,0.262949,59.993159,0.000633,0.0000,0.8287,7755.6,0.1084,4,0
48.9780,0.262949,59.993155,0.000630,0.0000,0.8431,7766.0,0.1040,4,0
49.0066,0.264143,59.993151,0.000626,0.0000,0.8584,7771.9,0.0995,4,0
49.0366,0.264143,59.993147,0.000623,0.0000,0.8737,7774.5,0.0951,4,0
49.0673,0.264143,59.993142,0.000620,0.0000,0.8887,7777.5,0.0909,4,0
49.0974,0.264143,59.993138,0.000616,0.0000,0.9037,7788.6,0.0872,4,0
49.1292,0.264143,59.993134,0.000613,0.0000,0.9163,7795.0,0.0837,4,0
49.1632,0.264143,59.993130,0.000609,0.0000,0.9289,7797.2,0.0810,4,0
49.1975,0.264143,59.993125,0.000606,0.0000,0.9397,7798.2,0.0786,4,0
49.2315,0.264143,59.993121,0.000602,0.0000,0.9506,7802.9,0.0767,4,0
49.2649,0.264143,59.993116,0.000599,0.0000,0.9569,7810.2,0.0748,4,0
49.3004,0.264143,59.993112,0.000595,0.0000,0.9633,7810.2,0.0730,4,0
49.3356,0.265338,59.993108,0.000592,0.0000,0.9664,7809.1,0.0712,4,0
49.3707,0.265338,59.993103,0.000588,0.0000,0.9696,7813.0,0.0695,4,0
49.4059,0.265338,59.993099,0.000584,0.0000,0.9722,7819.6,0.0677,4,0
49.4421,0.265338,59.993094,0.000581,0.0000,0.9748,7823.4,0.0657,4,0
49.4779,0.265338,59.993090,0.000577,0.0000,0.9772,7824.1,0.0632,4,0
49.5141,0.265338,59.993086,0.000574,0.0000,0.9795,7823.9,0.0601,4,0
49.5492,0.265338,59.993083,0.000570,0.0000,0.9800,7832.6,0.0564,4,0
49.5854,0.265338,59.993079,0.000566,0.0000,0.9805,7838.1,0.0517,4,0
49.6228,0.265338,59.993075,0.000562,0.0000,0.9809,7833.7,0.0462,4,0
49.6611,0.265338,59.993071,0.000558,0.0000,0.9813,7828.6,0.0400,4,0
49.6995,0.266539,59.993068,0.000555,0.0000,0.9813,7827.7,0.0336,4,0
49.7365,0.266539,59.993064,0.000551,0.0000,0.9813,7830.5,0.0270,4,0
49.7742,0.266539,59.993060,0.000547,0.0000,0.9813,7828.8,0.0206,4,0
49.8141,0.266539,59.993057,0.000543,0.0000,0.9813,7818.0,0.0149,4,0
49.8525,0.266539,59.993053,0.000540,0.0000,0.9813,7817.8,0.0106,4,0
49.8908,0.266539,59.993049,0.000536,0.0000,0.9813,7818.8,0.0074,4,0
49.9292,0.266539,59.993044,0.000532,0.0000,0.9813,7816.2,0.0059,4,0
49.9662,0.266539,59.993040,0.000528,0.0000,0.9813,7821.8,0.0062,4,0
50.0042,0.266539,59.993036,0.000524,0.0000,0.9809,7824.1,0.0082,4,0
50.0446,0.266539,59.993032,0.000520,0.0000,0.9805,7818.0,0.0117,4,0
50.0842,0.267744,59.993027,0.000516,0.0000,0.9782,7813.7,0.0164,4,0
50.1217,0.267744,59.993023,0.000512,0.0000,0.9758,7815.2,0.0224,4,0
50.1598,0.267744,59.993019,0.000508,0.0000,0.9704,7817.2,0.0292,4,0
50.2005,0.267744,59.993014,0.000504,0.0000,0.9651,7808.0,0.0369,4,0
50.2378,0.267744,59.993010,0.000500,0.0000,0.9551,7809.5,0.0449,4,0
50.2724,0.267744,59.993006,0.000496,0.0000,0.9452,7820.1,0.0533,4,0
50.3072,0.267744,59.993003,0.000492,0.0000,0.9334,7828.2,0.0618,4,0
50.3450,0.267744,59.992999,0.000488,0.0000,0.9217,7823.0,0.0703,4,0
50.3809,0.267744,59.992995,0.000484,0.0000,0.9113,7822.8,0.0783,4,0
50.4128,0.267744,59.992992,0.000480,0.0000,0.9010,7832.1,0.0859,4,0
50.4444,0.268957,59.992988,0.000476,0.0000,0.8951,7842.3,0.0932,4,0
50.4781,0.268957,59.992984,0.000471,0.0000,0.8892,7843.7,0.1003,4,0
50.5116,0.268957,59.992980,0.000467,0.0000,0.8847,7844.0,0.1066,4,0
50.5422,0.268957,59.992977,0.000463,0.0000,0.8803,7852.8,0.1126,4,0
50.5720,0.268957,59.992973,0.000459,0.0000,0.8779,7863.9,0.1183,4,0
50.6024,0.268957,59.992969,0.000455,0.0000,0.8755,7873.2,0.1238,4,0
50.6332,0.268957,59.992964,0.000451,0.0000,0.8743,7874.5,0.1287,4,0
50.6638,0.268957,59.992960,0.000446,0.0000,0.8730,7882.8,0.1336,4,0
50.6923,0.268957,59.992956,0.000442,0.0000,0.8710,7893.0,0.1382,4,0
50.7204,0.268957,59.992952,0.000438,0.0000,0.8690,7904.9,0.1426,4,0
50.7502,0.270181,59.992947,0.000434,0.0000,0.8661,7909.3,0.1466,4,0
50.7793,0.270181,59.992943,0.000429,0.0000,0.8631,7913.4,0.1502,4,0
50.8073,0.270181,59.992939,0.000425,0.0000,0.8584,7920.2,0.1533,4,0
50.8323,0.270181,59.992934,0.000421,0.0000,0.8538,7936.1,0.1561,4,0
50.8604,0.270181,59.992930,0.000417,0.0000,0.8493,7938.8,0.1582,4,0
50.8874,0.270181,59.992926,0.000412,0.0000,0.8448,7941.4,0.1596,4,0
50.9129,0.270181,59.992923,0.000408,0.0000,0.8377,7948.5,0.1606,4,0
50.9363,0.270181,59.992919,0.000403,0.0000,0.8306,7961.3,0.1616,4,0
50.9614,0.270181,59.992915,0.000399,0.0000,0.8234,7966.9,0.1623,4,0
50.9850,0.270181,59.992912,0.000394,0.0000,0.8162,7973.0,0.1626,4,0
51.0084,0.271420,59.992908,0.000390,0.0000,0.8094,7977.8,0.1629,4,0
51.0306,0.271420,59.992904,0.000386,0.0000,0.8027,7986.9,0.1631,4,0
51.0534,0.271420,59.992900,0.000381,0.0000,0.7968,7995.2,0.1632,4,0
51.0740,0.271420,59.992897,0.000377,0.0000,0.7910,8009.4,0.1631,4,0
51.0956,0.271420,59.992893,0.000372,0.0007,0.7865,8016.3,0.1630,4,0
51.1173,0.271420,59.992889,0.000368,0.0015,0.7820,8022.4,0.1630,4,0
51.1371,0.271420,59.992884,0.000363,0.0007,0.7789,8037.9,0.1630,4,0
51.1565,0.271420,59.992880,0.000358,0.0000,0.7757,8055.7,0.1629,4,0
51.1751,0.271420,59.992876,0.000354,0.0001,0.7726,8071.6,0.1627,4,0
51.1974,0.271420,59.992871,0.000349,0.0002,0.7695,8071.4,0.1627,4,0
51.2187,0.272673,59.992867,0.000344,0.0001,0.7659,8075.4,0.1626,4,0
51.2385,0.272673,59.992863,0.000340,0.0000,0.7623,8087.5,0.1623,4,0
51.2583,0.272673,59.992859,0.000335,0.0000,0.7610,8089.5,0.1618,4,0
51.2798,0.272673,59.992854,0.000330,0.0000,0.7598,8087.9,0.1613,4,0
51.2989,0.272673,59.992850,0.000326,0.0000,0.7593,8089.3,0.1603,4,0
51.3175,0.272673,59.992846,0.000321,0.0000,0.7588,8094.9,0.1588,4,0
51.3359,0.272673,59.992843,0.000316,0.0000,0.7593,8101.6,0.1567,4,0
51.3571,0.272673,59.992839,0.000311,0.0000,0.7598,8096.8,0.1547,4,0
51.3772,0.272673,59.992835,0.000306,0.0000,0.7598,8094.5,0.1524,4,0
51.3982,0.272673,59.992831,0.000301,0.0000,0.7598,8097.0,0.1502,4,0
51.4159,0.273948,59.992828,0.000296,0.0000,0.7607,8107.6,0.1479,4,0
51.4362,0.273948,59.992824,0.000291,0.0000,0.7615,8109.0,0.1461,4,0
51.4575,0.273948,59.992820,0.000286,0.0000,0.7624,8108.2,0.1445,4,0
51.4778,0.273948,59.992817,0.000281,0.0000,0.7633,8112.3,0.1434,4,0
51.4957,0.273948,59.992813,0.000276,0.0000,0.7645,8126.1,0.1429,4,0
51.5169,0.273948,59.992809,0.000271,0.0000,0.7658,8129.1,0.1432,4,0
51.5391,0.273948,59.992805,0.000266,0.0000,0.7671,8132.4,0.1443,4,0
51.5598,0.273948,59.992802,0.000261,0.0000,0.7685,8137.6,0.1460,4,0
51.5802,0.273948,59.992798,0.000256,0.0000,0.7704,8148.8,0.1483,4,0
51.6028,0.273948,59.992794,0.000251,0.0000,0.7722,8152.4,0.1514,4,0
51.6251,0.275250,59.992790,0.000245,0.0000,0.7736,8151.5,0.1546,4,0
51.6486,0.275250,59.992786,0.000240,0.0000,0.7750,8150.7,0.1580,4,0
51.6682,0.275250,59.992783,0.000235,0.0000,0.7754,8162.3,0.1616,4,0
51.6905,0.275250,59.992779,0.000230,0.0000,0.7757,8164.8,0.1656,4,0
51.7138,0.275250,59.992775,0.000225,0.0007,0.7757,8163.2,0.1694,4,0
51.7355,0.275250,59.992772,0.000220,0.0015,0.7757,8162.7,0.1727,4,0
51.7555,0.275250,59.992768,0.000215,0.0007,0.7757,8166.5,0.1755,4,0
51.7758,0.275250,59.992765,0.000210,0.0000,0.7757,8167.5,0.1778,4,0
51.7972,0.275250,59.992761,0.000205,0.0001,0.7757,8164.2,0.1789,4,0
51.8188,0.275250,59.992758,0.000200,0.0002,0.7757,8156.3,0.1790,4,0
51.8388,0.276578,59.992754,0.000195,0.0002,0.7745,8153.5,0.1780,4,0
51.8597,0.276578,59.992751,0.000190,0.0003,0.7733,8148.9,0.1762,4,0
51.8809,0.276578,59.992747,0.000186,0.0001,0.7724,8145.7,0.1738,4,0
51.9036,0.276578,59.992744,0.000181,0.0000,0.7715,8136.9,0.1709,4,0
51.9217,0.276578,59.992740,0.000176,0.0000,0.7710,8137.2,0.1672,4,0
51.9394,0.276578,59.992737,0.000171,0.0000,0.7705,8161.3,0.1625,4,1
51.9591,0.276578,59.992733,0.000165,0.0000,0.7705,8177.5,0.1580,4,1
51.9800,0.276578,59.992730,0.000160,0.0000,0.7705,8192.4,0.1545,4,0
51.9989,0.276578,59.992726,0.000154,0.0000,0.7700,8211.2,0.1520,4,1
52.0230,0.276578,59.992723,0.000148,0.0000,0.7695,8212.7,0.1510,4,0
52.0435,0.277924,59.992719,0.000143,0.0000,0.7700,8235.0,0.1509,4,1
52.0376,0.277924,59.992716,0.000137,0.0000,0.7705,8281.6,0.1511,4,0
52.0335,0.277924,59.992713,0.000131,0.0000,0.7705,8344.6,0.1477,4,1
52.0479,0.277924,59.992709,0.000126,0.0000,0.7705,8384.4,0.1431,4,0
52.0612,0.277924,59.992705,0.000120,0.0000,0.7705,8422.7,0.1375,4,1
52.0754,0.277924,59.992702,0.000115,0.0000,0.7705,8419.8,0.1305,4,0
52.0967,0.277924,59.992698,0.000109,0.0000,0.7727,8372.4,0.1229,4,0
52.1406,0.277924,59.992694,0.000103,0.0000,0.7750,8321.3,0.1146,4,0
52.1614,0.277924,59.992691,0.000097,0.0000,0.7780,8303.2,0.1059,4,0
52.1896,0.277924,59.992687,0.000091,0.0000,0.7810,8299.3,0.0973,4,0
52.2151,0.279281,59.992683,0.000085,0.0000,0.7868,8318.5,0.0890,4,0
52.2270,0.279281,59.992679,0.000079,0.0000,0.7927,8359.7,0.0824,4,0
52.2467,0.279281,59.992675,0.000073,0.0000,0.7999,8380.6,0.0771,4,0
52.2730,0.279281,59.992672,0.000068,0.0000,0.8072,8384.5,0.0743,4,0
52.2934,0.279281,59.992668,0.000062,0.0000,0.8148,8399.9,0.0726,4,0
52.3052,0.279281,59.992664,0.000056,0.0000,0.8224,8456.7,0.0732,4,0
52.3362,0.279281,59.992661,0.000050,0.0000,0.8291,8433.4,0.0750,4,0
52.3594,0.279281,59.992657,0.000044,0.0000,0.8358,8450.3,0.0782,4,0
52.3887,0.279281,59.992654,0.000038,0.0000,0.8394,8434.9,0.0824,4,0
52.4132,0.279281,59.992650,0.000031,0.0000,0.8431,8445.1,0.0878,4,0
52.4257,0.280649,59.992647,0.000025,0.0000,0.8445,8506.7,0.0935,4,0
52.4449,0.280649,59.992644,0.000019,0.0000,0.8458,8534.6,0.0997,4,0
52.4662,0.280649,59.992640,0.000013,0.0000,0.8458,8553.6,0.1063,4,0
52.5027,0.280649,59.992637,0.000007,0.0000,0.8458,8505.9,0.1134,4,0
52.5407,0.280649,59.992633,0.000001,0.0000,0.8458,8454.7,0.1206,4,0
52.5709,0.280649,59.992630,-0.000005,0.0000,0.8458,8432.5,0.1278,4,0
52.6032,0.280649,59.992627,-0.000012,0.0000,0.8462,8402.7,0.1350,4,0
52.6271,0.280649,59.992623,-0.000018,0.0000,0.8466,8412.0,0.1423,4,0
52.6522,0.280649,59.992620,-0.000024,0.0000,0.8462,8410.3,0.1490,4,0
52.6721,0.280649,59.992616,-0.000030,0.0000,0.8458,8421.5,0.1551,4,0
52.6911,0.282018,59.992613,-0.000037,0.0000,0.8467,8397.4,0.1601,4,0
52.7059,0.282018,59.992610,-0.000043,0.0000,0.8476,8395.0,0.1625,4,0
52.7294,0.282018,59.992606,-0.000049,0.0000,0.8520,8369.0,0.1630,4,0
52.7420,0.282018,59.992603,-0.000055,0.0000,0.8565,8403.9,0.1616,4,0
52.7617,0.282018,59.992599,-0.000062,0.0000,0.8651,8397.0,0.1585,4,0
52.7849,0.282018,59.992596,-0.000068,0.0000,0.8737,8397.4,0.1536,4,0
52.8085,0.282018,59.992592,-0.000074,0.0000,0.8832,8409.3,0.1481,4,0
52.8302,0.282018,59.992589,-0.000081,0.0000,0.8927,8423.3,0.1425,4,0
52.8486,0.282018,59.992585,-0.000087,0.0007,0.9072,8460.2,0.1380,4,0
52.8813,0.282018,59.992582,-0.000094,0.0015,0.9217,8447.0,0.1330,4,0
52.9094,0.283425,59.992578,-0.000100,0.0007,0.9375,8454.5,0.1293,4,0
52.9350,0.283425,59.992574,-0.000107,0.0000,0.9533,8478.3,0.1269,4,0
52.9616,0.283425,59.992571,-0.000113,0.0000,0.9690,8507.5,0.1265,4,0
52.9875,0.283425,59.992567,-0.000120,0.0000,0.9847,8533.8,0.1267,4,0
53.0285,0.283425,59.992564,-0.000126,0.0000,0.9923,8499.9,0.1281,4,0
53.0691,0.283425,59.992560,-0.000133,0.0000,1.0000,8457.1,0.1300,4,0
53.0860,0.283425,59.992557,-0.000139,0.0000,1.0000,8484.2,0.1327,4,0
53.1243,0.283425,59.992553,-0.000146,0.0000,1.0000,8457.3,0.1361,4,0
53.1555,0.283425,59.992550,-0.000153,0.0000,1.0000,8459.0,0.1384,4,0
53.1993,0.283425,59.992547,-0.000159,0.0000,1.0000,8440.7,0.1403,4,0
53.2195,0.284760,59.992543,-0.000166,0.0000,1.0000,8468.5,0.1407,4,0
53.2483,0.284760,59.992540,-0.000173,0.0000,1.0000,8464.5,0.1391,4,0
53.2799,0.284760,59.992537,-0.000179,0.0000,1.0000,8451.2,0.1349,4,0
53.3121,0.284760,59.992534,-0.000186,0.0000,1.0000,8440.0,0.1293,4,0
53.3496,0.284760,59.992530,-0.000193,0.0000,1.0000,8424.0,0.1227,4,0
53.3807,0.284760,59.992527,-0.000199,0.0000,1.0000,8438.0,0.1153,4,0
53.4132,0.284760,59.992524,-0.000206,0.0000,1.0000,8445.5,0.1083,4,0
53.4553,0.284760,59.992520,-0.000213,0.0000,1.0000,8411.4,0.1022,4,0
53.4928,0.284760,59.992517,-0.000220,0.0000,1.0000,8399.1,0.0977,4,0
53.5245,0.284760,59.992513,-0.000227,0.0000,1.0000,8407.0,0.0947,4,0
53.5602,0.286093,59.992510,-0.000234,0.0000,1.0000,8415.9,0.0931,4,0
53.5899,0.286093,59.992507,-0.000241,0.0000,1.0000,8428.4,0.0925,4,0
53.6187,0.286093,59.992503,-0.000248,0.0000,1.0000,8435.5,0.0922,4,0
53.6457,0.286093,59.992500,-0.000255,0.0000,1.0000,8454.4,0.0920,4,0
53.6805,0.286093,59.992496,-0.000261,0.0000,1.0000,8451.1,0.0919,4,0
53.7133,0.286093,59.992493,-0.000268,0.0000,1.0000,8446.6,0.0917,4,0
53.7431,0.286093,59.992490,-0.000275,0.0000,1.0000,8451.0,0.0914,4,0
53.7713,0.286093,59.992487,-0.000283,0.0000,1.0000,8475.0,0.0913,4,0
53.8067,0.286093,59.992484,-0.000290,0.0000,1.0000,8474.7,0.0919,4,0
53.8383,0.286093,59.992481,-0.000297,0.0000,1.0000,8473.2,0.0931,4,0
53.8661,0.287429,59.992478,-0.000304,0.0000,1.0000,8495.1,0.0948,4,0
53.8944,0.287429,59.992474,-0.000311,0.0000,1.0000,8518.8,0.0971,4,0
53.9270,0.287429,59.992471,-0.000318,0.0000,1.0000,8522.9,0.1002,4,0
53.9574,0.287429,59.992468,-0.000326,0.0000,1.0000,8533.8,0.1040,4,0
53.9850,0.287429,59.992465,-0.000333,0.0000,1.0000,8553.9,0.1084,4,0
54.0110,0.287429,59.992462,-0.000340,0.0000,1.0000,8579.1,0.1130,4,0
54.0395,0.287429,59.992459,-0.000347,0.0000,1.0000,8586.4,0.1176,4,0
54.0685,0.287429,59.992456,-0.000355,0.0000,1.0000,8587.1,0.1221,4,0
54.0944,0.287429,59.992452,-0.000362,0.0000,1.0000,8593.6,0.1255,4,0
54.1203,0.287429,59.992449,-0.000370,0.0000,1.0000,8601.4,0.1277,4,0
54.1463,0.288766,59.992446,-0.000377,0.0000,1.0000,8602.2,0.1286,4,0
54.1747,0.288766,59.992443,-0.000384,0.0000,1.0000,8599.1,0.1284,4,0
54.2011,0.288766,59.992440,-0.000392,0.0000,1.0000,8605.6,0.1266,4,0
54.2295,0.288766,59.992436,-0.000399,0.0000,1.0000,8608.6,0.1235,4,0
54.2580,0.288766,59.992433,-0.000407,0.0000,1.0000,8609.7,0.1195,4,0
54.2855,0.288766,59.992430,-0.000414,0.0000,1.0000,8617.1,0.1148,4,0
54.3118,0.288766,59.992427,-0.000422,0.0000,1.0000,8629.7,0.1094,4,0
54.3391,0.288766,59.992424,-0.000429,0.0000,1.0000,8637.9,0.1038,4,0
54.3666,0.288766,59.992421,-0.000437,0.0000,1.0000,8646.7,0.0986,4,0
54.3938,0.288766,59.992418,-0.000445,0.0000,1.0000,8654.2,0.0935,4,0
54.4192,0.290087,59.992415,-0.000452,0.0000,1.0000,8670.1,0.0886,4,0
54.4465,0.290087,59.992412,-0.000460,0.0000,1.0000,8681.0,0.0840,4,0
54.4764,0.290087,59.992409,-0.000467,0.0000,1.0000,8686.0,0.0799,4,0
54.5032,0.290087,59.992406,-0.000475,0.0000,1.0000,8692.9,0.0760,4,0
54.5320,0.290087,59.992403,-0.000483,0.0000,1.0000,8704.5,0.0719,4,0
54.5602,0.290087,59.992400,-0.000490,0.0000,1.0000,8711.8,0.0681,4,0
54.5877,0.290087,59.992397,-0.000498,0.0000,1.0000,8716.4,0.0640,4,0
54.6126,0.290087,59.992394,-0.000506,0.0000,1.0000,8721.3,0.0594,4,0
54.6424,0.290087,59.992391,-0.000514,0.0000,1.0000,8728.3,0.0548,4,0
54.6680,0.290087,59.992388,-0.000522,0.0000,1.0000,8734.0,0.0499,4,0
54.6962,0.291397,59.992385,-0.000530,0.0000,1.0000,8737.6,0.0454,4,0
54.7236,0.291397,59.992382,-0.000538,0.0000,1.0000,8740.0,0.0409,4,0
54.7514,0.291397,59.992379,-0.000546,0.0000,1.0000,8743.8,0.0369,4,0
54.7784,0.291397,59.992376,-0.000553,0.0000,1.0000,8749.7,0.0337,4,0
54.8063,0.291397,59.992373,-0.000561,0.0000,1.0000,8754.0,0.0313,4,0
54.8352,0.291397,59.992370,-0.000569,0.0000,1.0000,8753.2,0.0296,4,0
54.8631,0.291397,59.992367,-0.000577,0.0000,1.0000,8755.7,0.0286,4,0
54.8905,0.291397,59.992365,-0.000585,0.0000,1.0000,8759.0,0.0283,4,0
54.9189,0.291397,59.992362,-0.000593,0.0000,1.0000,8757.6,0.0283,4,0
54.9463,0.291397,59.992360,-0.000602,0.0000,1.0000,8758.3,0.0286,4,0
54.9747,0.292711,59.992357,-0.000610,0.0000,1.0000,8753.3,0.0290,4,0
55.0029,0.292711,59.992354,-0.000618,0.0000,1.0000,8751.6,0.0295,4,0
55.0313,0.292711,59.992352,-0.000626,0.0000,1.0000,8751.5,0.0299,4,0
55.0570,0.292711,59.992349,-0.000634,0.0000,1.0000,8759.4,0.0303,4,0
55.0840,0.292711,59.992347,-0.000642,0.0000,1.0000,8761.3,0.0309,4,0
55.1130,0.292711,59.992344,-0.000650,0.0000,1.0000,8757.0,0.0318,4,0
55.1410,0.292711,59.992341,-0.000659,0.0000,1.0000,8759.0,0.0329,4,0
55.1669,0.292711,59.992339,-0.000667,0.0000,1.0000,8768.2,0.0340,4,0
55.1943,0.292711,59.992336,-0.000675,0.0000,1.0000,8772.7,0.0353,4,0
55.2249,0.292711,59.992333,-0.000683,0.0000,1.0000,8765.5,0.0370,4,0
55.2533,0.294036,59.992331,-0.000692,0.0000,1.0000,8765.8,0.0386,4,0
55.2799,0.294036,59.992328,-0.000700,0.0000,1.0000,8772.3,0.0400,4,0
55.3083,0.294036,59.992325,-0.000708,0.0000,1.0000,8770.9,0.0413,4,0
55.3368,0.294036,59.992322,-0.000717,0.0000,1.0000,8770.9,0.0423,4,0
55.3636,0.294036,59.992320,-0.000725,0.0000,1.0000,8776.4,0.0427,4,0
55.3865,0.294036,59.992317,-0.000733,0.0000,1.0000,8795.5,0.0426,4,0
55.4142,0.294036,59.992314,-0.000742,0.0000,1.0000,8794.2,0.0421,4,0
55.4425,0.294036,59.992312,-0.000750,0.0000,1.0000,8794.5,0.0412,4,0
55.4699,0.294036,59.992309,-0.000759,0.0000,1.0000,8795.0,0.0399,4,0
55.4970,0.294036,59.992306,-0.000767,0.0000,1.0000,8797.8,0.0384,4,0
55.5251,0.295381,59.992303,-0.000776,0.0000,1.0000,8797.6,0.0371,4,0
55.5540,0.295381,59.992301,-0.000784,0.0000,1.0000,8797.8,0.0358,4,0
55.5819,0.295381,59.992298,-0.000793,0.0000,1.0000,8796.8,0.0346,4,0
55.6087,0.295381,59.992295,-0.000801,0.0000,1.0000,8802.5,0.0338,4,0
55.6352,0.295381,59.992293,-0.000810,0.0000,1.0000,8811.2,0.0334,4,0
55.6637,0.295381,59.992290,-0.000818,0.0000,1.0000,8810.1,0.0331,4,0
55.6922,0.295381,59.992287,-0.000827,0.0000,1.0000,8806.6,0.0326,4,0
55.7194,0.295381,59.992285,-0.000835,0.0000,1.0000,8809.6,0.0323,4,0
55.7463,0.295381,59.992282,-0.000844,0.0000,1.0000,8814.5,0.0318,4,0
55.7747,0.295381,59.992280,-0.000853,0.0000,1.0000,8810.3,0.0309,4,0
55.8027,0.296736,59.992277,-0.000861,0.0000,1.0000,8806.0,0.0296,4,0
55.8300,0.296736,59.992274,-0.000870,0.0000,1.0000,8807.7,0.0280,4,0
55.8592,0.296736,59.992272,-0.000878,0.0000,1.0000,8801.1,0.0260,4,0
55.8905,0.296736,59.992269,-0.000887,0.0000,1.0000,8784.1,0.0231,4,0
55.9272,0.296736,59.992267,-0.000896,0.0000,1.0000,8744.2,0.0196,4,0
55.9575,0.296736,59.992264,-0.000904,0.0000,1.0000,8734.6,0.0155,4,0
55.9834,0.296736,59.992262,-0.000913,0.0000,1.0000,8741.7,0.0108,4,0
56.0129,0.296736,59.992259,-0.000922,0.0000,1.0000,8731.1,0.0054,4,0
56.0403,0.296736,59.992257,-0.000931,0.0000,1.0000,8730.7,-0.0001,4,0
56.0649,0.296736,59.992254,-0.000939,0.0000,1.0000,8742.2,-0.0054,4,0
56.0904,0.298128,59.992252,-0.000948,0.0000,1.0000,8746.7,-0.0109,4,0
56.1186,0.298128,59.992250,-0.000957,0.0000,1.0000,8734.4,-0.0166,4,0
56.1336,0.298128,59.992247,-0.000966,0.0000,1.0000,8734.8,-0.0221,4,0
56.1367,0.298128,59.992245,-0.000974,0.0000,1.0000,8749.4,-0.0271,4,0
56.1462,0.298128,59.992242,-0.000983,0.0000,1.0000,8752.2,-0.0330,4,0
56.1712,0.298128,59.992240,-0.000992,0.0000,1.0000,8745.4,-0.0389,4,0
56.2012,0.298128,59.992237,-0.001001,0.0000,1.0000,8759.1,-0.0440,4,0
56.2189,0.298128,59.992235,-0.001010,0.0000,1.0000,8783.6,-0.0477,4,0
56.2505,0.298128,59.992232,-0.001018,0.0000,1.0000,8770.2,-0.0518,4,0
56.2693,0.298128,59.992230,-0.001027,0.0000,1.0000,8796.9,-0.0535,4,0
56.2845,0.299536,59.992227,-0.001036,0.0000,1.0000,8830.6,-0.0559,4,0
56.2968,0.299536,59.992224,-0.001045,0.0000,1.0000,8863.0,-0.0575,4,0
56.3282,0.299536,59.992222,-0.001054,0.0000,1.0000,8819.2,-0.0582,4,0
56.3551,0.299536,59.992219,-0.001062,0.0000,1.0000,8814.7,-0.0587,4,0
56.3835,0.299536,59.992217,-0.001071,0.0000,1.0000,8807.1,-0.0594,4,0
56.4034,0.299536,59.992214,-0.001080,0.0000,1.0000,8821.0,-0.0591,4,0
56.4265,0.299536,59.992212,-0.001089,0.0000,1.0000,8796.6,-0.0585,4,0
56.4269,0.299536,59.992209,-0.001098,0.0000,1.0000,8890.4,-0.0580,4,0
56.4546,0.299536,59.992207,-0.001107,0.0000,1.0000,8874.6,-0.0563,4,0
56.4687,0.299536,59.992204,-0.001115,0.0000,1.0000,8891.1,-0.0547,4,0
56.5047,0.300968,59.992202,-0.001124,0.0000,1.0000,8836.3,-0.0524,4,0
56.5261,0.300968,59.992200,-0.001133,0.0000,1.0000,8848.0,-0.0503,4,0
56.5331,0.300968,59.992197,-0.001142,0.0000,1.0000,8899.5,-0.0485,4,0
56.5593,0.300968,59.992195,-0.001151,0.0000,1.0000,8882.3,-0.0459,4,0
56.5848,0.300968,59.992192,-0.001160,0.0000,1.0000,8878.0,-0.0436,4,0
56.6028,0.300968,59.992190,-0.001168,0.0000,1.0000,8874.2,-0.0428,4,0
56.6257,0.300968,59.992188,-0.001177,0.0000,1.0000,8869.1,-0.0430,4,0
56.6468,0.300968,59.992185,-0.001186,0.0000,1.0000,8854.2,-0.0437,4,0
56.6662,0.300968,59.992182,-0.001195,0.0000,1.0000,8873.3,-0.0456,4,0
56.6799,0.300968,59.992180,-0.001203,0.0000,1.0000,8904.0,-0.0484,4,0
56.7035,0.302421,59.992177,-0.001212,0.0000,1.0000,8890.8,-0.0508,4,0
56.7088,0.302421,59.992175,-0.001221,0.0000,1.0000,8946.4,-0.0531,4,0
56.7285,0.302421,59.992173,-0.001230,0.0000,1.0000,8945.4,-0.0559,4,0
56.7357,0.302421,59.992170,-0.001239,0.0000,1.0000,8953.0,-0.0580,4,0
56.7610,0.302421,59.992168,-0.001247,0.0000,1.0000,8939.8,-0.0594,4,0
56.7840,0.302421,59.992165,-0.001256,0.0000,1.0000,8936.9,-0.0598,4,0
56.7976,0.302421,59.992162,-0.001265,0.0000,1.0000,8943.1,-0.0599,4,0
56.8148,0.302421,59.992160,-0.001273,0.0000,1.0000,8959.3,-0.0601,4,0
56.8354,0.302421,59.992157,-0.001282,0.0000,1.0000,8946.3,-0.0596,4,0
56.8537,0.302421,59.992154,-0.001291,0.0000,1.0000,8940.8,-0.0601,4,0
56.8767,0.303887,59.992151,-0.001300,0.0000,1.0000,8938.3,-0.0597,4,0
56.8927,0.303887,59.992149,-0.001308,0.0000,1.0000,8959.6,-0.0599,4,0
56.8998,0.303887,59.992146,-0.001317,0.0000,1.0000,8986.4,-0.0603,4,0
56.9047,0.303887,59.992143,-0.001326,0.0000,1.0000,8988.6,-0.0604,4,0
56.9196,0.303887,59.992141,-0.001334,0.0000,1.0000,9011.2,-0.0611,4,0
56.9450,0.303887,59.992138,-0.001343,0.0000,1.0000,8980.4,-0.0604,4,0
56.9598,0.303887,59.992135,-0.001352,0.0000,1.0000,8966.0,-0.0593,4,0
56.9788,0.303887,59.992132,-0.001360,0.0000,1.0000,8971.2,-0.0580,4,0
56.9860,0.303887,59.992130,-0.001369,0.0000,1.0000,8997.4,-0.0569,4,0
56.9991,0.303887,59.992127,-0.001377,0.0000,1.0000,9026.8,-0.0558,4,0
57.0071,0.305352,59.992124,-0.001386,0.0000,1.0000,9053.4,-0.0543,4,0
57.0164,0.305352,59.992121,-0.001395,0.0000,1.0000,9092.4,-0.0532,4,0
57.0299,0.305352,59.992118,-0.001403,0.0000,1.0000,9081.2,-0.0520,4,0
57.0506,0.305352,59.992116,-0.001412,0.0000,1.0000,9060.6,-0.0504,4,0
57.0638,0.305352,59.992113,-0.001420,0.0000,1.0000,9068.4,-0.0488,4,0
57.0709,0.305352,59.992110,-0.001429,0.0000,1.0000,9098.3,-0.0478,4,0
57.0852,0.305352,59.992107,-0.001437,0.0000,1.0000,9091.9,-0.0478,4,0
57.1061,0.305352,59.992104,-0.001446,0.0000,1.0000,9073.9,-0.0468,4,0
57.1235,0.305352,59.992101,-0.001454,0.0000,1.0000,9071.7,-0.0465,4,0
57.1311,0.305352,59.992098,-0.001463,0.0000,1.0000,9112.6,-0.0467,4,0
57.1578,0.306843,59.992095,-0.001471,0.0000,1.0000,9071.6,-0.0476,4,0
57.1679,0.306843,59.992092,-0.001480,0.0000,1.0000,9085.2,-0.0487,4,0
57.1878,0.306843,59.992089,-0.001488,0.0000,1.0000,9077.2,-0.0501,4,0
57.2055,0.306843,59.992086,-0.001497,0.0000,1.0000,9069.1,-0.0526,4,0
57.2213,0.306843,59.992083,-0.001505,0.0000,1.0000,9070.5,-0.0546,4,0
57.2345,0.306843,59.992080,-0.001514,0.0000,1.0000,9060.6,-0.0569,4,0
57.2452,0.306843,59.992077,-0.001522,0.0000,1.0000,9080.6,-0.0601,4,0
57.2703,0.306843,59.992074,-0.001530,0.0000,1.0000,9048.7,-0.0623,4,0
57.2771,0.306843,59.992071,-0.001539,0.0000,1.0000,9066.5,-0.0643,4,0
57.2774,0.306843,59.992068,-0.001547,0.0000,1.0000,9088.3,-0.0662,4,0
57.2956,0.308275,59.992065,-0.001555,0.0000,1.0000,9093.5,-0.0689,4,0
57.3175,0.308275,59.992062,-0.001564,0.0000,1.0000,9066.0,-0.0687,4,0
57.3262,0.308275,59.992059,-0.001572,0.0000,1.0000,9068.1,-0.0680,4,0
57.3331,0.308275,59.992056,-0.001580,0.0000,1.0000,9074.7,-0.0660,4,0
57.3481,0.308275,59.992053,-0.001589,0.0000,1.0000,9035.1,-0.0628,4,0
57.3666,0.308275,59.992050,-0.001597,0.0000,1.0000,8989.1,-0.0588,4,0
57.3814,0.308275,59.992047,-0.001605,0.0000,1.0000,8962.6,-0.0542,4,0
57.3900,0.308275,59.992044,-0.001614,0.0000,1.0000,8973.5,-0.0494,4,0
57.3997,0.308275,59.992041,-0.001622,0.0000,1.0000,8981.3,-0.0447,4,0
57.4099,0.308275,59.992038,-0.001630,0.0000,1.0000,8984.6,-0.0404,4,0
57.4240,0.309715,59.992035,-0.001638,0.0000,1.0000,8985.3,-0.0364,4,0
57.4361,0.309715,59.992032,-0.001646,0.0000,1.0000,8996.9,-0.0331,4,0
57.4466,0.309715,59.992029,-0.001655,0.0000,1.0000,9011.6,-0.0303,4,0
57.4616,0.309715,59.992026,-0.001663,0.0000,1.0000,9005.1,-0.0283,4,0
57.4776,0.309715,59.992023,-0.001671,0.0000,1.0000,9000.8,-0.0276,4,0
57.4919,0.309715,59.992020,-0.001679,0.0000,1.0000,9006.7,-0.0276,4,0
57.5051,0.309715,59.992016,-0.001687,0.0000,1.0000,9014.0,-0.0284,4,0
57.5254,0.309715,59.992013,-0.001695,0.0000,1.0000,8996.0,-0.0300,4,0
57.5440,0.309715,59.992009,-0.001703,0.0000,1.0000,8990.1,-0.0323,4,0
57.5581,0.309715,59.992006,-0.001711,0.0000,1.0000,8998.6,-0.0345,4,0
57.5724,0.311155,59.992002,-0.001720,0.0000,1.0000,9001.5,-0.0368,4,0
57.5932,0.311155,59.991999,-0.001728,0.0000,1.0000,8980.7,-0.0390,4,0
57.6096,0.311155,59.991996,-0.001736,0.0000,1.0000,8979.4,-0.0409,4,0
57.6219,0.311155,59.991992,-0.001744,0.0000,1.0000,8989.9,-0.0420,4,0
57.6359,0.311155,59.991988,-0.001752,0.0000,1.0000,8989.2,-0.0426,4,0
57.6546,0.311155,59.991985,-0.001760,0.0000,1.0000,8975.3,-0.0428,4,0
57.6691,0.311155,59.991982,-0.001768,0.0000,1.0000,8976.9,-0.0422,4,0
57.6796,0.311155,59.991979,-0.001776,0.0000,1.0000,8988.8,-0.0408,4,0
57.6947,0.311155,59.991976,-0.001784,0.0000,1.0000,8982.4,-0.0390,4,0
57.7117,0.311155,59.991973,-0.001792,0.0000,1.0000,8974.6,-0.0368,4,0
57.7241,0.312591,59.991970,-0.001800,0.0000,1.0000,8982.1,-0.0342,4,0
57.7346,0.312591,59.991967,-0.001808,0.0000,1.0000,8994.3,-0.0316,4,0
57.7517,0.312591,59.991964,-0.001816,0.0000,1.0000,8984.8,-0.0292,4,0
57.7673,0.312591,59.991961,-0.001823,0.0000,1.0000,8981.3,-0.0270,4,0
57.7784,0.312591,59.991958,-0.001831,0.0000,1.0000,8993.1,-0.0249,4,0
57.7896,0.312591,59.991955,-0.001839,0.0000,1.0000,9003.7,-0.0232,4,0
57.8069,0.312591,59.991951,-0.001847,0.0000,1.0000,8993.2,-0.0218,4,0
57.8223,0.312591,59.991948,-0.001855,0.0000,1.0000,8991.4,-0.0204,4,0
57.8325,0.312591,59.991944,-0.001863,0.0000,1.0000,9005.5,-0.0191,4,0
57.8464,0.312591,59.991941,-0.001871,0.0000,1.0000,9006.6,-0.0180,4,0
57.8637,0.314019,59.991937,-0.001879,0.0000,1.0000,8996.5,-0.0170,4,0
57.8776,0.314019,59.991934,-0.001887,0.0000,1.0000,8998.9,-0.0157,4,0
57.8871,0.314019,59.991931,-0.001895,0.0000,1.0000,9014.4,-0.0145,4,0
57.9033,0.314019,59.991927,-0.001903,0.0000,1.0000,9007.0,-0.0132,4,0
57.9195,0.314019,59.991923,-0.001910,0.0000,1.0000,8999.8,-0.0116,4,0
57.9320,0.314019,59.991920,-0.001918,0.0000,1.0000,9004.4,-0.0096,4,0
57.9423,0.314019,59.991917,-0.001926,0.0000,1.0000,9018.8,-0.0073,4,0
57.9596,0.314019,59.991913,-0.001934,0.0000,1.0000,9006.5,-0.0047,4,0
57.9749,0.314019,59.991910,-0.001942,0.0000,1.0000,9001.0,-0.0014,4,0
57.9863,0.314019,59.991906,-0.001950,0.0000,1.0000,9010.1,0.0024,4,0
57.9978,0.315451,59.991903,-0.001958,0.0000,1.0000,9019.3,0.0065,4,0
58.0154,0.315451,59.991900,-0.001965,0.0000,1.0000,9005.9,0.0112,4,0
58.0295,0.315451,59.991896,-0.001973,0.0000,1.0000,9003.9,0.0161,4,0
58.0395,0.315451,59.991893,-0.001981,0.0000,1.0000,9019.2,0.0215,4,0
58.0533,0.315451,59.991889,-0.001989,0.0000,1.0000,9020.8,0.0269,4,0
58.0706,0.315451,59.991886,-0.001997,0.0000,1.0000,9007.9,0.0326,4,0
58.0836,0.315451,59.991882,-0.002005,0.0000,1.0000,9010.5,0.0383,4,0
58.0925,0.315451,59.991879,-0.002012,0.0000,1.0000,9030.1,0.0442,4,0
58.1084,0.315451,59.991875,-0.002020,0.0000,1.0000,9021.0,0.0503,4,0
58.1231,0.315451,59.991872,-0.002028,0.0000,1.0000,9014.6,0.0564,4,0
58.1338,0.316857,59.991868,-0.002036,0.0000,1.0000,9022.4,0.0622,4,0
58.1428,0.316857,59.991864,-0.002044,0.0000,1.0000,9037.4,0.0682,4,0
58.1578,0.316857,59.991861,-0.002052,0.0000,1.0000,9027.2,0.0736,4,0
58.1700,0.316857,59.991857,-0.002059,0.0000,1.0000,9026.6,0.0783,4,0
58.1775,0.316857,59.991854,-0.002067,0.0000,1.0000,9041.5,0.0825,4,0
58.1878,0.316857,59.991850,-0.002075,0.0000,1.0000,9049.4,0.0862,4,0
58.1997,0.316857,59.991847,-0.002083,0.0000,1.0000,9044.4,0.0888,4,0
58.2096,0.316857,59.991843,-0.002091,0.0000,1.0000,9048.2,0.0906,4,0
58.2161,0.316857,59.991840,-0.002099,0.0000,1.0000,9065.2,0.0916,4,0
58.2253,0.316857,59.991837,-0.002107,0.0000,1.0000,9071.9,0.0919,4,0
58.2352,0.318262,59.991833,-0.002115,0.0000,1.0000,9072.6,0.0913,4,0
58.2427,0.318262,59.991830,-0.002123,0.0000,1.0000,9080.9,0.0901,4,0
58.2505,0.318262,59.991827,-0.002130,0.0000,1.0000,9091.9,0.0885,4,0
58.2595,0.318262,59.991824,-0.002138,0.0000,1.0000,9091.9,0.0865,4,0
58.2673,0.318262,59.991820,-0.002146,0.0000,1.0000,9101.5,0.0840,4,0
58.2736,0.318262,59.991817,-0.002154,0.0000,1.0000,9111.2,0.0812,4,0
58.2802,0.318262,59.991814,-0.002162,0.0000,1.0000,9121.6,0.0784,4,0
58.2874,0.318262,59.991810,-0.002170,0.0000,1.0000,9129.6,0.0752,4,0
58.2938,0.318262,59.991807,-0.002178,0.0000,1.0000,9138.6,0.0719,4,0
58.3010,0.318262,59.991803,-0.002186,0.0000,1.0000,9145.7,0.0686,4,0
58.3076,0.319670,59.991800,-0.002195,0.0000,1.0000,9153.3,0.0654,4,0
58.3104,0.319670,59.991797,-0.002203,0.0000,1.0000,9180.3,0.0621,4,0
58.3118,0.319670,59.991793,-0.002211,0.0000,1.0000,9207.8,0.0590,4,0
58.3171,0.319670,59.991790,-0.002219,0.0000,1.0000,9221.6,0.0563,4,0
58.3227,0.319670,59.991786,-0.002227,0.0000,1.0000,9231.6,0.0538,4,0
58.3289,0.319670,59.991783,-0.002235,0.0000,1.0000,9238.9,0.0517,4,0
58.3351,0.319670,59.991780,-0.002243,0.0000,1.0000,9244.1,0.0503,4,0
58.3417,0.319670,59.991777,-0.002251,0.0000,1.0000,9248.8,0.0495,4,0
58.3484,0.319670,59.991774,-0.002260,0.0000,1.0000,9253.7,0.0488,4,0
58.3550,0.319670,59.991771,-0.002268,0.0000,1.0000,9254.1,0.0487,4,0
58.3633,0.321077,59.991768,-0.002276,0.0000,1.0000,9253.8,0.0490,4,0
58.3705,0.321077,59.991765,-0.002284,0.0000,1.0000,9253.8,0.0497,4,0
58.3775,0.321077,59.991762,-0.002292,0.0000,1.0000,9257.7,0.0508,4,0
58.3843,0.321077,59.991759,-0.002301,0.0000,1.0000,9256.3,0.0524,4,0
58.3931,0.321077,59.991756,-0.002309,0.0000,1.0000,9252.6,0.0545,4,0
58.4001,0.321077,59.991753,-0.002317,0.0000,1.0000,9252.3,0.0570,4,0
58.4069,0.321077,59.991750,-0.002326,0.0000,1.0000,9257.3,0.0600,4,0
58.4143,0.321077,59.991747,-0.002334,0.0000,1.0000,9258.3,0.0634,4,0
58.4227,0.321077,59.991744,-0.002342,0.0000,1.0000,9254.4,0.0669,4,0
58.4298,0.321077,59.991741,-0.002351,0.0000,1.0000,9252.4,0.0700,4,0
58.4357,0.322490,59.991738,-0.002359,0.0000,1.0000,9250.4,0.0730,4,0
58.4428,0.322490,59.991734,-0.002368,0.0000,1.0000,9243.8,0.0756,4,0
58.4500,0.322490,59.991731,-0.002376,0.0000,1.0000,9237.4,0.0771,4,0
58.4540,0.322490,59.991728,-0.002384,0.0000,1.0000,9236.0,0.0774,4,0
58.4606,0.322490,59.991725,-0.002393,0.0000,0.9956,9228.9,0.0767,4,0
58.4669,0.322490,59.991722,-0.002401,0.0000,0.9911,9220.2,0.0749,4,0
58.4774,0.322490,59.991719,-0.002410,0.0000,0.9389,9208.4,0.0721,4,0
58.4879,0.322490,59.991716,-0.002418,0.0000,0.8867,9189.7,0.0688,4,0
58.4983,0.322490,59.991712,-0.002427,0.0004,0.7948,9147.6,0.0645,4,0
58.4999,0.322490,59.991709,-0.002435,0.0007,0.7030,9116.8,0.0600,4,0
58.4847,0.323977,59.991706,-0.002444,0.0045,0.6254,9092.8,0.0556,4,0
58.4635,0.323977,59.991703,-0.002453,0.0083,0.5478,9071.0,0.0513,4,0
58.4429,0.323977,59.991700,-0.002461,0.0204,0.4606,9062.4,0.0474,4,0
58.4221,0.323977,59.991696,-0.002470,0.0325,0.3735,9045.3,0.0437,4,0
58.3919,0.323977,59.991693,-0.002478,0.0560,0.3055,9025.6,0.0400,4,0
58.3430,0.323977,59.991690,-0.002487,0.0795,0.2374,9037.2,0.0364,4,0
58.2925,0.323977,59.991687,-0.002496,0.1049,0.1851,9049.4,0.0336,4,0
58.2412,0.323977,59.991684,-0.002504,0.1303,0.1327,9033.8,0.0315,4,0
58.1839,0.323977,59.991681,-0.002513,0.1664,0.0958,8986.9,0.0309,4,0
58.1270,0.323977,59.991678,-0.002522,0.2025,0.0589,8951.9,0.0300,4,0
58.0725,0.325478,59.991675,-0.002530,0.2233,0.0404,8901.3,0.0298,4,0
58.0177,0.325478,59.991672,-0.002539,0.2441,0.0219,8828.0,0.0296,4,0
57.9587,0.325478,59.991669,-0.002548,0.2701,0.0110,8779.9,0.0297,4,0
57.8861,0.325478,59.991666,-0.002556,0.2961,0.0000,8770.2,0.0303,4,0
57.8197,0.325478,59.991663,-0.002565,0.3235,0.0000,8719.1,0.0316,4,0
57.7498,0.325478,59.991660,-0.002574,0.3510,0.0000,8667.4,0.0335,4,0
57.6723,0.325478,59.991657,-0.002583,0.3745,0.0000,8630.0,0.0357,4,0
57.5962,0.325478,59.991655,-0.002591,0.3981,0.0000,8590.1,0.0379,4,0
57.5196,0.325478,59.991652,-0.002600,0.4217,0.0000,8574.6,0.0402,4,0
57.4353,0.325478,59.991650,-0.002609,0.4453,0.0000,8555.3,0.0430,4,0
57.3543,0.326979,59.991647,-0.002617,0.4626,0.0000,8504.3,0.0457,4,0
57.2668,0.326979,59.991644,-0.002626,0.4799,0.0000,8496.6,0.0483,4,1
57.1614,0.326979,59.991642,-0.002635,0.5031,0.0000,8458.9,0.0508,4,1
57.0516,0.326979,59.991639,-0.002643,0.5263,0.0000,8400.2,0.0528,4,1
56.9322,0.326979,59.991637,-0.002652,0.5415,0.0000,8397.9,0.0532,4,1
56.7787,0.326979,59.991634,-0.002661,0.5567,0.0000,8411.1,0.0532,4,1
56.6068,0.326979,59.991631,-0.002669,0.5687,0.0000,8504.6,0.0530,4,1
56.4441,0.326979,59.991629,-0.002678,0.5807,0.0000,8553.8,0.0525,4,1
56.3039,0.326979,59.991626,-0.002687,0.5957,0.0000,8476.0,0.0518,4,1
56.1598,0.326979,59.991624,-0.002695,0.6107,0.0000,8432.7,0.0515,4,1
56.0278,0.328448,59.991621,-0.002704,0.6206,0.0000,8382.6,0.0506,4,1
55.9017,0.328448,59.991618,-0.002712,0.6304,0.0000,8412.1,0.0502,4,1
55.7613,0.328448,59.991616,-0.002721,0.6407,0.0000,8460.3,0.0502,4,1
55.6148,0.328448,59.991613,-0.002730,0.6510,0.0000,8489.6,0.0509,4,1
55.4924,0.328448,59.991611,-0.002738,0.6637,0.0000,8386.3,0.0519,4,1
55.3746,0.328448,59.991608,-0.002747,0.6764,0.0000,8220.5,0.0528,4,1
55.2605,0.328448,59.991605,-0.002755,0.6830,0.0000,8111.9,0.0530,4,1
55.1531,0.328448,59.991602,-0.002764,0.6896,0.0000,8082.2,0.0524,4,1
55.0428,0.328448,59.991600,-0.002772,0.6961,0.0000,8078.2,0.0519,4,1
54.8760,0.328448,59.991597,-0.002781,0.7026,0.0000,8220.0,0.0516,4,1
54.6847,0.329866,59.991594,-0.002789,0.7060,0.0000,8322.7,0.0489,4,1
54.5327,0.329866,59.991591,-0.002798,0.7094,0.0000,8202.0,0.0447,4,1
54.3911,0.329866,59.991588,-0.002806,0.7097,0.0000,8063.9,0.0380,4,1
54.2561,0.329866,59.991586,-0.002814,0.7099,0.0000,8007.8,0.0299,4,0
54.0834,0.329866,59.991583,-0.002823,0.7149,0.0000,8104.7,0.0228,4,1
53.9015,0.329866,59.991580,-0.002831,0.7200,0.0000,8171.0,0.0164,4,0
53.7287,0.329866,59.991578,-0.002840,0.7215,0.0000,8117.1,0.0094,4,0
53.5627,0.329866,59.991576,-0.002848,0.7231,0.0000,8019.6,0.0035,4,0
53.3930,0.329866,59.991573,-0.002856,0.7279,0.0000,7937.4,-0.0015,4,0
53.2113,0.329866,59.991571,-0.002864,0.7326,0.0000,7964.6,-0.0057,4,0
53.0210,0.331285,59.991569,-0.002873,0.7340,0.0000,7986.3,-0.0076,4,0
52.8262,0.331285,59.991567,-0.002881,0.7353,0.0000,7972.7,-0.0084,4,0
52.6428,0.331285,59.991565,-0.002889,0.7390,0.0000,7931.7,-0.0066,4,0
52.4821,0.331285,59.991562,-0.002897,0.7427,0.0000,7855.9,-0.0042,4,0
52.2975,0.331285,59.991560,-0.002906,0.7476,0.0000,7810.3,-0.0004,4,0
52.1267,0.331285,59.991558,-0.002914,0.7525,0.0000,7767.0,0.0040,4,0
51.9471,0.331285,59.991555,-0.002922,0.7525,0.0000,7733.1,0.0084,4,0
51.7808,0.331285,59.991552,-0.002930,0.7525,0.0000,7713.0,0.0121,4,0
51.5993,0.331285,59.991550,-0.002938,0.7584,0.0000,7693.8,0.0160,4,0
51.4245,0.331285,59.991547,-0.002946,0.7644,0.0000,7653.6,0.0186,4,0
51.2824,0.332603,59.991544,-0.002954,0.7653,0.0000,7549.0,0.0202,4,0
51.1094,0.332603,59.991541,-0.002962,0.7661,0.0000,7575.2,0.0206,4,0
50.9416,0.332603,59.991538,-0.002970,0.7675,0.0000,7592.9,0.0227,4,0
50.7593,0.332603,59.991536,-0.002977,0.7688,0.0000,7605.0,0.0228,4,0
50.5902,0.332603,59.991533,-0.002985,0.7714,0.0000,7563.3,0.0240,4,0
50.4324,0.332603,59.991530,-0.002993,0.7740,0.0000,7630.9,0.0224,4,0
50.2597,0.332603,59.991528,-0.003001,0.7711,0.0000,8158.4,0.0222,4,0
50.0856,0.332603,59.991526,-0.003009,0.7683,0.0000,8663.2,0.0205,4,0
49.9096,0.332603,59.991524,-0.003016,0.7710,0.0000,8999.8,0.0205,4,0
49.7529,0.332603,59.991522,-0.003024,0.7737,0.0000,8965.9,0.0211,4,0
49.5953,0.333876,59.991520,-0.003032,0.7727,0.0000,8917.1,0.0204,4,0
49.4372,0.333876,59.991518,-0.003040,0.7718,0.0000,8868.4,0.0221,4,0
49.2896,0.333876,59.991516,-0.003047,0.7710,0.0000,8805.8,0.0219,3,0
49.1423,0.333876,59.991514,-0.003055,0.7703,0.0000,8796.1,0.0239,3,0
49.0270,0.333876,59.991512,-0.003063,0.7726,0.0000,8686.5,0.0271,3,0
48.8960,0.333876,59.991510,-0.003070,0.7749,0.0000,8645.8,0.0287,3,0
48.7687,0.333876,59.991508,-0.003078,0.7741,0.0000,8572.5,0.0320,3,0
48.6165,0.333876,59.991505,-0.003085,0.7732,0.0000,8651.7,0.0343,3,0
48.4543,0.333876,59.991503,-0.003093,0.7735,0.0000,8626.4,0.0349,3,0
48.3023,0.333876,59.991500,-0.003100,0.7737,0.0000,8481.9,0.0352,3,0
48.1396,0.335102,59.991498,-0.003108,0.7727,0.0000,8413.5,0.0339,3,0
47.9851,0.335102,59.991496,-0.003115,0.7717,0.0000,8486.9,0.0319,3,0
47.8102,0.335102,59.991493,-0.003122,0.7678,0.0000,8562.2,0.0283,3,0
47.6343,0.335102,59.991491,-0.003130,0.7639,0.0000,8547.0,0.0246,3,0
47.4574,0.335102,59.991488,-0.003137,0.7592,0.0000,8505.4,0.0211,3,0
47.2766,0.335102,59.991486,-0.003145,0.7544,0.0000,8486.5,0.0174,3,0
47.0959,0.335102,59.991484,-0.003152,0.7510,0.0000,8463.8,0.0143,3,0
46.9191,0.335102,59.991482,-0.003159,0.7476,0.0000,8437.4,0.0114,3,0
46.7418,0.335102,59.991480,-0.003166,0.7489,0.0000,8413.3,0.0083,3,0
46.5657,0.335102,59.991478,-0.003174,0.7503,0.0000,8384.4,0.0057,3,0
46.3906,0.336269,59.991477,-0.003181,0.7484,0.0000,8354.7,0.0026,3,0
46.2153,0.336269,59.991475,-0.003188,0.7466,0.0000,8322.4,-0.0004,3,0
46.0427,0.336269,59.991473,-0.003195,0.7444,0.0000,8289.2,-0.0043,3,0
45.8698,0.336269,59.991471,-0.003202,0.7422,0.0000,8257.8,-0.0087,3,0
45.6997,0.336269,59.991469,-0.003210,0.7347,0.0000,8224.6,-0.0138,3,0
45.5306,0.336269,59.991467,-0.003217,0.7273,0.0000,8191.5,-0.0196,3,0
45.3634,0.336269,59.991465,-0.003224,0.7208,0.0000,8158.1,-0.0254,3,0
45.1975,0.336269,59.991462,-0.003231,0.7143,0.0000,8123.6,-0.0316,3,0
45.0323,0.336269,59.991460,-0.003238,0.7088,0.0000,8090.2,-0.0372,3,0
44.8691,0.336269,59.991458,-0.003244,0.7032,0.0000,8058.8,-0.0419,3,0
44.7054,0.337346,59.991456,-0.003251,0.6964,0.0000,8026.1,-0.0455,3,0
44.5453,0.337346,59.991453,-0.003258,0.6896,0.0000,7989.0,-0.0477,3,0
44.3868,0.337346,59.991451,-0.003265,0.6824,0.0000,7955.0,-0.0491,3,0
44.2300,0.337346,59.991449,-0.003272,0.6752,0.0000,7924.1,-0.0493,3,0
44.0744,0.337346,59.991446,-0.003279,0.6662,0.0000,7898.7,-0.0483,3,0
43.9198,0.337346,59.991444,-0.003286,0.6571,0.0000,7872.8,-0.0463,3,0
43.7685,0.337346,59.991442,-0.003293,0.6490,0.0000,7842.5,-0.0440,3,0
43.6191,0.337346,59.991440,-0.003299,0.6408,0.0000,7807.5,-0.0416,3,0
43.4706,0.337346,59.991438,-0.003306,0.6348,0.0000,7778.2,-0.0390,3,0
43.3259,0.337346,59.991436,-0.003313,0.6288,0.0000,7745.3,-0.0364,3,0
43.1820,0.338390,59.991434,-0.003319,0.6164,0.0000,7714.0,-0.0342,3,0
43.0415,0.338390,59.991433,-0.003326,0.6039,0.0000,7680.4,-0.0330,3,0
42.9040,0.338390,59.991431,-0.003333,0.5934,0.0000,7664.9,-0.0329,3,0
42.7665,0.338390,59.991429,-0.003339,0.5829,0.0000,7663.3,-0.0338,3,0
42.6307,0.338390,59.991427,-0.003346,0.5703,0.0000,7640.2,-0.0355,3,0
42.4970,0.338390,59.991425,-0.003353,0.5577,0.0000,7609.5,-0.0381,3,0
42.3640,0.338390,59.991422,-0.003359,0.5501,0.0000,7577.3,-0.0415,3,0
42.2366,0.338390,59.991420,-0.003366,0.5425,0.0000,7536.0,-0.0455,3,0
42.1107,0.338390,59.991417,-0.003372,0.5358,0.0000,7521.3,-0.0495,3,0
41.9829,0.338390,59.991415,-0.003378,0.5291,0.0000,7520.3,-0.0535,3,0
41.8569,0.339379,59.991412,-0.003385,0.5181,0.0000,7497.3,-0.0568,3,0
41.7322,0.339379,59.991410,-0.003391,0.5071,0.0000,7470.4,-0.0598,3,0
41.6114,0.339379,59.991408,-0.003398,0.4912,0.0000,7462.3,-0.0628,3,0
41.4917,0.339379,59.991405,-0.003404,0.4754,0.0000,7461.5,-0.0654,3,0
41.3766,0.339379,59.991402,-0.003411,0.4579,0.0000,7438.9,-0.0675,3,0
41.2624,0.339379,59.991400,-0.003417,0.4405,0.0000,7420.0,-0.0689,3,0
41.1497,0.339379,59.991398,-0.003423,0.4218,0.0000,7410.0,-0.0700,3,0
41.0412,0.339379,59.991397,-0.003429,0.4031,0.0000,7400.3,-0.0712,3,0
40.9351,0.339379,59.991395,-0.003436,0.3887,0.0000,7394.9,-0.0725,3,0
40.8314,0.339379,59.991393,-0.003442,0.3743,0.0000,7393.2,-0.0735,3,0
40.7291,0.340361,59.991391,-0.003448,0.3627,0.0000,7394.5,-0.0741,3,0
40.6305,0.340361,59.991390,-0.003454,0.3511,0.0000,7390.4,-0.0743,3,0
40.5343,0.340361,59.991388,-0.003460,0.3382,0.0000,7384.6,-0.0746,3,0
40.4424,0.340361,59.991386,-0.003466,0.3254,0.0000,7373.9,-0.0750,3,0
40.3533,0.340361,59.991385,-0.003473,0.3107,0.0000,7364.5,-0.0752,3,0
40.2669,0.340361,59.991383,-0.003479,0.2959,0.0000,7355.8,-0.0754,3,0
40.1837,0.340361,59.991381,-0.003485,0.2818,0.0000,7349.0,-0.0755,3,0
40.1034,0.340361,59.991379,-0.003491,0.2678,0.0000,7341.6,-0.0761,3,0
40.0259,0.340361,59.991377,-0.003497,0.2582,0.0000,7332.8,-0.0772,3,0
39.9514,0.340361,59.991375,-0.003502,0.2486,0.0000,7317.3,-0.0790,3,0
39.8777,0.341390,59.991374,-0.003508,0.2376,0.0000,7307.3,-0.0813,3,0
39.8054,0.341390,59.991372,-0.003514,0.2266,0.0000,7298.2,-0.0840,3,0
39.7354,0.341390,59.991370,-0.003520,0.2205,0.0000,7288.6,-0.0870,3,0
39.6659,0.341390,59.991368,-0.003526,0.2144,0.0000,7281.3,-0.0903,3,0
39.5998,0.341390,59.991366,-0.003532,0.2042,0.0000,7268.7,-0.0936,3,0
39.5366,0.341390,59.991364,-0.003538,0.1941,0.0000,7252.7,-0.0965,3,0
39.4732,0.341390,59.991362,-0.003544,0.1859,0.0000,7243.9,-0.0989,3,0
39.4117,0.341390,59.991359,-0.003549,0.1777,0.0000,7233.9,-0.1008,3,0
39.3511,0.341390,59.991357,-0.003555,0.1715,0.0000,7227.9,-0.1023,3,0
39.2923,0.341390,59.991354,-0.003561,0.1653,0.0000,7219.9,-0.1034,3,0
39.2362,0.342460,59.991352,-0.003566,0.1613,0.0000,7205.7,-0.1041,3,0
39.1802,0.342460,59.991350,-0.003572,0.1572,0.0000,7194.2,-0.1044,3,0
39.1241,0.342460,59.991347,-0.003578,0.1522,0.0000,7186.4,-0.1043,3,0
39.0692,0.342460,59.991345,-0.003583,0.1472,0.0000,7179.1,-0.1041,3,0
39.0151,0.342460,59.991342,-0.003589,0.1357,0.0000,7175.1,-0.1041,3,0
38.9640,0.342460,59.991340,-0.003595,0.1241,0.0000,7167.3,-0.1044,3,0
38.9167,0.342460,59.991338,-0.003600,0.1101,0.0000,7156.5,-0.1052,3,0
38.8705,0.342460,59.991336,-0.003606,0.0960,0.0000,7151.9,-0.1064,3,0
38.8277,0.342460,59.991333,-0.003611,0.0838,0.0000,7144.9,-0.1080,3,0
38.7862,0.342460,59.991331,-0.003616,0.0716,0.0000,7142.0,-0.1103,3,0
38.7478,0.343405,59.991329,-0.003622,0.0606,0.0000,7138.7,-0.1132,3,0
38.7113,0.343405,59.991327,-0.003627,0.0497,0.0000,7130.9,-0.1165,3,0
38.6781,0.343405,59.991325,-0.003633,0.0435,0.0000,7122.7,-0.1202,3,0
38.6433,0.343405,59.991322,-0.003638,0.0374,0.0000,7117.3,-0.1239,3,0
38.6091,0.343405,59.991320,-0.003643,0.0309,0.0000,7112.8,-0.1274,3,0
38.5749,0.343405,59.991318,-0.003649,0.0244,0.0000,7116.8,-0.1308,3,0
38.5457,0.343405,59.991316,-0.003654,0.0197,0.0000,7111.4,-0.1339,3,0
38.5148,0.343405,59.991313,-0.003659,0.0149,0.0000,7101.6,-0.1373,3,0
38.4838,0.343405,59.991311,-0.003665,0.0127,0.0000,7100.1,-0.1399,3,0
38.4436,0.343405,59.991309,-0.003670,0.0105,0.0000,7092.6,-0.1436,3,0
38.4141,0.344466,59.991307,-0.003675,0.0087,0.0035,7094.3,-0.1500,3,0
38.3842,0.344466,59.991304,-0.003680,0.0068,0.0070,7097.1,-0.1538,3,0
38.3561,0.344466,59.991302,-0.003685,0.0068,0.0087,7086.7,-0.1568,3,0
38.3259,0.344466,59.991300,-0.003691,0.0068,0.0105,7084.7,-0.1594,3,0
38.2851,0.344466,59.991297,-0.003696,0.0041,0.0105,7089.4,-0.1611,3,0
38.2664,0.344466,59.991295,-0.003701,0.0015,0.0105,7086.6,-0.1660,3,0
38.2126,0.344466,59.991293,-0.003706,0.0007,0.0105,7133.7,-0.1657,3,0
38.2029,0.344466,59.991290,-0.003711,0.0000,0.0105,7095.1,-0.1678,3,0
38.1815,0.344466,59.991288,-0.003716,0.0000,0.0105,7084.7,-0.1664,3,0
38.1484,0.344466,59.991286,-0.003721,0.0000,0.0105,7087.0,-0.1652,3,0
38.1186,0.345511,59.991284,-0.003726,0.0000,0.0105,7085.4,-0.1627,3,0
38.0828,0.345511,59.991281,-0.003731,0.0000,0.0105,7110.0,-0.1595,3,0
38.0631,0.345511,59.991279,-0.003736,0.0000,0.0105,7069.8,-0.1564,3,0
38.0326,0.345511,59.991277,-0.003740,0.0000,0.0105,7090.5,-0.1538,3,0
38.0076,0.345511,59.991274,-0.003745,0.0000,0.0105,7106.4,-0.1528,3,0
37.9765,0.345511,59.991272,-0.003750,0.0000,0.0105,7104.5,-0.1521,3,0
37.9559,0.345511,59.991270,-0.003755,0.0000,0.0105,7089.3,-0.1541,3,0
37.9380,0.345511,59.991268,-0.003760,0.0000,0.0105,7047.5,-0.1562,3,0
37.9112,0.345511,59.991265,-0.003764,0.0000,0.0105,7042.1,-0.1604,3,0
37.8834,0.345511,59.991263,-0.003769,0.0000,0.0105,7054.4,-0.1654,3,0
37.8585,0.346542,59.991261,-0.003774,0.0000,0.0105,7055.9,-0.1710,3,0
37.8382,0.346542,59.991259,-0.003779,0.0000,0.0105,7026.4,-0.1777,3,0
37.8124,0.346542,59.991257,-0.003783,0.0000,0.0105,7024.5,-0.1848,3,0
37.7924,0.346542,59.991254,-0.003788,0.0000,0.0105,7005.3,-0.1919,3,0
37.7663,0.346542,59.991252,-0.003793,0.0000,0.0110,7006.4,-0.1994,3,0
37.7465,0.346542,59.991250,-0.003797,0.0000,0.0115,6985.4,-0.2059,3,0
37.7201,0.346542,59.991247,-0.003802,0.0000,0.0115,6978.5,-0.2114,3,0
37.6969,0.346542,59.991244,-0.003806,0.0000,0.0115,6970.0,-0.2163,3,0
37.6725,0.346542,59.991242,-0.003811,0.0000,0.0123,6946.4,-0.2203,3,0
37.6447,0.346542,59.991239,-0.003816,0.0000,0.0132,6937.8,-0.2221,3,0
37.6162,0.347566,59.991236,-0.003820,0.0000,0.0149,6937.6,-0.2229,3,0
37.5751,0.347566,59.991233,-0.003825,0.0000,0.0167,6939.2,-0.2220,3,0
37.5448,0.347566,59.991230,-0.003829,0.0000,0.0179,6922.1,-0.2188,3,0
37.5110,0.347566,59.991228,-0.003834,0.0000,0.0192,6936.0,-0.2151,3,0
37.4814,0.347566,59.991225,-0.003838,0.0000,0.0206,6926.7,-0.2095,3,0
37.4405,0.347566,59.991222,-0.003843,0.0000,0.0219,6953.9,-0.2024,3,0
37.4062,0.347566,59.991219,-0.003847,0.0000,0.0224,6940.0,-0.1943,3,0
37.3770,0.347566,59.991217,-0.003851,0.0000,0.0229,6943.9,-0.1862,3,0
37.3434,0.347566,59.991214,-0.003856,0.0000,0.0238,6947.8,-0.1782,3,0
37.3155,0.347566,59.991212,-0.003860,0.0000,0.0246,6946.6,-0.1710,3,0
37.2848,0.348585,59.991209,-0.003864,0.0000,0.0250,6952.7,-0.1651,3,0
37.2453,0.348585,59.991206,-0.003869,0.0000,0.0254,6990.4,-0.1607,3,0
37.2145,0.348585,59.991204,-0.003873,0.0000,0.0263,6992.7,-0.1574,3,0
37.1886,0.348585,59.991201,-0.003877,0.0000,0.0272,6983.9,-0.1565,3,0
37.1617,0.348585,59.991199,-0.003882,0.0000,0.0285,6957.6,-0.1560,3,0
37.1330,0.348585,59.991196,-0.003886,0.0000,0.0299,6961.4,-0.1563,3,0
37.1035,0.348585,59.991193,-0.003890,0.0000,0.0316,6966.7,-0.1573,3,0
37.0814,0.348585,59.991191,-0.003894,0.0000,0.0334,6941.7,-0.1595,3,0
37.0566,0.348585,59.991188,-0.003898,0.0000,0.0374,6932.8,-0.1624,3,0
37.0337,0.348585,59.991186,-0.003902,0.0000,0.0414,6916.1,-0.1661,3,0
37.0141,0.349490,59.991183,-0.003906,0.0000,0.0475,6887.4,-0.1702,3,0
36.9831,0.349490,59.991180,-0.003910,0.0000,0.0535,6909.1,-0.1746,3,0
36.9616,0.349490,59.991178,-0.003915,0.0000,0.0605,6888.4,-0.1788,3,0
36.9397,0.349490,59.991175,-0.003919,0.0000,0.0675,6871.8,-0.1835,3,0
36.9170,0.349490,59.991173,-0.003923,0.0000,0.0753,6861.7,-0.1881,3,0
36.8942,0.349490,59.991170,-0.003927,0.0000,0.0832,6858.1,-0.1930,3,0
36.8719,0.349490,59.991167,-0.003931,0.0000,0.0935,6859.7,-0.1974,3,0
36.8477,0.349490,59.991164,-0.003935,0.0000,0.1038,6862.9,-0.2013,3,0
36.8189,0.349490,59.991162,-0.003938,0.0000,0.1152,6883.6,-0.2042,3,0
36.7909,0.349490,59.991159,-0.003942,0.0000,0.1266,6872.5,-0.2057,3,0
36.7594,0.350485,59.991156,-0.003946,0.0000,0.1460,6887.3,-0.2047,3,0
36.7394,0.350485,59.991153,-0.003950,0.0000,0.1655,6866.4,-0.2011,3,0
36.7145,0.350485,59.991150,-0.003954,0.0000,0.1900,6875.2,-0.1952,3,0
36.6953,0.350485,59.991148,-0.003958,0.0000,0.2146,6870.5,-0.1876,3,0
36.6721,0.350485,59.991145,-0.003962,0.0000,0.2439,6895.1,-0.1792,3,0
36.6547,0.350485,59.991142,-0.003966,0.0000,0.2732,6902.8,-0.1703,3,0
36.6390,0.350485,59.991139,-0.003969,0.0000,0.3077,6917.9,-0.1613,3,0
36.6260,0.350485,59.991137,-0.003973,0.0000,0.3422,6935.4,-0.1529,3,0
36.6159,0.350485,59.991134,-0.003976,0.0000,0.3794,6954.3,-0.1451,3,0
36.6076,0.350485,59.991132,-0.003980,0.0000,0.4167,6973.1,-0.1388,3,0
36.6028,0.351440,59.991129,-0.003984,0.0000,0.4447,6990.8,-0.1343,3,0
36.6016,0.351440,59.991126,-0.003987,0.0000,0.4727,7003.3,-0.1317,3,0
36.6031,0.351440,59.991124,-0.003991,0.0000,0.5067,7013.0,-0.1308,3,0
36.6059,0.351440,59.991121,-0.003994,0.0000,0.5408,7029.7,-0.1309,3,0
36.6110,0.351440,59.991119,-0.003998,0.0000,0.5717,7042.1,-0.1319,3,0
36.6166,0.351440,59.991116,-0.004002,0.0000,0.6026,7056.6,-0.1335,3,0
36.6260,0.351440,59.991113,-0.004005,0.0000,0.6340,7065.9,-0.1354,3,0
36.6380,0.351440,59.991111,-0.004008,0.0000,0.6653,7069.3,-0.1373,3,0
36.6502,0.351440,59.991108,-0.004012,0.0000,0.6987,7081.0,-0.1384,3,0
36.6653,0.351440,59.991106,-0.004015,0.0000,0.7320,7090.7,-0.1389,3,0
36.6824,0.352351,59.991103,-0.004018,0.0000,0.7654,7098.2,-0.1383,3,0
36.6991,0.352351,59.991100,-0.004022,0.0000,0.7988,7117.1,-0.1366,3,0
36.7185,0.352351,59.991098,-0.004025,0.0000,0.8295,7134.3,-0.1343,3,0
36.7406,0.352351,59.991095,-0.004029,0.0000,0.8602,7150.3,-0.1310,3,0
36.7633,0.352351,59.991093,-0.004032,0.0000,0.8806,7171.4,-0.1271,3,0
36.7877,0.352351,59.991090,-0.004035,0.0000,0.9010,7189.3,-0.1223,3,0
36.8131,0.352351,59.991087,-0.004038,0.0000,0.9225,7206.7,-0.1169,3,0
36.8394,0.352351,59.991084,-0.004042,0.0000,0.9441,7226.1,-0.1111,3,0
36.8685,0.352351,59.991081,-0.004045,0.0000,0.9591,7214.6,-0.1051,3,0
36.8928,0.352351,59.991078,-0.004048,0.0000,0.9740,7199.5,-0.0986,3,0
36.9177,0.353225,59.991075,-0.004051,0.0000,0.9853,7225.3,-0.0918,3,0
36.9468,0.353225,59.991072,-0.004054,0.0000,0.9965,7237.0,-0.0847,3,0
36.9754,0.353225,59.991069,-0.004057,0.0000,0.9982,7249.4,-0.0774,3,0
37.0044,0.353225,59.991066,-0.004060,0.0000,1.0000,7261.0,-0.0703,3,0
37.0332,0.353225,59.991063,-0.004063,0.0000,1.0000,7225.2,-0.0635,3,0
37.0574,0.353225,59.991060,-0.004067,0.0000,1.0000,7247.6,-0.0569,3,0
37.0858,0.353225,59.991057,-0.004070,0.0000,1.0000,7263.1,-0.0505,3,0
37.1168,0.353225,59.991054,-0.004073,0.0000,1.0000,7271.9,-0.0441,3,0
37.1442,0.353225,59.991051,-0.004075,0.0000,1.0000,7288.9,-0.0377,3,0
37.1723,0.353225,59.991048,-0.004078,0.0000,1.0000,7242.7,-0.0309,3,0
37.1963,0.354111,59.991045,-0.004081,0.0000,1.0000,7279.7,-0.0242,3,0
37.2259,0.354111,59.991042,-0.004084,0.0000,1.0000,7294.2,-0.0172,3,0
37.2566,0.354111,59.991039,-0.004087,0.0000,1.0000,7300.5,-0.0101,3,0
37.2858,0.354111,59.991036,-0.004090,0.0000,1.0000,7314.6,-0.0026,3,0
37.3149,0.354111,59.991033,-0.004093,0.0000,1.0000,7283.0,0.0047,3,0
37.3431,0.354111,59.991030,-0.004096,0.0000,1.0000,7289.1,0.0117,3,0
37.3719,0.354111,59.991027,-0.004099,0.0000,1.0000,7307.3,0.0183,3,0
37.4032,0.354111,59.991024,-0.004102,0.0000,1.0000,7317.4,0.0243,3,0
37.4347,0.354111,59.991021,-0.004104,0.0000,1.0000,7324.7,0.0294,3,0
37.4654,0.354111,59.991018,-0.004107,0.0000,1.0000,7335.9,0.0335,3,0
37.4990,0.354992,59.991015,-0.004110,0.0000,1.0000,7337.1,0.0362,3,0
37.5342,0.354992,59.991012,-0.004113,0.0000,1.0000,7330.5,0.0378,3,0
37.5700,0.354992,59.991009,-0.004115,0.0000,1.0000,7321.5,0.0384,3,0
37.6056,0.354992,59.991006,-0.004118,0.0000,1.0000,7313.8,0.0382,3,0
37.6388,0.354992,59.991003,-0.004121,0.0000,1.0000,7315.3,0.0367,3,0
37.6728,0.354992,59.991000,-0.004124,0.0000,1.0000,7314.1,0.0341,3,0
37.7081,0.354992,59.990997,-0.004126,0.0000,1.0000,7308.1,0.0298,3,0
37.7425,0.354992,59.990993,-0.004129,0.0000,1.0000,7308.3,0.0237,3,0
37.7781,0.354992,59.990990,-0.004131,0.0000,1.0000,7303.5,0.0156,3,0
37.8131,0.354992,59.990987,-0.004134,0.0000,1.0000,7298.5,0.0057,3,0
37.8454,0.355872,59.990983,-0.004137,0.0000,1.0000,7305.3,-0.0057,3,0
37.8795,0.355872,59.990980,-0.004139,0.0000,1.0000,7305.8,-0.0182,3,0
37.9149,0.355872,59.990977,-0.004142,0.0000,1.0000,7300.0,-0.0312,3,0
37.9504,0.355872,59.990974,-0.004145,0.0000,1.0000,7294.9,-0.0443,3,0
37.9848,0.355872,59.990970,-0.004147,0.0000,1.0000,7290.4,-0.0570,3,0
38.0196,0.355872,59.990967,-0.004150,0.0000,1.0000,7287.2,-0.0692,3,0
38.0512,0.355872,59.990964,-0.004152,0.0000,1.0000,7292.8,-0.0807,3,0
38.0861,0.355872,59.990961,-0.004155,0.0000,1.0000,7289.2,-0.0918,3,0
38.1204,0.355872,59.990958,-0.004157,0.0000,1.0000,7288.6,-0.1022,3,0
38.1543,0.355872,59.990955,-0.004160,0.0000,1.0000,7290.9,-0.1115,3,0
38.1890,0.356775,59.990951,-0.004162,0.0000,1.0000,7287.5,-0.1197,3,0
38.2205,0.356775,59.990948,-0.004165,0.0000,1.0000,7296.0,-0.1269,3,0
38.2537,0.356775,59.990945,-0.004167,0.0000,1.0000,7299.0,-0.1332,3,0
38.2861,0.356775,59.990942,-0.004170,0.0000,1.0000,7308.5,-0.1384,3,0
38.3193,0.356775,59.990939,-0.004172,0.0000,1.0000,7313.3,-0.1425,3,0
38.3531,0.356775,59.990936,-0.004175,0.0000,1.0000,7315.7,-0.1456,3,0
38.3864,0.356775,59.990933,-0.004177,0.0000,1.0000,7318.1,-0.1479,3,0
38.4196,0.356775,59.990930,-0.004179,0.0000,1.0000,7321.4,-0.1496,3,0
38.4528,0.356775,59.990927,-0.004182,0.0000,1.0000,7326.8,-0.1510,3,0
38.4838,0.356775,59.990924,-0.004184,0.0000,1.0000,7340.8,-0.1519,3,0
38.5153,0.357673,59.990921,-0.004187,0.0000,1.0000,7352.5,-0.1526,3,0
38.5486,0.357673,59.990918,-0.004189,0.0000,1.0000,7354.5,-0.1529,3,0
38.5829,0.357673,59.990915,-0.004191,0.0000,1.0000,7350.2,-0.1529,3,0
38.6154,0.357673,59.990912,-0.004194,0.0000,1.0000,7354.8,-0.1529,3,0
38.6476,0.357673,59.990909,-0.004196,0.0000,1.0000,7363.0,-0.1525,3,0
38.6779,0.357673,59.990906,-0.004198,0.0000,1.0000,7379.5,-0.1521,3,0
38.7100,0.357673,59.990902,-0.004201,0.0000,1.0000,7387.2,-0.1516,3,0
38.7439,0.357673,59.990899,-0.004203,0.0000,1.0000,7386.4,-0.1509,3,0
38.7759,0.357673,59.990895,-0.004205,0.0000,1.0000,7392.6,-0.1502,3,0
38.8065,0.357673,59.990892,-0.004207,0.0000,1.0000,7400.9,-0.1496,3,0
38.8219,0.358582,59.990888,-0.004210,0.0000,1.0000,7416.2,-0.1488,3,0
38.8539,0.358582,59.990884,-0.004212,0.0000,1.0000,7427.9,-0.1459,3,0
38.8741,0.358582,59.990881,-0.004214,0.0000,1.0000,7427.7,-0.1448,3,0
38.9037,0.358582,59.990877,-0.004216,0.0000,1.0000,7427.1,-0.1390,3,0
38.9338,0.358582,59.990874,-0.004219,0.0000,1.0000,7429.0,-0.1347,3,0
38.9703,0.358582,59.990870,-0.004221,0.0000,1.0000,7428.4,-0.1304,3,0
39.0023,0.358582,59.990867,-0.004223,0.0000,1.0000,7438.7,-0.1291,3,0
39.0267,0.358582,59.990863,-0.004225,0.0000,1.0000,7461.0,-0.1278,3,0
39.0518,0.358582,59.990860,-0.004227,0.0000,1.0000,7510.1,-0.1276,3,0
39.0753,0.358582,59.990857,-0.004229,0.0000,1.0000,7562.5,-0.1295,3,0
39.1033,0.359506,59.990854,-0.004231,0.0000,1.0000,7569.0,-0.1315,3,0
39.1480,0.359506,59.990850,-0.004233,0.0000,1.0000,7548.1,-0.1343,3,0
39.1873,0.359506,59.990847,-0.004235,0.0000,1.0000,7521.4,-0.1379,3,0
39.2275,0.359506,59.990844,-0.004237,0.0000,1.0000,7506.7,-0.1414,3,0
39.2417,0.359506,59.990840,-0.004239,0.0000,1.0000,7530.3,-0.1456,3,0
39.2837,0.359506,59.990837,-0.004241,0.0000,1.0000,7519.4,-0.1483,3,0
39.3245,0.359506,59.990834,-0.004243,0.0000,1.0000,7487.3,-0.1514,3,0
39.3560,0.359506,59.990830,-0.004245,0.0000,1.0000,7480.7,-0.1553,3,0
39.3947,0.359506,59.990827,-0.004247,0.0000,1.0000,7471.4,-0.1568,3,0
39.4283,0.359506,59.990823,-0.004249,0.0000,1.0000,7480.5,-0.1596,3,0
39.4502,0.360453,59.990820,-0.004251,0.0000,1.0000,7499.6,-0.1617,3,0
39.4653,0.360453,59.990817,-0.004253,0.0000,1.0000,7542.5,-0.1610,3,0
39.4974,0.360453,59.990813,-0.004255,0.0000,1.0000,7540.0,-0.1572,3,0
39.5186,0.360453,59.990810,-0.004257,0.0000,1.0000,7544.5,-0.1514,3,0
39.5387,0.360453,59.990806,-0.004259,0.0000,1.0000,7600.6,-0.1438,3,0
39.5648,0.360453,59.990803,-0.004260,0.0000,1.0000,7635.0,-0.1347,3,0
39.6108,0.360453,59.990800,-0.004262,0.0000,1.0000,7615.9,-0.1240,3,0
39.6372,0.360453,59.990796,-0.004264,0.0000,1.0000,7656.3,-0.1133,3,0
39.6620,0.360453,59.990793,-0.004266,0.0000,1.0000,7696.0,-0.1045,3,0
39.6860,0.360453,59.990790,-0.004267,0.0000,1.0000,7741.4,-0.0965,3,0
39.7237,0.361400,59.990786,-0.004269,0.0000,1.0000,7708.4,-0.0907,3,0
39.7735,0.361400,59.990783,-0.004271,0.0000,1.0000,7647.7,-0.0861,3,0
39.7977,0.361400,59.990780,-0.004273,0.0000,1.0000,7700.3,-0.0839,3,0
39.8177,0.361400,59.990777,-0.004274,0.0000,1.0000,7765.0,-0.0828,3,0
39.8316,0.361400,59.990773,-0.004276,0.0000,1.0000,7834.8,-0.0828,3,0
39.8376,0.361400,59.990770,-0.004278,0.0000,1.0000,7888.4,-0.0841,3,0
39.8492,0.361400,59.990766,-0.004280,0.0000,1.0000,7912.2,-0.0861,3,0
39.8556,0.361400,59.990763,-0.004281,0.0000,1.0000,7958.9,-0.0888,3,0
39.8661,0.361400,59.990759,-0.004283,0.0000,1.0000,7982.8,-0.0919,3,0
39.8791,0.361400,59.990756,-0.004284,0.0000,1.0000,7995.9,-0.0951,3,0
39.8821,0.362357,59.990752,-0.004286,0.0000,1.0000,8049.4,-0.0988,3,0
39.8951,0.362357,59.990748,-0.004288,0.0000,1.0000,8043.1,-0.1020,3,0
39.9134,0.362357,59.990745,-0.004289,0.0000,1.0000,8009.3,-0.1034,3,0
39.9289,0.362357,59.990741,-0.004291,0.0000,1.0000,7992.6,-0.1038,3,0
39.9710,0.362357,59.990738,-0.004292,0.0000,1.0000,7854.7,-0.1019,3,0
40.0091,0.362357,59.990734,-0.004294,0.0000,1.0000,7737.8,-0.0989,3,0
40.0334,0.362357,59.990731,-0.004296,0.0000,1.0000,7749.7,-0.0940,3,0
40.0700,0.362357,59.990727,-0.004297,0.0000,1.0000,7742.0,-0.0877,3,0
40.0931,0.362357,59.990724,-0.004298,0.0000,1.0000,7759.9,-0.0819,3,0
40.1292,0.362357,59.990720,-0.004300,0.0000,1.0000,7766.4,-0.0750,3,0
40.1445,0.363327,59.990717,-0.004301,0.0000,1.0000,7803.4,-0.0698,3,0
40.1757,0.363327,59.990714,-0.004303,0.0000,1.0000,7811.3,-0.0630,3,0
40.1918,0.363327,59.990710,-0.004304,0.0000,1.0000,7881.4,-0.0578,3,0
40.2059,0.363327,59.990707,-0.004306,0.0000,1.0000,7913.7,-0.0529,3,0
40.2263,0.363327,59.990703,-0.004307,0.0000,1.0000,7885.0,-0.0481,3,0
40.2502,0.363327,59.990700,-0.004308,0.0000,1.0000,7886.3,-0.0447,3,0
40.2829,0.363327,59.990696,-0.004310,0.0000,1.0000,7854.6,-0.0397,3,0
40.3109,0.363327,59.990693,-0.004311,0.0000,1.0000,7877.5,-0.0374,3,0
40.3356,0.363327,59.990689,-0.004312,0.0000,1.0000,7896.6,-0.0352,3,0
40.3659,0.363327,59.990686,-0.004313,0.0000,1.0000,7887.7,-0.0323,3,0
40.3994,0.364312,59.990682,-0.004315,0.0000,1.0000,7890.9,-0.0310,3,0
40.4147,0.364312,59.990679,-0.004316,0.0000,1.0000,7928.0,-0.0310,3,0
40.4442,0.364312,59.990676,-0.004317,0.0000,1.0000,7908.3,-0.0302,3,0
40.4772,0.364312,59.990672,-0.004318,0.0000,1.0000,7858.0,-0.0297,3,0
40.5042,0.364312,59.990668,-0.004319,0.0000,1.0000,7872.3,-0.0288,3,0
40.5245,0.364312,59.990665,-0.004321,0.0000,1.0000,7894.0,-0.0275,3,0
40.5450,0.364312,59.990661,-0.004322,0.0000,1.0000,7898.3,-0.0260,3,0
40.5806,0.364312,59.990657,-0.004323,0.0000,1.0000,7884.8,-0.0255,3,0
40.6150,0.364312,59.990654,-0.004324,0.0000,1.0000,7881.1,-0.0262,3,0
40.6440,0.364312,59.990650,-0.004325,0.0000,1.0000,7885.2,-0.0273,3,0
40.6722,0.365305,59.990646,-0.004326,0.0000,1.0000,7884.1,-0.0293,3,0
40.7054,0.365305,59.990642,-0.004327,0.0000,1.0000,7882.2,-0.0327,3,0
40.7245,0.365305,59.990638,-0.004328,0.0000,1.0000,7950.7,-0.0371,3,0
40.7492,0.365305,59.990635,-0.004329,0.0000,1.0000,7988.2,-0.0424,3,0
40.7735,0.365305,59.990631,-0.004330,0.0000,1.0000,8007.3,-0.0475,3,0
40.7941,0.365305,59.990627,-0.004331,0.0000,1.0000,7987.2,-0.0535,3,0
40.8106,0.365305,59.990624,-0.004332,0.0000,1.0000,8013.5,-0.0602,3,1
40.8308,0.365305,59.990620,-0.004333,0.0000,1.0000,8016.1,-0.0657,3,1
40.8511,0.365305,59.990617,-0.004333,0.0000,1.0000,8003.9,-0.0707,3,0
40.8760,0.365305,59.990613,-0.004334,0.0000,1.0000,7985.4,-0.0754,3,1
40.8964,0.366313,59.990610,-0.004335,0.0000,1.0000,8014.7,-0.0785,3,1
40.9392,0.366313,59.990607,-0.004336,0.0000,1.0000,7973.6,-0.0802,3,1
40.9833,0.366313,59.990603,-0.004337,0.0000,1.0000,7934.9,-0.0820,3,1
41.0127,0.366313,59.990600,-0.004338,0.0000,1.0000,7969.4,-0.0848,3,1
41.0260,0.366313,59.990596,-0.004339,0.0000,1.0000,8071.3,-0.0873,3,1
41.0190,0.366313,59.990593,-0.004340,0.0000,1.0000,8107.2,-0.0891,3,1
41.0206,0.366313,59.990589,-0.004340,0.0000,1.0000,8146.6,-0.0908,3,1
41.0327,0.366313,59.990585,-0.004341,0.0000,1.0000,8214.4,-0.0927,3,1
41.0353,0.366313,59.990582,-0.004342,0.0000,1.0000,8312.6,-0.0949,3,1
41.0371,0.366313,59.990578,-0.004343,0.0000,1.0000,8391.2,-0.0963,3,1
41.0627,0.367323,59.990574,-0.004343,0.0000,1.0000,8347.8,-0.0969,3,1
41.1156,0.367323,59.990570,-0.004344,0.0000,1.0000,8186.4,-0.0967,3,1
41.1571,0.367323,59.990566,-0.004345,0.0000,1.0000,8077.8,-0.0956,3,1
41.1992,0.367323,59.990563,-0.004346,0.0000,1.0000,7992.5,-0.0934,3,1
41.2309,0.367323,59.990559,-0.004347,0.0000,1.0000,8000.2,-0.0897,3,1
41.2526,0.367323,59.990555,-0.004347,0.0000,1.0000,8062.6,-0.0849,3,0
41.2707,0.367323,59.990552,-0.004348,0.0000,1.0000,8119.9,-0.0777,3,0
41.2908,0.367323,59.990548,-0.004349,0.0000,1.0000,8123.4,-0.0693,3,0
41.3205,0.367323,59.990544,-0.004349,0.0000,1.0000,8104.2,-0.0603,3,0
41.3586,0.367323,59.990541,-0.004350,0.0000,1.0000,8106.8,-0.0513,3,0
41.3910,0.368341,59.990538,-0.004351,0.0000,1.0000,8130.6,-0.0429,3,0
41.4179,0.368341,59.990534,-0.004352,0.0000,1.0000,8118.6,-0.0365,3,0
41.4422,0.368341,59.990530,-0.004352,0.0000,1.0000,8138.6,-0.0310,3,0
41.4649,0.368341,59.990527,-0.004353,0.0000,1.0000,8152.6,-0.0266,3,0
41.4856,0.368341,59.990523,-0.004354,0.0000,1.0000,8148.3,-0.0239,3,0
41.5023,0.368341,59.990520,-0.004355,0.0000,1.0000,8185.5,-0.0224,3,0
41.5153,0.368341,59.990516,-0.004355,0.0000,1.0000,8222.1,-0.0220,3,0
41.5343,0.368341,59.990512,-0.004356,0.0000,1.0000,8230.1,-0.0227,3,0
41.5629,0.368341,59.990509,-0.004357,0.0000,1.0000,8197.2,-0.0242,3,0
41.5927,0.368341,59.990505,-0.004357,0.0000,1.0000,8166.8,-0.0264,3,0
41.6048,0.369361,59.990501,-0.004358,0.0000,1.0000,8224.3,-0.0293,3,0
41.6153,0.369361,59.990497,-0.004359,0.0000,1.0000,8261.2,-0.0326,3,0
41.6323,0.369361,59.990493,-0.004359,0.0000,1.0000,8275.6,-0.0362,3,0
41.6533,0.369361,59.990490,-0.004360,0.0000,1.0000,8273.5,-0.0402,3,0
41.6831,0.369361,59.990486,-0.004361,0.0000,1.0000,8229.5,-0.0445,3,0
41.7201,0.369361,59.990482,-0.004362,0.0000,1.0000,8159.5,-0.0488,3,0
41.7638,0.369361,59.990478,-0.004362,0.0000,1.0000,8087.6,-0.0537,3,0
41.8228,0.369361,59.990474,-0.004363,0.0000,1.0000,7973.9,-0.0584,3,0
41.8682,0.369361,59.990471,-0.004363,0.0000,1.0000,7912.6,-0.0623,3,0
41.9063,0.369361,59.990467,-0.004364,0.0000,1.0000,7912.4,-0.0642,3,0
41.9466,0.370386,59.990463,-0.004365,0.0000,1.0000,7906.6,-0.0635,3,0
41.9783,0.370386,59.990459,-0.004365,0.0000,1.0000,7919.7,-0.0635,3,0
42.0149,0.370386,59.990455,-0.004366,0.0000,1.0000,7920.5,-0.0619,3,0
42.0491,0.370386,59.990452,-0.004367,0.0000,1.0000,7934.7,-0.0590,3,0
42.0845,0.370386,59.990448,-0.004367,0.0000,1.0000,7955.4,-0.0558,3,0
42.1245,0.370386,59.990444,-0.004368,0.0000,1.0000,7943.6,-0.0519,3,0
42.1650,0.370386,59.990440,-0.004369,0.0000,1.0000,7940.8,-0.0487,3,0
42.2032,0.370386,59.990436,-0.004369,0.0000,1.0000,7944.8,-0.0457,3,0
42.2388,0.370386,59.990433,-0.004370,0.0000,1.0000,7954.2,-0.0434,3,0
42.2742,0.370386,59.990429,-0.004370,0.0000,1.0000,7962.7,-0.0423,3,0
42.3161,0.371417,59.990425,-0.004371,0.0000,1.0000,7955.9,-0.0411,3,0
42.3475,0.371417,59.990421,-0.004371,0.0000,1.0000,7979.7,-0.0413,3,0
42.3793,0.371417,59.990417,-0.004372,0.0000,1.0000,8013.2,-0.0418,3,0
42.4119,0.371417,59.990414,-0.004372,0.0000,1.0000,8047.4,-0.0425,3,0
42.4491,0.371417,59.990410,-0.004373,0.0000,1.0000,8058.9,-0.0433,3,0
42.4878,0.371417,59.990406,-0.004374,0.0000,1.0000,8060.4,-0.0445,3,0
42.5261,0.371417,59.990402,-0.004374,0.0000,1.0000,8068.0,-0.0458,3,0
42.5631,0.371417,59.990398,-0.004374,0.0000,1.0000,8079.1,-0.0475,3,0
42.5968,0.371417,59.990395,-0.004375,0.0000,1.0000,8087.0,-0.0494,3,0
42.6296,0.371417,59.990391,-0.004375,0.0000,1.0000,8090.4,-0.0503,3,0
42.6657,0.372458,59.990387,-0.004376,0.0000,1.0000,8086.0,-0.0501,3,0
42.7024,0.372458,59.990383,-0.004376,0.0000,1.0000,8092.9,-0.0491,3,0
42.7362,0.372458,59.990379,-0.004377,0.0000,1.0000,8116.2,-0.0476,3,0
42.7767,0.372458,59.990376,-0.004377,0.0000,1.0000,8106.8,-0.0458,3,0
42.8161,0.372458,59.990372,-0.004378,0.0000,1.0000,8099.1,-0.0439,3,0
42.8560,0.372458,59.990368,-0.004378,0.0000,1.0000,8087.9,-0.0422,3,0
42.8923,0.372458,59.990364,-0.004378,0.0000,1.0000,8096.1,-0.0407,3,0
42.9313,0.372458,59.990360,-0.004379,0.0000,1.0000,8094.4,-0.0395,3,0
42.9654,0.372458,59.990357,-0.004379,0.0000,1.0000,8114.1,-0.0388,3,0
42.9988,0.372458,59.990353,-0.004379,0.0000,1.0000,8135.6,-0.0384,3,0
43.0353,0.373514,59.990349,-0.004380,0.0000,1.0000,8144.0,-0.0383,3,0
43.0727,0.373514,59.990345,-0.004380,0.0000,1.0000,8147.0,-0.0387,3,0
43.1089,0.373514,59.990341,-0.004381,0.0000,1.0000,8157.0,-0.0394,3,0
43.1461,0.373514,59.990338,-0.004381,0.0000,1.0000,8162.6,-0.0402,3,0
43.1837,0.373514,59.990334,-0.004381,0.0000,1.0000,8165.8,-0.0411,3,0
43.2227,0.373514,59.990330,-0.004382,0.0000,1.0000,8163.0,-0.0420,3,0
43.2629,0.373514,59.990326,-0.004382,0.0000,1.0000,8154.6,-0.0431,3,0
43.3013,0.373514,59.990322,-0.004382,0.0000,1.0000,8152.9,-0.0441,3,0
43.3392,0.373514,59.990318,-0.004382,0.0000,1.0000,8154.3,-0.0452,3,0
43.3764,0.373514,59.990314,-0.004383,0.0000,1.0000,8156.9,-0.0462,3,0
43.4141,0.374579,59.990310,-0.004383,0.0000,1.0000,8157.4,-0.0471,3,0
43.4500,0.374579,59.990306,-0.004383,0.0000,1.0000,8165.7,-0.0480,3,0
43.4869,0.374579,59.990302,-0.004383,0.0000,1.0000,8172.2,-0.0486,3,0
43.5237,0.374579,59.990298,-0.004384,0.0000,1.0000,8181.7,-0.0491,3,0
43.5606,0.374579,59.990294,-0.004384,0.0000,1.0000,8188.6,-0.0499,3,0
43.5978,0.374579,59.990290,-0.004384,0.0000,1.0000,8191.7,-0.0506,3,0
43.6337,0.374579,59.990286,-0.004384,0.0000,1.0000,8197.4,-0.0510,3,0
43.6697,0.374579,59.990283,-0.004385,0.0000,1.0000,8198.5,-0.0512,3,0
43.7029,0.374579,59.990279,-0.004385,0.0000,1.0000,8209.6,-0.0506,3,0
43.7346,0.374579,59.990275,-0.004385,0.0000,1.0000,8229.8,-0.0494,3,0
43.7675,0.375654,59.990272,-0.004385,0.0000,1.0000,8246.9,-0.0473,3,0
43.8030,0.375654,59.990268,-0.004386,0.0000,1.0000,8258.0,-0.0445,3,0
43.8408,0.375654,59.990264,-0.004386,0.0000,1.0000,8256.9,-0.0414,3,0
43.8773,0.375654,59.990260,-0.004386,0.0000,1.0000,8264.6,-0.0377,3,0
43.9146,0.375654,59.990257,-0.004386,0.0000,1.0000,8265.5,-0.0340,3,0
43.9537,0.375654,59.990253,-0.004386,0.0000,1.0000,8259.6,-0.0302,3,0
43.9910,0.375654,59.990249,-0.004387,0.0000,1.0000,8264.2,-0.0265,3,0
44.0302,0.375654,59.990244,-0.004387,0.0000,1.0000,8263.2,-0.0230,3,0
44.0686,0.375654,59.990240,-0.004387,0.0000,1.0000,8266.7,-0.0199,3,0
44.1064,0.375654,59.990236,-0.004387,0.0000,1.0000,8273.4,-0.0174,3,0
44.1424,0.376731,59.990232,-0.004387,0.0000,1.0000,8287.2,-0.0155,3,0
44.1779,0.376731,59.990227,-0.004387,0.0000,1.0000,8300.3,-0.0143,3,0
44.2154,0.376731,59.990223,-0.004387,0.0000,1.0000,8301.8,-0.0137,3,0
44.2459,0.376731,59.990219,-0.004388,0.0000,1.0000,8321.4,-0.0133,3,0
44.2851,0.376731,59.990214,-0.004388,0.0000,1.0000,8330.4,-0.0127,3,0
44.3231,0.376731,59.990210,-0.004388,0.0000,1.0000,8343.6,-0.0118,3,0
44.3614,0.376731,59.990206,-0.004388,0.0000,1.0000,8351.2,-0.0114,3,0
44.4005,0.376731,59.990203,-0.004388,0.0000,1.0000,8354.0,-0.0111,3,0
44.4383,0.376731,59.990199,-0.004388,0.0000,1.0000,8359.0,-0.0108,3,0
44.4798,0.376731,59.990195,-0.004388,0.0000,1.0000,8350.4,-0.0107,3,0
44.5134,0.377814,59.990191,-0.004388,0.0000,1.0000,8374.5,-0.0107,3,0
44.5525,0.377814,59.990188,-0.004388,0.0000,1.0000,8371.2,-0.0107,3,0
44.5908,0.377814,59.990184,-0.004388,0.0000,1.0000,8374.8,-0.0107,3,0
44.6286,0.377814,59.990180,-0.004388,0.0000,1.0000,8376.5,-0.0105,3,0
44.6624,0.377814,59.990177,-0.004389,0.0000,1.0000,8379.6,-0.0104,3,0
44.6947,0.377814,59.990173,-0.004389,0.0000,1.0000,8382.7,-0.0101,3,0
44.7356,0.377814,59.990169,-0.004389,0.0000,1.0000,8387.9,-0.0079,3,0
44.7756,0.377814,59.990164,-0.004389,0.0000,1.0000,8393.4,-0.0048,3,0
44.8139,0.377814,59.990160,-0.004389,0.0000,1.0000,8401.3,-0.0031,3,0
44.8514,0.377814,59.990156,-0.004389,0.0000,1.0000,8411.3,-0.0018,3,0
44.8914,0.378906,59.990151,-0.004389,0.0000,1.0000,8404.1,-0.0006,3,0
44.9306,0.378906,59.990147,-0.004389,0.0000,1.0000,8406.8,0.0005,3,0
44.9648,0.378906,59.990143,-0.004389,0.0000,1.0000,8430.7,0.0010,3,0
45.0015,0.378906,59.990139,-0.004389,0.0000,1.0000,8442.3,0.0013,3,0
45.0413,0.378906,59.990134,-0.004389,0.0000,1.0000,8438.4,0.0015,3,0
45.0787,0.378906,59.990130,-0.004389,0.0000,1.0000,8442.2,0.0017,3,0
45.1154,0.378906,59.990126,-0.004389,0.0000,1.0000,8447.2,0.0018,3,0
45.1514,0.378906,59.990123,-0.004389,0.0000,1.0000,8451.6,0.0017,3,0
45.1877,0.378906,59.990119,-0.004389,0.0000,1.0000,8454.0,0.0016,3,0
45.2230,0.378906,59.990115,-0.004389,0.0000,1.0000,8459.8,0.0013,3,0
45.2606,0.380008,59.990111,-0.004389,0.0000,1.0000,8466.5,0.0012,3,0
45.2969,0.380008,59.990108,-0.004389,0.0000,1.0000,8475.8,0.0012,3,0
45.3311,0.380008,59.990104,-0.004389,0.0000,1.0000,8493.0,0.0015,3,0
45.3674,0.380008,59.990100,-0.004389,0.0000,1.0000,8501.3,0.0017,3,0
45.4057,0.380008,59.990097,-0.004389,0.0000,1.0000,8505.5,0.0019,3,0
45.4442,0.380008,59.990093,-0.004389,0.0000,1.0000,8510.3,0.0023,3,0
45.4786,0.380008,59.990089,-0.004389,0.0000,1.0000,8527.6,0.0029,3,0
45.5143,0.380008,59.990084,-0.004390,0.0000,1.0000,8536.2,0.0037,3,0
45.5520,0.380008,59.990080,-0.004390,0.0000,1.0000,8541.6,0.0044,3,0
45.5892,0.380008,59.990076,-0.004390,0.0000,1.0000,8552.3,0.0049,3,0
45.6264,0.381120,59.990071,-0.004390,0.0000,1.0000,8560.2,0.0057,3,0
45.6625,0.381120,59.990067,-0.004390,0.0000,1.0000,8568.1,0.0067,3,0
45.6992,0.381120,59.990063,-0.004390,0.0000,1.0000,8569.7,0.0075,3,0
45.7389,0.381120,59.990059,-0.004390,0.0000,1.0000,8571.7,0.0081,3,0
45.7777,0.381120,59.990054,-0.004390,0.0000,1.0000,8576.9,0.0084,3,0
45.8140,0.381120,59.990050,-0.004390,0.0000,1.0000,8590.9,0.0090,3,0
45.8506,0.381120,59.990046,-0.004390,0.0000,1.0000,8602.6,0.0097,3,0
45.8904,0.381120,59.990042,-0.004390,0.0000,1.0000,8599.4,0.0103,3,0
45.9282,0.381120,59.990038,-0.004390,0.0000,1.0000,8605.3,0.0110,3,0
45.9655,0.381120,59.990034,-0.004390,0.0000,1.0000,8612.0,0.0118,3,0
46.0017,0.382240,59.990030,-0.004390,0.0000,1.0000,8623.5,0.0124,3,0
46.0394,0.382240,59.990026,-0.004390,0.0000,1.0000,8626.3,0.0130,3,0
46.0770,0.382240,59.990022,-0.004390,0.0000,1.0000,8630.5,0.0136,3,0
46.1140,0.382240,59.990018,-0.004390,0.0000,1.0000,8634.9,0.0141,3,0
46.1500,0.382240,59.990014,-0.004390,0.0000,1.0000,8643.0,0.0146,3,0
46.1862,0.382240,59.990010,-0.004390,0.0000,1.0000,8648.9,0.0148,3,0
46.2220,0.382240,59.990006,-0.004391,0.0000,1.0000,8649.6,0.0149,3,0
46.2574,0.382240,59.990001,-0.004391,0.0000,1.0000,8653.5,0.0147,3,0
46.2937,0.382240,59.989997,-0.004391,0.0000,1.0000,8656.3,0.0139,3,0
46.3297,0.382240,59.989993,-0.004391,0.0000,1.0000,8661.6,0.0124,3,0
46.3671,0.383369,59.989988,-0.004391,0.0000,1.0000,8668.5,0.0106,3,0
46.4045,0.383369,59.989984,-0.004391,0.0000,1.0000,8673.8,0.0090,3,0
46.4405,0.383369,59.989980,-0.004391,0.0000,1.0000,8683.3,0.0075,3,0
46.4762,0.383369,59.989976,-0.004391,0.0000,1.0000,8694.5,0.0062,3,0
46.5111,0.383369,59.989971,-0.004391,0.0000,1.0000,8708.3,0.0048,3,0
46.5478,0.383369,59.989967,-0.004391,0.0000,1.0000,8714.7,0.0035,3,0
46.5852,0.383369,59.989963,-0.004391,0.0000,1.0000,8717.2,0.0023,3,0
46.6218,0.383369,59.989959,-0.004391,0.0000,1.0000,8723.1,0.0014,3,0
46.6570,0.383369,59.989954,-0.004391,0.0000,1.0000,8730.7,0.0007,3,0
46.6922,0.383369,59.989950,-0.004392,0.0000,1.0000,8738.8,0.0002,3,0
46.7276,0.384507,59.989946,-0.004392,0.0000,1.0000,8745.9,0.0000,3,0
46.7634,0.384507,59.989942,-0.004392,0.0000,1.0000,8751.5,0.0000,3,0
46.7975,0.384507,59.989938,-0.004392,0.0000,1.0000,8762.4,0.0004,3,0
46.8321,0.384507,59.989933,-0.004392,0.0000,1.0000,8770.6,0.0009,3,0
46.8668,0.384507,59.989929,-0.004392,0.0000,1.0000,8779.7,0.0016,3,0
46.9037,0.384507,59.989925,-0.004392,0.0000,1.0000,8780.3,0.0023,3,0
46.9391,0.384507,59.989921,-0.004392,0.0000,1.0000,8789.0,0.0032,3,0
46.9740,0.384507,59.989917,-0.004392,0.0000,1.0000,8796.3,0.0040,3,0
47.0115,0.384507,59.989912,-0.004392,0.0000,1.0000,8793.4,0.0050,3,0
47.0512,0.384507,59.989908,-0.004393,0.0000,1.0000,8782.9,0.0061,3,0
47.0886,0.385653,59.989904,-0.004393,0.0000,1.0000,8785.2,0.0072,3,0
47.1231,0.385653,59.989900,-0.004393,0.0000,1.0000,8798.4,0.0083,3,0
47.1588,0.385653,59.989896,-0.004393,0.0000,1.0000,8805.0,0.0094,3,0
47.1945,0.385653,59.989891,-0.004393,0.0000,1.0000,8812.3,0.0105,3,0
47.2329,0.385653,59.989887,-0.004393,0.0000,1.0000,8811.7,0.0114,3,0
47.2682,0.385653,59.989883,-0.004393,0.0000,1.0000,8825.9,0.0123,3,0
47.3036,0.385653,59.989879,-0.004393,0.0000,1.0000,8837.9,0.0131,3,0
47.3390,0.385653,59.989874,-0.004394,0.0000,1.0000,8850.4,0.0138,3,0
47.3767,0.385653,59.989870,-0.004394,0.0000,1.0000,8852.5,0.0144,3,0
47.4140,0.385653,59.989866,-0.004394,0.0000,1.0000,8855.2,0.0149,3,0
47.4486,0.386808,59.989862,-0.004394,0.0000,1.0000,8869.7,0.0152,3,0
47.4833,0.386808,59.989857,-0.004394,0.0000,1.0000,8881.5,0.0155,3,0
47.5179,0.386808,59.989853,-0.004394,0.0000,1.0000,8893.0,0.0159,3,0
47.5532,0.386808,59.989849,-0.004394,0.0000,1.0000,8900.6,0.0162,3,0
47.5899,0.386808,59.989844,-0.004394,0.0000,1.0000,8901.1,0.0166,3,0
47.6253,0.386808,59.989840,-0.004395,0.0000,1.0000,8907.4,0.0170,3,0
47.6592,0.386808,59.989836,-0.004395,0.0000,1.0000,8917.2,0.0176,3,0
47.6935,0.386808,59.989832,-0.004395,0.0000,1.0000,8925.6,0.0182,3,0
47.7293,0.386808,59.989828,-0.004395,0.0000,1.0000,8926.8,0.0188,3,0
47.7645,0.386808,59.989824,-0.004395,0.0000,1.0000,8930.9,0.0194,3,0
47.7988,0.387973,59.989820,-0.004395,0.0000,1.0000,8937.2,0.0200,3,0
47.8333,0.387973,59.989816,-0.004395,0.0000,1.0000,8942.4,0.0205,3,0
47.8676,0.387973,59.989812,-0.004396,0.0000,1.0000,8948.3,0.0210,3,0
47.9025,0.387973,59.989808,-0.004396,0.0000,1.0000,8951.9,0.0212,3,0
47.9372,0.387973,59.989804,-0.004396,0.0000,1.0000,8954.7,0.0213,3,0
47.9712,0.387973,59.989800,-0.004396,0.0000,1.0000,8960.9,0.0211,3,0
48.0056,0.387973,59.989796,-0.004396,0.0000,1.0000,8966.5,0.0208,3,0
48.0401,0.387973,59.989792,-0.004396,0.0000,1.0000,8972.8,0.0201,3,0
48.0743,0.387973,59.989787,-0.004396,0.0000,1.0000,8978.7,0.0191,3,0
48.1085,0.387973,59.989783,-0.004397,0.0000,1.0000,8982.6,0.0179,3,0
48.1417,0.389145,59.989779,-0.004397,0.0000,1.0000,8992.5,0.0166,3,0
48.1768,0.389145,59.989775,-0.004397,0.0000,1.0000,8994.8,0.0152,3,0
48.2121,0.389145,59.989771,-0.004397,0.0000,1.0000,8997.5,0.0138,3,0
48.2466,0.389145,59.989766,-0.004397,0.0000,1.0000,9002.2,0.0122,3,0
48.2790,0.389145,59.989762,-0.004398,0.0000,1.0000,9017.3,0.0108,3,0
48.3143,0.389145,59.989758,-0.004398,0.0000,1.0000,9020.9,0.0096,3,0
48.3523,0.389145,59.989753,-0.004398,0.0000,1.0000,9014.1,0.0084,3,0
48.3864,0.389145,59.989748,-0.004398,0.0000,1.0000,9023.8,0.0075,3,0
48.4202,0.389145,59.989744,-0.004398,0.0000,1.0000,9033.4,0.0067,3,0
48.4542,0.389145,59.989739,-0.004399,0.0000,1.0000,9042.0,0.0063,3,0
48.4906,0.390327,59.989734,-0.004399,0.0000,1.0000,9042.4,0.0059,3,0
48.5249,0.390327,59.989729,-0.004399,0.0000,1.0000,9051.3,0.0058,3,0
48.5584,0.390327,59.989724,-0.004399,0.0000,1.0000,9061.3,0.0057,3,0
48.5913,0.390327,59.989720,-0.004400,0.0000,1.0000,9074.8,0.0058,3,0
48.6267,0.390327,59.989715,-0.004400,0.0000,1.0000,9078.5,0.0059,3,0
48.6628,0.390327,59.989710,-0.004400,0.0000,1.0000,9078.2,0.0062,3,0
48.6963,0.390327,59.989706,-0.004400,0.0000,1.0000,9089.0,0.0063,3,0
48.7302,0.390327,59.989702,-0.004400,0.0000,1.0000,9097.5,0.0065,3,0
48.7637,0.390327,59.989698,-0.004401,0.0000,1.0000,9107.4,0.0065,3,0
48.8000,0.390327,59.989694,-0.004401,0.0000,1.0000,9105.9,0.0066,3,0
48.8338,0.391515,59.989690,-0.004401,0.0000,1.0000,9113.9,0.0067,3,0
48.8669,0.391515,59.989686,-0.004402,0.0000,1.0000,9123.7,0.0067,3,0
48.8993,0.391515,59.989682,-0.004402,0.0000,1.0000,9136.3,0.0068,3,0
48.9341,0.391515,59.989678,-0.004402,0.0000,1.0000,9139.2,0.0068,3,0
48.9690,0.391515,59.989674,-0.004402,0.0000,1.0000,9140.6,0.0069,3,0
49.0018,0.391515,59.989670,-0.004403,0.0000,1.0000,9149.9,0.0069,3,0
49.0346,0.391515,59.989665,-0.004403,0.0000,1.0000,9158.4,0.0072,3,0
49.0678,0.391515,59.989661,-0.004403,0.0000,1.0000,9165.2,0.0072,3,0
49.0989,0.391515,59.989656,-0.004403,0.0000,1.0000,9138.7,0.0073,3,0
49.0850,0.391515,59.989652,-0.004404,0.0000,1.0000,9089.1,0.0072,3,0
49.0758,0.392714,59.989647,-0.004404,0.0000,1.0000,9039.8,0.0070,3,0
49.0669,0.392714,59.989642,-0.004404,0.0000,1.0000,8990.6,0.0066,3,0
49.0585,0.392714,59.989638,-0.004404,0.0000,1.0000,8730.0,0.0064,4,0
49.1137,0.392714,59.989633,-0.004405,0.0000,1.0000,7836.9,0.0060,4,0
49.1615,0.392714,59.989629,-0.004405,0.0000,1.0000,7676.4,0.0057,4,0
49.2013,0.392714,59.989624,-0.004405,0.0000,1.0000,7668.2,0.0053,4,0
49.2382,0.392714,59.989620,-0.004406,0.0000,1.0000,7670.2,0.0049,4,0
49.2762,0.392714,59.989616,-0.004406,0.0000,1.0000,7667.1,0.0046,4,0
49.3111,0.392714,59.989611,-0.004406,0.0000,1.0000,7674.8,0.0042,4,0
49.3461,0.392714,59.989607,-0.004406,0.0000,1.0000,7681.5,0.0040,4,0
49.3804,0.393917,59.989603,-0.004407,0.0000,1.0000,7693.0,0.0038,4,0
49.4187,0.393917,59.989599,-0.004407,0.0000,1.0000,7686.5,0.0037,4,0
49.4535,0.393917,59.989595,-0.004407,0.0000,1.0000,7694.4,0.0036,4,0
49.4879,0.393917,59.989590,-0.004408,0.0000,1.0000,7702.9,0.0036,4,0
49.5222,0.393917,59.989586,-0.004408,0.0000,1.0000,7714.2,0.0036,4,0
49.5593,0.393917,59.989582,-0.004408,0.0000,1.0000,7712.9,0.0036,4,0
49.5962,0.393917,59.989577,-0.004409,0.0000,1.0000,7713.0,0.0038,4,0
49.6302,0.393917,59.989573,-0.004409,0.0000,1.0000,7725.4,0.0038,4,0
49.6650,0.393917,59.989568,-0.004409,0.0000,1.0000,7735.1,0.0039,4,0
49.7004,0.393917,59.989564,-0.004409,0.0000,1.0000,7742.5,0.0039,4,0
49.7387,0.395130,59.989559,-0.004410,0.0000,1.0000,7736.8,0.0039,4,0
49.7731,0.395130,59.989554,-0.004410,0.0000,1.0000,7746.5,0.0037,4,0
49.8076,0.395130,59.989550,-0.004410,0.0000,1.0000,7755.5,0.0033,4,0
49.8419,0.395130,59.989545,-0.004411,0.0000,1.0000,7766.7,0.0029,4,0
49.8789,0.395130,59.989541,-0.004411,0.0000,1.0000,7764.8,0.0024,4,0
49.9146,0.395130,59.989536,-0.004411,0.0000,1.0000,7767.5,0.0017,4,0
49.9487,0.395130,59.989531,-0.004412,0.0000,1.0000,7776.9,0.0011,4,0
49.9832,0.395130,59.989527,-0.004412,0.0000,1.0000,7785.9,0.0003,4,0
50.0189,0.395130,59.989522,-0.004412,0.0000,1.0000,7789.4,-0.0004,4,0
50.0557,0.395130,59.989518,-0.004413,0.0000,1.0000,7788.0,-0.0012,4,0
50.0899,0.396352,59.989513,-0.004413,0.0000,1.0000,7796.2,-0.0021,4,0
50.1241,0.396352,59.989508,-0.004413,0.0000,1.0000,7806.7,-0.0029,4,0
50.1593,0.396352,59.989504,-0.004414,0.0000,1.0000,7813.2,-0.0037,4,0
50.1973,0.396352,59.989499,-0.004414,0.0000,1.0000,7806.1,-0.0044,4,0
50.2305,0.396352,59.989495,-0.004414,0.0000,1.0000,7818.5,-0.0050,4,0
50.2657,0.396352,59.989490,-0.004415,0.0000,1.0000,7823.3,-0.0054,4,0
50.3002,0.396352,59.989486,-0.004415,0.0000,1.0000,7832.6,-0.0056,4,0
50.3373,0.396352,59.989481,-0.004415,0.0000,1.0000,7828.3,-0.0057,4,0
50.3712,0.396352,59.989477,-0.004416,0.0000,1.0000,7837.7,-0.0057,4,0
50.4057,0.396352,59.989472,-0.004416,0.0000,1.0000,7844.3,-0.0055,4,0
50.4404,0.397583,59.989468,-0.004416,0.0000,1.0000,7851.3,-0.0051,4,0
50.4766,0.397583,59.989463,-0.004417,0.0000,1.0000,7851.3,-0.0045,4,0
50.5117,0.397583,59.989459,-0.004417,0.0000,1.0000,7854.3,-0.0038,4,0
50.5451,0.397583,59.989454,-0.004417,0.0000,1.0000,7865.1,-0.0029,4,0
50.5801,0.397583,59.989450,-0.004418,0.0000,1.0000,7870.2,-0.0019,4,0
50.6159,0.397583,59.989445,-0.004418,0.0000,1.0000,7871.6,-0.0007,4,0
50.6518,0.397583,59.989441,-0.004418,0.0000,1.0000,7870.4,0.0005,4,0
50.6836,0.397583,59.989436,-0.004419,0.0000,1.0000,7884.9,0.0017,4,0
50.7185,0.397583,59.989432,-0.004419,0.0000,1.0000,7888.5,0.0028,4,0
50.7529,0.397583,59.989427,-0.004419,0.0000,1.0000,7893.7,0.0040,4,0
50.7888,0.398823,59.989423,-0.004420,0.0000,1.0000,7890.8,0.0049,4,0
50.8201,0.398823,59.989418,-0.004420,0.0000,1.0000,7906.5,0.0057,4,0
50.8549,0.398823,59.989414,-0.004420,0.0000,1.0000,7910.4,0.0064,4,0
50.8891,0.398823,59.989409,-0.004421,0.0000,1.0000,7917.1,0.0071,4,0
50.9248,0.398823,59.989405,-0.004421,0.0000,1.0000,7915.4,0.0074,4,0
50.9574,0.398823,59.989400,-0.004421,0.0000,1.0000,7927.1,0.0076,4,0
50.9909,0.398823,59.989395,-0.004422,0.0000,1.0000,7934.8,0.0077,4,0
51.0247,0.398823,59.989391,-0.004422,0.0000,1.0000,7942.6,0.0077,4,0
51.0602,0.398823,59.989386,-0.004422,0.0000,1.0000,7941.2,0.0075,4,0
51.0935,0.398823,59.989381,-0.004423,0.0000,1.0000,7949.7,0.0070,4,0
51.1260,0.400071,59.989377,-0.004423,0.0000,1.0000,7960.6,0.0065,4,0
51.1603,0.400071,59.989372,-0.004423,0.0000,1.0000,7966.4,0.0059,4,0
51.1951,0.400071,59.989367,-0.004424,0.0000,1.0000,7966.8,0.0053,4,0
51.2292,0.400071,59.989362,-0.004424,0.0000,1.0000,7969.5,0.0047,4,0
51.2610,0.400071,59.989358,-0.004424,0.0000,1.0000,7983.7,0.0039,4,0
51.2951,0.400071,59.989353,-0.004425,0.0000,1.0000,7987.7,0.0032,4,0
51.3286,0.400071,59.989348,-0.004425,0.0000,1.0000,7991.6,0.0024,4,0
51.3637,0.400071,59.989344,-0.004425,0.0000,1.0000,7988.2,0.0016,4,0
51.3947,0.400071,59.989339,-0.004426,0.0000,1.0000,8002.4,0.0008,4,0
51.4282,0.400071,59.989335,-0.004426,0.0000,1.0000,8006.2,0.0001,4,0
51.4606,0.401328,59.989330,-0.004426,0.0000,1.0000,8012.7,-0.0006,4,0
51.4954,0.401328,59.989325,-0.004427,0.0000,1.0000,8008.1,-0.0012,4,0
51.5261,0.401328,59.989321,-0.004427,0.0000,1.0000,8020.2,-0.0018,4,0
51.5591,0.401328,59.989316,-0.004427,0.0000,1.0000,8025.3,-0.0024,4,0
51.5914,0.401328,59.989312,-0.004428,0.0000,1.0000,8031.3,-0.0030,4,0
51.6255,0.401328,59.989307,-0.004428,0.0000,1.0000,8027.7,-0.0036,4,0
51.6567,0.401328,59.989302,-0.004428,0.0000,1.0000,8037.4,-0.0042,4,0
51.6887,0.401328,59.989298,-0.004429,0.0000,1.0000,8045.2,-0.0049,4,0
51.7210,0.401328,59.989293,-0.004429,0.0000,1.0000,8051.2,-0.0055,4,0
51.7546,0.401328,59.989288,-0.004430,0.0000,1.0000,8049.4,-0.0062,4,0
51.7866,0.402592,59.989283,-0.004430,0.0000,1.0000,8056.1,-0.0068,4,0
51.8177,0.402592,59.989279,-0.004430,0.0000,1.0000,8065.7,-0.0075,4,0
51.8504,0.402592,59.989274,-0.004431,0.0000,1.0000,8072.2,-0.0080,4,0
51.8837,0.402592,59.989269,-0.004431,0.0000,1.0000,8072.0,-0.0087,4,0
51.9158,0.402592,59.989265,-0.004431,0.0000,1.0000,8077.4,-0.0093,4,0
51.9469,0.402592,59.989260,-0.004432,0.0000,1.0000,8087.2,-0.0101,4,0
51.9789,0.402592,59.989256,-0.004432,0.0000,1.0000,8093.8,-0.0107,4,0
52.0115,0.402592,59.989251,-0.004432,0.0000,1.0000,8095.0,-0.0112,4,0
52.0443,0.402592,59.989247,-0.004433,0.0000,1.0000,8093.3,-0.0116,4,0
52.0735,0.402592,59.989242,-0.004433,0.0000,1.0000,8109.4,-0.0117,4,0
52.1059,0.403866,59.989238,-0.004434,0.0000,1.0000,8111.5,-0.0118,4,0
52.1368,0.403866,59.989234,-0.004434,0.0000,1.0000,8116.1,-0.0116,4,0
52.1693,0.403866,59.989229,-0.004434,0.0000,1.0000,8113.5,-0.0112,4,0
52.1988,0.403866,59.989225,-0.004435,0.0000,1.0000,8127.0,-0.0108,4,0
52.2305,0.403866,59.989220,-0.004435,0.0000,1.0000,8127.8,-0.0101,4,0
52.2612,0.403866,59.989216,-0.004435,0.0000,1.0000,8133.9,-0.0093,4,0
52.2937,0.403866,59.989211,-0.004436,0.0000,1.0000,8130.3,-0.0085,4,0
52.3226,0.403866,59.989207,-0.004436,0.0000,1.0000,8144.1,-0.0075,4,0
52.3545,0.403866,59.989202,-0.004436,0.0000,1.0000,8145.8,-0.0063,4,0
52.3848,0.403866,59.989198,-0.004437,0.0000,1.0000,8153.0,-0.0052,4,0
52.4174,0.405145,59.989193,-0.004437,0.0000,1.0000,8148.8,-0.0041,4,0
52.4469,0.405145,59.989188,-0.004437,0.0000,1.0000,8159.9,-0.0031,4,0
52.4781,0.405145,59.989184,-0.004438,0.0000,1.0000,8163.8,-0.0021,4,0
52.5083,0.405145,59.989179,-0.004438,0.0000,1.0000,8171.5,-0.0012,4,0
52.5404,0.405145,59.989175,-0.004438,0.0000,1.0000,8168.6,-0.0005,4,0
52.5696,0.405145,59.989170,-0.004439,0.0000,1.0000,8179.1,0.0001,4,0
52.5996,0.405145,59.989165,-0.004439,0.0000,1.0000,8186.8,0.0007,4,0
52.6302,0.405145,59.989160,-0.004439,0.0000,1.0000,8191.0,0.0010,4,0
52.6617,0.405145,59.989155,-0.004440,0.0000,1.0000,8190.4,0.0013,4,0
52.6921,0.405145,59.989150,-0.004440,0.0000,1.0000,8194.9,0.0015,4,0
52.7214,0.406434,59.989145,-0.004440,0.0000,1.0000,8205.3,0.0016,4,0
52.7513,0.406434,59.989140,-0.004441,0.0000,1.0000,8212.0,0.0016,4,0
52.7833,0.406434,59.989135,-0.004441,0.0000,1.0000,8208.7,0.0016,4,0
52.8139,0.406434,59.989130,-0.004441,0.0000,1.0000,8212.0,0.0015,4,0
52.8427,0.406434,59.989125,-0.004441,0.0000,1.0000,8224.8,0.0015,4,0
52.8728,0.406434,59.989120,-0.004442,0.0000,1.0000,8228.7,0.0013,4,0
52.9037,0.406434,59.989115,-0.004442,0.0000,1.0000,8229.2,0.0011,4,0
52.9354,0.406434,59.989111,-0.004442,0.0000,1.0000,8229.3,0.0010,4,0
52.9636,0.406434,59.989106,-0.004443,0.0000,1.0000,8241.8,0.0009,4,0
52.9934,0.406434,59.989102,-0.004443,0.0000,1.0000,8245.8,0.0008,4,0
53.0234,0.407730,59.989097,-0.004443,0.0000,1.0000,8248.8,0.0006,4,0
53.0541,0.407730,59.989093,-0.004444,0.0000,1.0000,8248.9,0.0005,4,0
53.0828,0.407730,59.989089,-0.004444,0.0000,1.0000,8259.1,0.0003,4,0
53.1116,0.407730,59.989084,-0.004444,0.0000,1.0000,8265.8,0.0000,4,0
53.1413,0.407730,59.989080,-0.004445,0.0000,1.0000,8267.8,-0.0004,4,0
53.1731,0.407730,59.989075,-0.004445,0.0000,1.0000,8265.0,-0.0009,4,0
53.2006,0.407730,59.989070,-0.004445,0.0000,1.0000,8277.8,-0.0015,4,0
53.2303,0.407730,59.989065,-0.004446,0.0000,1.0000,8281.6,-0.0024,4,0
53.2596,0.407730,59.989060,-0.004446,0.0000,1.0000,8285.7,-0.0032,4,0
53.2919,0.407730,59.989055,-0.004446,0.0000,1.0000,8279.6,-0.0043,4,0
53.3202,0.409035,59.989050,-0.004446,0.0000,1.0000,8291.2,-0.0054,4,0
53.3494,0.409035,59.989045,-0.004447,0.0000,1.0000,8296.7,-0.0065,4,0
53.3783,0.409035,59.989040,-0.004447,0.0000,1.0000,8303.2,-0.0077,4,0
53.4100,0.409035,59.989035,-0.004447,0.0000,1.0000,8299.6,-0.0088,4,0
53.4378,0.409035,59.989030,-0.004448,0.0000,1.0000,8312.5,-0.0100,4,0
53.4676,0.409035,59.989025,-0.004448,0.0000,1.0000,8316.0,-0.0111,4,0
53.4954,0.409035,59.989020,-0.004448,0.0000,1.0000,8326.6,-0.0121,4,0
53.5276,0.409035,59.989016,-0.004449,0.0000,1.0000,8320.3,-0.0131,4,0
53.5558,0.409035,59.989011,-0.004449,0.0000,1.0000,8330.2,-0.0138,4,0
53.5844,0.409035,59.989007,-0.004449,0.0000,1.0000,8336.5,-0.0143,4,0
53.6128,0.410345,59.989002,-0.004450,0.0000,1.0000,8342.5,-0.0146,4,0
53.6441,0.410345,59.988998,-0.004450,0.0000,1.0000,8338.3,-0.0147,4,0
53.6719,0.410345,59.988993,-0.004450,0.0000,1.0000,8349.3,-0.0147,4,0
53.7008,0.410345,59.988989,-0.004450,0.0000,1.0000,8353.1,-0.0145,4,0
53.7284,0.410345,59.988985,-0.004451,0.0000,1.0000,8361.8,-0.0140,4,0
53.7596,0.410345,59.988980,-0.004451,0.0000,1.0000,8358.0,-0.0134,4,0
53.7877,0.410345,59.988975,-0.004451,0.0000,1.0000,8366.8,-0.0126,4,0
53.8169,0.410345,59.988970,-0.004452,0.0000,1.0000,8369.5,-0.0117,4,0
53.8458,0.410345,59.988965,-0.004452,0.0000,1.0000,8373.0,-0.0106,4,0
53.8769,0.410345,59.988960,-0.004452,0.0000,1.0000,8369.5,-0.0094,4,0
53.9036,0.411662,59.988955,-0.004452,0.0000,1.0000,8383.5,-0.0080,4,0
53.9322,0.411662,59.988950,-0.004453,0.0000,1.0000,8387.2,-0.0067,4,0
53.9603,0.411662,59.988945,-0.004453,0.0000,1.0000,8392.0,-0.0052,4,0
53.9911,0.411662,59.988940,-0.004453,0.0000,1.0000,8387.9,-0.0039,4,0
54.0173,0.411662,59.988935,-0.004454,0.0000,1.0000,8402.4,-0.0024,4,0
54.0461,0.411662,59.988930,-0.004454,0.0000,1.0000,8404.1,-0.0012,4,0
54.0737,0.411662,59.988925,-0.004454,0.0000,1.0000,8410.8,-0.0003,4,0
54.1045,0.411662,59.988920,-0.004454,0.0000,1.0000,8407.0,0.0010,4,0
54.1321,0.411662,59.988915,-0.004455,0.0000,1.0000,8416.6,0.0019,4,0
54.1607,0.411662,59.988910,-0.004455,0.0000,1.0000,8420.4,0.0026,4,0
54.1884,0.412987,59.988905,-0.004455,0.0000,1.0000,8427.8,0.0032,4,0
54.2196,0.412987,59.988900,-0.004455,0.0000,1.0000,8421.9,0.0037,4,0
54.2461,0.412987,59.988895,-0.004456,0.0000,1.0000,8436.7,0.0040,4,0
54.2744,0.412987,59.988890,-0.004456,0.0000,1.0000,8441.3,0.0041,4,0
54.3026,0.412987,59.988885,-0.004456,0.0000,1.0000,8447.2,0.0042,4,0
54.3338,0.412987,59.988880,-0.004456,0.0000,1.0000,8443.2,0.0042,4,0
54.3602,0.412987,59.988875,-0.004457,0.0000,1.0000,8457.5,0.0042,4,0
54.3887,0.412987,59.988870,-0.004457,0.0000,1.0000,8461.5,0.0039,4,0
54.4172,0.412987,59.988865,-0.004457,0.0000,1.0000,8466.6,0.0035,4,0
54.4481,0.412987,59.988860,-0.004457,0.0000,1.0000,8462.1,0.0030,4,0
54.4747,0.414320,59.988855,-0.004458,0.0000,1.0000,8474.0,0.0024,4,0
54.5026,0.414320,59.988850,-0.004458,0.0000,1.0000,8478.4,0.0016,4,0
54.5304,0.414320,59.988845,-0.004458,0.0000,1.0000,8484.6,0.0006,4,0
54.5608,0.414320,59.988840,-0.004458,0.0000,1.0000,8480.7,-0.0005,4,0
54.5876,0.414320,59.988835,-0.004459,0.0000,1.0000,8490.8,-0.0015,4,0
54.6150,0.414320,59.988830,-0.004459,0.0000,1.0000,8497.6,-0.0032,4,0
54.6429,0.414320,59.988825,-0.004459,0.0000,1.0000,8504.5,-0.0047,4,0
54.6747,0.414320,59.988820,-0.004459,0.0000,1.0000,8496.1,-0.0062,4,0
54.7019,0.414320,59.988815,-0.004459,0.0000,1.0000,8506.2,-0.0078,4,0
54.7296,0.414320,59.988810,-0.004460,0.0000,1.0000,8513.0,-0.0094,4,0
54.7578,0.415659,59.988805,-0.004460,0.0000,1.0000,8519.2,-0.0110,4,0
54.7880,0.415659,59.988800,-0.004460,0.0000,1.0000,8515.1,-0.0125,4,0
54.8145,0.415659,59.988795,-0.004460,0.0000,1.0000,8524.9,-0.0139,4,0
54.8421,0.415659,59.988790,-0.004461,0.0000,1.0000,8528.9,-0.0151,4,0
54.8687,0.415659,59.988785,-0.004461,0.0000,1.0000,8535.8,-0.0162,4,0
54.8973,0.415659,59.988780,-0.004461,0.0000,1.0000,8535.7,-0.0169,4,0
54.9234,0.415659,59.988775,-0.004461,0.0000,1.0000,8543.1,-0.0173,4,0
54.9511,0.415659,59.988771,-0.004462,0.0000,1.0000,8544.7,-0.0176,4,0
54.9793,0.415659,59.988766,-0.004462,0.0000,1.0000,8548.1,-0.0175,4,0
55.0076,0.415659,59.988762,-0.004462,0.0000,1.0000,8549.3,-0.0170,4,0
55.0336,0.417005,59.988757,-0.004462,0.0000,1.0000,8558.0,-0.0164,4,0
55.0613,0.417005,59.988753,-0.004463,0.0000,1.0000,8560.8,-0.0156,4,0
55.0898,0.417005,59.988748,-0.004463,0.0000,1.0000,8561.7,-0.0147,4,0
55.1182,0.417005,59.988744,-0.004463,0.0000,1.0000,8563.0,-0.0136,4,0
55.1436,0.417005,59.988740,-0.004463,0.0000,1.0000,8574.9,-0.0124,4,0
55.1725,0.417005,59.988735,-0.004464,0.0000,1.0000,8573.6,-0.0112,4,0
55.2005,0.417005,59.988730,-0.004464,0.0000,1.0000,8578.2,-0.0098,4,0
55.2288,0.417005,59.988725,-0.004464,0.0000,1.0000,8580.3,-0.0086,4,0
55.2544,0.417005,59.988720,-0.004464,0.0000,1.0000,8591.8,-0.0073,4,0
55.2825,0.417005,59.988715,-0.004464,0.0000,1.0000,8594.7,-0.0062,4,0
55.3114,0.418363,59.988711,-0.004465,0.0000,1.0000,8595.8,-0.0051,4,0
55.3389,0.418363,59.988706,-0.004465,0.0000,1.0000,8600.9,-0.0041,4,0
55.3650,0.418363,59.988701,-0.004465,0.0000,1.0000,8610.7,-0.0032,4,0
55.3928,0.418363,59.988696,-0.004465,0.0000,1.0000,8613.8,-0.0024,4,0
55.4211,0.418363,59.988691,-0.004465,0.0000,1.0000,8615.5,-0.0016,4,0
55.4482,0.418363,59.988686,-0.004466,0.0000,1.0000,8621.6,-0.0009,4,0
55.4748,0.418363,59.988681,-0.004466,0.0000,1.0000,8628.4,-0.0003,4,0
55.5024,0.418363,59.988675,-0.004466,0.0000,1.0000,8633.0,0.0001,4,0
55.5314,0.418363,59.988670,-0.004466,0.0000,1.0000,8631.9,0.0006,4,0
55.5586,0.418363,59.988664,-0.004466,0.0000,1.0000,8636.4,0.0008,4,0
55.5853,0.419724,59.988659,-0.004466,0.0000,1.0000,8642.6,0.0009,4,0
55.6125,0.419724,59.988654,-0.004467,0.0000,1.0000,8647.3,0.0008,4,0
55.6410,0.419724,59.988648,-0.004467,0.0000,1.0000,8646.3,0.0005,4,0
55.6672,0.419724,59.988643,-0.004467,0.0000,1.0000,8653.2,-0.0001,4,0
55.6937,0.419724,59.988637,-0.004467,0.0000,1.0000,8659.1,-0.0011,4,0
55.7206,0.419724,59.988632,-0.004467,0.0000,1.0000,8664.7,-0.0023,4,0
55.7491,0.419724,59.988627,-0.004467,0.0000,1.0000,8661.9,-0.0038,4,0
55.7753,0.419724,59.988622,-0.004467,0.0000,1.0000,8667.8,-0.0055,4,0
55.8019,0.419724,59.988617,-0.004468,0.0000,1.0000,8673.5,-0.0075,4,0
55.8287,0.419724,59.988612,-0.004468,0.0000,1.0000,8678.4,-0.0095,4,0
55.8571,0.421093,59.988608,-0.004468,0.0000,1.0000,8675.2,-0.0116,4,0
55.8829,0.421093,59.988603,-0.004468,0.0000,1.0000,8683.0,-0.0138,4,0
55.9101,0.421093,59.988598,-0.004468,0.0000,1.0000,8685.5,-0.0158,4,0
55.9365,0.421093,59.988593,-0.004468,0.0000,1.0000,8692.5,-0.0177,4,0
55.9650,0.421093,59.988588,-0.004469,0.0000,1.0000,8689.4,-0.0195,4,0
55.9908,0.421093,59.988583,-0.004469,0.0000,1.0000,8697.7,-0.0212,4,0
56.0179,0.421093,59.988578,-0.004469,0.0000,1.0000,8702.2,-0.0226,4,0
56.0450,0.421093,59.988573,-0.004469,0.0000,1.0000,8705.6,-0.0238,4,0
56.0731,0.421093,59.988568,-0.004469,0.0000,1.0000,8704.5,-0.0247,4,0
56.0980,0.421093,59.988563,-0.004469,0.0000,1.0000,8717.0,-0.0255,4,0
56.1252,0.422468,59.988558,-0.004469,0.0000,1.0000,8720.1,-0.0260,4,0
56.1525,0.422468,59.988553,-0.004469,0.0000,1.0000,8723.6,-0.0263,4,0
56.1798,0.422468,59.988548,-0.004470,0.0000,1.0000,8724.8,-0.0264,4,0
56.2049,0.422468,59.988543,-0.004470,0.0000,1.0000,8734.9,-0.0263,4,0
56.2319,0.422468,59.988538,-0.004470,0.0000,1.0000,8738.1,-0.0260,4,0
56.2598,0.422468,59.988533,-0.004470,0.0000,1.0000,8737.2,-0.0255,4,0
56.2856,0.422468,59.988528,-0.004470,0.0000,1.0000,8743.5,-0.0248,4,0
56.3104,0.422468,59.988523,-0.004470,0.0000,1.0000,8754.2,-0.0240,4,0
56.3376,0.422468,59.988518,-0.004470,0.0000,1.0000,8757.1,-0.0231,4,0
56.3653,0.422468,59.988513,-0.004470,0.0000,1.0000,8755.5,-0.0220,4,0
56.3912,0.423851,59.988508,-0.004470,0.0000,1.0000,8762.7,-0.0209,4,0
56.4167,0.423851,59.988503,-0.004471,0.0000,1.0000,8772.5,-0.0199,4,0
56.4445,0.423851,59.988498,-0.004471,0.0000,1.0000,8773.6,-0.0188,4,0
56.4726,0.423851,59.988493,-0.004471,0.0000,1.0000,8773.3,-0.0178,4,0
56.4976,0.423851,59.988488,-0.004471,0.0000,1.0000,8784.7,-0.0170,4,0
56.5245,0.423851,59.988483,-0.004471,0.0000,1.0000,8788.6,-0.0163,4,0
56.5519,0.423851,59.988478,-0.004471,0.0000,1.0000,8791.1,-0.0158,4,0
56.5790,0.423851,59.988473,-0.004471,0.0000,1.0000,8791.7,-0.0154,4,0
56.6035,0.423851,59.988468,-0.004471,0.0000,1.0000,8802.9,-0.0150,4,0
56.6306,0.423851,59.988463,-0.004471,0.0000,1.0000,8803.6,-0.0148,4,0
56.6567,0.425239,59.988459,-0.004471,0.0000,1.0000,8808.6,-0.0146,4,0
56.6835,0.425239,59.988454,-0.004471,0.0000,1.0000,8809.1,-0.0145,4,0
56.7085,0.425239,59.988449,-0.004471,0.0000,1.0000,8817.1,-0.0144,4,0
56.7361,0.425239,59.988444,-0.004471,0.0000,1.0000,8816.3,-0.0144,4,0
56.7628,0.425239,59.988439,-0.004471,0.0000,1.0000,8818.0,-0.0144,4,0
56.7889,0.425239,59.988434,-0.004471,0.0000,1.0000,8821.9,-0.0144,4,0
56.8144,0.425239,59.988429,-0.004471,0.0000,1.0000,8830.1,-0.0145,4,0
56.8422,0.425239,59.988423,-0.004471,0.0000,1.0000,8829.4,-0.0147,4,0
56.8695,0.425239,59.988418,-0.004471,0.0000,1.0000,8829.8,-0.0147,4,0
56.8961,0.425239,59.988412,-0.004471,0.0000,1.0000,8832.9,-0.0149,4,0
56.9228,0.426633,59.988407,-0.004471,0.0000,1.0000,8837.5,-0.0150,4,0
56.9490,0.426633,59.988402,-0.004471,0.0000,1.0000,8843.6,-0.0153,4,0
56.9764,0.426633,59.988396,-0.004471,0.0000,1.0000,8843.8,-0.0155,4,0
57.0020,0.426633,59.988391,-0.004471,0.0000,1.0000,8851.3,-0.0156,4,0
57.0284,0.426633,59.988385,-0.004471,0.0000,1.0000,8856.8,-0.0159,4,0
57.0546,0.426633,59.988380,-0.004471,0.0000,1.0000,8861.8,-0.0161,4,0
57.0818,0.426633,59.988375,-0.004471,0.0000,1.0000,8860.2,-0.0162,4,0
57.1071,0.426633,59.988370,-0.004471,0.0000,1.0000,8868.6,-0.0163,4,0
57.1337,0.426633,59.988365,-0.004470,0.0000,1.0000,8872.1,-0.0164,4,0
57.1598,0.426633,59.988360,-0.004470,0.0000,1.0000,8876.2,-0.0165,4,0
57.1872,0.428032,59.988355,-0.004470,0.0000,1.0000,8874.8,-0.0166,4,0
57.2121,0.428032,59.988350,-0.004470,0.0000,1.0000,8885.7,-0.0167,4,0
57.2399,0.428032,59.988345,-0.004470,0.0000,1.0000,8884.4,-0.0167,4,0
57.2661,0.428032,59.988340,-0.004470,0.0000,1.0000,8887.3,-0.0167,4,0
57.2927,0.428032,59.988335,-0.004470,0.0000,1.0000,8890.4,-0.0167,4,0
57.3178,0.428032,59.988330,-0.004470,0.0000,1.0000,8900.3,-0.0166,4,0
57.3449,0.428032,59.988325,-0.004470,0.0000,1.0000,8902.0,-0.0165,4,0
57.3716,0.428032,59.988319,-0.004470,0.0000,1.0000,8903.3,-0.0163,4,0
57.3972,0.428032,59.988314,-0.004470,0.0000,1.0000,8910.4,-0.0161,4,0
57.4236,0.428032,59.988309,-0.004469,0.0000,1.0000,8915.4,-0.0159,4,0
57.4498,0.429440,59.988304,-0.004469,0.0000,1.0000,8919.1,-0.0156,4,0
57.4766,0.429440,59.988298,-0.004469,0.0000,1.0000,8918.6,-0.0153,4,0
57.5017,0.429440,59.988293,-0.004469,0.0000,1.0000,8928.9,-0.0151,4,0
57.5282,0.429440,59.988288,-0.004469,0.0000,1.0000,8931.3,-0.0147,4,0
57.5540,0.429440,59.988282,-0.004469,0.0000,1.0000,8934.6,-0.0144,4,0
57.5807,0.429440,59.988277,-0.004469,0.0000,1.0000,8934.7,-0.0141,4,0
57.6051,0.429440,59.988272,-0.004468,0.0000,1.0000,8947.5,-0.0138,4,0
57.6324,0.429440,59.988267,-0.004468,0.0000,1.0000,8946.9,-0.0135,4,0
57.6588,0.429440,59.988262,-0.004468,0.0000,1.0000,8948.1,-0.0133,4,0
57.6850,0.429440,59.988257,-0.004468,0.0000,1.0000,8950.9,-0.0131,4,0
57.7096,0.430855,59.988253,-0.004468,0.0000,1.0000,8961.1,-0.0130,4,0
57.7365,0.430855,59.988248,-0.004468,0.0000,1.0000,8961.8,-0.0129,4,0
57.7627,0.430855,59.988243,-0.004467,0.0000,1.0000,8963.9,-0.0129,4,0
57.7880,0.430855,59.988238,-0.004467,0.0000,1.0000,8970.6,-0.0129,4,0
57.8133,0.430855,59.988233,-0.004467,0.0000,1.0000,8976.4,-0.0129,4,0
57.8396,0.430855,59.988228,-0.004467,0.0000,1.0000,8978.0,-0.0130,4,0
57.8666,0.430855,59.988223,-0.004467,0.0000,1.0000,8976.4,-0.0131,4,0
57.8910,0.430855,59.988217,-0.004466,0.0000,1.0000,8988.1,-0.0133,4,0
57.9178,0.430855,59.988212,-0.004466,0.0000,1.0000,8989.5,-0.0134,4,0
57.9438,0.430855,59.988206,-0.004466,0.0000,1.0000,8990.5,-0.0135,4,0
57.9710,0.432273,59.988201,-0.004466,0.0000,1.0000,8989.6,-0.0136,4,0
57.9946,0.432273,59.988196,-0.004465,0.0000,1.0000,9003.0,-0.0137,4,0
58.0204,0.432273,59.988190,-0.004465,0.0000,1.0000,9004.6,-0.0137,4,0
58.0456,0.432273,59.988185,-0.004465,0.0000,1.0000,9007.7,-0.0138,4,0
58.0718,0.432273,59.988179,-0.004465,0.0000,1.0000,9008.3,-0.0138,4,0
58.0959,0.432273,59.988174,-0.004464,0.0000,1.0000,9017.5,-0.0138,4,0
58.1210,0.432273,59.988169,-0.004464,0.0000,1.0000,9019.6,-0.0138,4,0
58.1475,0.432273,59.988163,-0.004464,0.0000,1.0000,9018.0,-0.0138,4,0
58.1725,0.432273,59.988158,-0.004464,0.0000,1.0000,9025.0,-0.0139,4,0
58.1975,0.432273,59.988152,-0.004463,0.0000,1.0000,9029.7,-0.0139,4,0
58.2221,0.433700,59.988147,-0.004463,0.0000,1.0000,9034.6,-0.0141,4,0
58.2491,0.433700,59.988142,-0.004463,0.0000,1.0000,9033.6,-0.0145,4,0
58.2734,0.433700,59.988136,-0.004462,0.0000,1.0000,9044.6,-0.0148,4,0
58.2987,0.433700,59.988131,-0.004462,0.0000,1.0000,9048.0,-0.0152,4,0
58.3240,0.433700,59.988125,-0.004462,0.0000,1.0000,9051.8,-0.0157,4,0
58.3505,0.433700,59.988120,-0.004462,0.0000,1.0000,9052.9,-0.0162,4,0
58.3744,0.433700,59.988115,-0.004461,0.0000,1.0000,9062.9,-0.0168,4,0
58.3996,0.433700,59.988110,-0.004461,0.0000,1.0000,9065.6,-0.0173,4,0
58.4255,0.433700,59.988105,-0.004461,0.0000,1.0000,9066.4,-0.0177,4,0
58.4508,0.433700,59.988100,-0.004460,0.0000,1.0000,9072.1,-0.0180,4,0
58.4747,0.435130,59.988095,-0.004460,0.0000,1.0000,9080.1,-0.0181,4,0
58.4995,0.435130,59.988090,-0.004460,0.0000,1.0000,9081.7,-0.0181,4,0
58.5256,0.435130,59.988085,-0.004459,0.0000,1.0000,9081.5,-0.0178,4,0
58.5501,0.435130,59.988080,-0.004459,0.0000,1.0000,9088.6,-0.0172,4,0
58.5747,0.435130,59.988075,-0.004459,0.0000,1.0000,9091.8,-0.0165,4,0
58.5994,0.435130,59.988070,-0.004458,0.0000,1.0000,9094.5,-0.0157,4,0
58.6256,0.435130,59.988065,-0.004458,0.0000,1.0000,9093.6,-0.0148,4,0
58.6479,0.435130,59.988060,-0.004458,0.0000,1.0000,9105.9,-0.0139,4,0
58.6733,0.435130,59.988054,-0.004457,0.0000,1.0000,9103.5,-0.0130,4,0
58.6980,0.435130,59.988049,-0.004457,0.0000,1.0000,9105.2,-0.0122,4,0
58.7234,0.436568,59.988044,-0.004456,0.0000,1.0000,9106.8,-0.0114,4,0
58.7460,0.436568,59.988039,-0.004456,0.0000,1.0000,9117.0,-0.0108,4,0
58.7715,0.436568,59.988034,-0.004456,0.0000,1.0000,9116.0,-0.0103,4,0
58.7974,0.436568,59.988028,-0.004455,0.0000,1.0000,9115.3,-0.0100,4,0
58.8212,0.436568,59.988023,-0.004455,0.0000,1.0000,9122.6,-0.0096,4,0
58.8456,0.436568,59.988018,-0.004454,0.0000,1.0000,9126.6,-0.0093,4,0
58.8699,0.436568,59.988013,-0.004454,0.0000,1.0000,9131.6,-0.0093,4,0
58.8960,0.436568,59.988007,-0.004454,0.0000,1.0000,9131.2,-0.0091,4,0
58.9191,0.436568,59.988002,-0.004453,0.0000,1.0000,9141.5,-0.0090,4,0
58.9441,0.436568,59.987997,-0.004453,0.0000,1.0000,9142.7,-0.0090,4,0
58.9692,0.438012,59.987991,-0.004452,0.0000,1.0000,9146.6,-0.0090,4,0
58.9944,0.438012,59.987986,-0.004452,0.0000,1.0000,9147.9,-0.0090,4,0
59.0173,0.438012,59.987981,-0.004451,0.0000,1.0000,9156.7,-0.0089,4,0
59.0418,0.438012,59.987976,-0.004451,0.0000,1.0000,9160.0,-0.0090,4,0
59.0679,0.438012,59.987970,-0.004450,0.0000,1.0000,9157.7,-0.0091,4,0
59.0912,0.438012,59.987965,-0.004450,0.0000,1.0000,9164.7,-0.0092,4,0
59.1149,0.438012,59.987960,-0.004449,0.0000,1.0000,9170.1,-0.0094,4,0
59.1393,0.438012,59.987954,-0.004449,0.0000,1.0000,9172.6,-0.0096,4,0
59.1648,0.438012,59.987949,-0.004449,0.0000,1.0000,9172.3,-0.0099,4,0
59.1876,0.438012,59.987943,-0.004448,0.0000,1.0000,9181.0,-0.0102,4,0
59.2119,0.439459,59.987938,-0.004448,0.0000,1.0000,9181.4,-0.0106,4,0
59.2363,0.439459,59.987932,-0.004447,0.0000,1.0000,9185.0,-0.0110,4,0
59.2611,0.439459,59.987927,-0.004447,0.0000,1.0000,9185.6,-0.0113,4,0
59.2834,0.439459,59.987921,-0.004446,0.0000,1.0000,9194.3,-0.0117,4,0
59.3078,0.439459,59.987915,-0.004446,0.0000,1.0000,9196.6,-0.0121,4,0
59.3334,0.439459,59.987910,-0.004445,0.0000,1.0000,9195.0,-0.0124,4,0
59.3570,0.439459,59.987905,-0.004445,0.0000,1.0000,9201.3,-0.0125,4,0
59.3808,0.439459,59.987900,-0.004444,0.0000,1.0000,9205.4,-0.0128,4,0
59.4052,0.439459,59.987894,-0.004444,0.0000,1.0000,9209.9,-0.0130,4,0
59.4310,0.439459,59.987889,-0.004443,0.0000,1.0000,9207.8,-0.0130,4,0
59.4533,0.440912,59.987884,-0.004443,0.0000,1.0000,9218.7,-0.0131,4,0
59.4779,0.440912,59.987879,-0.004442,0.0000,1.0000,9220.4,-0.0132,4,0
59.5025,0.440912,59.987874,-0.004441,0.0000,1.0000,9223.8,-0.0132,4,0
59.5262,0.440912,59.987868,-0.004441,0.0000,1.0000,9227.1,-0.0131,4,0
59.5487,0.440912,59.987863,-0.004440,0.0000,1.0000,9234.7,-0.0129,4,0
59.5727,0.440912,59.987858,-0.004440,0.0000,1.0000,9236.6,-0.0125,4,0
59.5968,0.440912,59.987853,-0.004439,0.0000,1.0000,9237.1,-0.0120,4,0
59.6191,0.440912,59.987847,-0.004439,0.0000,1.0000,9243.3,-0.0113,4,0
59.6421,0.440912,59.987842,-0.004438,0.0000,1.0000,9246.4,-0.0104,4,0
59.6657,0.440912,59.987836,-0.004438,0.0000,1.0000,9250.2,-0.0093,4,0
59.6903,0.442373,59.987831,-0.004437,0.0000,1.0000,9247.4,-0.0082,4,0
59.7120,0.442373,59.987826,-0.004437,0.0000,1.0000,9255.1,-0.0070,4,0
59.7358,0.442373,59.987820,-0.004436,0.0000,1.0000,9255.9,-0.0058,4,0
59.7596,0.442373,59.987815,-0.004435,0.0000,1.0000,9257.2,-0.0045,4,0
59.7821,0.442373,59.987809,-0.004435,0.0000,1.0000,9260.8,-0.0032,4,0
59.8040,0.442373,59.987804,-0.004434,0.0000,1.0000,9267.4,-0.0022,4,0
59.8266,0.442373,59.987799,-0.004434,0.0000,1.0000,9274.3,-0.0014,4,0
59.8507,0.442373,59.987793,-0.004433,0.0000,1.0000,9272.5,-0.0007,4,0
59.8719,0.442373,59.987788,-0.004433,0.0000,1.0000,9280.6,-0.0003,4,0
59.8943,0.442373,59.987782,-0.004432,0.0000,1.0000,9287.4,-0.0000,4,0
59.9178,0.443839,59.987777,-0.004431,0.0000,1.0000,9290.1,0.0000,4,0
59.9409,0.443839,59.987772,-0.004431,0.0000,1.0000,9291.8,0.0001,4,0
59.9622,0.443839,59.987766,-0.004430,0.0000,1.0000,9302.0,0.0000,4,0
59.9855,0.443839,59.987761,-0.004430,0.0000,1.0000,9305.4,-0.0000,4,0
60.0095,0.443839,59.987755,-0.004429,0.0000,1.0000,9303.8,-0.0001,4,0
60.0311,0.443839,59.987750,-0.004428,0.0000,1.0000,9311.1,-0.0001,4,0
60.0536,0.443839,59.987745,-0.004428,0.0000,1.0000,9317.3,0.0000,4,0
60.0756,0.443839,59.987740,-0.004427,0.0000,1.0000,9322.8,0.0004,4,0
60.0990,0.443839,59.987734,-0.004426,0.0000,1.0000,9319.6,0.0009,4,0
60.1196,0.443839,59.987729,-0.004426,0.0000,1.0000,9328.8,0.0016,4,0
60.1424,0.445312,59.987724,-0.004425,0.0000,1.0000,9330.7,0.0024,4,0
60.1649,0.445312,59.987719,-0.004425,0.0000,1.0000,9331.0,0.0031,4,0
60.1866,0.445312,59.987714,-0.004424,0.0000,1.0000,9332.6,0.0038,4,0
60.1826,0.445312,59.987708,-0.004423,0.0000,1.0000,9282.2,0.0043,4,0
60.1695,0.445312,59.987703,-0.004423,0.0000,1.0000,9232.0,0.0048,4,0
60.1554,0.445312,59.987698,-0.004422,0.0000,1.0000,9182.0,0.0050,4,0
60.1418,0.445312,59.987693,-0.004421,0.0000,1.0000,9132.2,0.0052,4,0
60.1567,0.445312,59.987687,-0.004421,0.0000,1.0000,8448.4,0.0053,5,0
60.1917,0.445312,59.987682,-0.004420,0.0000,1.0000,8086.7,0.0054,5,0
60.2288,0.445312,59.987676,-0.004420,0.0000,1.0000,8050.8,0.0054,5,0
60.2529,0.446786,59.987671,-0.004419,0.0000,1.0000,8060.3,0.0054,5,0
60.2783,0.446786,59.987666,-0.004418,0.0000,1.0000,8064.4,0.0054,5,0
60.3040,0.446786,59.987660,-0.004418,0.0000,1.0000,8063.1,0.0054,5,0
60.3285,0.446786,59.987655,-0.004417,0.0000,1.0000,8068.0,0.0056,5,0
60.3530,0.446786,59.987649,-0.004417,0.0000,1.0000,8074.5,0.0060,5,0
60.3773,0.446786,59.987644,-0.004416,0.0000,1.0000,8078.1,0.0065,5,0
60.4026,0.446786,59.987639,-0.004415,0.0000,1.0000,8076.2,0.0072,5,0
60.4261,0.446786,59.987633,-0.004415,0.0000,1.0000,8084.5,0.0080,5,0
60.4501,0.446786,59.987628,-0.004414,0.0000,1.0000,8089.8,0.0088,5,0
60.4743,0.446786,59.987622,-0.004413,0.0000,1.0000,8089.9,0.0094,5,0
60.4988,0.448267,59.987617,-0.004413,0.0000,1.0000,8091.8,0.0102,5,0
60.5216,0.448267,59.987612,-0.004412,0.0000,1.0000,8101.7,0.0110,5,0
60.5454,0.448267,59.987606,-0.004412,0.0000,1.0000,8103.7,0.0114,5,0
60.5698,0.448267,59.987601,-0.004411,0.0000,1.0000,8102.8,0.0120,5,0
60.5924,0.448267,59.987595,-0.004410,0.0000,1.0000,8112.3,0.0122,5,0
60.6159,0.448267,59.987590,-0.004410,0.0000,1.0000,8116.5,0.0125,5,0
60.6398,0.448267,59.987584,-0.004409,0.0000,1.0000,8116.0,0.0124,5,0
60.6636,0.448267,59.987579,-0.004409,0.0000,1.0000,8118.4,0.0122,5,0
60.6858,0.448267,59.987573,-0.004408,0.0000,1.0000,8128.9,0.0118,5,0
60.7091,0.448267,59.987568,-0.004407,0.0000,1.0000,8130.7,0.0111,5,0
60.7329,0.449753,59.987562,-0.004407,0.0000,1.0000,8129.4,0.0104,5,0
60.7557,0.449753,59.987556,-0.004406,0.0000,1.0000,8136.5,0.0096,5,0
60.7784,0.449753,59.987551,-0.004406,0.0000,1.0000,8141.7,0.0087,5,0
60.8010,0.449753,59.987545,-0.004405,0.0000,1.0000,8143.8,0.0076,5,0
60.8249,0.449753,59.987540,-0.004405,0.0000,1.0000,8142.8,0.0068,5,0
60.8466,0.449753,59.987534,-0.004404,0.0000,1.0000,8153.0,0.0059,5,0
60.8692,0.449753,59.987529,-0.004403,0.0000,1.0000,8155.5,0.0050,5,0
60.8927,0.449753,59.987523,-0.004403,0.0000,1.0000,8154.0,0.0043,5,0
60.9158,0.449753,59.987518,-0.004402,0.0000,1.0000,8158.5,0.0037,5,0
60.9377,0.449753,59.987512,-0.004402,0.0000,1.0000,8165.0,0.0032,5,0
60.9609,0.451246,59.987507,-0.004401,0.0000,1.0000,8164.2,0.0027,5,0
60.9850,0.451246,59.987502,-0.004401,0.0000,1.0000,8163.8,0.0024,5,0
61.0068,0.451246,59.987496,-0.004400,0.0000,1.0000,8173.0,0.0024,5,0
61.0292,0.451246,59.987491,-0.004400,0.0000,1.0000,8174.2,0.0023,5,0
61.0525,0.451246,59.987485,-0.004399,0.0000,1.0000,8171.4,0.0023,5,0
61.0752,0.451246,59.987480,-0.004398,0.0000,1.0000,8174.6,0.0024,5,0
61.0963,0.451246,59.987475,-0.004398,0.0000,1.0000,8179.9,0.0025,5,0
61.1175,0.451246,59.987469,-0.004397,0.0000,1.0000,8182.5,0.0025,5,0
61.1407,0.451246,59.987464,-0.004397,0.0000,1.0000,8179.3,0.0027,5,0
61.1608,0.451246,59.987459,-0.004396,0.0000,1.0000,8188.2,0.0028,5,0
61.1817,0.452745,59.987454,-0.004396,0.0000,1.0000,8190.3,0.0028,5,0
61.2031,0.452745,59.987448,-0.004395,0.0000,1.0000,8190.4,0.0029,5,0
61.2247,0.452745,59.987443,-0.004395,0.0000,1.0000,8193.7,0.0032,5,0
61.2437,0.452745,59.987438,-0.004394,0.0000,1.0000,8201.7,0.0034,5,0
61.2648,0.452745,59.987432,-0.004394,0.0000,1.0000,8202.3,0.0038,5,0
61.2867,0.452745,59.987427,-0.004393,0.0000,1.0000,8201.8,0.0043,5,0
61.3066,0.452745,59.987421,-0.004393,0.0000,1.0000,8210.7,0.0049,5,0
61.3265,0.452745,59.987416,-0.004392,0.0000,1.0000,8214.8,0.0054,5,0
61.3479,0.452745,59.987410,-0.004392,0.0000,1.0000,8214.3,0.0061,5,0
61.3694,0.452745,59.987404,-0.004391,0.0000,1.0000,8217.3,0.0068,5,0
61.3884,0.454248,59.987398,-0.004391,0.0000,1.0000,8225.2,0.0073,5,0
61.4093,0.454248,59.987393,-0.004390,0.0000,1.0000,8226.3,0.0078,5,0
61.4316,0.454248,59.987387,-0.004390,0.0000,1.0000,8226.6,0.0084,5,0
61.4517,0.454248,59.987381,-0.004389,0.0000,1.0000,8233.6,0.0088,5,0
61.4726,0.454248,59.987376,-0.004389,0.0000,1.0000,8236.4,0.0090,5,0
61.4949,0.454248,59.987370,-0.004388,0.0000,1.0000,8234.7,0.0093,5,0
61.5173,0.454248,59.987365,-0.004388,0.0000,1.0000,8234.7,0.0095,5,0
61.5369,0.454248,59.987359,-0.004387,0.0000,1.0000,8241.4,0.0095,5,0
61.5578,0.454248,59.987354,-0.004387,0.0000,1.0000,8241.9,0.0095,5,0
61.5809,0.454248,59.987348,-0.004386,0.0000,1.0000,8235.9,0.0095,5,0
61.6002,0.455759,59.987343,-0.004386,0.0000,1.0000,8242.6,0.0094,5,0
61.6196,0.455759,59.987338,-0.004385,0.0000,1.0000,8245.3,0.0091,5,0
61.6398,0.455759,59.987332,-0.004385,0.0000,1.0000,8246.1,0.0089,5,0
61.6608,0.455759,59.987327,-0.004384,0.0000,1.0000,8242.7,0.0086,5,0
61.6778,0.455759,59.987321,-0.004384,0.0000,1.0000,8250.7,0.0082,5,0
61.6965,0.455759,59.987316,-0.004383,0.0000,1.0000,8253.0,0.0079,5,0
61.7166,0.455759,59.987310,-0.004383,0.0041,0.9960,8250.9,0.0076,5,0
61.7342,0.455759,59.987305,-0.004383,0.0083,0.9921,8253.7,0.0070,5,0
61.7484,0.455759,59.987299,-0.004382,0.0266,0.9353,8252.0,0.0063,5,0
61.7591,0.455759,59.987294,-0.004382,0.0448,0.8785,8240.2,0.0054,5,0
61.7612,0.457275,59.987288,-0.004381,0.0755,0.7793,8226.7,0.0045,5,0
61.7489,0.457275,59.987282,-0.004381,0.1061,0.6802,8216.5,0.0034,5,0
61.7262,0.457275,59.987277,-0.004380,0.1341,0.5984,8204.8,0.0024,5,0
61.6935,0.457275,59.987271,-0.004380,0.1621,0.5166,8189.5,0.0016,5,0
61.6458,0.457275,59.987266,-0.004379,0.1995,0.4250,8174.4,0.0009,5,0
61.5852,0.457275,59.987260,-0.004379,0.2368,0.3334,8160.9,0.0007,5,0
61.5153,0.457275,59.987255,-0.004378,0.2685,0.2693,8146.4,0.0006,5,0
61.4383,0.457275,59.987249,-0.004378,0.3001,0.2051,8129.3,0.0009,5,0
61.3512,0.457275,59.987244,-0.004378,0.3350,0.1654,8115.4,0.0015,5,0
61.2570,0.457275,59.987238,-0.004377,0.3700,0.1257,8095.4,0.0023,5,0
61.1541,0.458787,59.987233,-0.004377,0.4040,0.1001,8077.4,0.0032,5,0
61.0444,0.458787,59.987228,-0.004376,0.4381,0.0746,8054.4,0.0040,5,0
60.9291,0.458787,59.987222,-0.004376,0.4604,0.0618,8033.2,0.0048,5,0
60.8113,0.458787,59.987217,-0.004376,0.4827,0.0491,8005.1,0.0053,5,0
60.6864,0.458787,59.987211,-0.004375,0.5117,0.0364,7977.6,0.0057,5,0
60.5563,0.458787,59.987206,-0.004375,0.5408,0.0237,7948.3,0.0059,5,0
60.4212,0.458787,59.987200,-0.004374,0.5624,0.0131,7915.3,0.0060,5,0
60.2831,0.458787,59.987195,-0.004374,0.5840,0.0025,7882.5,0.0061,5,0
60.1398,0.458787,59.987189,-0.004374,0.6088,0.0013,7849.5,0.0061,5,0
59.9905,0.458787,59.987184,-0.004373,0.6336,0.0000,7816.3,0.0061,5,0
59.8365,0.460273,59.987178,-0.004373,0.6565,0.0000,7781.4,0.0062,5,0
59.6758,0.460273,59.987172,-0.004372,0.6793,0.0000,7747.7,0.0063,5,0
59.5102,0.460273,59.987167,-0.004372,0.6952,0.0000,7714.9,0.0064,5,0
59.3389,0.460273,59.987161,-0.004372,0.7111,0.0000,7688.0,0.0064,5,0
59.1640,0.460273,59.987156,-0.004371,0.7222,0.0000,7664.3,0.0065,5,0
58.9854,0.460273,59.987150,-0.004371,0.7334,0.0000,7642.1,0.0065,5,0
58.8049,0.460273,59.987145,-0.004370,0.7444,0.0000,7623.7,0.0065,5,0
58.6213,0.460273,59.987140,-0.004370,0.7554,0.0000,7604.5,0.0065,5,0
58.4364,0.460273,59.987135,-0.004370,0.7683,0.0000,7584.4,0.0065,5,0
58.2505,0.460273,59.987130,-0.004369,0.7813,0.0000,7559.6,0.0064,5,0
58.0627,0.461718,59.987125,-0.004369,0.7904,0.0000,7533.1,0.0064,5,0
57.8727,0.461718,59.987120,-0.004369,0.7996,0.0000,7511.2,0.0063,5,0
57.6796,0.461718,59.987115,-0.004368,0.8021,0.0000,7492.9,0.0062,5,0
57.4876,0.461718,59.987110,-0.004368,0.8045,0.0000,7467.2,0.0063,5,0
57.2960,0.461718,59.987105,-0.004368,0.8100,0.0000,7447.4,0.0066,5,0
57.1034,0.461718,59.987100,-0.004367,0.8155,0.0000,7420.7,0.0073,5,0
56.9103,0.461718,59.987094,-0.004367,0.8178,0.0000,7398.5,0.0075,5,0
56.7191,0.461718,59.987089,-0.004367,0.8201,0.0000,7373.4,0.0085,5,0
56.5268,0.461718,59.987083,-0.004366,0.8256,0.0000,7349.3,0.0093,5,0
56.3333,0.461718,59.987078,-0.004366,0.8311,0.0000,7324.6,0.0102,5,0
56.1397,0.463118,59.987072,-0.004366,0.8359,0.0000,7299.9,0.0112,5,0
55.9469,0.463118,59.987067,-0.004365,0.8407,0.0000,7413.3,0.0123,5,0
55.7540,0.463118,59.987062,-0.004365,0.8409,0.0000,7948.4,0.0136,5,0
55.5620,0.463118,59.987056,-0.004365,0.8412,0.0000,8388.1,0.0146,5,0
55.3708,0.463118,59.987051,-0.004364,0.8442,0.0000,8354.1,0.0154,5,0
55.1793,0.463118,59.987045,-0.004364,0.8473,0.0000,8314.5,0.0162,5,0
54.9878,0.463118,59.987040,-0.004364,0.8445,0.0000,8269.9,0.0168,4,0
54.7959,0.463118,59.987035,-0.004364,0.8416,0.0000,8232.9,0.0172,4,0
54.6052,0.463118,59.987030,-0.004363,0.8453,0.0000,8196.2,0.0176,4,0
54.4153,0.463118,59.987025,-0.004363,0.8490,0.0000,8157.0,0.0179,4,0
54.2227,0.464470,59.987020,-0.004363,0.8518,0.0000,8122.2,0.0181,4,0
54.0296,0.464470,59.987016,-0.004363,0.8546,0.0000,8085.2,0.0183,4,0
53.8361,0.464470,59.987011,-0.004362,0.8567,0.0000,8053.7,0.0184,4,0
53.6430,0.464470,59.987006,-0.004362,0.8587,0.0000,8021.2,0.0184,4,0
53.4493,0.464470,59.987001,-0.004362,0.8593,0.0000,7985.6,0.0184,4,0
53.2573,0.464470,59.986996,-0.004362,0.8600,0.0000,7947.6,0.0184,4,0
53.0643,0.464470,59.986991,-0.004361,0.8547,0.0000,7915.4,0.0185,4,0
52.8731,0.464470,59.986987,-0.004361,0.8495,0.0000,7884.4,0.0187,4,0
52.6825,0.464470,59.986982,-0.004361,0.8531,0.0000,7853.1,0.0191,4,0
52.4917,0.464470,59.986978,-0.004361,0.8568,0.0000,7815.5,0.0192,4,0
52.3011,0.465776,59.986973,-0.004361,0.8584,0.0000,7773.2,0.0194,4,0
52.1094,0.465776,59.986968,-0.004360,0.8600,0.0000,7786.2,0.0196,4,0
51.9191,0.465776,59.986964,-0.004360,0.8605,0.0000,7769.1,0.0200,4,0
51.7290,0.465776,59.986959,-0.004360,0.8609,0.0000,7732.7,0.0203,4,0
51.5392,0.465776,59.986955,-0.004360,0.8607,0.0000,7691.0,0.0208,4,0
51.3502,0.465776,59.986950,-0.004360,0.8605,0.0000,7647.8,0.0213,4,0
51.1608,0.465776,59.986945,-0.004360,0.8562,0.0000,7607.8,0.0218,4,0
50.9724,0.465776,59.986941,-0.004359,0.8519,0.0000,7613.3,0.0221,4,0
50.7843,0.465776,59.986936,-0.004359,0.8559,0.0000,7595.2,0.0221,4,0
50.5953,0.465776,59.986932,-0.004359,0.8600,0.0000,7556.0,0.0222,4,0
50.4072,0.467032,59.986927,-0.004359,0.8586,0.0000,7511.7,0.0220,4,0
50.2163,0.467032,59.986922,-0.004359,0.8573,0.0000,7469.5,0.0216,4,0
50.0282,0.467032,59.986918,-0.004359,0.8546,0.0000,7470.8,0.0209,4,0
49.8384,0.467032,59.986913,-0.004359,0.8519,0.0000,7455.8,0.0203,4,0
49.6512,0.467032,59.986909,-0.004359,0.8522,0.0000,7423.4,0.0195,4,0
49.4618,0.467032,59.986904,-0.004359,0.8524,0.0000,7387.2,0.0187,4,0
49.2747,0.467032,59.986900,-0.004359,0.8485,0.0000,7347.7,0.0178,4,0
49.0883,0.467032,59.986895,-0.004359,0.8446,0.0000,7326.9,0.0172,4,0
48.9003,0.467032,59.986891,-0.004359,0.8462,0.0000,7337.6,0.0169,4,0
48.7149,0.467032,59.986886,-0.004359,0.8478,0.0000,7452.5,0.0169,4,0
48.5274,0.468243,59.986882,-0.004359,0.8442,0.0000,7986.4,0.0171,4,0
48.3423,0.468243,59.986878,-0.004359,0.8407,0.0000,8500.1,0.0176,4,0
48.1584,0.468243,59.986873,-0.004359,0.8359,0.0000,8651.5,0.0186,4,0
47.9753,0.468243,59.986869,-0.004359,0.8312,0.0000,8604.0,0.0198,4,0
47.7905,0.468243,59.986864,-0.004359,0.8286,0.0000,8565.3,0.0211,3,0
47.6066,0.468243,59.986860,-0.004359,0.8260,0.0000,8534.3,0.0222,3,0
47.4223,0.468243,59.986856,-0.004359,0.8212,0.0000,8500.9,0.0235,3,0
47.2435,0.468243,59.986851,-0.004359,0.8165,0.0000,8461.5,0.0245,3,0
47.0628,0.468243,59.986847,-0.004359,0.8138,0.0000,8428.0,0.0256,3,0
46.8835,0.468243,59.986842,-0.004359,0.8111,0.0000,8397.9,0.0263,3,0
46.7048,0.469404,59.986838,-0.004359,0.8067,0.0000,8366.8,0.0271,3,0
46.5278,0.469404,59.986834,-0.004359,0.8023,0.0000,8330.4,0.0281,3,0
46.3564,0.469404,59.986829,-0.004359,0.7966,0.0000,8309.9,0.0292,3,0
46.1815,0.469404,59.986825,-0.004360,0.7908,0.0000,8318.0,0.0305,3,0
46.0144,0.469404,59.986820,-0.004360,0.7863,0.0000,8284.5,0.0318,3,0
45.8492,0.469404,59.986816,-0.004360,0.7818,0.0000,8244.6,0.0334,3,0
45.6852,0.469404,59.986812,-0.004360,0.7751,0.0000,8197.0,0.0356,3,0
45.5238,0.469404,59.986808,-0.004360,0.7684,0.0000,8147.8,0.0381,3,0
45.3602,0.469404,59.986803,-0.004360,0.7621,0.0000,8103.1,0.0404,3,0
45.1983,0.469404,59.986799,-0.004361,0.7559,0.0000,8113.3,0.0426,3,0
45.0350,0.470521,59.986795,-0.004361,0.7525,0.0000,8089.6,0.0447,3,0
44.8739,0.470521,59.986791,-0.004361,0.7490,0.0000,8046.7,0.0481,3,0
44.7133,0.470521,59.986787,-0.004361,0.7392,0.0000,8000.6,0.0500,3,0
44.5512,0.470521,59.986782,-0.004362,0.7295,0.0000,7959.0,0.0517,3,0
44.3911,0.470521,59.986778,-0.004362,0.7219,0.0000,7946.5,0.0528,3,0
44.2286,0.470521,59.986774,-0.004362,0.7143,0.0000,7953.8,0.0538,3,0
44.0720,0.470521,59.986770,-0.004362,0.7054,0.0000,7924.3,0.0545,3,0
43.9154,0.470521,59.986766,-0.004363,0.6965,0.0000,7891.9,0.0547,3,0
43.7613,0.470521,59.986763,-0.004363,0.6867,0.0000,7858.8,0.0548,3,0
43.6101,0.470521,59.986759,-0.004363,0.6770,0.0000,7830.0,0.0547,3,0
43.4613,0.471596,59.986755,-0.004364,0.6648,0.0000,7795.6,0.0547,3,0
43.3172,0.471596,59.986751,-0.004364,0.6525,0.0000,7762.6,0.0547,3,0
43.1732,0.471596,59.986747,-0.004364,0.6356,0.0000,7777.3,0.0549,3,0
43.0321,0.471596,59.986744,-0.004365,0.6186,0.0000,7764.3,0.0553,3,0
42.8987,0.471596,59.986740,-0.004365,0.6064,0.0000,7736.5,0.0561,3,0
42.7642,0.471596,59.986736,-0.004365,0.5941,0.0000,7712.2,0.0577,3,0
42.6320,0.471596,59.986732,-0.004366,0.5759,0.0000,7690.1,0.0593,3,0
42.5045,0.471596,59.986729,-0.004366,0.5577,0.0000,7665.0,0.0609,3,0
42.3789,0.471596,59.986725,-0.004367,0.5396,0.0000,7644.1,0.0625,3,0
42.2563,0.471596,59.986722,-0.004367,0.5215,0.0000,7630.1,0.0644,3,0
42.1347,0.472633,59.986718,-0.004368,0.5158,0.0000,7609.5,0.0665,3,0
42.0154,0.472633,59.986714,-0.004368,0.5100,0.0000,7590.8,0.0685,3,0
41.8980,0.472633,59.986711,-0.004369,0.4986,0.0000,7567.2,0.0702,3,0
41.7821,0.472633,59.986707,-0.004369,0.4871,0.0000,7536.6,0.0717,3,0
41.6691,0.472633,59.986704,-0.004370,0.4711,0.0000,7513.9,0.0730,3,0
41.5578,0.472633,59.986700,-0.004370,0.4551,0.0000,7496.7,0.0739,3,0
41.4489,0.472633,59.986696,-0.004371,0.4296,0.0000,7484.0,0.0744,3,0
41.3464,0.472633,59.986692,-0.004371,0.4041,0.0000,7469.0,0.0745,3,0
41.2492,0.472633,59.986688,-0.004372,0.3801,0.0000,7453.6,0.0741,3,0
41.1560,0.472633,59.986684,-0.004373,0.3560,0.0000,7447.3,0.0735,3,0
41.0661,0.473637,59.986680,-0.004373,0.3394,0.0000,7446.8,0.0731,3,0
40.9809,0.473637,59.986676,-0.004374,0.3227,0.0000,7441.4,0.0726,3,0
40.8996,0.473637,59.986672,-0.004374,0.3126,0.0000,7435.4,0.0721,3,0
40.8203,0.473637,59.986668,-0.004375,0.3025,0.0000,7421.7,0.0716,3,0
40.7429,0.473637,59.986664,-0.004376,0.3030,0.0000,7405.1,0.0713,3,0
40.6643,0.473637,59.986660,-0.004376,0.3035,0.0000,7392.2,0.0711,3,0
40.5849,0.473637,59.986657,-0.004377,0.2902,0.0000,7382.4,0.0711,3,0
40.5079,0.473637,59.986653,-0.004378,0.2769,0.0000,7377.9,0.0711,3,0
40.4344,0.473637,59.986650,-0.004379,0.2593,0.0000,7370.3,0.0713,3,0
40.3654,0.473637,59.986646,-0.004380,0.2417,0.0000,7361.5,0.0715,3,0
40.2989,0.474623,59.986643,-0.004380,0.2260,0.0000,7355.9,0.0721,3,0
40.2363,0.474623,59.986640,-0.004381,0.2103,0.0000,7349.2,0.0728,3,0
40.1746,0.474623,59.986636,-0.004382,0.1953,0.0000,7349.8,0.0736,3,0
40.1170,0.474623,59.986633,-0.004383,0.1802,0.0000,7347.3,0.0743,3,0
40.0631,0.474623,59.986629,-0.004384,0.1699,0.0000,7337.8,0.0750,3,0
40.0118,0.474623,59.986626,-0.004384,0.1595,0.0000,7329.3,0.0759,3,0
39.9616,0.474623,59.986622,-0.004386,0.1518,0.0000,7324.6,0.0771,3,0
39.9128,0.474623,59.986618,-0.004387,0.1440,0.0000,7319.1,0.0782,3,0
39.8649,0.474623,59.986615,-0.004388,0.1418,0.0000,7317.9,0.0792,3,0
39.8186,0.474623,59.986611,-0.004389,0.1397,0.0000,7309.8,0.0802,3,0
39.7736,0.475585,59.986607,-0.004390,0.1381,0.0000,7296.9,0.0811,3,0
39.7282,0.475585,59.986603,-0.004391,0.1365,0.0000,7291.0,0.0824,3,0
39.6833,0.475585,59.986599,-0.004392,0.1295,0.0000,7284.7,0.0838,3,0
39.6391,0.475585,59.986596,-0.004393,0.1225,0.0000,7280.8,0.0853,3,0
39.5963,0.475585,59.986592,-0.004394,0.1167,0.0000,7278.2,0.0868,3,0
39.5561,0.475585,59.986588,-0.004395,0.1108,0.0000,7269.7,0.0885,3,0
39.5171,0.475585,59.986584,-0.004396,0.1039,0.0000,7259.2,0.0905,3,0
39.4788,0.475585,59.986581,-0.004397,0.0970,0.0000,7253.7,0.0925,3,0
39.4419,0.475585,59.986577,-0.004399,0.0945,0.0000,7248.3,0.0946,3,0
39.4047,0.475585,59.986574,-0.004400,0.0920,0.0000,7245.6,0.0966,3,0
39.3683,0.476532,59.986570,-0.004401,0.0907,0.0000,7237.8,0.0986,3,0
39.3332,0.476532,59.986567,-0.004403,0.0894,0.0000,7226.1,0.1005,3,0
39.2980,0.476532,59.986564,-0.004404,0.0867,0.0000,7219.0,0.1024,3,0
39.2623,0.476532,59.986560,-0.004405,0.0840,0.0000,7213.7,0.1039,3,0
39.2274,0.476532,59.986556,-0.004406,0.0855,0.0000,7208.9,0.1051,3,0
39.1914,0.476532,59.986553,-0.004408,0.0869,0.0000,7205.1,0.1060,3,0
39.1551,0.476532,59.986550,-0.004409,0.0872,0.0000,7197.2,0.1065,3,0
39.1195,0.476532,59.986546,-0.004411,0.0874,0.0000,7188.9,0.1071,3,0
39.0838,0.476532,59.986543,-0.004412,0.0881,0.0000,7184.2,0.1072,3,0
39.0473,0.476532,59.986540,-0.004414,0.0888,0.0000,7179.9,0.1071,3,0
39.0099,0.477477,59.986536,-0.004415,0.0881,0.0000,7178.5,0.1067,3,0
38.9729,0.477477,59.986533,-0.004417,0.0874,0.0000,7173.4,0.1062,3,0
38.9382,0.477477,59.986530,-0.004418,0.0868,0.0000,7162.7,0.1059,3,0
38.9020,0.477477,59.986527,-0.004420,0.0862,0.0000,7160.3,0.1059,3,0
38.8669,0.477477,59.986523,-0.004421,0.0908,0.0000,7152.4,0.1058,3,0
38.8299,0.477477,59.986520,-0.004423,0.0954,0.0000,7150.0,0.1058,3,0
38.7908,0.477477,59.986517,-0.004425,0.0964,0.0000,7148.3,0.1060,3,0
38.7538,0.477477,59.986513,-0.004427,0.0974,0.0000,7138.5,0.1067,3,0
38.7174,0.477477,59.986509,-0.004428,0.1003,0.0000,7130.2,0.1078,3,0
38.6790,0.477477,59.986506,-0.004430,0.1033,0.0000,7125.3,0.1092,3,0
38.6418,0.478430,59.986503,-0.004432,0.1067,0.0000,7112.6,0.1109,3,0
38.6007,0.478430,59.986499,-0.004434,0.1101,0.0000,7111.2,0.1128,3,0
38.5601,0.478430,59.986496,-0.004435,0.1123,0.0000,7103.4,0.1152,3,0
38.5224,0.478430,59.986492,-0.004437,0.1145,0.0000,7088.3,0.1181,3,0
38.4808,0.478430,59.986489,-0.004439,0.1164,0.0000,7085.4,0.1214,3,0
38.4425,0.478430,59.986485,-0.004441,0.1184,0.0000,7067.0,0.1249,3,0
38.4012,0.478430,59.986482,-0.004443,0.1188,0.0000,7057.8,0.1286,3,0
38.3590,0.478430,59.986479,-0.004445,0.1191,0.0000,7051.2,0.1323,3,0
38.3174,0.478430,59.986476,-0.004447,0.1221,0.0000,7040.1,0.1360,3,0
38.2757,0.478430,59.986473,-0.004449,0.1250,0.0000,7026.3,0.1395,3,0
38.2313,0.479360,59.986469,-0.004451,0.1268,0.0000,7018.8,0.1423,3,0
38.1903,0.479360,59.986466,-0.004453,0.1286,0.0000,6998.7,0.1444,3,0
38.1442,0.479360,59.986463,-0.004455,0.1293,0.0000,6996.5,0.1458,3,0
38.0981,0.479360,59.986460,-0.004457,0.1299,0.0000,6990.1,0.1466,3,0
38.0537,0.479360,59.986457,-0.004459,0.1312,0.0000,6980.8,0.1472,3,0
38.0088,0.479360,59.986454,-0.004461,0.1326,0.0000,6969.8,0.1474,3,0
37.9626,0.479360,59.986451,-0.004463,0.1306,0.0000,6968.4,0.1473,3,0
37.9179,0.479360,59.986447,-0.004466,0.1287,0.0000,6959.8,0.1467,3,0
37.8716,0.479360,59.986444,-0.004468,0.1279,0.0000,6959.0,0.1458,3,0
37.8245,0.479360,59.986440,-0.004470,0.1272,0.0000,6959.6,0.1453,3,0
37.7787,0.480315,59.986437,-0.004472,0.1261,0.0000,6955.1,0.1448,3,0
37.7334,0.480315,59.986434,-0.004475,0.1250,0.0000,6949.9,0.1442,3,0
37.6892,0.480315,59.986430,-0.004477,0.1255,0.0000,6941.5,0.1436,3,0
37.6432,0.480315,59.986427,-0.004479,0.1260,0.0000,6937.1,0.1429,3,0
37.5960,0.480315,59.986423,-0.004481,0.1249,0.0000,6938.7,0.1427,3,0
37.5508,0.480315,59.986420,-0.004484,0.1238,0.0000,6932.9,0.1428,3,0
37.5056,0.480315,59.986417,-0.004486,0.1197,0.0000,6932.6,0.1433,3,0
37.4617,0.480315,59.986414,-0.004489,0.1155,0.0000,6927.5,0.1438,3,0
37.4181,0.480315,59.986411,-0.004491,0.1128,0.0000,6923.7,0.1445,3,0
37.3742,0.480315,59.986408,-0.004494,0.1101,0.0000,6921.8,0.1453,3,0
37.3315,0.481266,59.986405,-0.004496,0.1051,0.0000,6921.9,0.1466,3,0
37.2897,0.481266,59.986402,-0.004499,0.1001,0.0000,6919.1,0.1482,3,0
37.2517,0.481266,59.986399,-0.004501,0.0958,0.0000,6912.1,0.1498,3,0
37.2144,0.481266,59.986396,-0.004504,0.0916,0.0000,6905.6,0.1516,3,0
37.1765,0.481266,59.986393,-0.004506,0.0878,0.0000,6899.2,0.1533,3,0
37.1368,0.481266,59.986390,-0.004509,0.0840,0.0000,6901.3,0.1553,3,0
37.1012,0.481266,59.986387,-0.004512,0.0695,0.0000,6898.4,0.1576,3,0
37.0683,0.481266,59.986384,-0.004514,0.0550,0.0000,6895.3,0.1599,3,0
37.0382,0.481266,59.986381,-0.004517,0.0433,0.0000,6890.3,0.1622,3,0
37.0103,0.481266,59.986378,-0.004520,0.0315,0.0000,6883.7,0.1643,3,0
36.9840,0.482219,59.986375,-0.004523,0.0226,0.0000,6880.3,0.1665,3,0
36.9590,0.482219,59.986372,-0.004525,0.0137,0.0000,6880.0,0.1688,3,0
36.9353,0.482219,59.986369,-0.004528,0.0075,0.0000,6878.0,0.1710,3,0
36.9138,0.482219,59.986366,-0.004531,0.0012,0.0000,6874.1,0.1727,3,0
36.8941,0.482219,59.986363,-0.004534,0.0006,0.0000,6866.1,0.1740,3,0
36.8721,0.482219,59.986360,-0.004536,0.0000,0.0000,6864.4,0.1748,3,0
36.8505,0.482219,59.986357,-0.004539,0.0000,0.0000,6861.4,0.1753,3,0
36.8285,0.482219,59.986354,-0.004542,0.0000,0.0000,6861.5,0.1758,3,0
36.8073,0.482219,59.986351,-0.004545,0.0000,0.0000,6858.1,0.1760,3,0
36.7861,0.482219,59.986348,-0.004548,0.0000,0.0000,6852.5,0.1761,3,0
36.7634,0.483118,59.986345,-0.004551,0.0000,0.0000,6849.2,0.1755,3,0
36.7398,0.483118,59.986342,-0.004554,0.0000,0.0000,6849.9,0.1748,3,0
36.7163,0.483118,59.986339,-0.004557,0.0000,0.0000,6851.8,0.1741,3,0
36.6930,0.483118,59.986336,-0.004560,0.0000,0.0000,6852.3,0.1733,3,0
36.6698,0.483118,59.986333,-0.004563,0.0000,0.0000,6854.0,0.1726,3,0
36.6476,0.483118,59.986330,-0.004566,0.0000,0.0000,6850.5,0.1719,3,0
36.6252,0.483118,59.986327,-0.004570,0.0000,0.0000,6847.7,0.1710,3,0
36.6017,0.483118,59.986324,-0.004573,0.0000,0.0000,6849.9,0.1702,3,0
36.5782,0.483118,59.986321,-0.004576,0.0000,0.0000,6849.6,0.1698,3,0
36.5553,0.483118,59.986318,-0.004580,0.0000,0.0000,6849.7,0.1694,3,0
36.5335,0.484084,59.986315,-0.004583,0.0000,0.0000,6847.0,0.1692,3,0
36.5112,0.484084,59.986312,-0.004586,0.0000,0.0000,6846.3,0.1690,3,0
36.4889,0.484084,59.986309,-0.004589,0.0000,0.0000,6845.1,0.1689,3,0
36.4671,0.484084,59.986306,-0.004593,0.0000,0.0000,6842.1,0.1692,3,0
36.4458,0.484084,59.986303,-0.004596,0.0000,0.0000,6838.3,0.1698,3,0
36.4239,0.484084,59.986300,-0.004599,0.0000,0.0000,6835.5,0.1706,3,0
36.4033,0.484084,59.986297,-0.004603,0.0000,0.0000,6831.8,0.1714,3,0
36.3826,0.484084,59.986294,-0.004606,0.0000,0.0000,6821.9,0.1722,3,0
36.3609,0.484084,59.986291,-0.004610,0.0000,0.0026,6814.5,0.1731,3,0
36.3401,0.484084,59.986288,-0.004613,0.0000,0.0052,6809.4,0.1743,3,0
36.3187,0.485058,59.986285,-0.004617,0.0000,0.0127,6807.2,0.1754,3,0
36.2972,0.485058,59.986282,-0.004621,0.0000,0.0202,6800.6,0.1765,3,0
36.2772,0.485058,59.986279,-0.004624,0.0000,0.0329,6795.4,0.1772,3,0
36.2571,0.485058,59.986276,-0.004628,0.0000,0.0456,6787.9,0.1776,3,0
36.2372,0.485058,59.986273,-0.004631,0.0000,0.0669,6783.6,0.1779,3,0
36.2171,0.485058,59.986270,-0.004635,0.0000,0.0882,6791.4,0.1781,3,0
36.1974,0.485058,59.986268,-0.004639,0.0000,0.1174,6804.5,0.1783,3,0
36.1838,0.485058,59.986266,-0.004642,0.0000,0.1465,6810.0,0.1783,3,0
36.1693,0.485058,59.986263,-0.004646,0.0000,0.1852,6821.8,0.1783,3,0
36.1571,0.485058,59.986261,-0.004650,0.0000,0.2239,6836.6,0.1783,3,0
36.1487,0.486036,59.986259,-0.004654,0.0000,0.2665,6849.6,0.1786,3,0
36.1409,0.486036,59.986257,-0.004658,0.0000,0.3091,6871.8,0.1789,3,0
36.1354,0.486036,59.986255,-0.004661,0.0000,0.3496,6892.7,0.1793,3,0
36.1336,0.486036,59.986252,-0.004665,0.0000,0.3901,6912.6,0.1793,3,0
36.1325,0.486036,59.986250,-0.004669,0.0000,0.4167,6932.1,0.1793,3,0
36.1335,0.486036,59.986248,-0.004673,0.0000,0.4433,6951.8,0.1793,3,0
36.1362,0.486036,59.986245,-0.004677,0.0000,0.4731,6973.3,0.1794,3,0
36.1398,0.486036,59.986242,-0.004681,0.0000,0.5029,6993.2,0.1794,3,0
36.1452,0.486036,59.986240,-0.004685,0.0000,0.5258,7013.8,0.1792,3,0
36.1515,0.486036,59.986237,-0.004689,0.0000,0.5488,7034.1,0.1785,3,0
36.1601,0.487010,59.986234,-0.004693,0.0000,0.5651,7046.8,0.1775,3,0
36.1720,0.487010,59.986231,-0.004697,0.0000,0.5814,7054.8,0.1764,3,0
36.1833,0.487010,59.986228,-0.004701,0.0000,0.5924,7065.1,0.1751,3,0
36.1957,0.487010,59.986226,-0.004705,0.0000,0.6034,7072.8,0.1734,3,0
36.2091,0.487010,59.986223,-0.004709,0.0000,0.6123,7080.6,0.1714,3,0
36.2225,0.487010,59.986220,-0.004713,0.0000,0.6213,7089.3,0.1690,3,0
36.2374,0.487010,59.986218,-0.004717,0.0000,0.6293,7093.1,0.1667,3,0
36.2542,0.487010,59.986215,-0.004722,0.0000,0.6373,7094.9,0.1647,3,0
36.2701,0.487010,59.986213,-0.004726,0.0000,0.6429,7103.1,0.1629,3,0
36.2864,0.487010,59.986210,-0.004730,0.0000,0.6485,7110.7,0.1614,3,0
36.3029,0.487899,59.986208,-0.004735,0.0000,0.6551,7119.1,0.1601,3,0
36.3178,0.487899,59.986205,-0.004739,0.0000,0.6618,7080.3,0.1591,3,0
36.3317,0.487899,59.986203,-0.004743,0.0000,0.6667,7102.6,0.1587,3,0
36.3479,0.487899,59.986200,-0.004748,0.0000,0.6717,7114.6,0.1587,3,0
36.3641,0.487899,59.986198,-0.004752,0.0000,0.6749,7124.4,0.1586,3,0
36.3804,0.487899,59.986195,-0.004756,0.0000,0.6780,7133.0,0.1586,3,0
36.3982,0.487899,59.986193,-0.004761,0.0000,0.6811,7137.2,0.1584,3,0
36.4163,0.487899,59.986190,-0.004765,0.0000,0.6842,7138.7,0.1582,3,0
36.4347,0.487899,59.986187,-0.004770,0.0000,0.6855,7141.3,0.1582,3,0
36.4541,0.487899,59.986185,-0.004774,0.0000,0.6867,7144.8,0.1582,3,0
36.4718,0.488862,59.986182,-0.004779,0.0000,0.6872,7152.4,0.1582,3,0
36.4882,0.488862,59.986180,-0.004783,0.0000,0.6877,7123.2,0.1582,3,0
36.4995,0.488862,59.986178,-0.004788,0.0000,0.6877,7141.7,0.1583,3,0
36.5165,0.488862,59.986175,-0.004793,0.0000,0.6877,7151.0,0.1587,3,0
36.5343,0.488862,59.986173,-0.004797,0.0000,0.6877,7155.5,0.1591,3,0
36.5509,0.488862,59.986170,-0.004802,0.0000,0.6877,7162.1,0.1594,3,0
36.5681,0.488862,59.986168,-0.004806,0.0000,0.6881,7171.6,0.1595,3,0
36.5831,0.488862,59.986166,-0.004811,0.0000,0.6884,7143.4,0.1596,3,0
36.5934,0.488862,59.986164,-0.004816,0.0000,0.6884,7164.5,0.1597,3,0
36.6098,0.488862,59.986162,-0.004821,0.0000,0.6884,7174.9,0.1600,3,0
36.6256,0.489826,59.986160,-0.004826,0.0000,0.6881,7183.9,0.1602,3,0
36.6399,0.489826,59.986158,-0.004830,0.0000,0.6877,7143.5,0.1601,3,0
36.6510,0.489826,59.986156,-0.004835,0.0000,0.6881,7174.9,0.1596,3,0
36.6652,0.489826,59.986154,-0.004840,0.0000,0.6884,7188.9,0.1587,3,0
36.6794,0.489826,59.986152,-0.004845,0.0000,0.6884,7165.0,0.1576,3,0
36.6923,0.489826,59.986150,-0.004850,0.0000,0.6884,7179.7,0.1564,3,0
36.7079,0.489826,59.986148,-0.004855,0.0000,0.6884,7192.5,0.1551,3,0
36.7259,0.489826,59.986146,-0.004860,0.0000,0.6884,7199.4,0.1532,3,0
36.7438,0.489826,59.986144,-0.004865,0.0000,0.6881,7201.0,0.1510,3,0
36.7621,0.489826,59.986142,-0.004870,0.0000,0.6877,7204.1,0.1485,3,0
36.7814,0.490804,59.986140,-0.004875,0.0000,0.6877,7202.7,0.1460,3,0
36.8010,0.490804,59.986138,-0.004880,0.0000,0.6877,7200.4,0.1434,3,0
36.8190,0.490804,59.986136,-0.004885,0.0000,0.6881,7203.0,0.1404,3,0
36.8368,0.490804,59.986134,-0.004890,0.0000,0.6884,7204.9,0.1372,3,0
36.8555,0.490804,59.986132,-0.004895,0.0000,0.6881,7198.9,0.1339,3,0
36.8729,0.490804,59.986130,-0.004900,0.0000,0.6877,7199.0,0.1306,3,0
36.8905,0.490804,59.986128,-0.004905,0.0000,0.6894,7200.7,0.1276,3,0
36.9094,0.490804,59.986126,-0.004911,0.0000,0.6912,7203.8,0.1242,3,0
36.9295,0.490804,59.986124,-0.004916,0.0000,0.6960,7200.6,0.1210,3,0
36.9494,0.490804,59.986122,-0.004921,0.0000,0.7009,7205.1,0.1176,3,0
36.9667,0.491707,59.986120,-0.004926,0.0000,0.7097,7217.4,0.1146,3,0
36.9890,0.491707,59.986118,-0.004932,0.0000,0.7185,7219.5,0.1122,3,0
37.0139,0.491707,59.986116,-0.004937,0.0000,0.7258,7211.7,0.1105,3,0
37.0390,0.491707,59.986114,-0.004942,0.0000,0.7331,7207.7,0.1091,3,0
37.0608,0.491707,59.986112,-0.004947,0.0000,0.7438,7216.7,0.1084,3,0
37.0838,0.491707,59.986110,-0.004953,0.0000,0.7545,7223.2,0.1081,3,0
37.1072,0.491707,59.986108,-0.004958,0.0000,0.7669,7228.8,0.1085,3,0
37.1316,0.491707,59.986106,-0.004964,0.0000,0.7792,7233.3,0.1095,3,0
37.1561,0.491707,59.986104,-0.004969,0.0000,0.7923,7240.2,0.1105,3,0
37.1798,0.491707,59.986102,-0.004975,0.0000,0.8054,7253.4,0.1113,3,0
37.2035,0.492694,59.986100,-0.004980,0.0000,0.8180,7270.5,0.1117,3,0
37.2284,0.492694,59.986098,-0.004986,0.0000,0.8306,7286.5,0.1116,3,0
37.2553,0.492694,59.986096,-0.004991,0.0000,0.8427,7299.7,0.1112,3,0
37.2854,0.492694,59.986094,-0.004997,0.0000,0.8547,7303.2,0.1109,3,0
37.3158,0.492694,59.986092,-0.005002,0.0000,0.8683,7306.4,0.1100,3,0
37.3477,0.492694,59.986090,-0.005008,0.0000,0.8819,7308.8,0.1087,3,0
37.3799,0.492694,59.986088,-0.005013,0.0000,0.8950,7310.6,0.1071,3,0
37.4110,0.492694,59.986087,-0.005019,0.0000,0.9081,7322.1,0.1053,3,0
37.4446,0.492694,59.986085,-0.005025,0.0000,0.9166,7328.3,0.1038,3,0
37.4782,0.492694,59.986083,-0.005031,0.0000,0.9252,7339.0,0.1018,3,0
37.5132,0.493678,59.986081,-0.005036,0.0000,0.9361,7351.7,0.1000,3,0
37.5467,0.493678,59.986080,-0.005042,0.0000,0.9471,7365.1,0.0983,3,0
37.5816,0.493678,59.986078,-0.005048,0.0000,0.9561,7356.0,0.0968,3,0
37.6122,0.493678,59.986076,-0.005054,0.0000,0.9651,7342.2,0.0958,3,0
37.6462,0.493678,59.986075,-0.005059,0.0000,0.9732,7360.2,0.0952,3,0
37.6821,0.493678,59.986073,-0.005065,0.0000,0.9813,7372.0,0.0948,3,0
37.7201,0.493678,59.986071,-0.005071,0.0000,0.9885,7377.1,0.0946,3,0
37.7588,0.493678,59.986070,-0.005077,0.0000,0.9957,7378.5,0.0946,3,0
37.7968,0.493678,59.986068,-0.005083,0.0000,0.9979,7379.8,0.0949,3,0
37.8368,0.493678,59.986067,-0.005089,0.0000,1.0000,7374.0,0.0952,3,0
37.8760,0.494659,59.986065,-0.005095,0.0000,1.0000,7369.2,0.0955,3,0
37.9150,0.494659,59.986063,-0.005101,0.0000,1.0000,7368.4,0.0956,3,0
37.9521,0.494659,59.986062,-0.005106,0.0000,1.0000,7376.4,0.0956,3,0
37.9885,0.494659,59.986060,-0.005112,0.0000,1.0000,7382.4,0.0951,3,0
38.0278,0.494659,59.986059,-0.005118,0.0000,1.0000,7382.3,0.0944,3,0
38.0672,0.494659,59.986057,-0.005124,0.0000,1.0000,7381.9,0.0936,3,0
38.1049,0.494659,59.986055,-0.005130,0.0000,1.0000,7388.7,0.0922,3,0
38.1432,0.494659,59.986054,-0.005137,0.0000,1.0000,7395.4,0.0903,3,0
38.1810,0.494659,59.986052,-0.005143,0.0000,1.0000,7399.6,0.0879,3,0
38.2184,0.494659,59.986051,-0.005149,0.0000,1.0000,7405.3,0.0849,3,0
38.2572,0.495642,59.986050,-0.005155,0.0000,1.0000,7410.1,0.0817,3,0
38.2955,0.495642,59.986048,-0.005161,0.0000,1.0000,7413.1,0.0782,3,0
38.3343,0.495642,59.986047,-0.005167,0.0000,1.0000,7414.6,0.0743,3,0
38.3731,0.495642,59.986045,-0.005173,0.0000,1.0000,7415.3,0.0703,3,0
38.4113,0.495642,59.986044,-0.005179,0.0000,1.0000,7419.4,0.0662,3,0
38.4489,0.495642,59.986042,-0.005186,0.0000,1.0000,7424.3,0.0625,3,0
38.4888,0.495642,59.986040,-0.005192,0.0000,1.0000,7424.1,0.0590,3,0
38.5285,0.495642,59.986039,-0.005198,0.0000,1.0000,7424.7,0.0558,3,0
38.5666,0.495642,59.986038,-0.005204,0.0000,1.0000,7430.1,0.0530,3,0
38.6044,0.495642,59.986036,-0.005211,0.0000,1.0000,7434.7,0.0506,3,0
38.6437,0.496578,59.986035,-0.005217,0.0000,1.0000,7435.6,0.0490,3,0
38.6845,0.496578,59.986033,-0.005223,0.0000,1.0000,7434.8,0.0483,3,0
38.7254,0.496578,59.986032,-0.005230,0.0000,1.0000,7432.9,0.0483,3,0
38.7652,0.496578,59.986030,-0.005236,0.0000,1.0000,7434.5,0.0490,3,0
38.8050,0.496578,59.986029,-0.005242,0.0000,1.0000,7435.2,0.0503,3,0
38.8436,0.496578,59.986027,-0.005248,0.0000,1.0000,7442.4,0.0523,3,0
38.8830,0.496578,59.986025,-0.005255,0.0000,1.0000,7449.9,0.0549,3,0
38.9219,0.496578,59.986024,-0.005261,0.0000,1.0000,7459.0,0.0581,3,0
38.9624,0.496578,59.986022,-0.005268,0.0000,1.0000,7461.7,0.0615,3,0
39.0054,0.496578,59.986020,-0.005274,0.0000,1.0000,7449.1,0.0652,3,0
39.0500,0.497562,59.986019,-0.005281,0.0000,1.0000,7430.3,0.0691,3,0
39.0940,0.497562,59.986017,-0.005287,0.0000,1.0000,7414.3,0.0732,3,0
39.1398,0.497562,59.986015,-0.005294,0.0000,1.0000,7395.0,0.0776,3,0
39.1840,0.497562,59.986013,-0.005300,0.0000,1.0000,7380.0,0.0819,3,0
39.2218,0.497562,59.986012,-0.005307,0.0000,1.0000,7388.7,0.0861,3,0
39.2580,0.497562,59.986010,-0.005313,0.0000,1.0000,7403.5,0.0902,3,0
39.2976,0.497562,59.986009,-0.005320,0.0000,1.0000,7402.8,0.0943,3,0
39.3376,0.497562,59.986008,-0.005326,0.0000,1.0000,7402.7,0.0985,3,0
39.3763,0.497562,59.986007,-0.005333,0.0000,1.0000,7410.2,0.1025,3,0
39.4131,0.497562,59.986006,-0.005339,0.0000,1.0000,7420.3,0.1062,3,0
39.4467,0.498534,59.986005,-0.005346,0.0000,1.0000,7443.2,0.1095,3,0
39.4830,0.498534,59.986004,-0.005352,0.0000,1.0000,7453.4,0.1125,3,0
39.5222,0.498534,59.986003,-0.005359,0.0000,1.0000,7452.4,0.1153,3,0
39.5600,0.498534,59.986002,-0.005366,0.0000,1.0000,7456.7,0.1178,3,0
39.5973,0.498534,59.986001,-0.005372,0.0000,1.0000,7465.9,0.1199,3,0
39.6310,0.498534,59.986000,-0.005379,0.0000,1.0000,7484.9,0.1216,3,0
39.6650,0.498534,59.985999,-0.005385,0.0000,1.0000,7502.1,0.1229,3,0
39.7014,0.498534,59.985998,-0.005392,0.0000,1.0000,7508.1,0.1239,3,0
39.7387,0.498534,59.985997,-0.005399,0.0000,1.0000,7516.9,0.1248,3,0
39.7738,0.498534,59.985996,-0.005406,0.0000,1.0000,7527.5,0.1253,3,0
39.8088,0.499492,59.985995,-0.005412,0.0000,1.0000,7541.5,0.1255,3,0
39.8415,0.499492,59.985994,-0.005419,0.0000,1.0000,7562.2,0.1256,3,0
39.8730,0.499492,59.985993,-0.005426,0.0000,1.0000,7584.5,0.1257,3,0
39.9024,0.499492,59.985992,-0.005432,0.0000,1.0000,7621.0,0.1259,3,0
39.9296,0.499492,59.985991,-0.005439,0.0000,1.0000,7666.7,0.1262,3,0
39.9609,0.499492,59.985990,-0.005446,0.0000,1.0000,7692.2,0.1264,3,0
39.9927,0.499492,59.985989,-0.005453,0.0000,1.0000,7716.0,0.1266,3,0
40.0251,0.499492,59.985987,-0.005460,0.0000,1.0000,7733.7,0.1270,3,0
40.0592,0.499492,59.985986,-0.005466,0.0000,1.0000,7746.8,0.1274,3,0
40.0947,0.499492,59.985985,-0.005473,0.0000,1.0000,7755.9,0.1279,3,0
40.1292,0.500447,59.985984,-0.005480,0.0000,1.0000,7770.1,0.1282,3,0
40.1639,0.500447,59.985982,-0.005487,0.0000,1.0000,7781.2,0.1284,3,0
40.1968,0.500447,59.985981,-0.005494,0.0000,1.0000,7794.4,0.1284,3,0
40.2296,0.500447,59.985980,-0.005501,0.0000,1.0000,7809.2,0.1283,3,0
40.2627,0.500447,59.985978,-0.005507,0.0000,1.0000,7821.9,0.1279,3,0
40.2976,0.500447,59.985977,-0.005514,0.0000,1.0000,7828.0,0.1271,3,0
40.3300,0.500447,59.985976,-0.005521,0.0000,1.0000,7843.5,0.1257,3,0
40.3614,0.500447,59.985975,-0.005528,0.0000,1.0000,7860.3,0.1236,3,0
40.3942,0.500447,59.985974,-0.005535,0.0000,1.0000,7866.8,0.1208,3,0
40.4233,0.500447,59.985973,-0.005542,0.0000,1.0000,7889.7,0.1170,3,0
40.4542,0.501415,59.985971,-0.005549,0.0000,1.0000,7907.1,0.1122,3,0
40.4853,0.501415,59.985970,-0.005556,0.0000,1.0000,7923.7,0.1064,3,0
40.5144,0.501415,59.985969,-0.005563,0.0000,1.0000,7943.0,0.0998,3,0
40.5447,0.501415,59.985968,-0.005570,0.0000,1.0000,7957.9,0.0925,3,0
40.5730,0.501415,59.985967,-0.005577,0.0000,1.0000,7905.5,0.0845,3,0
40.5997,0.501415,59.985966,-0.005584,0.0000,1.0000,7939.4,0.0759,3,0
40.6285,0.501415,59.985965,-0.005591,0.0000,1.0000,7968.8,0.0668,3,0
40.6564,0.501415,59.985965,-0.005598,0.0000,1.0000,7938.7,0.0575,3,0
40.6811,0.501415,59.985964,-0.005605,0.0000,1.0000,7963.1,0.0479,3,0
40.7077,0.501415,59.985964,-0.005612,0.0000,1.0000,7972.6,0.0384,3,0
40.7336,0.502393,59.985963,-0.005619,0.0000,1.0000,7957.6,0.0286,3,0
40.7586,0.502393,59.985962,-0.005626,0.0000,1.0000,7993.9,0.0192,3,0
40.7846,0.502393,59.985962,-0.005633,0.0000,1.0000,7967.9,0.0102,3,0
40.8078,0.502393,59.985961,-0.005640,0.0000,1.0000,7997.7,0.0022,3,0
40.8326,0.502393,59.985961,-0.005647,0.0000,1.0000,7978.9,-0.0044,3,0
40.8581,0.502393,59.985960,-0.005654,0.0000,1.0000,7997.8,-0.0096,3,0
40.8854,0.502393,59.985959,-0.005662,0.0000,1.0000,8002.6,-0.0134,3,0
40.9100,0.502393,59.985958,-0.005669,0.0000,1.0000,7989.0,-0.0156,3,0
40.9347,0.502393,59.985957,-0.005676,0.0000,1.0000,8024.9,-0.0164,3,0
40.9628,0.502393,59.985956,-0.005683,0.0000,1.0000,7994.7,-0.0159,3,0
40.9896,0.503380,59.985955,-0.005690,0.0000,1.0000,8011.0,-0.0144,3,0
41.0171,0.503380,59.985954,-0.005698,0.0000,1.0000,8037.6,-0.0120,3,0
41.0466,0.503380,59.985953,-0.005705,0.0000,1.0000,8031.8,-0.0091,3,0
41.0740,0.503380,59.985952,-0.005712,0.0000,1.0000,8008.7,-0.0056,3,0
41.1014,0.503380,59.985951,-0.005719,0.0000,1.0000,8036.9,-0.0016,3,0
41.1317,0.503380,59.985950,-0.005726,0.0000,1.0000,8053.7,0.0025,3,0
41.1637,0.503380,59.985949,-0.005734,0.0000,1.0000,8064.1,0.0067,3,0
41.1963,0.503380,59.985949,-0.005741,0.0000,1.0000,8068.8,0.0108,3,0
41.2286,0.503380,59.985948,-0.005748,0.0000,1.0000,8075.4,0.0146,3,0
41.2628,0.503380,59.985947,-0.005755,0.0000,1.0000,8076.2,0.0180,3,0
41.2954,0.504375,59.985946,-0.005763,0.0000,1.0000,8078.9,0.0207,3,0
41.3299,0.504375,59.985946,-0.005770,0.0000,1.0000,8079.3,0.0226,3,0
41.3624,0.504375,59.985945,-0.005777,0.0000,1.0000,8087.3,0.0234,3,0
41.3950,0.504375,59.985944,-0.005784,0.0000,1.0000,8091.6,0.0233,3,0
41.4292,0.504375,59.985944,-0.005792,0.0000,1.0000,8093.5,0.0222,3,0
41.4628,0.504375,59.985943,-0.005799,0.0000,1.0000,8094.8,0.0201,3,0
41.4972,0.504375,59.985943,-0.005806,0.0000,1.0000,8096.8,0.0171,3,0
41.5298,0.504375,59.985942,-0.005814,0.0000,1.0000,8105.4,0.0134,3,0
41.5624,0.504375,59.985942,-0.005821,0.0000,1.0000,8112.6,0.0090,3,0
41.5959,0.504375,59.985942,-0.005829,0.0000,1.0000,8118.3,0.0041,3,0
41.6310,0.505379,59.985941,-0.005836,0.0000,1.0000,8118.8,-0.0013,3,0
41.6664,0.505379,59.985941,-0.005843,0.0000,1.0000,8116.9,-0.0067,3,0
41.6986,0.505379,59.985941,-0.005851,0.0000,1.0000,8125.0,-0.0121,3,0
41.7321,0.505379,59.985941,-0.005858,0.0000,1.0000,8131.0,-0.0173,3,0
41.7683,0.505379,59.985940,-0.005865,0.0000,1.0000,8128.4,-0.0219,3,0
41.8066,0.505379,59.985940,-0.005873,0.0000,1.0000,8115.7,-0.0258,3,0
41.8419,0.505379,59.985940,-0.005880,0.0000,1.0000,8113.8,-0.0289,3,0
41.8778,0.505379,59.985939,-0.005888,0.0000,1.0000,8109.4,-0.0310,3,0
41.9146,0.505379,59.985938,-0.005895,0.0000,1.0000,8102.7,-0.0321,3,0
41.9513,0.505379,59.985938,-0.005903,0.0000,1.0000,8097.9,-0.0323,3,0
41.9881,0.506403,59.985937,-0.005910,0.0000,1.0000,8093.4,-0.0319,3,0
42.0251,0.506403,59.985937,-0.005918,0.0000,1.0000,8087.6,-0.0309,3,0
42.0631,0.506403,59.985937,-0.005925,0.0000,1.0000,8076.2,-0.0294,3,0
42.1010,0.506403,59.985936,-0.005933,0.0000,1.0000,8071.1,-0.0276,3,0
42.1387,0.506403,59.985935,-0.005940,0.0000,1.0000,8066.9,-0.0256,3,0
42.1770,0.506403,59.985935,-0.005947,0.0000,1.0000,8063.5,-0.0235,3,0
42.2145,0.506403,59.985934,-0.005955,0.0000,1.0000,8062.8,-0.0213,3,0
42.2547,0.506403,59.985934,-0.005963,0.0000,1.0000,8051.0,-0.0190,3,0
42.2920,0.506403,59.985934,-0.005970,0.0000,1.0000,8055.0,-0.0164,3,0
42.3311,0.506403,59.985933,-0.005978,0.0000,1.0000,8053.3,-0.0136,3,0
42.3700,0.507432,59.985933,-0.005985,0.0000,1.0000,8052.9,-0.0105,3,0
42.4132,0.507432,59.985932,-0.005993,0.0000,1.0000,8032.9,-0.0070,3,0
42.4549,0.507432,59.985931,-0.006000,0.0000,1.0000,8017.9,-0.0033,3,0
42.4960,0.507432,59.985931,-0.006008,0.0000,1.0000,8007.5,0.0007,3,0
42.5368,0.507432,59.985931,-0.006015,0.0000,1.0000,7999.0,0.0048,3,0
42.5743,0.507432,59.985930,-0.006023,0.0000,1.0000,8003.0,0.0089,3,0
42.6108,0.507432,59.985930,-0.006031,0.0000,1.0000,8011.2,0.0130,3,0
42.6456,0.507432,59.985930,-0.006038,0.0000,1.0000,8025.6,0.0169,3,0
42.6804,0.507432,59.985929,-0.006046,0.0000,1.0000,8042.5,0.0206,3,0
42.7157,0.507432,59.985929,-0.006053,0.0000,1.0000,8055.0,0.0240,3,0
42.7527,0.508473,59.985929,-0.006061,0.0000,1.0000,8058.1,0.0273,3,0
42.7897,0.508473,59.985929,-0.006069,0.0000,1.0000,8060.7,0.0303,3,0
42.8259,0.508473,59.985929,-0.006076,0.0000,1.0000,8066.9,0.0330,3,0
42.8625,0.508473,59.985928,-0.006084,0.0000,1.0000,8071.4,0.0353,3,0
42.9001,0.508473,59.985928,-0.006092,0.0173,1.0000,8062.3,0.0374,3,0
42.9361,0.508473,59.985928,-0.006099,0.0345,1.0000,8046.7,0.0391,3,0
42.9641,0.508473,59.985928,-0.006107,0.0638,0.9664,8043.3,0.0405,3,0
42.9839,0.508473,59.985927,-0.006115,0.0932,0.9329,8037.0,0.0414,3,0
42.9992,0.508473,59.985927,-0.006122,0.1151,0.8844,8010.1,0.0419,3,0
43.0054,0.508473,59.985926,-0.006130,0.1370,0.8359,7989.0,0.0419,3,0
42.9977,0.509525,59.985926,-0.006138,0.1693,0.7462,7967.6,0.0414,3,0
42.9780,0.509525,59.985926,-0.006145,0.2017,0.6565,7947.9,0.0406,3,0
42.9474,0.509525,59.985925,-0.006153,0.2291,0.5606,7921.4,0.0394,3,0
42.9064,0.509525,59.985925,-0.006161,0.2566,0.4647,7889.2,0.0381,3,0
42.8515,0.509525,59.985924,-0.006168,0.2970,0.3789,7859.2,0.0365,3,0
42.7855,0.509525,59.985924,-0.006176,0.3374,0.2931,7831.7,0.0348,3,0
42.7061,0.509525,59.985924,-0.006184,0.3831,0.2285,7799.7,0.0329,3,0
42.6131,0.509525,59.985923,-0.006191,0.4288,0.1638,7764.1,0.0310,3,0
42.5084,0.509525,59.985923,-0.006199,0.4564,0.1305,7724.8,0.0293,3,0
42.3942,0.509525,59.985922,-0.006207,0.4839,0.0972,7692.5,0.0277,3,0
42.2719,0.510571,59.985922,-0.006214,0.5159,0.0675,7656.3,0.0263,3,0
42.1421,0.510571,59.985922,-0.006222,0.5479,0.0379,7624.3,0.0251,3,0
42.0096,0.510571,59.985921,-0.006230,0.5694,0.0224,7583.2,0.0240,3,0
41.8722,0.510571,59.985921,-0.006237,0.5909,0.0070,7544.6,0.0232,3,0
41.7310,0.510571,59.985920,-0.006245,0.6145,0.0035,7507.8,0.0225,3,0
41.5848,0.510571,59.985920,-0.006252,0.6380,0.0000,7471.0,0.0220,3,0
41.4346,0.510571,59.985920,-0.006260,0.6598,0.0000,7431.4,0.0216,3,0
41.2833,0.510571,59.985920,-0.006267,0.6817,0.0000,7382.4,0.0214,3,0
41.1308,0.510571,59.985920,-0.006275,0.6962,0.0000,7344.5,0.0213,3,0
40.9704,0.510571,59.985920,-0.006282,0.7108,0.0000,7332.3,0.0211,3,0
40.8106,0.511589,59.985920,-0.006290,0.7254,0.0000,7289.5,0.0210,3,0
40.6468,0.511589,59.985920,-0.006297,0.7400,0.0000,7230.4,0.0208,3,0
40.4831,0.511589,59.985920,-0.006304,0.7482,0.0000,7239.7,0.0207,3,0
40.3204,0.511589,59.985920,-0.006312,0.7564,0.0000,7222.0,0.0207,3,0
40.1550,0.511589,59.985920,-0.006319,0.7697,0.0000,7162.4,0.0206,3,0
39.9881,0.511589,59.985920,-0.006327,0.7830,0.0000,7114.6,0.0206,3,0
39.8184,0.511589,59.985920,-0.006334,0.7970,0.0000,7077.2,0.0210,3,0
39.6479,0.511589,59.985919,-0.006341,0.8111,0.0000,7063.7,0.0215,3,0
39.4779,0.511589,59.985919,-0.006348,0.8154,0.0000,7010.8,0.0223,3,0
39.3091,0.511589,59.985918,-0.006355,0.8197,0.0000,7016.7,0.0233,3,0
39.1424,0.512565,59.985918,-0.006362,0.8254,0.0000,6987.8,0.0246,3,0
38.9720,0.512565,59.985918,-0.006370,0.8311,0.0000,6927.7,0.0264,3,0
38.8047,0.512565,59.985917,-0.006377,0.8280,0.0000,7168.2,0.0275,3,0
38.6386,0.512565,59.985917,-0.006384,0.8248,0.0000,7709.4,0.0288,3,0
38.4795,0.512565,59.985916,-0.006391,0.8257,0.0000,8234.0,0.0313,3,0
38.3148,0.512565,59.985916,-0.006398,0.8265,0.0000,8432.2,0.0323,3,0
38.1523,0.512565,59.985916,-0.006405,0.8278,0.0000,8410.8,0.0329,2,0
37.9914,0.512565,59.985916,-0.006412,0.8292,0.0000,8343.5,0.0339,2,0
37.8272,0.512565,59.985916,-0.006419,0.8306,0.0000,8312.6,0.0356,2,0
37.6629,0.512565,59.985916,-0.006425,0.8321,0.0000,8259.6,0.0373,2,0
37.5017,0.513502,59.985916,-0.006432,0.8364,0.0000,8255.1,0.0386,2,0
37.3446,0.513502,59.985916,-0.006439,0.8407,0.0000,8211.0,0.0407,2,0
37.1873,0.513502,59.985916,-0.006446,0.8391,0.0000,8136.9,0.0439,2,0
37.0295,0.513502,59.985916,-0.006453,0.8375,0.0000,8072.9,0.0451,2,0
36.8728,0.513502,59.985916,-0.006460,0.8437,0.0000,8087.9,0.0473,2,0
36.7115,0.513502,59.985916,-0.006467,0.8499,0.0000,8027.2,0.0497,2,0
36.5542,0.513502,59.985916,-0.006473,0.8511,0.0000,7959.0,0.0516,2,0
36.3979,0.513502,59.985915,-0.006480,0.8524,0.0000,7960.7,0.0524,2,0
36.2357,0.513502,59.985915,-0.006486,0.8512,0.0000,7967.9,0.0538,2,0
36.0702,0.513502,59.985914,-0.006493,0.8500,0.0000,7925.0,0.0551,2,0
35.9005,0.514402,59.985914,-0.006499,0.8495,0.0000,7839.4,0.0556,2,0
35.7369,0.514402,59.985914,-0.006506,0.8490,0.0000,7791.2,0.0562,2,0
35.5728,0.514402,59.985913,-0.006512,0.8448,0.0000,7774.5,0.0569,2,0
35.4086,0.514402,59.985913,-0.006519,0.8407,0.0000,7762.9,0.0570,2,0
35.2429,0.514402,59.985912,-0.006526,0.8448,0.0000,7716.9,0.0558,2,0
35.0759,0.514402,59.985912,-0.006532,0.8490,0.0000,7661.1,0.0549,2,0
34.9115,0.514402,59.985912,-0.006538,0.8485,0.0000,7587.6,0.0543,2,0
34.7462,0.514402,59.985912,-0.006545,0.8480,0.0000,7596.9,0.0542,2,0
34.5802,0.514402,59.985912,-0.006551,0.8443,0.0000,7603.7,0.0535,2,0
34.4155,0.514402,59.985912,-0.006557,0.8407,0.0000,7633.0,0.0530,2,0
34.2528,0.515259,59.985912,-0.006564,0.8387,0.0000,7560.6,0.0532,2,0
34.0876,0.515259,59.985912,-0.006570,0.8368,0.0000,7485.9,0.0530,2,0
33.9247,0.515259,59.985912,-0.006576,0.8363,0.0000,7482.2,0.0528,2,0
33.7597,0.515259,59.985912,-0.006582,0.8358,0.0000,7429.9,0.0535,2,0
33.5943,0.515259,59.985912,-0.006589,0.8376,0.0000,7403.3,0.0550,2,0
33.4307,0.515259,59.985912,-0.006595,0.8394,0.0000,7366.2,0.0559,2,0
33.2678,0.515259,59.985912,-0.006601,0.8405,0.0000,7322.7,0.0573,2,0
33.1038,0.515259,59.985912,-0.006607,0.8416,0.0000,7293.3,0.0592,2,0
32.9393,0.515259,59.985912,-0.006613,0.8382,0.0000,7259.1,0.0610,2,0
32.7769,0.515259,59.985912,-0.006619,0.8348,0.0000,7223.1,0.0634,2,0
32.6247,0.516076,59.985912,-0.006625,0.8337,0.0000,7161.8,0.0673,2,0
32.4638,0.516076,59.985912,-0.006631,0.8326,0.0000,7165.5,0.0692,2,0
32.3040,0.516076,59.985912,-0.006637,0.8324,0.0000,7111.6,0.0719,2,0
32.1463,0.516076,59.985912,-0.006643,0.8321,0.0000,7366.6,0.0751,2,0
31.9856,0.516076,59.985912,-0.006649,0.8334,0.0000,7903.1,0.0782,2,0
31.8281,0.516076,59.985912,-0.006655,0.8347,0.0000,8420.2,0.0817,2,0
31.6708,0.516076,59.985912,-0.006660,0.8361,0.0000,8904.4,0.0851,2,0
31.5124,0.516076,59.985912,-0.006666,0.8375,0.0000,8970.8,0.0882,2,0
31.3624,0.516076,59.985912,-0.006672,0.8327,0.0000,8951.8,0.0924,1,0
31.2121,0.516076,59.985912,-0.006677,0.8280,0.0000,8844.6,0.0956,1,0
31.0635,0.516851,59.985912,-0.006683,0.8283,0.0000,8792.3,0.0995,1,0
30.9113,0.516851,59.985912,-0.006689,0.8287,0.0000,8734.9,0.1027,1,0
30.7581,0.516851,59.985912,-0.006694,0.8254,0.0000,8694.9,0.1069,1,0
30.6103,0.516851,59.985912,-0.006700,0.8221,0.0000,8640.1,0.1102,1,0
30.4639,0.516851,59.985912,-0.006706,0.8204,0.0000,8637.3,0.1155,1,0
30.3175,0.516851,59.985912,-0.006712,0.8187,0.0000,8568.1,0.1204,1,0
30.1754,0.516851,59.985912,-0.006717,0.8212,0.0000,8516.8,0.1242,1,0
30.0400,0.516851,59.985912,-0.006722,0.8238,0.0000,8452.6,0.1296,1,0
29.9114,0.516851,59.985912,-0.006728,0.8197,0.0000,8454.2,0.1347,1,0
29.7734,0.516851,59.985912,-0.006733,0.8155,0.0000,8445.2,0.1360,1,0
29.6380,0.517590,59.985912,-0.006739,0.8169,0.0000,8399.2,0.1408,1,0
29.5024,0.517590,59.985912,-0.006744,0.8182,0.0000,8334.4,0.1440,1,0
29.3662,0.517590,59.985912,-0.006750,0.8127,0.0000,8316.4,0.1472,1,0
29.2302,0.517590,59.985912,-0.006755,0.8073,0.0000,8243.0,0.1529,1,0
29.0975,0.517590,59.985912,-0.006760,0.8059,0.0000,8220.5,0.1541,1,0
28.9658,0.517590,59.985912,-0.006766,0.8045,0.0000,8181.4,0.1584,1,0
28.8282,0.517590,59.985912,-0.006771,0.7995,0.0000,8208.8,0.1619,1,0
28.6975,0.517590,59.985913,-0.006776,0.7945,0.0000,8157.0,0.1637,1,0
28.5653,0.517590,59.985913,-0.006781,0.7887,0.0000,8090.0,0.1683,1,0
28.4280,0.517590,59.985914,-0.006786,0.7830,0.0000,8072.3,0.1709,1,0
28.2933,0.518295,59.985914,-0.006792,0.7779,0.0000,8022.2,0.1760,1,0
28.1631,0.518295,59.985914,-0.006797,0.7727,0.0000,7990.9,0.1778,1,0
28.0307,0.518295,59.985915,-0.006802,0.7583,0.0000,7931.2,0.1792,1,0
27.8962,0.518295,59.985915,-0.006807,0.7439,0.0000,7913.6,0.1823,1,0
27.7543,0.518295,59.985916,-0.006812,0.7330,0.0000,7869.4,0.1820,1,0
27.6168,0.518295,59.985916,-0.006818,0.7221,0.0000,7859.0,0.1836,1,0
27.4805,0.518295,59.985916,-0.006822,0.7145,0.0000,7815.3,0.1838,1,0
27.3421,0.518295,59.985916,-0.006827,0.7068,0.0000,7810.3,0.1857,1,0
27.2068,0.518295,59.985916,-0.006832,0.6925,0.0000,7768.9,0.1861,1,0
27.0787,0.518295,59.985916,-0.006837,0.6782,0.0000,7726.4,0.1868,1,0
26.9481,0.518963,59.985916,-0.006842,0.6627,0.0000,7708.0,0.1860,1,0
26.8201,0.518963,59.985916,-0.006847,0.6472,0.0000,7687.3,0.1859,1,0
26.6946,0.518963,59.985916,-0.006852,0.6289,0.0000,7633.6,0.1844,1,0
26.5705,0.518963,59.985916,-0.006857,0.6107,0.0000,7613.8,0.1834,1,0
26.4497,0.518963,59.985916,-0.006862,0.5918,0.0000,7577.9,0.1822,1,0
26.3324,0.518963,59.985916,-0.006867,0.5728,0.0000,7553.5,0.1817,1,0
26.2172,0.518963,59.985916,-0.006872,0.5582,0.0000,7522.7,0.1814,1,0
26.1028,0.518963,59.985917,-0.006876,0.5435,0.0000,7490.5,0.1809,1,0
25.9934,0.518963,59.985917,-0.006881,0.5264,0.0000,7478.8,0.1806,1,0
25.8851,0.518963,59.985918,-0.006886,0.5093,0.0000,7459.9,0.1808,1,0
25.7783,0.519601,59.985918,-0.006890,0.4947,0.0000,7431.0,0.1810,1,0
25.6787,0.519601,59.985918,-0.006895,0.4800,0.0000,7393.6,0.1818,1,0
25.5738,0.519601,59.985919,-0.006900,0.4660,0.0000,7372.6,0.1823,1,0
25.4736,0.519601,59.985919,-0.006904,0.4519,0.0000,7346.9,0.1839,1,0
25.3758,0.519601,59.985920,-0.006909,0.4381,0.0000,7330.5,0.1863,1,0
25.2808,0.519601,59.985920,-0.006914,0.4243,0.0000,7286.0,0.1882,1,0
25.1826,0.519601,59.985920,-0.006918,0.4121,0.0000,7273.1,0.1903,1,0
25.0888,0.519601,59.985920,-0.006923,0.3999,0.0000,7265.2,0.1924,1,0
25.0041,0.519601,59.985920,-0.006927,0.3828,0.0000,7226.7,0.1949,1,0
24.9161,0.519601,59.985920,-0.006932,0.3657,0.0000,7195.8,0.1966,1,0
24.8301,0.520205,59.985920,-0.006936,0.3514,0.0000,7167.2,0.1986,1,0
24.7449,0.520205,59.985920,-0.006941,0.3371,0.0000,7144.8,0.2009,1,0
24.6615,0.520205,59.985920,-0.006945,0.3160,0.0000,7125.5,0.2035,1,0
24.5820,0.520205,59.985920,-0.006950,0.2949,0.0000,7112.3,0.2063,1,0
24.5068,0.520205,59.985920,-0.006954,0.2881,0.0000,7094.8,0.2092,1,0
24.4344,0.520205,59.985920,-0.006959,0.2812,0.0000,7077.1,0.2118,1,0
24.3618,0.520205,59.985921,-0.006963,0.2752,0.0000,7057.9,0.2146,1,0
24.2899,0.520205,59.985922,-0.006967,0.2691,0.0000,7036.9,0.2172,1,0
24.2209,0.520205,59.985922,-0.006971,0.2526,0.0000,7014.2,0.2196,1,0
24.1544,0.520205,59.985923,-0.006976,0.2362,0.0000,6994.9,0.2218,1,0
24.0914,0.520787,59.985924,-0.006980,0.2237,0.0000,6980.7,0.2245,1,0
24.0292,0.520787,59.985925,-0.006984,0.2112,0.0000,6964.8,0.2272,1,0
23.9700,0.520787,59.985926,-0.006989,0.2005,0.0000,6953.1,0.2299,1,0
23.9127,0.520787,59.985926,-0.006993,0.1897,0.0000,6943.3,0.2326,1,0
23.8593,0.520787,59.985927,-0.006997,0.1804,0.0000,6932.8,0.2350,1,0
23.8068,0.520787,59.985928,-0.007002,0.1711,0.0000,6921.4,0.2376,1,0
23.7555,0.520787,59.985928,-0.007006,0.1639,0.0000,6908.4,0.2399,1,0
23.7053,0.520787,59.985928,-0.007010,0.1567,0.0000,6895.1,0.2423,1,0
23.6571,0.520787,59.985929,-0.007014,0.1466,0.0000,6884.3,0.2446,1,0
23.6113,0.520787,59.985929,-0.007018,0.1365,0.0000,6875.9,0.2469,1,0
23.5676,0.521339,59.985929,-0.007022,0.1323,0.0000,6861.5,0.2492,1,0
23.5247,0.521339,59.985929,-0.007026,0.1282,0.0000,6847.8,0.2514,1,0
23.4816,0.521339,59.985929,-0.007031,0.1203,0.0000,6838.9,0.2532,1,0
23.4403,0.521339,59.985930,-0.007035,0.1124,0.0000,6829.2,0.2549,1,0
23.3997,0.521339,59.985930,-0.007039,0.1088,0.0000,6823.2,0.2564,1,0
23.3604,0.521339,59.985930,-0.007043,0.1052,0.0000,6813.1,0.2576,1,0
23.3218,0.521339,59.985931,-0.007047,0.1000,0.0000,6800.2,0.2586,1,0
23.2838,0.521339,59.985931,-0.007051,0.0947,0.0000,6791.0,0.2596,1,0
23.2468,0.521339,59.985931,-0.007055,0.0884,0.0000,6784.5,0.2606,1,0
23.2117,0.521339,59.985932,-0.007059,0.0820,0.0000,6777.3,0.2616,1,0
23.1789,0.521883,59.985933,-0.007063,0.0773,0.0000,6769.2,0.2624,1,0
23.1473,0.521883,59.985933,-0.007067,0.0725,0.0000,6758.9,0.2630,1,0
23.1155,0.521883,59.985934,-0.007071,0.0635,0.0000,6752.5,0.2634,1,0
23.0840,0.521883,59.985934,-0.007075,0.0544,0.0000,6753.1,0.2635,1,0
23.0541,0.521883,59.985934,-0.007079,0.0555,0.0000,6746.2,0.2636,1,0
23.0246,0.521883,59.985935,-0.007083,0.0566,0.0000,6735.0,0.2636,1,0
22.9958,0.521883,59.985936,-0.007087,0.0564,0.0000,6728.9,0.2637,1,0
22.9660,0.521883,59.985937,-0.007091,0.0562,0.0000,6722.9,0.2638,1,0
22.9376,0.521883,59.985937,-0.007095,0.0462,0.0000,6717.7,0.2639,1,0
22.9112,0.521883,59.985938,-0.007099,0.0362,0.0000,6709.7,0.2640,1,0
22.8858,0.522408,59.985939,-0.007103,0.0332,0.0000,6704.4,0.2639,1,0
22.8615,0.522408,59.985940,-0.007106,0.0303,0.0000,6697.3,0.2638,1,0
22.8365,0.522408,59.985941,-0.007110,0.0226,0.0000,6701.7,0.2637,1,0
22.8142,0.522408,59.985941,-0.007114,0.0149,0.0000,6701.9,0.2636,1,0
22.7939,0.522408,59.985942,-0.007118,0.0122,0.0000,6697.3,0.2636,1,0
22.7742,0.522408,59.985943,-0.007122,0.0095,0.0000,6692.3,0.2641,1,0
22.7546,0.522408,59.985944,-0.007126,0.0051,0.0000,6693.3,0.2649,1,0
22.7364,0.522408,59.985944,-0.007129,0.0007,0.0000,6690.9,0.2659,1,0
22.7192,0.522408,59.985945,-0.007133,0.0005,0.0000,6681.8,0.2670,1,0
22.7022,0.522408,59.985946,-0.007137,0.0002,0.0000,6673.0,0.2681,1,0
22.6844,0.522928,59.985946,-0.007141,0.0001,0.0000,6669.1,0.2692,1,0
22.6665,0.522928,59.985947,-0.007144,0.0000,0.0000,6665.6,0.2702,1,0
22.6473,0.522928,59.985948,-0.007148,0.0000,0.0000,6665.8,0.2710,1,0
22.6303,0.522928,59.985949,-0.007152,0.0000,0.0000,6658.6,0.2718,1,0
22.6124,0.522928,59.985949,-0.007156,0.0000,0.0000,6655.2,0.2728,1,0
22.5942,0.522928,59.985950,-0.007159,0.0000,0.0000,6651.7,0.2738,1,0
22.5766,0.522928,59.985951,-0.007163,0.0000,0.0000,6646.8,0.2747,1,0
22.5591,0.522928,59.985952,-0.007167,0.0000,0.0000,6641.1,0.2754,1,0
22.5428,0.522928,59.985954,-0.007170,0.0000,0.0000,6632.5,0.2759,1,0
22.5261,0.522928,59.985955,-0.007174,0.0000,0.0000,6625.2,0.2762,1,0
22.5084,0.523432,59.985956,-0.007178,0.0000,0.0000,6622.1,0.2763,1,0
22.4896,0.523432,59.985957,-0.007181,0.0000,0.0000,6622.7,0.2763,1,0
22.4727,0.523432,59.985958,-0.007185,0.0000,0.0000,6615.9,0.2760,1,0
22.4552,0.523432,59.985960,-0.007188,0.0000,0.0000,6612.3,0.2759,1,0
22.4378,0.523432,59.985961,-0.007192,0.0000,0.0000,6609.0,0.2758,1,0
22.4204,0.523432,59.985962,-0.007196,0.0000,0.0000,6604.9,0.2757,1,0
22.4031,0.523432,59.985963,-0.007199,0.0000,0.0000,6600.3,0.2755,1,0
22.3868,0.523432,59.985964,-0.007202,0.0000,0.0000,6592.7,0.2753,1,0
22.3704,0.523432,59.985965,-0.007206,0.0000,0.0012,6587.3,0.2752,1,0
22.3536,0.523432,59.985966,-0.007209,0.0000,0.0025,6581.6,0.2751,1,0
22.3371,0.524003,59.985968,-0.007213,0.0000,0.0096,6578.4,0.2751,1,0
22.3201,0.524003,59.985969,-0.007216,0.0000,0.0167,6578.9,0.2751,1,0
22.3049,0.524003,59.985970,-0.007220,0.0000,0.0263,6576.5,0.2751,1,0
22.2902,0.524003,59.985971,-0.007223,0.0000,0.0359,6577.7,0.2754,1,0
22.2768,0.524003,59.985972,-0.007227,0.0000,0.0487,6576.3,0.2755,1,0
22.2640,0.524003,59.985973,-0.007230,0.0000,0.0616,6578.9,0.2753,1,0
22.2530,0.524003,59.985974,-0.007233,0.0000,0.0797,6582.7,0.2747,1,0
22.2445,0.524003,59.985975,-0.007237,0.0000,0.0979,6590.2,0.2738,1,0
22.2380,0.524003,59.985977,-0.007240,0.0000,0.1248,6602.4,0.2725,1,0
22.2351,0.524003,59.985978,-0.007243,0.0000,0.1517,6613.8,0.2710,1,0
22.2336,0.524501,59.985979,-0.007247,0.0000,0.1862,6632.3,0.2690,1,0
22.2347,0.524501,59.985980,-0.007250,0.0000,0.2207,6655.9,0.2670,1,0
22.2389,0.524501,59.985981,-0.007253,0.0000,0.2572,6684.3,0.2648,1,0
22.2459,0.524501,59.985983,-0.007257,0.0000,0.2937,6718.0,0.2626,1,0
22.2554,0.524501,59.985984,-0.007260,0.0000,0.3163,6753.0,0.2603,1,0
22.2667,0.524501,59.985985,-0.007263,0.0000,0.3389,6788.5,0.2578,1,0
22.2802,0.524501,59.985986,-0.007266,0.0000,0.3618,6827.8,0.2553,1,0
22.2948,0.524501,59.985987,-0.007270,0.0000,0.3847,6869.0,0.2530,1,0
22.3123,0.524501,59.985988,-0.007273,0.0000,0.4008,6904.4,0.2509,1,0
22.3332,0.524501,59.985989,-0.007276,0.0000,0.4169,6929.5,0.2492,1,0
22.3550,0.525192,59.985990,-0.007279,0.0000,0.4275,6955.9,0.2479,1,0
22.3786,0.525192,59.985992,-0.007282,0.0000,0.4381,6978.5,0.2471,1,0
22.4040,0.525192,59.985993,-0.007286,0.0000,0.4457,6996.6,0.2465,1,0
22.4310,0.525192,59.985994,-0.007289,0.0000,0.4532,7008.6,0.2461,1,0
22.4595,0.525192,59.985995,-0.007292,0.0000,0.4581,7016.3,0.2455,1,0
22.4875,0.525192,59.985996,-0.007295,0.0000,0.4630,7028.3,0.2449,1,0
22.5153,0.525192,59.985997,-0.007298,0.0000,0.4661,7022.3,0.2441,1,0
22.5395,0.525192,59.985998,-0.007301,0.0000,0.4692,7003.6,0.2431,1,0
22.5626,0.525192,59.986000,-0.007304,0.0000,0.4710,7034.3,0.2420,1,0
22.5874,0.525192,59.986001,-0.007307,0.0000,0.4727,7061.8,0.2409,1,0
22.6112,0.525714,59.986002,-0.007310,0.0000,0.4732,7024.0,0.2400,1,0
22.6319,0.525714,59.986003,-0.007313,0.0000,0.4737,7062.2,0.2389,1,0
22.6532,0.525714,59.986004,-0.007317,0.0000,0.4737,7085.3,0.2373,1,0
22.6748,0.525714,59.986006,-0.007320,0.0000,0.4737,7045.4,0.2353,1,0
22.6951,0.525714,59.986007,-0.007323,0.0000,0.4737,7087.7,0.2330,1,0
22.7105,0.525714,59.986008,-0.007326,0.0000,0.4737,7076.0,0.2296,1,0
22.7256,0.525714,59.986010,-0.007329,0.0000,0.4737,7114.1,0.2269,1,0
22.7441,0.525714,59.986011,-0.007332,0.0000,0.4737,7104.3,0.2223,1,0
22.7530,0.525714,59.986013,-0.007335,0.0000,0.4737,7132.4,0.2176,1,0
22.7602,0.525714,59.986014,-0.007338,0.0000,0.4737,7168.2,0.2121,1,0
22.7509,0.526537,59.986016,-0.007341,0.0000,0.4737,7222.4,0.2067,1,0
22.7543,0.526537,59.986017,-0.007344,0.0000,0.4737,7283.8,0.2013,1,0
22.7540,0.526537,59.986019,-0.007346,0.0000,0.4741,7345.2,0.1942,1,0
22.7530,0.526537,59.986020,-0.007349,0.0000,0.4745,7405.3,0.1875,1,0
22.7539,0.526537,59.986021,-0.007352,0.0000,0.4753,7459.6,0.1820,1,0
22.7593,0.526537,59.986023,-0.007355,0.0000,0.4762,7488.1,0.1772,1,0
22.7708,0.526537,59.986025,-0.007358,0.0000,0.4767,7467.1,0.1736,1,0
22.8104,0.526537,59.986026,-0.007361,0.0000,0.4772,7374.8,0.1708,1,0
22.8521,0.526537,59.986028,-0.007364,0.0000,0.4789,7259.6,0.1692,1,0
22.8834,0.526537,59.986030,-0.007367,0.0000,0.4807,7173.2,0.1698,1,0
22.9072,0.527081,59.986032,-0.007369,0.0000,0.4815,7130.7,0.1689,1,0
22.9361,0.527081,59.986033,-0.007372,0.0000,0.4824,7109.8,0.1695,1,0
22.9657,0.527081,59.986035,-0.007375,0.0000,0.4834,7119.4,0.1699,1,0
22.9873,0.527081,59.986037,-0.007378,0.0000,0.4844,7169.3,0.1712,1,0
23.0025,0.527081,59.986038,-0.007381,0.0000,0.4862,7173.5,0.1731,1,0
23.0192,0.527081,59.986040,-0.007383,0.0000,0.4879,7182.3,0.1740,1,0
23.0336,0.527081,59.986041,-0.007386,0.0000,0.4888,7199.9,0.1759,1,0
23.0560,0.527081,59.986043,-0.007389,0.0000,0.4897,7169.7,0.1780,1,0
23.0625,0.527081,59.986044,-0.007391,0.0000,0.4902,7221.3,0.1806,1,0
23.0725,0.527081,59.986045,-0.007394,0.0000,0.4906,7250.8,0.1825,1,0
23.0915,0.527969,59.986047,-0.007397,0.0000,0.4919,7232.0,0.1847,1,0
23.1039,0.527969,59.986048,-0.007399,0.0000,0.4931,7244.9,0.1870,1,0
23.1257,0.527969,59.986049,-0.007402,0.0000,0.4940,7222.1,0.1891,1,0
23.1407,0.527969,59.986050,-0.007405,0.0000,0.4949,7233.4,0.1914,1,0
23.1505,0.527969,59.986052,-0.007407,0.0000,0.4954,7258.1,0.1930,1,0
23.1699,0.527969,59.986053,-0.007410,0.0000,0.4959,7232.3,0.1948,1,0
23.1905,0.527969,59.986055,-0.007412,0.0000,0.4963,7228.3,0.1956,1,0
23.2061,0.527969,59.986056,-0.007415,0.0000,0.4966,7255.1,0.1960,1,0
23.2228,0.527969,59.986058,-0.007417,0.0000,0.4971,7227.0,0.1957,1,0
23.2507,0.527969,59.986060,-0.007420,0.0000,0.4976,7231.3,0.1937,1,0
23.2559,0.528872,59.986061,-0.007422,0.0000,0.4994,7305.2,0.1912,1,0
23.2716,0.528872,59.986063,-0.007425,0.0000,0.5011,7270.6,0.1880,1,0
23.2863,0.528872,59.986065,-0.007428,0.0000,0.5046,7293.6,0.1832,1,0
23.3028,0.528872,59.986067,-0.007430,0.0000,0.5081,7240.3,0.1786,1,0
23.3290,0.528872,59.986068,-0.007433,0.0000,0.5133,7278.5,0.1732,1,0
23.3343,0.528872,59.986070,-0.007435,0.0000,0.5186,7334.4,0.1679,1,0
23.3585,0.528872,59.986072,-0.007437,0.0000,0.5262,7289.9,0.1615,1,0
23.3625,0.528872,59.986074,-0.007440,0.0000,0.5338,7330.3,0.1561,1,0
23.3773,0.528872,59.986075,-0.007442,0.0000,0.5421,7347.2,0.1494,1,0
23.4019,0.528872,59.986077,-0.007444,0.0000,0.5505,7321.5,0.1436,1,0
23.4233,0.529445,59.986079,-0.007447,0.0000,0.5647,7312.0,0.1374,1,0
23.4440,0.529445,59.986081,-0.007449,0.0000,0.5789,7321.2,0.1320,1,0
23.4605,0.529445,59.986083,-0.007452,0.0000,0.5965,7363.8,0.1264,1,0
23.4791,0.529445,59.986084,-0.007454,0.0000,0.6141,7358.8,0.1218,1,0
23.5051,0.529445,59.986086,-0.007456,0.0000,0.6313,7341.3,0.1158,1,0
23.5263,0.529445,59.986088,-0.007459,0.0000,0.6485,7366.9,0.1104,1,0
23.5581,0.529445,59.986090,-0.007461,0.0000,0.6658,7327.7,0.1066,1,0
23.5789,0.529445,59.986092,-0.007463,0.0000,0.6831,7387.5,0.1029,1,0
23.6152,0.529445,59.986094,-0.007465,0.0000,0.7022,7357.6,0.1005,1,0
23.6396,0.529445,59.986096,-0.007467,0.0000,0.7213,7410.5,0.0991,1,0
23.6691,0.530371,59.986097,-0.007469,0.0000,0.7422,7420.6,0.0987,1,0
23.7094,0.530371,59.986099,-0.007472,0.0000,0.7632,7387.6,0.0992,1,0
23.7385,0.530371,59.986101,-0.007474,0.0000,0.7785,7436.5,0.1007,1,0
23.7798,0.530371,59.986103,-0.007476,0.0000,0.7937,7411.1,0.1029,1,0
23.8308,0.530371,59.986105,-0.007478,0.0000,0.8143,7410.6,0.1058,1,0
23.8761,0.530371,59.986107,-0.007480,0.0000,0.8349,7471.5,0.1094,1,0
23.9011,0.530371,59.986109,-0.007482,0.0000,0.8548,7534.4,0.1132,1,0
23.9398,0.530371,59.986111,-0.007484,0.0000,0.8748,7536.7,0.1168,1,0
23.9734,0.530371,59.986113,-0.007486,0.0000,0.8932,7568.0,0.1204,1,0
24.0160,0.530371,59.986115,-0.007489,0.0000,0.9117,7565.4,0.1238,1,0
24.0522,0.531249,59.986117,-0.007491,0.0000,0.9279,7597.9,0.1273,1,0
24.0813,0.531249,59.986118,-0.007493,0.0000,0.9440,7661.7,0.1307,1,0
24.1091,0.531249,59.986120,-0.007495,0.0000,0.9585,7729.9,0.1341,1,0
24.1510,0.531249,59.986122,-0.007497,0.0000,0.9730,7736.6,0.1372,1,0
24.2020,0.531249,59.986124,-0.007499,0.0000,0.9829,7693.9,0.1401,1,0
24.2557,0.531249,59.986126,-0.007501,0.0000,0.9927,7647.2,0.1417,1,0
24.3114,0.531249,59.986128,-0.007503,0.0000,0.9964,7604.2,0.1407,1,0
24.3637,0.531249,59.986130,-0.007505,0.0000,1.0000,7582.8,0.1396,1,0
24.4126,0.531249,59.986132,-0.007506,0.0000,1.0000,7637.3,0.1365,1,0
24.4614,0.531249,59.986134,-0.007508,0.0000,1.0000,7629.7,0.1331,1,0
24.5108,0.531816,59.986136,-0.007510,0.0000,1.0000,7649.9,0.1287,1,0
24.5475,0.531816,59.986137,-0.007512,0.0000,1.0000,7693.5,0.1236,1,0
24.5855,0.531816,59.986139,-0.007514,0.0000,1.0000,7730.8,0.1177,1,0
24.6342,0.531816,59.986141,-0.007516,0.0000,1.0000,7722.5,0.1111,1,0
24.6792,0.531816,59.986143,-0.007518,0.0000,1.0000,7732.3,0.1041,1,0
24.7307,0.531816,59.986145,-0.007520,0.0000,1.0000,7714.7,0.0969,1,0
24.7758,0.531816,59.986147,-0.007522,0.0000,1.0000,7758.6,0.0898,1,0
24.8198,0.531816,59.986149,-0.007523,0.0000,1.0000,7773.2,0.0831,1,0
24.8632,0.531816,59.986151,-0.007525,0.0000,1.0000,7791.2,0.0771,1,0
24.9094,0.531816,59.986153,-0.007527,0.0000,1.0000,7798.7,0.0717,1,0
24.9577,0.532569,59.986154,-0.007529,0.0000,1.0000,7799.5,0.0673,1,0
25.0058,0.532569,59.986156,-0.007530,0.0000,1.0000,7836.4,0.0638,1,0
25.0577,0.532569,59.986158,-0.007532,0.0000,1.0000,7817.6,0.0614,1,0
25.1113,0.532569,59.986160,-0.007534,0.0000,1.0000,7863.5,0.0601,1,0
25.1679,0.532569,59.986162,-0.007536,0.0000,1.0000,7826.4,0.0596,1,0
25.2235,0.532569,59.986164,-0.007537,0.0000,1.0000,7861.7,0.0600,1,0
25.2784,0.532569,59.986166,-0.007539,0.0000,1.0000,7896.8,0.0613,1,0
25.3395,0.532569,59.986169,-0.007541,0.0000,1.0000,7873.1,0.0632,1,0
25.4001,0.532569,59.986171,-0.007542,0.0000,1.0000,7921.5,0.0657,1,0
25.4651,0.532569,59.986173,-0.007544,0.0000,1.0000,7914.4,0.0685,1,0
25.5259,0.533147,59.986176,-0.007545,0.0000,1.0000,7924.5,0.0716,1,0
25.5912,0.533147,59.986178,-0.007547,0.0000,1.0000,7985.1,0.0749,1,0
25.6613,0.533147,59.986180,-0.007549,0.0000,1.0000,8022.2,0.0782,1,0
25.7298,0.533147,59.986182,-0.007550,0.0000,1.0000,7961.7,0.0816,1,0
25.7905,0.533147,59.986185,-0.007552,0.0000,1.0000,8004.3,0.0850,1,0
25.8558,0.533147,59.986187,-0.007553,0.0000,1.0000,8058.5,0.0885,1,0
25.9271,0.533147,59.986189,-0.007555,0.0000,1.0000,8088.9,0.0918,1,0
25.9983,0.533147,59.986192,-0.007556,0.0000,1.0000,8117.5,0.0950,1,0
26.0697,0.533147,59.986194,-0.007558,0.0000,1.0000,8145.2,0.0981,1,0
26.1423,0.533147,59.986196,-0.007559,0.0000,1.0000,8165.6,0.1009,1,0
26.2153,0.533796,59.986199,-0.007561,0.0000,1.0000,8183.4,0.1036,1,0
26.2864,0.533796,59.986201,-0.007562,0.0000,1.0000,8207.7,0.1062,1,0
26.3549,0.533796,59.986203,-0.007564,0.0000,1.0000,8240.8,0.1088,1,0
26.4243,0.533796,59.986205,-0.007565,0.0000,1.0000,8165.8,0.1113,1,0
26.4873,0.533796,59.986208,-0.007567,0.0000,1.0000,8192.0,0.1137,1,0
26.5517,0.533796,59.986210,-0.007568,0.0000,1.0000,8244.3,0.1157,1,0
26.6194,0.533796,59.986212,-0.007570,0.0000,1.0000,8282.6,0.1175,1,0
26.6897,0.533796,59.986215,-0.007571,0.0000,1.0000,8308.7,0.1189,1,0
26.7615,0.533796,59.986217,-0.007572,0.0000,1.0000,8327.4,0.1201,1,0
26.8308,0.533796,59.986219,-0.007574,0.0000,1.0000,8355.2,0.1210,1,0
26.8996,0.534402,59.986221,-0.007575,0.0000,1.0000,8384.3,0.1218,1,0
26.9703,0.534402,59.986224,-0.007577,0.0000,1.0000,8405.6,0.1225,1,0
27.0416,0.534402,59.986226,-0.007578,0.0000,1.0000,8424.0,0.1230,1,0
27.1114,0.534402,59.986228,-0.007579,0.0000,1.0000,8448.2,0.1233,1,0
27.1808,0.534402,59.986231,-0.007581,0.0000,1.0000,8474.0,0.1233,1,0
27.2511,0.534402,59.986233,-0.007582,0.0000,1.0000,8495.0,0.1231,1,0
27.3196,0.534402,59.986235,-0.007583,0.0000,1.0000,8520.1,0.1228,1,0
27.3864,0.534402,59.986238,-0.007585,0.0000,1.0000,8550.0,0.1224,1,0
27.4538,0.534402,59.986240,-0.007586,0.0000,1.0000,8576.2,0.1221,1,0
27.5232,0.534402,59.986242,-0.007587,0.0000,1.0000,8593.7,0.1218,1,0
27.5912,0.535036,59.986244,-0.007588,0.0000,1.0000,8615.8,0.1215,1,0
27.6564,0.535036,59.986247,-0.007590,0.0000,1.0000,8646.9,0.1210,1,0
27.7226,0.535036,59.986249,-0.007591,0.0000,1.0000,8602.8,0.1202,1,0
27.7790,0.535036,59.986251,-0.007592,0.0000,1.0000,8601.2,0.1193,1,0
27.8350,0.535036,59.986254,-0.007593,0.0000,1.0000,8669.2,0.1182,1,0
27.8949,0.535036,59.986256,-0.007595,0.0000,1.0000,8716.0,0.1171,1,0
27.9587,0.535036,59.986258,-0.007596,0.0000,1.0000,8708.4,0.1159,1,0
28.0171,0.535036,59.986261,-0.007597,0.0000,1.0000,8665.2,0.1145,1,0
28.0706,0.535036,59.986263,-0.007598,0.0000,1.0000,8737.8,0.1130,1,0
28.1294,0.535036,59.986266,-0.007599,0.0000,1.0000,8786.3,0.1113,1,0
28.1923,0.535685,59.986268,-0.007600,0.0000,1.0000,8814.2,0.1094,1,0
28.2544,0.535685,59.986270,-0.007601,0.0000,1.0000,8776.4,0.1074,1,0
28.3054,0.535685,59.986273,-0.007602,0.0000,1.0000,8786.4,0.1053,1,0
28.3596,0.535685,59.986275,-0.007604,0.0000,1.0000,8848.5,0.1035,1,0
28.4193,0.535685,59.986278,-0.007605,0.0000,1.0000,8884.4,0.1018,1,0
28.4780,0.535685,59.986280,-0.007606,0.0000,1.0000,8824.2,0.1000,1,0
28.5287,0.535685,59.986283,-0.007607,0.0000,1.0000,8868.3,0.0981,1,0
28.5837,0.535685,59.986285,-0.007608,0.0000,1.0000,8920.7,0.0963,1,0
28.6418,0.535685,59.986288,-0.007609,0.0000,1.0000,8957.4,0.0943,1,0
28.6952,0.535685,59.986290,-0.007610,0.0000,1.0000,8881.3,0.0925,1,0
28.7449,0.536351,59.986292,-0.007611,0.0000,1.0000,8955.5,0.0909,1,0
28.8007,0.536351,59.986295,-0.007611,0.0000,1.0000,8998.0,0.0894,1,0
28.8576,0.536351,59.986297,-0.007612,0.0000,1.0000,8971.2,0.0878,1,0
28.9077,0.536351,59.986300,-0.007613,0.0000,1.0000,8974.0,0.0862,1,0
28.9607,0.536351,59.986303,-0.007614,0.0000,1.0000,9028.6,0.0845,1,0
29.0165,0.536351,59.986305,-0.007615,0.0000,1.0000,9066.2,0.0828,1,0
29.0715,0.536351,59.986308,-0.007616,0.0000,1.0000,9041.9,0.0809,1,0
29.1201,0.536351,59.986310,-0.007617,0.0000,1.0000,9045.6,0.0791,1,0
29.1726,0.536351,59.986313,-0.007618,0.0000,1.0000,9096.3,0.0774,1,0
29.2279,0.536351,59.986316,-0.007618,0.0000,1.0000,9132.0,0.0756,1,0
29.2837,0.537041,59.986318,-0.007619,0.0000,1.0000,9102.9,0.0738,1,0
29.3340,0.537041,59.986321,-0.007620,0.0000,1.0000,9096.8,0.0719,1,0
29.3861,0.537041,59.986324,-0.007621,0.0000,1.0000,9145.4,0.0699,1,0
29.4385,0.537041,59.986327,-0.007622,0.0000,1.0000,9188.4,0.0681,1,0
29.4923,0.537041,59.986329,-0.007622,0.0000,1.0000,9221.3,0.0666,1,0
29.5466,0.537041,59.986332,-0.007623,0.0000,1.0000,9131.9,0.0653,1,0
29.5957,0.537041,59.986335,-0.007624,0.0000,1.0000,9191.3,0.0641,1,0
29.6466,0.537041,59.986338,-0.007625,0.0000,1.0000,9215.6,0.0632,1,0
29.6598,0.537041,59.986340,-0.007625,0.0000,1.0000,9165.7,0.0624,1,0
29.6506,0.537041,59.986343,-0.007626,0.0000,1.0000,9116.0,0.0618,1,0
29.6437,0.537740,59.986346,-0.007626,0.0000,1.0000,9066.5,0.0614,1,0
29.6378,0.537740,59.986349,-0.007627,0.0000,1.0000,9017.2,0.0613,1,0
29.6796,0.537740,59.986352,-0.007628,0.0000,1.0000,8122.9,0.0615,2,0
29.7602,0.537740,59.986354,-0.007628,0.0000,1.0000,7514.2,0.0618,2,0
29.8363,0.537740,59.986357,-0.007629,0.0000,1.0000,7354.3,0.0619,2,0
29.8981,0.537740,59.986360,-0.007630,0.0000,1.0000,7275.6,0.0623,2,0
29.9578,0.537740,59.986362,-0.007630,0.0000,1.0000,7202.7,0.0628,2,0
30.0125,0.537740,59.986365,-0.007630,0.0000,1.0000,7216.2,0.0635,2,0
30.0675,0.537740,59.986368,-0.007631,0.0000,1.0000,7246.1,0.0646,2,0
30.1264,0.537740,59.986370,-0.007631,0.0000,1.0000,7260.3,0.0660,2,0
30.1850,0.538454,59.986373,-0.007632,0.0000,1.0000,7275.1,0.0677,2,0
30.2430,0.538454,59.986375,-0.007632,0.0000,1.0000,7292.3,0.0694,2,0
30.3027,0.538454,59.986377,-0.007633,0.0000,1.0000,7301.4,0.0711,2,0
30.3624,0.538454,59.986380,-0.007633,0.0000,1.0000,7309.8,0.0728,2,0
30.4188,0.538454,59.986382,-0.007634,0.0000,1.0000,7330.4,0.0744,2,0
30.4762,0.538454,59.986385,-0.007634,0.0000,1.0000,7347.2,0.0760,2,0
30.5356,0.538454,59.986388,-0.007635,0.0000,1.0000,7355.6,0.0777,2,0
30.5944,0.538454,59.986390,-0.007635,0.0000,1.0000,7368.8,0.0792,2,0
30.6514,0.538454,59.986393,-0.007635,0.0000,1.0000,7388.0,0.0804,2,0
30.7098,0.538454,59.986396,-0.007635,0.0000,1.0000,7402.7,0.0814,2,0
30.7686,0.539189,59.986398,-0.007636,0.0000,1.0000,7413.7,0.0821,2,0
30.8254,0.539189,59.986401,-0.007636,0.0000,1.0000,7432.0,0.0826,2,0
30.8838,0.539189,59.986404,-0.007636,0.0000,1.0000,7445.4,0.0832,2,0
30.9444,0.539189,59.986407,-0.007637,0.0000,1.0000,7449.6,0.0839,2,0
31.0033,0.539189,59.986409,-0.007637,0.0000,1.0000,7464.3,0.0847,2,0
31.0616,0.539189,59.986412,-0.007637,0.0000,1.0000,7478.0,0.0855,2,0
31.1222,0.539189,59.986415,-0.007637,0.0000,1.0000,7483.7,0.0864,2,0
31.1799,0.539189,59.986418,-0.007638,0.0000,1.0000,7500.1,0.0872,2,0
31.2371,0.539189,59.986420,-0.007638,0.0000,1.0000,7517.7,0.0881,2,0
31.2965,0.539189,59.986423,-0.007638,0.0000,1.0000,7526.7,0.0892,2,0
31.3561,0.539934,59.986426,-0.007638,0.0000,1.0000,7534.9,0.0904,2,0
31.4132,0.539934,59.986429,-0.007638,0.0000,1.0000,7555.2,0.0916,2,0
31.4709,0.539934,59.986432,-0.007638,0.0000,1.0000,7571.4,0.0926,2,0
31.5302,0.539934,59.986434,-0.007638,0.0000,1.0000,7579.3,0.0934,2,0
31.5858,0.539934,59.986437,-0.007639,0.0000,1.0000,7601.6,0.0940,2,0
31.6421,0.539934,59.986440,-0.007639,0.0000,1.0000,7620.5,0.0944,2,0
31.7001,0.539934,59.986443,-0.007639,0.0000,1.0000,7632.2,0.0947,2,0
31.7566,0.539934,59.986446,-0.007639,0.0000,1.0000,7649.7,0.0947,2,0
31.8131,0.539934,59.986449,-0.007639,0.0000,1.0000,7667.5,0.0944,2,0
31.8716,0.539934,59.986452,-0.007638,0.0000,1.0000,7678.4,0.0938,2,0
31.9277,0.540705,59.986455,-0.007638,0.0000,1.0000,7695.3,0.0928,2,0
31.9823,0.540705,59.986458,-0.007638,0.0000,1.0000,7717.6,0.0915,2,0
32.0399,0.540705,59.986461,-0.007638,0.0000,1.0000,7728.8,0.0900,2,0
32.0975,0.540705,59.986464,-0.007638,0.0000,1.0000,7739.0,0.0885,2,0
32.1540,0.540705,59.986467,-0.007638,0.0000,1.0000,7754.9,0.0867,2,0
32.2107,0.540705,59.986470,-0.007638,0.0000,1.0000,7767.7,0.0848,2,0
32.2682,0.540705,59.986473,-0.007638,0.0000,1.0000,7780.1,0.0828,2,0
32.3232,0.540705,59.986475,-0.007638,0.0000,1.0000,7799.1,0.0807,2,0
32.3789,0.540705,59.986478,-0.007637,0.0000,1.0000,7814.3,0.0785,2,0
32.4365,0.540705,59.986480,-0.007637,0.0000,1.0000,7823.7,0.0765,2,0
32.4933,0.541482,59.986483,-0.007637,0.0000,1.0000,7837.6,0.0746,2,0
32.5506,0.541482,59.986486,-0.007637,0.0000,1.0000,7849.8,0.0726,2,0
32.6075,0.541482,59.986488,-0.007636,0.0000,1.0000,7861.0,0.0705,2,0
32.6641,0.541482,59.986491,-0.007636,0.0000,1.0000,7875.0,0.0684,2,0
32.7188,0.541482,59.986493,-0.007636,0.0000,1.0000,7893.1,0.0663,2,0
32.7768,0.541482,59.986496,-0.007636,0.0000,1.0000,7899.3,0.0643,2,0
32.8347,0.541482,59.986499,-0.007635,0.0000,1.0000,7908.4,0.0625,2,0
32.8907,0.541482,59.986502,-0.007635,0.0000,1.0000,7924.8,0.0608,2,0
32.9479,0.541482,59.986505,-0.007634,0.0000,1.0000,7935.9,0.0589,2,0
33.0051,0.541482,59.986508,-0.007634,0.0000,1.0000,7945.1,0.0571,2,0
33.0606,0.542280,59.986511,-0.007634,0.0000,1.0000,7961.0,0.0552,2,0
33.1169,0.542280,59.986514,-0.007633,0.0000,1.0000,7973.2,0.0535,2,0
33.1751,0.542280,59.986517,-0.007633,0.0000,1.0000,7980.2,0.0517,2,0
33.2326,0.542280,59.986520,-0.007632,0.0000,1.0000,7987.8,0.0501,2,0
33.2915,0.542280,59.986523,-0.007632,0.0000,1.0000,7992.2,0.0481,2,0
33.3483,0.542280,59.986526,-0.007631,0.0000,1.0000,8001.5,0.0463,2,0
33.4029,0.542280,59.986529,-0.007631,0.0000,1.0000,8017.8,0.0441,2,0
33.4627,0.542280,59.986532,-0.007630,0.0000,1.0000,8023.6,0.0416,2,0
33.5208,0.542280,59.986535,-0.007629,0.0000,1.0000,8024.1,0.0401,2,0
33.5813,0.542280,59.986538,-0.007629,0.0000,1.0000,8026.7,0.0377,2,0
33.6371,0.543100,59.986542,-0.007628,0.0000,1.0000,8034.7,0.0358,2,0
33.6980,0.543100,59.986545,-0.007627,0.0000,1.0000,8033.1,0.0337,2,0
33.7549,0.543100,59.986548,-0.007627,0.0000,1.0000,8042.1,0.0313,2,0
33.8141,0.543100,59.986551,-0.007626,0.0000,1.0000,8047.7,0.0290,2,0
33.8685,0.543100,59.986554,-0.007626,0.0000,1.0000,8055.0,0.0279,2,0
33.9300,0.543100,59.986557,-0.007625,0.0000,1.0000,8058.8,0.0255,2,0
33.9825,0.543100,59.986560,-0.007624,0.0000,1.0000,8078.2,0.0245,2,0
34.0462,0.543100,59.986563,-0.007623,0.0000,1.0000,8064.5,0.0223,2,0
34.1040,0.543100,59.986566,-0.007623,0.0000,1.0000,8061.1,0.0213,2,0
34.1545,0.543100,59.986569,-0.007622,0.0000,1.0000,8105.3,0.0192,2,0
34.2111,0.543932,59.986572,-0.007621,0.0000,1.0000,8124.9,0.0186,2,0
34.2784,0.543932,59.986576,-0.007620,0.0000,1.0000,8089.6,0.0182,2,0
34.3358,0.543932,59.986579,-0.007619,0.0000,1.0000,8100.6,0.0176,2,0
34.3919,0.543932,59.986582,-0.007619,0.0000,1.0000,8112.0,0.0181,2,0
34.4553,0.543932,59.986585,-0.007618,0.0000,1.0000,8092.2,0.0180,2,0
34.5083,0.543932,59.986588,-0.007617,0.0000,1.0000,8123.9,0.0189,2,0
34.5684,0.543932,59.986591,-0.007616,0.0000,1.0000,8115.8,0.0202,2,0
34.6286,0.543932,59.986594,-0.007615,0.0000,1.0000,8124.4,0.0209,2,0
34.6881,0.543932,59.986597,-0.007614,0.0000,1.0000,8122.0,0.0229,2,0
34.7454,0.543932,59.986600,-0.007613,0.0000,1.0000,8138.1,0.0239,2,0
34.8017,0.544780,59.986603,-0.007612,0.0000,1.0000,8152.9,0.0254,2,0
34.8628,0.544780,59.986606,-0.007611,0.0000,1.0000,8146.8,0.0275,2,0
34.9173,0.544780,59.986609,-0.007610,0.0000,1.0000,8172.3,0.0288,2,0
34.9810,0.544780,59.986612,-0.007610,0.0000,1.0000,8158.3,0.0310,2,0
35.0365,0.544780,59.986615,-0.007609,0.0000,1.0000,8180.0,0.0327,2,0
35.0919,0.544780,59.986618,-0.007608,0.0000,1.0000,8197.9,0.0343,2,0
35.1527,0.544780,59.986621,-0.007607,0.0000,1.0000,8194.5,0.0359,2,0
35.2066,0.544780,59.986624,-0.007606,0.0000,1.0000,8219.2,0.0373,2,0
35.2615,0.544780,59.986628,-0.007605,0.0000,1.0000,8238.5,0.0387,2,0
35.3211,0.544780,59.986631,-0.007604,0.0000,1.0000,8240.5,0.0398,2,0
35.3751,0.545643,59.986634,-0.007603,0.0000,1.0000,8264.5,0.0408,2,0
35.4312,0.545643,59.986637,-0.007602,0.0000,1.0000,8279.7,0.0415,2,0
35.4877,0.545643,59.986640,-0.007601,0.0000,1.0000,8288.4,0.0419,2,0
35.5433,0.545643,59.986644,-0.007600,0.0000,1.0000,8302.1,0.0421,2,0
35.5971,0.545643,59.986647,-0.007599,0.0000,1.0000,8322.7,0.0421,2,0
35.6540,0.545643,59.986650,-0.007598,0.0000,1.0000,8330.5,0.0419,2,0
35.7098,0.545643,59.986653,-0.007596,0.0000,1.0000,8344.4,0.0414,2,0
35.7647,0.545643,59.986656,-0.007595,0.0000,1.0000,8361.5,0.0407,2,0
35.8204,0.545643,59.986659,-0.007594,0.0000,1.0000,8370.4,0.0398,2,0
35.8756,0.545643,59.986662,-0.007593,0.0000,1.0000,8384.6,0.0391,2,0
35.9298,0.546514,59.986665,-0.007592,0.0000,1.0000,8404.4,0.0382,2,0
35.9840,0.546514,59.986668,-0.007591,0.0000,1.0000,8422.0,0.0375,2,0
36.0365,0.546514,59.986671,-0.007590,0.0000,1.0000,8447.2,0.0366,2,0
36.0924,0.546514,59.986674,-0.007589,0.0000,1.0000,8457.9,0.0360,2,0
36.1496,0.546514,59.986677,-0.007588,0.0000,1.0000,8459.3,0.0352,2,0
36.2057,0.546514,59.986680,-0.007587,0.0000,1.0000,8466.8,0.0345,2,0
36.2593,0.546514,59.986683,-0.007586,0.0000,1.0000,8483.2,0.0340,2,0
36.3138,0.546514,59.986687,-0.007584,0.0000,1.0000,8500.5,0.0333,2,0
36.3679,0.546514,59.986690,-0.007583,0.0000,1.0000,8514.3,0.0328,2,0
36.4232,0.546514,59.986693,-0.007582,0.0000,1.0000,8522.4,0.0323,2,0
36.4793,0.547398,59.986697,-0.007581,0.0000,1.0000,8527.2,0.0318,2,0
36.5345,0.547398,59.986700,-0.007580,0.0000,1.0000,8534.4,0.0313,2,0
36.5880,0.547398,59.986703,-0.007579,0.0000,1.0000,8549.7,0.0308,2,0
36.6431,0.547398,59.986706,-0.007578,0.0000,1.0000,8557.5,0.0305,2,0
36.6962,0.547398,59.986710,-0.007576,0.0000,1.0000,8574.7,0.0300,2,0
36.7507,0.547398,59.986713,-0.007575,0.0000,1.0000,8581.7,0.0296,2,0
36.8049,0.547398,59.986716,-0.007574,0.0000,1.0000,8589.6,0.0291,2,0
36.8573,0.547398,59.986719,-0.007573,0.0000,1.0000,8606.8,0.0286,2,0
36.9120,0.547398,59.986722,-0.007572,0.0000,1.0000,8612.2,0.0282,2,0
36.9636,0.547398,59.986725,-0.007570,0.0000,1.0000,8629.7,0.0276,2,0
37.0166,0.548297,59.986728,-0.007569,0.0000,1.0000,8641.8,0.0271,2,0
37.0715,0.548297,59.986732,-0.007568,0.0000,1.0000,8643.7,0.0266,2,0
37.1238,0.548297,59.986735,-0.007567,0.0000,1.0000,8655.5,0.0260,2,0
37.1762,0.548297,59.986738,-0.007565,0.0000,1.0000,8666.5,0.0256,2,0
37.2281,0.548297,59.986741,-0.007564,0.0000,1.0000,8678.9,0.0252,2,0
37.2801,0.548297,59.986744,-0.007563,0.0000,1.0000,8693.1,0.0249,2,0
37.3308,0.548297,59.986748,-0.007562,0.0000,1.0000,8708.3,0.0246,2,0
37.3840,0.548297,59.986751,-0.007560,0.0000,1.0000,8711.7,0.0243,2,0
37.4351,0.548297,59.986755,-0.007559,0.0000,1.0000,8722.9,0.0240,2,0
37.4851,0.548297,59.986758,-0.007558,0.0000,1.0000,8739.1,0.0239,2,0
37.5388,0.549212,59.986762,-0.007557,0.0000,1.0000,8740.7,0.0238,2,0
37.5863,0.549212,59.986766,-0.007555,0.0000,1.0000,8766.6,0.0237,2,0
37.6371,0.549212,59.986769,-0.007554,0.0000,1.0000,8776.1,0.0236,2,0
37.6886,0.549212,59.986773,-0.007553,0.0000,1.0000,8781.2,0.0235,2,0
37.7370,0.549212,59.986776,-0.007551,0.0000,1.0000,8798.7,0.0233,2,0
37.7871,0.549212,59.986780,-0.007550,0.0000,1.0000,8809.9,0.0233,2,0
37.8386,0.549212,59.986783,-0.007549,0.0000,1.0000,8815.0,0.0230,2,0
37.8826,0.549212,59.986786,-0.007547,0.0000,1.0000,8803.2,0.0223,2,0
37.8652,0.549212,59.986789,-0.007546,0.0000,1.0000,8755.1,0.0217,2,0
37.8588,0.549212,59.986792,-0.007545,0.0000,1.0000,8707.1,0.0208,2,0
37.8511,0.550136,59.986795,-0.007543,0.0000,1.0000,8659.4,0.0198,2,0
37.8448,0.550136,59.986798,-0.007542,0.0000,1.0000,8400.3,0.0188,3,0
37.9200,0.550136,59.986801,-0.007541,0.0000,1.0000,7508.5,0.0177,3,0
37.9808,0.550136,59.986804,-0.007539,0.0000,1.0000,7187.1,0.0166,3,0
38.0338,0.550136,59.986807,-0.007538,0.0000,1.0000,7180.6,0.0155,3,0
38.0798,0.550136,59.986810,-0.007537,0.0000,1.0000,7193.0,0.0146,3,0
38.1284,0.550136,59.986813,-0.007535,0.0000,1.0000,7198.0,0.0137,3,0
38.1781,0.550136,59.986817,-0.007534,0.0000,1.0000,7195.7,0.0129,3,0
38.2256,0.550136,59.986820,-0.007532,0.0000,1.0000,7202.9,0.0121,3,0
38.2759,0.550136,59.986823,-0.007531,0.0000,1.0000,7196.2,0.0114,3,0
38.3230,0.551068,59.986826,-0.007530,0.0000,1.0000,7203.3,0.0108,3,0
38.3663,0.551068,59.986830,-0.007528,0.0000,1.0000,7227.9,0.0106,3,0
38.4121,0.551068,59.986833,-0.007527,0.0000,1.0000,7241.0,0.0106,3,0
38.4589,0.551068,59.986836,-0.007525,0.0000,1.0000,7250.3,0.0104,3,0
38.5063,0.551068,59.986840,-0.007524,0.0000,1.0000,7256.9,0.0103,3,0
38.5547,0.551068,59.986843,-0.007523,0.0000,1.0000,7256.5,0.0100,3,0
38.6004,0.551068,59.986846,-0.007521,0.0000,1.0000,7267.6,0.0098,3,0
38.6467,0.551068,59.986850,-0.007520,0.0000,1.0000,7276.1,0.0095,3,0
38.6936,0.551068,59.986853,-0.007518,0.0000,1.0000,7282.3,0.0089,3,0
38.7407,0.551068,59.986857,-0.007517,0.0000,1.0000,7287.6,0.0083,3,0
38.7872,0.552009,59.986860,-0.007515,0.0000,1.0000,7294.1,0.0075,3,0
38.8337,0.552009,59.986863,-0.007514,0.0000,1.0000,7299.7,0.0066,3,0
38.8791,0.552009,59.986867,-0.007513,0.0000,1.0000,7310.0,0.0057,3,0
38.9252,0.552009,59.986870,-0.007511,0.0000,1.0000,7318.1,0.0048,3,0
38.9720,0.552009,59.986874,-0.007510,0.0000,1.0000,7322.9,0.0037,3,0
39.0179,0.552009,59.986877,-0.007508,0.0000,1.0000,7331.2,0.0026,3,0
39.0641,0.552009,59.986880,-0.007507,0.0000,1.0000,7337.4,0.0015,3,0
39.1096,0.552009,59.986884,-0.007505,0.0000,1.0000,7347.4,0.0002,3,0
39.1551,0.552009,59.986887,-0.007504,0.0000,1.0000,7359.2,-0.0010,3,0
39.2015,0.552009,59.986890,-0.007502,0.0000,1.0000,7366.5,-0.0024,3,0
39.2475,0.552966,59.986894,-0.007501,0.0000,1.0000,7375.1,-0.0038,3,0
39.2929,0.552966,59.986897,-0.007499,0.0000,1.0000,7384.2,-0.0052,3,0
39.3387,0.552966,59.986900,-0.007498,0.0000,1.0000,7393.2,-0.0066,3,0
39.3843,0.552966,59.986903,-0.007496,0.0000,1.0000,7400.8,-0.0079,3,0
39.4301,0.552966,59.986907,-0.007495,0.0000,1.0000,7410.6,-0.0092,3,0
39.4753,0.552966,59.986910,-0.007493,0.0000,1.0000,7422.1,-0.0101,3,0
39.5202,0.552966,59.986914,-0.007492,0.0000,1.0000,7433.6,-0.0109,3,0
39.5668,0.552966,59.986917,-0.007490,0.0000,1.0000,7436.7,-0.0115,3,0
39.6126,0.552966,59.986921,-0.007489,0.0000,1.0000,7444.7,-0.0120,3,0
39.6577,0.552966,59.986924,-0.007487,0.0000,1.0000,7456.5,-0.0124,3,0
39.7032,0.553930,59.986928,-0.007486,0.0000,1.0000,7467.3,-0.0126,3,0
39.7475,0.553930,59.986932,-0.007485,0.0000,1.0000,7481.8,-0.0129,3,0
39.7939,0.553930,59.986935,-0.007483,0.0000,1.0000,7485.4,-0.0131,3,0
39.8397,0.553930,59.986939,-0.007482,0.0000,1.0000,7492.6,-0.0132,3,0
39.8859,0.553930,59.986942,-0.007480,0.0000,1.0000,7500.5,-0.0134,3,0
39.9327,0.553930,59.986946,-0.007479,0.0000,1.0000,7505.5,-0.0135,3,0
39.9772,0.553930,59.986949,-0.007477,0.0000,1.0000,7518.5,-0.0135,3,0
40.0225,0.553930,59.986953,-0.007476,0.0000,1.0000,7527.7,-0.0135,3,0
40.0707,0.553930,59.986956,-0.007474,0.0000,1.0000,7523.8,-0.0135,3,0
40.1176,0.553930,59.986960,-0.007473,0.0000,1.0000,7527.7,-0.0135,3,0
40.1626,0.554902,59.986963,-0.007471,0.0000,1.0000,7538.9,-0.0133,3,0
40.2070,0.554902,59.986966,-0.007470,0.0000,1.0000,7554.1,-0.0130,3,0
40.2497,0.554902,59.986970,-0.007468,0.0000,1.0000,7572.3,-0.0125,3,0
40.2972,0.554902,59.986973,-0.007467,0.0000,1.0000,7570.3,-0.0119,3,0
40.3434,0.554902,59.986977,-0.007465,0.0000,1.0000,7574.5,-0.0111,3,0
40.3881,0.554902,59.986980,-0.007464,0.0000,1.0000,7585.3,-0.0102,3,0
40.4314,0.554902,59.986984,-0.007462,0.0000,1.0000,7601.9,-0.0091,3,0
40.4736,0.554902,59.986988,-0.007461,0.0000,1.0000,7621.0,-0.0078,3,0
40.5186,0.554902,59.986992,-0.007459,0.0000,1.0000,7626.6,-0.0065,3,0
40.5645,0.554902,59.986996,-0.007458,0.0000,1.0000,7629.7,-0.0052,3,0
40.6091,0.555880,59.987000,-0.007456,0.0000,1.0000,7638.4,-0.0039,3,0
40.6541,0.555880,59.987004,-0.007455,0.0000,1.0000,7645.8,-0.0027,3,0
40.6981,0.555880,59.987008,-0.007453,0.0000,1.0000,7655.1,-0.0016,3,0
40.7420,0.555880,59.987012,-0.007452,0.0000,1.0000,7664.8,-0.0007,3,0
40.7880,0.555880,59.987016,-0.007450,0.0000,1.0000,7665.0,0.0001,3,0
40.8315,0.555880,59.987020,-0.007449,0.0000,1.0000,7676.8,0.0008,3,0
40.8762,0.555880,59.987023,-0.007447,0.0000,1.0000,7683.5,0.0013,3,0
40.9204,0.555880,59.987027,-0.007446,0.0000,1.0000,7691.2,0.0018,3,0
40.9646,0.555880,59.987030,-0.007444,0.0000,1.0000,7697.9,0.0022,3,0
41.0095,0.555880,59.987033,-0.007443,0.0000,1.0000,7701.0,0.0024,3,0
41.0525,0.556869,59.987037,-0.007441,0.0000,1.0000,7713.5,0.0027,3,0
41.0963,0.556869,59.987040,-0.007440,0.0000,1.0000,7722.4,0.0028,3,0
41.1403,0.556869,59.987043,-0.007438,0.0000,1.0000,7730.2,0.0029,3,0
41.1828,0.556869,59.987046,-0.007437,0.0000,1.0000,7741.8,0.0029,3,0
41.2274,0.556869,59.987050,-0.007435,0.0000,1.0000,7745.2,0.0027,3,0
41.2707,0.556869,59.987053,-0.007434,0.0000,1.0000,7754.0,0.0025,3,0
41.3141,0.556869,59.987057,-0.007432,0.0000,1.0000,7763.7,0.0022,3,0
41.3573,0.556869,59.987060,-0.007431,0.0000,1.0000,7772.1,0.0019,3,0
41.3998,0.556869,59.987064,-0.007429,0.0000,1.0000,7783.1,0.0016,3,0
41.4442,0.556869,59.987068,-0.007428,0.0000,1.0000,7784.1,0.0012,3,0
41.4881,0.557881,59.987071,-0.007426,0.0000,1.0000,7790.1,0.0008,3,0
41.5299,0.557881,59.987075,-0.007425,0.0000,1.0000,7804.4,0.0004,3,0
41.5735,0.557881,59.987079,-0.007423,0.0000,1.0000,7811.0,0.0000,3,0
41.6166,0.557881,59.987083,-0.007422,0.0000,1.0000,7817.2,-0.0004,3,0
41.6604,0.557881,59.987086,-0.007420,0.0000,1.0000,7820.3,-0.0009,3,0
41.7049,0.557881,59.987090,-0.007419,0.0000,1.0000,7821.6,-0.0013,3,0
41.7462,0.557881,59.987094,-0.007417,0.0000,1.0000,7838.4,-0.0017,3,0
41.7884,0.557881,59.987097,-0.007416,0.0000,1.0000,7850.1,-0.0021,3,0
41.8314,0.557881,59.987101,-0.007414,0.0000,1.0000,7855.9,-0.0024,3,0
41.8750,0.557881,59.987104,-0.007413,0.0000,1.0000,7858.4,-0.0028,3,0
41.9200,0.558895,59.987108,-0.007411,0.0000,1.0000,7857.1,-0.0032,3,0
41.9612,0.558895,59.987111,-0.007410,0.0000,1.0000,7873.3,-0.0036,3,0
42.0028,0.558895,59.987114,-0.007408,0.0000,1.0000,7885.4,-0.0040,3,0
42.0446,0.558895,59.987118,-0.007407,0.0000,1.0000,7895.8,-0.0044,3,0
42.0862,0.558895,59.987122,-0.007405,0.0000,1.0000,7906.6,-0.0047,3,0
42.1300,0.558895,59.987125,-0.007404,0.0000,1.0000,7908.7,-0.0049,3,0
42.1720,0.558895,59.987129,-0.007402,0.0000,1.0000,7918.6,-0.0053,3,0
42.2138,0.558895,59.987133,-0.007401,0.0000,1.0000,7929.5,-0.0055,3,0
42.2555,0.558895,59.987137,-0.007399,0.0000,1.0000,7937.4,-0.0057,3,0
42.2977,0.558895,59.987141,-0.007397,0.0000,1.0000,7943.7,-0.0058,3,0
42.3417,0.559922,59.987144,-0.007396,0.0000,1.0000,7942.4,-0.0059,3,0
42.3832,0.559922,59.987148,-0.007394,0.0000,1.0000,7953.0,-0.0060,3,0
42.4245,0.559922,59.987152,-0.007393,0.0000,1.0000,7964.4,-0.0061,3,0
42.4655,0.559922,59.987156,-0.007391,0.0000,1.0000,7973.6,-0.0061,3,0
42.5064,0.559922,59.987160,-0.007390,0.0000,1.0000,7983.8,-0.0062,3,0
42.5499,0.559922,59.987164,-0.007388,0.0000,1.0000,7983.2,-0.0062,3,0
42.5915,0.559922,59.987168,-0.007387,0.0000,1.0000,7992.8,-0.0062,3,0
42.6325,0.559922,59.987171,-0.007385,0.0000,1.0000,8003.7,-0.0062,3,0
42.6735,0.559922,59.987175,-0.007384,0.0000,1.0000,8013.1,-0.0062,3,0
42.7137,0.559922,59.987178,-0.007382,0.0000,1.0000,8024.5,-0.0062,3,0
42.7574,0.560963,59.987182,-0.007381,0.0000,1.0000,8021.9,-0.0061,3,0
42.7985,0.560963,59.987186,-0.007379,0.0000,1.0000,8031.5,-0.0060,3,0
42.8393,0.560963,59.987189,-0.007377,0.0000,1.0000,8041.9,-0.0059,3,0
42.8798,0.560963,59.987193,-0.007376,0.0000,1.0000,8051.4,-0.0057,3,0
42.9200,0.560963,59.987196,-0.007374,0.0000,1.0000,8061.2,-0.0054,3,0
42.9627,0.560963,59.987200,-0.007373,0.0000,1.0000,8061.4,-0.0052,3,0
43.0041,0.560963,59.987204,-0.007371,0.0000,1.0000,8068.0,-0.0050,3,0
43.0440,0.560963,59.987208,-0.007370,0.0000,1.0000,8080.3,-0.0047,3,0
43.0843,0.560963,59.987212,-0.007368,0.0000,1.0000,8088.7,-0.0045,3,0
43.1248,0.560963,59.987216,-0.007367,0.0000,1.0000,8096.2,-0.0042,3,0
43.1685,0.562017,59.987220,-0.007365,0.0000,1.0000,8091.5,-0.0040,3,0
43.2085,0.562017,59.987224,-0.007364,0.0000,1.0000,8103.1,-0.0039,3,0
43.2484,0.562017,59.987228,-0.007362,0.0000,1.0000,8115.0,-0.0037,3,0
43.2883,0.562017,59.987232,-0.007360,0.0000,1.0000,8123.3,-0.0036,3,0
43.3286,0.562017,59.987236,-0.007359,0.0000,1.0000,8131.5,-0.0036,3,0
43.3716,0.562017,59.987240,-0.007357,0.0000,1.0000,8129.0,-0.0037,3,0
43.4118,0.562017,59.987244,-0.007356,0.0000,1.0000,8138.7,-0.0039,3,0
43.4509,0.562017,59.987248,-0.007354,0.0000,1.0000,8151.9,-0.0040,3,0
43.4907,0.562017,59.987251,-0.007353,0.0000,1.0000,8160.1,-0.0043,3,0
43.5310,0.562017,59.987255,-0.007351,0.0000,1.0000,8166.5,-0.0047,3,0
43.5736,0.563079,59.987259,-0.007350,0.0000,1.0000,8163.5,-0.0051,3,0
43.6126,0.563079,59.987263,-0.007348,0.0000,1.0000,8177.4,-0.0054,3,0
43.6517,0.563079,59.987267,-0.007347,0.0000,1.0000,8188.7,-0.0058,3,0
43.6905,0.563079,59.987270,-0.007345,0.0000,1.0000,8199.3,-0.0061,3,0
43.7306,0.563079,59.987274,-0.007343,0.0000,1.0000,8204.9,-0.0064,3,0
43.7735,0.563079,59.987278,-0.007342,0.0000,1.0000,8201.2,-0.0066,3,0
43.8128,0.563079,59.987282,-0.007340,0.0000,1.0000,8213.5,-0.0069,3,0
43.8520,0.563079,59.987286,-0.007339,0.0000,1.0000,8223.4,-0.0072,3,0
43.8911,0.563079,59.987289,-0.007337,0.0000,1.0000,8232.8,-0.0074,3,0
43.9310,0.563079,59.987293,-0.007336,0.0000,1.0000,8237.9,-0.0077,3,0
43.9735,0.564150,59.987297,-0.007334,0.0000,1.0000,8234.1,-0.0079,3,0
44.0109,0.564150,59.987301,-0.007333,0.0000,1.0000,8252.3,-0.0081,3,0
44.0493,0.564150,59.987305,-0.007331,0.0000,1.0000,8263.2,-0.0082,3,0
44.0879,0.564150,59.987308,-0.007330,0.0000,1.0000,8271.8,-0.0082,3,0
44.1273,0.564150,59.987312,-0.007328,0.0000,1.0000,8277.5,-0.0082,3,0
44.1687,0.564150,59.987316,-0.007326,0.0000,1.0000,8276.0,-0.0082,3,0
44.2067,0.564150,59.987320,-0.007325,0.0000,1.0000,8289.3,-0.0080,3,0
44.2446,0.564150,59.987324,-0.007323,0.0000,1.0000,8300.3,-0.0077,3,0
44.2829,0.564150,59.987327,-0.007322,0.0000,1.0000,8309.1,-0.0074,3,0
44.3231,0.564150,59.987331,-0.007320,0.0000,1.0000,8310.7,-0.0069,3,0
44.3647,0.565233,59.987335,-0.007319,0.0000,1.0000,8307.8,-0.0064,3,0
44.4014,0.565233,59.987339,-0.007317,0.0000,1.0000,8324.2,-0.0057,3,0
44.4392,0.565233,59.987343,-0.007316,0.0000,1.0000,8333.2,-0.0049,3,0
44.4774,0.565233,59.987346,-0.007314,0.0000,1.0000,8341.1,-0.0041,3,0
44.5183,0.565233,59.987350,-0.007313,0.0000,1.0000,8338.8,-0.0032,3,0
44.5579,0.565233,59.987354,-0.007311,0.0000,1.0000,8343.2,-0.0022,3,0
44.5948,0.565233,59.987358,-0.007309,0.0000,1.0000,8357.1,-0.0013,3,0
44.6322,0.565233,59.987362,-0.007308,0.0000,1.0000,8367.8,-0.0002,3,0
44.6705,0.565233,59.987367,-0.007306,0.0000,1.0000,8375.0,0.0008,3,0
44.7124,0.565233,59.987371,-0.007305,0.0000,1.0000,8367.5,0.0018,3,0
44.7506,0.566325,59.987375,-0.007303,0.0000,1.0000,8377.6,0.0028,3,0
44.7877,0.566325,59.987379,-0.007302,0.0000,1.0000,8390.3,0.0039,3,0
44.8248,0.566325,59.987383,-0.007300,0.0000,1.0000,8401.2,0.0050,3,0
44.8633,0.566325,59.987388,-0.007299,0.0000,1.0000,8408.0,0.0061,3,0
44.9052,0.566325,59.987392,-0.007297,0.0000,1.0000,8401.1,0.0072,3,0
44.9417,0.566325,59.987396,-0.007296,0.0000,1.0000,8416.2,0.0081,3,0
44.9784,0.566325,59.987400,-0.007294,0.0000,1.0000,8429.8,0.0092,3,0
45.0163,0.566325,59.987404,-0.007292,0.0000,1.0000,8436.6,0.0102,3,0
45.0548,0.566325,59.987407,-0.007291,0.0000,1.0000,8441.9,0.0110,3,0
45.0955,0.566325,59.987411,-0.007289,0.0000,1.0000,8438.8,0.0117,3,0
45.1314,0.567427,59.987415,-0.007288,0.0000,1.0000,8455.7,0.0122,3,0
45.1675,0.567427,59.987419,-0.007286,0.0000,1.0000,8468.3,0.0126,3,0
45.2056,0.567427,59.987423,-0.007285,0.0000,1.0000,8472.8,0.0128,3,0
45.2436,0.567427,59.987426,-0.007283,0.0000,1.0000,8478.5,0.0129,3,0
45.2820,0.567427,59.987430,-0.007281,0.0000,1.0000,8482.9,0.0126,3,0
45.3172,0.567427,59.987434,-0.007280,0.0000,1.0000,8499.4,0.0122,3,0
45.3537,0.567427,59.987438,-0.007278,0.0000,1.0000,8507.2,0.0117,3,0
45.3909,0.567427,59.987442,-0.007277,0.0000,1.0000,8513.0,0.0111,3,0
45.4297,0.567427,59.987447,-0.007275,0.0000,1.0000,8513.0,0.0102,3,0
45.4662,0.567427,59.987451,-0.007274,0.0000,1.0000,8522.4,0.0091,3,0
45.5006,0.568542,59.987455,-0.007272,0.0000,1.0000,8539.2,0.0080,3,0
45.5373,0.568542,59.987459,-0.007270,0.0000,1.0000,8544.5,0.0067,3,0
45.5746,0.568542,59.987463,-0.007269,0.0000,1.0000,8548.5,0.0053,3,0
45.6143,0.568542,59.987468,-0.007267,0.0000,1.0000,8542.6,0.0039,3,0
45.6501,0.568542,59.987472,-0.007266,0.0000,1.0000,8554.2,0.0024,3,0
45.6852,0.568542,59.987476,-0.007264,0.0000,1.0000,8565.3,0.0009,3,0
45.7232,0.568542,59.987480,-0.007262,0.0000,1.0000,8564.6,-0.0007,3,0
45.7608,0.568542,59.987484,-0.007261,0.0000,1.0000,8567.3,-0.0023,3,0
45.7995,0.568542,59.987487,-0.007259,0.0000,1.0000,8565.8,-0.0039,3,0
45.8333,0.568542,59.987491,-0.007258,0.0000,1.0000,8583.4,-0.0055,3,0
45.8688,0.569667,59.987495,-0.007256,0.0000,1.0000,8592.4,-0.0071,3,0
45.9060,0.569667,59.987499,-0.007254,0.0000,1.0000,8595.7,-0.0088,3,0
45.9442,0.569667,59.987503,-0.007253,0.0000,1.0000,8595.1,-0.0106,3,0
45.9809,0.569667,59.987506,-0.007251,0.0000,1.0000,8601.3,-0.0123,3,0
46.0141,0.569667,59.987510,-0.007249,0.0000,1.0000,8619.1,-0.0141,3,0
46.0503,0.569667,59.987514,-0.007248,0.0000,1.0000,8624.0,-0.0159,3,0
46.0859,0.569667,59.987518,-0.007246,0.0000,1.0000,8631.4,-0.0178,3,0
46.1244,0.569667,59.987522,-0.007245,0.0000,1.0000,8627.0,-0.0196,3,0
46.1585,0.569667,59.987527,-0.007243,0.0000,1.0000,8640.6,-0.0214,3,0
46.1928,0.569667,59.987531,-0.007241,0.0000,1.0000,8650.8,-0.0230,3,0
46.2267,0.570801,59.987535,-0.007240,0.0000,1.0000,8661.3,-0.0244,3,0
46.2629,0.570801,59.987539,-0.007238,0.0000,1.0000,8663.6,-0.0257,3,0
46.3004,0.570801,59.987543,-0.007236,0.0000,1.0000,8659.9,-0.0268,3,0
46.3334,0.570801,59.987548,-0.007235,0.0000,1.0000,8672.6,-0.0275,3,0
46.3672,0.570801,59.987552,-0.007233,0.0000,1.0000,8681.7,-0.0280,3,0
46.4010,0.570801,59.987556,-0.007231,0.0000,1.0000,8691.4,-0.0282,3,0
46.4374,0.570801,59.987560,-0.007230,0.0000,1.0000,8690.8,-0.0283,3,0
46.4733,0.570801,59.987564,-0.007228,0.0000,1.0000,8690.7,-0.0281,3,0
46.5063,0.570801,59.987568,-0.007227,0.0000,1.0000,8701.0,-0.0277,3,0
46.5391,0.570801,59.987572,-0.007225,0.0000,1.0000,8712.0,-0.0271,3,0
46.5729,0.571947,59.987575,-0.007223,0.0000,1.0000,8720.4,-0.0265,3,0
46.6103,0.571947,59.987579,-0.007222,0.0000,1.0000,8713.4,-0.0259,3,0
46.6443,0.571947,59.987583,-0.007220,0.0000,1.0000,8718.5,-0.0251,3,0
46.6770,0.571947,59.987587,-0.007219,0.0000,1.0000,8728.0,-0.0244,3,0
46.7095,0.571947,59.987591,-0.007217,0.0000,1.0000,8740.4,-0.0238,3,0
46.7445,0.571947,59.987595,-0.007215,0.0000,1.0000,8741.9,-0.0233,3,0
46.7807,0.571947,59.987599,-0.007214,0.0000,1.0000,8737.7,-0.0228,3,0
46.8117,0.571947,59.987603,-0.007212,0.0000,1.0000,8753.7,-0.0224,3,0
46.8446,0.571947,59.987608,-0.007211,0.0000,1.0000,8761.3,-0.0222,3,0
46.8778,0.571947,59.987612,-0.007209,0.0000,1.0000,8769.2,-0.0220,3,0
46.9135,0.573102,59.987616,-0.007208,0.0000,1.0000,8766.1,-0.0219,3,0
46.9468,0.573102,59.987620,-0.007206,0.0000,1.0000,8772.3,-0.0218,3,0
46.9781,0.573102,59.987624,-0.007204,0.0000,1.0000,8785.9,-0.0218,3,0
47.0110,0.573102,59.987629,-0.007203,0.0000,1.0000,8793.5,-0.0218,3,0
47.0451,0.573102,59.987633,-0.007201,0.0000,1.0000,8796.7,-0.0221,3,0
47.0800,0.573102,59.987637,-0.007200,0.0000,1.0000,8795.7,-0.0223,3,0
47.1113,0.573102,59.987641,-0.007198,0.0000,1.0000,8807.3,-0.0225,3,0
47.1435,0.573102,59.987646,-0.007197,0.0000,1.0000,8816.6,-0.0230,3,0
47.1760,0.573102,59.987650,-0.007195,0.0000,1.0000,8824.3,-0.0234,3,0
47.2104,0.573102,59.987654,-0.007194,0.0000,1.0000,8822.2,-0.0239,3,0
47.2433,0.574267,59.987658,-0.007192,0.0000,1.0000,8825.7,-0.0244,3,0
47.2736,0.574267,59.987663,-0.007191,0.0000,1.0000,8838.9,-0.0248,3,0
47.3045,0.574267,59.987667,-0.007189,0.0000,1.0000,8849.8,-0.0253,3,0
47.3359,0.574267,59.987671,-0.007188,0.0000,1.0000,8858.7,-0.0259,3,0
47.3703,0.574267,59.987676,-0.007186,0.0000,1.0000,8853.6,-0.0263,3,0
47.4010,0.574267,59.987680,-0.007185,0.0000,1.0000,8861.9,-0.0267,3,0
47.4315,0.574267,59.987684,-0.007183,0.0000,1.0000,8871.8,-0.0270,3,0
47.4623,0.574267,59.987688,-0.007182,0.0000,1.0000,8881.9,-0.0273,3,0
47.4960,0.574267,59.987692,-0.007180,0.0000,1.0000,8878.8,-0.0275,3,0
47.5291,0.574267,59.987696,-0.007179,0.0000,1.0000,8876.3,-0.0276,3,0
47.5592,0.575439,59.987700,-0.007178,0.0000,1.0000,8886.8,-0.0274,3,0
47.5897,0.575439,59.987704,-0.007176,0.0000,1.0000,8895.8,-0.0273,3,0
47.6210,0.575439,59.987708,-0.007175,0.0000,1.0000,8903.2,-0.0272,3,0
47.6541,0.575439,59.987712,-0.007173,0.0000,1.0000,8900.2,-0.0269,3,0
47.6846,0.575439,59.987716,-0.007172,0.0000,1.0000,8907.7,-0.0266,3,0
47.7145,0.575439,59.987720,-0.007170,0.0000,1.0000,8917.2,-0.0264,3,0
47.7447,0.575439,59.987724,-0.007169,0.0000,1.0000,8929.1,-0.0262,3,0
47.7769,0.575439,59.987728,-0.007168,0.0000,1.0000,8928.7,-0.0260,3,0
47.8092,0.575439,59.987733,-0.007166,0.0000,1.0000,8927.1,-0.0257,3,0
47.8378,0.575439,59.987737,-0.007165,0.0000,1.0000,8940.5,-0.0255,3,0
47.8683,0.576621,59.987741,-0.007163,0.0000,1.0000,8947.1,-0.0253,3,0
47.8982,0.576621,59.987745,-0.007162,0.0000,1.0000,8956.0,-0.0252,3,0
47.9303,0.576621,59.987749,-0.007161,0.0000,1.0000,8952.9,-0.0250,3,0
47.9600,0.576621,59.987754,-0.007159,0.0000,1.0000,8960.6,-0.0248,3,0
47.9896,0.576621,59.987758,-0.007158,0.0000,1.0000,8968.8,-0.0246,3,0
48.0190,0.576621,59.987762,-0.007157,0.0000,1.0000,8978.5,-0.0244,3,0
48.0500,0.576621,59.987767,-0.007155,0.0000,1.0000,8979.8,-0.0241,3,0
48.0818,0.576621,59.987772,-0.007154,0.0000,1.0000,8976.9,-0.0238,3,0
48.1103,0.576621,59.987776,-0.007153,0.0000,1.0000,8987.6,-0.0238,3,0
48.1395,0.576621,59.987781,-0.007151,0.0000,1.0000,8981.6,-0.0237,3,0
48.1256,0.577809,59.987786,-0.007150,0.0000,1.0000,8932.7,-0.0238,3,0
48.1116,0.577809,59.987791,-0.007149,0.0000,1.0000,8884.0,-0.0239,3,0
48.0962,0.577809,59.987796,-0.007147,0.0000,1.0000,8835.6,-0.0239,3,0
48.0814,0.577809,59.987800,-0.007146,0.0000,1.0000,8787.3,-0.0240,3,0
48.1120,0.577809,59.987805,-0.007145,0.0000,1.0000,7894.0,-0.0240,4,0
48.1553,0.577809,59.987810,-0.007143,0.0000,1.0000,7553.9,-0.0239,4,0
48.1930,0.577809,59.987814,-0.007142,0.0000,1.0000,7536.9,-0.0236,4,0
48.2285,0.577809,59.987818,-0.007141,0.0000,1.0000,7520.1,-0.0232,4,0
48.2603,0.577809,59.987822,-0.007140,0.0000,1.0000,7521.6,-0.0227,4,0
48.2900,0.577809,59.987826,-0.007138,0.0000,1.0000,7529.4,-0.0221,4,0
48.3231,0.578998,59.987830,-0.007137,0.0000,1.0000,7520.7,-0.0213,4,0
48.3528,0.578998,59.987834,-0.007136,0.0000,1.0000,7526.8,-0.0205,4,0
48.3827,0.578998,59.987838,-0.007135,0.0000,1.0000,7533.2,-0.0198,4,0
48.4115,0.578998,59.987842,-0.007133,0.0000,1.0000,7543.8,-0.0191,4,0
48.4424,0.578998,59.987846,-0.007132,0.0000,1.0000,7544.2,-0.0184,4,0
48.4742,0.578998,59.987850,-0.007131,0.0000,1.0000,7540.3,-0.0179,4,0
48.5032,0.578998,59.987854,-0.007130,0.0000,1.0000,7551.0,-0.0175,4,0
48.5326,0.578998,59.987858,-0.007129,0.0000,1.0000,7558.7,-0.0173,4,0
48.5624,0.578998,59.987863,-0.007127,0.0000,1.0000,7565.0,-0.0172,4,0
48.5947,0.578998,59.987867,-0.007126,0.0000,1.0000,7559.3,-0.0172,4,0
48.6239,0.580200,59.987871,-0.007125,0.0000,1.0000,7566.7,-0.0173,4,0
48.6535,0.580200,59.987875,-0.007124,0.0000,1.0000,7574.4,-0.0176,4,0
48.6818,0.580200,59.987879,-0.007123,0.0000,1.0000,7587.3,-0.0178,4,0
48.7127,0.580200,59.987884,-0.007122,0.0000,1.0000,7586.1,-0.0182,4,0
48.7439,0.580200,59.987888,-0.007120,0.0000,1.0000,7584.5,-0.0186,4,0
48.7729,0.580200,59.987892,-0.007119,0.0000,1.0000,7593.5,-0.0190,4,0
48.8015,0.580200,59.987897,-0.007118,0.0000,1.0000,7604.2,-0.0195,4,0
48.8304,0.580200,59.987901,-0.007117,0.0000,1.0000,7611.9,-0.0199,4,0
48.8629,0.580200,59.987906,-0.007116,0.0000,1.0000,7604.0,-0.0202,4,0
48.8924,0.580200,59.987910,-0.007115,0.0000,1.0000,7610.2,-0.0206,4,0
48.9214,0.581408,59.987915,-0.007114,0.0000,1.0000,7618.9,-0.0209,4,0
48.9508,0.581408,59.987920,-0.007112,0.0000,1.0000,7625.2,-0.0212,4,0
48.9829,0.581408,59.987924,-0.007111,0.0000,1.0000,7619.0,-0.0215,4,0
49.0127,0.581408,59.987929,-0.007110,0.0000,1.0000,7622.1,-0.0218,4,0
49.0411,0.581408,59.987933,-0.007109,0.0000,1.0000,7633.5,-0.0222,4,0
49.0700,0.581408,59.987938,-0.007108,0.0000,1.0000,7641.9,-0.0227,4,0
49.1001,0.581408,59.987942,-0.007107,0.0000,1.0000,7642.3,-0.0232,4,0
49.1317,0.581408,59.987946,-0.007106,0.0000,1.0000,7637.7,-0.0238,4,0
49.1598,0.581408,59.987951,-0.007105,0.0000,1.0000,7648.6,-0.0244,4,0
49.1888,0.581408,59.987955,-0.007104,0.0000,1.0000,7655.8,-0.0251,4,0
49.2177,0.582625,59.987959,-0.007102,0.0000,1.0000,7661.7,-0.0258,4,0
49.2489,0.582625,59.987963,-0.007101,0.0000,1.0000,7657.2,-0.0264,4,0
49.2777,0.582625,59.987967,-0.007100,0.0000,1.0000,7664.2,-0.0271,4,0
49.3062,0.582625,59.987972,-0.007099,0.0000,1.0000,7673.2,-0.0278,4,0
49.3344,0.582625,59.987976,-0.007098,0.0000,1.0000,7681.3,-0.0283,4,0
49.3644,0.582625,59.987980,-0.007097,0.0000,1.0000,7679.8,-0.0286,4,0
49.3943,0.582625,59.987985,-0.007096,0.0000,1.0000,7681.1,-0.0289,4,0
49.4218,0.582625,59.987989,-0.007095,0.0000,1.0000,7692.8,-0.0291,4,0
49.4502,0.582625,59.987994,-0.007094,0.0000,1.0000,7698.4,-0.0292,4,0
49.4787,0.582625,59.987998,-0.007093,0.0000,1.0000,7703.0,-0.0291,4,0
49.5092,0.583847,59.988003,-0.007092,0.0000,1.0000,7699.9,-0.0287,4,0
49.5367,0.583847,59.988008,-0.007091,0.0000,1.0000,7710.8,-0.0283,4,0
49.5648,0.583847,59.988012,-0.007090,0.0000,1.0000,7718.3,-0.0278,4,0
49.5922,0.583847,59.988017,-0.007089,0.0000,1.0000,7726.1,-0.0270,4,0
49.6232,0.583847,59.988021,-0.007088,0.0000,1.0000,7720.5,-0.0262,4,0
49.6517,0.583847,59.988026,-0.007087,0.0000,1.0000,7727.4,-0.0253,4,0
49.6793,0.583847,59.988030,-0.007086,0.0000,1.0000,7737.5,-0.0244,4,0
49.7073,0.583847,59.988034,-0.007085,0.0000,1.0000,7743.8,-0.0235,4,0
49.7372,0.583847,59.988039,-0.007084,0.0000,1.0000,7742.0,-0.0225,4,0
49.7673,0.583847,59.988043,-0.007083,0.0000,1.0000,7742.6,-0.0217,4,0
49.7940,0.585078,59.988047,-0.007082,0.0000,1.0000,7756.3,-0.0209,4,0
49.8224,0.585078,59.988051,-0.007081,0.0000,1.0000,7762.0,-0.0201,4,0
49.8508,0.585078,59.988055,-0.007080,0.0000,1.0000,7765.1,-0.0194,4,0
49.8813,0.585078,59.988060,-0.007079,0.0000,1.0000,7762.1,-0.0188,4,0
49.9093,0.585078,59.988064,-0.007078,0.0000,1.0000,7769.6,-0.0183,4,0
49.9369,0.585078,59.988068,-0.007077,0.0000,1.0000,7778.2,-0.0179,4,0
49.9641,0.585078,59.988073,-0.007076,0.0000,1.0000,7786.0,-0.0176,4,0
49.9948,0.585078,59.988077,-0.007076,0.0000,1.0000,7780.4,-0.0174,4,0
50.0237,0.585078,59.988081,-0.007075,0.0000,1.0000,7783.8,-0.0172,4,0
50.0511,0.585078,59.988086,-0.007074,0.0000,1.0000,7792.6,-0.0172,4,0
50.0784,0.586316,59.988090,-0.007073,0.0000,1.0000,7799.9,-0.0172,4,0
50.1080,0.586316,59.988095,-0.007072,0.0000,1.0000,7798.3,-0.0174,4,0
50.1378,0.586316,59.988099,-0.007071,0.0000,1.0000,7797.3,-0.0177,4,0
50.1645,0.586316,59.988104,-0.007070,0.0000,1.0000,7808.5,-0.0180,4,0
50.1917,0.586316,59.988108,-0.007070,0.0000,1.0000,7816.8,-0.0184,4,0
50.2203,0.586316,59.988113,-0.007069,0.0000,1.0000,7818.2,-0.0189,4,0
50.2504,0.586316,59.988118,-0.007068,0.0000,1.0000,7814.4,-0.0193,4,0
50.2777,0.586316,59.988122,-0.007067,0.0000,1.0000,7823.8,-0.0197,4,0
50.3045,0.586316,59.988127,-0.007066,0.0000,1.0000,7831.6,-0.0201,4,0
50.3311,0.586316,59.988132,-0.007065,0.0000,1.0000,7839.1,-0.0203,4,0
50.3614,0.587563,59.988136,-0.007065,0.0000,1.0000,7832.3,-0.0205,4,0
50.3888,0.587563,59.988141,-0.007064,0.0000,1.0000,7838.7,-0.0207,4,0
50.4153,0.587563,59.988146,-0.007063,0.0000,1.0000,7847.2,-0.0207,4,0
50.4413,0.587563,59.988151,-0.007062,0.0000,1.0000,7856.6,-0.0206,4,0
50.4712,0.587563,59.988155,-0.007061,0.0000,1.0000,7851.4,-0.0204,4,0
50.4998,0.587563,59.988160,-0.007061,0.0000,1.0000,7851.6,-0.0202,4,0
50.5257,0.587563,59.988165,-0.007060,0.0000,1.0000,7862.4,-0.0200,4,0
50.5522,0.587563,59.988169,-0.007059,0.0000,1.0000,7868.9,-0.0196,4,0
50.5803,0.587563,59.988174,-0.007058,0.0000,1.0000,7868.9,-0.0193,4,0
50.6095,0.587563,59.988178,-0.007058,0.0000,1.0000,7865.8,-0.0190,4,0
50.6349,0.588819,59.988183,-0.007057,0.0000,1.0000,7877.5,-0.0187,4,0
50.6614,0.588819,59.988187,-0.007056,0.0000,1.0000,7882.9,-0.0184,4,0
50.6884,0.588819,59.988191,-0.007055,0.0000,1.0000,7886.0,-0.0182,4,0
50.7171,0.588819,59.988196,-0.007055,0.0000,1.0000,7883.0,-0.0179,4,0
50.7425,0.588819,59.988200,-0.007054,0.0000,1.0000,7894.4,-0.0178,4,0
50.7687,0.588819,59.988205,-0.007053,0.0000,1.0000,7900.4,-0.0177,4,0
50.7951,0.588819,59.988210,-0.007052,0.0000,1.0000,7904.1,-0.0176,4,0
50.8235,0.588819,59.988214,-0.007052,0.0000,1.0000,7902.1,-0.0176,4,0
50.8498,0.588819,59.988219,-0.007051,0.0000,1.0000,7909.8,-0.0177,4,0
50.8748,0.588819,59.988223,-0.007050,0.0000,1.0000,7920.8,-0.0179,4,0
50.9013,0.590081,59.988228,-0.007050,0.0000,1.0000,7924.1,-0.0183,4,0
50.9292,0.590081,59.988232,-0.007049,0.0000,1.0000,7923.0,-0.0189,4,0
50.9564,0.590081,59.988236,-0.007048,0.0000,1.0000,7926.6,-0.0196,4,0
50.9806,0.590081,59.988241,-0.007047,0.0000,1.0000,7940.1,-0.0203,4,0
51.0064,0.590081,59.988245,-0.007047,0.0000,1.0000,7944.2,-0.0212,4,0
51.0337,0.590081,59.988250,-0.007046,0.0000,1.0000,7944.4,-0.0221,4,0
51.0609,0.590081,59.988255,-0.007045,0.0000,1.0000,7944.7,-0.0230,4,0
51.0843,0.590081,59.988259,-0.007045,0.0000,1.0000,7957.5,-0.0238,4,0
51.1098,0.590081,59.988264,-0.007044,0.0000,1.0000,7961.6,-0.0244,4,0
51.1355,0.590081,59.988269,-0.007044,0.0000,1.0000,7963.9,-0.0248,4,0
51.1633,0.591347,59.988274,-0.007043,0.0000,1.0000,7960.5,-0.0251,4,0
51.1868,0.591347,59.988278,-0.007042,0.0000,1.0000,7972.1,-0.0252,4,0
51.2118,0.591347,59.988283,-0.007042,0.0000,1.0000,7977.3,-0.0249,4,0
51.2375,0.591347,59.988288,-0.007041,0.0000,1.0000,7979.1,-0.0246,4,0
51.2647,0.591347,59.988292,-0.007040,0.0000,1.0000,7977.0,-0.0242,4,0
51.2892,0.591347,59.988297,-0.007040,0.0000,1.0000,7985.3,-0.0237,4,0
51.3131,0.591347,59.988302,-0.007039,0.0000,1.0000,7994.6,-0.0230,4,0
51.3391,0.591347,59.988306,-0.007039,0.0000,1.0000,7996.7,-0.0224,4,0
51.3664,0.591347,59.988311,-0.007038,0.0000,1.0000,7993.6,-0.0219,4,0
51.3918,0.591347,59.988315,-0.007038,0.0000,1.0000,7999.7,-0.0215,4,0
51.4154,0.592615,59.988320,-0.007037,0.0000,1.0000,8012.1,-0.0210,4,0
51.4414,0.592615,59.988324,-0.007036,0.0000,1.0000,8014.2,-0.0209,4,0
51.4687,0.592615,59.988329,-0.007036,0.0000,1.0000,8011.8,-0.0208,4,0
51.4953,0.592615,59.988333,-0.007035,0.0000,1.0000,8012.6,-0.0209,4,0
51.5188,0.592615,59.988338,-0.007035,0.0000,1.0000,8025.3,-0.0212,4,0
51.5439,0.592615,59.988342,-0.007034,0.0000,1.0000,8030.4,-0.0216,4,0
51.5699,0.592615,59.988347,-0.007034,0.0000,1.0000,8032.7,-0.0222,4,0
51.5975,0.592615,59.988351,-0.007033,0.0000,1.0000,8027.4,-0.0228,4,0
51.6209,0.592615,59.988356,-0.007033,0.0000,1.0000,8037.1,-0.0234,4,0
51.6446,0.592615,59.988360,-0.007032,0.0000,1.0000,8046.2,-0.0241,4,0
51.6686,0.593883,59.988365,-0.007032,0.0000,1.0000,8054.6,-0.0248,4,0
51.6949,0.593883,59.988370,-0.007031,0.0000,1.0000,8049.8,-0.0256,4,0
51.7184,0.593883,59.988374,-0.007031,0.0000,1.0000,8056.0,-0.0263,4,0
51.7420,0.593883,59.988379,-0.007030,0.0000,1.0000,8059.3,-0.0268,4,0
51.7641,0.593883,59.988383,-0.007030,0.0000,1.0000,8068.0,-0.0272,4,0
51.7898,0.593883,59.988388,-0.007029,0.0000,1.0000,8062.5,-0.0274,4,0
51.8135,0.593883,59.988393,-0.007029,0.0000,1.0000,8062.2,-0.0274,4,0
51.8353,0.593883,59.988397,-0.007029,0.0000,1.0000,8069.9,-0.0270,4,0
51.8583,0.593883,59.988402,-0.007028,0.0000,1.0000,8075.9,-0.0264,4,0
51.8844,0.593883,59.988406,-0.007028,0.0000,1.0000,8066.4,-0.0257,4,0
51.9072,0.595159,59.988411,-0.007027,0.0000,1.0000,8070.0,-0.0247,4,0
51.9289,0.595159,59.988416,-0.007027,0.0000,1.0000,8079.3,-0.0236,4,0
51.9518,0.595159,59.988420,-0.007026,0.0000,1.0000,8082.9,-0.0223,4,0
51.9761,0.595159,59.988425,-0.007026,0.0000,1.0000,8082.0,-0.0210,4,0
51.9990,0.595159,59.988429,-0.007026,0.0000,1.0000,8087.3,-0.0196,4,0
52.0196,0.595159,59.988434,-0.007025,0.0000,1.0000,8102.2,-0.0182,4,0
52.0433,0.595159,59.988439,-0.007025,0.0000,1.0000,8103.6,-0.0169,4,0
52.0682,0.595159,59.988443,-0.007025,0.0000,1.0000,8104.2,-0.0157,4,0
52.0916,0.595159,59.988448,-0.007024,0.0000,1.0000,8107.2,-0.0147,4,0
52.1132,0.595159,59.988452,-0.007024,0.0000,1.0000,8121.0,-0.0136,4,0
52.1380,0.596442,59.988457,-0.007024,0.0000,1.0000,8121.2,-0.0129,4,0
52.1634,0.596442,59.988462,-0.007023,0.0000,1.0000,8122.1,-0.0124,4,0
52.1888,0.596442,59.988466,-0.007023,0.0000,1.0000,8121.1,-0.0121,4,0
52.2104,0.596442,59.988471,-0.007023,0.0000,1.0000,8135.3,-0.0119,4,0
52.2347,0.596442,59.988475,-0.007022,0.0000,1.0000,8138.7,-0.0119,4,0
52.2599,0.596442,59.988480,-0.007022,0.0000,1.0000,8138.5,-0.0122,4,0
52.2856,0.596442,59.988485,-0.007022,0.0000,1.0000,8133.2,-0.0126,4,0
52.3078,0.596442,59.988489,-0.007022,0.0000,1.0000,8144.1,-0.0131,4,0
52.3303,0.596442,59.988494,-0.007021,0.0000,1.0000,8151.9,-0.0136,4,0
52.3536,0.596442,59.988498,-0.007021,0.0000,1.0000,8157.4,-0.0141,4,0
52.3795,0.597733,59.988503,-0.007021,0.0000,1.0000,8149.7,-0.0147,4,0
52.4020,0.597733,59.988507,-0.007020,0.0000,1.0000,8157.2,-0.0151,4,0
52.4244,0.597733,59.988512,-0.007020,0.0000,1.0000,8162.8,-0.0155,4,0
52.4464,0.597733,59.988516,-0.007020,0.0000,1.0000,8170.7,-0.0159,4,0
52.4712,0.597733,59.988520,-0.007020,0.0000,1.0000,8165.5,-0.0162,4,0
52.4938,0.597733,59.988525,-0.007019,0.0000,1.0000,8168.6,-0.0163,4,0
52.5160,0.597733,59.988530,-0.007019,0.0000,1.0000,8173.0,-0.0165,4,0
52.5375,0.597733,59.988535,-0.007019,0.0000,1.0000,8180.4,-0.0165,4,0
52.5617,0.597733,59.988540,-0.007019,0.0000,1.0000,8176.4,-0.0165,4,0
52.5846,0.597733,59.988545,-0.007019,0.0000,1.0000,8176.5,-0.0164,4,0
52.6055,0.599031,59.988550,-0.007018,0.0000,1.0000,8186.7,-0.0163,4,0
52.6269,0.599031,59.988555,-0.007018,0.0000,1.0000,8195.0,-0.0161,4,0
52.6518,0.599031,59.988560,-0.007018,0.0000,1.0000,8186.7,-0.0160,4,0
52.6754,0.599031,59.988565,-0.007018,0.0000,1.0000,8184.8,-0.0157,4,0
52.6970,0.599031,59.988570,-0.007018,0.0000,1.0000,8192.3,-0.0156,4,0
52.7186,0.599031,59.988575,-0.007017,0.0000,1.0000,8199.8,-0.0155,4,0
52.7425,0.599031,59.988580,-0.007017,0.0000,1.0000,8195.3,-0.0155,4,0
52.7655,0.599031,59.988584,-0.007017,0.0000,1.0000,8196.2,-0.0154,4,0
52.7857,0.599031,59.988588,-0.007017,0.0000,1.0000,8208.4,-0.0154,4,0
52.8076,0.599031,59.988593,-0.007017,0.0000,1.0000,8213.3,-0.0154,4,0
52.8307,0.600337,59.988597,-0.007017,0.0000,1.0000,8212.8,-0.0154,4,0
52.8540,0.600337,59.988602,-0.007016,0.0000,1.0000,8211.4,-0.0155,4,0
52.8741,0.600337,59.988606,-0.007016,0.0000,1.0000,8225.1,-0.0155,4,0
52.8964,0.600337,59.988611,-0.007016,0.0000,1.0000,8228.6,-0.0156,4,0
52.9198,0.600337,59.988615,-0.007016,0.0000,1.0000,8228.4,-0.0158,4,0
52.9433,0.600337,59.988620,-0.007016,0.0000,1.0000,8227.6,-0.0160,4,0
52.9635,0.600337,59.988625,-0.007016,0.0000,1.0000,8241.6,-0.0163,4,0
52.9860,0.600337,59.988630,-0.007016,0.0000,1.0000,8245.5,-0.0166,4,0
53.0093,0.600337,59.988635,-0.007015,0.0000,1.0000,8244.7,-0.0169,4,0
53.0332,0.600337,59.988640,-0.007015,0.0000,1.0000,8241.2,-0.0172,4,0
53.0530,0.601647,59.988645,-0.007015,0.0000,1.0000,8255.3,-0.0174,4,0
53.0745,0.601647,59.988650,-0.007015,0.0000,1.0000,8260.6,-0.0176,4,0
53.0961,0.601647,59.988655,-0.007015,0.0000,1.0000,8261.9,-0.0176,4,0
53.1189,0.601647,59.988660,-0.007015,0.0000,1.0000,8258.2,-0.0175,4,0
53.1385,0.601647,59.988665,-0.007015,0.0000,1.0000,8267.9,-0.0171,4,0
53.1586,0.601647,59.988670,-0.007015,0.0000,1.0000,8274.5,-0.0166,4,0
53.1798,0.601647,59.988675,-0.007015,0.0000,1.0000,8275.3,-0.0160,4,0
53.2030,0.601647,59.988679,-0.007015,0.0000,1.0000,8268.6,-0.0152,4,0
53.2223,0.601647,59.988684,-0.007015,0.0000,1.0000,8278.3,-0.0144,4,0
53.2435,0.601647,59.988688,-0.007014,0.0000,1.0000,8280.5,-0.0135,4,0
53.2645,0.602961,59.988693,-0.007014,0.0000,1.0000,8283.9,-0.0127,4,0
53.2874,0.602961,59.988698,-0.007014,0.0000,1.0000,8280.7,-0.0119,4,0
53.3063,0.602961,59.988702,-0.007014,0.0000,1.0000,8296.0,-0.0113,4,0
53.3283,0.602961,59.988707,-0.007014,0.0000,1.0000,8298.6,-0.0109,4,0
53.3498,0.602961,59.988711,-0.007014,0.0000,1.0000,8302.3,-0.0108,4,0
53.3735,0.602961,59.988716,-0.007014,0.0000,1.0000,8297.8,-0.0107,4,0
53.3940,0.602961,59.988721,-0.007014,0.0000,1.0000,8310.5,-0.0109,4,0
53.4159,0.602961,59.988726,-0.007014,0.0000,1.0000,8315.5,-0.0115,4,0
53.4380,0.602961,59.988731,-0.007014,0.0000,1.0000,8319.6,-0.0122,4,0
53.4622,0.602961,59.988736,-0.007014,0.0000,1.0000,8314.4,-0.0131,4,0
53.4834,0.604277,59.988741,-0.007014,0.0000,1.0000,8322.5,-0.0141,4,0
53.5049,0.604277,59.988746,-0.007014,0.0000,1.0000,8329.4,-0.0152,4,0
53.5261,0.604277,59.988751,-0.007014,0.0000,1.0000,8336.6,-0.0164,4,0
53.5509,0.604277,59.988756,-0.007014,0.0000,1.0000,8329.6,-0.0178,4,0
53.5721,0.604277,59.988761,-0.007014,0.0000,1.0000,8337.6,-0.0191,4,0
53.5931,0.604277,59.988766,-0.007014,0.0000,1.0000,8344.0,-0.0205,4,0
53.6137,0.604277,59.988770,-0.007014,0.0000,1.0000,8352.4,-0.0219,4,0
53.6362,0.604277,59.988775,-0.007014,0.0000,1.0000,8351.7,-0.0233,4,0
53.6575,0.604277,59.988779,-0.007014,0.0000,1.0000,8354.8,-0.0247,4,0
53.6788,0.604277,59.988784,-0.007014,0.0000,1.0000,8357.2,-0.0260,4,0
53.6991,0.605596,59.988788,-0.007014,0.0000,1.0000,8360.7,-0.0272,4,0
53.7201,0.605596,59.988792,-0.007014,0.0000,1.0000,8361.9,-0.0283,4,0
53.7396,0.605596,59.988797,-0.007014,0.0000,1.0000,8365.4,-0.0291,4,0
53.7588,0.605596,59.988801,-0.007015,0.0000,1.0000,8369.0,-0.0297,4,0
53.7787,0.605596,59.988806,-0.007015,0.0000,1.0000,8371.0,-0.0298,4,0
53.7995,0.605596,59.988810,-0.007015,0.0000,1.0000,8370.8,-0.0294,4,0
53.8213,0.605596,59.988815,-0.007015,0.0000,1.0000,8368.2,-0.0287,4,0
53.8418,0.605596,59.988820,-0.007015,0.0000,1.0000,8369.6,-0.0276,4,0
53.8609,0.605596,59.988825,-0.007015,0.0000,1.0000,8378.0,-0.0261,4,0
53.8845,0.605596,59.988830,-0.007015,0.0000,1.0000,8368.7,-0.0245,4,0
53.9048,0.606923,59.988835,-0.007015,0.0000,1.0000,8373.5,-0.0227,4,0
53.9244,0.606923,59.988840,-0.007015,0.0000,1.0000,8381.3,-0.0209,4,0
53.9450,0.606923,59.988845,-0.007015,0.0000,1.0000,8384.6,-0.0190,4,0
53.9675,0.606923,59.988850,-0.007015,0.0000,1.0000,8381.1,-0.0172,4,0
53.9877,0.606923,59.988855,-0.007015,0.0000,1.0000,8389.7,-0.0156,4,0
54.0073,0.606923,59.988860,-0.007016,0.0000,1.0000,8398.5,-0.0142,4,0
54.0283,0.606923,59.988865,-0.007016,0.0000,1.0000,8402.3,-0.0131,4,0
54.0513,0.606923,59.988870,-0.007016,0.0000,1.0000,8399.1,-0.0122,4,0
54.0726,0.606923,59.988875,-0.007016,0.0000,1.0000,8405.3,-0.0116,4,0
54.0926,0.606923,59.988880,-0.007016,0.0000,1.0000,8415.9,-0.0113,4,0
54.1144,0.608256,59.988885,-0.007016,0.0000,1.0000,8419.1,-0.0112,4,0
54.1379,0.608256,59.988890,-0.007017,0.0000,1.0000,8417.0,-0.0113,4,0
54.1593,0.608256,59.988895,-0.007017,0.0000,1.0000,8423.1,-0.0116,4,0
54.1804,0.608256,59.988900,-0.007017,0.0000,1.0000,8429.2,-0.0120,4,0
54.2008,0.608256,59.988905,-0.007017,0.0000,1.0000,8436.8,-0.0125,4,0
54.2241,0.608256,59.988910,-0.007017,0.0000,1.0000,8430.7,-0.0130,4,0
54.2450,0.608256,59.988915,-0.007018,0.0000,1.0000,8435.5,-0.0135,4,0
54.2647,0.608256,59.988919,-0.007018,0.0000,1.0000,8443.7,-0.0139,4,0
54.2843,0.608256,59.988924,-0.007018,0.0000,1.0000,8451.4,-0.0142,4,0
54.3067,0.608256,59.988928,-0.007018,0.0000,1.0000,8448.5,-0.0145,4,0
54.3282,0.609589,59.988933,-0.007018,0.0000,1.0000,8449.4,-0.0146,4,0
54.3490,0.609589,59.988938,-0.007019,0.0000,1.0000,8453.3,-0.0147,4,0
54.3688,0.609589,59.988942,-0.007019,0.0000,1.0000,8461.5,-0.0147,4,0
54.3921,0.609589,59.988947,-0.007019,0.0000,1.0000,8456.0,-0.0147,4,0
54.4140,0.609589,59.988951,-0.007019,0.0000,1.0000,8456.6,-0.0147,4,0
54.4340,0.609589,59.988956,-0.007020,0.0000,1.0000,8465.1,-0.0147,4,0
54.4539,0.609589,59.988961,-0.007020,0.0000,1.0000,8473.6,-0.0148,4,0
54.4784,0.609589,59.988966,-0.007020,0.0000,1.0000,8463.7,-0.0149,4,0
54.4991,0.609589,59.988971,-0.007020,0.0000,1.0000,8469.4,-0.0150,4,0
54.5192,0.609589,59.988976,-0.007021,0.0000,1.0000,8478.3,-0.0151,4,0
54.5386,0.610927,59.988981,-0.007021,0.0000,1.0000,8489.1,-0.0152,4,0
54.5630,0.610927,59.988986,-0.007021,0.0000,1.0000,8479.4,-0.0153,4,0
54.5845,0.610927,59.988991,-0.007022,0.0000,1.0000,8481.8,-0.0155,4,0
54.6039,0.610927,59.988996,-0.007022,0.0000,1.0000,8492.7,-0.0155,4,0
54.6244,0.610927,59.989001,-0.007022,0.0000,1.0000,8498.7,-0.0156,4,0
54.6486,0.610927,59.989006,-0.007022,0.0000,1.0000,8490.4,-0.0156,4,0
54.6696,0.610927,59.989011,-0.007023,0.0000,1.0000,8494.2,-0.0156,4,0
54.6890,0.610927,59.989016,-0.007023,0.0000,1.0000,8505.0,-0.0156,4,0
54.7099,0.610927,59.989021,-0.007023,0.0000,1.0000,8510.7,-0.0156,4,0
54.7341,0.610927,59.989026,-0.007024,0.0000,1.0000,8503.4,-0.0156,4,0
54.7544,0.612270,59.989031,-0.007024,0.0000,1.0000,8511.4,-0.0156,4,0
54.7752,0.612270,59.989036,-0.007024,0.0000,1.0000,8516.7,-0.0156,4,0
54.7955,0.612270,59.989041,-0.007025,0.0000,1.0000,8525.3,-0.0156,4,0
54.8191,0.612270,59.989046,-0.007025,0.0000,1.0000,8519.7,-0.0156,4,0
54.8394,0.612270,59.989051,-0.007025,0.0000,1.0000,8525.7,-0.0157,4,0
54.8587,0.612270,59.989056,-0.007026,0.0000,1.0000,8535.7,-0.0157,4,0
54.8786,0.612270,59.989061,-0.007026,0.0000,1.0000,8541.6,-0.0157,4,0
54.9011,0.612270,59.989066,-0.007026,0.0000,1.0000,8537.4,-0.0157,4,0
54.9213,0.612270,59.989071,-0.007027,0.0000,1.0000,8540.7,-0.0155,4,0
54.9417,0.612270,59.989076,-0.007027,0.0000,1.0000,8544.7,-0.0153,4,0
54.9620,0.613620,59.989081,-0.007028,0.0000,1.0000,8550.7,-0.0149,4,0
54.9855,0.613620,59.989085,-0.007028,0.0000,1.0000,8544.1,-0.0146,4,0
55.0058,0.613620,59.989090,-0.007028,0.0000,1.0000,8549.4,-0.0141,4,0
55.0265,0.613620,59.989095,-0.007029,0.0000,1.0000,8554.3,-0.0137,4,0
55.0474,0.613620,59.989100,-0.007029,0.0000,1.0000,8558.0,-0.0132,4,0
55.0703,0.613620,59.989105,-0.007029,0.0000,1.0000,8553.0,-0.0128,4,0
55.0906,0.613620,59.989110,-0.007030,0.0000,1.0000,8559.3,-0.0124,4,0
55.1104,0.613620,59.989115,-0.007030,0.0000,1.0000,8569.0,-0.0120,4,0
55.1314,0.613620,59.989120,-0.007031,0.0000,1.0000,8572.5,-0.0117,4,0
55.1546,0.613620,59.989125,-0.007031,0.0000,1.0000,8568.6,-0.0116,4,0
55.1757,0.614974,59.989130,-0.007032,0.0000,1.0000,8573.7,-0.0115,4,0
55.1959,0.614974,59.989135,-0.007032,0.0000,1.0000,8583.0,-0.0115,4,0
55.2178,0.614974,59.989140,-0.007032,0.0000,1.0000,8584.9,-0.0116,4,0
55.2418,0.614974,59.989145,-0.007033,0.0000,1.0000,8579.2,-0.0118,4,0
55.2620,0.614974,59.989150,-0.007033,0.0000,1.0000,8587.8,-0.0121,4,0
55.2814,0.614974,59.989155,-0.007034,0.0000,1.0000,8598.5,-0.0125,4,0
55.3038,0.614974,59.989160,-0.007034,0.0000,1.0000,8597.0,-0.0130,4,0
55.3253,0.614974,59.989165,-0.007035,0.0000,1.0000,8597.0,-0.0135,4,0
55.3447,0.614974,59.989170,-0.007035,0.0000,1.0000,8605.9,-0.0140,4,0
55.3649,0.614974,59.989175,-0.007036,0.0000,1.0000,8611.4,-0.0145,4,0
55.3860,0.616333,59.989179,-0.007036,0.0000,1.0000,8612.6,-0.0149,4,0
55.4074,0.616333,59.989184,-0.007036,0.0000,1.0000,8612.6,-0.0154,4,0
55.4277,0.616333,59.989189,-0.007037,0.0000,1.0000,8618.6,-0.0158,4,0
55.4483,0.616333,59.989194,-0.007037,0.0000,1.0000,8623.8,-0.0162,4,0
55.4710,0.616333,59.989199,-0.007038,0.0000,1.0000,8620.2,-0.0165,4,0
55.4927,0.616333,59.989204,-0.007038,0.0000,1.0000,8619.8,-0.0169,4,0
55.5131,0.616333,59.989209,-0.007039,0.0000,1.0000,8625.1,-0.0171,4,0
55.5329,0.616333,59.989214,-0.007039,0.0000,1.0000,8632.6,-0.0172,4,0
55.5549,0.616333,59.989219,-0.007040,0.0000,1.0000,8630.6,-0.0173,4,0
55.5761,0.616333,59.989224,-0.007040,0.0000,1.0000,8632.4,-0.0174,4,0
55.5963,0.617698,59.989229,-0.007041,0.0000,1.0000,8639.2,-0.0173,4,0
55.6164,0.617698,59.989234,-0.007041,0.0000,1.0000,8645.9,-0.0170,4,0
55.6397,0.617698,59.989239,-0.007042,0.0000,1.0000,8639.8,-0.0167,4,0
55.6604,0.617698,59.989244,-0.007042,0.0000,1.0000,8644.2,-0.0163,4,0
55.6804,0.617698,59.989249,-0.007043,0.0000,1.0000,8652.0,-0.0159,4,0
55.7007,0.617698,59.989254,-0.007043,0.0000,1.0000,8659.2,-0.0155,4,0
55.7245,0.617698,59.989259,-0.007044,0.0000,1.0000,8651.6,-0.0151,4,0
55.7449,0.617698,59.989264,-0.007044,0.0000,1.0000,8657.8,-0.0148,4,0
55.7654,0.617698,59.989269,-0.007045,0.0000,1.0000,8665.2,-0.0145,4,0
55.7855,0.617698,59.989274,-0.007046,0.0000,1.0000,8672.4,-0.0143,4,0
55.8090,0.619068,59.989279,-0.007046,0.0000,1.0000,8665.1,-0.0142,4,0
55.8294,0.619068,59.989284,-0.007047,0.0000,1.0000,8671.5,-0.0142,4,0
55.8495,0.619068,59.989289,-0.007047,0.0000,1.0000,8679.9,-0.0142,4,0
55.8695,0.619068,59.989294,-0.007048,0.0000,1.0000,8687.2,-0.0144,4,0
55.8927,0.619068,59.989299,-0.007048,0.0000,1.0000,8680.9,-0.0147,4,0
55.9125,0.619068,59.989304,-0.007049,0.0000,1.0000,8688.9,-0.0148,4,0
55.9326,0.619068,59.989309,-0.007049,0.0000,1.0000,8696.1,-0.0151,4,0
55.9535,0.619068,59.989314,-0.007050,0.0000,1.0000,8698.7,-0.0153,4,0
55.9759,0.619068,59.989319,-0.007051,0.0000,1.0000,8694.8,-0.0154,4,0
55.9951,0.619068,59.989324,-0.007051,0.0000,1.0000,8703.4,-0.0155,4,0
56.0155,0.620442,59.989328,-0.007052,0.0000,1.0000,8708.8,-0.0155,4,0
56.0363,0.620442,59.989333,-0.007052,0.0000,1.0000,8709.6,-0.0155,4,0
56.0576,0.620442,59.989338,-0.007053,0.0000,1.0000,8709.2,-0.0154,4,0
56.0776,0.620442,59.989343,-0.007054,0.0000,1.0000,8715.8,-0.0151,4,0
56.0980,0.620442,59.989348,-0.007054,0.0000,1.0000,8720.3,-0.0148,4,0
56.1193,0.620442,59.989353,-0.007055,0.0000,1.0000,8720.8,-0.0146,4,0
56.1417,0.620442,59.989358,-0.007056,0.0000,1.0000,8717.6,-0.0143,4,0
56.1622,0.620442,59.989364,-0.007056,0.0000,1.0000,8723.7,-0.0140,4,0
56.1821,0.620442,59.989369,-0.007057,0.0000,1.0000,8731.2,-0.0138,4,0
56.2047,0.620442,59.989375,-0.007057,0.0000,1.0000,8727.1,-0.0136,4,0
56.2255,0.621817,59.989380,-0.007058,0.0000,1.0000,8730.5,-0.0133,4,0
56.2462,0.621817,59.989385,-0.007059,0.0000,1.0000,8736.4,-0.0132,4,0
56.2661,0.621817,59.989391,-0.007059,0.0000,1.0000,8743.9,-0.0130,4,0
56.2884,0.621817,59.989396,-0.007060,0.0000,1.0000,8740.6,-0.0129,4,0
56.3088,0.621817,59.989402,-0.007061,0.0000,1.0000,8745.4,-0.0127,4,0
56.3291,0.621817,59.989407,-0.007061,0.0000,1.0000,8751.0,-0.0126,4,0
56.3491,0.621817,59.989412,-0.007062,0.0000,1.0000,8756.4,-0.0124,4,0
56.3714,0.621817,59.989417,-0.007063,0.0000,1.0000,8753.2,-0.0123,4,0
56.3915,0.621817,59.989422,-0.007063,0.0000,1.0000,8760.0,-0.0120,4,0
56.4121,0.621817,59.989427,-0.007064,0.0000,1.0000,8764.4,-0.0118,4,0
56.4329,0.623200,59.989431,-0.007065,0.0000,1.0000,8767.3,-0.0116,4,0
56.4557,0.623200,59.989436,-0.007066,0.0000,1.0000,8762.5,-0.0114,4,0
56.4753,0.623200,59.989441,-0.007066,0.0000,1.0000,8771.5,-0.0111,4,0
56.4956,0.623200,59.989446,-0.007067,0.0000,1.0000,8776.7,-0.0109,4,0
56.5168,0.623200,59.989451,-0.007068,0.0000,1.0000,8778.6,-0.0108,4,0
56.5397,0.623200,59.989456,-0.007068,0.0000,1.0000,8775.0,-0.0107,4,0
56.5596,0.623200,59.989461,-0.007069,0.0000,1.0000,8783.8,-0.0106,4,0
56.5802,0.623200,59.989466,-0.007070,0.0000,1.0000,8790.6,-0.0106,4,0
56.6024,0.623200,59.989471,-0.007071,0.0000,1.0000,8789.3,-0.0106,4,0
56.6244,0.623200,59.989476,-0.007071,0.0000,1.0000,8790.9,-0.0106,4,0
56.6451,0.624588,59.989481,-0.007072,0.0000,1.0000,8797.8,-0.0107,4,0
56.6656,0.624588,59.989486,-0.007073,0.0000,1.0000,8803.9,-0.0108,4,0
56.6874,0.624588,59.989491,-0.007073,0.0000,1.0000,8804.0,-0.0110,4,0
56.7087,0.624588,59.989496,-0.007074,0.0000,1.0000,8806.6,-0.0111,4,0
56.7289,0.624588,59.989501,-0.007075,0.0000,1.0000,8812.4,-0.0112,4,0
56.7490,0.624588,59.989506,-0.007076,0.0000,1.0000,8817.2,-0.0112,4,0
56.7710,0.624588,59.989511,-0.007076,0.0000,1.0000,8815.6,-0.0112,4,0
56.7913,0.624588,59.989516,-0.007077,0.0000,1.0000,8820.3,-0.0111,4,0
56.8114,0.624588,59.989521,-0.007078,0.0000,1.0000,8824.3,-0.0109,4,0
56.8313,0.624588,59.989526,-0.007079,0.0000,1.0000,8829.5,-0.0107,4,0
56.8527,0.625980,59.989531,-0.007080,0.0000,1.0000,8828.5,-0.0103,4,0
56.8732,0.625980,59.989535,-0.007080,0.0000,1.0000,8832.9,-0.0099,4,0
56.8934,0.625980,59.989540,-0.007081,0.0000,1.0000,8837.2,-0.0093,4,0
56.9144,0.625980,59.989545,-0.007082,0.0000,1.0000,8837.9,-0.0088,4,0
56.9370,0.625980,59.989550,-0.007083,0.0000,1.0000,8832.5,-0.0083,4,0
56.9565,0.625980,59.989555,-0.007083,0.0000,1.0000,8840.3,-0.0076,4,0
56.9760,0.625980,59.989561,-0.007084,0.0000,1.0000,8845.8,-0.0070,4,0
56.9981,0.625980,59.989566,-0.007085,0.0000,1.0000,8843.3,-0.0064,4,0
57.0198,0.625980,59.989572,-0.007086,0.0000,1.0000,8842.6,-0.0059,4,0
57.0392,0.625980,59.989577,-0.007087,0.0000,1.0000,8851.0,-0.0053,4,0
57.0597,0.627380,59.989582,-0.007087,0.0000,1.0000,8856.0,-0.0048,4,0
57.0818,0.627380,59.989588,-0.007088,0.0000,1.0000,8853.6,-0.0045,4,0
57.1027,0.627380,59.989593,-0.007089,0.0000,1.0000,8858.3,-0.0041,4,0
57.1224,0.627380,59.989599,-0.007090,0.0000,1.0000,8866.9,-0.0038,4,0
57.1428,0.627380,59.989604,-0.007091,0.0000,1.0000,8871.9,-0.0034,4,0
57.1658,0.627380,59.989610,-0.007091,0.0000,1.0000,8868.3,-0.0031,4,0
57.1861,0.627380,59.989615,-0.007092,0.0000,1.0000,8875.8,-0.0028,4,0
57.2061,0.627380,59.989620,-0.007093,0.0000,1.0000,8883.9,-0.0026,4,0
57.2271,0.627380,59.989625,-0.007094,0.0000,1.0000,8888.2,-0.0024,4,0
57.2505,0.627380,59.989630,-0.007095,0.0000,1.0000,8883.3,-0.0022,4,0
57.2703,0.628785,59.989635,-0.007096,0.0000,1.0000,8893.0,-0.0020,4,0
57.2910,0.628785,59.989640,-0.007096,0.0000,1.0000,8897.4,-0.0019,4,0
57.3121,0.628785,59.989645,-0.007097,0.0000,1.0000,8901.2,-0.0018,4,0
57.3347,0.628785,59.989650,-0.007098,0.0000,1.0000,8898.3,-0.0018,4,0
57.3547,0.628785,59.989655,-0.007099,0.0000,1.0000,8906.5,-0.0019,4,0
57.3752,0.628785,59.989660,-0.007100,0.0000,1.0000,8911.7,-0.0021,4,0
57.3977,0.628785,59.989665,-0.007101,0.0000,1.0000,8909.8,-0.0023,4,0
57.4191,0.628785,59.989670,-0.007101,0.0000,1.0000,8911.9,-0.0025,4,0
57.4390,0.628785,59.989675,-0.007102,0.0000,1.0000,8918.9,-0.0027,4,0
57.4597,0.628785,59.989680,-0.007103,0.0000,1.0000,8922.5,-0.0029,4,0
57.4813,0.630194,59.989685,-0.007104,0.0000,1.0000,8922.0,-0.0031,4,0
57.5014,0.630194,59.989690,-0.007105,0.0000,1.0000,8926.7,-0.0032,4,0
57.5220,0.630194,59.989695,-0.007106,0.0000,1.0000,8928.8,-0.0035,4,0
57.5419,0.630194,59.989700,-0.007107,0.0000,1.0000,8920.1,-0.0038,4,0
57.5298,0.630194,59.989705,-0.007107,0.0000,1.0000,8871.5,-0.0039,4,0
57.5111,0.630194,59.989710,-0.007108,0.0000,1.0000,8823.1,-0.0041,4,0
57.4929,0.630194,59.989715,-0.007109,0.0000,1.0000,8774.8,-0.0043,4,0
57.4754,0.630194,59.989720,-0.007110,0.0000,1.0000,8726.8,-0.0044,4,0
57.4950,0.630194,59.989725,-0.007111,0.0000,1.0000,7833.8,-0.0045,5,0
57.5255,0.630194,59.989730,-0.007112,0.0000,1.0000,7705.2,-0.0046,5,0
57.5494,0.631607,59.989735,-0.007113,0.0000,1.0000,7697.6,-0.0048,5,0
57.5727,0.631607,59.989740,-0.007113,0.0000,1.0000,7696.5,-0.0050,5,0
57.5958,0.631607,59.989745,-0.007114,0.0000,1.0000,7694.0,-0.0052,5,0
57.6164,0.631607,59.989750,-0.007115,0.0000,1.0000,7700.4,-0.0053,5,0
57.6381,0.631607,59.989755,-0.007116,0.0000,1.0000,7702.4,-0.0054,5,0
57.6600,0.631607,59.989760,-0.007117,0.0000,1.0000,7703.8,-0.0056,5,0
57.6816,0.631607,59.989765,-0.007118,0.0000,1.0000,7706.2,-0.0057,5,0
57.7019,0.631607,59.989771,-0.007119,0.0000,1.0000,7713.4,-0.0058,5,0
57.7230,0.631607,59.989776,-0.007119,0.0000,1.0000,7717.7,-0.0059,5,0
57.7470,0.631607,59.989782,-0.007120,0.0000,1.0000,7711.9,-0.0060,5,0
57.7674,0.633022,59.989787,-0.007121,0.0000,1.0000,7720.5,-0.0061,5,0
57.7890,0.633022,59.989793,-0.007122,0.0000,1.0000,7724.3,-0.0062,5,0
57.8106,0.633022,59.989798,-0.007123,0.0000,1.0000,7728.1,-0.0062,5,0
57.8347,0.633022,59.989804,-0.007124,0.0000,1.0000,7724.2,-0.0062,5,0
57.8544,0.633022,59.989809,-0.007125,0.0000,1.0000,7735.9,-0.0063,5,0
57.8765,0.633022,59.989815,-0.007126,0.0000,1.0000,7738.9,-0.0063,5,0
57.8986,0.633022,59.989820,-0.007126,0.0000,1.0000,7742.1,-0.0064,5,0
57.9221,0.633022,59.989825,-0.007127,0.0000,1.0000,7740.3,-0.0064,5,0
57.9432,0.633022,59.989830,-0.007128,0.0000,1.0000,7747.7,-0.0065,5,0
57.9651,0.633022,59.989835,-0.007129,0.0000,1.0000,7751.5,-0.0066,5,0
57.9888,0.634441,59.989840,-0.007130,0.0000,1.0000,7748.7,-0.0067,5,0
58.0101,0.634441,59.989844,-0.007131,0.0000,1.0000,7754.1,-0.0068,5,0
58.0311,0.634441,59.989849,-0.007132,0.0000,1.0000,7759.9,-0.0069,5,0
58.0526,0.634441,59.989854,-0.007133,0.0000,1.0000,7764.9,-0.0069,5,0
58.0759,0.634441,59.989859,-0.007134,0.0000,1.0000,7762.1,-0.0069,5,0
58.0976,0.634441,59.989864,-0.007134,0.0000,1.0000,7766.2,-0.0069,5,0
58.1196,0.634441,59.989869,-0.007135,0.0000,1.0000,7769.8,-0.0069,5,0
58.1411,0.634441,59.989875,-0.007136,0.0000,1.0000,7774.3,-0.0067,5,0
58.1646,0.634441,59.989880,-0.007137,0.0000,1.0000,7771.5,-0.0067,5,0
58.1853,0.634441,59.989886,-0.007138,0.0000,1.0000,7779.0,-0.0065,5,0
58.2072,0.634441,59.989891,-0.007139,0.0000,1.0000,7782.9,-0.0064,5,0
58.2296,0.635866,59.989896,-0.007140,0.0000,1.0000,7783.0,-0.0063,5,0
58.2524,0.635866,59.989902,-0.007141,0.0000,1.0000,7784.1,-0.0062,5,0
58.2736,0.635866,59.989907,-0.007142,0.0000,1.0000,7790.8,-0.0062,5,0
58.2958,0.635866,59.989913,-0.007143,0.0000,1.0000,7794.2,-0.0062,5,0
58.3196,0.635866,59.989918,-0.007144,0.0000,1.0000,7790.6,-0.0062,5,0
58.3416,0.635866,59.989923,-0.007145,0.0000,1.0000,7793.4,-0.0062,5,0
58.3627,0.635866,59.989928,-0.007145,0.0000,1.0000,7800.5,-0.0064,5,0
58.3843,0.635866,59.989934,-0.007146,0.0000,1.0000,7805.8,-0.0065,5,0
58.4083,0.635866,59.989939,-0.007147,0.0000,1.0000,7801.4,-0.0067,5,0
58.4296,0.635866,59.989944,-0.007148,0.0000,1.0000,7807.3,-0.0068,5,0
58.4515,0.637294,59.989949,-0.007149,0.0000,1.0000,7812.1,-0.0068,5,0
58.4742,0.637294,59.989954,-0.007150,0.0000,1.0000,7812.3,-0.0068,5,0
58.4973,0.637294,59.989960,-0.007151,0.0000,1.0000,7811.7,-0.0068,5,0
58.5182,0.637294,59.989965,-0.007152,0.0000,1.0000,7820.1,-0.0068,5,0
58.5406,0.637294,59.989970,-0.007153,0.0000,1.0000,7822.8,-0.0066,5,0
58.5635,0.637294,59.989975,-0.007154,0.0000,1.0000,7823.2,-0.0064,5,0
58.5864,0.637294,59.989981,-0.007155,0.0000,1.0000,7824.4,-0.0062,5,0
58.6072,0.637294,59.989987,-0.007156,0.0000,1.0000,7833.4,-0.0061,5,0
58.6294,0.637294,59.989992,-0.007157,0.0000,1.0000,7838.1,-0.0059,5,0
58.6538,0.637294,59.989998,-0.007158,0.0000,1.0000,7832.8,-0.0058,5,0
58.6754,0.638730,59.990003,-0.007159,0.0000,1.0000,7840.2,-0.0058,5,0
58.6973,0.638730,59.990009,-0.007160,0.0000,1.0000,7847.0,-0.0058,5,0
58.7199,0.638730,59.990014,-0.007161,0.0000,1.0000,7849.2,-0.0060,5,0
58.7441,0.638730,59.990020,-0.007162,0.0000,1.0000,7845.2,-0.0062,5,0
58.7650,0.638730,59.990025,-0.007162,0.0000,1.0000,7854.2,-0.0066,5,0
58.7860,0.638730,59.990030,-0.007163,0.0000,1.0000,7861.0,-0.0069,5,0
58.8090,0.638730,59.990035,-0.007164,0.0000,1.0000,7859.8,-0.0073,5,0
58.8317,0.638730,59.990040,-0.007165,0.0000,1.0000,7859.6,-0.0077,5,0
58.8525,0.638730,59.990045,-0.007166,0.0000,1.0000,7867.6,-0.0079,5,0
58.8739,0.638730,59.990049,-0.007167,0.0000,1.0000,7872.6,-0.0081,5,0
58.8984,0.640170,59.990054,-0.007168,0.0000,1.0000,7865.2,-0.0084,5,0
58.9200,0.640170,59.990059,-0.007169,0.0000,1.0000,7870.8,-0.0085,5,0
58.9416,0.640170,59.990064,-0.007170,0.0000,1.0000,7877.2,-0.0086,5,0
58.9643,0.640170,59.990069,-0.007171,0.0000,1.0000,7879.2,-0.0087,5,0
58.9877,0.640170,59.990074,-0.007172,0.0000,1.0000,7877.3,-0.0089,5,0
59.0083,0.640170,59.990079,-0.007173,0.0000,1.0000,7888.5,-0.0090,5,0
59.0306,0.640170,59.990085,-0.007174,0.0000,1.0000,7893.3,-0.0092,5,0
59.0541,0.640170,59.990090,-0.007175,0.0000,1.0000,7892.0,-0.0094,5,0
59.0775,0.640170,59.990096,-0.007176,0.0000,1.0000,7894.2,-0.0097,5,0
59.0993,0.640170,59.990101,-0.007177,0.0000,1.0000,7902.8,-0.0100,5,0
59.1220,0.641615,59.990106,-0.007178,0.0000,1.0000,7907.3,-0.0104,5,0
59.1465,0.641615,59.990112,-0.007179,0.0000,1.0000,7904.5,-0.0109,5,0
59.1687,0.641615,59.990117,-0.007180,0.0000,1.0000,7910.3,-0.0114,5,0
59.1912,0.641615,59.990123,-0.007181,0.0000,1.0000,7914.9,-0.0119,5,0
59.2134,0.641615,59.990128,-0.007182,0.0000,1.0000,7918.1,-0.0124,5,0
59.2365,0.641615,59.990133,-0.007183,0.0000,1.0000,7916.8,-0.0128,5,0
59.2568,0.641615,59.990138,-0.007184,0.0000,1.0000,7925.9,-0.0130,5,0
59.2786,0.641615,59.990144,-0.007185,0.0000,1.0000,7929.4,-0.0132,5,0
59.3006,0.641615,59.990149,-0.007187,0.0000,1.0000,7930.6,-0.0132,5,0
59.3235,0.641615,59.990154,-0.007188,0.0000,1.0000,7928.2,-0.0131,5,0
59.3447,0.643066,59.990159,-0.007189,0.0000,1.0000,7934.0,-0.0127,5,0
59.3664,0.643066,59.990164,-0.007190,0.0000,1.0000,7938.1,-0.0123,5,0
59.3899,0.643066,59.990170,-0.007191,0.0000,1.0000,7934.2,-0.0117,5,0
59.4114,0.643066,59.990175,-0.007192,0.0000,1.0000,7938.4,-0.0112,5,0
59.4327,0.643066,59.990180,-0.007193,0.0000,1.0000,7944.1,-0.0106,5,0
59.4546,0.643066,59.990185,-0.007194,0.0000,1.0000,7946.9,-0.0100,5,0
59.4788,0.643066,59.990191,-0.007195,0.0000,1.0000,7941.9,-0.0094,5,0
59.4998,0.643066,59.990196,-0.007196,0.0000,1.0000,7951.0,-0.0089,5,0
59.5211,0.643066,59.990202,-0.007197,0.0000,1.0000,7957.4,-0.0083,5,0
59.5447,0.643066,59.990207,-0.007198,0.0000,1.0000,7954.3,-0.0079,5,0
59.5669,0.644525,59.990212,-0.007199,0.0000,1.0000,7957.8,-0.0074,5,0
59.5881,0.644525,59.990218,-0.007200,0.0000,1.0000,7965.9,-0.0070,5,0
59.6092,0.644525,59.990223,-0.007202,0.0000,1.0000,7971.8,-0.0065,5,0
59.6333,0.644525,59.990229,-0.007203,0.0000,1.0000,7967.6,-0.0062,5,0
59.6549,0.644525,59.990234,-0.007204,0.0000,1.0000,7973.3,-0.0056,5,0
59.6761,0.644525,59.990239,-0.007205,0.0000,1.0000,7980.4,-0.0052,5,0
59.6989,0.644525,59.990245,-0.007206,0.0000,1.0000,7980.8,-0.0046,5,0
59.7227,0.644525,59.990250,-0.007207,0.0000,1.0000,7977.9,-0.0041,5,0
59.7435,0.644525,59.990256,-0.007208,0.0000,1.0000,7987.2,-0.0033,5,0
59.7647,0.644525,59.990261,-0.007209,0.0000,1.0000,7993.4,-0.0026,5,0
59.7884,0.645988,59.990266,-0.007210,0.0000,1.0000,7989.9,-0.0018,5,0
59.8101,0.645988,59.990272,-0.007212,0.0000,1.0000,7995.1,-0.0008,5,0
59.8313,0.645988,59.990277,-0.007213,0.0000,1.0000,8000.4,0.0003,5,0
59.8529,0.645988,59.990283,-0.007214,0.0000,1.0000,8004.2,0.0015,5,0
59.8768,0.645988,59.990288,-0.007215,0.0000,1.0000,7998.8,0.0028,5,0
59.8974,0.645988,59.990293,-0.007216,0.0000,1.0000,8006.9,0.0044,5,0
59.9180,0.645988,59.990298,-0.007217,0.0000,1.0000,8012.1,0.0061,5,0
59.9405,0.645988,59.990304,-0.007218,0.0000,1.0000,8009.9,0.0077,5,0
59.9625,0.645988,59.990309,-0.007220,0.0000,1.0000,8010.9,0.0095,5,0
59.9820,0.645988,59.990314,-0.007221,0.0000,1.0000,8017.8,0.0113,5,0
60.0014,0.647454,59.990319,-0.007222,0.0000,1.0000,8022.5,0.0128,5,0
60.0238,0.647454,59.990324,-0.007223,0.0000,1.0000,8016.0,0.0143,5,0
60.0426,0.647454,59.990330,-0.007224,0.0000,1.0000,8023.2,0.0156,5,0
60.0603,0.647454,59.990335,-0.007225,0.0000,1.0000,8030.8,0.0166,5,0
60.0797,0.647454,59.990340,-0.007227,0.0000,1.0000,8033.0,0.0172,5,0
60.1000,0.647454,59.990346,-0.007228,0.0000,1.0000,8034.8,0.0175,5,0
60.1173,0.647454,59.990351,-0.007229,0.0000,1.0000,8047.3,0.0175,5,0
60.1352,0.647454,59.990357,-0.007230,0.0000,1.0000,8056.8,0.0171,5,0
60.1567,0.647454,59.990362,-0.007231,0.0000,1.0000,8055.8,0.0165,5,0
60.1758,0.647454,59.990368,-0.007232,0.0000,1.0000,8065.1,0.0156,5,0
60.1952,0.648927,59.990373,-0.007233,0.0000,1.0000,8071.8,0.0145,5,0
60.2162,0.648927,59.990378,-0.007235,0.0000,1.0000,8075.3,0.0132,5,0
60.2393,0.648927,59.990384,-0.007236,0.0000,1.0000,8072.0,0.0118,5,0
60.2594,0.648927,59.990389,-0.007237,0.0000,1.0000,8079.2,0.0104,5,0
60.2809,0.648927,59.990395,-0.007238,0.0000,1.0000,8083.6,0.0090,5,0
60.3045,0.648927,59.990400,-0.007239,0.0000,1.0000,8080.3,0.0079,5,0
60.3269,0.648927,59.990406,-0.007240,0.0000,1.0000,8082.5,0.0070,5,0
60.3476,0.648927,59.990411,-0.007241,0.0000,1.0000,8087.1,0.0063,5,0
60.3697,0.648927,59.990416,-0.007242,0.0000,1.0000,8086.7,0.0057,5,0
60.3933,0.648927,59.990422,-0.007244,0.0000,1.0000,8080.9,0.0054,5,0
60.4118,0.650405,59.990427,-0.007245,0.0000,1.0000,8092.5,0.0051,5,0
60.4331,0.650405,59.990432,-0.007246,0.0000,1.0000,8092.5,0.0049,5,0
60.4547,0.650405,59.990437,-0.007247,0.0000,1.0000,8091.0,0.0047,5,0
60.4755,0.650405,59.990443,-0.007248,0.0000,1.0000,8091.4,0.0045,5,0
60.4947,0.650405,59.990448,-0.007249,0.0000,1.0000,8096.7,0.0042,5,0
60.5150,0.650405,59.990453,-0.007250,0.0000,1.0000,8096.2,0.0040,5,0
60.5360,0.650405,59.990458,-0.007251,0.0000,1.0000,8094.4,0.0037,5,0
60.5553,0.650405,59.990464,-0.007252,0.0000,1.0000,8098.0,0.0033,5,0
60.5750,0.650405,59.990469,-0.007253,0.0000,1.0000,8099.2,0.0027,5,0
60.5951,0.650405,59.990474,-0.007254,0.0000,1.0000,8101.1,0.0022,5,0
60.6166,0.651888,59.990479,-0.007256,0.0000,1.0000,8096.6,0.0016,5,0
60.6344,0.651888,59.990484,-0.007257,0.0000,1.0000,8105.3,0.0008,5,0
60.6542,0.651888,59.990490,-0.007258,0.0000,1.0000,8106.0,0.0002,5,0
60.6748,0.651888,59.990495,-0.007259,0.0000,1.0000,8104.9,-0.0004,5,0
60.6937,0.651888,59.990500,-0.007260,0.0000,1.0000,8109.7,-0.0010,5,0
60.7121,0.651888,59.990506,-0.007261,0.0000,1.0000,8114.1,-0.0015,5,0
60.7309,0.651888,59.990512,-0.007262,0.0000,1.0000,8117.8,-0.0020,5,0
60.7514,0.651888,59.990518,-0.007263,0.0000,1.0000,8114.6,-0.0024,5,0
60.7684,0.651888,59.990524,-0.007264,0.0000,1.0000,8123.9,-0.0028,5,0
60.7864,0.651888,59.990530,-0.007265,0.0000,1.0000,8128.0,-0.0030,5,0
60.8060,0.653378,59.990536,-0.007266,0.0000,1.0000,8127.0,-0.0031,5,0
60.8240,0.653378,59.990542,-0.007267,0.0000,1.0000,8130.8,-0.0031,5,0
60.8406,0.653378,59.990548,-0.007268,0.0000,1.0000,8139.6,-0.0031,5,0
60.8586,0.653378,59.990554,-0.007269,0.0000,1.0000,8144.5,-0.0028,5,0
60.8785,0.653378,59.990560,-0.007270,0.0000,1.0000,8141.9,-0.0025,5,0
60.8953,0.653378,59.990565,-0.007271,0.0000,1.0000,8150.7,-0.0023,5,0
60.9131,0.653378,59.990570,-0.007272,0.0000,1.0000,8156.8,-0.0019,5,0
60.9331,0.653378,59.990576,-0.007273,0.0000,1.0000,8156.4,-0.0016,5,0
60.9523,0.653378,59.990581,-0.007275,0.0000,1.0000,8157.7,-0.0013,5,0
60.9693,0.653378,59.990586,-0.007276,0.0000,1.0000,8166.1,-0.0011,5,0
60.9880,0.654871,59.990591,-0.007277,0.0000,1.0000,8169.5,-0.0009,5,0
61.0087,0.654871,59.990596,-0.007278,0.0000,1.0000,8165.0,-0.0007,5,0
61.0264,0.654871,59.990602,-0.007279,0.0000,1.0000,8172.5,-0.0007,5,0
61.0447,0.654871,59.990607,-0.007280,0.0000,1.0000,8177.1,-0.0007,5,0
61.0646,0.654871,59.990612,-0.007281,0.0000,1.0000,8176.8,-0.0007,5,0
61.0853,0.654871,59.990617,-0.007282,0.0000,1.0000,8172.4,-0.0008,5,0
61.1027,0.654871,59.990623,-0.007283,0.0000,1.0000,8180.9,-0.0010,5,0
61.1217,0.654871,59.990628,-0.007284,0.0000,1.0000,8182.7,-0.0012,5,0
61.1422,0.654871,59.990633,-0.007285,0.0000,1.0000,8177.3,-0.0014,5,0
61.1598,0.654871,59.990639,-0.007286,0.0000,1.0000,8182.3,-0.0015,5,0
61.1776,0.656368,59.990644,-0.007287,0.0000,1.0000,8187.2,-0.0017,5,0
61.1967,0.656368,59.990649,-0.007288,0.0000,1.0000,8186.7,-0.0018,5,0
61.2162,0.656368,59.990654,-0.007289,0.0000,1.0000,8183.5,-0.0019,5,0
61.2327,0.656368,59.990660,-0.007290,0.0000,1.0000,8192.2,-0.0020,5,0
61.2509,0.656368,59.990665,-0.007291,0.0000,1.0000,8194.6,-0.0021,5,0
61.2707,0.656368,59.990671,-0.007292,0.0000,1.0000,8190.0,-0.0021,5,0
61.2882,0.656368,59.990677,-0.007293,0.0000,1.0000,8193.3,-0.0022,5,0
61.3047,0.656368,59.990682,-0.007295,0.0000,1.0000,8199.2,-0.0023,5,0
61.3223,0.656368,59.990688,-0.007296,0.0000,1.0000,8200.3,-0.0023,5,0
61.3412,0.656368,59.990694,-0.007297,0.0000,1.0000,8195.4,-0.0023,5,0
61.3567,0.657871,59.990700,-0.007298,0.0000,1.0000,8202.8,-0.0024,5,0
61.3739,0.657871,59.990706,-0.007299,0.0000,1.0000,8206.9,-0.0024,5,0
61.3922,0.657871,59.990711,-0.007300,0.0000,1.0000,8203.5,-0.0023,5,0
61.4098,0.657871,59.990717,-0.007301,0.0000,1.0000,8205.4,-0.0022,5,0
61.4262,0.657871,59.990723,-0.007302,0.0000,1.0000,8211.6,-0.0020,5,0
61.4437,0.657871,59.990728,-0.007303,0.0000,1.0000,8214.6,-0.0018,5,0
61.4628,0.657871,59.990734,-0.007304,0.0000,1.0000,8211.4,-0.0017,5,0
61.4789,0.657871,59.990739,-0.007305,0.0000,1.0000,8219.5,-0.0016,5,0
61.4959,0.657871,59.990744,-0.007306,0.0000,1.0000,8225.2,-0.0015,5,0
61.5150,0.657871,59.990749,-0.007307,0.0000,1.0000,8221.7,-0.0013,5,0
61.5327,0.659377,59.990755,-0.007308,0.0000,1.0000,8223.9,-0.0013,5,0
61.5487,0.659377,59.990760,-0.007309,0.0000,1.0000,8230.5,-0.0013,5,0
61.5656,0.659377,59.990765,-0.007311,0.0000,1.0000,8234.1,-0.0012,5,0
61.5842,0.659377,59.990771,-0.007312,0.0000,1.0000,8228.4,-0.0012,5,0
61.5992,0.659377,59.990776,-0.007313,0.0000,1.0000,8237.3,-0.0012,5,0
61.6158,0.659377,59.990782,-0.007314,0.0000,1.0000,8239.6,-0.0012,5,0
61.6330,0.659377,59.990787,-0.007315,0.0000,1.0000,8237.0,-0.0012,5,0
61.6497,0.659377,59.990793,-0.007316,0.0000,1.0000,8238.5,-0.0012,5,0
61.6651,0.659377,59.990799,-0.007317,0.0000,1.0000,8244.8,-0.0011,5,0
61.6814,0.659377,59.990804,-0.007318,0.0000,1.0000,8248.3,-0.0010,5,0
61.6997,0.660890,59.990810,-0.007319,0.0000,1.0000,8242.8,-0.0010,5,0
61.7146,0.660890,59.990816,-0.007320,0.0000,1.0000,8249.7,-0.0010,5,0
61.7301,0.660890,59.990822,-0.007321,0.0000,1.0000,8255.0,-0.0009,5,0
61.7475,0.660890,59.990827,-0.007322,0.0000,1.0000,8253.1,-0.0009,5,0
61.7643,0.660890,59.990833,-0.007324,0.0000,1.0000,8254.7,-0.0009,5,0
61.7797,0.660890,59.990838,-0.007325,0.0000,1.0000,8263.9,-0.0010,5,0
61.7972,0.660890,59.990844,-0.007326,0.0000,1.0000,8264.6,-0.0010,5,0
61.8158,0.660890,59.990849,-0.007327,0.0000,1.0000,8261.0,-0.0011,5,0
61.8318,0.660890,59.990855,-0.007328,0.0000,1.0000,8268.8,-0.0011,5,0
61.8483,0.660890,59.990860,-0.007329,0.0000,1.0000,8274.0,-0.0011,5,0
61.8660,0.662404,59.990865,-0.007330,0.0000,1.0000,8271.4,-0.0011,5,0
61.8828,0.662404,59.990871,-0.007331,0.0000,1.0000,8271.9,-0.0010,5,0
61.8983,0.662404,59.990876,-0.007332,0.0000,1.0000,8277.6,-0.0009,5,0
61.9144,0.662404,59.990882,-0.007333,0.0000,1.0000,8278.7,-0.0009,5,0
61.9322,0.662404,59.990887,-0.007334,0.0000,1.0000,8273.6,-0.0009,5,0
61.9473,0.662404,59.990893,-0.007336,0.0000,1.0000,8280.7,-0.0009,5,0
61.9633,0.662404,59.990898,-0.007337,0.0000,1.0000,8284.1,-0.0009,5,0
61.9806,0.662404,59.990904,-0.007338,0.0000,1.0000,8282.5,-0.0010,5,0
61.9982,0.662404,59.990910,-0.007339,0.0000,1.0000,8281.0,-0.0011,5,0
62.0135,0.662404,59.990915,-0.007340,0.0000,1.0000,8288.0,-0.0012,5,0
62.0295,0.663924,59.990921,-0.007341,0.0000,1.0000,8291.6,-0.0012,5,0
62.0482,0.663924,59.990927,-0.007342,0.0000,1.0000,8285.6,-0.0013,5,0
62.0624,0.663924,59.990933,-0.007343,0.0000,1.0000,8295.2,-0.0012,5,0
62.0786,0.663924,59.990938,-0.007344,0.0000,1.0000,8297.0,-0.0011,5,0
62.0950,0.663924,59.990944,-0.007345,0.0000,1.0000,8295.9,-0.0009,5,0
62.1112,0.663924,59.990949,-0.007347,0.0000,1.0000,8296.2,-0.0007,5,0
62.1264,0.663924,59.990955,-0.007348,0.0000,1.0000,8301.0,-0.0004,5,0
62.1413,0.663924,59.990960,-0.007349,0.0000,1.0000,8304.8,-0.0003,5,0
62.1587,0.663924,59.990965,-0.007350,0.0000,1.0000,8299.9,-0.0001,5,0
62.1736,0.663924,59.990971,-0.007351,0.0000,1.0000,8306.4,0.0000,5,0
62.1892,0.665446,59.990976,-0.007352,0.0000,1.0000,8309.2,0.0001,5,0
62.2067,0.665446,59.990981,-0.007353,0.0000,1.0000,8305.4,0.0001,5,0
62.2228,0.665446,59.990986,-0.007354,0.0000,1.0000,8306.7,0.0001,5,0
62.2374,0.665446,59.990992,-0.007355,0.0000,1.0000,8314.7,0.0001,5,0
62.2530,0.665446,59.990997,-0.007356,0.0000,1.0000,8318.7,0.0000,5,0
62.2713,0.665446,59.991003,-0.007358,0.0000,1.0000,8312.2,-0.0001,5,0
62.2862,0.665446,59.991009,-0.007359,0.0000,1.0000,8320.3,-0.0001,5,0
62.3011,0.665446,59.991014,-0.007360,0.0000,1.0000,8325.8,-0.0002,5,0
62.3184,0.665446,59.991020,-0.007361,0.0000,1.0000,8322.7,-0.0003,5,0
62.3344,0.665446,59.991026,-0.007362,0.0000,1.0000,8325.0,-0.0004,5,0
62.3488,0.666973,59.991032,-0.007363,0.0000,1.0000,8330.8,-0.0004,5,0
62.3644,0.666973,59.991038,-0.007364,0.0000,1.0000,8333.0,-0.0004,5,0
62.3817,0.666973,59.991043,-0.007365,0.0000,1.0000,8329.4,-0.0005,5,0
62.3961,0.666973,59.991049,-0.007366,0.0000,1.0000,8336.7,-0.0005,5,0
62.4116,0.666973,59.991055,-0.007368,0.0000,1.0000,8339.3,-0.0006,5,0
62.4283,0.666973,59.991060,-0.007369,0.0000,1.0000,8336.2,-0.0007,5,0
62.4439,0.666973,59.991066,-0.007370,0.0000,1.0000,8339.9,-0.0008,5,0
62.4583,0.666973,59.991071,-0.007371,0.0000,1.0000,8345.0,-0.0009,5,0
62.4735,0.666973,59.991076,-0.007372,0.0000,1.0000,8347.6,-0.0010,5,0
62.4911,0.666973,59.991081,-0.007373,0.0000,1.0000,8341.2,-0.0011,5,0
62.5046,0.668503,59.991087,-0.007374,0.0000,1.0000,8350.8,-0.0011,5,0
62.5200,0.668503,59.991092,-0.007375,0.0000,1.0000,8352.6,-0.0012,5,0
62.5368,0.668503,59.991097,-0.007376,0.0000,1.0000,8349.9,-0.0013,5,0
62.5522,0.668503,59.991103,-0.007378,0.0000,1.0000,8352.7,-0.0013,5,0
62.5665,0.668503,59.991108,-0.007379,0.0000,1.0000,8358.9,-0.0013,5,0
62.5814,0.668503,59.991114,-0.007380,0.0000,1.0000,8362.3,-0.0013,5,0
62.5987,0.668503,59.991119,-0.007381,0.0000,1.0000,8357.8,-0.0013,5,0
62.6121,0.668503,59.991125,-0.007382,0.0000,1.0000,8367.0,-0.0013,5,0
62.6269,0.668503,59.991131,-0.007383,0.0000,1.0000,8371.3,-0.0013,5,0
62.6440,0.668503,59.991136,-0.007384,0.0000,1.0000,8367.7,-0.0012,5,0
62.6591,0.670038,59.991142,-0.007385,0.0000,1.0000,8372.2,-0.0011,5,0
62.6737,0.670038,59.991148,-0.007386,0.0000,1.0000,8376.5,-0.0011,5,0
62.6887,0.670038,59.991154,-0.007388,0.0000,1.0000,8379.1,-0.0010,5,0
62.7058,0.670038,59.991159,-0.007389,0.0000,1.0000,8374.5,-0.0008,5,0
62.7193,0.670038,59.991165,-0.007390,0.0000,1.0000,8383.9,-0.0008,5,0
62.7342,0.670038,59.991171,-0.007391,0.0000,1.0000,8386.7,-0.0007,5,0
62.7516,0.670038,59.991176,-0.007392,0.0000,1.0000,8382.0,-0.0006,5,0
62.7664,0.670038,59.991182,-0.007393,0.0000,1.0000,8387.4,-0.0004,5,0
62.7814,0.670038,59.991188,-0.007394,0.0000,1.0000,8391.7,-0.0003,5,0
62.7974,0.670038,59.991194,-0.007395,0.0000,1.0000,8392.6,-0.0003,5,0
62.8145,0.671575,59.991199,-0.007397,0.0000,1.0000,8389.4,-0.0002,5,0
62.8281,0.671575,59.991205,-0.007398,0.0000,1.0000,8397.5,-0.0001,5,0
62.8430,0.671575,59.991211,-0.007399,0.0000,1.0000,8400.9,-0.0001,5,0
62.8603,0.671575,59.991216,-0.007400,0.0000,1.0000,8396.2,-0.0001,5,0
62.8750,0.671575,59.991222,-0.007401,0.0000,1.0000,8402.0,-0.0001,5,0
62.8904,0.671575,59.991228,-0.007402,0.0000,1.0000,8405.8,-0.0003,5,0
62.9073,0.671575,59.991234,-0.007403,0.0000,1.0000,8404.2,-0.0004,5,0
62.9238,0.671575,59.991239,-0.007404,0.0000,1.0000,8403.3,-0.0005,5,0
62.9385,0.671575,59.991245,-0.007406,0.0000,1.0000,8408.8,-0.0007,5,0
62.9535,0.671575,59.991251,-0.007407,0.0000,1.0000,8412.8,-0.0007,5,0
62.9702,0.673118,59.991257,-0.007408,0.0000,1.0000,8408.4,-0.0007,5,0
62.9836,0.673118,59.991263,-0.007409,0.0000,1.0000,8415.0,-0.0007,5,0
62.9974,0.673118,59.991268,-0.007410,0.0000,1.0000,8418.8,-0.0007,5,0
63.0125,0.673118,59.991274,-0.007411,0.0000,1.0000,8417.0,-0.0006,5,0
63.0272,0.673118,59.991280,-0.007412,0.0000,1.0000,8417.0,-0.0005,5,0
63.0411,0.673118,59.991285,-0.007413,0.0000,1.0000,8420.5,-0.0003,5,0
63.0551,0.673118,59.991291,-0.007415,0.0000,1.0000,8424.1,-0.0002,5,0
63.0716,0.673118,59.991296,-0.007416,0.0000,1.0000,8416.8,-0.0001,5,0
63.0844,0.673118,59.991301,-0.007417,0.0000,1.0000,8424.5,-0.0000,5,0
63.0987,0.673118,59.991307,-0.007418,0.0000,1.0000,8427.0,0.0000,5,0
63.1146,0.674665,59.991312,-0.007419,0.0000,1.0000,8424.2,0.0000,5,0
63.1281,0.674665,59.991317,-0.007420,0.0000,1.0000,8429.9,0.0000,5,0
63.1419,0.674665,59.991322,-0.007421,0.0000,1.0000,8435.9,0.0000,5,0
63.1570,0.674665,59.991328,-0.007422,0.0000,1.0000,8438.0,0.0000,5,0
63.1727,0.674665,59.991333,-0.007424,0.0000,1.0000,8437.3,-0.0001,5,0
63.1862,0.674665,59.991339,-0.007425,0.0000,1.0000,8444.9,-0.0002,5,0
63.2007,0.674665,59.991344,-0.007426,0.0000,1.0000,8450.0,-0.0003,5,0
63.2180,0.674665,59.991350,-0.007427,0.0000,1.0000,8443.9,-0.0004,5,0
63.2315,0.674665,59.991356,-0.007428,0.0000,1.0000,8452.6,-0.0006,5,0
63.2464,0.674665,59.991361,-0.007429,0.0000,1.0000,8455.8,-0.0007,5,0
63.2625,0.676214,59.991367,-0.007430,0.0000,1.0000,8454.6,-0.0007,5,0
63.2780,0.676214,59.991373,-0.007432,0.0000,1.0000,8454.4,-0.0008,5,0
63.2920,0.676214,59.991379,-0.007433,0.0000,1.0000,8460.4,-0.0008,5,0
63.3065,0.676214,59.991384,-0.007434,0.0000,1.0000,8463.7,-0.0009,5,0
63.3231,0.676214,59.991390,-0.007435,0.0000,1.0000,8457.8,-0.0009,5,0
63.3360,0.676214,59.991396,-0.007436,0.0000,1.0000,8465.6,-0.0009,5,0
63.3507,0.676214,59.991401,-0.007437,0.0000,1.0000,8467.3,-0.0009,5,0
63.3669,0.676214,59.991407,-0.007438,0.0000,1.0000,8464.0,-0.0008,5,0
63.3812,0.676214,59.991413,-0.007440,0.0000,1.0000,8466.9,-0.0007,5,0
63.3952,0.676214,59.991419,-0.007441,0.0000,1.0000,8471.7,-0.0006,5,0
63.4102,0.677768,59.991424,-0.007442,0.0000,1.0000,8472.5,-0.0005,5,0
63.4264,0.677768,59.991430,-0.007443,0.0000,1.0000,8467.6,-0.0004,5,0
63.4389,0.677768,59.991436,-0.007444,0.0000,1.0000,8478.1,-0.0004,5,0
63.4539,0.677768,59.991441,-0.007445,0.0000,1.0000,8478.9,-0.0003,5,0
63.4697,0.677768,59.991447,-0.007446,0.0000,1.0000,8475.2,-0.0003,5,0
63.4836,0.677768,59.991453,-0.007447,0.0000,1.0000,8480.0,-0.0003,5,0
63.4976,0.677768,59.991459,-0.007449,0.0000,1.0000,8484.5,-0.0003,5,0
63.5123,0.677768,59.991464,-0.007450,0.0000,1.0000,8485.3,-0.0004,5,0
63.5281,0.677768,59.991470,-0.007451,0.0000,1.0000,8482.0,-0.0005,5,0
63.5412,0.677768,59.991476,-0.007452,0.0000,1.0000,8489.9,-0.0007,5,0
63.5563,0.679324,59.991482,-0.007453,0.0000,1.0000,8490.2,-0.0009,5,0
63.5722,0.679324,59.991488,-0.007454,0.0000,1.0000,8486.7,-0.0011,5,0
63.5856,0.679324,59.991493,-0.007455,0.0000,1.0000,8493.1,-0.0013,5,0
63.5998,0.679324,59.991499,-0.007457,0.0000,1.0000,8496.7,-0.0014,5,0
63.6147,0.679324,59.991505,-0.007458,0.0000,1.0000,8496.3,-0.0015,5,0
63.6297,0.679324,59.991510,-0.007459,0.0000,1.0000,8494.5,-0.0016,5,0
63.6429,0.679324,59.991516,-0.007460,0.0000,1.0000,8500.3,-0.0016,5,0
63.6566,0.679324,59.991521,-0.007461,0.0000,1.0000,8504.8,-0.0016,5,0
63.6724,0.679324,59.991527,-0.007462,0.0000,1.0000,8500.1,-0.0016,5,0
63.6862,0.679324,59.991532,-0.007464,0.0000,1.0000,8504.3,-0.0015,5,0
63.7001,0.680884,59.991538,-0.007465,0.0000,1.0000,8509.2,-0.0013,5,0
63.7154,0.680884,59.991543,-0.007466,0.0000,1.0000,8505.6,-0.0012,5,0
63.7300,0.680884,59.991549,-0.007467,0.0000,1.0000,8507.4,-0.0011,5,0
63.7434,0.680884,59.991554,-0.007468,0.0000,1.0000,8513.2,-0.0010,5,0
63.7575,0.680884,59.991560,-0.007469,0.0000,1.0000,8515.3,-0.0009,5,0
63.7733,0.680884,59.991566,-0.007470,0.0000,1.0000,8511.2,-0.0008,5,0
63.7864,0.680884,59.991572,-0.007472,0.0000,1.0000,8517.0,-0.0007,5,0
63.7994,0.680884,59.991578,-0.007473,0.0000,1.0000,8522.0,-0.0006,5,0
63.8146,0.680884,59.991584,-0.007474,0.0000,1.0000,8517.0,-0.0005,5,0
63.8273,0.680884,59.991590,-0.007475,0.0000,1.0000,8521.8,-0.0003,5,0
63.8408,0.682448,59.991596,-0.007476,0.0000,1.0000,8526.0,-0.0002,5,0
63.8546,0.682448,59.991602,-0.007477,0.0000,1.0000,8527.1,-0.0002,5,0
63.8701,0.682448,59.991608,-0.007478,0.0000,1.0000,8525.7,-0.0001,5,0
63.8842,0.682448,59.991614,-0.007480,0.0000,1.0000,8530.4,-0.0001,5,0
63.8985,0.682448,59.991620,-0.007481,0.0000,1.0000,8533.2,-0.0000,5,0
63.9154,0.682448,59.991626,-0.007482,0.0000,1.0000,8526.9,0.0000,5,0
63.9282,0.682448,59.991631,-0.007483,0.0000,1.0000,8537.9,0.0001,5,0
63.9419,0.682448,59.991637,-0.007484,0.0000,1.0000,8541.7,0.0002,5,0
63.9567,0.682448,59.991642,-0.007485,0.0000,1.0000,8539.4,0.0003,5,0
63.9704,0.682448,59.991648,-0.007487,0.0000,1.0000,8542.3,0.0005,5,0
63.9834,0.684014,59.991654,-0.007488,0.0000,1.0000,8546.5,0.0008,5,0
63.9969,0.684014,59.991659,-0.007489,0.0000,1.0000,8547.0,0.0009,5,0
64.0122,0.684014,59.991665,-0.007490,0.0000,1.0000,8543.3,0.0011,5,0
64.0246,0.684014,59.991670,-0.007491,0.0000,1.0000,8550.4,0.0013,5,0
64.0379,0.684014,59.991676,-0.007492,0.0000,1.0000,8552.9,0.0014,5,0
64.0534,0.684014,59.991682,-0.007494,0.0000,1.0000,8547.8,0.0014,5,0
64.0659,0.684014,59.991688,-0.007495,0.0000,1.0000,8554.9,0.0015,5,0
64.0798,0.684014,59.991693,-0.007496,0.0000,1.0000,8555.7,0.0015,5,0
64.0937,0.684014,59.991699,-0.007497,0.0000,1.0000,8555.6,0.0015,5,0
64.1076,0.684014,59.991705,-0.007498,0.0000,1.0000,8556.4,0.0014,5,0
64.1199,0.685584,59.991711,-0.007499,0.0000,1.0000,8562.7,0.0013,5,0
64.1329,0.685584,59.991717,-0.007501,0.0000,1.0000,8565.6,0.0012,5,0
64.1483,0.685584,59.991722,-0.007502,0.0000,1.0000,8560.2,0.0011,5,0
64.1598,0.685584,59.991728,-0.007503,0.0000,1.0000,8570.8,0.0010,5,0
64.1732,0.685584,59.991734,-0.007504,0.0000,1.0000,8573.1,0.0010,5,0
64.1884,0.685584,59.991740,-0.007505,0.0000,1.0000,8569.3,0.0009,5,0
64.2008,0.685584,59.991745,-0.007506,0.0000,1.0000,8576.4,0.0008,5,0
64.2140,0.685584,59.991751,-0.007507,0.0000,1.0000,8579.4,0.0008,5,0
64.2281,0.685584,59.991756,-0.007509,0.0000,1.0000,8579.7,0.0007,5,0
64.2426,0.685584,59.991762,-0.007510,0.0000,1.0000,8580.1,0.0006,5,0
64.2551,0.687157,59.991768,-0.007511,0.0000,1.0000,8586.8,0.0005,5,0
64.2687,0.687157,59.991773,-0.007512,0.0000,1.0000,8589.1,0.0003,5,0
64.2845,0.687157,59.991779,-0.007513,0.0000,1.0000,8583.7,0.0001,5,0
64.2973,0.687157,59.991784,-0.007514,0.0000,1.0000,8590.8,-0.0001,5,0
64.3107,0.687157,59.991790,-0.007516,0.0000,1.0000,8593.1,-0.0004,5,0
64.3254,0.687157,59.991796,-0.007517,0.0000,1.0000,8590.8,-0.0007,5,0
64.3388,0.687157,59.991802,-0.007518,0.0000,1.0000,8594.1,-0.0009,5,0
64.3523,0.687157,59.991807,-0.007519,0.0000,1.0000,8595.8,-0.0012,5,0
64.3657,0.687157,59.991813,-0.007520,0.0000,1.0000,8597.1,-0.0014,5,0
64.3806,0.687157,59.991819,-0.007521,0.0000,1.0000,8593.5,-0.0015,5,0
64.3925,0.688734,59.991825,-0.007523,0.0000,1.0000,8600.8,-0.0015,5,0
64.4052,0.688734,59.991831,-0.007524,0.0000,1.0000,8604.2,-0.0016,5,0
64.4202,0.688734,59.991836,-0.007525,0.0000,1.0000,8599.5,-0.0016,5,0
64.4331,0.688734,59.991842,-0.007526,0.0000,1.0000,8602.7,-0.0015,5,0
64.4456,0.688734,59.991848,-0.007527,0.0000,1.0000,8607.6,-0.0014,5,0
64.4598,0.688734,59.991854,-0.007528,0.0000,1.0000,8605.6,-0.0013,5,0
64.4735,0.688734,59.991859,-0.007530,0.0000,1.0000,8606.0,-0.0012,5,0
64.4853,0.688734,59.991865,-0.007531,0.0000,1.0000,8611.6,-0.0011,5,0
64.4979,0.688734,59.991871,-0.007532,0.0000,1.0000,8613.4,-0.0011,5,0
64.5120,0.688734,59.991877,-0.007533,0.0000,1.0000,8609.4,-0.0010,5,0
64.5232,0.690313,59.991882,-0.007534,0.0000,1.0000,8616.4,-0.0009,5,0
64.5357,0.690313,59.991888,-0.007535,0.0000,1.0000,8618.2,-0.0008,5,0
64.5501,0.690313,59.991894,-0.007537,0.0000,1.0000,8613.1,-0.0006,5,0
64.5618,0.690313,59.991899,-0.007538,0.0000,1.0000,8617.7,-0.0003,5,0
64.5733,0.690313,59.991905,-0.007539,0.0000,1.0000,8623.7,-0.0000,5,0
64.5867,0.690313,59.991911,-0.007540,0.0000,1.0000,8621.6,0.0004,5,0
64.5999,0.690313,59.991916,-0.007541,0.0000,1.0000,8622.1,0.0009,5,0
64.6116,0.690313,59.991922,-0.007542,0.0000,1.0000,8628.0,0.0014,5,0
64.6240,0.690313,59.991928,-0.007544,0.0000,1.0000,8632.2,0.0019,5,0
64.6389,0.690313,59.991934,-0.007545,0.0000,1.0000,8627.9,0.0025,5,0
64.6502,0.691896,59.991939,-0.007546,0.0000,1.0000,8637.8,0.0031,5,0
64.6636,0.691896,59.991945,-0.007547,0.0000,1.0000,8640.0,0.0038,5,0
64.6786,0.691896,59.991951,-0.007548,0.0000,1.0000,8636.2,0.0044,5,0
64.6911,0.691896,59.991956,-0.007549,0.0000,1.0000,8641.2,0.0050,5,0
64.7037,0.691896,59.991962,-0.007551,0.0000,1.0000,8644.6,0.0055,5,0
64.7176,0.691896,59.991968,-0.007552,0.0000,1.0000,8642.2,0.0059,5,0
64.7307,0.691896,59.991974,-0.007553,0.0000,1.0000,8641.5,0.0062,5,0
64.7421,0.691896,59.991979,-0.007554,0.0000,1.0000,8646.4,0.0063,5,0
64.7541,0.691896,59.991985,-0.007555,0.0000,1.0000,8649.4,0.0064,5,0
64.7684,0.691896,59.991991,-0.007556,0.0000,1.0000,8644.6,0.0064,5,0
64.7797,0.693483,59.991997,-0.007558,0.0000,1.0000,8649.3,0.0064,5,0
64.7912,0.693483,59.992003,-0.007559,0.0000,1.0000,8653.6,0.0062,5,0
64.8050,0.693483,59.992008,-0.007560,0.0000,1.0000,8649.0,0.0059,5,0
64.8168,0.693483,59.992014,-0.007561,0.0000,1.0000,8653.0,0.0057,5,0
64.8290,0.693483,59.992020,-0.007562,0.0000,1.0000,8656.8,0.0053,5,0
64.8420,0.693483,59.992026,-0.007563,0.0000,1.0000,8657.6,0.0050,5,0
64.8556,0.693483,59.992032,-0.007565,0.0000,1.0000,8654.8,0.0047,5,0
64.8670,0.693483,59.992038,-0.007566,0.0000,1.0000,8661.3,0.0045,5,0
64.8790,0.693483,59.992044,-0.007567,0.0000,1.0000,8663.9,0.0042,5,0
64.8927,0.693483,59.992050,-0.007568,0.0000,1.0000,8659.1,0.0040,5,0
64.9030,0.695072,59.992056,-0.007569,0.0000,1.0000,8667.5,0.0038,5,0
64.9155,0.695072,59.992062,-0.007570,0.0000,1.0000,8668.1,0.0035,5,0
64.9290,0.695072,59.992068,-0.007571,0.0000,1.0000,8665.0,0.0033,5,0
64.9408,0.695072,59.992074,-0.007573,0.0000,1.0000,8668.6,0.0029,5,0
64.9528,0.695072,59.992080,-0.007574,0.0000,1.0000,8672.5,0.0025,5,0
64.9657,0.695072,59.992086,-0.007575,0.0000,1.0000,8671.5,0.0023,5,0
64.9787,0.695072,59.992092,-0.007576,0.0000,1.0000,8669.9,0.0020,5,0
64.9893,0.695072,59.992097,-0.007577,0.0000,1.0000,8677.1,0.0017,5,0
65.0010,0.695072,59.992103,-0.007578,0.0000,1.0000,8679.3,0.0017,5,0
65.0140,0.695072,59.992109,-0.007579,0.0000,1.0000,8675.3,0.0016,5,0
65.0245,0.696664,59.992115,-0.007581,0.0000,1.0000,8682.3,0.0016,5,0
65.0361,0.696664,59.992121,-0.007582,0.0000,1.0000,8684.8,0.0020,5,0
65.0489,0.696664,59.992126,-0.007583,0.0000,1.0000,8681.4,0.0021,5,0
65.0605,0.696664,59.992132,-0.007584,0.0000,1.0000,8684.3,0.0021,5,0
65.0718,0.696664,59.992138,-0.007585,0.0000,1.0000,8675.0,0.0023,5,0
65.0497,0.696664,59.992144,-0.007586,0.0000,1.0000,8627.5,0.0023,5,0
65.0256,0.696664,59.992149,-0.007587,0.0000,1.0000,8580.1,0.0021,5,0
65.0009,0.696664,59.992155,-0.007589,0.0000,1.0000,8532.9,0.0020,5,0
64.9778,0.696664,59.992161,-0.007590,0.0000,1.0000,8486.0,0.0018,5,0
64.9915,0.696664,59.992166,-0.007591,0.0000,1.0000,7630.5,0.0017,6,0
65.0113,0.698259,59.992172,-0.007592,0.0000,1.0000,7619.9,0.0015,6,0
65.0241,0.698259,59.992178,-0.007593,0.0000,1.0000,7619.8,0.0015,6,0
65.0380,0.698259,59.992184,-0.007594,0.0000,1.0000,7615.9,0.0015,6,0
65.0504,0.698259,59.992189,-0.007595,0.0000,1.0000,7617.8,0.0015,6,0
65.0620,0.698259,59.992195,-0.007596,0.0000,1.0000,7621.5,0.0016,6,0
65.0736,0.698259,59.992201,-0.007597,0.0000,1.0000,7623.3,0.0017,6,0
65.0864,0.698259,59.992206,-0.007599,0.0000,1.0000,7618.9,0.0019,6,0
65.0965,0.698259,59.992212,-0.007600,0.0000,1.0000,7625.2,0.0021,6,0
65.1081,0.698259,59.992218,-0.007601,0.0000,1.0000,7625.4,0.0024,6,0
65.1206,0.698259,59.992224,-0.007602,0.0000,1.0000,7620.8,0.0024,6,0
65.1309,0.699853,59.992229,-0.007603,0.0000,1.0000,7626.1,0.0025,6,0
65.1421,0.699853,59.992235,-0.007604,0.0000,1.0000,7627.2,0.0025,6,0
65.1540,0.699853,59.992241,-0.007605,0.0000,1.0000,7624.9,0.0024,6,0
65.1650,0.699853,59.992246,-0.007606,0.0000,1.0000,7626.4,0.0021,6,0
65.1753,0.699853,59.992252,-0.007607,0.0000,1.0000,7629.5,0.0019,6,0
65.1860,0.699853,59.992258,-0.007609,0.0000,1.0000,7630.0,0.0015,6,0
65.1975,0.699853,59.992264,-0.007610,0.0000,1.0000,7627.8,0.0011,6,0
65.2073,0.699853,59.992270,-0.007611,0.0000,1.0000,7633.5,0.0008,6,0
65.2181,0.699853,59.992276,-0.007612,0.0000,1.0000,7635.8,0.0005,6,0
65.2312,0.699853,59.992283,-0.007613,0.0000,1.0000,7630.3,0.0002,6,0
65.2411,0.701452,59.992289,-0.007614,0.0000,1.0000,7637.2,0.0001,6,0
65.2524,0.701452,59.992295,-0.007615,0.0000,1.0000,7638.6,0.0001,6,0
65.2641,0.701452,59.992301,-0.007616,0.0000,1.0000,7636.9,0.0001,6,0
65.2746,0.701452,59.992307,-0.007617,0.0000,1.0000,7639.9,0.0003,6,0
65.2847,0.701452,59.992313,-0.007619,0.0000,1.0000,7644.1,0.0007,6,0
65.2951,0.701452,59.992319,-0.007620,0.0000,1.0000,7645.5,0.0009,6,0
65.3068,0.701452,59.992324,-0.007621,0.0000,1.0000,7644.3,0.0012,6,0
65.3163,0.701452,59.992330,-0.007622,0.0000,1.0000,7650.6,0.0015,6,0
65.3269,0.701452,59.992336,-0.007623,0.0000,1.0000,7652.6,0.0017,6,0
65.3398,0.701452,59.992342,-0.007624,0.0000,1.0000,7647.0,0.0018,6,0
65.3494,0.703054,59.992347,-0.007625,0.0000,1.0000,7654.6,0.0019,6,0
65.3604,0.703054,59.992353,-0.007626,0.0000,1.0000,7656.6,0.0019,6,0
65.3728,0.703054,59.992359,-0.007627,0.0000,1.0000,7654.3,0.0017,6,0
65.3838,0.703054,59.992364,-0.007628,0.0000,1.0000,7657.9,0.0014,6,0
65.3948,0.703054,59.992370,-0.007630,0.0000,1.0000,7662.5,0.0011,6,0
65.4069,0.703054,59.992376,-0.007631,0.0000,1.0000,7662.4,0.0006,6,0
65.4194,0.703054,59.992382,-0.007632,0.0000,1.0000,7660.7,0.0001,6,0
65.4297,0.703054,59.992387,-0.007633,0.0000,1.0000,7666.4,-0.0003,6,0
65.4409,0.703054,59.992393,-0.007634,0.0000,1.0000,7666.6,-0.0008,6,0
65.4534,0.703054,59.992399,-0.007635,0.0000,1.0000,7662.3,-0.0013,6,0
65.4631,0.704656,59.992405,-0.007636,0.0000,1.0000,7667.3,-0.0016,6,0
65.4734,0.704656,59.992411,-0.007637,0.0000,1.0000,7670.3,-0.0018,6,0
65.4854,0.704656,59.992416,-0.007638,0.0000,1.0000,7666.8,-0.0021,6,0
65.4967,0.704656,59.992422,-0.007639,0.0000,1.0000,7667.9,-0.0021,6,0
65.5067,0.704656,59.992428,-0.007641,0.0000,1.0000,7671.9,-0.0021,6,0
65.5186,0.704656,59.992434,-0.007642,0.0000,1.0000,7670.6,-0.0021,6,0
65.5301,0.704656,59.992440,-0.007643,0.0000,1.0000,7670.9,-0.0021,6,0
65.5403,0.704656,59.992447,-0.007644,0.0000,1.0000,7676.0,-0.0021,6,0
65.5519,0.704656,59.992453,-0.007645,0.0000,1.0000,7675.7,-0.0020,6,0
65.5638,0.704656,59.992459,-0.007646,0.0000,1.0000,7673.2,-0.0020,6,0
65.5737,0.706264,59.992465,-0.007647,0.0000,1.0000,7678.3,-0.0020,6,0
65.5837,0.706264,59.992471,-0.007648,0.0000,1.0000,7680.8,-0.0021,6,0
65.5951,0.706264,59.992478,-0.007649,0.0000,1.0000,7678.1,-0.0022,6,0
65.6049,0.706264,59.992484,-0.007650,0.0000,1.0000,7681.8,-0.0022,6,0
65.6152,0.706264,59.992490,-0.007651,0.0000,1.0000,7683.4,-0.0021,6,0
65.6267,0.706264,59.992496,-0.007653,0.0000,1.0000,7681.7,-0.0019,6,0
65.6380,0.706264,59.992501,-0.007654,0.0000,1.0000,7681.4,-0.0017,6,0
65.6475,0.706264,59.992507,-0.007655,0.0000,1.0000,7686.8,-0.0014,6,0
65.6579,0.706264,59.992512,-0.007656,0.0000,1.0000,7689.1,-0.0010,6,0
65.6704,0.706264,59.992518,-0.007657,0.0000,1.0000,7684.0,-0.0006,6,0
65.6790,0.707871,59.992524,-0.007658,0.0000,1.0000,7692.5,-0.0001,6,0
65.6894,0.707871,59.992529,-0.007659,0.0000,1.0000,7695.6,0.0002,6,0
65.7017,0.707871,59.992535,-0.007660,0.0000,1.0000,7691.1,0.0006,6,0
65.7116,0.707871,59.992540,-0.007661,0.0000,1.0000,7697.1,0.0009,6,0
65.7221,0.707871,59.992546,-0.007663,0.0000,1.0000,7700.2,0.0011,6,0
65.7341,0.707871,59.992552,-0.007664,0.0000,1.0000,7697.6,0.0013,6,0
65.7458,0.707871,59.992557,-0.007665,0.0000,1.0000,7698.0,0.0014,6,0
65.7560,0.707871,59.992563,-0.007666,0.0000,1.0000,7703.3,0.0014,6,0
65.7675,0.707871,59.992569,-0.007667,0.0000,1.0000,7703.4,0.0014,6,0
65.7800,0.707871,59.992574,-0.007668,0.0000,1.0000,7700.9,0.0013,6,0
65.7904,0.709483,59.992580,-0.007669,0.0000,1.0000,7704.2,0.0012,6,0
65.8011,0.709483,59.992586,-0.007670,0.0000,1.0000,7707.4,0.0012,6,0
65.8138,0.709483,59.992592,-0.007671,0.0000,1.0000,7702.3,0.0011,6,0
65.8236,0.709483,59.992597,-0.007672,0.0000,1.0000,7708.2,0.0011,6,0
65.8344,0.709483,59.992603,-0.007674,0.0000,1.0000,7708.2,0.0012,6,0
65.8458,0.709483,59.992609,-0.007675,0.0000,1.0000,7706.8,0.0013,6,0
65.8562,0.709483,59.992615,-0.007676,0.0000,1.0000,7707.5,0.0015,6,0
65.8652,0.709483,59.992621,-0.007677,0.0000,1.0000,7712.0,0.0016,6,0
65.8757,0.709483,59.992627,-0.007678,0.0000,1.0000,7711.1,0.0017,6,0
65.8868,0.709483,59.992633,-0.007679,0.0000,1.0000,7708.8,0.0019,6,0
65.8963,0.711097,59.992640,-0.007680,0.0000,1.0000,7713.4,0.0020,6,0
65.9066,0.711097,59.992646,-0.007681,0.0000,1.0000,7715.8,0.0021,6,0
65.9192,0.711097,59.992652,-0.007682,0.0000,1.0000,7709.6,0.0022,6,0
65.9279,0.711097,59.992658,-0.007684,0.0000,1.0000,7717.6,0.0023,6,0
65.9385,0.711097,59.992664,-0.007685,0.0000,1.0000,7718.3,0.0023,6,0
65.9503,0.711097,59.992670,-0.007686,0.0000,1.0000,7715.9,0.0023,6,0
65.9597,0.711097,59.992675,-0.007687,0.0000,1.0000,7721.8,0.0023,6,0
65.9702,0.711097,59.992681,-0.007688,0.0000,1.0000,7723.9,0.0022,6,0
65.9812,0.711097,59.992686,-0.007689,0.0000,1.0000,7723.8,0.0022,6,0
65.9917,0.711097,59.992692,-0.007690,0.0000,1.0000,7725.3,0.0024,6,0
66.0011,0.712714,59.992698,-0.007691,0.0000,1.0000,7730.1,0.0026,6,0
66.0117,0.712714,59.992703,-0.007692,0.0000,1.0000,7729.7,0.0031,6,0
66.0228,0.712714,59.992709,-0.007694,0.0000,1.0000,7727.3,0.0035,6,0
66.0313,0.712714,59.992714,-0.007695,0.0000,1.0000,7734.3,0.0040,6,0
66.0418,0.712714,59.992720,-0.007696,0.0000,1.0000,7734.7,0.0047,6,0
66.0533,0.712714,59.992726,-0.007697,0.0000,1.0000,7731.9,0.0055,6,0
66.0627,0.712714,59.992733,-0.007698,0.0000,1.0000,7736.4,0.0064,6,0
66.0723,0.712714,59.992739,-0.007699,0.0000,1.0000,7740.3,0.0074,6,0
66.0838,0.712714,59.992745,-0.007700,0.0000,1.0000,7736.3,0.0086,6,0
66.0928,0.712714,59.992751,-0.007701,0.0000,1.0000,7740.3,0.0098,6,0
66.1017,0.714333,59.992758,-0.007702,0.0000,1.0000,7744.9,0.0112,6,0
66.1120,0.714333,59.992764,-0.007703,0.0000,1.0000,7744.2,0.0125,6,0
66.1219,0.714333,59.992770,-0.007705,0.0000,1.0000,7744.4,0.0138,6,0
66.1308,0.714333,59.992777,-0.007706,0.0000,1.0000,7748.7,0.0150,6,0
66.1398,0.714333,59.992783,-0.007707,0.0000,1.0000,7752.6,0.0161,6,0
66.1508,0.714333,59.992789,-0.007708,0.0000,1.0000,7748.6,0.0169,6,0
66.1591,0.714333,59.992794,-0.007709,0.0000,1.0000,7755.2,0.0175,6,0
66.1685,0.714333,59.992800,-0.007710,0.0000,1.0000,7758.9,0.0180,6,0
66.1795,0.714333,59.992806,-0.007711,0.0000,1.0000,7755.4,0.0183,6,0
66.1885,0.714333,59.992812,-0.007712,0.0000,1.0000,7760.3,0.0184,6,0
66.1980,0.715954,59.992817,-0.007713,0.0000,1.0000,7763.9,0.0185,6,0
66.2088,0.715954,59.992823,-0.007714,0.0000,1.0000,7762.9,0.0186,6,0
66.2191,0.715954,59.992829,-0.007715,0.0000,1.0000,7764.0,0.0187,6,0
66.2289,0.715954,59.992834,-0.007716,0.0000,1.0000,7767.2,0.0188,6,0
66.2392,0.715954,59.992840,-0.007717,0.0000,1.0000,7769.3,0.0190,6,0
66.2508,0.715954,59.992846,-0.007718,0.0000,1.0000,7764.9,0.0191,6,0
66.2602,0.715954,59.992852,-0.007719,0.0000,1.0000,7769.7,0.0193,6,0
66.2706,0.715954,59.992858,-0.007720,0.0000,1.0000,7770.4,0.0194,6,0
66.2821,0.715954,59.992864,-0.007721,0.0000,1.0000,7765.7,0.0194,6,0
66.2914,0.715954,59.992870,-0.007722,0.0000,1.0000,7770.4,0.0194,6,0
66.3016,0.717579,59.992876,-0.007723,0.0000,1.0000,7770.3,0.0193,6,0
66.3121,0.717579,59.992882,-0.007724,0.0000,1.0000,7767.9,0.0190,6,0
66.3214,0.717579,59.992888,-0.007726,0.0000,1.0000,7772.0,0.0187,6,0
66.3313,0.717579,59.992894,-0.007727,0.0000,1.0000,7772.4,0.0182,6,0
66.3418,0.717579,59.992900,-0.007728,0.0000,1.0000,7769.9,0.0177,6,0
66.3517,0.717579,59.992906,-0.007728,0.0000,1.0000,7770.4,0.0170,6,0
66.3604,0.717579,59.992912,-0.007729,0.0000,1.0000,7774.6,0.0162,6,0
66.3708,0.717579,59.992918,-0.007730,0.0000,1.0000,7772.2,0.0154,6,0
66.3809,0.717579,59.992924,-0.007731,0.0000,1.0000,7770.8,0.0144,6,0
66.3890,0.717579,59.992930,-0.007732,0.0000,1.0000,7777.8,0.0134,6,0
66.3993,0.719206,59.992936,-0.007733,0.0000,1.0000,7776.0,0.0124,6,0
66.4096,0.719206,59.992942,-0.007734,0.0000,1.0000,7773.8,0.0113,6,0
66.4178,0.719206,59.992948,-0.007735,0.0000,1.0000,7780.2,0.0103,6,0
66.4278,0.719206,59.992954,-0.007736,0.0000,1.0000,7779.8,0.0092,6,0
66.4382,0.719206,59.992960,-0.007737,0.0000,1.0000,7777.7,0.0082,6,0
66.4480,0.719206,59.992966,-0.007738,0.0000,1.0000,7778.8,0.0073,6,0
66.4573,0.719206,59.992972,-0.007739,0.0000,1.0000,7782.0,0.0066,6,0
66.4668,0.719206,59.992978,-0.007740,0.0000,1.0000,7781.4,0.0060,6,0
66.4767,0.719206,59.992984,-0.007740,0.0000,1.0000,7781.4,0.0056,6,0
66.4850,0.719206,59.992990,-0.007741,0.0000,1.0000,7786.2,0.0053,6,0
66.4946,0.720833,59.992996,-0.007742,0.0000,1.0000,7786.0,0.0051,6,0
66.5054,0.720833,59.993002,-0.007743,0.0000,1.0000,7783.1,0.0050,6,0
66.5137,0.720833,59.993008,-0.007744,0.0000,1.0000,7789.3,0.0051,6,0
66.5237,0.720833,59.993014,-0.007745,0.0000,1.0000,7789.1,0.0054,6,0
66.5347,0.720833,59.993020,-0.007746,0.0000,1.0000,7786.1,0.0057,6,0
66.5432,0.720833,59.993026,-0.007746,0.0000,1.0000,7792.2,0.0062,6,0
66.5531,0.720833,59.993032,-0.007747,0.0000,1.0000,7792.9,0.0067,6,0
66.5634,0.720833,59.993038,-0.007748,0.0000,1.0000,7792.6,0.0073,6,0
66.5731,0.720833,59.993044,-0.007749,0.0000,1.0000,7793.8,0.0080,6,0
66.5821,0.720833,59.993050,-0.007750,0.0000,1.0000,7798.2,0.0088,6,0
66.5919,0.722464,59.993056,-0.007750,0.0000,1.0000,7798.6,0.0095,6,0
66.6029,0.722464,59.993062,-0.007751,0.0000,1.0000,7795.0,0.0103,6,0
66.6112,0.722464,59.993068,-0.007752,0.0000,1.0000,7801.0,0.0111,6,0
66.6200,0.722464,59.993074,-0.007753,0.0000,1.0000,7804.0,0.0119,6,0
66.6314,0.722464,59.993080,-0.007754,0.0000,1.0000,7797.5,0.0127,6,0
66.6396,0.722464,59.993086,-0.007754,0.0000,1.0000,7803.4,0.0135,6,0
66.6487,0.722464,59.993091,-0.007755,0.0000,1.0000,7806.4,0.0143,6,0
66.6595,0.722464,59.993097,-0.007756,0.0000,1.0000,7802.7,0.0150,6,0
66.6684,0.722464,59.993103,-0.007757,0.0000,1.0000,7806.2,0.0157,6,0
66.6774,0.722464,59.993108,-0.007758,0.0000,1.0000,7808.5,0.0163,6,0
66.6874,0.724098,59.993114,-0.007758,0.0000,1.0000,7807.7,0.0167,6,0
66.6971,0.724098,59.993120,-0.007759,0.0000,1.0000,7808.3,0.0170,6,0
66.7058,0.724098,59.993126,-0.007760,0.0000,1.0000,7812.6,0.0172,6,0
66.7156,0.724098,59.993131,-0.007761,0.0000,1.0000,7813.7,0.0172,6,0
66.7265,0.724098,59.993137,-0.007761,0.0000,1.0000,7812.6,0.0171,6,0
66.7355,0.724098,59.993143,-0.007762,0.0000,1.0000,7817.0,0.0169,6,0
66.7458,0.724098,59.993150,-0.007763,0.0000,1.0000,7818.1,0.0166,6,0
66.7572,0.724098,59.993156,-0.007764,0.0000,1.0000,7815.3,0.0163,6,0
66.7656,0.724098,59.993162,-0.007764,0.0000,1.0000,7821.4,0.0159,6,0
66.7752,0.724098,59.993168,-0.007765,0.0000,1.0000,7821.5,0.0154,6,0
66.7861,0.725733,59.993175,-0.007766,0.0000,1.0000,7817.4,0.0150,6,0
66.7944,0.725733,59.993181,-0.007766,0.0000,1.0000,7822.3,0.0145,6,0
66.8033,0.725733,59.993187,-0.007767,0.0000,1.0000,7823.5,0.0139,6,0
66.8136,0.725733,59.993194,-0.007768,0.0000,1.0000,7820.8,0.0133,6,0
66.8232,0.725733,59.993200,-0.007769,0.0000,1.0000,7821.0,0.0127,6,0
66.8310,0.725733,59.993206,-0.007769,0.0000,1.0000,7825.9,0.0120,6,0
66.8405,0.725733,59.993212,-0.007770,0.0000,1.0000,7826.3,0.0113,6,0
66.8510,0.725733,59.993218,-0.007771,0.0000,1.0000,7824.2,0.0106,6,0
66.8591,0.725733,59.993224,-0.007771,0.0000,1.0000,7828.9,0.0099,6,0
66.8683,0.725733,59.993230,-0.007772,0.0000,1.0000,7830.1,0.0093,6,0
66.8786,0.727369,59.993236,-0.007773,0.0000,1.0000,7827.0,0.0087,6,0
66.8867,0.727369,59.993242,-0.007773,0.0000,1.0000,7832.9,0.0082,6,0
66.8964,0.727369,59.993248,-0.007774,0.0000,1.0000,7833.1,0.0077,6,0
66.9071,0.727369,59.993254,-0.007775,0.0000,1.0000,7830.3,0.0075,6,0
66.9155,0.727369,59.993260,-0.007775,0.0000,1.0000,7836.5,0.0074,6,0
66.9252,0.727369,59.993266,-0.007776,0.0000,1.0000,7837.0,0.0075,6,0
66.9351,0.727369,59.993272,-0.007776,0.0000,1.0000,7836.2,0.0078,6,0
66.9440,0.727369,59.993278,-0.007777,0.0000,1.0000,7838.8,0.0082,6,0
66.9527,0.727369,59.993284,-0.007778,0.0000,1.0000,7841.7,0.0088,6,0
66.9622,0.727369,59.993290,-0.007778,0.0000,1.0000,7841.1,0.0094,6,0
66.9725,0.729010,59.993296,-0.007779,0.0000,1.0000,7839.5,0.0098,6,0
66.9807,0.729010,59.993302,-0.007779,0.0000,1.0000,7845.2,0.0102,6,0
66.9906,0.729010,59.993308,-0.007780,0.0000,1.0000,7845.6,0.0105,6,0
67.0015,0.729010,59.993314,-0.007781,0.0000,1.0000,7841.5,0.0108,6,0
67.0099,0.729010,59.993320,-0.007781,0.0000,1.0000,7847.2,0.0108,6,0
67.0190,0.729010,59.993326,-0.007782,0.0000,1.0000,7850.0,0.0108,6,0
67.0298,0.729010,59.993332,-0.007782,0.0000,1.0000,7845.8,0.0106,6,0
67.0387,0.729010,59.993337,-0.007783,0.0000,1.0000,7849.1,0.0104,6,0
67.0480,0.729010,59.993343,-0.007783,0.0000,1.0000,7852.3,0.0102,6,0
67.0586,0.729010,59.993349,-0.007784,0.0000,1.0000,7850.3,0.0100,6,0
67.0681,0.730650,59.993355,-0.007784,0.0000,1.0000,7852.8,0.0098,6,0
67.0778,0.730650,59.993361,-0.007785,0.0000,1.0000,7855.1,0.0097,6,0
67.0880,0.730650,59.993366,-0.007786,0.0000,1.0000,7853.9,0.0097,6,0
67.0983,0.730650,59.993372,-0.007786,0.0000,1.0000,7852.9,0.0097,6,0
67.1070,0.730650,59.993378,-0.007787,0.0000,1.0000,7857.9,0.0097,6,0
67.1164,0.730650,59.993384,-0.007787,0.0000,1.0000,7859.3,0.0097,6,0
67.1278,0.730650,59.993390,-0.007788,0.0000,1.0000,7854.5,0.0097,6,0
67.1360,0.730650,59.993397,-0.007788,0.0000,1.0000,7860.0,0.0097,6,0
67.1460,0.730650,59.993403,-0.007789,0.0000,1.0000,7859.6,0.0097,6,0
67.1571,0.730650,59.993409,-0.007789,0.0000,1.0000,7856.6,0.0097,6,0
67.1655,0.732296,59.993415,-0.007790,0.0000,1.0000,7862.2,0.0097,6,0
67.1753,0.732296,59.993421,-0.007790,0.0000,1.0000,7862.1,0.0098,6,0
67.1861,0.732296,59.993428,-0.007791,0.0000,1.0000,7859.7,0.0098,6,0
67.1949,0.732296,59.993434,-0.007791,0.0000,1.0000,7863.6,0.0099,6,0
67.2045,0.732296,59.993440,-0.007792,0.0000,1.0000,7864.9,0.0099,6,0
67.2150,0.732296,59.993446,-0.007792,0.0000,1.0000,7862.9,0.0100,6,0
67.2247,0.732296,59.993452,-0.007793,0.0000,1.0000,7864.2,0.0100,6,0
67.2337,0.732296,59.993458,-0.007793,0.0000,1.0000,7868.0,0.0099,6,0
67.2438,0.732296,59.993464,-0.007794,0.0000,1.0000,7868.0,0.0099,6,0
67.2545,0.732296,59.993470,-0.007794,0.0000,1.0000,7866.0,0.0098,6,0
67.2632,0.733944,59.993476,-0.007794,0.0000,1.0000,7871.1,0.0098,6,0
67.2733,0.733944,59.993482,-0.007795,0.0000,1.0000,7870.3,0.0098,6,0
67.2836,0.733944,59.993488,-0.007795,0.0000,1.0000,7867.7,0.0099,6,0
67.2917,0.733944,59.993494,-0.007796,0.0000,1.0000,7874.3,0.0099,6,0
67.3019,0.733944,59.993500,-0.007796,0.0000,1.0000,7872.4,0.0099,6,0
67.3120,0.733944,59.993506,-0.007797,0.0000,1.0000,7871.4,0.0098,6,0
67.3208,0.733944,59.993512,-0.007797,0.0000,1.0000,7876.7,0.0097,6,0
67.3308,0.733944,59.993518,-0.007798,0.0000,1.0000,7877.2,0.0096,6,0
67.3411,0.733944,59.993524,-0.007798,0.0000,1.0000,7875.3,0.0095,6,0
67.3507,0.733944,59.993530,-0.007798,0.0000,1.0000,7876.6,0.0093,6,0
67.3599,0.735594,59.993536,-0.007799,0.0000,1.0000,7879.6,0.0091,6,0
67.3694,0.735594,59.993542,-0.007799,0.0000,1.0000,7881.4,0.0090,6,0
67.3803,0.735594,59.993548,-0.007800,0.0000,1.0000,7878.3,0.0088,6,0
67.3894,0.735594,59.993554,-0.007800,0.0000,1.0000,7883.0,0.0085,6,0
67.3990,0.735594,59.993560,-0.007801,0.0000,1.0000,7885.2,0.0083,6,0
67.4103,0.735594,59.993566,-0.007801,0.0000,1.0000,7880.9,0.0081,6,0
67.4188,0.735594,59.993572,-0.007801,0.0000,1.0000,7887.0,0.0078,6,0
67.4279,0.735594,59.993578,-0.007802,0.0000,1.0000,7889.1,0.0076,6,0
67.4384,0.735594,59.993584,-0.007802,0.0000,1.0000,7886.1,0.0073,6,0
67.4471,0.735594,59.993590,-0.007802,0.0000,1.0000,7890.7,0.0071,6,0
67.4563,0.737249,59.993596,-0.007803,0.0000,1.0000,7892.7,0.0069,6,0
67.4660,0.737249,59.993602,-0.007803,0.0000,1.0000,7892.8,0.0067,6,0
67.4758,0.737249,59.993608,-0.007804,0.0000,1.0000,7892.2,0.0065,6,0
67.4838,0.737249,59.993614,-0.007804,0.0000,1.0000,7896.6,0.0065,6,0
67.4930,0.737249,59.993620,-0.007804,0.0000,1.0000,7897.2,0.0063,6,0
67.5029,0.737249,59.993626,-0.007805,0.0000,1.0000,7897.4,0.0061,6,0
67.5110,0.737249,59.993633,-0.007805,0.0000,1.0000,7903.0,0.0059,6,0
67.5205,0.737249,59.993639,-0.007805,0.0000,1.0000,7905.4,0.0057,6,0
67.5316,0.737249,59.993645,-0.007806,0.0000,1.0000,7903.2,0.0055,6,0
67.5404,0.737249,59.993651,-0.007806,0.0000,1.0000,7909.0,0.0053,6,0
67.5496,0.738907,59.993658,-0.007806,0.0000,1.0000,7913.7,0.0052,6,0
67.5621,0.738907,59.993664,-0.007807,0.0000,1.0000,7907.8,0.0052,6,0
67.5710,0.738907,59.993670,-0.007807,0.0000,1.0000,7913.9,0.0053,6,0
67.5814,0.738907,59.993677,-0.007807,0.0000,1.0000,7917.2,0.0056,6,0
67.5937,0.738907,59.993683,-0.007808,0.0000,1.0000,7911.7,0.0058,6,0
67.6033,0.738907,59.993689,-0.007808,0.0000,1.0000,7914.6,0.0062,6,0
67.6131,0.738907,59.993695,-0.007808,0.0000,1.0000,7917.1,0.0067,6,0
67.6240,0.738907,59.993701,-0.007809,0.0000,1.0000,7914.0,0.0072,6,0
67.6342,0.738907,59.993707,-0.007809,0.0000,1.0000,7914.8,0.0076,6,0
67.6439,0.738907,59.993713,-0.007809,0.0000,1.0000,7918.0,0.0081,6,0
67.6550,0.740568,59.993720,-0.007810,0.0000,1.0000,7917.6,0.0085,6,0
67.6671,0.740568,59.993726,-0.007810,0.0000,1.0000,7915.2,0.0090,6,0
67.6771,0.740568,59.993732,-0.007810,0.0000,1.0000,7919.2,0.0097,6,0
67.6880,0.740568,59.993738,-0.007811,0.0000,1.0000,7919.9,0.0104,6,0
67.6998,0.740568,59.993744,-0.007811,0.0000,1.0000,7916.9,0.0113,6,0
67.7087,0.740568,59.993750,-0.007811,0.0000,1.0000,7924.3,0.0124,6,0
67.7188,0.740568,59.993756,-0.007812,0.0000,1.0000,7923.3,0.0136,6,0
67.7293,0.740568,59.993762,-0.007812,0.0000,1.0000,7920.7,0.0148,6,0
67.7373,0.740568,59.993768,-0.007812,0.0000,1.0000,7924.8,0.0160,6,0
67.7466,0.740568,59.993775,-0.007812,0.0000,1.0000,7924.2,0.0173,6,0
67.7556,0.742243,59.993781,-0.007813,0.0000,1.0000,7923.6,0.0185,6,0
67.7647,0.742243,59.993787,-0.007813,0.0000,1.0000,7923.9,0.0194,6,0
67.7736,0.742243,59.993793,-0.007813,0.0000,1.0000,7925.6,0.0203,6,0
67.7833,0.742243,59.993799,-0.007814,0.0000,1.0000,7925.4,0.0208,6,0
67.7939,0.742243,59.993805,-0.007814,0.0000,1.0000,7922.4,0.0210,6,0
67.8021,0.742243,59.993811,-0.007814,0.0000,1.0000,7927.1,0.0211,6,0
67.8110,0.742243,59.993817,-0.007814,0.0000,1.0000,7930.2,0.0207,6,0
67.8205,0.742243,59.993823,-0.007815,0.0000,1.0000,7931.2,0.0199,6,0
67.8290,0.742243,59.993829,-0.007815,0.0000,1.0000,7936.4,0.0190,6,0
67.8386,0.742243,59.993836,-0.007815,0.0000,1.0000,7939.8,0.0178,6,0
67.8496,0.743915,59.993842,-0.007815,0.0000,1.0000,7937.6,0.0165,6,0
67.8587,0.743915,59.993848,-0.007815,0.0000,1.0000,7943.6,0.0153,6,0
67.8692,0.743915,59.993854,-0.007816,0.0000,1.0000,7945.6,0.0142,6,0
67.8808,0.743915,59.993860,-0.007816,0.0000,1.0000,7944.2,0.0134,6,0
67.8908,0.743915,59.993866,-0.007816,0.0000,1.0000,7950.3,0.0129,6,0
67.9016,0.743915,59.993872,-0.007816,0.0000,1.0000,7951.8,0.0129,6,0
67.9141,0.743915,59.993878,-0.007817,0.0000,1.0000,7948.2,0.0136,6,0
67.9236,0.743915,59.993884,-0.007817,0.0000,1.0000,7952.2,0.0146,6,0
67.9344,0.743915,59.993890,-0.007817,0.0000,1.0000,7952.1,0.0162,6,0
67.9457,0.743915,59.993896,-0.007817,0.0000,1.0000,7950.4,0.0181,6,0
67.9548,0.745603,59.993903,-0.007817,0.0000,1.0000,7950.8,0.0203,6,0
67.9638,0.745603,59.993909,-0.007817,0.0000,1.0000,7954.5,0.0227,6,0
67.9737,0.745603,59.993915,-0.007818,0.0000,1.0000,7953.6,0.0251,6,0
67.9835,0.745603,59.993921,-0.007818,0.0000,1.0000,7951.3,0.0273,6,0
67.9917,0.745603,59.993927,-0.007818,0.0000,1.0000,7956.7,0.0293,6,0
68.0020,0.745603,59.993933,-0.007818,0.0000,1.0000,7953.9,0.0310,6,0
68.0118,0.745603,59.993939,-0.007818,0.0000,1.0000,7952.0,0.0324,6,0
68.0197,0.745603,59.993945,-0.007818,0.0000,1.0000,7959.3,0.0335,6,0
68.0292,0.745603,59.993951,-0.007818,0.0000,1.0000,7959.0,0.0345,6,0
68.0387,0.745603,59.993958,-0.007818,0.0000,1.0000,7957.9,0.0351,6,0
68.0458,0.747282,59.993964,-0.007818,0.0000,1.0000,7964.4,0.0354,6,0
68.0548,0.747282,59.993970,-0.007819,0.0000,1.0000,7967.1,0.0355,6,0
68.0645,0.747282,59.993976,-0.007819,0.0000,1.0000,7966.4,0.0355,6,0
68.0730,0.747282,59.993982,-0.007819,0.0000,1.0000,7972.5,0.0353,6,0
68.0827,0.747282,59.993988,-0.007819,0.0000,1.0000,7977.5,0.0352,6,0
68.0925,0.747282,59.993994,-0.007819,0.0000,1.0000,7980.2,0.0352,6,0
68.1028,0.747282,59.994000,-0.007819,0.0000,1.0000,7981.4,0.0353,6,0
68.1121,0.747282,59.994007,-0.007819,0.0000,1.0000,7985.3,0.0359,6,0
68.1237,0.747282,59.994013,-0.007819,0.0000,1.0000,7984.5,0.0366,6,0
68.1335,0.747282,59.994019,-0.007819,0.0000,1.0000,7984.6,0.0376,6,0
68.1425,0.748966,59.994025,-0.007819,0.0000,1.0000,7990.2,0.0389,6,0
68.1529,0.748966,59.994031,-0.007819,0.0000,1.0000,7990.1,0.0405,6,0
68.1630,0.748966,59.994038,-0.007819,0.0000,1.0000,7990.5,0.0421,6,0
68.1708,0.748966,59.994044,-0.007819,0.0000,1.0000,7997.6,0.0438,6,0
68.1828,0.748966,59.994050,-0.007819,0.0000,1.0000,7992.5,0.0457,6,0
68.1932,0.748966,59.994056,-0.007819,0.0000,1.0000,7991.4,0.0474,6,0
68.2018,0.748966,59.994062,-0.007818,0.0000,1.0000,7995.9,0.0492,6,0
68.2122,0.748966,59.994068,-0.007818,0.0000,1.0000,7993.8,0.0510,6,0
68.2220,0.748966,59.994074,-0.007818,0.0000,1.0000,7992.7,0.0527,6,0
68.2294,0.748966,59.994080,-0.007818,0.0000,1.0000,8000.4,0.0543,6,0
68.2390,0.750664,59.994086,-0.007818,0.0000,1.0000,8000.2,0.0559,6,0
68.2478,0.750664,59.994092,-0.007818,0.0000,1.0000,7999.2,0.0570,6,0
68.2535,0.750664,59.994098,-0.007817,0.0000,1.0000,8007.4,0.0578,6,0
68.2624,0.750664,59.994104,-0.007817,0.0000,1.0000,8006.3,0.0581,6,0
68.2705,0.750664,59.994110,-0.007817,0.0000,1.0000,8004.4,0.0578,6,0
68.2779,0.750664,59.994116,-0.007817,0.0000,1.0000,8008.2,0.0568,6,0
68.2851,0.750664,59.994122,-0.007817,0.0000,1.0000,8014.2,0.0552,6,0
68.2938,0.750664,59.994128,-0.007816,0.0000,1.0000,8012.5,0.0529,6,0
68.3026,0.750664,59.994134,-0.007816,0.0000,1.0000,8012.1,0.0499,6,0
68.3094,0.750664,59.994140,-0.007816,0.0000,1.0000,8019.2,0.0466,6,0
68.3186,0.752350,59.994146,-0.007815,0.0000,1.0000,8019.5,0.0430,6,0
68.3271,0.752350,59.994152,-0.007815,0.0000,1.0000,8021.5,0.0391,6,0
68.3358,0.752350,59.994158,-0.007815,0.0000,1.0000,8028.5,0.0353,6,0
68.3461,0.752350,59.994164,-0.007814,0.0000,1.0000,8026.6,0.0316,6,0
68.3557,0.752350,59.994170,-0.007814,0.0000,1.0000,8027.3,0.0285,6,0
68.3644,0.752350,59.994176,-0.007813,0.0000,1.0000,8033.1,0.0261,6,0
68.3749,0.752350,59.994182,-0.007813,0.0000,1.0000,8032.6,0.0244,6,0
68.3865,0.752350,59.994189,-0.007812,0.0000,1.0000,8031.3,0.0234,6,0
68.3957,0.752350,59.994195,-0.007812,0.0000,1.0000,8035.9,0.0232,6,0
68.4060,0.752350,59.994201,-0.007811,0.0000,1.0000,8036.4,0.0236,6,0
68.4163,0.754038,59.994207,-0.007811,0.0000,1.0000,8033.4,0.0247,6,0
68.4263,0.754038,59.994213,-0.007810,0.0000,1.0000,8034.3,0.0264,6,0
68.4353,0.754038,59.994220,-0.007810,0.0000,1.0000,8034.6,0.0283,6,0
68.4468,0.754038,59.994226,-0.007809,0.0000,1.0000,8028.2,0.0302,6,0
68.4571,0.754038,59.994232,-0.007809,0.0000,1.0000,8025.8,0.0325,6,0
68.4666,0.754038,59.994238,-0.007808,0.0000,1.0000,8029.9,0.0346,6,0
68.4761,0.754038,59.994244,-0.007807,0.0000,1.0000,8028.6,0.0365,6,0
68.4875,0.754038,59.994250,-0.007807,0.0000,1.0000,8028.0,0.0385,6,0
68.4968,0.754038,59.994256,-0.007806,0.0000,1.0000,8032.3,0.0402,6,0
68.5090,0.754038,59.994262,-0.007805,0.0000,1.0000,8029.0,0.0417,6,0
68.5192,0.755737,59.994269,-0.007805,0.0000,1.0000,8028.3,0.0431,6,0
68.5290,0.755737,59.994275,-0.007804,0.0000,1.0000,8033.4,0.0442,6,0
68.5389,0.755737,59.994281,-0.007803,0.0000,1.0000,8030.0,0.0449,6,0
68.5493,0.755737,59.994287,-0.007803,0.0000,1.0000,8026.7,0.0453,6,0
68.5569,0.755737,59.994293,-0.007802,0.0000,1.0000,8033.4,0.0453,6,0
68.5661,0.755737,59.994299,-0.007801,0.0000,1.0000,8032.9,0.0445,6,0
68.5760,0.755737,59.994305,-0.007800,0.0000,1.0000,8034.4,0.0432,6,0
68.5855,0.755737,59.994311,-0.007799,0.0000,1.0000,8037.2,0.0414,6,0
68.5950,0.755737,59.994317,-0.007798,0.0000,1.0000,8038.7,0.0389,6,0
68.6060,0.755737,59.994324,-0.007798,0.0000,1.0000,8037.4,0.0363,6,0
68.6172,0.757427,59.994330,-0.007797,0.0000,1.0000,8039.1,0.0333,6,0
68.6271,0.757427,59.994336,-0.007796,0.0000,1.0000,8039.6,0.0302,6,0
68.6362,0.757427,59.994342,-0.007795,0.0000,1.0000,8044.6,0.0273,6,0
68.6480,0.757427,59.994348,-0.007794,0.0000,1.0000,8045.6,0.0245,6,0
68.6578,0.757427,59.994354,-0.007793,0.0000,1.0000,8047.8,0.0221,6,0
68.6676,0.757427,59.994360,-0.007792,0.0000,1.0000,8049.3,0.0199,6,0
68.6793,0.757427,59.994366,-0.007791,0.0000,1.0000,8049.6,0.0182,6,0
68.6896,0.757427,59.994372,-0.007790,0.0000,1.0000,8052.6,0.0168,6,0
68.7000,0.757427,59.994378,-0.007789,0.0000,1.0000,8053.3,0.0158,6,0
68.7125,0.757427,59.994384,-0.007788,0.0000,1.0000,8050.8,0.0154,6,0
68.7221,0.759130,59.994391,-0.007787,0.0000,1.0000,8055.3,0.0153,6,0
68.7327,0.759130,59.994397,-0.007786,0.0000,1.0000,8054.8,0.0154,6,0
68.7450,0.759130,59.994403,-0.007785,0.0000,1.0000,8053.2,0.0161,6,0
68.7545,0.759130,59.994409,-0.007784,0.0000,1.0000,8057.0,0.0169,6,0
68.7655,0.759130,59.994415,-0.007783,0.0000,1.0000,8056.1,0.0180,6,0
68.7773,0.759130,59.994421,-0.007782,0.0000,1.0000,8053.4,0.0194,6,0
68.7866,0.759130,59.994427,-0.007781,0.0000,1.0000,8058.1,0.0209,6,0
68.7972,0.759130,59.994433,-0.007780,0.0000,1.0000,8057.5,0.0225,6,0
68.8091,0.759130,59.994439,-0.007779,0.0000,1.0000,8056.0,0.0243,6,0
68.8193,0.759130,59.994445,-0.007778,0.0000,1.0000,8059.0,0.0259,6,0
68.8292,0.760826,59.994452,-0.007776,0.0000,1.0000,8061.0,0.0276,6,0
68.8413,0.760826,59.994458,-0.007775,0.0000,1.0000,8059.7,0.0294,6,0
68.8519,0.760826,59.994464,-0.007774,0.0000,1.0000,8061.3,0.0309,6,0
68.8630,0.760826,59.994470,-0.007773,0.0000,1.0000,8062.9,0.0324,6,0
68.8751,0.760826,59.994476,-0.007772,0.0000,1.0000,8064.2,0.0338,6,0
68.8869,0.760826,59.994482,-0.007771,0.0000,1.0000,8064.8,0.0349,6,0
68.8975,0.760826,59.994489,-0.007769,0.0000,1.0000,8067.8,0.0358,6,0
68.9089,0.760826,59.994495,-0.007768,0.0000,1.0000,8069.8,0.0365,6,0
68.9214,0.760826,59.994502,-0.007767,0.0000,1.0000,8068.7,0.0370,6,0
68.9310,0.760826,59.994508,-0.007766,0.0000,1.0000,8072.9,0.0373,6,0
68.9419,0.762524,59.994514,-0.007764,0.0000,1.0000,8074.3,0.0377,6,0
68.9537,0.762524,59.994521,-0.007763,0.0000,1.0000,8072.9,0.0379,6,0
68.9631,0.762524,59.994527,-0.007762,0.0000,1.0000,8078.5,0.0380,6,0
68.9740,0.762524,59.994534,-0.007761,0.0000,1.0000,8079.1,0.0380,6,0
68.9850,0.762524,59.994540,-0.007759,0.0000,1.0000,8076.9,0.0379,6,0
68.9933,0.762524,59.994546,-0.007758,0.0000,1.0000,8081.9,0.0374,6,0
69.0042,0.762524,59.994552,-0.007757,0.0000,1.0000,8082.1,0.0369,6,0
69.0151,0.762524,59.994559,-0.007755,0.0000,1.0000,8080.6,0.0359,6,0
69.0251,0.762524,59.994565,-0.007754,0.0000,1.0000,8084.9,0.0345,6,0
69.0356,0.762524,59.994571,-0.007753,0.0000,1.0000,8085.7,0.0331,6,0
69.0462,0.764234,59.994577,-0.007751,0.0000,1.0000,8087.8,0.0313,6,0
69.0557,0.764234,59.994583,-0.007750,0.0000,1.0000,8089.7,0.0293,6,0
69.0660,0.764234,59.994590,-0.007748,0.0000,1.0000,8093.0,0.0276,6,0
69.0763,0.764234,59.994596,-0.007747,0.0000,1.0000,8094.6,0.0259,6,0
69.0874,0.764234,59.994602,-0.007746,0.0000,1.0000,8094.8,0.0243,6,0
69.0974,0.764234,59.994608,-0.007744,0.0000,1.0000,8096.6,0.0229,6,0
69.1074,0.764234,59.994614,-0.007743,0.0000,1.0000,8100.7,0.0219,6,0
69.1188,0.764234,59.994620,-0.007741,0.0000,1.0000,8098.0,0.0209,6,0
69.1284,0.764234,59.994626,-0.007740,0.0000,1.0000,8102.8,0.0201,6,0
69.1391,0.764234,59.994633,-0.007738,0.0000,1.0000,8103.9,0.0197,6,0
69.1502,0.765936,59.994639,-0.007737,0.0000,1.0000,8104.2,0.0194,6,0
69.1607,0.765936,59.994645,-0.007735,0.0000,1.0000,8107.7,0.0194,6,0
69.1725,0.765936,59.994651,-0.007734,0.0000,1.0000,8106.5,0.0199,6,0
69.1846,0.765936,59.994657,-0.007732,0.0000,1.0000,8105.8,0.0208,6,0
69.1947,0.765936,59.994663,-0.007731,0.0000,1.0000,8112.5,0.0222,6,0
69.2076,0.765936,59.994669,-0.007729,0.0000,1.0000,8111.2,0.0242,6,0
69.2198,0.765936,59.994675,-0.007727,0.0000,1.0000,8109.3,0.0266,6,0
69.2310,0.765936,59.994681,-0.007726,0.0000,1.0000,8113.8,0.0295,6,0
69.2430,0.765936,59.994687,-0.007724,0.0000,1.0000,8113.9,0.0329,6,0
69.2551,0.765936,59.994693,-0.007722,0.0000,1.0000,8108.3,0.0362,6,0
69.2644,0.767647,59.994700,-0.007721,0.0000,1.0000,8112.0,0.0397,6,0
69.2754,0.767647,59.994706,-0.007719,0.0000,1.0000,8111.2,0.0429,6,0
69.2861,0.767647,59.994712,-0.007717,0.0000,1.0000,8108.4,0.0455,6,0
69.2954,0.767647,59.994718,-0.007716,0.0000,1.0000,8111.4,0.0477,6,0
69.3065,0.767647,59.994724,-0.007714,0.0000,1.0000,8112.2,0.0492,6,0
69.3167,0.767647,59.994730,-0.007712,0.0000,1.0000,8112.7,0.0498,6,0
69.3260,0.767647,59.994736,-0.007710,0.0000,1.0000,8115.4,0.0499,6,0
69.3362,0.767647,59.994742,-0.007709,0.0000,1.0000,8120.5,0.0494,6,0
69.3463,0.767647,59.994748,-0.007707,0.0000,1.0000,8122.0,0.0481,6,0
69.3564,0.767647,59.994754,-0.007705,0.0000,1.0000,8122.3,0.0465,6,0
69.3669,0.769352,59.994761,-0.007703,0.0000,1.0000,8127.8,0.0447,6,0
69.3775,0.769352,59.994767,-0.007702,0.0000,1.0000,8130.1,0.0427,6,0
69.3878,0.769352,59.994773,-0.007700,0.0000,1.0000,8130.0,0.0404,6,0
69.3970,0.769352,59.994779,-0.007698,0.0000,1.0000,8138.5,0.0382,6,0
69.4062,0.769352,59.994785,-0.007696,0.0000,1.0000,8138.4,0.0358,6,0
69.4152,0.769352,59.994791,-0.007694,0.0000,1.0000,8143.5,0.0335,6,0
69.4251,0.769352,59.994797,-0.007692,0.0000,1.0000,8148.6,0.0314,6,0
69.4360,0.769352,59.994803,-0.007690,0.0000,1.0000,8145.2,0.0289,6,0
69.4461,0.769352,59.994809,-0.007688,0.0000,1.0000,8145.9,0.0263,6,0
69.4540,0.769352,59.994816,-0.007687,0.0000,1.0000,8153.4,0.0238,6,0
69.4654,0.771061,59.994822,-0.007685,0.0000,1.0000,8153.0,0.0211,6,0
69.4770,0.771061,59.994828,-0.007683,0.0000,1.0000,8148.6,0.0183,6,0
69.4874,0.771061,59.994834,-0.007681,0.0000,1.0000,8153.3,0.0157,6,0
69.4973,0.771061,59.994840,-0.007679,0.0000,1.0000,8153.8,0.0131,6,0
69.5094,0.771061,59.994846,-0.007677,0.0000,1.0000,8152.9,0.0107,6,0
69.5202,0.771061,59.994852,-0.007675,0.0000,1.0000,8156.3,0.0090,6,0
69.5334,0.771061,59.994859,-0.007673,0.0000,1.0000,8155.2,0.0074,6,0
69.5452,0.771061,59.994865,-0.007670,0.0000,1.0000,8154.5,0.0066,6,0
69.5561,0.771061,59.994872,-0.007668,0.0000,1.0000,8160.0,0.0065,6,0
69.5690,0.771061,59.994878,-0.007666,0.0000,1.0000,8158.6,0.0069,6,0
69.5809,0.772780,59.994884,-0.007664,0.0000,1.0000,8156.6,0.0080,6,0
69.5925,0.772780,59.994891,-0.007662,0.0000,1.0000,8156.4,0.0097,6,0
69.6036,0.772780,59.994897,-0.007660,0.0000,1.0000,8155.0,0.0115,6,0
69.6147,0.772780,59.994904,-0.007658,0.0000,1.0000,8153.5,0.0135,6,0
69.6257,0.772780,59.994910,-0.007656,0.0000,1.0000,8153.4,0.0157,6,0
69.6367,0.772780,59.994916,-0.007654,0.0000,1.0000,8152.8,0.0175,6,0
69.6468,0.772780,59.994922,-0.007651,0.0000,1.0000,8154.0,0.0189,6,0
69.6588,0.772780,59.994929,-0.007649,0.0000,1.0000,8153.0,0.0203,6,0
69.6701,0.772780,59.994935,-0.007647,0.0000,1.0000,8156.2,0.0215,6,0
69.6808,0.772780,59.994941,-0.007645,0.0000,1.0000,8156.8,0.0225,6,0
69.6943,0.774494,59.994947,-0.007642,0.0000,1.0000,8154.9,0.0236,6,0
69.7036,0.774494,59.994953,-0.007640,0.0000,1.0000,8160.2,0.0245,6,0
69.7143,0.774494,59.994960,-0.007638,0.0000,1.0000,8160.8,0.0253,6,0
69.7270,0.774494,59.994966,-0.007636,0.0000,1.0000,8160.1,0.0263,6,0
69.7370,0.774494,59.994972,-0.007633,0.0000,1.0000,8165.1,0.0270,6,0
69.7474,0.774494,59.994978,-0.007631,0.0000,1.0000,8166.7,0.0277,6,0
69.7608,0.774494,59.994984,-0.007629,0.0000,1.0000,8164.0,0.0284,6,0
69.7713,0.774494,59.994990,-0.007626,0.0000,1.0000,8169.5,0.0289,6,0
69.7813,0.774494,59.994996,-0.007624,0.0000,1.0000,8171.7,0.0293,6,0
69.7948,0.774494,59.995002,-0.007622,0.0000,1.0000,8169.1,0.0298,6,0
69.8041,0.776220,59.995009,-0.007619,0.0000,1.0000,8175.8,0.0301,6,0
69.8151,0.776220,59.995015,-0.007617,0.0000,1.0000,8175.8,0.0305,6,0
69.8275,0.776220,59.995021,-0.007615,0.0000,1.0000,8175.3,0.0310,6,0
69.8365,0.776220,59.995027,-0.007612,0.0000,1.0000,8180.9,0.0313,6,0
69.8475,0.776220,59.995033,-0.007610,0.0000,1.0000,8180.1,0.0315,6,0
69.8584,0.776220,59.995039,-0.007608,0.0000,1.0000,8179.7,0.0316,6,0
69.8687,0.776220,59.995045,-0.007605,0.0000,1.0000,8183.7,0.0316,6,0
69.8788,0.776220,59.995051,-0.007603,0.0000,1.0000,8185.1,0.0313,6,0
69.8898,0.776220,59.995057,-0.007600,0.0000,1.0000,8184.2,0.0310,6,0
69.9003,0.776220,59.995064,-0.007598,0.0000,1.0000,8188.0,0.0304,6,0
69.9086,0.777943,59.995070,-0.007596,0.0000,1.0000,8190.4,0.0294,6,0
69.9202,0.777943,59.995076,-0.007593,0.0000,1.0000,8189.8,0.0285,6,0
69.9305,0.777943,59.995082,-0.007591,0.0000,1.0000,8191.7,0.0273,6,0
69.9396,0.777943,59.995088,-0.007588,0.0000,1.0000,8194.7,0.0258,6,0
69.9501,0.777943,59.995094,-0.007586,0.0000,1.0000,8195.1,0.0245,6,0
69.9606,0.777943,59.995100,-0.007583,0.0000,1.0000,8196.8,0.0230,6,0
69.9696,0.777943,59.995106,-0.007581,0.0000,1.0000,8198.2,0.0213,6,0
69.9803,0.777943,59.995112,-0.007578,0.0000,1.0000,8201.5,0.0200,6,0
69.9914,0.777943,59.995118,-0.007576,0.0000,1.0000,8201.2,0.0186,6,0
70.0003,0.777943,59.995125,-0.007573,0.0000,1.0000,8204.0,0.0173,6,0
70.0109,0.779665,59.995131,-0.007570,0.0000,1.0000,8206.9,0.0165,6,0
70.0223,0.779665,59.995137,-0.007568,0.0000,1.0000,8206.3,0.0158,6,0
70.0310,0.779665,59.995143,-0.007565,0.0000,1.0000,8211.9,0.0152,6,0
70.0424,0.779665,59.995149,-0.007563,0.0000,1.0000,8212.8,0.0152,6,0
70.0548,0.779665,59.995155,-0.007560,0.0000,1.0000,8211.3,0.0154,6,0
70.0661,0.779665,59.995161,-0.007558,0.0000,1.0000,8213.7,0.0159,6,0
70.0777,0.779665,59.995167,-0.007555,0.0000,1.0000,8215.0,0.0169,6,0
70.0907,0.779665,59.995173,-0.007552,0.0000,1.0000,8210.9,0.0180,6,0
70.1015,0.779665,59.995179,-0.007549,0.0000,1.0000,8214.2,0.0193,6,0
70.1140,0.779665,59.995185,-0.007547,0.0000,1.0000,8210.7,0.0208,6,0
70.1260,0.781395,59.995192,-0.007544,0.0000,1.0000,8207.7,0.0222,6,0
70.1342,0.781395,59.995198,-0.007541,0.0000,1.0000,8214.2,0.0235,6,0
70.1467,0.781395,59.995204,-0.007539,0.0000,1.0000,8210.0,0.0249,6,0
70.1579,0.781395,59.995210,-0.007536,0.0000,1.0000,8209.1,0.0260,6,0
70.1675,0.781395,59.995216,-0.007533,0.0000,1.0000,8212.9,0.0270,6,0
70.1766,0.781395,59.995222,-0.007530,0.0000,1.0000,8215.7,0.0280,6,0
70.1885,0.781395,59.995228,-0.007528,0.0000,1.0000,8213.9,0.0288,6,0
70.1987,0.781395,59.995234,-0.007525,0.0000,1.0000,8217.0,0.0294,6,0
70.2089,0.781395,59.995240,-0.007522,0.0000,1.0000,8218.7,0.0303,6,0
70.2208,0.781395,59.995247,-0.007519,0.0000,1.0000,8217.8,0.0310,6,0
70.2306,0.783123,59.995253,-0.007516,0.0000,1.0000,8221.9,0.0316,6,0
70.2414,0.783123,59.995259,-0.007514,0.0000,1.0000,8224.6,0.0323,6,0
70.2523,0.783123,59.995265,-0.007511,0.0000,1.0000,8222.4,0.0328,6,0
70.2620,0.783123,59.995271,-0.007508,0.0000,1.0000,8223.7,0.0329,6,0
70.2726,0.783123,59.995277,-0.007505,0.0000,1.0000,8225.4,0.0331,6,0
70.2836,0.783123,59.995283,-0.007502,0.0000,1.0000,8226.7,0.0330,6,0
70.2930,0.783123,59.995290,-0.007499,0.0000,1.0000,8227.4,0.0323,6,0
70.3027,0.783123,59.995297,-0.007497,0.0000,1.0000,8230.9,0.0317,6,0
70.3132,0.783123,59.995303,-0.007494,0.0000,1.0000,8233.2,0.0307,6,0
70.3231,0.783123,59.995309,-0.007491,0.0000,1.0000,8231.9,0.0293,6,0
70.3328,0.784863,59.995316,-0.007488,0.0000,1.0000,8236.1,0.0282,6,0
70.3445,0.784863,59.995323,-0.007485,0.0000,1.0000,8236.8,0.0270,6,0
70.3551,0.784863,59.995329,-0.007482,0.0000,1.0000,8237.1,0.0256,6,0
70.3642,0.784863,59.995336,-0.007479,0.0000,1.0000,8241.7,0.0247,6,0
70.3754,0.784863,59.995342,-0.007476,0.0000,1.0000,8243.9,0.0239,6,0
70.3867,0.784863,59.995348,-0.007473,0.0000,1.0000,8241.1,0.0233,6,0
70.3967,0.784863,59.995354,-0.007470,0.0000,1.0000,8245.8,0.0230,6,0
70.4076,0.784863,59.995360,-0.007467,0.0000,1.0000,8249.2,0.0230,6,0
70.4181,0.784863,59.995366,-0.007464,0.0000,1.0000,8249.2,0.0230,6,0
70.4281,0.784863,59.995373,-0.007461,0.0000,1.0000,8252.9,0.0234,6,0
70.4397,0.786595,59.995379,-0.007458,0.0000,1.0000,8252.3,0.0241,6,0
70.4507,0.786595,59.995385,-0.007455,0.0000,1.0000,8249.4,0.0248,6,0
70.4606,0.786595,59.995391,-0.007452,0.0000,1.0000,8253.3,0.0256,6,0
70.4732,0.786595,59.995397,-0.007449,0.0000,1.0000,8249.6,0.0265,6,0
70.4840,0.786595,59.995403,-0.007446,0.0000,1.0000,8248.1,0.0269,6,0
70.4930,0.786595,59.995409,-0.007443,0.0000,1.0000,8253.7,0.0274,6,0
70.5052,0.786595,59.995415,-0.007439,0.0000,1.0000,8250.4,0.0276,6,0
70.5154,0.786595,59.995421,-0.007436,0.0000,1.0000,8249.9,0.0275,6,0
70.5249,0.786595,59.995427,-0.007433,0.0000,1.0000,8256.3,0.0273,6,0
70.5352,0.786595,59.995434,-0.007430,0.0000,1.0000,8260.1,0.0270,6,0
70.5468,0.788331,59.995440,-0.007427,0.0000,1.0000,8256.0,0.0263,6,0
70.5572,0.788331,59.995446,-0.007424,0.0000,1.0000,8258.5,0.0259,6,0
70.5675,0.788331,59.995452,-0.007420,0.0000,1.0000,8260.9,0.0254,6,0
70.5785,0.788331,59.995458,-0.007417,0.0000,1.0000,8258.3,0.0249,6,0
70.5883,0.788331,59.995464,-0.007414,0.0000,1.0000,8263.1,0.0245,6,0
70.5994,0.788331,59.995470,-0.007411,0.0000,1.0000,8264.7,0.0242,6,0
70.6099,0.788331,59.995476,-0.007407,0.0000,1.0000,8266.5,0.0238,6,0
70.6213,0.788331,59.995482,-0.007404,0.0000,1.0000,8266.9,0.0236,6,0
70.6317,0.788331,59.995488,-0.007401,0.0000,1.0000,8268.0,0.0234,6,0
70.6429,0.788331,59.995494,-0.007398,0.0000,1.0000,8268.6,0.0228,6,0
70.6525,0.790072,59.995501,-0.007394,0.0000,1.0000,8271.9,0.0226,6,0
70.6633,0.790072,59.995507,-0.007391,0.0000,1.0000,8274.2,0.0222,6,0
70.6737,0.790072,59.995513,-0.007388,0.0000,1.0000,8273.7,0.0216,6,0
70.6847,0.790072,59.995519,-0.007384,0.0000,1.0000,8275.6,0.0212,6,0
70.6966,0.790072,59.995525,-0.007381,0.0000,1.0000,8275.3,0.0209,6,0
70.7076,0.790072,59.995531,-0.007378,0.0000,1.0000,8277.8,0.0203,6,0
70.7206,0.790072,59.995537,-0.007374,0.0000,1.0000,8277.5,0.0203,6,0
70.7306,0.790072,59.995543,-0.007371,0.0000,1.0000,8282.9,0.0203,6,0
70.7425,0.790072,59.995549,-0.007367,0.0000,1.0000,8283.2,0.0204,6,0
70.7557,0.790072,59.995556,-0.007364,0.0000,1.0000,8282.8,0.0208,6,0
70.7669,0.791810,59.995562,-0.007361,0.0000,1.0000,8283.2,0.0213,6,0
70.7780,0.791810,59.995568,-0.007357,0.0000,1.0000,8284.1,0.0217,6,0
70.7905,0.791810,59.995574,-0.007354,0.0000,1.0000,8282.3,0.0222,6,0
70.7999,0.791810,59.995580,-0.007350,0.0000,1.0000,8286.4,0.0225,6,0
70.8113,0.791810,59.995586,-0.007347,0.0000,1.0000,8283.3,0.0225,6,0
70.8219,0.791810,59.995592,-0.007343,0.0000,1.0000,8285.1,0.0224,6,0
70.8321,0.791810,59.995598,-0.007340,0.0000,1.0000,8288.2,0.0221,6,0
70.8439,0.791810,59.995604,-0.007336,0.0000,1.0000,8285.6,0.0215,6,0
70.8563,0.791810,59.995610,-0.007333,0.0000,1.0000,8283.3,0.0208,6,0
70.8667,0.791810,59.995616,-0.007329,0.0000,1.0000,8289.8,0.0200,6,0
70.8772,0.793549,59.995623,-0.007326,0.0000,1.0000,8291.3,0.0191,6,0
70.8906,0.793549,59.995629,-0.007322,0.0000,1.0000,8287.8,0.0183,6,0
70.9009,0.793549,59.995635,-0.007319,0.0000,1.0000,8294.2,0.0174,6,0
70.9119,0.793549,59.995641,-0.007315,0.0000,1.0000,8297.6,0.0164,6,0
70.9258,0.793549,59.995647,-0.007312,0.0000,1.0000,8294.0,0.0156,6,0
70.9365,0.793549,59.995653,-0.007308,0.0000,1.0000,8298.6,0.0149,6,0
70.9482,0.793549,59.995660,-0.007305,0.0000,1.0000,8301.2,0.0144,6,0
70.9638,0.793549,59.995666,-0.007301,0.0000,1.0000,8296.1,0.0142,6,0
70.9750,0.793549,59.995672,-0.007297,0.0000,1.0000,8303.3,0.0141,6,0
70.9882,0.793549,59.995678,-0.007294,0.0000,1.0000,8300.9,0.0144,6,0
71.0013,0.795291,59.995685,-0.007290,0.0000,1.0000,8301.4,0.0150,6,0
71.0112,0.795291,59.995691,-0.007287,0.0000,1.0000,8310.8,0.0157,6,0
71.0223,0.795291,59.995697,-0.007283,0.0000,1.0000,8308.9,0.0165,6,0
71.0344,0.795291,59.995704,-0.007279,0.0000,1.0000,8305.6,0.0172,6,0
71.0434,0.795291,59.995710,-0.007276,0.0000,1.0000,8309.8,0.0178,6,0
71.0533,0.795291,59.995716,-0.007272,0.0000,1.0000,8308.1,0.0181,6,0
71.0644,0.795291,59.995722,-0.007268,0.0000,1.0000,8307.0,0.0182,6,0
71.0765,0.795291,59.995728,-0.007265,0.0000,1.0000,8306.0,0.0182,6,0
71.0868,0.795291,59.995734,-0.007261,0.0000,1.0000,8310.6,0.0176,6,0
71.0986,0.795291,59.995740,-0.007257,0.0000,1.0000,8309.8,0.0170,6,0
71.1094,0.797038,59.995746,-0.007254,0.0000,1.0000,8313.3,0.0158,6,0
71.1184,0.797038,59.995752,-0.007250,0.0000,1.0000,8319.8,0.0144,6,0
71.1304,0.797038,59.995758,-0.007246,0.0000,1.0000,8319.5,0.0132,6,0
71.1409,0.797038,59.995764,-0.007242,0.0000,1.0000,8324.5,0.0118,6,0
71.1515,0.797038,59.995770,-0.007239,0.0000,1.0000,8328.3,0.0104,6,0
71.1639,0.797038,59.995776,-0.007235,0.0000,1.0000,8329.1,0.0093,6,0
71.1760,0.797038,59.995782,-0.007231,0.0000,1.0000,8330.3,0.0082,6,0
71.1877,0.797038,59.995788,-0.007227,0.0000,1.0000,8333.3,0.0073,6,0
71.2004,0.797038,59.995794,-0.007224,0.0000,1.0000,8337.2,0.0070,6,0
71.2126,0.797038,59.995800,-0.007220,0.0000,1.0000,8341.4,0.0067,6,0
71.2267,0.798783,59.995806,-0.007216,0.0000,1.0000,8340.2,0.0065,6,0
71.2408,0.798783,59.995812,-0.007212,0.0000,1.0000,8339.0,0.0067,6,0
71.2539,0.798783,59.995818,-0.007209,0.0000,1.0000,8341.6,0.0071,6,0
71.2671,0.798783,59.995824,-0.007205,0.0000,1.0000,8343.2,0.0074,6,0
71.2816,0.798783,59.995830,-0.007201,0.0000,1.0000,8339.9,0.0078,6,0
71.2961,0.798783,59.995836,-0.007197,0.0000,1.0000,8336.8,0.0081,6,0
71.3075,0.798783,59.995842,-0.007193,0.0000,1.0000,8342.7,0.0083,6,0
71.3212,0.798783,59.995848,-0.007190,0.0000,1.0000,8345.0,0.0087,6,0
71.3350,0.798783,59.995854,-0.007186,0.0000,1.0000,8342.5,0.0088,6,0
71.3481,0.798783,59.995860,-0.007182,0.0000,1.0000,8342.4,0.0090,6,0
71.3608,0.800532,59.995866,-0.007178,0.0000,1.0000,8344.1,0.0091,6,0
71.3743,0.800532,59.995872,-0.007174,0.0000,1.0000,8340.9,0.0089,6,0
71.3858,0.800532,59.995878,-0.007170,0.0000,1.0000,8345.7,0.0088,6,0
71.3992,0.800532,59.995884,-0.007167,0.0000,1.0000,8342.3,0.0086,6,0
71.4107,0.800532,59.995890,-0.007163,0.0000,1.0000,8344.1,0.0083,6,0
71.4214,0.800532,59.995896,-0.007159,0.0000,1.0000,8345.9,0.0081,6,0
71.4339,0.800532,59.995903,-0.007155,0.0000,1.0000,8345.6,0.0076,6,0
71.4468,0.800532,59.995909,-0.007151,0.0000,1.0000,8344.6,0.0072,6,0
71.4582,0.800532,59.995915,-0.007147,0.0000,1.0000,8350.7,0.0066,6,0
71.4721,0.800532,59.995922,-0.007143,0.0000,1.0000,8349.2,0.0059,6,0
71.4866,0.802283,59.995928,-0.007140,0.0000,1.0000,8343.7,0.0050,6,0
71.4966,0.802283,59.995934,-0.007136,0.0000,1.0000,8355.0,0.0041,6,0
71.5105,0.802283,59.995940,-0.007132,0.0000,1.0000,8355.2,0.0032,6,0
71.5250,0.802283,59.995947,-0.007128,0.0000,1.0000,8349.5,0.0022,6,0
71.5354,0.802283,59.995953,-0.007124,0.0000,1.0000,8362.0,0.0012,6,0
71.5485,0.802283,59.995959,-0.007120,0.0000,1.0000,8360.0,0.0003,6,0
71.5627,0.802283,59.995965,-0.007116,0.0000,1.0000,8355.7,-0.0005,6,0
71.5731,0.802283,59.995971,-0.007112,0.0000,1.0000,8366.2,-0.0011,6,0
71.5869,0.802283,59.995977,-0.007108,0.0000,1.0000,8364.8,-0.0015,6,0
71.6014,0.802283,59.995984,-0.007105,0.0000,1.0000,8360.0,-0.0015,6,0
71.6128,0.804036,59.995990,-0.007101,0.0000,1.0000,8366.7,-0.0016,6,0
71.6252,0.804036,59.995996,-0.007097,0.0000,1.0000,8369.9,-0.0014,6,0
71.6393,0.804036,59.996002,-0.007093,0.0000,1.0000,8366.7,-0.0011,6,0
71.6509,0.804036,59.996008,-0.007089,0.0000,1.0000,8372.6,-0.0009,6,0
71.6637,0.804036,59.996014,-0.007085,0.0000,1.0000,8375.5,-0.0007,6,0
71.6769,0.804036,59.996020,-0.007081,0.0000,1.0000,8375.5,-0.0005,6,0
71.6894,0.804036,59.996026,-0.007077,0.0000,1.0000,8381.0,-0.0005,6,0
71.7032,0.804036,59.996032,-0.007073,0.0000,1.0000,8382.2,-0.0005,6,0
71.7181,0.804036,59.996038,-0.007069,0.0000,1.0000,8376.2,-0.0006,6,0
71.7310,0.804036,59.996045,-0.007065,0.0000,1.0000,8380.9,-0.0010,6,0
71.7432,0.805795,59.996051,-0.007062,0.0000,1.0000,8385.1,-0.0014,6,0
71.7564,0.805795,59.996057,-0.007058,0.0000,1.0000,8385.6,-0.0018,6,0
71.7670,0.805795,59.996063,-0.007054,0.0000,1.0000,8396.2,-0.0024,6,0
71.7807,0.805795,59.996069,-0.007050,0.0000,1.0000,8393.8,-0.0030,6,0
71.7956,0.805795,59.996075,-0.007046,0.0000,1.0000,8387.4,-0.0037,6,0
71.8077,0.805795,59.996081,-0.007042,0.0000,1.0000,8393.6,-0.0045,6,0
71.8197,0.805795,59.996087,-0.007038,0.0000,1.0000,8399.5,-0.0052,6,0
71.8343,0.805795,59.996093,-0.007034,0.0000,1.0000,8392.9,-0.0061,6,0
71.8465,0.805795,59.996099,-0.007030,0.0000,1.0000,8397.4,-0.0071,6,0
71.8583,0.805795,59.996105,-0.007026,0.0000,1.0000,8401.4,-0.0081,6,0
71.8709,0.807557,59.996112,-0.007022,0.0000,1.0000,8402.5,-0.0092,6,0
71.8824,0.807557,59.996118,-0.007018,0.0000,1.0000,8407.3,-0.0102,6,0
71.8941,0.807557,59.996124,-0.007014,0.0000,1.0000,8413.0,-0.0112,6,0
71.9080,0.807557,59.996130,-0.007010,0.0000,1.0000,8408.1,-0.0121,6,0
71.9192,0.807557,59.996136,-0.007006,0.0000,1.0000,8415.4,-0.0129,6,0
71.9311,0.807557,59.996142,-0.007003,0.0000,1.0000,8420.9,-0.0136,6,0
71.9444,0.807557,59.996148,-0.006999,0.0000,1.0000,8420.4,-0.0143,6,0
71.9570,0.807557,59.996154,-0.006995,0.0000,1.0000,8424.9,-0.0147,6,0
71.9703,0.807557,59.996160,-0.006991,0.0000,1.0000,8429.4,-0.0150,6,0
71.9849,0.807557,59.996167,-0.006987,0.0000,1.0000,8426.6,-0.0150,6,0
71.9978,0.809320,59.996173,-0.006983,0.0000,1.0000,8434.0,-0.0149,6,0
72.0133,0.809320,59.996179,-0.006979,0.0000,1.0000,8434.7,-0.0146,6,0
72.0306,0.809320,59.996185,-0.006975,0.0000,1.0000,8428.9,-0.0141,6,0
72.0458,0.809320,59.996191,-0.006971,0.0000,1.0000,8432.6,-0.0137,6,0
72.0606,0.809320,59.996197,-0.006967,0.0000,1.0000,8435.8,-0.0132,6,0
72.0744,0.809320,59.996203,-0.006963,0.0000,1.0000,8437.3,-0.0127,6,0
72.0875,0.809320,59.996210,-0.006959,0.0000,1.0000,8437.4,-0.0121,6,0
72.1007,0.809320,59.996216,-0.006956,0.0000,1.0000,8440.0,-0.0112,6,0
72.1146,0.809320,59.996222,-0.006952,0.0000,1.0000,8435.6,-0.0101,6,0
72.1270,0.809320,59.996229,-0.006948,0.0000,1.0000,8440.2,-0.0089,6,0
72.1395,0.811084,59.996235,-0.006944,0.0000,1.0000,8444.4,-0.0075,6,0
72.1540,0.811084,59.996241,-0.006940,0.0000,1.0000,8436.3,-0.0059,6,0
72.1684,0.811084,59.996247,-0.006936,0.0000,1.0000,8434.5,-0.0044,6,0
72.1813,0.811084,59.996254,-0.006932,0.0000,1.0000,8437.5,-0.0026,6,0
72.1956,0.811084,59.996260,-0.006928,0.0000,1.0000,8434.8,-0.0010,6,0
72.2090,0.811084,59.996266,-0.006925,0.0000,1.0000,8437.2,0.0007,6,0
72.2216,0.811084,59.996273,-0.006921,0.0000,1.0000,8441.3,0.0023,6,0
72.2358,0.811084,59.996279,-0.006917,0.0000,1.0000,8437.0,0.0038,6,0
72.2491,0.811084,59.996285,-0.006913,0.0000,1.0000,8439.3,0.0051,6,0
72.2609,0.811084,59.996291,-0.006909,0.0000,1.0000,8445.8,0.0064,6,0
72.2742,0.812853,59.996298,-0.006905,0.0000,1.0000,8446.3,0.0073,6,0
72.2870,0.812853,59.996304,-0.006901,0.0000,1.0000,8449.0,0.0080,6,0
72.2991,0.812853,59.996310,-0.006898,0.0000,1.0000,8452.7,0.0084,6,0
72.3136,0.812853,59.996317,-0.006894,0.0000,1.0000,8446.8,0.0087,6,0
72.3256,0.812853,59.996323,-0.006890,0.0000,1.0000,8453.2,0.0089,6,0
72.3373,0.812853,59.996329,-0.006886,0.0000,1.0000,8457.9,0.0089,6,0
72.3519,0.812853,59.996335,-0.006882,0.0000,1.0000,8455.2,0.0086,6,0
72.3643,0.812853,59.996341,-0.006878,0.0000,1.0000,8460.7,0.0083,6,0
72.3763,0.812853,59.996347,-0.006874,0.0000,1.0000,8467.0,0.0078,6,0
72.3906,0.812853,59.996353,-0.006871,0.0000,1.0000,8467.7,0.0073,6,0
72.4035,0.814625,59.996360,-0.006867,0.0000,1.0000,8471.9,0.0069,6,0
72.4167,0.814625,59.996366,-0.006863,0.0000,1.0000,8473.1,0.0064,6,0
72.4304,0.814625,59.996372,-0.006859,0.0000,1.0000,8475.3,0.0059,6,0
72.4444,0.814625,59.996378,-0.006855,0.0000,1.0000,8476.6,0.0055,6,0
72.4582,0.814625,59.996384,-0.006851,0.0000,1.0000,8477.8,0.0050,6,0
72.4731,0.814625,59.996390,-0.006848,0.0000,1.0000,8477.3,0.0045,6,0
72.4874,0.814625,59.996396,-0.006844,0.0000,1.0000,8480.1,0.0039,6,0
72.5012,0.814625,59.996402,-0.006840,0.0000,1.0000,8485.4,0.0034,6,0
72.5174,0.814625,59.996408,-0.006836,0.0000,1.0000,8482.6,0.0030,6,0
72.5319,0.814625,59.996415,-0.006832,0.0000,1.0000,8485.9,0.0026,6,0
72.5464,0.816400,59.996421,-0.006828,0.0000,1.0000,8486.6,0.0024,6,0
72.5627,0.816400,59.996427,-0.006824,0.0000,1.0000,8482.5,0.0023,6,0
72.5761,0.816400,59.996433,-0.006820,0.0000,1.0000,8486.7,0.0023,6,0
72.5900,0.816400,59.996439,-0.006817,0.0000,1.0000,8488.9,0.0023,6,0
72.6044,0.816400,59.996445,-0.006813,0.0000,1.0000,8488.9,0.0025,6,0
72.6189,0.816400,59.996451,-0.006809,0.0000,1.0000,8485.7,0.0029,6,0
72.6322,0.816400,59.996458,-0.006805,0.0000,1.0000,8487.2,0.0035,6,0
72.6457,0.816400,59.996465,-0.006801,0.0000,1.0000,8485.8,0.0042,6,0
72.6573,0.816400,59.996471,-0.006797,0.0000,1.0000,8490.5,0.0051,6,0
72.6698,0.816400,59.996477,-0.006793,0.0000,1.0000,8490.5,0.0059,6,0
72.6842,0.818178,59.996484,-0.006789,0.0000,1.0000,8486.9,0.0068,6,0
72.6964,0.818178,59.996491,-0.006785,0.0000,1.0000,8489.7,0.0075,6,0
72.7087,0.818178,59.996497,-0.006782,0.0000,1.0000,8492.4,0.0080,6,0
72.7224,0.818178,59.996504,-0.006778,0.0000,1.0000,8489.7,0.0083,6,0
72.7341,0.818178,59.996510,-0.006774,0.0000,1.0000,8493.9,0.0083,6,0
72.7456,0.818178,59.996516,-0.006770,0.0000,1.0000,8499.0,0.0080,6,0
72.7585,0.818178,59.996522,-0.006766,0.0000,1.0000,8500.4,0.0075,6,0
72.7693,0.818178,59.996528,-0.006762,0.0000,1.0000,8508.7,0.0066,6,0
72.7815,0.818178,59.996534,-0.006758,0.0000,1.0000,8511.7,0.0057,6,0
72.7937,0.818178,59.996540,-0.006754,0.0000,1.0000,8514.8,0.0047,6,0
72.8055,0.819960,59.996546,-0.006750,0.0000,1.0000,8519.1,0.0036,6,0
72.8169,0.819960,59.996552,-0.006746,0.0000,1.0000,8526.3,0.0025,6,0
72.8311,0.819960,59.996558,-0.006742,0.0000,1.0000,8523.5,0.0016,6,0
72.8429,0.819960,59.996564,-0.006738,0.0000,1.0000,8528.7,0.0006,6,0
72.8550,0.819960,59.996570,-0.006735,0.0000,1.0000,8532.6,0.0000,6,0
72.8691,0.819960,59.996576,-0.006731,0.0000,1.0000,8530.5,-0.0004,6,0
72.8805,0.819960,59.996582,-0.006727,0.0000,1.0000,8534.0,-0.0008,6,0
72.8916,0.819960,59.996588,-0.006723,0.0000,1.0000,8540.4,-0.0008,6,0
72.9055,0.819960,59.996594,-0.006719,0.0000,1.0000,8537.1,-0.0008,6,0
72.9157,0.819960,59.996600,-0.006715,0.0000,1.0000,8545.0,-0.0008,6,0
72.9274,0.821741,59.996606,-0.006711,0.0000,1.0000,8549.6,-0.0007,6,0
72.9409,0.821741,59.996612,-0.006707,0.0000,1.0000,8547.5,-0.0006,6,0
72.9512,0.821741,59.996618,-0.006703,0.0000,1.0000,8553.7,-0.0008,6,0
72.9630,0.821741,59.996624,-0.006699,0.0000,1.0000,8555.9,-0.0011,6,0
72.9771,0.821741,59.996630,-0.006695,0.0000,1.0000,8550.2,-0.0015,6,0
72.9872,0.821741,59.996637,-0.006691,0.0000,1.0000,8557.6,-0.0022,6,0
72.9990,0.821741,59.996643,-0.006687,0.0000,1.0000,8562.4,-0.0027,6,0
73.0125,0.821741,59.996650,-0.006683,0.0015,0.9412,8558.7,-0.0034,6,0
73.0217,0.821741,59.996656,-0.006679,0.0029,0.8824,8558.9,-0.0041,6,0
73.0288,0.821741,59.996663,-0.006675,0.0132,0.8059,8548.4,-0.0046,6,0
73.0285,0.823529,59.996670,-0.006671,0.0234,0.7293,8539.3,-0.0050,6,0
73.0225,0.823529,59.996676,-0.006667,0.0309,0.6258,8532.4,-0.0053,6,0
73.0124,0.823529,59.996683,-0.006663,0.0383,0.5223,8519.4,-0.0055,6,0
72.9948,0.823529,59.996689,-0.006659,0.0609,0.4376,8506.6,-0.0056,6,0
72.9686,0.823529,59.996696,-0.006655,0.0835,0.3528,8494.1,-0.0056,6,0
72.9349,0.823529,59.996702,-0.006651,0.1230,0.2859,8473.9,-0.0056,6,0
72.8886,0.823529,59.996708,-0.006647,0.1626,0.2190,8452.3,-0.0053,6,0
72.8320,0.823529,59.996715,-0.006643,0.2121,0.1711,8430.8,-0.0049,6,0
72.7629,0.823529,59.996721,-0.006639,0.2615,0.1232,8410.2,-0.0044,6,0
72.6823,0.823529,59.996727,-0.006635,0.3012,0.0992,8387.4,-0.0039,6,0
72.5896,0.825312,59.996733,-0.006631,0.3408,0.0753,8367.9,-0.0033,6,0
72.4889,0.825312,59.996739,-0.006627,0.3887,0.0530,8346.5,-0.0026,6,0
72.3780,0.825312,59.996746,-0.006623,0.4365,0.0307,8326.0,-0.0019,6,0
72.2569,0.825312,59.996752,-0.006619,0.4766,0.0162,8305.6,-0.0014,6,0
72.1278,0.825312,59.996758,-0.006615,0.5166,0.0017,8286.8,-0.0010,6,0
71.9912,0.825312,59.996764,-0.006611,0.5544,0.0009,8264.4,-0.0007,6,0
71.8469,0.825312,59.996770,-0.006607,0.5921,0.0000,8240.6,-0.0006,6,0
71.6954,0.825312,59.996777,-0.006604,0.6254,0.0000,8215.6,-0.0006,6,0
71.5393,0.825312,59.996783,-0.006600,0.6588,0.0000,8190.6,-0.0006,6,0
71.3759,0.825312,59.996789,-0.006596,0.6931,0.0000,8165.4,-0.0006,6,0
71.2065,0.827078,59.996795,-0.006592,0.7274,0.0000,8136.7,-0.0006,6,0
71.0301,0.827078,59.996801,-0.006588,0.7520,0.0000,8109.0,-0.0005,6,0
70.8468,0.827078,59.996808,-0.006584,0.7766,0.0000,8079.1,-0.0005,6,0
70.6592,0.827078,59.996814,-0.006580,0.7943,0.0000,8051.6,-0.0003,6,0
70.4667,0.827078,59.996820,-0.006576,0.8121,0.0000,8025.1,-0.0003,6,0
70.2690,0.827078,59.996826,-0.006572,0.8316,0.0000,7994.6,-0.0004,6,0
70.0669,0.827078,59.996832,-0.006568,0.8512,0.0000,7969.8,-0.0005,6,0
69.8606,0.827078,59.996838,-0.006565,0.8663,0.0000,7946.7,-0.0005,6,0
69.6515,0.827078,59.996844,-0.006561,0.8815,0.0000,7920.8,-0.0007,6,0
69.4394,0.827078,59.996850,-0.006557,0.8981,0.0000,7898.6,-0.0007,6,0
69.2253,0.828803,59.996856,-0.006553,0.9147,0.0000,7870.8,-0.0007,6,0
69.0072,0.828803,59.996862,-0.006549,0.9282,0.0000,7843.8,-0.0008,6,0
68.7865,0.828803,59.996868,-0.006546,0.9416,0.0000,7819.1,-0.0009,6,0
68.5650,0.828803,59.996874,-0.006542,0.9488,0.0000,7795.6,-0.0009,6,0
68.3405,0.828803,59.996880,-0.006538,0.9560,0.0000,7773.7,-0.0013,6,0
68.1161,0.828803,59.996886,-0.006534,0.9572,0.0000,7751.2,-0.0015,6,0
67.8911,0.828803,59.996891,-0.006531,0.9585,0.0000,7729.6,-0.0017,6,0
67.6662,0.828803,59.996897,-0.006527,0.9582,0.0000,7712.3,-0.0020,6,0
67.4431,0.828803,59.996903,-0.006523,0.9580,0.0000,7689.5,-0.0022,6,0
67.2187,0.828803,59.996909,-0.006520,0.9619,0.0000,7669.4,-0.0023,6,0
66.9943,0.830479,59.996914,-0.006516,0.9658,0.0000,7648.4,-0.0024,6,0
66.7688,0.830479,59.996920,-0.006512,0.9742,0.0000,7624.1,-0.0024,6,0
66.5421,0.830479,59.996926,-0.006508,0.9827,0.0000,7602.4,-0.0024,6,0
66.3153,0.830479,59.996931,-0.006505,0.9835,0.0000,7579.8,-0.0023,6,0
66.0884,0.830479,59.996937,-0.006501,0.9844,0.0000,7558.5,-0.0023,6,0
65.8640,0.830479,59.996943,-0.006497,0.9833,0.0000,7535.7,-0.0020,6,0
65.6410,0.830479,59.996948,-0.006494,0.9822,0.0000,7510.5,-0.0018,6,0
65.4186,0.830479,59.996954,-0.006490,0.9862,0.0000,7484.9,-0.0017,6,0
65.1977,0.830479,59.996960,-0.006487,0.9902,0.0000,7452.7,-0.0016,6,0
64.9757,0.830479,59.996966,-0.006483,0.9951,0.0000,7424.9,-0.0016,6,0
64.7524,0.832098,59.996971,-0.006480,1.0000,0.0000,7393.7,-0.0019,6,0
64.5288,0.832098,59.996977,-0.006476,0.9991,0.0000,7360.2,-0.0021,6,0
64.3054,0.832098,59.996983,-0.006472,0.9983,0.0000,7330.1,-0.0023,6,0
64.0837,0.832098,59.996988,-0.006469,0.9962,0.0000,7297.4,-0.0023,6,0
63.8604,0.832098,59.996994,-0.006465,0.9941,0.0000,7271.7,-0.0024,6,0
63.6393,0.832098,59.996999,-0.006462,0.9965,0.0000,7241.6,-0.0023,6,0
63.4169,0.832098,59.997005,-0.006458,0.9988,0.0000,7215.4,-0.0021,6,0
63.1949,0.832098,59.997010,-0.006455,0.9994,0.0000,7473.1,-0.0020,6,0
62.9744,0.832098,59.997015,-0.006451,1.0000,0.0000,8006.3,-0.0018,6,0
62.7547,0.832098,59.997021,-0.006448,1.0000,0.0000,8143.7,-0.0016,6,0
62.5353,0.833662,59.997026,-0.006444,1.0000,0.0000,8112.0,-0.0018,6,0
62.3164,0.833662,59.997031,-0.006441,1.0000,0.0000,8075.4,-0.0019,5,0
62.0982,0.833662,59.997036,-0.006438,1.0000,0.0000,8039.2,-0.0022,5,0
61.8784,0.833662,59.997042,-0.006434,1.0000,0.0000,8008.6,-0.0025,5,0
61.6587,0.833662,59.997047,-0.006431,1.0000,0.0000,7975.5,-0.0030,5,0
61.4392,0.833662,59.997052,-0.006427,1.0000,0.0000,7944.3,-0.0032,5,0
61.2200,0.833662,59.997058,-0.006424,1.0000,0.0000,7914.5,-0.0035,5,0
61.0010,0.833662,59.997063,-0.006421,1.0000,0.0000,7882.9,-0.0037,5,0
60.7802,0.833662,59.997068,-0.006417,1.0000,0.0000,7859.4,-0.0038,5,0
60.5615,0.833662,59.997073,-0.006414,1.0000,0.0000,7828.5,-0.0040,5,0
60.3418,0.835171,59.997079,-0.006411,1.0000,0.0000,7802.6,-0.0042,5,0
60.1237,0.835171,59.997084,-0.006407,1.0000,0.0000,7773.6,-0.0047,5,0
59.9042,0.835171,59.997089,-0.006404,1.0000,0.0000,7746.6,-0.0051,5,0
59.6865,0.835171,59.997095,-0.006401,1.0000,0.0000,7716.5,-0.0055,5,0
59.4677,0.835171,59.997100,-0.006397,1.0000,0.0000,7690.6,-0.0062,5,0
59.2501,0.835171,59.997105,-0.006394,1.0000,0.0000,7662.6,-0.0069,5,0
59.0322,0.835171,59.997110,-0.006391,1.0000,0.0000,7634.2,-0.0076,5,0
58.8150,0.835171,59.997115,-0.006388,1.0000,0.0000,7604.8,-0.0081,5,0
58.5980,0.835171,59.997120,-0.006384,1.0000,0.0000,7577.0,-0.0087,5,0
58.3813,0.835171,59.997125,-0.006381,1.0000,0.0000,7548.9,-0.0089,5,0
58.1654,0.836626,59.997130,-0.006378,1.0000,0.0000,7519.1,-0.0089,5,0
57.9497,0.836626,59.997135,-0.006375,1.0000,0.0000,7490.9,-0.0089,5,0
57.7355,0.836626,59.997140,-0.006372,1.0000,0.0000,7460.9,-0.0086,5,0
57.5214,0.836626,59.997145,-0.006368,1.0000,0.0000,7432.0,-0.0080,5,0
57.3089,0.836626,59.997150,-0.006365,1.0000,0.0000,7398.9,-0.0074,5,0
57.0963,0.836626,59.997155,-0.006362,1.0000,0.0000,7366.6,-0.0066,5,0
56.8862,0.836626,59.997160,-0.006359,1.0000,0.0000,7330.3,-0.0056,5,0
56.6759,0.836626,59.997165,-0.006356,1.0000,0.0000,7293.4,-0.0046,5,0
56.4667,0.836626,59.997170,-0.006353,1.0000,0.0000,7254.0,-0.0036,5,0
56.2570,0.836626,59.997175,-0.006350,1.0000,0.0000,7209.9,-0.0027,5,0
56.0500,0.838028,59.997180,-0.006347,1.0000,0.0000,7157.0,-0.0018,5,0
55.8442,0.838028,59.997185,-0.006344,1.0000,0.0000,7097.7,-0.0011,5,0
55.6423,0.838028,59.997190,-0.006340,1.0000,0.0000,7042.8,-0.0004,5,0
55.4372,0.838028,59.997195,-0.006337,1.0000,0.0000,7071.8,-0.0001,5,0
55.2291,0.838028,59.997200,-0.006334,1.0000,0.0000,7055.5,0.0006,5,0
55.0209,0.838028,59.997205,-0.006331,1.0000,0.0000,7012.8,0.0011,5,0
54.8119,0.838028,59.997210,-0.006328,1.0000,0.0000,6966.2,0.0017,5,0
54.6038,0.838028,59.997215,-0.006325,1.0000,0.0000,6916.0,0.0022,5,0
54.3950,0.838028,59.997220,-0.006323,1.0000,0.0000,6964.3,0.0029,5,0
54.1847,0.838028,59.997225,-0.006320,1.0000,0.0000,6970.9,0.0033,5,0
53.9755,0.839379,59.997230,-0.006317,1.0000,0.0000,6937.3,0.0037,5,0
53.7648,0.839379,59.997235,-0.006314,1.0000,0.0000,7337.4,0.0037,5,0
53.5533,0.839379,59.997240,-0.006311,1.0000,0.0000,7874.7,0.0038,5,0
53.3412,0.839379,59.997245,-0.006308,1.0000,0.0000,7962.0,0.0037,5,0
53.1289,0.839379,59.997250,-0.006305,1.0000,0.0000,7936.7,0.0037,5,0
52.9177,0.839379,59.997254,-0.006302,1.0000,0.0000,7902.4,0.0033,4,0
52.7048,0.839379,59.997258,-0.006299,1.0000,0.0000,7873.7,0.0032,4,0
52.4926,0.839379,59.997262,-0.006296,1.0000,0.0000,7843.4,0.0028,4,0
52.2807,0.839379,59.997266,-0.006294,1.0000,0.0000,7812.7,0.0025,4,0
52.0693,0.839379,59.997270,-0.006291,1.0000,0.0000,7779.7,0.0019,4,0
51.8572,0.840680,59.997274,-0.006288,1.0000,0.0000,7748.8,0.0016,4,0
51.6460,0.840680,59.997278,-0.006285,1.0000,0.0000,7711.0,0.0011,4,0
51.4343,0.840680,59.997282,-0.006282,1.0000,0.0000,7674.9,0.0008,4,0
51.2228,0.840680,59.997286,-0.006279,1.0000,0.0000,7636.5,0.0001,4,0
51.0111,0.840680,59.997290,-0.006277,1.0000,0.0000,7599.9,-0.0004,4,0
50.7994,0.840680,59.997295,-0.006274,1.0000,0.0000,7562.0,-0.0010,4,0
50.5863,0.840680,59.997299,-0.006271,1.0000,0.0000,7531.7,-0.0015,4,0
50.3719,0.840680,59.997304,-0.006268,1.0000,0.0000,7507.0,-0.0023,4,0
50.1575,0.840680,59.997309,-0.006266,1.0000,0.0000,7487.4,-0.0029,4,0
49.9421,0.840680,59.997314,-0.006263,1.0000,0.0000,7466.4,-0.0036,4,0
49.7292,0.841931,59.997318,-0.006260,1.0000,0.0000,7437.3,-0.0042,4,0
49.5166,0.841931,59.997323,-0.006258,1.0000,0.0000,7412.0,-0.0046,4,0
49.3055,0.841931,59.997328,-0.006255,1.0000,0.0000,7380.7,-0.0051,4,0
49.0949,0.841931,59.997332,-0.006252,1.0000,0.0000,7350.1,-0.0054,4,0
48.8845,0.841931,59.997337,-0.006249,1.0000,0.0000,7318.7,-0.0056,4,0
48.6754,0.841931,59.997341,-0.006247,1.0000,0.0000,7287.1,-0.0057,4,0
48.4674,0.841931,59.997346,-0.006244,1.0000,0.0000,7250.4,-0.0061,4,0
48.2602,0.841931,59.997350,-0.006242,1.0000,0.0000,7211.8,-0.0061,4,0
48.0532,0.841931,59.997354,-0.006239,1.0000,0.0000,7169.3,-0.0063,4,0
47.8471,0.841931,59.997358,-0.006237,1.0000,0.0000,7120.5,-0.0064,4,0
47.6427,0.843128,59.997363,-0.006234,1.0000,0.0000,7066.5,-0.0066,4,0
47.4406,0.843128,59.997367,-0.006231,1.0000,0.0000,7000.5,-0.0068,4,0
47.2401,0.843128,59.997371,-0.006229,1.0000,0.0000,6961.6,-0.0068,4,0
47.0367,0.843128,59.997376,-0.006226,1.0000,0.0000,6983.7,-0.0069,4,0
46.8340,0.843128,59.997380,-0.006224,1.0000,0.0000,6941.0,-0.0069,4,0
46.6306,0.843128,59.997384,-0.006221,1.0000,0.0000,6882.6,-0.0070,4,0
46.4299,0.843128,59.997387,-0.006219,1.0000,0.0000,6860.7,-0.0069,4,0
46.2240,0.843128,59.997391,-0.006216,1.0000,0.0000,6878.5,-0.0069,4,0
46.0202,0.843128,59.997395,-0.006214,1.0000,0.0000,6846.4,-0.0070,4,0
45.8150,0.843128,59.997399,-0.006211,1.0000,0.0000,6797.8,-0.0071,4,0
45.6092,0.844275,59.997402,-0.006209,1.0000,0.0000,6771.0,-0.0075,4,0
45.4025,0.844275,59.997406,-0.006206,1.0000,0.0000,6770.0,-0.0078,4,0
45.1948,0.844275,59.997410,-0.006204,1.0000,0.0000,7317.1,-0.0085,4,0
44.9888,0.844275,59.997413,-0.006201,1.0000,0.0000,7854.9,-0.0087,4,0
44.7807,0.844275,59.997417,-0.006199,1.0000,0.0000,8011.6,-0.0092,4,0
44.5743,0.844275,59.997421,-0.006196,1.0000,0.0000,7968.6,-0.0094,4,0
44.3696,0.844275,59.997425,-0.006194,1.0000,0.0000,7912.1,-0.0094,3,0
44.1641,0.844275,59.997429,-0.006192,1.0000,0.0000,7864.4,-0.0097,3,0
43.9617,0.844275,59.997433,-0.006189,1.0000,0.0000,7811.9,-0.0099,3,0
43.7591,0.844275,59.997436,-0.006187,1.0000,0.0000,7806.3,-0.0107,3,0
43.5593,0.845372,59.997440,-0.006185,1.0000,0.0000,7770.8,-0.0115,3,0
43.3628,0.845372,59.997444,-0.006182,1.0000,0.0000,7704.2,-0.0123,3,0
43.1702,0.845372,59.997448,-0.006180,1.0000,0.0000,7618.5,-0.0135,3,0
42.9801,0.845372,59.997452,-0.006178,0.9989,0.0000,7640.0,-0.0147,3,0
42.7874,0.845372,59.997456,-0.006175,0.9978,0.0000,7638.1,-0.0169,3,0
42.5926,0.845372,59.997460,-0.006173,0.9972,0.0000,7574.6,-0.0181,3,0
42.3992,0.845372,59.997464,-0.006171,0.9966,0.0000,7484.7,-0.0195,3,0
42.2067,0.845372,59.997467,-0.006168,0.9918,0.0000,7478.3,-0.0206,3,0
42.0116,0.845372,59.997471,-0.006166,0.9871,0.0000,7444.3,-0.0213,3,0
41.8176,0.845372,59.997475,-0.006164,0.9868,0.0000,7362.8,-0.0220,3,0
41.6267,0.846416,59.997479,-0.006162,0.9865,0.0000,7405.7,-0.0223,3,0
41.4336,0.846416,59.997483,-0.006160,0.9844,0.0000,7449.9,-0.0223,3,0
41.2416,0.846416,59.997486,-0.006157,0.9822,0.0000,7378.6,-0.0220,3,0
41.0457,0.846416,59.997490,-0.006155,0.9767,0.0000,7310.5,-0.0217,3,0
40.8511,0.846416,59.997494,-0.006153,0.9712,0.0000,7252.5,-0.0214,3,0
40.6559,0.846416,59.997497,-0.006151,0.9714,0.0000,7213.4,-0.0211,3,0
40.4618,0.846416,59.997501,-0.006149,0.9716,0.0000,7148.9,-0.0206,3,0
40.2634,0.846416,59.997504,-0.006146,0.9625,0.0000,7121.6,-0.0201,3,0
40.0661,0.846416,59.997508,-0.006144,0.9533,0.0000,7151.2,-0.0195,3,0
39.8713,0.846416,59.997511,-0.006142,0.9465,0.0000,7121.4,-0.0189,3,0
39.6798,0.847411,59.997514,-0.006140,0.9396,0.0000,7062.3,-0.0184,3,0
39.4924,0.847411,59.997518,-0.006138,0.9378,0.0000,7041.2,-0.0174,3,0
39.3005,0.847411,59.997521,-0.006136,0.9360,0.0000,7002.5,-0.0164,3,0
39.1084,0.847411,59.997525,-0.006134,0.9268,0.0000,6954.7,-0.0155,3,0
38.9184,0.847411,59.997528,-0.006132,0.9177,0.0000,6953.7,-0.0145,3,0
38.7295,0.847411,59.997531,-0.006130,0.9129,0.0000,6923.6,-0.0140,3,0
38.5438,0.847411,59.997535,-0.006128,0.9081,0.0000,6872.2,-0.0137,3,0
38.3620,0.847411,59.997538,-0.006126,0.8927,0.0000,6834.5,-0.0133,3,0
38.1756,0.847411,59.997542,-0.006124,0.8772,0.0000,6827.8,-0.0133,3,0
37.9927,0.847411,59.997545,-0.006122,0.8688,0.0000,6792.4,-0.0134,3,0
37.8108,0.848362,59.997548,-0.006120,0.8605,0.0000,6757.3,-0.0140,3,0
37.6313,0.848362,59.997552,-0.006118,0.8567,0.0000,6712.0,-0.0148,3,0
37.4522,0.848362,59.997555,-0.006116,0.8529,0.0000,6720.1,-0.0155,3,0
37.2747,0.848362,59.997559,-0.006114,0.8420,0.0000,6698.9,-0.0161,3,0
37.0995,0.848362,59.997562,-0.006112,0.8311,0.0000,6657.8,-0.0165,3,0
36.9273,0.848362,59.997565,-0.006110,0.8216,0.0000,6618.0,-0.0166,3,0
36.7515,0.848362,59.997568,-0.006109,0.8121,0.0000,6591.1,-0.0170,3,0
36.5823,0.848362,59.997571,-0.006107,0.7909,0.0000,6559.6,-0.0173,3,0
36.4171,0.848362,59.997574,-0.006105,0.7698,0.0000,6534.0,-0.0174,3,0
36.2530,0.848362,59.997578,-0.006103,0.7581,0.0000,6511.0,-0.0174,3,0
36.0925,0.849265,59.997581,-0.006101,0.7464,0.0000,6480.4,-0.0176,3,0
35.9349,0.849265,59.997584,-0.006100,0.7372,0.0000,6891.2,-0.0180,3,0
35.7773,0.849265,59.997587,-0.006098,0.7281,0.0000,7436.3,-0.0189,3,0
35.6241,0.849265,59.997590,-0.006096,0.7208,0.0000,7914.9,-0.0202,3,0
35.4734,0.849265,59.997593,-0.006094,0.7136,0.0000,7879.2,-0.0213,3,0
35.3238,0.849265,59.997596,-0.006092,0.7016,0.0000,7836.0,-0.0225,2,0
35.1741,0.849265,59.997599,-0.006091,0.6896,0.0000,7796.1,-0.0239,2,0
35.0274,0.849265,59.997602,-0.006089,0.6728,0.0000,7765.0,-0.0252,2,0
34.8820,0.849265,59.997605,-0.006087,0.6559,0.0000,7737.1,-0.0269,2,0
34.7424,0.849265,59.997608,-0.006086,0.6435,0.0000,7711.7,-0.0289,2,0
34.6053,0.850128,59.997611,-0.006084,0.6310,0.0000,7682.7,-0.0308,2,0
34.4690,0.850128,59.997614,-0.006082,0.6243,0.0000,7654.2,-0.0325,2,0
34.3322,0.850128,59.997617,-0.006081,0.6175,0.0000,7626.0,-0.0343,2,0
34.1977,0.850128,59.997620,-0.006079,0.6096,0.0000,7595.5,-0.0358,2,0
34.0654,0.850128,59.997623,-0.006077,0.6017,0.0000,7566.9,-0.0373,2,0
33.9326,0.850128,59.997626,-0.006076,0.5889,0.0000,7542.7,-0.0387,2,0
33.8037,0.850128,59.997629,-0.006074,0.5761,0.0000,7518.1,-0.0397,2,0
33.6784,0.850128,59.997632,-0.006073,0.5571,0.0000,7494.2,-0.0402,2,0
33.5547,0.850128,59.997635,-0.006071,0.5382,0.0000,7472.4,-0.0405,2,0
33.4352,0.850128,59.997638,-0.006070,0.5281,0.0000,7447.5,-0.0407,2,0
33.3183,0.850961,59.997642,-0.006068,0.5181,0.0000,7424.0,-0.0410,2,0
33.2024,0.850961,59.997645,-0.006066,0.5105,0.0000,7403.8,-0.0417,2,0
33.0884,0.850961,59.997648,-0.006065,0.5029,0.0000,7382.0,-0.0429,2,0
32.9755,0.850961,59.997651,-0.006063,0.4966,0.0000,7360.5,-0.0443,2,0
32.8634,0.850961,59.997654,-0.006062,0.4902,0.0000,7339.2,-0.0461,2,0
32.7516,0.850961,59.997657,-0.006060,0.4820,0.0000,7315.9,-0.0481,2,0
32.6424,0.850961,59.997660,-0.006059,0.4739,0.0000,7293.5,-0.0504,2,0
32.5356,0.850961,59.997663,-0.006058,0.4560,0.0000,7273.9,-0.0532,2,0
32.4310,0.850961,59.997666,-0.006056,0.4382,0.0000,7258.5,-0.0564,2,0
32.3306,0.850961,59.997669,-0.006055,0.4212,0.0000,7242.7,-0.0596,2,0
32.2336,0.851761,59.997672,-0.006053,0.4042,0.0000,7226.4,-0.0628,2,0
32.1380,0.851761,59.997675,-0.006052,0.3912,0.0000,7212.4,-0.0659,2,0
32.0448,0.851761,59.997678,-0.006050,0.3782,0.0000,7194.7,-0.0688,2,0
31.9560,0.851761,59.997681,-0.006049,0.3662,0.0000,7175.5,-0.0717,2,0
31.8692,0.851761,59.997684,-0.006048,0.3542,0.0000,7159.2,-0.0747,2,0
31.7833,0.851761,59.997687,-0.006046,0.3507,0.0000,7144.0,-0.0778,2,0
31.6989,0.851761,59.997689,-0.006045,0.3472,0.0000,7128.8,-0.0807,2,0
31.6149,0.851761,59.997692,-0.006044,0.3411,0.0000,7112.2,-0.0834,2,0
31.5305,0.851761,59.997694,-0.006042,0.3350,0.0000,7098.4,-0.0858,2,0
31.4494,0.851761,59.997697,-0.006041,0.3236,0.0000,7081.3,-0.0880,2,0
31.3711,0.852536,59.997700,-0.006040,0.3122,0.0000,7064.4,-0.0901,2,0
31.2945,0.852536,59.997702,-0.006039,0.3028,0.0000,7048.5,-0.0924,2,0
31.2187,0.852536,59.997705,-0.006037,0.2934,0.0000,7035.9,-0.0946,2,0
31.1452,0.852536,59.997707,-0.006036,0.2847,0.0000,7022.8,-0.0966,2,0
31.0735,0.852536,59.997710,-0.006035,0.2759,0.0000,7007.9,-0.0984,2,0
31.0022,0.852536,59.997713,-0.006034,0.2709,0.0000,6995.9,-0.1000,2,0
30.9331,0.852536,59.997716,-0.006033,0.2659,0.0000,6980.4,-0.1016,2,0
30.8662,0.852536,59.997718,-0.006031,0.2607,0.0000,6960.9,-0.1035,2,0
30.7993,0.852536,59.997721,-0.006030,0.2556,0.0000,6944.6,-0.1056,2,0
30.7332,0.852536,59.997724,-0.006029,0.2545,0.0000,6928.7,-0.1078,2,0
30.6679,0.853294,59.997727,-0.006028,0.2534,0.0000,6913.9,-0.1099,2,0
30.6021,0.853294,59.997730,-0.006027,0.2523,0.0000,6899.4,-0.1120,2,0
30.5354,0.853294,59.997732,-0.006026,0.2512,0.0000,6886.5,-0.1139,2,0
30.4698,0.853294,59.997735,-0.006025,0.2488,0.0000,6870.7,-0.1160,2,0
30.4072,0.853294,59.997738,-0.006024,0.2463,0.0000,6849.2,-0.1184,2,0
30.3442,0.853294,59.997741,-0.006023,0.2396,0.0000,6833.2,-0.1210,2,0
30.2821,0.853294,59.997743,-0.006022,0.2329,0.0000,6819.3,-0.1239,2,0
30.2207,0.853294,59.997746,-0.006021,0.2278,0.0000,6807.9,-0.1268,2,0
30.1602,0.853294,59.997749,-0.006020,0.2227,0.0000,6795.3,-0.1299,2,0
30.1006,0.853294,59.997751,-0.006019,0.2213,0.0000,6782.8,-0.1330,2,0
30.0412,0.854031,59.997754,-0.006018,0.2200,0.0000,6767.3,-0.1363,2,0
29.9828,0.854031,59.997757,-0.006017,0.2208,0.0000,6747.9,-0.1399,2,0
29.9237,0.854031,59.997760,-0.006016,0.2217,0.0000,6730.4,-0.1438,2,0
29.8646,0.854031,59.997762,-0.006015,0.2219,0.0000,6713.2,-0.1476,2,0
29.8042,0.854031,59.997765,-0.006015,0.2222,0.0000,6699.8,-0.1509,2,0
29.7447,0.854031,59.997768,-0.006014,0.2206,0.0000,6686.2,-0.1542,2,0
29.6841,0.854031,59.997770,-0.006013,0.2190,0.0000,6673.5,-0.1569,2,0
29.6245,0.854031,59.997773,-0.006012,0.2151,0.0000,6657.9,-0.1592,2,0
29.5663,0.854031,59.997775,-0.006012,0.2112,0.0000,6641.0,-0.1610,2,0
29.5097,0.854031,59.997777,-0.006011,0.2036,0.0000,6625.2,-0.1625,2,0
29.4537,0.854751,59.997780,-0.006010,0.1960,0.0000,6613.6,-0.1636,2,0
29.3985,0.854751,59.997782,-0.006009,0.1891,0.0000,6604.0,-0.1642,2,0
29.3456,0.854751,59.997785,-0.006009,0.1821,0.0000,6595.0,-0.1643,2,0
29.2923,0.854751,59.997788,-0.006008,0.1742,0.0000,6588.9,-0.1642,2,0
29.2399,0.854751,59.997790,-0.006007,0.1663,0.0000,6585.2,-0.1636,2,0
29.1899,0.854751,59.997793,-0.006007,0.1604,0.0000,6576.7,-0.1629,2,0
29.1414,0.854751,59.997796,-0.006006,0.1546,0.0000,6567.0,-0.1623,2,0
29.0933,0.854751,59.997798,-0.006006,0.1504,0.0000,6559.8,-0.1619,2,0
29.0458,0.854751,59.997801,-0.006005,0.1463,0.0000,6554.1,-0.1616,2,0
29.0010,0.854751,59.997804,-0.006005,0.1445,0.0000,6542.4,-0.1615,2,0
28.9544,0.855454,59.997807,-0.006004,0.1428,0.0000,6537.2,-0.1616,2,0
28.9077,0.855454,59.997810,-0.006004,0.1432,0.0000,6531.4,-0.1622,2,0
28.8614,0.855454,59.997812,-0.006003,0.1436,0.0000,6523.1,-0.1633,2,0
28.8150,0.855454,59.997815,-0.006003,0.1454,0.0000,6515.6,-0.1651,2,0
28.7686,0.855454,59.997818,-0.006002,0.1472,0.0000,6506.1,-0.1674,2,0
28.7219,0.855454,59.997821,-0.006002,0.1533,0.0000,6496.5,-0.1701,2,0
28.6742,0.855454,59.997823,-0.006002,0.1594,0.0000,6483.7,-0.1729,2,0
28.6252,0.855454,59.997826,-0.006001,0.1624,0.0000,6473.4,-0.1758,2,0
28.5751,0.855454,59.997829,-0.006001,0.1653,0.0000,6463.5,-0.1789,2,0
28.5228,0.855454,59.997831,-0.006001,0.1648,0.0000,6459.8,-0.1819,2,0
28.4722,0.856137,59.997834,-0.006000,0.1643,0.0000,6449.9,-0.1851,2,0
28.4227,0.856137,59.997837,-0.006000,0.1637,0.0000,6439.6,-0.1883,2,0
28.3740,0.856137,59.997840,-0.006000,0.1631,0.0000,6426.5,-0.1914,2,0
28.3249,0.856137,59.997842,-0.006000,0.1602,0.0000,6416.9,-0.1943,2,0
28.2764,0.856137,59.997845,-0.005999,0.1572,0.0000,6408.5,-0.1971,2,0
28.2284,0.856137,59.997847,-0.005999,0.1525,0.0000,6398.7,-0.1995,2,0
28.1804,0.856137,59.997850,-0.005999,0.1477,0.0000,6392.0,-0.2020,2,0
28.1333,0.856137,59.997852,-0.005999,0.1439,0.0000,6382.4,-0.2044,2,0
28.0867,0.856137,59.997854,-0.005999,0.1401,0.0000,6372.2,-0.2068,2,0
28.0414,0.856137,59.997856,-0.005999,0.1323,0.0000,6361.6,-0.2091,2,0
27.9982,0.856802,59.997859,-0.005999,0.1245,0.0000,6350.1,-0.2112,2,0
27.9559,0.856802,59.997861,-0.005999,0.1179,0.0000,6338.9,-0.2131,2,0
27.9149,0.856802,59.997863,-0.005999,0.1113,0.0000,6329.5,-0.2150,2,0
27.8749,0.856802,59.997866,-0.005999,0.1045,0.0000,6320.7,-0.2166,2,0
27.8359,0.856802,59.997868,-0.005999,0.0977,0.0000,6315.6,-0.2185,2,0
27.7980,0.856802,59.997871,-0.005999,0.0919,0.0000,6310.3,-0.2206,2,0
27.7617,0.856802,59.997873,-0.005999,0.0862,0.0000,6303.9,-0.2227,2,0
27.7266,0.856802,59.997876,-0.005999,0.0789,0.0000,6295.7,-0.2247,2,0
27.6926,0.856802,59.997878,-0.005999,0.0716,0.0000,6290.0,-0.2266,2,0
27.6589,0.856802,59.997881,-0.005999,0.0678,0.0000,6286.1,-0.2284,2,0
27.6259,0.857453,59.997884,-0.006000,0.0640,0.0000,6282.2,-0.2299,2,0
27.5935,0.857453,59.997886,-0.006000,0.0609,0.0000,6278.5,-0.2313,2,0
27.5616,0.857453,59.997889,-0.006000,0.0579,0.0000,6275.8,-0.2327,2,0
27.5298,0.857453,59.997891,-0.006000,0.0565,0.0000,6272.3,-0.2340,2,0
27.4985,0.857453,59.997894,-0.006000,0.0552,0.0000,6266.9,-0.2351,2,0
27.4681,0.857453,59.997896,-0.006001,0.0516,0.0000,6260.9,-0.2358,2,0
27.4382,0.857453,59.997899,-0.006001,0.0481,0.0000,6255.7,-0.2361,2,0
27.4076,0.857453,59.997901,-0.006001,0.0443,0.0000,6252.4,-0.2361,2,0
27.3774,0.857453,59.997903,-0.006002,0.0405,0.0000,6249.8,-0.2359,2,0
27.3487,0.857453,59.997906,-0.006002,0.0341,0.0000,6248.5,-0.2354,2,0
27.3206,0.858085,59.997908,-0.006003,0.0276,0.0000,6249.2,-0.2352,2,0
27.2935,0.858085,59.997910,-0.006003,0.0222,0.0000,6249.7,-0.2348,2,0
27.2681,0.858085,59.997912,-0.006003,0.0169,0.0000,6248.4,-0.2345,2,0
27.2438,0.858085,59.997915,-0.006004,0.0117,0.0000,6248.2,-0.2342,2,0
27.2204,0.858085,59.997917,-0.006004,0.0066,0.0000,6248.2,-0.2340,2,0
27.1981,0.858085,59.997920,-0.006005,0.0040,0.0000,6246.1,-0.2339,2,0
27.1753,0.858085,59.997922,-0.006006,0.0015,0.0000,6248.5,-0.2341,2,0
27.1540,0.858085,59.997925,-0.006006,0.0007,0.0000,6249.4,-0.2346,2,0
27.1329,0.858085,59.997928,-0.006007,0.0000,0.0000,6249.2,-0.2354,2,0
27.1117,0.858085,59.997930,-0.006008,0.0000,0.0000,6248.9,-0.2364,2,0
27.0917,0.858748,59.997933,-0.006008,0.0000,0.0000,6243.8,-0.2376,2,0
27.0720,0.858748,59.997936,-0.006009,0.0000,0.0000,6238.4,-0.2389,2,0
27.0514,0.858748,59.997939,-0.006010,0.0000,0.0000,6235.5,-0.2403,2,0
27.0304,0.858748,59.997941,-0.006010,0.0000,0.0000,6233.4,-0.2418,2,0
27.0100,0.858748,59.997944,-0.006011,0.0000,0.0000,6228.2,-0.2435,2,0
26.9891,0.858748,59.997946,-0.006012,0.0000,0.0000,6226.0,-0.2453,2,0
26.9684,0.858748,59.997949,-0.006013,0.0000,0.0000,6222.3,-0.2470,2,0
26.9481,0.858748,59.997951,-0.006014,0.0000,0.0000,6216.3,-0.2485,2,0
26.9284,0.858748,59.997953,-0.006015,0.0000,0.0000,6207.4,-0.2496,2,0
26.9084,0.858748,59.997955,-0.006016,0.0000,0.0000,6199.7,-0.2501,2,0
26.8878,0.859359,59.997958,-0.006016,0.0000,0.0000,6193.1,-0.2502,2,0
26.8674,0.859359,59.997960,-0.006017,0.0000,0.0000,6187.0,-0.2499,2,0
26.8468,0.859359,59.997962,-0.006018,0.0000,0.0000,6180.4,-0.2494,2,0
26.8256,0.859359,59.997965,-0.006019,0.0000,0.0000,6175.9,-0.2484,2,0
26.8051,0.859359,59.997967,-0.006020,0.0000,0.0000,6169.8,-0.2470,2,0
26.7849,0.859359,59.997969,-0.006021,0.0000,0.0000,6162.2,-0.2452,2,0
26.7649,0.859359,59.997972,-0.006023,0.0000,0.0000,6153.2,-0.2431,2,0
26.7444,0.859359,59.997974,-0.006024,0.0000,0.0000,6146.7,-0.2407,2,0
26.7229,0.859359,59.997976,-0.006025,0.0000,0.0000,6142.5,-0.2381,2,0
26.7020,0.859359,59.997979,-0.006026,0.0000,0.0000,6138.5,-0.2359,2,0
26.6816,0.860136,59.997981,-0.006027,0.0000,0.0000,6132.9,-0.2337,2,0
26.6600,0.860136,59.997983,-0.006028,0.0000,0.0000,6131.4,-0.2317,2,0
26.6380,0.860136,59.997985,-0.006030,0.0000,0.0000,6129.0,-0.2298,2,0
26.6166,0.860136,59.997988,-0.006031,0.0000,0.0000,6124.1,-0.2278,2,0
26.5954,0.860136,59.997990,-0.006032,0.0000,0.0000,6119.1,-0.2257,2,0
26.5744,0.860136,59.997992,-0.006033,0.0000,0.0144,6116.6,-0.2235,2,0
26.5536,0.860136,59.997995,-0.006035,0.0000,0.0289,6122.8,-0.2215,2,0
26.5331,0.860136,59.997997,-0.006036,0.0000,0.0443,6130.3,-0.2197,2,0
26.5157,0.860136,59.997999,-0.006038,0.0000,0.0598,6136.7,-0.2174,2,0
26.5004,0.860136,59.998002,-0.006039,0.0000,0.0827,6149.7,-0.2146,2,0
26.4874,0.861104,59.998004,-0.006041,0.0000,0.1057,6164.1,-0.2113,2,0
26.4807,0.861104,59.998006,-0.006042,0.0000,0.1326,6178.3,-0.2079,2,0
26.4761,0.861104,59.998008,-0.006043,0.0000,0.1595,6186.4,-0.2058,2,0
26.4674,0.861104,59.998011,-0.006045,0.0000,0.1913,6198.4,-0.2021,2,0
26.4623,0.861104,59.998013,-0.006046,0.0000,0.2230,6214.8,-0.1975,2,0
26.4620,0.861104,59.998015,-0.006048,0.0000,0.2570,6235.5,-0.1927,2,0
26.4687,0.861104,59.998017,-0.006050,0.0000,0.2910,6247.3,-0.1874,2,0
26.4779,0.861104,59.998020,-0.006051,0.0000,0.3198,6261.9,-0.1838,2,0
26.4881,0.861104,59.998022,-0.006053,0.0000,0.3486,6279.8,-0.1817,2,0
26.4959,0.861104,59.998024,-0.006055,0.0000,0.3694,6290.7,-0.1785,2,0
26.5037,0.861744,59.998026,-0.006057,0.0000,0.3902,6322.1,-0.1759,2,0
26.5094,0.861744,59.998028,-0.006058,0.0000,0.3982,6380.8,-0.1737,2,0
26.5381,0.861744,59.998031,-0.006060,0.0000,0.4062,6337.2,-0.1740,2,0
26.5616,0.861744,59.998033,-0.006062,0.0000,0.4115,6303.8,-0.1751,2,0
26.5767,0.861744,59.998035,-0.006063,0.0000,0.4169,6296.1,-0.1752,2,0
26.5922,0.861744,59.998038,-0.006065,0.0000,0.4190,6310.0,-0.1756,2,0
26.5892,0.861744,59.998040,-0.006067,0.0000,0.4211,6422.9,-0.1757,2,0
26.6074,0.861744,59.998043,-0.006069,0.0000,0.4211,6419.2,-0.1778,2,0
26.6332,0.861744,59.998045,-0.006071,0.0000,0.4211,6344.4,-0.1788,2,0
26.6568,0.861744,59.998047,-0.006073,0.0000,0.4216,6319.2,-0.1800,2,0
26.6695,0.862855,59.998050,-0.006075,0.0000,0.4221,6353.4,-0.1808,2,0
26.6685,0.862855,59.998053,-0.006077,0.0000,0.4231,6457.2,-0.1813,2,0
26.6964,0.862855,59.998055,-0.006079,0.0000,0.4241,6386.1,-0.1827,2,0
26.7243,0.862855,59.998058,-0.006081,0.0000,0.4285,6327.4,-0.1825,2,0
26.7465,0.862855,59.998060,-0.006083,0.0000,0.4328,6320.6,-0.1829,2,0
26.7555,0.862855,59.998062,-0.006085,0.0000,0.4368,6379.5,-0.1828,2,0
26.7596,0.862855,59.998063,-0.006087,0.0000,0.4408,6460.8,-0.1828,2,0
26.7926,0.862855,59.998065,-0.006090,0.0000,0.4452,6410.7,-0.1831,2,0
26.8211,0.862855,59.998067,-0.006092,0.0000,0.4495,6384.2,-0.1837,2,0
26.8432,0.862855,59.998069,-0.006094,0.0000,0.4509,6383.9,-0.1848,2,0
26.8577,0.863823,59.998070,-0.006096,0.0000,0.4523,6422.8,-0.1858,2,0
26.8805,0.863823,59.998072,-0.006098,0.0000,0.4528,6421.7,-0.1871,2,0
26.9074,0.863823,59.998074,-0.006101,0.0000,0.4533,6402.2,-0.1881,2,0
26.9308,0.863823,59.998075,-0.006103,0.0000,0.4528,6398.2,-0.1894,2,0
26.9517,0.863823,59.998077,-0.006105,0.0000,0.4523,6405.0,-0.1907,2,0
26.9717,0.863823,59.998079,-0.006108,0.0000,0.4528,6417.4,-0.1921,2,0
26.9938,0.863823,59.998082,-0.006110,0.0000,0.4533,6420.5,-0.1934,2,0
27.0179,0.863823,59.998084,-0.006112,0.0000,0.4533,6414.7,-0.1946,2,0
27.0415,0.863823,59.998086,-0.006115,0.0000,0.4533,6412.2,-0.1954,2,0
27.0644,0.863823,59.998089,-0.006117,0.0000,0.4541,6414.4,-0.1959,2,0
27.0866,0.864558,59.998091,-0.006120,0.0000,0.4550,6417.3,-0.1958,2,0
27.1099,0.864558,59.998093,-0.006122,0.0000,0.4564,6415.5,-0.1951,2,0
27.1330,0.864558,59.998095,-0.006124,0.0000,0.4578,6414.9,-0.1939,2,0
27.1555,0.864558,59.998098,-0.006127,0.0000,0.4626,6418.9,-0.1922,2,0
27.1789,0.864558,59.998100,-0.006129,0.0000,0.4675,6420.6,-0.1902,2,0
27.2028,0.864558,59.998102,-0.006132,0.0000,0.4772,6422.2,-0.1876,2,0
27.2263,0.864558,59.998104,-0.006135,0.0000,0.4869,6429.4,-0.1845,2,0
27.2494,0.864558,59.998106,-0.006137,0.0000,0.4988,6444.8,-0.1812,2,0
27.2732,0.864558,59.998108,-0.006140,0.0000,0.5106,6459.8,-0.1776,2,0
27.2989,0.864558,59.998110,-0.006142,0.0000,0.5243,6468.2,-0.1737,2,0
27.3250,0.865202,59.998112,-0.006145,0.0000,0.5380,6481.4,-0.1697,2,0
27.3521,0.865202,59.998114,-0.006148,0.0000,0.5522,6498.0,-0.1658,2,0
27.3810,0.865202,59.998116,-0.006150,0.0000,0.5664,6509.2,-0.1618,2,0
27.4116,0.865202,59.998118,-0.006153,0.0000,0.5779,6519.2,-0.1581,2,0
27.4430,0.865202,59.998120,-0.006155,0.0000,0.5894,6530.0,-0.1546,2,0
27.4745,0.865202,59.998122,-0.006158,0.0000,0.6063,6546.4,-0.1514,2,0
27.5078,0.865202,59.998124,-0.006161,0.0000,0.6231,6559.9,-0.1483,2,0
27.5424,0.865202,59.998126,-0.006164,0.0000,0.6398,6569.6,-0.1455,2,0
27.5768,0.865202,59.998128,-0.006167,0.0000,0.6565,6587.4,-0.1428,2,0
27.6130,0.865202,59.998130,-0.006170,0.0000,0.6730,6605.2,-0.1403,2,0
27.6511,0.865864,59.998132,-0.006172,0.0000,0.6894,6621.2,-0.1378,2,0
27.6897,0.865864,59.998134,-0.006175,0.0000,0.7040,6634.4,-0.1350,2,0
27.7282,0.865864,59.998136,-0.006178,0.0000,0.7186,6656.0,-0.1321,2,0
27.7692,0.865864,59.998138,-0.006181,0.0000,0.7307,6671.2,-0.1289,2,0
27.8113,0.865864,59.998140,-0.006184,0.0000,0.7428,6679.0,-0.1255,2,0
27.8538,0.865864,59.998142,-0.006187,0.0000,0.7534,6692.4,-0.1217,2,0
27.8964,0.865864,59.998144,-0.006190,0.0000,0.7640,6709.9,-0.1178,2,0
27.9407,0.865864,59.998146,-0.006193,0.0000,0.7725,6724.8,-0.1139,2,0
27.9864,0.865864,59.998148,-0.006196,0.0000,0.7810,6734.1,-0.1099,2,0
28.0309,0.865864,59.998150,-0.006199,0.0000,0.7860,6751.6,-0.1059,2,0
28.0752,0.866535,59.998152,-0.006202,0.0000,0.7910,6770.5,-0.1018,2,0
28.1217,0.866535,59.998154,-0.006205,0.0000,0.7958,6780.7,-0.0980,2,0
28.1705,0.866535,59.998156,-0.006208,0.0000,0.8007,6782.5,-0.0944,2,0
28.2181,0.866535,59.998158,-0.006211,0.0000,0.8039,6791.9,-0.0912,2,0
28.2648,0.866535,59.998160,-0.006214,0.0000,0.8072,6807.3,-0.0882,2,0
28.3131,0.866535,59.998162,-0.006217,0.0000,0.8103,6817.1,-0.0853,2,0
28.3622,0.866535,59.998164,-0.006220,0.0000,0.8134,6823.2,-0.0825,2,0
28.4096,0.866535,59.998166,-0.006223,0.0000,0.8157,6836.5,-0.0798,2,0
28.4590,0.866535,59.998168,-0.006227,0.0000,0.8179,6841.2,-0.0772,2,0
28.5090,0.866535,59.998170,-0.006230,0.0000,0.8229,6843.4,-0.0748,2,0
28.5583,0.867222,59.998172,-0.006233,0.0000,0.8279,6854.1,-0.0727,2,0
28.6075,0.867222,59.998174,-0.006236,0.0000,0.8355,6866.8,-0.0710,2,0
28.6580,0.867222,59.998176,-0.006240,0.0000,0.8431,6875.6,-0.0696,2,0
28.7094,0.867222,59.998178,-0.006243,0.0000,0.8530,6884.1,-0.0683,2,0
28.7590,0.867222,59.998180,-0.006246,0.0000,0.8630,6903.0,-0.0668,2,0
28.8105,0.867222,59.998182,-0.006249,0.0000,0.8711,6915.9,-0.0651,2,0
28.8651,0.867222,59.998184,-0.006253,0.0000,0.8793,6917.6,-0.0629,2,0
28.9198,0.867222,59.998186,-0.006256,0.0000,0.8886,6921.2,-0.0604,2,0
28.9726,0.867222,59.998188,-0.006260,0.0000,0.8980,6936.3,-0.0575,2,0
29.0263,0.867222,59.998190,-0.006263,0.0000,0.9071,6951.0,-0.0539,2,0
29.0818,0.867923,59.998192,-0.006266,0.0000,0.9162,6959.2,-0.0497,2,0
29.1372,0.867923,59.998194,-0.006270,0.0000,0.9244,6969.7,-0.0448,2,0
29.1929,0.867923,59.998196,-0.006273,0.0000,0.9326,6981.5,-0.0389,2,0
29.2501,0.867923,59.998198,-0.006277,0.0000,0.9389,6986.9,-0.0324,2,0
29.3075,0.867923,59.998200,-0.006280,0.0000,0.9451,6992.4,-0.0252,2,0
29.3641,0.867923,59.998202,-0.006284,0.0000,0.9506,7001.9,-0.0175,2,0
29.4220,0.867923,59.998204,-0.006287,0.0000,0.9561,7006.1,-0.0093,2,0
29.4815,0.867923,59.998206,-0.006291,0.0000,0.9597,7003.3,-0.0008,2,0
29.5389,0.867923,59.998208,-0.006294,0.0000,0.9633,7009.7,0.0081,2,0
29.5962,0.867923,59.998210,-0.006298,0.0000,0.9646,7017.8,0.0174,2,0
29.6556,0.868641,59.998212,-0.006302,0.0000,0.9658,7015.9,0.0267,2,0
29.7152,0.868641,59.998214,-0.006305,0.0000,0.9654,7012.3,0.0359,2,0
29.7732,0.868641,59.998216,-0.006309,0.0000,0.9651,7015.8,0.0451,2,0
29.8320,0.868641,59.998218,-0.006312,0.0000,0.9642,7015.8,0.0540,2,0
29.8915,0.868641,59.998220,-0.006316,0.0000,0.9633,7013.2,0.0625,2,0
29.9498,0.868641,59.998222,-0.006319,0.0000,0.9633,7014.9,0.0704,2,0
30.0077,0.868641,59.998224,-0.006323,0.0000,0.9633,7018.3,0.0778,2,0
30.0648,0.868641,59.998225,-0.006327,0.0000,0.9637,7023.6,0.0848,2,0
30.1218,0.868641,59.998227,-0.006331,0.0000,0.9641,7028.6,0.0916,2,0
30.1759,0.868641,59.998229,-0.006334,0.0000,0.9641,7045.0,0.0984,2,0
30.2278,0.869372,59.998231,-0.006338,0.0000,0.9641,7071.7,0.1056,2,0
30.2792,0.869372,59.998233,-0.006342,0.0000,0.9610,7099.9,0.1130,2,0
30.3295,0.869372,59.998234,-0.006345,0.0000,0.9579,7132.5,0.1203,2,0
30.3801,0.869372,59.998236,-0.006349,0.0000,0.9422,7163.1,0.1271,2,0
30.4311,0.869372,59.998238,-0.006353,0.0000,0.9265,7188.7,0.1334,2,0
30.4832,0.869372,59.998240,-0.006356,0.0000,0.9060,7202.5,0.1391,2,0
30.5316,0.869372,59.998242,-0.006360,0.0000,0.8855,7220.9,0.1442,2,0
30.5794,0.869372,59.998244,-0.006364,0.0000,0.8513,7232.0,0.1491,2,0
30.6254,0.869372,59.998246,-0.006367,0.0000,0.8172,7239.4,0.1541,2,0
30.6703,0.869372,59.998248,-0.006371,0.0000,0.7706,7239.0,0.1590,2,0
30.7118,0.870115,59.998249,-0.006375,0.0000,0.7241,7230.4,0.1638,2,0
30.7545,0.870115,59.998251,-0.006379,0.0000,0.6620,7198.6,0.1686,2,0
30.7948,0.870115,59.998253,-0.006382,0.0000,0.5999,7154.4,0.1732,2,0
30.8222,0.870115,59.998255,-0.006386,0.0000,0.5275,7138.4,0.1776,2,0
30.8448,0.870115,59.998257,-0.006390,0.0000,0.4550,7121.6,0.1821,2,0
30.8631,0.870115,59.998259,-0.006393,0.0000,0.3829,7096.1,0.1865,2,0
30.8761,0.870115,59.998262,-0.006397,0.0000,0.3107,7077.7,0.1910,2,0
30.8832,0.870115,59.998264,-0.006400,0.0000,0.2543,7062.4,0.1953,2,0
30.8849,0.870115,59.998266,-0.006404,0.0000,0.1980,7048.1,0.1994,2,0
30.8806,0.870115,59.998269,-0.006408,0.0000,0.1623,7041.3,0.2032,2,0
30.8729,0.870864,59.998271,-0.006411,0.0000,0.1267,7034.8,0.2070,2,0
30.8638,0.870864,59.998273,-0.006415,0.0000,0.1088,7022.5,0.2109,2,0
30.8516,0.870864,59.998275,-0.006419,0.0000,0.0910,7013.9,0.2150,2,0
30.8369,0.870864,59.998278,-0.006422,0.0000,0.0731,7006.4,0.2186,2,0
30.8202,0.870864,59.998280,-0.006426,0.0000,0.0553,7000.2,0.2219,2,0
30.8022,0.870864,59.998282,-0.006429,0.0000,0.0417,6997.1,0.2248,2,0
30.7831,0.870864,59.998284,-0.006433,0.0000,0.0282,6996.1,0.2275,2,0
30.7639,0.870864,59.998287,-0.006436,0.0000,0.0167,6993.7,0.2302,2,0
30.7454,0.870864,59.998289,-0.006440,0.0000,0.0052,6986.4,0.2330,2,0
30.7265,0.870864,59.998291,-0.006443,0.0000,0.0026,6980.9,0.2358,2,0
30.7056,0.871606,59.998293,-0.006446,0.0000,0.0000,6980.6,0.2385,2,0
30.6858,0.871606,59.998295,-0.006450,0.0000,0.0000,6977.6,0.2408,2,0
30.6657,0.871606,59.998298,-0.006453,0.0000,0.0000,6974.8,0.2427,2,0
30.6430,0.871606,59.998300,-0.006457,0.0000,0.0000,6978.6,0.2445,2,0
30.6214,0.871606,59.998302,-0.006460,0.0000,0.0000,6978.1,0.2464,2,0
30.6010,0.871606,59.998304,-0.006464,0.0000,0.0000,6973.6,0.2485,2,0
30.5787,0.871606,59.998306,-0.006467,0.0000,0.0000,6974.8,0.2507,2,0
30.5558,0.871606,59.998307,-0.006470,0.0000,0.0000,6980.3,0.2526,2,0
30.5349,0.871606,59.998309,-0.006473,0.0000,0.0000,6974.8,0.2543,2,0
30.5143,0.871606,59.998311,-0.006476,0.0000,0.0000,6964.9,0.2559,2,0
30.4887,0.872343,59.998313,-0.006480,0.0000,0.0000,6976.6,0.2576,2,0
30.4651,0.872343,59.998315,-0.006483,0.0000,0.0000,6980.7,0.2597,2,0
30.4428,0.872343,59.998316,-0.006486,0.0000,0.0000,6977.1,0.2624,2,0
30.4198,0.872343,59.998318,-0.006489,0.0000,0.0000,6975.1,0.2654,2,0
30.3974,0.872343,59.998320,-0.006492,0.0000,0.0000,6972.0,0.2684,2,0
30.3738,0.872343,59.998322,-0.006495,0.0000,0.0000,6970.9,0.2713,2,0
30.3509,0.872343,59.998325,-0.006498,0.0000,0.0000,6966.4,0.2741,2,0
30.3258,0.872343,59.998327,-0.006501,0.0000,0.0000,6969.2,0.2769,2,0
30.3021,0.872343,59.998330,-0.006504,0.0000,0.0000,6966.5,0.2801,2,0
30.2782,0.872343,59.998332,-0.006507,0.0000,0.0000,6963.8,0.2832,2,0
30.2551,0.873094,59.998334,-0.006510,0.0000,0.0000,6957.7,0.2859,2,0
30.2315,0.873094,59.998337,-0.006513,0.0000,0.0000,6953.7,0.2878,2,0
30.2067,0.873094,59.998339,-0.006516,0.0000,0.0000,6951.0,0.2888,2,0
30.1820,0.873094,59.998342,-0.006519,0.0000,0.0000,6947.0,0.2888,2,0
30.1567,0.873094,59.998344,-0.006522,0.0000,0.0000,6945.5,0.2881,2,0
30.1321,0.873094,59.998347,-0.006525,0.0000,0.0000,6943.0,0.2869,2,0
30.1088,0.873094,59.998349,-0.006527,0.0000,0.0000,6934.4,0.2851,2,0
30.0843,0.873094,59.998352,-0.006530,0.0000,0.0040,6930.8,0.2827,2,0
30.0601,0.873094,59.998354,-0.006533,0.0000,0.0080,6924.6,0.2798,2,0
30.0359,0.873094,59.998357,-0.006535,0.0000,0.0246,6921.7,0.2764,2,0
30.0110,0.873814,59.998360,-0.006538,0.0000,0.0411,6919.9,0.2727,2,0
29.9872,0.873814,59.998362,-0.006541,0.0000,0.0543,6918.1,0.2695,2,0
29.9637,0.873814,59.998365,-0.006544,0.0000,0.0675,6915.8,0.2670,2,0
29.9411,0.873814,59.998367,-0.006546,0.0000,0.0823,6914.7,0.2648,2,0
29.9208,0.873814,59.998370,-0.006549,0.0000,0.0971,6915.4,0.2630,2,0
29.9007,0.873814,59.998372,-0.006551,0.0000,0.1110,6920.6,0.2616,2,0
29.8828,0.873814,59.998375,-0.006554,0.0000,0.1248,6925.1,0.2605,2,0
29.8650,0.873814,59.998377,-0.006556,0.0000,0.1474,6935.8,0.2597,2,0
29.8483,0.873814,59.998380,-0.006559,0.0000,0.1700,6950.1,0.2596,2,0
29.8352,0.873814,59.998382,-0.006561,0.0000,0.1979,6960.9,0.2596,2,0
29.8230,0.874612,59.998384,-0.006563,0.0000,0.2258,6975.0,0.2598,2,0
29.8135,0.874612,59.998387,-0.006566,0.0000,0.2607,6992.0,0.2598,2,0
29.8066,0.874612,59.998389,-0.006568,0.0000,0.2955,7010.7,0.2591,2,0
29.8003,0.874612,59.998392,-0.006571,0.0000,0.3308,7030.0,0.2576,2,0
29.7958,0.874612,59.998394,-0.006573,0.0000,0.3661,7056.7,0.2552,2,0
29.7929,0.874612,59.998396,-0.006575,0.0000,0.3963,7085.8,0.2520,2,0
29.7914,0.874612,59.998399,-0.006577,0.0000,0.4265,7114.3,0.2474,2,0
29.7922,0.874612,59.998401,-0.006579,0.0000,0.4474,7140.3,0.2417,2,0
29.7948,0.874612,59.998403,-0.006582,0.0000,0.4682,7166.5,0.2348,2,0
29.7991,0.874612,59.998406,-0.006584,0.0000,0.4820,7187.5,0.2269,2,0
29.8060,0.875328,59.998408,-0.006586,0.0000,0.4957,7200.2,0.2182,2,0
29.8138,0.875328,59.998410,-0.006588,0.0000,0.5028,7213.1,0.2094,2,0
29.8210,0.875328,59.998412,-0.006590,0.0000,0.5098,7204.7,0.2012,2,0
29.8255,0.875328,59.998415,-0.006592,0.0000,0.5196,7210.4,0.1935,2,0
29.8327,0.875328,59.998417,-0.006594,0.0000,0.5293,7209.8,0.1865,2,0
29.8389,0.875328,59.998420,-0.006596,0.0000,0.5372,7216.5,0.1803,2,0
29.8469,0.875328,59.998422,-0.006598,0.0000,0.5450,7217.3,0.1749,2,0
29.8535,0.875328,59.998425,-0.006600,0.0000,0.5508,7222.3,0.1703,2,0
29.8612,0.875328,59.998428,-0.006602,0.0000,0.5565,7212.2,0.1667,2,0
29.8668,0.875328,59.998431,-0.006604,0.0000,0.5605,7226.0,0.1641,2,0
29.8728,0.876170,59.998433,-0.006606,0.0000,0.5645,7229.4,0.1626,2,0
29.8812,0.876170,59.998436,-0.006608,0.0000,0.5668,7219.2,0.1620,2,0
29.8886,0.876170,59.998439,-0.006609,0.0000,0.5692,7229.6,0.1623,2,0
29.8957,0.876170,59.998441,-0.006611,0.0000,0.5705,7228.8,0.1635,2,0
29.9053,0.876170,59.998444,-0.006613,0.0000,0.5717,7227.2,0.1658,2,0
29.9129,0.876170,59.998447,-0.006615,0.0000,0.5731,7237.4,0.1693,2,0
29.9208,0.876170,59.998449,-0.006616,0.0000,0.5745,7229.1,0.1738,2,0
29.9286,0.876170,59.998452,-0.006618,0.0000,0.5771,7237.7,0.1790,2,0
29.9373,0.876170,59.998454,-0.006619,0.0000,0.5797,7234.1,0.1848,2,0
29.9477,0.876170,59.998457,-0.006621,0.0000,0.5828,7245.0,0.1912,2,0
29.9568,0.877027,59.998460,-0.006623,0.0000,0.5859,7233.6,0.1978,2,0
29.9669,0.877027,59.998462,-0.006624,0.0000,0.5881,7257.3,0.2046,2,0
29.9764,0.877027,59.998465,-0.006626,0.0000,0.5902,7223.3,0.2116,2,0
29.9841,0.877027,59.998467,-0.006627,0.0000,0.5920,7265.2,0.2185,2,0
29.9926,0.877027,59.998470,-0.006629,0.0000,0.5939,7232.6,0.2249,2,0
30.0012,0.877027,59.998472,-0.006630,0.0000,0.5957,7270.5,0.2308,2,0
30.0090,0.877027,59.998475,-0.006632,0.0000,0.5974,7245.0,0.2360,2,0
30.0187,0.877027,59.998477,-0.006633,0.0000,0.5983,7262.0,0.2406,2,0
30.0267,0.877027,59.998479,-0.006634,0.0000,0.5991,7252.7,0.2448,2,0
30.0336,0.877027,59.998481,-0.006636,0.0000,0.6000,7262.7,0.2483,2,0
30.0401,0.877757,59.998484,-0.006637,0.0000,0.6009,7255.2,0.2508,2,0
30.0484,0.877757,59.998486,-0.006638,0.0000,0.6018,7269.4,0.2524,2,0
30.0607,0.877757,59.998488,-0.006639,0.0000,0.6026,7257.4,0.2535,2,0
30.0704,0.877757,59.998491,-0.006641,0.0000,0.6053,7286.0,0.2548,2,0
30.0816,0.877757,59.998493,-0.006642,0.0000,0.6079,7246.6,0.2558,2,0
30.0912,0.877757,59.998496,-0.006643,0.0000,0.6119,7282.1,0.2567,2,0
30.1059,0.877757,59.998498,-0.006644,0.0000,0.6159,7268.6,0.2576,2,0
30.1157,0.877757,59.998501,-0.006645,0.0000,0.6203,7257.1,0.2587,2,0
30.1282,0.877757,59.998504,-0.006646,0.0000,0.6248,7272.1,0.2586,2,0
30.1448,0.877757,59.998506,-0.006647,0.0000,0.6297,7274.3,0.2577,2,0
30.1583,0.878647,59.998509,-0.006648,0.0000,0.6345,7306.8,0.2562,2,0
30.1692,0.878647,59.998512,-0.006649,0.0000,0.6389,7261.2,0.2548,2,0
30.1763,0.878647,59.998515,-0.006650,0.0000,0.6433,7300.4,0.2523,2,0
30.1911,0.878647,59.998517,-0.006651,0.0000,0.6478,7315.5,0.2481,2,0
30.2011,0.878647,59.998520,-0.006652,0.0000,0.6523,7292.9,0.2428,2,0
30.2158,0.878647,59.998523,-0.006653,0.0000,0.6558,7305.9,0.2369,2,0
30.2245,0.878647,59.998525,-0.006654,0.0000,0.6593,7295.0,0.2300,2,0
30.2368,0.878647,59.998528,-0.006654,0.0000,0.6610,7311.7,0.2219,2,0
30.2470,0.878647,59.998531,-0.006655,0.0000,0.6628,7324.6,0.2133,2,0
30.2630,0.878647,59.998534,-0.006656,0.0000,0.6623,7301.4,0.2056,2,0
30.2756,0.879563,59.998536,-0.006657,0.0000,0.6618,7313.6,0.1976,2,0
30.2922,0.879563,59.998539,-0.006657,0.0000,0.6618,7338.5,0.1888,2,0
30.3086,0.879563,59.998542,-0.006658,0.0000,0.6618,7315.7,0.1801,2,0
30.3218,0.879563,59.998544,-0.006659,0.0000,0.6618,7347.0,0.1717,2,0
30.3372,0.879563,59.998547,-0.006659,0.0000,0.6618,7292.3,0.1630,2,0
30.3504,0.879563,59.998550,-0.006660,0.0000,0.6626,7340.1,0.1539,2,0
30.3674,0.879563,59.998553,-0.006660,0.0000,0.6635,7340.3,0.1452,2,0
30.3787,0.879563,59.998556,-0.006661,0.0000,0.6645,7348.8,0.1367,2,0
30.3966,0.879563,59.998559,-0.006661,0.0000,0.6655,7329.3,0.1285,2,0
30.4135,0.879563,59.998562,-0.006662,0.0000,0.6665,7364.3,0.1203,2,0
30.4320,0.880491,59.998565,-0.006662,0.0000,0.6675,7342.4,0.1123,2,0
30.4481,0.880491,59.998568,-0.006662,0.0000,0.6684,7371.1,0.1047,2,0
30.4777,0.880491,59.998571,-0.006663,0.0000,0.6692,7352.7,0.0980,2,0
30.5018,0.880491,59.998574,-0.006663,0.0000,0.6714,7357.5,0.0919,2,0
30.5227,0.880491,59.998577,-0.006664,0.0000,0.6735,7378.3,0.0865,2,0
30.5450,0.880491,59.998580,-0.006664,0.0000,0.6775,7399.1,0.0819,2,0
30.5745,0.880491,59.998582,-0.006664,0.0000,0.6815,7397.5,0.0785,2,0
30.6024,0.880491,59.998585,-0.006664,0.0000,0.6877,7398.3,0.0752,2,0
30.6293,0.880491,59.998588,-0.006664,0.0000,0.6939,7401.8,0.0731,2,0
30.6563,0.880491,59.998590,-0.006664,0.0000,0.7045,7410.1,0.0717,2,0
30.6852,0.881238,59.998593,-0.006664,0.0000,0.7151,7412.9,0.0713,2,0
30.7147,0.881238,59.998596,-0.006665,0.0000,0.7307,7417.1,0.0714,2,0
30.7454,0.881238,59.998599,-0.006665,0.0000,0.7462,7418.3,0.0718,2,0
30.7696,0.881238,59.998601,-0.006665,0.0000,0.7606,7453.2,0.0722,2,0
30.7991,0.881238,59.998604,-0.006665,0.0000,0.7750,7408.0,0.0724,2,0
30.8214,0.881238,59.998607,-0.006665,0.0000,0.7952,7443.6,0.0718,2,0
30.8491,0.881238,59.998609,-0.006665,0.0000,0.8154,7459.9,0.0704,2,0
30.8745,0.881238,59.998612,-0.006665,0.0000,0.8346,7456.8,0.0681,2,0
30.8997,0.881238,59.998614,-0.006665,0.0000,0.8538,7474.8,0.0648,2,0
30.9238,0.881238,59.998617,-0.006664,0.0000,0.8724,7504.3,0.0609,2,0
30.9522,0.882158,59.998620,-0.006664,0.0000,0.8910,7476.3,0.0567,2,0
30.9816,0.882158,59.998622,-0.006664,0.0000,0.9095,7498.7,0.0528,2,0
31.0115,0.882158,59.998625,-0.006664,0.0000,0.9281,7520.5,0.0495,2,0
31.0438,0.882158,59.998627,-0.006664,0.0000,0.9448,7488.7,0.0472,2,0
31.0789,0.882158,59.998630,-0.006664,0.0000,0.9615,7521.0,0.0460,2,0
31.1144,0.882158,59.998633,-0.006664,0.0000,0.9723,7512.1,0.0455,2,0
31.1520,0.882158,59.998635,-0.006663,0.0000,0.9830,7532.9,0.0457,2,0
31.1894,0.882158,59.998638,-0.006663,0.0000,0.9915,7520.2,0.0466,2,0
31.2287,0.882158,59.998641,-0.006663,0.0000,1.0000,7559.7,0.0480,2,0
31.2732,0.882158,59.998644,-0.006662,0.0000,1.0000,7556.1,0.0497,2,0
31.3111,0.883050,59.998646,-0.006662,0.0000,1.0000,7543.3,0.0515,2,0
31.3493,0.883050,59.998649,-0.006662,0.0000,1.0000,7589.3,0.0531,2,0
31.3930,0.883050,59.998652,-0.006661,0.0000,1.0000,7566.4,0.0542,2,0
31.4311,0.883050,59.998654,-0.006661,0.0000,1.0000,7567.3,0.0549,2,0
31.4710,0.883050,59.998657,-0.006661,0.0000,1.0000,7608.8,0.0552,2,0
31.5157,0.883050,59.998660,-0.006660,0.0000,1.0000,7627.5,0.0552,2,0
31.5626,0.883050,59.998663,-0.006659,0.0000,1.0000,7637.4,0.0552,2,0
31.6087,0.883050,59.998666,-0.006659,0.0000,1.0000,7650.5,0.0548,2,0
31.6549,0.883050,59.998669,-0.006658,0.0000,1.0000,7660.8,0.0542,2,0
31.7025,0.883050,59.998672,-0.006658,0.0000,1.0000,7665.3,0.0535,2,0
31.7500,0.883800,59.998676,-0.006657,0.0000,1.0000,7670.1,0.0528,2,0
31.7982,0.883800,59.998679,-0.006657,0.0000,1.0000,7672.9,0.0524,2,0
31.8476,0.883800,59.998682,-0.006656,0.0000,1.0000,7671.5,0.0524,2,0
31.8944,0.883800,59.998685,-0.006656,0.0000,1.0000,7679.3,0.0529,2,0
31.9408,0.883800,59.998688,-0.006655,0.0000,1.0000,7692.6,0.0537,2,0
31.9880,0.883800,59.998691,-0.006654,0.0000,1.0000,7699.0,0.0546,2,0
32.0351,0.883800,59.998693,-0.006654,0.0000,1.0000,7704.7,0.0557,2,0
32.0822,0.883800,59.998696,-0.006653,0.0000,1.0000,7711.5,0.0569,2,0
32.1290,0.883800,59.998698,-0.006652,0.0000,1.0000,7718.4,0.0583,2,0
32.1775,0.883800,59.998701,-0.006651,0.0000,1.0000,7719.2,0.0597,2,0
32.2247,0.884627,59.998704,-0.006651,0.0000,1.0000,7725.8,0.0612,2,0
32.2719,0.884627,59.998706,-0.006650,0.0000,1.0000,7732.6,0.0627,2,0
32.3190,0.884627,59.998709,-0.006649,0.0000,1.0000,7738.3,0.0639,2,0
32.3648,0.884627,59.998711,-0.006648,0.0000,1.0000,7750.5,0.0649,2,0
32.4112,0.884627,59.998714,-0.006648,0.0000,1.0000,7758.3,0.0658,2,0
32.4598,0.884627,59.998717,-0.006647,0.0000,1.0000,7759.7,0.0666,2,0
32.5052,0.884627,59.998720,-0.006646,0.0000,1.0000,7772.6,0.0675,2,0
32.5520,0.884627,59.998723,-0.006645,0.0000,1.0000,7782.1,0.0682,2,0
32.6002,0.884627,59.998726,-0.006644,0.0000,1.0000,7784.9,0.0688,2,0
32.6478,0.884627,59.998729,-0.006643,0.0000,1.0000,7789.8,0.0693,2,0
32.6931,0.885404,59.998733,-0.006642,0.0000,1.0000,7803.1,0.0697,2,0
32.7406,0.885404,59.998736,-0.006641,0.0000,1.0000,7809.8,0.0700,2,0
32.7882,0.885404,59.998739,-0.006640,0.0000,1.0000,7813.1,0.0705,2,0
32.8358,0.885404,59.998742,-0.006639,0.0000,1.0000,7819.9,0.0710,2,0
32.8839,0.885404,59.998745,-0.006638,0.0000,1.0000,7822.7,0.0715,2,0
32.9316,0.885404,59.998748,-0.006637,0.0000,1.0000,7827.6,0.0720,2,0
32.9777,0.885404,59.998750,-0.006636,0.0000,1.0000,7837.8,0.0724,2,0
33.0252,0.885404,59.998753,-0.006635,0.0000,1.0000,7843.9,0.0728,2,0
33.0725,0.885404,59.998755,-0.006634,0.0000,1.0000,7851.0,0.0734,2,0
33.1208,0.885404,59.998757,-0.006633,0.0000,1.0000,7855.7,0.0740,2,0
33.1690,0.886176,59.998760,-0.006632,0.0000,1.0000,7859.5,0.0747,2,0
33.2164,0.886176,59.998762,-0.006631,0.0000,1.0000,7866.4,0.0754,2,0
33.2633,0.886176,59.998765,-0.006630,0.0000,1.0000,7876.3,0.0762,2,0
33.3097,0.886176,59.998767,-0.006628,0.0000,1.0000,7885.1,0.0769,2,0
33.3571,0.886176,59.998770,-0.006627,0.0000,1.0000,7892.8,0.0778,2,0
33.4049,0.886176,59.998773,-0.006626,0.0000,1.0000,7897.4,0.0787,2,0
33.4521,0.886176,59.998776,-0.006625,0.0000,1.0000,7904.2,0.0797,2,0
33.4992,0.886176,59.998780,-0.006624,0.0000,1.0000,7911.7,0.0805,2,0
33.5458,0.886176,59.998783,-0.006622,0.0000,1.0000,7920.4,0.0813,2,0
33.5913,0.886176,59.998786,-0.006621,0.0000,1.0000,7933.2,0.0819,2,0
33.6363,0.886964,59.998789,-0.006620,0.0000,1.0000,7945.4,0.0825,2,0
33.6821,0.886964,59.998792,-0.006618,0.0000,1.0000,7956.7,0.0831,2,0
33.7290,0.886964,59.998796,-0.006617,0.0000,1.0000,7963.4,0.0835,2,0
33.7750,0.886964,59.998799,-0.006616,0.0000,1.0000,7972.6,0.0838,2,0
33.8201,0.886964,59.998802,-0.006615,0.0000,1.0000,7985.3,0.0840,2,0
33.8649,0.886964,59.998805,-0.006613,0.0000,1.0000,7998.2,0.0842,2,0
33.9087,0.886964,59.998808,-0.006612,0.0000,1.0000,8014.3,0.0843,2,0
33.9531,0.886964,59.998811,-0.006611,0.0000,1.0000,8030.9,0.0846,2,0
33.9980,0.886964,59.998814,-0.006609,0.0000,1.0000,8042.4,0.0851,2,0
34.0444,0.886964,59.998818,-0.006608,0.0000,1.0000,8049.0,0.0855,2,0
34.0889,0.887767,59.998821,-0.006606,0.0000,1.0000,8060.3,0.0861,2,0
34.1325,0.887767,59.998824,-0.006605,0.0000,1.0000,8077.3,0.0867,2,0
34.1773,0.887767,59.998827,-0.006604,0.0000,1.0000,8085.9,0.0872,2,0
34.2200,0.887767,59.998830,-0.006602,0.0000,1.0000,8104.5,0.0880,2,0
34.2633,0.887767,59.998833,-0.006601,0.0000,1.0000,8120.2,0.0889,2,0
34.3092,0.887767,59.998836,-0.006599,0.0000,1.0000,8126.1,0.0899,2,0
34.3541,0.887767,59.998838,-0.006598,0.0000,1.0000,8134.8,0.0907,2,0
34.3968,0.887767,59.998841,-0.006596,0.0000,1.0000,8149.7,0.0916,2,0
34.4402,0.887767,59.998844,-0.006595,0.0000,1.0000,8162.7,0.0921,2,0
34.4831,0.887767,59.998846,-0.006593,0.0000,1.0000,8178.3,0.0928,2,0
34.5266,0.888582,59.998849,-0.006592,0.0000,1.0000,8191.1,0.0934,2,0
34.5701,0.888582,59.998852,-0.006590,0.0000,1.0000,8202.5,0.0941,2,0
34.6139,0.888582,59.998855,-0.006588,0.0000,1.0000,8213.3,0.0946,2,0
34.6574,0.888582,59.998857,-0.006587,0.0000,1.0000,8224.8,0.0951,2,0
34.7001,0.888582,59.998860,-0.006585,0.0000,1.0000,8237.3,0.0954,2,0
34.7434,0.888582,59.998863,-0.006584,0.0000,1.0000,8250.0,0.0958,2,0
34.7864,0.888582,59.998866,-0.006582,0.0000,1.0000,8263.7,0.0965,2,0
34.8314,0.888582,59.998869,-0.006580,0.0000,1.0000,8271.1,0.0974,2,0
34.8739,0.888582,59.998872,-0.006578,0.0000,1.0000,8285.3,0.0984,2,0
34.9166,0.888582,59.998875,-0.006577,0.0000,1.0000,8300.1,0.0998,2,0
34.9600,0.889409,59.998878,-0.006575,0.0000,1.0000,8311.6,0.1013,2,0
35.0035,0.889409,59.998881,-0.006573,0.0000,1.0000,8318.5,0.1031,2,0
35.0471,0.889409,59.998884,-0.006572,0.0000,1.0000,8327.6,0.1051,2,0
35.0908,0.889409,59.998887,-0.006570,0.0000,1.0000,8334.3,0.1074,2,0
35.1352,0.889409,59.998890,-0.006568,0.0000,1.0000,8338.6,0.1096,2,0
35.1787,0.889409,59.998893,-0.006566,0.0000,1.0000,8344.8,0.1118,2,0
35.2204,0.889409,59.998896,-0.006564,0.0000,1.0000,8357.9,0.1136,2,0
35.2608,0.889409,59.998899,-0.006563,0.0000,1.0000,8372.6,0.1153,2,0
35.3025,0.889409,59.998902,-0.006561,0.0000,1.0000,8385.6,0.1167,2,0
35.3442,0.889409,59.998905,-0.006559,0.0000,1.0000,8398.9,0.1179,2,0
35.3872,0.890249,59.998908,-0.006557,0.0000,1.0000,8405.3,0.1187,2,0
35.4276,0.890249,59.998911,-0.006555,0.0000,1.0000,8421.4,0.1193,2,0
35.4655,0.890249,59.998914,-0.006553,0.0000,1.0000,8449.5,0.1196,2,0
35.5082,0.890249,59.998917,-0.006551,0.0000,1.0000,8450.9,0.1198,2,0
35.5484,0.890249,59.998920,-0.006549,0.0000,1.0000,8468.3,0.1199,2,0
35.5884,0.890249,59.998923,-0.006547,0.0000,1.0000,8481.5,0.1200,2,0
35.6285,0.890249,59.998926,-0.006545,0.0000,1.0000,8499.8,0.1200,2,0
35.6666,0.890249,59.998929,-0.006543,0.0000,1.0000,8517.5,0.1197,2,0
35.7043,0.890249,59.998932,-0.006541,0.0000,1.0000,8538.9,0.1193,2,0
35.7424,0.890249,59.998935,-0.006539,0.0000,1.0000,8553.7,0.1189,2,0
35.7809,0.891106,59.998938,-0.006537,0.0000,1.0000,8569.2,0.1185,2,0
35.8186,0.891106,59.998941,-0.006535,0.0000,1.0000,8587.2,0.1180,2,0
35.8561,0.891106,59.998944,-0.006533,0.0000,1.0000,8600.1,0.1173,2,0
35.8944,0.891106,59.998947,-0.006531,0.0000,1.0000,8611.9,0.1165,2,0
35.9316,0.891106,59.998950,-0.006529,0.0000,1.0000,8623.1,0.1154,2,0
35.9694,0.891106,59.998953,-0.006526,0.0000,1.0000,8635.0,0.1140,2,0
36.0055,0.891106,59.998956,-0.006524,0.0000,1.0000,8650.2,0.1124,2,0
36.0395,0.891106,59.998959,-0.006522,0.0000,1.0000,8672.2,0.1102,2,0
36.0762,0.891106,59.998962,-0.006519,0.0000,1.0000,8686.5,0.1077,2,0
36.1129,0.891106,59.998965,-0.006517,0.0000,1.0000,8699.8,0.1045,2,0
36.1495,0.891973,59.998968,-0.006515,0.0000,1.0000,8707.0,0.1005,2,0
36.1873,0.891973,59.998971,-0.006513,0.0000,1.0000,8712.3,0.0959,2,0
36.2221,0.891973,59.998974,-0.006510,0.0000,1.0000,8730.4,0.0910,2,0
36.2581,0.891973,59.998977,-0.006508,0.0000,1.0000,8740.9,0.0857,2,0
36.2951,0.891973,59.998980,-0.006506,0.0000,1.0000,8753.3,0.0802,2,0
36.3292,0.891973,59.998983,-0.006503,0.0000,1.0000,8770.3,0.0746,2,0
36.3666,0.891973,59.998986,-0.006501,0.0000,1.0000,8773.2,0.0691,2,0
36.4025,0.891973,59.998990,-0.006498,0.0000,1.0000,8786.2,0.0641,2,0
36.4371,0.891973,59.998993,-0.006496,0.0000,1.0000,8803.2,0.0592,2,0
36.4728,0.891973,59.998996,-0.006493,0.0000,1.0000,8812.7,0.0548,2,0
36.5096,0.892852,59.998999,-0.006491,0.0000,1.0000,8817.2,0.0507,2,0
36.5459,0.892852,59.999002,-0.006488,0.0000,1.0000,8824.3,0.0471,2,0
36.5825,0.892852,59.999006,-0.006486,0.0000,1.0000,8829.3,0.0438,2,0
36.6160,0.892852,59.999009,-0.006483,0.0000,1.0000,8846.0,0.0407,2,0
36.6494,0.892852,59.999012,-0.006481,0.0000,1.0000,8863.6,0.0377,2,0
36.6843,0.892852,59.999015,-0.006478,0.0000,1.0000,8873.9,0.0346,2,0
36.7175,0.892852,59.999018,-0.006475,0.0000,1.0000,8887.9,0.0314,2,0
36.7527,0.892852,59.999021,-0.006472,0.0000,1.0000,8896.3,0.0280,2,0
36.7878,0.892852,59.999024,-0.006470,0.0000,1.0000,8901.3,0.0247,2,0
36.8226,0.892852,59.999027,-0.006467,0.0000,1.0000,8910.5,0.0212,2,0
36.8576,0.893747,59.999031,-0.006464,0.0000,1.0000,8917.8,0.0177,2,0
36.8926,0.893747,59.999034,-0.006461,0.0000,1.0000,8925.6,0.0142,2,0
36.9272,0.893747,59.999037,-0.006459,0.0000,1.0000,8933.5,0.0107,2,0
36.9623,0.893747,59.999040,-0.006456,0.0000,1.0000,8934.8,0.0075,2,0
36.9970,0.893747,59.999043,-0.006453,0.0000,1.0000,8942.1,0.0045,2,0
37.0311,0.893747,59.999046,-0.006450,0.0000,1.0000,8954.8,0.0021,2,0
37.0637,0.893747,59.999048,-0.006447,0.0000,1.0000,8963.5,0.0003,2,0
37.0982,0.893747,59.999051,-0.006444,0.0000,1.0000,8969.8,-0.0013,2,0
37.1324,0.893747,59.999054,-0.006442,0.0000,1.0000,8975.6,-0.0022,2,0
37.1662,0.893747,59.999057,-0.006439,0.0000,1.0000,8982.3,-0.0026,2,0
37.2033,0.894650,59.999059,-0.006436,0.0000,1.0000,8975.5,-0.0024,2,0
37.2378,0.894650,59.999062,-0.006433,0.0000,1.0000,8980.3,-0.0025,2,0
37.2713,0.894650,59.999065,-0.006430,0.0000,1.0000,8993.6,-0.0023,2,0
37.3097,0.894650,59.999067,-0.006427,0.0000,1.0000,8973.4,-0.0016,2,0
37.3453,0.894650,59.999070,-0.006424,0.0000,1.0000,8974.2,-0.0016,2,0
37.3805,0.894650,59.999073,-0.006421,0.0000,1.0000,8986.6,-0.0012,2,0
37.4166,0.894650,59.999076,-0.006418,0.0000,1.0000,8971.5,-0.0002,2,0
37.4529,0.894650,59.999079,-0.006414,0.0000,1.0000,8974.3,0.0000,2,0
37.4878,0.894650,59.999082,-0.006411,0.0000,1.0000,8991.3,0.0009,2,0
37.5234,0.894650,59.999085,-0.006408,0.0000,1.0000,8980.2,0.0019,2,0
37.5643,0.895569,59.999088,-0.006405,0.0000,1.0000,8960.5,0.0030,2,0
37.5997,0.895569,59.999091,-0.006402,0.0000,1.0000,8971.7,0.0044,2,0
37.6352,0.895569,59.999094,-0.006399,0.0000,1.0000,8981.3,0.0060,2,0
37.6763,0.895569,59.999097,-0.006396,0.0000,1.0000,8957.4,0.0081,2,0
37.7146,0.895569,59.999100,-0.006393,0.0000,1.0000,8954.4,0.0095,2,0
37.7512,0.895569,59.999103,-0.006389,0.0000,1.0000,8966.4,0.0115,2,0
37.7906,0.895569,59.999106,-0.006386,0.0000,1.0000,8948.9,0.0142,2,0
37.8311,0.895569,59.999109,-0.006383,0.0000,1.0000,8942.0,0.0162,2,0
37.8658,0.895569,59.999112,-0.006379,0.0000,1.0000,8965.6,0.0186,2,0
37.9048,0.895569,59.999115,-0.006376,0.0000,1.0000,8951.0,0.0215,2,0
37.9467,0.896501,59.999118,-0.006373,0.0000,1.0000,8941.3,0.0235,2,0
37.9851,0.896501,59.999121,-0.006369,0.0000,1.0000,8952.4,0.0254,2,0
38.0251,0.896501,59.999124,-0.006366,0.0000,1.0000,8939.7,0.0277,2,0
38.0678,0.896501,59.999127,-0.006363,0.0000,1.0000,8928.1,0.0292,2,0
38.1080,0.896501,59.999130,-0.006359,0.0000,1.0000,8933.7,0.0305,2,0
38.1453,0.896501,59.999133,-0.006356,0.0000,1.0000,8938.3,0.0324,2,0
38.1824,0.896501,59.999135,-0.006352,0.0000,1.0000,8947.3,0.0338,2,0
38.2246,0.896501,59.999138,-0.006349,0.0000,1.0000,8938.5,0.0349,2,0
38.2635,0.896501,59.999141,-0.006345,0.0000,1.0000,8940.0,0.0364,2,0
38.3052,0.896501,59.999144,-0.006342,0.0000,1.0000,8927.7,0.0378,2,0
38.3460,0.897436,59.999146,-0.006338,0.0000,1.0000,8925.0,0.0388,2,0
38.3815,0.897436,59.999149,-0.006335,0.0000,1.0000,8947.8,0.0398,2,0
38.4226,0.897436,59.999152,-0.006331,0.0000,1.0000,8935.6,0.0409,2,0
38.4631,0.897436,59.999154,-0.006328,0.0000,1.0000,8933.8,0.0418,2,0
38.4926,0.897436,59.999157,-0.006324,0.0000,1.0000,8928.0,0.0427,2,0
38.4697,0.897436,59.999160,-0.006321,0.0000,1.0000,8879.3,0.0435,2,0
38.4546,0.897436,59.999163,-0.006317,0.0000,1.0000,8830.8,0.0439,2,0
38.4421,0.897436,59.999166,-0.006314,0.0000,1.0000,8782.6,0.0444,2,0
38.4188,0.897436,59.999169,-0.006310,0.0000,1.0000,8522.9,0.0447,3,0
38.4807,0.897436,59.999172,-0.006307,0.0000,1.0000,7630.7,0.0448,3,0
38.5394,0.898381,59.999175,-0.006303,0.0000,1.0000,7287.7,0.0449,3,0
38.5792,0.898381,59.999178,-0.006299,0.0000,1.0000,7280.6,0.0449,3,0
38.6210,0.898381,59.999181,-0.006296,0.0000,1.0000,7271.1,0.0446,3,0
38.6582,0.898381,59.999184,-0.006292,0.0000,1.0000,7283.2,0.0445,3,0
38.6948,0.898381,59.999187,-0.006289,0.0000,1.0000,7292.4,0.0442,3,0
38.7345,0.898381,59.999190,-0.006285,0.0000,1.0000,7292.4,0.0440,3,0
38.7709,0.898381,59.999193,-0.006281,0.0000,1.0000,7308.1,0.0438,3,0
38.8091,0.898381,59.999196,-0.006278,0.0000,1.0000,7317.0,0.0438,3,0
38.8507,0.898381,59.999199,-0.006274,0.0000,1.0000,7302.4,0.0438,3,0
38.8906,0.898381,59.999202,-0.006270,0.0000,1.0000,7297.3,0.0438,3,0
38.9232,0.899329,59.999206,-0.006267,0.0000,1.0000,7324.9,0.0442,3,0
38.9590,0.899329,59.999209,-0.006263,0.0000,1.0000,7342.6,0.0446,3,0
38.9962,0.899329,59.999212,-0.006259,0.0000,1.0000,7351.8,0.0450,3,0
39.0328,0.899329,59.999215,-0.006256,0.0000,1.0000,7362.7,0.0454,3,0
39.0693,0.899329,59.999218,-0.006252,0.0000,1.0000,7374.5,0.0457,3,0
39.1068,0.899329,59.999221,-0.006248,0.0000,1.0000,7382.2,0.0461,3,0
39.1447,0.899329,59.999224,-0.006245,0.0000,1.0000,7388.0,0.0463,3,0
39.1829,0.899329,59.999228,-0.006241,0.0000,1.0000,7393.3,0.0463,3,0
39.2191,0.899329,59.999231,-0.006237,0.0000,1.0000,7406.9,0.0463,3,0
39.2551,0.899329,59.999234,-0.006233,0.0000,1.0000,7419.7,0.0461,3,0
39.2925,0.900285,59.999237,-0.006230,0.0000,1.0000,7427.4,0.0458,3,0
39.3308,0.900285,59.999240,-0.006226,0.0000,1.0000,7431.3,0.0454,3,0
39.3691,0.900285,59.999244,-0.006222,0.0000,1.0000,7434.7,0.0447,3,0
39.4062,0.900285,59.999247,-0.006218,0.0000,1.0000,7444.6,0.0441,3,0
39.4443,0.900285,59.999250,-0.006215,0.0000,1.0000,7449.1,0.0433,3,0
39.4822,0.900285,59.999253,-0.006211,0.0000,1.0000,7456.0,0.0424,3,0
39.5202,0.900285,59.999256,-0.006207,0.0000,1.0000,7463.5,0.0416,3,0
39.5588,0.900285,59.999259,-0.006203,0.0000,1.0000,7466.4,0.0408,3,0
39.5973,0.900285,59.999262,-0.006199,0.0000,1.0000,7471.9,0.0400,3,0
39.6344,0.900285,59.999265,-0.006195,0.0000,1.0000,7481.9,0.0393,3,0
39.6711,0.901251,59.999268,-0.006191,0.0000,1.0000,7496.1,0.0387,3,0
39.7099,0.901251,59.999271,-0.006188,0.0000,1.0000,7500.0,0.0382,3,0
39.7495,0.901251,59.999274,-0.006184,0.0000,1.0000,7501.4,0.0377,3,0
39.7896,0.901251,59.999277,-0.006180,0.0000,1.0000,7502.8,0.0373,3,0
39.8289,0.901251,59.999280,-0.006176,0.0000,1.0000,7505.7,0.0371,3,0
39.8662,0.901251,59.999283,-0.006172,0.0000,1.0000,7519.7,0.0368,3,0
39.9052,0.901251,59.999285,-0.006168,0.0000,1.0000,7525.9,0.0366,3,0
39.9461,0.901251,59.999288,-0.006164,0.0000,1.0000,7524.5,0.0366,3,0
39.9859,0.901251,59.999290,-0.006160,0.0000,1.0000,7529.6,0.0367,3,0
40.0261,0.901251,59.999293,-0.006156,0.0000,1.0000,7531.6,0.0372,3,0
40.0657,0.902221,59.999296,-0.006152,0.0000,1.0000,7536.4,0.0377,3,0
40.1052,0.902221,59.999298,-0.006148,0.0000,1.0000,7543.6,0.0385,3,0
40.1442,0.902221,59.999301,-0.006144,0.0000,1.0000,7551.8,0.0395,3,0
40.1830,0.902221,59.999303,-0.006140,0.0000,1.0000,7561.0,0.0405,3,0
40.2217,0.902221,59.999306,-0.006136,0.0000,1.0000,7569.6,0.0416,3,0
40.2614,0.902221,59.999309,-0.006132,0.0000,1.0000,7574.3,0.0428,3,0
40.2995,0.902221,59.999312,-0.006128,0.0000,1.0000,7585.3,0.0439,3,0
40.3389,0.902221,59.999315,-0.006124,0.0000,1.0000,7590.8,0.0451,3,0
40.3781,0.902221,59.999318,-0.006120,0.0000,1.0000,7596.3,0.0461,3,0
40.4168,0.902221,59.999321,-0.006116,0.0000,1.0000,7605.2,0.0469,3,0
40.4557,0.903201,59.999324,-0.006112,0.0000,1.0000,7613.5,0.0475,3,0
40.4949,0.903201,59.999327,-0.006108,0.0000,1.0000,7620.6,0.0480,3,0
40.5343,0.903201,59.999330,-0.006104,0.0000,1.0000,7627.2,0.0483,3,0
40.5737,0.903201,59.999333,-0.006100,0.0000,1.0000,7634.5,0.0485,3,0
40.6126,0.903201,59.999336,-0.006096,0.0000,1.0000,7643.3,0.0486,3,0
40.6526,0.903201,59.999339,-0.006091,0.0000,1.0000,7648.9,0.0487,3,0
40.6928,0.903201,59.999342,-0.006087,0.0000,1.0000,7653.7,0.0488,3,0
40.7322,0.903201,59.999345,-0.006083,0.0000,1.0000,7661.5,0.0490,3,0
40.7720,0.903201,59.999348,-0.006079,0.0000,1.0000,7667.4,0.0494,3,0
40.8109,0.903201,59.999352,-0.006075,0.0000,1.0000,7676.5,0.0495,3,0
40.8502,0.904190,59.999355,-0.006071,0.0000,1.0000,7684.6,0.0497,3,0
40.8883,0.904190,59.999358,-0.006066,0.0000,1.0000,7697.5,0.0498,3,0
40.9273,0.904190,59.999361,-0.006062,0.0000,1.0000,7706.2,0.0498,3,0
40.9665,0.904190,59.999364,-0.006058,0.0000,1.0000,7713.6,0.0495,3,0
41.0055,0.904190,59.999367,-0.006054,0.0000,1.0000,7722.3,0.0490,3,0
41.0446,0.904190,59.999370,-0.006050,0.0000,1.0000,7730.7,0.0485,3,0
41.0837,0.904190,59.999373,-0.006045,0.0000,1.0000,7740.8,0.0479,3,0
41.1231,0.904190,59.999376,-0.006041,0.0000,1.0000,7748.8,0.0473,3,0
41.1624,0.904190,59.999379,-0.006037,0.0000,1.0000,7757.8,0.0468,3,0
41.2024,0.904190,59.999382,-0.006033,0.0000,1.0000,7764.5,0.0466,3,0
41.2421,0.905189,59.999385,-0.006028,0.0000,1.0000,7772.3,0.0466,3,0
41.2826,0.905189,59.999388,-0.006024,0.0000,1.0000,7777.8,0.0466,3,0
41.3214,0.905189,59.999391,-0.006020,0.0000,1.0000,7790.0,0.0467,3,0
41.3610,0.905189,59.999394,-0.006016,0.0000,1.0000,7799.7,0.0469,3,0
41.4012,0.905189,59.999397,-0.006011,0.0000,1.0000,7806.4,0.0470,3,0
41.4405,0.905189,59.999400,-0.006007,0.0000,1.0000,7817.6,0.0470,3,0
41.4803,0.905189,59.999403,-0.006003,0.0000,1.0000,7825.7,0.0470,3,0
41.5209,0.905189,59.999406,-0.005998,0.0000,1.0000,7832.8,0.0468,3,0
41.5606,0.905189,59.999409,-0.005994,0.0000,1.0000,7842.4,0.0468,3,0
41.6023,0.905189,59.999413,-0.005990,0.0000,1.0000,7844.6,0.0467,3,0
41.6438,0.906193,59.999416,-0.005985,0.0000,1.0000,7846.7,0.0466,3,0
41.6852,0.906193,59.999419,-0.005981,0.0000,1.0000,7849.0,0.0465,3,0
41.7242,0.906193,59.999422,-0.005976,0.0000,1.0000,7861.6,0.0464,3,0
41.7636,0.906193,59.999425,-0.005972,0.0000,1.0000,7874.2,0.0463,3,0
41.8059,0.906193,59.999428,-0.005968,0.0000,1.0000,7873.5,0.0463,3,0
41.8456,0.906193,59.999431,-0.005963,0.0000,1.0000,7882.9,0.0461,3,0
41.8858,0.906193,59.999434,-0.005959,0.0000,1.0000,7889.9,0.0458,3,0
41.9270,0.906193,59.999438,-0.005954,0.0000,1.0000,7893.9,0.0455,3,0
41.9678,0.906193,59.999441,-0.005950,0.0000,1.0000,7899.8,0.0452,3,0
42.0096,0.906193,59.999444,-0.005945,0.0000,1.0000,7902.5,0.0450,3,0
42.0504,0.907213,59.999447,-0.005941,0.0000,1.0000,7911.3,0.0447,3,0
42.0928,0.907213,59.999450,-0.005936,0.0000,1.0000,7911.8,0.0446,3,0
42.1361,0.907213,59.999454,-0.005932,0.0000,1.0000,7911.4,0.0445,3,0
42.1792,0.907213,59.999457,-0.005927,0.0000,1.0000,7912.1,0.0446,3,0
42.2218,0.907213,59.999460,-0.005923,0.0000,1.0000,7918.2,0.0450,3,0
42.2604,0.907213,59.999463,-0.005918,0.0000,1.0000,7939.9,0.0455,3,0
42.3008,0.907213,59.999466,-0.005914,0.0000,1.0000,7953.9,0.0463,3,0
42.3428,0.907213,59.999469,-0.005909,0.0000,1.0000,7964.2,0.0476,3,0
42.3837,0.907213,59.999472,-0.005905,0.0000,1.0000,7978.5,0.0492,3,0
42.4258,0.907213,59.999475,-0.005900,0.0000,1.0000,7987.6,0.0513,3,0
42.4669,0.908235,59.999478,-0.005895,0.0000,1.0000,7999.2,0.0538,3,0
42.5092,0.908235,59.999481,-0.005891,0.0000,1.0000,8006.6,0.0566,3,0
42.5506,0.908235,59.999484,-0.005886,0.0000,1.0000,8017.7,0.0595,3,0
42.5932,0.908235,59.999487,-0.005882,0.0000,1.0000,8023.2,0.0625,3,0
42.6342,0.908235,59.999490,-0.005877,0.0000,1.0000,8034.9,0.0657,3,0
42.6734,0.908235,59.999493,-0.005872,0.0000,1.0000,8053.9,0.0688,3,0
42.7125,0.908235,59.999496,-0.005868,0.0000,1.0000,8073.1,0.0718,3,0
42.7482,0.908235,59.999499,-0.005863,0.0000,1.0000,8105.8,0.0747,3,0
42.7833,0.908235,59.999502,-0.005858,0.0000,1.0000,8140.0,0.0774,3,0
42.8180,0.908235,59.999505,-0.005854,0.0000,1.0000,8175.4,0.0798,3,0
42.8515,0.909266,59.999508,-0.005849,0.0000,1.0000,8209.8,0.0819,3,0
42.8850,0.909266,59.999511,-0.005844,0.0000,1.0000,8230.7,0.0834,3,0
42.9217,0.909266,59.999514,-0.005840,0.0000,1.0000,8237.8,0.0840,3,0
42.9673,0.909266,59.999517,-0.005835,0.0000,1.0000,8214.8,0.0837,3,0
43.0171,0.909266,59.999520,-0.005830,0.0000,1.0000,8174.4,0.0826,3,0
43.0667,0.909266,59.999523,-0.005825,0.0000,1.0000,8137.3,0.0804,3,0
43.1094,0.909266,59.999526,-0.005821,0.0000,1.0000,8132.5,0.0776,3,0
43.1491,0.909266,59.999529,-0.005816,0.0000,1.0000,8142.5,0.0742,3,0
43.1908,0.909266,59.999532,-0.005811,0.0000,1.0000,8148.3,0.0704,3,0
43.2334,0.909266,59.999535,-0.005806,0.0000,1.0000,8151.2,0.0665,3,0
43.2752,0.910308,59.999538,-0.005801,0.0000,1.0000,8156.1,0.0623,3,0
43.3164,0.910308,59.999541,-0.005797,0.0000,1.0000,8163.0,0.0584,3,0
43.3576,0.910308,59.999544,-0.005792,0.0000,1.0000,8173.2,0.0547,3,0
43.3988,0.910308,59.999547,-0.005787,0.0000,1.0000,8185.7,0.0516,3,0
43.4404,0.910308,59.999550,-0.005782,0.0000,1.0000,8195.9,0.0490,3,0
43.4798,0.910308,59.999553,-0.005777,0.0000,1.0000,8214.5,0.0468,3,0
43.5189,0.910308,59.999556,-0.005772,0.0000,1.0000,8233.3,0.0451,3,0
43.5571,0.910308,59.999559,-0.005767,0.0000,1.0000,8256.6,0.0439,3,0
43.5982,0.910308,59.999562,-0.005762,0.0000,1.0000,8269.7,0.0432,3,0
43.6409,0.910308,59.999565,-0.005758,0.0000,1.0000,8274.1,0.0428,3,0
43.6825,0.911360,59.999568,-0.005753,0.0000,1.0000,8281.4,0.0426,3,0
43.7248,0.911360,59.999571,-0.005748,0.0000,1.0000,8284.8,0.0426,3,0
43.7666,0.911360,59.999574,-0.005743,0.0000,1.0000,8292.2,0.0427,3,0
43.8084,0.911360,59.999577,-0.005738,0.0000,1.0000,8299.9,0.0431,3,0
43.8518,0.911360,59.999580,-0.005733,0.0000,1.0000,8299.5,0.0434,3,0
43.8944,0.911360,59.999583,-0.005728,0.0000,1.0000,8302.0,0.0437,3,0
43.9363,0.911360,59.999586,-0.005723,0.0000,1.0000,8307.7,0.0438,3,0
43.9778,0.911360,59.999589,-0.005718,0.0000,1.0000,8315.7,0.0440,3,0
44.0209,0.911360,59.999592,-0.005712,0.0000,1.0000,8318.8,0.0440,3,0
44.0661,0.911360,59.999595,-0.005707,0.0000,1.0000,8312.8,0.0440,3,0
44.1089,0.912426,59.999598,-0.005702,0.0000,1.0000,8316.1,0.0437,3,0
44.1524,0.912426,59.999601,-0.005697,0.0000,1.0000,8316.6,0.0435,3,0
44.1952,0.912426,59.999604,-0.005692,0.0000,1.0000,8323.4,0.0433,3,0
44.2387,0.912426,59.999607,-0.005687,0.0000,1.0000,8327.4,0.0432,3,0
44.2820,0.912426,59.999610,-0.005682,0.0000,1.0000,8332.6,0.0432,3,0
44.3239,0.912426,59.999613,-0.005677,0.0000,1.0000,8341.1,0.0434,3,0
44.3670,0.912426,59.999616,-0.005671,0.0000,1.0000,8346.0,0.0438,3,0
44.4097,0.912426,59.999618,-0.005666,0.0000,1.0000,8354.7,0.0446,3,0
44.4537,0.912426,59.999621,-0.005661,0.0000,1.0000,8358.1,0.0456,3,0
44.4957,0.912426,59.999624,-0.005656,0.0000,1.0000,8367.3,0.0470,3,0
44.5375,0.913507,59.999627,-0.005650,0.0000,1.0000,8376.2,0.0485,3,0
44.5816,0.913507,59.999630,-0.005645,0.0000,1.0000,8376.1,0.0503,3,0
44.6244,0.913507,59.999632,-0.005640,0.0000,1.0000,8382.8,0.0523,3,0
44.6673,0.913507,59.999635,-0.005635,0.0000,1.0000,8388.1,0.0544,3,0
44.7072,0.913507,59.999638,-0.005629,0.0000,1.0000,8404.3,0.0564,3,0
44.7486,0.913507,59.999641,-0.005624,0.0000,1.0000,8412.8,0.0584,3,0
44.7910,0.913507,59.999644,-0.005619,0.0000,1.0000,8417.6,0.0604,3,0
44.8340,0.913507,59.999648,-0.005613,0.0000,1.0000,8422.1,0.0624,3,0
44.8760,0.913507,59.999651,-0.005608,0.0000,1.0000,8431.1,0.0641,3,0
44.9166,0.913507,59.999654,-0.005603,0.0000,1.0000,8444.0,0.0656,3,0
44.9586,0.914599,59.999657,-0.005597,0.0000,1.0000,8449.1,0.0669,3,0
45.0014,0.914599,59.999660,-0.005592,0.0000,1.0000,8455.5,0.0681,3,0
45.0447,0.914599,59.999664,-0.005586,0.0000,1.0000,8458.1,0.0692,3,0
45.0866,0.914599,59.999667,-0.005581,0.0000,1.0000,8466.7,0.0700,3,0
45.1261,0.914599,59.999670,-0.005576,0.0000,1.0000,8483.0,0.0706,3,0
45.1687,0.914599,59.999673,-0.005570,0.0000,1.0000,8486.6,0.0710,3,0
45.2112,0.914599,59.999676,-0.005565,0.0000,1.0000,8493.0,0.0714,3,0
45.2548,0.914599,59.999679,-0.005559,0.0000,1.0000,8495.1,0.0717,3,0
45.2950,0.914599,59.999682,-0.005554,0.0000,1.0000,8510.6,0.0718,3,0
45.3346,0.914599,59.999685,-0.005548,0.0000,1.0000,8527.0,0.0720,3,0
45.3777,0.915710,59.999688,-0.005543,0.0000,1.0000,8529.8,0.0722,3,0
45.4193,0.915710,59.999691,-0.005537,0.0000,1.0000,8540.8,0.0724,3,0
45.4615,0.915710,59.999694,-0.005532,0.0000,1.0000,8548.8,0.0728,3,0
45.4999,0.915710,59.999697,-0.005526,0.0000,1.0000,8571.2,0.0733,3,0
45.5392,0.915710,59.999700,-0.005521,0.0000,1.0000,8587.4,0.0739,3,0
45.5778,0.915710,59.999703,-0.005515,0.0000,1.0000,8607.9,0.0748,3,0
45.6169,0.915710,59.999706,-0.005509,0.0000,1.0000,8624.0,0.0757,3,0
45.6580,0.915710,59.999709,-0.005504,0.0000,1.0000,8629.0,0.0766,3,0
45.6982,0.915710,59.999712,-0.005498,0.0000,1.0000,8636.7,0.0774,3,0
45.7378,0.915710,59.999715,-0.005492,0.0000,1.0000,8645.7,0.0781,3,0
45.7755,0.916839,59.999718,-0.005487,0.0000,1.0000,8665.1,0.0785,3,0
45.8153,0.916839,59.999721,-0.005481,0.0000,1.0000,8673.2,0.0786,3,0
45.8569,0.916839,59.999724,-0.005475,0.0000,1.0000,8672.9,0.0784,3,0
45.8975,0.916839,59.999727,-0.005470,0.0000,1.0000,8676.7,0.0777,3,0
45.9380,0.916839,59.999730,-0.005464,0.0000,1.0000,8683.7,0.0767,3,0
45.9783,0.916839,59.999733,-0.005458,0.0000,1.0000,8692.4,0.0755,3,0
46.0195,0.916839,59.999735,-0.005452,0.0000,1.0000,8696.0,0.0740,3,0
46.0600,0.916839,59.999738,-0.005447,0.0000,1.0000,8702.9,0.0725,3,0
46.0999,0.916839,59.999740,-0.005441,0.0000,1.0000,8711.3,0.0711,3,0
46.1401,0.916839,59.999743,-0.005435,0.0000,1.0000,8721.4,0.0698,3,0
46.1801,0.917981,59.999746,-0.005429,0.0000,1.0000,8731.1,0.0686,3,0
46.2206,0.917981,59.999748,-0.005423,0.0000,1.0000,8736.6,0.0675,3,0
46.2601,0.917981,59.999751,-0.005418,0.0000,1.0000,8746.4,0.0665,3,0
46.2998,0.917981,59.999753,-0.005412,0.0000,1.0000,8756.0,0.0656,3,0
46.3374,0.917981,59.999756,-0.005406,0.0000,1.0000,8776.3,0.0648,3,0
46.3776,0.917981,59.999759,-0.005400,0.0000,1.0000,8786.3,0.0641,3,0
46.4203,0.917981,59.999762,-0.005394,0.0000,1.0000,8785.5,0.0635,3,0
46.4626,0.917981,59.999765,-0.005388,0.0000,1.0000,8785.1,0.0631,3,0
46.5044,0.917981,59.999768,-0.005382,0.0000,1.0000,8793.0,0.0629,3,0
46.5456,0.917981,59.999771,-0.005376,0.0000,1.0000,8801.3,0.0632,3,0
46.5881,0.919130,59.999774,-0.005370,0.0000,1.0000,8803.1,0.0637,3,0
46.6301,0.919130,59.999777,-0.005364,0.0000,1.0000,8806.7,0.0646,3,0
46.6707,0.919130,59.999780,-0.005358,0.0000,1.0000,8814.6,0.0654,3,0
46.7101,0.919130,59.999783,-0.005352,0.0000,1.0000,8824.0,0.0662,3,0
46.7488,0.919130,59.999786,-0.005346,0.0000,1.0000,8831.0,0.0665,3,0
46.7876,0.919130,59.999789,-0.005340,0.0000,1.0000,8836.9,0.0665,3,0
46.8271,0.919130,59.999792,-0.005334,0.0000,1.0000,8839.8,0.0658,3,0
46.8674,0.919130,59.999795,-0.005328,0.0000,1.0000,8842.2,0.0645,3,0
46.9082,0.919130,59.999798,-0.005322,0.0000,1.0000,8846.3,0.0626,3,0
46.9504,0.919130,59.999802,-0.005316,0.0000,1.0000,8845.1,0.0604,3,0
46.9927,0.920286,59.999805,-0.005310,0.0000,1.0000,8842.4,0.0577,3,0
47.0347,0.920286,59.999808,-0.005304,0.0000,1.0000,8844.4,0.0548,3,0
47.0779,0.920286,59.999811,-0.005298,0.0000,1.0000,8842.7,0.0519,3,0
47.1209,0.920286,59.999814,-0.005291,0.0000,1.0000,8843.5,0.0492,3,0
47.1622,0.920286,59.999817,-0.005285,0.0000,1.0000,8850.7,0.0465,3,0
47.2026,0.920286,59.999820,-0.005279,0.0000,1.0000,8861.0,0.0443,3,0
47.2442,0.920286,59.999822,-0.005273,0.0000,1.0000,8868.5,0.0423,3,0
47.2850,0.920286,59.999825,-0.005267,0.0000,1.0000,8880.7,0.0407,3,0
47.3282,0.920286,59.999828,-0.005260,0.0000,1.0000,8881.2,0.0395,3,0
47.3680,0.920286,59.999831,-0.005254,0.0000,1.0000,8894.4,0.0385,3,0
47.4085,0.921441,59.999833,-0.005248,0.0000,1.0000,8903.9,0.0379,3,0
47.4495,0.921441,59.999836,-0.005242,0.0000,1.0000,8914.4,0.0376,3,0
47.4892,0.921441,59.999839,-0.005236,0.0000,1.0000,8929.7,0.0375,3,0
47.5302,0.921441,59.999841,-0.005229,0.0000,1.0000,8936.6,0.0376,3,0
47.5709,0.921441,59.999844,-0.005223,0.0000,1.0000,8945.0,0.0380,3,0
47.6129,0.921441,59.999847,-0.005217,0.0000,1.0000,8949.5,0.0387,3,0
47.6548,0.921441,59.999850,-0.005210,0.0000,1.0000,8955.6,0.0397,3,0
47.6978,0.921441,59.999853,-0.005204,0.0000,1.0000,8956.7,0.0409,3,0
47.7398,0.921441,59.999856,-0.005198,0.0000,1.0000,8959.9,0.0424,3,0
47.7815,0.921441,59.999859,-0.005191,0.0000,1.0000,8965.3,0.0442,3,0
47.8238,0.922600,59.999862,-0.005185,0.0000,1.0000,8969.2,0.0463,3,0
47.8657,0.922600,59.999865,-0.005179,0.0000,1.0000,8973.7,0.0486,3,0
47.9070,0.922600,59.999868,-0.005172,0.0000,1.0000,8980.1,0.0512,3,0
47.9480,0.922600,59.999871,-0.005166,0.0000,1.0000,8986.2,0.0538,3,0
47.9889,0.922600,59.999874,-0.005159,0.0000,1.0000,8993.7,0.0565,3,0
48.0290,0.922600,59.999877,-0.005153,0.0000,1.0000,9004.9,0.0590,3,0
48.0714,0.922600,59.999879,-0.005146,0.0000,1.0000,9005.6,0.0615,3,0
48.1124,0.922600,59.999882,-0.005140,0.0000,1.0000,9011.1,0.0639,3,0
48.1528,0.922600,59.999884,-0.005134,0.0000,1.0000,9019.3,0.0659,3,0
48.1942,0.922600,59.999887,-0.005127,0.0000,1.0000,9023.7,0.0678,3,0
48.2348,0.923755,59.999890,-0.005121,0.0000,1.0000,9031.3,0.0693,3,0
48.2752,0.923755,59.999892,-0.005114,0.0000,1.0000,9038.5,0.0704,3,0
48.3148,0.923755,59.999895,-0.005108,0.0000,1.0000,9049.6,0.0713,3,0
48.3552,0.923755,59.999897,-0.005101,0.0000,1.0000,9058.4,0.0718,3,0
48.3962,0.923755,59.999900,-0.005095,0.0000,1.0000,9065.5,0.0721,3,0
48.4385,0.923755,59.999903,-0.005088,0.0000,1.0000,9065.1,0.0720,3,0
48.4772,0.923755,59.999906,-0.005082,0.0000,1.0000,9079.2,0.0716,3,0
48.5177,0.923755,59.999908,-0.005075,0.0000,1.0000,9086.5,0.0710,3,0
48.5596,0.923755,59.999911,-0.005068,0.0000,1.0000,9088.3,0.0700,3,0
48.6010,0.923755,59.999914,-0.005062,0.0000,1.0000,9092.3,0.0690,3,0
48.6400,0.924910,59.999917,-0.005055,0.0000,1.0000,9104.7,0.0675,3,0
48.6779,0.924910,59.999920,-0.005049,0.0000,1.0000,9122.8,0.0661,3,0
48.7191,0.924910,59.999922,-0.005042,0.0000,1.0000,9127.3,0.0644,3,0
48.7592,0.924910,59.999925,-0.005035,0.0000,1.0000,9136.7,0.0625,3,0
48.8004,0.924910,59.999928,-0.005029,0.0000,1.0000,9139.9,0.0606,3,0
48.8391,0.924910,59.999931,-0.005022,0.0000,1.0000,9155.2,0.0587,3,0
48.8796,0.924910,59.999934,-0.005015,0.0000,1.0000,9162.5,0.0568,3,0
48.9193,0.924910,59.999937,-0.005009,0.0000,1.0000,9174.5,0.0550,3,0
48.9595,0.924910,59.999940,-0.005002,0.0000,1.0000,9182.0,0.0531,3,0
48.9985,0.924910,59.999943,-0.004995,0.0000,1.0000,9195.1,0.0513,3,0
49.0345,0.926067,59.999946,-0.004988,0.0000,1.0000,9177.2,0.0499,3,0
49.0359,0.926067,59.999949,-0.004982,0.0000,1.0000,9127.4,0.0485,3,0
49.0341,0.926067,59.999952,-0.004975,0.0000,1.0000,9077.9,0.0471,3,0
49.0325,0.926067,59.999955,-0.004968,0.0000,1.0000,9028.6,0.0460,3,0
49.0320,0.926067,59.999958,-0.004962,0.0000,1.0000,8767.8,0.0452,4,0
49.0824,0.926067,59.999961,-0.004955,0.0000,1.0000,7874.6,0.0445,4,0
49.1364,0.926067,59.999963,-0.004948,0.0000,1.0000,7755.7,0.0440,4,0
49.1831,0.926067,59.999966,-0.004941,0.0000,1.0000,7747.0,0.0438,4,0
49.2282,0.926067,59.999969,-0.004934,0.0000,1.0000,7746.8,0.0439,4,0
49.2721,0.926067,59.999972,-0.004927,0.0000,1.0000,7750.9,0.0443,4,0
49.3155,0.927238,59.999974,-0.004921,0.0000,1.0000,7757.1,0.0450,4,0
49.3588,0.927238,59.999977,-0.004914,0.0000,1.0000,7763.2,0.0459,4,0
49.4028,0.927238,59.999980,-0.004907,0.0000,1.0000,7764.2,0.0469,4,0
49.4459,0.927238,59.999982,-0.004900,0.0000,1.0000,7769.7,0.0480,4,0
49.4889,0.927238,59.999985,-0.004893,0.0000,1.0000,7775.6,0.0493,4,0
49.5317,0.927238,59.999988,-0.004886,0.0000,1.0000,7783.4,0.0506,4,0
49.5752,0.927238,59.999990,-0.004879,0.0000,1.0000,7785.9,0.0519,4,0
49.6194,0.927238,59.999993,-0.004872,0.0000,1.0000,7785.4,0.0535,4,0
49.6628,0.927238,59.999995,-0.004866,0.0000,1.0000,7789.3,0.0550,4,0
49.7055,0.927238,59.999998,-0.004859,0.0000,1.0000,7797.5,0.0565,4,0
49.7488,0.928430,60.000000,-0.004852,0.0000,1.0000,7802.2,0.0581,4,0
49.7934,0.928430,60.000003,-0.004845,0.0000,1.0000,7801.2,0.0597,4,0
49.8377,0.928430,60.000005,-0.004838,0.0000,1.0000,7803.0,0.0613,4,0
49.8807,0.928430,60.000008,-0.004831,0.0000,1.0000,7811.1,0.0628,4,0
49.9241,0.928430,60.000010,-0.004824,0.0000,1.0000,7816.9,0.0644,4,0
49.9699,0.928430,60.000013,-0.004817,0.0000,1.0000,7811.1,0.0659,4,0
50.0136,0.928430,60.000016,-0.004810,0.0000,1.0000,7815.9,0.0674,4,0
50.0580,0.928430,60.000019,-0.004803,0.0000,1.0000,7819.0,0.0687,4,0
50.1012,0.928430,60.000022,-0.004796,0.0000,1.0000,7826.4,0.0699,4,0
50.1437,0.928430,60.000025,-0.004788,0.0000,1.0000,7833.6,0.0709,4,0
50.1870,0.929633,60.000028,-0.004781,0.0000,1.0000,7840.3,0.0717,4,0
50.2319,0.929633,60.000031,-0.004774,0.0000,1.0000,7841.4,0.0722,4,0
50.2771,0.929633,60.000034,-0.004767,0.0000,1.0000,7842.3,0.0723,4,0
50.3224,0.929633,60.000037,-0.004760,0.0000,1.0000,7840.9,0.0722,4,0
50.3639,0.929633,60.000040,-0.004753,0.0000,1.0000,7856.7,0.0719,4,0
50.4086,0.929633,60.000042,-0.004746,0.0000,1.0000,7861.7,0.0713,4,0
50.4532,0.929633,60.000045,-0.004739,0.0000,1.0000,7866.8,0.0706,4,0
50.4966,0.929633,60.000048,-0.004731,0.0000,1.0000,7873.7,0.0698,4,0
50.5386,0.929633,60.000050,-0.004724,0.0000,1.0000,7889.2,0.0692,4,0
50.5819,0.929633,60.000052,-0.004717,0.0000,1.0000,7900.3,0.0686,4,0
50.6265,0.930847,60.000055,-0.004710,0.0000,1.0000,7905.3,0.0681,4,0
50.6697,0.930847,60.000057,-0.004703,0.0000,1.0000,7914.6,0.0676,4,0
50.7119,0.930847,60.000060,-0.004695,0.0000,1.0000,7927.5,0.0674,4,0
50.7539,0.930847,60.000062,-0.004688,0.0000,1.0000,7942.8,0.0672,4,0
50.7983,0.930847,60.000065,-0.004681,0.0000,1.0000,7946.2,0.0669,4,0
50.8406,0.930847,60.000068,-0.004674,0.0000,1.0000,7954.9,0.0665,4,0
50.8834,0.930847,60.000070,-0.004666,0.0000,1.0000,7962.0,0.0661,4,0
50.9249,0.930847,60.000073,-0.004659,0.0000,1.0000,7975.4,0.0657,4,0
50.9684,0.930847,60.000075,-0.004652,0.0000,1.0000,7979.0,0.0650,4,0
51.0086,0.930847,60.000078,-0.004644,0.0000,1.0000,7995.3,0.0640,4,0
51.0523,0.932073,60.000080,-0.004637,0.0000,1.0000,7996.5,0.0627,4,0
51.0947,0.932073,60.000082,-0.004630,0.0000,1.0000,8005.9,0.0614,4,0
51.1367,0.932073,60.000085,-0.004622,0.0000,1.0000,8016.6,0.0596,4,0
51.1786,0.932073,60.000087,-0.004615,0.0000,1.0000,8025.1,0.0576,4,0
51.2207,0.932073,60.000090,-0.004607,0.0000,1.0000,8032.9,0.0555,4,0
51.2644,0.932073,60.000092,-0.004600,0.0000,1.0000,8037.4,0.0536,4,0
51.3084,0.932073,60.000095,-0.004592,0.0000,1.0000,8039.1,0.0517,4,0
51.3486,0.932073,60.000097,-0.004585,0.0000,1.0000,8056.6,0.0497,4,0
51.3898,0.932073,60.000100,-0.004577,0.0000,1.0000,8068.5,0.0481,4,0
51.4350,0.932073,60.000102,-0.004570,0.0000,1.0000,8068.0,0.0468,4,0
51.4788,0.933308,60.000104,-0.004562,0.0000,1.0000,8071.3,0.0457,4,0
51.5208,0.933308,60.000107,-0.004555,0.0000,1.0000,8082.7,0.0449,4,0
51.5627,0.933308,60.000109,-0.004547,0.0000,1.0000,8094.1,0.0444,4,0
51.6079,0.933308,60.000112,-0.004540,0.0000,1.0000,8094.7,0.0442,4,0
51.6525,0.933308,60.000114,-0.004532,0.0000,1.0000,8098.9,0.0442,4,0
51.6971,0.933308,60.000117,-0.004525,0.0000,1.0000,8102.7,0.0445,4,0
51.7385,0.933308,60.000119,-0.004517,0.0000,1.0000,8117.7,0.0452,4,0
51.7827,0.933308,60.000122,-0.004509,0.0000,1.0000,8122.5,0.0463,4,0
51.8265,0.933308,60.000124,-0.004502,0.0000,1.0000,8128.1,0.0476,4,0
51.8702,0.933308,60.000127,-0.004494,0.0000,1.0000,8133.4,0.0490,4,0
51.9090,0.934553,60.000130,-0.004486,0.0000,1.0000,8155.6,0.0504,4,0
51.9521,0.934553,60.000132,-0.004478,0.0000,1.0000,8160.5,0.0519,4,0
51.9960,0.934553,60.000135,-0.004471,0.0000,1.0000,8160.1,0.0532,4,0
52.0382,0.934553,60.000137,-0.004463,0.0000,1.0000,8167.5,0.0540,4,0
52.0790,0.934553,60.000140,-0.004455,0.0000,1.0000,8177.2,0.0545,4,0
52.1243,0.934553,60.000142,-0.004448,0.0000,1.0000,8171.9,0.0547,4,0
52.1680,0.934553,60.000145,-0.004440,0.0000,1.0000,8174.6,0.0545,4,0
52.2119,0.934553,60.000147,-0.004432,0.0000,1.0000,8174.9,0.0538,4,0
52.2557,0.934553,60.000150,-0.004424,0.0000,1.0000,8174.1,0.0527,4,0
52.2994,0.934553,60.000152,-0.004416,0.0000,1.0000,8172.7,0.0514,4,0
52.3410,0.935816,60.000154,-0.004408,0.0000,1.0000,8181.5,0.0499,4,0
52.3822,0.935816,60.000157,-0.004400,0.0000,1.0000,8186.6,0.0483,4,0
52.4236,0.935816,60.000159,-0.004393,0.0000,1.0000,8187.2,0.0466,4,0
52.4678,0.935816,60.000162,-0.004385,0.0000,1.0000,8189.0,0.0453,4,0
52.5017,0.935816,60.000164,-0.004377,0.0000,1.0000,8202.9,0.0444,4,0
52.5450,0.935816,60.000167,-0.004369,0.0000,1.0000,8207.8,0.0428,4,0
52.5851,0.935816,60.000169,-0.004361,0.0000,1.0000,8212.6,0.0422,4,0
52.6289,0.935816,60.000172,-0.004353,0.0000,1.0000,8224.0,0.0419,4,0
52.6701,0.935816,60.000174,-0.004345,0.0000,1.0000,8237.9,0.0424,4,0
52.7097,0.935816,60.000177,-0.004337,0.0000,1.0000,8248.2,0.0429,4,0
52.7548,0.937095,60.000180,-0.004329,0.0000,1.0000,8251.1,0.0438,4,0
52.7951,0.937095,60.000182,-0.004321,0.0000,1.0000,8252.8,0.0451,4,0
52.8387,0.937095,60.000185,-0.004313,0.0000,1.0000,8267.7,0.0461,4,0
52.8780,0.937095,60.000187,-0.004305,0.0000,1.0000,8271.0,0.0477,4,0
52.9228,0.937095,60.000190,-0.004297,0.0000,1.0000,8264.3,0.0484,4,0
52.9637,0.937095,60.000192,-0.004289,0.0000,1.0000,8280.9,0.0497,4,0
53.0061,0.937095,60.000195,-0.004280,0.0000,1.0000,8281.8,0.0506,4,0
53.0484,0.937095,60.000197,-0.004272,0.0000,1.0000,8295.4,0.0511,4,0
53.0908,0.937095,60.000200,-0.004264,0.0000,1.0000,8287.8,0.0525,4,0
53.1373,0.937095,60.000202,-0.004256,0.0000,1.0000,8294.0,0.0532,4,0
53.1751,0.938388,60.000204,-0.004248,0.0000,1.0000,8310.0,0.0559,4,0
53.2192,0.938388,60.000207,-0.004239,0.0000,1.0000,8316.7,0.0579,4,0
53.2605,0.938388,60.000209,-0.004231,0.0000,1.0000,8327.2,0.0624,4,0
53.3053,0.938388,60.000212,-0.004223,0.0000,1.0000,8315.9,0.0679,4,0
53.3454,0.938388,60.000214,-0.004215,0.0000,1.0000,8341.0,0.0741,4,0
53.3884,0.938388,60.000216,-0.004207,0.0000,1.0000,8339.7,0.0827,4,0
53.4279,0.938388,60.000219,-0.004198,0.0000,1.0000,8359.8,0.0902,4,0
53.4744,0.938388,60.000221,-0.004190,0.0000,1.0000,8351.1,0.1003,4,0
53.5140,0.938388,60.000223,-0.004182,0.0000,1.0000,8366.9,0.1079,4,0
53.5532,0.938388,60.000225,-0.004173,0.0000,1.0000,8383.4,0.1171,4,0
53.5934,0.939690,60.000228,-0.004165,0.0000,1.0000,8384.2,0.1245,4,0
53.6298,0.939690,60.000230,-0.004157,0.0000,1.0000,8416.6,0.1317,4,0
53.6700,0.939690,60.000232,-0.004148,0.0000,1.0000,8399.9,0.1382,4,0
53.7052,0.939690,60.000235,-0.004140,0.0000,1.0000,8433.8,0.1420,4,0
53.7461,0.939690,60.000237,-0.004132,0.0000,1.0000,8407.0,0.1460,4,0
53.7799,0.939690,60.000239,-0.004123,0.0000,1.0000,8440.0,0.1457,4,0
53.8224,0.939690,60.000241,-0.004115,0.0000,1.0000,8425.8,0.1469,4,0
53.8533,0.939690,60.000243,-0.004106,0.0000,1.0000,8440.4,0.1438,4,0
53.8966,0.939690,60.000245,-0.004098,0.0000,1.0000,8435.5,0.1417,4,0
53.9228,0.939690,60.000247,-0.004090,0.0000,1.0000,8426.1,0.1377,4,0
53.9617,0.941002,60.000248,-0.004081,0.0000,1.0000,8447.6,0.1311,4,0
53.9916,0.941002,60.000250,-0.004073,0.0000,1.0000,8457.0,0.1255,4,0
54.0220,0.941002,60.000252,-0.004064,0.0000,1.0000,8478.8,0.1166,4,0
54.0540,0.941002,60.000254,-0.004056,0.0000,1.0000,8489.1,0.1087,4,0
54.0712,0.941002,60.000256,-0.004047,0.0000,1.0000,8503.8,0.0988,4,0
54.0996,0.941002,60.000258,-0.004039,0.0000,1.0000,8521.5,0.0891,4,0
54.1141,0.941002,60.000261,-0.004030,0.0000,1.0000,8557.3,0.0788,4,0
54.1385,0.941002,60.000263,-0.004022,0.0000,1.0000,8626.5,0.0688,4,0
54.1628,0.941002,60.000266,-0.004013,0.0000,1.0000,8663.2,0.0590,4,0
54.1975,0.941002,60.000268,-0.004004,0.0000,1.0000,8673.9,0.0494,4,0
54.2136,0.942319,60.000270,-0.003996,0.0000,1.0000,8729.3,0.0412,4,0
54.2665,0.942319,60.000273,-0.003987,0.0000,1.0000,8689.3,0.0333,4,0
54.2854,0.942319,60.000275,-0.003979,0.0000,1.0000,8746.7,0.0271,4,0
54.3334,0.942319,60.000278,-0.003970,0.0000,1.0000,8730.4,0.0212,4,0
54.3626,0.942319,60.000280,-0.003961,0.0000,1.0000,8749.2,0.0178,4,0
54.3934,0.942319,60.000282,-0.003953,0.0000,1.0000,8799.2,0.0154,4,0
54.4359,0.942319,60.000284,-0.003944,0.0000,1.0000,8775.6,0.0151,4,0
54.4748,0.942319,60.000285,-0.003935,0.0000,1.0000,8777.1,0.0157,4,0
54.5272,0.942319,60.000287,-0.003926,0.0000,1.0000,8723.6,0.0178,4,0
54.5701,0.942319,60.000289,-0.003917,0.0000,1.0000,8704.3,0.0206,4,0
54.6204,0.943646,60.000291,-0.003909,0.0000,1.0000,8658.5,0.0236,4,0
54.6611,0.943646,60.000293,-0.003900,0.0000,1.0000,8647.1,0.0270,4,0
54.7065,0.943646,60.000294,-0.003891,0.0000,1.0000,8625.6,0.0300,4,0
54.7479,0.943646,60.000296,-0.003882,0.0000,1.0000,8607.3,0.0330,4,0
54.7908,0.943646,60.000298,-0.003873,0.0000,1.0000,8591.6,0.0348,4,0
54.8331,0.943646,60.000300,-0.003864,0.0000,1.0000,8572.7,0.0365,4,0
54.8750,0.943646,60.000302,-0.003855,0.0000,1.0000,8555.7,0.0375,4,0
54.9121,0.943646,60.000304,-0.003846,0.0000,1.0000,8558.0,0.0378,4,0
54.9471,0.943646,60.000306,-0.003837,0.0000,1.0000,8564.4,0.0377,4,0
54.9857,0.943646,60.000308,-0.003829,0.0000,1.0000,8562.3,0.0373,4,0
55.0213,0.944985,60.000309,-0.003820,0.0000,1.0000,8566.3,0.0367,4,0
55.0548,0.944985,60.000311,-0.003811,0.0000,1.0000,8583.3,0.0362,4,0
55.0892,0.944985,60.000313,-0.003802,0.0000,1.0000,8593.0,0.0360,4,0
55.1278,0.944985,60.000315,-0.003793,0.0000,1.0000,8586.9,0.0366,4,0
55.1639,0.944985,60.000317,-0.003784,0.0000,1.0000,8595.3,0.0381,4,0
55.1936,0.944985,60.000319,-0.003775,0.0000,1.0000,8620.3,0.0401,4,0
55.2298,0.944985,60.000321,-0.003766,0.0000,1.0000,8613.9,0.0427,4,0
55.2664,0.944985,60.000323,-0.003756,0.0000,1.0000,8611.5,0.0456,4,0
55.3020,0.944985,60.000325,-0.003747,0.0000,1.0000,8620.1,0.0486,4,0
55.3323,0.944985,60.000326,-0.003738,0.0000,1.0000,8644.2,0.0515,4,0
55.3702,0.946329,60.000328,-0.003729,0.0000,1.0000,8636.8,0.0542,4,0
55.4079,0.946329,60.000330,-0.003720,0.0000,1.0000,8633.9,0.0567,4,0
55.4417,0.946329,60.000332,-0.003711,0.0000,1.0000,8648.7,0.0590,4,0
55.4712,0.946329,60.000334,-0.003702,0.0000,1.0000,8673.3,0.0610,4,0
55.5093,0.946329,60.000336,-0.003693,0.0000,1.0000,8664.8,0.0631,4,0
55.5462,0.946329,60.000338,-0.003684,0.0000,1.0000,8665.3,0.0653,4,0
55.5791,0.946329,60.000340,-0.003674,0.0000,1.0000,8679.8,0.0678,4,0
55.6098,0.946329,60.000342,-0.003665,0.0000,1.0000,8697.4,0.0704,4,0
55.6455,0.946329,60.000344,-0.003656,0.0000,1.0000,8695.4,0.0735,4,0
55.6805,0.946329,60.000345,-0.003647,0.0000,1.0000,8697.0,0.0769,4,0
55.7107,0.947677,60.000347,-0.003637,0.0000,1.0000,8712.5,0.0803,4,0
55.7402,0.947677,60.000349,-0.003628,0.0000,1.0000,8725.9,0.0836,4,0
55.7722,0.947677,60.000351,-0.003619,0.0000,1.0000,8729.6,0.0866,4,0
55.8038,0.947677,60.000353,-0.003610,0.0000,1.0000,8732.9,0.0890,4,0
55.8328,0.947677,60.000355,-0.003601,0.0000,1.0000,8745.2,0.0905,4,0
55.8616,0.947677,60.000357,-0.003591,0.0000,1.0000,8753.8,0.0914,4,0
55.8913,0.947677,60.000359,-0.003582,0.0000,1.0000,8759.3,0.0916,4,0
55.9209,0.947677,60.000361,-0.003572,0.0000,1.0000,8767.9,0.0914,4,0
55.9482,0.947677,60.000363,-0.003563,0.0000,1.0000,8778.2,0.0908,4,0
55.9760,0.947677,60.000365,-0.003554,0.0000,1.0000,8788.1,0.0900,4,0
56.0066,0.949031,60.000366,-0.003544,0.0000,1.0000,8789.2,0.0892,4,0
56.0351,0.949031,60.000368,-0.003535,0.0000,1.0000,8797.2,0.0884,4,0
56.0615,0.949031,60.000370,-0.003526,0.0000,1.0000,8807.9,0.0876,4,0
56.0875,0.949031,60.000372,-0.003516,0.0000,1.0000,8817.5,0.0872,4,0
56.1095,0.949031,60.000374,-0.003507,0.0000,1.0000,8848.3,0.0871,4,0
56.1307,0.949031,60.000376,-0.003497,0.0000,1.0000,8883.6,0.0875,4,0
56.1535,0.949031,60.000377,-0.003488,0.0000,1.0000,8905.1,0.0882,4,0
56.1757,0.949031,60.000379,-0.003478,0.0000,1.0000,8922.8,0.0892,4,0
56.2016,0.949031,60.000380,-0.003469,0.0000,1.0000,8931.2,0.0905,4,0
56.2281,0.949031,60.000382,-0.003459,0.0000,1.0000,8938.3,0.0918,4,0
56.2526,0.950374,60.000384,-0.003450,0.0000,1.0000,8945.0,0.0932,4,0
56.2780,0.950374,60.000385,-0.003440,0.0000,1.0000,8946.3,0.0944,4,0
56.3027,0.950374,60.000387,-0.003431,0.0000,1.0000,8952.9,0.0953,4,0
56.3264,0.950374,60.000388,-0.003421,0.0000,1.0000,8959.4,0.0957,4,0
56.3487,0.950374,60.000390,-0.003412,0.0000,1.0000,8968.1,0.0957,4,0
56.3714,0.950374,60.000391,-0.003402,0.0000,1.0000,8972.1,0.0950,4,0
56.3946,0.950374,60.000393,-0.003392,0.0000,1.0000,8977.2,0.0936,4,0
56.4157,0.950374,60.000394,-0.003383,0.0000,1.0000,8984.2,0.0918,4,0
56.4378,0.950374,60.000396,-0.003373,0.0000,1.0000,8991.6,0.0896,4,0
56.4606,0.950374,60.000397,-0.003363,0.0000,1.0000,8997.5,0.0869,4,0
56.4826,0.951735,60.000398,-0.003354,0.0000,1.0000,9002.9,0.0839,4,0
56.5039,0.951735,60.000400,-0.003344,0.0000,1.0000,9010.2,0.0808,4,0
56.5283,0.951735,60.000401,-0.003334,0.0000,1.0000,9011.7,0.0777,4,0
56.5525,0.951735,60.000403,-0.003325,0.0000,1.0000,9013.7,0.0746,4,0
56.5752,0.951735,60.000404,-0.003315,0.0000,1.0000,9021.7,0.0715,4,0
56.5984,0.951735,60.000405,-0.003305,0.0000,1.0000,9029.9,0.0689,4,0
56.6228,0.951735,60.000406,-0.003295,0.0000,1.0000,9030.3,0.0667,4,0
56.6460,0.951735,60.000408,-0.003286,0.0000,1.0000,9038.3,0.0654,4,0
56.6683,0.951735,60.000409,-0.003276,0.0000,1.0000,9042.8,0.0649,4,0
56.6905,0.951735,60.000410,-0.003266,0.0000,1.0000,9046.8,0.0649,4,0
56.7140,0.953097,60.000411,-0.003256,0.0000,1.0000,9049.4,0.0656,4,0
56.7376,0.953097,60.000412,-0.003246,0.0000,1.0000,9050.9,0.0667,4,0
56.7612,0.953097,60.000414,-0.003237,0.0000,1.0000,9050.6,0.0683,4,0
56.7844,0.953097,60.000415,-0.003227,0.0000,1.0000,9049.6,0.0699,4,0
56.8086,0.953097,60.000416,-0.003217,0.0000,1.0000,9050.0,0.0715,4,0
56.8314,0.953097,60.000417,-0.003207,0.0000,1.0000,9049.7,0.0730,4,0
56.8529,0.953097,60.000418,-0.003197,0.0000,1.0000,9053.9,0.0743,4,0
56.8760,0.953097,60.000419,-0.003187,0.0000,1.0000,9051.4,0.0750,4,0
56.8998,0.953097,60.000420,-0.003177,0.0000,1.0000,9053.0,0.0751,4,0
56.9229,0.953097,60.000422,-0.003168,0.0000,1.0000,9051.4,0.0749,4,0
56.9459,0.954460,60.000423,-0.003158,0.0000,1.0000,9055.5,0.0742,4,0
56.9708,0.954460,60.000424,-0.003148,0.0000,1.0000,9054.6,0.0731,4,0
56.9944,0.954460,60.000425,-0.003138,0.0000,1.0000,9055.9,0.0719,4,0
57.0187,0.954460,60.000426,-0.003128,0.0000,1.0000,9055.8,0.0705,4,0
57.0413,0.954460,60.000427,-0.003118,0.0000,1.0000,9057.9,0.0690,4,0
57.0671,0.954460,60.000428,-0.003108,0.0000,1.0000,9056.0,0.0673,4,0
57.0921,0.954460,60.000430,-0.003098,0.0000,1.0000,9053.5,0.0658,4,0
57.1189,0.954460,60.000431,-0.003088,0.0000,1.0000,9046.5,0.0646,4,0
57.1445,0.954460,60.000432,-0.003078,0.0000,1.0000,9044.2,0.0637,4,0
57.1701,0.954460,60.000433,-0.003068,0.0000,1.0000,9043.9,0.0634,4,0
57.1960,0.955825,60.000435,-0.003058,0.0000,1.0000,9041.4,0.0637,4,0
57.2210,0.955825,60.000436,-0.003048,0.0000,1.0000,9042.5,0.0648,4,0
57.2469,0.955825,60.000437,-0.003038,0.0000,1.0000,9041.0,0.0664,4,0
57.2694,0.955825,60.000439,-0.003028,0.0000,1.0000,9049.0,0.0685,4,0
57.2941,0.955825,60.000440,-0.003018,0.0000,1.0000,9048.0,0.0711,4,0
57.3176,0.955825,60.000441,-0.003008,0.0000,1.0000,9049.2,0.0737,4,0
57.3408,0.955825,60.000442,-0.002998,0.0000,1.0000,9048.4,0.0762,4,0
57.3630,0.955825,60.000443,-0.002987,0.0000,1.0000,9047.0,0.0785,4,0
57.3857,0.955825,60.000444,-0.002977,0.0000,1.0000,9045.6,0.0802,4,0
57.4105,0.955825,60.000445,-0.002967,0.0000,1.0000,9037.7,0.0816,4,0
57.4313,0.957194,60.000446,-0.002957,0.0000,1.0000,9046.3,0.0826,4,0
57.4549,0.957194,60.000447,-0.002947,0.0000,1.0000,9039.3,0.0835,4,0
57.4813,0.957194,60.000448,-0.002937,0.0000,1.0000,9021.7,0.0844,4,0
57.5090,0.957194,60.000449,-0.002927,0.0000,1.0000,9006.6,0.0849,4,0
57.5301,0.957194,60.000450,-0.002917,0.0000,1.0000,9012.3,0.0854,4,0
57.5492,0.957194,60.000451,-0.002906,0.0000,1.0000,9009.9,0.0857,4,0
57.5688,0.957194,60.000452,-0.002896,0.0000,1.0000,9012.4,0.0858,4,0
57.5905,0.957194,60.000452,-0.002886,0.0000,1.0000,9017.7,0.0856,4,0
57.6118,0.957194,60.000453,-0.002876,0.0000,1.0000,9026.8,0.0856,4,0
57.6370,0.957194,60.000454,-0.002866,0.0000,1.0000,9028.1,0.0860,4,0
57.6646,0.958565,60.000455,-0.002855,0.0000,1.0000,9029.3,0.0869,4,0
57.6871,0.958565,60.000456,-0.002845,0.0000,1.0000,9039.9,0.0882,4,0
57.7071,0.958565,60.000456,-0.002835,0.0000,1.0000,9049.4,0.0893,4,0
57.7271,0.958565,60.000457,-0.002825,0.0000,1.0000,9051.0,0.0903,4,0
57.7530,0.958565,60.000458,-0.002815,0.0000,1.0000,9044.7,0.0915,4,0
57.7750,0.958565,60.000458,-0.002804,0.0000,1.0000,9047.3,0.0927,4,0
57.7961,0.958565,60.000458,-0.002794,0.0000,1.0000,9049.1,0.0937,4,0
57.8161,0.958565,60.000459,-0.002784,0.0000,1.0000,9057.7,0.0944,4,0
57.8402,0.958565,60.000459,-0.002773,0.0000,1.0000,9054.7,0.0950,4,0
57.8561,0.958565,60.000459,-0.002763,0.0000,1.0000,9076.8,0.0954,4,0
57.8767,0.959938,60.000459,-0.002753,0.0000,1.0000,9074.2,0.0954,4,0
57.8972,0.959938,60.000459,-0.002743,0.0000,1.0000,9079.4,0.0947,4,0
57.9138,0.959938,60.000460,-0.002732,0.0000,1.0000,9095.2,0.0939,4,0
57.9297,0.959938,60.000460,-0.002722,0.0000,1.0000,9113.7,0.0928,4,0
57.9537,0.959938,60.000460,-0.002712,0.0000,1.0000,9099.9,0.0913,4,0
57.9760,0.959938,60.000461,-0.002701,0.0000,1.0000,9101.7,0.0895,4,0
57.9912,0.959938,60.000462,-0.002691,0.0000,1.0000,9122.3,0.0877,4,0
58.0070,0.959938,60.000463,-0.002681,0.0000,1.0000,9132.5,0.0853,4,0
58.0320,0.959938,60.000464,-0.002670,0.0000,1.0000,9120.2,0.0826,4,0
58.0500,0.959938,60.000465,-0.002660,0.0000,1.0000,9122.3,0.0799,4,0
58.0638,0.961302,60.000466,-0.002649,0.0000,1.0000,9145.8,0.0769,4,0
58.0836,0.961302,60.000467,-0.002639,0.0000,1.0000,9147.4,0.0739,4,0
58.1060,0.961302,60.000468,-0.002629,0.0000,1.0000,9145.8,0.0712,4,0
58.1173,0.961302,60.000469,-0.002618,0.0000,1.0000,9179.1,0.0691,4,0
58.1316,0.961302,60.000470,-0.002608,0.0000,1.0000,9204.2,0.0682,4,0
58.1520,0.961302,60.000470,-0.002598,0.0000,1.0000,9209.6,0.0681,4,0
58.1719,0.961302,60.000471,-0.002587,0.0000,1.0000,9214.3,0.0691,4,0
58.1885,0.961302,60.000471,-0.002577,0.0000,1.0000,9227.1,0.0712,4,0
58.2066,0.961302,60.000471,-0.002566,0.0000,1.0000,9231.9,0.0740,4,0
58.2240,0.961302,60.000472,-0.002556,0.0000,1.0000,9230.1,0.0773,4,0
58.2374,0.962694,60.000472,-0.002546,0.0000,1.0000,9236.2,0.0807,4,0
58.2506,0.962694,60.000472,-0.002535,0.0000,1.0000,9244.3,0.0841,4,0
58.2657,0.962694,60.000472,-0.002525,0.0000,1.0000,9243.3,0.0868,4,0
58.2794,0.962694,60.000473,-0.002514,0.0000,1.0000,9246.7,0.0889,4,0
58.2876,0.962694,60.000473,-0.002504,0.0000,1.0000,9222.6,0.0905,4,0
58.2744,0.962694,60.000473,-0.002493,0.0000,1.0000,9172.6,0.0916,4,0
58.2533,0.962694,60.000473,-0.002483,0.0000,1.0000,9122.9,0.0920,4,0
58.2283,0.962694,60.000473,-0.002472,0.0000,1.0000,9073.4,0.0922,4,0
58.2025,0.962694,60.000473,-0.002462,0.0000,1.0000,8812.5,0.0924,5,0
58.2230,0.962694,60.000473,-0.002452,0.0000,1.0000,7993.7,0.0924,5,0
58.2450,0.964105,60.000473,-0.002441,0.0000,1.0000,8002.5,0.0924,5,0
58.2661,0.964105,60.000473,-0.002431,0.0000,1.0000,8001.0,0.0928,5,0
58.2879,0.964105,60.000473,-0.002420,0.0000,1.0000,8001.2,0.0935,5,0
58.3073,0.964105,60.000473,-0.002410,0.0000,1.0000,8011.6,0.0946,5,0
58.3270,0.964105,60.000473,-0.002399,0.0000,1.0000,8016.6,0.0962,5,0
58.3484,0.964105,60.000473,-0.002389,0.0000,1.0000,8013.9,0.0983,5,0
58.3696,0.964105,60.000473,-0.002378,0.0000,1.0000,8016.2,0.1009,5,0
58.3894,0.964105,60.000473,-0.002368,0.0000,1.0000,8018.8,0.1040,5,0
58.4112,0.964105,60.000473,-0.002357,0.0000,1.0000,8015.7,0.1078,5,0
58.4333,0.964105,60.000473,-0.002347,0.0000,1.0000,8013.1,0.1116,5,0
58.4534,0.965539,60.000473,-0.002336,0.0000,1.0000,8010.3,0.1154,5,0
58.4726,0.965539,60.000473,-0.002326,0.0000,1.0000,8007.5,0.1191,5,0
58.4909,0.965539,60.000473,-0.002315,0.0000,1.0000,8005.9,0.1224,5,0
58.5090,0.965539,60.000473,-0.002305,0.0000,1.0000,8008.1,0.1249,5,0
58.5259,0.965539,60.000473,-0.002294,0.0000,1.0000,8004.1,0.1266,5,0
58.5435,0.965539,60.000473,-0.002284,0.0000,1.0000,8003.0,0.1274,5,0
58.5592,0.965539,60.000473,-0.002273,0.0000,1.0000,8007.0,0.1271,5,0
58.5769,0.965539,60.000473,-0.002263,0.0000,1.0000,8001.7,0.1255,5,0
58.5930,0.965539,60.000473,-0.002252,0.0000,1.0000,8000.1,0.1229,5,0
58.6085,0.965539,60.000473,-0.002242,0.0000,1.0000,8004.6,0.1197,5,0
58.6242,0.966998,60.000473,-0.002231,0.0000,1.0000,8007.0,0.1157,5,0
58.6398,0.966998,60.000473,-0.002221,0.0000,1.0000,8006.6,0.1111,5,0
58.6543,0.966998,60.000473,-0.002210,0.0000,1.0000,8012.7,0.1063,5,0
58.6644,0.966998,60.000473,-0.002200,0.0000,1.0000,8020.3,0.1013,5,0
58.6743,0.966998,60.000473,-0.002189,0.0000,1.0000,8027.2,0.0960,5,0
58.6852,0.966998,60.000473,-0.002179,0.0000,1.0000,8037.3,0.0912,5,0
58.6992,0.966998,60.000472,-0.002168,0.0000,1.0000,8045.2,0.0873,5,0
58.7162,0.966998,60.000472,-0.002157,0.0000,1.0000,8050.2,0.0844,5,0
58.7303,0.966998,60.000472,-0.002147,0.0000,1.0000,8065.0,0.0823,5,0
58.7452,0.966998,60.000472,-0.002136,0.0000,1.0000,8080.1,0.0813,5,0
58.7629,0.968472,60.000471,-0.002126,0.0000,1.0000,8086.9,0.0813,5,0
58.7802,0.968472,60.000471,-0.002115,0.0000,1.0000,8094.3,0.0823,5,0
58.7956,0.968472,60.000471,-0.002105,0.0000,1.0000,8104.3,0.0842,5,0
58.8146,0.968472,60.000470,-0.002094,0.0000,1.0000,8103.6,0.0869,5,0
58.8357,0.968472,60.000470,-0.002084,0.0000,1.0000,8096.3,0.0901,5,0
58.8531,0.968472,60.000470,-0.002073,0.0000,1.0000,8097.0,0.0939,5,0
58.8715,0.968472,60.000469,-0.002063,0.0000,1.0000,8096.4,0.0984,5,0
58.8918,0.968472,60.000468,-0.002052,0.0000,1.0000,8091.4,0.1032,5,0
58.9093,0.968472,60.000468,-0.002042,0.0000,1.0000,8088.8,0.1081,5,0
58.9270,0.968472,60.000467,-0.002031,0.0000,1.0000,8084.5,0.1130,5,0
58.9428,0.969992,60.000467,-0.002020,0.0000,1.0000,8084.8,0.1175,5,0
58.9590,0.969992,60.000467,-0.002010,0.0000,1.0000,8082.6,0.1214,5,0
58.9753,0.969992,60.000466,-0.001999,0.0000,1.0000,8079.2,0.1244,5,0
58.9918,0.969992,60.000465,-0.001989,0.0000,1.0000,8076.7,0.1269,5,0
59.0088,0.969992,60.000465,-0.001978,0.0000,1.0000,8074.8,0.1286,5,0
59.0261,0.969992,60.000464,-0.001968,0.0000,1.0000,8075.2,0.1298,5,0
59.0446,0.969992,60.000464,-0.001957,0.0000,1.0000,8071.6,0.1306,5,0
59.0628,0.969992,60.000463,-0.001947,0.0000,1.0000,8072.0,0.1312,5,0
59.0789,0.969992,60.000462,-0.001936,0.0000,1.0000,8079.6,0.1318,5,0
59.0944,0.969992,60.000462,-0.001926,0.0000,1.0000,8087.9,0.1324,5,0
59.1118,0.971476,60.000461,-0.001915,0.0000,1.0000,8088.8,0.1333,5,0
59.1290,0.971476,60.000460,-0.001904,0.0000,1.0000,8092.1,0.1343,5,0
59.1458,0.971476,60.000459,-0.001894,0.0000,1.0000,8094.7,0.1355,5,0
59.1630,0.971476,60.000459,-0.001883,0.0000,1.0000,8096.5,0.1371,5,0
59.1804,0.971476,60.000458,-0.001873,0.0000,1.0000,8098.9,0.1388,5,0
59.1972,0.971476,60.000457,-0.001862,0.0000,1.0000,8103.4,0.1406,5,0
59.2130,0.971476,60.000456,-0.001852,0.0000,1.0000,8107.8,0.1428,5,0
59.2295,0.971476,60.000456,-0.001841,0.0000,1.0000,8112.1,0.1456,5,0
59.2470,0.971476,60.000455,-0.001831,0.0000,1.0000,8113.0,0.1485,5,0
59.2654,0.971476,60.000454,-0.001820,0.0000,1.0000,8108.1,0.1517,5,0
59.2825,0.972965,60.000453,-0.001810,0.0000,1.0000,8107.5,0.1553,5,0
59.2978,0.972965,60.000452,-0.001799,0.0000,1.0000,8109.7,0.1589,5,0
59.3137,0.972965,60.000452,-0.001788,0.0000,1.0000,8105.6,0.1619,5,0
59.3280,0.972965,60.000451,-0.001778,0.0000,1.0000,8103.3,0.1647,5,0
59.3392,0.972965,60.000450,-0.001767,0.0000,1.0000,8105.3,0.1669,5,0
59.3508,0.972965,60.000449,-0.001757,0.0000,1.0000,8108.1,0.1676,5,0
59.3631,0.972965,60.000449,-0.001746,0.0000,1.0000,8104.7,0.1673,5,0
59.3762,0.972965,60.000448,-0.001736,0.0000,1.0000,8104.3,0.1659,5,0
59.3900,0.972965,60.000447,-0.001725,0.0000,1.0000,8100.4,0.1630,5,0
59.4015,0.972965,60.000447,-0.001715,0.0000,1.0000,8104.6,0.1591,5,0
59.4143,0.974458,60.000446,-0.001704,0.0000,1.0000,8107.5,0.1540,5,0
59.4275,0.974458,60.000445,-0.001694,0.0000,1.0000,8111.6,0.1484,5,0
59.4406,0.974458,60.000444,-0.001683,0.0000,1.0000,8119.1,0.1421,5,0
59.4551,0.974458,60.000444,-0.001673,0.0000,1.0000,8121.2,0.1356,5,0
59.4691,0.974458,60.000443,-0.001662,0.0000,1.0000,8126.3,0.1291,5,0
59.4817,0.974458,60.000442,-0.001652,0.0000,1.0000,8130.6,0.1229,5,0
59.4966,0.974458,60.000441,-0.001641,0.0000,1.0000,8133.9,0.1173,5,0
59.5106,0.974458,60.000441,-0.001631,0.0000,1.0000,8136.8,0.1129,5,0
59.5223,0.974458,60.000440,-0.001620,0.0000,1.0000,8139.7,0.1097,5,0
59.5371,0.974458,60.000439,-0.001610,0.0000,1.0000,8142.6,0.1080,5,0
59.5492,0.975957,60.000438,-0.001599,0.0000,1.0000,8154.0,0.1078,5,0
59.5645,0.975957,60.000437,-0.001589,0.0000,1.0000,8145.7,0.1089,5,0
59.5747,0.975957,60.000437,-0.001578,0.0000,1.0000,8157.7,0.1110,5,0
59.5924,0.975957,60.000436,-0.001568,0.0000,1.0000,8162.7,0.1137,5,0
59.6005,0.975957,60.000435,-0.001557,0.0000,1.0000,8195.7,0.1164,5,0
59.6170,0.975957,60.000434,-0.001547,0.0000,1.0000,8200.0,0.1201,5,0
59.6344,0.975957,60.000433,-0.001536,0.0000,1.0000,8204.6,0.1241,5,0
59.6450,0.975957,60.000431,-0.001526,0.0000,1.0000,8239.2,0.1282,5,0
59.6719,0.975957,60.000430,-0.001515,0.0000,1.0000,8208.5,0.1330,5,0
59.6807,0.975957,60.000429,-0.001505,0.0000,1.0000,8241.3,0.1374,5,0
59.6961,0.977508,60.000428,-0.001494,0.0000,1.0000,8248.5,0.1425,5,0
59.7139,0.977508,60.000427,-0.001484,0.0000,1.0000,8246.1,0.1477,5,0
59.7292,0.977508,60.000425,-0.001473,0.0000,1.0000,8258.5,0.1528,5,0
59.7401,0.977508,60.000424,-0.001463,0.0000,1.0000,8285.3,0.1582,5,0
59.7543,0.977508,60.000423,-0.001452,0.0000,1.0000,8299.1,0.1636,5,0
59.7747,0.977508,60.000422,-0.001442,0.0000,1.0000,8291.3,0.1695,5,0
59.7940,0.977508,60.000420,-0.001431,0.0000,1.0000,8283.2,0.1751,5,0
59.8074,0.977508,60.000419,-0.001421,0.0000,1.0000,8291.0,0.1801,5,0
59.8297,0.977508,60.000418,-0.001410,0.0000,1.0000,8268.9,0.1851,5,0
59.8548,0.977508,60.000417,-0.001400,0.0000,1.0000,8237.9,0.1905,5,0
59.8782,0.979022,60.000415,-0.001390,0.0000,1.0000,8211.1,0.1958,5,0
59.9008,0.979022,60.000414,-0.001379,0.0000,1.0000,8194.3,0.2008,5,0
59.9285,0.979022,60.000413,-0.001369,0.0000,1.0000,8156.3,0.2048,5,0
59.9495,0.979022,60.000411,-0.001358,0.0000,1.0000,8140.4,0.2074,5,0
59.9661,0.979022,60.000410,-0.001348,0.0000,1.0000,8140.1,0.2090,5,0
59.9840,0.979022,60.000409,-0.001337,0.0000,1.0000,8135.4,0.2098,5,0
59.9999,0.979022,60.000407,-0.001327,0.0000,1.0000,8133.1,0.2094,5,0
60.0156,0.979022,60.000406,-0.001316,0.0000,1.0000,8125.8,0.2075,5,0
60.0293,0.979022,60.000405,-0.001306,0.0000,1.0000,8123.0,0.2046,5,0
60.0435,0.979022,60.000404,-0.001296,0.0000,1.0000,8116.4,0.2013,5,0
60.0600,0.980540,60.000402,-0.001285,0.0000,1.0000,8103.1,0.1971,5,0
60.0801,0.980540,60.000401,-0.001275,0.0000,1.0000,8077.5,0.1922,5,0
60.1017,0.980540,60.000400,-0.001264,0.0000,1.0000,8054.1,0.1879,5,0
60.1206,0.980540,60.000398,-0.001254,0.0000,1.0000,8045.0,0.1832,5,0
60.1347,0.980540,60.000397,-0.001243,0.0000,1.0000,8050.5,0.1780,5,0
60.1495,0.980540,60.000395,-0.001233,0.0000,1.0000,8050.9,0.1733,5,0
60.1647,0.980540,60.000394,-0.001223,0.0000,1.0000,8052.0,0.1686,5,0
60.1780,0.980540,60.000392,-0.001212,0.0000,1.0000,8064.5,0.1633,5,0
60.1923,0.980540,60.000390,-0.001202,0.0000,1.0000,8074.0,0.1582,5,0
60.2086,0.980540,60.000388,-0.001191,0.0000,1.0000,8073.6,0.1530,5,0
60.2248,0.982056,60.000387,-0.001181,0.0000,1.0000,8080.4,0.1476,5,0
60.2381,0.982056,60.000385,-0.001171,0.0000,1.0000,8092.1,0.1418,5,0
60.2538,0.982056,60.000383,-0.001160,0.0000,1.0000,8097.5,0.1363,5,0
60.2698,0.982056,60.000382,-0.001150,0.0000,1.0000,8106.1,0.1306,5,0
60.2860,0.982056,60.000380,-0.001139,0.0000,1.0000,8118.4,0.1247,5,0
60.3029,0.982056,60.000379,-0.001129,0.0000,1.0000,8125.0,0.1187,5,0
60.3217,0.982056,60.000377,-0.001119,0.0000,1.0000,8127.8,0.1130,5,0
60.3391,0.982056,60.000376,-0.001108,0.0000,1.0000,8137.9,0.1074,5,0
60.3555,0.982056,60.000374,-0.001098,0.0000,1.0000,8151.4,0.1024,5,0
60.3717,0.982056,60.000373,-0.001088,0.0000,1.0000,8166.4,0.0985,5,0
60.3855,0.983607,60.000372,-0.001077,0.0000,1.0000,8194.1,0.0957,5,0
60.3977,0.983607,60.000370,-0.001067,0.0000,1.0000,8226.9,0.0941,5,0
60.4127,0.983607,60.000369,-0.001057,0.0000,1.0000,8242.0,0.0939,5,0
60.4273,0.983607,60.000367,-0.001046,0.0000,1.0000,8260.1,0.0954,5,0
60.4426,0.983607,60.000366,-0.001036,0.0000,1.0000,8272.8,0.0977,5,0
60.4569,0.983607,60.000364,-0.001025,0.0000,1.0000,8283.1,0.1010,5,0
60.4725,0.983607,60.000362,-0.001015,0.0000,1.0000,8286.2,0.1052,5,0
60.4899,0.983607,60.000360,-0.001005,0.0000,1.0000,8280.3,0.1099,5,0
60.5053,0.983607,60.000358,-0.000995,0.0000,1.0000,8281.1,0.1148,5,0
60.5194,0.983607,60.000356,-0.000984,0.0000,1.0000,8284.3,0.1201,5,0
60.5340,0.985091,60.000355,-0.000974,0.0000,1.0000,8282.6,0.1252,5,0
60.5476,0.985091,60.000353,-0.000964,0.0000,1.0000,8282.6,0.1297,5,0
60.5577,0.985091,60.000351,-0.000953,0.0000,1.0000,8289.2,0.1336,5,0
60.5678,0.985091,60.000349,-0.000943,0.0000,1.0000,8295.8,0.1369,5,0
60.5808,0.985091,60.000347,-0.000933,0.0000,1.0000,8296.9,0.1390,5,0
60.5909,0.985091,60.000345,-0.000923,0.0000,1.0000,8307.4,0.1404,5,0
60.6018,0.985091,60.000343,-0.000912,0.0000,1.0000,8315.6,0.1411,5,0
60.6140,0.985091,60.000341,-0.000902,0.0000,1.0000,8323.1,0.1412,5,0
60.6272,0.985091,60.000339,-0.000892,0.0000,1.0000,8327.2,0.1405,5,0
60.6388,0.985091,60.000338,-0.000882,0.0000,1.0000,8335.2,0.1392,5,0
60.6525,0.986553,60.000336,-0.000871,0.0000,1.0000,8339.5,0.1375,5,0
60.6686,0.986553,60.000334,-0.000861,0.0000,1.0000,8336.7,0.1353,5,0
60.6824,0.986553,60.000332,-0.000851,0.0000,1.0000,8339.1,0.1324,5,0
60.6971,0.986553,60.000330,-0.000841,0.0000,1.0000,8341.9,0.1295,5,0
60.7127,0.986553,60.000328,-0.000830,0.0000,1.0000,8339.8,0.1261,5,0
60.7286,0.986553,60.000326,-0.000820,0.0000,1.0000,8338.0,0.1224,5,0
60.7422,0.986553,60.000324,-0.000810,0.0000,1.0000,8340.4,0.1186,5,0
60.7567,0.986553,60.000323,-0.000800,0.0000,1.0000,8340.1,0.1149,5,0
60.7722,0.986553,60.000321,-0.000790,0.0000,1.0000,8336.3,0.1108,5,0
60.7859,0.986553,60.000319,-0.000780,0.0000,1.0000,8336.3,0.1068,5,0
60.7993,0.988014,60.000317,-0.000770,0.0000,1.0000,8339.7,0.1029,5,0
60.8161,0.988014,60.000315,-0.000759,0.0000,1.0000,8334.4,0.0985,5,0
60.8317,0.988014,60.000314,-0.000749,0.0000,1.0000,8334.6,0.0940,5,0
60.8458,0.988014,60.000312,-0.000739,0.0000,1.0000,8341.2,0.0896,5,0
60.8620,0.988014,60.000310,-0.000729,0.0000,1.0000,8342.3,0.0853,5,0
60.8804,0.988014,60.000308,-0.000719,0.0000,1.0000,8336.7,0.0807,5,0
60.8976,0.988014,60.000305,-0.000709,0.0000,1.0000,8336.5,0.0767,5,0
60.9141,0.988014,60.000303,-0.000699,0.0000,1.0000,8340.3,0.0732,5,0
60.9328,0.988014,60.000300,-0.000689,0.0000,1.0000,8335.0,0.0700,5,0
60.9510,0.988014,60.000298,-0.000679,0.0000,1.0000,8331.8,0.0673,5,0
60.9683,0.989488,60.000296,-0.000668,0.0000,1.0000,8334.4,0.0651,5,0
60.9849,0.989488,60.000293,-0.000658,0.0000,1.0000,8334.5,0.0631,5,0
61.0044,0.989488,60.000291,-0.000648,0.0000,1.0000,8329.4,0.0610,5,0
61.0196,0.989488,60.000288,-0.000638,0.0000,1.0000,8332.9,0.0591,5,0
61.0351,0.989488,60.000286,-0.000628,0.0000,1.0000,8336.3,0.0570,5,0
61.0535,0.989488,60.000284,-0.000618,0.0000,1.0000,8334.3,0.0547,5,0
61.0716,0.989488,60.000281,-0.000608,0.0000,1.0000,8334.0,0.0524,5,0
61.0922,0.989488,60.000279,-0.000598,0.0000,1.0000,8328.5,0.0504,5,0
61.1113,0.989488,60.000277,-0.000588,0.0000,1.0000,8325.0,0.0485,5,0
61.1302,0.989488,60.000275,-0.000578,0.0000,1.0000,8326.7,0.0471,5,0
61.1485,0.990968,60.000272,-0.000568,0.0000,1.0000,8323.2,0.0465,5,0
61.1684,0.990968,60.000270,-0.000558,0.0000,1.0000,8315.1,0.0464,5,0
61.1858,0.990968,60.000268,-0.000548,0.0000,1.0000,8316.5,0.0470,5,0
61.2033,0.990968,60.000265,-0.000538,0.0000,1.0000,8314.4,0.0479,5,0
61.2227,0.990968,60.000263,-0.000528,0.0000,1.0000,8308.0,0.0493,5,0
61.2447,0.990968,60.000261,-0.000518,0.0000,1.0000,8291.5,0.0507,5,0
61.2645,0.990968,60.000258,-0.000508,0.0000,1.0000,8284.2,0.0520,5,0
61.2876,0.990968,60.000256,-0.000498,0.0000,1.0000,8265.6,0.0535,5,0
61.3086,0.990968,60.000254,-0.000488,0.0000,1.0000,8255.7,0.0548,5,0
61.3276,0.990968,60.000251,-0.000479,0.0000,1.0000,8254.6,0.0560,5,0
61.3466,0.992455,60.000249,-0.000469,0.0000,1.0000,8252.9,0.0570,5,0
61.3647,0.992455,60.000247,-0.000459,0.0000,1.0000,8258.2,0.0579,5,0
61.3849,0.992455,60.000245,-0.000449,0.0000,1.0000,8255.6,0.0586,5,0
61.4044,0.992455,60.000242,-0.000439,0.0000,1.0000,8258.1,0.0592,5,0
61.4247,0.992455,60.000240,-0.000429,0.0000,1.0000,8261.2,0.0598,5,0
61.4446,0.992455,60.000237,-0.000419,0.0000,1.0000,8263.3,0.0605,5,0
61.4664,0.992455,60.000235,-0.000409,0.0000,1.0000,8260.5,0.0615,5,0
61.4879,0.992455,60.000232,-0.000399,0.0000,1.0000,8261.6,0.0629,5,0
61.5050,0.992455,60.000230,-0.000390,0.0000,1.0000,8273.1,0.0646,5,0
61.5243,0.992455,60.000227,-0.000380,0.0000,1.0000,8280.0,0.0666,5,0
61.5465,0.993945,60.000224,-0.000370,0.0000,1.0000,8278.2,0.0688,5,0
61.5672,0.993945,60.000222,-0.000360,0.0000,1.0000,8280.5,0.0710,5,0
61.5826,0.993945,60.000219,-0.000350,0.0000,1.0000,8294.9,0.0729,5,0
61.6023,0.993945,60.000217,-0.000340,0.0000,1.0000,8299.3,0.0747,5,0
61.6215,0.993945,60.000214,-0.000331,0.0000,1.0000,8300.6,0.0761,5,0
61.6393,0.993945,60.000212,-0.000321,0.0000,1.0000,8300.8,0.0766,5,0
61.6580,0.993945,60.000209,-0.000311,0.0000,1.0000,8303.1,0.0763,5,0
61.6753,0.993945,60.000207,-0.000301,0.0000,1.0000,8302.6,0.0752,5,0
61.6917,0.993945,60.000204,-0.000291,0.0000,1.0000,8307.0,0.0729,5,0
61.7114,0.993945,60.000202,-0.000282,0.0000,1.0000,8303.2,0.0699,5,0
61.7335,0.995446,60.000200,-0.000272,0.0000,1.0000,8288.6,0.0661,5,0
61.7532,0.995446,60.000197,-0.000262,0.0000,1.0000,8289.2,0.0619,5,0
61.7714,0.995446,60.000195,-0.000252,0.0000,1.0000,8297.7,0.0579,5,0
61.7916,0.995446,60.000192,-0.000243,0.0000,1.0000,8294.9,0.0539,5,0
61.8094,0.995446,60.000190,-0.000233,0.0000,1.0000,8301.3,0.0505,5,0
61.8275,0.995446,60.000187,-0.000223,0.0000,1.0000,8307.5,0.0478,5,0
61.8460,0.995446,60.000185,-0.000213,0.0000,1.0000,8310.6,0.0457,5,0
61.8641,0.995446,60.000182,-0.000204,0.0000,1.0000,8313.2,0.0443,5,0
61.8830,0.995446,60.000180,-0.000194,0.0000,1.0000,8316.6,0.0433,5,0
61.9011,0.995446,60.000177,-0.000184,0.0000,1.0000,8321.3,0.0428,5,0
61.9200,0.996960,60.000174,-0.000175,0.0000,1.0000,8320.2,0.0425,5,0
61.9397,0.996960,60.000172,-0.000165,0.0000,1.0000,8319.3,0.0422,5,0
61.9593,0.996960,60.000169,-0.000155,0.0000,1.0000,8321.9,0.0421,5,0
61.9773,0.996960,60.000167,-0.000145,0.0000,1.0000,8326.5,0.0416,5,0
61.9970,0.996960,60.000164,-0.000136,0.0000,1.0000,8325.9,0.0410,5,0
62.0168,0.996960,60.000161,-0.000126,0.0000,1.0000,8328.0,0.0400,5,0
62.0349,0.996960,60.000158,-0.000116,0.0000,1.0000,8334.2,0.0384,5,0
62.0543,0.996960,60.000155,-0.000107,0.0000,1.0000,8332.8,0.0361,5,0
62.0740,0.996960,60.000152,-0.000097,0.0000,1.0000,8335.7,0.0336,5,0
62.0933,0.996960,60.000149,-0.000088,0.0000,1.0000,8339.1,0.0306,5,0
62.1122,0.998476,60.000146,-0.000078,0.0000,1.0000,8342.5,0.0275,5,0
62.1330,0.998476,60.000143,-0.000068,0.0000,1.0000,8341.4,0.0245,5,0
62.1545,0.998476,60.000140,-0.000059,0.0000,1.0000,8340.1,0.0219,5,0
62.1735,0.998476,60.000137,-0.000049,0.0000,1.0000,8346.3,0.0196,5,0
62.1946,0.998476,60.000134,-0.000039,0.0000,1.0000,8343.3,0.0179,5,0
62.2171,0.998476,60.000131,-0.000030,0.0000,1.0000,8338.4,0.0169,5,0
62.2374,0.998476,60.000129,-0.000020,0.0000,1.0000,8340.9,0.0164,5,0
62.2563,0.998476,60.000126,-0.000011,0.0000,1.0000,8345.5,0.0163,5,0
62.2795,0.998476,60.000123,-0.000001,0.0000,1.0000,8337.0,0.0168,5,0
62.3008,0.998476,60.000121,0.000008,0.0000,1.0000,8338.0,0.0176,5,0
62.3197,1.000000,60.000118,0.000018,0.0000,1.0000,8345.7,0.0184,5,0
62.3396,1.000000,60.000115,0.000027,0.0000,1.0000,8346.9,0.0194,5,0
62.3637,1.000000,60.000112,0.000037,0.0000,1.0000,8338.8,0.0202,5,0
62.3813,1.000000,60.000110,0.000047,0.0000,1.0000,8344.6,0.0211,5,0
62.3981,1.000000,60.000107,0.000056,0.0000,1.0000,8352.2,0.0216,5,0