Speed,LapDistPct,Lat,Lon,Brake,Throttle,RPM,SteeringWheelAngle,Gear,OffAsphalt
59.2625,0.000000,60.000072,0.000177,0.0000,1.0000,8212.5,0.0555,5,0
59.2998,0.000146,60.000069,0.000186,0.0000,1.0000,8186.0,0.0526,5,0
59.3096,0.000293,60.000067,0.000195,0.0000,1.0000,8194.7,0.0517,5,0
59.3235,0.000439,60.000064,0.000204,0.0000,1.0000,8200.1,0.0493,5,0
59.3357,0.000586,60.000062,0.000213,0.0000,1.0000,8230.5,0.0479,5,0
59.3650,0.000732,60.000059,0.000222,0.0000,1.0000,8186.7,0.0454,5,0
59.3750,0.000879,60.000056,0.000231,0.0000,1.0000,8224.2,0.0460,5,0
59.3884,0.001025,60.000054,0.000240,0.0000,1.0000,8235.0,0.0427,5,0
59.3977,0.001172,60.000051,0.000249,0.0000,1.0000,8266.1,0.0397,5,0
59.4177,0.001319,60.000049,0.000257,0.0000,1.0000,8266.9,0.0402,5,0
59.4390,0.001465,60.000046,0.000266,0.0000,1.0000,8262.6,0.0371,5,0
59.4588,0.001612,60.000043,0.000275,0.0000,1.0000,8247.9,0.0325,5,0
59.4784,0.001759,60.000040,0.000284,0.0000,1.0000,8260.7,0.0309,5,0
59.5111,0.001906,60.000037,0.000293,0.0000,1.0000,8231.1,0.0273,5,0
59.5308,0.002053,60.000034,0.000302,0.0000,1.0000,8238.3,0.0247,5,0
59.5564,0.002200,60.000031,0.000310,0.0000,1.0000,8223.5,0.0218,5,0
59.5704,0.002347,60.000027,0.000319,0.0000,1.0000,8220.9,0.0183,5,0
59.6078,0.002494,60.000024,0.000328,0.0000,1.0000,8186.4,0.0173,5,0
59.6313,0.002641,60.000021,0.000337,0.0000,1.0000,8167.1,0.0153,5,0
59.6467,0.002789,60.000018,0.000346,0.0000,1.0000,8151.5,0.0123,5,0
59.6774,0.002936,60.000015,0.000355,0.0000,1.0000,8141.7,0.0109,5,0
59.6995,0.003083,60.000011,0.000363,0.0000,1.0000,8154.7,0.0104,5,0
59.7201,0.003231,60.000008,0.000372,0.0000,1.0000,8156.8,0.0097,5,0
59.7323,0.003378,60.000004,0.000381,0.0000,1.0000,8182.5,0.0083,5,0
59.7592,0.003526,60.000001,0.000390,0.0000,1.0000,8163.4,0.0078,5,0
59.7917,0.003673,59.999997,0.000399,0.0000,1.0000,8118.1,0.0073,5,0
59.8120,0.003821,59.999994,0.000407,0.0000,1.0000,8111.4,0.0056,5,0
59.8360,0.003969,59.999991,0.000416,0.0000,1.0000,8105.0,0.0050,5,0
59.8567,0.004116,59.999987,0.000425,0.0000,1.0000,8100.9,0.0039,5,0
59.8813,0.004264,59.999983,0.000434,0.0000,1.0000,8096.0,0.0016,5,0
59.8991,0.004412,59.999980,0.000442,0.0000,1.0000,8090.4,0.0000,5,0
59.9233,0.004560,59.999977,0.000451,0.0000,1.0000,8084.9,-0.0026,5,0
59.9427,0.004708,59.999974,0.000460,0.0000,1.0000,8090.5,-0.0048,5,0
59.9649,0.004856,59.999971,0.000469,0.0000,1.0000,8099.4,-0.0070,5,0
59.9874,0.005004,59.999968,0.000477,0.0000,1.0000,8074.0,-0.0095,5,0
60.0132,0.005152,59.999965,0.000486,0.0000,1.0000,8063.7,-0.0116,5,0
60.0329,0.005301,59.999962,0.000495,0.0000,1.0000,8060.5,-0.0132,5,0
60.0584,0.005449,59.999959,0.000504,0.0000,1.0000,8049.9,-0.0133,5,0
60.0770,0.005597,59.999956,0.000512,0.0000,1.0000,8073.6,-0.0134,5,0
60.1006,0.005745,59.999953,0.000521,0.0000,1.0000,8084.9,-0.0131,5,0
60.1045,0.005894,59.999950,0.000530,0.0000,1.0000,8149.3,-0.0120,5,0
60.1233,0.006042,59.999947,0.000539,0.0000,1.0000,8181.8,-0.0112,5,0
60.1422,0.006191,59.999944,0.000547,0.0000,1.0000,8177.5,-0.0107,5,0
60.1667,0.006339,59.999941,0.000556,0.0000,1.0000,8177.1,-0.0097,5,0
60.1938,0.006488,59.999938,0.000565,0.0000,1.0000,8160.5,-0.0080,5,0
60.2144,0.006637,59.999935,0.000574,0.0000,1.0000,8153.0,-0.0072,5,0
60.2364,0.006785,59.999932,0.000582,0.0000,1.0000,8151.3,-0.0068,5,0
60.2600,0.006934,59.999929,0.000591,0.0000,1.0000,8154.1,-0.0062,5,0
60.2783,0.007083,59.999926,0.000600,0.0000,1.0000,8173.1,-0.0041,5,0
60.2979,0.007232,59.999923,0.000609,0.0000,1.0000,8182.4,-0.0033,5,0
60.3219,0.007381,59.999920,0.000618,0.0000,1.0000,8174.2,-0.0029,5,0
60.3427,0.007529,59.999917,0.000626,0.0000,1.0000,8172.2,-0.0021,5,0
60.3651,0.007679,59.999914,0.000635,0.0000,1.0000,8176.0,-0.0017,5,0
60.3875,0.007828,59.999911,0.000644,0.0000,1.0000,8178.0,-0.0015,5,0
60.4078,0.007977,59.999908,0.000653,0.0000,1.0000,8188.2,-0.0013,5,0
60.4300,0.008126,59.999905,0.000662,0.0000,1.0000,8192.9,-0.0017,5,0
60.4515,0.008275,59.999902,0.000671,0.0000,1.0000,8200.3,-0.0024,5,0
60.4762,0.008424,59.999899,0.000679,0.0000,1.0000,8193.9,-0.0033,5,0
60.5014,0.008574,59.999896,0.000688,0.0000,1.0000,8184.2,-0.0044,5,0
60.5262,0.008723,59.999893,0.000697,0.0000,1.0000,8176.9,-0.0057,5,0
60.5517,0.008873,59.999890,0.000706,0.0000,1.0000,8165.0,-0.0069,5,0
60.5769,0.009022,59.999887,0.000715,0.0000,1.0000,8150.9,-0.0081,5,0
60.6016,0.009172,59.999883,0.000724,0.0000,1.0000,8140.1,-0.0091,5,0
60.6245,0.009321,59.999879,0.000733,0.0000,1.0000,8136.0,-0.0097,5,0
60.6477,0.009471,59.999876,0.000741,0.0000,1.0000,8130.1,-0.0101,5,0
60.6671,0.009621,59.999873,0.000750,0.0000,1.0000,8137.7,-0.0103,5,0
60.6880,0.009771,59.999869,0.000759,0.0000,1.0000,8140.1,-0.0101,5,0
60.7119,0.009921,59.999865,0.000768,0.0000,1.0000,8130.3,-0.0096,5,0
60.7312,0.010071,59.999862,0.000777,0.0000,1.0000,8136.6,-0.0091,5,0
60.7512,0.010221,59.999858,0.000786,0.0000,1.0000,8143.0,-0.0087,5,0
60.7770,0.010371,59.999855,0.000795,0.0000,1.0000,8127.0,-0.0083,5,0
60.7974,0.010521,59.999852,0.000804,0.0000,1.0000,8132.9,-0.0079,5,0
60.8167,0.010671,59.999849,0.000813,0.0000,1.0000,8145.2,-0.0077,5,0
60.8408,0.010821,59.999846,0.000822,0.0000,1.0000,8139.7,-0.0074,5,0
60.8638,0.010971,59.999843,0.000830,0.0000,1.0000,8138.1,-0.0071,5,0
60.8827,0.011122,59.999840,0.000839,0.0000,1.0000,8153.8,-0.0069,5,0
60.9042,0.011272,59.999837,0.000848,0.0000,1.0000,8160.0,-0.0069,5,0
60.9305,0.011422,59.999834,0.000857,0.0000,1.0000,8149.4,-0.0068,5,0
60.9512,0.011573,59.999831,0.000866,0.0000,1.0000,8158.0,-0.0066,5,0
60.9696,0.011723,59.999828,0.000875,0.0000,1.0000,8173.7,-0.0067,5,0
60.9929,0.011874,59.999825,0.000884,0.0000,1.0000,8170.9,-0.0069,5,0
61.0175,0.012024,59.999822,0.000893,0.0000,1.0000,8161.3,-0.0070,5,0
61.0355,0.012175,59.999819,0.000902,0.0000,1.0000,8174.9,-0.0072,5,0
61.0551,0.012326,59.999816,0.000911,0.0000,1.0000,8183.7,-0.0077,5,0
61.0768,0.012477,59.999813,0.000920,0.0000,1.0000,8182.1,-0.0080,5,0
61.0978,0.012627,59.999809,0.000929,0.0000,1.0000,8181.5,-0.0083,5,0
61.1166,0.012778,59.999806,0.000938,0.0000,1.0000,8190.8,-0.0086,5,0
61.1374,0.012929,59.999803,0.000947,0.0000,1.0000,8192.4,-0.0089,5,0
61.1620,0.013080,59.999800,0.000956,0.0000,1.0000,8180.0,-0.0091,5,0
61.1807,0.013231,59.999797,0.000965,0.0000,1.0000,8188.2,-0.0091,5,0
61.1999,0.013382,59.999794,0.000974,0.0000,1.0000,8197.9,-0.0092,5,0
61.2241,0.013533,59.999791,0.000983,0.0000,1.0000,8186.2,-0.0091,5,0
61.2447,0.013685,59.999787,0.000992,0.0000,1.0000,8188.4,-0.0089,5,0
61.2622,0.013836,59.999784,0.001001,0.0000,1.0000,8203.4,-0.0087,5,0
61.2839,0.013987,59.999780,0.001010,0.0000,1.0000,8203.1,-0.0084,5,0
61.3075,0.014139,59.999777,0.001019,0.0000,1.0000,8195.0,-0.0079,5,0
61.3260,0.014290,59.999774,0.001028,0.0000,1.0000,8207.7,-0.0075,5,0
61.3455,0.014441,59.999770,0.001037,0.0000,1.0000,8217.8,-0.0069,5,0
61.3700,0.014593,59.999767,0.001046,0.0000,1.0000,8209.1,-0.0062,5,0
61.3912,0.014744,59.999763,0.001055,0.0000,1.0000,8211.9,-0.0054,5,0
61.4097,0.014896,59.999760,0.001064,0.0000,1.0000,8227.2,-0.0047,5,0
61.4315,0.015048,59.999757,0.001073,0.0000,1.0000,8227.7,-0.0040,5,0
61.4557,0.015199,59.999754,0.001082,0.0000,1.0000,8218.5,-0.0031,5,0
61.4739,0.015351,59.999751,0.001091,0.0000,1.0000,8230.3,-0.0024,5,0
61.4931,0.015503,59.999748,0.001101,0.0000,1.0000,8239.4,-0.0017,5,0
61.5152,0.015655,59.999745,0.001110,0.0000,1.0000,8235.1,-0.0011,5,0
61.5364,0.015807,59.999742,0.001119,0.0000,1.0000,8233.1,-0.0007,5,0
61.5539,0.015959,59.999739,0.001128,0.0000,1.0000,8248.5,-0.0005,5,0
61.5751,0.016111,59.999736,0.001137,0.0000,1.0000,8248.3,-0.0004,5,0
61.5988,0.016263,59.999733,0.001146,0.0000,1.0000,8237.3,-0.0005,5,0
61.6166,0.016415,59.999730,0.001155,0.0000,1.0000,8249.2,-0.0009,5,0
61.6356,0.016567,59.999727,0.001164,0.0000,1.0000,8258.0,-0.0014,5,0
61.6584,0.016719,59.999724,0.001173,0.0000,1.0000,8248.9,-0.0021,5,0
61.6799,0.016871,59.999721,0.001182,0.0000,1.0000,8245.5,-0.0029,5,0
61.6969,0.017024,59.999718,0.001192,0.0000,1.0000,8262.3,-0.0037,5,0
61.7174,0.017176,59.999715,0.001201,0.0000,1.0000,8264.1,-0.0044,5,0
61.7406,0.017329,59.999712,0.001210,0.0000,1.0000,8254.2,-0.0052,5,0
61.7603,0.017481,59.999709,0.001219,0.0000,1.0000,8261.2,-0.0060,5,0
61.7780,0.017633,59.999706,0.001228,0.0000,1.0000,8274.4,-0.0067,5,0
61.8011,0.017786,59.999703,0.001237,0.0000,1.0000,8265.9,-0.0073,5,0
61.8229,0.017939,59.999700,0.001246,0.0000,1.0000,8264.7,-0.0078,5,0
61.8403,0.018091,59.999697,0.001255,0.0000,1.0000,8281.3,-0.0083,5,0
61.8609,0.018244,59.999694,0.001265,0.0000,1.0000,8285.1,-0.0087,5,0
61.8854,0.018397,59.999691,0.001274,0.0000,1.0000,8273.6,-0.0091,5,0
61.9049,0.018550,59.999688,0.001283,0.0000,1.0000,8283.3,-0.0095,5,0
61.9228,0.018703,59.999685,0.001292,0.0000,1.0000,8298.1,-0.0099,5,0
61.9461,0.018855,59.999682,0.001301,0.0000,1.0000,8290.1,-0.0103,5,0
61.9683,0.019008,59.999679,0.001310,0.0000,1.0000,8285.7,-0.0107,5,0
61.9854,0.019161,59.999676,0.001320,0.0000,1.0000,8301.8,-0.0112,5,0
62.0045,0.019314,59.999673,0.001329,0.0000,1.0000,8307.7,-0.0115,5,0
62.0252,0.019468,59.999670,0.001338,0.0000,1.0000,8306.3,-0.0119,5,0
62.0443,0.019621,59.999666,0.001347,0.0000,1.0000,8311.8,-0.0121,5,0
62.0630,0.019774,59.999663,0.001356,0.0000,1.0000,8317.4,-0.0121,5,0
62.0828,0.019927,59.999659,0.001365,0.0000,1.0000,8317.2,-0.0121,5,0
62.1031,0.020081,59.999656,0.001375,0.0000,1.0000,8316.2,-0.0118,5,0
62.1217,0.020234,59.999652,0.001384,0.0000,1.0000,8323.1,-0.0114,5,0
62.1412,0.020387,59.999648,0.001393,0.0000,1.0000,8325.6,-0.0108,5,0
62.1637,0.020541,59.999645,0.001402,0.0000,1.0000,8314.9,-0.0100,5,0
62.1834,0.020694,59.999641,0.001412,0.0000,1.0000,8318.7,-0.0091,5,0
62.2009,0.020848,59.999638,0.001421,0.0000,1.0000,8328.5,-0.0080,5,0
62.2230,0.021001,59.999634,0.001430,0.0000,1.0000,8320.5,-0.0068,5,0
62.2430,0.021155,59.999631,0.001439,0.0000,1.0000,8321.0,-0.0056,5,0
62.2596,0.021309,59.999628,0.001448,0.0000,1.0000,8336.8,-0.0043,5,0
62.2796,0.021463,59.999625,0.001458,0.0000,1.0000,8335.5,-0.0030,5,0
62.3019,0.021616,59.999622,0.001467,0.0000,1.0000,8326.3,-0.0017,5,0
62.3192,0.021770,59.999618,0.001476,0.0000,1.0000,8339.1,-0.0005,5,0
62.3364,0.021924,59.999615,0.001485,0.0000,1.0000,8349.8,0.0006,5,0
62.3594,0.022078,59.999612,0.001495,0.0000,1.0000,8338.2,0.0016,5,0
62.3790,0.022232,59.999609,0.001504,0.0000,1.0000,8341.7,0.0025,5,0
62.3954,0.022386,59.999606,0.001513,0.0000,1.0000,8357.3,0.0033,5,0
62.4160,0.022540,59.999603,0.001523,0.0000,1.0000,8354.6,0.0039,5,0
62.4374,0.022694,59.999600,0.001532,0.0000,1.0000,8350.7,0.0043,5,0
62.4551,0.022848,59.999597,0.001541,0.0000,1.0000,8362.8,0.0047,5,0
62.4731,0.023003,59.999594,0.001550,0.0000,1.0000,8370.6,0.0049,5,0
62.4958,0.023157,59.999591,0.001560,0.0000,1.0000,8360.3,0.0050,5,0
62.5152,0.023311,59.999588,0.001569,0.0000,1.0000,8365.8,0.0050,5,0
62.5312,0.023466,59.999585,0.001578,0.0000,1.0000,8382.4,0.0048,5,0
62.5526,0.023620,59.999582,0.001588,0.0000,1.0000,8375.8,0.0045,5,0
62.5745,0.023774,59.999579,0.001597,0.0000,1.0000,8369.6,0.0041,5,0
62.5909,0.023929,59.999576,0.001606,0.0000,1.0000,8385.4,0.0036,5,0
62.6095,0.024084,59.999573,0.001616,0.0000,1.0000,8389.2,0.0031,5,0
62.6321,0.024238,59.999570,0.001625,0.0000,1.0000,8379.1,0.0026,5,0
62.6508,0.024393,59.999567,0.001634,0.0000,1.0000,8385.1,0.0021,5,0
62.6666,0.024548,59.999564,0.001643,0.0000,1.0000,8400.9,0.0017,5,0
62.6877,0.024702,59.999561,0.001653,0.0000,1.0000,8394.2,0.0011,5,0
62.7093,0.024857,59.999558,0.001662,0.0000,1.0000,8387.6,0.0007,5,0
62.7259,0.025012,59.999554,0.001671,0.0000,1.0000,8401.1,0.0003,5,0
62.7439,0.025167,59.999551,0.001681,0.0000,1.0000,8406.9,-0.0002,5,0
62.7665,0.025322,59.999548,0.001690,0.0000,1.0000,8396.1,-0.0006,5,0
62.7853,0.025477,59.999545,0.001699,0.0000,1.0000,8402.0,-0.0012,5,0
62.8015,0.025632,59.999542,0.001709,0.0000,1.0000,8416.6,-0.0018,5,0
62.8226,0.025787,59.999539,0.001718,0.0000,1.0000,8411.1,-0.0025,5,0
62.8448,0.025942,59.999535,0.001727,0.0000,1.0000,8403.5,-0.0033,5,0
62.8611,0.026097,59.999532,0.001737,0.0000,1.0000,8417.5,-0.0041,5,0
62.8786,0.026252,59.999528,0.001746,0.0000,1.0000,8424.7,-0.0051,5,0
62.9001,0.026408,59.999525,0.001756,0.0000,1.0000,8417.0,-0.0060,5,0
62.9183,0.026563,59.999522,0.001765,0.0000,1.0000,8421.3,-0.0068,5,0
62.9343,0.026718,59.999518,0.001774,0.0000,1.0000,8433.4,-0.0078,5,0
62.9553,0.026874,59.999515,0.001784,0.0000,1.0000,8427.0,-0.0086,5,0
62.9762,0.027029,59.999511,0.001793,0.0000,1.0000,8422.5,-0.0092,5,0
62.9920,0.027185,59.999508,0.001802,0.0000,1.0000,8436.7,-0.0096,5,0
63.0109,0.027340,59.999505,0.001812,0.0000,1.0000,8439.4,-0.0099,5,0
63.0330,0.027496,59.999502,0.001821,0.0000,1.0000,8429.0,-0.0099,5,0
63.0508,0.027652,59.999499,0.001830,0.0000,1.0000,8436.6,-0.0097,5,0
63.0671,0.027807,59.999496,0.001840,0.0000,1.0000,8447.0,-0.0093,5,0
63.0885,0.027963,59.999492,0.001849,0.0000,1.0000,8439.3,-0.0086,5,0
63.1073,0.028119,59.999489,0.001859,0.0000,1.0000,8440.5,-0.0076,5,0
63.1219,0.028275,59.999486,0.001868,0.0000,1.0000,8454.9,-0.0064,5,0
63.1407,0.028430,59.999483,0.001877,0.0000,1.0000,8453.8,-0.0051,5,0
63.1621,0.028586,59.999480,0.001887,0.0000,1.0000,8443.1,-0.0036,5,0
63.1771,0.028742,59.999477,0.001896,0.0000,1.0000,8455.3,-0.0021,5,0
63.1945,0.028898,59.999474,0.001906,0.0000,1.0000,8458.9,-0.0005,5,0
63.2155,0.029054,59.999470,0.001915,0.0000,1.0000,8449.0,0.0010,5,0
63.2326,0.029210,59.999467,0.001924,0.0000,1.0000,8454.0,0.0024,5,0
63.2471,0.029367,59.999463,0.001934,0.0000,1.0000,8468.5,0.0037,5,0
63.2678,0.029523,59.999460,0.001943,0.0000,1.0000,8461.3,0.0047,5,0
63.2875,0.029679,59.999457,0.001953,0.0000,1.0000,8459.2,0.0055,5,0
63.3028,0.029835,59.999453,0.001962,0.0000,1.0000,8474.1,0.0060,5,0
63.3214,0.029992,59.999450,0.001972,0.0000,1.0000,8478.2,0.0062,5,0
63.3442,0.030148,59.999446,0.001981,0.0000,1.0000,8468.4,0.0062,5,0
63.3618,0.030304,59.999443,0.001990,0.0000,1.0000,8478.0,0.0058,5,0
63.3791,0.030461,59.999440,0.002000,0.0000,1.0000,8490.4,0.0052,5,0
63.4017,0.030617,59.999437,0.002009,0.0000,1.0000,8481.1,0.0045,5,0
63.4216,0.030774,59.999434,0.002019,0.0000,1.0000,8480.1,0.0037,5,0
63.4373,0.030931,59.999431,0.002028,0.0000,1.0000,8495.0,0.0027,5,0
63.4534,0.031087,59.999428,0.002038,0.0000,1.0000,8503.1,0.0017,5,0
63.4726,0.031244,59.999425,0.002047,0.0000,1.0000,8498.5,0.0007,5,0
63.4890,0.031401,59.999422,0.002057,0.0000,1.0000,8501.8,-0.0004,5,0
63.5045,0.031557,59.999419,0.002066,0.0000,1.0000,8508.1,-0.0014,5,0
63.5231,0.031714,59.999416,0.002076,0.0000,1.0000,8506.1,-0.0025,5,0
63.5420,0.031871,59.999413,0.002085,0.0000,1.0000,8501.9,-0.0034,5,0
63.5578,0.032028,59.999410,0.002094,0.0000,1.0000,8510.7,-0.0043,5,0
63.5780,0.032185,59.999407,0.002104,0.0000,1.0000,8504.5,-0.0051,5,0
63.5979,0.032342,59.999404,0.002113,0.0000,1.0000,8497.3,-0.0056,5,0
63.6129,0.032499,59.999401,0.002123,0.0000,1.0000,8508.6,-0.0061,5,0
63.6295,0.032656,59.999398,0.002132,0.0000,1.0000,8513.9,-0.0066,5,0
63.6497,0.032813,59.999394,0.002142,0.0000,1.0000,8506.2,-0.0069,5,0
63.6654,0.032970,59.999391,0.002151,0.0000,1.0000,8513.8,-0.0072,5,0
63.6806,0.033128,59.999388,0.002161,0.0000,1.0000,8525.1,-0.0076,5,0
63.7009,0.033285,59.999385,0.002170,0.0000,1.0000,8515.7,-0.0080,5,0
63.7186,0.033442,59.999382,0.002180,0.0000,1.0000,8516.8,-0.0084,5,0
63.7323,0.033599,59.999379,0.002189,0.0000,1.0000,8532.8,-0.0090,5,0
63.7506,0.033757,59.999375,0.002199,0.0000,1.0000,8530.9,-0.0097,5,0
63.7701,0.033914,59.999372,0.002208,0.0000,1.0000,8523.9,-0.0104,5,0
63.7843,0.034072,59.999368,0.002218,0.0000,1.0000,8538.4,-0.0113,5,0
63.8007,0.034229,59.999365,0.002227,0.0000,1.0000,8544.9,-0.0121,5,0
63.8212,0.034387,59.999362,0.002237,0.0000,1.0000,8534.4,-0.0130,5,0
63.8373,0.034544,59.999358,0.002246,0.0000,1.0000,8541.5,-0.0138,5,0
63.8521,0.034702,59.999355,0.002256,0.0000,1.0000,8554.0,-0.0147,5,0
63.8718,0.034860,59.999351,0.002265,0.0000,1.0000,8547.7,-0.0155,5,0
63.8898,0.035017,59.999348,0.002275,0.0000,1.0000,8546.1,-0.0164,5,0
63.9044,0.035175,59.999345,0.002284,0.0000,1.0000,8558.9,-0.0172,5,0
63.9210,0.035333,59.999342,0.002294,0.0000,1.0000,8563.0,-0.0179,5,0
63.9411,0.035491,59.999339,0.002304,0.0000,1.0000,8553.4,-0.0185,5,0
63.9565,0.035649,59.999336,0.002313,0.0000,1.0000,8561.4,-0.0190,5,0
63.9726,0.035807,59.999332,0.002323,0.0000,1.0000,8567.6,-0.0193,5,0
63.9924,0.035964,59.999329,0.002332,0.0000,1.0000,8559.9,-0.0195,5,0
64.0092,0.036123,59.999326,0.002342,0.0000,1.0000,8560.7,-0.0191,5,0
64.0236,0.036281,59.999323,0.002351,0.0000,1.0000,8572.9,-0.0187,5,0
64.0411,0.036439,59.999320,0.002361,0.0000,1.0000,8571.5,-0.0180,5,0
64.0595,0.036597,59.999317,0.002371,0.0000,1.0000,8564.6,-0.0170,5,0
64.0738,0.036755,59.999314,0.002380,0.0000,1.0000,8575.3,-0.0157,5,0
64.0894,0.036913,59.999311,0.002390,0.0000,1.0000,8581.1,-0.0143,5,0
64.1082,0.037071,59.999308,0.002399,0.0000,1.0000,8572.4,-0.0127,5,0
64.1238,0.037230,59.999305,0.002409,0.0000,1.0000,8579.0,-0.0110,5,0
64.1393,0.037388,59.999302,0.002419,0.0000,1.0000,8587.4,-0.0094,5,0
64.1582,0.037546,59.999299,0.002428,0.0000,1.0000,8580.5,-0.0077,5,0
64.1760,0.037705,59.999296,0.002438,0.0000,1.0000,8578.5,-0.0060,5,0
64.1897,0.037863,59.999293,0.002448,0.0000,1.0000,8593.1,-0.0046,5,0
64.2063,0.038022,59.999290,0.002457,0.0000,1.0000,8594.6,-0.0032,5,0
64.2252,0.038180,59.999287,0.002467,0.0000,1.0000,8586.0,-0.0019,5,0
64.2397,0.038339,59.999284,0.002477,0.0000,1.0000,8595.3,-0.0009,5,0
64.2556,0.038498,59.999280,0.002486,0.0000,1.0000,8601.3,-0.0000,5,0
64.2742,0.038656,59.999277,0.002496,0.0000,1.0000,8593.1,0.0006,5,0
64.2913,0.038815,59.999273,0.002506,0.0000,1.0000,8593.3,0.0011,5,0
64.3055,0.038974,59.999270,0.002515,0.0000,1.0000,8605.7,0.0013,5,0
64.3233,0.039132,59.999266,0.002525,0.0000,1.0000,8601.5,0.0015,5,0
64.3416,0.039291,59.999263,0.002535,0.0000,1.0000,8595.5,0.0014,5,0
64.3551,0.039450,59.999259,0.002544,0.0000,1.0000,8610.5,0.0012,5,0
64.3711,0.039609,59.999255,0.002554,0.0000,1.0000,8613.2,0.0009,5,0
64.3898,0.039768,59.999252,0.002564,0.0000,1.0000,8604.7,0.0005,5,0
64.4047,0.039927,59.999249,0.002573,0.0000,1.0000,8612.7,0.0000,5,0
64.4188,0.040086,59.999246,0.002583,0.0000,1.0000,8623.0,-0.0004,5,0
64.4370,0.040245,59.999242,0.002593,0.0000,1.0000,8615.5,-0.0009,5,0
64.4541,0.040404,59.999239,0.002603,0.0000,1.0000,8614.1,-0.0013,5,0
64.4678,0.040563,59.999236,0.002612,0.0000,1.0000,8627.1,-0.0017,5,0
64.4843,0.040723,59.999233,0.002622,0.0000,1.0000,8625.1,-0.0020,5,0
64.5034,0.040882,59.999230,0.002632,0.0000,1.0000,8615.3,-0.0022,5,0
64.5172,0.041041,59.999226,0.002641,0.0000,1.0000,8627.8,-0.0025,5,0
64.5321,0.041200,59.999223,0.002651,0.0000,1.0000,8632.8,-0.0027,5,0
64.5511,0.041360,59.999220,0.002661,0.0000,1.0000,8622.4,-0.0028,5,0
64.5659,0.041519,59.999217,0.002671,0.0000,1.0000,8630.2,-0.0029,5,0
64.5798,0.041679,59.999214,0.002680,0.0000,1.0000,8640.4,-0.0030,5,0
64.5980,0.041838,59.999211,0.002690,0.0000,1.0000,8631.7,-0.0030,5,0
64.6147,0.041998,59.999208,0.002700,0.0000,1.0000,8631.3,-0.0028,5,0
64.6278,0.042157,59.999205,0.002710,0.0000,1.0000,8644.0,-0.0026,5,0
64.6433,0.042317,59.999202,0.002719,0.0000,1.0000,8645.9,-0.0024,5,0
64.6617,0.042476,59.999199,0.002729,0.0000,1.0000,8637.0,-0.0021,5,0
64.6761,0.042636,59.999196,0.002739,0.0000,1.0000,8646.1,-0.0018,5,0
64.6894,0.042796,59.999193,0.002749,0.0000,1.0000,8656.0,-0.0015,5,0
64.7079,0.042955,59.999190,0.002758,0.0000,1.0000,8646.2,-0.0012,5,0
64.7229,0.043115,59.999187,0.002768,0.0000,1.0000,8651.9,-0.0009,5,0
64.7358,0.043275,59.999183,0.002778,0.0000,1.0000,8664.5,-0.0006,5,0
64.7540,0.043435,59.999180,0.002788,0.0000,1.0000,8655.2,-0.0004,5,0
64.7709,0.043595,59.999177,0.002797,0.0000,1.0000,8653.8,-0.0001,5,0
64.7832,0.043755,59.999173,0.002807,0.0000,1.0000,8670.0,0.0002,5,0
64.7993,0.043915,59.999170,0.002817,0.0000,1.0000,8667.2,0.0004,5,0
64.8175,0.044075,59.999167,0.002827,0.0000,1.0000,8659.1,0.0006,5,0
64.8307,0.044235,59.999164,0.002836,0.0000,1.0000,8670.6,0.0007,5,0
64.8445,0.044395,59.999160,0.002846,0.0000,1.0000,8677.3,0.0008,5,0
64.8632,0.044555,59.999157,0.002856,0.0000,1.0000,8666.1,0.0008,5,0
64.8778,0.044715,59.999154,0.002866,0.0000,1.0000,8674.2,0.0008,5,0
64.8905,0.044875,59.999151,0.002876,0.0000,1.0000,8686.8,0.0006,5,0
64.9088,0.045035,59.999148,0.002885,0.0000,1.0000,8677.2,0.0005,5,0
64.9262,0.045196,59.999145,0.002895,0.0000,1.0000,8674.3,0.0003,5,0
64.9386,0.045356,59.999141,0.002905,0.0000,1.0000,8689.7,0.0002,5,0
64.9535,0.045516,59.999138,0.002915,0.0000,1.0000,8692.3,0.0000,5,0
64.9728,0.045677,59.999135,0.002925,0.0000,1.0000,8679.4,-0.0001,5,0
64.9861,0.045837,59.999132,0.002934,0.0000,1.0000,8690.9,-0.0001,5,0
64.9998,0.045998,59.999129,0.002944,0.0000,1.0000,8697.7,-0.0001,5,0
65.0182,0.046158,59.999126,0.002954,0.0000,1.0000,8687.7,-0.0001,5,0
65.0331,0.046319,59.999123,0.002964,0.0000,1.0000,8691.0,-0.0000,5,0
65.0450,0.046479,59.999120,0.002974,0.0000,1.0000,8705.3,0.0001,5,0
65.0617,0.046640,59.999117,0.002983,0.0000,1.0000,8699.6,0.0001,5,0
65.0780,0.046801,59.999114,0.002993,0.0000,1.0000,8696.1,0.0001,5,0
65.0902,0.046961,59.999111,0.003003,0.0000,1.0000,8707.4,0.0001,5,0
65.1044,0.047122,59.999108,0.003013,0.0000,1.0000,8709.8,-0.0001,5,0
65.1229,0.047283,59.999105,0.003023,0.0000,1.0000,8697.8,-0.0003,5,0
65.1359,0.047443,59.999102,0.003033,0.0000,1.0000,8706.3,-0.0004,5,0
65.1485,0.047604,59.999099,0.003042,0.0000,1.0000,8715.5,-0.0007,5,0
65.1665,0.047765,59.999096,0.003052,0.0000,1.0000,8705.4,-0.0009,5,0
65.1806,0.047926,59.999092,0.003062,0.0000,1.0000,8710.6,-0.0010,5,0
65.1921,0.048087,59.999089,0.003072,0.0000,1.0000,8723.3,-0.0012,5,0
65.2089,0.048248,59.999085,0.003082,0.0000,1.0000,8716.8,-0.0013,5,0
65.2253,0.048409,59.999082,0.003092,0.0000,1.0000,8713.5,-0.0014,5,0
65.2366,0.048570,59.999078,0.003101,0.0000,1.0000,8728.0,-0.0014,5,0
65.2514,0.048731,59.999074,0.003111,0.0000,1.0000,8728.2,-0.0011,5,0
65.2691,0.048892,59.999071,0.003121,0.0000,1.0000,8719.3,-0.0009,5,0
65.2811,0.049053,59.999067,0.003131,0.0000,1.0000,8732.6,-0.0006,5,0
65.2955,0.049215,59.999064,0.003141,0.0000,1.0000,8735.2,-0.0002,5,0
65.3138,0.049376,59.999060,0.003151,0.0000,1.0000,8725.5,0.0002,5,0
65.3273,0.049537,59.999057,0.003161,0.0000,1.0000,8734.3,0.0007,5,0
65.3395,0.049698,59.999054,0.003170,0.0000,1.0000,8746.7,0.0011,5,0
65.3578,0.049860,59.999051,0.003180,0.0000,1.0000,8737.9,0.0017,5,0
65.3749,0.050021,59.999048,0.003190,0.0000,1.0000,8733.7,0.0024,5,0
65.3870,0.050183,59.999045,0.003200,0.0000,1.0000,8747.8,0.0030,5,0
65.4031,0.050344,59.999042,0.003210,0.0000,1.0000,8747.5,0.0037,5,0
65.4207,0.050505,59.999039,0.003220,0.0000,1.0000,8740.2,0.0045,5,0
65.4338,0.050667,59.999036,0.003230,0.0000,1.0000,8749.6,0.0052,5,0
65.4472,0.050829,59.999033,0.003239,0.0000,1.0000,8757.1,0.0059,5,0
65.4644,0.050990,59.999030,0.003249,0.0000,1.0000,8750.7,0.0065,5,0
65.4793,0.051152,59.999027,0.003259,0.0000,1.0000,8751.1,0.0070,5,0
65.4922,0.051314,59.999024,0.003269,0.0000,1.0000,8760.0,0.0074,5,0
65.5084,0.051475,59.999021,0.003279,0.0000,1.0000,8757.3,0.0077,5,0
65.5231,0.051637,59.999018,0.003289,0.0000,1.0000,8757.9,0.0079,5,0
65.5358,0.051799,59.999015,0.003299,0.0000,1.0000,8766.1,0.0080,5,0
65.5502,0.051961,59.999012,0.003309,0.0000,1.0000,8767.5,0.0081,5,0
65.5661,0.052122,59.999009,0.003319,0.0000,1.0000,8761.7,0.0082,5,0
65.5792,0.052284,59.999006,0.003328,0.0000,1.0000,8766.7,0.0082,5,0
65.5926,0.052446,59.999003,0.003338,0.0000,1.0000,8770.8,0.0082,5,0
65.6085,0.052608,59.999000,0.003348,0.0000,1.0000,8764.9,0.0081,5,0
65.6227,0.052770,59.998997,0.003358,0.0000,1.0000,8765.5,0.0080,5,0
65.6350,0.052932,59.998993,0.003368,0.0000,1.0000,8775.0,0.0079,5,0
65.6513,0.053094,59.998990,0.003378,0.0000,1.0000,8768.0,0.0079,5,0
65.6661,0.053256,59.998986,0.003388,0.0000,1.0000,8765.4,0.0079,5,0
65.6770,0.053419,59.998983,0.003398,0.0000,1.0000,8778.4,0.0080,5,0
65.6919,0.053581,59.998980,0.003408,0.0000,1.0000,8775.0,0.0081,5,0
65.7072,0.053743,59.998976,0.003417,0.0000,1.0000,8769.0,0.0083,5,0
65.7180,0.053905,59.998973,0.003427,0.0000,1.0000,8781.6,0.0084,5,0
65.7323,0.054067,59.998969,0.003437,0.0000,1.0000,8782.4,0.0085,5,0
65.7480,0.054230,59.998966,0.003447,0.0000,1.0000,8777.6,0.0087,5,0
65.7591,0.054392,59.998963,0.003457,0.0000,1.0000,8790.5,0.0085,5,0
65.7727,0.054554,59.998960,0.003467,0.0000,1.0000,8794.4,0.0085,5,0
65.7886,0.054717,59.998957,0.003477,0.0000,1.0000,8788.1,0.0085,5,0
65.8006,0.054879,59.998954,0.003487,0.0000,1.0000,8796.3,0.0084,5,0
65.8121,0.055042,59.998951,0.003497,0.0000,1.0000,8806.9,0.0083,5,0
65.8286,0.055204,59.998948,0.003507,0.0000,1.0000,8798.2,0.0083,5,0
65.8419,0.055367,59.998945,0.003516,0.0000,1.0000,8800.1,0.0081,5,0
65.8525,0.055529,59.998942,0.003526,0.0000,1.0000,8814.9,0.0079,5,0
65.8680,0.055692,59.998939,0.003536,0.0000,1.0000,8810.1,0.0078,5,0
65.8830,0.055855,59.998936,0.003546,0.0000,1.0000,8805.6,0.0076,5,0
65.8933,0.056017,59.998932,0.003556,0.0000,1.0000,8821.0,0.0075,5,0
65.9076,0.056180,59.998929,0.003566,0.0000,1.0000,8821.4,0.0074,5,0
65.9239,0.056343,59.998925,0.003576,0.0000,1.0000,8812.6,0.0074,5,0
65.9355,0.056505,59.998922,0.003586,0.0000,1.0000,8824.3,0.0074,5,0
65.9487,0.056668,59.998918,0.003596,0.0000,1.0000,8831.5,0.0076,5,0
65.9658,0.056831,59.998914,0.003606,0.0000,1.0000,8820.7,0.0077,5,0
65.9795,0.056994,59.998911,0.003615,0.0000,1.0000,8824.2,0.0079,5,0
65.9914,0.057157,59.998907,0.003625,0.0000,1.0000,8836.3,0.0082,5,0
66.0077,0.057320,59.998904,0.003635,0.0000,1.0000,8829.2,0.0084,5,0
66.0237,0.057483,59.998900,0.003645,0.0000,1.0000,8822.4,0.0086,5,0
66.0358,0.057646,59.998897,0.003655,0.0000,1.0000,8833.5,0.0088,5,0
66.0497,0.057809,59.998893,0.003665,0.0000,1.0000,8835.9,0.0090,5,0
66.0661,0.057972,59.998890,0.003675,0.0000,1.0000,8826.8,0.0091,5,0
66.0792,0.058135,59.998887,0.003685,0.0000,1.0000,8833.3,0.0093,5,0
66.0911,0.058298,59.998883,0.003695,0.0000,1.0000,8842.6,0.0095,5,0
66.1068,0.058461,59.998880,0.003704,0.0000,1.0000,8834.2,0.0096,5,0
66.1211,0.058625,59.998877,0.003714,0.0000,1.0000,8833.8,0.0097,5,0
66.1320,0.058788,59.998874,0.003724,0.0000,1.0000,8844.1,0.0097,5,0
66.1462,0.058951,59.998870,0.003734,0.0000,1.0000,8840.7,0.0097,5,0
66.1608,0.059115,59.998867,0.003744,0.0000,1.0000,8835.7,0.0094,5,0
66.1721,0.059278,59.998864,0.003754,0.0000,1.0000,8845.2,0.0091,5,0
66.1847,0.059441,59.998861,0.003764,0.0000,1.0000,8846.6,0.0086,5,0
66.2002,0.059605,59.998858,0.003774,0.0000,1.0000,8838.6,0.0079,5,0
66.2116,0.059768,59.998855,0.003784,0.0000,1.0000,8848.3,0.0072,5,0
66.2239,0.059932,59.998852,0.003794,0.0000,1.0000,8851.7,0.0063,5,0
66.2394,0.060095,59.998849,0.003803,0.0000,1.0000,8843.3,0.0053,5,0
66.2519,0.060259,59.998846,0.003813,0.0000,1.0000,8848.8,0.0042,5,0
66.2635,0.060422,59.998843,0.003823,0.0000,1.0000,8856.9,0.0032,5,0
66.2787,0.060586,59.998840,0.003833,0.0000,1.0000,8849.1,0.0021,5,0
66.2918,0.060750,59.998837,0.003843,0.0000,1.0000,8852.2,0.0011,5,0
66.3026,0.060913,59.998834,0.003853,0.0000,1.0000,8864.3,0.0002,5,0
66.3172,0.061077,59.998830,0.003863,0.0000,1.0000,8858.4,-0.0007,5,0
66.3318,0.061241,59.998826,0.003873,0.0000,1.0000,8855.5,-0.0016,5,0
66.3424,0.061404,59.998823,0.003883,0.0000,1.0000,8868.4,-0.0024,5,0
66.3562,0.061568,59.998819,0.003893,0.0000,1.0000,8866.6,-0.0032,5,0
66.3711,0.061732,59.998816,0.003902,0.0000,1.0000,8861.2,-0.0039,5,0
66.3830,0.061896,59.998812,0.003912,0.0000,1.0000,8869.9,-0.0044,5,0
66.3950,0.062060,59.998809,0.003922,0.0000,1.0000,8875.3,-0.0050,5,0
66.4105,0.062224,59.998805,0.003932,0.0000,1.0000,8866.9,-0.0054,5,0
66.4226,0.062388,59.998802,0.003942,0.0000,1.0000,8873.2,-0.0057,5,0
66.4333,0.062552,59.998799,0.003952,0.0000,1.0000,8882.8,-0.0059,5,0
66.4487,0.062716,59.998795,0.003962,0.0000,1.0000,8872.7,-0.0061,5,0
66.4618,0.062880,59.998792,0.003972,0.0000,1.0000,8873.5,-0.0062,5,0
66.4717,0.063044,59.998788,0.003982,0.0000,1.0000,8885.8,-0.0062,5,0
66.4856,0.063208,59.998785,0.003992,0.0000,1.0000,8881.1,-0.0062,5,0
66.5003,0.063372,59.998782,0.004002,0.0000,1.0000,8876.0,-0.0062,5,0
66.5104,0.063536,59.998778,0.004011,0.0000,1.0000,8889.4,-0.0062,5,0
66.5235,0.063701,59.998775,0.004021,0.0000,1.0000,8888.4,-0.0062,5,0
66.5388,0.063865,59.998771,0.004031,0.0000,1.0000,8880.4,-0.0061,5,0
66.5496,0.064029,59.998768,0.004041,0.0000,1.0000,8891.6,-0.0061,5,0
66.5620,0.064194,59.998765,0.004051,0.0000,1.0000,8896.3,-0.0061,5,0
66.5770,0.064358,59.998762,0.004061,0.0000,1.0000,8889.1,-0.0062,5,0
66.5887,0.064522,59.998759,0.004071,0.0000,1.0000,8897.4,-0.0064,5,0
66.6000,0.064687,59.998756,0.004081,0.0000,1.0000,8905.0,-0.0066,5,0
66.6156,0.064851,59.998753,0.004091,0.0000,1.0000,8895.0,-0.0069,5,0
66.6291,0.065016,59.998749,0.004101,0.0000,1.0000,8896.3,-0.0071,5,0
66.6393,0.065180,59.998746,0.004111,0.0000,1.0000,8907.7,-0.0073,5,0
66.6533,0.065345,59.998743,0.004121,0.0000,1.0000,8903.5,-0.0076,5,0
66.6683,0.065509,59.998740,0.004131,0.0000,1.0000,8897.0,-0.0077,5,0
66.6780,0.065674,59.998737,0.004141,0.0000,1.0000,8910.4,-0.0077,5,0
66.6905,0.065838,59.998734,0.004151,0.0000,1.0000,8910.2,-0.0075,5,0
66.7050,0.066003,59.998730,0.004161,0.0000,1.0000,8902.6,-0.0070,5,0
66.7151,0.066168,59.998727,0.004171,0.0000,1.0000,8912.8,-0.0063,5,0
66.7253,0.066333,59.998723,0.004181,0.0000,1.0000,8917.9,-0.0053,5,0
66.7401,0.066497,59.998720,0.004191,0.0000,1.0000,8906.8,-0.0041,5,0
66.7514,0.066662,59.998717,0.004201,0.0000,1.0000,8911.1,-0.0025,5,0
66.7610,0.066827,59.998713,0.004211,0.0000,0.9756,8918.0,-0.0009,5,0
66.7748,0.066992,59.998710,0.004221,0.0000,0.9756,8907.9,0.0009,5,0
66.7849,0.067157,59.998706,0.004231,0.0056,0.9029,8905.8,0.0028,5,0
66.7894,0.067322,59.998703,0.004240,0.0056,0.9029,8909.7,0.0046,5,0
66.7948,0.067486,59.998700,0.004250,0.0167,0.7924,8897.8,0.0063,5,0
66.7949,0.067651,59.998696,0.004260,0.0167,0.7924,8888.5,0.0081,5,0
66.7873,0.067816,59.998693,0.004270,0.0326,0.6490,8887.3,0.0097,5,0
66.7775,0.067981,59.998690,0.004280,0.0326,0.6490,8872.4,0.0111,5,0
66.7619,0.068146,59.998686,0.004290,0.0514,0.4939,8859.7,0.0124,5,0
66.7395,0.068311,59.998683,0.004300,0.0514,0.4939,8852.4,0.0136,5,0
66.7139,0.068475,59.998680,0.004310,0.0706,0.3486,8838.9,0.0144,5,0
66.6831,0.068640,59.998677,0.004320,0.0706,0.3486,8823.2,0.0152,5,0
66.6451,0.068804,59.998673,0.004330,0.1004,0.2322,8811.1,0.0159,5,0
66.6018,0.068969,59.998670,0.004340,0.1004,0.2322,8795.6,0.0164,5,0
66.5546,0.069133,59.998666,0.004350,0.1262,0.1466,8780.9,0.0168,5,0
66.5033,0.069297,59.998663,0.004360,0.1262,0.1466,8770.8,0.0173,5,0
66.4491,0.069461,59.998659,0.004370,0.1546,0.0836,8759.1,0.0175,5,0
66.3919,0.069625,59.998656,0.004380,0.1546,0.0836,8745.2,0.0178,5,0
66.3305,0.069789,59.998652,0.004390,0.1825,0.0398,8736.3,0.0180,5,0
66.2662,0.069953,59.998648,0.004400,0.1825,0.0398,8727.6,0.0181,5,0
66.2004,0.070116,59.998645,0.004410,0.2099,0.0078,8717.8,0.0181,5,0
66.1302,0.070279,59.998641,0.004420,0.2099,0.0078,8705.6,0.0181,5,0
66.0563,0.070442,59.998638,0.004430,0.2451,0.0000,8695.5,0.0180,5,0
65.9788,0.070605,59.998634,0.004440,0.2451,0.0000,8684.6,0.0177,5,0
65.8995,0.070768,59.998631,0.004450,0.2691,0.0000,8670.1,0.0177,5,0
65.8166,0.070930,59.998628,0.004459,0.2691,0.0000,8662.6,0.0178,5,0
65.7318,0.071093,59.998625,0.004469,0.2994,0.0000,8648.1,0.0179,5,0
65.6437,0.071255,59.998622,0.004479,0.2994,0.0000,8635.9,0.0181,5,0
65.5520,0.071416,59.998619,0.004489,0.3268,0.0000,8622.1,0.0183,5,0
65.4591,0.071578,59.998616,0.004498,0.3268,0.0000,8609.0,0.0186,5,0
65.3649,0.071739,59.998613,0.004508,0.3459,0.0000,8595.2,0.0191,5,0
65.2700,0.071901,59.998610,0.004518,0.3459,0.0000,8576.4,0.0199,5,0
65.1719,0.072061,59.998607,0.004528,0.3694,0.0000,8562.1,0.0207,5,0
65.0725,0.072222,59.998604,0.004538,0.3694,0.0000,8543.3,0.0219,5,0
64.9726,0.072382,59.998601,0.004547,0.3793,0.0000,8522.4,0.0232,5,0
64.8718,0.072543,59.998597,0.004557,0.3793,0.0000,8502.2,0.0244,5,0
64.7695,0.072702,59.998594,0.004566,0.3950,0.0000,8481.7,0.0259,5,0
64.6643,0.072862,59.998590,0.004576,0.3950,0.0000,8460.8,0.0273,5,0
64.5575,0.073021,59.998587,0.004585,0.4064,0.0000,8439.2,0.0286,5,0
64.4497,0.073181,59.998584,0.004595,0.4064,0.0000,8421.2,0.0298,5,0
64.3409,0.073339,59.998580,0.004605,0.4137,0.0000,8402.0,0.0309,5,0
64.2302,0.073498,59.998577,0.004614,0.4137,0.0000,8383.2,0.0314,5,0
64.1164,0.073656,59.998573,0.004624,0.4283,0.0000,8369.5,0.0315,5,0
64.0019,0.073814,59.998570,0.004633,0.4283,0.0000,8355.9,0.0312,5,0
63.8862,0.073972,59.998567,0.004643,0.4293,0.0000,8342.8,0.0303,5,0
63.7711,0.074129,59.998563,0.004652,0.4293,0.0000,8330.4,0.0288,5,0
63.6564,0.074287,59.998559,0.004661,0.4296,0.0000,8319.5,0.0274,5,0
63.5408,0.074443,59.998556,0.004671,0.4296,0.0000,8306.7,0.0257,5,0
63.4257,0.074600,59.998552,0.004680,0.4301,0.0000,8293.5,0.0239,5,0
63.3108,0.074756,59.998549,0.004689,0.4301,0.0000,8284.2,0.0225,5,0
63.1968,0.074912,59.998545,0.004699,0.4269,0.0000,8273.0,0.0213,5,0
63.0830,0.075068,59.998542,0.004708,0.4269,0.0000,8258.3,0.0204,5,0
62.9694,0.075223,59.998538,0.004717,0.4278,0.0000,8245.4,0.0199,5,0
62.8563,0.075379,59.998535,0.004727,0.4278,0.0000,8234.0,0.0200,5,0
62.7439,0.075533,59.998532,0.004736,0.4207,0.0000,8220.8,0.0204,5,0
62.6341,0.075688,59.998529,0.004745,0.4207,0.0000,8205.3,0.0211,5,0
62.5241,0.075842,59.998526,0.004754,0.4223,0.0000,8191.8,0.0222,5,0
62.4143,0.075997,59.998523,0.004763,0.4223,0.0000,8177.3,0.0235,5,0
62.3061,0.076150,59.998520,0.004772,0.4181,0.0000,8158.3,0.0250,5,0
62.1988,0.076304,59.998517,0.004781,0.4181,0.0000,8139.5,0.0270,5,0
62.0922,0.076457,59.998514,0.004790,0.4067,0.0000,8121.8,0.0293,5,0
61.9857,0.076610,59.998511,0.004799,0.4067,0.0000,8100.4,0.0317,5,0
61.8792,0.076763,59.998508,0.004808,0.4039,0.0000,8076.3,0.0340,5,0
61.7724,0.076915,59.998505,0.004817,0.4039,0.0000,8057.4,0.0362,5,0
61.6649,0.077068,59.998502,0.004826,0.3921,0.0000,8043.2,0.0378,5,0
61.5594,0.077220,59.998498,0.004835,0.3921,0.0000,8028.9,0.0384,5,0
61.4526,0.077371,59.998494,0.004844,0.3959,0.0000,8017.7,0.0384,5,0
61.3454,0.077523,59.998491,0.004853,0.3959,0.0000,8011.7,0.0375,5,0
61.2379,0.077674,59.998487,0.004862,0.3870,0.0000,8006.5,0.0358,5,0
61.1329,0.077825,59.998484,0.004871,0.3870,0.0000,7994.7,0.0336,5,0
61.0290,0.077976,59.998480,0.004879,0.3818,0.0000,7985.5,0.0311,5,0
60.9246,0.078126,59.998477,0.004888,0.3818,0.0000,7972.4,0.0285,5,0
60.8204,0.078276,59.998473,0.004897,0.3806,0.0000,7960.6,0.0259,5,0
60.7174,0.078426,59.998470,0.004906,0.3806,0.0000,7948.9,0.0237,5,0
60.6152,0.078576,59.998467,0.004914,0.3730,0.0000,7940.3,0.0220,5,0
60.5133,0.078725,59.998464,0.004923,0.3730,0.0000,7932.9,0.0207,5,0
60.4133,0.078874,59.998461,0.004932,0.3745,0.0000,7919.6,0.0201,5,0
60.3130,0.079023,59.998458,0.004940,0.3745,0.0000,7908.4,0.0201,5,0
60.2118,0.079172,59.998455,0.004949,0.3727,0.0000,7900.1,0.0203,5,0
60.1127,0.079320,59.998452,0.004957,0.3727,0.0000,7887.8,0.0210,5,0
60.0161,0.079468,59.998449,0.004966,0.3661,0.0000,7869.6,0.0221,5,0
59.9179,0.079616,59.998446,0.004975,0.3661,0.0000,7857.3,0.0236,5,0
59.8196,0.079764,59.998443,0.004983,0.3697,0.0000,7842.9,0.0251,5,0
59.7216,0.079911,59.998440,0.004992,0.3697,0.0000,7825.6,0.0267,5,0
59.6250,0.080058,59.998437,0.005000,0.3622,0.0000,7807.7,0.0283,5,0
59.5270,0.080205,59.998433,0.005008,0.3622,0.0000,7794.4,0.0297,5,0
59.4288,0.080352,59.998430,0.005017,0.3648,0.0000,7781.0,0.0308,5,0
59.3311,0.080499,59.998426,0.005025,0.3648,0.0000,7764.1,0.0315,5,0
59.2326,0.080645,59.998423,0.005033,0.3655,0.0000,7750.5,0.0319,5,0
59.1330,0.080791,59.998419,0.005042,0.3655,0.0000,7740.0,0.0318,5,0
59.0350,0.080936,59.998416,0.005050,0.3630,0.0000,7729.3,0.0313,5,0
58.9373,0.081082,59.998412,0.005058,0.3630,0.0000,7714.5,0.0306,5,0
58.8382,0.081227,59.998408,0.005067,0.3679,0.0000,7704.5,0.0297,5,0
58.7384,0.081372,59.998405,0.005075,0.3679,0.0000,7695.9,0.0286,5,0
58.6399,0.081517,59.998401,0.005083,0.3626,0.0000,7684.3,0.0275,5,0
58.5437,0.081661,59.998398,0.005091,0.3626,0.0000,7671.4,0.0265,5,0
58.4447,0.081806,59.998394,0.005099,0.3657,0.0000,7661.3,0.0256,5,0
58.3464,0.081950,59.998391,0.005108,0.3657,0.0000,7650.5,0.0248,5,0
58.2480,0.082094,59.998387,0.005116,0.3658,0.0000,7639.5,0.0242,5,0
58.1526,0.082237,59.998384,0.005124,0.3658,0.0000,8032.9,0.0238,5,0
58.0577,0.082380,59.998381,0.005132,0.3616,1.0000,8544.5,0.0235,5,0
57.9640,0.082524,59.998377,0.005140,0.3616,1.0000,8842.9,0.0237,5,0
57.8708,0.082666,59.998373,0.005148,0.3655,0.2191,8823.6,0.0243,5,0
57.7766,0.082809,59.998370,0.005156,0.3655,0.2191,8801.5,0.0252,4,0
57.6799,0.082951,59.998367,0.005164,0.3666,0.0000,8784.9,0.0265,4,0
57.5839,0.083094,59.998363,0.005172,0.3666,0.0000,8767.3,0.0280,4,0
57.4886,0.083235,59.998360,0.005180,0.3663,0.0000,8746.9,0.0297,4,0
57.3923,0.083377,59.998357,0.005188,0.3663,0.0000,8726.2,0.0315,4,0
57.2956,0.083519,59.998354,0.005195,0.3673,0.0000,8710.9,0.0333,4,0
57.1995,0.083660,59.998350,0.005203,0.3673,0.0000,8693.5,0.0352,4,0
57.1041,0.083801,59.998347,0.005211,0.3673,0.0000,8672.5,0.0371,4,0
57.0074,0.083942,59.998344,0.005219,0.3673,0.0000,8656.2,0.0388,4,0
56.9107,0.084082,59.998340,0.005227,0.3685,0.0000,8638.8,0.0404,4,0
56.8142,0.084222,59.998337,0.005235,0.3685,0.0000,8621.6,0.0417,4,0
56.7166,0.084362,59.998334,0.005242,0.3715,0.0000,8602.5,0.0426,4,0
56.6187,0.084502,59.998330,0.005250,0.3715,0.0000,8586.8,0.0432,4,0
56.5216,0.084642,59.998326,0.005258,0.3653,0.0000,8575.5,0.0435,4,0
56.4251,0.084781,59.998323,0.005265,0.3653,0.0000,8561.3,0.0433,4,0
56.3286,0.084920,59.998320,0.005273,0.3678,0.0000,8542.7,0.0428,4,0
56.2309,0.085059,59.998316,0.005280,0.3678,0.0000,8529.7,0.0421,4,0
56.1328,0.085197,59.998313,0.005288,0.3666,0.0000,8518.3,0.0415,4,0
56.0359,0.085336,59.998309,0.005296,0.3666,0.0000,8503.5,0.0406,4,0
55.9393,0.085474,59.998306,0.005303,0.3665,0.0000,8486.7,0.0397,4,0
55.8416,0.085612,59.998302,0.005311,0.3665,0.0000,8476.3,0.0388,4,0
55.7436,0.085749,59.998299,0.005318,0.3655,0.0000,8465.9,0.0379,4,0
55.6465,0.085887,59.998296,0.005326,0.3655,0.0000,8454.8,0.0369,4,0
55.5502,0.086024,59.998293,0.005333,0.3608,0.0000,8440.3,0.0360,4,0
55.4537,0.086161,59.998290,0.005340,0.3608,0.0000,8429.4,0.0352,4,0
55.3566,0.086297,59.998287,0.005348,0.3656,0.0000,8418.4,0.0345,4,0
55.2592,0.086434,59.998284,0.005355,0.3656,0.0000,8405.3,0.0338,4,0
55.1631,0.086570,59.998281,0.005363,0.3608,0.0000,8389.3,0.0333,4,0
55.0672,0.086706,59.998278,0.005370,0.3608,0.0000,8379.3,0.0330,4,0
54.9713,0.086841,59.998275,0.005377,0.3634,0.0000,8368.8,0.0330,4,0
54.8758,0.086977,59.998272,0.005385,0.3634,0.0000,8352.0,0.0329,4,0
54.7801,0.087112,59.998269,0.005392,0.3664,0.0000,8335.0,0.0331,4,0
54.6844,0.087247,59.998265,0.005399,0.3664,0.0000,8323.3,0.0336,4,0
54.5889,0.087382,59.998262,0.005406,0.3616,0.0000,8312.6,0.0342,4,0
54.4948,0.087516,59.998258,0.005413,0.3616,0.0000,8293.0,0.0349,4,0
54.4005,0.087651,59.998255,0.005420,0.3676,0.0000,8273.4,0.0358,4,0
54.3044,0.087785,59.998252,0.005427,0.3676,0.0000,8257.8,0.0368,4,0
54.2089,0.087919,59.998248,0.005435,0.3617,0.0000,8241.8,0.0378,4,0
54.1137,0.088052,59.998245,0.005442,0.3617,0.0000,8222.1,0.0386,4,0
54.0187,0.088186,59.998241,0.005449,0.3641,0.0000,8201.8,0.0392,4,0
53.9226,0.088319,59.998238,0.005456,0.3641,0.0000,8186.3,0.0395,4,0
53.8248,0.088452,59.998235,0.005463,0.3625,0.0000,8177.4,0.0393,4,0
53.7280,0.088584,59.998231,0.005470,0.3625,0.0000,8166.2,0.0385,4,0
53.6317,0.088717,59.998227,0.005476,0.3581,0.0000,8155.3,0.0374,4,0
53.5362,0.088849,59.998224,0.005483,0.3581,0.0000,8146.8,0.0360,4,0
53.4404,0.088981,59.998220,0.005490,0.3598,0.0000,8137.4,0.0344,4,0
53.3449,0.089112,59.998217,0.005497,0.3598,0.0000,8124.6,0.0328,4,0
53.2514,0.089244,59.998213,0.005504,0.3528,0.0000,8111.7,0.0315,4,0
53.1591,0.089375,59.998210,0.005511,0.3528,0.0000,8100.0,0.0305,4,0
53.0672,0.089506,59.998206,0.005518,0.3488,0.0000,8089.7,0.0297,4,0
52.9758,0.089637,59.998203,0.005524,0.3488,0.0000,8075.1,0.0293,4,0
52.8857,0.089767,59.998200,0.005531,0.3468,0.0000,8058.2,0.0293,4,0
52.7959,0.089898,59.998196,0.005538,0.3468,0.0000,8044.7,0.0297,4,0
52.7065,0.090028,59.998193,0.005544,0.3389,0.0000,8033.3,0.0301,4,0
52.6181,0.090158,59.998190,0.005551,0.3389,0.0000,8017.9,0.0308,4,0
52.5312,0.090287,59.998186,0.005557,0.3399,0.0000,7997.1,0.0316,4,0
52.4436,0.090417,59.998183,0.005564,0.3399,0.0000,7981.3,0.0326,4,0
52.3561,0.090546,59.998180,0.005571,0.3312,0.0000,7967.9,0.0335,4,0
52.2691,0.090675,59.998177,0.005577,0.3312,0.0000,7954.0,0.0341,4,0
52.1839,0.090804,59.998173,0.005584,0.3255,0.0000,7937.1,0.0348,4,0
52.0985,0.090933,59.998170,0.005590,0.3255,0.0000,7923.0,0.0352,4,0
52.0127,0.091061,59.998167,0.005597,0.3220,0.0000,7912.2,0.0355,4,0
51.9271,0.091189,59.998163,0.005603,0.3220,0.0000,7902.9,0.0356,4,0
51.8447,0.091317,59.998159,0.005609,0.3096,0.0000,7890.1,0.0358,4,0
51.7634,0.091445,59.998156,0.005616,0.3096,0.0000,7875.6,0.0362,4,0
51.6805,0.091572,59.998153,0.005622,0.3125,0.0000,7864.3,0.0367,4,0
51.5970,0.091700,59.998149,0.005628,0.3125,0.0000,7853.6,0.0372,4,0
51.5150,0.091827,59.998145,0.005635,0.3081,0.0000,7840.4,0.0381,4,0
51.4344,0.091954,59.998142,0.005641,0.3081,0.0000,7825.1,0.0391,4,0
51.3529,0.092081,59.998138,0.005648,0.3070,0.0000,7812.6,0.0400,4,0
51.2703,0.092207,59.998135,0.005654,0.3070,0.0000,7802.3,0.0409,4,0
51.1883,0.092334,59.998131,0.005660,0.3067,0.0000,7790.6,0.0419,4,0
51.1081,0.092460,59.998128,0.005666,0.3067,0.0000,7777.2,0.0430,4,0
51.0282,0.092586,59.998124,0.005672,0.2987,0.0000,7766.9,0.0440,4,0
50.9473,0.092712,59.998121,0.005678,0.2987,0.0000,7756.4,0.0447,4,0
50.8666,0.092837,59.998117,0.005685,0.3035,0.0000,7745.1,0.0453,4,0
50.7868,0.092963,59.998114,0.005691,0.3035,0.0000,7730.7,0.0462,4,0
50.7063,0.093088,59.998111,0.005697,0.3020,0.0000,7717.1,0.0468,4,0
50.6247,0.093213,59.998107,0.005703,0.3020,0.0000,7706.3,0.0473,4,0
50.5436,0.093337,59.998103,0.005709,0.2982,0.0000,7697.7,0.0476,4,0
50.4638,0.093462,59.998100,0.005715,0.2982,0.0000,7683.6,0.0480,4,0
50.3839,0.093586,59.998097,0.005721,0.2966,0.0000,7671.7,0.0482,4,0
50.3033,0.093711,59.998093,0.005727,0.2966,0.0000,7663.1,0.0480,4,0
50.2236,0.093835,59.998090,0.005733,0.2911,0.0000,7657.8,0.0476,4,0
50.1459,0.093958,59.998086,0.005739,0.2911,0.0000,7647.5,0.0473,4,0
50.0697,0.094082,59.998083,0.005745,0.2931,0.0000,7633.6,0.0470,4,0
49.9927,0.094205,59.998080,0.005750,0.2931,0.0000,7622.3,0.0468,4,0
49.9161,0.094329,59.998076,0.005756,0.2899,0.0000,7614.1,0.0468,4,0
49.8416,0.094452,59.998073,0.005762,0.2899,0.0000,7605.7,0.0473,4,0
49.7701,0.094575,59.998069,0.005768,0.2847,0.0000,7589.8,0.0485,4,0
49.6979,0.094697,59.998066,0.005774,0.2847,0.0000,7573.9,0.0502,4,0
49.6247,0.094820,59.998062,0.005780,0.2792,0.0000,7557.3,0.0526,4,0
49.5514,0.094942,59.998059,0.005785,0.2792,0.0000,7541.9,0.0555,4,0
49.4794,0.095064,59.998055,0.005791,0.2707,0.0000,7521.9,0.0588,4,0
49.4072,0.095186,59.998052,0.005797,0.2707,0.0000,7501.5,0.0618,4,0
49.3341,0.095308,59.998048,0.005802,0.2680,0.0000,7483.5,0.0642,4,0
49.2608,0.095430,59.998044,0.005808,0.2680,0.0000,7472.6,0.0657,4,0
49.1887,0.095551,59.998041,0.005814,0.2580,0.0000,7464.0,0.0665,4,0
49.1183,0.095672,59.998037,0.005819,0.2580,0.0000,7455.9,0.0662,4,0
49.0475,0.095793,59.998034,0.005825,0.2526,0.0000,7449.4,0.0645,4,0
48.9759,0.095914,59.998030,0.005831,0.2526,0.0000,7445.2,0.0620,4,0
48.9039,0.096035,59.998027,0.005836,0.2447,0.0000,7445.9,0.0591,4,0
48.8346,0.096155,59.998023,0.005841,0.2447,0.0000,7440.6,0.0558,4,0
48.7665,0.096276,59.998020,0.005847,0.2326,0.0000,7437.4,0.0520,4,0
48.6993,0.096396,59.998017,0.005852,0.2326,0.0000,7430.2,0.0482,4,0
48.6325,0.096516,59.998013,0.005858,0.2329,0.0000,7426.2,0.0447,4,0
48.5667,0.096636,59.998010,0.005863,0.2329,0.0000,7421.7,0.0419,4,0
48.5026,0.096756,59.998007,0.005868,0.2283,0.0000,7414.2,0.0395,4,0
48.4362,0.096875,59.998004,0.005874,0.2283,0.0000,7416.5,0.0377,4,0
48.3764,0.096995,59.998000,0.005879,0.2228,0.0000,7395.4,0.0366,4,0
48.3125,0.097114,59.997997,0.005885,0.2228,0.0000,7393.1,0.0363,4,0
48.2510,0.097233,59.997994,0.005890,0.2193,0.0000,7384.5,0.0367,4,0
48.1889,0.097352,59.997990,0.005895,0.2193,0.0000,7380.6,0.0374,4,0
48.1304,0.097471,59.997987,0.005900,0.2104,0.0000,7363.8,0.0386,4,0
48.0714,0.097590,59.997983,0.005905,0.2104,0.0000,7352.4,0.0402,4,0
48.0110,0.097708,59.997980,0.005910,0.2103,0.0000,7347.2,0.0422,4,0
47.9534,0.097826,59.997977,0.005916,0.2103,0.0000,7328.7,0.0442,4,0
47.8943,0.097945,59.997973,0.005921,0.2063,0.0000,7317.6,0.0460,4,0
47.8367,0.098063,59.997970,0.005926,0.2063,0.0000,7304.1,0.0478,4,0
47.7781,0.098181,59.997966,0.005931,0.2038,0.0000,7297.3,0.0496,4,0
47.7210,0.098299,59.997963,0.005936,0.2038,0.0000,7282.6,0.0511,4,0
47.6615,0.098416,59.997960,0.005941,0.2085,0.0000,7271.7,0.0522,4,0
47.6018,0.098534,59.997956,0.005946,0.2085,0.0000,7263.7,0.0532,4,0
47.5427,0.098651,59.997953,0.005951,0.2085,0.0000,7256.4,0.0542,4,0
47.4830,0.098768,59.997950,0.005956,0.2085,0.0000,7249.7,0.0552,4,0
47.4229,0.098885,59.997946,0.005961,0.2175,0.0000,7237.3,0.0559,4,0
47.3605,0.099002,59.997943,0.005966,0.2175,0.0000,7229.0,0.0565,4,0
47.2995,0.099119,59.997940,0.005971,0.2150,0.0000,7219.4,0.0571,4,0
47.2385,0.099236,59.997937,0.005976,0.2150,0.0000,7212.4,0.0577,4,0
47.1780,0.099352,59.997933,0.005980,0.2145,0.0000,7204.5,0.0582,4,0
47.1173,0.099468,59.997930,0.005985,0.2145,0.0000,7192.5,0.0584,4,0
47.0561,0.099585,59.997926,0.005990,0.2134,0.0000,7184.3,0.0585,4,0
46.9957,0.099701,59.997923,0.005995,0.2134,0.0000,7177.1,0.0584,4,0
46.9356,0.099816,59.997919,0.005999,0.2053,0.0000,7174.0,0.0585,4,0
46.8776,0.099932,59.997916,0.006004,0.2053,0.0000,7161.7,0.0582,4,0
46.8178,0.100048,59.997912,0.006009,0.2110,0.0000,7151.8,0.0578,4,0
46.7577,0.100163,59.997908,0.006013,0.2110,0.0000,7145.5,0.0575,4,0
46.6981,0.100278,59.997905,0.006018,0.2090,0.0000,7139.8,0.0577,4,0
46.6391,0.100394,59.997901,0.006023,0.2090,0.0000,7136.7,0.0579,4,0
46.5826,0.100509,59.997898,0.006027,0.2071,0.0000,7122.5,0.0582,4,0
46.5235,0.100623,59.997894,0.006032,0.2071,0.0000,7113.6,0.0586,4,0
46.4645,0.100738,59.997891,0.006036,0.2071,0.0000,7105.3,0.0593,4,0
46.4053,0.100853,59.997887,0.006041,0.2071,0.0000,7101.0,0.0602,4,0
46.3480,0.100967,59.997884,0.006045,0.2050,0.0000,7089.5,0.0609,4,0
46.2904,0.101081,59.997880,0.006050,0.2050,0.0000,7076.0,0.0617,4,0
46.2323,0.101196,59.997877,0.006054,0.2097,0.0000,7065.9,0.0625,4,0
46.1740,0.101310,59.997874,0.006059,0.2097,0.0000,7057.0,0.0635,4,0
46.1157,0.101423,59.997870,0.006063,0.2064,0.0000,7051.0,0.0645,4,0
46.0590,0.101537,59.997867,0.006067,0.2064,0.0000,7038.3,0.0653,4,0
46.0019,0.101651,59.997863,0.006072,0.2044,0.0000,7025.7,0.0661,4,0
45.9456,0.101764,59.997860,0.006076,0.2044,0.0000,7016.2,0.0670,4,0
45.8883,0.101877,59.997856,0.006080,0.2024,0.0000,7008.3,0.0682,4,0
45.8324,0.101990,59.997852,0.006085,0.2024,0.0000,6999.8,0.0692,4,0
45.7776,0.102103,59.997848,0.006089,0.1962,0.0000,6987.1,0.0704,4,0
45.7221,0.102216,59.997844,0.006093,0.1962,0.0000,6978.4,0.0717,4,0
45.6676,0.102329,59.997840,0.006097,0.1943,0.0000,6967.8,0.0732,4,0
45.6118,0.102442,59.997836,0.006101,0.1943,0.0000,6960.0,0.0747,4,0
45.5586,0.102554,59.997832,0.006105,0.1841,0.0000,6952.6,0.0761,4,0
45.5053,0.102666,59.997828,0.006110,0.1841,0.0000,6944.6,0.0774,4,0
45.4543,0.102779,59.997824,0.006114,0.1749,0.0000,6936.6,0.0785,4,0
45.4028,0.102891,59.997820,0.006118,0.1749,0.0000,6931.1,0.0793,4,0
45.3540,0.103003,59.997817,0.006122,0.1618,0.0000,6927.2,0.0798,4,0
45.3069,0.103115,59.997813,0.006126,0.1618,0.0000,6924.2,0.0801,4,0
45.2591,0.103226,59.997810,0.006130,0.1434,0.0000,6919.3,0.0803,4,0
45.2162,0.103338,59.997807,0.006134,0.1434,0.0000,6921.6,0.0803,4,0
45.1755,0.103449,59.997804,0.006137,0.1299,0.0000,6912.0,0.0808,4,0
45.1336,0.103561,59.997800,0.006141,0.1299,0.0000,6918.4,0.0816,4,0
45.0960,0.103672,59.997797,0.006145,0.1059,0.0000,6915.3,0.0826,4,0
45.0600,0.103783,59.997794,0.006149,0.1059,0.0000,6912.9,0.0841,4,0
45.0240,0.103895,59.997790,0.006153,0.0883,0.0000,6916.9,0.0861,4,0
44.9934,0.104006,59.997787,0.006157,0.0883,0.0000,6901.7,0.0884,4,0
44.9602,0.104117,59.997784,0.006161,0.0710,0.0000,6906.4,0.0910,4,0
44.9288,0.104228,59.997780,0.006165,0.0710,0.0000,6907.7,0.0936,4,0
44.9003,0.104338,59.997777,0.006168,0.0508,0.0000,6907.5,0.0963,4,0
44.8738,0.104449,59.997773,0.006172,0.0508,0.0000,6905.6,0.0988,4,0
44.8487,0.104560,59.997770,0.006176,0.0397,0.0000,6904.2,0.1010,4,0
44.8233,0.104671,59.997767,0.006179,0.0397,0.0000,6909.2,0.1028,4,0
44.7992,0.104781,59.997763,0.006183,0.0230,0.0000,6914.7,0.1044,4,0
44.7776,0.104892,59.997760,0.006187,0.0230,0.0000,6914.9,0.1059,4,0
44.7570,0.105002,59.997756,0.006190,0.0165,0.0000,6915.4,0.1072,4,0
44.7353,0.105113,59.997753,0.006194,0.0165,0.0000,6919.4,0.1084,4,0
44.7147,0.105223,59.997749,0.006198,0.0092,0.0000,6921.9,0.1092,4,0
44.6947,0.105333,59.997745,0.006201,0.0092,0.0000,6925.5,0.1098,4,0
44.6755,0.105444,59.997742,0.006204,0.0011,0.0000,6927.4,0.1102,4,0
44.6574,0.105554,59.997738,0.006208,0.0011,0.0000,6928.9,0.1105,4,0
44.6377,0.105664,59.997734,0.006211,0.0007,0.0000,6931.6,0.1099,4,0
44.6181,0.105774,59.997730,0.006215,0.0007,0.0000,6935.9,0.1088,4,0
44.5993,0.105884,59.997726,0.006218,0.0000,0.0000,6939.0,0.1074,4,0
44.5821,0.105994,59.997723,0.006222,0.0000,0.0000,6939.9,0.1057,4,0
44.5650,0.106104,59.997719,0.006225,0.0000,0.0000,6943.0,0.1038,4,0
44.5467,0.106214,59.997715,0.006229,0.0000,0.0000,6947.4,0.1019,4,0
44.5293,0.106324,59.997711,0.006232,0.0000,0.0000,6953.1,0.1001,4,0
44.5129,0.106434,59.997707,0.006235,0.0000,0.0000,6956.7,0.0989,4,0
44.4918,0.106544,59.997704,0.006238,0.0000,0.0000,6953.6,0.0983,4,0
44.4755,0.106654,59.997700,0.006241,0.0000,0.0000,6952.0,0.0995,4,0
44.4570,0.106763,59.997696,0.006244,0.0000,0.0000,6949.9,0.1010,4,0
44.4479,0.106873,59.997692,0.006247,0.0000,0.0000,6945.2,0.1032,4,0
44.4293,0.106983,59.997688,0.006251,0.0000,0.0000,6937.4,0.1059,4,0
44.4162,0.107093,59.997685,0.006254,0.0000,0.0000,6926.1,0.1089,4,0
44.3997,0.107202,59.997681,0.006257,0.0000,0.0000,6920.3,0.1137,4,0
44.3870,0.107312,59.997677,0.006260,0.0000,0.0000,6915.3,0.1165,4,0
44.3750,0.107421,59.997674,0.006263,0.0000,0.0000,6908.6,0.1204,4,0
44.3604,0.107531,59.997670,0.006266,0.0000,0.0000,6894.7,0.1241,4,0
44.3386,0.107640,59.997667,0.006269,0.0000,0.0000,6920.5,0.1274,4,0
44.3118,0.107750,59.997663,0.006272,0.0000,0.0000,6944.3,0.1311,4,0
44.2874,0.107859,59.997660,0.006275,0.0000,0.0000,6934.4,0.1341,4,0
44.2667,0.107968,59.997657,0.006278,0.0000,0.0000,6914.4,0.1364,4,0
44.2500,0.108077,59.997653,0.006281,0.0000,0.0000,6896.8,0.1369,4,0
44.2263,0.108187,59.997650,0.006283,0.0000,0.0000,6896.3,0.1364,4,0
44.2086,0.108296,59.997646,0.006286,0.0000,0.0000,6899.8,0.1347,4,0
44.1833,0.108405,59.997643,0.006289,0.0000,0.0000,6915.3,0.1333,4,0
44.1605,0.108514,59.997639,0.006292,0.0065,0.0000,6920.4,0.1307,4,0
44.1347,0.108623,59.997635,0.006295,0.0065,0.0000,6928.7,0.1286,4,0
44.1134,0.108732,59.997631,0.006297,0.0000,0.0000,6936.4,0.1255,4,0
44.0889,0.108841,59.997627,0.006300,0.0000,0.0000,6959.6,0.1229,4,0
44.0762,0.108949,59.997624,0.006302,0.0121,0.0000,6917.2,0.1204,4,0
44.0574,0.109058,59.997620,0.006305,0.0121,0.0000,6925.7,0.1182,4,0
44.0481,0.109167,59.997616,0.006308,0.0036,0.0000,6896.9,0.1181,4,0
44.0276,0.109276,59.997612,0.006310,0.0036,0.0000,6906.2,0.1184,4,0
44.0099,0.109384,59.997608,0.006313,0.0071,0.0000,6899.9,0.1204,4,0
43.9877,0.109493,59.997604,0.006316,0.0071,0.0000,6902.0,0.1225,4,0
43.9699,0.109601,59.997600,0.006318,0.0039,0.0000,6895.3,0.1254,4,0
43.9593,0.109710,59.997596,0.006320,0.0039,0.0000,6868.5,0.1288,4,0
43.9435,0.109818,59.997593,0.006323,0.0047,0.0000,6851.9,0.1323,4,0
43.9274,0.109927,59.997589,0.006325,0.0047,0.0000,6836.9,0.1381,4,0
43.9085,0.110035,59.997585,0.006328,0.0034,0.0000,6841.2,0.1424,4,0
43.8917,0.110143,59.997581,0.006330,0.0034,0.0000,6827.1,0.1483,4,0
43.8704,0.110252,59.997577,0.006332,0.0041,0.0000,6825.1,0.1536,4,0
43.8522,0.110360,59.997574,0.006335,0.0041,0.0000,6823.3,0.1582,4,0
43.8288,0.110468,59.997570,0.006337,0.0033,0.0000,6821.7,0.1636,4,0
43.8126,0.110576,59.997566,0.006340,0.0033,0.0000,6807.2,0.1687,4,0
43.7894,0.110685,59.997562,0.006342,0.0000,0.0000,6811.4,0.1729,4,0
43.7627,0.110793,59.997558,0.006344,0.0000,0.0000,6812.5,0.1769,4,0
43.7444,0.110901,59.997555,0.006346,0.0000,0.0000,6815.2,0.1816,4,0
43.7221,0.111008,59.997551,0.006348,0.0000,0.0000,6814.2,0.1854,4,0
43.6913,0.111116,59.997547,0.006350,0.0000,0.0000,6826.7,0.1876,4,0
43.6601,0.111224,59.997543,0.006352,0.0000,0.0000,6832.5,0.1886,4,0
43.6299,0.111332,59.997539,0.006355,0.0000,0.0000,6811.7,0.1885,4,0
43.5975,0.111439,59.997536,0.006357,0.0000,0.0000,6810.9,0.1867,4,0
43.5644,0.111547,59.997532,0.006359,0.0000,0.0000,6819.8,0.1834,4,0
43.5291,0.111654,59.997528,0.006361,0.0000,0.0000,6841.0,0.1787,4,0
43.4966,0.111762,59.997524,0.006363,0.0000,0.0000,6858.7,0.1731,4,0
43.4656,0.111869,59.997520,0.006365,0.0000,0.0000,6872.4,0.1671,4,0
43.4348,0.111976,59.997517,0.006367,0.0000,0.0000,6884.5,0.1608,4,0
43.4071,0.112083,59.997513,0.006368,0.0000,0.0000,6886.0,0.1545,4,0
43.3814,0.112191,59.997509,0.006370,0.0000,0.0000,6883.8,0.1488,4,0
43.3581,0.112298,59.997505,0.006372,0.0000,0.0000,6872.3,0.1446,4,0
43.3351,0.112405,59.997501,0.006374,0.0000,0.0000,6864.3,0.1418,4,0
43.3117,0.112512,59.997498,0.006376,0.0000,0.0000,6860.4,0.1402,4,0
43.2915,0.112618,59.997494,0.006377,0.0000,0.0000,6845.8,0.1395,4,0
43.2719,0.112725,59.997490,0.006379,0.0000,0.0000,6830.3,0.1395,4,0
43.2517,0.112832,59.997486,0.006381,0.0000,0.0000,6814.7,0.1403,4,0
43.2299,0.112939,59.997482,0.006382,0.0000,0.0000,6808.8,0.1413,4,0
43.2074,0.113045,59.997478,0.006384,0.0000,0.0000,6805.3,0.1420,4,0
43.1861,0.113152,59.997474,0.006385,0.0000,0.0000,6798.9,0.1425,4,0
43.1660,0.113259,59.997470,0.006386,0.0000,0.0000,6788.4,0.1427,4,0
43.1454,0.113365,59.997466,0.006388,0.0000,0.0000,6784.2,0.1429,4,0
43.1244,0.113471,59.997462,0.006389,0.0000,0.0000,6780.2,0.1428,4,0
43.1047,0.113578,59.997458,0.006391,0.0000,0.0000,6772.3,0.1424,4,0
43.0854,0.113684,59.997454,0.006392,0.0000,0.0000,6761.4,0.1417,4,0
43.0662,0.113791,59.997450,0.006394,0.0000,0.0000,6748.8,0.1409,4,0
43.0475,0.113897,59.997446,0.006395,0.0000,0.0000,6738.3,0.1400,4,0
43.0284,0.114003,59.997443,0.006396,0.0000,0.0000,6728.5,0.1388,4,0
43.0078,0.114109,59.997439,0.006397,0.0000,0.0000,6721.7,0.1372,4,0
42.9876,0.114215,59.997436,0.006398,0.0000,0.0000,6713.9,0.1350,4,0
42.9682,0.114321,59.997432,0.006399,0.0000,0.0000,6704.2,0.1329,4,0
42.9479,0.114427,59.997428,0.006400,0.0000,0.0000,6701.5,0.1305,4,0
42.9285,0.114533,59.997425,0.006402,0.0000,0.0197,6698.5,0.1277,4,0
42.9089,0.114639,59.997421,0.006403,0.0000,0.0197,6695.8,0.1244,4,0
42.8884,0.114745,59.997418,0.006404,0.0000,0.0445,6695.2,0.1209,4,0
42.8688,0.114851,59.997414,0.006405,0.0000,0.0445,6694.7,0.1177,4,0
42.8495,0.114957,59.997410,0.006406,0.0000,0.0737,6697.4,0.1148,4,0
42.8300,0.115063,59.997406,0.006407,0.0000,0.0737,6705.2,0.1120,4,0
42.8129,0.115168,59.997402,0.006407,0.0000,0.1144,6711.5,0.1096,4,0
42.7978,0.115274,59.997398,0.006408,0.0000,0.1144,6711.8,0.1078,4,0
42.7835,0.115380,59.997394,0.006409,0.0000,0.1603,6716.8,0.1067,4,0
42.7702,0.115485,59.997391,0.006410,0.0000,0.1603,6723.6,0.1064,4,0
42.7578,0.115591,59.997387,0.006411,0.0000,0.2065,6733.1,0.1066,4,0
42.7465,0.115696,59.997383,0.006411,0.0000,0.2065,6740.7,0.1076,4,0
42.7362,0.115802,59.997379,0.006412,0.0000,0.2451,6744.8,0.1090,4,0
42.7282,0.115907,59.997375,0.006413,0.0000,0.2451,6747.7,0.1111,4,0
42.7207,0.116013,59.997371,0.006414,0.0000,0.2689,6752.2,0.1135,4,0
42.7127,0.116118,59.997367,0.006414,0.0000,0.2689,6760.5,0.1159,4,0
42.7057,0.116223,59.997364,0.006415,0.0000,0.2771,6763.2,0.1184,4,0
42.6998,0.116329,59.997360,0.006415,0.0000,0.2771,6763.7,0.1212,4,0
42.6949,0.116434,59.997356,0.006416,0.0000,0.2787,6761.9,0.1243,4,0
42.6903,0.116540,59.997352,0.006416,0.0000,0.2787,6759.8,0.1275,4,0
42.6841,0.116645,59.997348,0.006417,0.0000,0.2767,6760.2,0.1306,4,0
42.6783,0.116750,59.997345,0.006417,0.0000,0.2767,6757.1,0.1338,4,0
42.6741,0.116856,59.997341,0.006418,0.0000,0.2789,6752.0,0.1373,4,0
42.6700,0.116961,59.997337,0.006418,0.0000,0.2789,6745.9,0.1409,4,0
42.6656,0.117066,59.997333,0.006418,0.0000,0.2885,6739.6,0.1444,4,0
42.6613,0.117172,59.997330,0.006419,0.0000,0.2885,6733.6,0.1477,4,0
42.6563,0.117277,59.997326,0.006419,0.0000,0.3049,6730.0,0.1508,4,0
42.6523,0.117382,59.997322,0.006419,0.0000,0.3049,6724.9,0.1541,4,0
42.6478,0.117488,59.997318,0.006419,0.0000,0.3179,6722.4,0.1572,4,0
42.6429,0.117593,59.997315,0.006420,0.0000,0.3179,6721.0,0.1598,4,0
42.6368,0.117698,59.997311,0.006420,0.0000,0.3217,6722.5,0.1619,4,0
42.6314,0.117803,59.997307,0.006420,0.0000,0.3217,6719.9,0.1635,4,0
42.6261,0.117909,59.997304,0.006420,0.0000,0.3170,6717.0,0.1649,4,0
42.6206,0.118014,59.997300,0.006421,0.0000,0.3170,6714.8,0.1658,4,0
42.6144,0.118119,59.997296,0.006421,0.0000,0.3059,6714.6,0.1662,4,0
42.6075,0.118224,59.997292,0.006421,0.0000,0.3059,6713.9,0.1658,4,0
42.6006,0.118329,59.997288,0.006421,0.0000,0.2946,6711.6,0.1653,4,0
42.5941,0.118434,59.997284,0.006420,0.0000,0.2946,6709.1,0.1647,4,0
42.5879,0.118540,59.997280,0.006420,0.0000,0.2881,6705.1,0.1637,4,0
42.5806,0.118645,59.997276,0.006420,0.0000,0.2881,6705.9,0.1626,4,0
42.5719,0.118750,59.997272,0.006420,0.0000,0.2836,6707.1,0.1611,4,0
42.5644,0.118855,59.997268,0.006420,0.0000,0.2836,6706.5,0.1596,4,0
42.5577,0.118960,59.997264,0.006420,0.0000,0.2866,6704.7,0.1583,4,0
42.5501,0.119065,59.997260,0.006420,0.0000,0.2866,6707.4,0.1570,4,0
42.5427,0.119170,59.997256,0.006420,0.0000,0.2905,6708.6,0.1555,4,0
42.5344,0.119275,59.997253,0.006420,0.0000,0.2905,6711.4,0.1540,4,0
42.5275,0.119380,59.997249,0.006419,0.0000,0.2922,6709.3,0.1527,4,0
42.5209,0.119485,59.997245,0.006419,0.0000,0.2922,6708.9,0.1515,4,0
42.5138,0.119590,59.997242,0.006419,0.0000,0.2945,6709.8,0.1503,4,0
42.5064,0.119695,59.997238,0.006418,0.0000,0.2945,6709.5,0.1489,4,0
42.4987,0.119800,59.997234,0.006418,0.0000,0.3045,6712.6,0.1475,4,0
42.4920,0.119905,59.997230,0.006418,0.0000,0.3045,6712.2,0.1462,4,0
42.4850,0.120010,59.997227,0.006418,0.0000,0.3230,6713.6,0.1448,4,0
42.4799,0.120114,59.997223,0.006417,0.0000,0.3230,6715.2,0.1432,4,0
42.4736,0.120219,59.997219,0.006417,0.0000,0.3470,6718.2,0.1413,4,0
42.4674,0.120324,59.997215,0.006416,0.0000,0.3470,6723.5,0.1390,4,0
42.4636,0.120429,59.997212,0.006415,0.0000,0.3767,6725.1,0.1367,4,0
42.4612,0.120534,59.997208,0.006415,0.0000,0.3767,6727.3,0.1339,4,0
42.4580,0.120639,59.997204,0.006414,0.0000,0.4144,6735.2,0.1306,4,0
42.4557,0.120743,59.997200,0.006414,0.0000,0.4144,6743.0,0.1269,4,0
42.4546,0.120848,59.997196,0.006413,0.0000,0.4628,6752.3,0.1229,4,0
42.4562,0.120953,59.997193,0.006412,0.0000,0.4628,6758.9,0.1189,4,0
42.4584,0.121058,59.997189,0.006412,0.0000,0.5177,6768.2,0.1150,4,0
42.4627,0.121163,59.997185,0.006411,0.0000,0.5177,6778.8,0.1111,4,0
42.4664,0.121267,59.997181,0.006410,0.0000,0.5779,6791.3,0.1075,4,0
42.4722,0.121372,59.997177,0.006410,0.0000,0.5779,6802.6,0.1043,4,0
42.4806,0.121477,59.997174,0.006409,0.0000,0.6295,6812.7,0.1016,4,0
42.4906,0.121582,59.997170,0.006408,0.0000,0.6295,6820.2,0.0993,4,0
42.5009,0.121687,59.997166,0.006407,0.0000,0.6736,6830.1,0.0975,4,0
42.5113,0.121792,59.997162,0.006406,0.0000,0.6736,6841.0,0.0960,4,0
42.5244,0.121897,59.997158,0.006405,0.0000,0.7133,6846.5,0.0950,4,0
42.5376,0.122002,59.997155,0.006404,0.0000,0.7133,6856.0,0.0944,4,0
42.5529,0.122107,59.997151,0.006403,0.0000,0.7476,6861.7,0.0940,4,0
42.5670,0.122212,59.997147,0.006402,0.0000,0.7476,6873.2,0.0937,4,0
42.5819,0.122317,59.997143,0.006401,0.0000,0.7776,6882.5,0.0935,4,0
42.5978,0.122422,59.997140,0.006400,0.0000,0.7776,6894.6,0.0933,4,0
42.6154,0.122528,59.997136,0.006399,0.0000,0.8071,6903.0,0.0932,4,0
42.6360,0.122633,59.997132,0.006398,0.0000,0.8071,6902.9,0.0929,4,0
42.6555,0.122738,59.997128,0.006397,0.0000,0.8336,6906.8,0.0925,4,0
42.6750,0.122843,59.997125,0.006395,0.0000,0.8336,6916.9,0.0920,4,0
42.6960,0.122949,59.997121,0.006394,0.0000,0.8604,6924.2,0.0916,4,0
42.7181,0.123054,59.997117,0.006393,0.0000,0.8604,6927.9,0.0911,4,0
42.7431,0.123160,59.997114,0.006392,0.0000,0.8886,6925.8,0.0907,4,0
42.7661,0.123265,59.997110,0.006391,0.0000,0.8886,6929.9,0.0905,4,0
42.7887,0.123371,59.997106,0.006389,0.0000,0.9172,6940.0,0.0903,4,0
42.8127,0.123477,59.997102,0.006388,0.0000,0.9172,6947.7,0.0906,4,0
42.8377,0.123582,59.997098,0.006386,0.0000,0.9447,6947.7,0.0911,4,0
42.8628,0.123688,59.997094,0.006385,0.0000,0.9447,6949.2,0.0915,4,0
42.8860,0.123794,59.997090,0.006384,0.0000,0.9730,6951.6,0.0919,4,0
42.9076,0.123900,59.997086,0.006382,0.0000,0.9730,6959.5,0.0924,4,0
42.9304,0.124006,59.997082,0.006381,0.0000,0.9982,6966.8,0.0929,4,0
42.9534,0.124112,59.997078,0.006379,0.0000,0.9982,6973.8,0.0933,4,0
42.9775,0.124218,59.997074,0.006378,0.0000,1.0000,6975.5,0.0936,4,0
43.0009,0.124324,59.997070,0.006377,0.0000,1.0000,6974.2,0.0939,4,0
43.0227,0.124430,59.997066,0.006375,0.0000,1.0000,6978.9,0.0942,4,0
43.0436,0.124537,59.997062,0.006373,0.0000,1.0000,6986.4,0.0945,4,0
43.0653,0.124643,59.997059,0.006371,0.0000,1.0000,6989.5,0.0945,4,0
43.0870,0.124749,59.997055,0.006370,0.0000,1.0000,6991.6,0.0945,4,0
43.1064,0.124856,59.997051,0.006368,0.0000,1.0000,6998.1,0.0944,4,0
43.1247,0.124962,59.997047,0.006366,0.0000,1.0000,7011.6,0.0942,4,0
43.1444,0.125069,59.997043,0.006365,0.0000,1.0000,7020.5,0.0939,4,0
43.1638,0.125175,59.997040,0.006363,0.0000,1.0000,7024.4,0.0936,4,0
43.1821,0.125282,59.997036,0.006361,0.0000,1.0000,7030.0,0.0932,4,0
43.2025,0.125389,59.997032,0.006360,0.0000,1.0000,7035.6,0.0929,4,0
43.2250,0.125495,59.997029,0.006358,0.0000,1.0000,7039.0,0.0928,4,0
43.2476,0.125602,59.997025,0.006356,0.0000,1.0000,7038.2,0.0928,4,0
43.2709,0.125709,59.997022,0.006354,0.0000,1.0000,7039.1,0.0931,4,0
43.2926,0.125816,59.997018,0.006352,0.0000,1.0000,7047.5,0.0937,4,0
43.3160,0.125923,59.997015,0.006350,0.0000,1.0000,7051.9,0.0948,4,0
43.3411,0.126030,59.997012,0.006348,0.0000,1.0000,7051.6,0.0963,4,0
43.3666,0.126137,59.997008,0.006346,0.0000,1.0000,7050.5,0.0981,4,0
43.3918,0.126244,59.997005,0.006344,0.0000,1.0000,7047.5,0.1002,4,0
43.4157,0.126351,59.997001,0.006342,0.0000,1.0000,7047.9,0.1025,4,0
43.4425,0.126458,59.996998,0.006340,0.0000,1.0000,7038.5,0.1052,4,0
43.4700,0.126566,59.996994,0.006338,0.0000,1.0000,7027.0,0.1079,4,0
43.4987,0.126673,59.996990,0.006335,0.0000,1.0000,7011.0,0.1107,4,0
43.5253,0.126780,59.996987,0.006333,0.0000,1.0000,7000.3,0.1134,4,0
43.5498,0.126888,59.996983,0.006331,0.0000,1.0000,6996.0,0.1159,4,0
43.5736,0.126995,59.996979,0.006329,0.0000,1.0000,6995.6,0.1182,4,0
43.5967,0.127103,59.996975,0.006326,0.0000,1.0000,6997.5,0.1200,4,0
43.6209,0.127211,59.996971,0.006324,0.0000,1.0000,6995.8,0.1212,4,0
43.6439,0.127319,59.996968,0.006322,0.0000,1.0000,6993.1,0.1217,4,0
43.6657,0.127426,59.996964,0.006320,0.0000,1.0000,6995.1,0.1217,4,0
43.6865,0.127534,59.996960,0.006318,0.0000,1.0000,7002.6,0.1208,4,0
43.7075,0.127642,59.996956,0.006315,0.0000,1.0000,7009.4,0.1191,4,0
43.7294,0.127750,59.996952,0.006313,0.0000,1.0000,7013.7,0.1168,4,0
43.7498,0.127858,59.996948,0.006310,0.0000,1.0000,7023.6,0.1139,4,0
43.7704,0.127966,59.996944,0.006308,0.0000,1.0000,7034.5,0.1108,4,0
43.7924,0.128074,59.996940,0.006305,0.0000,1.0000,7039.1,0.1075,4,0
43.8150,0.128182,59.996936,0.006303,0.0000,1.0000,7041.2,0.1040,4,0
43.8381,0.128291,59.996932,0.006300,0.0000,1.0000,7043.7,0.1005,4,0
43.8599,0.128399,59.996928,0.006298,0.0000,1.0000,7050.4,0.0972,4,0
43.8820,0.128507,59.996924,0.006296,0.0000,1.0000,7056.0,0.0944,4,0
43.9041,0.128616,59.996920,0.006293,0.0000,1.0000,7061.0,0.0917,4,0
43.9266,0.128724,59.996916,0.006290,0.0000,1.0000,7066.9,0.0895,4,0
43.9487,0.128832,59.996913,0.006288,0.0000,1.0000,7071.2,0.0876,4,0
43.9714,0.128941,59.996909,0.006285,0.0000,1.0000,7073.1,0.0861,4,0
43.9934,0.129050,59.996905,0.006282,0.0000,1.0000,7077.0,0.0851,4,0
44.0158,0.129158,59.996901,0.006280,0.0000,1.0000,7081.6,0.0843,4,0
44.0387,0.129267,59.996898,0.006277,0.0000,1.0000,7084.5,0.0838,4,0
44.0614,0.129376,59.996894,0.006274,0.0000,1.0000,7086.7,0.0835,4,0
44.0840,0.129485,59.996890,0.006272,0.0000,1.0000,7089.0,0.0835,4,0
44.1075,0.129593,59.996887,0.006269,0.0000,1.0000,7086.5,0.0837,4,0
44.1299,0.129702,59.996883,0.006266,0.0000,1.0000,7089.1,0.0841,4,0
44.1532,0.129811,59.996880,0.006264,0.0000,1.0000,7089.9,0.0847,4,0
44.1765,0.129920,59.996876,0.006261,0.0000,1.0000,7091.0,0.0855,4,0
44.1999,0.130030,59.996873,0.006258,0.0000,1.0000,7092.8,0.0866,4,0
44.2244,0.130139,59.996870,0.006255,0.0000,1.0000,7091.4,0.0877,4,0
44.2468,0.130248,59.996866,0.006252,0.0000,1.0000,7097.9,0.0889,4,0
44.2698,0.130357,59.996863,0.006249,0.0000,1.0000,7100.7,0.0902,4,0
44.2929,0.130467,59.996860,0.006246,0.0000,1.0000,7101.3,0.0917,4,0
44.3157,0.130576,59.996857,0.006243,0.0000,1.0000,7103.2,0.0931,4,0
44.3379,0.130685,59.996853,0.006240,0.0000,1.0000,7106.7,0.0946,4,0
44.3602,0.130795,59.996850,0.006237,0.0000,1.0000,7110.5,0.0958,4,0
44.3821,0.130905,59.996846,0.006234,0.0000,1.0000,7113.4,0.0969,4,0
44.4039,0.131014,59.996842,0.006231,0.0000,1.0000,7116.3,0.0980,4,0
44.4260,0.131124,59.996838,0.006228,0.0000,1.0000,7115.7,0.0989,4,0
44.4480,0.131234,59.996834,0.006225,0.0000,1.0000,7118.7,0.0995,4,0
44.4690,0.131343,59.996830,0.006222,0.0000,1.0000,7125.6,0.0998,4,0
44.4900,0.131453,59.996826,0.006219,0.0000,1.0000,7132.0,0.1000,4,0
44.5114,0.131563,59.996822,0.006216,0.0000,1.0000,7135.1,0.1002,4,0
44.5332,0.131673,59.996818,0.006213,0.0000,1.0000,7135.2,0.1001,4,0
44.5544,0.131783,59.996814,0.006210,0.0000,1.0000,7140.6,0.1001,4,0
44.5756,0.131893,59.996810,0.006206,0.0000,1.0000,7146.9,0.0999,4,0
44.5972,0.132003,59.996807,0.006203,0.0000,1.0000,7149.2,0.0998,4,0
44.6183,0.132113,59.996803,0.006200,0.0000,1.0000,7152.9,0.0999,4,0
44.6386,0.132223,59.996800,0.006196,0.0000,1.0000,7157.8,0.1003,4,0
44.6591,0.132334,59.996797,0.006193,0.0000,1.0000,7165.6,0.1003,4,0
44.6795,0.132444,59.996794,0.006190,0.0000,1.0000,7172.4,0.1000,4,0
44.7006,0.132554,59.996790,0.006187,0.0000,1.0000,7176.1,0.1002,4,0
44.7214,0.132665,59.996787,0.006183,0.0000,1.0000,7177.8,0.1005,4,0
44.7416,0.132775,59.996784,0.006180,0.0000,1.0000,7185.4,0.1006,4,0
44.7622,0.132886,59.996780,0.006177,0.0000,1.0000,7191.1,0.1008,4,0
44.7829,0.132996,59.996777,0.006173,0.0000,1.0000,7195.9,0.1011,4,0
44.8037,0.133107,59.996773,0.006170,0.0000,1.0000,7199.2,0.1017,4,0
44.8258,0.133217,59.996770,0.006166,0.0000,1.0000,7199.6,0.1024,4,0
44.8475,0.133328,59.996766,0.006163,0.0000,1.0000,7204.0,0.1031,4,0
44.8686,0.133439,59.996762,0.006159,0.0000,1.0000,7208.3,0.1039,4,0
44.8895,0.133550,59.996758,0.006156,0.0000,1.0000,7213.0,0.1051,4,0
44.9123,0.133661,59.996755,0.006152,0.0000,1.0000,7212.9,0.1065,4,0
44.9347,0.133772,59.996751,0.006149,0.0000,1.0000,7213.0,0.1081,4,0
44.9564,0.133883,59.996747,0.006145,0.0000,1.0000,7214.6,0.1098,4,0
44.9777,0.133994,59.996744,0.006141,0.0000,1.0000,7214.6,0.1117,4,0
44.9993,0.134105,59.996740,0.006138,0.0000,1.0000,7214.9,0.1138,4,0
45.0206,0.134216,59.996736,0.006134,0.0000,1.0000,7215.5,0.1159,4,0
45.0420,0.134327,59.996733,0.006130,0.0000,1.0000,7216.4,0.1178,4,0
45.0640,0.134438,59.996729,0.006127,0.0000,1.0000,7214.3,0.1195,4,0
45.0855,0.134550,59.996726,0.006123,0.0000,1.0000,7214.8,0.1211,4,0
45.1064,0.134661,59.996722,0.006119,0.0000,1.0000,7217.8,0.1229,4,0
45.1282,0.134772,59.996718,0.006116,0.0000,1.0000,7220.2,0.1242,4,0
45.1491,0.134884,59.996715,0.006112,0.0000,1.0000,7222.4,0.1252,4,0
45.1707,0.134995,59.996711,0.006108,0.0000,1.0000,7221.5,0.1258,4,0
45.1915,0.135107,59.996708,0.006104,0.0000,1.0000,7225.0,0.1262,4,0
45.2118,0.135218,59.996704,0.006101,0.0000,1.0000,7228.7,0.1264,4,0
45.2315,0.135330,59.996700,0.006097,0.0000,1.0000,7234.3,0.1262,4,0
45.2513,0.135442,59.996696,0.006093,0.0000,1.0000,7236.5,0.1255,4,0
45.2710,0.135554,59.996693,0.006089,0.0000,1.0000,7239.6,0.1246,4,0
45.2903,0.135665,59.996689,0.006085,0.0000,1.0000,7243.7,0.1235,4,0
45.3094,0.135777,59.996685,0.006081,0.0000,1.0000,7250.1,0.1221,4,0
45.3283,0.135889,59.996681,0.006077,0.0000,1.0000,7258.0,0.1205,4,0
45.3480,0.136001,59.996677,0.006073,0.0000,1.0000,7259.7,0.1189,4,0
45.3683,0.136113,59.996674,0.006069,0.0000,1.0000,7264.9,0.1174,4,0
45.3878,0.136225,59.996670,0.006065,0.0000,1.0000,7270.7,0.1162,4,0
45.4070,0.136337,59.996666,0.006061,0.0000,1.0000,7277.2,0.1150,4,0
45.4271,0.136449,59.996662,0.006057,0.0000,1.0000,7283.5,0.1141,4,0
45.4481,0.136562,59.996659,0.006053,0.0000,1.0000,7283.7,0.1135,4,0
45.4678,0.136674,59.996655,0.006049,0.0000,1.0000,7291.3,0.1134,4,0
45.4870,0.136786,59.996652,0.006045,0.0000,1.0000,7298.7,0.1137,4,0
45.5071,0.136898,59.996648,0.006041,0.0000,1.0000,7306.2,0.1143,4,0
45.5284,0.137011,59.996644,0.006037,0.0000,1.0000,7306.4,0.1152,4,0
45.5508,0.137123,59.996641,0.006032,0.0000,1.0000,7302.1,0.1165,4,0
45.5705,0.137236,59.996637,0.006028,0.0000,1.0000,7306.4,0.1181,4,0
45.5895,0.137348,59.996634,0.006024,0.0000,1.0000,7312.8,0.1197,4,0
45.6089,0.137461,59.996630,0.006020,0.0000,1.0000,7315.3,0.1212,4,0
45.6291,0.137574,59.996627,0.006016,0.0000,1.0000,7313.3,0.1226,4,0
45.6487,0.137686,59.996623,0.006011,0.0000,1.0000,7313.9,0.1239,4,0
45.6674,0.137799,59.996620,0.006007,0.0000,1.0000,7319.3,0.1249,4,0
45.6860,0.137912,59.996617,0.006003,0.0000,1.0000,7324.5,0.1255,4,0
45.7048,0.138025,59.996614,0.005998,0.0000,1.0000,7327.3,0.1256,4,0
45.7246,0.138137,59.996610,0.005994,0.0000,1.0000,7328.8,0.1257,4,0
45.7435,0.138250,59.996607,0.005990,0.0000,1.0000,7335.0,0.1254,4,0
45.7623,0.138363,59.996604,0.005985,0.0000,1.0000,7340.3,0.1249,4,0
45.7813,0.138476,59.996600,0.005981,0.0000,1.0000,7346.1,0.1241,4,0
45.8009,0.138589,59.996597,0.005977,0.0000,1.0000,7348.4,0.1233,4,0
45.8206,0.138703,59.996594,0.005972,0.0000,1.0000,7352.7,0.1227,4,0
45.8389,0.138816,59.996590,0.005968,0.0000,1.0000,7362.5,0.1222,4,0
45.8585,0.138929,59.996587,0.005963,0.0000,1.0000,7367.4,0.1218,4,0
45.8777,0.139042,59.996583,0.005958,0.0000,1.0000,7373.0,0.1215,4,0
45.8986,0.139155,59.996580,0.005954,0.0000,1.0000,7373.8,0.1217,4,0
45.9188,0.139269,59.996577,0.005949,0.0000,1.0000,7378.5,0.1223,4,0
45.9389,0.139382,59.996573,0.005945,0.0000,1.0000,7384.1,0.1231,4,0
45.9585,0.139496,59.996570,0.005940,0.0000,1.0000,7389.4,0.1241,4,0
45.9780,0.139609,59.996566,0.005936,0.0000,1.0000,7393.7,0.1253,4,0
45.9984,0.139723,59.996563,0.005931,0.0000,1.0000,7395.6,0.1268,4,0
46.0183,0.139836,59.996560,0.005926,0.0000,1.0000,7400.4,0.1284,4,0
46.0387,0.139950,59.996556,0.005922,0.0000,1.0000,7403.4,0.1301,4,0
46.0592,0.140064,59.996553,0.005917,0.0000,1.0000,7406.3,0.1318,4,0
46.0797,0.140177,59.996550,0.005912,0.0000,1.0000,7409.3,0.1337,4,0
46.1009,0.140291,59.996547,0.005907,0.0000,1.0000,7410.6,0.1357,4,0
46.1213,0.140405,59.996543,0.005903,0.0000,1.0000,7414.8,0.1375,4,0
46.1403,0.140519,59.996540,0.005898,0.0000,1.0000,7420.1,0.1390,4,0
46.1602,0.140633,59.996537,0.005893,0.0000,1.0000,7421.8,0.1402,4,0
46.1804,0.140747,59.996533,0.005888,0.0000,1.0000,7423.2,0.1413,4,0
46.1990,0.140861,59.996530,0.005884,0.0000,1.0000,7428.6,0.1418,4,0
46.2164,0.140975,59.996527,0.005879,0.0000,1.0000,7435.6,0.1418,4,0
46.2345,0.141089,59.996524,0.005874,0.0000,1.0000,7440.0,0.1412,4,0
46.2530,0.141203,59.996521,0.005869,0.0000,1.0000,7441.1,0.1402,4,0
46.2717,0.141318,59.996518,0.005864,0.0000,1.0000,7444.7,0.1387,4,0
46.2892,0.141432,59.996515,0.005859,0.0000,1.0000,7452.4,0.1365,4,0
46.3060,0.141546,59.996512,0.005854,0.0000,1.0000,7461.5,0.1337,4,0
46.3242,0.141661,59.996509,0.005849,0.0000,1.0000,7465.7,0.1306,4,0
46.3439,0.141775,59.996506,0.005844,0.0000,1.0000,7467.0,0.1275,4,0
46.3614,0.141889,59.996503,0.005839,0.0000,1.0000,7475.0,0.1238,4,0
46.3777,0.142004,59.996500,0.005834,0.0000,1.0000,7483.3,0.1200,4,0
46.3938,0.142118,59.996496,0.005829,0.0000,1.0000,7495.7,0.1160,4,0
46.4124,0.142233,59.996493,0.005824,0.0000,1.0000,7498.5,0.1124,4,0
46.4301,0.142348,59.996489,0.005819,0.0000,1.0000,7504.5,0.1089,4,0
46.4478,0.142462,59.996486,0.005814,0.0000,1.0000,7513.6,0.1056,4,0
46.4656,0.142577,59.996482,0.005809,0.0000,1.0000,7520.2,0.1027,4,0
46.4833,0.142692,59.996478,0.005804,0.0000,1.0000,7525.0,0.1002,4,0
46.5026,0.142807,59.996475,0.005799,0.0000,1.0000,7526.8,0.0981,4,0
46.5206,0.142921,59.996471,0.005793,0.0000,1.0000,7532.1,0.0965,4,0
46.5376,0.143036,59.996468,0.005788,0.0000,1.0000,7538.9,0.0954,4,0
46.5548,0.143151,59.996464,0.005783,0.0000,1.0000,7544.2,0.0946,4,0
46.5735,0.143266,59.996461,0.005778,0.0000,1.0000,7545.6,0.0945,4,0
46.5915,0.143381,59.996458,0.005772,0.0000,1.0000,7549.0,0.0948,4,0
46.6089,0.143496,59.996455,0.005767,0.0000,1.0000,7554.1,0.0954,4,0
46.6260,0.143611,59.996452,0.005762,0.0000,1.0000,7559.3,0.0961,4,0
46.6441,0.143726,59.996448,0.005756,0.0000,1.0000,7562.4,0.0973,4,0
46.6627,0.143842,59.996445,0.005751,0.0000,1.0000,7561.6,0.0986,4,0
46.6804,0.143957,59.996442,0.005746,0.0000,1.0000,7566.2,0.1000,4,0
46.6967,0.144072,59.996439,0.005740,0.0000,1.0000,7573.5,0.1016,4,0
46.7146,0.144187,59.996436,0.005735,0.0000,1.0000,7575.8,0.1032,4,0
46.7338,0.144303,59.996433,0.005730,0.0000,1.0000,7575.8,0.1050,4,0
46.7529,0.144418,59.996430,0.005724,0.0000,1.0000,7575.5,0.1069,4,0
46.7705,0.144534,59.996426,0.005719,0.0000,1.0000,7579.1,0.1086,4,0
46.7874,0.144649,59.996423,0.005713,0.0000,1.0000,7583.9,0.1103,4,0
46.8077,0.144765,59.996420,0.005707,0.0000,1.0000,7577.6,0.1121,4,0
46.8272,0.144880,59.996417,0.005702,0.0000,1.0000,7573.5,0.1138,4,0
46.8445,0.144996,59.996413,0.005696,0.0000,1.0000,7578.6,0.1151,4,0
46.8606,0.145112,59.996410,0.005691,0.0000,1.0000,7586.2,0.1162,4,0
46.8787,0.145227,59.996407,0.005685,0.0000,1.0000,7587.1,0.1170,4,0
46.8968,0.145343,59.996403,0.005680,0.0000,1.0000,7587.3,0.1176,4,0
46.9149,0.145459,59.996400,0.005674,0.0000,1.0000,7587.4,0.1176,4,0
46.9316,0.145575,59.996397,0.005668,0.0000,1.0000,7593.1,0.1171,4,0
46.9487,0.145691,59.996394,0.005663,0.0000,1.0000,7596.4,0.1163,4,0
46.9682,0.145807,59.996391,0.005657,0.0000,1.0000,7594.4,0.1154,4,0
46.9880,0.145923,59.996388,0.005651,0.0000,1.0000,7592.8,0.1142,4,0
47.0081,0.146039,59.996385,0.005645,0.0000,1.0000,7591.7,0.1126,4,0
47.0262,0.146155,59.996382,0.005639,0.0000,1.0000,7597.9,0.1110,4,0
47.0460,0.146271,59.996379,0.005634,0.0000,1.0000,7599.1,0.1094,4,0
47.0664,0.146387,59.996376,0.005628,0.0000,1.0000,7599.7,0.1078,4,0
47.0853,0.146503,59.996373,0.005622,0.0000,1.0000,7603.9,0.1061,4,0
47.1034,0.146620,59.996370,0.005616,0.0000,1.0000,7608.9,0.1042,4,0
47.1214,0.146736,59.996367,0.005611,0.0000,1.0000,7614.4,0.1024,4,0
47.1397,0.146852,59.996364,0.005605,0.0000,1.0000,7617.7,0.1006,4,0
47.1574,0.146969,59.996361,0.005599,0.0000,1.0000,7623.4,0.0985,4,0
47.1757,0.147085,59.996358,0.005593,0.0000,1.0000,7625.1,0.0962,4,0
47.1939,0.147202,59.996355,0.005587,0.0000,1.0000,7625.9,0.0936,4,0
47.2123,0.147318,59.996352,0.005581,0.0000,1.0000,7627.2,0.0907,4,0
47.2317,0.147435,59.996349,0.005575,0.0000,1.0000,7623.1,0.0872,4,0
47.2505,0.147552,59.996346,0.005569,0.0000,1.0000,7624.2,0.0831,4,0
47.2684,0.147668,59.996343,0.005563,0.0000,1.0000,7626.6,0.0786,4,0
47.2878,0.147785,59.996340,0.005557,0.0000,1.0000,7625.4,0.0737,4,0
47.3080,0.147902,59.996337,0.005551,0.0000,1.0000,7622.4,0.0685,4,0
47.3271,0.148019,59.996334,0.005545,0.0000,1.0000,7625.5,0.0628,4,0
47.3455,0.148135,59.996331,0.005539,0.0000,1.0000,7633.4,0.0568,4,0
47.3639,0.148252,59.996328,0.005533,0.0000,1.0000,7641.6,0.0509,4,0
47.3843,0.148369,59.996325,0.005526,0.0000,1.0000,7642.1,0.0453,4,0
47.4045,0.148486,59.996322,0.005520,0.0000,1.0000,7645.8,0.0394,4,0
47.4239,0.148603,59.996319,0.005514,0.0000,1.0000,7651.0,0.0339,4,0
47.4445,0.148721,59.996316,0.005508,0.0000,1.0000,7654.8,0.0287,4,0
47.4657,0.148838,59.996313,0.005502,0.0000,1.0000,7659.5,0.0240,4,0
47.4888,0.148955,59.996310,0.005496,0.0000,1.0000,7657.6,0.0196,4,0
47.5101,0.149072,59.996307,0.005489,0.0000,1.0000,7659.2,0.0154,4,0
47.5294,0.149190,59.996304,0.005483,0.0000,1.0000,7665.2,0.0116,4,0
47.5501,0.149307,59.996301,0.005477,0.0000,1.0000,7667.1,0.0082,4,0
47.5727,0.149424,59.996298,0.005471,0.0000,1.0000,7663.5,0.0055,4,0
47.5940,0.149542,59.996295,0.005464,0.0000,1.0000,7664.4,0.0031,4,0
47.6146,0.149659,59.996292,0.005458,0.0000,1.0000,7665.2,0.0013,4,0
47.6363,0.149777,59.996289,0.005452,0.0000,1.0000,7663.0,0.0003,4,0
47.6590,0.149895,59.996286,0.005445,0.0000,1.0000,7661.2,-0.0000,4,0
47.6834,0.150012,59.996283,0.005439,0.0000,1.0000,7650.6,0.0001,4,0
47.7068,0.150130,59.996280,0.005433,0.0000,1.0000,7642.9,0.0007,4,0
47.7294,0.150248,59.996277,0.005426,0.0000,1.0000,7638.8,0.0018,4,0
47.7530,0.150366,59.996275,0.005420,0.0000,1.0000,7633.7,0.0034,4,0
47.7769,0.150484,59.996272,0.005413,0.0000,1.0000,7628.7,0.0053,4,0
47.8003,0.150602,59.996270,0.005407,0.0000,1.0000,7624.6,0.0071,4,0
47.8236,0.150720,59.996267,0.005400,0.0000,1.0000,7618.8,0.0089,4,0
47.8469,0.150838,59.996264,0.005394,0.0000,1.0000,7616.3,0.0109,4,0
47.8702,0.150956,59.996262,0.005387,0.0000,1.0000,7616.3,0.0130,4,0
47.8942,0.151074,59.996259,0.005381,0.0000,1.0000,7613.7,0.0148,4,0
47.9182,0.151193,59.996257,0.005374,0.0000,1.0000,7607.7,0.0165,4,0
47.9430,0.151311,59.996254,0.005368,0.0000,1.0000,7601.5,0.0181,4,0
47.9667,0.151429,59.996251,0.005361,0.0000,1.0000,7602.6,0.0197,4,0
47.9900,0.151548,59.996249,0.005355,0.0000,1.0000,7605.8,0.0212,4,0
48.0153,0.151666,59.996246,0.005348,0.0000,1.0000,7599.6,0.0225,4,0
48.0414,0.151785,59.996243,0.005341,0.0000,1.0000,7588.5,0.0235,4,0
48.0670,0.151904,59.996240,0.005335,0.0000,1.0000,7582.7,0.0247,4,0
48.0907,0.152022,59.996238,0.005328,0.0000,1.0000,7587.4,0.0257,4,0
48.1153,0.152141,59.996235,0.005322,0.0000,1.0000,7585.3,0.0264,4,0
48.1423,0.152260,59.996232,0.005315,0.0000,1.0000,7569.7,0.0269,4,0
48.1677,0.152379,59.996230,0.005308,0.0000,1.0000,7564.0,0.0274,4,0
48.1924,0.152498,59.996227,0.005302,0.0000,1.0000,7565.2,0.0276,4,0
48.2166,0.152617,59.996224,0.005295,0.0000,1.0000,7566.1,0.0277,4,0
48.2415,0.152736,59.996222,0.005288,0.0000,1.0000,7560.8,0.0274,4,0
48.2645,0.152855,59.996219,0.005282,0.0000,1.0000,7565.3,0.0268,4,0
48.2883,0.152974,59.996216,0.005275,0.0000,1.0000,7569.3,0.0263,4,0
48.3114,0.153094,59.996214,0.005268,0.0000,1.0000,7575.4,0.0256,4,0
48.3342,0.153213,59.996211,0.005262,0.0000,1.0000,7581.2,0.0246,4,0
48.3568,0.153332,59.996208,0.005255,0.0000,1.0000,7585.8,0.0235,4,0
48.3792,0.153452,59.996205,0.005248,0.0000,1.0000,7593.6,0.0224,4,0
48.4024,0.153571,59.996203,0.005242,0.0000,1.0000,7599.7,0.0212,4,0
48.4252,0.153691,59.996200,0.005235,0.0000,1.0000,7605.0,0.0200,4,0
48.4491,0.153810,59.996197,0.005228,0.0000,1.0000,7602.7,0.0188,4,0
48.4715,0.153930,59.996194,0.005222,0.0000,1.0000,7608.0,0.0176,4,0
48.4948,0.154050,59.996191,0.005215,0.0000,1.0000,7612.3,0.0165,4,0
48.5165,0.154170,59.996188,0.005208,0.0000,1.0000,7623.4,0.0153,4,0
48.5396,0.154289,59.996185,0.005201,0.0000,1.0000,7625.0,0.0142,4,0
48.5620,0.154409,59.996182,0.005195,0.0000,1.0000,7629.6,0.0131,4,0
48.5846,0.154529,59.996179,0.005188,0.0000,1.0000,7637.2,0.0122,4,0
48.6077,0.154649,59.996176,0.005181,0.0000,1.0000,7643.1,0.0112,4,0
48.6308,0.154769,59.996173,0.005174,0.0000,1.0000,7646.8,0.0103,4,0
48.6543,0.154889,59.996170,0.005168,0.0000,1.0000,7647.7,0.0095,4,0
48.6767,0.155010,59.996167,0.005161,0.0000,1.0000,7655.2,0.0086,4,0
48.7001,0.155130,59.996165,0.005154,0.0000,1.0000,7660.6,0.0079,4,0
48.7222,0.155250,59.996162,0.005147,0.0000,1.0000,7668.9,0.0071,4,0
48.7466,0.155370,59.996159,0.005140,0.0000,1.0000,7665.8,0.0062,4,0
48.7709,0.155491,59.996156,0.005134,0.0000,1.0000,7663.6,0.0053,4,0
48.7942,0.155611,59.996154,0.005127,0.0000,1.0000,7667.4,0.0043,4,0
48.8183,0.155732,59.996151,0.005120,0.0000,1.0000,7669.4,0.0030,4,0
48.8426,0.155852,59.996148,0.005113,0.0000,1.0000,7666.2,0.0018,4,0
48.8659,0.155973,59.996146,0.005106,0.0000,1.0000,7667.7,0.0003,4,0
48.8901,0.156094,59.996143,0.005100,0.0000,1.0000,7666.1,-0.0013,4,0
48.9140,0.156214,59.996140,0.005093,0.0000,1.0000,7667.0,-0.0030,4,0
48.9379,0.156335,59.996138,0.005086,0.0000,1.0000,7665.6,-0.0047,4,0
48.9607,0.156456,59.996135,0.005079,0.0000,1.0000,7666.9,-0.0065,4,0
48.9837,0.156577,59.996133,0.005072,0.0000,1.0000,7668.7,-0.0083,4,0
49.0076,0.156698,59.996130,0.005065,0.0000,1.0000,7668.0,-0.0102,4,0
49.0301,0.156819,59.996127,0.005059,0.0000,1.0000,7672.0,-0.0123,4,0
49.0517,0.156940,59.996125,0.005052,0.0000,1.0000,7679.0,-0.0146,4,0
49.0741,0.157061,59.996122,0.005045,0.0000,1.0000,7682.6,-0.0172,4,0
49.0968,0.157182,59.996120,0.005038,0.0000,1.0000,7687.6,-0.0203,4,0
49.1199,0.157304,59.996117,0.005031,0.0000,1.0000,7690.2,-0.0236,4,0
49.1413,0.157425,59.996114,0.005024,0.0000,1.0000,7697.3,-0.0271,4,0
49.1625,0.157546,59.996112,0.005017,0.0000,1.0000,7704.9,-0.0311,4,0
49.1849,0.157668,59.996109,0.005011,0.0000,1.0000,7710.2,-0.0356,4,0
49.2075,0.157789,59.996106,0.005004,0.0000,1.0000,7714.1,-0.0404,4,0
49.2289,0.157911,59.996104,0.004997,0.0000,1.0000,7720.1,-0.0455,4,0
49.2497,0.158032,59.996101,0.004990,0.0000,1.0000,7729.0,-0.0509,4,0
49.2699,0.158154,59.996098,0.004983,0.0000,1.0000,7742.0,-0.0568,4,0
49.2912,0.158276,59.996095,0.004976,0.0000,1.0000,7750.3,-0.0630,4,0
49.3122,0.158397,59.996093,0.004969,0.0000,1.0000,7757.3,-0.0692,4,0
49.3329,0.158519,59.996090,0.004963,0.0000,1.0000,7761.4,-0.0752,4,0
49.3538,0.158641,59.996087,0.004956,0.0000,1.0000,7767.0,-0.0814,4,0
49.3737,0.158763,59.996084,0.004949,0.0000,1.0000,7777.1,-0.0878,4,0
49.3946,0.158885,59.996081,0.004942,0.0000,1.0000,7780.3,-0.0940,4,0
49.4152,0.159007,59.996078,0.004935,0.0000,1.0000,7783.4,-0.0999,4,0
49.4332,0.159129,59.996075,0.004928,0.0000,1.0000,7789.9,-0.1055,4,0
49.4509,0.159251,59.996072,0.004922,0.0000,1.0000,7804.1,-0.1110,4,0
49.4691,0.159373,59.996069,0.004915,0.0000,1.0000,7814.7,-0.1160,4,0
49.4880,0.159495,59.996066,0.004908,0.0000,1.0000,7821.2,-0.1208,4,0
49.5071,0.159617,59.996063,0.004901,0.0000,1.0000,7830.5,-0.1251,4,0
49.5265,0.159740,59.996060,0.004894,0.0000,1.0000,7837.8,-0.1293,4,0
49.5467,0.159862,59.996057,0.004887,0.0000,1.0000,7841.2,-0.1329,4,0
49.5663,0.159984,59.996055,0.004881,0.0000,1.0000,7846.4,-0.1361,4,0
49.5850,0.160107,59.996052,0.004874,0.0000,0.9927,7850.4,-0.1386,4,0
49.6036,0.160229,59.996049,0.004867,0.0000,0.9927,7854.2,-0.1407,4,0
49.6207,0.160352,59.996046,0.004860,0.0000,0.9510,7860.1,-0.1423,4,0
49.6385,0.160474,59.996044,0.004854,0.0000,0.9510,7858.6,-0.1430,4,0
49.6546,0.160597,59.996041,0.004847,0.0000,0.8917,7855.5,-0.1433,4,0
49.6687,0.160719,59.996038,0.004840,0.0000,0.8917,7852.0,-0.1431,4,0
49.6821,0.160842,59.996036,0.004833,0.0000,0.8048,7842.3,-0.1425,4,0
49.6922,0.160965,59.996033,0.004827,0.0000,0.8048,7834.3,-0.1413,4,0
49.6995,0.161087,59.996030,0.004820,0.0000,0.7073,7826.1,-0.1397,4,0
49.7037,0.161210,59.996027,0.004813,0.0000,0.7073,7819.6,-0.1380,4,0
49.7067,0.161333,59.996024,0.004807,0.0000,0.6016,7806.6,-0.1363,4,0
49.7077,0.161456,59.996021,0.004800,0.0000,0.6016,7792.5,-0.1343,4,0
49.7044,0.161578,59.996017,0.004793,0.0000,0.4981,7781.2,-0.1323,4,0
49.6994,0.161701,59.996014,0.004787,0.0000,0.4981,7769.1,-0.1306,4,0
49.6919,0.161824,59.996011,0.004780,0.0000,0.4141,7759.2,-0.1293,4,0
49.6825,0.161946,59.996008,0.004774,0.0000,0.4141,7749.5,-0.1283,4,0
49.6700,0.162069,59.996005,0.004767,0.0000,0.3430,7742.8,-0.1274,4,0
49.6562,0.162191,59.996002,0.004760,0.0000,0.3430,7735.7,-0.1270,4,0
49.6408,0.162314,59.995999,0.004754,0.0000,0.2823,7730.5,-0.1268,4,0
49.6247,0.162437,59.995996,0.004747,0.0000,0.2823,7724.1,-0.1272,4,0
49.6064,0.162559,59.995992,0.004741,0.0000,0.2360,7717.7,-0.1276,4,0
49.5869,0.162681,59.995989,0.004734,0.0000,0.2360,7711.1,-0.1283,4,0
49.5664,0.162804,59.995986,0.004728,0.0000,0.2020,7705.9,-0.1292,4,0
49.5464,0.162926,59.995983,0.004721,0.0000,0.2020,7697.3,-0.1303,4,0
49.5250,0.163048,59.995980,0.004715,0.0000,0.1804,7690.5,-0.1313,4,0
49.5033,0.163171,59.995976,0.004708,0.0000,0.1804,7683.4,-0.1322,4,0
49.4813,0.163293,59.995973,0.004702,0.0000,0.1724,7678.1,-0.1333,4,0
49.4594,0.163415,59.995970,0.004695,0.0000,0.1724,7672.6,-0.1342,4,0
49.4366,0.163537,59.995967,0.004689,0.0000,0.1690,7668.4,-0.1348,4,0
49.4138,0.163659,59.995964,0.004683,0.0000,0.1690,7663.5,-0.1353,4,0
49.3902,0.163781,59.995961,0.004677,0.0000,0.1661,7661.5,-0.1356,4,0
49.3674,0.163903,59.995958,0.004670,0.0000,0.1661,7655.7,-0.1357,4,0
49.3435,0.164024,59.995955,0.004664,0.0000,0.1618,7650.3,-0.1357,4,0
49.3195,0.164146,59.995952,0.004658,0.0000,0.1618,7644.4,-0.1353,4,0
49.2944,0.164268,59.995949,0.004651,0.0000,0.1545,7640.9,-0.1351,4,0
49.2700,0.164389,59.995946,0.004645,0.0000,0.1545,7635.2,-0.1347,4,0
49.2444,0.164511,59.995943,0.004639,0.0000,0.1430,7632.9,-0.1343,4,0
49.2191,0.164633,59.995940,0.004632,0.0000,0.1430,7625.7,-0.1339,4,0
49.1926,0.164754,59.995937,0.004626,0.0000,0.1307,7624.1,-0.1337,4,0
49.1657,0.164875,59.995934,0.004620,0.0000,0.1307,7623.3,-0.1336,4,0
49.1391,0.164997,59.995931,0.004614,0.0000,0.1212,7620.0,-0.1336,4,0
49.1121,0.165118,59.995928,0.004608,0.0000,0.1212,7616.1,-0.1335,4,0
49.0848,0.165239,59.995925,0.004602,0.0000,0.1148,7613.7,-0.1334,4,0
49.0572,0.165360,59.995922,0.004596,0.0000,0.1148,7612.6,-0.1335,4,0
49.0310,0.165481,59.995919,0.004590,0.0000,0.1117,7606.8,-0.1336,4,0
49.0039,0.165602,59.995916,0.004584,0.0000,0.1117,7603.9,-0.1338,4,0
48.9768,0.165723,59.995913,0.004578,0.0000,0.1127,7601.1,-0.1338,4,0
48.9492,0.165844,59.995910,0.004571,0.0000,0.1127,7602.0,-0.1341,4,0
48.9228,0.165965,59.995907,0.004566,0.0000,0.1183,7599.2,-0.1344,4,0
48.8966,0.166085,59.995903,0.004560,0.0000,0.1183,7596.6,-0.1346,4,0
48.8716,0.166206,59.995900,0.004554,0.0000,0.1274,7590.3,-0.1349,4,0
48.8452,0.166327,59.995896,0.004548,0.0000,0.1274,7592.3,-0.1353,4,0
48.8203,0.166447,59.995893,0.004542,0.0000,0.1374,7589.9,-0.1356,4,0
48.7953,0.166568,59.995890,0.004536,0.0000,0.1374,7587.6,-0.1358,4,0
48.7713,0.166688,59.995886,0.004530,0.0000,0.1465,7582.7,-0.1360,4,0
48.7468,0.166808,59.995883,0.004524,0.0000,0.1465,7578.8,-0.1363,4,0
48.7229,0.166929,59.995879,0.004518,0.0000,0.1546,7574.9,-0.1361,4,0
48.6988,0.167049,59.995876,0.004513,0.0000,0.1546,7571.3,-0.1358,4,0
48.6746,0.167169,59.995873,0.004507,0.0000,0.1620,7568.9,-0.1353,4,0
48.6516,0.167289,59.995869,0.004501,0.0000,0.1620,7563.7,-0.1347,4,0
48.6279,0.167409,59.995866,0.004496,0.0000,0.1669,7562.7,-0.1341,4,0
48.6045,0.167529,59.995862,0.004490,0.0000,0.1669,7561.7,-0.1333,4,0
48.5817,0.167649,59.995859,0.004484,0.0000,0.1712,7558.5,-0.1326,4,0
48.5595,0.167769,59.995856,0.004478,0.0000,0.1712,7554.0,-0.1321,4,0
48.5365,0.167889,59.995852,0.004473,0.0000,0.1735,7553.5,-0.1316,4,0
48.5139,0.168008,59.995849,0.004467,0.0000,0.1735,7552.9,-0.1312,4,0
48.4934,0.168128,59.995845,0.004461,0.0000,0.1760,7545.0,-0.1308,4,0
48.4722,0.168248,59.995842,0.004456,0.0000,0.1760,7541.2,-0.1307,4,0
48.4511,0.168367,59.995839,0.004450,0.0000,0.1786,7540.0,-0.1307,4,0
48.4300,0.168487,59.995836,0.004445,0.0000,0.1786,7540.6,-0.1309,4,0
48.4102,0.168607,59.995832,0.004439,0.0000,0.1824,7535.7,-0.1312,4,0
48.3907,0.168726,59.995829,0.004434,0.0000,0.1824,7531.7,-0.1317,4,0
48.3723,0.168845,59.995826,0.004428,0.0000,0.1878,7525.7,-0.1325,4,0
48.3534,0.168965,59.995823,0.004423,0.0000,0.1878,7522.9,-0.1332,4,0
48.3348,0.169084,59.995820,0.004417,0.0000,0.1983,7518.5,-0.1338,4,0
48.3169,0.169203,59.995816,0.004412,0.0000,0.1983,7512.3,-0.1342,4,0
48.2999,0.169323,59.995813,0.004406,0.0000,0.2100,7507.1,-0.1348,4,0
48.2830,0.169442,59.995810,0.004401,0.0000,0.2100,7502.5,-0.1351,4,0
48.2665,0.169561,59.995807,0.004396,0.0000,0.2242,7499.0,-0.1350,4,0
48.2500,0.169680,59.995803,0.004390,0.0000,0.2242,7495.5,-0.1344,4,0
48.2344,0.169799,59.995800,0.004385,0.0000,0.2419,7494.2,-0.1336,4,0
48.2201,0.169918,59.995797,0.004380,0.0000,0.2419,7489.3,-0.1321,4,0
48.2055,0.170037,59.995793,0.004375,0.0000,0.2644,7489.3,-0.1301,4,0
48.1922,0.170156,59.995790,0.004369,0.0000,0.2644,7487.3,-0.1275,4,0
48.1803,0.170275,59.995787,0.004364,0.0000,0.2941,7485.6,-0.1246,4,0
48.1694,0.170394,59.995784,0.004359,0.0000,0.2941,7486.9,-0.1215,4,0
48.1604,0.170513,59.995780,0.004353,0.0000,0.3310,7486.0,-0.1179,4,0
48.1532,0.170632,59.995777,0.004348,0.0000,0.3310,7485.9,-0.1142,4,0
48.1460,0.170751,59.995773,0.004343,0.0000,0.3818,7490.5,-0.1107,4,0
48.1413,0.170869,59.995770,0.004338,0.0000,0.3818,7495.1,-0.1077,4,0
48.1385,0.170988,59.995766,0.004333,0.0000,0.4363,7496.8,-0.1049,4,0
48.1372,0.171107,59.995762,0.004328,0.0000,0.4363,7498.7,-0.1024,4,0
48.1373,0.171226,59.995759,0.004322,0.0000,0.4971,7502.2,-0.1004,4,0
48.1378,0.171345,59.995755,0.004317,0.0000,0.4971,7513.2,-0.0990,4,0
48.1398,0.171464,59.995751,0.004312,0.0000,0.5627,7520.2,-0.0980,4,0
48.1440,0.171582,59.995747,0.004307,0.0000,0.5627,7525.5,-0.0972,4,0
48.1493,0.171701,59.995744,0.004302,0.0000,0.6266,7529.8,-0.0966,4,0
48.1553,0.171820,59.995740,0.004297,0.0000,0.6266,7538.4,-0.0962,4,0
48.1633,0.171939,59.995736,0.004292,0.0000,0.6872,7547.7,-0.0958,4,0
48.1737,0.172058,59.995733,0.004287,0.0000,0.6872,7551.2,-0.0949,4,0
48.1868,0.172177,59.995729,0.004282,0.0000,0.7405,7553.4,-0.0938,4,0
48.2003,0.172296,59.995726,0.004277,0.0000,0.7405,7557.9,-0.0922,4,0
48.2155,0.172415,59.995722,0.004272,0.0000,0.7853,7563.9,-0.0903,4,0
48.2315,0.172534,59.995719,0.004267,0.0000,0.7853,7571.4,-0.0877,4,0
48.2483,0.172653,59.995716,0.004262,0.0000,0.8229,7578.1,-0.0844,4,0
48.2668,0.172772,59.995712,0.004257,0.0000,0.8229,7582.9,-0.0804,4,0
48.2850,0.172892,59.995708,0.004252,0.0000,0.8531,7595.9,-0.0761,4,0
48.3045,0.173011,59.995705,0.004247,0.0000,0.8531,7608.4,-0.0714,4,0
48.3262,0.173130,59.995702,0.004242,0.0000,0.8767,7614.5,-0.0664,4,0
48.3485,0.173249,59.995698,0.004237,0.0000,0.8767,7621.2,-0.0613,4,0
48.3716,0.173369,59.995694,0.004232,0.0000,0.8964,7627.1,-0.0563,4,0
48.3941,0.173488,59.995691,0.004227,0.0000,0.8964,7636.5,-0.0514,4,0
48.4179,0.173608,59.995687,0.004222,0.0000,0.9095,7643.0,-0.0468,4,0
48.4414,0.173727,59.995684,0.004217,0.0000,0.9095,7649.2,-0.0426,4,0
48.4651,0.173847,59.995680,0.004212,0.0000,0.9203,7654.1,-0.0390,4,0
48.4907,0.173967,59.995677,0.004207,0.0000,0.9203,7658.7,-0.0362,4,0
48.5161,0.174086,59.995673,0.004202,0.0000,0.9307,7663.0,-0.0341,4,0
48.5420,0.174206,59.995670,0.004197,0.0000,0.9307,7666.2,-0.0326,4,0
48.5680,0.174326,59.995666,0.004193,0.0000,0.9400,7666.9,-0.0320,4,0
48.5950,0.174446,59.995662,0.004188,0.0000,0.9400,7668.9,-0.0320,4,0
48.6223,0.174566,59.995659,0.004183,0.0000,0.9485,7671.2,-0.0328,4,0
48.6496,0.174686,59.995655,0.004178,0.0000,0.9485,7670.8,-0.0341,4,0
48.6776,0.174806,59.995651,0.004173,0.0000,0.9566,7666.1,-0.0359,4,0
48.7057,0.174927,59.995647,0.004169,0.0000,0.9566,7664.1,-0.0380,4,0
48.7329,0.175047,59.995643,0.004164,0.0000,0.9616,7667.7,-0.0405,4,0
48.7604,0.175167,59.995640,0.004159,0.0000,0.9616,7669.5,-0.0433,4,0
48.7886,0.175288,59.995636,0.004154,0.0000,0.9649,7666.4,-0.0461,4,0
48.8166,0.175408,59.995632,0.004149,0.0000,0.9649,7664.0,-0.0491,4,0
48.8445,0.175529,59.995629,0.004145,0.0000,0.9654,7665.7,-0.0523,4,0
48.8720,0.175650,59.995625,0.004140,0.0000,0.9654,7668.2,-0.0553,4,0
48.8996,0.175770,59.995622,0.004135,0.0000,0.9659,7669.0,-0.0583,4,0
48.9280,0.175891,59.995618,0.004130,0.0000,0.9659,7666.2,-0.0611,4,0
48.9553,0.176012,59.995615,0.004125,0.0000,0.9659,7670.1,-0.0638,4,0
48.9825,0.176133,59.995612,0.004121,0.0000,0.9659,7674.9,-0.0664,4,0
49.0095,0.176254,59.995608,0.004116,0.0000,0.9659,7681.8,-0.0688,4,0
49.0379,0.176375,59.995605,0.004111,0.0000,0.9659,7680.4,-0.0711,4,0
49.0649,0.176496,59.995601,0.004106,0.0000,0.9620,7684.1,-0.0733,4,0
49.0921,0.176617,59.995598,0.004102,0.0000,0.9620,7688.3,-0.0754,4,0
49.1174,0.176738,59.995594,0.004097,0.0000,0.9436,7697.3,-0.0775,4,0
49.1438,0.176860,59.995590,0.004092,0.0000,0.9436,7699.8,-0.0797,4,0
49.1695,0.176981,59.995587,0.004087,0.0000,0.9037,7696.9,-0.0818,4,0
49.1930,0.177103,59.995583,0.004083,0.0000,0.9037,7697.0,-0.0839,4,0
49.2144,0.177224,59.995579,0.004078,0.0000,0.8369,7698.9,-0.0858,4,0
49.2369,0.177346,59.995575,0.004073,0.0000,0.8369,7681.7,-0.0875,4,0
49.2561,0.177467,59.995571,0.004069,0.0000,0.7290,7667.8,-0.0890,4,0
49.2731,0.177589,59.995568,0.004064,0.0000,0.7290,7648.6,-0.0903,4,0
49.2877,0.177711,59.995564,0.004059,0.0000,0.5924,7624.9,-0.0911,4,0
49.2945,0.177832,59.995560,0.004054,0.0000,0.5924,7615.5,-0.0915,4,0
49.2962,0.177954,59.995556,0.004050,0.0000,0.4372,7610.5,-0.0915,4,0
49.2963,0.178076,59.995552,0.004045,0.0000,0.4372,7597.1,-0.0910,4,0
49.2920,0.178197,59.995548,0.004041,0.0000,0.2797,7582.5,-0.0900,4,0
49.2824,0.178319,59.995544,0.004036,0.0000,0.2797,7575.4,-0.0883,4,0
49.2686,0.178441,59.995540,0.004031,0.0000,0.1605,7571.4,-0.0862,4,0
49.2517,0.178562,59.995536,0.004027,0.0000,0.1605,7566.3,-0.0838,4,0
49.2345,0.178684,59.995532,0.004022,0.0000,0.0805,7556.5,-0.0809,4,0
49.2146,0.178805,59.995528,0.004018,0.0000,0.0805,7554.0,-0.0777,4,0
49.1958,0.178927,59.995524,0.004013,0.0000,0.0323,7555.0,-0.0744,4,0
49.1750,0.179048,59.995520,0.004008,0.0000,0.0323,7557.7,-0.0711,4,0
49.1563,0.179169,59.995516,0.004004,0.0059,0.0121,7551.9,-0.0679,4,0
49.1372,0.179291,59.995513,0.004000,0.0059,0.0121,7543.0,-0.0647,4,0
49.1146,0.179412,59.995509,0.003995,0.0244,0.0042,7540.1,-0.0618,4,0
49.0897,0.179533,59.995505,0.003991,0.0244,0.0042,7538.9,-0.0592,4,0
49.0659,0.179654,59.995501,0.003986,0.0328,0.0066,7533.6,-0.0573,4,0
49.0421,0.179775,59.995498,0.003982,0.0328,0.0066,7521.2,-0.0558,4,0
49.0157,0.179896,59.995494,0.003978,0.0599,0.0022,7510.6,-0.0548,4,0
48.9849,0.180017,59.995490,0.003973,0.0599,0.0022,7499.4,-0.0544,4,0
48.9518,0.180138,59.995487,0.003969,0.0844,0.0000,7491.1,-0.0543,4,0
48.9171,0.180259,59.995483,0.003964,0.0844,0.0000,7478.9,-0.0547,4,0
48.8790,0.180379,59.995479,0.003960,0.1145,0.0000,7464.2,-0.0552,4,0
48.8368,0.180500,59.995475,0.003956,0.1145,0.0000,7443.7,-0.0556,4,0
48.7884,0.180620,59.995472,0.003952,0.1554,0.0000,7429.5,-0.0557,4,0
48.7350,0.180741,59.995468,0.003947,0.1554,0.0000,7420.2,-0.0556,4,0
48.6805,0.180861,59.995464,0.003943,0.1825,0.0000,7403.2,-0.0545,4,0
48.6216,0.180981,59.995460,0.003939,0.1825,0.0000,7391.5,-0.0527,4,0
48.5605,0.181101,59.995456,0.003935,0.2124,0.0000,7375.1,-0.0499,4,0
48.4943,0.181221,59.995453,0.003931,0.2124,0.0000,7367.7,-0.0463,4,0
48.4272,0.181340,59.995449,0.003926,0.2398,0.0000,7351.7,-0.0415,4,0
48.3541,0.181459,59.995445,0.003922,0.2398,0.0000,7347.5,-0.0358,4,0
48.2832,0.181579,59.995441,0.003918,0.2636,0.0000,7326.8,-0.0294,4,0
48.2055,0.181698,59.995437,0.003914,0.2636,0.0000,7321.5,-0.0228,4,0
48.1265,0.181816,59.995434,0.003910,0.2914,0.0000,7309.5,-0.0160,4,0
48.0430,0.181935,59.995430,0.003906,0.2914,0.0000,7303.9,-0.0090,4,0
47.9579,0.182053,59.995426,0.003902,0.3095,0.0000,7299.2,-0.0022,4,0
47.8724,0.182172,59.995422,0.003898,0.3095,0.0000,7287.9,0.0038,4,0
47.7816,0.182290,59.995418,0.003894,0.3350,0.0000,7291.0,0.0091,4,0
47.6907,0.182407,59.995415,0.003890,0.3350,0.0000,7278.1,0.0137,4,0
47.5960,0.182525,59.995411,0.003886,0.3532,0.0000,7270.6,0.0176,4,0
47.5048,0.182642,59.995407,0.003882,0.3532,0.0000,7247.8,0.0204,4,0
47.4097,0.182759,59.995403,0.003878,0.3715,0.0000,7233.1,0.0223,4,0
47.3124,0.182876,59.995400,0.003875,0.3715,0.0000,7220.8,0.0233,4,0
47.2149,0.182992,59.995396,0.003871,0.3951,0.0000,7194.8,0.0238,4,0
47.1117,0.183109,59.995392,0.003867,0.3951,0.0000,7175.6,0.0235,4,0
47.0128,0.183225,59.995389,0.003864,0.4043,0.0000,7157.1,0.0215,4,0
46.9152,0.183341,59.995385,0.003860,0.4043,0.0000,7140.5,0.0192,4,0
46.8094,0.183456,59.995381,0.003856,0.4232,0.0000,7119.4,0.0155,4,0
46.7075,0.183572,59.995377,0.003852,0.4232,0.0000,7093.6,0.0107,4,0
46.5892,0.183687,59.995374,0.003849,0.4320,0.0000,7074.3,0.0054,4,0
46.4898,0.183801,59.995370,0.003845,0.4320,0.0000,7053.0,-0.0026,4,0
46.3882,0.183916,59.995366,0.003841,0.4467,1.0000,7310.0,-0.0129,4,0
46.2740,0.184030,59.995362,0.003838,0.4467,1.0000,7848.0,-0.0187,4,0
46.1577,0.184144,59.995358,0.003834,0.4658,1.0000,8367.3,-0.0291,4,0
46.0478,0.184258,59.995354,0.003831,0.4658,1.0000,8355.4,-0.0420,4,0
45.9351,0.184371,59.995350,0.003827,0.4761,0.0000,8396.7,-0.0476,4,0
45.8250,0.184484,59.995346,0.003824,0.4761,0.0000,8350.3,-0.0518,4,0
45.7270,0.184597,59.995342,0.003820,0.4869,0.0000,8304.1,-0.0558,4,0
45.6047,0.184710,59.995338,0.003817,0.4869,0.0000,8320.7,-0.0569,3,0
45.4918,0.184822,59.995334,0.003813,0.4824,0.0000,8279.8,-0.0573,3,0
45.3928,0.184934,59.995330,0.003810,0.4824,0.0000,8238.7,-0.0562,3,0
45.2922,0.185046,59.995326,0.003806,0.4743,0.0000,8214.3,-0.0530,3,0
45.1872,0.185157,59.995323,0.003803,0.4743,0.0000,8158.2,-0.0508,3,0
45.0693,0.185269,59.995319,0.003800,0.4904,0.0000,8068.1,-0.0480,3,0
44.9538,0.185380,59.995315,0.003796,0.4904,0.0000,8049.7,-0.0457,3,0
44.8443,0.185490,59.995311,0.003793,0.5023,0.0000,8075.6,-0.0407,3,0
44.7231,0.185601,59.995308,0.003789,0.5023,0.0000,8036.9,-0.0360,3,0
44.6177,0.185711,59.995304,0.003786,0.5036,0.0000,7960.3,-0.0316,3,0
44.4821,0.185821,59.995300,0.003783,0.5036,0.0000,8052.0,-0.0265,3,0
44.3579,0.185930,59.995297,0.003779,0.5123,0.0000,8061.4,-0.0217,3,0
44.2420,0.186039,59.995293,0.003776,0.5123,0.0000,8022.0,-0.0178,3,0
44.1299,0.186148,59.995290,0.003773,0.5074,0.0000,7982.4,-0.0134,3,0
44.0032,0.186257,59.995286,0.003770,0.5074,0.0000,7995.4,-0.0111,3,0
43.8686,0.186365,59.995283,0.003766,0.5190,0.0000,7948.8,-0.0086,3,0
43.7542,0.186473,59.995280,0.003763,0.5190,0.0000,7919.3,-0.0105,3,0
43.6288,0.186581,59.995277,0.003760,0.5263,0.0000,7915.4,-0.0103,3,0
43.4882,0.186688,59.995273,0.003757,0.5263,0.0000,7888.6,-0.0123,3,0
43.3666,0.186795,59.995270,0.003754,0.5158,0.0000,7847.1,-0.0154,3,0
43.2489,0.186902,59.995267,0.003750,0.5158,0.0000,7816.3,-0.0163,3,0
43.1122,0.187009,59.995263,0.003747,0.5180,0.0000,7842.8,-0.0177,3,0
43.0096,0.187115,59.995260,0.003744,0.5180,0.0000,7801.1,-0.0185,3,0
42.8836,0.187221,59.995256,0.003741,0.5082,0.0000,7761.0,-0.0182,3,0
42.7437,0.187326,59.995253,0.003738,0.5082,0.0000,7808.6,-0.0201,3,0
42.6367,0.187431,59.995249,0.003735,0.5077,0.0000,7752.2,-0.0199,3,0
42.5041,0.187536,59.995246,0.003732,0.5077,0.0000,7724.2,-0.0199,3,0
42.3787,0.187641,59.995242,0.003729,0.5068,0.0000,7720.8,-0.0217,3,0
42.2736,0.187745,59.995238,0.003726,0.5068,0.0000,7617.4,-0.0209,3,0
42.1610,0.187849,59.995235,0.003722,0.4920,0.0000,7595.7,-0.0221,3,0
42.0342,0.187953,59.995231,0.003719,0.4920,0.0000,7597.3,-0.0213,3,0
41.9264,0.188057,59.995228,0.003716,0.4913,0.0000,7516.6,-0.0224,3,0
41.7955,0.188160,59.995224,0.003713,0.4913,0.0000,7578.7,-0.0227,3,0
41.6880,0.188263,59.995221,0.003710,0.4894,0.0000,7585.2,-0.0235,3,0
41.5762,0.188365,59.995217,0.003707,0.4894,0.0000,7555.8,-0.0225,3,0
41.4687,0.188468,59.995214,0.003705,0.4846,0.0000,7507.2,-0.0241,3,0
41.3525,0.188570,59.995210,0.003702,0.4846,0.0000,7490.6,-0.0253,3,0
41.2446,0.188672,59.995207,0.003699,0.4840,0.0000,7474.5,-0.0269,3,0
41.1300,0.188773,59.995204,0.003696,0.4840,0.0000,7475.9,-0.0288,3,0
41.0240,0.188874,59.995200,0.003693,0.4811,0.0000,7420.2,-0.0307,3,0
40.9059,0.188975,59.995197,0.003690,0.4811,0.0000,7362.4,-0.0355,3,0
40.8025,0.189076,59.995193,0.003687,0.4845,0.0000,7311.0,-0.0374,3,0
40.6964,0.189177,59.995190,0.003684,0.4845,0.0000,7289.6,-0.0382,3,0
40.5978,0.189277,59.995187,0.003681,0.4802,0.0000,7269.4,-0.0395,3,0
40.4573,0.189377,59.995183,0.003679,0.4802,0.0000,7311.1,-0.0392,3,0
40.3653,0.189476,59.995179,0.003676,0.4762,0.0000,7312.1,-0.0453,3,0
40.2531,0.189576,59.995176,0.003673,0.4762,0.0000,7304.3,-0.0464,3,0
40.1375,0.189675,59.995172,0.003670,0.4835,0.0000,7267.5,-0.0431,3,0
40.0322,0.189774,59.995169,0.003667,0.4835,0.0000,7196.5,-0.0472,3,0
39.9207,0.189872,59.995165,0.003665,0.4833,0.0000,7166.4,-0.0478,3,0
39.7891,0.189970,59.995162,0.003662,0.4833,0.0000,7219.3,-0.0447,3,0
39.6705,0.190068,59.995158,0.003659,0.4877,0.0000,7179.8,-0.0463,3,0
39.5682,0.190166,59.995155,0.003656,0.4877,0.0000,7128.0,-0.0474,3,0
39.4603,0.190263,59.995151,0.003654,0.4759,0.0000,7090.7,-0.0448,3,0
39.3381,0.190361,59.995148,0.003651,0.4759,0.0000,7121.1,-0.0440,3,0
39.2310,0.190457,59.995144,0.003649,0.4807,0.0000,7091.8,-0.0439,3,0
39.1258,0.190554,59.995141,0.003646,0.4807,0.0000,7044.9,-0.0411,3,0
39.0011,0.190650,59.995137,0.003643,0.4818,0.0000,7025.5,-0.0406,3,0
38.8966,0.190746,59.995134,0.003641,0.4818,0.0000,7050.8,-0.0400,3,0
38.7918,0.190842,59.995131,0.003638,0.4733,0.0000,7025.5,-0.0343,3,0
38.6773,0.190937,59.995127,0.003636,0.4733,0.0000,7014.1,-0.0319,3,0
38.5676,0.191033,59.995123,0.003633,0.4793,0.0000,6983.3,-0.0288,3,0
38.4548,0.191128,59.995120,0.003630,0.4793,0.0000,6962.5,-0.0217,3,0
38.3402,0.191222,59.995117,0.003628,0.4777,0.0000,6943.0,-0.0151,3,0
38.2293,0.191317,59.995114,0.003625,0.4777,0.0000,6912.7,-0.0083,3,0
38.1233,0.191411,59.995111,0.003623,0.4713,0.0000,6865.5,0.0000,3,0
38.0035,0.191505,59.995108,0.003621,0.4713,0.0000,6882.7,0.0083,3,0
37.8874,0.191598,59.995105,0.003618,0.4774,0.0000,6875.6,0.0163,3,0
37.7743,0.191691,59.995102,0.003616,0.4774,0.0000,6859.8,0.0240,3,0
37.6635,0.191784,59.995099,0.003613,0.4698,0.0000,6835.9,0.0305,3,0
37.5499,0.191877,59.995096,0.003611,0.4698,0.0000,6821.6,0.0358,3,0
37.4380,0.191969,59.995093,0.003608,0.4755,0.0000,6802.3,0.0398,3,0
37.3251,0.192062,59.995090,0.003606,0.4755,0.0000,6784.2,0.0425,3,0
37.2148,0.192153,59.995087,0.003604,0.4687,1.0000,7331.0,0.0444,3,0
37.1072,0.192245,59.995084,0.003601,0.4687,1.0000,7868.5,0.0453,3,0
36.9989,0.192336,59.995081,0.003599,0.4674,0.4923,8307.5,0.0453,3,0
36.8901,0.192427,59.995078,0.003597,0.4674,0.4923,8287.0,0.0448,3,0
36.7842,0.192518,59.995075,0.003594,0.4584,0.0000,8257.0,0.0440,2,0
36.6745,0.192609,59.995072,0.003592,0.4584,0.0000,8234.0,0.0430,2,0
36.5667,0.192699,59.995069,0.003590,0.4502,0.0000,8210.7,0.0424,2,0
36.4598,0.192789,59.995066,0.003587,0.4502,0.0000,8188.7,0.0418,2,0
36.3543,0.192879,59.995063,0.003585,0.4406,0.0000,8160.6,0.0414,2,0
36.2499,0.192968,59.995060,0.003583,0.4406,0.0000,8137.3,0.0411,2,0
36.1464,0.193058,59.995057,0.003580,0.4271,0.0000,8114.6,0.0412,2,0
36.0446,0.193147,59.995054,0.003578,0.4271,0.0000,8091.5,0.0417,2,0
35.9459,0.193235,59.995051,0.003576,0.4104,0.0000,8070.2,0.0427,2,0
35.8471,0.193324,59.995048,0.003573,0.4104,0.0000,8052.2,0.0442,2,0
35.7544,0.193412,59.995045,0.003571,0.3792,0.0000,8028.4,0.0461,2,0
35.6627,0.193500,59.995042,0.003569,0.3792,0.0000,8009.4,0.0484,2,0
35.5734,0.193588,59.995039,0.003566,0.3599,0.0000,7992.8,0.0508,2,0
35.4845,0.193675,59.995036,0.003564,0.3599,0.0000,7978.1,0.0534,2,0
35.3986,0.193763,59.995033,0.003562,0.3355,0.0000,7961.9,0.0566,2,0
35.3169,0.193850,59.995030,0.003560,0.3355,0.0000,7946.5,0.0601,2,0
35.2379,0.193937,59.995027,0.003557,0.3103,0.0000,7926.4,0.0639,2,0
35.1614,0.194024,59.995024,0.003555,0.3103,0.0000,7909.0,0.0677,2,0
35.0853,0.194110,59.995021,0.003552,0.2830,0.0000,7896.0,0.0712,2,0
35.0131,0.194197,59.995018,0.003550,0.2830,0.0000,7884.2,0.0746,2,0
34.9464,0.194283,59.995015,0.003548,0.2422,0.0000,7874.7,0.0779,2,0
34.8821,0.194369,59.995012,0.003545,0.2422,0.0000,7865.8,0.0812,2,0
34.8214,0.194455,59.995009,0.003543,0.2165,0.0000,7851.4,0.0844,2,0
34.7642,0.194541,59.995006,0.003541,0.2165,0.0000,7836.2,0.0874,2,0
34.7075,0.194627,59.995003,0.003538,0.1871,0.0000,7829.2,0.0901,2,0
34.6543,0.194712,59.995000,0.003536,0.1871,0.0000,7824.2,0.0925,2,0
34.6047,0.194798,59.994997,0.003533,0.1574,0.0000,7818.3,0.0947,2,0
34.5575,0.194883,59.994994,0.003531,0.1574,0.0000,7812.9,0.0972,2,0
34.5123,0.194968,59.994992,0.003529,0.1344,0.0000,7806.3,0.0998,2,0
34.4719,0.195053,59.994989,0.003526,0.1344,0.0000,7796.2,0.1026,2,0
34.4331,0.195138,59.994986,0.003524,0.1040,0.0000,7789.4,0.1053,2,0
34.3964,0.195223,59.994983,0.003521,0.1040,0.0000,7786.8,0.1080,2,0
34.3622,0.195308,59.994980,0.003519,0.0826,0.0000,7782.1,0.1107,2,0
34.3288,0.195393,59.994978,0.003516,0.0826,0.0000,7781.4,0.1135,2,0
34.2988,0.195477,59.994975,0.003514,0.0618,0.0000,7777.6,0.1163,2,0
34.2723,0.195562,59.994972,0.003511,0.0618,0.0000,7768.4,0.1191,2,0
34.2462,0.195647,59.994969,0.003509,0.0444,0.0000,7761.9,0.1218,2,0
34.2219,0.195731,59.994967,0.003506,0.0444,0.0000,7758.1,0.1245,2,0
34.1986,0.195815,59.994964,0.003504,0.0356,0.0000,7754.1,0.1271,2,0
34.1745,0.195900,59.994962,0.003501,0.0356,0.0000,7756.2,0.1298,2,0
34.1526,0.195984,59.994959,0.003498,0.0175,0.0000,7757.0,0.1324,2,0
34.1347,0.196068,59.994956,0.003496,0.0175,0.0000,7752.8,0.1346,2,0
34.1164,0.196153,59.994954,0.003493,0.0149,0.0000,7742.7,0.1365,2,0
34.0985,0.196237,59.994951,0.003491,0.0149,0.0000,7738.7,0.1378,2,0
34.0804,0.196321,59.994949,0.003488,0.0018,0.0000,7737.7,0.1389,2,0
34.0651,0.196405,59.994946,0.003485,0.0018,0.0000,7733.5,0.1398,2,0
34.0475,0.196489,59.994943,0.003483,0.0017,0.0000,7736.8,0.1409,2,0
34.0318,0.196573,59.994940,0.003480,0.0017,0.0000,7733.5,0.1419,2,0
34.0173,0.196657,59.994937,0.003477,0.0000,0.0000,7725.5,0.1429,2,0
34.0025,0.196741,59.994934,0.003474,0.0000,0.0000,7720.2,0.1439,2,0
33.9870,0.196825,59.994930,0.003472,0.0000,0.0000,7714.7,0.1449,2,0
33.9708,0.196909,59.994927,0.003469,0.0000,0.0000,7712.6,0.1460,2,0
33.9544,0.196993,59.994924,0.003466,0.0000,0.0000,7713.9,0.1475,2,0
33.9377,0.197076,59.994921,0.003463,0.0000,0.0000,7715.2,0.1494,2,0
33.9224,0.197160,59.994918,0.003461,0.0000,0.0000,7710.1,0.1514,2,0
33.9078,0.197244,59.994915,0.003458,0.0000,0.0000,7704.2,0.1538,2,0
33.8924,0.197327,59.994912,0.003455,0.0000,0.0000,7702.4,0.1565,2,0
33.8785,0.197411,59.994910,0.003452,0.0000,0.0000,7695.0,0.1595,2,0
33.8625,0.197495,59.994907,0.003449,0.0000,0.0000,7695.9,0.1631,2,0
33.8465,0.197578,59.994905,0.003446,0.0000,0.0000,7697.5,0.1670,2,0
33.8312,0.197662,59.994903,0.003443,0.0029,0.0000,7692.8,0.1711,2,0
33.8169,0.197745,59.994900,0.003440,0.0029,0.0000,7684.6,0.1750,2,0
33.7994,0.197829,59.994898,0.003437,0.0112,0.0000,7680.0,0.1790,2,0
33.7825,0.197912,59.994895,0.003434,0.0112,0.0000,7670.5,0.1828,2,0
33.7659,0.197995,59.994892,0.003432,0.0226,0.0000,7657.1,0.1867,2,0
33.7451,0.198079,59.994890,0.003429,0.0226,0.0000,7656.0,0.1902,2,0
33.7246,0.198162,59.994887,0.003426,0.0311,0.0000,7651.1,0.1933,2,0
33.7037,0.198245,59.994885,0.003422,0.0311,0.0000,7640.3,0.1959,2,0
33.6795,0.198328,59.994882,0.003419,0.0361,0.0000,7637.8,0.1977,2,0
33.6575,0.198411,59.994880,0.003416,0.0361,0.0000,7626.2,0.1992,2,0
33.6333,0.198494,59.994878,0.003413,0.0446,0.0000,7618.7,0.2004,2,0
33.6082,0.198577,59.994875,0.003410,0.0446,0.0000,7614.7,0.2012,2,0
33.5831,0.198660,59.994872,0.003407,0.0444,0.0000,7612.2,0.2015,2,0
33.5581,0.198743,59.994870,0.003404,0.0444,0.0000,7606.8,0.2013,2,0
33.5334,0.198826,59.994867,0.003401,0.0449,0.0000,7599.7,0.2005,2,0
33.5064,0.198909,59.994865,0.003398,0.0449,0.0000,7600.6,0.1997,2,0
33.4830,0.198991,59.994862,0.003395,0.0442,0.0000,7590.5,0.1990,2,0
33.4579,0.199074,59.994860,0.003391,0.0442,0.0000,7586.3,0.1986,2,0
33.4318,0.199156,59.994858,0.003388,0.0459,0.0000,7585.8,0.1980,2,0
33.4064,0.199239,59.994855,0.003385,0.0459,0.0000,7585.0,0.1975,2,0
33.3822,0.199321,59.994853,0.003382,0.0412,0.0000,7579.6,0.1971,2,0
33.3566,0.199404,59.994850,0.003379,0.0412,0.0000,7581.4,0.1967,2,0
33.3330,0.199486,59.994847,0.003375,0.0422,0.0000,7578.2,0.1969,2,0
33.3106,0.199568,59.994845,0.003372,0.0422,0.0000,7569.9,0.1976,2,0
33.2868,0.199650,59.994843,0.003369,0.0368,0.0000,7572.8,0.1985,2,0
33.2638,0.199732,59.994840,0.003366,0.0368,0.0000,7573.5,0.1999,2,0
33.2411,0.199815,59.994837,0.003362,0.0341,0.0000,7572.7,0.2015,2,0
33.2194,0.199897,59.994834,0.003359,0.0341,0.0000,7571.0,0.2034,2,0
33.1982,0.199979,59.994832,0.003356,0.0337,0.0000,7567.3,0.2061,2,0
33.1772,0.200060,59.994829,0.003352,0.0337,0.0000,7564.1,0.2093,2,0
33.1570,0.200142,59.994826,0.003349,0.0335,0.0000,7558.4,0.2128,2,0
33.1360,0.200224,59.994823,0.003345,0.0335,0.0000,7557.5,0.2166,2,0
33.1162,0.200306,59.994820,0.003342,0.0268,0.0000,7552.7,0.2206,2,0
33.0962,0.200388,59.994818,0.003339,0.0268,0.0000,7545.2,0.2246,2,0
33.0770,0.200469,59.994815,0.003335,0.0196,0.0000,7539.0,0.2287,2,0
33.0586,0.200551,59.994812,0.003332,0.0196,0.0000,7532.1,0.2328,2,0
33.0401,0.200632,59.994810,0.003328,0.0164,0.0000,7526.6,0.2368,2,0
33.0224,0.200714,59.994808,0.003325,0.0164,0.0000,7520.7,0.2402,2,0
33.0034,0.200795,59.994805,0.003321,0.0120,0.0000,7519.1,0.2429,2,0
32.9859,0.200877,59.994803,0.003318,0.0120,0.0000,7515.3,0.2452,2,0
32.9687,0.200958,59.994801,0.003314,0.0082,0.0000,7511.3,0.2469,2,0
32.9513,0.201039,59.994799,0.003311,0.0082,0.0000,7508.7,0.2484,2,0
32.9350,0.201121,59.994797,0.003307,0.0039,0.0000,7506.9,0.2495,2,0
32.9192,0.201202,59.994794,0.003304,0.0039,0.0000,7501.8,0.2502,2,0
32.9022,0.201283,59.994792,0.003300,0.0007,0.0000,7501.9,0.2505,2,0
32.8859,0.201364,59.994790,0.003297,0.0007,0.0000,7501.1,0.2505,2,0
32.8694,0.201446,59.994788,0.003293,0.0000,0.0000,7499.5,0.2502,2,0
32.8526,0.201527,59.994785,0.003289,0.0000,0.0000,7498.5,0.2500,2,0
32.8367,0.201608,59.994783,0.003286,0.0002,0.0000,7494.4,0.2500,2,0
32.8207,0.201689,59.994780,0.003282,0.0002,0.0000,7490.8,0.2500,2,0
32.8039,0.201770,59.994778,0.003278,0.0002,0.0000,7489.0,0.2499,2,0
32.7864,0.201851,59.994776,0.003275,0.0002,0.0000,7489.1,0.2495,2,0
32.7689,0.201932,59.994773,0.003271,0.0000,0.0000,7489.3,0.2491,2,0
32.7523,0.202012,59.994771,0.003267,0.0000,0.0000,7488.0,0.2488,2,0
32.7357,0.202093,59.994768,0.003264,0.0006,0.0000,7485.7,0.2490,2,0
32.7192,0.202174,59.994766,0.003260,0.0006,0.0000,7485.4,0.2492,2,0
32.7033,0.202255,59.994764,0.003256,0.0000,0.0000,7483.5,0.2495,2,0
32.6870,0.202335,59.994761,0.003252,0.0000,0.0000,7481.8,0.2498,2,0
32.6705,0.202416,59.994759,0.003249,0.0000,0.0000,7480.7,0.2500,2,0
32.6537,0.202497,59.994757,0.003245,0.0000,0.0000,7483.1,0.2503,2,0
32.6377,0.202577,59.994754,0.003241,0.0000,0.0000,7481.3,0.2508,2,0
32.6215,0.202658,59.994752,0.003237,0.0000,0.0000,7479.9,0.2513,2,0
32.6061,0.202738,59.994750,0.003233,0.0000,0.0000,7477.1,0.2515,2,0
32.5900,0.202819,59.994748,0.003229,0.0000,0.0000,7476.5,0.2513,2,0
32.5740,0.202899,59.994745,0.003226,0.0000,0.0000,7475.5,0.2506,2,0
32.5587,0.202980,59.994743,0.003222,0.0000,0.0000,7473.8,0.2497,2,0
32.5438,0.203060,59.994741,0.003218,0.0000,0.0000,7469.6,0.2488,2,0
32.5292,0.203140,59.994739,0.003214,0.0000,0.0000,7464.2,0.2475,2,0
32.5149,0.203220,59.994737,0.003210,0.0000,0.0000,7459.6,0.2459,2,0
32.5009,0.203301,59.994735,0.003206,0.0000,0.0000,7455.6,0.2440,2,0
32.4853,0.203381,59.994733,0.003202,0.0000,0.0000,7453.8,0.2417,2,0
32.4708,0.203461,59.994732,0.003198,0.0000,0.0000,7448.0,0.2391,2,0
32.4564,0.203541,59.994730,0.003194,0.0000,0.0000,7442.7,0.2366,2,0
32.4429,0.203621,59.994728,0.003190,0.0000,0.0000,7435.7,0.2339,2,0
32.4285,0.203701,59.994726,0.003186,0.0000,0.0000,7432.4,0.2312,2,0
32.4146,0.203781,59.994724,0.003182,0.0000,0.0000,7426.5,0.2279,2,0
32.4006,0.203861,59.994722,0.003178,0.0000,0.0000,7419.7,0.2244,2,0
32.3866,0.203941,59.994719,0.003173,0.0000,0.0000,7413.1,0.2207,2,0
32.3731,0.204021,59.994717,0.003169,0.0000,0.0000,7405.3,0.2169,2,0
32.3588,0.204101,59.994714,0.003165,0.0000,0.0000,7401.3,0.2130,2,0
32.3448,0.204181,59.994712,0.003161,0.0000,0.0000,7395.4,0.2087,2,0
32.3314,0.204261,59.994710,0.003157,0.0000,0.0000,7388.5,0.2038,2,0
32.3181,0.204340,59.994707,0.003153,0.0000,0.0000,7380.9,0.1985,2,0
32.3039,0.204420,59.994705,0.003149,0.0000,0.0000,7379.7,0.1926,2,0
32.2898,0.204500,59.994702,0.003144,0.0000,0.0000,7378.6,0.1865,2,0
32.2754,0.204580,59.994700,0.003140,0.0000,0.0000,7376.9,0.1805,2,0
32.2619,0.204659,59.994698,0.003136,0.0000,0.0000,7373.7,0.1740,2,0
32.2483,0.204739,59.994696,0.003132,0.0000,0.0000,7370.7,0.1673,2,0
32.2355,0.204818,59.994695,0.003127,0.0000,0.0302,7365.8,0.1604,2,0
32.2224,0.204898,59.994693,0.003123,0.0000,0.0302,7362.0,0.1528,2,0
32.2080,0.204978,59.994691,0.003119,0.0000,0.0671,7361.5,0.1449,2,0
32.1956,0.205057,59.994689,0.003114,0.0000,0.0671,7364.2,0.1369,2,0
32.1851,0.205136,59.994687,0.003110,0.0000,0.1096,7370.7,0.1281,2,0
32.1754,0.205216,59.994686,0.003106,0.0000,0.1096,7382.5,0.1187,2,0
32.1706,0.205295,59.994684,0.003102,0.0000,0.1621,7393.2,0.1087,2,0
32.1707,0.205375,59.994682,0.003097,0.0000,0.1621,7404.2,0.0988,2,0
32.1684,0.205454,59.994680,0.003093,0.0000,0.2320,7420.6,0.0885,2,0
32.1700,0.205534,59.994678,0.003088,0.0000,0.2320,7439.9,0.0774,2,0
32.1740,0.205613,59.994676,0.003084,0.0000,0.3098,7462.2,0.0668,2,0
32.1819,0.205692,59.994674,0.003079,0.0000,0.3098,7481.5,0.0564,2,0
32.1940,0.205772,59.994673,0.003075,0.0000,0.3894,7500.1,0.0466,2,0
32.2084,0.205851,59.994671,0.003070,0.0000,0.3894,7519.6,0.0381,2,0
32.2263,0.205931,59.994669,0.003066,0.0000,0.4656,7536.9,0.0310,2,0
32.2460,0.206011,59.994667,0.003062,0.0000,0.4656,7557.1,0.0258,2,0
32.2683,0.206090,59.994665,0.003057,0.0000,0.5266,7577.5,0.0224,2,0
32.2939,0.206170,59.994663,0.003053,0.0000,0.5266,7592.9,0.0211,2,0
32.3224,0.206250,59.994661,0.003048,0.0000,0.5697,7602.9,0.0212,2,0
32.3523,0.206330,59.994660,0.003043,0.0000,0.5697,7611.3,0.0229,2,0
32.3842,0.206410,59.994658,0.003039,0.0000,0.5988,7618.3,0.0257,2,0
32.4169,0.206490,59.994657,0.003034,0.0000,0.5988,7623.5,0.0293,2,0
32.4499,0.206570,59.994656,0.003030,0.0000,0.6109,7627.2,0.0337,2,0
32.4840,0.206650,59.994654,0.003025,0.0000,0.6109,7628.9,0.0386,2,0
32.5183,0.206730,59.994653,0.003020,0.0000,0.6154,7632.7,0.0437,2,0
32.5521,0.206810,59.994651,0.003016,0.0000,0.6154,7639.5,0.0489,2,0
32.5854,0.206891,59.994650,0.003011,0.0000,0.6178,7645.9,0.0543,2,0
32.6204,0.206971,59.994648,0.003006,0.0000,0.6178,7645.0,0.0597,2,0
32.6574,0.207052,59.994646,0.003002,0.0000,0.6219,7637.9,0.0651,2,0
32.6963,0.207133,59.994644,0.002997,0.0000,0.6219,7621.0,0.0704,2,0
32.7373,0.207214,59.994643,0.002992,0.0000,0.6295,7598.1,0.0756,2,0
32.7797,0.207295,59.994641,0.002987,0.0000,0.6295,7572.9,0.0804,2,0
32.8169,0.207376,59.994639,0.002983,0.0000,0.6387,7570.0,0.0850,2,0
32.8524,0.207457,59.994637,0.002978,0.0000,0.6387,7578.2,0.0894,2,0
32.8869,0.207538,59.994635,0.002973,0.0000,0.6486,7592.6,0.0935,2,0
32.9208,0.207619,59.994634,0.002968,0.0000,0.6486,7610.4,0.0972,2,0
32.9548,0.207700,59.994632,0.002964,0.0000,0.6657,7629.5,0.1006,2,0
32.9921,0.207782,59.994630,0.002959,0.0000,0.6657,7638.0,0.1036,2,0
33.0304,0.207863,59.994628,0.002954,0.0000,0.6869,7643.3,0.1063,2,0
33.0686,0.207945,59.994627,0.002949,0.0000,0.6869,7651.7,0.1085,2,0
33.1074,0.208027,59.994625,0.002944,0.0000,0.7098,7665.0,0.1106,2,0
33.1454,0.208109,59.994624,0.002940,0.0000,0.7098,7684.9,0.1125,2,0
33.1802,0.208191,59.994622,0.002935,0.0000,0.7328,7719.4,0.1143,2,0
33.2170,0.208273,59.994620,0.002930,0.0000,0.7328,7750.5,0.1159,2,0
33.2565,0.208355,59.994619,0.002925,0.0000,0.7546,7769.7,0.1172,2,0
33.2932,0.208437,59.994617,0.002920,0.0000,0.7546,7804.2,0.1185,2,0
33.3287,0.208519,59.994616,0.002915,0.0000,0.7711,7845.0,0.1196,2,0
33.3666,0.208601,59.994614,0.002910,0.0000,0.7711,7872.6,0.1207,2,0
33.4053,0.208684,59.994612,0.002905,0.0000,0.7818,7902.1,0.1217,2,0
33.4453,0.208766,59.994610,0.002900,0.0000,0.7818,7926.2,0.1230,2,0
33.4842,0.208849,59.994608,0.002895,0.0000,0.7857,7949.2,0.1241,2,0
33.5257,0.208932,59.994606,0.002890,0.0000,0.7857,7965.1,0.1252,2,0
33.5656,0.209015,59.994604,0.002885,0.0000,0.7838,7982.3,0.1262,2,0
33.6053,0.209098,59.994603,0.002880,0.0000,0.7838,7996.8,0.1273,2,0
33.6481,0.209181,59.994601,0.002875,0.0000,0.7794,8002.8,0.1284,2,0
33.6860,0.209264,59.994599,0.002870,0.0000,0.7794,8021.8,0.1297,2,0
33.7249,0.209347,59.994597,0.002865,0.0000,0.7677,8037.6,0.1308,2,0
33.7648,0.209431,59.994595,0.002860,0.0000,0.7677,8045.5,0.1321,2,0
33.8042,0.209514,59.994594,0.002855,0.0000,0.7533,8051.0,0.1332,2,0
33.8410,0.209598,59.994592,0.002850,0.0000,0.7533,8062.2,0.1342,2,0
33.8774,0.209681,59.994591,0.002845,0.0000,0.7369,8072.0,0.1351,2,0
33.9139,0.209765,59.994589,0.002840,0.0000,0.7369,8078.9,0.1359,2,0
33.9496,0.209849,59.994588,0.002835,0.0000,0.7251,8087.9,0.1364,2,0
33.9846,0.209933,59.994586,0.002829,0.0000,0.7251,8096.7,0.1366,2,0
34.0201,0.210017,59.994584,0.002824,0.0000,0.7185,8106.4,0.1363,2,0
34.0535,0.210101,59.994583,0.002819,0.0000,0.7185,8119.8,0.1357,2,0
34.0883,0.210185,59.994582,0.002814,0.0000,0.7171,8128.6,0.1348,2,0
34.1233,0.210269,59.994580,0.002809,0.0000,0.7171,8136.0,0.1338,2,0
34.1563,0.210353,59.994578,0.002803,0.0000,0.7194,8152.6,0.1324,2,0
34.1911,0.210438,59.994577,0.002798,0.0000,0.7194,8159.7,0.1307,2,0
34.2255,0.210522,59.994575,0.002793,0.0000,0.7179,8168.0,0.1287,2,0
34.2584,0.210607,59.994574,0.002787,0.0000,0.7179,8184.2,0.1264,2,0
34.2927,0.210691,59.994572,0.002782,0.0000,0.7181,8192.8,0.1240,2,0
34.3262,0.210776,59.994570,0.002777,0.0000,0.7181,8206.1,0.1212,2,0
34.3586,0.210861,59.994569,0.002772,0.0000,0.7196,8221.3,0.1181,2,0
34.3946,0.210946,59.994567,0.002766,0.0000,0.7196,8224.0,0.1147,2,0
34.4294,0.211031,59.994566,0.002761,0.0000,0.7252,8230.3,0.1110,2,0
34.4635,0.211116,59.994564,0.002756,0.0000,0.7252,8241.4,0.1071,2,0
34.4969,0.211201,59.994563,0.002750,0.0000,0.7327,8256.3,0.1033,2,0
34.5301,0.211286,59.994561,0.002745,0.0000,0.7327,8273.1,0.0994,2,0
34.5652,0.211372,59.994560,0.002739,0.0000,0.7436,8283.0,0.0954,2,0
34.6005,0.211457,59.994558,0.002734,0.0000,0.7436,8293.9,0.0914,2,0
34.6357,0.211543,59.994557,0.002728,0.0000,0.7564,8311.5,0.0874,2,0
34.6704,0.211628,59.994556,0.002723,0.0000,0.7564,8327.5,0.0836,2,0
34.7064,0.211714,59.994554,0.002717,0.0000,0.7699,8340.5,0.0797,2,0
34.7420,0.211800,59.994553,0.002712,0.0000,0.7699,8357.8,0.0761,2,0
34.7781,0.211886,59.994551,0.002706,0.0000,0.7858,8375.3,0.0727,2,0
34.8166,0.211971,59.994550,0.002701,0.0000,0.7858,8384.9,0.0691,2,0
34.8568,0.212058,59.994548,0.002695,0.0000,0.8006,8391.9,0.0660,2,0
34.8934,0.212144,59.994547,0.002690,0.0000,0.8006,8411.3,0.0632,2,0
34.9320,0.212230,59.994545,0.002684,0.0000,0.8195,8423.6,0.0603,2,0
34.9706,0.212316,59.994544,0.002679,0.0000,0.8195,8445.8,0.0580,2,0
35.0098,0.212403,59.994542,0.002673,0.0000,0.8367,8464.5,0.0560,2,0
35.0481,0.212489,59.994540,0.002667,0.0000,0.8367,8484.0,0.0539,2,0
35.0885,0.212576,59.994539,0.002662,0.0000,0.8566,8501.0,0.0522,2,0
35.1295,0.212663,59.994537,0.002656,0.0000,0.8566,8451.8,0.0509,2,0
35.1655,0.212749,59.994536,0.002650,0.0000,0.8774,8475.0,0.0496,2,0
35.2011,0.212836,59.994534,0.002645,0.0000,0.8774,8523.2,0.0488,2,0
35.2394,0.212923,59.994533,0.002639,0.0000,0.6344,8491.1,0.0479,2,0
35.2754,0.213010,59.994532,0.002633,0.0000,0.6344,8523.7,0.0470,2,0
35.3141,0.213097,59.994530,0.002628,0.0000,0.6469,8539.0,0.0460,2,0
35.3503,0.213185,59.994529,0.002622,0.0000,0.6469,8527.8,0.0449,2,0
35.3879,0.213272,59.994528,0.002616,0.0000,0.9307,8577.4,0.0439,2,0
35.4244,0.213360,59.994527,0.002610,0.0000,0.9307,8538.3,0.0429,2,0
35.4606,0.213447,59.994526,0.002604,0.0000,0.6680,8575.8,0.0414,2,0
35.4973,0.213535,59.994524,0.002599,0.0000,0.6680,8572.1,0.0398,2,0
35.5342,0.213622,59.994523,0.002593,0.0000,0.6792,8583.4,0.0380,2,0
35.5702,0.213710,59.994522,0.002587,0.0000,0.6792,8603.7,0.0359,2,0
35.6076,0.213798,59.994521,0.002581,0.0000,0.6896,8596.2,0.0339,2,0
35.6438,0.213886,59.994520,0.002575,0.0000,0.6896,8651.2,0.0317,2,0
35.6827,0.213974,59.994518,0.002570,0.0000,0.6995,8615.7,0.0292,2,0
35.7203,0.214062,59.994517,0.002564,0.0000,0.6995,8667.3,0.0265,2,0
35.7605,0.214151,59.994516,0.002558,0.0000,0.7071,8629.4,0.0236,2,0
35.8004,0.214239,59.994515,0.002552,0.0000,0.7071,8667.4,0.0206,2,0
35.8377,0.214328,59.994514,0.002546,0.0000,1.0000,8668.3,0.0174,2,0
35.8754,0.214416,59.994512,0.002540,0.0000,1.0000,8662.6,0.0140,2,0
35.9122,0.214505,59.994511,0.002534,0.0000,1.0000,8712.2,0.0101,2,0
35.9517,0.214593,59.994510,0.002528,0.0000,1.0000,8673.9,0.0056,2,0
35.9886,0.214682,59.994509,0.002522,0.0000,0.7071,8715.2,0.0006,2,0
36.0259,0.214771,59.994508,0.002516,0.0000,0.7071,8714.6,-0.0052,2,0
36.0624,0.214860,59.994507,0.002510,0.0000,0.7071,8708.4,-0.0117,2,0
36.0987,0.214949,59.994506,0.002504,0.0000,0.7071,8731.5,-0.0191,2,0
36.1362,0.215039,59.994505,0.002498,0.0000,1.0000,8731.6,-0.0277,2,0
36.1753,0.215128,59.994504,0.002492,0.0000,1.0000,8739.4,-0.0368,2,0
36.2144,0.215217,59.994503,0.002486,0.0000,1.0000,8750.7,-0.0465,2,0
36.2563,0.215307,59.994502,0.002480,0.0000,1.0000,8751.5,-0.0561,2,0
36.2974,0.215396,59.994501,0.002474,0.0000,1.0000,8754.8,-0.0653,2,0
36.3425,0.215486,59.994500,0.002468,0.0000,1.0000,8793.9,-0.0742,2,0
36.3932,0.215576,59.994499,0.002462,0.0000,1.0000,8801.3,-0.0828,2,0
36.4451,0.215666,59.994498,0.002455,0.0000,1.0000,8803.9,-0.0906,2,0
36.4988,0.215756,59.994496,0.002449,0.0000,1.0000,8800.6,-0.0975,2,0
36.5532,0.215846,59.994495,0.002443,0.0000,1.0000,8794.3,-0.1033,2,0
36.6079,0.215937,59.994494,0.002437,0.0000,0.9976,8788.0,-0.1080,2,0
36.6646,0.216027,59.994493,0.002431,0.0000,0.9976,8772.6,-0.1116,2,0
36.7201,0.216118,59.994492,0.002425,0.0000,0.9726,8758.9,-0.1140,2,0
36.7749,0.216209,59.994490,0.002418,0.0000,0.9726,8745.1,-0.1157,2,0
36.8305,0.216300,59.994489,0.002412,0.0000,0.9343,8723.6,-0.1165,2,0
36.8840,0.216391,59.994488,0.002406,0.0000,0.9343,8705.8,-0.1168,2,0
36.9358,0.216482,59.994487,0.002400,0.0000,0.8787,8688.0,-0.1165,2,0
36.9845,0.216573,59.994486,0.002393,0.0000,0.8787,8670.9,-0.1154,2,0
37.0315,0.216664,59.994484,0.002387,0.0000,0.7962,8646.2,-0.1139,2,0
37.0743,0.216756,59.994483,0.002381,0.0000,0.7962,8626.1,-0.1121,2,0
37.1160,0.216848,59.994482,0.002375,0.0000,0.6983,8594.0,-0.1101,2,0
37.1510,0.216939,59.994481,0.002368,0.0000,0.6983,8578.7,-0.1084,2,0
37.1811,0.217031,59.994480,0.002362,0.0000,0.6175,8568.7,-0.1066,2,0
37.2050,0.217123,59.994478,0.002356,0.0000,0.6175,8572.4,-0.1049,2,0
37.2264,0.217215,59.994477,0.002349,0.0000,0.5650,8577.2,-0.1034,2,0
37.2464,0.217307,59.994476,0.002343,0.0000,0.5650,8579.9,-0.1022,2,0
37.2655,0.217399,59.994475,0.002337,0.0000,0.5280,8579.4,-0.1015,2,0
37.2821,0.217491,59.994474,0.002331,0.0000,0.5280,8587.5,-0.1013,2,0
37.2982,0.217583,59.994473,0.002324,0.0000,0.5014,8592.2,-0.1012,2,0
37.3112,0.217675,59.994472,0.002318,0.0000,0.5014,8603.2,-0.1011,2,0
37.3232,0.217767,59.994470,0.002312,0.0000,0.4838,8611.2,-0.1013,2,0
37.3358,0.217859,59.994469,0.002306,0.0000,0.4838,8614.3,-0.1017,2,0
37.3467,0.217952,59.994468,0.002299,0.0000,0.4795,8624.7,-0.1024,2,0
37.3579,0.218044,59.994467,0.002293,0.0000,0.4795,8633.9,-0.1035,2,0
37.3683,0.218136,59.994466,0.002287,0.0000,0.4864,8647.3,-0.1045,2,0
37.3809,0.218228,59.994465,0.002280,0.0000,0.4864,8653.8,-0.1057,2,0
37.3932,0.218321,59.994464,0.002274,0.0000,0.5010,8663.2,-0.1067,2,0
37.4058,0.218413,59.994462,0.002268,0.0000,0.5010,8674.3,-0.1079,2,0
37.4193,0.218505,59.994461,0.002262,0.0000,0.5206,8686.0,-0.1091,2,0
37.4326,0.218598,59.994459,0.002256,0.0000,0.5206,8696.7,-0.1102,2,0
37.4482,0.218690,59.994458,0.002249,0.0000,0.5383,8704.3,-0.1111,2,0
37.4641,0.218783,59.994456,0.002243,0.0000,0.5383,8712.6,-0.1121,2,0
37.4789,0.218875,59.994454,0.002237,0.0000,0.5471,8722.0,-0.1131,2,0
37.4933,0.218968,59.994453,0.002231,0.0000,0.5471,8734.4,-0.1143,2,0
37.5090,0.219060,59.994452,0.002224,0.0000,0.5423,8741.7,-0.1156,2,0
37.5254,0.219153,59.994450,0.002218,0.0000,0.5423,8745.3,-0.1168,2,0
37.5400,0.219246,59.994449,0.002212,0.0000,0.5196,8746.2,-0.1181,2,0
37.5539,0.219338,59.994448,0.002206,0.0000,0.5196,8745.6,-0.1194,2,0
37.5645,0.219431,59.994447,0.002200,0.0000,0.0000,8721.7,-0.1208,2,0
37.5576,0.219524,59.994446,0.002194,0.0000,0.0000,8673.9,-0.1224,2,0
37.5494,0.219616,59.994445,0.002187,0.0000,0.0000,8626.4,-0.1240,2,0
37.5426,0.219709,59.994444,0.002181,0.0000,0.0000,8579.0,-0.1254,2,0
37.5340,0.219802,59.994443,0.002175,0.0000,0.0000,8320.2,-0.1266,3,0
37.5809,0.219895,59.994442,0.002169,0.0000,0.0000,7452.1,-0.1278,3,0
37.6341,0.219987,59.994441,0.002163,0.0000,0.2382,7222.6,-0.1288,3,0
37.6581,0.220080,59.994440,0.002157,0.0000,0.2382,7134.5,-0.1298,3,0
37.6710,0.220173,59.994438,0.002151,0.0000,0.2950,7101.1,-0.1307,3,0
37.6790,0.220266,59.994437,0.002145,0.0000,0.2950,7086.9,-0.1312,3,0
37.6848,0.220359,59.994435,0.002138,0.0000,0.2759,7082.5,-0.1315,3,0
37.6889,0.220452,59.994433,0.002132,0.0000,0.2759,7082.2,-0.1316,3,0
37.6933,0.220546,59.994431,0.002126,0.0000,0.2697,7081.0,-0.1315,3,0
37.6979,0.220639,59.994430,0.002120,0.0000,0.2697,7078.3,-0.1311,3,0
37.7029,0.220732,59.994428,0.002114,0.0000,0.2659,7077.1,-0.1305,3,0
37.7083,0.220825,59.994426,0.002108,0.0000,0.2659,7071.3,-0.1298,3,0
37.7105,0.220918,59.994425,0.002102,0.0000,0.2613,7078.4,-0.1292,3,0
37.7158,0.221011,59.994423,0.002096,0.0000,0.2613,7071.9,-0.1289,3,0
37.7206,0.221104,59.994421,0.002090,0.0000,0.2537,7068.6,-0.1287,3,0
37.7240,0.221197,59.994419,0.002084,0.0000,0.2537,7067.6,-0.1285,3,0
37.7272,0.221290,59.994417,0.002078,0.0000,0.2425,7067.2,-0.1285,3,0
37.7290,0.221383,59.994415,0.002072,0.0000,0.2425,7067.1,-0.1286,3,0
37.7324,0.221477,59.994414,0.002066,0.0000,0.2304,7061.2,-0.1290,3,0
37.7345,0.221570,59.994412,0.002060,0.0000,0.2304,7056.7,-0.1296,3,0
37.7362,0.221663,59.994410,0.002054,0.0000,0.2227,7055.3,-0.1303,3,0
37.7377,0.221756,59.994408,0.002048,0.0000,0.2227,7053.5,-0.1310,3,0
37.7383,0.221849,59.994406,0.002042,0.0000,0.2208,7053.8,-0.1315,3,0
37.7398,0.221942,59.994404,0.002036,0.0000,0.2208,7051.1,-0.1321,3,0
37.7401,0.222036,59.994403,0.002030,0.0000,0.2223,7052.8,-0.1328,3,0
37.7406,0.222129,59.994401,0.002025,0.0000,0.2223,7054.7,-0.1331,3,0
37.7422,0.222222,59.994400,0.002019,0.0000,0.2260,7052.8,-0.1333,3,0
37.7431,0.222315,59.994398,0.002013,0.0000,0.2260,7054.3,-0.1332,3,0
37.7446,0.222408,59.994397,0.002007,0.0000,0.2358,7054.2,-0.1330,3,0
37.7454,0.222501,59.994396,0.002001,0.0000,0.2358,7061.0,-0.1327,3,0
37.7478,0.222595,59.994394,0.001995,0.0000,0.2508,7064.1,-0.1324,3,0
37.7502,0.222688,59.994393,0.001989,0.0000,0.2508,7070.1,-0.1319,3,0
37.7534,0.222781,59.994391,0.001984,0.0000,0.2654,7073.7,-0.1313,3,0
37.7582,0.222874,59.994390,0.001978,0.0000,0.2654,7072.4,-0.1307,3,0
37.7616,0.222967,59.994388,0.001972,0.0000,0.2763,7075.4,-0.1301,3,0
37.7652,0.223061,59.994386,0.001966,0.0000,0.2763,7080.3,-0.1298,3,0
37.7690,0.223154,59.994384,0.001961,0.0000,0.2828,7085.3,-0.1292,3,0
37.7736,0.223247,59.994382,0.001955,0.0000,0.2828,7086.9,-0.1285,3,0
37.7784,0.223340,59.994380,0.001949,0.0000,0.2861,7087.0,-0.1278,3,0
37.7830,0.223434,59.994378,0.001943,0.0000,0.2861,7088.8,-0.1269,3,0
37.7886,0.223527,59.994376,0.001938,0.0000,0.2880,7088.1,-0.1263,3,0
37.7934,0.223620,59.994374,0.001932,0.0000,0.2880,7091.3,-0.1254,3,0
37.7981,0.223714,59.994372,0.001926,0.0000,0.2876,7094.6,-0.1244,3,0
37.8044,0.223807,59.994370,0.001920,0.0000,0.2876,7092.5,-0.1231,3,0
37.8111,0.223900,59.994368,0.001915,0.0000,0.2925,7089.1,-0.1217,3,0
37.8167,0.223994,59.994366,0.001909,0.0000,0.2925,7090.5,-0.1207,3,0
37.8222,0.224087,59.994364,0.001904,0.0000,0.3060,7095.1,-0.1198,3,0
37.8281,0.224180,59.994362,0.001898,0.0000,0.3060,7101.5,-0.1188,3,0
37.8343,0.224274,59.994360,0.001892,0.0000,0.3250,7106.6,-0.1178,3,0
37.8420,0.224367,59.994358,0.001887,0.0000,0.3250,7108.6,-0.1168,3,0
37.8491,0.224461,59.994356,0.001881,0.0000,0.3499,7114.0,-0.1158,3,0
37.8580,0.224554,59.994354,0.001876,0.0000,0.3499,7116.9,-0.1148,3,0
37.8676,0.224648,59.994352,0.001870,0.0000,0.3764,7120.7,-0.1136,3,0
37.8772,0.224741,59.994350,0.001864,0.0000,0.3764,7131.5,-0.1122,3,0
37.8876,0.224835,59.994348,0.001859,0.0000,0.4093,7140.0,-0.1108,3,0
37.8998,0.224928,59.994346,0.001853,0.0000,0.4093,7146.8,-0.1093,3,0
37.9147,0.225022,59.994344,0.001848,0.0000,0.4512,7150.0,-0.1079,3,0
37.9300,0.225115,59.994342,0.001842,0.0000,0.4512,7156.5,-0.1066,3,0
37.9463,0.225209,59.994340,0.001837,0.0000,0.4928,7167.0,-0.1052,3,0
37.9621,0.225303,59.994338,0.001831,0.0000,0.4928,7183.2,-0.1038,3,0
37.9805,0.225397,59.994336,0.001826,0.0000,0.5364,7193.9,-0.1024,3,0
38.0017,0.225490,59.994334,0.001820,0.0000,0.5364,7202.2,-0.1011,3,0
38.0233,0.225584,59.994332,0.001815,0.0000,0.5859,7214.3,-0.1001,3,0
38.0469,0.225678,59.994330,0.001809,0.0000,0.5859,7226.0,-0.0993,3,0
38.0711,0.225772,59.994328,0.001804,0.0000,0.6331,7239.9,-0.0987,3,0
38.0972,0.225866,59.994326,0.001799,0.0000,0.6331,7252.4,-0.0983,3,0
38.1255,0.225960,59.994324,0.001793,0.0000,0.6771,7261.6,-0.0983,3,0
38.1542,0.226054,59.994322,0.001788,0.0000,0.6771,7274.7,-0.0988,3,0
38.1845,0.226149,59.994320,0.001782,0.0000,0.7144,7286.7,-0.0996,3,0
38.2160,0.226243,59.994318,0.001777,0.0000,0.7144,7297.2,-0.1007,3,0
38.2495,0.226337,59.994316,0.001772,0.0000,0.7429,7303.7,-0.1020,3,0
38.2823,0.226432,59.994314,0.001766,0.0000,0.7429,7313.9,-0.1036,3,0
38.3160,0.226527,59.994312,0.001761,0.0000,0.7661,7323.7,-0.1055,3,0
38.3501,0.226621,59.994310,0.001756,0.0000,0.7661,7333.7,-0.1074,3,0
38.3852,0.226716,59.994308,0.001751,0.0000,0.7878,7341.1,-0.1093,3,0
38.4215,0.226811,59.994306,0.001746,0.0000,0.7878,7347.1,-0.1110,3,0
38.4579,0.226906,59.994305,0.001741,0.0000,0.8020,7356.0,-0.1126,3,0
38.4954,0.227001,59.994303,0.001736,0.0000,0.8020,7360.7,-0.1141,3,0
38.5334,0.227096,59.994301,0.001731,0.0000,0.8079,7363.5,-0.1154,3,0
38.5716,0.227191,59.994299,0.001727,0.0000,0.8079,7366.0,-0.1163,3,0
38.6096,0.227286,59.994297,0.001722,0.0000,0.8101,7369.9,-0.1169,3,0
38.6471,0.227382,59.994295,0.001717,0.0000,0.8101,7374.7,-0.1171,3,0
38.6850,0.227477,59.994294,0.001712,0.0000,0.8101,7379.2,-0.1169,3,0
38.7229,0.227573,59.994292,0.001707,0.0000,0.8101,7383.5,-0.1164,3,0
38.7603,0.227669,59.994290,0.001703,0.0000,0.8101,7389.2,-0.1156,3,0
38.7978,0.227764,59.994287,0.001697,0.0000,0.8101,7393.6,-0.1143,3,0
38.8356,0.227860,59.994285,0.001692,0.0000,0.8113,7400.0,-0.1127,3,0
38.8727,0.227956,59.994282,0.001687,0.0000,0.8113,7407.1,-0.1109,3,0
38.9100,0.228052,59.994279,0.001682,0.0000,0.8176,7415.5,-0.1091,3,0
38.9480,0.228148,59.994276,0.001676,0.0000,0.8176,7421.4,-0.1073,3,0
38.9862,0.228245,59.994274,0.001671,0.0000,0.8272,7426.6,-0.1055,3,0
39.0263,0.228341,59.994271,0.001666,0.0000,0.8272,7428.9,-0.1037,3,0
39.0640,0.228437,59.994268,0.001661,0.0000,0.8380,7442.4,-0.1022,3,0
39.1014,0.228534,59.994266,0.001655,0.0000,0.8380,7454.7,-0.1009,3,0
39.1411,0.228631,59.994263,0.001650,0.0000,0.8514,7464.0,-0.1000,3,0
39.1824,0.228727,59.994261,0.001645,0.0000,0.8514,7466.7,-0.0993,3,0
39.2229,0.228824,59.994258,0.001640,0.0000,0.8665,7470.7,-0.0988,3,0
39.2615,0.228921,59.994256,0.001635,0.0000,0.8665,7486.5,-0.0984,3,0
39.2993,0.229018,59.994254,0.001630,0.0000,0.8835,7505.4,-0.0982,3,0
39.3401,0.229115,59.994251,0.001624,0.0000,0.8835,7516.1,-0.0981,3,0
39.3820,0.229212,59.994249,0.001619,0.0000,0.9021,7525.8,-0.0984,3,0
39.4236,0.229310,59.994247,0.001614,0.0000,0.9021,7533.5,-0.0985,3,0
39.4653,0.229407,59.994245,0.001609,0.0000,0.9158,7545.3,-0.0986,3,0
39.5052,0.229505,59.994242,0.001604,0.0000,0.9158,7562.9,-0.0989,3,0
39.5474,0.229602,59.994240,0.001599,0.0000,0.9282,7576.1,-0.0993,3,0
39.5897,0.229700,59.994238,0.001594,0.0000,0.9282,7590.1,-0.0998,3,0
39.6316,0.229798,59.994235,0.001588,0.0000,0.9406,7600.4,-0.1004,3,0
39.6757,0.229896,59.994233,0.001583,0.0000,0.9406,7607.7,-0.1010,3,0
39.7187,0.229994,59.994231,0.001578,0.0000,0.9512,7617.3,-0.1018,3,0
39.7619,0.230092,59.994228,0.001573,0.0000,0.9512,7630.4,-0.1027,3,0
39.8053,0.230190,59.994226,0.001568,0.0000,0.9581,7639.5,-0.1039,3,0
39.8486,0.230289,59.994224,0.001563,0.0000,0.9581,7648.6,-0.1051,3,0
39.8924,0.230387,59.994222,0.001558,0.0000,0.9615,7657.0,-0.1065,3,0
39.9364,0.230486,59.994219,0.001553,0.0000,0.9615,7666.2,-0.1080,3,0
39.9790,0.230584,59.994217,0.001548,0.0000,0.9615,7677.4,-0.1099,3,0
40.0225,0.230683,59.994214,0.001543,0.0000,0.9615,7686.1,-0.1118,3,0
40.0661,0.230782,59.994212,0.001538,0.0000,0.9593,7694.7,-0.1138,3,0
40.1099,0.230881,59.994209,0.001533,0.0000,0.9593,7700.5,-0.1157,3,0
40.1541,0.230980,59.994206,0.001528,0.0000,0.9558,7704.8,-0.1175,3,0
40.1964,0.231080,59.994203,0.001523,0.0000,0.9558,7713.2,-0.1193,3,0
40.2403,0.231179,59.994201,0.001518,0.0000,0.9534,7717.6,-0.1210,3,0
40.2838,0.231278,59.994198,0.001513,0.0000,0.9534,7722.6,-0.1228,3,0
40.3263,0.231378,59.994195,0.001508,0.0000,0.9511,7731.2,-0.1243,3,0
40.3690,0.231478,59.994193,0.001503,0.0000,0.9511,7737.1,-0.1258,3,0
40.4111,0.231577,59.994190,0.001498,0.0000,0.9479,7746.7,-0.1270,3,0
40.4534,0.231677,59.994187,0.001493,0.0000,0.9479,7753.9,-0.1282,3,0
40.4951,0.231777,59.994185,0.001488,0.0000,0.9422,7761.2,-0.1292,3,0
40.5365,0.231877,59.994182,0.001483,0.0000,0.9422,7769.3,-0.1299,3,0
40.5781,0.231977,59.994180,0.001478,0.0000,0.9382,7776.0,-0.1304,3,0
40.6190,0.232078,59.994177,0.001473,0.0000,0.9382,7784.8,-0.1306,3,0
40.6593,0.232178,59.994174,0.001469,0.0000,0.9363,7794.9,-0.1309,3,0
40.7004,0.232278,59.994172,0.001464,0.0000,0.9363,7801.5,-0.1310,3,0
40.7413,0.232379,59.994169,0.001459,0.0000,0.9346,7808.9,-0.1308,3,0
40.7817,0.232480,59.994167,0.001454,0.0000,0.9346,7816.4,-0.1307,3,0
40.8218,0.232581,59.994164,0.001449,0.0000,0.9335,7824.9,-0.1305,3,0
40.8621,0.232681,59.994161,0.001444,0.0000,0.9335,7834.3,-0.1305,3,0
40.9026,0.232782,59.994158,0.001439,0.0000,0.9343,7841.5,-0.1306,3,0
40.9427,0.232883,59.994155,0.001435,0.0000,0.9343,7851.4,-0.1307,3,0
40.9817,0.232985,59.994152,0.001430,0.0000,0.9334,7862.5,-0.1309,3,0
41.0215,0.233086,59.994148,0.001425,0.0000,0.9334,7870.0,-0.1310,3,0
41.0614,0.233187,59.994145,0.001420,0.0000,0.9334,7877.9,-0.1313,3,0
41.1013,0.233289,59.994142,0.001415,0.0000,0.9334,7885.8,-0.1318,3,0
41.1404,0.233390,59.994139,0.001411,0.0000,0.9334,7896.2,-0.1322,3,0
41.1796,0.233492,59.994136,0.001406,0.0000,0.9334,7906.8,-0.1328,3,0
41.2193,0.233594,59.994133,0.001401,0.0000,0.9344,7911.0,-0.1332,3,0
41.2584,0.233696,59.994130,0.001396,0.0000,0.9344,7920.0,-0.1338,3,0
41.2979,0.233797,59.994128,0.001392,0.0000,0.9334,7927.8,-0.1345,3,0
41.3369,0.233899,59.994125,0.001387,0.0000,0.9334,7937.5,-0.1350,3,0
41.3753,0.234002,59.994122,0.001382,0.0000,0.9344,7947.3,-0.1354,3,0
41.4142,0.234104,59.994119,0.001378,0.0000,0.9344,7952.8,-0.1357,3,0
41.4531,0.234206,59.994117,0.001373,0.0000,0.9334,7960.3,-0.1361,3,0
41.4927,0.234309,59.994114,0.001368,0.0000,0.9334,7967.2,-0.1364,3,0
41.5318,0.234411,59.994111,0.001364,0.0000,0.9334,7975.3,-0.1366,3,0
41.5697,0.234514,59.994109,0.001359,0.0000,0.9334,7985.8,-0.1367,3,0
41.6092,0.234616,59.994106,0.001354,0.0000,0.9334,7989.0,-0.1364,3,0
41.6486,0.234719,59.994103,0.001350,0.0000,0.9334,7994.8,-0.1362,3,0
41.6876,0.234822,59.994100,0.001345,0.0000,0.9327,8002.1,-0.1362,3,0
41.7260,0.234925,59.994097,0.001341,0.0000,0.9327,8010.0,-0.1362,3,0
41.7649,0.235028,59.994094,0.001336,0.0000,0.9334,8017.3,-0.1360,3,0
41.8034,0.235132,59.994091,0.001331,0.0000,0.9334,8022.3,-0.1357,3,0
41.8415,0.235235,59.994088,0.001327,0.0000,0.9334,8030.3,-0.1355,3,0
41.8800,0.235338,59.994085,0.001322,0.0000,0.9334,8035.8,-0.1354,3,0
41.9186,0.235442,59.994082,0.001318,0.0000,0.9334,8040.9,-0.1352,3,0
41.9560,0.235545,59.994079,0.001313,0.0000,0.9334,8048.7,-0.1348,3,0
41.9937,0.235649,59.994076,0.001309,0.0000,0.9327,8054.4,-0.1344,3,0
42.0320,0.235753,59.994073,0.001304,0.0000,0.9327,8060.1,-0.1341,3,0
42.0704,0.235857,59.994070,0.001300,0.0000,0.9328,8065.3,-0.1338,3,0
42.1079,0.235960,59.994067,0.001295,0.0000,0.9328,8074.0,-0.1334,3,0
42.1448,0.236065,59.994064,0.001291,0.0000,0.9334,8084.0,-0.1330,3,0
42.1823,0.236169,59.994061,0.001287,0.0000,0.9334,8088.1,-0.1325,3,0
42.2205,0.236273,59.994057,0.001282,0.0000,0.9334,8094.0,-0.1323,3,0
42.2581,0.236377,59.994054,0.001278,0.0000,0.9334,8102.3,-0.1323,3,0
42.2959,0.236482,59.994051,0.001273,0.0000,0.9334,8109.2,-0.1323,3,0
42.3332,0.236586,59.994048,0.001269,0.0000,0.9334,8117.3,-0.1324,3,0
42.3716,0.236691,59.994045,0.001265,0.0000,0.9327,8119.0,-0.1326,3,0
42.4091,0.236795,59.994042,0.001260,0.0000,0.9327,8126.9,-0.1330,3,0
42.4467,0.236900,59.994039,0.001256,0.0000,0.9334,8134.9,-0.1335,3,0
42.4843,0.237005,59.994036,0.001252,0.0000,0.9334,8143.0,-0.1340,3,0
42.5207,0.237110,59.994033,0.001247,0.0000,0.9327,8152.3,-0.1342,3,0
42.5584,0.237215,59.994030,0.001243,0.0000,0.9327,8155.9,-0.1345,3,0
42.5952,0.237320,59.994027,0.001239,0.0000,0.9334,8164.1,-0.1347,3,0
42.6325,0.237425,59.994024,0.001235,0.0000,0.9334,8171.4,-0.1348,3,0
42.6692,0.237531,59.994021,0.001230,0.0000,0.9334,8179.0,-0.1345,3,0
42.7051,0.237636,59.994018,0.001226,0.0000,0.9334,8188.6,-0.1338,3,0
42.7423,0.237742,59.994015,0.001222,0.0000,0.9327,8191.7,-0.1327,3,0
42.7795,0.237847,59.994011,0.001218,0.0000,0.9327,8198.1,-0.1315,3,0
42.8168,0.237953,59.994008,0.001214,0.0000,0.9328,8204.5,-0.1297,3,0
42.8534,0.238059,59.994004,0.001210,0.0000,0.9328,8213.2,-0.1275,3,0
42.8891,0.238165,59.994001,0.001206,0.0000,0.9334,8221.9,-0.1250,3,0
42.9269,0.238271,59.993997,0.001201,0.0000,0.9334,8224.6,-0.1223,3,0
42.9645,0.238377,59.993994,0.001197,0.0000,0.9334,8231.7,-0.1197,3,0
43.0017,0.238483,59.993991,0.001193,0.0000,0.9334,8239.1,-0.1170,3,0
43.0375,0.238589,59.993987,0.001189,0.0000,0.9327,8249.9,-0.1145,3,0
43.0741,0.238695,59.993983,0.001185,0.0000,0.9327,8257.4,-0.1121,3,0
43.1114,0.238802,59.993980,0.001181,0.0000,0.9327,8261.6,-0.1103,3,0
43.1478,0.238908,59.993977,0.001177,0.0000,0.9327,8271.2,-0.1090,3,0
43.1844,0.239015,59.993973,0.001173,0.0000,0.9327,8279.2,-0.1082,3,0
43.2185,0.239122,59.993970,0.001169,0.0000,0.9327,8292.3,-0.1078,3,0
43.2534,0.239229,59.993966,0.001165,0.0000,0.9334,8303.0,-0.1078,3,0
43.2890,0.239335,59.993963,0.001161,0.0000,0.9334,8312.3,-0.1084,3,0
43.3232,0.239442,59.993960,0.001157,0.0000,0.9328,8328.3,-0.1093,3,0
43.3587,0.239549,59.993956,0.001153,0.0000,0.9328,8337.5,-0.1103,3,0
43.3943,0.239656,59.993953,0.001149,0.0000,0.9334,8347.2,-0.1113,3,0
43.4290,0.239764,59.993949,0.001146,0.0000,0.9334,8358.1,-0.1125,3,0
43.4658,0.239871,59.993946,0.001142,0.0000,0.9334,8361.9,-0.1137,3,0
43.5008,0.239978,59.993942,0.001138,0.0000,0.9334,8370.8,-0.1149,3,0
43.5374,0.240086,59.993939,0.001134,0.0000,0.9334,8376.8,-0.1161,3,0
43.5725,0.240193,59.993935,0.001130,0.0000,0.9334,8388.2,-0.1173,3,0
43.6089,0.240301,59.993932,0.001126,0.0000,0.9334,8393.5,-0.1185,3,0
43.6449,0.240409,59.993928,0.001123,0.0000,0.9334,8401.3,-0.1198,3,0
43.6813,0.240517,59.993924,0.001119,0.0000,0.9334,8407.3,-0.1211,3,0
43.7179,0.240625,59.993921,0.001115,0.0000,0.9334,8411.3,-0.1223,3,0
43.7536,0.240733,59.993917,0.001111,0.0000,0.9334,8416.8,-0.1235,3,0
43.7904,0.240841,59.993914,0.001108,0.0000,0.9334,8417.9,-0.1248,3,0
43.8262,0.240949,59.993910,0.001104,0.0000,0.9334,8424.7,-0.1259,3,0
43.8623,0.241057,59.993907,0.001100,0.0000,0.9334,8429.0,-0.1269,3,0
43.8973,0.241166,59.993903,0.001097,0.0000,0.9345,8435.7,-0.1275,3,0
43.9319,0.241274,59.993900,0.001093,0.0000,0.9345,8441.7,-0.1279,3,0
43.9685,0.241383,59.993897,0.001089,0.0000,0.9345,8442.1,-0.1281,3,0
44.0035,0.241491,59.993893,0.001086,0.0000,0.9345,8447.3,-0.1279,3,0
44.0396,0.241600,59.993890,0.001082,0.0000,0.9353,8450.6,-0.1272,3,0
44.0734,0.241709,59.993887,0.001078,0.0000,0.9353,8459.9,-0.1261,3,0
44.1070,0.241818,59.993884,0.001075,0.0000,0.9364,8468.6,-0.1245,3,0
44.1419,0.241927,59.993880,0.001071,0.0000,0.9364,8472.8,-0.1227,3,0
44.1759,0.242036,59.993877,0.001068,0.0000,0.9364,8481.5,-0.1204,3,0
44.2104,0.242145,59.993874,0.001064,0.0000,0.9364,8488.8,-0.1179,3,0
44.2435,0.242254,59.993870,0.001061,0.0000,0.9364,8501.9,-0.1151,3,0
44.2773,0.242363,59.993867,0.001057,0.0000,0.9364,8510.4,-0.1125,3,0
44.3125,0.242473,59.993863,0.001054,0.0000,0.9366,8514.6,-0.1099,3,0
44.3477,0.242582,59.993860,0.001050,0.0000,0.9366,8520.9,-0.1077,3,0
44.3822,0.242692,59.993857,0.001047,0.0000,0.9372,8528.7,-0.1058,3,0
44.4158,0.242801,59.993853,0.001043,0.0000,0.9372,8540.0,-0.1044,3,0
44.4508,0.242911,59.993850,0.001040,0.0000,0.9372,8545.7,-0.1037,3,0
44.4854,0.243021,59.993846,0.001036,0.0000,0.9372,8554.8,-0.1034,3,0
44.5203,0.243131,59.993843,0.001033,0.0000,0.9372,8561.6,-0.1034,3,0
44.5549,0.243241,59.993839,0.001030,0.0000,0.9372,8568.7,-0.1038,3,0
44.5892,0.243351,59.993835,0.001026,0.0000,0.9400,8577.9,-0.1046,3,0
44.6241,0.243461,59.993832,0.001023,0.0000,0.9400,8582.1,-0.1057,3,0
44.6587,0.243571,59.993828,0.001020,0.0000,0.9436,8590.3,-0.1066,3,0
44.6944,0.243682,59.993824,0.001016,0.0000,0.9436,8592.3,-0.1076,3,0
44.7280,0.243792,59.993820,0.001013,0.0000,0.9471,8601.9,-0.1084,3,0
44.7624,0.243902,59.993816,0.001010,0.0000,0.9471,8609.0,-0.1090,3,0
44.7980,0.244013,59.993813,0.001007,0.0000,0.9505,8610.8,-0.1094,3,0
44.8324,0.244124,59.993809,0.001003,0.0000,0.9505,8618.6,-0.1095,3,0
44.8676,0.244234,59.993805,0.001000,0.0000,0.9548,8623.7,-0.1091,3,0
44.9016,0.244345,59.993801,0.000997,0.0000,0.9548,8633.3,-0.1084,3,0
44.9371,0.244456,59.993797,0.000994,0.0000,0.9599,8637.9,-0.1075,3,0
44.9726,0.244567,59.993794,0.000991,0.0000,0.9599,8645.5,-0.1063,3,0
45.0088,0.244678,59.993790,0.000987,0.0000,0.9665,8650.5,-0.1049,3,0
45.0439,0.244790,59.993786,0.000984,0.0000,0.9665,8659.3,-0.1034,3,0
45.0785,0.244901,59.993782,0.000981,0.0000,0.9757,8669.8,-0.1021,3,0
45.1152,0.245012,59.993778,0.000978,0.0000,0.9757,8673.6,-0.1010,3,0
45.1512,0.245124,59.993775,0.000975,0.0000,0.9843,8680.9,-0.1000,3,0
45.1873,0.245235,59.993771,0.000972,0.0000,0.9843,8685.7,-0.0991,3,0
45.2225,0.245347,59.993767,0.000969,0.0000,0.9947,8695.3,-0.0984,3,0
45.2591,0.245459,59.993763,0.000966,0.0000,0.9947,8702.4,-0.0981,3,0
45.2953,0.245570,59.993760,0.000963,0.0000,1.0000,8708.2,-0.0979,3,0
45.3320,0.245682,59.993756,0.000960,0.0000,1.0000,8714.2,-0.0978,3,0
45.3694,0.245794,59.993752,0.000957,0.0000,1.0000,8717.9,-0.0977,3,0
45.4044,0.245906,59.993749,0.000954,0.0000,1.0000,8728.4,-0.0980,3,0
45.4412,0.246019,59.993745,0.000951,0.0000,1.0000,8732.4,-0.0984,3,0
45.4775,0.246131,59.993741,0.000948,0.0000,1.0000,8737.5,-0.0988,3,0
45.5141,0.246243,59.993737,0.000945,0.0000,1.0000,8743.7,-0.0992,3,0
45.5497,0.246356,59.993734,0.000942,0.0000,1.0000,8751.5,-0.0997,3,0
45.5852,0.246468,59.993730,0.000939,0.0000,1.0000,8759.7,-0.1003,3,0
45.6220,0.246581,59.993726,0.000936,0.0000,1.0000,8762.3,-0.1009,3,0
45.6581,0.246694,59.993722,0.000934,0.0000,1.0000,8769.5,-0.1013,3,0
45.6938,0.246806,59.993718,0.000931,0.0000,1.0000,8775.8,-0.1017,3,0
45.7286,0.246919,59.993714,0.000928,0.0000,1.0000,8785.2,-0.1021,3,0
45.7648,0.247032,59.993710,0.000925,0.0000,1.0000,8788.7,-0.1024,3,0
45.8011,0.247145,59.993706,0.000922,0.0000,1.0000,8793.0,-0.1024,3,0
45.8372,0.247258,59.993702,0.000920,0.0000,1.0000,8799.0,-0.1023,3,0
45.8731,0.247372,59.993698,0.000917,0.0000,1.0000,8804.0,-0.1020,3,0
45.9086,0.247485,59.993694,0.000914,0.0000,1.0000,8811.4,-0.1018,3,0
45.9459,0.247598,59.993690,0.000911,0.0000,1.0000,8813.0,-0.1014,3,0
45.9819,0.247712,59.993686,0.000909,0.0000,1.0000,8818.8,-0.1010,3,0
46.0185,0.247826,59.993682,0.000906,0.0000,1.0000,8823.9,-0.1005,3,0
46.0549,0.247939,59.993679,0.000903,0.0000,1.0000,8828.0,-0.1002,3,0
46.0909,0.248053,59.993675,0.000901,0.0000,1.0000,8833.1,-0.1000,3,0
46.1275,0.248167,59.993671,0.000898,0.0000,1.0000,8837.3,-0.0998,3,0
46.1635,0.248281,59.993667,0.000896,0.0000,1.0000,8842.7,-0.0998,3,0
46.1993,0.248395,59.993663,0.000893,0.0000,1.0000,8847.6,-0.0999,3,0
46.2349,0.248509,59.993660,0.000890,0.0000,1.0000,8850.5,-0.1003,3,0
46.2707,0.248623,59.993656,0.000888,0.0000,1.0000,8854.2,-0.1007,3,0
46.3059,0.248738,59.993652,0.000885,0.0000,1.0000,8859.5,-0.1010,3,0
46.3407,0.248852,59.993648,0.000883,0.0000,1.0000,8864.5,-0.1013,3,0
46.3757,0.248966,59.993644,0.000880,0.0000,1.0000,8869.0,-0.1015,3,0
46.4109,0.249081,59.993641,0.000878,0.0000,1.0000,8874.8,-0.1017,3,0
46.4474,0.249196,59.993637,0.000875,0.0000,0.9868,8876.8,-0.1018,3,0
46.4818,0.249310,59.993633,0.000873,0.0000,0.9868,8882.8,-0.1015,3,0
46.5163,0.249425,59.993629,0.000871,0.0000,0.9657,8887.7,-0.1012,3,0
46.5510,0.249540,59.993625,0.000868,0.0000,0.9657,8890.0,-0.1010,3,0
46.5850,0.249655,59.993622,0.000866,0.0000,0.9417,8893.1,-0.1007,3,0
46.6177,0.249770,59.993618,0.000863,0.0000,0.9417,8900.0,-0.1004,3,0
46.6501,0.249885,59.993614,0.000861,0.0000,0.9162,8902.8,-0.0999,3,0
46.6823,0.250001,59.993610,0.000858,0.0000,0.9162,8901.8,-0.0995,3,0
46.7136,0.250116,59.993606,0.000856,0.0000,0.8878,8901.0,-0.0991,3,0
46.7438,0.250231,59.993601,0.000854,0.0000,0.8878,8901.8,-0.0983,3,0
46.7729,0.250347,59.993597,0.000852,0.0000,0.8622,8903.3,-0.0975,3,0
46.8017,0.250462,59.993593,0.000849,0.0000,0.8622,8900.8,-0.0965,3,0
46.8300,0.250578,59.993589,0.000847,0.0000,0.8363,8897.9,-0.0955,3,0
46.8579,0.250694,59.993585,0.000845,0.0000,0.8363,8894.3,-0.0941,3,0
46.8843,0.250809,59.993580,0.000842,0.0000,0.8101,8895.9,-0.0925,3,0
46.9099,0.250925,59.993576,0.000840,0.0000,0.8101,8898.2,-0.0906,3,0
46.9365,0.251041,59.993572,0.000838,0.0000,0.7899,8894.6,-0.0887,3,0
46.9602,0.251157,59.993568,0.000836,0.0000,0.7899,8895.6,-0.0864,3,0
46.9839,0.251273,59.993564,0.000834,0.0000,0.7740,8898.9,-0.0836,3,0
47.0071,0.251389,59.993559,0.000832,0.0000,0.7740,8902.6,-0.0805,3,0
47.0302,0.251505,59.993555,0.000829,0.0000,0.7625,8903.7,-0.0771,3,0
47.0551,0.251621,59.993551,0.000827,0.0000,0.7625,8899.2,-0.0736,3,0
47.0773,0.251737,59.993547,0.000825,0.0000,0.7580,8904.7,-0.0695,3,0
47.1008,0.251854,59.993543,0.000823,0.0000,0.7580,8912.6,-0.0652,3,0
47.1233,0.251970,59.993538,0.000821,0.0000,0.7590,8921.6,-0.0607,3,0
47.1470,0.252086,59.993534,0.000819,0.0000,0.7590,8923.0,-0.0560,3,0
47.1709,0.252203,59.993530,0.000817,0.0000,0.7624,8928.4,-0.0512,3,0
47.1938,0.252319,59.993526,0.000815,0.0000,0.7624,8935.0,-0.0459,3,0
47.2165,0.252436,59.993522,0.000813,0.0000,0.7706,8943.8,-0.0405,3,0
47.2399,0.252553,59.993518,0.000811,0.0000,0.7706,8950.1,-0.0352,3,0
47.2660,0.252669,59.993514,0.000809,0.0000,0.7823,8950.8,-0.0303,3,0
47.2912,0.252786,59.993510,0.000807,0.0000,0.7823,8955.3,-0.0254,3,0
47.3162,0.252903,59.993506,0.000805,0.0000,0.7967,8961.6,-0.0206,3,0
47.3423,0.253020,59.993502,0.000803,0.0000,0.7967,8966.3,-0.0160,3,0
47.3695,0.253137,59.993498,0.000801,0.0000,0.8135,8970.0,-0.0116,3,0
47.3973,0.253254,59.993494,0.000799,0.0000,0.8135,8973.1,-0.0071,3,0
47.4254,0.253371,59.993490,0.000797,0.0000,0.8287,8974.9,-0.0026,3,0
47.4539,0.253488,59.993486,0.000796,0.0000,0.8287,8977.8,0.0020,3,0
47.4829,0.253605,59.993482,0.000794,0.0000,0.8459,8981.8,0.0070,3,0
47.5134,0.253722,59.993478,0.000792,0.0000,0.8459,8983.4,0.0122,3,0
47.5444,0.253840,59.993474,0.000790,0.0000,0.8603,8984.2,0.0178,3,0
47.5751,0.253957,59.993470,0.000788,0.0000,0.8603,8987.8,0.0238,3,0
47.6063,0.254075,59.993466,0.000787,0.0000,0.8737,8991.6,0.0300,3,0
47.6400,0.254192,59.993462,0.000785,0.0000,0.8737,8988.4,0.0362,3,0
47.6745,0.254310,59.993458,0.000783,0.0000,0.8845,8982.4,0.0430,3,0
47.7075,0.254428,59.993454,0.000781,0.0000,0.8845,8981.9,0.0497,3,0
47.7412,0.254546,59.993450,0.000779,0.0000,0.8909,8979.9,0.0564,3,0
47.7772,0.254664,59.993446,0.000777,0.0000,0.8909,8969.0,0.0632,3,0
47.8117,0.254782,59.993442,0.000776,0.0000,0.8936,8962.8,0.0699,3,0
47.8462,0.254900,59.993438,0.000774,0.0000,0.8936,8955.8,0.0763,3,0
47.8801,0.255018,59.993434,0.000772,0.0000,0.8936,8949.7,0.0826,3,0
47.9117,0.255136,59.993430,0.000770,0.0000,0.8936,8953.9,0.0889,3,0
47.9409,0.255255,59.993426,0.000768,0.0000,0.8924,8969.5,0.0951,3,0
47.9692,0.255373,59.993422,0.000767,0.0000,0.8924,8983.0,0.1011,3,0
47.9992,0.255491,59.993418,0.000765,0.0000,0.8928,8987.1,0.1069,3,0
48.0294,0.255610,59.993414,0.000763,0.0000,0.8928,8991.2,0.1125,3,0
48.0565,0.255729,59.993410,0.000761,0.0000,0.8928,9004.9,0.1179,3,0
48.0820,0.255847,59.993405,0.000759,0.0000,0.8928,9028.0,0.1228,3,0
48.1108,0.255966,59.993400,0.000757,0.0000,0.8929,9037.0,0.1274,3,0
48.1377,0.256085,59.993396,0.000755,0.0000,0.8929,9051.1,0.1317,3,0
48.1661,0.256204,59.993391,0.000753,0.0000,0.8938,9063.0,0.1356,3,0
48.1915,0.256323,59.993386,0.000751,0.0000,0.8938,9088.8,0.1395,3,0
48.2169,0.256442,59.993381,0.000749,0.0000,0.8938,9112.8,0.1429,3,0
48.2399,0.256561,59.993376,0.000748,0.0000,0.8938,9143.8,0.1458,3,0
48.2631,0.256680,59.993372,0.000746,0.0000,0.8947,9175.1,0.1485,3,0
48.2900,0.256799,59.993367,0.000744,0.0000,0.8947,9192.0,0.1510,3,0
48.3183,0.256919,59.993362,0.000742,0.0000,0.8947,9203.2,0.1528,3,0
48.3465,0.257038,59.993358,0.000740,0.0000,0.8947,9210.6,0.1543,3,0
48.3735,0.257157,59.993354,0.000737,0.0000,0.8947,9221.2,0.1554,3,0
48.4004,0.257277,59.993349,0.000735,0.0000,0.8947,9229.7,0.1563,3,0
48.4290,0.257396,59.993345,0.000733,0.0000,0.8901,9228.7,0.1568,3,0
48.4552,0.257516,59.993341,0.000731,0.0000,0.8901,9233.4,0.1569,3,0
48.4812,0.257636,59.993337,0.000729,0.0000,0.8734,9236.8,0.1569,3,0
48.5064,0.257755,59.993333,0.000727,0.0000,0.8734,9241.4,0.1569,3,0
48.5313,0.257875,59.993328,0.000725,0.0000,0.8429,9243.2,0.1568,3,0
48.5544,0.257995,59.993324,0.000723,0.0000,0.8429,9248.1,0.1566,3,0
48.5782,0.258115,59.993320,0.000720,0.0000,0.8014,9244.1,0.1564,3,0
48.5990,0.258235,59.993316,0.000718,0.0000,0.8014,9245.4,0.1564,3,0
48.6193,0.258355,59.993312,0.000716,0.0000,0.7498,9241.6,0.1564,3,0
48.6385,0.258475,59.993308,0.000713,0.0000,0.7498,9233.4,0.1562,3,0
48.6570,0.258595,59.993304,0.000711,0.0000,0.6809,9217.8,0.1559,3,0
48.6732,0.258715,59.993300,0.000709,0.0000,0.6809,9203.5,0.1556,3,0
48.6876,0.258835,59.993296,0.000706,0.0000,0.6041,9187.1,0.1552,3,0
48.6999,0.258956,59.993292,0.000704,0.0000,0.6041,9169.3,0.1546,3,0
48.7098,0.259076,59.993288,0.000702,0.0000,0.5391,9151.8,0.1537,3,0
48.7171,0.259196,59.993284,0.000699,0.0000,0.5391,9139.7,0.1526,3,0
48.7230,0.259317,59.993280,0.000697,0.0000,0.5001,9129.5,0.1515,3,0
48.7283,0.259437,59.993276,0.000695,0.0000,0.5001,9118.1,0.1500,3,0
48.7326,0.259557,59.993271,0.000692,0.0000,0.4872,9107.2,0.1483,3,0
48.7365,0.259677,59.993267,0.000689,0.0000,0.4872,9098.7,0.1465,3,0
48.7408,0.259798,59.993263,0.000687,0.0000,0.4823,9091.2,0.1450,3,0
48.7443,0.259918,59.993258,0.000684,0.0000,0.4823,9086.1,0.1433,3,0
48.7495,0.260038,59.993254,0.000682,0.0000,0.4842,9075.0,0.1418,3,0
48.7533,0.260159,59.993250,0.000679,0.0000,0.4842,9070.6,0.1402,3,0
48.7571,0.260279,59.993246,0.000677,0.0000,0.4907,9071.5,0.1390,3,0
48.7613,0.260399,59.993241,0.000674,0.0000,0.4907,9072.9,0.1380,3,0
48.7606,0.260520,59.993237,0.000672,0.0000,0.0000,9035.5,0.1370,3,0
48.7499,0.260640,59.993233,0.000669,0.0000,0.0000,8986.4,0.1360,3,0
48.7392,0.260761,59.993230,0.000666,0.0000,0.0000,8937.5,0.1354,3,0
48.7291,0.260881,59.993226,0.000663,0.0000,0.0000,8888.8,0.1351,3,0
48.7249,0.261001,59.993222,0.000660,0.0000,0.0000,8417.2,0.1351,4,0
48.7637,0.261121,59.993218,0.000658,0.0000,0.0000,7802.7,0.1351,4,0
48.7918,0.261242,59.993215,0.000655,0.0000,0.5286,7718.6,0.1353,4,0
48.8109,0.261362,59.993211,0.000652,0.0000,0.5286,7686.8,0.1358,4,0
48.8274,0.261483,59.993207,0.000649,0.0000,0.5322,7665.5,0.1366,4,0
48.8405,0.261604,59.993204,0.000647,0.0000,0.5322,7653.5,0.1374,4,0
48.8515,0.261724,59.993200,0.000644,0.0000,0.5294,7653.8,0.1383,4,0
48.8614,0.261845,59.993196,0.000641,0.0000,0.5294,7659.7,0.1393,4,0
48.8713,0.261965,59.993191,0.000638,0.0000,0.5296,7667.0,0.1404,4,0
48.8830,0.262086,59.993187,0.000635,0.0000,0.5296,7664.2,0.1415,4,0
48.8930,0.262207,59.993182,0.000632,0.0000,0.5262,7665.1,0.1424,4,0
48.9020,0.262327,59.993178,0.000629,0.0000,0.5262,7675.5,0.1434,4,0
48.9120,0.262448,59.993174,0.000626,0.0000,0.5237,7682.3,0.1443,4,0
48.9232,0.262569,59.993169,0.000623,0.0000,0.5237,7684.7,0.1452,4,0
48.9345,0.262690,59.993165,0.000620,0.0000,0.5233,7685.1,0.1459,4,0
48.9455,0.262811,59.993160,0.000617,0.0000,0.5233,7687.4,0.1467,4,0
48.9570,0.262931,59.993156,0.000614,0.0000,0.5245,7686.9,0.1472,4,0
48.9683,0.263052,59.993152,0.000611,0.0000,0.5245,7688.5,0.1475,4,0
48.9791,0.263173,59.993148,0.000607,0.0000,0.5296,7690.4,0.1475,4,0
48.9902,0.263294,59.993143,0.000604,0.0000,0.5296,7692.9,0.1472,4,0
49.0016,0.263415,59.993139,0.000601,0.0000,0.5378,7695.0,0.1465,4,0
49.0128,0.263536,59.993135,0.000598,0.0000,0.5378,7699.3,0.1454,4,0
49.0247,0.263657,59.993131,0.000594,0.0000,0.5498,7701.1,0.1439,4,0
49.0365,0.263778,59.993127,0.000591,0.0000,0.5498,7704.5,0.1420,4,0
49.0486,0.263899,59.993122,0.000588,0.0000,0.5665,7708.1,0.1398,4,0
49.0616,0.264020,59.993118,0.000585,0.0000,0.5665,7712.1,0.1370,4,0
49.0757,0.264142,59.993114,0.000581,0.0000,0.5853,7713.9,0.1335,4,0
49.0894,0.264263,59.993110,0.000578,0.0000,0.5853,7718.1,0.1294,4,0
49.1039,0.264384,59.993106,0.000575,0.0000,0.6082,7723.4,0.1251,4,0
49.1191,0.264505,59.993102,0.000571,0.0000,0.6082,7730.1,0.1200,4,0
49.1361,0.264627,59.993098,0.000568,0.0000,0.6330,7734.5,0.1144,4,0
49.1530,0.264748,59.993094,0.000564,0.0000,0.6330,7738.4,0.1086,4,0
49.1704,0.264869,59.993089,0.000561,0.0000,0.6565,7744.2,0.1027,4,0
49.1887,0.264991,59.993085,0.000557,0.0000,0.6565,7752.0,0.0965,4,0
49.2084,0.265112,59.993081,0.000554,0.0000,0.6798,7757.0,0.0902,4,0
49.2287,0.265234,59.993077,0.000550,0.0000,0.6798,7761.8,0.0836,4,0
49.2510,0.265355,59.993073,0.000547,0.0000,0.7033,7766.2,0.0773,4,0
49.2724,0.265477,59.993069,0.000543,0.0000,0.7033,7776.0,0.0707,4,0
49.2953,0.265599,59.993065,0.000540,0.0000,0.7250,7783.3,0.0644,4,0
49.3194,0.265720,59.993061,0.000536,0.0000,0.7250,7788.9,0.0585,4,0
49.3446,0.265842,59.993057,0.000532,0.0000,0.7445,7791.0,0.0529,4,0
49.3690,0.265964,59.993054,0.000529,0.0000,0.7445,7799.1,0.0478,4,0
49.3948,0.266086,59.993050,0.000525,0.0000,0.7592,7807.0,0.0430,4,0
49.4203,0.266208,59.993046,0.000521,0.0000,0.7592,7810.6,0.0384,4,0
49.4471,0.266330,59.993042,0.000518,0.0000,0.7712,7810.3,0.0340,4,0
49.4739,0.266452,59.993038,0.000514,0.0000,0.7712,7812.8,0.0301,4,0
49.5002,0.266574,59.993034,0.000510,0.0000,0.7789,7816.8,0.0265,4,0
49.5281,0.266697,59.993030,0.000507,0.0000,0.7789,7815.0,0.0234,4,0
49.5573,0.266819,59.993026,0.000503,0.0000,0.7848,7809.6,0.0213,4,0
49.5877,0.266941,59.993021,0.000499,0.0000,0.7848,7802.3,0.0203,4,0
49.6180,0.267064,59.993017,0.000495,0.0000,0.7881,7795.5,0.0203,4,0
49.6473,0.267186,59.993013,0.000491,0.0000,0.7881,7792.3,0.0214,4,0
49.6776,0.267309,59.993009,0.000487,0.0000,0.7861,7785.9,0.0237,4,0
49.7093,0.267432,59.993005,0.000483,0.0000,0.7861,7775.5,0.0270,4,0
49.7421,0.267555,59.993000,0.000480,0.0000,0.7858,7759.1,0.0311,4,0
49.7743,0.267677,59.992996,0.000476,0.0000,0.7858,7745.8,0.0358,4,0
49.8040,0.267800,59.992992,0.000472,0.0000,0.7858,7742.9,0.0411,4,0
49.8316,0.267923,59.992988,0.000468,0.0000,0.7858,7750.9,0.0468,4,0
49.8594,0.268047,59.992984,0.000464,0.0000,0.7858,7757.4,0.0528,4,0
49.8905,0.268170,59.992981,0.000460,0.0000,0.7858,7750.9,0.0590,4,0
49.9194,0.268293,59.992977,0.000456,0.0000,0.7869,7751.4,0.0651,4,0
49.9468,0.268416,59.992973,0.000452,0.0000,0.7869,7761.4,0.0713,4,0
49.9743,0.268540,59.992969,0.000448,0.0000,0.7853,7771.0,0.0776,4,0
50.0036,0.268663,59.992965,0.000444,0.0000,0.7853,7768.7,0.0837,4,0
50.0325,0.268787,59.992962,0.000440,0.0000,0.7813,7767.9,0.0898,4,0
50.0586,0.268910,59.992958,0.000436,0.0000,0.7813,7773.8,0.0958,4,0
50.0838,0.269034,59.992954,0.000432,0.0000,0.7756,7786.8,0.1017,4,0
50.1112,0.269157,59.992950,0.000427,0.0000,0.7756,7786.8,0.1073,4,0
50.1378,0.269281,59.992946,0.000423,0.0000,0.7667,7789.0,0.1123,4,0
50.1624,0.269405,59.992943,0.000419,0.0000,0.7667,7795.4,0.1168,4,0
50.1854,0.269529,59.992939,0.000415,0.0000,0.7576,7807.0,0.1207,4,0
50.2095,0.269653,59.992935,0.000411,0.0000,0.7576,7808.9,0.1239,4,0
50.2349,0.269777,59.992931,0.000407,0.0000,0.7496,7809.4,0.1263,4,0
50.2581,0.269901,59.992927,0.000402,0.0000,0.7496,7815.4,0.1282,4,0
50.2813,0.270025,59.992924,0.000398,0.0000,0.7428,7824.6,0.1299,4,0
50.3034,0.270149,59.992920,0.000394,0.0000,0.7428,7832.1,0.1313,4,0
50.3276,0.270273,59.992916,0.000390,0.0000,0.7365,7831.6,0.1325,4,0
50.3492,0.270398,59.992912,0.000385,0.0000,0.7365,7837.5,0.1336,4,0
50.3693,0.270522,59.992908,0.000381,0.0000,0.7297,7852.7,0.1347,4,0
50.3897,0.270647,59.992903,0.000377,0.0000,0.7297,7864.6,0.1358,4,0
50.4127,0.270771,59.992899,0.000372,0.0000,0.7222,7865.1,0.1369,4,0
50.4338,0.270895,59.992895,0.000368,0.0000,0.7222,7871.0,0.1382,4,0
50.4548,0.271020,59.992891,0.000364,0.0000,0.7135,7876.4,0.1400,4,0
50.4743,0.271145,59.992887,0.000359,0.0000,0.7135,7886.7,0.1421,4,0
50.4951,0.271269,59.992882,0.000355,0.0000,0.6996,7891.2,0.1447,4,0
50.5117,0.271394,59.992878,0.000351,0.0000,0.6996,7908.3,0.1475,4,0
50.5304,0.271519,59.992874,0.000346,0.0000,0.6777,7916.2,0.1507,4,0
50.5493,0.271644,59.992870,0.000342,0.0000,0.6777,7919.0,0.1543,4,0
50.5657,0.271768,59.992866,0.000337,0.0000,0.6454,7927.4,0.1578,4,0
50.5798,0.271893,59.992863,0.000332,0.0000,0.6454,7937.8,0.1614,4,0
50.5930,0.272018,59.992859,0.000328,0.0000,0.5974,7944.1,0.1652,4,0
50.6062,0.272143,59.992855,0.000323,0.0000,0.5974,7940.0,0.1687,4,0
50.6179,0.272268,59.992851,0.000319,0.0000,0.5322,7932.5,0.1718,4,0
50.6270,0.272393,59.992847,0.000314,0.0000,0.5322,7925.3,0.1743,4,0
50.6357,0.272518,59.992844,0.000309,0.0000,0.4450,7911.5,0.1765,4,0
50.6412,0.272643,59.992840,0.000305,0.0000,0.4450,7899.3,0.1780,4,0
50.6450,0.272768,59.992836,0.000300,0.0000,0.3554,7884.7,0.1785,4,0
50.6465,0.272893,59.992832,0.000295,0.0000,0.3554,7869.3,0.1784,4,0
50.6430,0.273018,59.992828,0.000291,0.0000,0.2726,7867.4,0.1778,4,0
50.6397,0.273143,59.992825,0.000286,0.0000,0.2726,7855.9,0.1767,4,0
50.6333,0.273268,59.992821,0.000281,0.0000,0.2061,7850.2,0.1750,4,0
50.6238,0.273393,59.992817,0.000276,0.0000,0.2061,7849.7,0.1730,4,0
50.6137,0.273518,59.992813,0.000271,0.0000,0.1660,7849.7,0.1714,4,0
50.6046,0.273643,59.992809,0.000267,0.0000,0.1660,7843.0,0.1698,4,0
50.5934,0.273768,59.992806,0.000262,0.0000,0.1449,7843.2,0.1683,4,0
50.5812,0.273893,59.992802,0.000257,0.0000,0.1449,7846.2,0.1672,4,0
50.5693,0.274017,59.992798,0.000252,0.0000,0.1339,7849.1,0.1666,4,0
50.5593,0.274142,59.992794,0.000247,0.0000,0.1339,7845.1,0.1668,4,0
50.5494,0.274267,59.992790,0.000242,0.0000,0.1240,7838.7,0.1673,4,0
50.5368,0.274392,59.992787,0.000237,0.0000,0.1240,7842.5,0.1682,4,0
50.5258,0.274517,59.992783,0.000232,0.0000,0.1086,7838.9,0.1697,4,0
50.5146,0.274641,59.992779,0.000227,0.0000,0.1086,7835.3,0.1717,4,0
50.5033,0.274766,59.992775,0.000222,0.0000,0.0898,7828.3,0.1735,4,0
50.4903,0.274891,59.992771,0.000217,0.0000,0.0898,7823.9,0.1754,4,0
50.4763,0.275015,59.992768,0.000212,0.0000,0.0699,7820.1,0.1773,4,0
50.4622,0.275140,59.992764,0.000207,0.0000,0.0699,7815.4,0.1791,4,0
50.4480,0.275264,59.992760,0.000202,0.0000,0.0520,7810.4,0.1804,4,0
50.4318,0.275389,59.992756,0.000197,0.0000,0.0520,7809.4,0.1812,4,0
50.4160,0.275513,59.992752,0.000191,0.0000,0.0399,7808.5,0.1815,4,0
50.4001,0.275638,59.992748,0.000186,0.0000,0.0399,7806.8,0.1814,4,0
50.3841,0.275762,59.992744,0.000181,0.0000,0.0334,7805.2,0.1807,4,0
50.3662,0.275886,59.992740,0.000176,0.0000,0.0334,7808.4,0.1796,4,0
50.3493,0.276011,59.992736,0.000170,0.0000,0.0302,7808.0,0.1782,4,0
50.3328,0.276135,59.992732,0.000165,0.0000,0.0302,7805.3,0.1769,4,0
50.3170,0.276259,59.992728,0.000160,0.0000,0.0298,7807.3,0.1747,4,0
50.3004,0.276383,59.992724,0.000155,0.0000,0.0298,7810.5,0.1724,4,0
50.2851,0.276507,59.992720,0.000149,0.0000,0.0288,7814.2,0.1703,4,0
50.2687,0.276632,59.992717,0.000144,0.0000,0.0288,7813.1,0.1695,4,0
50.2555,0.276756,59.992713,0.000139,0.0000,0.0287,7808.4,0.1692,4,1
50.2380,0.276880,59.992710,0.000133,0.0000,0.0287,7814.3,0.1690,4,1
50.2126,0.277004,59.992707,0.000128,0.0000,0.0287,7826.4,0.1699,4,0
50.1834,0.277127,59.992703,0.000122,0.0000,0.0287,7842.3,0.1679,4,0
50.1634,0.277251,59.992700,0.000117,0.0000,0.0299,7855.6,0.1646,4,0
50.1455,0.277375,59.992697,0.000111,0.0000,0.0299,7864.2,0.1588,4,0
50.1262,0.277499,59.992694,0.000106,0.0000,0.0344,7873.6,0.1520,4,0
50.1174,0.277623,59.992690,0.000100,0.0000,0.0344,7828.9,0.1450,4,0
50.1003,0.277746,59.992687,0.000095,0.0000,0.0464,7834.5,0.1380,4,0
50.0884,0.277870,59.992684,0.000089,0.0000,0.0464,7825.4,0.1307,4,0
50.0657,0.277993,59.992680,0.000083,0.0000,0.0660,7822.2,0.1232,4,0
50.0541,0.278117,59.992677,0.000078,0.0000,0.0660,7824.6,0.1157,4,0
50.0447,0.278241,59.992673,0.000072,0.0000,0.0915,7828.8,0.1083,4,0
50.0202,0.278364,59.992670,0.000066,0.0000,0.0915,7847.4,0.1017,4,0
50.0102,0.278487,59.992667,0.000061,0.0000,0.1160,7843.0,0.0956,4,0
49.9974,0.278611,59.992663,0.000055,0.0000,0.1160,7849.1,0.0907,4,0
49.9920,0.278734,59.992660,0.000049,0.0000,0.1362,7837.9,0.0860,4,0
49.9843,0.278858,59.992656,0.000044,0.0000,0.1362,7830.3,0.0827,4,0
49.9684,0.278981,59.992653,0.000038,0.0000,0.1551,7849.9,0.0806,4,0
49.9593,0.279104,59.992650,0.000032,0.0000,0.1551,7852.5,0.0793,4,0
49.9540,0.279228,59.992646,0.000026,0.0000,0.1679,7838.0,0.0789,4,0
49.9484,0.279351,59.992643,0.000020,0.0000,0.1679,7826.0,0.0795,4,0
49.9437,0.279474,59.992640,0.000014,0.0000,0.1778,7820.6,0.0795,4,0
49.9357,0.279598,59.992637,0.000009,0.0000,0.1778,7814.3,0.0812,4,0
49.9305,0.279721,59.992633,0.000003,0.0000,0.1876,7807.1,0.0818,4,0
49.9268,0.279844,59.992630,-0.000003,0.0000,0.1876,7792.4,0.0830,4,0
49.9158,0.279967,59.992627,-0.000009,0.0000,0.1990,7800.4,0.0851,4,0
49.9126,0.280091,59.992623,-0.000015,0.0000,0.1990,7790.2,0.0870,4,0
49.9067,0.280214,59.992620,-0.000021,0.0000,0.2091,7787.2,0.0903,4,0
49.8992,0.280337,59.992617,-0.000027,0.0000,0.2091,7789.7,0.0933,4,0
49.8895,0.280460,59.992614,-0.000033,0.0000,0.2211,7787.3,0.0960,4,0
49.8752,0.280583,59.992610,-0.000039,0.0000,0.2211,7788.4,0.0989,4,0
49.8643,0.280706,59.992607,-0.000045,0.0000,0.2295,7789.6,0.1009,4,0
49.8493,0.280829,59.992604,-0.000051,0.0000,0.2295,7794.9,0.1016,4,0
49.8423,0.280952,59.992601,-0.000057,0.0000,0.2422,7787.7,0.1012,4,0
49.8367,0.281075,59.992598,-0.000063,0.0000,0.2422,7795.1,0.0999,4,0
49.8306,0.281198,59.992594,-0.000069,0.0000,0.2555,7812.4,0.0984,4,0
49.8220,0.281321,59.992591,-0.000075,0.0000,0.2555,7821.0,0.0971,4,0
49.8150,0.281444,59.992588,-0.000081,0.0000,0.2739,7838.6,0.0954,4,0
49.8125,0.281567,59.992585,-0.000087,0.0000,0.2739,7838.9,0.0948,4,0
49.8100,0.281690,59.992581,-0.000094,0.0000,0.2942,7842.2,0.0949,4,0
49.8048,0.281813,59.992578,-0.000100,0.0000,0.2942,7864.6,0.0961,4,0
49.8072,0.281936,59.992574,-0.000106,0.0000,0.3192,7851.8,0.0979,4,0
49.8070,0.282059,59.992571,-0.000112,0.0000,0.3192,7848.1,0.1000,4,0
49.8082,0.282182,59.992568,-0.000119,0.0000,0.3472,7842.9,0.1028,4,0
49.8111,0.282305,59.992564,-0.000125,0.0000,0.3472,7848.1,0.1053,4,0
49.8120,0.282428,59.992561,-0.000131,0.0000,0.3806,7850.2,0.1080,4,0
49.8054,0.282551,59.992557,-0.000137,0.0000,0.3806,7872.8,0.1106,4,0
49.8099,0.282674,59.992554,-0.000143,0.0000,0.4239,7860.8,0.1143,4,0
49.8084,0.282797,59.992551,-0.000150,0.0000,0.4239,7879.0,0.1170,4,0
49.8064,0.282920,59.992548,-0.000156,0.0000,0.4711,7868.7,0.1198,4,0
49.8114,0.283043,59.992545,-0.000163,0.0000,0.4711,7881.1,0.1216,4,0
49.8119,0.283166,59.992542,-0.000169,0.0000,0.5191,7914.7,0.1229,4,0
49.8283,0.283289,59.992538,-0.000175,0.0000,0.5191,7902.4,0.1237,4,0
49.8360,0.283412,59.992535,-0.000182,0.0000,0.5705,7928.3,0.1237,4,0
49.8436,0.283535,59.992532,-0.000188,0.0000,0.5705,7938.6,0.1229,4,0
49.8542,0.283658,59.992529,-0.000194,0.0000,0.6184,7948.3,0.1218,4,0
49.8642,0.283781,59.992526,-0.000201,0.0000,0.6184,7965.6,0.1200,4,0
49.8884,0.283904,59.992523,-0.000207,0.0000,0.6641,7939.5,0.1178,4,0
49.9115,0.284027,59.992520,-0.000214,0.0000,0.6641,7917.6,0.1150,4,0
49.9295,0.284151,59.992517,-0.000220,0.0000,0.7087,7930.8,0.1127,4,0
49.9481,0.284274,59.992514,-0.000227,0.0000,0.7087,7936.8,0.1104,4,0
49.9669,0.284397,59.992511,-0.000234,0.0000,0.7504,7939.1,0.1082,4,0
49.9880,0.284521,59.992508,-0.000240,0.0000,0.7504,7936.9,0.1056,4,0
50.0073,0.284644,59.992505,-0.000247,0.0000,0.7899,7953.3,0.1029,4,0
50.0306,0.284768,59.992502,-0.000253,0.0000,0.7899,7960.0,0.0997,4,0
50.0553,0.284891,59.992499,-0.000260,0.0000,0.8305,7964.2,0.0960,4,0
50.0819,0.285015,59.992496,-0.000267,0.0000,0.8305,7967.1,0.0918,4,0
50.1116,0.285139,59.992493,-0.000273,0.0000,0.8697,7970.5,0.0872,4,0
50.1414,0.285262,59.992490,-0.000280,0.0000,0.8697,7976.9,0.0825,4,0
50.1731,0.285386,59.992487,-0.000287,0.0000,0.9096,7984.6,0.0776,4,0
50.2080,0.285510,59.992484,-0.000294,0.0000,0.9096,7993.0,0.0729,4,0
50.2427,0.285634,59.992481,-0.000300,0.0000,0.9483,8003.3,0.0685,4,0
50.2814,0.285758,59.992478,-0.000307,0.0000,0.9483,8011.5,0.0648,4,0
50.3187,0.285883,59.992474,-0.000314,0.0000,0.9792,8018.6,0.0616,4,0
50.3544,0.286007,59.992471,-0.000321,0.0000,0.9792,8027.7,0.0589,4,0
50.3913,0.286131,59.992468,-0.000328,0.0000,1.0000,8036.1,0.0563,4,0
50.4300,0.286256,59.992465,-0.000335,0.0000,1.0000,8040.5,0.0543,4,0
50.4704,0.286380,59.992462,-0.000341,0.0000,1.0000,8035.5,0.0529,4,0
50.5082,0.286505,59.992459,-0.000348,0.0000,1.0000,8036.5,0.0521,4,0
50.5459,0.286630,59.992457,-0.000356,0.0000,1.0000,8038.5,0.0519,4,0
50.5847,0.286755,59.992454,-0.000363,0.0000,1.0000,8036.2,0.0524,4,0
50.6232,0.286880,59.992451,-0.000370,0.0000,1.0000,8029.0,0.0533,4,0
50.6586,0.287005,59.992449,-0.000377,0.0000,1.0000,8031.8,0.0544,4,0
50.6943,0.287130,59.992446,-0.000384,0.0000,1.0000,8033.7,0.0554,4,0
50.7302,0.287255,59.992443,-0.000391,0.0000,1.0000,8035.9,0.0563,4,0
50.7693,0.287380,59.992440,-0.000398,0.0000,1.0000,8023.7,0.0566,4,0
50.8059,0.287506,59.992438,-0.000405,0.0000,1.0000,8023.6,0.0565,4,0
50.8420,0.287631,59.992435,-0.000412,0.0000,1.0000,8025.8,0.0558,4,0
50.8808,0.287757,59.992432,-0.000419,0.0000,1.0000,8018.1,0.0549,4,0
50.9213,0.287883,59.992430,-0.000426,0.0000,1.0000,8003.3,0.0538,4,0
50.9588,0.288008,59.992427,-0.000433,0.0000,1.0000,7998.8,0.0528,4,0
50.9980,0.288134,59.992425,-0.000441,0.0000,1.0000,7990.6,0.0519,4,0
51.0352,0.288260,59.992423,-0.000448,0.0000,1.0000,7992.9,0.0515,4,0
51.0705,0.288386,59.992420,-0.000455,0.0000,1.0000,8000.6,0.0514,4,0
51.1040,0.288513,59.992418,-0.000462,0.0000,1.0000,8014.8,0.0515,4,0
51.1404,0.288639,59.992415,-0.000469,0.0000,1.0000,8015.4,0.0521,4,0
51.1779,0.288765,59.992413,-0.000477,0.0000,1.0000,8017.0,0.0529,4,0
51.2132,0.288892,59.992410,-0.000484,0.0000,1.0000,8025.1,0.0539,4,0
51.2463,0.289018,59.992407,-0.000491,0.0000,1.0000,8040.2,0.0548,4,0
51.2828,0.289145,59.992404,-0.000499,0.0000,1.0000,8040.1,0.0557,4,0
51.3192,0.289271,59.992402,-0.000506,0.0000,1.0000,8042.2,0.0567,4,0
51.3544,0.289398,59.992399,-0.000514,0.0000,1.0000,8049.8,0.0577,4,0
51.3868,0.289525,59.992396,-0.000521,0.0000,1.0000,8064.3,0.0586,4,0
51.4222,0.289652,59.992393,-0.000528,0.0000,1.0000,8066.2,0.0593,4,0
51.4583,0.289779,59.992390,-0.000536,0.0000,1.0000,8067.0,0.0598,4,0
51.4933,0.289906,59.992388,-0.000543,0.0000,1.0000,8072.2,0.0602,4,0
51.5255,0.290033,59.992385,-0.000550,0.0000,1.0000,8085.4,0.0602,4,0
51.5587,0.290161,59.992382,-0.000558,0.0000,1.0000,8092.1,0.0599,4,0
51.5952,0.290288,59.992379,-0.000565,0.0000,1.0000,8090.9,0.0594,4,0
51.6304,0.290415,59.992377,-0.000573,0.0000,1.0000,8093.3,0.0587,4,0
51.6619,0.290543,59.992374,-0.000581,0.0000,1.0000,8107.5,0.0577,4,0
51.6956,0.290671,59.992371,-0.000588,0.0000,1.0000,8114.6,0.0567,4,0
51.7308,0.290798,59.992368,-0.000596,0.0000,1.0000,8116.5,0.0557,4,0
51.7663,0.290926,59.992366,-0.000603,0.0000,1.0000,8116.8,0.0549,4,0
51.7984,0.291054,59.992363,-0.000611,0.0000,1.0000,8125.9,0.0542,4,0
51.8298,0.291182,59.992360,-0.000619,0.0000,1.0000,8138.0,0.0537,4,0
51.8639,0.291310,59.992358,-0.000626,0.0000,1.0000,8140.3,0.0532,4,0
51.8976,0.291438,59.992355,-0.000634,0.0000,1.0000,8144.1,0.0529,4,0
51.9303,0.291566,59.992353,-0.000641,0.0000,1.0000,8149.0,0.0526,4,0
51.9598,0.291694,59.992350,-0.000649,0.0000,1.0000,8164.8,0.0523,4,0
51.9939,0.291823,59.992348,-0.000657,0.0000,1.0000,8164.6,0.0521,4,0
52.0270,0.291951,59.992345,-0.000665,0.0000,1.0000,8168.5,0.0521,4,0
52.0591,0.292080,59.992343,-0.000672,0.0000,1.0000,8171.5,0.0523,4,0
52.0889,0.292208,59.992340,-0.000680,0.0000,1.0000,8184.8,0.0523,4,0
52.1215,0.292337,59.992338,-0.000688,0.0000,1.0000,8188.0,0.0522,4,0
52.1537,0.292466,59.992335,-0.000696,0.0000,1.0000,8194.1,0.0520,4,0
52.1865,0.292595,59.992333,-0.000703,0.0000,1.0000,8192.3,0.0516,4,0
52.2164,0.292723,59.992330,-0.000711,0.0000,1.0000,8202.6,0.0511,4,0
52.2487,0.292852,59.992327,-0.000719,0.0000,1.0000,8205.8,0.0506,4,0
52.2803,0.292982,59.992324,-0.000727,0.0000,1.0000,8210.0,0.0502,4,0
52.3119,0.293111,59.992322,-0.000735,0.0000,1.0000,8213.3,0.0496,4,0
52.3405,0.293240,59.992319,-0.000743,0.0000,1.0000,8225.8,0.0490,4,0
52.3723,0.293369,59.992316,-0.000751,0.0000,1.0000,8226.3,0.0486,4,0
52.4041,0.293499,59.992313,-0.000759,0.0000,1.0000,8229.2,0.0481,4,0
52.4346,0.293628,59.992310,-0.000767,0.0000,1.0000,8235.8,0.0476,4,0
52.4639,0.293757,59.992308,-0.000775,0.0000,1.0000,8246.6,0.0472,4,0
52.4961,0.293887,59.992305,-0.000783,0.0000,1.0000,8246.5,0.0469,4,0
52.5275,0.294017,59.992302,-0.000791,0.0000,1.0000,8249.6,0.0468,4,0
52.5581,0.294146,59.992300,-0.000799,0.0000,1.0000,8253.6,0.0468,4,0
52.5866,0.294276,59.992298,-0.000807,0.0000,1.0000,8266.5,0.0468,4,0
52.6181,0.294406,59.992295,-0.000815,0.0000,1.0000,8267.2,0.0469,4,0
52.6500,0.294536,59.992293,-0.000823,0.0000,1.0000,8268.6,0.0471,4,0
52.6811,0.294666,59.992291,-0.000831,0.0000,1.0000,8270.1,0.0470,4,0
52.7090,0.294796,59.992289,-0.000839,0.0000,1.0000,8282.7,0.0466,4,0
52.7399,0.294927,59.992287,-0.000847,0.0000,1.0000,8286.8,0.0460,4,0
52.7717,0.295057,59.992284,-0.000855,0.0000,1.0000,8288.1,0.0450,4,0
52.8024,0.295187,59.992282,-0.000863,0.0000,1.0000,8289.8,0.0434,4,0
52.8322,0.295318,59.992280,-0.000871,0.0000,1.0000,8295.2,0.0413,4,0
52.8622,0.295448,59.992277,-0.000880,0.0000,1.0000,8301.6,0.0389,4,0
52.8928,0.295579,59.992274,-0.000888,0.0000,1.0000,8305.8,0.0362,4,0
52.9252,0.295709,59.992272,-0.000896,0.0000,1.0000,8300.9,0.0331,4,0
52.9546,0.295840,59.992269,-0.000904,0.0000,1.0000,8307.7,0.0301,4,0
52.9851,0.295971,59.992266,-0.000913,0.0000,1.0000,8313.3,0.0273,4,0
53.0165,0.296102,59.992263,-0.000921,0.0000,1.0000,8316.0,0.0245,4,0
53.0485,0.296233,59.992260,-0.000929,0.0000,1.0000,8312.9,0.0217,4,0
53.0786,0.296364,59.992258,-0.000938,0.0000,1.0000,8315.7,0.0189,4,0
53.1077,0.296495,59.992255,-0.000946,0.0000,1.0000,8324.4,0.0161,4,0
53.1384,0.296626,59.992252,-0.000954,0.0000,1.0000,8326.1,0.0130,4,0
53.1687,0.296757,59.992250,-0.000962,0.0000,1.0000,8325.3,0.0092,4,0
53.1969,0.296889,59.992248,-0.000971,0.0000,1.0000,8333.8,0.0048,4,0
53.2271,0.297020,59.992245,-0.000979,0.0000,1.0000,8333.0,-0.0003,4,0
53.2591,0.297151,59.992243,-0.000987,0.0000,1.0000,8324.9,-0.0061,4,0
53.2889,0.297283,59.992241,-0.000996,0.0000,1.0000,8324.4,-0.0135,4,0
53.3173,0.297415,59.992239,-0.001004,0.0000,1.0000,8330.5,-0.0210,4,0
53.3479,0.297546,59.992237,-0.001013,0.0000,1.0000,8327.9,-0.0288,4,0
53.3806,0.297678,59.992234,-0.001021,0.0000,1.0000,8317.0,-0.0368,4,0
53.4080,0.297810,59.992232,-0.001029,0.0000,1.0000,8322.6,-0.0443,4,0
53.4353,0.297942,59.992230,-0.001038,0.0000,1.0000,8331.9,-0.0513,4,0
53.4654,0.298074,59.992228,-0.001046,0.0000,1.0000,8329.5,-0.0578,4,0
53.4914,0.298206,59.992225,-0.001055,0.0000,1.0000,8328.7,-0.0633,4,0
53.5115,0.298338,59.992223,-0.001063,0.0000,1.0000,8344.0,-0.0674,4,0
53.5348,0.298470,59.992221,-0.001071,0.0000,1.0000,8360.4,-0.0710,4,0
53.5602,0.298602,59.992218,-0.001080,0.0000,1.0000,8370.9,-0.0738,4,0
53.5875,0.298735,59.992216,-0.001088,0.0000,1.0000,8365.9,-0.0760,4,0
53.6066,0.298867,59.992214,-0.001097,0.0000,1.0000,8401.2,-0.0778,4,0
53.6296,0.298999,59.992212,-0.001105,0.0000,1.0000,8408.2,-0.0793,4,0
53.6545,0.299132,59.992209,-0.001114,0.0000,1.0000,8412.0,-0.0806,4,0
53.6790,0.299264,59.992207,-0.001122,0.0000,1.0000,8415.5,-0.0814,4,0
53.6909,0.299397,59.992205,-0.001130,0.0000,1.0000,8437.9,-0.0817,4,0
53.7195,0.299529,59.992202,-0.001139,0.0000,1.0000,8433.7,-0.0836,4,0
53.7390,0.299662,59.992200,-0.001147,0.0000,1.0000,8463.2,-0.0856,4,0
53.7540,0.299795,59.992198,-0.001156,0.0000,1.0000,8482.4,-0.0855,4,0
53.7824,0.299928,59.992196,-0.001164,0.0000,1.0000,8473.2,-0.0863,4,0
53.7983,0.300060,59.992193,-0.001172,0.0000,1.0000,8527.7,-0.0853,4,0
53.7933,0.300193,59.992191,-0.001181,0.0000,1.0000,8645.8,-0.0853,4,0
53.8179,0.300326,59.992189,-0.001189,0.0000,1.0000,8643.1,-0.0836,4,0
53.8376,0.300459,59.992186,-0.001198,0.0000,1.0000,8655.5,-0.0826,4,0
53.8644,0.300592,59.992184,-0.001206,0.0000,1.0000,8661.2,-0.0811,4,0
53.8835,0.300725,59.992181,-0.001214,0.0000,1.0000,8662.5,-0.0805,4,0
53.9104,0.300858,59.992179,-0.001222,0.0000,1.0000,8657.9,-0.0808,4,0
53.9213,0.300991,59.992176,-0.001231,0.0000,1.0000,8694.1,-0.0807,4,0
53.9458,0.301124,59.992173,-0.001239,0.0000,1.0000,8684.8,-0.0820,4,0
53.9669,0.301258,59.992171,-0.001247,0.0000,1.0000,8693.1,-0.0830,4,0
53.9932,0.301391,59.992168,-0.001256,0.0000,1.0000,8679.7,-0.0847,4,0
54.0170,0.301524,59.992165,-0.001264,0.0000,1.0000,8665.3,-0.0865,4,0
54.0378,0.301658,59.992162,-0.001272,0.0000,1.0000,8671.0,-0.0885,4,0
54.0514,0.301791,59.992160,-0.001281,0.0000,1.0000,8710.1,-0.0906,4,0
54.0736,0.301924,59.992157,-0.001289,0.0000,1.0000,8684.5,-0.0925,4,0
54.0923,0.302058,59.992155,-0.001297,0.0000,1.0000,8646.7,-0.0939,4,0
54.1163,0.302192,59.992152,-0.001305,0.0000,1.0000,8647.3,-0.0969,4,0
54.1285,0.302325,59.992150,-0.001313,0.0000,1.0000,8669.0,-0.0960,4,0
54.1514,0.302459,59.992148,-0.001322,0.0000,1.0000,8645.9,-0.0976,4,0
54.1544,0.302593,59.992145,-0.001330,0.0000,1.0000,8692.7,-0.0964,4,0
54.1715,0.302726,59.992143,-0.001338,0.0000,1.0000,8709.3,-0.0959,4,0
54.1884,0.302860,59.992141,-0.001346,0.0000,1.0000,8715.0,-0.0941,4,0
54.2041,0.302994,59.992139,-0.001354,0.0000,1.0000,8713.3,-0.0915,4,0
54.2186,0.303128,59.992136,-0.001363,0.0000,1.0000,8712.4,-0.0890,4,0
54.2231,0.303262,59.992134,-0.001371,0.0000,1.0000,8748.1,-0.0851,4,0
54.2446,0.303396,59.992131,-0.001379,0.0000,1.0000,8744.7,-0.0817,4,0
54.2669,0.303529,59.992128,-0.001387,0.0000,1.0000,8728.0,-0.0783,4,0
54.2861,0.303663,59.992125,-0.001395,0.0000,1.0000,8729.9,-0.0746,4,0
54.3015,0.303798,59.992122,-0.001403,0.0000,1.0000,8732.7,-0.0703,4,0
54.3086,0.303932,59.992119,-0.001411,0.0000,1.0000,8759.1,-0.0662,4,0
54.3265,0.304066,59.992116,-0.001419,0.0000,1.0000,8780.3,-0.0625,4,0
54.3388,0.304200,59.992113,-0.001427,0.0000,1.0000,8806.4,-0.0591,4,0
54.3662,0.304334,59.992110,-0.001435,0.0000,1.0000,8774.9,-0.0563,4,0
54.3882,0.304468,59.992107,-0.001444,0.0000,1.0000,8762.3,-0.0539,4,0
54.3976,0.304603,59.992104,-0.001452,0.0000,1.0000,8805.4,-0.0525,4,0
54.4293,0.304737,59.992101,-0.001460,0.0000,1.0000,8766.5,-0.0518,4,0
54.4571,0.304871,59.992099,-0.001467,0.0000,1.0000,8747.0,-0.0516,4,0
54.4764,0.305006,59.992096,-0.001475,0.0000,1.0000,8744.1,-0.0523,4,0
54.5012,0.305140,59.992093,-0.001483,0.0000,1.0000,8736.5,-0.0534,4,0
54.5133,0.305275,59.992091,-0.001491,0.0000,1.0000,8758.4,-0.0552,4,0
54.5367,0.305410,59.992088,-0.001499,0.0000,1.0000,8753.3,-0.0576,4,0
54.5581,0.305544,59.992085,-0.001507,0.0000,1.0000,8737.5,-0.0607,4,0
54.5792,0.305679,59.992082,-0.001515,0.0000,1.0000,8724.4,-0.0643,4,0
54.5979,0.305814,59.992080,-0.001523,0.0000,1.0000,8714.7,-0.0674,4,0
54.6221,0.305949,59.992077,-0.001531,0.0000,1.0000,8697.1,-0.0712,4,0
54.6438,0.306084,59.992074,-0.001539,0.0000,1.0000,8670.1,-0.0747,4,0
54.6531,0.306218,59.992071,-0.001547,0.0000,1.0000,8716.3,-0.0782,4,0
54.6790,0.306353,59.992068,-0.001555,0.0000,1.0000,8693.5,-0.0794,4,0
54.6930,0.306488,59.992065,-0.001562,0.0000,1.0000,8708.2,-0.0813,4,0
54.7209,0.306624,59.992062,-0.001570,0.0000,1.0000,8679.9,-0.0802,4,0
54.7302,0.306759,59.992058,-0.001578,0.0000,1.0000,8692.2,-0.0782,4,0
54.7500,0.306894,59.992055,-0.001586,0.0000,1.0000,8688.2,-0.0738,4,0
54.7608,0.307029,59.992052,-0.001594,0.0000,1.0000,8731.5,-0.0681,4,0
54.7833,0.307164,59.992049,-0.001602,0.0000,1.0000,8705.5,-0.0610,4,0
54.7936,0.307300,59.992046,-0.001609,0.0000,1.0000,8718.8,-0.0531,4,0
54.8058,0.307435,59.992043,-0.001617,0.0000,1.0000,8724.4,-0.0447,4,0
54.8154,0.307570,59.992040,-0.001625,0.0000,1.0000,8742.8,-0.0365,4,0
54.8283,0.307705,59.992037,-0.001633,0.0000,1.0000,8760.9,-0.0289,4,0
54.8459,0.307841,59.992034,-0.001640,0.0000,1.0000,8766.5,-0.0225,4,0
54.8671,0.307976,59.992031,-0.001648,0.0000,1.0000,8757.9,-0.0175,4,0
54.8875,0.308112,59.992028,-0.001656,0.0000,1.0000,8756.2,-0.0145,4,0
54.9041,0.308247,59.992025,-0.001663,0.0000,1.0000,8766.9,-0.0131,4,0
54.9216,0.308383,59.992022,-0.001671,0.0000,1.0000,8774.7,-0.0129,4,0
54.9397,0.308519,59.992019,-0.001679,0.0000,1.0000,8779.8,-0.0138,4,0
54.9609,0.308654,59.992016,-0.001687,0.0000,1.0000,8773.3,-0.0153,4,0
54.9829,0.308790,59.992013,-0.001694,0.0000,1.0000,8762.8,-0.0168,4,0
55.0033,0.308926,59.992010,-0.001702,0.0000,1.0000,8758.5,-0.0183,4,0
55.0224,0.309062,59.992007,-0.001709,0.0000,1.0000,8760.0,-0.0195,4,0
55.0435,0.309197,59.992004,-0.001717,0.0000,1.0000,8753.0,-0.0204,4,0
55.0638,0.309333,59.992001,-0.001725,0.0000,1.0000,8749.0,-0.0211,4,0
55.0841,0.309469,59.991997,-0.001732,0.0000,1.0000,8742.8,-0.0215,4,0
55.1044,0.309605,59.991994,-0.001740,0.0000,1.0000,8736.8,-0.0219,4,0
55.1241,0.309741,59.991991,-0.001748,0.0000,1.0000,8734.4,-0.0223,4,0
55.1414,0.309878,59.991988,-0.001755,0.0000,1.0000,8740.8,-0.0228,4,0
55.1609,0.310014,59.991985,-0.001763,0.0000,1.0000,8735.9,-0.0235,4,0
55.1801,0.310150,59.991982,-0.001770,0.0000,1.0000,8731.9,-0.0243,4,0
55.2007,0.310286,59.991978,-0.001778,0.0000,1.0000,8720.2,-0.0251,4,0
55.2210,0.310423,59.991974,-0.001785,0.0000,1.0000,8709.4,-0.0259,4,0
55.2384,0.310559,59.991971,-0.001793,0.0000,1.0000,8709.4,-0.0265,4,0
55.2611,0.310695,59.991968,-0.001801,0.0000,1.0000,8689.8,-0.0267,4,0
55.2827,0.310832,59.991964,-0.001808,0.0000,1.0000,8674.2,-0.0267,4,0
55.3066,0.310968,59.991961,-0.001816,0.0000,1.0000,8648.8,-0.0263,4,0
55.3299,0.311105,59.991957,-0.001823,0.0000,1.0000,8629.1,-0.0257,4,0
55.3498,0.311242,59.991954,-0.001831,0.0000,1.0000,8625.2,-0.0247,4,0
55.3670,0.311378,59.991950,-0.001838,0.0000,1.0000,8630.3,-0.0234,4,0
55.3864,0.311515,59.991947,-0.001846,0.0000,1.0000,8628.6,-0.0219,4,0
55.4029,0.311652,59.991944,-0.001853,0.0000,1.0000,8637.9,-0.0200,4,0
55.4221,0.311789,59.991941,-0.001861,0.0000,1.0000,8636.4,-0.0179,4,0
55.4397,0.311925,59.991938,-0.001868,0.0000,1.0000,8643.1,-0.0155,4,0
55.4592,0.312062,59.991935,-0.001876,0.0000,1.0000,8639.8,-0.0128,4,0
55.4763,0.312199,59.991932,-0.001883,0.0000,1.0000,8647.4,-0.0099,4,0
55.4960,0.312336,59.991929,-0.001891,0.0000,1.0000,8645.8,-0.0066,4,0
55.5139,0.312473,59.991926,-0.001898,0.0000,1.0000,8650.1,-0.0032,4,0
55.5329,0.312610,59.991923,-0.001906,0.0000,1.0000,8648.4,0.0005,4,0
55.5505,0.312748,59.991920,-0.001913,0.0000,1.0000,8653.2,0.0043,4,0
55.5691,0.312885,59.991917,-0.001921,0.0000,1.0000,8655.5,0.0085,4,0
55.5865,0.313022,59.991913,-0.001928,0.0000,1.0000,8659.3,0.0124,4,0
55.6052,0.313159,59.991910,-0.001936,0.0000,1.0000,8657.1,0.0162,4,0
55.6223,0.313297,59.991906,-0.001943,0.0000,1.0000,8663.2,0.0200,4,0
55.6393,0.313434,59.991903,-0.001951,0.0000,1.0000,8668.4,0.0233,4,0
55.6562,0.313571,59.991900,-0.001958,0.0000,1.0000,8672.2,0.0264,4,0
55.6751,0.313709,59.991896,-0.001966,0.0000,1.0000,8667.9,0.0291,4,0
55.6920,0.313846,59.991893,-0.001973,0.0000,1.0000,8672.5,0.0316,4,0
55.7091,0.313984,59.991889,-0.001981,0.0000,1.0000,8674.6,0.0335,4,0
55.7262,0.314121,59.991886,-0.001988,0.0000,1.0000,8676.7,0.0351,4,0
55.7435,0.314259,59.991883,-0.001996,0.0000,1.0000,8678.2,0.0361,4,0
55.7601,0.314397,59.991880,-0.002003,0.0000,1.0000,8682.1,0.0366,4,0
55.7779,0.314534,59.991877,-0.002011,0.0000,1.0000,8681.0,0.0364,4,0
55.7950,0.314672,59.991874,-0.002018,0.0000,1.0000,8682.6,0.0356,4,0
55.8105,0.314810,59.991871,-0.002026,0.0000,1.0000,8692.5,0.0342,4,0
55.8278,0.314948,59.991868,-0.002033,0.0000,1.0000,8691.8,0.0322,4,0
55.8445,0.315085,59.991865,-0.002041,0.0000,1.0000,8694.0,0.0299,4,0
55.8612,0.315223,59.991862,-0.002048,0.0000,1.0000,8697.5,0.0276,4,0
55.8745,0.315361,59.991859,-0.002056,0.0000,1.0000,8714.2,0.0252,4,0
55.8914,0.315499,59.991856,-0.002063,0.0000,1.0000,8714.3,0.0232,4,0
55.9081,0.315637,59.991852,-0.002071,0.0000,1.0000,8715.4,0.0216,4,0
55.9256,0.315775,59.991849,-0.002078,0.0000,1.0000,8714.9,0.0207,4,0
55.9387,0.315913,59.991845,-0.002086,0.0000,1.0000,8732.0,0.0203,4,0
55.9564,0.316052,59.991842,-0.002094,0.0000,1.0000,8726.4,0.0206,4,0
55.9731,0.316190,59.991838,-0.002101,0.0000,1.0000,8727.3,0.0215,4,0
55.9897,0.316328,59.991834,-0.002109,0.0000,1.0000,8728.6,0.0230,4,0
56.0027,0.316466,59.991831,-0.002116,0.0000,1.0000,8743.5,0.0251,4,0
56.0200,0.316604,59.991827,-0.002124,0.0000,1.0000,8738.1,0.0280,4,0
56.0369,0.316743,59.991824,-0.002132,0.0000,1.0000,8736.8,0.0314,4,0
56.0535,0.316881,59.991820,-0.002139,0.0000,1.0000,8737.4,0.0353,4,0
56.0669,0.317020,59.991817,-0.002147,0.0000,1.0000,8747.8,0.0395,4,0
56.0841,0.317158,59.991814,-0.002155,0.0000,1.0000,8740.7,0.0437,4,0
56.0999,0.317297,59.991811,-0.002162,0.0000,1.0000,8741.5,0.0480,4,0
56.1140,0.317435,59.991808,-0.002170,0.0000,1.0000,8748.5,0.0521,4,0
56.1275,0.317574,59.991805,-0.002178,0.0000,1.0000,8755.3,0.0559,4,0
56.1446,0.317712,59.991802,-0.002185,0.0000,1.0000,8747.6,0.0593,4,0
56.1594,0.317851,59.991799,-0.002193,0.0000,1.0000,8750.0,0.0622,4,0
56.1719,0.317990,59.991796,-0.002201,0.0000,1.0000,8761.5,0.0645,4,0
56.1855,0.318128,59.991793,-0.002209,0.0000,1.0000,8765.2,0.0661,4,0
56.2014,0.318267,59.991790,-0.002216,0.0000,1.0000,8762.1,0.0672,4,0
56.2156,0.318406,59.991787,-0.002224,0.0000,1.0000,8765.9,0.0679,4,0
56.2272,0.318545,59.991783,-0.002232,0.0000,1.0000,8780.4,0.0683,4,0
56.2399,0.318683,59.991780,-0.002240,0.0000,1.0000,8786.2,0.0684,4,0
56.2548,0.318822,59.991776,-0.002248,0.0000,1.0000,8786.5,0.0684,4,0
56.2675,0.318961,59.991773,-0.002255,0.0000,1.0000,8793.4,0.0684,4,0
56.2787,0.319100,59.991770,-0.002263,0.0000,1.0000,8806.2,0.0683,4,0
56.2933,0.319239,59.991766,-0.002271,0.0000,1.0000,8803.0,0.0682,4,0
56.3066,0.319378,59.991763,-0.002279,0.0000,1.0000,8807.1,0.0683,4,0
56.3197,0.319517,59.991759,-0.002287,0.0000,1.0000,8812.4,0.0684,4,0
56.3296,0.319656,59.991756,-0.002294,0.0000,1.0000,8827.7,0.0688,4,0
56.3412,0.319795,59.991753,-0.002302,0.0000,1.0000,8838.7,0.0693,4,0
56.3501,0.319934,59.991750,-0.002310,0.0000,1.0000,8862.3,0.0701,4,0
56.3648,0.320073,59.991747,-0.002318,0.0000,1.0000,8857.9,0.0711,4,0
56.3755,0.320213,59.991744,-0.002326,0.0000,1.0000,8867.2,0.0724,4,0
56.3828,0.320352,59.991741,-0.002334,0.0000,1.0000,8895.0,0.0741,4,0
56.3907,0.320491,59.991738,-0.002342,0.0000,1.0000,8913.9,0.0760,4,0
56.4021,0.320630,59.991735,-0.002350,0.0000,1.0000,8919.8,0.0781,4,0
56.4122,0.320770,59.991732,-0.002358,0.0000,1.0000,8927.1,0.0804,4,0
56.4223,0.320909,59.991729,-0.002366,0.0000,1.0000,8933.7,0.0827,4,0
56.4316,0.321048,59.991726,-0.002374,0.0000,1.0000,8938.0,0.0846,4,0
56.4433,0.321187,59.991723,-0.002382,0.0000,1.0000,8934.9,0.0859,4,0
56.4515,0.321327,59.991720,-0.002390,0.0000,0.9944,8935.6,0.0862,4,0
56.4592,0.321466,59.991717,-0.002398,0.0000,0.9944,8939.7,0.0855,4,0
56.4667,0.321606,59.991714,-0.002406,0.0000,0.9371,8938.9,0.0834,4,0
56.4744,0.321745,59.991711,-0.002415,0.0000,0.9371,8929.1,0.0801,4,0
56.4815,0.321884,59.991707,-0.002423,0.0000,0.8421,8916.9,0.0759,4,0
56.4864,0.322024,59.991704,-0.002431,0.0000,0.8421,8903.8,0.0708,4,0
56.4915,0.322163,59.991701,-0.002439,0.0000,0.7049,8888.6,0.0648,4,0
56.4909,0.322303,59.991698,-0.002447,0.0000,0.7049,8860.7,0.0587,4,0
56.4830,0.322442,59.991695,-0.002455,0.0141,0.5339,8836.7,0.0520,4,0
56.4691,0.322582,59.991692,-0.002463,0.0141,0.5339,8810.3,0.0454,4,0
56.4575,0.322721,59.991689,-0.002472,0.0311,0.3709,8746.2,0.0393,4,0
56.4300,0.322860,59.991686,-0.002480,0.0311,0.3709,8725.1,0.0340,4,0
56.3959,0.323000,59.991683,-0.002488,0.0509,0.2368,8713.4,0.0299,4,0
56.3577,0.323139,59.991680,-0.002496,0.0509,0.2368,8696.1,0.0268,4,0
56.3138,0.323278,59.991677,-0.002505,0.0735,0.1409,8684.5,0.0249,4,0
56.2671,0.323417,59.991674,-0.002513,0.0735,0.1409,8669.1,0.0241,4,0
56.2132,0.323555,59.991671,-0.002521,0.1039,0.0757,8656.3,0.0247,4,0
56.1593,0.323694,59.991668,-0.002529,0.1039,0.0757,8639.6,0.0271,4,0
56.1061,0.323832,59.991665,-0.002538,0.1386,0.0342,8624.3,0.0310,4,0
56.0448,0.323971,59.991662,-0.002546,0.1386,0.0342,8600.4,0.0332,4,0
55.9777,0.324109,59.991660,-0.002554,0.1839,0.0103,8579.3,0.0365,4,0
55.9013,0.324247,59.991657,-0.002562,0.1839,0.0103,8590.4,0.0395,4,0
55.8381,0.324385,59.991655,-0.002571,0.2267,0.0000,8563.6,0.0409,4,0
55.7621,0.324522,59.991652,-0.002579,0.2267,0.0000,8546.0,0.0426,4,0
55.6598,0.324660,59.991650,-0.002587,0.2680,0.0000,8576.1,0.0429,4,0
55.5950,0.324797,59.991647,-0.002596,0.2680,0.0000,8508.2,0.0441,4,0
55.5107,0.324934,59.991645,-0.002604,0.3108,0.0000,8464.0,0.0432,4,0
55.4261,0.325071,59.991642,-0.002612,0.3108,0.0000,8427.8,0.0432,4,0
55.3293,0.325208,59.991640,-0.002621,0.3383,0.0000,8401.4,0.0428,4,0
55.2287,0.325344,59.991637,-0.002629,0.3383,0.0000,8385.3,0.0423,4,0
55.1489,0.325480,59.991634,-0.002637,0.3746,0.0000,8296.7,0.0427,4,0
55.0372,0.325616,59.991631,-0.002646,0.3746,0.0000,8258.6,0.0423,4,0
54.9320,0.325752,59.991628,-0.002654,0.4005,0.0000,8241.0,0.0424,4,0
54.8169,0.325887,59.991625,-0.002662,0.4005,0.0000,8242.6,0.0411,4,0
54.6926,0.326022,59.991622,-0.002670,0.4215,0.0000,8241.7,0.0412,4,0
54.5667,0.326157,59.991619,-0.002679,0.4215,0.0000,8221.6,0.0411,4,0
54.4388,0.326291,59.991616,-0.002687,0.4418,0.0000,8249.3,0.0399,4,0
54.3170,0.326425,59.991613,-0.002695,0.4418,0.0000,8209.3,0.0384,4,0
54.1957,0.326559,59.991610,-0.002704,0.4597,0.0000,8162.2,0.0364,4,0
54.0771,0.326692,59.991608,-0.002712,0.4597,0.0000,8131.6,0.0324,4,0
53.9395,0.326825,59.991606,-0.002720,0.4781,0.0000,8133.1,0.0284,4,0
53.8120,0.326958,59.991604,-0.002728,0.4781,0.0000,8111.1,0.0244,4,0
53.6612,0.327091,59.991602,-0.002736,0.4994,0.0000,8100.5,0.0209,4,0
53.5390,0.327223,59.991600,-0.002745,0.4994,0.0000,8085.5,0.0177,4,0
53.4187,0.327355,59.991598,-0.002753,0.5119,0.0000,8036.7,0.0128,4,0
53.2860,0.327486,59.991596,-0.002761,0.5119,0.0000,7999.9,0.0105,4,0
53.1299,0.327618,59.991594,-0.002769,0.5308,0.0000,8043.1,0.0098,4,0
52.9792,0.327748,59.991592,-0.002777,0.5308,0.0000,8075.4,0.0092,4,0
52.8567,0.327879,59.991590,-0.002786,0.5348,0.0000,7989.7,0.0104,4,0
52.7329,0.328009,59.991587,-0.002794,0.5348,0.0000,7902.8,0.0118,4,0
52.5955,0.328139,59.991584,-0.002802,0.5449,0.0000,7924.8,0.0146,4,0
52.4444,0.328268,59.991581,-0.002810,0.5449,0.0000,7962.2,0.0159,4,0
52.3121,0.328397,59.991578,-0.002818,0.5562,0.0000,7887.3,0.0189,4,0
52.1721,0.328526,59.991575,-0.002826,0.5562,0.0000,7854.0,0.0225,4,0
52.0279,0.328655,59.991572,-0.002834,0.5601,0.0000,7805.2,0.0249,4,0
51.8958,0.328783,59.991569,-0.002842,0.5601,0.0000,7768.3,0.0276,4,0
51.7347,0.328910,59.991566,-0.002850,0.5735,0.0000,7822.4,0.0279,4,0
51.5841,0.329038,59.991563,-0.002858,0.5735,0.0000,7828.2,0.0289,4,0
51.4476,0.329165,59.991560,-0.002866,0.5675,0.0000,7766.7,0.0315,4,0
51.2944,0.329291,59.991558,-0.002874,0.5675,0.0000,7769.7,0.0307,4,0
51.1582,0.329418,59.991556,-0.002882,0.5787,0.0000,7726.2,0.0312,4,0
51.0003,0.329544,59.991554,-0.002890,0.5787,0.0000,7720.7,0.0313,4,0
50.8472,0.329669,59.991552,-0.002898,0.5841,0.0000,7680.7,0.0345,4,0
50.7051,0.329794,59.991550,-0.002906,0.5841,0.0000,7631.6,0.0359,4,0
50.5596,0.329919,59.991548,-0.002914,0.5858,0.0000,7592.3,0.0371,4,0
50.4251,0.330044,59.991546,-0.002922,0.5858,0.0000,7561.0,0.0382,4,0
50.2635,0.330168,59.991544,-0.002930,0.5849,0.0000,7619.9,0.0369,4,0
50.1113,0.330291,59.991542,-0.002938,0.5849,0.0000,7616.2,0.0392,4,0
49.9697,0.330415,59.991540,-0.002946,0.5732,0.0000,7566.4,0.0389,4,0
49.8303,0.330538,59.991538,-0.002954,0.5732,0.0000,7526.4,0.0369,4,0
49.6853,0.330660,59.991536,-0.002961,0.5743,0.0000,7502.1,0.0366,4,0
49.5358,0.330783,59.991534,-0.002969,0.5743,0.0000,7460.4,0.0357,4,0
49.3904,0.330905,59.991532,-0.002977,0.5672,0.0000,7449.9,0.0345,4,0
49.2557,0.331026,59.991530,-0.002985,0.5672,0.0000,7401.9,0.0312,4,0
49.1157,0.331147,59.991528,-0.002993,0.5701,0.0000,7369.5,0.0293,4,0
48.9856,0.331268,59.991526,-0.003000,0.5701,0.0000,7361.1,0.0278,4,0
48.8338,0.331389,59.991524,-0.003008,0.5705,0.0000,7351.3,0.0242,4,0
48.7039,0.331509,59.991522,-0.003016,0.5705,0.0000,7309.9,0.0231,4,0
48.5868,0.331629,59.991520,-0.003024,0.5629,0.0000,7271.8,0.0202,4,0
48.4494,0.331749,59.991518,-0.003031,0.5629,0.0000,7332.8,0.0181,4,0
48.3479,0.331868,59.991515,-0.003039,0.5580,0.0000,7255.3,0.0181,4,0
48.2271,0.331987,59.991513,-0.003047,0.5580,0.0000,7236.2,0.0168,4,0
48.0998,0.332106,59.991511,-0.003054,0.5485,0.0000,7218.4,0.0151,4,0
47.9915,0.332224,59.991509,-0.003062,0.5485,0.0000,7758.5,0.0171,4,0
47.8697,0.332343,59.991506,-0.003070,0.5483,1.0000,8281.3,0.0145,4,0
47.7625,0.332460,59.991504,-0.003077,0.5483,1.0000,8568.1,0.0161,4,0
47.6483,0.332578,59.991502,-0.003085,0.5464,0.0000,8521.0,0.0144,4,0
47.5043,0.332695,59.991499,-0.003092,0.5464,0.0000,8550.0,0.0133,3,0
47.3718,0.332812,59.991497,-0.003100,0.5409,0.0000,8497.7,0.0111,3,0
47.2354,0.332929,59.991495,-0.003108,0.5409,0.0000,8473.9,0.0073,3,0
47.0998,0.333045,59.991493,-0.003115,0.5398,0.0000,8447.2,0.0030,3,0
46.9598,0.333161,59.991491,-0.003122,0.5398,0.0000,8424.2,-0.0042,3,0
46.8180,0.333277,59.991489,-0.003130,0.5327,0.0000,8421.0,-0.0104,3,0
46.6787,0.333392,59.991488,-0.003137,0.5327,0.0000,8414.5,-0.0177,3,0
46.5369,0.333507,59.991486,-0.003145,0.5375,0.0000,8415.8,-0.0250,3,0
46.4024,0.333621,59.991484,-0.003152,0.5375,0.0000,8385.4,-0.0322,3,0
46.2672,0.333736,59.991482,-0.003160,0.5285,0.0000,8364.4,-0.0385,3,0
46.1308,0.333849,59.991480,-0.003167,0.5285,0.0000,8353.0,-0.0443,3,0
45.9975,0.333963,59.991478,-0.003175,0.5267,0.0000,8332.8,-0.0493,3,0
45.8626,0.334076,59.991477,-0.003182,0.5267,0.0000,8312.1,-0.0531,3,0
45.7281,0.334189,59.991475,-0.003189,0.5248,0.0000,8289.4,-0.0562,3,0
45.5958,0.334302,59.991474,-0.003197,0.5248,0.0000,8262.9,-0.0590,3,0
45.4635,0.334414,59.991472,-0.003204,0.5176,0.0000,8240.3,-0.0613,3,0
45.3329,0.334526,59.991471,-0.003211,0.5176,0.0000,8217.3,-0.0629,3,0
45.2005,0.334637,59.991469,-0.003218,0.5192,0.0000,8194.7,-0.0639,3,0
45.0693,0.334749,59.991467,-0.003226,0.5192,0.0000,8168.2,-0.0650,3,0
44.9389,0.334860,59.991466,-0.003233,0.5098,0.0000,8142.4,-0.0661,3,0
44.8100,0.334970,59.991465,-0.003240,0.5098,0.0000,8120.3,-0.0675,3,0
44.6824,0.335080,59.991463,-0.003248,0.5091,0.0000,8093.7,-0.0684,3,0
44.5520,0.335190,59.991461,-0.003255,0.5091,0.0000,8068.9,-0.0691,3,0
44.4236,0.335300,59.991459,-0.003262,0.5069,0.0000,8040.0,-0.0697,3,0
44.2957,0.335409,59.991457,-0.003269,0.5069,0.0000,8011.5,-0.0704,3,0
44.1694,0.335518,59.991455,-0.003276,0.4940,0.0000,7988.4,-0.0712,3,0
44.0443,0.335627,59.991454,-0.003283,0.4940,0.0000,7965.4,-0.0716,3,0
43.9180,0.335736,59.991452,-0.003290,0.4951,0.0000,7940.5,-0.0721,3,0
43.7944,0.335844,59.991450,-0.003297,0.4951,0.0000,7912.0,-0.0729,3,0
43.6718,0.335952,59.991448,-0.003304,0.4877,0.0000,7882.7,-0.0744,3,0
43.5509,0.336059,59.991446,-0.003311,0.4877,0.0000,7855.9,-0.0763,3,0
43.4311,0.336166,59.991444,-0.003318,0.4847,0.0000,7830.4,-0.0785,3,0
43.3150,0.336273,59.991442,-0.003325,0.4847,0.0000,7795.2,-0.0811,3,0
43.2019,0.336380,59.991440,-0.003331,0.4799,0.0000,7786.6,-0.0843,3,0
43.0906,0.336486,59.991438,-0.003338,0.4799,0.0000,7774.9,-0.0891,3,0
42.9853,0.336592,59.991436,-0.003345,0.4670,0.0000,7736.5,-0.0940,3,0
42.8807,0.336698,59.991434,-0.003352,0.4670,0.0000,7707.1,-0.1003,3,0
42.7737,0.336804,59.991433,-0.003358,0.4642,0.0000,7708.5,-0.1067,3,0
42.6712,0.336909,59.991431,-0.003365,0.4642,0.0000,7674.8,-0.1135,3,0
42.5695,0.337014,59.991429,-0.003372,0.4507,0.0000,7661.8,-0.1217,3,0
42.4674,0.337119,59.991427,-0.003379,0.4507,0.0000,7642.0,-0.1288,3,0
42.3672,0.337224,59.991425,-0.003385,0.4359,0.0000,7608.7,-0.1350,3,0
42.2656,0.337328,59.991423,-0.003392,0.4359,0.0000,7601.6,-0.1424,3,0
42.1655,0.337432,59.991421,-0.003398,0.4227,0.0000,7575.3,-0.1477,3,0
42.0637,0.337536,59.991419,-0.003405,0.4227,0.0000,7568.7,-0.1525,3,0
41.9639,0.337640,59.991417,-0.003411,0.3904,0.0000,7545.0,-0.1571,3,0
41.8687,0.337743,59.991415,-0.003418,0.3904,0.0000,7540.5,-0.1605,3,0
41.7692,0.337846,59.991413,-0.003425,0.3623,0.0000,7535.3,-0.1619,3,0
41.6715,0.337949,59.991411,-0.003431,0.3623,0.0000,7519.0,-0.1624,3,0
41.5748,0.338051,59.991409,-0.003438,0.3086,0.0000,7527.1,-0.1623,3,0
41.4819,0.338154,59.991407,-0.003444,0.3086,0.0000,7518.8,-0.1616,3,0
41.3942,0.338256,59.991405,-0.003451,0.2650,0.0000,7509.5,-0.1598,3,0
41.3087,0.338358,59.991403,-0.003457,0.2650,0.0000,7508.8,-0.1573,3,0
41.2271,0.338460,59.991401,-0.003463,0.2290,0.0000,7506.3,-0.1539,3,0
41.1490,0.338561,59.991399,-0.003469,0.2290,0.0000,7512.5,-0.1506,3,0
41.0755,0.338663,59.991397,-0.003476,0.1890,0.0000,7518.0,-0.1473,3,0
41.0049,0.338764,59.991395,-0.003482,0.1890,0.0000,7526.5,-0.1441,3,0
40.9375,0.338865,59.991394,-0.003488,0.1639,0.0000,7531.0,-0.1413,3,0
40.8717,0.338966,59.991392,-0.003495,0.1639,0.0000,7538.4,-0.1389,3,0
40.8104,0.339067,59.991390,-0.003501,0.1304,0.0000,7545.1,-0.1375,3,0
40.7543,0.339167,59.991388,-0.003507,0.1304,0.0000,7546.1,-0.1370,3,0
40.7023,0.339268,59.991386,-0.003513,0.1047,0.0000,7544.4,-0.1372,3,0
40.6506,0.339368,59.991384,-0.003519,0.1047,0.0000,7547.5,-0.1382,3,0
40.5994,0.339468,59.991382,-0.003526,0.0829,0.0000,7554.1,-0.1396,3,0
40.5514,0.339568,59.991379,-0.003532,0.0829,0.0000,7557.5,-0.1417,3,0
40.5075,0.339668,59.991377,-0.003538,0.0560,0.0000,7560.2,-0.1442,3,0
40.4666,0.339768,59.991375,-0.003544,0.0560,0.0000,7556.2,-0.1472,3,0
40.4266,0.339868,59.991373,-0.003550,0.0471,0.0000,7551.6,-0.1502,3,0
40.3868,0.339968,59.991371,-0.003556,0.0471,0.0000,7549.8,-0.1533,3,0
40.3479,0.340067,59.991368,-0.003562,0.0419,0.0000,7547.8,-0.1565,3,0
40.3099,0.340167,59.991366,-0.003568,0.0419,0.0000,7540.5,-0.1597,3,0
40.2733,0.340266,59.991364,-0.003574,0.0299,0.0000,7532.9,-0.1628,3,0
40.2369,0.340366,59.991362,-0.003580,0.0299,0.0000,7527.6,-0.1657,3,0
40.2000,0.340465,59.991360,-0.003585,0.0305,0.0000,7521.5,-0.1683,3,0
40.1633,0.340564,59.991358,-0.003591,0.0305,0.0000,7515.4,-0.1707,3,0
40.1275,0.340663,59.991356,-0.003597,0.0216,0.0000,7506.4,-0.1729,3,0
40.0934,0.340762,59.991354,-0.003603,0.0216,0.0000,7497.5,-0.1746,3,0
40.0598,0.340861,59.991352,-0.003609,0.0222,0.0000,7489.7,-0.1761,3,0
40.0241,0.340960,59.991350,-0.003614,0.0222,0.0000,7486.7,-0.1771,3,0
39.9883,0.341059,59.991348,-0.003620,0.0000,0.0000,7487.3,-0.1779,3,0
39.9552,0.341157,59.991346,-0.003626,0.0000,0.0000,7483.8,-0.1785,3,0
39.9232,0.341256,59.991344,-0.003632,0.0068,0.0000,7476.7,-0.1787,3,0
39.8921,0.341354,59.991342,-0.003637,0.0068,0.0000,7470.4,-0.1789,3,0
39.8614,0.341453,59.991339,-0.003643,0.0000,0.0000,7466.8,-0.1786,3,0
39.8308,0.341551,59.991337,-0.003649,0.0000,0.0000,7464.2,-0.1786,3,0
39.8000,0.341649,59.991334,-0.003654,0.0000,0.0000,7459.7,-0.1787,3,0
39.7688,0.341747,59.991332,-0.003660,0.0000,0.0000,7454.1,-0.1788,3,0
39.7369,0.341845,59.991330,-0.003665,0.0000,0.0000,7446.3,-0.1789,3,0
39.7035,0.341944,59.991327,-0.003671,0.0000,0.0000,7441.2,-0.1788,3,0
39.6704,0.342041,59.991325,-0.003676,0.0000,0.0000,7434.8,-0.1784,3,0
39.6382,0.342139,59.991322,-0.003682,0.0000,0.0000,7427.4,-0.1779,3,0
39.6067,0.342237,59.991320,-0.003688,0.0000,0.0000,7417.6,-0.1773,3,0
39.5746,0.342335,59.991318,-0.003693,0.0000,0.0000,7412.0,-0.1766,3,0
39.5413,0.342432,59.991316,-0.003698,0.0000,0.0000,7409.4,-0.1759,3,0
39.5060,0.342530,59.991314,-0.003704,0.0000,0.0000,7410.7,-0.1753,3,0
39.4709,0.342627,59.991312,-0.003709,0.0000,0.0000,7411.4,-0.1747,3,0
39.4364,0.342725,59.991310,-0.003714,0.0000,0.0000,7410.1,-0.1740,3,0
39.4033,0.342822,59.991308,-0.003720,0.0000,0.0000,7403.4,-0.1733,3,0
39.3689,0.342919,59.991306,-0.003725,0.0000,0.0000,7397.4,-0.1723,3,0
39.3340,0.343016,59.991304,-0.003730,0.0000,0.0000,7394.9,-0.1714,3,0
39.2990,0.343113,59.991302,-0.003736,0.0000,0.0000,7393.8,-0.1704,3,0
39.2642,0.343210,59.991300,-0.003741,0.0000,0.0000,7390.0,-0.1693,3,0
39.2299,0.343307,59.991298,-0.003746,0.0000,0.0000,7385.4,-0.1679,3,0
39.1961,0.343404,59.991295,-0.003751,0.0000,0.0000,7377.6,-0.1662,3,0
39.1609,0.343500,59.991293,-0.003756,0.0000,0.0000,7373.5,-0.1641,3,0
39.1251,0.343597,59.991290,-0.003761,0.0000,0.0000,7373.8,-0.1618,3,0
39.0912,0.343694,59.991288,-0.003766,0.0000,0.0000,7367.0,-0.1587,3,0
39.0574,0.343790,59.991286,-0.003771,0.0000,0.0000,7363.7,-0.1547,3,0
39.0242,0.343886,59.991283,-0.003776,0.0000,0.0000,7356.2,-0.1498,3,0
38.9905,0.343983,59.991281,-0.003781,0.0000,0.0000,7351.0,-0.1438,3,0
38.9583,0.344079,59.991278,-0.003787,0.0000,0.0000,7344.7,-0.1368,3,0
38.9255,0.344175,59.991276,-0.003792,0.0000,0.0000,7342.6,-0.1290,3,0
38.8941,0.344271,59.991273,-0.003796,0.0000,0.0000,7335.9,-0.1207,3,0
38.8646,0.344367,59.991271,-0.003801,0.0000,0.0000,7323.6,-0.1123,3,0
38.8351,0.344463,59.991268,-0.003806,0.0000,0.0000,7313.2,-0.1042,3,0
38.8048,0.344558,59.991266,-0.003811,0.0000,0.0000,7304.5,-0.0967,3,0
38.7760,0.344654,59.991263,-0.003816,0.0000,0.0000,7293.8,-0.0904,3,0
38.7475,0.344750,59.991260,-0.003820,0.0000,0.0000,7280.3,-0.0855,3,0
38.7190,0.344845,59.991258,-0.003825,0.0000,0.0000,7267.1,-0.0820,3,0
38.6897,0.344941,59.991255,-0.003830,0.0000,0.0000,7254.6,-0.0800,3,0
38.6600,0.345036,59.991253,-0.003835,0.0000,0.0000,7242.4,-0.0792,3,0
38.6300,0.345132,59.991250,-0.003840,0.0000,0.0000,7231.1,-0.0798,3,0
38.5992,0.345227,59.991247,-0.003844,0.0000,0.0000,7222.8,-0.0811,3,0
38.5685,0.345322,59.991244,-0.003849,0.0000,0.0000,7212.0,-0.0830,3,0
38.5379,0.345417,59.991242,-0.003853,0.0000,0.0000,7200.7,-0.0852,3,0
38.5063,0.345512,59.991239,-0.003858,0.0000,0.0000,7192.7,-0.0878,3,0
38.4746,0.345607,59.991236,-0.003862,0.0000,0.0000,7186.5,-0.0906,3,0
38.4419,0.345702,59.991233,-0.003867,0.0000,0.0000,7184.2,-0.0936,3,0
38.4090,0.345797,59.991230,-0.003871,0.0000,0.0000,7180.8,-0.0965,3,0
38.3758,0.345892,59.991228,-0.003876,0.0000,0.0000,7177.3,-0.0992,3,0
38.3420,0.345986,59.991225,-0.003881,0.0000,0.0000,7174.1,-0.1018,3,0
38.3073,0.346081,59.991222,-0.003885,0.0000,0.0000,7173.1,-0.1043,3,0
38.2722,0.346176,59.991219,-0.003889,0.0000,0.0000,7171.7,-0.1065,3,0
38.2383,0.346270,59.991217,-0.003894,0.0000,0.0000,7170.5,-0.1084,3,0
38.2037,0.346364,59.991214,-0.003898,0.0000,0.0000,7168.4,-0.1099,3,0
38.1682,0.346458,59.991212,-0.003902,0.0000,0.0000,7166.0,-0.1111,3,0
38.1341,0.346553,59.991209,-0.003907,0.0000,0.0000,7161.2,-0.1124,3,0
38.0998,0.346647,59.991206,-0.003911,0.0000,0.0000,7160.0,-0.1135,3,0
38.0647,0.346741,59.991204,-0.003915,0.0000,0.0000,7161.0,-0.1148,3,0
38.0301,0.346834,59.991201,-0.003919,0.0000,0.0000,7159.0,-0.1159,3,0
37.9970,0.346928,59.991199,-0.003924,0.0000,0.0000,7151.8,-0.1170,3,0
37.9640,0.347022,59.991196,-0.003928,0.0000,0.0000,7145.6,-0.1184,3,0
37.9303,0.347116,59.991193,-0.003932,0.0000,0.0000,7141.0,-0.1203,3,0
37.8971,0.347209,59.991191,-0.003936,0.0000,0.0000,7135.2,-0.1226,3,0
37.8649,0.347303,59.991188,-0.003940,0.0000,0.0000,7128.2,-0.1255,3,0
37.8316,0.347396,59.991186,-0.003944,0.0000,0.0000,7121.8,-0.1286,3,0
37.7990,0.347489,59.991183,-0.003948,0.0000,0.0000,7112.4,-0.1321,3,0
37.7675,0.347583,59.991180,-0.003952,0.0000,0.0000,7100.8,-0.1364,3,0
37.7355,0.347676,59.991178,-0.003956,0.0000,0.0000,7091.4,-0.1411,3,0
37.7038,0.347769,59.991175,-0.003960,0.0000,0.0000,7082.0,-0.1460,3,0
37.6719,0.347862,59.991173,-0.003964,0.0000,0.0000,7073.6,-0.1511,3,0
37.6402,0.347955,59.991170,-0.003968,0.0000,0.0000,7062.9,-0.1562,3,0
37.6089,0.348048,59.991167,-0.003972,0.0000,0.0000,7051.9,-0.1612,3,0
37.5773,0.348140,59.991164,-0.003976,0.0000,0.0000,7039.9,-0.1663,3,0
37.5452,0.348233,59.991162,-0.003979,0.0000,0.0000,7031.0,-0.1711,3,0
37.5130,0.348326,59.991159,-0.003983,0.0000,0.0000,7022.3,-0.1754,3,0
37.4804,0.348418,59.991156,-0.003987,0.0000,0.0000,7013.3,-0.1791,3,0
37.4481,0.348511,59.991153,-0.003991,0.0000,0.0000,7000.4,-0.1821,3,0
37.4163,0.348603,59.991150,-0.003994,0.0000,0.0000,6990.5,-0.1848,3,0
37.3832,0.348695,59.991148,-0.003998,0.0000,0.0000,6982.5,-0.1868,3,0
37.3502,0.348787,59.991145,-0.004002,0.0000,0.0000,6975.6,-0.1880,3,0
37.3173,0.348880,59.991142,-0.004006,0.0000,0.0000,6968.8,-0.1884,3,0
37.2837,0.348972,59.991139,-0.004009,0.0000,0.0000,6961.0,-0.1876,3,0
37.2501,0.349064,59.991136,-0.004013,0.0000,0.0000,6955.1,-0.1862,3,0
37.2166,0.349155,59.991132,-0.004016,0.0000,0.0000,6948.6,-0.1844,3,0
37.1829,0.349247,59.991129,-0.004019,0.0000,0.0000,6942.9,-0.1818,3,0
37.1487,0.349339,59.991126,-0.004023,0.0000,0.0000,6939.3,-0.1786,3,0
37.1147,0.349431,59.991123,-0.004026,0.0000,0.0000,6935.2,-0.1747,3,0
37.0810,0.349522,59.991120,-0.004030,0.0000,0.0000,6930.4,-0.1704,3,0
37.0477,0.349614,59.991116,-0.004033,0.0000,0.0000,6924.5,-0.1659,3,0
37.0142,0.349705,59.991113,-0.004037,0.0000,0.0000,6920.5,-0.1611,3,0
36.9804,0.349796,59.991110,-0.004040,0.0000,0.0000,6919.0,-0.1558,3,0
36.9468,0.349887,59.991107,-0.004044,0.0000,0.0000,6915.0,-0.1504,3,0
36.9135,0.349979,59.991105,-0.004047,0.0000,0.0000,6909.8,-0.1446,3,0
36.8805,0.350070,59.991102,-0.004050,0.0000,0.0000,6904.2,-0.1389,3,0
36.8478,0.350161,59.991100,-0.004053,0.0000,0.0000,6899.0,-0.1330,3,0
36.8146,0.350251,59.991097,-0.004057,0.0000,0.0000,6896.2,-0.1268,3,0
36.7820,0.350342,59.991095,-0.004060,0.0000,0.0000,6892.8,-0.1204,3,0
36.7485,0.350433,59.991093,-0.004063,0.0000,0.0000,6888.7,-0.1138,3,0
36.7159,0.350524,59.991090,-0.004066,0.0000,0.0000,6884.6,-0.1069,3,0
36.6843,0.350614,59.991087,-0.004069,0.0000,0.0000,6878.1,-0.1000,3,0
36.6537,0.350705,59.991085,-0.004073,0.0000,0.0000,6870.3,-0.0933,3,0
36.6217,0.350795,59.991082,-0.004076,0.0000,0.0000,6867.8,-0.0863,3,0
36.5906,0.350885,59.991079,-0.004079,0.0000,0.0000,6865.1,-0.0794,3,0
36.5597,0.350976,59.991076,-0.004081,0.0000,0.0000,6858.9,-0.0726,3,0
36.5291,0.351066,59.991073,-0.004084,0.0000,0.0000,6852.8,-0.0662,3,0
36.4996,0.351156,59.991070,-0.004087,0.0000,0.0000,6847.6,-0.0604,3,0
36.4710,0.351246,59.991067,-0.004090,0.0000,0.0000,6839.6,-0.0554,3,0
36.4413,0.351336,59.991064,-0.004093,0.0000,0.0000,6835.9,-0.0512,3,0
36.4120,0.351426,59.991061,-0.004096,0.0000,0.0000,6831.6,-0.0480,3,0
36.3824,0.351516,59.991058,-0.004099,0.0000,0.0000,6823.6,-0.0458,3,0
36.3539,0.351605,59.991055,-0.004102,0.0000,0.0035,6814.4,-0.0448,3,0
36.3263,0.351695,59.991052,-0.004105,0.0000,0.0035,6806.2,-0.0449,3,0
36.2988,0.351785,59.991049,-0.004107,0.0000,0.0096,6797.9,-0.0461,3,0
36.2708,0.351874,59.991046,-0.004110,0.0000,0.0096,6791.2,-0.0480,3,0
36.2419,0.351964,59.991043,-0.004113,0.0000,0.0121,6786.3,-0.0506,3,0
36.2132,0.352053,59.991039,-0.004115,0.0000,0.0121,6781.3,-0.0537,3,0
36.1854,0.352142,59.991036,-0.004118,0.0000,0.0131,6773.5,-0.0576,3,0
36.1581,0.352232,59.991033,-0.004121,0.0000,0.0131,6766.5,-0.0622,3,0
36.1311,0.352321,59.991030,-0.004124,0.0000,0.0182,6759.7,-0.0671,3,0
36.1039,0.352410,59.991027,-0.004126,0.0000,0.0182,6753.2,-0.0721,3,0
36.0759,0.352499,59.991024,-0.004129,0.0000,0.0308,6750.7,-0.0774,3,0
36.0481,0.352588,59.991021,-0.004131,0.0000,0.0308,6745.9,-0.0828,3,0
36.0225,0.352677,59.991018,-0.004134,0.0000,0.0562,6741.5,-0.0884,3,0
35.9972,0.352766,59.991015,-0.004136,0.0000,0.0562,6738.2,-0.0940,3,0
35.9727,0.352855,59.991012,-0.004139,0.0000,0.0895,6736.2,-0.0995,3,0
35.9485,0.352943,59.991009,-0.004141,0.0000,0.0895,6743.0,-0.1047,3,0
35.9265,0.353032,59.991005,-0.004144,0.0000,0.1322,6749.1,-0.1097,3,0
35.9073,0.353121,59.991002,-0.004146,0.0000,0.1322,6755.4,-0.1145,3,0
35.8883,0.353209,59.990999,-0.004148,0.0000,0.1866,6766.8,-0.1192,3,0
35.8723,0.353298,59.990996,-0.004151,0.0000,0.1866,6777.6,-0.1237,3,0
35.8582,0.353386,59.990993,-0.004153,0.0000,0.2510,6791.9,-0.1279,3,0
35.8450,0.353475,59.990990,-0.004155,0.0000,0.2510,6808.1,-0.1316,3,0
35.8329,0.353563,59.990988,-0.004158,0.0000,0.3228,6828.6,-0.1349,3,0
35.8227,0.353652,59.990985,-0.004160,0.0000,0.3228,6850.2,-0.1377,3,0
35.8153,0.353740,59.990983,-0.004162,0.0000,0.4063,6873.9,-0.1399,3,0
35.8097,0.353829,59.990980,-0.004164,0.0000,0.4063,6899.2,-0.1413,3,0
35.8082,0.353917,59.990977,-0.004167,0.0000,0.4808,6917.3,-0.1419,3,0
35.8099,0.354005,59.990975,-0.004169,0.0000,0.4808,6931.3,-0.1418,3,0
35.8125,0.354094,59.990972,-0.004171,0.0000,0.5502,6949.8,-0.1408,3,0
35.8178,0.354182,59.990970,-0.004173,0.0000,0.5502,6962.8,-0.1392,3,0
35.8256,0.354271,59.990967,-0.004176,0.0000,0.6130,6975.1,-0.1369,3,0
35.8348,0.354359,59.990964,-0.004178,0.0000,0.6130,6989.3,-0.1337,3,0
35.8456,0.354448,59.990961,-0.004180,0.0000,0.6628,7001.4,-0.1297,3,0
35.8572,0.354536,59.990958,-0.004182,0.0000,0.6628,7017.5,-0.1250,3,0
35.8686,0.354625,59.990955,-0.004184,0.0000,0.7032,7038.8,-0.1198,3,0
35.8827,0.354713,59.990951,-0.004186,0.0000,0.7032,6996.6,-0.1143,3,0
35.8956,0.354802,59.990948,-0.004188,0.0000,0.7345,7023.9,-0.1084,3,0
35.9110,0.354890,59.990945,-0.004190,0.0000,0.7345,7042.1,-0.1026,3,0
35.9279,0.354979,59.990942,-0.004192,0.0000,0.5496,7010.6,-0.0968,3,0
35.9409,0.355068,59.990939,-0.004194,0.0000,0.5496,7028.6,-0.0910,3,0
35.9565,0.355157,59.990936,-0.004196,0.0000,0.7611,7050.4,-0.0859,3,0
35.9758,0.355245,59.990933,-0.004198,0.0000,0.7611,7028.6,-0.0810,3,0
35.9897,0.355334,59.990930,-0.004199,0.0000,0.7629,7028.4,-0.0765,3,0
36.0075,0.355423,59.990927,-0.004201,0.0000,0.7629,7049.8,-0.0726,3,0
36.0267,0.355512,59.990924,-0.004203,0.0000,0.7635,7057.4,-0.0692,3,0
36.0451,0.355601,59.990921,-0.004205,0.0000,0.7635,7067.3,-0.0664,3,0
36.0649,0.355690,59.990918,-0.004207,0.0000,0.7635,7072.9,-0.0644,3,0
36.0869,0.355779,59.990915,-0.004209,0.0000,0.7635,7070.5,-0.0630,3,0
36.1075,0.355868,59.990912,-0.004210,0.0000,0.7625,7072.5,-0.0622,3,0
36.1166,0.355957,59.990909,-0.004212,0.0000,0.7625,7072.8,-0.0615,3,0
36.1318,0.356047,59.990906,-0.004214,0.0000,0.7644,7070.2,-0.0618,3,0
36.1474,0.356136,59.990902,-0.004216,0.0000,0.7644,7065.9,-0.0608,3,0
36.1693,0.356225,59.990899,-0.004217,0.0000,0.7684,7051.4,-0.0606,3,0
36.1818,0.356315,59.990895,-0.004219,0.0000,0.7684,7045.2,-0.0589,3,0
36.2175,0.356404,59.990892,-0.004221,0.0000,0.7756,7023.9,-0.0591,3,0
36.2344,0.356493,59.990888,-0.004222,0.0000,0.7756,7021.4,-0.0593,3,0
36.2605,0.356583,59.990884,-0.004224,0.0000,0.7840,7035.6,-0.0602,3,0
36.2833,0.356672,59.990881,-0.004225,0.0000,0.7840,7044.4,-0.0623,3,0
36.2738,0.356762,59.990877,-0.004227,0.0000,0.5807,7138.6,-0.0665,3,0
36.2993,0.356852,59.990874,-0.004229,0.0000,0.5807,7103.3,-0.0702,3,0
36.3303,0.356941,59.990870,-0.004230,0.0000,0.8027,7062.8,-0.0757,3,0
36.3594,0.357031,59.990867,-0.004232,0.0000,0.8027,7023.0,-0.0804,3,0
36.3849,0.357121,59.990864,-0.004233,0.0000,0.8161,7036.4,-0.0846,3,0
36.4197,0.357211,59.990861,-0.004234,0.0000,0.8161,6995.2,-0.0901,3,0
36.4472,0.357301,59.990858,-0.004236,0.0000,0.8275,6999.7,-0.0952,3,0
36.4686,0.357391,59.990855,-0.004237,0.0000,0.8275,7040.3,-0.0984,3,0
36.5110,0.357481,59.990852,-0.004239,0.0000,0.8442,6986.4,-0.1025,3,0
36.5461,0.357571,59.990849,-0.004240,0.0000,0.8442,6962.1,-0.1041,3,0
36.5684,0.357661,59.990846,-0.004242,0.0000,0.8633,6981.1,-0.1057,3,0
36.6020,0.357752,59.990843,-0.004243,0.0000,0.8633,6971.9,-0.1055,3,0
36.6293,0.357842,59.990840,-0.004244,0.0000,0.8855,7003.7,-0.1048,3,0
36.6564,0.357933,59.990837,-0.004246,0.0000,0.8855,7007.9,-0.1029,3,0
36.6795,0.358023,59.990834,-0.004247,0.0000,0.9083,7045.3,-0.1003,3,0
36.7220,0.358114,59.990831,-0.004248,0.0000,0.9083,7002.5,-0.0967,3,0
36.7604,0.358205,59.990828,-0.004250,0.0000,0.9297,7021.4,-0.0922,3,0
36.7962,0.358295,59.990825,-0.004251,0.0000,0.9297,7001.3,-0.0892,3,0
36.8314,0.358386,59.990822,-0.004252,0.0000,0.9501,7007.3,-0.0856,3,0
36.8773,0.358477,59.990819,-0.004253,0.0000,0.9501,6985.5,-0.0813,3,0
36.9143,0.358569,59.990816,-0.004255,0.0000,0.9689,6994.5,-0.0793,3,0
36.9367,0.358660,59.990813,-0.004256,0.0000,0.9689,7048.6,-0.0772,3,0
36.9765,0.358751,59.990810,-0.004257,0.0000,0.9824,7039.1,-0.0749,3,0
37.0231,0.358842,59.990807,-0.004258,0.0000,0.9824,6995.5,-0.0736,3,0
37.0531,0.358934,59.990803,-0.004260,0.0000,0.9928,7013.0,-0.0725,3,0
37.0826,0.359025,59.990800,-0.004261,0.0000,0.9928,7029.4,-0.0717,3,0
37.1129,0.359117,59.990796,-0.004262,0.0000,0.9997,7027.2,-0.0692,3,0
37.1472,0.359209,59.990793,-0.004263,0.0000,0.9997,7031.6,-0.0658,3,0
37.1817,0.359301,59.990790,-0.004264,0.0000,1.0000,7040.4,-0.0612,3,0
37.2138,0.359392,59.990786,-0.004266,0.0000,1.0000,7060.6,-0.0566,3,0
37.2437,0.359484,59.990783,-0.004267,0.0000,1.0000,7096.5,-0.0507,3,0
37.2700,0.359576,59.990779,-0.004268,0.0000,1.0000,7134.9,-0.0448,3,0
37.2972,0.359668,59.990776,-0.004269,0.0000,1.0000,7171.6,-0.0397,3,0
37.3282,0.359761,59.990772,-0.004270,0.0000,1.0000,7208.3,-0.0366,3,0
37.3555,0.359853,59.990769,-0.004271,0.0000,1.0000,7239.1,-0.0350,3,0
37.3928,0.359945,59.990765,-0.004272,0.0000,1.0000,7251.4,-0.0342,3,0
37.4346,0.360038,59.990762,-0.004274,0.0000,1.0000,7232.6,-0.0350,3,0
37.4692,0.360130,59.990758,-0.004275,0.0000,1.0000,7236.1,-0.0372,3,0
37.5005,0.360223,59.990754,-0.004276,0.0000,1.0000,7257.5,-0.0400,3,0
37.5359,0.360315,59.990751,-0.004277,0.0000,1.0000,7272.6,-0.0426,3,0
37.5679,0.360408,59.990747,-0.004278,0.0000,1.0000,7280.0,-0.0464,3,0
37.6158,0.360501,59.990744,-0.004279,0.0000,1.0000,7243.3,-0.0493,3,0
37.6503,0.360594,59.990740,-0.004280,0.0000,1.0000,7255.7,-0.0529,3,0
37.6889,0.360687,59.990737,-0.004281,0.0000,1.0000,7245.4,-0.0565,3,0
37.7206,0.360780,59.990734,-0.004282,0.0000,1.0000,7260.2,-0.0592,3,0
37.7520,0.360873,59.990731,-0.004283,0.0000,1.0000,7257.6,-0.0622,3,0
37.7915,0.360966,59.990728,-0.004285,0.0000,1.0000,7228.6,-0.0632,3,0
37.8251,0.361060,59.990725,-0.004286,0.0000,1.0000,7253.6,-0.0641,3,0
37.8615,0.361153,59.990722,-0.004287,0.0000,1.0000,7264.1,-0.0666,3,0
37.8989,0.361247,59.990719,-0.004288,0.0000,1.0000,7252.6,-0.0668,3,0
37.9358,0.361340,59.990716,-0.004289,0.0000,1.0000,7258.6,-0.0664,3,0
37.9767,0.361434,59.990713,-0.004290,0.0000,1.0000,7238.1,-0.0661,3,0
37.9956,0.361528,59.990710,-0.004291,0.0000,1.0000,7310.7,-0.0659,3,0
38.0278,0.361622,59.990707,-0.004292,0.0000,1.0000,7332.1,-0.0649,3,0
38.0605,0.361716,59.990703,-0.004293,0.0000,1.0000,7322.7,-0.0627,3,0
38.1011,0.361810,59.990700,-0.004294,0.0000,1.0000,7305.8,-0.0609,3,0
38.1383,0.361904,59.990697,-0.004294,0.0000,1.0000,7290.9,-0.0563,3,0
38.1682,0.361998,59.990693,-0.004295,0.0000,1.0000,7328.5,-0.0527,3,0
38.2136,0.362093,59.990690,-0.004296,0.0000,1.0000,7307.0,-0.0510,3,0
38.2406,0.362187,59.990687,-0.004297,0.0000,1.0000,7324.9,-0.0476,3,0
38.2697,0.362281,59.990684,-0.004298,0.0000,1.0000,7359.1,-0.0446,3,0
38.3083,0.362376,59.990680,-0.004299,0.0000,1.0000,7354.3,-0.0415,3,0
38.3472,0.362471,59.990677,-0.004300,0.0000,1.0000,7346.1,-0.0383,3,0
38.3691,0.362565,59.990674,-0.004301,0.0000,1.0000,7413.9,-0.0375,3,0
38.3959,0.362660,59.990670,-0.004302,0.0000,1.0000,7423.5,-0.0338,3,0
38.4390,0.362755,59.990667,-0.004302,0.0000,1.0000,7405.7,-0.0324,3,0
38.4781,0.362850,59.990663,-0.004303,0.0000,1.0000,7405.1,-0.0309,3,0
38.5179,0.362945,59.990660,-0.004304,0.0000,1.0000,7386.9,-0.0290,3,0
38.5550,0.363040,59.990657,-0.004305,0.0000,1.0000,7377.1,-0.0290,3,0
38.5916,0.363136,59.990653,-0.004306,0.0000,1.0000,7397.9,-0.0285,3,0
38.6205,0.363231,59.990650,-0.004306,0.0000,1.0000,7406.7,-0.0288,3,0
38.6591,0.363326,59.990646,-0.004307,0.0000,1.0000,7417.8,-0.0296,3,0
38.7000,0.363422,59.990643,-0.004308,0.0000,1.0000,7403.1,-0.0304,3,0
38.7386,0.363518,59.990640,-0.004309,0.0000,1.0000,7398.7,-0.0318,3,0
38.7666,0.363613,59.990636,-0.004309,0.0000,1.0000,7438.6,-0.0338,3,0
38.8043,0.363709,59.990633,-0.004310,0.0000,1.0000,7446.2,-0.0353,3,0
38.8368,0.363805,59.990630,-0.004311,0.0000,1.0000,7463.1,-0.0378,3,0
38.8862,0.363901,59.990626,-0.004311,0.0000,1.0000,7405.3,-0.0405,3,0
38.9233,0.363997,59.990623,-0.004312,0.0000,1.0000,7396.2,-0.0429,3,0
38.9600,0.364093,59.990620,-0.004313,0.0000,1.0000,7388.6,-0.0446,3,0
38.9948,0.364189,59.990617,-0.004313,0.0000,1.0000,7397.5,-0.0447,3,0
39.0364,0.364286,59.990613,-0.004314,0.0000,1.0000,7387.4,-0.0446,3,0
39.0670,0.364382,59.990610,-0.004315,0.0000,1.0000,7416.5,-0.0457,3,0
39.0981,0.364479,59.990606,-0.004315,0.0000,1.0000,7448.9,-0.0454,3,0
39.1385,0.364575,59.990603,-0.004316,0.0000,1.0000,7428.0,-0.0448,3,0
39.1777,0.364672,59.990599,-0.004317,0.0000,1.0000,7429.3,-0.0451,3,0
39.2134,0.364769,59.990596,-0.004317,0.0000,1.0000,7441.9,-0.0461,3,0
39.2603,0.364866,59.990592,-0.004318,0.0000,1.0000,7408.0,-0.0474,3,0
39.2971,0.364963,59.990588,-0.004318,0.0000,1.0000,7417.1,-0.0485,3,0
39.3352,0.365060,59.990585,-0.004319,0.0000,1.0000,7421.3,-0.0501,3,0
39.3633,0.365157,59.990581,-0.004320,0.0000,1.0000,7462.6,-0.0521,3,0
39.3966,0.365254,59.990578,-0.004320,0.0000,1.0000,7475.7,-0.0540,3,0
39.4208,0.365352,59.990574,-0.004321,0.0000,1.0000,7540.6,-0.0554,3,0
39.4291,0.365449,59.990570,-0.004322,0.0000,1.0000,7665.3,-0.0569,3,0
39.4357,0.365546,59.990566,-0.004322,0.0000,0.7314,7772.9,-0.0569,3,0
39.4504,0.365644,59.990563,-0.004323,0.0000,0.7314,7804.5,-0.0573,3,0
39.4735,0.365741,59.990559,-0.004323,0.0000,0.7314,7767.8,-0.0557,3,0
39.5196,0.365839,59.990555,-0.004324,0.0000,0.7314,7681.9,-0.0540,3,0
39.5511,0.365936,59.990551,-0.004324,0.0000,1.0000,7695.6,-0.0530,3,0
39.6091,0.366034,59.990547,-0.004325,0.0000,1.0000,7614.2,-0.0497,3,0
39.6482,0.366132,59.990544,-0.004326,0.0000,1.0000,7572.8,-0.0472,3,0
39.6999,0.366230,59.990540,-0.004326,0.0000,1.0000,7527.4,-0.0441,3,0
39.7256,0.366328,59.990536,-0.004327,0.0000,1.0000,7573.5,-0.0404,3,0
39.7764,0.366426,59.990532,-0.004327,0.0000,1.0000,7532.5,-0.0375,3,0
39.8086,0.366525,59.990529,-0.004328,0.0000,1.0000,7556.7,-0.0332,3,0
39.8484,0.366623,59.990525,-0.004328,0.0000,1.0000,7555.7,-0.0291,3,0
39.8757,0.366721,59.990522,-0.004329,0.0000,1.0000,7601.1,-0.0249,3,0
39.9128,0.366820,59.990518,-0.004329,0.0000,1.0000,7615.3,-0.0201,3,0
39.9536,0.366919,59.990514,-0.004330,0.0000,1.0000,7614.4,-0.0160,3,0
39.9896,0.367017,59.990511,-0.004330,0.0000,1.0000,7623.2,-0.0121,3,0
40.0291,0.367116,59.990507,-0.004331,0.0000,1.0000,7632.6,-0.0087,3,0
40.0614,0.367215,59.990504,-0.004332,0.0000,1.0000,7663.9,-0.0059,3,0
40.1041,0.367314,59.990500,-0.004332,0.0000,1.0000,7654.5,-0.0040,3,0
40.1412,0.367413,59.990496,-0.004333,0.0000,1.0000,7669.9,-0.0028,3,0
40.1650,0.367512,59.990493,-0.004333,0.0000,1.0000,7739.4,-0.0023,3,0
40.1959,0.367611,59.990489,-0.004334,0.0000,1.0000,7773.8,-0.0023,3,0
40.2341,0.367711,59.990485,-0.004334,0.0000,1.0000,7781.2,-0.0028,3,0
40.2712,0.367810,59.990482,-0.004335,0.0000,1.0000,7791.5,-0.0032,3,0
40.3054,0.367910,59.990478,-0.004335,0.0000,1.0000,7818.9,-0.0040,3,0
40.3272,0.368009,59.990474,-0.004336,0.0000,1.0000,7885.8,-0.0047,3,0
40.3651,0.368109,59.990470,-0.004336,0.0000,1.0000,7892.7,-0.0049,3,0
40.4165,0.368209,59.990467,-0.004337,0.0000,1.0000,7840.8,-0.0057,3,0
40.4653,0.368309,59.990463,-0.004337,0.0000,1.0000,7799.1,-0.0070,3,0
40.5124,0.368409,59.990460,-0.004338,0.0000,1.0000,7743.7,-0.0079,3,0
40.5646,0.368509,59.990456,-0.004338,0.0000,1.0000,7689.4,-0.0099,3,0
40.5924,0.368609,59.990453,-0.004339,0.0000,1.0000,7743.8,-0.0118,3,0
40.6358,0.368709,59.990450,-0.004339,0.0000,1.0000,7719.4,-0.0139,3,0
40.6767,0.368810,59.990447,-0.004340,0.0000,1.0000,7713.6,-0.0156,3,0
40.7130,0.368910,59.990443,-0.004340,0.0000,1.0000,7726.3,-0.0176,3,0
40.7485,0.369011,59.990440,-0.004341,0.0000,1.0000,7753.5,-0.0198,3,0
40.7860,0.369111,59.990437,-0.004341,0.0000,1.0000,7751.1,-0.0220,3,0
40.8315,0.369212,59.990433,-0.004342,0.0000,1.0000,7732.0,-0.0238,3,0
40.8735,0.369313,59.990430,-0.004342,0.0000,1.0000,7716.8,-0.0268,3,0
40.9000,0.369414,59.990426,-0.004343,0.0000,1.0000,7759.6,-0.0291,3,0
40.9367,0.369515,59.990422,-0.004343,0.0000,1.0000,7747.4,-0.0304,3,0
40.9874,0.369616,59.990418,-0.004344,0.0000,1.0000,7728.4,-0.0311,3,0
41.0076,0.369718,59.990414,-0.004344,0.0000,1.0000,7777.9,-0.0318,3,0
41.0482,0.369819,59.990410,-0.004345,0.0000,1.0000,7794.6,-0.0322,3,0
41.0842,0.369920,59.990406,-0.004345,0.0000,1.0000,7790.8,-0.0302,3,0
41.1238,0.370022,59.990402,-0.004345,0.0000,1.0000,7804.5,-0.0291,3,0
41.1578,0.370123,59.990398,-0.004346,0.0000,1.0000,7830.8,-0.0269,3,0
41.1999,0.370225,59.990394,-0.004346,0.0000,1.0000,7826.0,-0.0251,3,0
41.2223,0.370327,59.990390,-0.004347,0.0000,1.0000,7883.5,-0.0232,3,0
41.2631,0.370429,59.990387,-0.004347,0.0000,1.0000,7865.2,-0.0205,3,0
41.2864,0.370531,59.990383,-0.004348,0.0000,1.0000,7922.4,-0.0177,3,0
41.3333,0.370633,59.990380,-0.004348,0.0000,1.0000,7891.5,-0.0155,3,0
41.3635,0.370735,59.990376,-0.004348,0.0000,1.0000,7945.7,-0.0133,3,0
41.4211,0.370837,59.990373,-0.004349,0.0000,1.0000,7874.9,-0.0124,3,0
41.4582,0.370939,59.990370,-0.004349,0.0000,1.0000,7888.8,-0.0123,3,0
41.4902,0.371042,59.990366,-0.004350,0.0000,1.0000,7924.7,-0.0124,3,0
41.5222,0.371144,59.990363,-0.004350,0.0000,1.0000,7959.2,-0.0133,3,0
41.5606,0.371247,59.990359,-0.004350,0.0000,1.0000,7966.2,-0.0148,3,0
41.6048,0.371350,59.990356,-0.004351,0.0000,1.0000,7948.3,-0.0165,3,0
41.6479,0.371452,59.990352,-0.004351,0.0000,1.0000,7934.1,-0.0184,3,0
41.6895,0.371555,59.990349,-0.004352,0.0000,1.0000,7924.1,-0.0204,3,0
41.7307,0.371658,59.990345,-0.004352,0.0000,1.0000,7915.0,-0.0223,3,0
41.7722,0.371762,59.990342,-0.004352,0.0000,1.0000,7904.3,-0.0242,3,0
41.8118,0.371865,59.990338,-0.004353,0.0000,1.0000,7901.2,-0.0259,3,0
41.8505,0.371968,59.990334,-0.004353,0.0000,1.0000,7902.8,-0.0276,3,0
41.8888,0.372071,59.990331,-0.004354,0.0000,1.0000,7904.0,-0.0291,3,0
41.9287,0.372175,59.990327,-0.004354,0.0000,1.0000,7903.5,-0.0301,3,0
41.9679,0.372279,59.990324,-0.004354,0.0000,1.0000,7906.6,-0.0309,3,0
42.0069,0.372382,59.990320,-0.004355,0.0000,1.0000,7909.4,-0.0317,3,0
42.0461,0.372486,59.990316,-0.004355,0.0000,1.0000,7910.5,-0.0322,3,0
42.0845,0.372590,59.990312,-0.004355,0.0000,1.0000,7914.8,-0.0328,3,0
42.1225,0.372694,59.990308,-0.004356,0.0000,1.0000,7918.9,-0.0331,3,0
42.1605,0.372798,59.990304,-0.004356,0.0000,1.0000,7924.1,-0.0332,3,0
42.1962,0.372902,59.990300,-0.004356,0.0000,1.0000,7937.8,-0.0332,3,0
42.2324,0.373006,59.990296,-0.004357,0.0000,1.0000,7951.2,-0.0328,3,0
42.2695,0.373111,59.990292,-0.004357,0.0000,1.0000,7963.9,-0.0323,3,0
42.3073,0.373215,59.990288,-0.004357,0.0000,1.0000,7969.5,-0.0316,3,0
42.3460,0.373320,59.990284,-0.004358,0.0000,1.0000,7973.3,-0.0308,3,0
42.3851,0.373424,59.990280,-0.004358,0.0000,1.0000,7970.8,-0.0297,3,0
42.4207,0.373529,59.990276,-0.004358,0.0000,1.0000,7981.4,-0.0285,3,0
42.4585,0.373634,59.990272,-0.004359,0.0000,1.0000,7982.0,-0.0270,3,0
42.4950,0.373739,59.990269,-0.004359,0.0000,1.0000,7986.7,-0.0253,3,0
42.5328,0.373844,59.990265,-0.004359,0.0000,1.0000,7988.3,-0.0236,3,0
42.5699,0.373949,59.990261,-0.004360,0.0000,1.0000,7999.2,-0.0214,3,0
42.6049,0.374054,59.990257,-0.004360,0.0000,1.0000,8018.6,-0.0192,3,0
42.6387,0.374159,59.990253,-0.004360,0.0000,1.0000,8045.2,-0.0170,3,0
42.6742,0.374265,59.990250,-0.004361,0.0000,1.0000,8063.3,-0.0152,3,0
42.7113,0.374370,59.990246,-0.004361,0.0000,1.0000,8075.7,-0.0137,3,0
42.7454,0.374476,59.990242,-0.004361,0.0000,1.0000,8103.2,-0.0124,3,0
42.7821,0.374581,59.990238,-0.004361,0.0000,1.0000,8116.4,-0.0116,3,0
42.8208,0.374687,59.990234,-0.004362,0.0000,1.0000,8124.6,-0.0112,3,0
42.8614,0.374793,59.990231,-0.004362,0.0000,1.0000,8121.7,-0.0111,3,0
42.9031,0.374899,59.990227,-0.004362,0.0000,1.0000,8120.2,-0.0114,3,0
42.9435,0.375005,59.990223,-0.004363,0.0000,1.0000,8118.3,-0.0118,3,0
42.9835,0.375111,59.990219,-0.004363,0.0000,1.0000,8119.6,-0.0124,3,0
43.0192,0.375217,59.990215,-0.004363,0.0000,1.0000,8125.8,-0.0129,3,0
43.0597,0.375323,59.990212,-0.004363,0.0000,1.0000,8121.7,-0.0133,3,0
43.0990,0.375430,59.990208,-0.004364,0.0000,1.0000,8123.1,-0.0139,3,0
43.1404,0.375536,59.990204,-0.004364,0.0000,1.0000,8120.9,-0.0140,3,0
43.1796,0.375643,59.990200,-0.004364,0.0000,1.0000,8126.9,-0.0134,3,0
43.2193,0.375750,59.990196,-0.004364,0.0000,1.0000,8130.0,-0.0129,3,0
43.2554,0.375856,59.990193,-0.004365,0.0000,1.0000,8148.3,-0.0122,3,0
43.2948,0.375963,59.990189,-0.004365,0.0000,1.0000,8154.4,-0.0111,3,0
43.3314,0.376070,59.990185,-0.004365,0.0000,1.0000,8168.7,-0.0101,3,0
43.3703,0.376177,59.990181,-0.004365,0.0000,1.0000,8174.0,-0.0089,3,0
43.4100,0.376284,59.990177,-0.004366,0.0000,1.0000,8176.4,-0.0076,3,0
43.4493,0.376392,59.990174,-0.004366,0.0000,1.0000,8177.9,-0.0064,3,0
43.4835,0.376499,59.990170,-0.004366,0.0000,1.0000,8179.1,-0.0049,3,0
43.5228,0.376606,59.990166,-0.004366,0.0000,1.0000,8180.9,-0.0035,3,0
43.5628,0.376714,59.990162,-0.004367,0.0000,1.0000,8192.5,-0.0037,3,0
43.6021,0.376822,59.990158,-0.004367,0.0000,1.0000,8201.1,-0.0045,3,0
43.6419,0.376929,59.990153,-0.004367,0.0000,1.0000,8203.8,-0.0035,3,0
43.6812,0.377037,59.990149,-0.004367,0.0000,1.0000,8209.3,-0.0020,3,0
43.7178,0.377145,59.990145,-0.004368,0.0000,1.0000,8221.1,-0.0010,3,0
43.7507,0.377253,59.990141,-0.004368,0.0000,1.0000,8254.0,0.0002,3,0
43.7924,0.377361,59.990137,-0.004368,0.0000,1.0000,8246.4,0.0021,3,0
43.8329,0.377469,59.990132,-0.004368,0.0000,1.0000,8244.7,0.0041,3,0
43.8719,0.377578,59.990128,-0.004369,0.0000,1.0000,8249.6,0.0063,3,0
43.9095,0.377686,59.990124,-0.004369,0.0000,1.0000,8258.1,0.0085,3,0
43.9475,0.377795,59.990120,-0.004369,0.0000,1.0000,8264.2,0.0109,3,0
43.9843,0.377903,59.990116,-0.004369,0.0000,1.0000,8272.5,0.0134,3,0
44.0210,0.378012,59.990113,-0.004370,0.0000,1.0000,8276.6,0.0156,3,0
44.0573,0.378121,59.990109,-0.004370,0.0000,1.0000,8285.7,0.0171,3,0
44.0974,0.378229,59.990105,-0.004370,0.0000,1.0000,8291.1,0.0170,3,0
44.1363,0.378338,59.990101,-0.004370,0.0000,1.0000,8297.5,0.0155,3,0
44.1742,0.378447,59.990097,-0.004371,0.0000,1.0000,8307.8,0.0142,3,0
44.2114,0.378557,59.990094,-0.004371,0.0000,1.0000,8320.2,0.0131,3,0
44.2436,0.378666,59.990090,-0.004371,0.0000,1.0000,8355.6,0.0120,3,0
44.2794,0.378775,59.990086,-0.004371,0.0000,1.0000,8373.9,0.0109,3,0
44.3202,0.378885,59.990082,-0.004372,0.0000,1.0000,8368.2,0.0101,3,0
44.3585,0.378994,59.990078,-0.004372,0.0000,1.0000,8374.3,0.0095,3,0
44.3967,0.379104,59.990073,-0.004372,0.0000,1.0000,8385.2,0.0090,3,0
44.4358,0.379213,59.990069,-0.004372,0.0000,1.0000,8392.4,0.0087,3,0
44.4747,0.379323,59.990065,-0.004373,0.0000,1.0000,8396.1,0.0085,3,0
44.5135,0.379433,59.990061,-0.004373,0.0000,1.0000,8401.0,0.0085,3,0
44.5501,0.379543,59.990057,-0.004373,0.0000,1.0000,8413.2,0.0086,3,0
44.5884,0.379653,59.990052,-0.004374,0.0000,1.0000,8417.2,0.0086,3,0
44.6292,0.379763,59.990048,-0.004374,0.0000,1.0000,8420.5,0.0082,3,0
44.6699,0.379873,59.990044,-0.004374,0.0000,1.0000,8421.0,0.0074,3,0
44.7092,0.379984,59.990040,-0.004374,0.0000,1.0000,8427.1,0.0073,3,0
44.7493,0.380094,59.990036,-0.004375,0.0000,1.0000,8429.9,0.0072,3,0
44.7873,0.380205,59.990032,-0.004375,0.0000,1.0000,8442.9,0.0072,3,0
44.8264,0.380316,59.990028,-0.004375,0.0000,1.0000,8449.6,0.0072,3,0
44.8688,0.380426,59.990024,-0.004376,0.0000,1.0000,8442.1,0.0074,3,0
44.9090,0.380537,59.990021,-0.004376,0.0000,1.0000,8443.0,0.0079,3,0
44.9486,0.380648,59.990017,-0.004376,0.0000,1.0000,8446.5,0.0084,3,0
44.9884,0.380759,59.990013,-0.004376,0.0000,1.0000,8449.5,0.0090,3,0
45.0277,0.380870,59.990009,-0.004377,0.0000,1.0000,8453.8,0.0096,3,0
45.0655,0.380982,59.990005,-0.004377,0.0000,1.0000,8464.2,0.0101,3,0
45.1029,0.381093,59.990001,-0.004377,0.0000,1.0000,8474.2,0.0108,3,0
45.1407,0.381204,59.989997,-0.004378,0.0000,1.0000,8480.8,0.0115,3,0
45.1788,0.381316,59.989993,-0.004378,0.0000,1.0000,8485.3,0.0122,3,0
45.2174,0.381428,59.989989,-0.004378,0.0000,1.0000,8489.3,0.0127,3,0
45.2554,0.381539,59.989984,-0.004379,0.0000,1.0000,8495.3,0.0132,3,0
45.2949,0.381651,59.989980,-0.004379,0.0000,1.0000,8497.3,0.0136,3,0
45.3351,0.381763,59.989976,-0.004379,0.0000,1.0000,8498.0,0.0138,3,0
45.3747,0.381875,59.989972,-0.004379,0.0000,1.0000,8500.6,0.0140,3,0
45.4144,0.381987,59.989968,-0.004380,0.0000,1.0000,8503.2,0.0141,3,0
45.4524,0.382099,59.989964,-0.004380,0.0000,1.0000,8513.5,0.0142,3,0
45.4909,0.382212,59.989960,-0.004380,0.0000,1.0000,8521.2,0.0142,3,0
45.5292,0.382324,59.989956,-0.004381,0.0000,1.0000,8529.7,0.0140,3,0
45.5658,0.382436,59.989952,-0.004381,0.0000,1.0000,8545.0,0.0138,3,0
45.6034,0.382549,59.989948,-0.004381,0.0000,1.0000,8553.8,0.0136,3,0
45.6409,0.382662,59.989945,-0.004382,0.0000,1.0000,8563.0,0.0135,3,0
45.6790,0.382775,59.989941,-0.004382,0.0000,1.0000,8571.0,0.0135,3,0
45.7163,0.382887,59.989937,-0.004382,0.0000,1.0000,8580.5,0.0135,3,0
45.7539,0.383000,59.989933,-0.004383,0.0000,1.0000,8587.5,0.0136,3,0
45.7911,0.383113,59.989929,-0.004383,0.0000,1.0000,8595.6,0.0136,3,0
45.8264,0.383226,59.989925,-0.004383,0.0000,1.0000,8612.5,0.0137,3,0
45.8624,0.383340,59.989921,-0.004384,0.0000,1.0000,8627.7,0.0138,3,0
45.8979,0.383453,59.989917,-0.004384,0.0000,1.0000,8644.3,0.0139,3,0
45.9343,0.383566,59.989912,-0.004385,0.0000,1.0000,8654.1,0.0137,3,0
45.9691,0.383680,59.989908,-0.004385,0.0000,1.0000,8672.4,0.0135,3,0
46.0052,0.383793,59.989904,-0.004385,0.0000,1.0000,8685.9,0.0133,3,0
46.0412,0.383907,59.989900,-0.004386,0.0000,1.0000,8700.6,0.0129,3,0
46.0779,0.384021,59.989896,-0.004386,0.0000,1.0000,8710.7,0.0124,3,0
46.1145,0.384135,59.989891,-0.004386,0.0000,1.0000,8720.0,0.0117,3,0
46.1501,0.384249,59.989887,-0.004387,0.0000,1.0000,8734.8,0.0111,3,0
46.1877,0.384363,59.989883,-0.004387,0.0000,1.0000,8742.7,0.0104,3,0
46.2251,0.384477,59.989879,-0.004387,0.0000,1.0000,8750.8,0.0098,3,0
46.2635,0.384591,59.989874,-0.004388,0.0000,1.0000,8754.3,0.0092,3,0
46.3029,0.384705,59.989870,-0.004388,0.0000,1.0000,8754.1,0.0087,3,0
46.3422,0.384820,59.989866,-0.004389,0.0000,1.0000,8755.4,0.0082,3,0
46.3815,0.384934,59.989862,-0.004389,0.0000,1.0000,8756.2,0.0079,3,0
46.4206,0.385049,59.989857,-0.004389,0.0000,1.0000,8755.2,0.0077,3,0
46.4614,0.385163,59.989853,-0.004390,0.0000,1.0000,8747.1,0.0075,3,0
46.5006,0.385278,59.989849,-0.004390,0.0000,1.0000,8745.7,0.0074,3,0
46.5402,0.385393,59.989844,-0.004391,0.0000,1.0000,8743.2,0.0075,3,0
46.5783,0.385508,59.989840,-0.004391,0.0000,1.0000,8746.6,0.0077,3,0
46.6158,0.385623,59.989836,-0.004391,0.0000,1.0000,8751.5,0.0080,3,0
46.6547,0.385738,59.989832,-0.004392,0.0000,1.0000,8750.6,0.0083,3,0
46.6922,0.385854,59.989828,-0.004392,0.0000,1.0000,8754.1,0.0088,3,0
46.7290,0.385969,59.989824,-0.004393,0.0000,1.0000,8761.3,0.0094,3,0
46.7658,0.386084,59.989820,-0.004393,0.0000,1.0000,8767.8,0.0100,3,0
46.8029,0.386200,59.989816,-0.004394,0.0000,1.0000,8772.7,0.0106,3,0
46.8399,0.386316,59.989812,-0.004394,0.0000,1.0000,8777.2,0.0112,3,0
46.8771,0.386431,59.989808,-0.004394,0.0000,1.0000,8780.5,0.0118,3,0
46.9141,0.386547,59.989804,-0.004395,0.0000,1.0000,8785.0,0.0123,3,0
46.9509,0.386663,59.989800,-0.004395,0.0000,1.0000,8789.6,0.0127,3,0
46.9881,0.386779,59.989796,-0.004396,0.0000,1.0000,8793.3,0.0131,3,0
47.0241,0.386895,59.989792,-0.004396,0.0000,1.0000,8801.8,0.0133,3,0
47.0607,0.387011,59.989787,-0.004397,0.0000,1.0000,8809.0,0.0134,3,0
47.0969,0.387128,59.989783,-0.004397,0.0000,1.0000,8817.6,0.0134,3,0
47.1324,0.387244,59.989779,-0.004397,0.0000,1.0000,8827.4,0.0132,3,0
47.1682,0.387360,59.989775,-0.004398,0.0000,1.0000,8835.0,0.0129,3,0
47.2040,0.387477,59.989771,-0.004398,0.0000,1.0000,8844.3,0.0125,3,0
47.2406,0.387593,59.989766,-0.004399,0.0000,1.0000,8849.9,0.0122,3,0
47.2762,0.387710,59.989762,-0.004399,0.0000,1.0000,8859.5,0.0116,3,0
47.2977,0.387827,59.989758,-0.004400,0.0000,0.0000,8824.4,0.0109,3,0
47.2856,0.387944,59.989754,-0.004400,0.0000,0.0000,8776.2,0.0102,3,0
47.2765,0.388060,59.989750,-0.004401,0.0000,0.0000,8728.2,0.0094,3,0
47.2670,0.388177,59.989745,-0.004401,0.0000,0.0000,8680.4,0.0085,3,0
47.2676,0.388294,59.989741,-0.004402,0.0000,0.0000,8209.7,0.0077,4,0
47.3305,0.388411,59.989737,-0.004402,0.0000,0.0000,7403.8,0.0068,4,0
47.3683,0.388528,59.989733,-0.004402,0.0000,1.0000,7427.3,0.0060,4,0
47.4059,0.388645,59.989729,-0.004403,0.0000,1.0000,7429.8,0.0053,4,0
47.4421,0.388762,59.989724,-0.004403,0.0000,1.0000,7437.9,0.0045,4,0
47.4805,0.388879,59.989720,-0.004404,0.0000,1.0000,7434.7,0.0040,4,0
47.5170,0.388996,59.989716,-0.004404,0.0000,1.0000,7441.2,0.0034,4,0
47.5549,0.389114,59.989711,-0.004405,0.0000,1.0000,7442.2,0.0031,4,0
47.5919,0.389231,59.989707,-0.004405,0.0000,1.0000,7445.7,0.0028,4,0
47.6274,0.389349,59.989702,-0.004406,0.0000,1.0000,7454.6,0.0026,4,0
47.6633,0.389466,59.989698,-0.004406,0.0000,1.0000,7462.0,0.0024,4,0
47.6993,0.389584,59.989693,-0.004407,0.0000,1.0000,7470.4,0.0024,4,0
47.7371,0.389702,59.989688,-0.004407,0.0000,1.0000,7470.3,0.0024,4,0
47.7728,0.389820,59.989684,-0.004408,0.0000,1.0000,7478.3,0.0025,4,0
47.8098,0.389938,59.989679,-0.004408,0.0000,1.0000,7480.4,0.0025,4,0
47.8461,0.390056,59.989675,-0.004409,0.0000,1.0000,7485.7,0.0025,4,0
47.8828,0.390174,59.989670,-0.004409,0.0000,1.0000,7489.7,0.0025,4,0
47.9182,0.390292,59.989666,-0.004410,0.0000,1.0000,7498.4,0.0026,4,0
47.9543,0.390411,59.989662,-0.004410,0.0000,1.0000,7503.7,0.0026,4,0
47.9909,0.390529,59.989657,-0.004411,0.0000,1.0000,7506.3,0.0026,4,0
48.0274,0.390648,59.989653,-0.004411,0.0000,1.0000,7511.2,0.0025,4,0
48.0638,0.390767,59.989649,-0.004412,0.0000,1.0000,7515.2,0.0025,4,0
48.0989,0.390885,59.989645,-0.004412,0.0000,1.0000,7523.4,0.0023,4,0
48.1354,0.391004,59.989641,-0.004413,0.0000,1.0000,7525.4,0.0021,4,0
48.1710,0.391123,59.989636,-0.004413,0.0000,1.0000,7534.2,0.0018,4,0
48.2071,0.391242,59.989632,-0.004414,0.0000,1.0000,7539.3,0.0016,4,0
48.2428,0.391361,59.989628,-0.004414,0.0000,1.0000,7546.6,0.0013,4,0
48.2787,0.391480,59.989624,-0.004415,0.0000,1.0000,7552.8,0.0009,4,0
48.3142,0.391600,59.989620,-0.004415,0.0000,1.0000,7561.1,0.0006,4,0
48.3502,0.391719,59.989615,-0.004416,0.0000,1.0000,7567.8,0.0002,4,0
48.3867,0.391838,59.989611,-0.004416,0.0000,1.0000,7572.2,-0.0001,4,0
48.4219,0.391958,59.989607,-0.004417,0.0000,1.0000,7581.5,-0.0004,4,0
48.4584,0.392078,59.989603,-0.004417,0.0000,1.0000,7585.2,-0.0007,4,0
48.4932,0.392197,59.989599,-0.004418,0.0000,1.0000,7597.3,-0.0010,4,0
48.5302,0.392317,59.989594,-0.004418,0.0000,1.0000,7599.7,-0.0012,4,0
48.5653,0.392437,59.989590,-0.004419,0.0000,1.0000,7609.4,-0.0014,4,0
48.6026,0.392557,59.989586,-0.004419,0.0000,1.0000,7609.2,-0.0015,4,0
48.6390,0.392677,59.989581,-0.004420,0.0000,1.0000,7615.6,-0.0017,4,0
48.6751,0.392797,59.989577,-0.004421,0.0000,1.0000,7621.6,-0.0018,4,0
48.7125,0.392917,59.989572,-0.004421,0.0000,1.0000,7622.7,-0.0018,4,0
48.7495,0.393038,59.989568,-0.004422,0.0000,1.0000,7625.2,-0.0018,4,0
48.7859,0.393158,59.989563,-0.004422,0.0000,1.0000,7629.6,-0.0018,4,0
48.8210,0.393279,59.989558,-0.004423,0.0000,1.0000,7641.5,-0.0017,4,0
48.8580,0.393399,59.989554,-0.004423,0.0000,1.0000,7643.9,-0.0015,4,0
48.8933,0.393520,59.989549,-0.004424,0.0000,1.0000,7652.6,-0.0015,4,0
48.9302,0.393641,59.989545,-0.004424,0.0000,1.0000,7653.6,-0.0015,4,0
48.9669,0.393762,59.989540,-0.004425,0.0000,1.0000,7656.6,-0.0015,4,0
49.0037,0.393883,59.989536,-0.004425,0.0000,1.0000,7658.7,-0.0015,4,0
49.0389,0.394004,59.989532,-0.004426,0.0000,1.0000,7666.3,-0.0016,4,0
49.0747,0.394125,59.989528,-0.004426,0.0000,1.0000,7670.8,-0.0017,4,0
49.1112,0.394246,59.989524,-0.004427,0.0000,1.0000,7673.1,-0.0018,4,0
49.1465,0.394367,59.989520,-0.004427,0.0000,1.0000,7680.4,-0.0019,4,0
49.1821,0.394489,59.989516,-0.004428,0.0000,1.0000,7686.3,-0.0020,4,0
49.2170,0.394610,59.989512,-0.004428,0.0000,1.0000,7695.6,-0.0021,4,0
49.2536,0.394732,59.989508,-0.004429,0.0000,1.0000,7696.7,-0.0022,4,0
49.2880,0.394854,59.989504,-0.004429,0.0000,1.0000,7708.4,-0.0022,4,0
49.3244,0.394975,59.989500,-0.004430,0.0000,1.0000,7712.0,-0.0022,4,0
49.3589,0.395097,59.989495,-0.004430,0.0000,1.0000,7722.1,-0.0022,4,0
49.3948,0.395219,59.989490,-0.004431,0.0000,1.0000,7726.4,-0.0022,4,0
49.4309,0.395341,59.989486,-0.004431,0.0000,1.0000,7731.0,-0.0022,4,0
49.4668,0.395463,59.989481,-0.004432,0.0000,1.0000,7735.8,-0.0020,4,0
49.5020,0.395585,59.989476,-0.004433,0.0000,1.0000,7743.1,-0.0019,4,0
49.5361,0.395708,59.989471,-0.004433,0.0000,1.0000,7754.4,-0.0017,4,0
49.5721,0.395830,59.989466,-0.004434,0.0000,1.0000,7758.5,-0.0016,4,0
49.6076,0.395953,59.989462,-0.004434,0.0000,1.0000,7764.6,-0.0015,4,0
49.6436,0.396075,59.989457,-0.004435,0.0000,1.0000,7768.1,-0.0013,4,0
49.6777,0.396198,59.989452,-0.004435,0.0000,1.0000,7778.5,-0.0012,4,0
49.7143,0.396321,59.989447,-0.004436,0.0000,1.0000,7779.6,-0.0011,4,0
49.7482,0.396443,59.989443,-0.004436,0.0000,1.0000,7792.1,-0.0009,4,0
49.7851,0.396566,59.989438,-0.004437,0.0000,1.0000,7791.5,-0.0007,4,0
49.8205,0.396689,59.989434,-0.004437,0.0000,1.0000,7794.9,-0.0006,4,0
49.8567,0.396812,59.989429,-0.004438,0.0000,1.0000,7796.3,-0.0004,4,0
49.8902,0.396935,59.989425,-0.004438,0.0000,1.0000,7808.6,-0.0002,4,0
49.9247,0.397059,59.989421,-0.004439,0.0000,1.0000,7815.2,0.0001,4,0
49.9602,0.397182,59.989416,-0.004439,0.0000,1.0000,7816.8,0.0003,4,0
49.9959,0.397305,59.989412,-0.004440,0.0000,1.0000,7817.0,0.0005,4,0
50.0318,0.397429,59.989407,-0.004440,0.0000,1.0000,7818.6,0.0007,4,0
50.0661,0.397553,59.989403,-0.004441,0.0000,1.0000,7827.5,0.0009,4,0
50.1041,0.397676,59.989399,-0.004441,0.0000,1.0000,7818.5,0.0011,4,0
50.1401,0.397800,59.989394,-0.004442,0.0000,1.0000,7817.6,0.0011,4,0
50.1777,0.397924,59.989390,-0.004443,0.0000,1.0000,7811.7,0.0011,4,0
50.2112,0.398048,59.989386,-0.004443,0.0000,1.0000,7823.2,0.0011,4,0
50.2467,0.398172,59.989382,-0.004444,0.0000,1.0000,7823.8,0.0011,4,0
50.2792,0.398296,59.989378,-0.004444,0.0000,1.0000,7837.4,0.0010,4,0
50.3161,0.398420,59.989373,-0.004445,0.0000,1.0000,7833.8,0.0009,4,0
50.3489,0.398544,59.989369,-0.004445,0.0000,1.0000,7848.6,0.0007,4,0
50.3848,0.398669,59.989365,-0.004446,0.0000,1.0000,7847.9,0.0006,4,0
50.4173,0.398793,59.989360,-0.004446,0.0000,1.0000,7860.8,0.0004,4,0
50.4528,0.398918,59.989356,-0.004447,0.0000,1.0000,7861.2,0.0002,4,0
50.4867,0.399043,59.989351,-0.004447,0.0000,1.0000,7870.1,0.0000,4,0
50.5213,0.399167,59.989347,-0.004448,0.0000,1.0000,7873.5,-0.0001,4,0
50.5547,0.399292,59.989342,-0.004448,0.0000,1.0000,7880.7,-0.0002,4,0
50.5888,0.399417,59.989338,-0.004449,0.0000,1.0000,7885.6,-0.0003,4,0
50.6238,0.399542,59.989334,-0.004449,0.0000,1.0000,7888.3,-0.0005,4,0
50.6563,0.399667,59.989329,-0.004450,0.0000,1.0000,7898.8,-0.0005,4,0
50.6904,0.399792,59.989325,-0.004451,0.0000,1.0000,7900.8,-0.0005,4,0
50.7229,0.399917,59.989320,-0.004451,0.0000,1.0000,7909.6,-0.0005,4,0
50.7584,0.400043,59.989315,-0.004452,0.0000,1.0000,7907.5,-0.0006,4,0
50.7900,0.400168,59.989311,-0.004452,0.0000,1.0000,7919.6,-0.0007,4,0
50.8249,0.400293,59.989306,-0.004453,0.0000,1.0000,7917.9,-0.0008,4,0
50.8562,0.400419,59.989301,-0.004453,0.0000,1.0000,7929.4,-0.0009,4,0
50.8914,0.400545,59.989296,-0.004454,0.0000,1.0000,7926.8,-0.0013,4,0
50.9228,0.400670,59.989292,-0.004454,0.0000,1.0000,7939.3,-0.0017,4,0
50.9574,0.400796,59.989287,-0.004455,0.0000,1.0000,7938.3,-0.0023,4,0
50.9886,0.400922,59.989282,-0.004455,0.0000,1.0000,7949.1,-0.0031,4,0
51.0232,0.401048,59.989278,-0.004456,0.0000,1.0000,7948.7,-0.0042,4,0
51.0558,0.401174,59.989273,-0.004457,0.0000,1.0000,7957.7,-0.0054,4,0
51.0889,0.401300,59.989268,-0.004457,0.0000,1.0000,7962.1,-0.0069,4,0
51.1216,0.401426,59.989264,-0.004458,0.0000,1.0000,7968.6,-0.0086,4,0
51.1554,0.401553,59.989259,-0.004458,0.0000,1.0000,7971.2,-0.0106,4,0
51.1888,0.401679,59.989255,-0.004459,0.0000,1.0000,7975.6,-0.0126,4,0
51.2208,0.401805,59.989250,-0.004459,0.0000,1.0000,7984.2,-0.0148,4,0
51.2535,0.401932,59.989245,-0.004460,0.0000,1.0000,7987.9,-0.0170,4,0
51.2845,0.402059,59.989241,-0.004460,0.0000,1.0000,7998.6,-0.0191,4,0
51.3180,0.402185,59.989236,-0.004461,0.0000,1.0000,7998.9,-0.0212,4,0
51.3488,0.402312,59.989232,-0.004461,0.0000,1.0000,8008.8,-0.0230,4,0
51.3807,0.402439,59.989227,-0.004462,0.0000,1.0000,8012.7,-0.0246,4,0
51.4096,0.402566,59.989222,-0.004463,0.0000,1.0000,8028.6,-0.0259,4,0
51.4431,0.402693,59.989218,-0.004463,0.0000,1.0000,8026.2,-0.0269,4,0
51.4750,0.402820,59.989213,-0.004464,0.0000,1.0000,8028.9,-0.0274,4,0
51.5075,0.402947,59.989208,-0.004464,0.0000,1.0000,8028.4,-0.0276,4,0
51.5365,0.403074,59.989204,-0.004465,0.0000,1.0000,8042.3,-0.0274,4,0
51.5702,0.403201,59.989199,-0.004465,0.0000,1.0000,8038.2,-0.0270,4,0
51.6018,0.403329,59.989194,-0.004466,0.0000,1.0000,8042.6,-0.0261,4,0
51.6331,0.403456,59.989189,-0.004466,0.0000,1.0000,8046.3,-0.0250,4,0
51.6627,0.403584,59.989185,-0.004467,0.0000,1.0000,8057.4,-0.0236,4,0
51.6955,0.403711,59.989180,-0.004467,0.0000,1.0000,8057.5,-0.0222,4,0
51.7267,0.403839,59.989175,-0.004468,0.0000,1.0000,8062.2,-0.0206,4,0
51.7576,0.403967,59.989170,-0.004468,0.0000,1.0000,8067.0,-0.0189,4,0
51.7873,0.404095,59.989166,-0.004469,0.0000,1.0000,8076.3,-0.0172,4,0
51.8171,0.404223,59.989161,-0.004469,0.0000,1.0000,8086.0,-0.0158,4,0
51.8494,0.404351,59.989156,-0.004469,0.0000,1.0000,8085.7,-0.0143,4,0
51.8803,0.404479,59.989151,-0.004470,0.0000,1.0000,8090.2,-0.0130,4,0
51.9105,0.404607,59.989146,-0.004470,0.0000,1.0000,8096.0,-0.0118,4,0
51.9405,0.404735,59.989142,-0.004471,0.0000,1.0000,8106.3,-0.0109,4,0
51.9737,0.404863,59.989137,-0.004471,0.0000,1.0000,8101.9,-0.0101,4,0
52.0041,0.404992,59.989132,-0.004472,0.0000,1.0000,8108.3,-0.0095,4,0
52.0354,0.405120,59.989127,-0.004472,0.0000,1.0000,8111.2,-0.0090,4,0
52.0648,0.405249,59.989123,-0.004473,0.0000,1.0000,8123.1,-0.0087,4,0
52.0981,0.405377,59.989118,-0.004473,0.0000,1.0000,8118.0,-0.0086,4,0
52.1280,0.405506,59.989114,-0.004473,0.0000,1.0000,8126.2,-0.0085,4,0
52.1588,0.405635,59.989109,-0.004474,0.0000,1.0000,8130.0,-0.0086,4,0
52.1871,0.405764,59.989104,-0.004474,0.0000,1.0000,8145.1,-0.0089,4,0
52.2193,0.405893,59.989100,-0.004475,0.0000,1.0000,8145.0,-0.0091,4,0
52.2489,0.406022,59.989095,-0.004475,0.0000,1.0000,8152.5,-0.0095,4,0
52.2782,0.406151,59.989091,-0.004475,0.0000,1.0000,8160.6,-0.0098,4,0
52.3062,0.406280,59.989086,-0.004476,0.0000,1.0000,8174.6,-0.0102,4,0
52.3369,0.406409,59.989081,-0.004476,0.0000,1.0000,8177.8,-0.0106,4,0
52.3657,0.406538,59.989077,-0.004476,0.0000,1.0000,8186.1,-0.0109,4,0
52.3962,0.406668,59.989072,-0.004477,0.0000,1.0000,8186.9,-0.0112,4,0
52.4249,0.406797,59.989068,-0.004477,0.0000,1.0000,8197.4,-0.0115,4,0
52.4559,0.406926,59.989063,-0.004477,0.0000,1.0000,8199.2,-0.0117,4,0
52.4841,0.407056,59.989058,-0.004478,0.0000,1.0000,8209.9,-0.0119,4,0
52.5142,0.407186,59.989054,-0.004478,0.0000,1.0000,8212.7,-0.0121,4,0
52.5446,0.407315,59.989049,-0.004479,0.0000,1.0000,8216.6,-0.0123,4,0
52.5743,0.407445,59.989045,-0.004479,0.0000,1.0000,8222.5,-0.0125,4,0
52.6048,0.407575,59.989040,-0.004479,0.0000,1.0000,8224.8,-0.0127,4,0
52.6355,0.407705,59.989035,-0.004480,0.0000,1.0000,8224.3,-0.0128,4,0
52.6654,0.407835,59.989030,-0.004480,0.0000,1.0000,8230.3,-0.0131,4,0
52.6950,0.407965,59.989025,-0.004480,0.0000,1.0000,8236.6,-0.0132,4,0
52.7256,0.408095,59.989020,-0.004481,0.0000,1.0000,8238.1,-0.0134,4,0
52.7559,0.408225,59.989015,-0.004481,0.0000,1.0000,8238.7,-0.0136,4,0
52.7861,0.408356,59.989010,-0.004481,0.0000,1.0000,8242.2,-0.0138,4,0
52.8155,0.408486,59.989005,-0.004482,0.0000,1.0000,8248.6,-0.0141,4,0
52.8456,0.408617,59.989000,-0.004482,0.0000,1.0000,8250.5,-0.0143,4,0
52.8743,0.408747,59.988995,-0.004482,0.0000,1.0000,8257.0,-0.0146,4,0
52.9034,0.408878,59.988990,-0.004482,0.0000,1.0000,8263.7,-0.0149,4,0
52.9316,0.409008,59.988985,-0.004483,0.0000,1.0000,8272.9,-0.0151,4,0
52.9625,0.409139,59.988981,-0.004483,0.0000,1.0000,8269.2,-0.0154,4,0
52.9912,0.409270,59.988976,-0.004483,0.0000,1.0000,8275.5,-0.0156,4,0
53.0195,0.409401,59.988972,-0.004484,0.0000,1.0000,8284.4,-0.0158,4,0
53.0477,0.409532,59.988968,-0.004484,0.0000,1.0000,8295.4,-0.0160,4,0
53.0776,0.409663,59.988963,-0.004484,0.0000,1.0000,8297.6,-0.0161,4,0
53.1074,0.409794,59.988959,-0.004484,0.0000,1.0000,8299.3,-0.0162,4,0
53.1371,0.409925,59.988954,-0.004485,0.0000,1.0000,8304.7,-0.0162,4,0
53.1654,0.410056,59.988950,-0.004485,0.0000,1.0000,8314.5,-0.0162,4,0
53.1963,0.410188,59.988945,-0.004485,0.0000,1.0000,8311.4,-0.0162,4,0
53.2250,0.410319,59.988940,-0.004486,0.0000,1.0000,8315.3,-0.0162,4,0
53.2543,0.410450,59.988935,-0.004486,0.0000,1.0000,8317.8,-0.0161,4,0
53.2816,0.410582,59.988930,-0.004486,0.0000,1.0000,8328.2,-0.0159,4,0
53.3115,0.410714,59.988925,-0.004486,0.0000,1.0000,8325.6,-0.0156,4,0
53.3400,0.410845,59.988920,-0.004487,0.0000,1.0000,8330.7,-0.0153,4,0
53.3694,0.410977,59.988915,-0.004487,0.0000,1.0000,8333.9,-0.0150,4,0
53.3976,0.411109,59.988910,-0.004487,0.0000,1.0000,8342.2,-0.0146,4,0
53.4278,0.411241,59.988905,-0.004487,0.0000,1.0000,8339.8,-0.0142,4,0
53.4582,0.411373,59.988900,-0.004488,0.0000,1.0000,8336.4,-0.0138,4,0
53.4890,0.411505,59.988895,-0.004488,0.0000,1.0000,8333.1,-0.0135,4,0
53.5161,0.411637,59.988890,-0.004488,0.0000,1.0000,8345.2,-0.0131,4,0
53.5469,0.411769,59.988886,-0.004488,0.0000,1.0000,8340.0,-0.0128,4,0
53.5754,0.411901,59.988881,-0.004488,0.0000,1.0000,8344.0,-0.0126,4,0
53.6048,0.412034,59.988877,-0.004489,0.0000,1.0000,8347.4,-0.0124,4,0
53.6331,0.412166,59.988872,-0.004489,0.0000,1.0000,8354.7,-0.0122,4,0
53.6628,0.412299,59.988868,-0.004489,0.0000,1.0000,8354.2,-0.0122,4,0
53.6904,0.412431,59.988864,-0.004489,0.0000,1.0000,8362.2,-0.0121,4,0
53.7197,0.412564,59.988859,-0.004489,0.0000,1.0000,8366.0,-0.0121,4,0
53.7473,0.412696,59.988855,-0.004490,0.0000,1.0000,8375.5,-0.0122,4,0
53.7776,0.412829,59.988850,-0.004490,0.0000,1.0000,8370.9,-0.0123,4,0
53.8045,0.412962,59.988845,-0.004490,0.0000,1.0000,8381.9,-0.0123,4,0
53.8336,0.413095,59.988840,-0.004490,0.0000,1.0000,8384.2,-0.0124,4,0
53.8602,0.413228,59.988835,-0.004490,0.0000,1.0000,8395.8,-0.0124,4,0
53.8901,0.413361,59.988830,-0.004490,0.0000,1.0000,8392.5,-0.0124,4,0
53.9171,0.413494,59.988825,-0.004491,0.0000,1.0000,8403.1,-0.0124,4,0
53.9474,0.413627,59.988820,-0.004491,0.0000,1.0000,8401.8,-0.0124,4,0
53.9740,0.413760,59.988815,-0.004491,0.0000,1.0000,8415.5,-0.0123,4,0
54.0050,0.413894,59.988810,-0.004491,0.0000,1.0000,8409.4,-0.0122,4,0
54.0332,0.414027,59.988805,-0.004491,0.0000,1.0000,8417.0,-0.0122,4,0
54.0630,0.414161,59.988800,-0.004491,0.0000,1.0000,8418.0,-0.0124,4,0
54.0898,0.414294,59.988795,-0.004491,0.0000,1.0000,8431.6,-0.0126,4,0
54.1183,0.414428,59.988790,-0.004492,0.0000,1.0000,8435.9,-0.0128,4,0
54.1450,0.414561,59.988785,-0.004492,0.0000,1.0000,8445.6,-0.0131,4,0
54.1731,0.414695,59.988780,-0.004492,0.0000,1.0000,8450.9,-0.0134,4,0
54.1995,0.414829,59.988775,-0.004492,0.0000,1.0000,8460.5,-0.0137,4,0
54.2258,0.414963,59.988770,-0.004492,0.0000,1.0000,8470.5,-0.0139,4,0
54.2520,0.415097,59.988765,-0.004492,0.0000,1.0000,8481.0,-0.0140,4,0
54.2807,0.415231,59.988760,-0.004492,0.0000,1.0000,8482.2,-0.0141,4,0
54.3081,0.415365,59.988755,-0.004492,0.0000,1.0000,8488.3,-0.0140,4,0
54.3353,0.415499,59.988750,-0.004492,0.0000,1.0000,8494.3,-0.0139,4,0
54.3618,0.415633,59.988746,-0.004493,0.0000,1.0000,8504.9,-0.0137,4,0
54.3915,0.415767,59.988741,-0.004493,0.0000,1.0000,8502.5,-0.0135,4,0
54.4192,0.415902,59.988737,-0.004493,0.0000,1.0000,8505.8,-0.0133,4,0
54.4475,0.416036,59.988732,-0.004493,0.0000,1.0000,8507.5,-0.0131,4,0
54.4756,0.416171,59.988728,-0.004493,0.0000,1.0000,8511.3,-0.0129,4,0
54.5049,0.416305,59.988723,-0.004493,0.0000,1.0000,8511.5,-0.0127,4,0
54.5329,0.416440,59.988719,-0.004493,0.0000,1.0000,8515.1,-0.0126,4,0
54.5621,0.416574,59.988714,-0.004493,0.0000,1.0000,8513.9,-0.0126,4,0
54.5908,0.416709,59.988710,-0.004493,0.0000,1.0000,8516.1,-0.0127,4,0
54.6201,0.416844,59.988705,-0.004493,0.0000,1.0000,8517.2,-0.0128,4,0
54.6474,0.416979,59.988700,-0.004493,0.0000,1.0000,8525.5,-0.0130,4,0
54.6757,0.417114,59.988695,-0.004493,0.0000,1.0000,8527.7,-0.0132,4,0
54.7045,0.417249,59.988690,-0.004493,0.0000,1.0000,8530.1,-0.0135,4,0
54.7326,0.417384,59.988685,-0.004493,0.0000,1.0000,8535.2,-0.0137,4,0
54.7588,0.417519,59.988680,-0.004493,0.0000,1.0000,8546.3,-0.0139,4,0
54.7858,0.417654,59.988675,-0.004493,0.0000,1.0000,8553.6,-0.0141,4,0
54.8136,0.417790,59.988670,-0.004494,0.0000,1.0000,8558.8,-0.0142,4,0
54.8424,0.417925,59.988665,-0.004494,0.0000,1.0000,8559.1,-0.0142,4,0
54.8700,0.418061,59.988660,-0.004494,0.0000,1.0000,8563.2,-0.0142,4,0
54.8978,0.418196,59.988655,-0.004494,0.0000,1.0000,8565.8,-0.0142,4,0
54.9256,0.418332,59.988650,-0.004494,0.0000,1.0000,8570.2,-0.0142,4,0
54.9540,0.418467,59.988645,-0.004494,0.0000,1.0000,8570.8,-0.0142,4,0
54.9813,0.418603,59.988640,-0.004494,0.0000,1.0000,8574.8,-0.0141,4,0
55.0086,0.418739,59.988635,-0.004494,0.0000,1.0000,8578.6,-0.0141,4,0
55.0360,0.418875,59.988630,-0.004494,0.0000,1.0000,8583.7,-0.0141,4,0
55.0639,0.419011,59.988625,-0.004494,0.0000,1.0000,8585.7,-0.0140,4,0
55.0907,0.419147,59.988620,-0.004494,0.0000,1.0000,8591.2,-0.0140,4,0
55.1169,0.419283,59.988615,-0.004494,0.0000,1.0000,8600.2,-0.0140,4,0
55.1455,0.419419,59.988610,-0.004494,0.0000,1.0000,8600.4,-0.0140,4,0
55.1721,0.419555,59.988605,-0.004494,0.0000,1.0000,8607.1,-0.0140,4,0
55.1986,0.419691,59.988600,-0.004494,0.0000,1.0000,8613.3,-0.0141,4,0
55.2258,0.419828,59.988595,-0.004494,0.0000,1.0000,8618.2,-0.0141,4,0
55.2542,0.419964,59.988590,-0.004494,0.0000,1.0000,8618.3,-0.0142,4,0
55.2806,0.420101,59.988585,-0.004493,0.0000,1.0000,8625.4,-0.0142,4,0
55.3084,0.420237,59.988580,-0.004493,0.0000,1.0000,8628.2,-0.0142,4,0
55.3355,0.420374,59.988576,-0.004493,0.0000,1.0000,8634.5,-0.0142,4,0
55.3639,0.420510,59.988571,-0.004493,0.0000,1.0000,8635.6,-0.0142,4,0
55.3915,0.420647,59.988566,-0.004493,0.0000,1.0000,8638.5,-0.0142,4,0
55.4204,0.420784,59.988561,-0.004493,0.0000,1.0000,8635.9,-0.0142,4,0
55.4488,0.420921,59.988556,-0.004493,0.0000,1.0000,8637.0,-0.0143,4,0
55.4769,0.421058,59.988551,-0.004493,0.0000,1.0000,8640.1,-0.0144,4,0
55.5030,0.421195,59.988546,-0.004493,0.0000,1.0000,8649.2,-0.0144,4,0
55.5318,0.421332,59.988541,-0.004493,0.0000,1.0000,8647.1,-0.0144,4,0
55.5593,0.421469,59.988536,-0.004493,0.0000,1.0000,8652.6,-0.0145,4,0
55.5871,0.421606,59.988531,-0.004493,0.0000,1.0000,8655.9,-0.0146,4,0
55.6131,0.421744,59.988526,-0.004493,0.0000,1.0000,8665.0,-0.0147,4,0
55.6417,0.421881,59.988521,-0.004493,0.0000,1.0000,8663.8,-0.0148,4,0
55.6684,0.422018,59.988516,-0.004493,0.0000,1.0000,8672.5,-0.0149,4,0
55.6957,0.422156,59.988511,-0.004493,0.0000,1.0000,8676.8,-0.0149,4,0
55.7211,0.422293,59.988506,-0.004493,0.0000,1.0000,8688.6,-0.0150,4,0
55.7478,0.422431,59.988501,-0.004492,0.0000,1.0000,8694.6,-0.0150,4,0
55.7754,0.422569,59.988495,-0.004492,0.0000,1.0000,8699.9,-0.0150,4,0
55.8027,0.422706,59.988490,-0.004492,0.0000,1.0000,8705.1,-0.0150,4,0
55.8296,0.422844,59.988485,-0.004492,0.0000,1.0000,8709.7,-0.0150,4,0
55.8581,0.422982,59.988479,-0.004492,0.0000,1.0000,8711.4,-0.0150,4,0
55.8859,0.423120,59.988474,-0.004492,0.0000,1.0000,8714.9,-0.0150,4,0
55.9140,0.423258,59.988469,-0.004492,0.0000,1.0000,8715.4,-0.0151,4,0
55.9413,0.423396,59.988464,-0.004492,0.0000,1.0000,8718.2,-0.0152,4,0
55.9688,0.423534,59.988458,-0.004492,0.0000,1.0000,8721.1,-0.0154,4,0
55.9962,0.423673,59.988453,-0.004491,0.0000,1.0000,8723.5,-0.0155,4,0
56.0235,0.423811,59.988448,-0.004491,0.0000,1.0000,8723.9,-0.0157,4,0
56.0498,0.423949,59.988443,-0.004491,0.0000,1.0000,8729.4,-0.0158,4,0
56.0769,0.424088,59.988438,-0.004491,0.0000,1.0000,8733.4,-0.0159,4,0
56.1036,0.424226,59.988433,-0.004491,0.0000,1.0000,8739.1,-0.0159,4,0
56.1302,0.424365,59.988428,-0.004491,0.0000,1.0000,8743.6,-0.0158,4,0
56.1575,0.424503,59.988423,-0.004490,0.0000,1.0000,8746.9,-0.0156,4,0
56.1843,0.424642,59.988418,-0.004490,0.0000,1.0000,8753.9,-0.0155,4,0
56.2120,0.424781,59.988413,-0.004490,0.0000,1.0000,8755.4,-0.0153,4,0
56.2380,0.424920,59.988408,-0.004490,0.0000,1.0000,8762.5,-0.0151,4,0
56.2656,0.425059,59.988403,-0.004490,0.0000,1.0000,8765.3,-0.0149,4,0
56.2925,0.425198,59.988398,-0.004490,0.0000,1.0000,8772.3,-0.0146,4,0
56.3205,0.425337,59.988393,-0.004489,0.0000,1.0000,8773.6,-0.0144,4,0
56.3467,0.425476,59.988388,-0.004489,0.0000,1.0000,8780.9,-0.0141,4,0
56.3745,0.425615,59.988383,-0.004489,0.0000,1.0000,8782.1,-0.0139,4,0
56.4010,0.425754,59.988378,-0.004489,0.0000,1.0000,8789.8,-0.0137,4,0
56.4282,0.425893,59.988374,-0.004489,0.0000,1.0000,8792.4,-0.0136,4,0
56.4548,0.426033,59.988369,-0.004488,0.0000,1.0000,8796.8,-0.0135,4,0
56.4825,0.426172,59.988364,-0.004488,0.0000,1.0000,8797.7,-0.0134,4,0
56.5092,0.426312,59.988359,-0.004488,0.0000,1.0000,8802.4,-0.0134,4,0
56.5359,0.426451,59.988354,-0.004488,0.0000,1.0000,8806.2,-0.0133,4,0
56.5622,0.426591,59.988349,-0.004488,0.0000,1.0000,8812.3,-0.0133,4,0
56.5903,0.426731,59.988344,-0.004487,0.0000,1.0000,8812.9,-0.0133,4,0
56.6186,0.426870,59.988339,-0.004487,0.0000,1.0000,8811.5,-0.0133,4,0
56.6454,0.427010,59.988334,-0.004487,0.0000,1.0000,8815.2,-0.0133,4,0
56.6729,0.427150,59.988329,-0.004487,0.0000,1.0000,8817.3,-0.0133,4,0
56.7005,0.427290,59.988324,-0.004486,0.0000,1.0000,8820.9,-0.0133,4,0
56.7280,0.427430,59.988319,-0.004486,0.0000,1.0000,8821.8,-0.0133,4,0
56.7538,0.427570,59.988314,-0.004486,0.0000,1.0000,8830.3,-0.0133,4,0
56.7816,0.427710,59.988309,-0.004486,0.0000,1.0000,8832.3,-0.0133,4,0
56.8084,0.427851,59.988304,-0.004486,0.0000,1.0000,8838.4,-0.0133,4,0
56.8353,0.427991,59.988299,-0.004485,0.0000,1.0000,8841.5,-0.0133,4,0
56.8616,0.428131,59.988293,-0.004485,0.0000,1.0000,8847.7,-0.0133,4,0
56.8898,0.428272,59.988288,-0.004485,0.0000,1.0000,8847.2,-0.0133,4,0
56.9157,0.428412,59.988282,-0.004484,0.0000,1.0000,8855.3,-0.0132,4,0
56.9429,0.428553,59.988277,-0.004484,0.0000,1.0000,8856.2,-0.0131,4,0
56.9688,0.428693,59.988272,-0.004484,0.0000,1.0000,8863.5,-0.0129,4,0
56.9966,0.428834,59.988266,-0.004484,0.0000,1.0000,8863.5,-0.0128,4,0
57.0228,0.428975,59.988261,-0.004483,0.0000,1.0000,8868.8,-0.0127,4,0
57.0264,0.429116,59.988255,-0.004483,0.0000,1.0000,8820.4,-0.0127,4,0
57.0124,0.429256,59.988250,-0.004483,0.0000,0.0000,8772.2,-0.0128,4,0
57.0003,0.429397,59.988245,-0.004482,0.0000,0.0000,8724.2,-0.0130,4,0
56.9874,0.429538,59.988240,-0.004482,0.0000,0.0000,8676.4,-0.0132,4,0
56.9991,0.429679,59.988235,-0.004482,0.0000,0.0000,7994.5,-0.0134,5,0
57.0295,0.429819,59.988230,-0.004482,0.0000,1.0000,7683.7,-0.0137,5,0
57.0622,0.429960,59.988225,-0.004481,0.0000,1.0000,7678.5,-0.0139,5,0
57.0925,0.430101,59.988220,-0.004481,0.0000,1.0000,7668.3,-0.0141,5,0
57.1213,0.430242,59.988215,-0.004481,0.0000,1.0000,7665.8,-0.0143,5,0
57.1504,0.430383,59.988210,-0.004480,0.0000,1.0000,7663.7,-0.0144,5,0
57.1789,0.430524,59.988205,-0.004480,0.0000,1.0000,7662.9,-0.0144,5,0
57.2073,0.430666,59.988200,-0.004480,0.0000,1.0000,7660.9,-0.0142,5,0
57.2334,0.430807,59.988195,-0.004479,0.0000,1.0000,7670.1,-0.0141,5,0
57.2625,0.430948,59.988190,-0.004479,0.0000,1.0000,7665.9,-0.0139,5,0
57.2883,0.431090,59.988184,-0.004479,0.0000,1.0000,7673.9,-0.0136,5,0
57.3150,0.431231,59.988179,-0.004478,0.0000,1.0000,7676.8,-0.0132,5,0
57.3413,0.431373,59.988174,-0.004478,0.0000,1.0000,7683.3,-0.0127,5,0
57.3687,0.431514,59.988169,-0.004477,0.0000,1.0000,7683.2,-0.0121,5,0
57.3940,0.431656,59.988164,-0.004477,0.0000,1.0000,7688.7,-0.0114,5,0
57.4207,0.431798,59.988158,-0.004477,0.0000,1.0000,7691.5,-0.0107,5,0
57.4473,0.431940,59.988153,-0.004476,0.0000,1.0000,7695.4,-0.0101,5,0
57.4751,0.432081,59.988148,-0.004476,0.0000,1.0000,7693.0,-0.0094,5,0
57.5019,0.432223,59.988143,-0.004476,0.0000,1.0000,7693.6,-0.0088,5,0
57.5275,0.432365,59.988138,-0.004475,0.0000,1.0000,7702.7,-0.0084,5,0
57.5567,0.432507,59.988134,-0.004475,0.0000,1.0000,7699.4,-0.0082,5,0
57.5823,0.432650,59.988129,-0.004474,0.0000,1.0000,7706.5,-0.0081,5,0
57.6097,0.432792,59.988124,-0.004474,0.0000,1.0000,7708.1,-0.0081,5,0
57.6358,0.432934,59.988119,-0.004474,0.0000,1.0000,7717.7,-0.0084,5,0
57.6649,0.433076,59.988114,-0.004473,0.0000,1.0000,7714.3,-0.0089,5,0
57.6902,0.433219,59.988110,-0.004473,0.0000,1.0000,7724.2,-0.0093,5,0
57.7177,0.433361,59.988105,-0.004472,0.0000,1.0000,7727.2,-0.0099,5,0
57.7441,0.433504,59.988100,-0.004472,0.0000,1.0000,7735.3,-0.0106,5,0
57.7728,0.433647,59.988095,-0.004471,0.0000,1.0000,7732.8,-0.0111,5,0
57.7985,0.433789,59.988089,-0.004471,0.0000,1.0000,7739.8,-0.0116,5,0
57.8252,0.433932,59.988084,-0.004471,0.0000,1.0000,7744.9,-0.0120,5,0
57.8529,0.434075,59.988078,-0.004470,0.0000,1.0000,7747.3,-0.0123,5,0
57.8797,0.434218,59.988073,-0.004470,0.0000,1.0000,7751.6,-0.0124,5,0
57.9059,0.434361,59.988067,-0.004469,0.0000,1.0000,7756.2,-0.0125,5,0
57.9328,0.434504,59.988062,-0.004469,0.0000,1.0000,7760.9,-0.0123,5,0
57.9607,0.434647,59.988056,-0.004468,0.0000,1.0000,7760.7,-0.0121,5,0
57.9863,0.434790,59.988050,-0.004468,0.0000,1.0000,7767.3,-0.0117,5,0
58.0132,0.434933,59.988045,-0.004467,0.0000,1.0000,7768.7,-0.0112,5,0
58.0389,0.435076,59.988040,-0.004467,0.0000,1.0000,7775.6,-0.0107,5,0
58.0667,0.435220,59.988035,-0.004466,0.0000,1.0000,7774.3,-0.0102,5,0
58.0925,0.435363,59.988030,-0.004466,0.0000,1.0000,7779.4,-0.0095,5,0
58.1196,0.435507,59.988025,-0.004465,0.0000,1.0000,7781.4,-0.0089,5,0
58.1462,0.435650,59.988020,-0.004465,0.0000,1.0000,7787.2,-0.0082,5,0
58.1746,0.435794,59.988015,-0.004464,0.0000,1.0000,7783.5,-0.0077,5,0
58.2012,0.435937,59.988010,-0.004464,0.0000,1.0000,7787.6,-0.0071,5,0
58.2274,0.436081,59.988005,-0.004464,0.0000,1.0000,7794.3,-0.0067,5,0
58.2550,0.436225,59.988000,-0.004463,0.0000,1.0000,7795.4,-0.0063,5,0
58.2820,0.436369,59.987995,-0.004463,0.0000,1.0000,7798.6,-0.0059,5,0
58.3091,0.436513,59.987989,-0.004462,0.0000,1.0000,7801.9,-0.0055,5,0
58.3350,0.436657,59.987984,-0.004461,0.0000,1.0000,7811.7,-0.0052,5,0
58.3635,0.436801,59.987978,-0.004461,0.0000,1.0000,7807.5,-0.0050,5,0
58.3890,0.436945,59.987973,-0.004460,0.0000,1.0000,7815.8,-0.0048,5,0
58.4164,0.437089,59.987967,-0.004460,0.0000,1.0000,7817.8,-0.0047,5,0
58.4415,0.437233,59.987962,-0.004459,0.0000,1.0000,7827.8,-0.0046,5,0
58.4688,0.437378,59.987957,-0.004459,0.0000,1.0000,7828.3,-0.0046,5,0
58.4950,0.437522,59.987951,-0.004458,0.0000,1.0000,7833.2,-0.0046,5,0
58.5221,0.437667,59.987946,-0.004458,0.0000,1.0000,7835.4,-0.0048,5,0
58.5491,0.437811,59.987940,-0.004457,0.0000,1.0000,7838.0,-0.0050,5,0
58.5756,0.437956,59.987935,-0.004457,0.0000,1.0000,7839.2,-0.0052,5,0
58.6023,0.438100,59.987930,-0.004456,0.0000,1.0000,7844.2,-0.0056,5,0
58.6289,0.438245,59.987925,-0.004456,0.0000,1.0000,7848.4,-0.0059,5,0
58.6566,0.438390,59.987920,-0.004455,0.0000,1.0000,7845.8,-0.0063,5,0
58.6822,0.438535,59.987915,-0.004455,0.0000,1.0000,7852.7,-0.0067,5,0
58.7099,0.438680,59.987910,-0.004454,0.0000,1.0000,7852.7,-0.0071,5,0
58.7351,0.438825,59.987905,-0.004454,0.0000,1.0000,7862.2,-0.0075,5,0
58.7634,0.438970,59.987900,-0.004453,0.0000,1.0000,7858.4,-0.0079,5,0
58.7896,0.439115,59.987895,-0.004452,0.0000,1.0000,7864.1,-0.0083,5,0
58.8165,0.439260,59.987890,-0.004452,0.0000,1.0000,7870.0,-0.0088,5,0
58.8427,0.439405,59.987884,-0.004451,0.0000,1.0000,7875.3,-0.0092,5,0
58.8709,0.439551,59.987879,-0.004451,0.0000,1.0000,7874.0,-0.0097,5,0
58.8979,0.439696,59.987873,-0.004450,0.0000,1.0000,7878.7,-0.0102,5,0
58.9238,0.439842,59.987868,-0.004450,0.0000,1.0000,7887.4,-0.0107,5,0
58.9525,0.439987,59.987862,-0.004449,0.0000,1.0000,7884.1,-0.0113,5,0
58.9767,0.440133,59.987857,-0.004448,0.0000,1.0000,7896.6,-0.0118,5,0
59.0044,0.440278,59.987851,-0.004448,0.0000,1.0000,7897.8,-0.0123,5,0
59.0297,0.440424,59.987846,-0.004447,0.0000,1.0000,7906.3,-0.0128,5,0
59.0565,0.440570,59.987840,-0.004447,0.0000,1.0000,7906.3,-0.0131,5,0
59.0816,0.440716,59.987835,-0.004446,0.0000,1.0000,7913.7,-0.0134,5,0
59.1086,0.440862,59.987829,-0.004446,0.0000,1.0000,7914.9,-0.0135,5,0
59.1338,0.441008,59.987824,-0.004445,0.0000,1.0000,7919.5,-0.0132,5,0
59.1613,0.441154,59.987818,-0.004444,0.0000,1.0000,7916.5,-0.0128,5,0
59.1873,0.441300,59.987813,-0.004444,0.0000,1.0000,7920.8,-0.0123,5,0
59.2137,0.441446,59.987808,-0.004443,0.0000,1.0000,7923.1,-0.0116,5,0
59.2407,0.441592,59.987802,-0.004443,0.0000,1.0000,7920.6,-0.0107,5,0
59.2664,0.441739,59.987797,-0.004442,0.0000,1.0000,7924.9,-0.0097,5,0
59.2930,0.441885,59.987791,-0.004441,0.0000,1.0000,7926.7,-0.0087,5,0
59.3170,0.442031,59.987786,-0.004441,0.0000,1.0000,7936.9,-0.0075,5,0
59.3441,0.442178,59.987780,-0.004440,0.0000,1.0000,7934.7,-0.0064,5,0
59.3694,0.442324,59.987775,-0.004440,0.0000,1.0000,7941.3,-0.0055,5,0
59.3956,0.442471,59.987770,-0.004439,0.0000,1.0000,7945.3,-0.0045,5,0
59.4211,0.442618,59.987765,-0.004438,0.0000,1.0000,7949.0,-0.0036,5,0
59.4474,0.442764,59.987760,-0.004438,0.0000,1.0000,7952.9,-0.0029,5,0
59.4742,0.442911,59.987755,-0.004437,0.0000,1.0000,7955.9,-0.0023,5,0
59.4993,0.443058,59.987750,-0.004436,0.0000,1.0000,7963.6,-0.0017,5,0
59.5265,0.443205,59.987745,-0.004436,0.0000,1.0000,7961.5,-0.0012,5,0
59.5514,0.443352,59.987740,-0.004435,0.0000,1.0000,7971.8,-0.0008,5,0
59.5782,0.443499,59.987735,-0.004435,0.0000,1.0000,7973.6,-0.0004,5,0
59.6028,0.443646,59.987730,-0.004434,0.0000,1.0000,7980.6,-0.0001,5,0
59.6295,0.443794,59.987724,-0.004433,0.0000,1.0000,7980.6,0.0002,5,0
59.6546,0.443941,59.987719,-0.004433,0.0000,1.0000,7986.6,0.0004,5,0
59.6802,0.444088,59.987713,-0.004432,0.0000,1.0000,7989.9,0.0007,5,0
59.7059,0.444236,59.987708,-0.004431,0.0000,1.0000,7990.5,0.0010,5,0
59.7316,0.444383,59.987702,-0.004431,0.0000,1.0000,7995.1,0.0013,5,0
59.7578,0.444530,59.987697,-0.004430,0.0000,1.0000,7996.5,0.0015,5,0
59.7822,0.444678,59.987692,-0.004429,0.0000,1.0000,8002.7,0.0018,5,0
59.8087,0.444826,59.987686,-0.004429,0.0000,1.0000,8001.8,0.0020,5,0
59.8329,0.444973,59.987681,-0.004428,0.0000,1.0000,8010.9,0.0021,5,0
59.8587,0.445121,59.987675,-0.004427,0.0000,1.0000,8011.8,0.0022,5,0
59.8826,0.445269,59.987670,-0.004427,0.0000,1.0000,8018.5,0.0022,5,0
59.9085,0.445417,59.987664,-0.004426,0.0000,1.0000,8020.5,0.0021,5,0
59.9338,0.445565,59.987659,-0.004425,0.0000,1.0000,8022.8,0.0020,5,0
59.9579,0.445713,59.987653,-0.004425,0.0000,1.0000,8028.2,0.0019,5,0
59.9834,0.445861,59.987648,-0.004424,0.0000,1.0000,8027.8,0.0017,5,0
60.0082,0.446009,59.987642,-0.004423,0.0000,1.0000,8033.5,0.0015,5,0
60.0330,0.446157,59.987637,-0.004422,0.0000,1.0000,8036.1,0.0014,5,0
60.0560,0.446306,59.987631,-0.004422,0.0000,1.0000,8043.8,0.0012,5,0
60.0822,0.446454,59.987626,-0.004421,0.0000,1.0000,8042.3,0.0009,5,0
60.1060,0.446602,59.987620,-0.004420,0.0000,1.0000,8048.7,0.0008,5,0
60.1298,0.446751,59.987615,-0.004420,0.0000,1.0000,8052.5,0.0006,5,0
60.1543,0.446899,59.987610,-0.004419,0.0000,1.0000,8054.4,0.0005,5,0
60.1779,0.447048,59.987604,-0.004418,0.0000,1.0000,8061.5,0.0004,5,0
60.2030,0.447196,59.987599,-0.004418,0.0000,1.0000,8060.4,0.0003,5,0
60.2251,0.447345,59.987594,-0.004417,0.0000,1.0000,8068.5,0.0003,5,0
60.2504,0.447494,59.987589,-0.004416,0.0000,1.0000,8067.7,0.0003,5,0
60.2734,0.447643,59.987584,-0.004416,0.0000,1.0000,8075.0,0.0003,5,0
60.2968,0.447791,59.987578,-0.004415,0.0000,1.0000,8076.8,0.0003,5,0
60.3200,0.447940,59.987573,-0.004414,0.0000,1.0000,8081.4,0.0004,5,0
60.3441,0.448089,59.987568,-0.004414,0.0000,1.0000,8084.6,0.0005,5,0
60.3674,0.448238,59.987563,-0.004413,0.0000,1.0000,8087.1,0.0005,5,0
60.3897,0.448387,59.987557,-0.004412,0.0000,1.0000,8092.1,0.0006,5,0
60.4141,0.448537,59.987552,-0.004412,0.0000,1.0000,8092.1,0.0007,5,0
60.4366,0.448686,59.987546,-0.004411,0.0000,1.0000,8099.2,0.0008,5,0
60.4595,0.448835,59.987541,-0.004410,0.0000,1.0000,8100.0,0.0010,5,0
60.4816,0.448984,59.987536,-0.004410,0.0000,1.0000,8106.7,0.0014,5,0
60.5054,0.449134,59.987530,-0.004409,0.0000,1.0000,8108.0,0.0018,5,0
60.5277,0.449283,59.987525,-0.004408,0.0000,1.0000,8112.2,0.0024,5,0
60.5498,0.449433,59.987519,-0.004408,0.0000,1.0000,8116.3,0.0031,5,0
60.5736,0.449582,59.987514,-0.004407,0.0000,1.0000,8116.7,0.0040,5,0
60.5960,0.449732,59.987509,-0.004406,0.0000,1.0000,8122.1,0.0052,5,0
60.6186,0.449881,59.987503,-0.004406,0.0000,1.0000,8123.5,0.0063,5,0
60.6404,0.450031,59.987498,-0.004405,0.0000,1.0000,8130.4,0.0077,5,0
60.6649,0.450181,59.987492,-0.004404,0.0000,1.0000,8129.4,0.0090,5,0
60.6867,0.450331,59.987487,-0.004404,0.0000,1.0000,8134.0,0.0102,5,0
60.7085,0.450480,59.987482,-0.004403,0.0000,1.0000,8138.4,0.0115,5,0
60.7320,0.450630,59.987476,-0.004402,0.0000,1.0000,8138.2,0.0127,5,0
60.7542,0.450780,59.987471,-0.004402,0.0000,1.0000,8141.4,0.0138,5,0
60.7760,0.450930,59.987465,-0.004401,0.0000,1.0000,8141.7,0.0146,5,0
60.7966,0.451080,59.987460,-0.004400,0.0000,1.0000,8148.5,0.0153,5,0
60.8200,0.451231,59.987454,-0.004400,0.0000,1.0000,8145.0,0.0158,5,0
60.8398,0.451381,59.987449,-0.004399,0.0000,1.0000,8151.8,0.0161,5,0
60.8607,0.451531,59.987443,-0.004398,0.0000,1.0000,8155.0,0.0162,5,0
60.8819,0.451681,59.987438,-0.004398,0.0000,1.0000,8158.6,0.0164,5,0
60.9032,0.451832,59.987432,-0.004397,0.0000,1.0000,8160.2,0.0165,5,0
60.9234,0.451982,59.987426,-0.004396,0.0000,1.0000,8162.2,0.0165,5,0
60.9430,0.452132,59.987421,-0.004396,0.0000,1.0000,8170.5,0.0165,5,0
60.9653,0.452283,59.987415,-0.004395,0.0000,1.0000,8168.5,0.0166,5,0
60.9846,0.452434,59.987410,-0.004395,0.0000,1.0000,8174.4,0.0167,5,0
61.0048,0.452584,59.987404,-0.004394,0.0000,1.0000,8178.3,0.0169,5,0
61.0246,0.452735,59.987399,-0.004393,0.0000,1.0000,8184.7,0.0174,5,0
61.0461,0.452885,59.987393,-0.004393,0.0000,1.0000,8183.9,0.0178,5,0
61.0653,0.453036,59.987388,-0.004392,0.0000,1.0000,8187.7,0.0181,5,0
61.0852,0.453187,59.987382,-0.004392,0.0000,1.0000,8194.9,0.0185,5,0
61.1074,0.453338,59.987377,-0.004391,0.0000,1.0000,8193.2,0.0189,5,0
61.1268,0.453489,59.987372,-0.004390,0.0000,1.0000,8197.8,0.0190,5,0
61.1478,0.453640,59.987366,-0.004390,0.0000,1.0000,8200.0,0.0192,5,0
61.1686,0.453791,59.987361,-0.004389,0.0000,1.0000,8205.7,0.0192,5,0
61.1905,0.453942,59.987355,-0.004389,0.0000,1.0000,8202.5,0.0190,5,0
61.2107,0.454093,59.987350,-0.004388,0.0000,1.0000,8205.6,0.0187,5,0
61.2317,0.454244,59.987345,-0.004388,0.0000,1.0000,8207.4,0.0185,5,0
61.2534,0.454395,59.987339,-0.004387,0.0000,1.0000,8205.8,0.0182,5,0
61.2726,0.454547,59.987334,-0.004386,0.0000,1.0000,8210.0,0.0178,5,0
61.2930,0.454698,59.987329,-0.004386,0.0000,1.0000,8209.4,0.0174,5,0
61.3122,0.454849,59.987324,-0.004385,0.0000,1.0000,8214.3,0.0170,5,0
61.3317,0.455001,59.987318,-0.004385,0.0000,1.0000,8214.9,0.0165,5,0
61.3497,0.455152,59.987313,-0.004384,0.0000,1.0000,8218.7,0.0160,5,0
61.3694,0.455304,59.987308,-0.004384,0.0000,1.0000,8218.0,0.0155,5,0
61.3878,0.455455,59.987302,-0.004383,0.0000,1.0000,8220.2,0.0149,5,0
61.4049,0.455607,59.987297,-0.004383,0.0000,1.0000,8225.7,0.0141,5,0
61.4242,0.455758,59.987291,-0.004382,0.0000,1.0000,8224.9,0.0133,5,0
61.4415,0.455910,59.987286,-0.004382,0.0000,1.0000,8231.6,0.0125,5,0
61.4599,0.456062,59.987280,-0.004382,0.0000,1.0000,8229.2,0.0114,5,0
61.4768,0.456213,59.987274,-0.004381,0.0000,1.0000,8233.3,0.0105,5,0
61.4940,0.456365,59.987268,-0.004381,0.0000,1.0000,8239.3,0.0095,5,0
61.5105,0.456517,59.987263,-0.004380,0.0113,1.0000,8239.8,0.0085,5,0
61.5230,0.456669,59.987257,-0.004380,0.0113,1.0000,8240.8,0.0074,5,0
61.5339,0.456821,59.987251,-0.004379,0.0325,1.0000,8241.6,0.0065,5,0
61.5415,0.456973,59.987246,-0.004379,0.0325,1.0000,8249.0,0.0057,5,0
61.5471,0.457125,59.987240,-0.004378,0.0666,0.9776,8244.4,0.0050,5,0
61.5463,0.457277,59.987235,-0.004378,0.0666,0.9776,8241.3,0.0045,5,0
61.5395,0.457429,59.987229,-0.004378,0.1129,0.8705,8236.1,0.0041,5,0
61.5252,0.457580,59.987224,-0.004377,0.1129,0.8705,8222.3,0.0037,5,0
61.4996,0.457732,59.987218,-0.004377,0.1825,0.7102,8207.1,0.0035,5,0
61.4639,0.457884,59.987213,-0.004377,0.1825,0.7102,8189.4,0.0035,5,0
61.4175,0.458036,59.987208,-0.004376,0.2545,0.5395,8166.9,0.0035,5,0
61.3581,0.458187,59.987202,-0.004376,0.2545,0.5395,8142.3,0.0034,5,0
61.2878,0.458338,59.987197,-0.004375,0.3333,0.3909,8116.2,0.0034,5,0
61.2073,0.458489,59.987191,-0.004375,0.3333,0.3909,8086.0,0.0034,5,0
61.1162,0.458640,59.987186,-0.004375,0.4060,0.2724,8056.3,0.0034,5,0
61.0152,0.458791,59.987180,-0.004374,0.4060,0.2724,8021.6,0.0034,5,0
60.9026,0.458941,59.987175,-0.004374,0.4855,0.1823,7987.8,0.0032,5,0
60.7803,0.459091,59.987169,-0.004374,0.4855,0.1823,7951.4,0.0031,5,0
60.6490,0.459241,59.987164,-0.004373,0.5531,0.1122,7917.3,0.0028,5,0
60.5089,0.459390,59.987158,-0.004373,0.5531,0.1122,7886.7,0.0025,5,0
60.3607,0.459539,59.987152,-0.004373,0.6184,0.0591,7855.3,0.0021,5,0
60.2037,0.459688,59.987147,-0.004372,0.6184,0.0591,7827.4,0.0017,5,0
60.0401,0.459836,59.987141,-0.004372,0.6806,0.0255,7798.0,0.0012,5,0
59.8698,0.459984,59.987136,-0.004371,0.6806,0.0255,7775.2,0.0006,5,0
59.6932,0.460131,59.987130,-0.004371,0.7348,0.0082,7749.9,0.0002,5,0
59.5109,0.460278,59.987125,-0.004371,0.7348,0.0082,7724.4,-0.0003,5,0
59.3218,0.460425,59.987119,-0.004371,0.7974,0.0000,7696.4,-0.0005,5,0
59.1268,0.460571,59.987114,-0.004370,0.7974,0.0000,7666.4,-0.0008,5,0
58.9267,0.460716,59.987108,-0.004370,0.8479,0.0000,7635.3,-0.0008,5,0
58.7218,0.460861,59.987103,-0.004370,0.8479,0.0000,7605.1,-0.0003,5,0
58.5116,0.461006,59.987098,-0.004369,0.8904,0.0000,7576.5,-0.0001,5,0
58.2979,0.461150,59.987092,-0.004369,0.8904,0.0000,7546.4,0.0004,5,0
58.0795,0.461293,59.987087,-0.004369,0.9236,0.0000,7519.1,0.0008,5,0
57.8602,0.461436,59.987081,-0.004368,0.9236,0.0000,7486.5,0.0013,5,0
57.6383,0.461578,59.987076,-0.004368,0.9361,0.0000,7460.4,0.0014,5,0
57.4169,0.461720,59.987071,-0.004368,0.9361,0.0000,7426.9,0.0016,5,0
57.1924,0.461861,59.987066,-0.004367,0.9621,0.0000,7399.8,0.0018,5,0
56.9682,0.462002,59.987061,-0.004367,0.9621,0.0000,7365.6,0.0019,5,0
56.7425,0.462142,59.987056,-0.004367,0.9702,0.0000,7337.2,0.0019,5,0
56.5167,0.462281,59.987051,-0.004366,0.9702,0.0000,7302.7,0.0021,5,0
56.2903,0.462420,59.987046,-0.004366,0.9816,0.0000,7269.4,0.0021,5,0
56.0651,0.462559,59.987041,-0.004366,0.9816,0.0000,7227.9,0.0021,5,0
55.8393,0.462696,59.987036,-0.004366,0.9930,0.0000,7184.7,0.0022,5,0
55.6196,0.462834,59.987031,-0.004365,0.9930,0.0000,7129.8,0.0021,5,0
55.4042,0.462971,59.987026,-0.004365,1.0000,0.0000,7072.5,0.0019,5,0
55.1987,0.463107,59.987021,-0.004365,1.0000,0.0000,7615.3,0.0013,5,0
54.9906,0.463243,59.987016,-0.004364,1.0000,1.0000,8143.4,0.0010,5,0
54.7776,0.463378,59.987011,-0.004364,1.0000,1.0000,8163.7,0.0020,5,0
54.5649,0.463512,59.987006,-0.004364,1.0000,0.0000,8118.3,0.0024,5,0
54.3648,0.463647,59.987002,-0.004364,1.0000,0.0000,8073.0,0.0032,5,0
54.1611,0.463780,59.986997,-0.004363,1.0000,0.0000,8035.2,0.0037,4,0
53.9585,0.463914,59.986992,-0.004363,1.0000,0.0000,7955.6,0.0042,4,0
53.7570,0.464046,59.986987,-0.004363,1.0000,0.0000,7932.6,0.0060,4,0
53.5553,0.464178,59.986982,-0.004363,1.0000,0.0000,8019.6,0.0070,4,0
53.3607,0.464310,59.986977,-0.004362,1.0000,0.0000,7965.1,0.0086,4,0
53.1692,0.464441,59.986972,-0.004362,1.0000,0.0000,7882.4,0.0099,4,0
52.9808,0.464572,59.986968,-0.004362,1.0000,0.0000,7782.7,0.0128,4,0
52.7914,0.464703,59.986963,-0.004362,1.0000,0.0000,7841.1,0.0151,4,0
52.5986,0.464832,59.986958,-0.004361,1.0000,0.0000,7850.3,0.0160,4,0
52.4066,0.464962,59.986954,-0.004361,1.0000,0.0000,7781.5,0.0175,4,0
52.2166,0.465091,59.986949,-0.004361,1.0000,0.0000,7677.3,0.0185,4,0
52.0446,0.465219,59.986944,-0.004361,1.0000,0.0000,7631.4,0.0219,4,0
51.8526,0.465347,59.986939,-0.004360,1.0000,0.0000,7792.9,0.0232,4,0
51.6723,0.465475,59.986935,-0.004360,1.0000,0.0000,7768.6,0.0251,4,0
51.4854,0.465602,59.986930,-0.004360,1.0000,0.0000,7683.6,0.0267,4,0
51.2903,0.465728,59.986925,-0.004360,1.0000,0.0000,7595.7,0.0285,4,0
51.0984,0.465855,59.986921,-0.004359,1.0000,0.0000,7488.1,0.0312,4,0
50.9044,0.465980,59.986916,-0.004359,1.0000,0.0000,7534.0,0.0324,4,0
50.7028,0.466105,59.986912,-0.004359,1.0000,0.0000,7555.3,0.0346,4,0
50.5012,0.466230,59.986908,-0.004359,1.0000,0.0000,7502.3,0.0366,4,0
50.2989,0.466354,59.986903,-0.004359,1.0000,0.0000,7425.7,0.0380,4,0
50.0992,0.466478,59.986899,-0.004358,1.0000,0.0000,7330.4,0.0397,4,0
49.9018,0.466601,59.986894,-0.004358,1.0000,0.0000,7397.1,0.0429,4,0
49.6917,0.466724,59.986890,-0.004358,1.0000,0.0000,7432.9,0.0435,4,0
49.4810,0.466846,59.986885,-0.004358,0.9978,0.0000,7386.5,0.0455,4,0
49.2728,0.466968,59.986880,-0.004358,0.9978,0.0000,7319.5,0.0469,4,0
49.0733,0.467089,59.986876,-0.004357,0.9786,0.0000,7240.4,0.0482,4,0
48.8777,0.467209,59.986871,-0.004357,0.9786,0.0000,7242.3,0.0492,4,0
48.6840,0.467330,59.986867,-0.004357,0.9805,0.0000,7231.6,0.0511,4,0
48.4823,0.467449,59.986863,-0.004357,0.9805,0.0000,7260.3,0.0514,4,0
48.2854,0.467568,59.986858,-0.004357,0.9695,0.0000,7189.6,0.0508,4,0
48.0870,0.467687,59.986854,-0.004357,0.9695,0.0000,7151.4,0.0498,4,0
47.8881,0.467805,59.986849,-0.004356,0.9661,0.0000,7163.9,0.0483,4,0
47.6909,0.467923,59.986845,-0.004356,0.9661,0.0000,7112.7,0.0474,4,0
47.4933,0.468040,59.986840,-0.004356,0.9557,0.0000,7047.8,0.0455,4,0
47.3044,0.468157,59.986836,-0.004356,0.9557,0.0000,7004.2,0.0433,4,0
47.1115,0.468273,59.986831,-0.004356,0.9425,0.0000,7024.2,0.0412,4,0
46.9182,0.468389,59.986827,-0.004356,0.9425,0.0000,6986.6,0.0405,4,0
46.7298,0.468505,59.986823,-0.004356,0.9352,0.0000,6937.7,0.0390,4,0
46.5455,0.468619,59.986818,-0.004356,0.9352,0.0000,7482.0,0.0380,0,0
46.3615,0.468734,59.986814,-0.004356,0.9172,1.0000,8014.9,0.0383,0,0
46.1788,0.468848,59.986810,-0.004356,0.9172,1.0000,8307.6,0.0391,0,0
46.0082,0.468962,59.986806,-0.004356,0.9073,0.0000,8290.8,0.0401,0,0
45.8264,0.469075,59.986801,-0.004356,0.9073,0.0000,8244.8,0.0425,0,0
45.6476,0.469187,59.986797,-0.004355,0.8896,0.0000,8199.1,0.0447,0,0
45.4787,0.469300,59.986793,-0.004356,0.8896,0.0000,8153.5,0.0466,0,0
45.3010,0.469411,59.986789,-0.004356,0.8816,0.0000,8108.1,0.0497,0,0
45.1266,0.469523,59.986784,-0.004356,0.8816,0.0000,8063.0,0.0523,0,0
44.9555,0.469634,59.986780,-0.004356,0.8724,0.0000,8018.0,0.0545,0,0
44.7831,0.469744,59.986776,-0.004356,0.8724,0.0000,8059.1,0.0568,3,0
44.6133,0.469854,59.986772,-0.004356,0.8603,0.0000,7987.5,0.0598,3,0
44.4387,0.469964,59.986768,-0.004356,0.8603,0.0000,7912.2,0.0616,3,0
44.2699,0.470073,59.986763,-0.004356,0.8506,0.0000,7864.7,0.0634,3,0
44.0971,0.470182,59.986759,-0.004356,0.8506,0.0000,7823.1,0.0655,3,0
43.9272,0.470291,59.986755,-0.004356,0.8368,0.0000,7803.7,0.0669,3,0
43.7633,0.470399,59.986751,-0.004356,0.8368,0.0000,7805.3,0.0692,3,0
43.5962,0.470506,59.986747,-0.004356,0.8294,0.0000,7758.4,0.0706,3,0
43.4353,0.470614,59.986744,-0.004356,0.8294,0.0000,7697.8,0.0718,3,0
43.2727,0.470720,59.986740,-0.004356,0.8187,0.0000,7710.7,0.0744,3,0
43.1098,0.470827,59.986736,-0.004357,0.8187,0.0000,7688.8,0.0766,3,0
42.9561,0.470933,59.986732,-0.004357,0.8106,0.0000,7628.9,0.0779,3,0
42.7969,0.471039,59.986728,-0.004357,0.8106,0.0000,7642.9,0.0814,3,0
42.6461,0.471144,59.986725,-0.004357,0.7996,0.0000,7605.5,0.0844,3,0
42.4937,0.471249,59.986721,-0.004357,0.7996,0.0000,7540.0,0.0877,3,0
42.3441,0.471353,59.986717,-0.004357,0.7908,0.0000,7498.8,0.0922,3,0
42.2017,0.471457,59.986713,-0.004358,0.7908,0.0000,7488.1,0.0956,3,0
42.0575,0.471561,59.986710,-0.004358,0.7789,0.0000,7437.1,0.1012,3,0
41.9148,0.471665,59.986706,-0.004358,0.7789,0.0000,7416.1,0.1061,3,0
41.7765,0.471768,59.986702,-0.004358,0.7670,0.0000,7422.8,0.1116,3,0
41.6364,0.471871,59.986699,-0.004359,0.7670,0.0000,7399.0,0.1170,3,0
41.5031,0.471973,59.986695,-0.004359,0.7548,0.0000,7368.4,0.1218,3,0
41.3749,0.472075,59.986691,-0.004359,0.7548,0.0000,7288.6,0.1266,3,0
41.2450,0.472177,59.986687,-0.004360,0.7392,0.0000,7322.4,0.1294,3,0
41.1146,0.472279,59.986684,-0.004360,0.7392,0.0000,7349.4,0.1330,3,0
40.9888,0.472380,59.986680,-0.004360,0.7130,0.0000,7322.4,0.1344,3,0
40.8598,0.472481,59.986677,-0.004360,0.7130,0.0000,7317.2,0.1362,3,0
40.7318,0.472581,59.986673,-0.004361,0.6885,0.0000,7251.1,0.1373,3,0
40.5987,0.472681,59.986669,-0.004361,0.6885,0.0000,7223.6,0.1378,3,0
40.4676,0.472781,59.986666,-0.004362,0.6602,0.0000,7229.1,0.1379,3,0
40.3369,0.472881,59.986663,-0.004362,0.6602,0.0000,7182.2,0.1362,3,0
40.2081,0.472980,59.986659,-0.004362,0.6369,0.0000,7161.8,0.1355,3,0
40.0768,0.473079,59.986656,-0.004363,0.6369,0.0000,7180.7,0.1329,3,0
39.9487,0.473178,59.986652,-0.004363,0.6057,0.0000,7158.6,0.1311,3,0
39.8229,0.473276,59.986649,-0.004364,0.6057,0.0000,7151.3,0.1289,3,0
39.7005,0.473374,59.986645,-0.004364,0.5720,0.0000,7118.9,0.1250,3,0
39.5763,0.473472,59.986641,-0.004365,0.5720,0.0000,7119.6,0.1217,3,0
39.4591,0.473569,59.986637,-0.004365,0.5432,0.0000,7084.3,0.1184,3,0
39.3384,0.473666,59.986634,-0.004366,0.5432,0.0000,7082.7,0.1145,3,0
39.2191,0.473763,59.986630,-0.004366,0.5100,0.0000,7072.5,0.1109,3,0
39.1038,0.473860,59.986626,-0.004367,0.5100,0.0000,7037.3,0.1075,3,0
38.9881,0.473956,59.986622,-0.004367,0.4760,0.0000,7036.6,0.1035,3,0
38.8701,0.474052,59.986618,-0.004368,0.4760,0.0000,7039.6,0.0992,3,0
38.7582,0.474147,59.986615,-0.004368,0.4398,0.0000,7015.6,0.0942,3,0
38.6507,0.474243,59.986611,-0.004369,0.4398,0.0000,6996.7,0.0893,3,0
38.5480,0.474338,59.986607,-0.004370,0.3995,0.0000,6976.9,0.0829,3,0
38.4475,0.474433,59.986604,-0.004370,0.3995,0.0000,6969.5,0.0755,3,0
38.3507,0.474528,59.986600,-0.004371,0.3628,0.0000,6963.3,0.0675,3,0
38.2571,0.474622,59.986596,-0.004372,0.3628,0.0000,6958.6,0.0595,3,0
38.1682,0.474716,59.986593,-0.004373,0.3363,0.0000,6953.6,0.0519,3,0
38.0833,0.474810,59.986590,-0.004373,0.3363,0.0000,6941.0,0.0452,3,0
38.0009,0.474904,59.986586,-0.004374,0.3195,0.0000,6929.2,0.0396,3,0
37.9204,0.474998,59.986583,-0.004375,0.3195,0.0000,6913.5,0.0354,3,0
37.8400,0.475091,59.986579,-0.004375,0.3004,0.0000,6903.6,0.0332,3,0
37.7636,0.475184,59.986576,-0.004376,0.3004,0.0000,6891.1,0.0329,3,0
37.6889,0.475277,59.986572,-0.004377,0.2718,0.0000,6887.8,0.0345,3,0
37.6179,0.475370,59.986569,-0.004378,0.2718,0.0000,6876.9,0.0375,3,0
37.5493,0.475463,59.986566,-0.004379,0.2537,0.0000,6863.4,0.0419,3,0
37.4820,0.475555,59.986562,-0.004380,0.2537,0.0000,6849.8,0.0469,3,0
37.4158,0.475648,59.986559,-0.004381,0.2386,0.0000,6841.6,0.0526,3,0
37.3510,0.475740,59.986556,-0.004382,0.2386,0.0000,6829.9,0.0587,3,0
37.2862,0.475832,59.986553,-0.004382,0.2392,0.0000,6818.6,0.0648,3,0
37.2211,0.475924,59.986550,-0.004383,0.2392,0.0000,6805.5,0.0708,3,0
37.1542,0.476016,59.986546,-0.004384,0.2446,0.0000,6790.5,0.0765,3,0
37.0874,0.476107,59.986543,-0.004385,0.2446,0.0000,6775.8,0.0820,3,0
37.0200,0.476199,59.986540,-0.004386,0.2439,0.0000,6762.8,0.0872,3,0
36.9527,0.476290,59.986537,-0.004387,0.2439,0.0000,6753.6,0.0924,3,0
36.8843,0.476381,59.986533,-0.004388,0.2512,0.0000,6743.0,0.0971,3,0
36.8153,0.476472,59.986530,-0.004389,0.2512,0.0000,6733.5,0.1014,3,0
36.7475,0.476563,59.986527,-0.004390,0.2467,0.0000,6720.7,0.1050,3,0
36.6800,0.476653,59.986524,-0.004392,0.2467,0.0000,6706.4,0.1082,3,0
36.6116,0.476743,59.986520,-0.004393,0.2445,0.0000,6696.7,0.1110,3,0
36.5439,0.476834,59.986517,-0.004394,0.2445,0.0000,6688.0,0.1135,3,0
36.4762,0.476924,59.986514,-0.004395,0.2407,0.0000,6679.7,0.1154,3,0
36.4104,0.477014,59.986510,-0.004396,0.2407,0.0000,6669.3,0.1166,3,0
36.3446,0.477103,59.986507,-0.004397,0.2357,0.0000,6655.7,0.1173,3,0
36.2789,0.477193,59.986504,-0.004398,0.2357,0.0000,6644.5,0.1179,3,0
36.2143,0.477282,59.986501,-0.004400,0.2349,0.0000,6632.2,0.1186,3,0
36.1482,0.477372,59.986498,-0.004401,0.2349,0.0000,6624.7,0.1195,3,0
36.0848,0.477461,59.986495,-0.004402,0.2281,0.0000,6615.2,0.1205,3,0
36.0214,0.477550,59.986492,-0.004403,0.2281,0.0000,6605.7,0.1213,3,0
35.9595,0.477638,59.986489,-0.004405,0.2230,0.0000,6592.1,0.1224,3,0
35.8973,0.477727,59.986486,-0.004406,0.2230,0.0000,6580.2,0.1237,3,0
35.8363,0.477815,59.986483,-0.004407,0.2153,0.0000,6571.1,0.1257,3,0
35.7770,0.477904,59.986480,-0.004409,0.2153,0.0000,6558.4,0.1283,3,0
35.7178,0.477992,59.986477,-0.004410,0.2025,0.0000,6549.4,0.1312,3,0
35.6588,0.478080,59.986474,-0.004411,0.2025,0.0000,6543.6,0.1344,3,0
35.6036,0.478168,59.986471,-0.004413,0.1937,0.0000,6529.3,0.1379,3,0
35.5473,0.478256,59.986468,-0.004414,0.1937,0.0000,6515.8,0.1416,3,0
35.4916,0.478343,59.986465,-0.004416,0.1823,0.0000,6510.0,0.1456,3,0
35.4397,0.478431,59.986462,-0.004417,0.1823,0.0000,6490.1,0.1496,3,0
35.3836,0.478518,59.986458,-0.004419,0.1816,0.0000,6490.5,0.1534,3,0
35.3281,0.478605,59.986455,-0.004420,0.1816,0.0000,6482.7,0.1569,3,0
35.2741,0.478692,59.986452,-0.004422,0.1775,0.0000,6469.9,0.1598,3,0
35.2183,0.478779,59.986449,-0.004423,0.1775,0.0000,6463.1,0.1622,3,0
35.1650,0.478866,59.986446,-0.004425,0.1725,0.0000,6450.4,0.1643,3,0
35.1109,0.478953,59.986443,-0.004426,0.1725,0.0000,6443.8,0.1659,3,0
35.0577,0.479039,59.986440,-0.004428,0.1718,0.0000,6433.8,0.1667,3,0
35.0015,0.479126,59.986437,-0.004430,0.1718,0.0000,6433.4,0.1668,3,0
34.9475,0.479212,59.986434,-0.004432,0.1674,0.0000,6423.5,0.1665,3,0
34.8934,0.479298,59.986431,-0.004433,0.1674,0.0000,6421.3,0.1657,3,0
34.8395,0.479384,59.986428,-0.004435,0.1642,0.0000,6415.5,0.1650,3,0
34.7874,0.479470,59.986425,-0.004437,0.1642,0.0000,6408.5,0.1640,3,0
34.7348,0.479556,59.986422,-0.004438,0.1585,0.0000,6404.3,0.1629,3,0
34.6820,0.479641,59.986419,-0.004440,0.1585,0.0000,6402.1,0.1616,3,0
34.6289,0.479727,59.986416,-0.004442,0.1484,0.0000,6401.7,0.1601,3,0
34.5786,0.479812,59.986413,-0.004444,0.1484,0.0000,6393.6,0.1587,3,0
34.5294,0.479897,59.986410,-0.004446,0.1442,0.0000,6389.0,0.1580,3,0
34.4803,0.479982,59.986407,-0.004448,0.1442,0.0000,6381.8,0.1577,3,0
34.4318,0.480067,59.986404,-0.004450,0.1313,0.0000,6382.8,0.1576,3,0
34.3848,0.480152,59.986401,-0.004452,0.1313,0.0000,6382.2,0.1578,3,0
34.3393,0.480237,59.986397,-0.004454,0.1162,0.0000,6379.1,0.1582,3,0
34.2961,0.480322,59.986394,-0.004455,0.1162,0.0000,6377.6,0.1589,3,0
34.2559,0.480406,59.986391,-0.004457,0.0937,0.0000,6370.5,0.1603,3,0
34.2165,0.480491,59.986388,-0.004459,0.0937,0.0000,6370.7,0.1619,3,0
34.1805,0.480575,59.986385,-0.004461,0.0722,0.0000,6368.7,0.1637,3,0
34.1452,0.480660,59.986382,-0.004463,0.0722,0.0000,6370.5,0.1656,3,0
34.1126,0.480744,59.986379,-0.004466,0.0541,0.0000,6369.0,0.1676,3,0
34.0812,0.480828,59.986376,-0.004468,0.0541,0.0000,6366.4,0.1697,3,0
34.0533,0.480912,59.986373,-0.004470,0.0432,0.0000,6357.5,0.1724,3,0
34.0252,0.480996,59.986370,-0.004472,0.0432,0.0000,6352.9,0.1752,3,0
33.9984,0.481080,59.986367,-0.004474,0.0322,0.0000,6346.0,0.1782,3,0
33.9713,0.481164,59.986364,-0.004477,0.0322,0.0000,6347.0,0.1810,3,0
33.9451,0.481248,59.986361,-0.004479,0.0239,0.0000,6344.3,0.1837,3,0
33.9204,0.481331,59.986358,-0.004481,0.0239,0.0000,6340.5,0.1864,3,0
33.8973,0.481415,59.986355,-0.004483,0.0174,0.0000,6333.5,0.1892,3,0
33.8747,0.481499,59.986353,-0.004486,0.0174,0.0000,6328.7,0.1920,3,0
33.8522,0.481582,59.986350,-0.004488,0.0104,0.0000,6322.4,0.1944,3,0
33.8293,0.481666,59.986348,-0.004491,0.0104,0.0000,6320.7,0.1964,3,0
33.8068,0.481749,59.986345,-0.004493,0.0077,0.0000,6318.4,0.1978,3,0
33.7847,0.481832,59.986342,-0.004495,0.0077,0.0000,6315.4,0.1987,3,0
33.7636,0.481916,59.986340,-0.004498,0.0000,0.0000,6309.7,0.1992,3,0
33.7427,0.481999,59.986338,-0.004500,0.0000,0.0000,6304.7,0.1993,3,0
33.7216,0.482082,59.986335,-0.004503,0.0000,0.0000,6301.3,0.1985,3,0
33.6994,0.482166,59.986333,-0.004505,0.0000,0.0000,6299.4,0.1969,3,0
33.6769,0.482249,59.986330,-0.004508,0.0000,0.0000,6298.5,0.1945,3,0
33.6548,0.482332,59.986327,-0.004510,0.0000,0.0000,6296.5,0.1914,3,0
33.6326,0.482415,59.986324,-0.004513,0.0000,0.0000,6293.3,0.1881,3,0
33.6112,0.482498,59.986321,-0.004516,0.0000,0.0000,6288.1,0.1842,3,0
33.5900,0.482581,59.986318,-0.004518,0.0000,0.0000,6285.1,0.1798,3,0
33.5681,0.482664,59.986315,-0.004521,0.0000,0.0000,6282.8,0.1746,3,0
33.5452,0.482746,59.986312,-0.004524,0.0000,0.0000,6282.4,0.1690,3,0
33.5231,0.482829,59.986309,-0.004526,0.0000,0.0000,6281.7,0.1627,3,0
33.5023,0.482912,59.986306,-0.004529,0.0000,0.0000,6277.3,0.1569,3,0
33.4817,0.482994,59.986303,-0.004532,0.0000,0.0000,6273.5,0.1509,3,0
33.4614,0.483077,59.986300,-0.004534,0.0000,0.0000,6270.5,0.1449,3,0
33.4397,0.483160,59.986297,-0.004537,0.0000,0.0000,6268.7,0.1388,3,0
33.4185,0.483242,59.986295,-0.004540,0.0000,0.0000,6268.3,0.1326,3,0
33.3973,0.483325,59.986292,-0.004543,0.0000,0.0000,6266.3,0.1264,3,0
33.3765,0.483407,59.986290,-0.004546,0.0000,0.0000,6265.1,0.1204,3,0
33.3571,0.483489,59.986288,-0.004549,0.0000,0.0000,6258.0,0.1148,3,0
33.3376,0.483572,59.986285,-0.004552,0.0000,0.0000,6253.6,0.1093,3,0
33.3175,0.483654,59.986283,-0.004555,0.0000,0.0000,6249.4,0.1039,3,0
33.2965,0.483736,59.986280,-0.004558,0.0000,0.0000,6248.8,0.0986,3,0
33.2763,0.483818,59.986277,-0.004561,0.0000,0.0000,6247.5,0.0937,3,0
33.2564,0.483900,59.986275,-0.004564,0.0000,0.0000,6242.2,0.0889,3,0
33.2379,0.483982,59.986272,-0.004567,0.0000,0.0000,6236.4,0.0848,3,0
33.2195,0.484064,59.986270,-0.004570,0.0000,0.0000,6229.3,0.0809,3,0
33.2003,0.484146,59.986267,-0.004573,0.0000,0.0000,6225.2,0.0775,3,0
33.1809,0.484228,59.986265,-0.004576,0.0000,0.0000,6221.4,0.0743,3,0
33.1608,0.484310,59.986263,-0.004579,0.0000,0.0000,6221.6,0.0715,3,0
33.1409,0.484392,59.986260,-0.004582,0.0000,0.0000,6218.5,0.0692,3,0
33.1222,0.484474,59.986258,-0.004586,0.0000,0.0000,6213.4,0.0677,3,0
33.1040,0.484555,59.986255,-0.004589,0.0000,0.0000,6208.1,0.0667,3,0
33.0852,0.484637,59.986252,-0.004592,0.0000,0.0000,6203.9,0.0662,3,0
33.0658,0.484719,59.986250,-0.004595,0.0000,0.0000,6201.3,0.0660,3,0
33.0465,0.484800,59.986247,-0.004599,0.0000,0.0000,6199.1,0.0663,3,0
33.0273,0.484882,59.986245,-0.004602,0.0000,0.0000,6197.1,0.0671,3,0
33.0086,0.484963,59.986242,-0.004605,0.0000,0.0000,6194.4,0.0682,3,0
32.9896,0.485045,59.986240,-0.004609,0.0000,0.0000,6189.4,0.0695,3,0
32.9717,0.485126,59.986238,-0.004612,0.0000,0.0000,6185.2,0.0710,3,0
32.9537,0.485207,59.986235,-0.004615,0.0000,0.0000,6183.2,0.0725,3,0
32.9340,0.485289,59.986232,-0.004619,0.0000,0.0000,6181.6,0.0738,3,0
32.9159,0.485370,59.986230,-0.004622,0.0000,0.0000,6177.9,0.0750,3,0
32.8972,0.485451,59.986227,-0.004626,0.0000,0.0000,6174.9,0.0761,3,0
32.8787,0.485532,59.986225,-0.004629,0.0000,0.0000,6170.6,0.0769,3,0
32.8611,0.485614,59.986223,-0.004633,0.0000,0.0000,6164.9,0.0772,3,0
32.8432,0.485695,59.986220,-0.004636,0.0000,0.0000,6158.5,0.0771,3,0
32.8262,0.485776,59.986218,-0.004640,0.0000,0.0000,6152.7,0.0762,3,0
32.8074,0.485857,59.986216,-0.004643,0.0000,0.0000,6148.5,0.0747,3,0
32.7897,0.485938,59.986213,-0.004647,0.0000,0.0000,6144.3,0.0724,3,0
32.7728,0.486018,59.986211,-0.004651,0.0000,0.0000,6139.2,0.0693,3,0
32.7562,0.486099,59.986209,-0.004654,0.0000,0.0000,6133.9,0.0650,3,0
32.7399,0.486180,59.986207,-0.004658,0.0000,0.0000,6129.1,0.0596,3,0
32.7242,0.486261,59.986204,-0.004662,0.0000,0.0000,6127.8,0.0529,3,0
32.7080,0.486342,59.986202,-0.004665,0.0000,0.0000,6125.4,0.0448,3,0
32.6936,0.486422,59.986200,-0.004669,0.0000,0.0000,6123.0,0.0355,3,0
32.6819,0.486503,59.986198,-0.004673,0.0000,0.0000,6120.3,0.0250,3,0
32.6674,0.486584,59.986195,-0.004677,0.0000,0.0000,6114.2,0.0136,3,0
32.6543,0.486664,59.986193,-0.004680,0.0000,0.0000,6107.7,0.0011,3,0
32.6408,0.486745,59.986191,-0.004684,0.0000,0.0000,6100.6,-0.0108,3,0
32.6276,0.486825,59.986189,-0.004688,0.0000,0.0000,6096.9,-0.0222,3,0
32.6145,0.486906,59.986187,-0.004692,0.0000,0.0000,6094.4,-0.0320,3,0
32.6025,0.486986,59.986184,-0.004696,0.0000,0.0000,6089.2,-0.0399,3,0
32.5909,0.487067,59.986182,-0.004699,0.0000,0.0000,6081.0,-0.0456,3,0
32.5799,0.487147,59.986180,-0.004703,0.0000,0.0000,6072.4,-0.0486,3,0
32.5698,0.487228,59.986178,-0.004707,0.0000,0.0000,6060.1,-0.0490,3,0
32.5601,0.487308,59.986176,-0.004711,0.0000,0.0000,6045.6,-0.0469,3,0
32.5527,0.487388,59.986174,-0.004715,0.0000,0.0000,6022.6,-0.0426,3,0
32.5434,0.487469,59.986172,-0.004719,0.0000,0.0000,6009.1,-0.0361,3,0
32.5325,0.487549,59.986170,-0.004723,0.0000,0.0000,6002.8,-0.0275,3,0
32.5225,0.487629,59.986168,-0.004727,0.0000,0.0000,5993.6,-0.0174,3,0
32.5114,0.487710,59.986166,-0.004731,0.0000,0.0000,5988.4,-0.0062,3,0
32.4998,0.487790,59.986164,-0.004735,0.0000,0.0000,5985.4,0.0059,3,0
32.4891,0.487870,59.986162,-0.004739,0.0000,0.0000,5981.5,0.0187,3,0
32.4778,0.487950,59.986160,-0.004743,0.0000,0.0000,5977.9,0.0318,3,0
32.4663,0.488030,59.986158,-0.004747,0.0000,0.0000,5976.1,0.0447,3,0
32.4549,0.488111,59.986155,-0.004751,0.0000,0.0000,5972.8,0.0575,3,0
32.4431,0.488191,59.986153,-0.004755,0.0000,0.0000,5968.4,0.0698,3,0
32.4308,0.488271,59.986151,-0.004759,0.0000,0.0000,5967.2,0.0814,3,0
32.4178,0.488351,59.986148,-0.004763,0.0000,0.0000,5966.4,0.0925,3,0
32.4056,0.488431,59.986146,-0.004767,0.0000,0.0000,5962.5,0.1028,3,0
32.3930,0.488511,59.986144,-0.004771,0.0000,0.0000,5960.0,0.1123,3,0
32.3798,0.488591,59.986142,-0.004775,0.0000,0.0000,5958.9,0.1205,3,0
32.3661,0.488671,59.986139,-0.004779,0.0000,0.0000,5956.8,0.1277,3,0
32.3528,0.488750,59.986137,-0.004783,0.0000,0.0000,5953.5,0.1336,3,0
32.3382,0.488830,59.986135,-0.004787,0.0000,0.0000,5953.9,0.1384,3,0
32.3238,0.488910,59.986134,-0.004791,0.0000,0.0000,5952.6,0.1419,3,0
32.3101,0.488990,59.986132,-0.004795,0.0000,0.0000,5950.3,0.1444,3,0
32.2947,0.489069,59.986130,-0.004800,0.0000,0.0000,5952.0,0.1460,3,0
32.2798,0.489149,59.986128,-0.004804,0.0000,0.0000,5951.6,0.1469,3,0
32.2651,0.489229,59.986127,-0.004808,0.0000,0.0000,5948.8,0.1472,3,0
32.2505,0.489308,59.986125,-0.004812,0.0000,0.0000,5947.2,0.1472,3,0
32.2344,0.489388,59.986123,-0.004816,0.0000,0.0000,5948.3,0.1468,3,0
32.2183,0.489468,59.986122,-0.004820,0.0000,0.0000,5949.2,0.1463,3,0
32.2029,0.489547,59.986120,-0.004824,0.0000,0.0000,5948.9,0.1457,3,0
32.1865,0.489626,59.986117,-0.004828,0.0000,0.0000,5951.8,0.1450,3,0
32.1716,0.489706,59.986115,-0.004833,0.0000,0.0000,5947.8,0.1442,3,0
32.1564,0.489785,59.986112,-0.004837,0.0000,0.0000,5943.2,0.1434,3,0
32.1401,0.489865,59.986110,-0.004841,0.0000,0.0000,5943.0,0.1428,3,0
32.1239,0.489944,59.986107,-0.004845,0.0000,0.0000,5941.7,0.1424,3,0
32.1080,0.490023,59.986105,-0.004850,0.0000,0.0000,5941.4,0.1424,3,0
32.0925,0.490102,59.986103,-0.004854,0.0000,0.0000,5940.7,0.1425,3,0
32.0758,0.490182,59.986100,-0.004858,0.0000,0.0000,5940.7,0.1428,3,0
32.0605,0.490261,59.986097,-0.004862,0.0000,0.0000,5937.0,0.1432,3,0
32.0465,0.490340,59.986095,-0.004867,0.0000,0.0000,5929.7,0.1438,3,0
32.0284,0.490419,59.986093,-0.004871,0.0000,0.0000,5931.0,0.1445,3,0
32.0134,0.490498,59.986092,-0.004875,0.0000,0.0035,5926.3,0.1454,3,0
31.9984,0.490577,59.986090,-0.004880,0.0000,0.0035,5922.8,0.1467,3,0
31.9822,0.490656,59.986089,-0.004884,0.0000,0.0106,5924.2,0.1482,3,0
31.9674,0.490735,59.986087,-0.004888,0.0000,0.0106,5922.3,0.1496,3,0
31.9547,0.490814,59.986086,-0.004893,0.0000,0.0221,5917.8,0.1511,3,0
31.9423,0.490893,59.986084,-0.004897,0.0000,0.0221,5916.3,0.1526,3,0
31.9271,0.490971,59.986083,-0.004902,0.0000,0.0365,5922.2,0.1540,3,0
31.9178,0.491050,59.986082,-0.004906,0.0000,0.0365,5915.8,0.1553,3,0
31.9084,0.491129,59.986080,-0.004910,0.0000,0.0601,5914.0,0.1564,3,0
31.8980,0.491208,59.986078,-0.004915,0.0000,0.0601,5922.9,0.1572,3,0
31.8904,0.491286,59.986076,-0.004920,0.0000,0.0939,5927.2,0.1576,3,0
31.8842,0.491365,59.986074,-0.004924,0.0000,0.0939,5932.7,0.1576,3,0
31.8780,0.491444,59.986072,-0.004929,0.0000,0.1349,5946.8,0.1573,3,0
31.8749,0.491522,59.986070,-0.004933,0.0000,0.1349,5952.0,0.1567,3,0
31.8740,0.491601,59.986068,-0.004938,0.0000,0.1787,5958.0,0.1558,3,0
31.8728,0.491680,59.986066,-0.004942,0.0000,0.1787,5969.8,0.1545,3,0
31.8736,0.491759,59.986064,-0.004947,0.0000,0.2264,5981.8,0.1529,3,0
31.8744,0.491837,59.986062,-0.004951,0.0000,0.2264,5998.9,0.1512,3,0
31.8775,0.491916,59.986060,-0.004956,0.0000,0.2672,6011.8,0.1495,3,0
31.8820,0.491995,59.986059,-0.004961,0.0000,0.2672,6023.2,0.1480,3,0
31.8892,0.492073,59.986057,-0.004965,0.0000,0.3103,6030.8,0.1469,3,0
31.8966,0.492152,59.986056,-0.004970,0.0000,0.3103,6041.6,0.1459,3,0
31.9062,0.492231,59.986054,-0.004975,0.0000,0.3554,6050.2,0.1450,3,0
31.9162,0.492310,59.986053,-0.004979,0.0000,0.3554,6060.2,0.1441,3,0
31.9268,0.492388,59.986052,-0.004984,0.0000,0.3986,6072.8,0.1433,3,0
31.9388,0.492467,59.986050,-0.004989,0.0000,0.3986,6085.0,0.1427,3,0
31.9530,0.492546,59.986049,-0.004993,0.0000,0.4358,6092.8,0.1425,3,0
31.9677,0.492625,59.986047,-0.004998,0.0000,0.4358,6102.5,0.1422,3,0
31.9836,0.492704,59.986046,-0.005003,0.0000,0.4692,6112.9,0.1420,3,0
32.0000,0.492783,59.986044,-0.005008,0.0000,0.4692,6121.4,0.1416,3,0
32.0187,0.492862,59.986043,-0.005013,0.0000,0.4936,6128.5,0.1411,3,0
32.0369,0.492941,59.986041,-0.005017,0.0000,0.4936,6133.4,0.1406,3,0
32.0558,0.493020,59.986040,-0.005022,0.0000,0.5092,6140.6,0.1402,3,0
32.0759,0.493099,59.986038,-0.005027,0.0000,0.5092,6145.0,0.1398,3,0
32.0966,0.493179,59.986036,-0.005032,0.0000,0.5247,6150.3,0.1393,3,0
32.1174,0.493258,59.986035,-0.005037,0.0000,0.5247,6156.0,0.1389,3,0
32.1387,0.493337,59.986033,-0.005042,0.0000,0.5363,6163.3,0.1385,3,0
32.1604,0.493417,59.986032,-0.005047,0.0000,0.5363,6167.3,0.1382,3,0
32.1826,0.493496,59.986030,-0.005051,0.0000,0.5463,6168.3,0.1381,3,0
32.2052,0.493576,59.986028,-0.005056,0.0000,0.5463,6172.2,0.1383,3,0
32.2280,0.493655,59.986027,-0.005061,0.0000,0.5514,6174.4,0.1389,3,0
32.2507,0.493735,59.986026,-0.005067,0.0000,0.5514,6178.1,0.1395,3,0
32.2731,0.493815,59.986024,-0.005072,0.0000,0.5528,6181.2,0.1402,3,0
32.2960,0.493894,59.986022,-0.005077,0.0000,0.5528,6183.0,0.1408,3,0
32.3178,0.493974,59.986021,-0.005082,0.0000,0.5517,6185.6,0.1416,3,0
32.3402,0.494054,59.986019,-0.005087,0.0000,0.5517,6190.5,0.1426,3,0
32.3615,0.494134,59.986018,-0.005092,0.0000,0.5470,6194.3,0.1436,3,0
32.3831,0.494214,59.986016,-0.005097,0.0000,0.5470,6196.2,0.1445,3,0
32.4058,0.494294,59.986015,-0.005102,0.0000,0.5333,6193.8,0.1454,3,0
32.4276,0.494374,59.986013,-0.005107,0.0000,0.5333,6193.8,0.1464,3,0
32.4477,0.494454,59.986012,-0.005112,0.0000,0.5175,6192.4,0.1473,3,0
32.4676,0.494534,59.986010,-0.005117,0.0000,0.5175,6192.3,0.1484,3,0
32.4869,0.494614,59.986009,-0.005122,0.0000,0.5005,6194.6,0.1496,3,0
32.5048,0.494694,59.986007,-0.005128,0.0000,0.5005,6196.7,0.1510,3,0
32.5236,0.494775,59.986006,-0.005133,0.0000,0.4819,6193.5,0.1521,3,0
32.5417,0.494855,59.986004,-0.005138,0.0000,0.4819,6191.7,0.1533,3,0
32.5594,0.494935,59.986003,-0.005143,0.0000,0.4596,6190.9,0.1543,3,0
32.5744,0.495016,59.986002,-0.005148,0.0000,0.4596,6188.8,0.1552,3,0
32.5894,0.495096,59.986000,-0.005154,0.0000,0.4293,6190.1,0.1565,3,0
32.6030,0.495177,59.985999,-0.005159,0.0000,0.4293,6190.0,0.1578,3,0
32.6173,0.495257,59.985998,-0.005164,0.0000,0.3957,6184.8,0.1589,3,0
32.6297,0.495338,59.985997,-0.005169,0.0000,0.3957,6181.3,0.1598,3,0
32.6406,0.495418,59.985996,-0.005175,0.0000,0.3654,6178.6,0.1605,3,0
32.6493,0.495499,59.985995,-0.005180,0.0000,0.3654,6179.6,0.1611,3,0
32.6590,0.495580,59.985994,-0.005185,0.0000,0.3356,6178.2,0.1618,3,0
32.6669,0.495660,59.985993,-0.005191,0.0000,0.3356,6179.6,0.1627,3,0
32.6754,0.495741,59.985992,-0.005196,0.0000,0.3113,6174.1,0.1634,3,0
32.6832,0.495822,59.985991,-0.005201,0.0000,0.3113,6168.9,0.1641,3,0
32.6902,0.495902,59.985990,-0.005207,0.0000,0.2914,6163.5,0.1647,3,0
32.6953,0.495983,59.985989,-0.005212,0.0000,0.2914,6161.1,0.1653,3,0
32.7000,0.496064,59.985987,-0.005218,0.0000,0.2744,6162.1,0.1660,3,0
32.7035,0.496145,59.985986,-0.005223,0.0000,0.2744,6164.8,0.1670,3,0
32.7065,0.496225,59.985985,-0.005228,0.0000,0.2581,6164.8,0.1681,3,0
32.7099,0.496306,59.985984,-0.005234,0.0000,0.2581,6161.1,0.1692,3,0
32.7129,0.496387,59.985982,-0.005239,0.0000,0.2441,6157.8,0.1703,3,0
32.7148,0.496468,59.985981,-0.005245,0.0000,0.2441,6156.1,0.1715,3,0
32.7153,0.496548,59.985980,-0.005250,0.0000,0.2287,6155.4,0.1727,3,0
32.7165,0.496629,59.985978,-0.005256,0.0000,0.2287,6153.0,0.1741,3,0
32.7172,0.496710,59.985977,-0.005261,0.0000,0.2119,6148.3,0.1756,3,0
32.7174,0.496791,59.985976,-0.005267,0.0000,0.2119,6144.2,0.1770,3,0
32.7159,0.496871,59.985976,-0.005272,0.0000,0.1956,6141.9,0.1782,3,0
32.7135,0.496952,59.985975,-0.005278,0.0000,0.1956,6142.6,0.1792,3,0
32.7108,0.497033,59.985974,-0.005283,0.0000,0.1820,6140.5,0.1802,3,0
32.7079,0.497114,59.985974,-0.005289,0.0000,0.1820,6138.0,0.1813,3,0
32.7039,0.497194,59.985973,-0.005294,0.0000,0.1711,6137.6,0.1824,3,0
32.7006,0.497275,59.985972,-0.005300,0.0000,0.1711,6135.1,0.1833,3,0
32.6977,0.497356,59.985971,-0.005305,0.0000,0.1618,6130.7,0.1839,3,0
32.6921,0.497436,59.985971,-0.005311,0.0000,0.1618,6131.8,0.1843,3,0
32.6860,0.497517,59.985970,-0.005316,0.0000,0.1550,6134.5,0.1845,3,0
32.6811,0.497598,59.985969,-0.005322,0.0000,0.1550,6133.4,0.1847,3,0
32.6765,0.497679,59.985968,-0.005327,0.0000,0.1520,6131.1,0.1847,3,0
32.6719,0.497759,59.985967,-0.005333,0.0000,0.1520,6129.1,0.1847,3,0
32.6663,0.497840,59.985966,-0.005339,0.0000,0.1531,6132.0,0.1843,3,0
32.6613,0.497920,59.985965,-0.005344,0.0000,0.1531,6131.8,0.1836,3,0
32.6565,0.498001,59.985964,-0.005350,0.0000,0.1549,6133.5,0.1826,3,0
32.6510,0.498082,59.985963,-0.005355,0.0000,0.1549,6135.8,0.1815,3,0
32.6470,0.498162,59.985962,-0.005361,0.0000,0.1654,6134.5,0.1801,3,0
32.6427,0.498243,59.985961,-0.005367,0.0000,0.1654,6136.2,0.1783,3,0
32.6390,0.498323,59.985960,-0.005372,0.0000,0.1885,6141.3,0.1762,3,0
32.6367,0.498404,59.985959,-0.005378,0.0000,0.1885,6147.0,0.1736,3,0
32.6337,0.498485,59.985958,-0.005384,0.0000,0.2188,6156.1,0.1709,3,0
32.6324,0.498565,59.985957,-0.005389,0.0000,0.2188,6163.8,0.1679,3,0
32.6326,0.498646,59.985956,-0.005395,0.0000,0.2519,6171.3,0.1647,3,0
32.6338,0.498726,59.985955,-0.005400,0.0000,0.2519,6180.5,0.1611,3,0
32.6357,0.498807,59.985954,-0.005406,0.0000,0.2875,6190.8,0.1571,3,0
32.6365,0.498887,59.985953,-0.005412,0.0000,0.2875,6207.7,0.1527,3,0
32.6378,0.498968,59.985952,-0.005417,0.0000,0.3224,6228.8,0.1478,3,0
32.6401,0.499048,59.985951,-0.005423,0.0000,0.3224,6249.0,0.1428,3,0
32.6429,0.499129,59.985950,-0.005429,0.0000,0.3540,6270.3,0.1378,3,0
32.6483,0.499210,59.985949,-0.005435,0.0000,0.3540,6286.2,0.1326,3,0
32.6544,0.499290,59.985949,-0.005440,0.0000,0.3833,6298.1,0.1276,3,0
32.6630,0.499371,59.985948,-0.005446,0.0000,0.3833,6309.4,0.1224,3,0
32.6721,0.499452,59.985947,-0.005452,0.0000,0.4118,6318.2,0.1174,3,0
32.6801,0.499532,59.985946,-0.005457,0.0000,0.4118,6331.5,0.1126,3,0
32.6901,0.499613,59.985946,-0.005463,0.0000,0.4379,6343.4,0.1080,3,0
32.7017,0.499694,59.985945,-0.005469,0.0000,0.4379,6346.5,0.1039,3,0
32.7139,0.499774,59.985944,-0.005475,0.0000,0.4659,6356.3,0.0997,3,0
32.7279,0.499855,59.985944,-0.005480,0.0000,0.4659,6358.5,0.0959,3,0
32.7419,0.499936,59.985943,-0.005486,0.0000,0.4984,6367.5,0.0921,3,0
32.7562,0.500017,59.985943,-0.005492,0.0000,0.4984,6378.8,0.0883,3,0
32.7715,0.500098,59.985942,-0.005498,0.0000,0.5310,6386.4,0.0848,3,0
32.7883,0.500179,59.985942,-0.005503,0.0000,0.5310,6395.3,0.0813,3,0
32.8079,0.500260,59.985942,-0.005509,0.0000,0.5639,6396.0,0.0779,3,0
32.8294,0.500341,59.985942,-0.005515,0.0000,0.5639,6399.2,0.0744,3,0
32.8491,0.500422,59.985941,-0.005521,0.0000,0.6033,6411.7,0.0708,3,0
32.8704,0.500503,59.985941,-0.005527,0.0000,0.6033,6418.2,0.0673,3,0
32.8923,0.500584,59.985941,-0.005532,0.0000,0.6399,6429.9,0.0638,3,0
32.9169,0.500665,59.985940,-0.005538,0.0000,0.6399,6440.2,0.0607,3,0
32.9441,0.500747,59.985940,-0.005544,0.0000,0.6751,6447.5,0.0576,3,0
32.9728,0.500828,59.985940,-0.005550,0.0000,0.6751,6449.3,0.0548,3,0
33.0019,0.500910,59.985939,-0.005556,0.0000,0.7084,6455.0,0.0519,3,0
33.0319,0.500991,59.985938,-0.005562,0.0000,0.7084,6458.5,0.0490,3,0
33.0632,0.501073,59.985938,-0.005568,0.0000,0.7408,6468.6,0.0463,3,0
33.0924,0.501155,59.985937,-0.005573,0.0000,0.7408,6480.4,0.0437,3,0
33.1291,0.501236,59.985937,-0.005579,0.0000,0.7701,6478.2,0.0409,3,0
33.1641,0.501318,59.985937,-0.005585,0.0000,0.7701,6479.2,0.0383,3,0
33.1971,0.501400,59.985936,-0.005591,0.0000,0.7993,6495.4,0.0352,3,0
33.2315,0.501482,59.985935,-0.005597,0.0000,0.7993,6501.7,0.0324,3,0
33.2627,0.501564,59.985935,-0.005603,0.0000,0.8248,6506.8,0.0281,3,0
33.3088,0.501646,59.985934,-0.005609,0.0000,0.8248,6510.9,0.0232,3,0
33.3431,0.501729,59.985934,-0.005615,0.0000,0.8476,6519.0,0.0197,3,0
33.3902,0.501811,59.985934,-0.005621,0.0000,0.8476,6505.1,0.0151,3,0
33.4280,0.501894,59.985933,-0.005627,0.0000,0.8702,6499.9,0.0100,3,0
33.4637,0.501976,59.985932,-0.005633,0.0000,0.8702,6523.1,0.0063,3,0
33.5087,0.502059,59.985932,-0.005639,0.0000,0.8909,6517.7,0.0018,3,0
33.5469,0.502142,59.985931,-0.005645,0.0000,0.8909,6535.5,-0.0007,3,0
33.5784,0.502225,59.985931,-0.005651,0.0000,0.9104,6570.9,-0.0035,3,0
33.6227,0.502308,59.985931,-0.005657,0.0000,0.9104,6562.1,-0.0063,3,0
33.6702,0.502391,59.985930,-0.005663,0.0000,0.9273,6546.2,-0.0073,3,0
33.7041,0.502474,59.985930,-0.005669,0.0000,0.9273,6583.2,-0.0093,3,0
33.7448,0.502557,59.985930,-0.005675,0.0000,0.9433,6592.2,-0.0102,3,0
33.7894,0.502641,59.985930,-0.005681,0.0000,0.9433,6574.5,-0.0116,3,0
33.8348,0.502724,59.985930,-0.005687,0.0000,0.9595,6560.2,-0.0127,3,0
33.8786,0.502808,59.985930,-0.005693,0.0000,0.9595,6578.4,-0.0132,3,0
33.9156,0.502892,59.985930,-0.005699,0.0000,0.9748,6600.4,-0.0129,3,0
33.9549,0.502976,59.985930,-0.005705,0.0000,0.9748,6605.6,-0.0131,3,0
34.0040,0.503059,59.985930,-0.005711,0.0000,0.9874,6599.8,-0.0143,3,0
34.0417,0.503143,59.985930,-0.005717,0.0000,0.9874,6621.2,-0.0122,3,0
34.0956,0.503228,59.985930,-0.005723,0.0000,1.0000,6594.5,-0.0134,3,0
34.1312,0.503312,59.985930,-0.005729,0.0000,1.0000,6608.8,-0.0114,3,0
34.1773,0.503396,59.985930,-0.005735,0.0000,1.0000,6601.8,-0.0109,3,0
34.2218,0.503481,59.985929,-0.005741,0.0000,1.0000,6611.8,-0.0110,3,0
34.2568,0.503565,59.985929,-0.005748,0.0000,1.0000,6657.2,-0.0070,3,0
34.3055,0.503650,59.985929,-0.005754,0.0000,1.0000,6637.6,-0.0054,3,0
34.3445,0.503735,59.985929,-0.005760,0.0000,1.0000,6661.7,-0.0038,3,0
34.3911,0.503820,59.985929,-0.005766,0.0000,1.0000,6644.7,-0.0029,3,0
34.4306,0.503905,59.985928,-0.005772,0.0000,1.0000,6652.5,0.0002,3,0
34.4680,0.503990,59.985928,-0.005778,0.0000,1.0000,6700.8,0.0017,3,0
34.5072,0.504075,59.985928,-0.005784,0.0000,1.0000,6723.4,0.0038,3,0
34.5540,0.504160,59.985928,-0.005791,0.0000,1.0000,6720.9,0.0078,3,0
34.6021,0.504246,59.985927,-0.005797,0.0000,1.0000,6706.5,0.0100,3,0
34.6413,0.504331,59.985927,-0.005803,0.0000,1.0000,6725.7,0.0122,3,0
34.6859,0.504417,59.985926,-0.005809,0.0000,1.0000,6725.6,0.0150,3,0
34.7175,0.504503,59.985926,-0.005815,0.0000,1.0000,6777.7,0.0177,3,0
34.7674,0.504588,59.985926,-0.005822,0.0000,1.0000,6736.3,0.0193,3,0
34.8060,0.504674,59.985925,-0.005828,0.0000,1.0000,6762.5,0.0195,3,0
34.8495,0.504760,59.985925,-0.005834,0.0000,1.0000,6759.9,0.0221,3,0
34.8963,0.504846,59.985924,-0.005840,0.0000,1.0000,6734.6,0.0228,3,0
34.9464,0.504933,59.985924,-0.005847,0.0000,1.0000,6721.3,0.0232,3,0
34.9965,0.505019,59.985924,-0.005853,0.0000,1.0000,6693.0,0.0252,3,0
35.0317,0.505106,59.985924,-0.005859,0.0000,1.0000,6734.0,0.0272,3,0
35.0618,0.505192,59.985924,-0.005865,0.0000,1.0000,6794.7,0.0279,3,0
35.1061,0.505279,59.985924,-0.005872,0.0000,1.0000,6783.4,0.0293,3,0
35.1473,0.505366,59.985924,-0.005878,0.0000,1.0000,6786.9,0.0306,3,0
35.1902,0.505452,59.985924,-0.005884,0.0000,1.0000,6785.5,0.0309,3,0
35.2385,0.505539,59.985924,-0.005890,0.0000,1.0000,6783.1,0.0318,3,0
35.2757,0.505627,59.985924,-0.005897,0.0000,1.0000,6797.9,0.0342,3,0
35.3184,0.505714,59.985924,-0.005903,0.0000,1.0000,6806.3,0.0328,3,0
35.3640,0.505801,59.985924,-0.005909,0.0000,1.0000,6803.2,0.0344,3,0
35.4011,0.505888,59.985924,-0.005916,0.0000,1.0000,6800.7,0.0336,3,0
35.4467,0.505976,59.985923,-0.005922,0.0000,1.0000,6814.9,0.0333,3,0
35.4795,0.506064,59.985923,-0.005928,0.0000,1.0000,6827.4,0.0341,3,0
35.5279,0.506151,59.985922,-0.005935,0.0000,1.0000,6801.4,0.0315,3,0
35.5814,0.506239,59.985922,-0.005941,0.0000,1.0000,6791.1,0.0324,3,0
35.6155,0.506327,59.985922,-0.005947,0.0000,1.0000,6799.7,0.0313,3,0
35.6700,0.506415,59.985921,-0.005954,0.0000,1.0000,6780.4,0.0312,3,0
35.6980,0.506503,59.985921,-0.005960,0.0000,1.0000,6815.9,0.0319,3,0
35.7492,0.506591,59.985920,-0.005967,0.0000,1.0000,6800.1,0.0330,3,0
35.7647,0.506680,59.985920,-0.005973,0.0000,1.0000,6876.0,0.0337,3,0
35.8139,0.506768,59.985920,-0.005979,0.0000,1.0000,6870.4,0.0348,3,0
35.8713,0.506857,59.985919,-0.005986,0.0000,1.0000,6812.0,0.0382,3,0
35.9017,0.506945,59.985919,-0.005992,0.0000,1.0000,6879.4,0.0395,3,0
35.9566,0.507034,59.985918,-0.005999,0.0000,1.0000,6812.4,0.0416,3,0
35.9898,0.507123,59.985918,-0.006005,0.0000,1.0000,6867.4,0.0449,3,0
36.0343,0.507212,59.985918,-0.006011,0.0000,1.0000,6851.7,0.0474,3,0
36.0496,0.507301,59.985917,-0.006018,0.0000,1.0000,6927.9,0.0495,3,0
36.0953,0.507390,59.985917,-0.006024,0.0000,1.0000,6903.5,0.0524,3,0
36.1421,0.507479,59.985916,-0.006031,0.0000,1.0000,6890.6,0.0575,3,0
36.1963,0.507569,59.985916,-0.006037,0.0000,0.9682,6839.8,0.0607,3,0
36.2213,0.507658,59.985916,-0.006044,0.0000,0.9682,6891.3,0.0618,3,0
36.2738,0.507747,59.985916,-0.006050,0.0000,0.8879,6870.1,0.0637,3,0
36.3078,0.507837,59.985916,-0.006057,0.0000,0.8879,6856.7,0.0658,3,0
36.3272,0.507927,59.985916,-0.006063,0.0000,0.7759,6903.0,0.0669,3,0
36.3592,0.508017,59.985916,-0.006070,0.0000,0.7759,6918.5,0.0685,3,0
36.3916,0.508106,59.985916,-0.006076,0.0000,0.6389,6873.1,0.0699,3,0
36.4140,0.508196,59.985916,-0.006083,0.0000,0.6389,6862.9,0.0696,3,0
36.4306,0.508286,59.985916,-0.006089,0.0000,0.4864,6863.5,0.0694,3,0
36.4549,0.508376,59.985916,-0.006096,0.0000,0.4864,6808.6,0.0695,3,0
36.4515,0.508466,59.985916,-0.006102,0.0000,0.3260,6828.6,0.0682,3,0
36.4594,0.508556,59.985916,-0.006109,0.0000,0.3260,6810.6,0.0667,3,0
36.4507,0.508646,59.985915,-0.006115,0.0024,0.2007,6780.1,0.0655,3,0
36.4470,0.508736,59.985915,-0.006122,0.0024,0.2007,6782.2,0.0639,3,0
36.4528,0.508826,59.985914,-0.006128,0.0104,0.1074,6746.1,0.0629,3,0
36.4378,0.508916,59.985914,-0.006135,0.0104,0.1074,6717.7,0.0604,3,0
36.4264,0.509006,59.985914,-0.006141,0.0180,0.0496,6689.2,0.0577,3,0
36.4019,0.509096,59.985913,-0.006148,0.0180,0.0496,6714.2,0.0557,3,0
36.3810,0.509186,59.985913,-0.006154,0.0234,0.0308,6680.0,0.0507,3,0
36.3452,0.509275,59.985912,-0.006161,0.0234,0.0308,6751.1,0.0478,3,0
36.3292,0.509365,59.985912,-0.006167,0.0332,0.0390,6717.0,0.0458,3,0
36.3173,0.509455,59.985912,-0.006174,0.0332,0.0390,6655.2,0.0420,3,0
36.2859,0.509544,59.985912,-0.006180,0.0419,0.0528,6691.1,0.0393,3,0
36.2643,0.509634,59.985912,-0.006187,0.0419,0.0528,6658.3,0.0358,3,0
36.2357,0.509723,59.985912,-0.006193,0.0703,0.0574,6661.0,0.0311,3,0
36.1966,0.509813,59.985912,-0.006200,0.0703,0.0574,6669.9,0.0290,3,0
36.1598,0.509902,59.985912,-0.006206,0.0955,0.0450,6693.7,0.0272,3,0
36.1247,0.509991,59.985912,-0.006213,0.0955,0.0450,6971.4,0.0266,3,0
36.0858,0.510080,59.985912,-0.006219,0.1312,1.0000,7515.3,0.0241,3,0
36.0438,0.510169,59.985912,-0.006226,0.1312,1.0000,8047.0,0.0240,3,0
36.0011,0.510258,59.985912,-0.006232,0.1605,0.3575,8175.9,0.0236,3,0
35.9581,0.510347,59.985912,-0.006239,0.1605,0.3575,8149.5,0.0234,3,0
35.8923,0.510435,59.985912,-0.006245,0.1907,0.0000,8153.9,0.0234,2,0
35.8398,0.510524,59.985912,-0.006252,0.1907,0.0000,8095.1,0.0224,2,0
35.7794,0.510612,59.985912,-0.006258,0.2183,0.0000,8092.5,0.0225,2,0
35.7116,0.510700,59.985912,-0.006265,0.2183,0.0000,8078.4,0.0231,2,0
35.6557,0.510788,59.985912,-0.006271,0.2330,0.0000,8047.3,0.0225,2,0
35.5951,0.510876,59.985912,-0.006278,0.2330,0.0000,7995.8,0.0217,2,0
35.5423,0.510964,59.985912,-0.006284,0.2524,0.0000,7949.0,0.0203,2,0
35.4549,0.511052,59.985912,-0.006290,0.2524,0.0000,7973.9,0.0205,2,0
35.3780,0.511139,59.985912,-0.006297,0.2584,0.0000,7974.8,0.0180,2,0
35.3122,0.511226,59.985912,-0.006303,0.2584,0.0000,7927.0,0.0168,2,0
35.2448,0.511313,59.985912,-0.006309,0.2753,0.0000,7901.7,0.0143,2,0
35.1622,0.511400,59.985911,-0.006316,0.2753,0.0000,7877.4,0.0120,2,0
35.0863,0.511486,59.985911,-0.006322,0.2948,0.0000,7875.4,0.0100,2,0
35.0142,0.511573,59.985911,-0.006328,0.2948,0.0000,7827.3,0.0087,2,0
34.9358,0.511659,59.985911,-0.006335,0.3055,0.0000,7839.3,0.0075,2,0
34.8441,0.511745,59.985911,-0.006341,0.3055,0.0000,7822.8,0.0052,2,0
34.7630,0.511831,59.985910,-0.006347,0.3250,0.0000,7796.9,0.0046,2,0
34.6816,0.511917,59.985910,-0.006354,0.3250,0.0000,7766.3,0.0029,2,0
34.5929,0.512002,59.985910,-0.006360,0.3350,0.0000,7767.6,0.0024,2,0
34.4999,0.512087,59.985910,-0.006366,0.3350,0.0000,7782.9,-0.0001,2,0
34.4165,0.512172,59.985910,-0.006372,0.3500,0.0000,7701.1,-0.0017,2,0
34.3294,0.512257,59.985910,-0.006378,0.3500,0.0000,7695.4,-0.0048,2,0
34.2372,0.512341,59.985910,-0.006385,0.3666,0.0000,7662.1,-0.0054,2,0
34.1400,0.512426,59.985910,-0.006391,0.3666,0.0000,7669.2,-0.0098,2,0
34.0539,0.512510,59.985910,-0.006397,0.3746,0.0000,7619.9,-0.0120,2,0
33.9649,0.512594,59.985910,-0.006403,0.3746,0.0000,7590.9,-0.0146,2,0
33.8728,0.512677,59.985910,-0.006409,0.3863,0.0000,7574.4,-0.0170,2,0
33.7813,0.512761,59.985910,-0.006415,0.3863,0.0000,7589.1,-0.0183,2,0
33.6848,0.512844,59.985910,-0.006422,0.3897,0.0000,7560.4,-0.0199,2,0
33.5941,0.512927,59.985910,-0.006428,0.3897,0.0000,7551.2,-0.0226,2,0
33.5037,0.513009,59.985910,-0.006434,0.4028,0.0000,7501.7,-0.0237,2,0
33.4004,0.513092,59.985910,-0.006440,0.4028,0.0000,7499.1,-0.0249,2,0
33.2982,0.513174,59.985910,-0.006446,0.4135,0.0000,7463.8,-0.0273,2,0
33.2049,0.513256,59.985910,-0.006452,0.4135,0.0000,7416.5,-0.0291,2,0
33.1078,0.513338,59.985910,-0.006458,0.4165,0.0000,7393.2,-0.0303,2,0
33.0182,0.513419,59.985910,-0.006464,0.4165,0.0000,7323.5,-0.0320,2,0
32.9217,0.513500,59.985910,-0.006470,0.4339,0.0000,7302.0,-0.0335,2,0
32.8082,0.513581,59.985910,-0.006476,0.4339,0.0000,7255.3,-0.0333,2,0
32.7070,0.513662,59.985910,-0.006482,0.4347,0.0000,7262.5,-0.0373,2,0
32.6016,0.513743,59.985910,-0.006487,0.4347,0.0000,7256.9,-0.0352,2,0
32.5063,0.513823,59.985910,-0.006493,0.4435,0.0000,7247.2,-0.0319,2,0
32.4075,0.513903,59.985910,-0.006499,0.4435,0.0000,7202.8,-0.0315,2,0
32.3100,0.513983,59.985910,-0.006505,0.4624,0.0000,7157.5,-0.0306,2,0
32.2048,0.514062,59.985910,-0.006511,0.4624,0.0000,7119.5,-0.0262,2,0
32.0961,0.514141,59.985910,-0.006517,0.4670,0.0000,7125.1,-0.0238,2,0
31.9709,0.514220,59.985910,-0.006522,0.4670,0.0000,7191.8,-0.0237,2,0
31.8723,0.514299,59.985910,-0.006528,0.4742,0.0000,7121.6,-0.0177,2,0
31.7725,0.514377,59.985910,-0.006534,0.4742,0.0000,7068.9,-0.0153,2,0
31.6707,0.514456,59.985910,-0.006540,0.4689,0.0000,7003.7,-0.0092,2,0
31.5579,0.514534,59.985910,-0.006545,0.4689,0.0000,7002.3,-0.0039,2,0
31.4557,0.514611,59.985910,-0.006551,0.4768,0.0000,6953.7,0.0016,2,0
31.3367,0.514689,59.985910,-0.006557,0.4768,0.0000,6967.1,0.0076,2,0
31.2145,0.514766,59.985910,-0.006562,0.4899,0.0000,7002.7,0.0132,2,0
31.1031,0.514842,59.985910,-0.006568,0.4899,0.0000,6973.4,0.0191,2,0
30.9903,0.514919,59.985910,-0.006574,0.4756,0.0000,6943.8,0.0253,2,0
30.8835,0.514995,59.985910,-0.006579,0.4756,0.0000,6887.8,0.0317,2,0
30.7714,0.515071,59.985910,-0.006585,0.4703,0.0000,6877.5,0.0366,2,0
30.6572,0.515147,59.985910,-0.006590,0.4703,0.0000,6863.8,0.0413,2,0
30.5484,0.515222,59.985910,-0.006596,0.4665,0.0000,6836.3,0.0471,2,0
30.4362,0.515297,59.985909,-0.006602,0.4665,0.0000,6813.0,0.0521,2,0
30.3278,0.515372,59.985909,-0.006607,0.4599,0.0000,6791.1,0.0571,2,0
30.2186,0.515447,59.985909,-0.006612,0.4599,0.0000,6744.9,0.0627,2,0
30.1132,0.515521,59.985908,-0.006618,0.4543,0.0000,6730.1,0.0658,2,0
30.0007,0.515595,59.985907,-0.006623,0.4543,0.0000,6719.8,0.0709,2,0
29.8958,0.515669,59.985907,-0.006629,0.4423,0.0000,6689.6,0.0752,2,0
29.7955,0.515743,59.985906,-0.006634,0.4423,0.0000,6644.9,0.0797,2,0
29.6877,0.515816,59.985906,-0.006640,0.4413,0.0000,6631.0,0.0840,2,0
29.5820,0.515889,59.985906,-0.006645,0.4413,0.0000,6609.1,0.0876,2,0
29.4773,0.515962,59.985905,-0.006650,0.4286,0.0000,6582.5,0.0910,2,0
29.3714,0.516034,59.985905,-0.006656,0.4286,0.0000,6567.2,0.0940,2,0
29.2746,0.516106,59.985905,-0.006661,0.4293,0.0000,6518.4,0.0970,2,0
29.1713,0.516178,59.985905,-0.006666,0.4293,0.0000,6496.7,0.0998,2,0
29.0695,0.516250,59.985905,-0.006671,0.4255,0.0000,6467.2,0.1028,2,0
28.9676,0.516322,59.985905,-0.006677,0.4255,0.0000,6442.4,0.1058,2,0
28.8667,0.516393,59.985905,-0.006682,0.4169,0.0000,6419.1,0.1089,2,0
28.7658,0.516464,59.985905,-0.006687,0.4169,0.0000,6420.6,0.1118,2,0
28.6656,0.516535,59.985905,-0.006692,0.4238,0.0000,6405.9,0.1146,2,0
28.5673,0.516605,59.985905,-0.006698,0.4238,0.0000,6367.6,0.1175,2,0
28.4677,0.516676,59.985905,-0.006703,0.4188,0.0000,6334.3,0.1204,2,0
28.3684,0.516746,59.985905,-0.006708,0.4188,0.0000,6331.3,0.1233,2,0
28.2705,0.516815,59.985905,-0.006713,0.4219,0.0000,6311.6,0.1262,2,0
28.1724,0.516885,59.985905,-0.006718,0.4219,0.0000,6274.3,0.1291,2,0
28.0709,0.516954,59.985905,-0.006723,0.4230,0.0000,6274.7,0.1318,2,0
27.9725,0.517023,59.985905,-0.006728,0.4230,0.0000,6256.0,0.1345,2,0
27.8768,0.517092,59.985905,-0.006733,0.4143,0.0000,6215.1,0.1372,2,0
27.7798,0.517161,59.985905,-0.006738,0.4143,0.0000,6190.9,0.1400,2,0
27.6818,0.517229,59.985905,-0.006743,0.4134,0.0000,6191.7,0.1430,2,0
27.5894,0.517297,59.985905,-0.006748,0.4134,0.0000,6153.9,0.1460,2,0
27.4978,0.517365,59.985905,-0.006753,0.4030,0.0000,6126.4,0.1493,2,0
27.4057,0.517433,59.985906,-0.006758,0.4030,0.0000,6130.2,0.1531,2,0
27.3160,0.517500,59.985906,-0.006763,0.3934,0.0000,6099.5,0.1563,2,0
27.2272,0.517567,59.985906,-0.006768,0.3934,0.0000,6071.2,0.1599,2,0
27.1382,0.517634,59.985907,-0.006773,0.3861,0.0000,6068.0,0.1640,2,0
27.0520,0.517701,59.985907,-0.006778,0.3861,0.0000,6036.6,0.1681,2,0
26.9655,0.517768,59.985908,-0.006783,0.3620,0.0000,6012.1,0.1724,2,0
26.8779,0.517834,59.985909,-0.006788,0.3620,0.0000,6012.5,0.1764,2,0
26.7952,0.517900,59.985909,-0.006793,0.3466,0.0000,5979.0,0.1804,2,0
26.7139,0.517966,59.985909,-0.006797,0.3466,0.0000,5972.9,0.1842,2,0
26.6358,0.518032,59.985910,-0.006802,0.3069,0.0000,5962.8,0.1876,2,0
26.5604,0.518097,59.985910,-0.006807,0.3069,0.0000,5935.1,0.1898,2,0
26.4844,0.518163,59.985910,-0.006812,0.2821,0.0000,5930.6,0.1916,2,0
26.4121,0.518228,59.985910,-0.006816,0.2821,0.0000,5918.3,0.1928,2,0
26.3442,0.518293,59.985910,-0.006821,0.2502,0.0000,5895.1,0.1935,2,0
26.2780,0.518358,59.985910,-0.006826,0.2502,0.0000,5895.7,0.1935,2,0
26.2166,0.518423,59.985910,-0.006831,0.2105,0.0000,5889.8,0.1928,2,0
26.1593,0.518487,59.985910,-0.006835,0.2105,0.0000,5872.0,0.1917,2,0
26.1027,0.518552,59.985910,-0.006840,0.1884,0.0000,5864.7,0.1905,2,0
26.0471,0.518616,59.985910,-0.006845,0.1884,0.0000,5870.5,0.1888,2,0
25.9945,0.518680,59.985910,-0.006850,0.1575,0.0000,5863.3,0.1868,2,0
25.9463,0.518744,59.985910,-0.006854,0.1575,0.0000,5854.9,0.1848,2,0
25.9015,0.518808,59.985910,-0.006859,0.1304,0.0000,5850.3,0.1830,2,0
25.8563,0.518872,59.985911,-0.006863,0.1304,0.0000,5851.3,0.1813,2,0
25.8158,0.518936,59.985911,-0.006868,0.1037,0.0000,5848.0,0.1794,2,0
25.7778,0.518999,59.985911,-0.006873,0.1037,0.0000,5848.2,0.1775,2,0
25.7426,0.519063,59.985911,-0.006877,0.0717,0.0000,5855.7,0.1755,2,0
25.7119,0.519126,59.985911,-0.006882,0.0717,0.0000,5855.1,0.1737,2,0
25.6817,0.519190,59.985912,-0.006886,0.0505,0.0000,5856.7,0.1718,2,0
25.6524,0.519253,59.985912,-0.006891,0.0505,0.0000,5860.5,0.1698,2,0
25.6282,0.519316,59.985912,-0.006896,0.0310,0.0000,5859.5,0.1682,2,0
25.6051,0.519379,59.985912,-0.006900,0.0310,0.0000,5858.7,0.1672,2,0
25.5827,0.519443,59.985913,-0.006905,0.0185,0.0000,5857.2,0.1666,2,0
25.5617,0.519506,59.985913,-0.006909,0.0185,0.0000,5855.8,0.1659,2,0
25.5435,0.519569,59.985914,-0.006914,0.0072,0.0000,5856.0,0.1655,2,0
25.5251,0.519632,59.985914,-0.006918,0.0072,0.0000,5855.9,0.1653,2,0
25.5067,0.519695,59.985914,-0.006923,0.0000,0.0000,5854.9,0.1654,2,0
25.4898,0.519758,59.985915,-0.006927,0.0000,0.0000,5851.4,0.1657,2,0
25.4740,0.519821,59.985915,-0.006932,0.0000,0.0000,5844.8,0.1663,2,0
25.4584,0.519883,59.985916,-0.006936,0.0000,0.0000,5838.7,0.1675,2,0
25.4428,0.519946,59.985916,-0.006941,0.0000,0.0000,5832.5,0.1690,2,0
25.4275,0.520009,59.985917,-0.006945,0.0000,0.0000,5825.1,0.1708,2,0
25.4110,0.520072,59.985918,-0.006950,0.0000,0.0000,5821.6,0.1727,2,0
25.3958,0.520134,59.985918,-0.006954,0.0000,0.0000,5813.4,0.1749,2,0
25.3798,0.520197,59.985919,-0.006959,0.0000,0.0000,5808.5,0.1773,2,0
25.3643,0.520260,59.985920,-0.006963,0.0000,0.0000,5801.2,0.1801,2,0
25.3489,0.520322,59.985921,-0.006968,0.0000,0.0000,5795.1,0.1833,2,0
25.3328,0.520385,59.985922,-0.006972,0.0000,0.0000,5791.6,0.1868,2,0
25.3190,0.520447,59.985922,-0.006976,0.0000,0.0000,5778.3,0.1907,2,0
25.3040,0.520510,59.985923,-0.006981,0.0000,0.0000,5769.6,0.1947,2,0
25.2896,0.520572,59.985924,-0.006985,0.0000,0.0000,5760.8,0.1989,2,0
25.2731,0.520635,59.985924,-0.006990,0.0000,0.0000,5758.8,0.2032,2,0
25.2569,0.520697,59.985925,-0.006994,0.0000,0.0000,5756.6,0.2074,2,0
25.2420,0.520759,59.985925,-0.006998,0.0000,0.0000,5748.4,0.2117,2,0
25.2276,0.520822,59.985926,-0.007003,0.0000,0.0000,5738.6,0.2162,2,0
25.2115,0.520884,59.985926,-0.007007,0.0000,0.0000,5736.0,0.2208,2,0
25.1964,0.520946,59.985926,-0.007011,0.0000,0.0000,5730.2,0.2253,2,0
25.1822,0.521008,59.985927,-0.007016,0.0000,0.0000,5719.0,0.2295,2,0
25.1670,0.521070,59.985927,-0.007020,0.0000,0.0000,5713.8,0.2332,2,0
25.1500,0.521132,59.985928,-0.007024,0.0000,0.0000,5715.8,0.2364,2,0
25.1341,0.521194,59.985928,-0.007029,0.0000,0.0000,5712.9,0.2389,2,0
25.1190,0.521256,59.985929,-0.007033,0.0000,0.0000,5705.9,0.2407,2,0
25.1042,0.521318,59.985929,-0.007037,0.0000,0.0000,5698.2,0.2421,2,0
25.0895,0.521380,59.985930,-0.007042,0.0000,0.0000,5690.3,0.2430,2,0
25.0741,0.521442,59.985931,-0.007046,0.0000,0.0000,5686.8,0.2434,2,0
25.0588,0.521504,59.985931,-0.007050,0.0000,0.0000,5682.4,0.2431,2,0
25.0435,0.521566,59.985932,-0.007054,0.0000,0.0000,5678.7,0.2421,2,0
25.0280,0.521628,59.985933,-0.007059,0.0000,0.0000,5675.5,0.2404,2,0
25.0120,0.521689,59.985934,-0.007063,0.0000,0.0000,5675.1,0.2381,2,0
24.9962,0.521751,59.985934,-0.007067,0.0000,0.0000,5674.3,0.2354,2,0
24.9815,0.521813,59.985935,-0.007071,0.0000,0.0000,5669.2,0.2326,2,0
24.9673,0.521874,59.985936,-0.007076,0.0000,0.0000,5663.0,0.2301,2,0
24.9526,0.521936,59.985937,-0.007080,0.0000,0.0000,5657.9,0.2275,2,0
24.9380,0.521998,59.985937,-0.007084,0.0000,0.0000,5654.3,0.2248,2,0
24.9230,0.522059,59.985938,-0.007088,0.0000,0.0000,5652.9,0.2223,2,0
24.9089,0.522121,59.985939,-0.007092,0.0000,0.0000,5649.6,0.2198,2,0
24.8940,0.522182,59.985940,-0.007096,0.0000,0.0000,5647.3,0.2174,2,0
24.8782,0.522243,59.985941,-0.007101,0.0000,0.0000,5649.6,0.2151,2,0
24.8636,0.522305,59.985941,-0.007105,0.0000,0.0000,5648.1,0.2133,2,0
24.8500,0.522366,59.985942,-0.007109,0.0000,0.0000,5641.8,0.2121,2,0
24.8363,0.522428,59.985943,-0.007113,0.0000,0.0000,5636.6,0.2112,2,0
24.8219,0.522489,59.985944,-0.007117,0.0000,0.0000,5634.2,0.2109,2,0
24.8076,0.522550,59.985945,-0.007121,0.0000,0.0000,5632.7,0.2107,2,0
24.7935,0.522611,59.985946,-0.007125,0.0000,0.0000,5629.1,0.2107,2,0
24.7791,0.522672,59.985947,-0.007129,0.0000,0.0000,5627.0,0.2109,2,0
24.7633,0.522734,59.985948,-0.007133,0.0000,0.0000,5628.8,0.2112,2,0
24.7476,0.522795,59.985950,-0.007137,0.0000,0.0000,5629.6,0.2113,2,0
24.7337,0.522856,59.985951,-0.007141,0.0000,0.0000,5625.7,0.2117,2,0
24.7200,0.522917,59.985952,-0.007146,0.0000,0.0000,5619.4,0.2124,2,0
24.7068,0.522978,59.985953,-0.007150,0.0000,0.0000,5612.2,0.2131,2,0
24.6911,0.523039,59.985954,-0.007154,0.0000,0.0000,5613.4,0.2139,2,0
24.6772,0.523100,59.985955,-0.007158,0.0000,0.0000,5610.0,0.2147,2,0
24.6627,0.523160,59.985956,-0.007161,0.0000,0.0000,5607.2,0.2155,2,0
24.6487,0.523221,59.985956,-0.007165,0.0000,0.0000,5603.1,0.2162,2,0
24.6322,0.523282,59.985957,-0.007169,0.0000,0.0000,5606.4,0.2170,2,0
24.6181,0.523343,59.985958,-0.007173,0.0000,0.0000,5604.7,0.2177,2,0
24.6039,0.523404,59.985959,-0.007177,0.0000,0.0000,5599.9,0.2186,2,0
24.5910,0.523464,59.985960,-0.007181,0.0000,0.0000,5592.0,0.2195,2,0
24.5766,0.523525,59.985960,-0.007185,0.0000,0.0000,5588.7,0.2206,2,0
24.5619,0.523586,59.985961,-0.007189,0.0000,0.0000,5587.2,0.2217,2,0
24.5488,0.523646,59.985962,-0.007193,0.0000,0.0000,5580.9,0.2227,2,0
24.5347,0.523707,59.985963,-0.007197,0.0000,0.0000,5577.4,0.2237,2,0
24.5202,0.523767,59.985964,-0.007200,0.0000,0.0000,5576.5,0.2247,2,0
24.5051,0.523828,59.985965,-0.007204,0.0000,0.0000,5578.4,0.2257,2,0
24.4914,0.523888,59.985966,-0.007208,0.0000,0.0000,5573.6,0.2268,2,0
24.4772,0.523949,59.985968,-0.007212,0.0000,0.0000,5570.5,0.2278,2,0
24.4647,0.524009,59.985969,-0.007216,0.0000,0.0000,5560.9,0.2288,2,0
24.4508,0.524069,59.985970,-0.007219,0.0000,0.0000,5556.4,0.2295,2,0
24.4367,0.524130,59.985971,-0.007223,0.0000,0.0000,5553.6,0.2302,2,0
24.4233,0.524190,59.985972,-0.007227,0.0000,0.0000,5548.7,0.2306,2,0
24.4095,0.524250,59.985973,-0.007231,0.0000,0.0000,5545.6,0.2310,2,0
24.3944,0.524311,59.985975,-0.007234,0.0000,0.0000,5545.8,0.2312,2,0
24.3802,0.524371,59.985976,-0.007238,0.0000,0.0000,5545.4,0.2316,2,0
24.3663,0.524431,59.985978,-0.007242,0.0000,0.0000,5542.4,0.2321,2,0
24.3537,0.524491,59.985980,-0.007245,0.0000,0.0000,5534.4,0.2328,2,0
24.3409,0.524551,59.985982,-0.007249,0.0000,0.0000,5528.4,0.2334,2,0
24.3273,0.524611,59.985983,-0.007253,0.0000,0.0000,5525.6,0.2341,2,0
24.3141,0.524671,59.985985,-0.007256,0.0000,0.0000,5521.5,0.2348,2,0
24.3008,0.524731,59.985987,-0.007260,0.0000,0.0000,5516.7,0.2354,2,0
24.2869,0.524791,59.985988,-0.007264,0.0000,0.0000,5513.8,0.2362,2,0
24.2724,0.524851,59.985990,-0.007267,0.0000,0.0000,5515.2,0.2370,2,0
24.2587,0.524911,59.985991,-0.007271,0.0000,0.0000,5514.0,0.2381,2,0
24.2451,0.524971,59.985992,-0.007274,0.0000,0.0000,5512.3,0.2395,2,0
24.2327,0.525031,59.985993,-0.007278,0.0000,0.0000,5505.3,0.2410,2,0
24.2203,0.525090,59.985994,-0.007281,0.0000,0.0000,5499.9,0.2427,2,0
24.2067,0.525150,59.985995,-0.007285,0.0000,0.0000,5499.6,0.2444,2,0
24.1939,0.525210,59.985996,-0.007288,0.0000,0.0000,5495.1,0.2462,2,0
24.1814,0.525270,59.985997,-0.007292,0.0000,0.0000,5488.2,0.2481,2,0
24.1672,0.525329,59.985998,-0.007295,0.0000,0.0000,5487.1,0.2501,2,0
24.1535,0.525389,59.985999,-0.007299,0.0000,0.0000,5486.9,0.2524,2,0
24.1396,0.525448,59.986000,-0.007302,0.0000,0.0000,5486.0,0.2548,2,0
24.1263,0.525508,59.986002,-0.007306,0.0000,0.0000,5482.0,0.2572,2,0
24.1133,0.525568,59.986003,-0.007309,0.0000,0.0000,5477.2,0.2592,2,0
24.1003,0.525627,59.986004,-0.007312,0.0000,0.0000,5473.5,0.2610,2,0
24.0864,0.525686,59.986006,-0.007316,0.0000,0.0000,5473.4,0.2623,2,0
24.0705,0.525746,59.986007,-0.007319,0.0000,0.0000,5467.9,0.2629,2,0
24.0556,0.525805,59.986009,-0.007323,0.0000,0.0000,5463.1,0.2633,2,0
24.0400,0.525865,59.986010,-0.007326,0.0000,0.0000,5457.4,0.2629,2,0
24.0220,0.525924,59.986012,-0.007329,0.0000,0.0000,5459.6,0.2629,2,0
24.0043,0.525983,59.986013,-0.007333,0.0000,0.0000,5457.5,0.2619,2,0
23.9929,0.526042,59.986015,-0.007336,0.0000,0.0000,5455.1,0.2604,2,0
23.9746,0.526102,59.986016,-0.007339,0.0000,0.0000,5449.0,0.2574,2,0
23.9628,0.526161,59.986017,-0.007342,0.0000,0.0000,5449.3,0.2542,2,0
23.9373,0.526220,59.986019,-0.007345,0.0000,0.0000,5455.0,0.2504,2,0
23.9238,0.526279,59.986020,-0.007349,0.0000,0.0000,5453.5,0.2469,2,0
23.9147,0.526338,59.986021,-0.007352,0.0000,0.0000,5449.3,0.2427,2,0
23.9002,0.526397,59.986022,-0.007355,0.0000,0.0000,5448.9,0.2387,2,0
23.8838,0.526456,59.986023,-0.007358,0.0000,0.0000,5458.1,0.2360,2,0
23.8674,0.526515,59.986025,-0.007361,0.0000,0.0000,5474.7,0.2339,2,0
23.8513,0.526574,59.986026,-0.007365,0.0000,0.0000,5478.2,0.2318,2,0
23.8344,0.526633,59.986027,-0.007368,0.0000,0.0000,5483.9,0.2302,2,0
23.8258,0.526691,59.986029,-0.007371,0.0000,0.0000,5479.4,0.2288,2,0
23.8079,0.526750,59.986030,-0.007374,0.0000,0.0025,5484.6,0.2291,2,0
23.8019,0.526809,59.986031,-0.007377,0.0000,0.0025,5453.4,0.2291,2,0
23.7838,0.526868,59.986033,-0.007380,0.0000,0.0053,5472.6,0.2295,2,0
23.7704,0.526926,59.986035,-0.007383,0.0000,0.0053,5481.2,0.2308,2,0
23.7599,0.526985,59.986036,-0.007386,0.0000,0.0099,5476.3,0.2331,2,0
23.7530,0.527044,59.986038,-0.007389,0.0000,0.0099,5455.9,0.2353,2,0
23.7385,0.527102,59.986039,-0.007392,0.0000,0.0138,5466.1,0.2377,2,0
23.7285,0.527161,59.986040,-0.007395,0.0000,0.0138,5464.0,0.2400,2,0
23.7192,0.527219,59.986042,-0.007398,0.0000,0.0231,5464.4,0.2426,2,0
23.7095,0.527278,59.986044,-0.007401,0.0000,0.0231,5471.3,0.2452,2,0
23.7098,0.527336,59.986046,-0.007404,0.0000,0.0399,5442.1,0.2478,2,0
23.7013,0.527395,59.986047,-0.007406,0.0000,0.0399,5459.7,0.2497,2,0
23.6997,0.527453,59.986049,-0.007409,0.0000,0.0625,5457.2,0.2524,2,0
23.6973,0.527512,59.986051,-0.007412,0.0000,0.0625,5473.7,0.2546,2,0
23.6954,0.527570,59.986053,-0.007415,0.0000,0.0916,5485.5,0.2567,2,0
23.6931,0.527629,59.986055,-0.007418,0.0000,0.0916,5492.7,0.2586,2,0
23.6962,0.527687,59.986056,-0.007421,0.0000,0.1256,5503.9,0.2585,2,0
23.6864,0.527746,59.986058,-0.007424,0.0000,0.1256,5537.6,0.2579,2,0
23.6869,0.527804,59.986060,-0.007426,0.0000,0.1625,5545.8,0.2572,2,0
23.6799,0.527863,59.986062,-0.007429,0.0000,0.1625,5614.7,0.2528,2,0
23.6993,0.527921,59.986063,-0.007432,0.0000,0.1991,5569.2,0.2483,2,0
23.7081,0.527980,59.986065,-0.007435,0.0000,0.1991,5594.1,0.2434,2,0
23.7096,0.528038,59.986066,-0.007437,0.0000,0.2306,5652.4,0.2393,2,0
23.7126,0.528097,59.986068,-0.007440,0.0000,0.2306,5707.4,0.2361,2,0
23.7193,0.528155,59.986070,-0.007443,0.0000,0.2516,5734.9,0.2334,2,0
23.7329,0.528214,59.986071,-0.007445,0.0000,0.2516,5714.3,0.2315,2,0
23.7551,0.528273,59.986073,-0.007448,0.0000,0.2650,5685.2,0.2301,2,0
23.7670,0.528331,59.986074,-0.007451,0.0000,0.2650,5705.1,0.2305,2,0
23.7959,0.528390,59.986076,-0.007453,0.0000,0.2726,5641.6,0.2318,2,0
23.8142,0.528449,59.986077,-0.007456,0.0000,0.2726,5635.0,0.2338,2,0
23.8330,0.528508,59.986079,-0.007459,0.0000,0.2743,5626.0,0.2364,2,0
23.8458,0.528567,59.986080,-0.007461,0.0000,0.2743,5648.6,0.2394,2,0
23.8576,0.528625,59.986082,-0.007464,0.0000,0.2778,5668.2,0.2420,2,0
23.8664,0.528684,59.986083,-0.007466,0.0000,0.2778,5700.8,0.2446,2,0
23.8821,0.528743,59.986084,-0.007469,0.0000,0.2805,5705.7,0.2472,2,0
23.8958,0.528802,59.986086,-0.007471,0.0000,0.2805,5710.8,0.2498,2,0
23.9073,0.528861,59.986087,-0.007474,0.0000,0.2821,5723.9,0.2517,2,0
23.9122,0.528920,59.986089,-0.007476,0.0000,0.2821,5760.9,0.2530,2,0
23.9234,0.528979,59.986090,-0.007479,0.0000,0.2854,5772.4,0.2530,2,0
23.9326,0.529038,59.986092,-0.007481,0.0000,0.2854,5798.6,0.2517,2,0
23.9392,0.529098,59.986094,-0.007484,0.0000,0.2069,5808.0,0.2493,2,0
23.9660,0.529157,59.986096,-0.007486,0.0000,0.2069,5723.0,0.2459,2,0
23.9762,0.529216,59.986098,-0.007488,0.0000,0.3049,5750.8,0.2416,2,0
23.9923,0.529275,59.986100,-0.007491,0.0000,0.3049,5758.7,0.2367,2,0
24.0116,0.529334,59.986102,-0.007493,0.0000,0.3234,5751.9,0.2315,2,0
24.0391,0.529394,59.986104,-0.007496,0.0000,0.3234,5721.4,0.2264,2,0
24.0632,0.529453,59.986106,-0.007498,0.0000,0.3497,5709.9,0.2216,2,0
24.0840,0.529513,59.986108,-0.007500,0.0000,0.3497,5719.9,0.2171,2,0
24.1055,0.529572,59.986110,-0.007503,0.0000,0.3782,5734.8,0.2130,2,0
24.1273,0.529632,59.986112,-0.007505,0.0000,0.3782,5755.5,0.2094,2,0
24.1503,0.529691,59.986114,-0.007507,0.0000,0.4092,5777.2,0.2063,2,0
24.1743,0.529751,59.986116,-0.007509,0.0000,0.4092,5801.5,0.2041,2,0
24.2006,0.529811,59.986118,-0.007511,0.0000,0.4445,5823.1,0.2027,2,0
24.2303,0.529871,59.986120,-0.007514,0.0000,0.4445,5837.2,0.2024,2,0
24.2627,0.529930,59.986122,-0.007516,0.0000,0.4825,5846.7,0.2029,2,0
24.2962,0.529990,59.986124,-0.007518,0.0000,0.4825,5858.2,0.2043,2,0
24.3309,0.530050,59.986126,-0.007520,0.0000,0.5194,5869.0,0.2061,2,0
24.3662,0.530111,59.986128,-0.007522,0.0000,0.5194,5882.2,0.2081,2,0
24.4028,0.530171,59.986130,-0.007525,0.0000,0.5525,5892.9,0.2103,2,0
24.4405,0.530231,59.986132,-0.007527,0.0000,0.5525,5900.3,0.2121,2,0
24.4784,0.530292,59.986134,-0.007529,0.0000,0.5835,5911.5,0.2137,2,0
24.5149,0.530352,59.986136,-0.007531,0.0000,0.5835,5929.6,0.2148,2,0
24.5521,0.530413,59.986138,-0.007533,0.0000,0.6095,5948.6,0.2155,2,0
24.5887,0.530473,59.986140,-0.007535,0.0000,0.6095,5925.0,0.2155,2,0
24.6214,0.530534,59.986142,-0.007537,0.0000,0.6299,5957.5,0.2148,2,0
24.6561,0.530595,59.986144,-0.007539,0.0000,0.6299,5965.1,0.2134,2,0
24.6881,0.530656,59.986146,-0.007541,0.0000,0.6453,5986.2,0.2113,2,0
24.7204,0.530717,59.986148,-0.007543,0.0000,0.6453,5973.6,0.2085,2,0
24.7530,0.530778,59.986150,-0.007545,0.0000,0.4630,5996.1,0.2052,2,0
24.7850,0.530839,59.986152,-0.007547,0.0000,0.4630,6004.9,0.2016,2,0
24.8185,0.530901,59.986154,-0.007549,0.0000,0.4665,6008.4,0.1979,2,0
24.8511,0.530962,59.986155,-0.007551,0.0000,0.4665,6032.7,0.1942,2,0
24.8857,0.531023,59.986157,-0.007553,0.0000,0.4690,6014.9,0.1901,2,0
24.9180,0.531085,59.986159,-0.007554,0.0000,0.4690,6026.8,0.1857,2,0
24.9490,0.531147,59.986161,-0.007556,0.0000,0.4695,6045.2,0.1810,2,0
24.9804,0.531208,59.986163,-0.007558,0.0000,0.4695,6056.9,0.1759,2,0
25.0130,0.531270,59.986164,-0.007560,0.0000,0.4721,6052.9,0.1705,2,0
25.0446,0.531332,59.986166,-0.007562,0.0000,0.4721,6069.2,0.1647,2,0
25.0765,0.531394,59.986168,-0.007564,0.0000,0.6710,6086.2,0.1587,2,0
25.1105,0.531456,59.986170,-0.007566,0.0000,0.6710,6073.4,0.1526,2,0
25.1437,0.531518,59.986172,-0.007567,0.0000,0.4781,6087.1,0.1463,2,0
25.1763,0.531580,59.986175,-0.007569,0.0000,0.4781,6100.9,0.1398,2,0
25.2098,0.531642,59.986177,-0.007571,0.0000,0.6796,6119.4,0.1333,2,0
25.2439,0.531704,59.986179,-0.007572,0.0000,0.6796,6109.8,0.1269,2,0
25.2779,0.531767,59.986181,-0.007574,0.0000,0.4824,6123.0,0.1207,2,0
25.3117,0.531829,59.986183,-0.007576,0.0000,0.4824,6132.2,0.1148,2,0
25.3461,0.531892,59.986186,-0.007578,0.0000,0.6858,6146.7,0.1094,2,0
25.3814,0.531955,59.986188,-0.007579,0.0000,0.6858,6131.9,0.1047,2,0
25.4179,0.532017,59.986190,-0.007581,0.0000,0.4862,6154.2,0.1009,2,0
25.4528,0.532080,59.986192,-0.007582,0.0000,0.4862,6160.1,0.0976,2,0
25.4861,0.532143,59.986195,-0.007584,0.0000,0.6890,6180.0,0.0953,2,0
25.5202,0.532206,59.986197,-0.007586,0.0000,0.6890,6171.1,0.0937,2,0
25.5548,0.532269,59.986200,-0.007587,0.0000,0.4872,6179.8,0.0928,2,0
25.5901,0.532332,59.986202,-0.007589,0.0000,0.4872,6202.4,0.0924,2,0
25.6244,0.532396,59.986204,-0.007590,0.0000,0.4865,6193.4,0.0925,2,0
25.6605,0.532459,59.986207,-0.007592,0.0000,0.4865,6214.4,0.0932,2,0
25.6962,0.532522,59.986209,-0.007593,0.0000,0.6887,6219.0,0.0943,2,0
25.7322,0.532586,59.986212,-0.007595,0.0000,0.6887,6217.5,0.0956,2,0
25.7666,0.532649,59.986214,-0.007596,0.0000,0.4867,6242.7,0.0970,2,0
25.8014,0.532713,59.986216,-0.007598,0.0000,0.4867,6251.7,0.0985,2,0
25.8382,0.532777,59.986218,-0.007599,0.0000,0.4870,6244.6,0.1001,2,0
25.8740,0.532841,59.986220,-0.007600,0.0000,0.4870,6261.3,0.1016,2,0
25.9094,0.532905,59.986222,-0.007602,0.0000,0.6887,6265.8,0.1030,2,0
25.9473,0.532969,59.986223,-0.007603,0.0000,0.6887,6272.4,0.1044,2,0
25.9831,0.533033,59.986225,-0.007604,0.0000,0.6887,6289.9,0.1057,2,0
26.0206,0.533097,59.986227,-0.007606,0.0000,0.6887,6282.5,0.1068,2,0
26.0559,0.533162,59.986229,-0.007607,0.0000,0.6879,6321.0,0.1076,2,0
26.0924,0.533226,59.986231,-0.007609,0.0000,0.6879,6297.4,0.1081,2,0
26.1290,0.533290,59.986233,-0.007610,0.0000,0.4856,6327.3,0.1084,2,0
26.1649,0.533355,59.986235,-0.007611,0.0000,0.4856,6326.4,0.1079,2,0
26.2028,0.533420,59.986238,-0.007612,0.0000,0.4856,6332.3,0.1071,2,0
26.2384,0.533484,59.986240,-0.007613,0.0000,0.4856,6348.0,0.1060,2,0
26.2780,0.533549,59.986242,-0.007615,0.0000,0.4852,6348.3,0.1043,2,0
26.3139,0.533614,59.986244,-0.007616,0.0000,0.4852,6365.0,0.1022,2,0
26.3513,0.533679,59.986247,-0.007617,0.0000,0.4852,6374.1,0.0994,2,0
26.3879,0.533745,59.986249,-0.007618,0.0000,0.4852,6386.5,0.0964,2,0
26.4258,0.533810,59.986251,-0.007619,0.0000,0.4839,6373.4,0.0931,2,0
26.4617,0.533875,59.986254,-0.007620,0.0000,0.4839,6407.2,0.0899,2,0
26.5003,0.533940,59.986256,-0.007622,0.0000,0.4840,6391.6,0.0869,2,0
26.5380,0.534006,59.986259,-0.007623,0.0000,0.4840,6418.7,0.0847,2,0
26.5797,0.534072,59.986261,-0.007624,0.0000,0.4840,6425.2,0.0831,2,0
26.6179,0.534137,59.986264,-0.007625,0.0000,0.4840,6416.5,0.0823,2,0
26.6552,0.534203,59.986266,-0.007626,0.0000,0.6861,6460.2,0.0820,2,0
26.6943,0.534269,59.986269,-0.007627,0.0000,0.6861,6422.8,0.0825,2,0
26.7324,0.534335,59.986272,-0.007628,0.0000,0.6875,6465.0,0.0834,2,0
26.7735,0.534401,59.986274,-0.007629,0.0000,0.6875,6491.3,0.0847,2,0
26.8143,0.534467,59.986277,-0.007630,0.0000,0.4898,6446.9,0.0864,2,0
26.8535,0.534534,59.986279,-0.007631,0.0000,0.4898,6487.6,0.0883,2,0
26.8961,0.534600,59.986282,-0.007632,0.0000,0.7014,6511.3,0.0903,2,0
26.9395,0.534666,59.986284,-0.007632,0.0000,0.7014,6512.7,0.0923,2,0
26.9792,0.534733,59.986287,-0.007633,0.0000,0.7193,6500.9,0.0940,2,0
27.0200,0.534800,59.986289,-0.007634,0.0000,0.7193,6539.3,0.0954,2,0
27.0638,0.534867,59.986291,-0.007635,0.0000,0.5262,6529.6,0.0965,2,0
27.1035,0.534934,59.986294,-0.007636,0.0000,0.5262,6541.0,0.0974,2,0
27.1467,0.535001,59.986296,-0.007636,0.0000,0.5465,6563.1,0.0981,2,0
27.1896,0.535068,59.986298,-0.007637,0.0000,0.5465,6557.7,0.0989,2,0
27.2326,0.535135,59.986300,-0.007638,0.0000,0.5668,6586.0,0.0995,2,0
27.2743,0.535202,59.986303,-0.007639,0.0000,0.5668,6592.0,0.0998,2,0
27.3183,0.535270,59.986305,-0.007640,0.0000,0.5871,6605.8,0.1002,2,0
27.3617,0.535337,59.986308,-0.007640,0.0000,0.5871,6626.1,0.1004,2,0
27.4075,0.535405,59.986310,-0.007641,0.0000,0.6038,6618.4,0.1006,2,0
27.4518,0.535473,59.986313,-0.007642,0.0000,0.6038,6641.6,0.1009,2,0
27.4965,0.535541,59.986315,-0.007642,0.0000,0.8756,6649.3,0.1013,2,0
27.5439,0.535608,59.986317,-0.007643,0.0000,0.8756,6663.8,0.1017,2,0
27.5889,0.535677,59.986320,-0.007643,0.0000,0.8987,6690.6,0.1021,2,0
27.6338,0.535745,59.986322,-0.007644,0.0000,0.8987,6676.4,0.1024,2,0
27.6803,0.535813,59.986325,-0.007645,0.0000,0.6507,6703.6,0.1026,2,0
27.7263,0.535882,59.986328,-0.007645,0.0000,0.6507,6712.5,0.1025,2,0
27.7720,0.535950,59.986330,-0.007646,0.0000,0.6659,6718.0,0.1023,2,0
27.8174,0.536019,59.986333,-0.007646,0.0000,0.6659,6734.0,0.1018,2,0
27.8628,0.536088,59.986335,-0.007647,0.0000,0.6820,6746.1,0.1010,2,0
27.9083,0.536157,59.986338,-0.007647,0.0000,0.6820,6769.5,0.1000,2,0
27.9532,0.536226,59.986340,-0.007648,0.0000,0.6970,6768.0,0.0985,2,0
27.9982,0.536295,59.986343,-0.007648,0.0000,0.6970,6791.1,0.0964,2,0
28.0436,0.536364,59.986345,-0.007649,0.0000,0.7071,6795.9,0.0937,2,0
28.0881,0.536433,59.986348,-0.007649,0.0000,0.7071,6822.9,0.0904,2,0
28.1346,0.536503,59.986350,-0.007650,0.0000,0.7071,6817.5,0.0865,2,0
28.1810,0.536572,59.986353,-0.007650,0.0000,0.7071,6840.2,0.0823,2,0
28.2273,0.536642,59.986355,-0.007650,0.0000,0.7071,6837.5,0.0775,2,0
28.2724,0.536712,59.986357,-0.007651,0.0000,0.7071,6859.2,0.0723,2,0
28.3186,0.536782,59.986360,-0.007651,0.0000,0.7071,6862.1,0.0667,2,0
28.3644,0.536852,59.986362,-0.007651,0.0000,0.7071,6884.4,0.0610,2,0
28.4113,0.536922,59.986364,-0.007651,0.0000,0.7071,6878.1,0.0552,2,0
28.4572,0.536992,59.986367,-0.007652,0.0000,0.7071,6896.2,0.0494,2,0
28.5049,0.537062,59.986369,-0.007652,0.0000,1.0000,6914.2,0.0440,2,0
28.5536,0.537133,59.986371,-0.007652,0.0000,1.0000,6901.4,0.0389,2,0
28.6025,0.537203,59.986373,-0.007653,0.0000,0.7071,6929.2,0.0340,2,0
28.6502,0.537274,59.986376,-0.007653,0.0000,0.7071,6941.8,0.0294,2,0
28.7000,0.537345,59.986378,-0.007653,0.0000,0.7071,6940.9,0.0251,2,0
28.7494,0.537416,59.986381,-0.007653,0.0000,0.7071,6964.1,0.0212,2,0
28.8005,0.537487,59.986383,-0.007653,0.0000,0.7071,6959.8,0.0180,2,0
28.8519,0.537558,59.986386,-0.007653,0.0000,0.7071,6994.3,0.0155,2,0
28.9047,0.537630,59.986388,-0.007653,0.0000,0.7071,6963.1,0.0138,2,0
28.9564,0.537701,59.986391,-0.007654,0.0000,0.7071,7016.2,0.0130,2,0
29.0092,0.537773,59.986394,-0.007654,0.0000,0.7071,7002.8,0.0129,2,0
29.0627,0.537845,59.986396,-0.007654,0.0000,0.7071,7027.3,0.0134,2,0
29.1187,0.537916,59.986399,-0.007654,0.0000,1.0000,7057.6,0.0146,2,0
29.1750,0.537988,59.986401,-0.007654,0.0000,1.0000,7008.3,0.0164,2,0
29.2295,0.538061,59.986404,-0.007654,0.0000,1.0000,7049.5,0.0188,2,0
29.2884,0.538133,59.986407,-0.007654,0.0000,1.0000,7068.9,0.0216,2,0
29.3491,0.538205,59.986409,-0.007654,0.0000,1.0000,7080.5,0.0249,2,0
29.4091,0.538278,59.986412,-0.007654,0.0000,1.0000,7095.0,0.0285,2,0
29.4698,0.538351,59.986414,-0.007654,0.0000,1.0000,7105.6,0.0322,2,0
29.5324,0.538424,59.986417,-0.007654,0.0000,1.0000,7107.9,0.0361,2,0
29.5941,0.538497,59.986420,-0.007654,0.0000,1.0000,7114.0,0.0400,2,0
29.6559,0.538570,59.986422,-0.007654,0.0000,1.0000,7120.8,0.0439,2,0
29.7195,0.538643,59.986425,-0.007654,0.0000,1.0000,7119.6,0.0480,2,0
29.7813,0.538717,59.986427,-0.007654,0.0000,1.0000,7127.6,0.0520,2,0
29.8416,0.538790,59.986430,-0.007654,0.0000,1.0000,7140.3,0.0559,2,0
29.9029,0.538864,59.986433,-0.007653,0.0000,1.0000,7149.2,0.0597,2,0
29.9639,0.538938,59.986436,-0.007653,0.0000,1.0000,7158.5,0.0634,2,0
30.0252,0.539012,59.986438,-0.007653,0.0000,1.0000,7167.1,0.0669,2,0
30.0857,0.539087,59.986441,-0.007653,0.0000,1.0000,7179.2,0.0703,2,0
30.1466,0.539161,59.986444,-0.007653,0.0000,1.0000,7189.8,0.0737,2,0
30.2078,0.539236,59.986447,-0.007652,0.0000,1.0000,7200.4,0.0769,2,0
30.2683,0.539310,59.986450,-0.007652,0.0000,1.0000,7213.6,0.0799,2,0
30.3272,0.539385,59.986452,-0.007652,0.0000,1.0000,7221.9,0.0826,2,0
30.3885,0.539460,59.986455,-0.007652,0.0000,1.0000,7231.4,0.0843,2,0
30.4506,0.539535,59.986458,-0.007651,0.0000,1.0000,7243.8,0.0865,2,0
30.5096,0.539611,59.986461,-0.007651,0.0000,1.0000,7254.8,0.0876,2,0
30.5702,0.539686,59.986463,-0.007651,0.0000,1.0000,7262.6,0.0886,2,0
30.6293,0.539762,59.986466,-0.007650,0.0000,1.0000,7270.9,0.0892,2,0
30.6945,0.539838,59.986469,-0.007650,0.0000,1.0000,7273.8,0.0886,2,0
30.7502,0.539913,59.986472,-0.007650,0.0000,1.0000,7280.7,0.0892,2,0
30.8108,0.539989,59.986474,-0.007649,0.0000,1.0000,7292.0,0.0868,2,0
30.8742,0.540066,59.986477,-0.007649,0.0000,1.0000,7297.6,0.0855,2,0
30.9337,0.540142,59.986480,-0.007649,0.0000,1.0000,7295.5,0.0855,2,0
30.9981,0.540219,59.986482,-0.007648,0.0000,1.0000,7289.0,0.0829,2,0
31.0665,0.540295,59.986485,-0.007648,0.0000,1.0000,7289.9,0.0823,2,0
31.1215,0.540372,59.986488,-0.007648,0.0000,1.0000,7329.9,0.0818,2,0
31.1839,0.540449,59.986491,-0.007647,0.0000,1.0000,7333.8,0.0811,2,0
31.2349,0.540526,59.986494,-0.007647,0.0000,1.0000,7381.7,0.0808,2,0
31.2923,0.540603,59.986497,-0.007646,0.0000,1.0000,7416.4,0.0801,2,0
31.3432,0.540681,59.986500,-0.007646,0.0000,1.0000,7444.2,0.0805,2,0
31.4001,0.540758,59.986503,-0.007645,0.0000,1.0000,7492.0,0.0791,2,0
31.4619,0.540836,59.986506,-0.007645,0.0000,1.0000,7496.0,0.0807,2,0
31.5259,0.540914,59.986509,-0.007644,0.0000,1.0000,7484.1,0.0820,2,0
31.5922,0.540992,59.986512,-0.007644,0.0000,1.0000,7475.8,0.0809,2,0
31.6546,0.541070,59.986515,-0.007643,0.0000,1.0000,7477.6,0.0810,2,0
31.7136,0.541148,59.986517,-0.007643,0.0000,1.0000,7496.4,0.0814,2,0
31.7769,0.541227,59.986520,-0.007642,0.0000,1.0000,7494.3,0.0809,2,0
31.8242,0.541305,59.986522,-0.007642,0.0000,1.0000,7560.6,0.0804,2,0
31.8791,0.541384,59.986525,-0.007641,0.0000,1.0000,7593.0,0.0804,2,0
31.9384,0.541463,59.986527,-0.007640,0.0000,1.0000,7596.8,0.0803,2,0
31.9942,0.541542,59.986530,-0.007640,0.0000,1.0000,7638.8,0.0798,2,0
32.0562,0.541621,59.986532,-0.007639,0.0000,1.0000,7637.9,0.0778,2,0
32.1091,0.541700,59.986535,-0.007639,0.0000,1.0000,7637.8,0.0780,2,0
32.1785,0.541780,59.986537,-0.007638,0.0000,1.0000,7629.2,0.0759,2,0
32.2377,0.541859,59.986540,-0.007638,0.0000,1.0000,7657.0,0.0751,2,0
32.2905,0.541939,59.986543,-0.007637,0.0000,1.0000,7683.6,0.0746,2,0
32.3409,0.542019,59.986546,-0.007636,0.0000,1.0000,7730.9,0.0730,2,0
32.4005,0.542099,59.986550,-0.007636,0.0000,1.0000,7745.4,0.0719,2,0
32.4663,0.542179,59.986553,-0.007635,0.0000,1.0000,7716.7,0.0715,2,0
32.5288,0.542259,59.986556,-0.007634,0.0000,1.0000,7708.4,0.0688,2,0
32.5828,0.542340,59.986559,-0.007634,0.0000,1.0000,7758.4,0.0691,2,0
32.6254,0.542420,59.986562,-0.007633,0.0000,1.0000,7796.7,0.0692,2,0
32.6929,0.542501,59.986566,-0.007632,0.0000,1.0000,7772.1,0.0666,2,0
32.7515,0.542582,59.986569,-0.007631,0.0000,1.0000,7783.1,0.0662,2,0
32.8059,0.542663,59.986572,-0.007631,0.0000,1.0000,7828.2,0.0667,2,0
32.8665,0.542744,59.986575,-0.007630,0.0000,1.0000,7827.8,0.0673,2,0
32.9223,0.542825,59.986578,-0.007629,0.0000,1.0000,7859.5,0.0661,2,0
32.9778,0.542907,59.986581,-0.007628,0.0000,1.0000,7860.1,0.0667,2,0
33.0431,0.542988,59.986584,-0.007628,0.0000,1.0000,7849.9,0.0652,2,0
33.0829,0.543070,59.986587,-0.007627,0.0000,1.0000,7908.1,0.0654,2,0
33.1374,0.543152,59.986591,-0.007626,0.0000,1.0000,7950.1,0.0661,2,0
33.1890,0.543233,59.986594,-0.007625,0.0000,1.0000,7978.4,0.0647,2,0
33.2439,0.543316,59.986597,-0.007624,0.0000,1.0000,7985.3,0.0647,2,0
33.3168,0.543398,59.986600,-0.007624,0.0000,1.0000,7939.3,0.0642,2,0
33.3671,0.543480,59.986603,-0.007623,0.0000,1.0000,7983.6,0.0650,2,0
33.4297,0.543563,59.986606,-0.007622,0.0000,1.0000,7970.5,0.0637,2,0
33.4880,0.543645,59.986608,-0.007621,0.0000,1.0000,7969.8,0.0633,2,0
33.5286,0.543728,59.986611,-0.007620,0.0000,1.0000,8049.1,0.0624,2,0
33.5937,0.543811,59.986614,-0.007619,0.0000,1.0000,8019.8,0.0611,2,0
33.6525,0.543894,59.986616,-0.007618,0.0000,1.0000,8048.5,0.0607,2,0
33.6991,0.543977,59.986619,-0.007617,0.0000,1.0000,8086.4,0.0617,2,0
33.7523,0.544061,59.986622,-0.007616,0.0000,1.0000,8097.5,0.0603,2,0
33.8221,0.544144,59.986625,-0.007616,0.0000,1.0000,8061.8,0.0588,2,0
33.8723,0.544228,59.986627,-0.007615,0.0000,1.0000,8101.0,0.0594,2,0
33.9351,0.544312,59.986630,-0.007614,0.0000,1.0000,8077.4,0.0576,2,0
33.9920,0.544395,59.986633,-0.007613,0.0000,1.0000,8077.3,0.0562,2,0
34.0504,0.544480,59.986636,-0.007612,0.0000,1.0000,8094.1,0.0553,2,0
34.1118,0.544564,59.986639,-0.007611,0.0000,1.0000,8091.4,0.0547,2,0
34.1758,0.544648,59.986642,-0.007609,0.0000,1.0000,8072.1,0.0541,2,0
34.2265,0.544733,59.986645,-0.007608,0.0000,1.0000,8107.1,0.0514,2,0
34.2699,0.544817,59.986648,-0.007607,0.0000,1.0000,8150.9,0.0508,2,0
34.3293,0.544902,59.986651,-0.007606,0.0000,1.0000,8165.3,0.0491,2,0
34.3683,0.544987,59.986654,-0.007605,0.0000,1.0000,8230.7,0.0479,2,0
34.4263,0.545072,59.986657,-0.007604,0.0000,1.0000,8259.3,0.0448,2,0
34.4866,0.545157,59.986660,-0.007603,0.0000,1.0000,8239.6,0.0436,2,0
34.5345,0.545242,59.986663,-0.007602,0.0000,1.0000,8276.0,0.0418,2,0
34.6043,0.545328,59.986666,-0.007601,0.0000,1.0000,8228.0,0.0379,2,0
34.6558,0.545413,59.986669,-0.007600,0.0000,1.0000,8268.6,0.0366,2,0
34.7184,0.545499,59.986672,-0.007599,0.0000,1.0000,8245.6,0.0347,2,0
34.7700,0.545585,59.986675,-0.007598,0.0000,1.0000,8262.1,0.0319,2,0
34.8371,0.545671,59.986678,-0.007596,0.0000,1.0000,8244.3,0.0284,2,0
34.8982,0.545757,59.986681,-0.007595,0.0000,1.0000,8236.0,0.0268,2,0
34.9508,0.545843,59.986684,-0.007594,0.0000,1.0000,8255.8,0.0248,2,0
34.9967,0.545929,59.986687,-0.007593,0.0000,1.0000,8305.1,0.0218,2,0
35.0548,0.546016,59.986690,-0.007592,0.0000,1.0000,8316.5,0.0196,2,0
35.1110,0.546103,59.986693,-0.007591,0.0000,1.0000,8323.2,0.0182,2,0
35.1621,0.546189,59.986696,-0.007589,0.0000,1.0000,8354.3,0.0151,2,0
35.2245,0.546276,59.986699,-0.007588,0.0000,1.0000,8338.7,0.0135,2,0
35.2802,0.546364,59.986702,-0.007587,0.0000,1.0000,8339.4,0.0118,2,0
35.3426,0.546451,59.986705,-0.007586,0.0000,1.0000,8328.0,0.0097,2,0
35.4029,0.546538,59.986708,-0.007585,0.0000,1.0000,8320.8,0.0087,2,0
35.4546,0.546626,59.986711,-0.007583,0.0000,1.0000,8350.3,0.0082,2,0
35.5092,0.546713,59.986714,-0.007582,0.0000,1.0000,8368.9,0.0076,2,0
35.5725,0.546801,59.986717,-0.007581,0.0000,1.0000,8336.9,0.0077,2,0
35.6317,0.546889,59.986720,-0.007580,0.0000,1.0000,8337.5,0.0079,2,0
35.6846,0.546977,59.986723,-0.007578,0.0000,1.0000,8362.9,0.0083,2,0
35.7431,0.547065,59.986727,-0.007577,0.0000,1.0000,8362.6,0.0089,2,0
35.7953,0.547154,59.986731,-0.007576,0.0000,1.0000,8389.9,0.0097,2,0
35.8503,0.547242,59.986734,-0.007575,0.0000,1.0000,8406.1,0.0105,2,0
35.9052,0.547331,59.986737,-0.007573,0.0000,1.0000,8418.5,0.0114,2,0
35.9606,0.547420,59.986741,-0.007572,0.0000,1.0000,8432.5,0.0121,2,0
36.0141,0.547509,59.986745,-0.007571,0.0000,1.0000,8454.3,0.0127,2,0
36.0704,0.547598,59.986748,-0.007570,0.0000,1.0000,8461.5,0.0130,2,0
36.1247,0.547687,59.986752,-0.007568,0.0000,1.0000,8477.7,0.0132,2,0
36.1797,0.547776,59.986755,-0.007567,0.0000,1.0000,8487.9,0.0134,2,0
36.2333,0.547866,59.986758,-0.007566,0.0000,1.0000,8503.5,0.0134,2,0
36.2889,0.547955,59.986761,-0.007565,0.0000,1.0000,8512.9,0.0134,2,0
36.3429,0.548045,59.986764,-0.007563,0.0000,1.0000,8526.6,0.0132,2,0
36.3985,0.548135,59.986767,-0.007562,0.0000,1.0000,8532.1,0.0131,2,0
36.4522,0.548225,59.986771,-0.007561,0.0000,1.0000,8543.8,0.0129,2,0
36.5045,0.548315,59.986774,-0.007559,0.0000,1.0000,8560.1,0.0129,2,0
36.5582,0.548405,59.986777,-0.007558,0.0000,1.0000,8570.0,0.0129,2,0
36.6114,0.548496,59.986780,-0.007557,0.0000,1.0000,8583.1,0.0131,2,0
36.6646,0.548586,59.986783,-0.007556,0.0000,1.0000,8594.6,0.0133,2,0
36.7168,0.548677,59.986786,-0.007554,0.0000,1.0000,8608.2,0.0135,2,0
36.7695,0.548767,59.986789,-0.007553,0.0000,1.0000,8617.8,0.0137,2,0
36.8211,0.548858,59.986793,-0.007552,0.0000,1.0000,8632.0,0.0138,2,0
36.8726,0.548949,59.986796,-0.007550,0.0000,1.0000,8644.9,0.0140,2,0
36.9250,0.549041,59.986800,-0.007549,0.0000,1.0000,8655.8,0.0141,2,0
36.9761,0.549132,59.986803,-0.007548,0.0000,1.0000,8670.0,0.0142,2,0
37.0276,0.549223,59.986806,-0.007546,0.0000,1.0000,8682.0,0.0141,2,0
37.0770,0.549315,59.986810,-0.007545,0.0000,1.0000,8699.0,0.0140,2,0
37.1283,0.549406,59.986813,-0.007544,0.0000,1.0000,8708.6,0.0138,2,0
37.1795,0.549498,59.986817,-0.007542,0.0000,1.0000,8718.4,0.0136,2,0
37.2292,0.549590,59.986820,-0.007541,0.0000,1.0000,8735.6,0.0137,2,0
37.2804,0.549682,59.986823,-0.007540,0.0000,1.0000,8744.9,0.0137,2,0
37.3304,0.549774,59.986826,-0.007538,0.0000,1.0000,8757.8,0.0137,2,0
37.3803,0.549867,59.986829,-0.007537,0.0000,1.0000,8771.1,0.0138,2,0
37.4304,0.549959,59.986832,-0.007536,0.0000,1.0000,8780.9,0.0139,2,0
37.4808,0.550051,59.986835,-0.007534,0.0000,1.0000,8791.6,0.0141,2,0
37.5321,0.550144,59.986838,-0.007533,0.0000,1.0000,8798.5,0.0142,2,0
37.5821,0.550237,59.986841,-0.007531,0.0000,1.0000,8809.1,0.0144,2,0
37.6321,0.550330,59.986844,-0.007530,0.0000,1.0000,8818.3,0.0146,2,0
37.6820,0.550423,59.986847,-0.007529,0.0000,1.0000,8826.4,0.0146,2,0
37.7325,0.550516,59.986850,-0.007527,0.0000,1.0000,8832.0,0.0144,2,0
37.7749,0.550609,59.986853,-0.007526,0.0000,1.0000,8810.9,0.0146,2,0
37.7670,0.550702,59.986857,-0.007525,0.0000,0.0000,8762.7,0.0146,2,0
37.7607,0.550796,59.986860,-0.007523,0.0000,0.0000,8714.8,0.0146,2,0
37.7530,0.550889,59.986864,-0.007522,0.0000,0.0000,8667.0,0.0146,2,0
37.7470,0.550982,59.986868,-0.007520,0.0000,0.0000,8407.8,0.0146,3,0
37.8125,0.551075,59.986871,-0.007519,0.0000,0.0000,7516.1,0.0147,3,0
37.8834,0.551169,59.986874,-0.007518,0.0000,0.0000,7237.3,0.0148,3,0
37.9465,0.551263,59.986878,-0.007516,0.0000,1.0000,7177.2,0.0148,3,0
37.9977,0.551356,59.986882,-0.007515,0.0000,1.0000,7165.4,0.0148,3,0
38.0437,0.551450,59.986885,-0.007513,0.0000,1.0000,7174.4,0.0148,3,0
38.0897,0.551544,59.986888,-0.007512,0.0000,1.0000,7184.3,0.0149,3,0
38.1365,0.551638,59.986892,-0.007510,0.0000,1.0000,7191.2,0.0150,3,0
38.1828,0.551733,59.986896,-0.007509,0.0000,1.0000,7199.9,0.0152,3,0
38.2284,0.551827,59.986899,-0.007508,0.0000,1.0000,7211.3,0.0153,3,0
38.2730,0.551922,59.986902,-0.007506,0.0000,1.0000,7224.8,0.0154,3,0
38.3187,0.552016,59.986906,-0.007505,0.0000,1.0000,7233.5,0.0155,3,0
38.3646,0.552111,59.986909,-0.007503,0.0000,1.0000,7241.2,0.0155,3,0
38.4106,0.552206,59.986913,-0.007502,0.0000,1.0000,7250.4,0.0153,3,0
38.4565,0.552301,59.986916,-0.007500,0.0000,1.0000,7260.8,0.0151,3,0
38.5016,0.552396,59.986920,-0.007499,0.0000,1.0000,7271.6,0.0148,3,0
38.5462,0.552491,59.986923,-0.007497,0.0000,1.0000,7284.6,0.0144,3,0
38.5908,0.552586,59.986927,-0.007496,0.0000,1.0000,7296.8,0.0140,3,0
38.6365,0.552681,59.986930,-0.007494,0.0000,1.0000,7308.2,0.0135,3,0
38.6825,0.552777,59.986934,-0.007493,0.0000,1.0000,7317.5,0.0130,3,0
38.7282,0.552873,59.986937,-0.007491,0.0000,1.0000,7327.5,0.0123,3,0
38.7725,0.552968,59.986940,-0.007490,0.0000,1.0000,7342.1,0.0117,3,0
38.8175,0.553064,59.986944,-0.007489,0.0000,1.0000,7353.4,0.0111,3,0
38.8623,0.553160,59.986947,-0.007487,0.0000,1.0000,7367.0,0.0106,3,0
38.9081,0.553256,59.986951,-0.007486,0.0000,1.0000,7377.5,0.0100,3,0
38.9549,0.553352,59.986954,-0.007484,0.0000,1.0000,7384.1,0.0094,3,0
39.0001,0.553449,59.986957,-0.007483,0.0000,1.0000,7394.9,0.0089,3,0
39.0446,0.553545,59.986961,-0.007481,0.0000,1.0000,7407.6,0.0084,3,0
39.0909,0.553641,59.986964,-0.007479,0.0000,1.0000,7414.7,0.0079,3,0
39.1361,0.553738,59.986968,-0.007478,0.0000,1.0000,7426.1,0.0076,3,0
39.1827,0.553835,59.986971,-0.007476,0.0000,1.0000,7433.2,0.0071,3,0
39.2281,0.553932,59.986974,-0.007475,0.0000,1.0000,7443.8,0.0067,3,0
39.2736,0.554029,59.986978,-0.007473,0.0000,1.0000,7451.8,0.0063,3,0
39.3194,0.554126,59.986981,-0.007472,0.0000,1.0000,7457.7,0.0059,3,0
39.3649,0.554223,59.986985,-0.007470,0.0000,1.0000,7466.6,0.0056,3,0
39.4119,0.554320,59.986988,-0.007469,0.0000,1.0000,7468.4,0.0051,3,0
39.4590,0.554417,59.986991,-0.007467,0.0000,1.0000,7471.1,0.0045,3,0
39.5040,0.554515,59.986995,-0.007466,0.0000,1.0000,7478.8,0.0039,3,0
39.5490,0.554613,59.986998,-0.007464,0.0000,1.0000,7486.7,0.0031,3,0
39.5947,0.554710,59.987002,-0.007463,0.0000,1.0000,7492.2,0.0022,3,0
39.6402,0.554808,59.987005,-0.007461,0.0000,1.0000,7499.6,0.0011,3,0
39.6857,0.554906,59.987008,-0.007459,0.0000,1.0000,7507.0,-0.0002,3,0
39.7308,0.555004,59.987012,-0.007458,0.0000,1.0000,7515.5,-0.0016,3,0
39.7750,0.555102,59.987015,-0.007456,0.0000,1.0000,7524.8,-0.0031,3,0
39.8205,0.555201,59.987019,-0.007455,0.0000,1.0000,7529.9,-0.0048,3,0
39.8658,0.555299,59.987022,-0.007453,0.0000,1.0000,7537.5,-0.0065,3,0
39.9113,0.555398,59.987026,-0.007452,0.0000,1.0000,7543.5,-0.0083,3,0
39.9546,0.555496,59.987029,-0.007450,0.0000,1.0000,7557.9,-0.0101,3,0
39.9997,0.555595,59.987033,-0.007449,0.0000,1.0000,7563.8,-0.0117,3,0
40.0439,0.555694,59.987036,-0.007447,0.0000,1.0000,7571.3,-0.0133,3,0
40.0881,0.555793,59.987040,-0.007445,0.0000,1.0000,7581.0,-0.0147,3,0
40.1330,0.555892,59.987043,-0.007444,0.0000,1.0000,7587.3,-0.0160,3,0
40.1779,0.555991,59.987046,-0.007442,0.0000,1.0000,7594.7,-0.0170,3,0
40.2218,0.556090,59.987050,-0.007441,0.0000,1.0000,7603.5,-0.0177,3,0
40.2659,0.556190,59.987054,-0.007439,0.0000,1.0000,7609.9,-0.0182,3,0
40.3099,0.556289,59.987057,-0.007438,0.0000,1.0000,7617.8,-0.0184,3,0
40.3530,0.556389,59.987060,-0.007436,0.0000,1.0000,7631.2,-0.0183,3,0
40.3965,0.556489,59.987064,-0.007434,0.0000,1.0000,7642.2,-0.0181,3,0
40.4406,0.556589,59.987067,-0.007433,0.0000,1.0000,7648.8,-0.0174,3,0
40.4841,0.556688,59.987070,-0.007431,0.0000,1.0000,7656.1,-0.0166,3,0
40.5274,0.556789,59.987074,-0.007430,0.0000,1.0000,7665.6,-0.0155,3,0
40.5700,0.556889,59.987077,-0.007428,0.0000,1.0000,7680.0,-0.0142,3,0
40.6136,0.556989,59.987080,-0.007427,0.0000,1.0000,7689.0,-0.0128,3,0
40.6560,0.557089,59.987083,-0.007425,0.0000,1.0000,7702.1,-0.0113,3,0
40.7002,0.557190,59.987087,-0.007423,0.0000,1.0000,7704.8,-0.0096,3,0
40.7436,0.557290,59.987090,-0.007422,0.0000,1.0000,7712.9,-0.0080,3,0
40.7868,0.557391,59.987094,-0.007420,0.0000,1.0000,7721.8,-0.0063,3,0
40.8297,0.557492,59.987098,-0.007419,0.0000,1.0000,7734.4,-0.0048,3,0
40.8721,0.557593,59.987102,-0.007417,0.0000,1.0000,7746.1,-0.0033,3,0
40.9154,0.557694,59.987106,-0.007416,0.0000,1.0000,7752.6,-0.0019,3,0
40.9589,0.557795,59.987110,-0.007414,0.0000,1.0000,7757.3,-0.0006,3,0
41.0030,0.557896,59.987114,-0.007412,0.0000,1.0000,7761.9,0.0006,3,0
41.0449,0.557997,59.987118,-0.007411,0.0000,1.0000,7776.7,0.0016,3,0
41.0881,0.558099,59.987122,-0.007409,0.0000,1.0000,7784.6,0.0025,3,0
41.1309,0.558200,59.987126,-0.007408,0.0000,1.0000,7791.0,0.0032,3,0
41.1743,0.558302,59.987130,-0.007406,0.0000,1.0000,7795.5,0.0040,3,0
41.2170,0.558404,59.987133,-0.007405,0.0000,1.0000,7803.6,0.0046,3,0
41.2599,0.558506,59.987137,-0.007403,0.0000,1.0000,7812.1,0.0051,3,0
41.3038,0.558608,59.987140,-0.007401,0.0000,1.0000,7814.9,0.0054,3,0
41.3470,0.558710,59.987144,-0.007400,0.0000,1.0000,7819.2,0.0057,3,0
41.3892,0.558812,59.987147,-0.007398,0.0000,1.0000,7826.6,0.0059,3,0
41.4318,0.558914,59.987150,-0.007397,0.0000,1.0000,7833.9,0.0060,3,0
41.4752,0.559016,59.987154,-0.007395,0.0000,1.0000,7838.4,0.0061,3,0
41.5182,0.559119,59.987157,-0.007394,0.0000,1.0000,7844.5,0.0059,3,0
41.5592,0.559222,59.987161,-0.007392,0.0000,1.0000,7856.8,0.0057,3,0
41.6016,0.559324,59.987164,-0.007390,0.0000,1.0000,7861.8,0.0054,3,0
41.6441,0.559427,59.987168,-0.007389,0.0000,1.0000,7868.5,0.0051,3,0
41.6866,0.559530,59.987171,-0.007387,0.0000,1.0000,7875.4,0.0046,3,0
41.7293,0.559633,59.987175,-0.007386,0.0000,1.0000,7881.7,0.0040,3,0
41.7709,0.559736,59.987178,-0.007384,0.0000,1.0000,7891.1,0.0034,3,0
41.8127,0.559839,59.987182,-0.007382,0.0000,1.0000,7898.9,0.0028,3,0
41.8541,0.559943,59.987186,-0.007381,0.0000,1.0000,7908.7,0.0023,3,0
41.8966,0.560046,59.987189,-0.007379,0.0000,1.0000,7914.7,0.0019,3,0
41.9388,0.560150,59.987193,-0.007378,0.0000,1.0000,7921.4,0.0014,3,0
41.9802,0.560253,59.987196,-0.007376,0.0000,1.0000,7930.6,0.0010,3,0
42.0213,0.560357,59.987200,-0.007374,0.0000,1.0000,7938.8,0.0007,3,0
42.0631,0.560461,59.987204,-0.007373,0.0000,1.0000,7945.5,0.0005,3,0
42.1050,0.560565,59.987208,-0.007371,0.0000,1.0000,7952.0,0.0003,3,0
42.1471,0.560669,59.987212,-0.007370,0.0000,1.0000,7958.3,0.0001,3,0
42.1878,0.560773,59.987216,-0.007368,0.0000,1.0000,7968.8,-0.0001,3,0
42.2284,0.560877,59.987220,-0.007366,0.0000,1.0000,7977.5,-0.0003,3,0
42.2700,0.560982,59.987224,-0.007365,0.0000,1.0000,7983.4,-0.0005,3,0
42.3116,0.561086,59.987228,-0.007363,0.0000,1.0000,7991.0,-0.0007,3,0
42.3529,0.561191,59.987232,-0.007361,0.0000,1.0000,7999.6,-0.0009,3,0
42.3941,0.561295,59.987236,-0.007360,0.0000,1.0000,8006.6,-0.0013,3,0
42.4345,0.561400,59.987240,-0.007358,0.0000,1.0000,8016.1,-0.0016,3,0
42.4755,0.561505,59.987243,-0.007357,0.0000,1.0000,8023.6,-0.0020,3,0
42.5170,0.561610,59.987247,-0.007355,0.0000,1.0000,8030.1,-0.0026,3,0
42.5585,0.561715,59.987250,-0.007353,0.0000,1.0000,8036.8,-0.0033,3,0
42.5989,0.561820,59.987254,-0.007352,0.0000,1.0000,8044.9,-0.0040,3,0
42.6391,0.561925,59.987257,-0.007350,0.0000,1.0000,8054.5,-0.0048,3,0
42.6800,0.562031,59.987260,-0.007348,0.0000,1.0000,8060.1,-0.0059,3,0
42.7195,0.562136,59.987264,-0.007347,0.0000,1.0000,8074.6,-0.0070,3,0
42.7596,0.562242,59.987267,-0.007345,0.0000,1.0000,8084.2,-0.0083,3,0
42.8004,0.562347,59.987271,-0.007343,0.0000,1.0000,8089.1,-0.0096,3,0
42.8403,0.562453,59.987274,-0.007342,0.0000,1.0000,8097.1,-0.0109,3,0
42.8808,0.562559,59.987278,-0.007340,0.0000,1.0000,8103.5,-0.0123,3,0
42.9210,0.562665,59.987282,-0.007339,0.0000,1.0000,8113.4,-0.0138,3,0
42.9612,0.562771,59.987285,-0.007337,0.0000,1.0000,8122.8,-0.0152,3,0
43.0015,0.562877,59.987289,-0.007335,0.0000,1.0000,8130.0,-0.0166,3,0
43.0412,0.562983,59.987293,-0.007334,0.0000,1.0000,8137.0,-0.0180,3,0
43.0817,0.563090,59.987297,-0.007332,0.0000,1.0000,8143.1,-0.0193,3,0
43.1215,0.563196,59.987301,-0.007330,0.0000,1.0000,8153.1,-0.0206,3,0
43.1618,0.563303,59.987304,-0.007329,0.0000,1.0000,8159.8,-0.0219,3,0
43.2015,0.563409,59.987308,-0.007327,0.0000,1.0000,8165.8,-0.0229,3,0
43.2417,0.563516,59.987312,-0.007325,0.0000,1.0000,8169.9,-0.0237,3,0
43.2812,0.563623,59.987316,-0.007324,0.0000,1.0000,8177.6,-0.0245,3,0
43.3207,0.563730,59.987320,-0.007322,0.0000,1.0000,8185.9,-0.0251,3,0
43.3606,0.563837,59.987323,-0.007321,0.0000,1.0000,8192.3,-0.0254,3,0
43.3992,0.563944,59.987327,-0.007319,0.0000,1.0000,8201.4,-0.0256,3,0
43.4389,0.564051,59.987331,-0.007317,0.0000,1.0000,8206.1,-0.0254,3,0
43.4780,0.564159,59.987335,-0.007316,0.0000,1.0000,8214.8,-0.0251,3,0
43.5166,0.564266,59.987339,-0.007314,0.0000,1.0000,8227.2,-0.0246,3,0
43.5540,0.564374,59.987342,-0.007312,0.0000,1.0000,8241.8,-0.0239,3,0
43.5922,0.564481,59.987346,-0.007311,0.0000,1.0000,8251.7,-0.0229,3,0
43.6317,0.564589,59.987350,-0.007309,0.0000,1.0000,8255.2,-0.0219,3,0
43.6715,0.564697,59.987354,-0.007308,0.0000,1.0000,8259.5,-0.0207,3,0
43.7099,0.564805,59.987358,-0.007306,0.0000,1.0000,8270.4,-0.0193,3,0
43.7469,0.564913,59.987362,-0.007304,0.0000,1.0000,8286.0,-0.0179,3,0
43.7849,0.565021,59.987366,-0.007303,0.0000,1.0000,8296.0,-0.0163,3,0
43.8247,0.565129,59.987370,-0.007301,0.0000,1.0000,8297.6,-0.0148,3,0
43.8638,0.565237,59.987374,-0.007300,0.0000,1.0000,8304.6,-0.0132,3,0
43.9023,0.565345,59.987378,-0.007298,0.0000,1.0000,8314.6,-0.0117,3,0
43.9398,0.565454,59.987382,-0.007296,0.0000,1.0000,8327.2,-0.0102,3,0
43.9780,0.565563,59.987386,-0.007295,0.0000,1.0000,8335.4,-0.0089,3,0
44.0177,0.565671,59.987390,-0.007293,0.0000,1.0000,8336.9,-0.0076,3,0
44.0575,0.565780,59.987394,-0.007292,0.0000,1.0000,8340.1,-0.0066,3,0
44.0951,0.565889,59.987398,-0.007290,0.0000,1.0000,8352.9,-0.0058,3,0
44.1352,0.565998,59.987402,-0.007288,0.0000,1.0000,8353.1,-0.0051,3,0
44.1746,0.566107,59.987406,-0.007287,0.0000,1.0000,8354.6,-0.0047,3,0
44.2137,0.566216,59.987410,-0.007285,0.0000,1.0000,8358.6,-0.0045,3,0
44.2530,0.566325,59.987414,-0.007284,0.0000,1.0000,8362.9,-0.0046,3,0
44.2921,0.566435,59.987418,-0.007282,0.0000,1.0000,8367.8,-0.0050,3,0
44.3305,0.566544,59.987422,-0.007280,0.0000,1.0000,8372.8,-0.0056,3,0
44.3689,0.566653,59.987426,-0.007279,0.0000,1.0000,8377.2,-0.0066,3,0
44.4078,0.566763,59.987430,-0.007277,0.0000,1.0000,8380.8,-0.0077,3,0
44.4469,0.566873,59.987434,-0.007276,0.0000,1.0000,8384.6,-0.0092,3,0
44.4849,0.566983,59.987438,-0.007274,0.0000,1.0000,8392.0,-0.0108,3,0
44.5231,0.567093,59.987442,-0.007273,0.0000,1.0000,8396.1,-0.0125,3,0
44.5611,0.567203,59.987446,-0.007271,0.0000,1.0000,8401.0,-0.0144,3,0
44.5990,0.567313,59.987450,-0.007269,0.0000,1.0000,8407.7,-0.0162,3,0
44.6370,0.567423,59.987454,-0.007268,0.0000,1.0000,8414.2,-0.0181,3,0
44.6746,0.567533,59.987458,-0.007266,0.0000,1.0000,8421.5,-0.0199,3,0
44.7114,0.567644,59.987462,-0.007265,0.0000,1.0000,8429.9,-0.0215,3,0
44.7491,0.567754,59.987466,-0.007263,0.0000,1.0000,8435.4,-0.0231,3,0
44.7860,0.567865,59.987470,-0.007262,0.0000,1.0000,8445.7,-0.0245,3,0
44.8227,0.567975,59.987474,-0.007260,0.0000,1.0000,8456.7,-0.0258,3,0
44.8591,0.568086,59.987477,-0.007258,0.0000,1.0000,8467.2,-0.0268,3,0
44.8955,0.568197,59.987481,-0.007257,0.0000,1.0000,8475.7,-0.0275,3,0
44.9332,0.568308,59.987485,-0.007255,0.0000,1.0000,8480.9,-0.0280,3,0
44.9704,0.568419,59.987488,-0.007254,0.0000,1.0000,8489.0,-0.0283,3,0
45.0054,0.568530,59.987492,-0.007252,0.0000,1.0000,8505.8,-0.0284,3,0
45.0419,0.568641,59.987496,-0.007251,0.0000,1.0000,8514.3,-0.0282,3,0
45.0784,0.568752,59.987500,-0.007249,0.0000,1.0000,8522.3,-0.0277,3,0
45.1167,0.568864,59.987503,-0.007247,0.0000,1.0000,8523.2,-0.0272,3,0
45.1538,0.568975,59.987507,-0.007246,0.0000,1.0000,8530.4,-0.0265,3,0
45.1892,0.569087,59.987511,-0.007244,0.0000,1.0000,8544.4,-0.0257,3,0
45.2250,0.569198,59.987516,-0.007243,0.0000,1.0000,8554.6,-0.0247,3,0
45.2619,0.569310,59.987520,-0.007241,0.0000,1.0000,8559.4,-0.0238,3,0
45.3002,0.569422,59.987524,-0.007240,0.0000,1.0000,8560.1,-0.0227,3,0
45.3362,0.569534,59.987529,-0.007238,0.0000,1.0000,8570.2,-0.0217,3,0
45.3721,0.569646,59.987533,-0.007237,0.0000,1.0000,8578.5,-0.0206,3,0
45.4091,0.569758,59.987537,-0.007235,0.0000,1.0000,8581.7,-0.0194,3,0
45.4461,0.569870,59.987541,-0.007234,0.0000,1.0000,8584.5,-0.0183,3,0
45.4835,0.569982,59.987546,-0.007232,0.0000,1.0000,8586.7,-0.0172,3,0
45.5196,0.570095,59.987550,-0.007231,0.0000,1.0000,8593.2,-0.0161,3,0
45.5565,0.570207,59.987554,-0.007229,0.0000,1.0000,8594.7,-0.0149,3,0
45.5927,0.570320,59.987557,-0.007228,0.0000,1.0000,8598.4,-0.0137,3,0
45.6296,0.570432,59.987561,-0.007226,0.0000,1.0000,8600.1,-0.0126,3,0
45.6655,0.570545,59.987565,-0.007225,0.0000,1.0000,8606.7,-0.0115,3,0
45.7006,0.570658,59.987568,-0.007223,0.0000,1.0000,8614.9,-0.0106,3,0
45.7352,0.570771,59.987572,-0.007222,0.0000,1.0000,8625.0,-0.0097,3,0
45.7704,0.570884,59.987576,-0.007220,0.0000,1.0000,8631.3,-0.0090,3,0
45.8061,0.570997,59.987580,-0.007219,0.0000,1.0000,8637.8,-0.0084,3,0
45.8407,0.571110,59.987583,-0.007217,0.0000,1.0000,8647.3,-0.0080,3,0
45.8753,0.571223,59.987587,-0.007216,0.0000,1.0000,8655.5,-0.0079,3,0
45.9101,0.571337,59.987591,-0.007214,0.0000,1.0000,8662.0,-0.0080,3,0
45.9447,0.571450,59.987596,-0.007213,0.0000,1.0000,8669.1,-0.0083,3,0
45.9797,0.571564,59.987600,-0.007211,0.0000,1.0000,8676.1,-0.0090,3,0
46.0141,0.571677,59.987604,-0.007210,0.0000,1.0000,8684.5,-0.0098,3,0
46.0472,0.571791,59.987609,-0.007208,0.0000,1.0000,8695.6,-0.0108,3,0
46.0821,0.571905,59.987613,-0.007207,0.0000,1.0000,8699.9,-0.0121,3,0
46.1167,0.572018,59.987617,-0.007205,0.0000,1.0000,8705.7,-0.0134,3,0
46.1500,0.572132,59.987621,-0.007204,0.0000,1.0000,8717.1,-0.0149,3,0
46.1828,0.572246,59.987626,-0.007202,0.0000,1.0000,8730.1,-0.0164,3,0
46.2178,0.572360,59.987630,-0.007201,0.0000,1.0000,8731.1,-0.0178,3,0
46.2528,0.572475,59.987634,-0.007200,0.0000,1.0000,8733.6,-0.0192,3,0
46.2869,0.572589,59.987638,-0.007198,0.0000,1.0000,8740.7,-0.0205,3,0
46.3197,0.572703,59.987642,-0.007197,0.0000,1.0000,8752.0,-0.0218,3,0
46.3535,0.572818,59.987646,-0.007195,0.0000,1.0000,8758.2,-0.0229,3,0
46.3880,0.572932,59.987650,-0.007194,0.0000,1.0000,8759.7,-0.0238,3,0
46.4230,0.573047,59.987654,-0.007192,0.0000,1.0000,8760.7,-0.0247,3,0
46.4567,0.573161,59.987658,-0.007191,0.0000,1.0000,8767.0,-0.0255,3,0
46.4904,0.573276,59.987662,-0.007189,0.0000,1.0000,8771.8,-0.0262,3,0
46.5236,0.573391,59.987666,-0.007188,0.0000,1.0000,8776.0,-0.0268,3,0
46.5574,0.573506,59.987670,-0.007186,0.0000,1.0000,8779.6,-0.0273,3,0
46.5909,0.573621,59.987674,-0.007185,0.0000,1.0000,8784.1,-0.0277,3,0
46.6233,0.573736,59.987679,-0.007184,0.0000,1.0000,8792.1,-0.0281,3,0
46.6556,0.573851,59.987683,-0.007182,0.0000,1.0000,8800.0,-0.0283,3,0
46.6876,0.573967,59.987687,-0.007181,0.0000,1.0000,8808.3,-0.0284,3,0
46.7205,0.574082,59.987691,-0.007179,0.0000,1.0000,8811.0,-0.0287,3,0
46.7529,0.574197,59.987696,-0.007178,0.0000,1.0000,8819.6,-0.0287,3,0
46.7835,0.574313,59.987700,-0.007176,0.0000,1.0000,8832.1,-0.0287,3,0
46.8132,0.574428,59.987704,-0.007175,0.0000,1.0000,8848.0,-0.0287,3,0
46.8451,0.574544,59.987709,-0.007174,0.0000,1.0000,8854.0,-0.0287,3,0
46.8781,0.574660,59.987713,-0.007172,0.0000,1.0000,8856.6,-0.0286,3,0
46.9100,0.574776,59.987717,-0.007171,0.0000,1.0000,8863.0,-0.0286,3,0
46.9410,0.574891,59.987720,-0.007169,0.0000,1.0000,8871.6,-0.0284,3,0
46.9716,0.575007,59.987724,-0.007168,0.0000,1.0000,8882.3,-0.0282,3,0
47.0047,0.575123,59.987728,-0.007167,0.0000,1.0000,8883.3,-0.0280,3,0
47.0379,0.575240,59.987732,-0.007165,0.0000,1.0000,8882.7,-0.0278,3,0
47.0691,0.575356,59.987735,-0.007164,0.0000,1.0000,8890.5,-0.0275,3,0
47.0989,0.575472,59.987739,-0.007163,0.0000,1.0000,8902.5,-0.0271,3,0
47.1305,0.575588,59.987743,-0.007161,0.0000,1.0000,8907.0,-0.0267,3,0
47.1640,0.575705,59.987746,-0.007160,0.0000,1.0000,8903.6,-0.0263,3,0
47.1952,0.575821,59.987750,-0.007159,0.0000,1.0000,8908.4,-0.0259,3,0
47.2263,0.575938,59.987754,-0.007157,0.0000,1.0000,8914.5,-0.0254,3,0
47.2562,0.576055,59.987759,-0.007156,0.0000,1.0000,8923.8,-0.0249,3,0
47.2881,0.576171,59.987763,-0.007155,0.0000,1.0000,8925.8,-0.0245,3,0
47.3203,0.576288,59.987767,-0.007153,0.0000,1.0000,8926.2,-0.0241,3,0
47.3510,0.576405,59.987772,-0.007152,0.0000,1.0000,8933.1,-0.0236,3,0
47.3800,0.576522,59.987776,-0.007151,0.0000,1.0000,8945.4,-0.0232,3,0
47.4102,0.576639,59.987780,-0.007149,0.0000,1.0000,8952.7,-0.0229,3,0
47.4433,0.576756,59.987784,-0.007148,0.0000,1.0000,8949.0,-0.0226,3,0
47.4737,0.576873,59.987789,-0.007147,0.0000,1.0000,8955.0,-0.0224,3,0
47.5040,0.576991,59.987793,-0.007145,0.0000,1.0000,8961.3,-0.0221,3,0
47.5333,0.577108,59.987798,-0.007144,0.0000,1.0000,8971.6,-0.0219,3,0
47.5651,0.577225,59.987802,-0.007143,0.0000,1.0000,8971.0,-0.0218,3,0
47.5972,0.577343,59.987807,-0.007142,0.0000,1.0000,8969.6,-0.0217,3,0
47.6277,0.577460,59.987812,-0.007140,0.0000,1.0000,8973.9,-0.0214,3,0
47.6587,0.577578,59.987817,-0.007139,0.0000,1.0000,8975.3,-0.0210,3,0
47.6882,0.577696,59.987821,-0.007138,0.0000,0.0000,8970.5,-0.0207,3,0
47.6832,0.577813,59.987826,-0.007137,0.0000,0.0000,8921.6,-0.0204,3,0
47.6684,0.577931,59.987831,-0.007135,0.0000,0.0000,8873.0,-0.0201,3,0
47.6533,0.578049,59.987835,-0.007134,0.0000,0.0000,8824.6,-0.0198,3,0
47.6386,0.578166,59.987840,-0.007133,0.0000,0.0000,8776.3,-0.0194,3,0
47.6687,0.578284,59.987844,-0.007132,0.0000,0.0000,7883.1,-0.0191,4,0
47.7160,0.578402,59.987848,-0.007130,0.0000,1.0000,7499.7,-0.0189,4,0
47.7491,0.578520,59.987852,-0.007129,0.0000,1.0000,7499.7,-0.0187,4,0
47.7796,0.578638,59.987856,-0.007128,0.0000,1.0000,7506.8,-0.0185,4,0
47.8108,0.578756,59.987860,-0.007127,0.0000,1.0000,7511.6,-0.0183,4,0
47.8436,0.578874,59.987864,-0.007126,0.0000,1.0000,7509.0,-0.0184,4,0
47.8758,0.578992,59.987868,-0.007124,0.0000,1.0000,7506.6,-0.0185,4,0
47.9074,0.579110,59.987872,-0.007123,0.0000,1.0000,7506.8,-0.0188,4,0
47.9366,0.579229,59.987876,-0.007122,0.0000,1.0000,7518.3,-0.0193,4,0
47.9674,0.579347,59.987880,-0.007121,0.0000,1.0000,7520.7,-0.0200,4,0
47.9987,0.579466,59.987884,-0.007120,0.0000,1.0000,7521.6,-0.0208,4,0
48.0290,0.579584,59.987889,-0.007118,0.0000,1.0000,7525.5,-0.0218,4,0
48.0590,0.579703,59.987893,-0.007117,0.0000,1.0000,7529.9,-0.0228,4,0
48.0886,0.579821,59.987897,-0.007116,0.0000,1.0000,7536.8,-0.0239,4,0
48.1203,0.579940,59.987901,-0.007115,0.0000,1.0000,7535.6,-0.0250,4,0
48.1497,0.580059,59.987906,-0.007114,0.0000,1.0000,7541.7,-0.0260,4,0
48.1793,0.580178,59.987910,-0.007112,0.0000,1.0000,7547.7,-0.0269,4,0
48.2092,0.580297,59.987914,-0.007111,0.0000,1.0000,7553.3,-0.0278,4,0
48.2400,0.580416,59.987919,-0.007110,0.0000,1.0000,7555.6,-0.0285,4,0
48.2704,0.580535,59.987923,-0.007109,0.0000,1.0000,7558.2,-0.0291,4,0
48.3003,0.580655,59.987927,-0.007108,0.0000,1.0000,7562.5,-0.0295,4,0
48.3302,0.580774,59.987931,-0.007107,0.0000,1.0000,7568.3,-0.0299,4,0
48.3606,0.580893,59.987936,-0.007106,0.0000,1.0000,7572.8,-0.0301,4,0
48.3911,0.581013,59.987940,-0.007104,0.0000,1.0000,7575.1,-0.0303,4,0
48.4201,0.581132,59.987944,-0.007103,0.0000,1.0000,7583.1,-0.0302,4,0
48.4493,0.581252,59.987948,-0.007102,0.0000,1.0000,7590.8,-0.0299,4,0
48.4785,0.581371,59.987952,-0.007101,0.0000,1.0000,7599.3,-0.0296,4,0
48.5100,0.581491,59.987957,-0.007100,0.0000,1.0000,7597.4,-0.0292,4,0
48.5399,0.581611,59.987961,-0.007099,0.0000,1.0000,7601.5,-0.0287,4,0
48.5694,0.581731,59.987965,-0.007098,0.0000,1.0000,7606.2,-0.0279,4,0
48.5994,0.581851,59.987970,-0.007097,0.0000,1.0000,7611.7,-0.0271,4,0
48.6319,0.581971,59.987974,-0.007096,0.0000,1.0000,7604.0,-0.0263,4,0
48.6612,0.582091,59.987979,-0.007094,0.0000,1.0000,7611.0,-0.0253,4,0
48.6893,0.582211,59.987983,-0.007093,0.0000,1.0000,7621.4,-0.0242,4,0
48.7208,0.582332,59.987988,-0.007092,0.0000,1.0000,7617.5,-0.0231,4,0
48.7537,0.582452,59.987992,-0.007091,0.0000,1.0000,7608.7,-0.0219,4,0
48.7834,0.582572,59.987997,-0.007090,0.0000,1.0000,7613.8,-0.0207,4,0
48.8112,0.582693,59.988001,-0.007089,0.0000,1.0000,7624.2,-0.0194,4,0
48.8418,0.582813,59.988005,-0.007088,0.0000,1.0000,7622.5,-0.0181,4,0
48.8741,0.582934,59.988010,-0.007087,0.0000,1.0000,7616.1,-0.0170,4,0
48.9029,0.583055,59.988014,-0.007086,0.0000,1.0000,7624.6,-0.0159,4,0
48.9300,0.583176,59.988018,-0.007085,0.0000,1.0000,7637.8,-0.0149,4,0
48.9597,0.583296,59.988023,-0.007084,0.0000,1.0000,7639.9,-0.0139,4,0
48.9929,0.583417,59.988027,-0.007083,0.0000,1.0000,7628.4,-0.0130,4,0
49.0206,0.583538,59.988031,-0.007082,0.0000,1.0000,7642.2,-0.0123,4,0
49.0479,0.583659,59.988035,-0.007081,0.0000,1.0000,7656.2,-0.0116,4,0
49.0770,0.583781,59.988039,-0.007080,0.0000,1.0000,7660.2,-0.0110,4,0
49.1106,0.583902,59.988044,-0.007079,0.0000,1.0000,7647.7,-0.0105,4,0
49.1401,0.584023,59.988048,-0.007078,0.0000,1.0000,7653.5,-0.0102,4,0
49.1672,0.584145,59.988052,-0.007077,0.0000,1.0000,7668.7,-0.0100,4,0
49.1959,0.584266,59.988057,-0.007076,0.0000,1.0000,7675.2,-0.0097,4,0
49.2271,0.584388,59.988062,-0.007075,0.0000,1.0000,7670.7,-0.0096,4,0
49.2582,0.584509,59.988066,-0.007074,0.0000,1.0000,7668.3,-0.0096,4,0
49.2849,0.584631,59.988071,-0.007073,0.0000,1.0000,7684.9,-0.0097,4,0
49.3117,0.584753,59.988076,-0.007072,0.0000,1.0000,7698.6,-0.0099,4,0
49.3403,0.584874,59.988081,-0.007071,0.0000,1.0000,7704.6,-0.0101,4,0
49.3736,0.584996,59.988086,-0.007070,0.0000,1.0000,7690.9,-0.0105,4,0
49.4021,0.585118,59.988090,-0.007069,0.0000,1.0000,7698.4,-0.0108,4,0
49.4288,0.585240,59.988095,-0.007068,0.0000,1.0000,7712.3,-0.0113,4,0
49.4562,0.585362,59.988100,-0.007068,0.0000,1.0000,7722.7,-0.0118,4,0
49.4877,0.585484,59.988104,-0.007067,0.0000,1.0000,7715.9,-0.0123,4,0
49.5187,0.585607,59.988108,-0.007066,0.0000,1.0000,7712.2,-0.0129,4,0
49.5461,0.585729,59.988112,-0.007065,0.0000,1.0000,7723.6,-0.0135,4,0
49.5721,0.585851,59.988116,-0.007064,0.0000,1.0000,7739.3,-0.0142,4,0
49.6016,0.585974,59.988120,-0.007063,0.0000,1.0000,7740.3,-0.0151,4,0
49.6340,0.586096,59.988124,-0.007062,0.0000,1.0000,7730.6,-0.0160,4,0
49.6611,0.586219,59.988128,-0.007061,0.0000,1.0000,7741.5,-0.0170,4,0
49.6870,0.586342,59.988132,-0.007060,0.0000,1.0000,7756.4,-0.0182,4,0
49.7146,0.586464,59.988136,-0.007059,0.0000,1.0000,7763.4,-0.0194,4,0
49.7451,0.586587,59.988140,-0.007058,0.0000,1.0000,7759.4,-0.0209,4,0
49.7744,0.586710,59.988145,-0.007057,0.0000,1.0000,7759.6,-0.0224,4,0
49.8000,0.586833,59.988149,-0.007057,0.0000,1.0000,7772.9,-0.0241,4,0
49.8271,0.586956,59.988154,-0.007056,0.0000,1.0000,7781.0,-0.0258,4,0
49.8556,0.587079,59.988158,-0.007055,0.0000,1.0000,7783.1,-0.0276,4,0
49.8857,0.587202,59.988163,-0.007054,0.0000,1.0000,7779.3,-0.0296,4,0
49.9138,0.587325,59.988168,-0.007053,0.0000,1.0000,7782.0,-0.0315,4,0
49.9390,0.587449,59.988172,-0.007052,0.0000,1.0000,7794.9,-0.0333,4,0
49.9668,0.587572,59.988177,-0.007051,0.0000,1.0000,7798.3,-0.0352,4,0
49.9988,0.587695,59.988181,-0.007050,0.0000,1.0000,7785.1,-0.0368,4,0
50.0249,0.587819,59.988186,-0.007050,0.0000,1.0000,7795.1,-0.0383,4,0
50.0501,0.587942,59.988190,-0.007049,0.0000,1.0000,7805.9,-0.0393,4,0
50.0767,0.588066,59.988195,-0.007048,0.0000,1.0000,7812.9,-0.0400,4,0
50.1073,0.588190,59.988199,-0.007047,0.0000,1.0000,7803.5,-0.0404,4,0
50.1334,0.588314,59.988204,-0.007046,0.0000,1.0000,7811.8,-0.0404,4,0
50.1584,0.588437,59.988208,-0.007046,0.0000,1.0000,7823.6,-0.0398,4,0
50.1836,0.588561,59.988212,-0.007045,0.0000,1.0000,7833.6,-0.0388,4,0
50.2115,0.588685,59.988217,-0.007044,0.0000,1.0000,7833.6,-0.0373,4,0
50.2399,0.588809,59.988221,-0.007043,0.0000,1.0000,7832.6,-0.0356,4,0
50.2647,0.588933,59.988226,-0.007042,0.0000,1.0000,7843.7,-0.0334,4,0
50.2897,0.589057,59.988230,-0.007041,0.0000,1.0000,7854.3,-0.0310,4,0
50.3166,0.589182,59.988235,-0.007041,0.0000,1.0000,7858.1,-0.0285,4,0
50.3459,0.589306,59.988239,-0.007040,0.0000,1.0000,7854.2,-0.0260,4,0
50.3714,0.589430,59.988244,-0.007039,0.0000,1.0000,7862.0,-0.0235,4,0
50.3962,0.589555,59.988249,-0.007039,0.0000,1.0000,7873.3,-0.0211,4,0
50.4215,0.589679,59.988253,-0.007038,0.0000,1.0000,7882.8,-0.0189,4,0
50.4516,0.589804,59.988258,-0.007037,0.0000,1.0000,7874.4,-0.0170,4,0
50.4775,0.589928,59.988263,-0.007037,0.0000,1.0000,7879.0,-0.0153,4,0
50.5019,0.590053,59.988268,-0.007036,0.0000,1.0000,7890.2,-0.0137,4,0
50.5283,0.590178,59.988272,-0.007035,0.0000,1.0000,7892.8,-0.0124,4,0
50.5571,0.590303,59.988277,-0.007034,0.0000,1.0000,7887.1,-0.0114,4,0
50.5831,0.590427,59.988281,-0.007034,0.0000,1.0000,7891.7,-0.0104,4,0
50.6078,0.590552,59.988286,-0.007033,0.0000,1.0000,7901.2,-0.0096,4,0
50.6353,0.590677,59.988290,-0.007033,0.0000,1.0000,7898.6,-0.0090,4,0
50.6640,0.590802,59.988294,-0.007032,0.0000,1.0000,7892.4,-0.0086,4,0
50.6899,0.590928,59.988298,-0.007031,0.0000,1.0000,7898.1,-0.0083,4,0
50.7135,0.591053,59.988303,-0.007031,0.0000,1.0000,7912.2,-0.0082,4,0
50.7401,0.591178,59.988307,-0.007030,0.0000,1.0000,7913.3,-0.0082,4,0
50.7689,0.591303,59.988311,-0.007030,0.0000,1.0000,7906.7,-0.0085,4,0
50.7956,0.591429,59.988316,-0.007029,0.0000,1.0000,7910.0,-0.0090,4,0
50.8189,0.591554,59.988320,-0.007028,0.0000,1.0000,7925.9,-0.0096,4,0
50.8448,0.591680,59.988325,-0.007028,0.0000,1.0000,7930.6,-0.0104,4,0
50.8733,0.591805,59.988329,-0.007027,0.0000,1.0000,7925.9,-0.0114,4,0
50.9014,0.591931,59.988334,-0.007027,0.0000,1.0000,7923.1,-0.0125,4,0
50.9248,0.592057,59.988338,-0.007026,0.0000,1.0000,7939.4,-0.0138,4,0
50.9494,0.592182,59.988343,-0.007026,0.0000,1.0000,7949.0,-0.0152,4,0
50.9765,0.592308,59.988347,-0.007025,0.0000,1.0000,7949.8,-0.0168,4,0
51.0057,0.592434,59.988352,-0.007024,0.0000,1.0000,7941.2,-0.0185,4,0
51.0300,0.592560,59.988356,-0.007024,0.0000,1.0000,7950.5,-0.0202,4,0
51.0532,0.592686,59.988360,-0.007023,0.0000,1.0000,7965.1,-0.0220,4,0
51.0781,0.592812,59.988365,-0.007023,0.0000,1.0000,7972.8,-0.0237,4,0
51.1034,0.592938,59.988370,-0.007022,0.0000,1.0000,7975.9,-0.0254,4,0
51.1298,0.593065,59.988374,-0.007022,0.0000,1.0000,7974.1,-0.0269,4,0
51.1540,0.593191,59.988379,-0.007021,0.0000,1.0000,7979.3,-0.0283,4,0
51.1762,0.593317,59.988383,-0.007021,0.0000,1.0000,7990.6,-0.0295,4,0
51.1997,0.593444,59.988388,-0.007020,0.0000,1.0000,7998.2,-0.0304,4,0
51.2234,0.593570,59.988392,-0.007020,0.0000,1.0000,8002.1,-0.0310,4,0
51.2468,0.593697,59.988397,-0.007019,0.0000,1.0000,8005.9,-0.0311,4,0
51.2693,0.593823,59.988401,-0.007019,0.0000,1.0000,8014.9,-0.0310,4,0
51.2934,0.593950,59.988405,-0.007018,0.0000,1.0000,8017.1,-0.0305,4,0
51.3199,0.594076,59.988410,-0.007018,0.0000,1.0000,8007.8,-0.0295,4,0
51.3454,0.594203,59.988415,-0.007017,0.0000,1.0000,8003.0,-0.0282,4,0
51.3680,0.594330,59.988419,-0.007017,0.0000,1.0000,8008.5,-0.0266,4,0
51.3924,0.594457,59.988424,-0.007016,0.0000,1.0000,8008.7,-0.0249,4,0
51.4191,0.594584,59.988429,-0.007016,0.0000,1.0000,8001.3,-0.0230,4,0
51.4394,0.594711,59.988433,-0.007015,0.0000,1.0000,8017.7,-0.0210,4,0
51.4618,0.594838,59.988438,-0.007015,0.0000,1.0000,8027.3,-0.0190,4,0
51.4878,0.594965,59.988443,-0.007015,0.0000,1.0000,8023.4,-0.0173,4,0
51.5129,0.595092,59.988448,-0.007014,0.0000,1.0000,8021.6,-0.0156,4,0
51.5344,0.595219,59.988452,-0.007014,0.0000,1.0000,8036.3,-0.0141,4,0
51.5569,0.595347,59.988457,-0.007013,0.0000,1.0000,8047.1,-0.0128,4,0
51.5829,0.595474,59.988462,-0.007013,0.0000,1.0000,8045.2,-0.0117,4,0
51.6101,0.595601,59.988467,-0.007013,0.0000,1.0000,8039.2,-0.0110,4,0
51.6338,0.595729,59.988472,-0.007012,0.0000,1.0000,8047.3,-0.0105,4,0
51.6558,0.595856,59.988477,-0.007012,0.0000,1.0000,8062.9,-0.0102,4,0
51.6812,0.595984,59.988481,-0.007011,0.0000,1.0000,8063.4,-0.0103,4,0
51.7084,0.596112,59.988486,-0.007011,0.0000,1.0000,8055.5,-0.0105,4,0
51.7334,0.596239,59.988491,-0.007011,0.0000,1.0000,8057.2,-0.0110,4,0
51.7552,0.596367,59.988496,-0.007010,0.0000,1.0000,8070.6,-0.0116,4,0
51.7775,0.596495,59.988501,-0.007010,0.0000,1.0000,8082.6,-0.0123,4,0
51.8014,0.596623,59.988506,-0.007010,0.0000,1.0000,8086.4,-0.0131,4,0
51.8274,0.596751,59.988511,-0.007009,0.0000,1.0000,8082.7,-0.0139,4,0
51.8500,0.596879,59.988515,-0.007009,0.0000,1.0000,8089.8,-0.0148,4,0
51.8722,0.597007,59.988520,-0.007009,0.0000,1.0000,8099.4,-0.0157,4,0
51.8950,0.597135,59.988524,-0.007009,0.0000,1.0000,8106.3,-0.0166,4,0
51.9189,0.597263,59.988529,-0.007008,0.0000,1.0000,8106.3,-0.0176,4,0
51.9416,0.597391,59.988534,-0.007008,0.0000,1.0000,8111.1,-0.0186,4,0
51.9650,0.597520,59.988538,-0.007008,0.0000,1.0000,8113.5,-0.0196,4,0
51.9872,0.597648,59.988543,-0.007007,0.0000,1.0000,8120.0,-0.0206,4,0
52.0094,0.597776,59.988547,-0.007007,0.0000,1.0000,8124.4,-0.0217,4,0
52.0318,0.597905,59.988552,-0.007007,0.0000,1.0000,8129.4,-0.0227,4,0
52.0551,0.598033,59.988557,-0.007006,0.0000,1.0000,8130.6,-0.0237,4,0
52.0777,0.598162,59.988561,-0.007006,0.0000,1.0000,8135.0,-0.0247,4,0
52.1030,0.598290,59.988566,-0.007006,0.0000,1.0000,8127.7,-0.0256,4,0
52.1276,0.598419,59.988570,-0.007006,0.0000,1.0000,8122.3,-0.0264,4,0
52.1498,0.598548,59.988575,-0.007005,0.0000,1.0000,8128.7,-0.0270,4,0
52.1709,0.598677,59.988580,-0.007005,0.0000,1.0000,8139.1,-0.0275,4,0
52.1957,0.598805,59.988584,-0.007005,0.0000,1.0000,8132.3,-0.0279,4,0
52.2199,0.598934,59.988589,-0.007005,0.0000,1.0000,8128.7,-0.0280,4,0
52.2411,0.599063,59.988593,-0.007004,0.0000,1.0000,8139.0,-0.0280,4,0
52.2626,0.599192,59.988598,-0.007004,0.0000,1.0000,8145.8,-0.0278,4,0
52.2870,0.599321,59.988603,-0.007004,0.0000,1.0000,8140.9,-0.0274,4,0
52.3101,0.599451,59.988607,-0.007004,0.0000,1.0000,8141.1,-0.0267,4,0
52.3307,0.599580,59.988612,-0.007004,0.0000,1.0000,8153.8,-0.0259,4,0
52.3525,0.599709,59.988616,-0.007003,0.0000,1.0000,8160.0,-0.0250,4,0
52.3761,0.599838,59.988621,-0.007003,0.0000,1.0000,8157.6,-0.0241,4,0
52.3995,0.599968,59.988626,-0.007003,0.0000,1.0000,8158.4,-0.0231,4,0
52.4204,0.600097,59.988630,-0.007003,0.0000,1.0000,8171.0,-0.0222,4,0
52.4425,0.600226,59.988635,-0.007003,0.0000,1.0000,8177.2,-0.0214,4,0
52.4663,0.600356,59.988639,-0.007002,0.0000,1.0000,8175.8,-0.0206,4,0
52.4905,0.600486,59.988644,-0.007002,0.0000,1.0000,8172.9,-0.0200,4,0
52.5116,0.600615,59.988649,-0.007002,0.0000,1.0000,8184.8,-0.0194,4,0
52.5328,0.600745,59.988654,-0.007002,0.0000,1.0000,8193.7,-0.0191,4,0
52.5555,0.600875,59.988659,-0.007002,0.0000,1.0000,8193.8,-0.0187,4,0
52.5794,0.601004,59.988664,-0.007002,0.0000,1.0000,8189.6,-0.0183,4,0
52.5996,0.601134,59.988669,-0.007002,0.0000,1.0000,8199.8,-0.0178,4,0
52.6185,0.601264,59.988673,-0.007002,0.0000,1.0000,8214.6,-0.0172,4,0
52.6379,0.601394,59.988678,-0.007002,0.0000,1.0000,8224.5,-0.0165,4,0
52.6620,0.601524,59.988683,-0.007002,0.0000,1.0000,8215.8,-0.0156,4,0
52.6833,0.601654,59.988688,-0.007001,0.0000,1.0000,8218.5,-0.0147,4,0
52.7047,0.601784,59.988693,-0.007001,0.0000,1.0000,8221.6,-0.0137,4,0
52.7274,0.601914,59.988698,-0.007001,0.0000,1.0000,8217.7,-0.0128,4,0
52.7530,0.602045,59.988702,-0.007001,0.0000,1.0000,8204.1,-0.0118,4,0
52.7723,0.602175,59.988707,-0.007001,0.0000,1.0000,8217.6,-0.0108,4,0
52.7933,0.602305,59.988712,-0.007001,0.0000,1.0000,8225.0,-0.0101,4,0
52.8156,0.602436,59.988716,-0.007001,0.0000,1.0000,8225.4,-0.0096,4,0
52.8395,0.602566,59.988721,-0.007001,0.0000,1.0000,8221.3,-0.0091,4,0
52.8592,0.602697,59.988726,-0.007001,0.0000,1.0000,8234.7,-0.0090,4,0
52.8805,0.602827,59.988731,-0.007001,0.0000,1.0000,8243.8,-0.0089,4,0
52.9034,0.602958,59.988735,-0.007001,0.0000,1.0000,8244.9,-0.0092,4,0
52.9282,0.603088,59.988740,-0.007001,0.0000,1.0000,8237.8,-0.0097,4,0
52.9495,0.603219,59.988745,-0.007001,0.0000,1.0000,8248.7,-0.0104,4,0
52.9699,0.603350,59.988750,-0.007001,0.0000,1.0000,8261.4,-0.0113,4,0
52.9916,0.603481,59.988755,-0.007001,0.0000,1.0000,8267.1,-0.0122,4,0
53.0172,0.603612,59.988760,-0.007001,0.0000,1.0000,8255.8,-0.0134,4,0
53.0390,0.603742,59.988765,-0.007001,0.0000,1.0000,8262.8,-0.0145,4,0
53.0597,0.603873,59.988770,-0.007001,0.0000,1.0000,8274.1,-0.0157,4,0
53.0800,0.604005,59.988775,-0.007001,0.0000,1.0000,8285.4,-0.0168,4,0
53.1023,0.604136,59.988780,-0.007001,0.0000,1.0000,8289.9,-0.0180,4,0
53.1236,0.604267,59.988785,-0.007001,0.0000,1.0000,8294.7,-0.0192,4,0
53.1457,0.604398,59.988790,-0.007001,0.0000,1.0000,8296.2,-0.0203,4,0
53.1676,0.604529,59.988794,-0.007001,0.0000,1.0000,8296.6,-0.0214,4,0
53.1892,0.604660,59.988799,-0.007001,0.0000,1.0000,8296.1,-0.0223,4,0
53.2101,0.604792,59.988803,-0.007001,0.0000,1.0000,8299.3,-0.0232,4,0
53.2304,0.604923,59.988808,-0.007002,0.0000,1.0000,8301.4,-0.0240,4,0
53.2506,0.605055,59.988812,-0.007002,0.0000,1.0000,8305.0,-0.0246,4,0
53.2706,0.605186,59.988816,-0.007002,0.0000,1.0000,8308.7,-0.0249,4,0
53.2918,0.605318,59.988821,-0.007002,0.0000,1.0000,8310.6,-0.0251,4,0
53.3114,0.605449,59.988825,-0.007002,0.0000,1.0000,8318.3,-0.0250,4,0
53.3316,0.605581,59.988830,-0.007002,0.0000,1.0000,8323.7,-0.0247,4,0
53.3530,0.605713,59.988834,-0.007002,0.0000,1.0000,8324.2,-0.0242,4,0
53.3745,0.605844,59.988839,-0.007002,0.0000,1.0000,8324.9,-0.0236,4,0
53.3960,0.605976,59.988844,-0.007002,0.0000,1.0000,8325.0,-0.0229,4,0
53.4159,0.606108,59.988849,-0.007002,0.0000,1.0000,8332.1,-0.0221,4,0
53.4395,0.606240,59.988854,-0.007002,0.0000,1.0000,8324.4,-0.0213,4,0
53.4641,0.606372,59.988859,-0.007003,0.0000,1.0000,8313.0,-0.0203,4,0
53.4831,0.606504,59.988864,-0.007003,0.0000,1.0000,8326.2,-0.0194,4,0
53.5036,0.606636,59.988869,-0.007003,0.0000,1.0000,8331.3,-0.0185,4,0
53.5267,0.606768,59.988874,-0.007003,0.0000,1.0000,8326.6,-0.0177,4,0
53.5485,0.606901,59.988879,-0.007003,0.0000,1.0000,8330.1,-0.0169,4,0
53.5677,0.607033,59.988884,-0.007003,0.0000,1.0000,8344.1,-0.0162,4,0
53.5883,0.607165,59.988889,-0.007003,0.0000,1.0000,8351.7,-0.0156,4,0
53.6131,0.607297,59.988893,-0.007003,0.0000,1.0000,8343.6,-0.0151,4,0
53.6363,0.607430,59.988898,-0.007004,0.0000,1.0000,8343.7,-0.0147,4,0
53.6562,0.607562,59.988902,-0.007004,0.0000,1.0000,8356.4,-0.0144,4,0
53.6767,0.607695,59.988907,-0.007004,0.0000,1.0000,8366.0,-0.0142,4,0
53.6988,0.607827,59.988912,-0.007004,0.0000,1.0000,8369.0,-0.0141,4,0
53.7210,0.607960,59.988916,-0.007004,0.0000,1.0000,8371.3,-0.0141,4,0
53.7415,0.608093,59.988921,-0.007005,0.0000,1.0000,8378.0,-0.0140,4,0
53.7608,0.608225,59.988925,-0.007005,0.0000,1.0000,8388.6,-0.0139,4,0
53.7804,0.608358,59.988930,-0.007005,0.0000,1.0000,8399.0,-0.0137,4,0
53.7997,0.608491,59.988935,-0.007005,0.0000,1.0000,8408.9,-0.0135,4,0
53.8212,0.608624,59.988940,-0.007005,0.0000,1.0000,8409.4,-0.0132,4,0
53.8425,0.608757,59.988945,-0.007006,0.0000,1.0000,8410.8,-0.0127,4,0
53.8642,0.608890,59.988950,-0.007006,0.0000,1.0000,8412.1,-0.0122,4,0
53.8852,0.609023,59.988955,-0.007006,0.0000,1.0000,8417.1,-0.0117,4,0
53.9066,0.609156,59.988960,-0.007006,0.0000,1.0000,8419.2,-0.0111,4,0
53.9280,0.609289,59.988965,-0.007007,0.0000,1.0000,8421.5,-0.0106,4,0
53.9497,0.609422,59.988970,-0.007007,0.0000,1.0000,8424.0,-0.0101,4,0
53.9731,0.609555,59.988975,-0.007007,0.0000,1.0000,8419.5,-0.0096,4,0
53.9949,0.609689,59.988980,-0.007007,0.0000,1.0000,8420.4,-0.0093,4,0
54.0154,0.609822,59.988985,-0.007008,0.0000,1.0000,8427.2,-0.0090,4,0
54.0375,0.609955,59.988990,-0.007008,0.0000,1.0000,8427.2,-0.0087,4,0
54.0605,0.610089,59.988995,-0.007008,0.0000,1.0000,8424.7,-0.0085,4,0
54.0826,0.610222,59.989000,-0.007009,0.0000,1.0000,8424.9,-0.0084,4,0
54.1022,0.610356,59.989005,-0.007009,0.0000,1.0000,8435.0,-0.0083,4,0
54.1242,0.610489,59.989010,-0.007009,0.0000,1.0000,8435.3,-0.0083,4,0
54.1463,0.610623,59.989015,-0.007009,0.0000,1.0000,8436.7,-0.0083,4,0
54.1673,0.610757,59.989020,-0.007010,0.0000,1.0000,8441.9,-0.0084,4,0
54.1876,0.610891,59.989025,-0.007010,0.0000,1.0000,8450.5,-0.0085,4,0
54.2090,0.611024,59.989030,-0.007010,0.0000,1.0000,8454.1,-0.0085,4,0
54.2325,0.611158,59.989035,-0.007011,0.0000,1.0000,8451.1,-0.0086,4,0
54.2535,0.611292,59.989039,-0.007011,0.0000,1.0000,8455.9,-0.0088,4,0
54.2743,0.611426,59.989044,-0.007011,0.0000,1.0000,8463.8,-0.0089,4,0
54.2969,0.611560,59.989048,-0.007012,0.0000,1.0000,8463.3,-0.0090,4,0
54.3192,0.611694,59.989052,-0.007012,0.0000,1.0000,8464.2,-0.0090,4,0
54.3398,0.611828,59.989057,-0.007012,0.0000,1.0000,8471.8,-0.0092,4,0
54.3608,0.611963,59.989061,-0.007012,0.0000,1.0000,8477.0,-0.0092,4,0
54.3820,0.612097,59.989066,-0.007013,0.0000,1.0000,8480.2,-0.0093,4,0
54.4031,0.612231,59.989070,-0.007013,0.0000,1.0000,8484.1,-0.0094,4,0
54.4239,0.612366,59.989075,-0.007013,0.0000,1.0000,8486.6,-0.0094,4,0
54.4453,0.612500,59.989080,-0.007014,0.0000,1.0000,8488.0,-0.0093,4,0
54.4665,0.612634,59.989085,-0.007014,0.0000,1.0000,8491.3,-0.0092,4,0
54.4872,0.612769,59.989090,-0.007014,0.0000,1.0000,8496.5,-0.0091,4,0
54.5090,0.612904,59.989095,-0.007015,0.0000,1.0000,8497.7,-0.0090,4,0
54.5307,0.613038,59.989100,-0.007015,0.0000,1.0000,8499.7,-0.0089,4,0
54.5525,0.613173,59.989104,-0.007015,0.0000,1.0000,8501.0,-0.0087,4,0
54.5739,0.613308,59.989109,-0.007016,0.0000,1.0000,8504.0,-0.0086,4,0
54.5945,0.613442,59.989114,-0.007016,0.0000,1.0000,8510.4,-0.0085,4,0
54.6148,0.613577,59.989119,-0.007016,0.0000,1.0000,8519.0,-0.0085,4,0
54.6372,0.613712,59.989124,-0.007017,0.0000,1.0000,8517.9,-0.0084,4,0
54.6597,0.613847,59.989129,-0.007017,0.0000,1.0000,8517.3,-0.0084,4,0
54.6807,0.613982,59.989134,-0.007018,0.0000,1.0000,8523.2,-0.0085,4,0
54.7017,0.614117,59.989139,-0.007018,0.0000,1.0000,8529.1,-0.0086,4,0
54.7247,0.614252,59.989144,-0.007018,0.0000,1.0000,8529.2,-0.0087,4,0
54.7475,0.614387,59.989149,-0.007019,0.0000,1.0000,8527.9,-0.0089,4,0
54.7686,0.614522,59.989154,-0.007019,0.0000,1.0000,8534.1,-0.0091,4,0
54.7896,0.614658,59.989159,-0.007019,0.0000,1.0000,8540.1,-0.0093,4,0
54.8122,0.614793,59.989164,-0.007020,0.0000,1.0000,8539.8,-0.0096,4,0
54.8330,0.614928,59.989169,-0.007020,0.0000,1.0000,8544.5,-0.0099,4,0
54.8541,0.615064,59.989174,-0.007020,0.0000,1.0000,8547.9,-0.0102,4,0
54.8740,0.615199,59.989179,-0.007021,0.0000,1.0000,8556.0,-0.0104,4,0
54.8954,0.615335,59.989184,-0.007021,0.0000,1.0000,8557.1,-0.0107,4,0
54.9170,0.615470,59.989189,-0.007022,0.0000,1.0000,8558.2,-0.0109,4,0
54.9379,0.615606,59.989194,-0.007022,0.0000,1.0000,8562.4,-0.0111,4,0
54.9588,0.615742,59.989199,-0.007022,0.0000,1.0000,8567.3,-0.0112,4,0
54.9803,0.615877,59.989203,-0.007023,0.0000,1.0000,8571.0,-0.0113,4,0
55.0028,0.616013,59.989208,-0.007023,0.0000,1.0000,8568.7,-0.0113,4,0
55.0234,0.616149,59.989213,-0.007024,0.0000,1.0000,8575.7,-0.0113,4,0
55.0447,0.616285,59.989218,-0.007024,0.0000,1.0000,8578.4,-0.0111,4,0
55.0676,0.616421,59.989223,-0.007024,0.0000,1.0000,8574.9,-0.0110,4,0
55.0884,0.616557,59.989228,-0.007025,0.0000,1.0000,8581.1,-0.0108,4,0
55.1086,0.616693,59.989233,-0.007025,0.0000,1.0000,8589.2,-0.0105,4,0
55.1304,0.616829,59.989238,-0.007026,0.0000,1.0000,8590.2,-0.0102,4,0
55.1543,0.616965,59.989243,-0.007026,0.0000,1.0000,8583.3,-0.0099,4,0
55.1754,0.617101,59.989248,-0.007026,0.0000,1.0000,8587.6,-0.0095,4,0
55.1946,0.617237,59.989253,-0.007027,0.0000,1.0000,8600.4,-0.0091,4,0
55.2165,0.617374,59.989258,-0.007027,0.0000,1.0000,8601.9,-0.0087,4,0
55.2399,0.617510,59.989263,-0.007028,0.0000,1.0000,8595.5,-0.0084,4,0
55.2609,0.617647,59.989268,-0.007028,0.0000,1.0000,8601.1,-0.0081,4,0
55.2816,0.617783,59.989273,-0.007029,0.0000,1.0000,8608.2,-0.0078,4,0
55.3027,0.617920,59.989278,-0.007029,0.0000,1.0000,8612.6,-0.0075,4,0
55.3264,0.618056,59.989283,-0.007030,0.0000,1.0000,8605.3,-0.0074,4,0
55.3469,0.618193,59.989288,-0.007030,0.0000,1.0000,8612.5,-0.0072,4,0
55.3667,0.618329,59.989293,-0.007030,0.0000,1.0000,8622.2,-0.0071,4,0
55.3881,0.618466,59.989298,-0.007031,0.0000,1.0000,8625.2,-0.0070,4,0
55.4112,0.618603,59.989303,-0.007031,0.0000,1.0000,8621.2,-0.0070,4,0
55.4317,0.618740,59.989308,-0.007032,0.0000,1.0000,8628.6,-0.0070,4,0
55.4520,0.618877,59.989313,-0.007032,0.0000,1.0000,8636.7,-0.0070,4,0
55.4737,0.619014,59.989318,-0.007033,0.0000,1.0000,8638.6,-0.0070,4,0
55.4964,0.619151,59.989323,-0.007033,0.0000,1.0000,8636.2,-0.0069,4,0
55.5168,0.619288,59.989328,-0.007034,0.0000,1.0000,8643.8,-0.0067,4,0
55.5375,0.619425,59.989333,-0.007034,0.0000,1.0000,8649.5,-0.0065,4,0
55.5588,0.619562,59.989338,-0.007035,0.0000,1.0000,8651.3,-0.0063,4,0
55.5805,0.619699,59.989343,-0.007035,0.0000,1.0000,8652.6,-0.0061,4,0
55.6002,0.619836,59.989348,-0.007036,0.0000,1.0000,8661.5,-0.0058,4,0
55.6213,0.619974,59.989352,-0.007036,0.0000,1.0000,8664.3,-0.0055,4,0
55.6440,0.620111,59.989357,-0.007036,0.0000,1.0000,8660.2,-0.0053,4,0
55.6657,0.620249,59.989362,-0.007037,0.0000,1.0000,8661.9,-0.0051,4,0
55.6855,0.620386,59.989367,-0.007037,0.0000,1.0000,8672.3,-0.0049,4,0
55.7066,0.620523,59.989372,-0.007038,0.0000,1.0000,8676.7,-0.0047,4,0
55.7298,0.620661,59.989377,-0.007038,0.0000,1.0000,8672.2,-0.0046,4,0
55.7512,0.620799,59.989382,-0.007039,0.0000,1.0000,8676.3,-0.0045,4,0
55.7718,0.620936,59.989386,-0.007039,0.0000,1.0000,8684.0,-0.0044,4,0
55.7926,0.621074,59.989391,-0.007040,0.0000,1.0000,8689.0,-0.0044,4,0
55.8148,0.621212,59.989396,-0.007040,0.0000,1.0000,8688.2,-0.0044,4,0
55.8360,0.621350,59.989401,-0.007041,0.0000,1.0000,8691.5,-0.0045,4,0
55.8566,0.621488,59.989406,-0.007041,0.0000,1.0000,8696.6,-0.0046,4,0
55.8782,0.621626,59.989410,-0.007042,0.0000,1.0000,8698.1,-0.0047,4,0
55.9003,0.621764,59.989415,-0.007042,0.0000,1.0000,8696.0,-0.0050,4,0
55.9209,0.621902,59.989420,-0.007043,0.0000,1.0000,8703.2,-0.0052,4,0
55.9409,0.622040,59.989425,-0.007043,0.0000,1.0000,8710.4,-0.0054,4,0
55.9627,0.622178,59.989430,-0.007044,0.0000,1.0000,8712.5,-0.0057,4,0
55.9855,0.622316,59.989435,-0.007044,0.0000,1.0000,8709.3,-0.0059,4,0
56.0059,0.622454,59.989440,-0.007045,0.0000,1.0000,8717.2,-0.0061,4,0
56.0267,0.622593,59.989445,-0.007045,0.0000,1.0000,8721.9,-0.0062,4,0
56.0484,0.622731,59.989450,-0.007046,0.0000,1.0000,8723.5,-0.0061,4,0
56.0706,0.622869,59.989455,-0.007047,0.0000,1.0000,8723.5,-0.0061,4,0
56.0911,0.623008,59.989460,-0.007047,0.0000,1.0000,8728.9,-0.0061,4,0
56.1125,0.623146,59.989465,-0.007048,0.0000,1.0000,8732.1,-0.0062,4,0
56.1117,0.623285,59.989470,-0.007048,0.0000,0.0000,8684.3,-0.0063,4,0
56.0913,0.623423,59.989475,-0.007049,0.0000,0.0000,8636.7,-0.0065,4,0
56.0724,0.623562,59.989481,-0.007049,0.0000,0.0000,8589.3,-0.0068,4,0
56.0543,0.623700,59.989486,-0.007050,0.0000,0.0000,8542.1,-0.0072,4,0
56.0600,0.623839,59.989492,-0.007050,0.0000,0.0000,7860.8,-0.0076,5,0
56.0880,0.623977,59.989497,-0.007051,0.0000,0.0000,7529.7,-0.0081,5,0
56.1140,0.624116,59.989503,-0.007051,0.0000,1.0000,7524.3,-0.0087,5,0
56.1369,0.624254,59.989508,-0.007052,0.0000,1.0000,7520.1,-0.0092,5,0
56.1589,0.624393,59.989514,-0.007052,0.0000,1.0000,7519.2,-0.0098,5,0
56.1798,0.624531,59.989520,-0.007053,0.0000,1.0000,7521.7,-0.0103,5,0
56.2001,0.624670,59.989525,-0.007053,0.0000,1.0000,7526.9,-0.0107,5,0
56.2208,0.624809,59.989530,-0.007054,0.0000,1.0000,7529.2,-0.0109,5,0
56.2418,0.624948,59.989535,-0.007054,0.0000,1.0000,7529.9,-0.0111,5,0
56.2623,0.625087,59.989540,-0.007055,0.0000,1.0000,7533.0,-0.0112,5,0
56.2823,0.625226,59.989545,-0.007056,0.0000,1.0000,7537.1,-0.0110,5,0
56.3026,0.625365,59.989549,-0.007056,0.0000,1.0000,7541.4,-0.0107,5,0
56.3239,0.625504,59.989554,-0.007057,0.0000,1.0000,7540.2,-0.0103,5,0
56.3444,0.625643,59.989559,-0.007057,0.0000,1.0000,7542.8,-0.0099,5,0
56.3636,0.625782,59.989564,-0.007058,0.0000,1.0000,7550.9,-0.0093,5,0
56.3851,0.625921,59.989569,-0.007058,0.0000,1.0000,7550.0,-0.0087,5,0
56.4071,0.626060,59.989574,-0.007059,0.0000,1.0000,7545.4,-0.0081,5,0
56.4271,0.626200,59.989579,-0.007059,0.0000,1.0000,7551.6,-0.0074,5,0
56.4464,0.626339,59.989584,-0.007060,0.0000,1.0000,7559.4,-0.0068,5,0
56.4681,0.626478,59.989589,-0.007061,0.0000,1.0000,7558.0,-0.0062,5,0
56.4913,0.626618,59.989594,-0.007061,0.0000,1.0000,7552.8,-0.0056,5,0
56.5110,0.626757,59.989599,-0.007062,0.0000,1.0000,7561.7,-0.0051,5,0
56.5307,0.626897,59.989604,-0.007062,0.0000,1.0000,7569.9,-0.0046,5,0
56.5541,0.627037,59.989609,-0.007063,0.0000,1.0000,7564.0,-0.0042,5,0
56.5762,0.627176,59.989614,-0.007063,0.0000,1.0000,7564.0,-0.0039,5,0
56.5955,0.627316,59.989619,-0.007064,0.0000,1.0000,7576.2,-0.0036,5,0
56.6154,0.627456,59.989624,-0.007065,0.0000,1.0000,7585.0,-0.0033,5,0
56.6394,0.627595,59.989629,-0.007065,0.0000,1.0000,7578.0,-0.0031,5,0
56.6611,0.627735,59.989635,-0.007066,0.0000,1.0000,7581.5,-0.0029,5,0
56.6806,0.627875,59.989640,-0.007066,0.0000,1.0000,7593.4,-0.0027,5,0
56.7012,0.628015,59.989645,-0.007067,0.0000,1.0000,7599.6,-0.0025,5,0
56.7255,0.628155,59.989650,-0.007068,0.0000,1.0000,7590.6,-0.0023,5,0
56.7467,0.628295,59.989656,-0.007068,0.0000,1.0000,7596.8,-0.0021,5,0
56.7665,0.628435,59.989661,-0.007069,0.0000,1.0000,7605.9,-0.0019,5,0
56.7881,0.628576,59.989666,-0.007069,0.0000,1.0000,7608.0,-0.0017,5,0
56.8122,0.628716,59.989672,-0.007070,0.0000,1.0000,7601.8,-0.0014,5,0
56.8328,0.628856,59.989677,-0.007071,0.0000,1.0000,7609.7,-0.0012,5,0
56.8534,0.628997,59.989682,-0.007071,0.0000,1.0000,7616.3,-0.0008,5,0
56.8745,0.629137,59.989687,-0.007072,0.0000,1.0000,7620.5,-0.0005,5,0
56.8977,0.629277,59.989692,-0.007073,0.0000,1.0000,7617.7,-0.0001,5,0
56.9183,0.629418,59.989697,-0.007073,0.0000,1.0000,7624.5,0.0003,5,0
56.9392,0.629558,59.989702,-0.007074,0.0000,1.0000,7628.0,0.0007,5,0
56.9614,0.629699,59.989707,-0.007074,0.0000,1.0000,7627.5,0.0012,5,0
56.9830,0.629840,59.989712,-0.007075,0.0000,1.0000,7629.2,0.0017,5,0
57.0034,0.629981,59.989717,-0.007076,0.0000,1.0000,7635.4,0.0021,5,0
57.0251,0.630121,59.989722,-0.007076,0.0000,1.0000,7635.9,0.0026,5,0
57.0470,0.630262,59.989727,-0.007077,0.0000,1.0000,7635.6,0.0030,5,0
57.0678,0.630403,59.989732,-0.007077,0.0000,1.0000,7639.8,0.0034,5,0
57.0876,0.630544,59.989737,-0.007078,0.0000,1.0000,7647.5,0.0036,5,0
57.1096,0.630685,59.989742,-0.007079,0.0000,1.0000,7646.3,0.0038,5,0
57.1329,0.630826,59.989747,-0.007079,0.0000,1.0000,7641.8,0.0039,5,0
57.1534,0.630967,59.989752,-0.007080,0.0000,1.0000,7648.7,0.0039,5,0
57.1735,0.631108,59.989757,-0.007081,0.0000,1.0000,7656.1,0.0037,5,0
57.1947,0.631249,59.989762,-0.007081,0.0000,1.0000,7658.9,0.0035,5,0
57.2184,0.631391,59.989767,-0.007082,0.0000,1.0000,7652.2,0.0033,5,0
57.2385,0.631532,59.989772,-0.007082,0.0000,1.0000,7660.2,0.0030,5,0
57.2589,0.631673,59.989777,-0.007083,0.0000,1.0000,7666.2,0.0027,5,0
57.2821,0.631815,59.989782,-0.007084,0.0000,1.0000,7662.9,0.0024,5,0
57.3051,0.631956,59.989788,-0.007084,0.0000,1.0000,7661.1,0.0021,5,0
57.3248,0.632098,59.989793,-0.007085,0.0000,1.0000,7672.0,0.0019,5,0
57.3469,0.632239,59.989798,-0.007085,0.0000,1.0000,7675.1,0.0017,5,0
57.3704,0.632381,59.989803,-0.007086,0.0000,1.0000,7672.2,0.0017,5,0
57.3926,0.632523,59.989809,-0.007087,0.0000,1.0000,7675.3,0.0017,5,0
57.4123,0.632664,59.989814,-0.007087,0.0000,1.0000,7687.7,0.0018,5,0
57.4346,0.632806,59.989819,-0.007088,0.0000,1.0000,7690.0,0.0020,5,0
57.4586,0.632948,59.989825,-0.007089,0.0000,1.0000,7685.0,0.0023,5,0
57.4796,0.633090,59.989830,-0.007089,0.0000,1.0000,7692.6,0.0027,5,0
57.4996,0.633232,59.989835,-0.007090,0.0000,1.0000,7703.9,0.0031,5,0
57.5227,0.633374,59.989840,-0.007090,0.0000,1.0000,7703.4,0.0037,5,0
57.5462,0.633516,59.989845,-0.007091,0.0000,1.0000,7699.7,0.0043,5,0
57.5672,0.633658,59.989850,-0.007092,0.0000,1.0000,7708.6,0.0050,5,0
57.5883,0.633800,59.989855,-0.007092,0.0000,1.0000,7716.0,0.0059,5,0
57.6112,0.633942,59.989860,-0.007093,0.0000,1.0000,7715.7,0.0068,5,0
57.6342,0.634085,59.989865,-0.007093,0.0000,1.0000,7714.5,0.0079,5,0
57.6553,0.634227,59.989870,-0.007094,0.0000,1.0000,7721.9,0.0091,5,0
57.6779,0.634369,59.989875,-0.007095,0.0000,1.0000,7723.0,0.0104,5,0
57.7007,0.634512,59.989880,-0.007095,0.0000,1.0000,7723.4,0.0119,5,0
57.7232,0.634654,59.989885,-0.007096,0.0000,1.0000,7723.7,0.0134,5,0
57.7440,0.634797,59.989891,-0.007096,0.0000,1.0000,7731.1,0.0151,5,0
57.7660,0.634939,59.989896,-0.007097,0.0000,1.0000,7734.6,0.0169,5,0
57.7883,0.635082,59.989901,-0.007098,0.0000,1.0000,7734.5,0.0188,5,0
57.8094,0.635225,59.989907,-0.007098,0.0000,1.0000,7738.7,0.0205,5,0
57.8306,0.635367,59.989912,-0.007099,0.0000,1.0000,7744.6,0.0223,5,0
57.8523,0.635510,59.989917,-0.007099,0.0000,1.0000,7747.3,0.0240,5,0
57.8749,0.635653,59.989922,-0.007100,0.0000,1.0000,7745.8,0.0256,5,0
57.8961,0.635796,59.989928,-0.007101,0.0000,1.0000,7751.2,0.0268,5,0
57.9178,0.635939,59.989933,-0.007101,0.0000,1.0000,7755.0,0.0280,5,0
57.9408,0.636082,59.989938,-0.007102,0.0000,1.0000,7753.0,0.0288,5,0
57.9636,0.636225,59.989944,-0.007102,0.0000,1.0000,7752.6,0.0293,5,0
57.9835,0.636368,59.989949,-0.007103,0.0000,1.0000,7763.9,0.0294,5,0
58.0059,0.636512,59.989954,-0.007103,0.0000,1.0000,7765.8,0.0295,5,0
58.0299,0.636655,59.989959,-0.007104,0.0000,1.0000,7760.6,0.0291,5,0
58.0513,0.636798,59.989965,-0.007104,0.0000,1.0000,7765.7,0.0285,5,0
58.0713,0.636941,59.989970,-0.007105,0.0000,1.0000,7777.9,0.0279,5,0
58.0955,0.637085,59.989975,-0.007106,0.0000,1.0000,7773.5,0.0271,5,0
58.1184,0.637228,59.989981,-0.007106,0.0000,1.0000,7772.6,0.0262,5,0
58.1383,0.637372,59.989986,-0.007107,0.0000,1.0000,7783.3,0.0253,5,0
58.1596,0.637515,59.989991,-0.007107,0.0000,1.0000,7790.0,0.0244,5,0
58.1832,0.637659,59.989996,-0.007108,0.0000,1.0000,7786.4,0.0235,5,0
58.2057,0.637803,59.990001,-0.007108,0.0000,1.0000,7786.9,0.0227,5,0
58.2251,0.637946,59.990006,-0.007109,0.0000,1.0000,7801.2,0.0220,5,0
58.2482,0.638090,59.990011,-0.007109,0.0000,1.0000,7799.7,0.0214,5,0
58.2712,0.638234,59.990016,-0.007110,0.0000,1.0000,7798.2,0.0208,5,0
58.2931,0.638378,59.990021,-0.007110,0.0000,1.0000,7802.4,0.0202,5,0
58.3125,0.638522,59.990026,-0.007110,0.0000,1.0000,7816.2,0.0198,5,0
58.3367,0.638666,59.990031,-0.007111,0.0000,1.0000,7810.9,0.0193,5,0
58.3592,0.638810,59.990036,-0.007111,0.0000,1.0000,7810.8,0.0187,5,0
58.3793,0.638954,59.990041,-0.007112,0.0000,1.0000,7820.4,0.0180,5,0
58.3997,0.639098,59.990047,-0.007112,0.0000,1.0000,7828.1,0.0173,5,0
58.4229,0.639243,59.990052,-0.007113,0.0000,1.0000,7824.0,0.0165,5,0
58.4460,0.639387,59.990058,-0.007113,0.0000,1.0000,7820.0,0.0155,5,0
58.4662,0.639531,59.990063,-0.007113,0.0000,1.0000,7829.4,0.0145,5,0
58.4879,0.639676,59.990068,-0.007114,0.0000,1.0000,7832.9,0.0134,5,0
58.5111,0.639820,59.990074,-0.007114,0.0000,1.0000,7831.6,0.0124,5,0
58.5346,0.639964,59.990079,-0.007115,0.0000,1.0000,7830.3,0.0113,5,0
58.5555,0.640109,59.990085,-0.007115,0.0000,1.0000,7840.5,0.0104,5,0
58.5773,0.640254,59.990090,-0.007115,0.0000,1.0000,7845.9,0.0097,5,0
58.6017,0.640398,59.990095,-0.007116,0.0000,1.0000,7841.9,0.0092,5,0
58.6241,0.640543,59.990101,-0.007116,0.0000,1.0000,7848.2,0.0089,5,0
58.6452,0.640688,59.990106,-0.007116,0.0000,1.0000,7858.0,0.0087,5,0
58.6685,0.640833,59.990111,-0.007117,0.0000,1.0000,7858.2,0.0088,5,0
58.6930,0.640978,59.990117,-0.007117,0.0000,1.0000,7854.2,0.0090,5,0
58.7143,0.641122,59.990122,-0.007117,0.0000,1.0000,7864.8,0.0092,5,0
58.7367,0.641267,59.990127,-0.007118,0.0000,1.0000,7870.1,0.0095,5,0
58.7606,0.641412,59.990132,-0.007118,0.0000,1.0000,7868.4,0.0097,5,0
58.7853,0.641558,59.990138,-0.007118,0.0000,1.0000,7863.9,0.0098,5,0
58.8055,0.641703,59.990143,-0.007119,0.0000,1.0000,7878.3,0.0099,5,0
58.8274,0.641848,59.990148,-0.007119,0.0000,1.0000,7881.5,0.0098,5,0
58.8506,0.641993,59.990154,-0.007119,0.0000,1.0000,7879.3,0.0095,5,0
58.8726,0.642139,59.990159,-0.007119,0.0000,1.0000,7883.0,0.0090,5,0
58.8930,0.642284,59.990164,-0.007120,0.0000,1.0000,7891.7,0.0083,5,0
58.9160,0.642429,59.990170,-0.007120,0.0000,1.0000,7888.4,0.0074,5,0
58.9387,0.642575,59.990175,-0.007120,0.0000,1.0000,7887.4,0.0063,5,0
58.9593,0.642720,59.990180,-0.007120,0.0000,1.0000,7895.3,0.0051,5,0
58.9809,0.642866,59.990185,-0.007121,0.0000,1.0000,7899.5,0.0039,5,0
59.0044,0.643012,59.990191,-0.007121,0.0000,1.0000,7895.9,0.0025,5,0
59.0287,0.643157,59.990196,-0.007121,0.0000,1.0000,7890.4,0.0009,5,0
59.0486,0.643303,59.990201,-0.007121,0.0000,1.0000,7900.9,-0.0008,5,0
59.0706,0.643449,59.990207,-0.007122,0.0000,1.0000,7903.2,-0.0025,5,0
59.0943,0.643595,59.990212,-0.007122,0.0000,1.0000,7900.0,-0.0043,5,0
59.1167,0.643741,59.990218,-0.007122,0.0000,1.0000,7902.0,-0.0061,5,0
59.1372,0.643887,59.990223,-0.007122,0.0000,1.0000,7913.3,-0.0080,5,0
59.1595,0.644033,59.990228,-0.007123,0.0000,1.0000,7916.9,-0.0099,5,0
59.1846,0.644179,59.990234,-0.007123,0.0000,1.0000,7909.9,-0.0118,5,0
59.2056,0.644325,59.990239,-0.007123,0.0000,1.0000,7920.3,-0.0138,5,0
59.2271,0.644471,59.990245,-0.007123,0.0000,1.0000,7928.4,-0.0156,5,0
59.2508,0.644618,59.990250,-0.007124,0.0000,1.0000,7927.5,-0.0175,5,0
59.2748,0.644764,59.990255,-0.007124,0.0000,1.0000,7924.5,-0.0195,5,0
59.2946,0.644910,59.990261,-0.007124,0.0000,1.0000,7937.4,-0.0214,5,0
59.3156,0.645057,59.990266,-0.007124,0.0000,1.0000,7946.2,-0.0232,5,0
59.3399,0.645203,59.990271,-0.007125,0.0000,1.0000,7939.2,-0.0250,5,0
59.3617,0.645350,59.990277,-0.007125,0.0000,1.0000,7940.9,-0.0267,5,0
59.3808,0.645496,59.990282,-0.007125,0.0000,1.0000,7952.7,-0.0281,5,0
59.4013,0.645643,59.990287,-0.007125,0.0000,1.0000,7957.2,-0.0293,5,0
59.4244,0.645790,59.990292,-0.007125,0.0000,1.0000,7948.8,-0.0303,5,0
59.4445,0.645936,59.990298,-0.007126,0.0000,1.0000,7953.7,-0.0308,5,0
59.4639,0.646083,59.990303,-0.007126,0.0000,1.0000,7962.0,-0.0311,5,0
59.4846,0.646230,59.990308,-0.007126,0.0000,1.0000,7961.6,-0.0312,5,0
59.5076,0.646377,59.990314,-0.007127,0.0000,1.0000,7955.6,-0.0311,5,0
59.5260,0.646524,59.990319,-0.007127,0.0000,1.0000,7967.8,-0.0309,5,0
59.5457,0.646671,59.990324,-0.007127,0.0000,1.0000,7974.1,-0.0307,5,0
59.5682,0.646818,59.990330,-0.007127,0.0000,1.0000,7970.5,-0.0306,5,0
59.5870,0.646965,59.990335,-0.007128,0.0000,1.0000,7979.7,-0.0305,5,0
59.6053,0.647112,59.990340,-0.007128,0.0000,1.0000,7993.1,-0.0309,5,0
59.6275,0.647259,59.990345,-0.007128,0.0000,1.0000,7989.6,-0.0312,5,0
59.6490,0.647407,59.990351,-0.007129,0.0000,1.0000,7986.2,-0.0317,5,0
59.6669,0.647554,59.990356,-0.007129,0.0000,1.0000,7999.8,-0.0322,5,0
59.6861,0.647701,59.990361,-0.007129,0.0000,1.0000,8007.4,-0.0327,5,0
59.7076,0.647849,59.990367,-0.007130,0.0000,1.0000,8004.8,-0.0331,5,0
59.7293,0.647996,59.990372,-0.007130,0.0000,1.0000,8002.4,-0.0335,5,0
59.7482,0.648144,59.990378,-0.007131,0.0000,1.0000,8014.3,-0.0339,5,0
59.7695,0.648291,59.990383,-0.007131,0.0000,1.0000,8014.2,-0.0343,5,0
59.7920,0.648439,59.990388,-0.007132,0.0000,1.0000,8009.5,-0.0348,5,0
59.8110,0.648586,59.990394,-0.007132,0.0000,1.0000,8021.5,-0.0353,5,0
59.8306,0.648734,59.990399,-0.007132,0.0000,1.0000,8029.6,-0.0360,5,0
59.8516,0.648882,59.990405,-0.007133,0.0000,1.0000,8031.2,-0.0369,5,0
59.8741,0.649030,59.990410,-0.007133,0.0000,1.0000,8025.8,-0.0380,5,0
59.8937,0.649178,59.990415,-0.007134,0.0000,1.0000,8033.6,-0.0395,5,0
59.9112,0.649325,59.990421,-0.007134,0.0000,1.0000,8045.2,-0.0411,5,0
59.9308,0.649473,59.990426,-0.007135,0.0000,1.0000,8045.3,-0.0428,5,0
59.9517,0.649621,59.990431,-0.007135,0.0000,1.0000,8041.2,-0.0447,5,0
59.9696,0.649769,59.990437,-0.007136,0.0000,1.0000,8048.1,-0.0465,5,0
59.9854,0.649918,59.990442,-0.007136,0.0000,1.0000,8060.5,-0.0481,5,0
60.0049,0.650066,59.990447,-0.007137,0.0000,1.0000,8057.8,-0.0495,5,0
60.0241,0.650214,59.990452,-0.007138,0.0000,1.0000,8059.5,-0.0506,5,0
60.0415,0.650362,59.990458,-0.007138,0.0000,1.0000,8065.8,-0.0512,5,0
60.0592,0.650510,59.990463,-0.007139,0.0000,1.0000,8069.0,-0.0515,5,0
60.0794,0.650659,59.990468,-0.007139,0.0000,1.0000,8066.9,-0.0515,5,0
60.0966,0.650807,59.990474,-0.007140,0.0000,1.0000,8074.0,-0.0514,5,0
60.1117,0.650955,59.990479,-0.007141,0.0000,1.0000,8086.2,-0.0510,5,0
60.1300,0.651104,59.990485,-0.007142,0.0000,1.0000,8087.1,-0.0504,5,0
60.1480,0.651252,59.990490,-0.007142,0.0000,1.0000,8091.2,-0.0498,5,0
60.1653,0.651401,59.990495,-0.007143,0.0000,1.0000,8096.0,-0.0488,5,0
60.1813,0.651549,59.990501,-0.007144,0.0000,1.0000,8104.0,-0.0477,5,0
60.1986,0.651698,59.990506,-0.007144,0.0000,1.0000,8110.1,-0.0466,5,0
60.2169,0.651847,59.990512,-0.007145,0.0000,1.0000,8112.6,-0.0455,5,0
60.2326,0.651995,59.990517,-0.007146,0.0000,1.0000,8121.0,-0.0444,5,0
60.2483,0.652144,59.990522,-0.007147,0.0000,1.0000,8131.5,-0.0433,5,0
60.2608,0.652293,59.990528,-0.007148,0.0000,1.0000,8157.8,-0.0423,5,0
60.2795,0.652442,59.990533,-0.007149,0.0000,1.0000,8155.9,-0.0414,5,0
60.2978,0.652590,59.990538,-0.007150,0.0000,1.0000,8154.3,-0.0406,5,0
60.3118,0.652739,59.990543,-0.007150,0.0000,1.0000,8173.9,-0.0400,5,0
60.3251,0.652888,59.990549,-0.007151,0.0000,1.0000,8194.6,-0.0396,5,0
60.3372,0.653037,59.990554,-0.007152,0.0000,1.0000,8217.9,-0.0392,5,0
60.3511,0.653186,59.990559,-0.007153,0.0000,1.0000,8234.8,-0.0390,5,0
60.3683,0.653335,59.990565,-0.007154,0.0000,1.0000,8240.3,-0.0389,5,0
60.3850,0.653484,59.990570,-0.007155,0.0000,1.0000,8242.0,-0.0387,5,0
60.4021,0.653633,59.990575,-0.007156,0.0000,1.0000,8242.3,-0.0385,5,0
60.4195,0.653783,59.990581,-0.007157,0.0000,1.0000,8244.7,-0.0381,5,0
60.4367,0.653932,59.990586,-0.007158,0.0000,1.0000,8245.7,-0.0375,5,0
60.4543,0.654081,59.990591,-0.007160,0.0000,1.0000,8242.8,-0.0366,5,0
60.4714,0.654230,59.990596,-0.007161,0.0000,1.0000,8244.8,-0.0355,5,0
60.4886,0.654380,59.990602,-0.007162,0.0000,1.0000,8249.1,-0.0342,5,0
60.5070,0.654529,59.990607,-0.007163,0.0000,1.0000,8245.1,-0.0326,5,0
60.5238,0.654678,59.990612,-0.007164,0.0000,1.0000,8246.2,-0.0311,5,0
60.5412,0.654828,59.990618,-0.007165,0.0000,1.0000,8249.4,-0.0295,5,0
60.5587,0.654977,59.990623,-0.007166,0.0000,1.0000,8248.9,-0.0279,5,0
60.5770,0.655127,59.990629,-0.007168,0.0000,1.0000,8243.8,-0.0259,5,0
60.5935,0.655276,59.990634,-0.007169,0.0000,1.0000,8248.2,-0.0240,5,0
60.6112,0.655426,59.990640,-0.007170,0.0000,1.0000,8249.2,-0.0220,5,0
60.6286,0.655576,59.990646,-0.007172,0.0000,1.0000,8249.9,-0.0199,5,0
60.6470,0.655725,59.990651,-0.007173,0.0000,1.0000,8247.5,-0.0179,5,0
60.6640,0.655875,59.990657,-0.007174,0.0000,1.0000,8254.2,-0.0163,5,0
60.6814,0.656025,59.990663,-0.007176,0.0000,1.0000,8256.3,-0.0148,5,0
60.7004,0.656175,59.990669,-0.007177,0.0000,1.0000,8249.9,-0.0136,5,0
60.7201,0.656325,59.990674,-0.007178,0.0000,1.0000,8242.4,-0.0127,5,0
60.7378,0.656475,59.990680,-0.007179,0.0000,1.0000,8242.8,-0.0119,5,0
60.7559,0.656625,59.990685,-0.007181,0.0000,1.0000,8238.6,-0.0111,5,0
60.7756,0.656775,59.990691,-0.007182,0.0000,1.0000,8229.0,-0.0105,5,0
60.7928,0.656925,59.990696,-0.007184,0.0000,1.0000,8231.7,-0.0098,5,0
60.8158,0.657075,59.990702,-0.007185,0.0000,1.0000,8210.7,-0.0091,5,0
60.8405,0.657225,59.990707,-0.007187,0.0000,1.0000,8183.5,-0.0085,5,0
60.8677,0.657375,59.990712,-0.007188,0.0000,1.0000,8148.5,-0.0079,5,0
60.8875,0.657526,59.990718,-0.007190,0.0000,1.0000,8144.0,-0.0074,5,0
60.9018,0.657676,59.990723,-0.007191,0.0000,1.0000,8159.0,-0.0070,5,0
60.9205,0.657826,59.990729,-0.007192,0.0000,1.0000,8156.8,-0.0067,5,0
60.9403,0.657977,59.990734,-0.007194,0.0000,1.0000,8150.7,-0.0065,5,0
60.9551,0.658127,59.990739,-0.007195,0.0000,1.0000,8159.5,-0.0063,5,0
60.9699,0.658278,59.990745,-0.007197,0.0000,1.0000,8168.8,-0.0061,5,0
60.9890,0.658428,59.990750,-0.007198,0.0000,1.0000,8160.8,-0.0058,5,0
61.0071,0.658579,59.990756,-0.007200,0.0000,1.0000,8156.9,-0.0053,5,0
61.0209,0.658730,59.990761,-0.007201,0.0000,1.0000,8170.2,-0.0046,5,0
61.0383,0.658880,59.990766,-0.007203,0.0000,1.0000,8170.9,-0.0038,5,0
61.0584,0.659031,59.990772,-0.007204,0.0000,1.0000,8162.3,-0.0026,5,0
61.0735,0.659182,59.990777,-0.007206,0.0000,1.0000,8171.1,-0.0014,5,0
61.0883,0.659333,59.990783,-0.007207,0.0000,1.0000,8182.2,0.0001,5,0
61.1080,0.659483,59.990788,-0.007209,0.0000,1.0000,8173.7,0.0016,5,0
61.1260,0.659634,59.990793,-0.007210,0.0000,1.0000,8172.4,0.0033,5,0
61.1401,0.659785,59.990798,-0.007212,0.0000,1.0000,8186.4,0.0050,5,0
61.1578,0.659936,59.990804,-0.007213,0.0000,1.0000,8189.4,0.0067,5,0
61.1787,0.660087,59.990809,-0.007215,0.0000,1.0000,8179.3,0.0085,5,0
61.1947,0.660238,59.990814,-0.007216,0.0000,1.0000,8188.2,0.0101,5,0
61.2102,0.660389,59.990819,-0.007218,0.0000,1.0000,8198.5,0.0118,5,0
61.2292,0.660541,59.990824,-0.007219,0.0000,1.0000,8193.0,0.0135,5,0
61.2477,0.660692,59.990830,-0.007221,0.0000,1.0000,8186.9,0.0150,5,0
61.2615,0.660843,59.990835,-0.007223,0.0000,1.0000,8198.9,0.0164,5,0
61.2760,0.660994,59.990840,-0.007224,0.0000,1.0000,8206.1,0.0177,5,0
61.2951,0.661146,59.990846,-0.007226,0.0000,1.0000,8194.9,0.0189,5,0
61.3109,0.661297,59.990852,-0.007227,0.0000,1.0000,8196.5,0.0197,5,0
61.3245,0.661448,59.990858,-0.007229,0.0000,1.0000,8210.1,0.0204,5,0
61.3425,0.661600,59.990864,-0.007230,0.0000,1.0000,8206.8,0.0209,5,0
61.3609,0.661751,59.990870,-0.007232,0.0000,1.0000,8200.4,0.0212,5,0
61.3757,0.661903,59.990876,-0.007233,0.0000,1.0000,8210.6,0.0211,5,0
61.3914,0.662054,59.990882,-0.007235,0.0000,1.0000,8216.9,0.0211,5,0
61.4101,0.662206,59.990888,-0.007236,0.0000,1.0000,8209.6,0.0209,5,0
61.4264,0.662358,59.990894,-0.007238,0.0000,1.0000,8212.1,0.0205,5,0
61.4406,0.662509,59.990900,-0.007239,0.0000,1.0000,8224.2,0.0201,5,0
61.4577,0.662661,59.990905,-0.007241,0.0000,1.0000,8223.7,0.0196,5,0
61.4760,0.662813,59.990910,-0.007242,0.0000,1.0000,8217.9,0.0189,5,0
61.4897,0.662965,59.990915,-0.007244,0.0000,1.0000,8230.6,0.0183,5,0
61.5057,0.663116,59.990920,-0.007245,0.0000,1.0000,8233.2,0.0176,5,0
61.5229,0.663268,59.990925,-0.007246,0.0000,1.0000,8227.7,0.0169,5,0
61.5375,0.663420,59.990930,-0.007248,0.0000,1.0000,8232.4,0.0160,5,0
61.5503,0.663572,59.990935,-0.007249,0.0000,1.0000,8244.6,0.0150,5,0
61.5678,0.663724,59.990940,-0.007251,0.0000,1.0000,8238.3,0.0139,5,0
61.5848,0.663876,59.990945,-0.007252,0.0000,1.0000,8233.5,0.0123,5,0
61.5988,0.664028,59.990950,-0.007254,0.0000,1.0000,8242.4,0.0107,5,0
61.6145,0.664180,59.990955,-0.007255,0.0000,1.0000,8246.2,0.0090,5,0
61.6329,0.664332,59.990961,-0.007257,0.0000,1.0000,8237.2,0.0070,5,0
61.6491,0.664485,59.990966,-0.007258,0.0000,1.0000,8239.3,0.0048,5,0
61.6632,0.664637,59.990972,-0.007259,0.0000,1.0000,8249.9,0.0027,5,0
61.6800,0.664789,59.990977,-0.007261,0.0000,1.0000,8249.8,0.0006,5,0
61.6981,0.664941,59.990983,-0.007262,0.0000,1.0000,8244.6,-0.0014,5,0
61.7125,0.665094,59.990989,-0.007263,0.0000,1.0000,8255.1,-0.0032,5,0
61.7279,0.665246,59.990994,-0.007265,0.0000,1.0000,8261.6,-0.0047,5,0
61.7470,0.665399,59.991000,-0.007266,0.0000,1.0000,8253.6,-0.0060,5,0
61.7638,0.665551,59.991005,-0.007268,0.0000,1.0000,8256.3,-0.0071,5,0
61.7782,0.665704,59.991011,-0.007269,0.0000,1.0000,8267.4,-0.0079,5,0
61.7956,0.665856,59.991016,-0.007270,0.0000,1.0000,8266.0,-0.0086,5,0
61.8142,0.666009,59.991022,-0.007272,0.0000,1.0000,8259.0,-0.0091,5,0
61.8284,0.666161,59.991028,-0.007273,0.0000,1.0000,8269.8,-0.0097,5,0
61.8427,0.666314,59.991034,-0.007274,0.0000,1.0000,8278.0,-0.0103,5,0
61.8605,0.666467,59.991039,-0.007276,0.0000,1.0000,8271.2,-0.0112,5,0
61.8769,0.666619,59.991045,-0.007277,0.0000,1.0000,8270.0,-0.0125,5,0
61.8898,0.666772,59.991051,-0.007278,0.0000,1.0000,8282.9,-0.0140,5,0
61.9045,0.666925,59.991056,-0.007280,0.0000,1.0000,8288.3,-0.0160,5,0
61.9227,0.667078,59.991062,-0.007281,0.0000,1.0000,8278.1,-0.0184,5,0
61.9374,0.667231,59.991067,-0.007283,0.0000,1.0000,8282.4,-0.0211,5,0
61.9507,0.667384,59.991073,-0.007284,0.0000,1.0000,8291.5,-0.0239,5,0
61.9679,0.667537,59.991078,-0.007285,0.0000,1.0000,8283.2,-0.0269,5,0
61.9845,0.667690,59.991084,-0.007287,0.0000,1.0000,8278.2,-0.0299,5,0
61.9969,0.667843,59.991089,-0.007288,0.0000,1.0000,8292.1,-0.0328,5,0
62.0118,0.667996,59.991094,-0.007289,0.0000,1.0000,8293.4,-0.0355,5,0
62.0285,0.668149,59.991100,-0.007291,0.0000,1.0000,8288.0,-0.0379,5,0
62.0419,0.668302,59.991105,-0.007292,0.0000,1.0000,8298.9,-0.0401,5,0
62.0555,0.668455,59.991111,-0.007294,0.0000,1.0000,8308.7,-0.0420,5,0
62.0725,0.668609,59.991116,-0.007295,0.0000,1.0000,8303.8,-0.0436,5,0
62.0883,0.668762,59.991122,-0.007296,0.0000,1.0000,8304.6,-0.0451,5,0
62.1006,0.668915,59.991127,-0.007298,0.0000,1.0000,8318.8,-0.0464,5,0
62.1153,0.669068,59.991133,-0.007299,0.0000,1.0000,8321.3,-0.0474,5,0
62.1311,0.669222,59.991139,-0.007301,0.0000,1.0000,8316.8,-0.0481,5,0
62.1443,0.669375,59.991145,-0.007302,0.0000,1.0000,8323.9,-0.0486,5,0
62.1563,0.669529,59.991150,-0.007304,0.0000,1.0000,8334.3,-0.0487,5,0
62.1713,0.669682,59.991156,-0.007305,0.0000,1.0000,8330.9,-0.0484,5,0
62.1861,0.669836,59.991162,-0.007307,0.0000,1.0000,8331.5,-0.0478,5,0
62.1992,0.669989,59.991167,-0.007308,0.0000,1.0000,8339.9,-0.0472,5,0
62.2117,0.670143,59.991173,-0.007309,0.0000,1.0000,8347.1,-0.0462,5,0
62.2266,0.670296,59.991178,-0.007311,0.0000,1.0000,8343.8,-0.0452,5,0
62.2400,0.670450,59.991184,-0.007313,0.0000,1.0000,8351.0,-0.0442,5,0
62.2518,0.670604,59.991189,-0.007314,0.0000,1.0000,8360.9,-0.0431,5,0
62.2653,0.670757,59.991194,-0.007316,0.0000,1.0000,8362.3,-0.0418,5,0
62.2801,0.670911,59.991200,-0.007317,0.0000,1.0000,8363.4,-0.0406,5,0
62.2924,0.671065,59.991205,-0.007319,0.0000,1.0000,8371.9,-0.0395,5,0
62.3036,0.671219,59.991210,-0.007321,0.0000,1.0000,8382.0,-0.0382,5,0
62.3160,0.671373,59.991215,-0.007322,0.0000,1.0000,8388.6,-0.0373,5,0
62.3315,0.671526,59.991221,-0.007324,0.0000,1.0000,8385.3,-0.0365,5,0
62.3428,0.671680,59.991226,-0.007325,0.0000,1.0000,8394.9,-0.0358,5,0
62.3565,0.671834,59.991232,-0.007327,0.0000,1.0000,8395.6,-0.0350,5,0
62.3687,0.671988,59.991237,-0.007329,0.0000,1.0000,8408.6,-0.0347,5,0
62.3835,0.672142,59.991243,-0.007331,0.0000,1.0000,8407.5,-0.0344,5,0
62.3966,0.672296,59.991249,-0.007333,0.0000,1.0000,8412.7,-0.0343,5,0
62.4063,0.672450,59.991254,-0.007334,0.0000,1.0000,8434.0,-0.0346,5,0
62.4181,0.672604,59.991260,-0.007336,0.0000,1.0000,8447.4,-0.0352,5,0
62.4306,0.672759,59.991266,-0.007338,0.0000,1.0000,8453.8,-0.0358,5,0
62.4414,0.672913,59.991272,-0.007340,0.0000,1.0000,8465.9,-0.0365,5,0
62.4546,0.673067,59.991277,-0.007342,0.0000,1.0000,8473.3,-0.0373,5,0
62.4684,0.673221,59.991283,-0.007343,0.0000,1.0000,8471.9,-0.0381,5,0
62.4814,0.673375,59.991288,-0.007345,0.0000,1.0000,8471.6,-0.0386,5,0
62.4958,0.673530,59.991294,-0.007347,0.0000,1.0000,8471.3,-0.0390,5,0
62.5094,0.673684,59.991299,-0.007349,0.0000,1.0000,8471.3,-0.0391,5,0
62.5227,0.673838,59.991305,-0.007351,0.0000,1.0000,8470.5,-0.0387,5,0
62.5352,0.673993,59.991310,-0.007353,0.0000,1.0000,8476.2,-0.0381,5,0
62.5486,0.674147,59.991315,-0.007355,0.0000,1.0000,8481.1,-0.0372,5,0
62.5637,0.674302,59.991321,-0.007357,0.0000,1.0000,8473.7,-0.0361,5,0
62.5789,0.674456,59.991326,-0.007359,0.0000,1.0000,8467.4,-0.0348,5,0
62.5926,0.674611,59.991332,-0.007361,0.0000,1.0000,8469.9,-0.0336,5,0
62.6088,0.674765,59.991337,-0.007363,0.0000,1.0000,8458.9,-0.0321,5,0
62.6247,0.674920,59.991343,-0.007365,0.0000,1.0000,8448.6,-0.0304,5,0
62.6401,0.675074,59.991348,-0.007367,0.0000,1.0000,8445.0,-0.0289,5,0
62.6589,0.675229,59.991354,-0.007369,0.0000,1.0000,8426.5,-0.0272,5,0
62.6733,0.675384,59.991360,-0.007371,0.0000,1.0000,8421.9,-0.0253,5,0
62.6912,0.675538,59.991366,-0.007374,0.0000,1.0000,8407.2,-0.0234,5,0
62.7072,0.675693,59.991371,-0.007376,0.0000,1.0000,8401.0,-0.0215,5,0
62.7188,0.675848,59.991377,-0.007378,0.0000,1.0000,8410.2,-0.0193,5,0
62.7331,0.676003,59.991383,-0.007380,0.0000,1.0000,8409.6,-0.0171,5,0
62.7495,0.676158,59.991388,-0.007382,0.0000,1.0000,8405.1,-0.0150,5,0
62.7627,0.676313,59.991394,-0.007384,0.0000,1.0000,8411.2,-0.0126,5,0
62.7752,0.676468,59.991399,-0.007386,0.0000,1.0000,8417.8,-0.0101,5,0
62.7929,0.676623,59.991405,-0.007389,0.0000,1.0000,8407.9,-0.0078,5,0
62.8067,0.676778,59.991410,-0.007391,0.0000,1.0000,8413.1,-0.0054,5,0
62.8186,0.676933,59.991415,-0.007393,0.0000,1.0000,8423.9,-0.0030,5,0
62.8366,0.677088,59.991421,-0.007395,0.0000,1.0000,8414.9,-0.0007,5,0
62.8535,0.677243,59.991426,-0.007398,0.0000,1.0000,8410.2,0.0015,5,0
62.8658,0.677398,59.991431,-0.007400,0.0000,1.0000,8420.7,0.0037,5,0
62.8802,0.677554,59.991436,-0.007402,0.0000,1.0000,8424.0,0.0059,5,0
62.8981,0.677709,59.991442,-0.007404,0.0000,1.0000,8415.0,0.0080,5,0
62.9126,0.677864,59.991447,-0.007407,0.0000,1.0000,8418.2,0.0101,5,0
62.9243,0.678020,59.991453,-0.007409,0.0000,1.0000,8431.0,0.0121,5,0
62.9427,0.678175,59.991459,-0.007411,0.0000,1.0000,8418.2,0.0141,5,0
62.9583,0.678330,59.991464,-0.007414,0.0000,1.0000,8415.9,0.0160,5,0
62.9693,0.678486,59.991470,-0.007416,0.0000,1.0000,8430.1,0.0178,5,0
62.9847,0.678641,59.991476,-0.007418,0.0000,1.0000,8428.7,0.0195,5,0
63.0022,0.678797,59.991482,-0.007421,0.0000,1.0000,8419.8,0.0211,5,0
63.0153,0.678952,59.991488,-0.007423,0.0000,1.0000,8426.8,0.0225,5,0
63.0282,0.679108,59.991493,-0.007425,0.0000,1.0000,8435.4,0.0238,5,0
63.0465,0.679264,59.991499,-0.007428,0.0000,1.0000,8424.1,0.0252,5,0
63.0606,0.679419,59.991505,-0.007430,0.0000,1.0000,8427.4,0.0266,5,0
63.0721,0.679575,59.991510,-0.007432,0.0000,1.0000,8440.2,0.0281,5,0
63.0877,0.679731,59.991516,-0.007434,0.0000,1.0000,8437.3,0.0298,5,0
63.1032,0.679886,59.991521,-0.007437,0.0000,1.0000,8433.4,0.0315,5,0
63.1149,0.680042,59.991526,-0.007439,0.0000,1.0000,8443.3,0.0331,5,0
63.1291,0.680198,59.991531,-0.007441,0.0000,1.0000,8444.8,0.0350,5,0
63.1452,0.680354,59.991537,-0.007444,0.0000,1.0000,8439.2,0.0370,5,0
63.1572,0.680510,59.991542,-0.007446,0.0000,1.0000,8446.4,0.0387,5,0
63.1697,0.680666,59.991547,-0.007448,0.0000,1.0000,8454.5,0.0406,5,0
63.1853,0.680822,59.991553,-0.007450,0.0000,1.0000,8449.3,0.0426,5,0
63.1991,0.680978,59.991558,-0.007453,0.0000,1.0000,8449.8,0.0443,5,0
63.2090,0.681134,59.991564,-0.007455,0.0000,1.0000,8464.9,0.0461,5,0
63.2235,0.681290,59.991569,-0.007457,0.0000,1.0000,8464.8,0.0478,5,0
63.2375,0.681446,59.991575,-0.007459,0.0000,1.0000,8464.0,0.0495,5,0
63.2474,0.681602,59.991581,-0.007462,0.0000,1.0000,8476.3,0.0508,5,0
63.2605,0.681758,59.991586,-0.007464,0.0000,1.0000,8479.1,0.0523,5,0
63.2746,0.681915,59.991592,-0.007466,0.0000,1.0000,8474.8,0.0537,5,0
63.2851,0.682071,59.991598,-0.007468,0.0000,1.0000,8481.2,0.0544,5,0
63.2948,0.682227,59.991604,-0.007470,0.0000,1.0000,8491.9,0.0549,5,0
63.3093,0.682383,59.991609,-0.007473,0.0000,1.0000,8485.9,0.0551,5,0
63.3214,0.682540,59.991615,-0.007475,0.0000,1.0000,8488.6,0.0547,5,0
63.3317,0.682696,59.991621,-0.007477,0.0000,1.0000,8501.0,0.0541,5,0
63.3456,0.682852,59.991627,-0.007479,0.0000,1.0000,8501.7,0.0536,5,0
63.3590,0.683009,59.991632,-0.007481,0.0000,1.0000,8504.5,0.0531,5,0
63.3704,0.683165,59.991638,-0.007483,0.0000,1.0000,8511.8,0.0527,5,0
63.3817,0.683322,59.991644,-0.007485,0.0000,1.0000,8522.4,0.0528,5,0
63.3919,0.683478,59.991650,-0.007487,0.0000,1.0000,8533.2,0.0531,5,0
63.4028,0.683635,59.991656,-0.007489,0.0000,1.0000,8539.8,0.0537,5,0
63.4127,0.683791,59.991661,-0.007491,0.0000,1.0000,8548.8,0.0543,5,0
63.4211,0.683948,59.991667,-0.007493,0.0000,1.0000,8562.4,0.0550,5,0
63.4295,0.684104,59.991673,-0.007495,0.0000,1.0000,8572.9,0.0553,5,0
63.4372,0.684261,59.991679,-0.007497,0.0000,1.0000,8585.9,0.0554,5,0
63.4476,0.684418,59.991684,-0.007499,0.0000,1.0000,8589.9,0.0553,5,0
63.4581,0.684574,59.991690,-0.007501,0.0000,1.0000,8596.2,0.0548,5,0
63.4676,0.684731,59.991696,-0.007503,0.0000,1.0000,8601.1,0.0540,5,0
63.4783,0.684888,59.991701,-0.007505,0.0000,1.0000,8603.5,0.0529,5,0
63.4853,0.685044,59.991707,-0.007506,0.0000,1.0000,8621.6,0.0518,5,0
63.4933,0.685201,59.991713,-0.007508,0.0000,1.0000,8631.9,0.0505,5,0
63.5038,0.685358,59.991719,-0.007510,0.0000,1.0000,8635.1,0.0494,5,0
63.5126,0.685515,59.991724,-0.007512,0.0000,1.0000,8643.6,0.0485,5,0
63.5215,0.685671,59.991730,-0.007514,0.0000,1.0000,8650.3,0.0476,5,0
63.5315,0.685828,59.991735,-0.007515,0.0000,1.0000,8653.4,0.0468,5,0
63.5417,0.685985,59.991741,-0.007517,0.0000,1.0000,8656.3,0.0463,5,0
63.5512,0.686142,59.991746,-0.007519,0.0000,1.0000,8663.7,0.0459,5,0
63.5606,0.686299,59.991751,-0.007520,0.0000,1.0000,8667.4,0.0456,5,0
63.5717,0.686456,59.991757,-0.007522,0.0000,1.0000,8667.4,0.0455,5,0
63.5816,0.686613,59.991762,-0.007524,0.0000,1.0000,8673.1,0.0457,5,0
63.5920,0.686770,59.991767,-0.007525,0.0000,1.0000,8673.8,0.0459,5,0
63.6034,0.686927,59.991772,-0.007527,0.0000,1.0000,8674.3,0.0464,5,0
63.6149,0.687084,59.991778,-0.007529,0.0000,1.0000,8674.5,0.0469,5,0
63.6262,0.687241,59.991783,-0.007530,0.0000,1.0000,8671.3,0.0475,5,0
63.6369,0.687398,59.991789,-0.007532,0.0000,1.0000,8671.7,0.0482,5,0
63.6478,0.687555,59.991794,-0.007533,0.0000,1.0000,8670.7,0.0492,5,0
63.6588,0.687712,59.991800,-0.007534,0.0000,1.0000,8671.5,0.0503,5,0
63.6699,0.687869,59.991806,-0.007536,0.0000,1.0000,8668.3,0.0515,5,0
63.6814,0.688027,59.991811,-0.007537,0.0000,1.0000,8666.6,0.0527,5,0
63.6917,0.688184,59.991817,-0.007539,0.0000,1.0000,8668.7,0.0538,5,0
63.7019,0.688341,59.991823,-0.007540,0.0000,1.0000,8668.2,0.0548,5,0
63.7130,0.688498,59.991829,-0.007541,0.0000,1.0000,8665.3,0.0557,5,0
63.7232,0.688656,59.991834,-0.007543,0.0000,1.0000,8668.6,0.0564,5,0
63.7331,0.688813,59.991840,-0.007544,0.0000,1.0000,8668.5,0.0567,5,0
63.7441,0.688970,59.991846,-0.007545,0.0000,1.0000,8668.0,0.0569,5,0
63.7551,0.689128,59.991852,-0.007547,0.0000,1.0000,8670.0,0.0567,5,0
63.7648,0.689285,59.991857,-0.007548,0.0000,1.0000,8672.4,0.0562,5,0
63.7762,0.689443,59.991863,-0.007549,0.0000,1.0000,8670.7,0.0556,5,0
63.7877,0.689600,59.991869,-0.007550,0.0000,1.0000,8669.2,0.0550,5,0
63.7997,0.689758,59.991875,-0.007551,0.0000,1.0000,8671.4,0.0543,5,0
63.8094,0.689915,59.991881,-0.007553,0.0000,1.0000,8672.3,0.0534,5,0
63.8195,0.690073,59.991886,-0.007554,0.0000,1.0000,8672.2,0.0524,5,0
63.8291,0.690230,59.991892,-0.007555,0.0000,1.0000,8675.8,0.0511,5,0
63.8385,0.690388,59.991898,-0.007556,0.0000,1.0000,8676.3,0.0496,5,0
63.8495,0.690545,59.991904,-0.007557,0.0000,1.0000,8675.0,0.0481,5,0
63.8587,0.690703,59.991909,-0.007558,0.0000,1.0000,8679.4,0.0466,5,0
63.8676,0.690861,59.991915,-0.007559,0.0000,1.0000,8684.2,0.0450,5,0
63.8774,0.691018,59.991921,-0.007560,0.0000,1.0000,8688.6,0.0435,5,0
63.8866,0.691176,59.991926,-0.007561,0.0000,1.0000,8693.3,0.0422,5,0
63.8949,0.691334,59.991932,-0.007562,0.0000,1.0000,8701.1,0.0412,5,0
63.9051,0.691492,59.991938,-0.007563,0.0000,1.0000,8704.6,0.0404,5,0
63.9155,0.691649,59.991944,-0.007564,0.0000,1.0000,8706.3,0.0401,5,0
63.9254,0.691807,59.991949,-0.007565,0.0000,1.0000,8710.7,0.0400,5,0
63.9360,0.691965,59.991955,-0.007566,0.0000,1.0000,8711.5,0.0404,5,0
63.9481,0.692123,59.991961,-0.007567,0.0000,1.0000,8711.4,0.0412,5,0
63.9597,0.692281,59.991966,-0.007567,0.0000,1.0000,8712.3,0.0423,5,0
63.9705,0.692439,59.991972,-0.007568,0.0000,1.0000,8713.2,0.0437,5,0
63.9833,0.692597,59.991978,-0.007569,0.0000,1.0000,8706.3,0.0454,5,0
63.9947,0.692755,59.991984,-0.007570,0.0000,1.0000,8702.5,0.0470,5,0
64.0053,0.692913,59.991989,-0.007570,0.0000,1.0000,8700.3,0.0486,5,0
64.0159,0.693071,59.991995,-0.007571,0.0000,1.0000,8698.2,0.0499,5,0
64.0266,0.693229,59.992001,-0.007572,0.0000,1.0000,8696.6,0.0511,5,0
64.0364,0.693387,59.992006,-0.007573,0.0000,1.0000,8698.0,0.0519,5,0
64.0465,0.693545,59.992012,-0.007573,0.0000,1.0000,8697.5,0.0523,5,0
64.0575,0.693703,59.992018,-0.007574,0.0000,1.0000,8694.1,0.0525,5,0
64.0669,0.693861,59.992024,-0.007575,0.0000,1.0000,8697.1,0.0522,5,0
64.0764,0.694019,59.992029,-0.007575,0.0000,1.0000,8700.0,0.0514,5,0
64.0875,0.694178,59.992035,-0.007576,0.0000,1.0000,8699.3,0.0506,5,0
64.0989,0.694336,59.992041,-0.007576,0.0000,1.0000,8697.6,0.0496,5,0
64.1077,0.694494,59.992047,-0.007577,0.0000,1.0000,8706.7,0.0485,5,0
64.1187,0.694652,59.992053,-0.007577,0.0000,1.0000,8706.3,0.0477,5,0
64.1288,0.694811,59.992058,-0.007578,0.0000,1.0000,8707.6,0.0468,5,0
64.1384,0.694969,59.992064,-0.007578,0.0000,1.0000,8709.9,0.0459,5,0
64.1490,0.695127,59.992070,-0.007579,0.0000,1.0000,8709.0,0.0450,5,0
64.1600,0.695286,59.992076,-0.007579,0.0000,1.0000,8706.2,0.0440,5,0
64.1694,0.695444,59.992081,-0.007580,0.0000,1.0000,8710.1,0.0426,5,0
64.1795,0.695603,59.992087,-0.007580,0.0000,1.0000,8712.4,0.0411,5,0
64.1906,0.695761,59.992092,-0.007580,0.0000,1.0000,8711.9,0.0395,5,0
64.2009,0.695920,59.992098,-0.007581,0.0000,1.0000,8714.1,0.0378,5,0
64.2101,0.696078,59.992104,-0.007581,0.0000,1.0000,8717.8,0.0358,5,0
64.2214,0.696237,59.992109,-0.007581,0.0000,1.0000,8716.3,0.0337,5,0
64.2316,0.696395,59.992115,-0.007582,0.0000,1.0000,8717.0,0.0315,5,0
64.2408,0.696554,59.992120,-0.007582,0.0000,1.0000,8721.3,0.0290,5,0
64.2516,0.696712,59.992126,-0.007583,0.0000,1.0000,8722.4,0.0264,5,0
64.2631,0.696871,59.992132,-0.007583,0.0000,1.0000,8719.1,0.0238,5,0
64.2724,0.697030,59.992138,-0.007583,0.0000,1.0000,8724.4,0.0210,5,0
64.2828,0.697188,59.992144,-0.007583,0.0000,1.0000,8727.9,0.0183,5,0
64.2942,0.697347,59.992151,-0.007583,0.0000,1.0000,8727.4,0.0157,5,0
64.3056,0.697506,59.992157,-0.007583,0.0000,1.0000,8724.9,0.0131,5,0
64.3154,0.697665,59.992163,-0.007583,0.0000,1.0000,8732.2,0.0108,5,0
64.3272,0.697823,59.992169,-0.007584,0.0000,1.0000,8732.6,0.0087,5,0
64.3417,0.697982,59.992175,-0.007584,0.0000,1.0000,8721.2,0.0068,5,0
64.3559,0.698141,59.992181,-0.007584,0.0000,1.0000,8713.1,0.0049,5,0
64.3719,0.698300,59.992188,-0.007584,0.0000,1.0000,8701.8,0.0033,5,0
64.3901,0.698459,59.992193,-0.007584,0.0000,1.0000,8679.0,0.0018,5,0
64.4098,0.698618,59.992199,-0.007584,0.0000,1.0000,8651.1,0.0003,5,0
64.4274,0.698777,59.992205,-0.007584,0.0000,1.0000,8633.4,-0.0011,5,0
64.4414,0.698936,59.992210,-0.007584,0.0000,1.0000,8629.6,-0.0026,5,0
64.4551,0.699095,59.992216,-0.007584,0.0000,1.0000,8624.6,-0.0043,5,0
64.4689,0.699254,59.992222,-0.007584,0.0000,1.0000,8620.4,-0.0061,5,0
64.4819,0.699414,59.992228,-0.007584,0.0000,1.0000,8620.7,-0.0083,5,0
64.4932,0.699573,59.992233,-0.007584,0.0000,1.0000,8626.2,-0.0108,5,0
64.5074,0.699732,59.992239,-0.007584,0.0000,1.0000,8621.4,-0.0136,5,0
64.5207,0.699891,59.992245,-0.007584,0.0000,1.0000,8620.0,-0.0168,5,0
64.5316,0.700051,59.992251,-0.007584,0.0000,1.0000,8626.8,-0.0202,5,0
64.5453,0.700210,59.992256,-0.007584,0.0000,1.0000,8622.7,-0.0238,5,0
64.5575,0.700369,59.992262,-0.007584,0.0000,1.0000,8624.0,-0.0275,5,0
64.5695,0.700529,59.992268,-0.007584,0.0000,1.0000,8623.8,-0.0311,5,0
64.5811,0.700688,59.992273,-0.007584,0.0000,1.0000,8626.4,-0.0346,5,0
64.5926,0.700848,59.992279,-0.007584,0.0000,1.0000,8628.5,-0.0379,5,0
64.6047,0.701007,59.992285,-0.007584,0.0000,1.0000,8626.5,-0.0408,5,0
64.6157,0.701167,59.992291,-0.007584,0.0000,1.0000,8632.1,-0.0432,5,0
64.6275,0.701326,59.992296,-0.007584,0.0000,1.0000,8636.0,-0.0452,5,0
64.6390,0.701486,59.992302,-0.007584,0.0000,1.0000,8638.1,-0.0471,5,0
64.6499,0.701645,59.992308,-0.007584,0.0000,1.0000,8643.5,-0.0486,5,0
64.6612,0.701805,59.992314,-0.007584,0.0000,1.0000,8647.6,-0.0501,5,0
64.6705,0.701965,59.992319,-0.007584,0.0000,1.0000,8655.5,-0.0514,5,0
64.6818,0.702124,59.992325,-0.007584,0.0000,1.0000,8652.1,-0.0525,5,0
64.6918,0.702284,59.992331,-0.007584,0.0000,1.0000,8656.1,-0.0536,5,0
64.7002,0.702444,59.992337,-0.007585,0.0000,1.0000,8664.5,-0.0543,5,0
64.7099,0.702603,59.992343,-0.007585,0.0000,1.0000,8664.7,-0.0547,5,0
64.7198,0.702763,59.992348,-0.007585,0.0000,1.0000,8668.8,-0.0549,5,0
64.7292,0.702923,59.992354,-0.007585,0.0000,1.0000,8674.8,-0.0549,5,0
64.7388,0.703083,59.992360,-0.007585,0.0000,1.0000,8677.0,-0.0546,5,0
64.7495,0.703243,59.992366,-0.007585,0.0000,1.0000,8679.4,-0.0543,5,0
64.7594,0.703403,59.992372,-0.007585,0.0000,1.0000,8684.6,-0.0541,5,0
64.7667,0.703562,59.992378,-0.007585,0.0000,1.0000,8697.2,-0.0540,5,0
64.7764,0.703722,59.992384,-0.007586,0.0000,1.0000,8700.2,-0.0538,5,0
64.7863,0.703882,59.992390,-0.007586,0.0000,1.0000,8704.2,-0.0539,5,0
64.7942,0.704042,59.992396,-0.007586,0.0000,1.0000,8714.2,-0.0543,5,0
64.8006,0.704202,59.992402,-0.007586,0.0000,1.0000,8726.6,-0.0547,5,0
64.8062,0.704362,59.992408,-0.007587,0.0000,1.0000,8744.1,-0.0555,5,0
64.8154,0.704522,59.992414,-0.007587,0.0000,1.0000,8745.3,-0.0565,5,0
64.8226,0.704682,59.992420,-0.007587,0.0000,1.0000,8756.7,-0.0577,5,0
64.8274,0.704842,59.992426,-0.007587,0.0000,1.0000,8777.6,-0.0592,5,0
64.8317,0.705002,59.992431,-0.007588,0.0000,1.0000,8788.7,-0.0607,5,0
64.8391,0.705162,59.992437,-0.007588,0.0000,1.0000,8792.5,-0.0621,5,0
64.8469,0.705322,59.992443,-0.007589,0.0000,1.0000,8795.7,-0.0635,5,0
64.8562,0.705482,59.992449,-0.007589,0.0000,1.0000,8793.3,-0.0647,5,0
64.8637,0.705643,59.992454,-0.007590,0.0000,1.0000,8794.8,-0.0655,5,0
64.8700,0.705803,59.992460,-0.007590,0.0000,1.0000,8800.0,-0.0658,5,0
64.8768,0.705963,59.992466,-0.007590,0.0000,1.0000,8803.4,-0.0655,5,0
64.8850,0.706123,59.992471,-0.007591,0.0000,1.0000,8803.7,-0.0644,5,0
64.8904,0.706283,59.992477,-0.007591,0.0000,1.0000,8812.9,-0.0629,5,0
64.8976,0.706443,59.992483,-0.007592,0.0000,1.0000,8817.8,-0.0609,5,0
64.9070,0.706604,59.992489,-0.007593,0.0000,1.0000,8816.1,-0.0585,5,0
64.9137,0.706764,59.992494,-0.007593,0.0000,1.0000,8821.0,-0.0557,5,0
64.9212,0.706924,59.992500,-0.007594,0.0000,1.0000,8825.1,-0.0528,5,0
64.9308,0.707085,59.992506,-0.007595,0.0000,1.0000,8825.6,-0.0497,5,0
64.9399,0.707245,59.992512,-0.007595,0.0000,1.0000,8826.1,-0.0465,5,0
64.9484,0.707405,59.992518,-0.007596,0.0000,1.0000,8830.1,-0.0435,5,0
64.9576,0.707566,59.992523,-0.007597,0.0000,1.0000,8831.9,-0.0406,5,0
64.9666,0.707726,59.992529,-0.007597,0.0000,1.0000,8835.6,-0.0380,5,0
64.9751,0.707886,59.992535,-0.007598,0.0000,1.0000,8838.1,-0.0356,5,0
64.9841,0.708047,59.992540,-0.007599,0.0000,1.0000,8837.4,-0.0334,5,0
64.9923,0.708207,59.992546,-0.007600,0.0000,1.0000,8837.5,-0.0315,5,0
65.0007,0.708368,59.992551,-0.007601,0.0000,1.0000,8840.8,-0.0300,5,0
65.0106,0.708528,59.992557,-0.007601,0.0000,1.0000,8838.8,-0.0291,5,0
65.0198,0.708689,59.992562,-0.007602,0.0000,1.0000,8836.4,-0.0285,5,0
65.0284,0.708849,59.992568,-0.007603,0.0000,1.0000,8837.9,-0.0283,5,0
65.0382,0.709010,59.992573,-0.007604,0.0000,1.0000,8835.3,-0.0285,5,0
65.0479,0.709170,59.992579,-0.007605,0.0000,1.0000,8831.6,-0.0290,5,0
65.0575,0.709331,59.992584,-0.007606,0.0000,1.0000,8828.8,-0.0297,5,0
65.0669,0.709491,59.992590,-0.007607,0.0000,1.0000,8830.1,-0.0306,5,0
65.0764,0.709652,59.992596,-0.007608,0.0000,1.0000,8830.8,-0.0317,5,0
65.0857,0.709813,59.992603,-0.007609,0.0000,1.0000,8828.8,-0.0329,5,0
65.0960,0.709974,59.992609,-0.007610,0.0000,1.0000,8829.7,-0.0343,5,0
65.1061,0.710134,59.992615,-0.007611,0.0000,1.0000,8827.8,-0.0359,5,0
65.1158,0.710295,59.992621,-0.007612,0.0000,1.0000,8823.9,-0.0375,5,0
65.1271,0.710456,59.992628,-0.007613,0.0000,1.0000,8820.2,-0.0393,5,0
65.1368,0.710617,59.992634,-0.007614,0.0000,1.0000,8818.4,-0.0411,5,0
65.1468,0.710777,59.992640,-0.007615,0.0000,1.0000,8813.7,-0.0427,5,0
65.1582,0.710938,59.992647,-0.007617,0.0000,1.0000,8804.9,-0.0440,5,0
65.1670,0.711099,59.992653,-0.007618,0.0000,1.0000,8807.8,-0.0450,5,0
65.1796,0.711260,59.992659,-0.007619,0.0000,1.0000,8792.8,-0.0455,5,0
65.1957,0.711421,59.992664,-0.007620,0.0000,1.0000,8767.0,-0.0458,5,0
65.2108,0.711582,59.992670,-0.007621,0.0000,1.0000,8747.0,-0.0458,5,0
65.2236,0.711743,59.992676,-0.007623,0.0000,1.0000,8735.8,-0.0457,5,0
65.2326,0.711904,59.992682,-0.007624,0.0000,1.0000,8739.3,-0.0454,5,0
65.2446,0.712065,59.992687,-0.007625,0.0000,1.0000,8735.0,-0.0451,5,0
65.2551,0.712226,59.992693,-0.007626,0.0000,1.0000,8734.5,-0.0448,5,0
65.2628,0.712387,59.992699,-0.007628,0.0000,1.0000,8743.3,-0.0446,5,0
65.2732,0.712548,59.992704,-0.007629,0.0000,1.0000,8745.9,-0.0445,5,0
65.2841,0.712710,59.992710,-0.007630,0.0000,1.0000,8742.5,-0.0447,5,0
65.2928,0.712871,59.992716,-0.007632,0.0000,1.0000,8747.6,-0.0448,5,0
65.3003,0.713032,59.992721,-0.007633,0.0000,1.0000,8757.4,-0.0451,5,0
65.3103,0.713193,59.992727,-0.007635,0.0000,1.0000,8756.8,-0.0454,5,0
65.3191,0.713354,59.992733,-0.007636,0.0000,1.0000,8757.7,-0.0454,5,0
65.3272,0.713516,59.992739,-0.007637,0.0000,1.0000,8764.1,-0.0456,5,0
65.3375,0.713677,59.992744,-0.007639,0.0000,1.0000,8762.4,-0.0459,5,0
65.3468,0.713838,59.992750,-0.007640,0.0000,1.0000,8763.5,-0.0455,5,0
65.3544,0.714000,59.992756,-0.007642,0.0000,1.0000,8768.7,-0.0454,5,0
65.3630,0.714161,59.992761,-0.007643,0.0000,1.0000,8772.3,-0.0454,5,0
65.3710,0.714322,59.992767,-0.007645,0.0000,1.0000,8775.3,-0.0453,5,0
65.3785,0.714484,59.992773,-0.007646,0.0000,1.0000,8777.5,-0.0451,5,0
65.3858,0.714645,59.992779,-0.007648,0.0000,1.0000,8782.8,-0.0451,5,0
65.3952,0.714807,59.992784,-0.007649,0.0000,1.0000,8778.7,-0.0451,5,0
65.4026,0.714968,59.992790,-0.007651,0.0000,1.0000,8779.9,-0.0448,5,0
65.4093,0.715129,59.992796,-0.007653,0.0000,1.0000,8787.5,-0.0447,5,0
65.4164,0.715291,59.992802,-0.007654,0.0000,1.0000,8791.2,-0.0444,5,0
65.4249,0.715452,59.992808,-0.007656,0.0000,1.0000,8790.1,-0.0440,5,0
65.4320,0.715614,59.992813,-0.007657,0.0000,1.0000,8794.6,-0.0437,5,0
65.4387,0.715776,59.992819,-0.007659,0.0000,1.0000,8801.8,-0.0433,5,0
65.4466,0.715937,59.992825,-0.007661,0.0000,1.0000,8801.7,-0.0428,5,0
65.4557,0.716099,59.992831,-0.007663,0.0000,1.0000,8800.5,-0.0425,5,0
65.4622,0.716260,59.992837,-0.007664,0.0000,1.0000,8809.7,-0.0423,5,0
65.4686,0.716422,59.992843,-0.007666,0.0000,1.0000,8818.5,-0.0420,5,0
65.4776,0.716584,59.992849,-0.007668,0.0000,1.0000,8817.3,-0.0420,5,0
65.4852,0.716745,59.992856,-0.007670,0.0000,1.0000,8823.3,-0.0421,5,0
65.4949,0.716907,59.992862,-0.007672,0.0000,1.0000,8820.0,-0.0422,5,0
65.5003,0.717069,59.992868,-0.007674,0.0000,1.0000,8832.1,-0.0424,5,0
65.5110,0.717230,59.992874,-0.007675,0.0000,1.0000,8826.0,-0.0429,5,0
65.5179,0.717392,59.992880,-0.007677,0.0000,1.0000,8834.3,-0.0431,5,0
65.5204,0.717554,59.992886,-0.007679,0.0000,1.0000,8857.3,-0.0431,5,0
65.5278,0.717716,59.992892,-0.007681,0.0000,1.0000,8863.9,-0.0429,5,0
65.5349,0.717877,59.992897,-0.007683,0.0000,1.0000,8869.1,-0.0424,5,0
65.5378,0.718039,59.992903,-0.007685,0.0000,1.0000,8887.4,-0.0414,5,0
65.5471,0.718201,59.992909,-0.007687,0.0000,1.0000,8885.8,-0.0400,5,0
65.5553,0.718363,59.992914,-0.007689,0.0000,1.0000,8884.1,-0.0382,5,0
65.5642,0.718525,59.992920,-0.007691,0.0000,1.0000,8881.9,-0.0359,5,0
65.5735,0.718686,59.992926,-0.007693,0.0000,1.0000,8879.7,-0.0332,5,0
65.5828,0.718848,59.992932,-0.007695,0.0000,1.0000,8876.9,-0.0302,5,0
65.5907,0.719010,59.992937,-0.007697,0.0000,1.0000,8877.6,-0.0265,5,0
65.6002,0.719172,59.992943,-0.007700,0.0000,1.0000,8874.9,-0.0227,5,0
65.6094,0.719334,59.992949,-0.007702,0.0000,1.0000,8872.6,-0.0184,5,0
65.6170,0.719496,59.992954,-0.007704,0.0000,1.0000,8874.1,-0.0138,5,0
65.6256,0.719658,59.992960,-0.007706,0.0000,1.0000,8874.0,-0.0089,5,0
65.6349,0.719820,59.992966,-0.007708,0.0000,1.0000,8874.2,-0.0039,5,0
65.6436,0.719982,59.992971,-0.007711,0.0000,1.0000,8875.8,0.0013,5,0
65.6522,0.720144,59.992977,-0.007713,0.0000,1.0000,8877.7,0.0066,5,0
65.6632,0.720306,59.992983,-0.007715,0.0000,1.0000,8874.4,0.0116,5,0
65.6726,0.720469,59.992989,-0.007717,0.0000,1.0000,8874.0,0.0165,5,0
65.6819,0.720631,59.992994,-0.007720,0.0000,1.0000,8873.9,0.0213,5,0
65.6938,0.720793,59.993000,-0.007722,0.0000,1.0000,8864.8,0.0255,5,0
65.7085,0.720955,59.993006,-0.007724,0.0000,1.0000,8843.9,0.0294,5,0
65.7219,0.721117,59.993011,-0.007727,0.0000,1.0000,8827.4,0.0327,5,0
65.7363,0.721280,59.993017,-0.007729,0.0000,1.0000,8810.0,0.0357,5,0
65.7488,0.721442,59.993023,-0.007731,0.0000,1.0000,8798.7,0.0382,5,0
65.7619,0.721604,59.993029,-0.007734,0.0000,1.0000,8784.7,0.0403,5,0
65.7737,0.721767,59.993034,-0.007736,0.0000,1.0000,8778.3,0.0421,5,0
65.7816,0.721929,59.993040,-0.007738,0.0000,1.0000,8786.8,0.0435,5,0
65.7906,0.722091,59.993046,-0.007741,0.0000,1.0000,8787.0,0.0445,5,0
65.8013,0.722254,59.993051,-0.007743,0.0000,1.0000,8783.3,0.0452,5,0
65.8088,0.722416,59.993057,-0.007745,0.0000,1.0000,8792.0,0.0458,5,0
65.8169,0.722579,59.993063,-0.007748,0.0000,1.0000,8793.9,0.0460,5,0
65.8261,0.722741,59.993068,-0.007750,0.0000,1.0000,8794.1,0.0459,5,0
65.8327,0.722904,59.993074,-0.007752,0.0000,1.0000,8805.1,0.0461,5,0
65.8401,0.723066,59.993080,-0.007754,0.0000,1.0000,8808.6,0.0460,5,0
65.8487,0.723229,59.993085,-0.007757,0.0000,1.0000,8807.7,0.0456,5,0
65.8555,0.723391,59.993091,-0.007759,0.0000,1.0000,8817.0,0.0454,5,0
65.8616,0.723554,59.993097,-0.007761,0.0000,1.0000,8825.8,0.0451,5,0
65.8696,0.723717,59.993103,-0.007764,0.0000,1.0000,8825.2,0.0445,5,0
65.8777,0.723879,59.993108,-0.007766,0.0000,1.0000,8830.0,0.0440,5,0
65.8834,0.724042,59.993114,-0.007768,0.0000,1.0000,8840.1,0.0435,5,0
65.8909,0.724205,59.993120,-0.007770,0.0000,1.0000,8840.5,0.0427,5,0
65.9000,0.724367,59.993126,-0.007772,0.0000,1.0000,8840.1,0.0422,5,0
65.9057,0.724530,59.993133,-0.007775,0.0000,1.0000,8850.5,0.0416,5,0
65.9143,0.724693,59.993139,-0.007777,0.0000,1.0000,8846.5,0.0409,5,0
65.9233,0.724855,59.993145,-0.007779,0.0000,1.0000,8847.6,0.0404,5,0
65.9307,0.725018,59.993151,-0.007781,0.0000,1.0000,8854.5,0.0401,5,0
65.9397,0.725181,59.993157,-0.007783,0.0000,1.0000,8851.5,0.0399,5,0
65.9488,0.725344,59.993164,-0.007785,0.0000,1.0000,8852.7,0.0399,5,0
65.9565,0.725507,59.993170,-0.007787,0.0000,1.0000,8858.3,0.0403,5,0
65.9616,0.725669,59.993176,-0.007789,0.0000,1.0000,8870.4,0.0408,5,0
65.9675,0.725832,59.993182,-0.007791,0.0000,1.0000,8878.1,0.0415,5,0
65.9777,0.725995,59.993187,-0.007793,0.0000,1.0000,8870.4,0.0423,5,0
65.9832,0.726158,59.993193,-0.007795,0.0000,1.0000,8876.3,0.0432,5,0
65.9896,0.726321,59.993199,-0.007797,0.0000,1.0000,8878.3,0.0440,5,0
65.9967,0.726484,59.993204,-0.007799,0.0000,1.0000,8882.6,0.0448,5,0
66.0049,0.726647,59.993210,-0.007801,0.0000,1.0000,8878.8,0.0456,5,0
66.0133,0.726810,59.993216,-0.007803,0.0000,1.0000,8871.9,0.0462,5,0
66.0223,0.726973,59.993222,-0.007805,0.0000,1.0000,8870.2,0.0469,5,0
66.0284,0.727136,59.993227,-0.007807,0.0000,1.0000,8875.8,0.0477,5,0
66.0344,0.727299,59.993233,-0.007809,0.0000,1.0000,8878.0,0.0485,5,0
66.0433,0.727462,59.993239,-0.007810,0.0000,1.0000,8876.0,0.0495,5,0
66.0500,0.727625,59.993244,-0.007812,0.0000,1.0000,8877.9,0.0505,5,0
66.0547,0.727788,59.993250,-0.007814,0.0000,1.0000,8883.4,0.0513,5,0
66.0626,0.727951,59.993256,-0.007816,0.0000,1.0000,8881.9,0.0521,5,0
66.0695,0.728114,59.993262,-0.007817,0.0000,1.0000,8884.1,0.0530,5,0
66.0745,0.728277,59.993267,-0.007819,0.0000,1.0000,8889.2,0.0537,5,0
66.0814,0.728440,59.993273,-0.007821,0.0000,1.0000,8889.8,0.0545,5,0
66.0873,0.728603,59.993279,-0.007823,0.0000,1.0000,8893.2,0.0553,5,0
66.0930,0.728767,59.993284,-0.007824,0.0000,1.0000,8896.4,0.0560,5,0
66.0982,0.728930,59.993290,-0.007826,0.0000,1.0000,8900.0,0.0567,5,0
66.1039,0.729093,59.993296,-0.007828,0.0000,1.0000,8902.7,0.0574,5,0
66.1111,0.729256,59.993302,-0.007829,0.0000,1.0000,8904.4,0.0580,5,0
66.1148,0.729419,59.993308,-0.007831,0.0000,1.0000,8909.1,0.0588,5,0
66.1186,0.729583,59.993314,-0.007832,0.0000,1.0000,8923.9,0.0597,5,0
66.1220,0.729746,59.993320,-0.007834,0.0000,1.0000,8939.6,0.0611,5,0
66.1243,0.729909,59.993326,-0.007835,0.0000,1.0000,8955.0,0.0626,5,0
66.1256,0.730072,59.993332,-0.007837,0.0000,1.0000,8974.5,0.0643,5,0
66.1286,0.730236,59.993338,-0.007838,0.0000,1.0000,8979.3,0.0661,5,0
66.1329,0.730399,59.993344,-0.007840,0.0000,1.0000,8982.0,0.0678,5,0
66.1369,0.730562,59.993350,-0.007841,0.0000,1.0000,8985.5,0.0696,5,0
66.1420,0.730725,59.993356,-0.007842,0.0000,1.0000,8984.3,0.0712,5,0
66.1477,0.730889,59.993362,-0.007844,0.0000,1.0000,8985.0,0.0728,5,0
66.1523,0.731052,59.993368,-0.007845,0.0000,1.0000,8989.1,0.0745,5,0
66.1580,0.731215,59.993374,-0.007846,0.0000,1.0000,8992.1,0.0763,5,0
66.1637,0.731379,59.993380,-0.007847,0.0000,1.0000,8994.8,0.0781,5,0
66.1694,0.731542,59.993386,-0.007849,0.0000,1.0000,8995.8,0.0801,5,0
66.1736,0.731705,59.993392,-0.007850,0.0000,1.0000,8996.0,0.0824,5,0
66.1787,0.731869,59.993398,-0.007851,0.0000,1.0000,8996.3,0.0846,5,0
66.1835,0.732032,59.993404,-0.007853,0.0000,1.0000,8995.6,0.0870,5,0
66.1883,0.732195,59.993410,-0.007854,0.0000,1.0000,8993.5,0.0894,5,0
66.1935,0.732359,59.993416,-0.007855,0.0000,1.0000,8993.4,0.0918,5,0
66.1974,0.732522,59.993422,-0.007856,0.0000,1.0000,8994.5,0.0942,5,0
66.2024,0.732686,59.993428,-0.007857,0.0000,1.0000,8995.0,0.0967,5,0
66.2073,0.732849,59.993434,-0.007858,0.0000,1.0000,8994.8,0.0990,5,0
66.2110,0.733013,59.993440,-0.007859,0.0000,1.0000,8997.7,0.1012,5,0
66.2161,0.733176,59.993446,-0.007860,0.0000,1.0000,8996.3,0.1033,5,0
66.2215,0.733340,59.993452,-0.007861,0.0000,1.0000,8996.2,0.1050,5,0
66.2257,0.733503,59.993458,-0.007862,0.0000,1.0000,8998.4,0.1064,5,0
66.2310,0.733667,59.993464,-0.007863,0.0000,1.0000,8997.5,0.1075,5,0
66.2361,0.733830,59.993470,-0.007864,0.0000,1.0000,8996.5,0.1080,5,0
66.2399,0.733994,59.993476,-0.007865,0.0000,1.0000,8997.6,0.1080,5,0
66.2439,0.734157,59.993482,-0.007866,0.0000,1.0000,8998.4,0.1076,5,0
66.2492,0.734321,59.993488,-0.007867,0.0000,1.0000,8994.5,0.1066,5,0
66.2533,0.734484,59.993494,-0.007867,0.0000,1.0000,8997.1,0.1052,5,0
66.2573,0.734648,59.993500,-0.007868,0.0000,1.0000,8999.9,0.1037,5,0
66.2633,0.734811,59.993506,-0.007869,0.0000,1.0000,8998.5,0.1019,5,0
66.2679,0.734975,59.993512,-0.007870,0.0000,1.0000,9000.3,0.0999,5,0
66.2724,0.735139,59.993518,-0.007871,0.0000,1.0000,9002.5,0.0980,5,0
66.2790,0.735302,59.993524,-0.007872,0.0000,1.0000,8999.5,0.0961,5,0
66.2841,0.735466,59.993530,-0.007872,0.0000,1.0000,8998.2,0.0942,5,0
66.2887,0.735629,59.993536,-0.007873,0.0000,1.0000,8999.8,0.0923,5,0
66.2934,0.735793,59.993541,-0.007873,0.0000,1.0000,8999.5,0.0905,5,0
66.2980,0.735957,59.993547,-0.007874,0.0000,1.0000,8999.4,0.0885,5,0
66.3031,0.736120,59.993553,-0.007875,0.0000,1.0000,8997.8,0.0866,5,0
66.3068,0.736284,59.993558,-0.007875,0.0000,1.0000,9001.8,0.0847,5,0
66.3122,0.736448,59.993564,-0.007876,0.0000,1.0000,9003.3,0.0825,5,0
66.3177,0.736612,59.993570,-0.007876,0.0000,1.0000,9002.6,0.0801,5,0
66.3230,0.736775,59.993576,-0.007877,0.0000,1.0000,9002.8,0.0777,5,0
66.3288,0.736939,59.993581,-0.007877,0.0000,1.0000,9007.6,0.0748,5,0
66.3339,0.737103,59.993587,-0.007878,0.0000,1.0000,9008.6,0.0719,5,0
66.3389,0.737266,59.993593,-0.007878,0.0000,1.0000,9010.7,0.0690,5,0
66.3439,0.737430,59.993600,-0.007879,0.0000,1.0000,9015.5,0.0658,5,0
66.3500,0.737594,59.993606,-0.007879,0.0000,1.0000,9013.3,0.0627,5,0
66.3555,0.737758,59.993612,-0.007879,0.0000,1.0000,9015.6,0.0595,5,0
66.3621,0.737922,59.993618,-0.007880,0.0000,1.0000,9017.6,0.0563,5,0
66.3698,0.738086,59.993625,-0.007880,0.0000,1.0000,9018.5,0.0533,5,0
66.3775,0.738249,59.993631,-0.007880,0.0000,1.0000,9020.7,0.0506,5,0
66.3841,0.738413,59.993637,-0.007881,0.0000,1.0000,9022.9,0.0480,5,0
66.3909,0.738577,59.993644,-0.007881,0.0000,1.0000,9023.1,0.0456,5,0
66.3981,0.738741,59.993650,-0.007881,0.0000,1.0000,9023.4,0.0437,5,0
66.4061,0.738905,59.993656,-0.007881,0.0000,1.0000,9026.2,0.0423,5,0
66.4135,0.739069,59.993661,-0.007881,0.0000,1.0000,9024.6,0.0414,5,0
66.4223,0.739233,59.993667,-0.007881,0.0000,1.0000,9019.6,0.0411,5,0
66.4297,0.739397,59.993672,-0.007882,0.0000,1.0000,9019.0,0.0413,5,0
66.4356,0.739561,59.993678,-0.007882,0.0000,1.0000,9018.5,0.0420,5,0
66.4450,0.739725,59.993684,-0.007882,0.0000,1.0000,9011.3,0.0431,5,0
66.4499,0.739889,59.993689,-0.007882,0.0000,1.0000,9015.7,0.0445,5,0
66.4575,0.740053,59.993695,-0.007882,0.0000,1.0000,9013.3,0.0461,5,0
66.4650,0.740217,59.993700,-0.007882,0.0000,1.0000,9011.0,0.0480,5,0
66.4728,0.740381,59.993706,-0.007882,0.0000,1.0000,9011.3,0.0503,5,0
66.4803,0.740545,59.993712,-0.007882,0.0000,1.0000,9011.7,0.0527,5,0
66.4881,0.740709,59.993718,-0.007882,0.0000,1.0000,9009.5,0.0554,5,0
66.4954,0.740874,59.993724,-0.007882,0.0000,1.0000,9007.3,0.0582,5,0
66.5030,0.741038,59.993730,-0.007882,0.0000,1.0000,9008.7,0.0611,5,0
66.5084,0.741202,59.993736,-0.007881,0.0000,1.0000,9004.3,0.0642,5,0
66.5154,0.741366,59.993743,-0.007881,0.0000,1.0000,9000.3,0.0673,5,0
66.5213,0.741530,59.993749,-0.007881,0.0000,1.0000,9000.6,0.0705,5,0
66.5281,0.741695,59.993755,-0.007881,0.0000,1.0000,8997.4,0.0735,5,0
66.5386,0.741859,59.993761,-0.007881,0.0000,1.0000,8981.1,0.0765,5,0
66.5468,0.742023,59.993767,-0.007881,0.0000,1.0000,8973.7,0.0790,5,0
66.5552,0.742187,59.993773,-0.007880,0.0000,1.0000,8967.5,0.0812,5,0
66.5668,0.742352,59.993779,-0.007880,0.0000,1.0000,8947.7,0.0832,5,0
66.5741,0.742516,59.993785,-0.007880,0.0000,1.0000,8946.6,0.0847,5,0
66.5832,0.742680,59.993791,-0.007879,0.0000,1.0000,8942.1,0.0857,5,0
66.5899,0.742845,59.993797,-0.007879,0.0000,1.0000,8943.5,0.0864,5,0
66.5949,0.743009,59.993804,-0.007879,0.0000,1.0000,8949.3,0.0866,5,0
66.6023,0.743174,59.993810,-0.007878,0.0000,1.0000,8947.9,0.0862,5,0
66.6092,0.743338,59.993816,-0.007878,0.0000,1.0000,8947.3,0.0854,5,0
66.6138,0.743503,59.993822,-0.007878,0.0000,1.0000,8954.0,0.0840,5,0
66.6209,0.743667,59.993828,-0.007877,0.0000,1.0000,8955.6,0.0821,5,0
66.6232,0.743831,59.993834,-0.007877,0.0000,1.0000,8974.3,0.0799,5,0
66.6290,0.743996,59.993839,-0.007876,0.0000,1.0000,8976.8,0.0774,5,0
66.6350,0.744160,59.993845,-0.007875,0.0000,1.0000,8985.3,0.0745,5,0
66.6397,0.744325,59.993851,-0.007875,0.0000,1.0000,8993.6,0.0716,5,0
66.6458,0.744489,59.993856,-0.007874,0.0000,1.0000,8996.6,0.0686,5,0
66.6505,0.744654,59.993862,-0.007874,0.0000,1.0000,9007.0,0.0654,5,0
66.6522,0.744819,59.993868,-0.007873,0.0000,1.0000,9027.6,0.0624,5,0
66.6573,0.744983,59.993874,-0.007873,0.0000,1.0000,9036.1,0.0593,5,0
66.6634,0.745148,59.993879,-0.007872,0.0000,1.0000,9041.3,0.0563,5,0
66.6700,0.745312,59.993885,-0.007871,0.0000,1.0000,9049.4,0.0536,5,0
66.6775,0.745477,59.993891,-0.007871,0.0000,1.0000,9051.1,0.0512,5,0
66.6864,0.745641,59.993897,-0.007870,0.0000,1.0000,9051.9,0.0487,5,0
66.6920,0.745806,59.993903,-0.007869,0.0000,1.0000,9057.9,0.0464,5,0
66.7000,0.745971,59.993909,-0.007868,0.0000,1.0000,9057.6,0.0442,5,0
66.7079,0.746135,59.993915,-0.007867,0.0000,1.0000,9054.0,0.0418,5,0
66.7153,0.746300,59.993922,-0.007867,0.0000,1.0000,9056.3,0.0393,5,0
66.7235,0.746465,59.993928,-0.007866,0.0000,1.0000,9055.4,0.0369,5,0
66.7331,0.746630,59.993934,-0.007865,0.0000,1.0000,9049.7,0.0341,5,0
66.7404,0.746794,59.993940,-0.007864,0.0000,1.0000,9049.2,0.0313,5,0
66.7498,0.746959,59.993946,-0.007863,0.0000,1.0000,9045.7,0.0286,5,0
66.7598,0.747124,59.993952,-0.007862,0.0000,1.0000,9038.6,0.0261,5,0
66.7685,0.747289,59.993958,-0.007861,0.0000,1.0000,9035.1,0.0234,5,0
66.7776,0.747454,59.993964,-0.007860,0.0000,1.0000,9032.9,0.0209,5,0
66.7869,0.747618,59.993970,-0.007859,0.0000,1.0000,9025.0,0.0180,5,0
66.7959,0.747783,59.993977,-0.007858,0.0000,1.0000,9016.0,0.0146,5,0
66.7999,0.747948,59.993983,-0.007857,0.0000,0.0000,8979.1,0.0112,5,0
66.7807,0.748113,59.993989,-0.007856,0.0000,0.0000,8930.2,0.0073,5,0
66.7561,0.748278,59.993995,-0.007855,0.0000,0.0000,8881.6,0.0029,5,0
66.7330,0.748443,59.994001,-0.007854,0.0000,0.0000,8833.1,-0.0012,5,0
66.7166,0.748607,59.994007,-0.007853,0.0000,0.0000,8361.8,-0.0049,6,0
66.7373,0.748772,59.994013,-0.007852,0.0000,0.0000,7870.8,-0.0084,6,0
66.7533,0.748937,59.994020,-0.007851,0.0000,1.0000,7844.8,-0.0112,6,0
66.7672,0.749102,59.994026,-0.007850,0.0000,1.0000,7838.7,-0.0133,6,0
66.7801,0.749267,59.994032,-0.007848,0.0000,1.0000,7835.3,-0.0148,6,0
66.7929,0.749431,59.994039,-0.007847,0.0000,1.0000,7830.7,-0.0156,6,0
66.8057,0.749596,59.994045,-0.007846,0.0000,1.0000,7829.5,-0.0156,6,0
66.8174,0.749761,59.994051,-0.007845,0.0000,1.0000,7829.8,-0.0155,6,0
66.8291,0.749926,59.994057,-0.007844,0.0000,1.0000,7829.8,-0.0148,6,0
66.8428,0.750091,59.994064,-0.007843,0.0000,1.0000,7826.6,-0.0135,6,0
66.8547,0.750256,59.994070,-0.007841,0.0000,1.0000,7828.7,-0.0120,6,0
66.8658,0.750421,59.994076,-0.007840,0.0000,1.0000,7831.7,-0.0103,6,0
66.8799,0.750587,59.994081,-0.007839,0.0000,1.0000,7827.9,-0.0084,6,0
66.8909,0.750752,59.994087,-0.007838,0.0000,1.0000,7832.9,-0.0065,6,0
66.9023,0.750917,59.994092,-0.007837,0.0000,1.0000,7834.5,-0.0046,6,0
66.9152,0.751082,59.994098,-0.007835,0.0000,1.0000,7832.4,-0.0028,6,0
66.9255,0.751247,59.994103,-0.007834,0.0000,1.0000,7839.1,-0.0010,6,0
66.9373,0.751412,59.994108,-0.007833,0.0000,1.0000,7838.4,0.0007,6,0
66.9495,0.751578,59.994114,-0.007832,0.0000,1.0000,7837.5,0.0023,6,0
66.9602,0.751743,59.994119,-0.007830,0.0000,1.0000,7843.3,0.0038,6,0
66.9720,0.751908,59.994125,-0.007829,0.0000,1.0000,7842.3,0.0052,6,0
66.9841,0.752074,59.994131,-0.007828,0.0000,1.0000,7841.3,0.0066,6,0
66.9957,0.752239,59.994137,-0.007827,0.0000,1.0000,7843.2,0.0077,6,0
67.0068,0.752405,59.994143,-0.007826,0.0000,1.0000,7844.3,0.0088,6,0
67.0179,0.752570,59.994149,-0.007824,0.0000,1.0000,7846.6,0.0096,6,0
67.0305,0.752735,59.994155,-0.007823,0.0000,1.0000,7844.5,0.0101,6,0
67.0414,0.752901,59.994162,-0.007822,0.0000,1.0000,7848.0,0.0104,6,0
67.0531,0.753066,59.994168,-0.007821,0.0000,1.0000,7848.3,0.0105,6,0
67.0667,0.753232,59.994174,-0.007820,0.0000,1.0000,7845.9,0.0101,6,0
67.0773,0.753398,59.994180,-0.007818,0.0000,1.0000,7852.9,0.0094,6,0
67.0896,0.753563,59.994186,-0.007817,0.0000,1.0000,7853.4,0.0084,6,0
67.1031,0.753729,59.994192,-0.007816,0.0000,1.0000,7851.6,0.0071,6,0
67.1139,0.753895,59.994198,-0.007815,0.0000,1.0000,7859.4,0.0054,6,0
67.1264,0.754060,59.994204,-0.007813,0.0000,1.0000,7857.5,0.0035,6,0
67.1385,0.754226,59.994210,-0.007812,0.0000,1.0000,7858.3,0.0015,6,0
67.1502,0.754392,59.994217,-0.007811,0.0000,1.0000,7861.5,-0.0006,6,0
67.1616,0.754558,59.994223,-0.007810,0.0000,1.0000,7863.3,-0.0027,6,0
67.1728,0.754723,59.994229,-0.007809,0.0000,1.0000,7866.9,-0.0048,6,0
67.1863,0.754889,59.994235,-0.007807,0.0000,1.0000,7862.3,-0.0069,6,0
67.1974,0.755055,59.994241,-0.007806,0.0000,1.0000,7865.4,-0.0091,6,0
67.2088,0.755221,59.994247,-0.007805,0.0000,1.0000,7869.1,-0.0111,6,0
67.2227,0.755387,59.994253,-0.007804,0.0000,1.0000,7864.0,-0.0130,6,0
67.2338,0.755553,59.994259,-0.007803,0.0000,1.0000,7868.7,-0.0148,6,0
67.2456,0.755719,59.994264,-0.007801,0.0000,1.0000,7872.1,-0.0164,6,0
67.2595,0.755885,59.994270,-0.007800,0.0000,1.0000,7869.3,-0.0178,6,0
67.2711,0.756051,59.994276,-0.007799,0.0000,1.0000,7873.1,-0.0190,6,0
67.2824,0.756217,59.994282,-0.007798,0.0000,1.0000,7877.1,-0.0199,6,0
67.2954,0.756383,59.994288,-0.007797,0.0000,1.0000,7876.6,-0.0207,6,0
67.3069,0.756549,59.994293,-0.007795,0.0000,1.0000,7877.0,-0.0212,6,0
67.3179,0.756716,59.994299,-0.007794,0.0000,1.0000,7880.2,-0.0213,6,0
67.3293,0.756882,59.994305,-0.007793,0.0000,1.0000,7881.9,-0.0212,6,0
67.3410,0.757048,59.994311,-0.007792,0.0000,1.0000,7881.5,-0.0208,6,0
67.3517,0.757214,59.994317,-0.007791,0.0000,1.0000,7883.0,-0.0199,6,0
67.3637,0.757381,59.994323,-0.007789,0.0000,1.0000,7884.4,-0.0189,6,0
67.3763,0.757547,59.994329,-0.007788,0.0000,1.0000,7881.8,-0.0175,6,0
67.3867,0.757713,59.994335,-0.007787,0.0000,1.0000,7886.8,-0.0157,6,0
67.3985,0.757880,59.994342,-0.007786,0.0000,1.0000,7889.8,-0.0141,6,0
67.4111,0.758046,59.994348,-0.007785,0.0000,1.0000,7888.8,-0.0123,6,0
67.4213,0.758213,59.994354,-0.007783,0.0000,1.0000,7896.4,-0.0103,6,0
67.4336,0.758379,59.994360,-0.007782,0.0000,1.0000,7897.2,-0.0086,6,0
67.4466,0.758546,59.994366,-0.007781,0.0000,1.0000,7896.1,-0.0068,6,0
67.4569,0.758712,59.994372,-0.007780,0.0000,1.0000,7902.4,-0.0050,6,0
67.4698,0.758879,59.994378,-0.007779,0.0000,1.0000,7902.0,-0.0034,6,0
67.4827,0.759045,59.994384,-0.007778,0.0000,1.0000,7902.0,-0.0018,6,0
67.4948,0.759212,59.994390,-0.007776,0.0000,1.0000,7904.0,-0.0002,6,0
67.5073,0.759378,59.994397,-0.007775,0.0000,1.0000,7904.9,0.0012,6,0
67.5201,0.759545,59.994403,-0.007774,0.0000,1.0000,7905.6,0.0025,6,0
67.5327,0.759712,59.994409,-0.007773,0.0000,1.0000,7905.8,0.0039,6,0
67.5447,0.759879,59.994415,-0.007772,0.0000,1.0000,7907.6,0.0052,6,0
67.5577,0.760045,59.994421,-0.007771,0.0000,1.0000,7908.9,0.0063,6,0
67.5703,0.760212,59.994427,-0.007770,0.0000,1.0000,7907.2,0.0076,6,0
67.5808,0.760379,59.994433,-0.007769,0.0000,1.0000,7912.9,0.0087,6,0
67.5931,0.760546,59.994439,-0.007767,0.0000,1.0000,7913.3,0.0097,6,0
67.6058,0.760713,59.994445,-0.007766,0.0000,1.0000,7909.9,0.0108,6,0
67.6156,0.760880,59.994451,-0.007765,0.0000,1.0000,7916.2,0.0116,6,0
67.6281,0.761047,59.994457,-0.007764,0.0000,1.0000,7915.1,0.0122,6,0
67.6401,0.761214,59.994464,-0.007763,0.0000,1.0000,7916.1,0.0126,6,0
67.6514,0.761381,59.994470,-0.007762,0.0000,1.0000,7918.5,0.0128,6,0
67.6641,0.761548,59.994476,-0.007761,0.0000,1.0000,7920.0,0.0129,6,0
67.6762,0.761715,59.994482,-0.007760,0.0000,1.0000,7921.4,0.0126,6,0
67.6879,0.761882,59.994488,-0.007759,0.0000,1.0000,7924.0,0.0122,6,0
67.7006,0.762049,59.994494,-0.007757,0.0000,1.0000,7927.7,0.0118,6,0
67.7131,0.762216,59.994500,-0.007756,0.0000,1.0000,7930.6,0.0113,6,0
67.7259,0.762383,59.994507,-0.007755,0.0000,1.0000,7930.3,0.0108,6,0
67.7383,0.762550,59.994513,-0.007754,0.0000,1.0000,7935.1,0.0106,6,0
67.7512,0.762718,59.994519,-0.007753,0.0000,1.0000,7937.1,0.0107,6,0
67.7652,0.762885,59.994525,-0.007752,0.0000,1.0000,7933.9,0.0111,6,0
67.7767,0.763052,59.994531,-0.007751,0.0000,1.0000,7937.6,0.0119,6,0
67.7888,0.763220,59.994538,-0.007750,0.0000,1.0000,7940.2,0.0131,6,0
67.8018,0.763387,59.994544,-0.007748,0.0000,1.0000,7937.2,0.0145,6,0
67.8133,0.763554,59.994550,-0.007747,0.0000,1.0000,7938.2,0.0163,6,0
67.8250,0.763722,59.994556,-0.007746,0.0000,1.0000,7941.1,0.0182,6,0
67.8356,0.763889,59.994562,-0.007745,0.0000,1.0000,7942.7,0.0201,6,0
67.8480,0.764057,59.994568,-0.007744,0.0000,1.0000,7940.3,0.0219,6,0
67.8599,0.764224,59.994574,-0.007743,0.0000,1.0000,7943.0,0.0237,6,0
67.8701,0.764392,59.994580,-0.007741,0.0000,1.0000,7946.5,0.0250,6,0
67.8824,0.764559,59.994586,-0.007740,0.0000,1.0000,7946.6,0.0260,6,0
67.8944,0.764727,59.994592,-0.007739,0.0000,1.0000,7948.7,0.0270,6,0
67.9056,0.764895,59.994598,-0.007738,0.0000,1.0000,7950.8,0.0276,6,0
67.9176,0.765062,59.994604,-0.007737,0.0000,1.0000,7949.4,0.0279,6,0
67.9284,0.765230,59.994610,-0.007736,0.0000,1.0000,7954.9,0.0282,6,0
67.9392,0.765398,59.994616,-0.007734,0.0000,1.0000,7959.4,0.0281,6,0
67.9514,0.765566,59.994622,-0.007733,0.0000,1.0000,7956.2,0.0276,6,0
67.9621,0.765733,59.994628,-0.007732,0.0000,1.0000,7963.3,0.0272,6,0
67.9731,0.765901,59.994634,-0.007730,0.0000,1.0000,7965.8,0.0264,6,0
67.9849,0.766069,59.994640,-0.007729,0.0000,1.0000,7963.8,0.0252,6,0
67.9962,0.766237,59.994646,-0.007728,0.0000,1.0000,7970.2,0.0242,6,0
68.0085,0.766405,59.994652,-0.007727,0.0000,1.0000,7972.2,0.0231,6,0
68.0203,0.766573,59.994658,-0.007725,0.0000,1.0000,7973.3,0.0220,6,0
68.0325,0.766741,59.994664,-0.007724,0.0000,1.0000,7975.7,0.0213,6,0
68.0452,0.766909,59.994670,-0.007723,0.0000,1.0000,7979.3,0.0209,6,0
68.0572,0.767077,59.994676,-0.007721,0.0000,1.0000,7981.6,0.0206,6,0
68.0708,0.767245,59.994682,-0.007720,0.0000,1.0000,7981.0,0.0210,6,0
68.0839,0.767413,59.994688,-0.007719,0.0000,1.0000,7982.2,0.0218,6,0
68.0949,0.767581,59.994694,-0.007717,0.0000,1.0000,7985.5,0.0228,6,0
68.1078,0.767749,59.994700,-0.007716,0.0000,1.0000,7984.0,0.0241,6,0
68.1202,0.767917,59.994706,-0.007715,0.0000,1.0000,7983.4,0.0256,6,0
68.1298,0.768085,59.994712,-0.007713,0.0000,1.0000,7989.5,0.0269,6,0
68.1419,0.768253,59.994718,-0.007712,0.0000,1.0000,7984.5,0.0282,6,0
68.1531,0.768422,59.994724,-0.007711,0.0000,1.0000,7984.9,0.0292,6,0
68.1638,0.768590,59.994730,-0.007709,0.0000,1.0000,7988.6,0.0299,6,0
68.1767,0.768758,59.994736,-0.007708,0.0000,1.0000,7983.7,0.0304,6,0
68.1875,0.768927,59.994743,-0.007706,0.0000,1.0000,7989.0,0.0308,6,0
68.1986,0.769095,59.994749,-0.007705,0.0000,1.0000,7989.8,0.0309,6,0
68.2103,0.769263,59.994755,-0.007703,0.0000,1.0000,7989.5,0.0308,6,0
68.2219,0.769432,59.994761,-0.007702,0.0000,1.0000,7992.9,0.0307,6,0
68.2335,0.769600,59.994768,-0.007700,0.0000,1.0000,7994.7,0.0305,6,0
68.2446,0.769769,59.994774,-0.007699,0.0000,1.0000,7997.5,0.0301,6,0
68.2566,0.769937,59.994780,-0.007697,0.0000,1.0000,7999.9,0.0299,6,0
68.2679,0.770106,59.994787,-0.007696,0.0000,1.0000,8002.1,0.0293,6,0
68.2785,0.770274,59.994793,-0.007694,0.0000,1.0000,8005.4,0.0286,6,0
68.2911,0.770443,59.994799,-0.007693,0.0000,1.0000,8005.2,0.0281,6,0
68.3018,0.770611,59.994805,-0.007691,0.0000,1.0000,8008.0,0.0272,6,0
68.3118,0.770780,59.994811,-0.007689,0.0000,1.0000,8012.3,0.0261,6,0
68.3240,0.770949,59.994817,-0.007688,0.0000,1.0000,8010.9,0.0252,6,0
68.3352,0.771117,59.994823,-0.007686,0.0000,1.0000,8012.7,0.0239,6,0
68.3449,0.771286,59.994830,-0.007685,0.0000,1.0000,8017.2,0.0222,6,0
68.3581,0.771455,59.994836,-0.007683,0.0000,1.0000,8014.6,0.0207,6,0
68.3695,0.771624,59.994842,-0.007681,0.0000,1.0000,8017.4,0.0189,6,0
68.3799,0.771792,59.994848,-0.007680,0.0000,1.0000,8022.5,0.0168,6,0
68.3936,0.771961,59.994854,-0.007678,0.0000,1.0000,8018.1,0.0149,6,0
68.4043,0.772130,59.994860,-0.007676,0.0000,1.0000,8024.5,0.0130,6,0
68.4160,0.772299,59.994866,-0.007675,0.0000,1.0000,8025.5,0.0112,6,0
68.4303,0.772468,59.994872,-0.007673,0.0000,1.0000,8024.2,0.0097,6,0
68.4424,0.772637,59.994878,-0.007671,0.0000,1.0000,8028.2,0.0086,6,0
68.4548,0.772806,59.994884,-0.007670,0.0000,1.0000,8029.9,0.0076,6,0
68.4685,0.772975,59.994891,-0.007668,0.0000,1.0000,8027.8,0.0071,6,0
68.4811,0.773144,59.994897,-0.007666,0.0000,1.0000,8027.7,0.0070,6,0
68.4933,0.773313,59.994903,-0.007664,0.0000,1.0000,8028.7,0.0069,6,0
68.5048,0.773482,59.994909,-0.007663,0.0000,1.0000,8031.0,0.0072,6,0
68.5174,0.773651,59.994915,-0.007661,0.0000,1.0000,8027.9,0.0076,6,0
68.5281,0.773821,59.994921,-0.007659,0.0000,1.0000,8029.1,0.0080,6,0
68.5394,0.773990,59.994927,-0.007657,0.0000,1.0000,8031.6,0.0083,6,0
68.5526,0.774159,59.994933,-0.007655,0.0000,1.0000,8029.5,0.0088,6,0
68.5637,0.774328,59.994939,-0.007654,0.0000,1.0000,8031.9,0.0090,6,0
68.5758,0.774497,59.994946,-0.007652,0.0000,1.0000,8034.1,0.0092,6,0
68.5900,0.774667,59.994952,-0.007650,0.0000,1.0000,8030.5,0.0093,6,0
68.6006,0.774836,59.994958,-0.007648,0.0000,1.0000,8036.7,0.0094,6,0
68.6130,0.775006,59.994964,-0.007646,0.0000,1.0000,8037.4,0.0095,6,0
68.6267,0.775175,59.994970,-0.007644,0.0000,1.0000,8034.8,0.0097,6,0
68.6369,0.775344,59.994976,-0.007643,0.0000,1.0000,8041.9,0.0098,6,0
68.6490,0.775514,59.994982,-0.007641,0.0000,1.0000,8042.3,0.0100,6,0
68.6625,0.775683,59.994988,-0.007639,0.0000,1.0000,8040.0,0.0103,6,0
68.6735,0.775853,59.994994,-0.007637,0.0000,1.0000,8044.7,0.0105,6,0
68.6859,0.776022,59.995000,-0.007635,0.0000,1.0000,8045.1,0.0109,6,0
68.6989,0.776192,59.995007,-0.007633,0.0000,1.0000,8044.6,0.0114,6,0
68.7109,0.776362,59.995013,-0.007631,0.0000,1.0000,8046.8,0.0120,6,0
68.7223,0.776531,59.995019,-0.007629,0.0000,1.0000,8048.6,0.0126,6,0
68.7343,0.776701,59.995025,-0.007628,0.0000,1.0000,8051.2,0.0135,6,0
68.7467,0.776871,59.995031,-0.007626,0.0000,1.0000,8049.7,0.0142,6,0
68.7577,0.777040,59.995037,-0.007624,0.0000,1.0000,8051.5,0.0150,6,0
68.7694,0.777210,59.995043,-0.007622,0.0000,1.0000,8055.8,0.0158,6,0
68.7817,0.777380,59.995050,-0.007620,0.0000,1.0000,8054.0,0.0165,6,0
68.7927,0.777550,59.995056,-0.007618,0.0000,1.0000,8057.6,0.0170,6,0
68.8046,0.777720,59.995062,-0.007616,0.0000,1.0000,8059.7,0.0175,6,0
68.8173,0.777890,59.995069,-0.007614,0.0000,1.0000,8057.8,0.0178,6,0
68.8277,0.778059,59.995075,-0.007612,0.0000,1.0000,8062.7,0.0180,6,0
68.8403,0.778229,59.995081,-0.007610,0.0000,1.0000,8064.5,0.0179,6,0
68.8531,0.778399,59.995087,-0.007608,0.0000,1.0000,8062.3,0.0178,6,0
68.8633,0.778569,59.995094,-0.007606,0.0000,1.0000,8066.5,0.0174,6,0
68.8752,0.778739,59.995100,-0.007604,0.0000,1.0000,8068.2,0.0170,6,0
68.8872,0.778909,59.995106,-0.007602,0.0000,1.0000,8066.5,0.0165,6,0
68.8970,0.779080,59.995112,-0.007600,0.0000,1.0000,8071.7,0.0157,6,0
68.9087,0.779250,59.995118,-0.007598,0.0000,1.0000,8072.8,0.0151,6,0
68.9209,0.779420,59.995124,-0.007596,0.0000,1.0000,8072.0,0.0143,6,0
68.9312,0.779590,59.995130,-0.007594,0.0000,1.0000,8075.2,0.0135,6,0
68.9429,0.779760,59.995136,-0.007592,0.0000,1.0000,8077.1,0.0129,6,0
68.9548,0.779930,59.995142,-0.007590,0.0000,1.0000,8077.4,0.0123,6,0
68.9654,0.780101,59.995148,-0.007588,0.0000,1.0000,8078.9,0.0117,6,0
68.9763,0.780271,59.995154,-0.007586,0.0000,1.0000,8082.8,0.0113,6,0
68.9879,0.780441,59.995160,-0.007584,0.0000,1.0000,8085.3,0.0110,6,0
68.9998,0.780612,59.995166,-0.007582,0.0000,1.0000,8084.0,0.0107,6,0
69.0113,0.780782,59.995172,-0.007580,0.0000,1.0000,8089.2,0.0106,6,0
69.0236,0.780952,59.995178,-0.007578,0.0000,1.0000,8091.2,0.0109,6,0
69.0363,0.781123,59.995184,-0.007576,0.0000,1.0000,8089.9,0.0113,6,0
69.0481,0.781293,59.995190,-0.007574,0.0000,1.0000,8092.8,0.0122,6,0
69.0603,0.781464,59.995196,-0.007572,0.0000,1.0000,8095.7,0.0133,6,0
69.0732,0.781634,59.995202,-0.007570,0.0000,1.0000,8090.6,0.0147,6,0
69.0846,0.781805,59.995208,-0.007568,0.0000,1.0000,8094.1,0.0164,6,0
69.0956,0.781975,59.995214,-0.007566,0.0000,1.0000,8097.3,0.0183,6,0
69.1084,0.782146,59.995220,-0.007564,0.0000,1.0000,8091.8,0.0202,6,0
69.1187,0.782316,59.995226,-0.007561,0.0000,1.0000,8093.7,0.0219,6,0
69.1291,0.782487,59.995232,-0.007559,0.0000,1.0000,8097.1,0.0237,6,0
69.1405,0.782658,59.995238,-0.007557,0.0000,1.0000,8095.3,0.0251,6,0
69.1505,0.782829,59.995244,-0.007555,0.0000,1.0000,8099.5,0.0266,6,0
69.1621,0.782999,59.995250,-0.007553,0.0000,1.0000,8100.7,0.0282,6,0
69.1732,0.783170,59.995256,-0.007551,0.0000,1.0000,8101.0,0.0297,6,0
69.1843,0.783341,59.995262,-0.007549,0.0000,1.0000,8104.1,0.0312,6,0
69.1965,0.783512,59.995268,-0.007546,0.0000,1.0000,8106.6,0.0329,6,0
69.2069,0.783682,59.995274,-0.007544,0.0000,1.0000,8107.9,0.0343,6,0
69.2192,0.783853,59.995280,-0.007542,0.0000,1.0000,8107.6,0.0358,6,0
69.2298,0.784024,59.995286,-0.007540,0.0000,1.0000,8113.1,0.0373,6,0
69.2409,0.784195,59.995292,-0.007538,0.0000,1.0000,8115.9,0.0386,6,0
69.2532,0.784366,59.995299,-0.007535,0.0000,1.0000,8113.6,0.0400,6,0
69.2641,0.784537,59.995305,-0.007533,0.0000,1.0000,8117.4,0.0414,6,0
69.2753,0.784708,59.995311,-0.007531,0.0000,1.0000,8120.0,0.0428,6,0
69.2856,0.784879,59.995317,-0.007529,0.0000,1.0000,8120.3,0.0441,6,0
69.2970,0.785050,59.995323,-0.007526,0.0000,1.0000,8122.9,0.0454,6,0
69.3052,0.785221,59.995330,-0.007524,0.0000,1.0000,8130.1,0.0467,6,0
69.3178,0.785392,59.995336,-0.007522,0.0000,1.0000,8123.4,0.0478,6,0
69.3277,0.785564,59.995342,-0.007520,0.0000,1.0000,8126.0,0.0488,6,0
69.3350,0.785735,59.995348,-0.007517,0.0000,1.0000,8132.9,0.0495,6,0
69.3459,0.785906,59.995354,-0.007515,0.0000,1.0000,8129.4,0.0499,6,0
69.3552,0.786077,59.995360,-0.007513,0.0000,1.0000,8134.8,0.0503,6,0
69.3650,0.786248,59.995366,-0.007510,0.0000,1.0000,8140.5,0.0505,6,0
69.3743,0.786420,59.995373,-0.007508,0.0000,1.0000,8140.5,0.0501,6,0
69.3834,0.786591,59.995379,-0.007505,0.0000,1.0000,8145.2,0.0497,6,0
69.3917,0.786762,59.995385,-0.007503,0.0000,1.0000,8151.1,0.0490,6,0
69.4015,0.786934,59.995391,-0.007501,0.0000,1.0000,8153.8,0.0481,6,0
69.4119,0.787105,59.995397,-0.007498,0.0000,1.0000,8154.8,0.0474,6,0
69.4204,0.787276,59.995403,-0.007496,0.0000,1.0000,8158.4,0.0464,6,0
69.4287,0.787448,59.995409,-0.007493,0.0000,1.0000,8163.8,0.0454,6,0
69.4393,0.787619,59.995415,-0.007491,0.0000,1.0000,8167.3,0.0446,6,0
69.4471,0.787791,59.995421,-0.007488,0.0000,1.0000,8173.5,0.0438,6,0
69.4550,0.787962,59.995427,-0.007486,0.0000,1.0000,8181.1,0.0428,6,0
69.4642,0.788133,59.995434,-0.007483,0.0000,1.0000,8187.3,0.0421,6,0
69.4746,0.788305,59.995440,-0.007480,0.0000,1.0000,8187.4,0.0414,6,0
69.4814,0.788477,59.995446,-0.007478,0.0000,1.0000,8194.7,0.0407,6,0
69.4934,0.788648,59.995452,-0.007475,0.0000,1.0000,8193.4,0.0402,6,0
69.5040,0.788820,59.995458,-0.007473,0.0000,1.0000,8190.8,0.0399,6,0
69.5128,0.788991,59.995464,-0.007470,0.0000,1.0000,8200.3,0.0396,6,0
69.5262,0.789163,59.995470,-0.007467,0.0000,1.0000,8191.8,0.0398,6,0
69.5364,0.789335,59.995476,-0.007465,0.0000,1.0000,8192.7,0.0403,6,0
69.5452,0.789506,59.995482,-0.007462,0.0000,1.0000,8198.3,0.0409,6,0
69.5539,0.789678,59.995488,-0.007459,0.0000,1.0000,8207.1,0.0418,6,0
69.5639,0.789850,59.995494,-0.007456,0.0000,1.0000,8209.9,0.0428,6,0
69.5736,0.790021,59.995501,-0.007453,0.0000,1.0000,8206.7,0.0440,6,0
69.5857,0.790193,59.995507,-0.007451,0.0000,1.0000,8207.5,0.0454,6,0
69.5950,0.790365,59.995513,-0.007448,0.0000,1.0000,8209.8,0.0466,6,0
69.6032,0.790537,59.995519,-0.007445,0.0000,1.0000,8210.9,0.0474,6,0
69.6118,0.790709,59.995525,-0.007442,0.0000,1.0000,8215.2,0.0481,6,0
69.6214,0.790881,59.995531,-0.007439,0.0000,1.0000,8215.2,0.0484,6,0
69.6335,0.791052,59.995537,-0.007436,0.0000,1.0000,8203.9,0.0484,6,0
69.6459,0.791224,59.995543,-0.007433,0.0000,1.0000,8196.8,0.0481,6,0
69.6569,0.791396,59.995549,-0.007430,0.0000,1.0000,8193.8,0.0477,6,0
69.6671,0.791568,59.995556,-0.007427,0.0000,1.0000,8196.6,0.0471,6,0
69.6767,0.791740,59.995562,-0.007424,0.0000,1.0000,8199.3,0.0465,6,0
69.6879,0.791912,59.995568,-0.007421,0.0000,1.0000,8200.4,0.0460,6,0
69.6970,0.792084,59.995574,-0.007418,0.0000,1.0000,8207.0,0.0454,6,0
69.7065,0.792256,59.995580,-0.007415,0.0000,1.0000,8208.3,0.0450,6,0
69.7189,0.792429,59.995586,-0.007413,0.0000,1.0000,8203.7,0.0447,6,0
69.7294,0.792601,59.995592,-0.007409,0.0000,1.0000,8207.8,0.0443,6,0
69.7387,0.792773,59.995598,-0.007406,0.0000,1.0000,8211.6,0.0442,6,0
69.7507,0.792945,59.995604,-0.007403,0.0000,1.0000,8209.1,0.0442,6,0
69.7609,0.793117,59.995610,-0.007400,0.0000,1.0000,8209.7,0.0444,6,0
69.7701,0.793289,59.995617,-0.007397,0.0000,1.0000,8215.0,0.0446,6,0
69.7776,0.793462,59.995623,-0.007393,0.0000,1.0000,8224.7,0.0449,6,0
69.7853,0.793634,59.995629,-0.007390,0.0000,1.0000,8229.3,0.0447,6,0
69.7964,0.793806,59.995635,-0.007387,0.0000,1.0000,8226.3,0.0447,6,0
69.8071,0.793979,59.995641,-0.007384,0.0000,1.0000,8227.5,0.0445,6,0
69.8215,0.794151,59.995647,-0.007381,0.0000,1.0000,8219.3,0.0442,6,0
69.8324,0.794323,59.995653,-0.007377,0.0000,1.0000,8222.5,0.0440,6,0
69.8452,0.794496,59.995659,-0.007374,0.0000,1.0000,8216.8,0.0441,6,0
69.8579,0.794668,59.995664,-0.007371,0.0000,1.0000,8214.0,0.0444,6,0
69.8663,0.794841,59.995670,-0.007367,0.0000,1.0000,8225.3,0.0453,6,0
69.8753,0.795013,59.995676,-0.007364,0.0000,1.0000,8236.3,0.0465,6,0
69.8841,0.795186,59.995682,-0.007360,0.0000,1.0000,8238.8,0.0476,6,0
69.8958,0.795358,59.995688,-0.007357,0.0000,1.0000,8240.0,0.0489,6,0
69.9067,0.795531,59.995693,-0.007354,0.0000,1.0000,8237.6,0.0501,6,0
69.9162,0.795703,59.995699,-0.007350,0.0000,1.0000,8236.4,0.0507,6,0
69.9257,0.795876,59.995705,-0.007347,0.0000,1.0000,8235.6,0.0511,6,0
69.9372,0.796049,59.995711,-0.007343,0.0000,1.0000,8225.4,0.0509,6,0
69.9486,0.796221,59.995717,-0.007340,0.0000,1.0000,8222.5,0.0504,6,0
69.9562,0.796394,59.995723,-0.007336,0.0000,1.0000,8230.5,0.0494,6,0
69.9665,0.796567,59.995729,-0.007333,0.0000,1.0000,8229.9,0.0480,6,0
69.9783,0.796740,59.995736,-0.007329,0.0000,1.0000,8228.3,0.0464,6,0
69.9880,0.796912,59.995742,-0.007325,0.0000,1.0000,8228.8,0.0447,6,0
69.9992,0.797085,59.995748,-0.007322,0.0000,1.0000,8229.6,0.0428,6,0
70.0091,0.797258,59.995754,-0.007318,0.0000,1.0000,8233.3,0.0412,6,0
70.0197,0.797431,59.995760,-0.007315,0.0000,1.0000,8240.5,0.0400,6,0
70.0310,0.797604,59.995766,-0.007311,0.0000,1.0000,8239.2,0.0391,6,0
70.0419,0.797777,59.995772,-0.007307,0.0000,1.0000,8240.4,0.0382,6,0
70.0511,0.797950,59.995778,-0.007304,0.0000,1.0000,8245.7,0.0376,6,0
70.0632,0.798122,59.995784,-0.007300,0.0000,1.0000,8246.2,0.0372,6,0
70.0738,0.798295,59.995790,-0.007296,0.0000,1.0000,8244.8,0.0366,6,0
70.0867,0.798468,59.995796,-0.007292,0.0000,1.0000,8242.1,0.0364,6,0
70.0987,0.798642,59.995803,-0.007288,0.0000,1.0000,8247.0,0.0362,6,0
70.1105,0.798815,59.995809,-0.007285,0.0000,1.0000,8243.9,0.0360,6,0
70.1250,0.798988,59.995815,-0.007281,0.0000,1.0000,8239.4,0.0361,6,0
70.1368,0.799161,59.995821,-0.007277,0.0000,1.0000,8243.2,0.0364,6,0
70.1505,0.799334,59.995827,-0.007273,0.0000,1.0000,8242.3,0.0369,6,0
70.1627,0.799507,59.995833,-0.007269,0.0000,1.0000,8246.5,0.0375,6,0
70.1734,0.799680,59.995839,-0.007265,0.0000,1.0000,8258.7,0.0383,6,0
70.1857,0.799854,59.995845,-0.007261,0.0000,1.0000,8259.6,0.0390,6,0
70.1994,0.800027,59.995851,-0.007258,0.0000,1.0000,8256.1,0.0398,6,0
70.2099,0.800200,59.995857,-0.007254,0.0000,1.0000,8263.9,0.0406,6,0
70.2241,0.800374,59.995864,-0.007250,0.0000,1.0000,8255.4,0.0414,6,0
70.2372,0.800547,59.995870,-0.007246,0.0000,1.0000,8251.1,0.0422,6,0
70.2471,0.800721,59.995876,-0.007242,0.0000,1.0000,8260.4,0.0427,6,0
70.2608,0.800894,59.995882,-0.007238,0.0000,1.0000,8250.5,0.0431,6,0
70.2737,0.801067,59.995888,-0.007234,0.0000,1.0000,8246.9,0.0433,6,0
70.2831,0.801241,59.995894,-0.007230,0.0000,1.0000,8254.6,0.0433,6,0
70.2924,0.801414,59.995899,-0.007226,0.0000,1.0000,8255.1,0.0429,6,0
70.3060,0.801588,59.995905,-0.007221,0.0000,1.0000,8253.0,0.0425,6,0
70.3157,0.801762,59.995911,-0.007217,0.0000,1.0000,8260.1,0.0420,6,0
70.3295,0.801935,59.995916,-0.007213,0.0000,1.0000,8257.2,0.0413,6,0
70.3420,0.802109,59.995922,-0.007209,0.0000,1.0000,8256.8,0.0405,6,0
70.3539,0.802283,59.995928,-0.007205,0.0000,1.0000,8258.7,0.0396,6,0
70.3670,0.802456,59.995934,-0.007201,0.0000,1.0000,8256.1,0.0386,6,0
70.3816,0.802630,59.995939,-0.007197,0.0000,1.0000,8252.2,0.0377,6,0
70.3910,0.802804,59.995945,-0.007193,0.0000,1.0000,8264.4,0.0368,6,0
70.4045,0.802978,59.995951,-0.007189,0.0000,1.0000,8260.4,0.0357,6,0
70.4199,0.803151,59.995957,-0.007184,0.0000,1.0000,8255.4,0.0349,6,0
70.4304,0.803325,59.995963,-0.007180,0.0000,1.0000,8262.5,0.0340,6,0
70.4414,0.803499,59.995969,-0.007176,0.0000,1.0000,8260.7,0.0329,6,0
70.4547,0.803673,59.995976,-0.007172,0.0000,1.0000,8260.7,0.0319,6,0
70.4673,0.803847,59.995982,-0.007167,0.0000,1.0000,8264.0,0.0309,6,0
70.4793,0.804021,59.995988,-0.007163,0.0000,1.0000,8264.1,0.0296,6,0
70.4924,0.804195,59.995994,-0.007159,0.0000,1.0000,8263.8,0.0283,6,0
70.5040,0.804369,59.996000,-0.007154,0.0000,1.0000,8270.1,0.0269,6,0
70.5161,0.804543,59.996006,-0.007150,0.0000,1.0000,8274.2,0.0253,6,0
70.5304,0.804717,59.996012,-0.007146,0.0000,1.0000,8272.9,0.0236,6,0
70.5436,0.804891,59.996018,-0.007141,0.0000,1.0000,8273.5,0.0219,6,0
70.5551,0.805066,59.996024,-0.007137,0.0000,1.0000,8278.8,0.0200,6,0
70.5695,0.805240,59.996030,-0.007133,0.0000,1.0000,8277.1,0.0183,6,0
70.5829,0.805414,59.996037,-0.007128,0.0000,1.0000,8282.5,0.0166,6,0
70.5950,0.805588,59.996043,-0.007124,0.0000,1.0000,8281.8,0.0150,6,0
70.6098,0.805763,59.996049,-0.007119,0.0000,1.0000,8282.5,0.0135,6,0
70.6237,0.805937,59.996055,-0.007115,0.0000,1.0000,8283.3,0.0122,6,0
70.6375,0.806111,59.996061,-0.007111,0.0000,1.0000,8281.7,0.0110,6,0
70.6530,0.806286,59.996067,-0.007106,0.0000,1.0000,8280.3,0.0099,6,0
70.6669,0.806460,59.996073,-0.007102,0.0000,1.0000,8283.3,0.0089,6,0
70.6808,0.806635,59.996078,-0.007097,0.0000,1.0000,8282.1,0.0079,6,0
70.6958,0.806809,59.996084,-0.007093,0.0000,1.0000,8279.0,0.0068,6,0
70.7088,0.806984,59.996090,-0.007088,0.0000,1.0000,8281.0,0.0057,6,0
70.7212,0.807158,59.996095,-0.007084,0.0000,1.0000,8284.8,0.0043,6,0
70.7375,0.807333,59.996101,-0.007079,0.0000,1.0000,8279.0,0.0030,6,0
70.7507,0.807508,59.996107,-0.007075,0.0000,1.0000,8283.8,0.0017,6,0
70.7643,0.807682,59.996113,-0.007070,0.0000,1.0000,8286.4,0.0002,6,0
70.7789,0.807857,59.996118,-0.007066,0.0000,1.0000,8284.6,-0.0012,6,0
70.7921,0.808032,59.996124,-0.007061,0.0000,1.0000,8286.2,-0.0027,6,0
70.8059,0.808207,59.996130,-0.007057,0.0000,1.0000,8290.4,-0.0042,6,0
70.8197,0.808381,59.996136,-0.007052,0.0000,1.0000,8290.4,-0.0058,6,0
70.8334,0.808556,59.996142,-0.007047,0.0000,1.0000,8291.3,-0.0073,6,0
70.8466,0.808731,59.996148,-0.007043,0.0000,1.0000,8295.6,-0.0090,6,0
70.8612,0.808906,59.996155,-0.007038,0.0000,1.0000,8293.9,-0.0107,6,0
70.8740,0.809081,59.996161,-0.007034,0.0000,1.0000,8295.4,-0.0123,6,0
70.8873,0.809256,59.996167,-0.007029,0.0000,1.0000,8299.7,-0.0139,6,0
70.9019,0.809431,59.996173,-0.007025,0.0000,1.0000,8298.7,-0.0155,6,0
70.9160,0.809606,59.996179,-0.007020,0.0000,1.0000,8300.7,-0.0170,6,0
70.9294,0.809781,59.996185,-0.007015,0.0000,1.0000,8307.4,-0.0185,6,0
70.9445,0.809956,59.996191,-0.007011,0.0000,1.0000,8308.2,-0.0200,6,0
70.9593,0.810132,59.996197,-0.007006,0.0000,1.0000,8311.2,-0.0214,6,0
70.9748,0.810307,59.996202,-0.007002,0.0000,1.0000,8314.1,-0.0229,6,0
70.9909,0.810482,59.996208,-0.006997,0.0000,1.0000,8315.2,-0.0246,6,0
71.0068,0.810657,59.996214,-0.006992,0.0000,1.0000,8315.7,-0.0266,6,0
71.0215,0.810833,59.996220,-0.006988,0.0000,1.0000,8315.7,-0.0289,6,0
71.0330,0.811008,59.996226,-0.006983,0.0000,1.0000,8322.0,-0.0312,6,0
71.0454,0.811183,59.996231,-0.006979,0.0000,1.0000,8324.9,-0.0331,6,0
71.0587,0.811359,59.996237,-0.006974,0.0000,1.0000,8323.2,-0.0347,6,0
71.0720,0.811534,59.996243,-0.006970,0.0000,1.0000,8320.1,-0.0355,6,0
71.0842,0.811710,59.996249,-0.006965,0.0000,1.0000,8325.5,-0.0357,6,0
71.0991,0.811885,59.996255,-0.006961,0.0000,1.0000,8322.4,-0.0352,6,0
71.1134,0.812061,59.996261,-0.006956,0.0000,1.0000,8317.7,-0.0343,6,0
71.1260,0.812236,59.996267,-0.006952,0.0000,1.0000,8327.8,-0.0331,6,0
71.1392,0.812412,59.996274,-0.006947,0.0000,1.0000,8326.7,-0.0319,6,0
71.1529,0.812588,59.996280,-0.006942,0.0000,1.0000,8328.0,-0.0305,6,0
71.1654,0.812763,59.996286,-0.006938,0.0000,1.0000,8334.9,-0.0291,6,0
71.1787,0.812939,59.996292,-0.006933,0.0000,1.0000,8334.5,-0.0277,6,0
71.1916,0.813115,59.996298,-0.006929,0.0000,1.0000,8337.3,-0.0263,6,0
71.2036,0.813291,59.996304,-0.006924,0.0000,1.0000,8345.2,-0.0248,6,0
71.2164,0.813466,59.996310,-0.006920,0.0000,1.0000,8345.7,-0.0234,6,0
71.2293,0.813642,59.996316,-0.006916,0.0000,1.0000,8347.3,-0.0219,6,0
71.2420,0.813818,59.996322,-0.006911,0.0000,1.0000,8352.6,-0.0203,6,0
71.2549,0.813994,59.996328,-0.006907,0.0000,1.0000,8354.1,-0.0190,6,0
71.2681,0.814170,59.996335,-0.006902,0.0000,1.0000,8356.4,-0.0177,6,0
71.2807,0.814346,59.996341,-0.006898,0.0000,1.0000,8363.4,-0.0166,6,0
71.2958,0.814522,59.996347,-0.006894,0.0000,1.0000,8358.7,-0.0156,6,0
71.3093,0.814698,59.996353,-0.006889,0.0000,1.0000,8358.4,-0.0147,6,0
71.3211,0.814874,59.996359,-0.006885,0.0000,1.0000,8367.8,-0.0141,6,0
71.3371,0.815050,59.996365,-0.006880,0.0000,1.0000,8363.0,-0.0135,6,0
71.3506,0.815226,59.996370,-0.006876,0.0000,1.0000,8364.1,-0.0134,6,0
71.3638,0.815402,59.996376,-0.006872,0.0000,1.0000,8370.9,-0.0134,6,0
71.3782,0.815579,59.996381,-0.006867,0.0000,1.0000,8369.3,-0.0136,6,0
71.3930,0.815755,59.996387,-0.006863,0.0000,1.0000,8367.7,-0.0141,6,0
71.4069,0.815931,59.996392,-0.006859,0.0000,1.0000,8368.3,-0.0148,6,0
71.4184,0.816107,59.996398,-0.006854,0.0256,0.9738,8363.9,-0.0158,6,0
71.4266,0.816284,59.996403,-0.006850,0.0256,0.9738,8356.9,-0.0167,6,0
71.4329,0.816460,59.996409,-0.006846,0.0350,0.9123,8352.1,-0.0178,6,0
71.4363,0.816636,59.996415,-0.006842,0.0350,0.9123,8347.8,-0.0188,6,0
71.4365,0.816813,59.996420,-0.006837,0.0656,0.8233,8334.3,-0.0197,6,0
71.4304,0.816989,59.996426,-0.006833,0.0656,0.8233,8325.4,-0.0205,6,0
71.4200,0.817165,59.996433,-0.006829,0.0937,0.7018,8306.7,-0.0212,6,0
71.4023,0.817342,59.996439,-0.006825,0.0937,0.7018,8294.9,-0.0216,6,0
71.3785,0.817518,59.996445,-0.006820,0.1271,0.5621,8282.0,-0.0218,6,0
71.3487,0.817694,59.996451,-0.006816,0.1271,0.5621,8263.6,-0.0219,6,0
71.3109,0.817870,59.996458,-0.006812,0.1684,0.4245,8246.8,-0.0217,6,0
71.2659,0.818046,59.996464,-0.006808,0.1684,0.4245,8233.2,-0.0213,6,0
71.2166,0.818222,59.996470,-0.006804,0.2007,0.3129,8216.5,-0.0203,6,0
71.1603,0.818397,59.996477,-0.006799,0.2007,0.3129,8202.1,-0.0195,6,0
71.0979,0.818573,59.996483,-0.006795,0.2442,0.2348,8187.9,-0.0183,6,0
71.0277,0.818748,59.996489,-0.006791,0.2442,0.2348,8175.8,-0.0170,6,0
70.9535,0.818923,59.996495,-0.006787,0.2841,0.1798,8162.2,-0.0159,6,0
70.8731,0.819098,59.996501,-0.006783,0.2841,0.1798,8151.5,-0.0147,6,0
70.7883,0.819273,59.996507,-0.006779,0.3222,0.1433,8137.5,-0.0134,6,0
70.6981,0.819448,59.996513,-0.006775,0.3222,0.1433,8123.0,-0.0124,6,0
70.6013,0.819622,59.996520,-0.006770,0.3699,0.1151,8109.3,-0.0112,6,0
70.5004,0.819796,59.996526,-0.006766,0.3699,0.1151,8099.5,-0.0102,6,0
70.3948,0.819970,59.996532,-0.006762,0.4078,0.0911,8084.2,-0.0093,6,0
70.2846,0.820143,59.996538,-0.006758,0.4078,0.0911,8075.4,-0.0082,6,0
70.1682,0.820317,59.996544,-0.006754,0.4576,0.0670,8060.5,-0.0071,6,0
70.0475,0.820489,59.996550,-0.006750,0.4576,0.0670,8045.5,-0.0064,6,0
69.9222,0.820662,59.996556,-0.006746,0.4962,0.0369,8033.2,-0.0056,6,0
69.7942,0.820834,59.996562,-0.006742,0.4962,0.0369,8017.5,-0.0049,6,0
69.6625,0.821006,59.996568,-0.006738,0.5310,0.0076,7999.1,-0.0044,6,0
69.5258,0.821178,59.996575,-0.006734,0.5310,0.0076,7983.5,-0.0039,6,0
69.3847,0.821349,59.996581,-0.006730,0.5775,0.0000,7964.4,-0.0035,6,0
69.2390,0.821520,59.996587,-0.006726,0.5775,0.0000,7943.6,-0.0034,6,0
69.0913,0.821691,59.996593,-0.006722,0.6051,0.0000,7928.8,-0.0032,6,0
68.9392,0.821861,59.996599,-0.006718,0.6051,0.0000,7907.4,-0.0030,6,0
68.7836,0.822031,59.996605,-0.006714,0.6433,0.0000,7888.3,-0.0032,6,0
68.6241,0.822200,59.996611,-0.006710,0.6433,0.0000,7867.4,-0.0034,6,0
68.4602,0.822369,59.996616,-0.006707,0.6737,0.0000,7847.6,-0.0035,6,0
68.2941,0.822538,59.996622,-0.006703,0.6737,0.0000,7830.2,-0.0039,6,0
68.1259,0.822706,59.996628,-0.006699,0.7062,0.0000,7806.8,-0.0042,6,0
67.9518,0.822874,59.996634,-0.006695,0.7062,0.0000,7786.6,-0.0045,6,0
67.7745,0.823041,59.996639,-0.006691,0.7392,0.0000,7765.0,-0.0050,6,0
67.5958,0.823208,59.996645,-0.006687,0.7392,0.0000,7740.7,-0.0053,6,0
67.4135,0.823374,59.996651,-0.006683,0.7561,0.0000,7724.1,-0.0054,6,0
67.2313,0.823540,59.996656,-0.006680,0.7561,0.0000,7701.6,-0.0056,6,0
67.0464,0.823706,59.996662,-0.006676,0.7842,0.0000,7678.7,-0.0060,6,0
66.8581,0.823871,59.996668,-0.006672,0.7842,0.0000,7658.0,-0.0058,6,0
66.6694,0.824035,59.996674,-0.006668,0.8052,0.0000,7631.9,-0.0060,6,0
66.4779,0.824199,59.996679,-0.006665,0.8052,0.0000,7611.2,-0.0062,6,0
66.2886,0.824363,59.996685,-0.006661,0.8102,0.0000,7585.9,-0.0063,6,0
66.0959,0.824526,59.996691,-0.006657,0.8102,0.0000,7559.8,-0.0062,6,0
65.9008,0.824689,59.996697,-0.006654,0.8308,0.0000,7534.0,-0.0066,6,0
65.7074,0.824851,59.996703,-0.006650,0.8308,0.0000,7503.5,-0.0067,6,0
65.5105,0.825013,59.996708,-0.006646,0.8413,0.0000,7478.1,-0.0069,6,0
65.3142,0.825174,59.996714,-0.006643,0.8413,0.0000,7447.4,-0.0072,6,0
65.1166,0.825335,59.996720,-0.006639,0.8612,0.0000,7416.0,-0.0074,6,0
64.9150,0.825495,59.996725,-0.006635,0.8612,0.0000,7388.1,-0.0075,6,0
64.7145,0.825655,59.996731,-0.006632,0.8750,0.0000,7354.3,-0.0077,6,0
64.5109,0.825814,59.996736,-0.006628,0.8750,0.0000,7325.9,-0.0076,6,0
64.3084,0.825973,59.996741,-0.006625,0.8775,0.0000,7294.1,-0.0074,6,0
64.1040,0.826131,59.996747,-0.006621,0.8775,0.0000,7267.1,-0.0070,6,0
63.8965,0.826289,59.996752,-0.006617,0.8884,0.0000,7242.7,-0.0067,6,0
63.6903,0.826446,59.996757,-0.006614,0.8884,0.0000,7221.2,-0.0060,6,0
63.4827,0.826603,59.996762,-0.006610,0.8842,0.0000,7205.4,-0.0055,6,0
63.2775,0.826759,59.996768,-0.006607,0.8842,0.0000,7185.6,-0.0050,6,0
63.0720,0.826915,59.996773,-0.006603,0.8906,0.0000,7167.1,-0.0045,6,0
62.8667,0.827070,59.996778,-0.006600,0.8906,0.0000,7141.2,-0.0041,6,0
62.6612,0.827225,59.996784,-0.006596,0.8888,0.0000,7121.4,-0.0038,6,0
62.4569,0.827379,59.996789,-0.006593,0.8888,0.0000,7099.1,-0.0037,6,0
62.2560,0.827532,59.996794,-0.006590,0.8869,0.0000,7071.3,-0.0036,6,0
62.0530,0.827686,59.996800,-0.006586,0.8869,0.0000,7048.5,-0.0037,6,0
61.8501,0.827838,59.996805,-0.006583,0.8941,0.0000,7021.6,-0.0041,6,0
61.6480,0.827990,59.996810,-0.006579,0.8941,0.0000,6995.9,-0.0044,6,0
61.4468,0.828142,59.996815,-0.006576,0.8905,0.0000,6963.8,-0.0049,6,0
61.2449,0.828293,59.996821,-0.006572,0.8905,0.0000,6937.4,-0.0055,6,0
61.0426,0.828444,59.996826,-0.006569,0.8996,0.0000,6909.2,-0.0060,6,0
60.8388,0.828594,59.996831,-0.006566,0.8996,0.0000,6883.2,-0.0063,6,0
60.6338,0.828744,59.996837,-0.006562,0.8965,0.0000,6860.5,-0.0066,6,0
60.4307,0.828893,59.996842,-0.006559,0.8965,0.0000,6838.5,-0.0069,6,0
60.2286,0.829042,59.996848,-0.006556,0.8906,0.0000,6819.6,-0.0068,6,0
60.0251,0.829190,59.996853,-0.006553,0.8906,0.0000,6799.2,-0.0065,6,0
59.8221,0.829338,59.996858,-0.006549,0.8934,0.0000,6782.4,-0.0062,6,0
59.6191,0.829485,59.996864,-0.006546,0.8934,0.0000,6760.6,-0.0059,6,0
59.4174,0.829631,59.996869,-0.006543,0.8888,0.0000,6742.1,-0.0052,6,0
59.2168,0.829778,59.996875,-0.006539,0.8888,0.0000,6717.3,-0.0047,6,0
59.0138,0.829923,59.996880,-0.006536,0.8979,0.0000,6699.1,-0.0043,6,0
58.8108,0.830069,59.996885,-0.006533,0.8979,0.0000,6676.4,-0.0037,6,0
58.6056,0.830213,59.996890,-0.006530,0.9018,0.0000,6657.7,-0.0033,6,0
58.4032,0.830357,59.996895,-0.006527,0.9018,0.0000,6635.6,-0.0028,6,0
58.1994,0.830501,59.996900,-0.006523,0.8933,0.0000,6617.8,-0.0026,6,0
57.9985,0.830644,59.996905,-0.006520,0.8933,0.0000,6593.2,-0.0021,6,0
57.7929,0.830787,59.996910,-0.006517,0.9017,0.0000,6574.9,-0.0018,6,0
57.5895,0.830929,59.996915,-0.006514,0.9017,0.0000,6553.2,-0.0016,6,0
57.3854,0.831071,59.996920,-0.006511,0.8969,0.0000,6535.7,-0.0014,6,0
57.1819,0.831212,59.996925,-0.006508,0.8969,0.0000,6514.8,-0.0011,6,0
56.9782,0.831353,59.996930,-0.006505,0.9047,0.0000,6491.0,-0.0008,6,0
56.7732,0.831493,59.996935,-0.006502,0.9047,0.0000,6471.6,-0.0009,6,0
56.5680,0.831632,59.996940,-0.006498,0.9038,0.0000,6451.0,-0.0005,6,0
56.3642,0.831771,59.996945,-0.006495,0.9038,0.0000,6430.8,-0.0003,6,0
56.1614,0.831910,59.996950,-0.006492,0.9010,0.0000,6411.2,-0.0001,6,0
55.9593,0.832048,59.996955,-0.006489,0.9010,0.0000,6388.9,-0.0004,6,0
55.7568,0.832186,59.996960,-0.006486,0.9073,0.0000,6365.1,-0.0005,6,0
55.5546,0.832323,59.996965,-0.006483,0.9073,0.0000,6341.1,-0.0006,6,0
55.3537,0.832460,59.996970,-0.006480,0.9063,0.0000,6317.5,-0.0010,6,0
55.1521,0.832596,59.996975,-0.006477,0.9063,0.0000,6292.7,-0.0015,6,0
54.9516,0.832732,59.996980,-0.006474,0.9186,0.0000,6264.0,-0.0017,6,0
54.7479,0.832867,59.996985,-0.006471,0.9186,0.0000,6235.0,-0.0021,6,0
54.5460,0.833001,59.996989,-0.006468,0.9182,0.0000,6205.5,-0.0024,6,0
54.3438,0.833135,59.996994,-0.006466,0.9182,0.0000,6174.8,-0.0028,6,0
54.1427,0.833269,59.996998,-0.006463,0.9162,0.0000,6146.5,-0.0029,6,0
53.9399,0.833402,59.997003,-0.006460,0.9162,0.0000,6412.2,-0.0030,6,0
53.7367,0.833535,59.997007,-0.006457,0.9245,0.8204,6953.9,-0.0030,6,0
53.5317,0.833667,59.997011,-0.006454,0.9245,0.8204,6926.0,-0.0033,6,0
53.3297,0.833799,59.997016,-0.006451,0.9242,0.0575,6901.9,-0.0030,6,0
53.1247,0.833930,59.997020,-0.006448,0.9242,0.0575,6869.5,-0.0031,5,0
52.9220,0.834061,59.997025,-0.006445,0.9286,0.0000,6838.4,-0.0031,5,0
52.7164,0.834191,59.997029,-0.006442,0.9286,0.0000,6812.2,-0.0032,5,0
52.5122,0.834320,59.997033,-0.006440,0.9269,0.0000,6787.0,-0.0027,5,0
52.3087,0.834449,59.997037,-0.006437,0.9269,0.0000,6758.7,-0.0029,5,0
52.1058,0.834578,59.997041,-0.006434,0.9273,0.0000,6733.0,-0.0028,5,0
51.9024,0.834706,59.997045,-0.006431,0.9273,0.0000,6701.5,-0.0028,5,0
51.6998,0.834834,59.997050,-0.006428,0.9263,0.0000,6674.8,-0.0027,5,0
51.4968,0.834961,59.997054,-0.006426,0.9263,0.0000,6643.9,-0.0027,5,0
51.2954,0.835088,59.997058,-0.006423,0.9231,0.0000,6613.7,-0.0024,5,0
51.0936,0.835214,59.997062,-0.006420,0.9231,0.0000,6583.1,-0.0026,5,0
50.8919,0.835339,59.997066,-0.006417,0.9228,0.0000,6556.1,-0.0024,5,0
50.6889,0.835464,59.997071,-0.006414,0.9228,0.0000,6527.8,-0.0023,5,0
50.4871,0.835589,59.997075,-0.006412,0.9235,0.0000,6498.5,-0.0020,5,0
50.2840,0.835713,59.997080,-0.006409,0.9235,0.0000,6475.8,-0.0018,5,0
50.0824,0.835837,59.997084,-0.006406,0.9217,0.0000,6449.1,-0.0016,5,0
49.8794,0.835960,59.997089,-0.006404,0.9217,0.0000,6426.1,-0.0016,5,0
49.6791,0.836083,59.997094,-0.006401,0.9165,0.0000,6397.8,-0.0013,5,0
49.4787,0.836205,59.997098,-0.006398,0.9165,0.0000,6374.5,-0.0011,5,0
49.2776,0.836326,59.997103,-0.006396,0.9131,0.0000,6346.6,-0.0009,5,0
49.0791,0.836448,59.997107,-0.006393,0.9131,0.0000,6321.1,-0.0006,5,0
48.8787,0.836568,59.997112,-0.006390,0.9052,0.0000,6298.8,-0.0004,5,0
48.6813,0.836688,59.997116,-0.006388,0.9052,0.0000,6272.7,-0.0002,5,0
48.4826,0.836808,59.997120,-0.006385,0.8996,0.0000,6248.5,-0.0001,5,0
48.2866,0.836927,59.997125,-0.006383,0.8996,0.0000,6223.8,0.0002,5,0
48.0886,0.837046,59.997129,-0.006380,0.8956,0.0000,6200.5,0.0004,5,0
47.8943,0.837164,59.997133,-0.006377,0.8956,0.0000,6173.6,0.0007,5,0
47.7003,0.837282,59.997137,-0.006375,0.8829,0.0000,6152.2,0.0008,5,0
47.5075,0.837399,59.997141,-0.006372,0.8829,0.0000,6125.9,0.0013,5,0
47.3166,0.837516,59.997146,-0.006370,0.8763,0.0000,6101.0,0.0015,5,0
47.1254,0.837632,59.997150,-0.006367,0.8763,0.0000,6077.3,0.0019,5,0
46.9370,0.837748,59.997154,-0.006365,0.8671,0.0000,6052.6,0.0024,5,0
46.7480,0.837864,59.997158,-0.006362,0.8671,0.0000,6029.6,0.0027,5,0
46.5628,0.837979,59.997162,-0.006360,0.8623,0.0000,5998.9,0.0036,5,0
46.3764,0.838093,59.997165,-0.006357,0.8623,0.0000,5974.3,0.0043,5,0
46.1920,0.838207,59.997169,-0.006355,0.8551,0.0000,5945.2,0.0054,5,0
46.0100,0.838321,59.997173,-0.006352,0.8551,0.0000,5917.3,0.0064,5,0
45.8271,0.838434,59.997177,-0.006350,0.8459,0.9394,6478.0,0.0077,5,0
45.6479,0.838547,59.997181,-0.006347,0.8459,0.9394,6813.6,0.0091,5,0
45.4673,0.838659,59.997184,-0.006345,0.8422,0.0000,6773.7,0.0106,5,0
45.2892,0.838771,59.997188,-0.006342,0.8422,0.0000,6733.9,0.0124,5,0
45.1136,0.838882,59.997192,-0.006340,0.8381,0.0000,6694.2,0.0141,5,0
44.9394,0.838993,59.997196,-0.006337,0.8381,0.0000,6671.3,0.0161,4,0
44.7639,0.839103,59.997200,-0.006335,0.8378,0.0000,6673.7,0.0178,4,0
44.5867,0.839213,59.997203,-0.006333,0.8378,0.0000,6634.2,0.0196,4,0
44.4103,0.839323,59.997207,-0.006330,0.8385,0.0000,6587.7,0.0212,4,0
44.2334,0.839432,59.997211,-0.006328,0.8385,0.0000,6531.6,0.0224,4,0
44.0570,0.839541,59.997215,-0.006326,0.8454,0.0000,6507.4,0.0235,4,0
43.8776,0.839649,59.997219,-0.006323,0.8454,0.0000,6486.1,0.0238,4,0
43.6985,0.839757,59.997222,-0.006321,0.8403,0.0000,6442.1,0.0240,4,0
43.5192,0.839865,59.997226,-0.006318,0.8403,0.0000,6410.3,0.0237,4,0
43.3382,0.839972,59.997230,-0.006316,0.8489,0.0000,6448.2,0.0230,4,0
43.1561,0.840078,59.997234,-0.006314,0.8489,0.0000,6450.1,0.0221,4,0
42.9761,0.840184,59.997238,-0.006311,0.8480,0.0000,6410.4,0.0206,4,0
42.7952,0.840290,59.997242,-0.006309,0.8480,0.0000,6366.9,0.0193,4,0
42.6151,0.840395,59.997246,-0.006307,0.8459,0.0000,6327.3,0.0177,4,0
42.4332,0.840500,59.997250,-0.006304,0.8459,0.0000,6323.7,0.0162,4,0
42.2500,0.840604,59.997254,-0.006302,0.8470,0.0000,6318.9,0.0146,4,0
42.0680,0.840708,59.997258,-0.006300,0.8470,0.0000,6292.1,0.0129,4,0
41.8864,0.840811,59.997262,-0.006297,0.8451,0.0000,6255.8,0.0116,4,0
41.7073,0.840914,59.997266,-0.006295,0.8451,0.0000,6218.0,0.0102,4,0
41.5272,0.841017,59.997270,-0.006293,0.8505,0.0000,6175.5,0.0091,4,0
41.3485,0.841119,59.997273,-0.006290,0.8505,0.0000,6168.5,0.0082,4,0
41.1694,0.841221,59.997277,-0.006288,0.8468,0.0000,6166.5,0.0072,4,0
40.9935,0.841322,59.997280,-0.006286,0.8468,0.0000,6127.6,0.0066,4,0
40.8194,0.841423,59.997283,-0.006284,0.8474,0.0000,6089.5,0.0062,4,0
40.6444,0.841523,59.997287,-0.006281,0.8474,0.0000,6049.3,0.0058,4,0
40.4677,0.841623,59.997290,-0.006279,0.8405,0.0000,6002.6,0.0066,4,0
40.2913,0.841722,59.997293,-0.006277,0.8405,0.0000,6003.0,0.0072,4,0
40.1114,0.841821,59.997296,-0.006275,0.8327,0.0000,5975.6,0.0071,4,0
39.9333,0.841920,59.997300,-0.006272,0.8327,0.0000,5935.9,0.0074,4,0
39.7577,0.842018,59.997303,-0.006270,0.8376,0.0000,5882.7,0.0073,4,0
39.5806,0.842116,59.997306,-0.006268,0.8376,0.0000,5864.8,0.0071,4,0
39.4032,0.842213,59.997310,-0.006266,0.8301,0.0000,5849.5,0.0067,4,0
39.2233,0.842310,59.997313,-0.006263,0.8301,0.0000,5827.8,0.0062,4,0
39.0419,0.842406,59.997317,-0.006261,0.8265,0.0000,5802.7,0.0058,4,0
38.8651,0.842502,59.997320,-0.006259,0.8265,0.0000,5769.9,0.0051,4,0
38.6865,0.842598,59.997323,-0.006257,0.8200,0.0000,5747.4,0.0046,4,0
38.5073,0.842693,59.997327,-0.006254,0.8200,0.0000,5766.7,0.0041,4,0
38.3347,0.842787,59.997330,-0.006252,0.8066,0.0000,5742.0,0.0037,4,0
38.1628,0.842882,59.997334,-0.006250,0.8066,0.0000,5717.5,0.0032,4,0
37.9876,0.842975,59.997337,-0.006248,0.8083,0.0000,5684.8,0.0027,4,0
37.8123,0.843069,59.997340,-0.006246,0.8083,0.0000,5659.1,0.0027,4,0
37.6360,0.843162,59.997343,-0.006244,0.8001,0.0000,5640.7,0.0024,4,0
37.4667,0.843254,59.997346,-0.006241,0.8001,0.0000,5614.6,0.0012,4,0
37.3010,0.843346,59.997349,-0.006239,0.7919,0.0000,5588.8,0.0018,4,0
37.1335,0.843438,59.997352,-0.006237,0.7919,0.0000,5564.9,0.0017,4,0
36.9814,0.843529,59.997356,-0.006235,0.7877,0.0000,5532.1,0.0014,4,0
36.8302,0.843620,59.997359,-0.006233,0.7877,0.0000,5503.4,0.0005,4,0
36.6714,0.843711,59.997362,-0.006231,0.7801,0.8598,5628.4,0.0021,4,0
36.5045,0.843801,59.997365,-0.006229,0.7801,0.8598,6187.4,0.0022,4,0
36.3372,0.843890,59.997368,-0.006226,0.7781,0.0717,6513.2,0.0014,4,0
36.1714,0.843980,59.997371,-0.006224,0.7781,0.0717,6481.6,0.0033,4,0
36.0075,0.844069,59.997374,-0.006222,0.7737,0.0000,6443.0,0.0039,4,0
35.8564,0.844157,59.997378,-0.006220,0.7737,0.0000,6404.4,0.0047,4,0
35.6977,0.844245,59.997381,-0.006218,0.7649,0.0000,6421.8,0.0058,3,0
35.5398,0.844333,59.997384,-0.006216,0.7649,0.0000,6382.8,0.0069,3,0
35.3736,0.844420,59.997387,-0.006214,0.7580,0.0000,6360.5,0.0078,3,0
35.2107,0.844507,59.997390,-0.006212,0.7580,0.0000,6315.2,0.0085,3,0
35.0496,0.844594,59.997394,-0.006210,0.7494,0.0000,6271.9,0.0094,3,0
34.8890,0.844680,59.997397,-0.006208,0.7494,0.0000,6232.6,0.0099,3,0
34.7255,0.844766,59.997400,-0.006206,0.7487,0.0000,6198.3,0.0106,3,0
34.5624,0.844851,59.997403,-0.006204,0.7487,0.0000,6172.0,0.0111,3,0
34.4053,0.844936,59.997406,-0.006202,0.7436,0.0000,6148.1,0.0113,3,0
34.2410,0.845020,59.997409,-0.006200,0.7436,0.0000,6132.0,0.0100,3,0
34.0753,0.845104,59.997412,-0.006198,0.7319,0.0000,6112.9,0.0095,3,0
33.9155,0.845188,59.997415,-0.006196,0.7319,0.0000,6084.6,0.0083,3,0
33.7490,0.845271,59.997418,-0.006194,0.7276,0.0000,6062.2,0.0067,3,0
33.5894,0.845354,59.997421,-0.006192,0.7276,0.0000,6037.9,0.0053,3,0
33.4328,0.845437,59.997424,-0.006190,0.7162,0.0000,6007.8,0.0035,3,0
33.2814,0.845519,59.997427,-0.006188,0.7162,0.0000,5961.4,0.0017,3,0
33.1270,0.845601,59.997430,-0.006186,0.6968,0.0000,5934.7,-0.0001,3,0
32.9726,0.845682,59.997433,-0.006184,0.6968,0.0000,5926.5,-0.0011,3,0
32.8233,0.845763,59.997435,-0.006182,0.6826,0.0000,5901.8,-0.0023,3,0
32.6718,0.845844,59.997438,-0.006180,0.6826,0.0000,5884.2,-0.0033,3,0
32.5246,0.845924,59.997440,-0.006178,0.6544,0.0000,5870.6,-0.0042,3,0
32.3823,0.846004,59.997443,-0.006176,0.6544,0.0000,5843.4,-0.0039,3,0
32.2465,0.846084,59.997446,-0.006174,0.6367,0.0000,5816.0,-0.0043,3,0
32.1017,0.846163,59.997448,-0.006172,0.6367,0.0000,5797.3,-0.0046,3,0
31.9642,0.846242,59.997451,-0.006170,0.6209,0.0000,5765.7,-0.0043,3,0
31.8292,0.846321,59.997453,-0.006169,0.6209,0.0000,5735.3,-0.0028,3,0
31.7028,0.846399,59.997456,-0.006167,0.6004,0.0000,5702.9,-0.0025,3,0
31.5620,0.846477,59.997459,-0.006165,0.6004,0.0000,5685.5,-0.0020,3,0
31.4305,0.846554,59.997461,-0.006163,0.5835,0.0000,5663.7,-0.0014,3,0
31.3006,0.846632,59.997464,-0.006161,0.5835,0.0000,5643.0,-0.0013,3,0
31.1857,0.846709,59.997466,-0.006159,0.5616,0.0000,5596.5,-0.0012,3,0
31.0514,0.846785,59.997469,-0.006157,0.5616,0.0000,5585.9,-0.0017,3,0
30.9256,0.846862,59.997472,-0.006156,0.5501,0.0000,5579.1,-0.0023,3,0
30.8039,0.846938,59.997474,-0.006154,0.5501,0.0000,5557.3,-0.0030,3,0
30.6959,0.847013,59.997477,-0.006152,0.5299,0.0000,5515.7,-0.0042,3,0
30.5633,0.847089,59.997479,-0.006150,0.5299,0.0000,5522.4,-0.0056,3,0
30.4460,0.847164,59.997482,-0.006148,0.5049,0.0000,5518.4,-0.0069,3,0
30.3325,0.847239,59.997485,-0.006146,0.5049,0.0000,5495.6,-0.0081,3,0
30.2328,0.847313,59.997488,-0.006145,0.4876,0.0000,5461.7,-0.0096,3,0
30.1076,0.847388,59.997490,-0.006143,0.4876,0.0000,5464.4,-0.0117,3,0
30.0007,0.847462,59.997493,-0.006141,0.4583,0.0000,5452.6,-0.0125,3,0
29.8993,0.847536,59.997496,-0.006139,0.4583,0.0000,5428.7,-0.0138,3,0
29.8117,0.847609,59.997499,-0.006137,0.4378,0.0000,5402.4,-0.0151,3,0
29.7004,0.847683,59.997502,-0.006136,0.4378,0.0000,5392.9,-0.0169,3,0
29.5997,0.847756,59.997504,-0.006134,0.4138,0.0000,5392.7,-0.0177,3,0
29.5071,0.847828,59.997507,-0.006132,0.4138,0.0000,5365.6,-0.0183,3,0
29.4305,0.847901,59.997510,-0.006130,0.3956,0.8687,5923.2,-0.0196,3,0
29.3265,0.847974,59.997512,-0.006129,0.3956,0.8687,6483.9,-0.0213,3,0
29.2393,0.848046,59.997514,-0.006127,0.3832,0.0000,6582.1,-0.0218,3,0
29.1530,0.848118,59.997516,-0.006125,0.3832,0.0000,6556.1,-0.0228,3,0
29.0792,0.848189,59.997518,-0.006124,0.3706,0.0000,6517.3,-0.0234,2,0
28.9905,0.848261,59.997520,-0.006122,0.3706,0.0000,6469.5,-0.0243,2,0
28.8928,0.848332,59.997522,-0.006120,0.3596,0.0000,6495.5,-0.0249,2,0
28.8083,0.848403,59.997524,-0.006118,0.3596,0.0000,6474.5,-0.0253,2,0
28.7363,0.848474,59.997526,-0.006117,0.3363,0.0000,6444.7,-0.0259,2,0
28.6572,0.848545,59.997528,-0.006115,0.3363,0.0000,6409.0,-0.0266,2,0
28.5669,0.848616,59.997530,-0.006113,0.3218,0.0000,6428.6,-0.0270,2,0
28.4890,0.848686,59.997533,-0.006112,0.3218,0.0000,6410.3,-0.0271,2,0
28.4219,0.848756,59.997536,-0.006110,0.3030,0.0000,6387.0,-0.0276,2,0
28.3532,0.848826,59.997539,-0.006108,0.3030,0.0000,6343.3,-0.0278,2,0
28.2677,0.848896,59.997542,-0.006107,0.2881,0.0000,6365.4,-0.0286,2,0
28.1922,0.848966,59.997545,-0.006105,0.2881,0.0000,6360.0,-0.0285,2,0
28.1291,0.849035,59.997548,-0.006104,0.2713,0.0000,6331.3,-0.0292,2,0
28.0746,0.849104,59.997551,-0.006102,0.2713,0.0000,6297.7,-0.0294,2,0
27.9972,0.849173,59.997554,-0.006100,0.2630,0.0000,6300.7,-0.0304,2,0
27.9235,0.849242,59.997557,-0.006099,0.2630,0.0000,6309.8,-0.0304,2,0
27.8638,0.849311,59.997560,-0.006097,0.2497,0.0000,6279.1,-0.0312,2,0
27.8144,0.849380,59.997562,-0.006095,0.2497,0.0000,6250.4,-0.0316,2,0
27.7478,0.849448,59.997564,-0.006094,0.2283,0.0000,6245.0,-0.0330,2,0
27.6778,0.849517,59.997566,-0.006092,0.2283,0.0000,6267.5,-0.0336,2,0
27.6226,0.849585,59.997568,-0.006091,0.2114,0.0000,6241.2,-0.0348,2,0
27.5765,0.849653,59.997570,-0.006089,0.2114,0.0000,6223.8,-0.0362,2,0
27.5304,0.849721,59.997572,-0.006088,0.1897,0.0000,6191.1,-0.0378,2,0
27.4674,0.849789,59.997574,-0.006086,0.1897,0.0000,6212.7,-0.0402,2,0
27.4162,0.849856,59.997576,-0.006085,0.1721,0.0000,6205.6,-0.0415,2,0
27.3732,0.849924,59.997578,-0.006083,0.1721,0.0000,6186.3,-0.0438,2,0
27.3415,0.849991,59.997580,-0.006082,0.1571,0.0000,6158.7,-0.0456,2,0
27.2902,0.850059,59.997582,-0.006080,0.1571,0.0000,6152.6,-0.0485,2,0
27.2394,0.850126,59.997585,-0.006079,0.1377,0.0000,6167.8,-0.0505,2,0
27.2014,0.850193,59.997587,-0.006077,0.1377,0.0000,6149.8,-0.0528,2,0
27.1706,0.850260,59.997590,-0.006076,0.1320,0.0000,6133.6,-0.0548,2,0
27.1371,0.850327,59.997592,-0.006074,0.1320,0.0000,6109.5,-0.0569,2,0
27.0873,0.850394,59.997594,-0.006073,0.1224,0.0000,6127.6,-0.0598,2,0
27.0477,0.850461,59.997597,-0.006071,0.1224,0.0000,6122.0,-0.0611,2,0
27.0158,0.850528,59.997599,-0.006070,0.1115,0.0000,6107.9,-0.0632,2,0
26.9926,0.850594,59.997602,-0.006068,0.1115,0.0000,6075.2,-0.0646,2,0
26.9511,0.850661,59.997604,-0.006067,0.0965,0.0000,6083.5,-0.0665,2,0
26.9113,0.850727,59.997606,-0.006065,0.0965,0.0000,6099.2,-0.0676,2,0
26.8837,0.850794,59.997609,-0.006064,0.0778,0.0000,6082.5,-0.0688,2,0
26.8624,0.850860,59.997611,-0.006063,0.0778,0.0000,6074.6,-0.0692,2,0
26.8419,0.850926,59.997613,-0.006061,0.0641,0.0000,6045.9,-0.0701,2,0
26.8068,0.850992,59.997616,-0.006060,0.0641,0.0000,6064.4,-0.0709,2,0
26.7773,0.851058,59.997618,-0.006058,0.0551,0.0000,6071.6,-0.0713,2,0
26.7576,0.851124,59.997620,-0.006057,0.0551,0.0000,6060.2,-0.0718,2,0
26.7455,0.851190,59.997622,-0.006056,0.0458,0.0000,6038.3,-0.0719,2,0
26.7180,0.851256,59.997625,-0.006054,0.0458,0.0000,6040.3,-0.0727,2,0
26.6896,0.851322,59.997627,-0.006053,0.0410,0.0000,6053.4,-0.0730,2,0
26.6706,0.851388,59.997629,-0.006052,0.0410,0.0000,6044.5,-0.0734,2,0
26.6594,0.851454,59.997632,-0.006050,0.0290,0.0000,6032.4,-0.0736,2,0
26.6423,0.851520,59.997634,-0.006049,0.0290,0.0000,6019.4,-0.0740,2,0
26.6152,0.851585,59.997636,-0.006048,0.0248,0.0000,6036.6,-0.0746,2,0
26.5949,0.851651,59.997639,-0.006046,0.0248,0.0000,6039.5,-0.0751,2,0
26.5818,0.851717,59.997641,-0.006045,0.0174,0.0000,6027.0,-0.0758,2,0
26.5752,0.851782,59.997643,-0.006044,0.0174,0.0000,6005.7,-0.0765,2,0
26.5544,0.851848,59.997645,-0.006043,0.0121,0.0000,6014.5,-0.0781,2,0
26.5334,0.851913,59.997648,-0.006041,0.0121,0.0000,6026.7,-0.0797,2,0
26.5207,0.851979,59.997650,-0.006040,0.0097,0.0000,6015.5,-0.0817,2,0
26.5094,0.852044,59.997652,-0.006039,0.0097,0.0000,6012.7,-0.0840,2,0
26.5016,0.852110,59.997655,-0.006038,0.0023,0.0000,5993.3,-0.0867,2,0
26.4801,0.852175,59.997657,-0.006036,0.0023,0.0000,6011.7,-0.0900,2,0
26.4655,0.852240,59.997659,-0.006035,0.0015,0.0000,6012.4,-0.0932,2,0
26.4558,0.852306,59.997661,-0.006034,0.0015,0.0000,5996.2,-0.0964,2,0
26.4476,0.852371,59.997664,-0.006033,0.0002,0.0000,5988.4,-0.0993,2,0
26.4319,0.852436,59.997666,-0.006032,0.0002,0.0000,5986.6,-0.1026,2,0
26.4130,0.852501,59.997668,-0.006030,0.0000,0.0000,6000.8,-0.1058,2,0
26.4017,0.852567,59.997671,-0.006029,0.0000,0.0000,5989.7,-0.1087,2,0
26.3897,0.852632,59.997673,-0.006028,0.0012,0.0000,5985.0,-0.1113,2,0
26.3806,0.852697,59.997675,-0.006027,0.0012,0.0000,5971.4,-0.1135,2,0
26.3612,0.852762,59.997678,-0.006026,0.0000,0.0000,5983.6,-0.1157,2,0
26.3467,0.852827,59.997680,-0.006025,0.0000,0.0000,5983.9,-0.1170,2,0
26.3359,0.852892,59.997682,-0.006024,0.0000,0.0000,5969.7,-0.1179,2,0
26.3229,0.852957,59.997684,-0.006023,0.0000,0.0000,5971.3,-0.1183,2,0
26.3091,0.853022,59.997687,-0.006022,0.0000,0.0000,5962.9,-0.1185,2,0
26.2908,0.853087,59.997689,-0.006021,0.0000,0.0000,5977.5,-0.1185,2,0
26.2790,0.853152,59.997691,-0.006020,0.0000,0.0000,5966.3,-0.1182,2,0
26.2657,0.853217,59.997694,-0.006019,0.0000,0.0000,5965.5,-0.1175,2,0
26.2535,0.853281,59.997696,-0.006017,0.0005,0.0000,5958.3,-0.1167,2,0
26.2375,0.853346,59.997698,-0.006017,0.0005,0.0000,5961.2,-0.1157,2,0
26.2233,0.853411,59.997701,-0.006016,0.0000,0.0000,5958.5,-0.1145,2,0
26.2110,0.853476,59.997703,-0.006015,0.0000,0.0000,5949.7,-0.1133,2,0
26.1961,0.853540,59.997706,-0.006014,0.0000,0.0000,5951.5,-0.1122,2,0
26.1826,0.853605,59.997708,-0.006013,0.0000,0.0000,5945.9,-0.1114,2,0
26.1661,0.853669,59.997710,-0.006012,0.0000,0.0000,5952.4,-0.1109,2,0
26.1531,0.853734,59.997713,-0.006011,0.0000,0.0000,5945.8,-0.1107,2,0
26.1393,0.853799,59.997715,-0.006010,0.0000,0.0000,5942.9,-0.1108,2,0
26.1263,0.853863,59.997718,-0.006009,0.0000,0.0000,5937.1,-0.1114,2,0
26.1118,0.853928,59.997720,-0.006008,0.0000,0.0000,5934.3,-0.1123,2,0
26.0977,0.853992,59.997722,-0.006008,0.0000,0.0000,5931.1,-0.1135,2,0
26.0833,0.854056,59.997724,-0.006007,0.0000,0.0000,5929.2,-0.1151,2,0
26.0695,0.854121,59.997726,-0.006006,0.0000,0.0000,5925.5,-0.1171,2,0
26.0550,0.854185,59.997728,-0.006005,0.0000,0.0000,5924.4,-0.1194,2,0
26.0405,0.854249,59.997730,-0.006005,0.0000,0.0000,5923.2,-0.1221,2,0
26.0265,0.854314,59.997732,-0.006004,0.0000,0.0000,5919.8,-0.1250,2,0
26.0131,0.854378,59.997734,-0.006003,0.0000,0.0000,5912.8,-0.1281,2,0
25.9997,0.854442,59.997736,-0.006002,0.0000,0.0000,5905.8,-0.1313,2,0
25.9856,0.854506,59.997738,-0.006002,0.0000,0.0000,5901.5,-0.1345,2,0
25.9710,0.854570,59.997740,-0.006001,0.0000,0.0000,5898.4,-0.1380,2,0
25.9570,0.854634,59.997743,-0.006000,0.0000,0.0000,5894.1,-0.1415,2,0
25.9431,0.854698,59.997745,-0.006000,0.0000,0.0000,5889.9,-0.1451,2,0
25.9291,0.854762,59.997748,-0.005999,0.0000,0.0000,5886.8,-0.1488,2,0
25.9146,0.854826,59.997750,-0.005999,0.0000,0.0000,5884.0,-0.1524,2,0
25.9009,0.854890,59.997753,-0.005998,0.0000,0.0000,5878.8,-0.1558,2,0
25.8877,0.854954,59.997755,-0.005997,0.0000,0.0000,5869.8,-0.1590,2,0
25.8735,0.855018,59.997757,-0.005997,0.0000,0.0000,5864.8,-0.1619,2,0
25.8590,0.855082,59.997760,-0.005996,0.0000,0.0000,5860.9,-0.1646,2,0
25.8452,0.855146,59.997763,-0.005996,0.0000,0.0000,5856.6,-0.1671,2,0
25.8308,0.855209,59.997765,-0.005995,0.0000,0.0000,5852.7,-0.1693,2,0
25.8164,0.855273,59.997767,-0.005995,0.0000,0.0000,5849.8,-0.1711,2,0
25.8018,0.855337,59.997769,-0.005994,0.0000,0.0000,5848.3,-0.1725,2,0
25.7877,0.855401,59.997772,-0.005994,0.0000,0.0000,5844.4,-0.1735,2,0
25.7741,0.855464,59.997774,-0.005993,0.0000,0.0000,5838.1,-0.1740,2,0
25.7600,0.855528,59.997776,-0.005993,0.0000,0.0000,5832.7,-0.1744,2,0
25.7455,0.855591,59.997778,-0.005993,0.0000,0.0000,5829.1,-0.1739,2,0
25.7309,0.855655,59.997780,-0.005992,0.0000,0.0000,5827.0,-0.1735,2,0
25.7168,0.855718,59.997783,-0.005992,0.0000,0.0000,5824.2,-0.1726,2,0
25.7027,0.855782,59.997785,-0.005991,0.0000,0.0000,5821.8,-0.1716,2,0
25.6873,0.855845,59.997787,-0.005991,0.0000,0.0000,5823.7,-0.1702,2,0
25.6732,0.855909,59.997789,-0.005991,0.0000,0.0000,5822.1,-0.1688,2,0
25.6601,0.855972,59.997792,-0.005990,0.0000,0.0000,5816.4,-0.1672,2,0
25.6469,0.856035,59.997794,-0.005990,0.0000,0.0000,5811.0,-0.1655,2,0
25.6317,0.856098,59.997796,-0.005990,0.0000,0.0000,5809.5,-0.1637,2,0
25.6172,0.856162,59.997799,-0.005990,0.0000,0.0000,5807.8,-0.1620,2,0
25.6042,0.856225,59.997801,-0.005989,0.0000,0.0000,5803.9,-0.1604,2,0
25.5896,0.856288,59.997803,-0.005989,0.0000,0.0000,5801.8,-0.1588,2,0
25.5747,0.856351,59.997805,-0.005989,0.0000,0.0000,5803.3,-0.1572,2,0
25.5603,0.856414,59.997808,-0.005989,0.0000,0.0000,5803.4,-0.1557,2,0
25.5463,0.856477,59.997810,-0.005988,0.0000,0.0000,5802.1,-0.1542,2,0
25.5327,0.856540,59.997812,-0.005988,0.0000,0.0000,5795.3,-0.1528,2,0
25.5188,0.856603,59.997815,-0.005988,0.0000,0.0000,5789.6,-0.1515,2,0
25.5042,0.856666,59.997817,-0.005988,0.0000,0.0000,5791.8,-0.1507,2,0
25.4912,0.856729,59.997819,-0.005988,0.0000,0.0000,5785.3,-0.1504,2,0
25.4774,0.856792,59.997822,-0.005988,0.0000,0.0000,5783.5,-0.1502,2,0
25.4632,0.856855,59.997824,-0.005988,0.0000,0.0000,5781.7,-0.1503,2,0
25.4481,0.856918,59.997826,-0.005988,0.0000,0.0000,5785.9,-0.1506,2,0
25.4344,0.856981,59.997828,-0.005988,0.0000,0.0000,5783.7,-0.1509,2,0
25.4208,0.857043,59.997831,-0.005988,0.0000,0.0000,5778.8,-0.1512,2,0
25.4084,0.857106,59.997833,-0.005988,0.0000,0.0000,5768.7,-0.1517,2,0
25.3944,0.857169,59.997835,-0.005988,0.0000,0.0000,5768.7,-0.1522,2,0
25.3808,0.857231,59.997838,-0.005988,0.0000,0.0000,5768.2,-0.1529,2,0
25.3685,0.857294,59.997840,-0.005988,0.0000,0.0000,5761.3,-0.1535,2,0
25.3554,0.857357,59.997842,-0.005989,0.0000,0.0000,5757.8,-0.1540,2,0
25.3416,0.857419,59.997844,-0.005989,0.0000,0.0000,5757.7,-0.1543,2,0
25.3285,0.857482,59.997847,-0.005989,0.0000,0.0000,5758.3,-0.1546,2,0
25.3158,0.857544,59.997849,-0.005989,0.0000,0.0000,5752.5,-0.1547,2,0
25.3034,0.857607,59.997851,-0.005989,0.0000,0.0000,5744.5,-0.1548,2,0
25.2914,0.857669,59.997854,-0.005989,0.0000,0.0000,5737.6,-0.1549,2,0
25.2787,0.857732,59.997856,-0.005990,0.0000,0.0000,5733.9,-0.1551,2,0
25.2670,0.857794,59.997858,-0.005990,0.0000,0.0000,5729.7,-0.1555,2,0
25.2547,0.857856,59.997861,-0.005990,0.0000,0.0000,5725.5,-0.1560,2,0
25.2422,0.857919,59.997863,-0.005991,0.0000,0.0000,5722.4,-0.1566,2,0
25.2294,0.857981,59.997866,-0.005991,0.0000,0.0000,5723.0,-0.1573,2,0
25.2165,0.858043,59.997868,-0.005991,0.0000,0.0000,5719.8,-0.1581,2,0
25.2040,0.858105,59.997870,-0.005992,0.0000,0.0000,5714.1,-0.1588,2,0
25.1922,0.858168,59.997873,-0.005992,0.0000,0.0000,5707.1,-0.1595,2,0
25.1798,0.858230,59.997875,-0.005992,0.0000,0.0000,5703.8,-0.1603,2,0
25.1670,0.858292,59.997878,-0.005993,0.0000,0.0000,5701.7,-0.1611,2,0
25.1548,0.858354,59.997880,-0.005993,0.0000,0.0000,5699.6,-0.1617,2,0
25.1424,0.858416,59.997882,-0.005994,0.0000,0.0000,5696.4,-0.1621,2,0
25.1297,0.858478,59.997884,-0.005994,0.0000,0.0000,5696.8,-0.1621,2,0
25.1164,0.858540,59.997887,-0.005995,0.0000,0.0000,5697.4,-0.1619,2,0
25.1034,0.858602,59.997889,-0.005995,0.0000,0.0000,5694.9,-0.1609,2,0
25.0912,0.858664,59.997891,-0.005996,0.0000,0.0000,5687.8,-0.1596,2,0
25.0797,0.858726,59.997893,-0.005996,0.0000,0.0000,5682.5,-0.1579,2,0
25.0670,0.858788,59.997895,-0.005997,0.0000,0.0000,5682.4,-0.1559,2,0
25.0543,0.858850,59.997898,-0.005997,0.0000,0.0000,5680.9,-0.1535,2,0
25.0420,0.858911,59.997900,-0.005998,0.0000,0.0000,5678.5,-0.1508,2,0
25.0299,0.858973,59.997902,-0.005998,0.0000,0.0000,5675.7,-0.1475,2,0
25.0163,0.859035,59.997904,-0.005999,0.0000,0.0000,5677.8,-0.1440,2,0
25.0032,0.859097,59.997907,-0.006000,0.0000,0.0000,5678.7,-0.1405,2,0
24.9906,0.859158,59.997909,-0.006000,0.0000,0.0000,5676.6,-0.1370,2,0
24.9795,0.859220,59.997911,-0.006001,0.0000,0.0000,5669.3,-0.1339,2,0
24.9679,0.859282,59.997914,-0.006002,0.0000,0.0000,5665.5,-0.1314,2,0
24.9553,0.859343,59.997916,-0.006003,0.0000,0.0000,5666.0,-0.1296,2,0
24.9432,0.859405,59.997918,-0.006003,0.0000,0.0000,5665.3,-0.1286,2,0
24.9315,0.859466,59.997920,-0.006004,0.0000,0.0000,5662.2,-0.1282,2,0
24.9192,0.859528,59.997923,-0.006005,0.0000,0.0000,5660.5,-0.1286,2,0
24.9059,0.859589,59.997925,-0.006005,0.0000,0.0000,5663.3,-0.1297,2,0
24.8928,0.859651,59.997927,-0.006006,0.0000,0.0000,5663.6,-0.1316,2,0
24.8814,0.859712,59.997930,-0.006007,0.0000,0.0000,5657.5,-0.1342,2,0
24.8706,0.859774,59.997932,-0.006008,0.0000,0.0000,5649.4,-0.1373,2,0
24.8586,0.859835,59.997934,-0.006009,0.0000,0.0000,5647.2,-0.1410,2,0
24.8463,0.859896,59.997937,-0.006010,0.0000,0.0000,5645.8,-0.1452,2,0
24.8339,0.859958,59.997939,-0.006011,0.0000,0.0000,5643.6,-0.1495,2,0
24.8217,0.860019,59.997941,-0.006012,0.0000,0.0000,5640.5,-0.1539,2,0
24.8087,0.860080,59.997943,-0.006013,0.0000,0.0000,5639.9,-0.1583,2,0
24.7948,0.860141,59.997946,-0.006013,0.0000,0.0000,5641.9,-0.1627,2,0
24.7818,0.860203,59.997948,-0.006014,0.0000,0.0000,5639.1,-0.1670,2,0
24.7698,0.860264,59.997950,-0.006015,0.0000,0.0000,5632.7,-0.1710,2,0
24.7579,0.860325,59.997952,-0.006017,0.0000,0.0000,5625.5,-0.1749,2,0
24.7454,0.860386,59.997954,-0.006018,0.0000,0.0000,5621.5,-0.1784,2,0
24.7320,0.860447,59.997956,-0.006019,0.0000,0.0000,5619.0,-0.1814,2,0
24.7197,0.860508,59.997957,-0.006020,0.0000,0.0000,5615.2,-0.1838,2,0
24.7067,0.860569,59.997959,-0.006021,0.0000,0.0000,5611.9,-0.1859,2,0
24.6936,0.860630,59.997961,-0.006022,0.0000,0.0000,5611.2,-0.1872,2,0
24.6789,0.860691,59.997963,-0.006023,0.0000,0.0000,5610.2,-0.1881,2,0
24.6662,0.860752,59.997965,-0.006024,0.0000,0.0000,5605.0,-0.1886,2,0
24.6544,0.860813,59.997967,-0.006025,0.0000,0.0000,5599.3,-0.1891,2,0
24.6420,0.860873,59.997969,-0.006026,0.0000,0.0000,5594.0,-0.1893,2,0
24.6281,0.860934,59.997972,-0.006028,0.0000,0.0000,5591.7,-0.1894,2,0
24.6152,0.860995,59.997974,-0.006029,0.0000,0.0000,5589.3,-0.1892,2,0
24.6026,0.861056,59.997976,-0.006030,0.0000,0.0000,5586.5,-0.1889,2,0
24.5881,0.861116,59.997979,-0.006031,0.0000,0.0000,5586.4,-0.1883,2,0
24.5736,0.861177,59.997981,-0.006033,0.0000,0.0000,5586.5,-0.1875,2,0
24.5597,0.861238,59.997983,-0.006034,0.0000,0.0000,5585.8,-0.1867,2,0
24.5458,0.861298,59.997985,-0.006035,0.0000,0.0000,5581.8,-0.1860,2,0
24.5345,0.861359,59.997988,-0.006037,0.0000,0.0000,5574.7,-0.1855,2,0
24.5211,0.861419,59.997990,-0.006038,0.0000,0.0000,5573.0,-0.1856,2,0
24.5057,0.861480,59.997992,-0.006039,0.0000,0.0000,5572.2,-0.1858,2,0
24.4928,0.861540,59.997994,-0.006041,0.0000,0.0000,5569.4,-0.1858,2,0
24.4782,0.861601,59.997996,-0.006042,0.0000,0.0000,5566.1,-0.1855,2,0
24.4646,0.861661,59.997998,-0.006044,0.0000,0.0000,5566.3,-0.1851,2,0
24.4489,0.861722,59.998000,-0.006045,0.0000,0.0000,5568.0,-0.1861,2,0
24.4316,0.861782,59.998002,-0.006046,0.0000,0.0000,5566.1,-0.1871,2,0
24.4152,0.861842,59.998004,-0.006048,0.0000,0.0000,5564.8,-0.1875,2,0
24.4024,0.861902,59.998006,-0.006049,0.0000,0.0000,5557.5,-0.1865,2,0
24.3895,0.861963,59.998008,-0.006051,0.0000,0.0000,5552.2,-0.1840,2,0
24.3750,0.862023,59.998010,-0.006052,0.0000,0.0000,5552.5,-0.1808,2,0
24.3616,0.862083,59.998012,-0.006054,0.0000,0.0000,5548.2,-0.1803,2,0
24.3525,0.862143,59.998014,-0.006056,0.0000,0.0000,5543.2,-0.1796,2,0
24.3317,0.862203,59.998016,-0.006057,0.0000,0.0000,5545.9,-0.1794,2,0
24.3073,0.862263,59.998018,-0.006059,0.0000,0.0000,5547.7,-0.1773,2,0
24.2964,0.862323,59.998020,-0.006061,0.0000,0.0000,5543.9,-0.1751,2,0
24.2798,0.862383,59.998022,-0.006062,0.0000,0.0079,5552.5,-0.1741,2,0
24.2689,0.862443,59.998024,-0.006064,0.0000,0.0079,5551.0,-0.1741,2,0
24.2576,0.862503,59.998026,-0.006065,0.0000,0.0121,5556.7,-0.1744,2,0
24.2399,0.862563,59.998028,-0.006067,0.0000,0.0121,5551.9,-0.1753,2,0
24.2312,0.862622,59.998030,-0.006069,0.0000,0.0206,5555.0,-0.1743,2,0
24.2240,0.862682,59.998032,-0.006071,0.0000,0.0206,5557.5,-0.1760,2,0
24.2118,0.862742,59.998034,-0.006072,0.0000,0.0281,5560.1,-0.1779,2,0
24.1894,0.862802,59.998036,-0.006074,0.0000,0.0281,5564.7,-0.1776,2,0
24.1599,0.862861,59.998038,-0.006076,0.0000,0.0363,5589.3,-0.1760,2,0
24.1492,0.862921,59.998040,-0.006078,0.0000,0.0363,5636.2,-0.1736,2,0
24.1533,0.862981,59.998042,-0.006080,0.0000,0.0459,5635.6,-0.1696,2,0
24.1519,0.863040,59.998044,-0.006082,0.0000,0.0459,5630.9,-0.1698,2,0
24.1352,0.863100,59.998046,-0.006083,0.0000,0.0565,5633.6,-0.1662,2,0
24.1166,0.863159,59.998048,-0.006085,0.0000,0.0565,5661.4,-0.1601,2,0
24.1123,0.863219,59.998050,-0.006087,0.0000,0.0746,5685.5,-0.1544,2,0
24.1112,0.863278,59.998052,-0.006089,0.0000,0.0746,5699.4,-0.1474,2,0
24.1301,0.863338,59.998054,-0.006091,0.0000,0.0954,5647.3,-0.1426,2,0
24.1148,0.863398,59.998056,-0.006093,0.0000,0.0954,5662.1,-0.1412,2,0
24.1072,0.863457,59.998058,-0.006095,0.0000,0.1176,5693.2,-0.1360,2,0
24.0971,0.863517,59.998060,-0.006097,0.0000,0.1176,5763.9,-0.1315,2,0
24.0995,0.863576,59.998062,-0.006099,0.0000,0.1393,5789.8,-0.1277,2,0
24.1050,0.863636,59.998064,-0.006101,0.0000,0.1393,5807.7,-0.1257,2,0
24.1303,0.863695,59.998066,-0.006103,0.0000,0.1551,5694.2,-0.1265,2,0
24.1487,0.863755,59.998068,-0.006105,0.0000,0.1551,5649.1,-0.1250,2,0
24.1607,0.863814,59.998070,-0.006107,0.0000,0.1760,5629.3,-0.1246,2,0
24.1647,0.863874,59.998072,-0.006109,0.0000,0.1760,5664.1,-0.1253,2,0
24.1673,0.863934,59.998074,-0.006111,0.0000,0.2031,5716.7,-0.1267,2,0
24.1777,0.863993,59.998076,-0.006113,0.0000,0.2031,5722.2,-0.1293,2,0
24.2087,0.864053,59.998078,-0.006115,0.0000,0.2367,5642.6,-0.1313,2,0
24.2289,0.864113,59.998080,-0.006117,0.0000,0.2367,5624.6,-0.1342,2,0
24.2395,0.864173,59.998082,-0.006120,0.0000,0.2739,5655.2,-0.1373,2,0
24.2430,0.864233,59.998084,-0.006122,0.0000,0.2739,5728.9,-0.1405,2,0
24.2600,0.864292,59.998086,-0.006124,0.0000,0.3127,5735.8,-0.1436,2,0
24.2954,0.864352,59.998088,-0.006126,0.0000,0.3127,5672.2,-0.1465,2,0
24.3202,0.864412,59.998090,-0.006128,0.0000,0.3585,5668.1,-0.1496,2,0
24.3414,0.864473,59.998092,-0.006130,0.0000,0.3585,5685.4,-0.1525,2,0
24.3550,0.864533,59.998094,-0.006133,0.0000,0.4079,5745.2,-0.1549,2,0
24.3845,0.864593,59.998095,-0.006135,0.0000,0.4079,5741.2,-0.1566,2,0
24.4134,0.864653,59.998097,-0.006137,0.0000,0.4600,5747.6,-0.1577,2,0
24.4415,0.864714,59.998099,-0.006140,0.0000,0.4600,5766.6,-0.1582,2,0
24.4705,0.864774,59.998101,-0.006142,0.0000,0.5148,5791.1,-0.1581,2,0
24.5023,0.864834,59.998103,-0.006144,0.0000,0.5148,5812.6,-0.1575,2,0
24.5354,0.864895,59.998104,-0.006146,0.0000,0.5627,5833.6,-0.1562,2,0
24.5713,0.864956,59.998106,-0.006149,0.0000,0.5627,5854.4,-0.1544,2,0
24.6072,0.865016,59.998108,-0.006151,0.0000,0.6041,5876.8,-0.1520,2,0
24.6457,0.865077,59.998110,-0.006153,0.0000,0.6041,5897.9,-0.1490,2,0
24.6852,0.865138,59.998112,-0.006156,0.0000,0.6412,5918.6,-0.1457,2,0
24.7260,0.865199,59.998114,-0.006158,0.0000,0.6412,5937.5,-0.1419,2,0
24.7680,0.865260,59.998116,-0.006161,0.0000,0.6681,5954.8,-0.1379,2,0
24.8103,0.865322,59.998117,-0.006163,0.0000,0.6681,5975.0,-0.1340,2,0
24.8528,0.865383,59.998119,-0.006166,0.0000,0.6895,5997.6,-0.1302,2,0
24.8972,0.865444,59.998121,-0.006168,0.0000,0.6895,6014.1,-0.1267,2,0
24.9425,0.865506,59.998123,-0.006171,0.0000,0.7062,6029.0,-0.1234,2,0
24.9891,0.865568,59.998125,-0.006173,0.0000,0.7062,6040.9,-0.1204,2,0
25.0364,0.865629,59.998127,-0.006175,0.0000,0.7194,6050.4,-0.1177,2,0
25.0844,0.865691,59.998128,-0.006178,0.0000,0.7194,6058.9,-0.1153,2,0
25.1331,0.865753,59.998130,-0.006181,0.0000,0.7292,6065.9,-0.1132,2,0
25.1810,0.865816,59.998131,-0.006183,0.0000,0.7292,6077.0,-0.1114,2,0
25.2293,0.865878,59.998133,-0.006186,0.0000,0.7360,6087.8,-0.1098,2,0
25.2774,0.865940,59.998134,-0.006189,0.0000,0.7360,6099.7,-0.1085,2,0
25.3261,0.866003,59.998136,-0.006191,0.0000,0.7432,6110.5,-0.1072,2,0
25.3747,0.866065,59.998137,-0.006194,0.0000,0.7432,6122.2,-0.1059,2,0
25.4246,0.866128,59.998139,-0.006197,0.0000,0.7489,6129.7,-0.1044,2,0
25.4756,0.866191,59.998140,-0.006199,0.0000,0.7489,6132.6,-0.1029,2,0
25.5257,0.866254,59.998142,-0.006202,0.0000,0.7559,6140.2,-0.1011,2,0
25.5734,0.866317,59.998144,-0.006205,0.0000,0.7559,6159.0,-0.0991,2,0
25.6237,0.866380,59.998146,-0.006207,0.0000,0.7630,6169.3,-0.0969,2,0
25.6743,0.866444,59.998147,-0.006210,0.0000,0.7630,6178.6,-0.0947,2,0
25.7257,0.866507,59.998149,-0.006213,0.0000,0.7713,6185.3,-0.0920,2,0
25.7770,0.866571,59.998151,-0.006216,0.0000,0.7713,6194.9,-0.0892,2,0
25.8281,0.866635,59.998153,-0.006219,0.0000,0.7813,6207.3,-0.0858,2,0
25.8814,0.866699,59.998155,-0.006222,0.0000,0.7813,6213.0,-0.0824,2,0
25.9345,0.866763,59.998156,-0.006224,0.0000,0.7912,6220.1,-0.0790,2,0
25.9866,0.866827,59.998158,-0.006227,0.0000,0.7912,6233.8,-0.0755,2,0
26.0410,0.866891,59.998160,-0.006230,0.0000,0.8060,6240.9,-0.0722,2,0
26.0951,0.866956,59.998162,-0.006233,0.0000,0.8060,6250.4,-0.0692,2,0
26.1500,0.867020,59.998164,-0.006236,0.0000,0.8223,6259.6,-0.0662,2,0
26.2060,0.867085,59.998166,-0.006239,0.0000,0.8223,6268.5,-0.0633,2,0
26.2634,0.867150,59.998168,-0.006242,0.0000,0.8418,6274.6,-0.0606,2,0
26.3213,0.867215,59.998170,-0.006245,0.0000,0.8418,6281.0,-0.0581,2,0
26.3787,0.867280,59.998172,-0.006248,0.0000,0.8643,6293.6,-0.0558,2,0
26.4369,0.867345,59.998174,-0.006251,0.0000,0.8643,6305.5,-0.0536,2,0
26.4964,0.867410,59.998176,-0.006254,0.0000,0.8863,6312.3,-0.0515,2,0
26.5561,0.867476,59.998178,-0.006257,0.0000,0.8863,6317.2,-0.0496,2,0
26.6152,0.867542,59.998180,-0.006260,0.0000,0.9068,6325.4,-0.0476,2,0
26.6731,0.867607,59.998182,-0.006263,0.0000,0.9068,6339.9,-0.0457,2,0
26.7332,0.867673,59.998184,-0.006266,0.0000,0.9291,6345.9,-0.0437,2,0
26.7935,0.867740,59.998186,-0.006269,0.0000,0.9291,6350.2,-0.0416,2,0
26.8535,0.867806,59.998188,-0.006273,0.0000,0.9474,6356.2,-0.0394,2,0
26.9133,0.867872,59.998190,-0.006276,0.0000,0.9474,6363.8,-0.0370,2,0
26.9725,0.867939,59.998192,-0.006279,0.0000,0.9668,6373.6,-0.0346,2,0
27.0313,0.868006,59.998194,-0.006282,0.0000,0.9668,6386.2,-0.0320,2,0
27.0908,0.868073,59.998196,-0.006285,0.0000,0.9844,6395.2,-0.0294,2,0
27.1504,0.868140,59.998198,-0.006288,0.0000,0.9844,6403.8,-0.0265,2,0
27.2107,0.868207,59.998200,-0.006291,0.0000,0.9981,6408.5,-0.0236,2,0
27.2708,0.868274,59.998202,-0.006295,0.0000,0.9981,6415.0,-0.0204,2,0
27.3304,0.868342,59.998204,-0.006298,0.0000,1.0000,6423.7,-0.0171,2,0
27.3897,0.868409,59.998206,-0.006301,0.0000,1.0000,6435.3,-0.0136,2,0
27.4490,0.868477,59.998208,-0.006305,0.0000,1.0000,6445.3,-0.0096,2,0
27.5090,0.868545,59.998210,-0.006308,0.0000,1.0000,6452.5,-0.0051,2,0
27.5670,0.868613,59.998212,-0.006311,0.0000,1.0000,6467.4,-0.0003,2,0
27.6260,0.868681,59.998214,-0.006314,0.0000,1.0000,6478.8,0.0052,2,0
27.6861,0.868749,59.998216,-0.006318,0.0000,1.0000,6485.6,0.0112,2,0
27.7458,0.868818,59.998218,-0.006321,0.0000,1.0000,6493.7,0.0176,2,0
27.8044,0.868887,59.998220,-0.006324,0.0000,1.0000,6506.5,0.0243,2,0
27.8628,0.868955,59.998222,-0.006327,0.0000,1.0000,6521.0,0.0312,2,0
27.9216,0.869024,59.998224,-0.006331,0.0000,1.0000,6533.0,0.0381,2,0
27.9794,0.869093,59.998225,-0.006334,0.0000,1.0000,6547.4,0.0451,2,0
28.0375,0.869163,59.998227,-0.006337,0.0000,1.0000,6560.6,0.0519,2,0
28.0953,0.869232,59.998229,-0.006341,0.0000,1.0000,6572.8,0.0587,2,0
28.1525,0.869301,59.998231,-0.006344,0.0000,1.0000,6589.5,0.0652,2,0
28.2091,0.869371,59.998233,-0.006347,0.0000,1.0000,6607.4,0.0715,2,0
28.2662,0.869441,59.998234,-0.006351,0.0000,1.0000,6624.5,0.0774,2,0
28.3216,0.869511,59.998236,-0.006354,0.0000,1.0000,6647.3,0.0830,2,0
28.3773,0.869581,59.998238,-0.006357,0.0000,1.0000,6667.7,0.0884,2,0
28.4328,0.869651,59.998240,-0.006361,0.0000,1.0000,6686.4,0.0935,2,0
28.4874,0.869721,59.998242,-0.006364,0.0000,1.0000,6710.3,0.0984,2,0
28.5420,0.869792,59.998244,-0.006367,0.0000,1.0000,6733.2,0.1032,2,0
28.5969,0.869862,59.998246,-0.006371,0.0000,0.9838,6754.5,0.1081,2,0
28.6526,0.869933,59.998247,-0.006374,0.0000,0.9838,6772.6,0.1129,2,0
28.7075,0.870004,59.998249,-0.006377,0.0000,0.9485,6793.8,0.1175,2,0
28.7608,0.870075,59.998251,-0.006381,0.0000,0.9485,6819.5,0.1220,2,0
28.8151,0.870146,59.998253,-0.006384,0.0000,0.8949,6833.6,0.1264,2,0
28.8679,0.870217,59.998255,-0.006387,0.0000,0.8949,6843.3,0.1307,2,0
28.9186,0.870289,59.998257,-0.006391,0.0000,0.8074,6848.5,0.1349,2,0
28.9654,0.870360,59.998259,-0.006394,0.0000,0.8074,6852.4,0.1395,2,0
29.0084,0.870432,59.998261,-0.006397,0.0000,0.6906,6852.1,0.1441,2,0
29.0480,0.870504,59.998263,-0.006401,0.0000,0.6906,6841.4,0.1486,2,0
29.0868,0.870575,59.998265,-0.006404,0.0000,0.5521,6807.6,0.1531,2,0
29.1274,0.870647,59.998266,-0.006407,0.0000,0.5521,6743.1,0.1575,2,0
29.1507,0.870719,59.998268,-0.006411,0.0000,0.4085,6725.1,0.1615,2,0
29.1685,0.870791,59.998270,-0.006414,0.0000,0.4085,6710.6,0.1654,2,0
29.1847,0.870863,59.998272,-0.006417,0.0000,0.2932,6687.4,0.1694,2,0
29.1943,0.870935,59.998274,-0.006421,0.0000,0.2932,6673.7,0.1733,2,0
29.1985,0.871007,59.998276,-0.006424,0.0000,0.2126,6667.1,0.1768,2,0
29.1999,0.871080,59.998278,-0.006427,0.0000,0.2126,6663.4,0.1799,2,0
29.1987,0.871152,59.998280,-0.006430,0.0000,0.1588,6660.4,0.1826,2,0
29.1947,0.871224,59.998282,-0.006433,0.0000,0.1588,6660.6,0.1848,2,0
29.1898,0.871296,59.998284,-0.006437,0.0000,0.1296,6657.6,0.1863,2,0
29.1852,0.871368,59.998286,-0.006440,0.0000,0.1296,6651.4,0.1875,2,0
29.1792,0.871440,59.998287,-0.006443,0.0000,0.1128,6646.4,0.1884,2,0
29.1714,0.871512,59.998289,-0.006446,0.0000,0.1128,6644.8,0.1887,2,0
29.1632,0.871584,59.998291,-0.006449,0.0000,0.1007,6643.9,0.1885,2,0
29.1548,0.871656,59.998293,-0.006453,0.0000,0.1007,6642.7,0.1878,2,0
29.1445,0.871728,59.998295,-0.006456,0.0000,0.0877,6643.0,0.1867,2,0
29.1334,0.871800,59.998297,-0.006459,0.0000,0.0877,6643.1,0.1853,2,0
29.1227,0.871872,59.998300,-0.006462,0.0000,0.0741,6639.3,0.1836,2,0
29.1118,0.871943,59.998302,-0.006465,0.0000,0.0741,6630.3,0.1818,2,0
29.0984,0.872015,59.998304,-0.006468,0.0000,0.0595,6629.0,0.1797,2,0
29.0853,0.872087,59.998306,-0.006471,0.0000,0.0595,6627.6,0.1772,2,0
29.0720,0.872159,59.998309,-0.006474,0.0000,0.0443,6623.9,0.1748,2,0
29.0571,0.872231,59.998311,-0.006477,0.0000,0.0443,6625.0,0.1723,2,0
29.0404,0.872302,59.998313,-0.006480,0.0000,0.0291,6625.2,0.1700,2,0
29.0254,0.872374,59.998316,-0.006483,0.0000,0.0291,6622.2,0.1678,2,0
29.0103,0.872445,59.998318,-0.006486,0.0000,0.0118,6614.9,0.1658,2,0
28.9933,0.872517,59.998320,-0.006489,0.0000,0.0118,6613.9,0.1639,2,0
28.9758,0.872589,59.998322,-0.006491,0.0000,0.0000,6611.6,0.1621,2,0
28.9600,0.872660,59.998325,-0.006494,0.0000,0.0000,6604.8,0.1606,2,0
28.9435,0.872732,59.998327,-0.006497,0.0000,0.0000,6598.0,0.1592,2,0
28.9231,0.872803,59.998329,-0.006500,0.0000,0.0000,6603.7,0.1581,2,0
28.9062,0.872874,59.998331,-0.006503,0.0000,0.0000,6599.0,0.1573,2,0
28.8889,0.872946,59.998333,-0.006505,0.0000,0.0000,6597.2,0.1570,2,0
28.8719,0.873017,59.998336,-0.006508,0.0000,0.0084,6593.1,0.1570,2,0
28.8527,0.873088,59.998338,-0.006511,0.0000,0.0084,6601.5,0.1571,2,0
28.8391,0.873159,59.998340,-0.006514,0.0000,0.0265,6590.4,0.1576,2,0
28.8253,0.873230,59.998342,-0.006516,0.0000,0.0265,6581.3,0.1583,2,0
28.8082,0.873302,59.998345,-0.006519,0.0000,0.0473,6584.9,0.1592,2,0
28.7924,0.873373,59.998347,-0.006521,0.0000,0.0473,6591.0,0.1603,2,0
28.7781,0.873444,59.998349,-0.006524,0.0000,0.0663,6593.3,0.1618,2,0
28.7641,0.873515,59.998351,-0.006527,0.0000,0.0663,6595.4,0.1634,2,0
28.7517,0.873586,59.998354,-0.006529,0.0000,0.0806,6599.0,0.1652,2,0
28.7415,0.873657,59.998356,-0.006532,0.0000,0.0806,6595.0,0.1670,2,0
28.7321,0.873728,59.998358,-0.006534,0.0000,0.0920,6587.5,0.1688,2,0
28.7221,0.873798,59.998361,-0.006537,0.0000,0.0920,6581.6,0.1708,2,0
28.7096,0.873869,59.998363,-0.006539,0.0000,0.1003,6591.0,0.1729,2,0
28.6990,0.873940,59.998365,-0.006542,0.0000,0.1003,6593.5,0.1751,2,0
28.6894,0.874011,59.998368,-0.006544,0.0000,0.1070,6594.5,0.1773,2,0
28.6805,0.874082,59.998370,-0.006546,0.0000,0.1070,6594.5,0.1792,2,0
28.6718,0.874153,59.998372,-0.006549,0.0000,0.1125,6593.4,0.1810,2,0
28.6639,0.874223,59.998374,-0.006551,0.0000,0.1125,6589.9,0.1825,2,0
28.6564,0.874294,59.998377,-0.006553,0.0000,0.1191,6585.5,0.1839,2,0
28.6480,0.874365,59.998379,-0.006556,0.0000,0.1191,6586.8,0.1854,2,0
28.6401,0.874436,59.998381,-0.006558,0.0000,0.1293,6589.4,0.1870,2,0
28.6317,0.874506,59.998384,-0.006560,0.0000,0.1293,6598.0,0.1886,2,0
28.6251,0.874577,59.998386,-0.006563,0.0000,0.1429,6599.0,0.1900,2,0
28.6185,0.874647,59.998388,-0.006565,0.0000,0.1429,6604.9,0.1912,2,0
28.6129,0.874718,59.998391,-0.006567,0.0000,0.1586,6606.7,0.1921,2,0
28.6077,0.874789,59.998393,-0.006569,0.0000,0.1586,6609.5,0.1928,2,0
28.6036,0.874859,59.998396,-0.006571,0.0000,0.1750,6610.1,0.1936,2,0
28.5990,0.874930,59.998398,-0.006573,0.0000,0.1750,6614.9,0.1944,2,0
28.5948,0.875001,59.998400,-0.006575,0.0000,0.1906,6620.3,0.1951,2,0
28.5915,0.875071,59.998403,-0.006577,0.0000,0.1906,6624.3,0.1956,2,0
28.5893,0.875142,59.998405,-0.006580,0.0000,0.2071,6627.3,0.1957,2,0
28.5872,0.875212,59.998408,-0.006582,0.0000,0.2071,6631.1,0.1956,2,0
28.5855,0.875283,59.998410,-0.006584,0.0000,0.2226,6634.6,0.1953,2,0
28.5845,0.875353,59.998412,-0.006586,0.0000,0.2226,6640.1,0.1950,2,0
28.5837,0.875424,59.998414,-0.006587,0.0000,0.2396,6646.3,0.1950,2,0
28.5834,0.875495,59.998417,-0.006589,0.0000,0.2396,6653.6,0.1950,2,0
28.5834,0.875565,59.998419,-0.006591,0.0000,0.2555,6661.0,0.1948,2,0
28.5854,0.875636,59.998421,-0.006593,0.0000,0.2555,6665.7,0.1946,2,0
28.5874,0.875706,59.998423,-0.006595,0.0000,0.2748,6670.5,0.1942,2,0
28.5894,0.875777,59.998425,-0.006597,0.0000,0.2748,6676.8,0.1937,2,0
28.5925,0.875847,59.998428,-0.006599,0.0000,0.2935,6683.2,0.1934,2,0
28.5963,0.875918,59.998430,-0.006601,0.0000,0.2935,6689.9,0.1937,2,0
28.6003,0.875989,59.998432,-0.006602,0.0000,0.3118,6698.1,0.1943,2,0
28.6051,0.876059,59.998435,-0.006604,0.0000,0.3118,6706.2,0.1948,2,0
28.6112,0.876130,59.998438,-0.006606,0.0000,0.3292,6710.6,0.1953,2,0
28.6177,0.876200,59.998440,-0.006607,0.0000,0.3292,6716.5,0.1958,2,0
28.6245,0.876271,59.998443,-0.006609,0.0000,0.3433,6721.5,0.1963,2,0
28.6316,0.876342,59.998446,-0.006611,0.0000,0.3433,6729.0,0.1969,2,0
28.6399,0.876413,59.998449,-0.006612,0.0000,0.3579,6733.5,0.1979,2,0
28.6488,0.876483,59.998452,-0.006614,0.0000,0.3579,6738.2,0.1989,2,0
28.6574,0.876554,59.998454,-0.006615,0.0000,0.3695,6743.0,0.1997,2,0
28.6669,0.876625,59.998457,-0.006617,0.0000,0.3695,6746.1,0.2002,2,0
28.6767,0.876696,59.998460,-0.006619,0.0000,0.3804,6750.9,0.2002,2,0
28.6871,0.876766,59.998462,-0.006620,0.0000,0.3804,6752.8,0.1999,2,0
28.6971,0.876837,59.998464,-0.006621,0.0000,0.3884,6759.2,0.1992,2,0
28.7068,0.876908,59.998466,-0.006623,0.0000,0.3884,6762.5,0.1985,2,0
28.7165,0.876979,59.998468,-0.006624,0.0000,0.3953,6768.2,0.1973,2,0
28.7269,0.877050,59.998470,-0.006625,0.0000,0.3953,6771.5,0.1956,2,0
28.7385,0.877121,59.998472,-0.006627,0.0000,0.4012,6775.0,0.1932,2,0
28.7493,0.877192,59.998474,-0.006628,0.0000,0.4012,6776.0,0.1906,2,0
28.7597,0.877263,59.998476,-0.006630,0.0000,0.4068,6779.4,0.1875,2,0
28.7720,0.877334,59.998478,-0.006631,0.0000,0.4068,6782.7,0.1842,2,0
28.7823,0.877405,59.998480,-0.006632,0.0000,0.4141,6796.7,0.1811,2,0
28.7945,0.877476,59.998483,-0.006633,0.0000,0.4141,6808.9,0.1785,2,0
28.8044,0.877547,59.998486,-0.006635,0.0000,0.4213,6808.0,0.1768,2,0
28.8177,0.877618,59.998489,-0.006636,0.0000,0.4213,6804.0,0.1742,2,0
28.8312,0.877689,59.998492,-0.006637,0.0000,0.4313,6804.8,0.1712,2,0
28.8455,0.877761,59.998495,-0.006638,0.0000,0.4313,6813.6,0.1678,2,0
28.8644,0.877832,59.998498,-0.006639,0.0000,0.4398,6809.1,0.1661,2,0
28.8771,0.877903,59.998501,-0.006640,0.0000,0.4398,6813.8,0.1652,2,0
28.8895,0.877974,59.998504,-0.006641,0.0000,0.4485,6824.4,0.1647,2,0
28.9003,0.878046,59.998507,-0.006642,0.0000,0.4485,6850.5,0.1641,2,0
28.9175,0.878117,59.998510,-0.006644,0.0000,0.4604,6851.0,0.1641,2,0
28.9358,0.878189,59.998512,-0.006644,0.0000,0.4604,6826.7,0.1647,2,0
28.9528,0.878260,59.998514,-0.006645,0.0000,0.4707,6817.7,0.1649,2,0
28.9674,0.878332,59.998516,-0.006646,0.0000,0.4707,6830.4,0.1642,2,0
28.9768,0.878403,59.998518,-0.006647,0.0000,0.4805,6881.1,0.1637,2,0
28.9903,0.878475,59.998520,-0.006648,0.0000,0.4805,6885.7,0.1644,2,0
29.0064,0.878546,59.998522,-0.006649,0.0000,0.4879,6878.7,0.1642,2,0
29.0253,0.878618,59.998524,-0.006650,0.0000,0.4879,6875.4,0.1633,2,0
29.0333,0.878690,59.998526,-0.006651,0.0000,0.4935,6932.3,0.1617,2,0
29.0525,0.878761,59.998528,-0.006651,0.0000,0.4935,6930.7,0.1602,2,0
29.0728,0.878833,59.998530,-0.006652,0.0000,0.4970,6905.5,0.1590,2,0
29.0939,0.878905,59.998533,-0.006653,0.0000,0.4970,6891.3,0.1570,2,0
29.1069,0.878977,59.998536,-0.006654,0.0000,0.4977,6927.6,0.1548,2,0
29.1198,0.879049,59.998538,-0.006654,0.0000,0.4977,6959.2,0.1532,2,0
29.1413,0.879121,59.998541,-0.006655,0.0000,0.4988,6929.9,0.1525,2,0
29.1647,0.879193,59.998544,-0.006656,0.0000,0.4988,6907.3,0.1509,2,0
29.1836,0.879265,59.998547,-0.006656,0.0000,0.5005,6910.1,0.1491,2,0
29.1952,0.879337,59.998550,-0.006657,0.0000,0.5005,6951.2,0.1476,2,0
29.2137,0.879409,59.998552,-0.006657,0.0000,0.5019,6935.5,0.1472,2,0
29.2367,0.879481,59.998555,-0.006658,0.0000,0.5019,6918.4,0.1460,2,0
29.2531,0.879553,59.998558,-0.006659,0.0000,0.5049,6929.2,0.1446,2,0
29.2594,0.879625,59.998561,-0.006659,0.0000,0.5049,6988.7,0.1432,2,0
29.2794,0.879698,59.998563,-0.006660,0.0000,0.5083,6989.0,0.1428,2,0
29.3049,0.879770,59.998566,-0.006660,0.0000,0.5083,6955.6,0.1426,2,0
29.3241,0.879842,59.998569,-0.006660,0.0000,0.5134,6949.5,0.1427,2,0
29.3360,0.879915,59.998571,-0.006661,0.0000,0.5134,6986.2,0.1431,2,0
29.3570,0.879987,59.998574,-0.006661,0.0000,0.5187,6977.3,0.1442,2,0
29.3846,0.880060,59.998577,-0.006662,0.0000,0.5187,6936.0,0.1457,2,0
29.4038,0.880132,59.998580,-0.006662,0.0000,0.5255,6938.8,0.1473,2,0
29.4196,0.880205,59.998582,-0.006662,0.0000,0.5255,6960.4,0.1487,2,0
29.4364,0.880278,59.998585,-0.006663,0.0000,0.5323,6983.9,0.1510,2,0
29.4559,0.880350,59.998587,-0.006663,0.0000,0.5323,6978.3,0.1531,2,0
29.4775,0.880423,59.998590,-0.006663,0.0000,0.5390,6975.6,0.1550,2,0
29.4969,0.880496,59.998593,-0.006663,0.0000,0.5390,6984.1,0.1568,2,0
29.5138,0.880569,59.998595,-0.006663,0.0000,0.5469,7002.1,0.1585,2,0
29.5364,0.880642,59.998597,-0.006664,0.0000,0.5469,6996.9,0.1600,2,0
29.5592,0.880715,59.998600,-0.006664,0.0000,0.5554,6989.3,0.1612,2,0
29.5771,0.880788,59.998602,-0.006664,0.0000,0.5554,7005.6,0.1620,2,0
29.5845,0.880861,59.998605,-0.006664,0.0000,0.5675,7066.9,0.1624,2,0
29.6103,0.880934,59.998607,-0.006664,0.0000,0.5675,7046.8,0.1621,2,0
29.6299,0.881007,59.998610,-0.006664,0.0000,0.5817,7055.1,0.1612,2,0
29.6470,0.881080,59.998613,-0.006664,0.0000,0.5817,7077.5,0.1596,2,0
29.6662,0.881154,59.998616,-0.006664,0.0000,0.5987,7097.4,0.1573,2,0
29.6857,0.881227,59.998619,-0.006664,0.0000,0.5987,7117.5,0.1542,2,0
29.7060,0.881300,59.998622,-0.006664,0.0000,0.6182,7136.6,0.1507,2,0
29.7263,0.881374,59.998625,-0.006664,0.0000,0.6182,7157.0,0.1468,2,0
29.7496,0.881447,59.998628,-0.006664,0.0000,0.6411,7172.2,0.1426,2,0
29.7749,0.881520,59.998631,-0.006664,0.0000,0.6411,7185.0,0.1385,2,0
29.8001,0.881594,59.998634,-0.006664,0.0000,0.6657,7196.9,0.1345,2,0
29.8264,0.881668,59.998637,-0.006664,0.0000,0.6657,7204.5,0.1308,2,0
29.8562,0.881741,59.998640,-0.006664,0.0000,0.6911,7206.8,0.1275,2,0
29.8849,0.881815,59.998643,-0.006664,0.0000,0.6911,7218.8,0.1247,2,0
29.9139,0.881889,59.998645,-0.006664,0.0000,0.7167,7227.9,0.1224,2,0
29.9449,0.881963,59.998648,-0.006663,0.0000,0.7167,7235.1,0.1207,2,0
29.9769,0.882037,59.998650,-0.006663,0.0000,0.7441,7241.1,0.1197,2,0
30.0054,0.882111,59.998653,-0.006663,0.0000,0.7441,7266.9,0.1193,2,0
30.0322,0.882185,59.998655,-0.006663,0.0000,0.5430,7240.7,0.1192,2,0
30.0576,0.882259,59.998658,-0.006662,0.0000,0.5430,7268.0,0.1197,2,0
30.0867,0.882334,59.998660,-0.006662,0.0000,0.5592,7275.6,0.1204,2,0
30.1124,0.882408,59.998663,-0.006662,0.0000,0.5592,7265.5,0.1213,2,0
30.1393,0.882482,59.998665,-0.006662,0.0000,0.5746,7288.2,0.1226,2,0
30.1650,0.882557,59.998668,-0.006661,0.0000,0.5746,7284.7,0.1241,2,0
30.1902,0.882631,59.998670,-0.006661,0.0000,0.5889,7299.8,0.1254,2,0
30.2143,0.882706,59.998673,-0.006660,0.0000,0.5889,7324.7,0.1267,2,0
30.2401,0.882781,59.998675,-0.006660,0.0000,0.6038,7299.9,0.1279,2,0
30.2660,0.882855,59.998677,-0.006659,0.0000,0.6038,7322.6,0.1288,2,0
30.2904,0.882930,59.998680,-0.006659,0.0000,0.6184,7326.2,0.1296,2,0
30.3154,0.883005,59.998683,-0.006659,0.0000,0.6184,7341.2,0.1303,2,0
30.3411,0.883080,59.998685,-0.006658,0.0000,0.6342,7345.3,0.1309,2,0
30.3649,0.883155,59.998688,-0.006658,0.0000,0.6342,7360.3,0.1313,2,0
30.3887,0.883230,59.998690,-0.006657,0.0000,0.6482,7360.8,0.1314,2,0
30.4131,0.883305,59.998693,-0.006656,0.0000,0.6482,7376.7,0.1312,2,0
30.4374,0.883380,59.998696,-0.006656,0.0000,0.6618,7377.7,0.1307,2,0
30.4600,0.883455,59.998699,-0.006655,0.0000,0.6618,7384.7,0.1300,2,0
30.4829,0.883530,59.998702,-0.006654,0.0000,0.6758,7392.8,0.1291,2,0
30.5048,0.883606,59.998705,-0.006654,0.0000,0.6758,7404.4,0.1278,2,0
30.5261,0.883681,59.998708,-0.006653,0.0000,0.6893,7421.0,0.1260,2,0
30.5493,0.883756,59.998711,-0.006652,0.0000,0.6893,7433.7,0.1238,2,0
30.5722,0.883832,59.998714,-0.006652,0.0000,0.6998,7445.8,0.1208,2,0
30.5959,0.883907,59.998717,-0.006651,0.0000,0.6998,7456.1,0.1172,2,0
30.6200,0.883983,59.998720,-0.006650,0.0000,0.7071,7467.2,0.1129,2,0
30.6442,0.884059,59.998722,-0.006649,0.0000,0.7071,7475.9,0.1079,2,0
30.6681,0.884134,59.998725,-0.006649,0.0000,0.7071,7485.8,0.1021,2,0
30.6918,0.884210,59.998728,-0.006648,0.0000,0.7071,7496.6,0.0952,2,0
30.7162,0.884286,59.998730,-0.006647,0.0000,0.7071,7502.5,0.0876,2,0
30.7412,0.884362,59.998732,-0.006646,0.0000,0.7071,7508.9,0.0791,2,0
30.7661,0.884438,59.998735,-0.006645,0.0000,0.7071,7515.7,0.0699,2,0
30.7909,0.884514,59.998737,-0.006644,0.0000,0.7071,7522.5,0.0600,2,0
30.8164,0.884590,59.998740,-0.006643,0.0000,0.7071,7529.2,0.0495,2,0
30.8403,0.884666,59.998742,-0.006642,0.0000,0.7071,7541.0,0.0384,2,0
30.8654,0.884742,59.998745,-0.006641,0.0000,0.7071,7551.3,0.0266,2,0
30.8903,0.884819,59.998748,-0.006640,0.0000,0.7071,7555.8,0.0140,2,0
30.9156,0.884895,59.998750,-0.006639,0.0000,0.7071,7559.9,0.0010,2,0
30.9406,0.884971,59.998753,-0.006638,0.0000,0.7071,7565.3,-0.0123,2,0
30.9663,0.885048,59.998755,-0.006637,0.0000,0.7071,7570.8,-0.0252,2,0
30.9914,0.885124,59.998757,-0.006635,0.0000,0.7071,7578.9,-0.0377,2,0
31.0167,0.885201,59.998760,-0.006634,0.0000,0.7071,7586.7,-0.0500,2,0
31.0435,0.885277,59.998762,-0.006633,0.0000,0.7071,7586.9,-0.0615,2,0
31.0704,0.885354,59.998765,-0.006632,0.0000,0.7071,7586.6,-0.0721,2,0
31.0974,0.885431,59.998767,-0.006631,0.0000,0.7071,7585.9,-0.0814,2,0
31.1252,0.885508,59.998770,-0.006630,0.0000,0.7071,7585.1,-0.0895,2,0
31.1535,0.885585,59.998773,-0.006628,0.0000,0.7071,7581.3,-0.0961,2,0
31.1812,0.885662,59.998776,-0.006627,0.0000,0.7071,7578.9,-0.1010,2,0
31.2089,0.885739,59.998779,-0.006626,0.0000,0.7071,7577.4,-0.1041,2,0
31.2379,0.885816,59.998782,-0.006624,0.0000,0.7071,7569.6,-0.1054,2,0
31.2675,0.885893,59.998785,-0.006623,0.0000,0.7071,7560.5,-0.1050,2,0
31.2980,0.885970,59.998788,-0.006622,0.0000,0.7071,7572.8,-0.1030,2,0
31.3308,0.886048,59.998791,-0.006620,0.0000,0.7071,7595.4,-0.0994,2,0
31.3661,0.886125,59.998794,-0.006619,0.0000,0.7071,7563.2,-0.0944,2,0
31.4021,0.886202,59.998797,-0.006618,0.0000,0.7071,7596.6,-0.0878,2,0
31.4401,0.886280,59.998800,-0.006616,0.0000,1.0000,7580.5,-0.0798,2,0
31.4805,0.886358,59.998803,-0.006615,0.0000,1.0000,7615.7,-0.0708,2,0
31.5266,0.886436,59.998806,-0.006613,0.0000,1.0000,7630.0,-0.0607,2,0
31.5760,0.886514,59.998809,-0.006612,0.0000,1.0000,7630.1,-0.0497,2,0
31.6285,0.886592,59.998812,-0.006610,0.0000,1.0000,7617.5,-0.0383,2,0
31.6802,0.886670,59.998815,-0.006609,0.0000,1.0000,7608.5,-0.0265,2,0
31.7309,0.886748,59.998818,-0.006607,0.0000,1.0000,7602.7,-0.0146,2,0
31.7830,0.886827,59.998821,-0.006606,0.0000,1.0000,7592.4,-0.0029,2,0
31.8370,0.886905,59.998824,-0.006604,0.0000,1.0000,7574.3,0.0084,2,0
31.8888,0.886984,59.998827,-0.006603,0.0000,1.0000,7564.5,0.0193,2,0
31.9403,0.887063,59.998830,-0.006601,0.0000,1.0000,7559.4,0.0298,2,0
31.9896,0.887142,59.998833,-0.006600,0.0000,1.0000,7563.3,0.0396,2,0
32.0393,0.887221,59.998835,-0.006598,0.0000,1.0000,7565.9,0.0488,2,0
32.0883,0.887300,59.998838,-0.006597,0.0000,1.0000,7572.2,0.0571,2,0
32.1369,0.887379,59.998840,-0.006595,0.0000,1.0000,7579.4,0.0644,2,0
32.1848,0.887459,59.998843,-0.006593,0.0000,1.0000,7587.9,0.0708,2,0
32.2329,0.887538,59.998846,-0.006592,0.0000,1.0000,7593.5,0.0763,2,0
32.2819,0.887618,59.998848,-0.006590,0.0000,1.0000,7598.3,0.0809,2,0
32.3313,0.887698,59.998851,-0.006588,0.0000,1.0000,7603.9,0.0848,2,0
32.3792,0.887778,59.998853,-0.006587,0.0000,1.0000,7611.8,0.0877,2,0
32.4266,0.887858,59.998856,-0.006585,0.0000,1.0000,7622.6,0.0898,2,0
32.4731,0.887938,59.998859,-0.006583,0.0000,1.0000,7637.9,0.0911,2,0
32.5191,0.888018,59.998861,-0.006582,0.0000,1.0000,7653.6,0.0919,2,0
32.5650,0.888099,59.998864,-0.006580,0.0000,1.0000,7671.5,0.0921,2,0
32.6113,0.888179,59.998866,-0.006578,0.0000,1.0000,7689.0,0.0921,2,0
32.6576,0.888260,59.998869,-0.006576,0.0000,1.0000,7705.3,0.0917,2,0
32.7023,0.888341,59.998872,-0.006574,0.0000,1.0000,7726.7,0.0910,2,0
32.7476,0.888421,59.998874,-0.006573,0.0000,1.0000,7747.2,0.0902,2,0
32.7936,0.888502,59.998877,-0.006571,0.0000,1.0000,7763.2,0.0895,2,0
32.8391,0.888583,59.998879,-0.006569,0.0000,1.0000,7781.4,0.0888,2,0
32.8846,0.888665,59.998882,-0.006567,0.0000,1.0000,7801.0,0.0883,2,0
32.9305,0.888746,59.998885,-0.006566,0.0000,1.0000,7818.7,0.0881,2,0
32.9769,0.888827,59.998888,-0.006564,0.0000,1.0000,7830.9,0.0878,2,0
33.0220,0.888909,59.998890,-0.006562,0.0000,1.0000,7848.5,0.0877,2,0
33.0677,0.888991,59.998893,-0.006560,0.0000,1.0000,7862.0,0.0878,2,0
33.1139,0.889072,59.998896,-0.006558,0.0000,1.0000,7873.8,0.0879,2,0
33.1600,0.889154,59.998899,-0.006556,0.0000,1.0000,7885.2,0.0883,2,0
33.2064,0.889236,59.998902,-0.006554,0.0000,1.0000,7896.3,0.0889,2,0
33.2525,0.889318,59.998904,-0.006552,0.0000,1.0000,7907.7,0.0895,2,0
33.2978,0.889400,59.998907,-0.006550,0.0000,1.0000,7919.3,0.0900,2,0
33.3435,0.889483,59.998910,-0.006549,0.0000,1.0000,7929.8,0.0906,2,0
33.3893,0.889565,59.998913,-0.006547,0.0000,1.0000,7938.6,0.0910,2,0
33.4348,0.889648,59.998916,-0.006544,0.0000,1.0000,7951.4,0.0914,2,0
33.4804,0.889730,59.998919,-0.006542,0.0000,1.0000,7960.8,0.0918,2,0
33.5248,0.889813,59.998922,-0.006540,0.0000,1.0000,7976.1,0.0920,2,0
33.5692,0.889896,59.998925,-0.006538,0.0000,1.0000,7991.8,0.0921,2,0
33.6139,0.889979,59.998928,-0.006536,0.0000,1.0000,8002.9,0.0919,2,0
33.6578,0.890062,59.998931,-0.006534,0.0000,1.0000,8019.2,0.0915,2,0
33.7017,0.890145,59.998934,-0.006532,0.0000,1.0000,8034.5,0.0910,2,0
33.7464,0.890229,59.998937,-0.006530,0.0000,1.0000,8045.9,0.0904,2,0
33.7912,0.890312,59.998940,-0.006528,0.0000,1.0000,8060.7,0.0898,2,0
33.8333,0.890395,59.998943,-0.006526,0.0000,1.0000,8081.0,0.0889,2,0
33.8778,0.890479,59.998945,-0.006524,0.0000,1.0000,8091.3,0.0879,2,0
33.9214,0.890563,59.998948,-0.006522,0.0000,1.0000,8101.9,0.0868,2,0
33.9640,0.890647,59.998950,-0.006519,0.0000,1.0000,8120.8,0.0856,2,0
34.0073,0.890731,59.998953,-0.006517,0.0000,1.0000,8132.1,0.0845,2,0
34.0513,0.890815,59.998956,-0.006515,0.0000,1.0000,8144.7,0.0833,2,0
34.0943,0.890899,59.998958,-0.006513,0.0000,1.0000,8160.8,0.0821,2,0
34.1389,0.890983,59.998961,-0.006511,0.0000,1.0000,8167.2,0.0808,2,0
34.1826,0.891067,59.998963,-0.006508,0.0000,1.0000,8177.0,0.0795,2,0
34.2268,0.891152,59.998966,-0.006506,0.0000,1.0000,8184.2,0.0783,2,0
34.2687,0.891237,59.998969,-0.006504,0.0000,1.0000,8202.2,0.0772,2,0
34.3142,0.891321,59.998972,-0.006501,0.0000,1.0000,8208.6,0.0762,2,0
34.3584,0.891406,59.998975,-0.006499,0.0000,1.0000,8215.4,0.0753,2,0
34.4038,0.891491,59.998978,-0.006497,0.0000,1.0000,8222.4,0.0746,2,0
34.4483,0.891576,59.998981,-0.006494,0.0000,1.0000,8228.0,0.0740,2,0
34.4899,0.891661,59.998985,-0.006492,0.0000,1.0000,8246.7,0.0736,2,0
34.5339,0.891746,59.998988,-0.006489,0.0000,1.0000,8254.7,0.0735,2,0
34.5804,0.891832,59.998991,-0.006487,0.0000,1.0000,8259.2,0.0737,2,0
34.6240,0.891917,59.998994,-0.006485,0.0000,1.0000,8267.8,0.0743,2,0
34.6698,0.892003,59.998997,-0.006482,0.0000,1.0000,8269.5,0.0750,2,0
34.7148,0.892089,59.999000,-0.006480,0.0000,1.0000,8274.5,0.0759,2,0
34.7572,0.892174,59.999002,-0.006477,0.0000,1.0000,8288.2,0.0768,2,0
34.8010,0.892260,59.999005,-0.006474,0.0000,1.0000,8298.0,0.0780,2,0
34.8457,0.892346,59.999007,-0.006472,0.0000,1.0000,8301.2,0.0791,2,0
34.8919,0.892432,59.999010,-0.006469,0.0000,1.0000,8304.5,0.0802,2,0
34.9352,0.892519,59.999013,-0.006467,0.0000,1.0000,8312.8,0.0811,2,0
34.9778,0.892605,59.999015,-0.006464,0.0000,1.0000,8325.4,0.0816,2,0
35.0196,0.892691,59.999018,-0.006462,0.0000,1.0000,8339.1,0.0819,2,0
35.0630,0.892778,59.999020,-0.006459,0.0000,1.0000,8344.9,0.0820,2,0
35.1076,0.892865,59.999023,-0.006456,0.0000,1.0000,8350.6,0.0821,2,0
35.1511,0.892951,59.999026,-0.006454,0.0000,1.0000,8362.2,0.0820,2,0
35.1933,0.893038,59.999028,-0.006451,0.0000,1.0000,8376.6,0.0818,2,0
35.2365,0.893125,59.999031,-0.006448,0.0000,1.0000,8383.3,0.0811,2,0
35.2798,0.893212,59.999034,-0.006445,0.0000,1.0000,8393.6,0.0804,2,0
35.3214,0.893300,59.999037,-0.006443,0.0000,1.0000,8409.6,0.0798,2,0
35.3647,0.893387,59.999039,-0.006440,0.0000,1.0000,8419.3,0.0791,2,0
35.4062,0.893474,59.999042,-0.006437,0.0000,1.0000,8436.2,0.0783,2,0
35.4493,0.893562,59.999045,-0.006434,0.0000,1.0000,8443.6,0.0773,2,0
35.4940,0.893649,59.999047,-0.006432,0.0000,1.0000,8443.9,0.0763,2,0
35.5344,0.893737,59.999050,-0.006429,0.0000,1.0000,8463.4,0.0753,2,0
35.5767,0.893825,59.999053,-0.006426,0.0000,1.0000,8474.6,0.0743,2,0
35.6193,0.893913,59.999056,-0.006423,0.0000,1.0000,8486.1,0.0734,2,0
35.6606,0.894001,59.999059,-0.006420,0.0000,1.0000,8502.2,0.0724,2,0
35.7030,0.894089,59.999062,-0.006417,0.0000,1.0000,8508.7,0.0711,2,0
35.7464,0.894177,59.999065,-0.006414,0.0000,1.0000,8514.8,0.0698,2,0
35.7867,0.894266,59.999068,-0.006411,0.0000,1.0000,8529.8,0.0683,2,0
35.8297,0.894354,59.999071,-0.006409,0.0000,1.0000,8534.7,0.0667,2,0
35.8720,0.894443,59.999074,-0.006406,0.0000,1.0000,8545.8,0.0650,2,0
35.9129,0.894531,59.999077,-0.006403,0.0000,1.0000,8559.3,0.0632,2,0
35.9550,0.894620,59.999080,-0.006400,0.0000,1.0000,8568.0,0.0610,2,0
35.9976,0.894709,59.999083,-0.006397,0.0000,1.0000,8571.8,0.0587,2,0
36.0403,0.894798,59.999085,-0.006394,0.0000,1.0000,8578.2,0.0561,2,0
36.0820,0.894887,59.999088,-0.006390,0.0000,1.0000,8588.0,0.0538,2,0
36.1251,0.894976,59.999091,-0.006387,0.0000,1.0000,8594.6,0.0514,2,0
36.1675,0.895066,59.999094,-0.006384,0.0000,1.0000,8601.5,0.0492,2,0
36.2101,0.895155,59.999096,-0.006381,0.0000,1.0000,8606.4,0.0469,2,0
36.2533,0.895244,59.999099,-0.006378,0.0000,1.0000,8609.8,0.0447,2,0
36.2958,0.895334,59.999102,-0.006375,0.0000,1.0000,8614.5,0.0428,2,0
36.3394,0.895424,59.999104,-0.006372,0.0000,1.0000,8617.3,0.0411,2,0
36.3828,0.895514,59.999107,-0.006369,0.0000,1.0000,8623.1,0.0397,2,0
36.4258,0.895603,59.999110,-0.006366,0.0000,1.0000,8627.4,0.0383,2,0
36.4683,0.895693,59.999113,-0.006362,0.0000,1.0000,8631.5,0.0369,2,0
36.5119,0.895784,59.999116,-0.006359,0.0000,1.0000,8631.9,0.0357,2,0
36.5561,0.895874,59.999119,-0.006356,0.0000,1.0000,8630.0,0.0345,2,0
36.5989,0.895964,59.999122,-0.006353,0.0000,1.0000,8637.4,0.0336,2,0
36.6425,0.896055,59.999126,-0.006349,0.0000,1.0000,8640.5,0.0328,2,0
36.6859,0.896145,59.999129,-0.006346,0.0000,1.0000,8644.0,0.0320,2,0
36.7290,0.896236,59.999132,-0.006343,0.0000,1.0000,8647.7,0.0314,2,0
36.7725,0.896327,59.999135,-0.006340,0.0000,1.0000,8649.5,0.0308,2,0
36.8164,0.896418,59.999138,-0.006336,0.0000,1.0000,8651.5,0.0305,2,0
36.8597,0.896509,59.999141,-0.006333,0.0000,1.0000,8656.3,0.0302,2,0
36.9028,0.896600,59.999143,-0.006330,0.0000,1.0000,8662.1,0.0300,2,0
36.9458,0.896691,59.999146,-0.006326,0.0000,1.0000,8666.9,0.0298,2,0
36.9886,0.896782,59.999149,-0.006323,0.0000,1.0000,8670.8,0.0298,2,0
37.0314,0.896874,59.999151,-0.006319,0.0000,1.0000,8675.1,0.0297,2,0
37.0749,0.896965,59.999154,-0.006316,0.0000,1.0000,8678.2,0.0296,2,0
37.1191,0.897057,59.999157,-0.006313,0.0000,1.0000,8678.7,0.0296,2,0
37.1619,0.897148,59.999160,-0.006309,0.0000,1.0000,8684.3,0.0296,2,0
37.2036,0.897240,59.999162,-0.006306,0.0000,1.0000,8692.6,0.0296,2,0
37.2460,0.897332,59.999165,-0.006302,0.0000,1.0000,8698.3,0.0294,2,0
37.2881,0.897424,59.999168,-0.006299,0.0000,1.0000,8705.6,0.0293,2,0
37.3298,0.897516,59.999171,-0.006296,0.0000,1.0000,8714.7,0.0292,2,0
37.3715,0.897609,59.999174,-0.006292,0.0000,1.0000,8724.7,0.0291,2,0
37.4133,0.897701,59.999177,-0.006289,0.0000,1.0000,8733.9,0.0288,2,0
37.4539,0.897794,59.999180,-0.006285,0.0000,1.0000,8745.4,0.0286,2,0
37.4951,0.897886,59.999183,-0.006282,0.0000,1.0000,8754.4,0.0281,2,0
37.5366,0.897979,59.999186,-0.006278,0.0000,1.0000,8762.5,0.0278,2,0
37.5780,0.898072,59.999189,-0.006275,0.0000,1.0000,8771.4,0.0275,2,0
37.6192,0.898164,59.999192,-0.006271,0.0000,1.0000,8782.0,0.0272,2,0
37.6605,0.898257,59.999195,-0.006268,0.0000,1.0000,8792.2,0.0269,2,0
37.7012,0.898350,59.999198,-0.006264,0.0000,1.0000,8802.0,0.0267,2,0
37.7420,0.898444,59.999200,-0.006261,0.0000,1.0000,8812.8,0.0265,2,0
37.7828,0.898537,59.999203,-0.006257,0.0000,1.0000,8822.2,0.0264,2,0
37.8246,0.898630,59.999205,-0.006254,0.0000,1.0000,8828.5,0.0264,2,0
37.8662,0.898724,59.999208,-0.006250,0.0000,1.0000,8835.0,0.0265,2,0
37.9069,0.898817,59.999210,-0.006246,0.0000,1.0000,8844.1,0.0267,2,0
37.9485,0.898911,59.999212,-0.006243,0.0000,1.0000,8850.3,0.0269,2,0
37.9902,0.899005,59.999215,-0.006239,0.0000,1.0000,8854.1,0.0272,2,0
38.0319,0.899099,59.999218,-0.006236,0.0000,1.0000,8858.7,0.0275,2,0
38.0724,0.899193,59.999220,-0.006232,0.0000,1.0000,8867.5,0.0277,2,0
38.1122,0.899287,59.999223,-0.006229,0.0000,1.0000,8877.4,0.0280,2,0
38.1528,0.899381,59.999226,-0.006225,0.0000,0.0000,8868.0,0.0283,2,0
38.1441,0.899475,59.999230,-0.006221,0.0000,0.0000,8819.6,0.0287,2,0
38.1281,0.899569,59.999233,-0.006218,0.0000,0.0000,8771.4,0.0291,2,0
38.1131,0.899663,59.999236,-0.006214,0.0000,0.0000,8723.4,0.0294,2,0
38.0982,0.899757,59.999239,-0.006211,0.0000,0.0000,8675.6,0.0299,2,0
38.1273,0.899851,59.999242,-0.006207,0.0000,0.0000,7782.7,0.0302,3,0
38.1786,0.899946,59.999246,-0.006203,0.0000,1.0000,7398.0,0.0304,3,0
38.2298,0.900040,59.999249,-0.006200,0.0000,1.0000,7349.7,0.0308,3,0
38.2825,0.900135,59.999252,-0.006196,0.0000,1.0000,7293.8,0.0313,3,0
38.3328,0.900229,59.999255,-0.006192,0.0000,1.0000,7250.5,0.0319,3,0
38.3746,0.900324,59.999258,-0.006189,0.0000,1.0000,7243.0,0.0324,3,0
38.4115,0.900419,59.999261,-0.006185,0.0000,1.0000,7255.3,0.0331,3,0
38.4485,0.900514,59.999264,-0.006181,0.0000,1.0000,7266.8,0.0337,3,0
38.4856,0.900609,59.999268,-0.006178,0.0000,1.0000,7281.6,0.0344,3,0
38.5236,0.900704,59.999271,-0.006174,0.0000,1.0000,7292.0,0.0352,3,0
38.5627,0.900799,59.999274,-0.006170,0.0000,1.0000,7297.7,0.0358,3,0
38.6004,0.900894,59.999277,-0.006167,0.0000,1.0000,7308.1,0.0366,3,0
38.6382,0.900990,59.999280,-0.006163,0.0000,1.0000,7319.1,0.0375,3,0
38.6759,0.901085,59.999283,-0.006159,0.0000,1.0000,7330.9,0.0384,3,0
38.7161,0.901181,59.999286,-0.006155,0.0000,1.0000,7335.1,0.0392,3,0
38.7564,0.901276,59.999288,-0.006152,0.0000,1.0000,7337.8,0.0401,3,0
38.7968,0.901372,59.999291,-0.006148,0.0000,1.0000,7340.9,0.0408,3,0
38.8362,0.901468,59.999294,-0.006144,0.0000,1.0000,7348.0,0.0414,3,0
38.8755,0.901564,59.999296,-0.006140,0.0000,1.0000,7355.9,0.0421,3,0
38.9152,0.901660,59.999299,-0.006137,0.0000,1.0000,7362.5,0.0427,3,0
38.9562,0.901756,59.999302,-0.006133,0.0000,1.0000,7364.4,0.0435,3,0
38.9970,0.901852,59.999305,-0.006129,0.0000,1.0000,7367.8,0.0443,3,0
39.0373,0.901949,59.999307,-0.006125,0.0000,1.0000,7372.9,0.0452,3,0
39.0776,0.902045,59.999310,-0.006121,0.0000,1.0000,7376.8,0.0462,3,0
39.1186,0.902142,59.999313,-0.006118,0.0000,1.0000,7377.7,0.0474,3,0
39.1592,0.902239,59.999316,-0.006114,0.0000,1.0000,7381.1,0.0488,3,0
39.1985,0.902335,59.999319,-0.006110,0.0000,1.0000,7389.7,0.0504,3,0
39.2374,0.902432,59.999322,-0.006106,0.0000,1.0000,7400.4,0.0522,3,0
39.2764,0.902529,59.999325,-0.006102,0.0000,1.0000,7409.7,0.0544,3,0
39.3162,0.902626,59.999328,-0.006098,0.0000,1.0000,7415.9,0.0567,3,0
39.3566,0.902723,59.999331,-0.006094,0.0000,1.0000,7421.6,0.0592,3,0
39.3959,0.902821,59.999334,-0.006090,0.0000,1.0000,7431.6,0.0619,3,0
39.4348,0.902918,59.999337,-0.006086,0.0000,1.0000,7442.4,0.0649,3,0
39.4742,0.903015,59.999340,-0.006083,0.0000,1.0000,7452.9,0.0679,3,0
39.5139,0.903113,59.999343,-0.006079,0.0000,1.0000,7462.6,0.0710,3,0
39.5528,0.903211,59.999346,-0.006075,0.0000,1.0000,7475.0,0.0741,3,0
39.5922,0.903308,59.999349,-0.006071,0.0000,1.0000,7487.0,0.0772,3,0
39.6319,0.903406,59.999352,-0.006067,0.0000,1.0000,7496.4,0.0802,3,0
39.6715,0.903504,59.999355,-0.006063,0.0000,1.0000,7505.8,0.0832,3,0
39.7109,0.903602,59.999358,-0.006059,0.0000,1.0000,7515.4,0.0862,3,0
39.7498,0.903700,59.999361,-0.006055,0.0000,1.0000,7527.2,0.0889,3,0
39.7880,0.903798,59.999364,-0.006051,0.0000,1.0000,7541.1,0.0916,3,0
39.8259,0.903897,59.999367,-0.006047,0.0000,1.0000,7556.9,0.0939,3,0
39.8635,0.903995,59.999370,-0.006043,0.0000,1.0000,7573.1,0.0959,3,0
39.9018,0.904094,59.999373,-0.006039,0.0000,1.0000,7585.2,0.0976,3,0
39.9405,0.904192,59.999375,-0.006035,0.0000,1.0000,7595.1,0.0988,3,0
39.9794,0.904291,59.999378,-0.006031,0.0000,1.0000,7605.7,0.0996,3,0
40.0173,0.904390,59.999381,-0.006027,0.0000,1.0000,7621.2,0.1000,3,0
40.0547,0.904489,59.999384,-0.006022,0.0000,1.0000,7639.0,0.1000,3,0
40.0922,0.904588,59.999386,-0.006018,0.0000,1.0000,7654.4,0.0995,3,0
40.1304,0.904687,59.999389,-0.006014,0.0000,1.0000,7666.8,0.0985,3,0
40.1689,0.904786,59.999392,-0.006010,0.0000,1.0000,7679.2,0.0972,3,0
40.2069,0.904885,59.999394,-0.006006,0.0000,1.0000,7693.0,0.0957,3,0
40.2444,0.904984,59.999397,-0.006002,0.0000,1.0000,7710.1,0.0939,3,0
40.2819,0.905084,59.999400,-0.005998,0.0000,1.0000,7729.1,0.0917,3,0
40.3205,0.905183,59.999403,-0.005994,0.0000,1.0000,7740.1,0.0893,3,0
40.3590,0.905283,59.999406,-0.005989,0.0000,1.0000,7753.0,0.0867,3,0
40.3980,0.905383,59.999409,-0.005985,0.0000,1.0000,7763.8,0.0841,3,0
40.4357,0.905483,59.999413,-0.005981,0.0000,1.0000,7779.2,0.0812,3,0
40.4728,0.905583,59.999416,-0.005977,0.0000,1.0000,7797.1,0.0781,3,0
40.5112,0.905683,59.999419,-0.005972,0.0000,1.0000,7807.2,0.0749,3,0
40.5494,0.905783,59.999422,-0.005968,0.0000,1.0000,7818.8,0.0716,3,0
40.5881,0.905883,59.999425,-0.005964,0.0000,1.0000,7829.6,0.0684,3,0
40.6262,0.905983,59.999428,-0.005960,0.0000,1.0000,7844.3,0.0652,3,0
40.6624,0.906083,59.999431,-0.005955,0.0000,1.0000,7863.4,0.0617,3,0
40.7010,0.906184,59.999434,-0.005951,0.0000,1.0000,7870.7,0.0584,3,0
40.7383,0.906285,59.999438,-0.005946,0.0000,1.0000,7883.8,0.0551,3,0
40.7773,0.906385,59.999441,-0.005942,0.0000,1.0000,7892.5,0.0519,3,0
40.8155,0.906486,59.999444,-0.005938,0.0000,1.0000,7904.0,0.0489,3,0
40.8529,0.906587,59.999447,-0.005933,0.0000,1.0000,7918.9,0.0460,3,0
40.8924,0.906688,59.999450,-0.005929,0.0000,1.0000,7924.1,0.0432,3,0
40.9316,0.906789,59.999454,-0.005924,0.0000,1.0000,7928.0,0.0406,3,0
40.9717,0.906890,59.999457,-0.005920,0.0000,1.0000,7933.4,0.0384,3,0
41.0117,0.906991,59.999460,-0.005916,0.0000,1.0000,7942.8,0.0366,3,0
41.0492,0.907093,59.999462,-0.005911,0.0000,1.0000,7958.6,0.0351,3,0
41.0894,0.907194,59.999465,-0.005906,0.0000,1.0000,7965.7,0.0340,3,0
41.1296,0.907295,59.999468,-0.005902,0.0000,1.0000,7973.6,0.0335,3,0
41.1691,0.907397,59.999470,-0.005897,0.0000,1.0000,7985.4,0.0337,3,0
41.2100,0.907499,59.999472,-0.005893,0.0000,1.0000,7993.8,0.0347,3,0
41.2494,0.907601,59.999475,-0.005888,0.0000,1.0000,8008.3,0.0360,3,0
41.2906,0.907703,59.999477,-0.005884,0.0000,1.0000,8014.1,0.0377,3,0
41.3309,0.907805,59.999480,-0.005879,0.0000,1.0000,8026.6,0.0397,3,0
41.3683,0.907907,59.999482,-0.005874,0.0000,1.0000,8050.5,0.0420,3,0
41.4069,0.908009,59.999485,-0.005870,0.0000,1.0000,8070.7,0.0443,3,0
41.4426,0.908111,59.999488,-0.005865,0.0000,1.0000,8104.6,0.0466,3,0
41.4771,0.908214,59.999491,-0.005860,0.0000,1.0000,8143.1,0.0488,3,0
41.5089,0.908316,59.999494,-0.005856,0.0000,1.0000,8115.8,0.0509,3,0
41.5375,0.908419,59.999497,-0.005851,0.0000,0.7314,8159.7,0.0529,3,0
41.5644,0.908521,59.999501,-0.005846,0.0000,0.7314,8157.0,0.0548,3,0
41.5887,0.908624,59.999504,-0.005841,0.0000,0.7314,8179.4,0.0565,3,0
41.6126,0.908727,59.999507,-0.005837,0.0000,0.7314,8189.1,0.0580,3,0
41.6368,0.908829,59.999510,-0.005832,0.0000,0.7314,8192.4,0.0592,3,0
41.6630,0.908932,59.999513,-0.005827,0.0000,0.7314,8187.5,0.0602,3,0
41.6887,0.909035,59.999516,-0.005823,0.0000,0.7314,8171.2,0.0609,3,0
41.7144,0.909138,59.999519,-0.005818,0.0000,0.7314,8183.9,0.0612,3,0
41.7449,0.909241,59.999522,-0.005813,0.0000,0.7314,8156.7,0.0608,3,0
41.7798,0.909344,59.999525,-0.005808,0.0000,0.7314,8153.5,0.0591,3,0
41.8188,0.909448,59.999528,-0.005803,0.0000,1.0000,8154.5,0.0565,3,0
41.8627,0.909551,59.999531,-0.005799,0.0000,1.0000,8138.9,0.0538,3,0
41.9037,0.909654,59.999534,-0.005794,0.0000,1.0000,8134.9,0.0505,3,0
41.9464,0.909758,59.999537,-0.005789,0.0000,1.0000,8130.1,0.0470,3,0
41.9851,0.909862,59.999540,-0.005784,0.0000,1.0000,8140.8,0.0430,3,0
42.0247,0.909965,59.999543,-0.005779,0.0000,1.0000,8153.9,0.0390,3,0
42.0627,0.910069,59.999546,-0.005774,0.0000,1.0000,8171.3,0.0345,3,0
42.1006,0.910173,59.999549,-0.005769,0.0000,1.0000,8190.1,0.0301,3,0
42.1419,0.910277,59.999551,-0.005764,0.0000,1.0000,8196.2,0.0255,3,0
42.1820,0.910381,59.999554,-0.005759,0.0000,1.0000,8205.2,0.0210,3,0
42.2234,0.910486,59.999557,-0.005754,0.0000,1.0000,8209.8,0.0167,3,0
42.2652,0.910590,59.999560,-0.005749,0.0000,1.0000,8213.7,0.0128,3,0
42.3060,0.910694,59.999562,-0.005744,0.0000,1.0000,8222.2,0.0090,3,0
42.3478,0.910799,59.999565,-0.005739,0.0000,1.0000,8225.7,0.0052,3,0
42.3904,0.910903,59.999568,-0.005734,0.0000,1.0000,8224.9,0.0014,3,0
42.4334,0.911008,59.999570,-0.005729,0.0000,1.0000,8222.4,-0.0022,3,0
42.4758,0.911113,59.999573,-0.005724,0.0000,1.0000,8226.8,-0.0055,3,0
42.5175,0.911218,59.999576,-0.005719,0.0000,1.0000,8231.3,-0.0089,3,0
42.5609,0.911323,59.999578,-0.005714,0.0000,1.0000,8228.7,-0.0125,3,0
42.6039,0.911428,59.999581,-0.005709,0.0000,1.0000,8227.5,-0.0161,3,0
42.6476,0.911534,59.999584,-0.005703,0.0000,1.0000,8224.4,-0.0197,3,0
42.6905,0.911639,59.999586,-0.005698,0.0000,1.0000,8226.6,-0.0230,3,0
42.7336,0.911744,59.999589,-0.005693,0.0000,1.0000,8228.6,-0.0262,3,0
42.7781,0.911850,59.999592,-0.005688,0.0000,1.0000,8224.7,-0.0292,3,0
42.8221,0.911956,59.999595,-0.005683,0.0000,1.0000,8223.1,-0.0320,3,0
42.8682,0.912062,59.999597,-0.005677,0.0000,1.0000,8214.2,-0.0341,3,0
42.9142,0.912168,59.999600,-0.005672,0.0000,1.0000,8208.2,-0.0357,3,0
42.9597,0.912274,59.999603,-0.005667,0.0000,1.0000,8206.4,-0.0366,3,0
43.0052,0.912380,59.999606,-0.005661,0.0000,1.0000,8202.9,-0.0370,3,0
43.0504,0.912486,59.999609,-0.005656,0.0000,1.0000,8203.0,-0.0364,3,0
43.0973,0.912592,59.999612,-0.005651,0.0000,1.0000,8197.8,-0.0353,3,0
43.1442,0.912699,59.999615,-0.005645,0.0000,1.0000,8193.5,-0.0334,3,0
43.1922,0.912806,59.999618,-0.005640,0.0000,1.0000,8185.3,-0.0309,3,0
43.2393,0.912912,59.999621,-0.005635,0.0000,1.0000,8179.4,-0.0277,3,0
43.2861,0.913019,59.999624,-0.005629,0.0000,1.0000,8176.3,-0.0238,3,0
43.3335,0.913126,59.999627,-0.005624,0.0000,1.0000,8170.0,-0.0191,3,0
43.3812,0.913233,59.999630,-0.005619,0.0000,1.0000,8163.3,-0.0139,3,0
43.4274,0.913340,59.999633,-0.005613,0.0000,1.0000,8162.3,-0.0080,3,0
43.4724,0.913448,59.999635,-0.005608,0.0000,1.0000,8165.9,-0.0016,3,0
43.5153,0.913555,59.999638,-0.005602,0.0000,1.0000,8179.3,0.0052,3,0
43.5574,0.913663,59.999641,-0.005597,0.0000,1.0000,8197.2,0.0122,3,0
43.5986,0.913770,59.999644,-0.005591,0.0000,1.0000,8217.2,0.0194,3,0
43.6426,0.913878,59.999646,-0.005586,0.0000,1.0000,8225.6,0.0263,3,0
43.6870,0.913986,59.999649,-0.005580,0.0000,1.0000,8233.0,0.0328,3,0
43.7306,0.914094,59.999652,-0.005575,0.0000,1.0000,8242.0,0.0387,3,0
43.7743,0.914202,59.999654,-0.005569,0.0000,1.0000,8249.7,0.0441,3,0
43.8184,0.914310,59.999657,-0.005564,0.0000,1.0000,8258.1,0.0487,3,0
43.8637,0.914418,59.999660,-0.005558,0.0000,1.0000,8260.0,0.0528,3,0
43.9098,0.914527,59.999662,-0.005553,0.0000,1.0000,8257.6,0.0561,3,0
43.9539,0.914635,59.999665,-0.005547,0.0000,1.0000,8263.4,0.0588,3,0
43.9985,0.914744,59.999667,-0.005542,0.0000,1.0000,8269.8,0.0612,3,0
44.0435,0.914853,59.999670,-0.005536,0.0000,1.0000,8276.1,0.0632,3,0
44.0865,0.914961,59.999673,-0.005531,0.0000,1.0000,8288.2,0.0646,3,0
44.1290,0.915070,59.999675,-0.005525,0.0000,1.0000,8302.3,0.0654,3,0
44.1728,0.915179,59.999678,-0.005520,0.0000,1.0000,8312.1,0.0657,3,0
44.2163,0.915289,59.999680,-0.005514,0.0000,1.0000,8324.7,0.0657,3,0
44.2583,0.915398,59.999683,-0.005509,0.0000,1.0000,8343.2,0.0652,3,0
44.3007,0.915507,59.999686,-0.005503,0.0000,1.0000,8359.6,0.0643,3,0
44.3413,0.915617,59.999689,-0.005498,0.0000,1.0000,8381.4,0.0632,3,0
44.3815,0.915726,59.999692,-0.005492,0.0000,1.0000,8406.3,0.0619,3,0
44.4253,0.915836,59.999695,-0.005486,0.0000,1.0000,8416.4,0.0608,3,0
44.4678,0.915946,59.999698,-0.005481,0.0000,1.0000,8429.8,0.0595,3,0
44.5113,0.916056,59.999702,-0.005475,0.0000,1.0000,8437.6,0.0581,3,0
44.5533,0.916166,59.999705,-0.005469,0.0000,1.0000,8450.9,0.0565,3,0
44.5973,0.916276,59.999708,-0.005464,0.0000,1.0000,8456.8,0.0549,3,0
44.6415,0.916386,59.999711,-0.005458,0.0000,1.0000,8462.4,0.0533,3,0
44.6851,0.916496,59.999714,-0.005453,0.0000,1.0000,8469.5,0.0515,3,0
44.7288,0.916607,59.999717,-0.005447,0.0000,1.0000,8476.1,0.0497,3,0
44.7716,0.916717,59.999719,-0.005441,0.0000,1.0000,8485.7,0.0477,3,0
44.8153,0.916828,59.999722,-0.005435,0.0000,1.0000,8494.2,0.0460,3,0
44.8604,0.916938,59.999724,-0.005430,0.0000,1.0000,8497.4,0.0445,3,0
44.9051,0.917049,59.999727,-0.005424,0.0000,1.0000,8500.7,0.0429,3,0
44.9489,0.917160,59.999730,-0.005418,0.0000,1.0000,8508.9,0.0416,3,0
44.9911,0.917271,59.999732,-0.005412,0.0000,1.0000,8523.6,0.0406,3,0
45.0362,0.917382,59.999735,-0.005406,0.0000,1.0000,8527.5,0.0398,3,0
45.0816,0.917494,59.999737,-0.005401,0.0000,1.0000,8529.3,0.0394,3,0
45.1259,0.917605,59.999740,-0.005395,0.0000,1.0000,8534.5,0.0391,3,0
45.1688,0.917717,59.999743,-0.005389,0.0000,1.0000,8544.7,0.0390,3,0
45.2120,0.917828,59.999746,-0.005383,0.0000,1.0000,8554.7,0.0393,3,0
45.2571,0.917940,59.999749,-0.005377,0.0000,1.0000,8557.5,0.0397,3,0
45.3029,0.918052,59.999752,-0.005371,0.0000,1.0000,8556.7,0.0404,3,0
45.3477,0.918164,59.999755,-0.005365,0.0000,1.0000,8562.2,0.0413,3,0
45.3919,0.918276,59.999758,-0.005360,0.0000,1.0000,8570.7,0.0424,3,0
45.4373,0.918388,59.999761,-0.005354,0.0000,1.0000,8575.9,0.0441,3,0
45.4849,0.918500,59.999764,-0.005348,0.0000,1.0000,8572.6,0.0460,3,0
45.5303,0.918613,59.999767,-0.005342,0.0000,1.0000,8577.6,0.0482,3,0
45.5759,0.918725,59.999770,-0.005336,0.0000,1.0000,8579.7,0.0508,3,0
45.6189,0.918838,59.999773,-0.005330,0.0000,1.0000,8592.4,0.0536,3,0
45.6640,0.918951,59.999776,-0.005324,0.0000,1.0000,8594.7,0.0565,3,0
45.7086,0.919063,59.999778,-0.005318,0.0000,1.0000,8595.3,0.0593,3,0
45.7529,0.919176,59.999781,-0.005312,0.0000,1.0000,8596.4,0.0620,3,0
45.7968,0.919289,59.999784,-0.005306,0.0000,1.0000,8597.9,0.0645,3,0
45.8394,0.919403,59.999787,-0.005300,0.0000,1.0000,8606.0,0.0666,3,0
45.8821,0.919516,59.999790,-0.005294,0.0000,1.0000,8617.8,0.0684,3,0
45.9241,0.919629,59.999792,-0.005288,0.0000,1.0000,8631.0,0.0700,3,0
45.9668,0.919743,59.999795,-0.005282,0.0000,1.0000,8639.6,0.0712,3,0
46.0091,0.919856,59.999798,-0.005276,0.0000,1.0000,8651.0,0.0721,3,0
46.0515,0.919970,59.999801,-0.005270,0.0000,1.0000,8662.9,0.0727,3,0
46.0966,0.920084,59.999803,-0.005264,0.0000,1.0000,8664.4,0.0731,3,0
46.1387,0.920198,59.999806,-0.005258,0.0000,1.0000,8677.3,0.0731,3,0
46.1826,0.920312,59.999809,-0.005251,0.0000,1.0000,8682.4,0.0727,3,0
46.2273,0.920426,59.999811,-0.005245,0.0000,1.0000,8685.8,0.0722,3,0
46.2707,0.920540,59.999814,-0.005239,0.0000,1.0000,8693.8,0.0715,3,0
46.3121,0.920654,59.999817,-0.005233,0.0000,1.0000,8712.0,0.0706,3,0
46.3531,0.920769,59.999820,-0.005227,0.0000,1.0000,8729.7,0.0695,3,0
46.3943,0.920883,59.999822,-0.005221,0.0000,1.0000,8745.9,0.0684,3,0
46.4342,0.920998,59.999825,-0.005215,0.0000,1.0000,8768.1,0.0674,3,0
46.4759,0.921113,59.999828,-0.005208,0.0000,1.0000,8781.3,0.0665,3,0
46.5172,0.921227,59.999830,-0.005202,0.0000,1.0000,8794.3,0.0656,3,0
46.5592,0.921342,59.999833,-0.005196,0.0000,1.0000,8805.0,0.0649,3,0
46.5998,0.921457,59.999835,-0.005190,0.0000,1.0000,8822.6,0.0644,3,0
46.6405,0.921573,59.999837,-0.005183,0.0000,1.0000,8838.5,0.0642,3,0
46.6828,0.921688,59.999840,-0.005177,0.0000,1.0000,8848.7,0.0642,3,0
46.7249,0.921803,59.999842,-0.005171,0.0000,1.0000,8858.2,0.0646,3,0
46.7676,0.921919,59.999845,-0.005165,0.0000,1.0000,8864.0,0.0654,3,0
46.8102,0.922034,59.999848,-0.005158,0.0000,1.0000,8870.7,0.0665,3,0
46.8527,0.922150,59.999850,-0.005152,0.0000,1.0000,8876.0,0.0679,3,0
46.8943,0.922266,59.999853,-0.005146,0.0000,1.0000,8884.8,0.0695,3,0
46.9359,0.922381,59.999856,-0.005139,0.0000,1.0000,8892.5,0.0713,3,0
46.9777,0.922497,59.999858,-0.005133,0.0000,1.0000,8898.9,0.0731,3,0
47.0186,0.922613,59.999861,-0.005127,0.0000,1.0000,8907.5,0.0751,3,0
47.0601,0.922730,59.999864,-0.005120,0.0000,1.0000,8913.4,0.0769,3,0
47.1011,0.922846,59.999867,-0.005114,0.0000,1.0000,8920.7,0.0785,3,0
47.1424,0.922962,59.999870,-0.005107,0.0000,1.0000,8925.9,0.0799,3,0
47.1831,0.923079,59.999872,-0.005101,0.0000,1.0000,8935.7,0.0811,3,0
47.2243,0.923195,59.999875,-0.005095,0.0000,1.0000,8943.5,0.0820,3,0
47.2657,0.923312,59.999878,-0.005088,0.0000,1.0000,8950.1,0.0826,3,0
47.3066,0.923429,59.999881,-0.005082,0.0000,1.0000,8957.6,0.0827,3,0
47.3468,0.923546,59.999884,-0.005075,0.0000,1.0000,8968.3,0.0827,3,0
47.3877,0.923663,59.999888,-0.005069,0.0000,1.0000,8977.2,0.0823,3,0
47.4274,0.923780,59.999891,-0.005062,0.0000,1.0000,8990.3,0.0816,3,0
47.4680,0.923897,59.999894,-0.005056,0.0000,1.0000,8998.4,0.0804,3,0
47.5079,0.924014,59.999897,-0.005049,0.0000,1.0000,9010.2,0.0789,3,0
47.5484,0.924132,59.999900,-0.005043,0.0000,1.0000,9020.0,0.0772,3,0
47.5889,0.924249,59.999904,-0.005036,0.0000,1.0000,9029.4,0.0751,3,0
47.6294,0.924367,59.999907,-0.005030,0.0000,1.0000,9039.1,0.0726,3,0
47.6699,0.924484,59.999910,-0.005023,0.0000,1.0000,9047.2,0.0697,3,0
47.7102,0.924602,59.999913,-0.005016,0.0000,1.0000,9058.2,0.0665,3,0
47.7521,0.924720,59.999915,-0.005010,0.0000,1.0000,9064.0,0.0632,3,0
47.7929,0.924838,59.999918,-0.005003,0.0000,1.0000,9070.9,0.0592,3,0
47.8345,0.924956,59.999920,-0.004996,0.0000,1.0000,9077.9,0.0548,3,0
47.8756,0.925074,59.999923,-0.004990,0.0000,1.0000,9084.3,0.0500,3,0
47.9164,0.925193,59.999925,-0.004983,0.0000,1.0000,9094.0,0.0449,3,0
47.9592,0.925311,59.999927,-0.004976,0.0000,1.0000,9096.2,0.0395,3,0
48.0007,0.925429,59.999930,-0.004970,0.0000,1.0000,9103.6,0.0340,3,0
48.0429,0.925548,59.999932,-0.004963,0.0000,1.0000,9106.7,0.0284,3,0
48.0860,0.925667,59.999935,-0.004956,0.0000,1.0000,9107.7,0.0231,3,0
48.1291,0.925786,59.999937,-0.004949,0.0000,1.0000,9111.9,0.0181,3,0
48.1715,0.925904,59.999940,-0.004943,0.0000,1.0000,9118.0,0.0134,3,0
48.2146,0.926023,59.999942,-0.004936,0.0000,1.0000,9120.6,0.0091,3,0
48.2595,0.926143,59.999944,-0.004929,0.0000,1.0000,9117.3,0.0052,3,0
48.3030,0.926262,59.999947,-0.004922,0.0000,1.0000,9121.5,0.0018,3,0
48.3475,0.926381,59.999949,-0.004915,0.0000,1.0000,9120.7,-0.0010,3,0
48.3915,0.926501,59.999951,-0.004909,0.0000,1.0000,9122.4,-0.0032,3,0
48.4368,0.926620,59.999953,-0.004902,0.0000,1.0000,9118.6,-0.0049,3,0
48.4814,0.926740,59.999956,-0.004895,0.0000,1.0000,9119.0,-0.0061,3,0
48.5263,0.926860,59.999958,-0.004888,0.0000,1.0000,9117.6,-0.0067,3,0
48.5713,0.926980,59.999961,-0.004881,0.0000,1.0000,9115.3,-0.0069,3,0
48.6162,0.927100,59.999963,-0.004874,0.0000,1.0000,9113.4,-0.0066,3,0
48.6615,0.927220,59.999966,-0.004867,0.0000,1.0000,9110.1,-0.0059,3,0
48.7062,0.927340,59.999969,-0.004860,0.0000,1.0000,9110.0,-0.0049,3,0
48.7506,0.927460,59.999972,-0.004854,0.0000,1.0000,9110.4,-0.0036,3,0
48.7946,0.927581,59.999974,-0.004847,0.0000,1.0000,9112.5,-0.0022,3,0
48.8385,0.927701,59.999977,-0.004840,0.0000,1.0000,9115.6,-0.0005,3,0
48.8826,0.927822,59.999980,-0.004833,0.0000,1.0000,9118.0,0.0013,3,0
48.9256,0.927943,59.999982,-0.004826,0.0000,1.0000,9126.1,0.0032,3,0
48.9682,0.928064,59.999985,-0.004819,0.0000,1.0000,9136.4,0.0053,3,0
49.0113,0.928185,59.999988,-0.004812,0.0000,1.0000,9144.0,0.0073,3,0
49.0547,0.928306,59.999990,-0.004805,0.0000,1.0000,9150.8,0.0094,3,0
49.0977,0.928427,59.999993,-0.004798,0.0000,1.0000,9160.2,0.0116,3,0
49.1399,0.928548,59.999995,-0.004791,0.0000,1.0000,9172.7,0.0140,3,0
49.1820,0.928670,59.999997,-0.004784,0.0000,1.0000,9184.2,0.0163,3,0
49.2245,0.928791,60.000000,-0.004777,0.0000,1.0000,9193.2,0.0186,3,0
49.2680,0.928913,60.000003,-0.004770,0.0000,1.0000,9198.2,0.0210,3,0
49.3110,0.929035,60.000005,-0.004763,0.0000,1.0000,9205.7,0.0233,3,0
49.3528,0.929156,60.000008,-0.004756,0.0000,1.0000,9215.9,0.0256,3,0
49.3952,0.929278,60.000010,-0.004749,0.0000,1.0000,9224.5,0.0277,3,0
49.4379,0.929400,60.000013,-0.004742,0.0000,1.0000,9231.6,0.0298,3,0
49.4816,0.929523,60.000016,-0.004735,0.0000,1.0000,9235.5,0.0318,3,0
49.5234,0.929645,60.000019,-0.004728,0.0000,1.0000,9246.8,0.0337,3,0
49.5656,0.929767,60.000022,-0.004721,0.0000,1.0000,9255.7,0.0357,3,0
49.6105,0.929890,60.000025,-0.004714,0.0000,1.0000,9254.4,0.0377,3,0
49.6551,0.930012,60.000028,-0.004707,0.0000,1.0000,9255.2,0.0398,3,0
49.6975,0.930135,60.000031,-0.004700,0.0000,1.0000,9264.2,0.0418,3,0
49.7378,0.930258,60.000034,-0.004693,0.0000,1.0000,9280.9,0.0439,3,0
49.7809,0.930381,60.000037,-0.004686,0.0000,1.0000,9286.2,0.0460,3,0
49.8236,0.930504,60.000040,-0.004679,0.0000,1.0000,9292.8,0.0480,3,0
49.8647,0.930627,60.000042,-0.004672,0.0000,1.0000,9304.2,0.0499,3,0
49.9036,0.930750,60.000045,-0.004665,0.0000,1.0000,9322.4,0.0516,3,0
49.9455,0.930873,60.000048,-0.004658,0.0000,1.0000,9326.9,0.0532,3,0
49.9881,0.930997,60.000050,-0.004650,0.0000,1.0000,9329.6,0.0545,3,0
50.0300,0.931120,60.000053,-0.004643,0.0000,1.0000,9335.4,0.0554,3,0
50.0687,0.931244,60.000055,-0.004636,0.0000,1.0000,9352.4,0.0558,3,0
50.1081,0.931367,60.000057,-0.004629,0.0000,1.0000,9364.8,0.0564,3,0
50.1515,0.931491,60.000060,-0.004622,0.0000,1.0000,9363.4,0.0556,3,0
50.1931,0.931615,60.000062,-0.004615,0.0000,1.0000,9367.6,0.0550,3,0
50.2323,0.931739,60.000065,-0.004608,0.0000,1.0000,9381.1,0.0538,3,0
50.2704,0.931863,60.000068,-0.004600,0.0000,1.0000,9396.8,0.0523,3,0
50.3120,0.931987,60.000070,-0.004593,0.0000,1.0000,9399.3,0.0506,3,0
50.3505,0.932112,60.000073,-0.004586,0.0000,1.0000,9302.2,0.0487,3,0
50.3526,0.932236,60.000075,-0.004579,0.0000,1.0000,9261.0,0.0465,3,0
50.3461,0.932360,60.000078,-0.004571,0.0000,1.0000,9264.5,0.0444,3,0
50.3422,0.932485,60.000080,-0.004564,0.0000,1.0000,9261.5,0.0422,3,0
50.3379,0.932609,60.000082,-0.004557,0.0000,1.0000,9261.0,0.0402,3,0
50.3373,0.932733,60.000085,-0.004550,0.0000,1.0000,9368.8,0.0380,3,0
50.3706,0.932857,60.000087,-0.004542,0.0000,1.0000,9336.5,0.0358,3,0
50.3792,0.932982,60.000090,-0.004535,0.0000,1.0000,9276.9,0.0337,3,0
50.3759,0.933106,60.000092,-0.004528,0.0000,1.0000,9273.8,0.0318,3,0
50.3724,0.933230,60.000095,-0.004520,0.0000,1.0000,9272.7,0.0297,3,0
50.3676,0.933355,60.000097,-0.004513,0.0000,1.0000,9276.2,0.0279,3,0
50.3650,0.933479,60.000100,-0.004506,0.0000,1.0000,9364.0,0.0263,3,0
50.3961,0.933604,60.000102,-0.004498,0.0000,1.0000,9314.8,0.0251,3,0
50.3996,0.933728,60.000104,-0.004491,0.0000,1.0000,9278.7,0.0241,3,0
50.3956,0.933852,60.000107,-0.004484,0.0000,1.0000,9282.0,0.0236,3,0
50.3923,0.933977,60.000109,-0.004476,0.0000,1.0000,9282.4,0.0236,3,0
50.3905,0.934101,60.000112,-0.004469,0.0000,1.0000,9277.2,0.0242,3,0
50.3928,0.934226,60.000114,-0.004462,0.0000,1.0000,9378.8,0.0253,3,0
50.4235,0.934350,60.000117,-0.004454,0.0000,1.0000,9299.7,0.0267,3,0
50.4242,0.934475,60.000119,-0.004447,0.0000,1.0000,9275.5,0.0283,3,0
50.4210,0.934599,60.000122,-0.004439,0.0000,1.0000,9272.4,0.0302,3,0
50.4178,0.934723,60.000124,-0.004432,0.0000,1.0000,9268.1,0.0321,3,0
50.4136,0.934848,60.000127,-0.004425,0.0000,1.0000,9266.3,0.0339,3,0
50.4178,0.934972,60.000130,-0.004417,0.0000,1.0000,9385.8,0.0356,3,0
50.4449,0.935097,60.000132,-0.004410,0.0000,1.0000,9297.8,0.0373,3,0
50.4458,0.935221,60.000135,-0.004402,0.0000,1.0000,9277.2,0.0388,3,0
50.4408,0.935346,60.000137,-0.004395,0.0000,1.0000,9279.2,0.0401,3,0
50.4361,0.935470,60.000140,-0.004387,0.0000,1.0000,9280.3,0.0414,3,0
50.4321,0.935595,60.000142,-0.004380,0.0000,1.0000,9281.5,0.0425,3,0
50.4408,0.935719,60.000145,-0.004372,0.0000,1.0000,9400.1,0.0436,3,0
50.4602,0.935844,60.000147,-0.004365,0.0000,1.0000,9288.3,0.0445,3,0
50.4555,0.935969,60.000150,-0.004357,0.0000,1.0000,9288.0,0.0453,3,0
50.4502,0.936093,60.000152,-0.004350,0.0000,1.0000,9292.1,0.0460,3,0
50.4462,0.936218,60.000154,-0.004342,0.0000,1.0000,9290.8,0.0466,3,0
50.4415,0.936342,60.000157,-0.004335,0.0000,1.0000,9302.8,0.0471,3,0
50.4583,0.936467,60.000159,-0.004327,0.0000,1.0000,9338.2,0.0473,3,0
50.4628,0.936591,60.000162,-0.004320,0.0000,1.0000,9297.5,0.0475,3,0
50.4575,0.936716,60.000164,-0.004312,0.0000,1.0000,9301.4,0.0476,3,0
50.4536,0.936840,60.000167,-0.004305,0.0000,1.0000,9297.6,0.0476,3,0
50.4483,0.936965,60.000169,-0.004297,0.0000,1.0000,9299.0,0.0473,3,0
50.4442,0.937089,60.000172,-0.004290,0.0000,1.0000,9386.1,0.0471,3,0
50.4645,0.937214,60.000174,-0.004282,0.0000,1.0000,9310.4,0.0468,3,0
50.4612,0.937339,60.000177,-0.004274,0.0000,1.0000,9305.4,0.0465,3,0
50.4558,0.937463,60.000180,-0.004267,0.0000,1.0000,9305.1,0.0461,3,0
50.4511,0.937588,60.000182,-0.004259,0.0000,1.0000,9303.6,0.0457,3,0
50.4461,0.937712,60.000185,-0.004252,0.0000,1.0000,9307.2,0.0454,3,0
50.4574,0.937837,60.000187,-0.004244,0.0000,1.0000,9347.9,0.0452,3,0
50.4616,0.937961,60.000190,-0.004236,0.0000,1.0000,9302.9,0.0450,3,0
50.4563,0.938086,60.000192,-0.004229,0.0000,1.0000,9305.6,0.0449,3,0
50.4517,0.938211,60.000195,-0.004221,0.0000,1.0000,9308.4,0.0451,3,0
50.4478,0.938335,60.000197,-0.004213,0.0000,1.0000,9306.2,0.0455,3,0
50.4455,0.938460,60.000200,-0.004206,0.0000,1.0000,9386.4,0.0460,3,0
50.4648,0.938584,60.000202,-0.004198,0.0000,1.0000,9306.6,0.0467,3,0
50.4624,0.938709,60.000204,-0.004190,0.0000,1.0000,9300.8,0.0477,3,0
50.4586,0.938833,60.000207,-0.004183,0.0000,1.0000,9299.5,0.0488,3,0
50.4556,0.938958,60.000209,-0.004175,0.0000,1.0000,9292.8,0.0501,3,0
50.4517,0.939082,60.000212,-0.004167,0.0000,1.0000,9289.2,0.0515,3,0
50.4646,0.939207,60.000214,-0.004160,0.0000,1.0000,9361.9,0.0531,3,0
50.4767,0.939332,60.000216,-0.004152,0.0000,1.0000,9295.8,0.0547,3,0
50.4744,0.939456,60.000218,-0.004144,0.0000,1.0000,9283.8,0.0562,3,0
50.4706,0.939581,60.000220,-0.004136,0.0000,1.0000,9279.8,0.0575,3,0
50.4665,0.939705,60.000222,-0.004128,0.0000,1.0000,9278.0,0.0588,3,0
50.4620,0.939830,60.000224,-0.004121,0.0000,1.0000,9341.0,0.0599,3,0
50.4822,0.939955,60.000225,-0.004113,0.0000,1.0000,9330.9,0.0607,3,0
50.4869,0.940079,60.000227,-0.004105,0.0000,1.0000,9281.4,0.0611,3,0
50.4823,0.940204,60.000229,-0.004097,0.0000,1.0000,9276.7,0.0612,3,0
50.4770,0.940328,60.000231,-0.004090,0.0000,1.0000,9277.1,0.0608,3,0
50.4709,0.940453,60.000233,-0.004082,0.0000,1.0000,9279.9,0.0597,3,0
50.4681,0.940578,60.000235,-0.004074,0.0000,1.0000,9379.5,0.0581,3,0
50.4875,0.940702,60.000238,-0.004066,0.0000,0.0000,9325.6,0.0562,3,0
50.4858,0.940827,60.000240,-0.004058,0.0000,0.0000,9275.2,0.0537,3,0
50.4840,0.940951,60.000242,-0.004050,0.0000,0.0000,9225.0,0.0508,3,0
50.4821,0.941076,60.000245,-0.004043,0.0000,0.0000,9175.1,0.0473,3,0
50.4795,0.941201,60.000247,-0.004035,0.0000,0.0000,8913.7,0.0437,4,0
50.5260,0.941325,60.000249,-0.004027,0.0000,0.0000,8064.5,0.0398,4,0
50.5741,0.941450,60.000251,-0.004019,0.0000,1.0000,8057.6,0.0356,4,0
50.6135,0.941575,60.000254,-0.004011,0.0000,1.0000,8054.9,0.0315,4,0
50.6517,0.941700,60.000256,-0.004003,0.0000,1.0000,8065.5,0.0273,4,0
50.6917,0.941825,60.000258,-0.003995,0.0000,1.0000,8078.5,0.0240,4,0
50.7313,0.941951,60.000260,-0.003987,0.0000,1.0000,8092.8,0.0213,4,0
50.7698,0.942076,60.000262,-0.003979,0.0000,1.0000,8109.3,0.0194,4,0
50.8096,0.942201,60.000264,-0.003971,0.0000,1.0000,8124.9,0.0183,4,0
50.8509,0.942327,60.000265,-0.003963,0.0000,1.0000,8137.1,0.0182,4,0
50.8941,0.942453,60.000267,-0.003955,0.0000,1.0000,8140.9,0.0188,4,0
50.9346,0.942578,60.000269,-0.003947,0.0000,1.0000,8153.1,0.0201,4,0
50.9783,0.942704,60.000271,-0.003939,0.0000,1.0000,8157.0,0.0219,4,0
51.0218,0.942830,60.000273,-0.003931,0.0000,1.0000,8163.2,0.0245,4,0
51.0669,0.942956,60.000275,-0.003923,0.0000,1.0000,8161.4,0.0274,4,0
51.1111,0.943082,60.000277,-0.003915,0.0000,1.0000,8161.1,0.0308,4,0
51.1556,0.943209,60.000280,-0.003907,0.0000,1.0000,8157.4,0.0346,4,0
51.2013,0.943335,60.000282,-0.003898,0.0000,1.0000,8151.6,0.0388,4,0
51.2482,0.943462,60.000284,-0.003890,0.0000,1.0000,8139.1,0.0432,4,0
51.2952,0.943588,60.000287,-0.003882,0.0000,1.0000,8122.3,0.0475,4,0
51.3404,0.943715,60.000289,-0.003874,0.0000,1.0000,8110.6,0.0522,4,0
51.3867,0.943842,60.000291,-0.003866,0.0000,1.0000,8100.4,0.0568,4,0
51.4374,0.943969,60.000293,-0.003858,0.0000,1.0000,8070.1,0.0611,4,0
51.4817,0.944096,60.000296,-0.003849,0.0000,1.0000,8062.3,0.0651,4,0
51.5266,0.944223,60.000298,-0.003841,0.0000,1.0000,8048.7,0.0686,4,0
51.5700,0.944350,60.000300,-0.003833,0.0000,1.0000,8043.7,0.0720,4,0
51.6092,0.944478,60.000302,-0.003825,0.0000,1.0000,8054.3,0.0748,4,0
51.6461,0.944605,60.000304,-0.003816,0.0000,1.0000,8071.2,0.0769,4,0
51.6850,0.944733,60.000306,-0.003808,0.0000,1.0000,8077.0,0.0781,4,0
51.7254,0.944861,60.000308,-0.003800,0.0000,1.0000,8080.0,0.0790,4,0
51.7637,0.944988,60.000309,-0.003791,0.0000,1.0000,8090.5,0.0793,4,0
51.7988,0.945116,60.000311,-0.003783,0.0000,1.0000,8111.1,0.0790,4,0
51.8357,0.945244,60.000313,-0.003775,0.0000,1.0000,8120.4,0.0781,4,0
51.8752,0.945372,60.000315,-0.003766,0.0000,1.0000,8121.6,0.0771,4,0
51.9124,0.945500,60.000317,-0.003758,0.0000,1.0000,8134.1,0.0758,4,0
51.9468,0.945629,60.000319,-0.003750,0.0000,1.0000,8154.1,0.0741,4,0
51.9820,0.945757,60.000321,-0.003741,0.0000,1.0000,8167.0,0.0722,4,0
52.0194,0.945885,60.000323,-0.003733,0.0000,1.0000,8171.4,0.0703,4,0
52.0548,0.946014,60.000325,-0.003724,0.0000,1.0000,8180.4,0.0686,4,0
52.0887,0.946142,60.000326,-0.003716,0.0000,1.0000,8194.5,0.0668,4,0
52.1223,0.946271,60.000328,-0.003707,0.0000,1.0000,8208.8,0.0651,4,0
52.1588,0.946400,60.000330,-0.003699,0.0000,1.0000,8220.9,0.0637,4,0
52.1899,0.946529,60.000332,-0.003690,0.0000,1.0000,8253.8,0.0625,4,0
52.2276,0.946658,60.000334,-0.003682,0.0000,1.0000,8254.8,0.0614,4,0
52.2625,0.946787,60.000336,-0.003673,0.0000,1.0000,8266.0,0.0605,4,0
52.2925,0.946916,60.000338,-0.003665,0.0000,1.0000,8303.1,0.0600,4,0
52.3188,0.947045,60.000340,-0.003656,0.0000,1.0000,8355.9,0.0599,4,0
52.3520,0.947174,60.000342,-0.003647,0.0000,1.0000,8378.5,0.0600,4,0
52.3851,0.947303,60.000344,-0.003639,0.0000,1.0000,8393.0,0.0603,4,0
52.4220,0.947433,60.000345,-0.003630,0.0000,1.0000,8396.9,0.0610,4,0
52.4584,0.947562,60.000347,-0.003621,0.0000,1.0000,8401.5,0.0621,4,0
52.4951,0.947692,60.000349,-0.003613,0.0000,1.0000,8401.9,0.0632,4,0
52.5297,0.947822,60.000351,-0.003604,0.0000,1.0000,8403.6,0.0641,4,0
52.5663,0.947951,60.000353,-0.003596,0.0000,1.0000,8403.3,0.0651,4,0
52.6008,0.948081,60.000355,-0.003587,0.0000,1.0000,8408.2,0.0662,4,0
52.6360,0.948211,60.000357,-0.003578,0.0000,1.0000,8411.0,0.0668,4,0
52.6703,0.948341,60.000358,-0.003569,0.0000,1.0000,8411.6,0.0671,4,0
52.7050,0.948471,60.000359,-0.003560,0.0000,1.0000,8416.5,0.0675,4,0
52.7391,0.948601,60.000361,-0.003552,0.0000,1.0000,8421.5,0.0678,4,0
52.7730,0.948732,60.000362,-0.003543,0.0000,1.0000,8427.5,0.0680,4,0
52.8056,0.948862,60.000364,-0.003534,0.0000,1.0000,8433.2,0.0683,4,0
52.8403,0.948993,60.000366,-0.003525,0.0000,1.0000,8435.4,0.0689,4,0
52.8742,0.949123,60.000367,-0.003516,0.0000,1.0000,8441.6,0.0699,4,0
52.9084,0.949254,60.000368,-0.003508,0.0000,1.0000,8443.3,0.0710,4,0
52.9413,0.949384,60.000370,-0.003499,0.0000,1.0000,8448.0,0.0722,4,0
52.9753,0.949515,60.000371,-0.003490,0.0000,1.0000,8449.9,0.0738,4,0
53.0075,0.949646,60.000373,-0.003481,0.0000,1.0000,8453.8,0.0756,4,0
53.0415,0.949777,60.000374,-0.003472,0.0000,1.0000,8458.6,0.0773,4,0
53.0742,0.949908,60.000376,-0.003463,0.0000,1.0000,8461.5,0.0791,4,0
53.1058,0.950039,60.000377,-0.003454,0.0000,1.0000,8463.2,0.0810,4,0
53.1368,0.950170,60.000379,-0.003445,0.0000,1.0000,8467.8,0.0830,4,0
53.1701,0.950301,60.000380,-0.003436,0.0000,1.0000,8470.6,0.0848,4,0
53.2008,0.950433,60.000382,-0.003427,0.0000,1.0000,8476.7,0.0869,4,0
53.2329,0.950564,60.000383,-0.003418,0.0000,1.0000,8480.5,0.0892,4,0
53.2645,0.950696,60.000385,-0.003409,0.0000,1.0000,8484.6,0.0914,4,0
53.2957,0.950827,60.000387,-0.003400,0.0000,1.0000,8489.7,0.0935,4,0
53.3256,0.950959,60.000388,-0.003391,0.0000,1.0000,8496.9,0.0953,4,0
53.3556,0.951091,60.000390,-0.003382,0.0000,1.0000,8502.1,0.0972,4,0
53.3843,0.951222,60.000391,-0.003373,0.0000,1.0000,8509.4,0.0986,4,0
53.4136,0.951354,60.000393,-0.003364,0.0000,1.0000,8515.9,0.0997,4,0
53.4421,0.951486,60.000394,-0.003355,0.0000,1.0000,8522.0,0.1004,4,0
53.4719,0.951618,60.000396,-0.003345,0.0000,1.0000,8526.7,0.1009,4,0
53.5011,0.951750,60.000397,-0.003336,0.0000,1.0000,8535.1,0.1010,4,0
53.5304,0.951882,60.000398,-0.003327,0.0000,1.0000,8539.3,0.1006,4,0
53.5593,0.952015,60.000400,-0.003318,0.0000,1.0000,8546.8,0.0998,4,0
53.5893,0.952147,60.000401,-0.003309,0.0000,1.0000,8551.8,0.0989,4,0
53.6180,0.952279,60.000402,-0.003300,0.0000,1.0000,8562.6,0.0975,4,0
53.6472,0.952412,60.000404,-0.003290,0.0000,1.0000,8571.0,0.0959,4,0
53.6765,0.952544,60.000405,-0.003281,0.0000,1.0000,8576.6,0.0945,4,0
53.7067,0.952677,60.000406,-0.003272,0.0000,1.0000,8580.2,0.0933,4,0
53.7356,0.952809,60.000407,-0.003263,0.0000,1.0000,8587.5,0.0922,4,0
53.7631,0.952942,60.000408,-0.003254,0.0000,1.0000,8595.5,0.0912,4,0
53.7926,0.953075,60.000410,-0.003244,0.0000,1.0000,8597.0,0.0907,4,0
53.8212,0.953208,60.000411,-0.003235,0.0000,1.0000,8601.2,0.0905,4,0
53.8507,0.953341,60.000412,-0.003226,0.0000,1.0000,8605.3,0.0904,4,0
53.8800,0.953474,60.000414,-0.003216,0.0000,1.0000,8606.7,0.0904,4,0
53.9094,0.953607,60.000415,-0.003207,0.0000,1.0000,8609.2,0.0908,4,0
53.9384,0.953740,60.000417,-0.003198,0.0000,1.0000,8611.7,0.0915,4,0
53.9677,0.953873,60.000418,-0.003188,0.0000,1.0000,8612.4,0.0922,4,0
53.9939,0.954007,60.000419,-0.003179,0.0000,1.0000,8620.5,0.0930,4,0
54.0218,0.954140,60.000421,-0.003170,0.0000,1.0000,8623.9,0.0941,4,0
54.0493,0.954273,60.000422,-0.003160,0.0000,1.0000,8628.0,0.0953,4,0
54.0772,0.954407,60.000424,-0.003151,0.0000,1.0000,8631.7,0.0964,4,0
54.1042,0.954540,60.000425,-0.003142,0.0000,1.0000,8637.6,0.0976,4,0
54.1330,0.954674,60.000427,-0.003132,0.0000,1.0000,8640.3,0.0991,4,0
54.1614,0.954808,60.000428,-0.003123,0.0000,1.0000,8643.6,0.1007,4,0
54.1887,0.954942,60.000429,-0.003113,0.0000,1.0000,8646.3,0.1022,4,0
54.2151,0.955075,60.000429,-0.003104,0.0000,1.0000,8651.2,0.1037,4,0
54.2423,0.955209,60.000430,-0.003094,0.0000,1.0000,8656.1,0.1053,4,0
54.2708,0.955343,60.000431,-0.003085,0.0000,1.0000,8653.8,0.1066,4,0
54.2979,0.955477,60.000432,-0.003075,0.0000,1.0000,8655.4,0.1076,4,0
54.3250,0.955611,60.000433,-0.003066,0.0000,1.0000,8659.1,0.1086,4,0
54.3532,0.955746,60.000433,-0.003056,0.0000,1.0000,8661.0,0.1095,4,0
54.3812,0.955880,60.000434,-0.003047,0.0000,1.0000,8663.4,0.1102,4,0
54.4075,0.956014,60.000435,-0.003037,0.0000,1.0000,8668.2,0.1108,4,0
54.4352,0.956148,60.000436,-0.003028,0.0000,1.0000,8674.2,0.1115,4,0
54.4621,0.956283,60.000437,-0.003018,0.0000,1.0000,8677.2,0.1122,4,0
54.4908,0.956417,60.000438,-0.003009,0.0000,1.0000,8679.7,0.1128,4,0
54.5169,0.956552,60.000439,-0.002999,0.0000,1.0000,8682.5,0.1134,4,0
54.5428,0.956687,60.000441,-0.002989,0.0000,1.0000,8688.8,0.1143,4,0
54.5671,0.956821,60.000442,-0.002980,0.0000,1.0000,8698.9,0.1150,4,0
54.5915,0.956956,60.000443,-0.002970,0.0000,1.0000,8700.3,0.1156,4,0
54.6170,0.957091,60.000444,-0.002961,0.0000,1.0000,8696.7,0.1157,4,0
54.6417,0.957226,60.000445,-0.002951,0.0000,1.0000,8701.6,0.1159,4,0
54.6667,0.957361,60.000446,-0.002942,0.0000,1.0000,8702.9,0.1157,4,0
54.6914,0.957496,60.000447,-0.002932,0.0000,1.0000,8702.5,0.1151,4,0
54.7150,0.957631,60.000448,-0.002922,0.0000,1.0000,8707.3,0.1143,4,0
54.7386,0.957766,60.000448,-0.002913,0.0000,1.0000,8712.6,0.1133,4,0
54.7618,0.957901,60.000449,-0.002903,0.0000,1.0000,8718.3,0.1119,4,0
54.7836,0.958036,60.000450,-0.002893,0.0000,1.0000,8723.0,0.1103,4,0
54.8049,0.958172,60.000451,-0.002884,0.0000,1.0000,8730.2,0.1085,4,0
54.8262,0.958307,60.000452,-0.002874,0.0000,1.0000,8737.3,0.1067,4,0
54.8495,0.958442,60.000452,-0.002864,0.0000,1.0000,8747.3,0.1049,4,0
54.8744,0.958578,60.000453,-0.002855,0.0000,1.0000,8754.5,0.1033,4,0
54.9013,0.958713,60.000454,-0.002845,0.0000,1.0000,8764.3,0.1022,4,0
54.9262,0.958849,60.000455,-0.002835,0.0000,1.0000,8772.0,0.1016,4,0
54.9506,0.958985,60.000455,-0.002825,0.0000,1.0000,8779.5,0.1014,4,0
54.9757,0.959120,60.000456,-0.002816,0.0000,1.0000,8782.3,0.1017,4,0
55.0030,0.959256,60.000456,-0.002806,0.0000,1.0000,8774.3,0.1024,4,0
55.0289,0.959392,60.000457,-0.002796,0.0000,1.0000,8775.0,0.1035,4,0
55.0526,0.959528,60.000458,-0.002786,0.0000,1.0000,8780.6,0.1048,4,0
55.0757,0.959664,60.000458,-0.002776,0.0000,1.0000,8787.6,0.1064,4,0
55.0999,0.959800,60.000459,-0.002767,0.0000,1.0000,8790.2,0.1081,4,0
55.1252,0.959936,60.000459,-0.002757,0.0000,1.0000,8790.4,0.1098,4,0
55.1497,0.960072,60.000460,-0.002747,0.0000,1.0000,8788.8,0.1114,4,0
55.1729,0.960208,60.000461,-0.002737,0.0000,1.0000,8792.9,0.1132,4,0
55.1966,0.960345,60.000462,-0.002727,0.0000,1.0000,8793.5,0.1147,4,0
55.2194,0.960481,60.000463,-0.002718,0.0000,1.0000,8796.5,0.1163,4,0
55.2423,0.960617,60.000464,-0.002708,0.0000,1.0000,8797.1,0.1175,4,0
55.2639,0.960754,60.000465,-0.002698,0.0000,1.0000,8802.0,0.1185,4,0
55.2857,0.960890,60.000466,-0.002688,0.0000,1.0000,8805.3,0.1191,4,0
55.3062,0.961027,60.000467,-0.002678,0.0000,1.0000,8810.7,0.1191,4,0
55.3280,0.961163,60.000468,-0.002668,0.0000,1.0000,8813.2,0.1189,4,0
55.3500,0.961300,60.000469,-0.002658,0.0000,1.0000,8814.0,0.1181,4,0
55.3715,0.961437,60.000470,-0.002649,0.0000,1.0000,8815.8,0.1169,4,0
55.3912,0.961573,60.000470,-0.002639,0.0000,1.0000,8821.2,0.1153,4,0
55.4112,0.961710,60.000471,-0.002629,0.0000,1.0000,8831.4,0.1133,4,0
55.4329,0.961847,60.000471,-0.002619,0.0000,1.0000,8834.2,0.1110,4,0
55.4552,0.961984,60.000471,-0.002609,0.0000,1.0000,8839.3,0.1087,4,0
55.4786,0.962121,60.000472,-0.002599,0.0000,1.0000,8841.9,0.1063,4,0
55.5026,0.962258,60.000472,-0.002589,0.0000,1.0000,8847.3,0.1046,4,0
55.5275,0.962395,60.000472,-0.002579,0.0000,1.0000,8849.6,0.1030,4,0
55.5499,0.962532,60.000472,-0.002569,0.0000,1.0000,8857.4,0.1021,4,0
55.5711,0.962669,60.000473,-0.002559,0.0000,1.0000,8867.2,0.1015,4,0
55.5926,0.962807,60.000473,-0.002549,0.0000,1.0000,8874.7,0.1014,4,0
55.6123,0.962944,60.000473,-0.002539,0.0000,1.0000,8882.9,0.1012,4,0
55.6316,0.963081,60.000473,-0.002529,0.0000,1.0000,8885.8,0.1012,4,0
55.6513,0.963219,60.000473,-0.002519,0.0000,1.0000,8885.7,0.1012,4,0
55.6701,0.963356,60.000473,-0.002509,0.0000,1.0000,8885.2,0.1008,4,0
55.6885,0.963493,60.000473,-0.002499,0.0000,1.0000,8889.5,0.0999,4,0
55.7075,0.963631,60.000473,-0.002489,0.0000,1.0000,8891.4,0.0986,4,0
55.7261,0.963769,60.000473,-0.002479,0.0000,1.0000,8893.2,0.0969,4,0
55.7439,0.963906,60.000473,-0.002469,0.0000,1.0000,8892.5,0.0946,4,0
55.7603,0.964044,60.000473,-0.002459,0.0000,1.0000,8897.7,0.0918,4,0
55.7775,0.964181,60.000473,-0.002449,0.0000,1.0000,8901.9,0.0887,4,0
55.7958,0.964319,60.000473,-0.002439,0.0000,1.0000,8911.8,0.0853,4,0
55.8144,0.964457,60.000474,-0.002429,0.0000,1.0000,8922.1,0.0818,4,0
55.8334,0.964595,60.000474,-0.002419,0.0000,1.0000,8931.5,0.0784,4,0
55.8535,0.964733,60.000475,-0.002409,0.0000,1.0000,8939.1,0.0753,4,0
55.8736,0.964871,60.000475,-0.002399,0.0000,1.0000,8949.5,0.0723,4,0
55.8954,0.965009,60.000475,-0.002389,0.0000,1.0000,8953.7,0.0697,4,0
55.9194,0.965147,60.000476,-0.002379,0.0000,1.0000,8953.6,0.0677,4,0
55.9436,0.965285,60.000476,-0.002369,0.0000,1.0000,8952.7,0.0663,4,0
55.9668,0.965423,60.000477,-0.002359,0.0000,1.0000,8952.9,0.0655,4,0
55.9916,0.965561,60.000477,-0.002349,0.0000,1.0000,8950.0,0.0650,4,0
56.0150,0.965699,60.000477,-0.002339,0.0000,1.0000,8947.9,0.0652,4,0
56.0372,0.965838,60.000477,-0.002329,0.0000,1.0000,8946.1,0.0657,4,0
56.0607,0.965976,60.000477,-0.002319,0.0000,1.0000,8943.3,0.0664,4,0
56.0849,0.966115,60.000477,-0.002309,0.0000,1.0000,8936.7,0.0674,4,0
56.1082,0.966253,60.000477,-0.002299,0.0000,1.0000,8931.0,0.0687,4,0
56.1301,0.966392,60.000477,-0.002289,0.0000,1.0000,8927.6,0.0698,4,0
56.1534,0.966530,60.000477,-0.002279,0.0000,1.0000,8923.5,0.0708,4,0
56.1743,0.966669,60.000477,-0.002269,0.0000,1.0000,8926.7,0.0717,4,0
56.1970,0.966808,60.000477,-0.002258,0.0000,1.0000,8923.2,0.0724,4,0
56.2194,0.966946,60.000477,-0.002248,0.0000,1.0000,8917.1,0.0728,4,0
56.2433,0.967085,60.000477,-0.002238,0.0000,1.0000,8912.5,0.0729,4,0
56.2643,0.967224,60.000476,-0.002228,0.0000,1.0000,8916.5,0.0729,4,0
56.2860,0.967363,60.000476,-0.002218,0.0000,1.0000,8913.6,0.0725,4,0
56.3083,0.967502,60.000475,-0.002208,0.0000,1.0000,8917.1,0.0718,4,0
56.3286,0.967641,60.000475,-0.002198,0.0000,1.0000,8922.2,0.0708,4,0
56.3479,0.967780,60.000475,-0.002188,0.0000,1.0000,8928.9,0.0695,4,0
56.3661,0.967919,60.000474,-0.002178,0.0000,1.0000,8936.9,0.0675,4,0
56.3801,0.968059,60.000474,-0.002167,0.0000,1.0000,8947.3,0.0651,4,0
56.3940,0.968198,60.000473,-0.002157,0.0000,1.0000,8961.4,0.0625,4,0
56.4096,0.968337,60.000473,-0.002147,0.0000,1.0000,8974.2,0.0598,4,0
56.4269,0.968476,60.000473,-0.002137,0.0000,1.0000,8985.2,0.0570,4,0
56.4437,0.968616,60.000472,-0.002127,0.0000,1.0000,8999.0,0.0542,4,0
56.4633,0.968755,60.000472,-0.002117,0.0000,1.0000,9008.8,0.0516,4,0
56.4820,0.968895,60.000472,-0.002107,0.0000,1.0000,9021.9,0.0494,4,0
56.5009,0.969034,60.000472,-0.002097,0.0000,1.0000,9029.7,0.0476,4,0
56.5214,0.969174,60.000471,-0.002086,0.0000,1.0000,9033.2,0.0464,4,0
56.5433,0.969313,60.000471,-0.002076,0.0000,1.0000,9035.5,0.0461,4,0
56.5646,0.969453,60.000471,-0.002066,0.0000,1.0000,9036.7,0.0464,4,0
56.5854,0.969592,60.000470,-0.002056,0.0000,1.0000,9036.5,0.0474,4,0
56.6094,0.969732,60.000470,-0.002046,0.0000,1.0000,9025.1,0.0490,4,0
56.6325,0.969872,60.000470,-0.002036,0.0000,1.0000,9018.9,0.0511,4,0
56.6539,0.970012,60.000469,-0.002026,0.0000,1.0000,9015.6,0.0534,4,0
56.6748,0.970152,60.000468,-0.002015,0.0000,1.0000,9010.9,0.0557,4,0
56.6963,0.970292,60.000468,-0.002005,0.0000,1.0000,9007.6,0.0580,4,0
56.7172,0.970432,60.000467,-0.001995,0.0000,1.0000,9003.6,0.0602,4,0
56.7389,0.970572,60.000467,-0.001985,0.0000,1.0000,8996.5,0.0621,4,0
56.7595,0.970712,60.000467,-0.001975,0.0000,1.0000,8992.4,0.0638,4,0
56.7812,0.970852,60.000466,-0.001965,0.0000,1.0000,8989.7,0.0653,4,0
56.8024,0.970992,60.000465,-0.001955,0.0000,1.0000,8989.7,0.0668,4,0
56.8242,0.971133,60.000465,-0.001944,0.0000,1.0000,8987.2,0.0681,4,0
56.8426,0.971273,60.000464,-0.001934,0.0000,1.0000,8987.7,0.0697,4,0
56.8630,0.971413,60.000464,-0.001924,0.0000,1.0000,8992.8,0.0717,4,0
56.8842,0.971554,60.000463,-0.001914,0.0000,1.0000,8992.0,0.0743,4,0
56.9043,0.971694,60.000462,-0.001904,0.0000,1.0000,8993.3,0.0771,4,0
56.9250,0.971835,60.000462,-0.001894,0.0000,1.0000,8992.2,0.0803,4,0
56.9443,0.971975,60.000461,-0.001883,0.0000,1.0000,8990.7,0.0838,4,0
56.9641,0.972116,60.000460,-0.001873,0.0000,1.0000,8990.3,0.0873,4,0
56.9831,0.972257,60.000459,-0.001863,0.0000,1.0000,8992.7,0.0910,4,0
57.0027,0.972397,60.000459,-0.001853,0.0000,1.0000,8993.2,0.0948,4,0
57.0228,0.972538,60.000458,-0.001843,0.0000,1.0000,8993.2,0.0986,4,0
57.0417,0.972679,60.000458,-0.001833,0.0000,1.0000,8997.6,0.1024,4,0
57.0609,0.972820,60.000457,-0.001822,0.0000,1.0000,8998.8,0.1061,4,0
57.0781,0.972961,60.000457,-0.001812,0.0000,1.0000,9008.8,0.1099,4,0
57.0967,0.973102,60.000456,-0.001802,0.0000,1.0000,9010.2,0.1136,4,0
57.1151,0.973243,60.000456,-0.001792,0.0000,1.0000,9012.6,0.1169,4,0
57.1328,0.973384,60.000456,-0.001782,0.0000,1.0000,9017.4,0.1201,4,0
57.1487,0.973525,60.000455,-0.001771,0.0000,1.0000,9025.4,0.1231,4,0
57.1667,0.973666,60.000455,-0.001761,0.0000,1.0000,9022.0,0.1255,4,0
57.1828,0.973807,60.000454,-0.001751,0.0000,1.0000,9020.4,0.1269,4,0
57.1978,0.973948,60.000454,-0.001741,0.0000,1.0000,9025.0,0.1276,4,0
57.2126,0.974089,60.000453,-0.001731,0.0000,1.0000,9029.4,0.1273,4,0
57.2291,0.974231,60.000452,-0.001721,0.0000,1.0000,9029.2,0.1259,4,0
57.2448,0.974372,60.000452,-0.001710,0.0000,1.0000,9032.1,0.1239,4,0
57.2592,0.974513,60.000451,-0.001700,0.0000,1.0000,9045.1,0.1213,4,0
57.2763,0.974655,60.000450,-0.001690,0.0000,1.0000,9047.3,0.1181,4,0
57.2911,0.974796,60.000449,-0.001680,0.0000,1.0000,9055.1,0.1144,4,0
57.3062,0.974938,60.000448,-0.001670,0.0000,1.0000,9065.3,0.1107,4,0
57.3222,0.975079,60.000448,-0.001660,0.0000,1.0000,9076.2,0.1072,4,0
57.3380,0.975221,60.000447,-0.001649,0.0000,1.0000,9082.2,0.1037,4,0
57.3532,0.975362,60.000446,-0.001639,0.0000,1.0000,9090.6,0.1006,4,0
57.3700,0.975504,60.000445,-0.001629,0.0000,1.0000,9096.7,0.0982,4,0
57.3861,0.975646,60.000444,-0.001619,0.0000,1.0000,9103.1,0.0961,4,0
57.4019,0.975787,60.000443,-0.001609,0.0000,1.0000,9109.8,0.0946,4,0
57.4183,0.975929,60.000442,-0.001599,0.0000,1.0000,9112.6,0.0935,4,0
57.4348,0.976071,60.000440,-0.001588,0.0000,1.0000,9117.5,0.0932,4,0
57.4515,0.976213,60.000439,-0.001578,0.0000,1.0000,9123.1,0.0932,4,0
57.4673,0.976355,60.000438,-0.001568,0.0000,1.0000,9128.0,0.0938,4,0
57.4844,0.976496,60.000437,-0.001558,0.0000,1.0000,9130.8,0.0950,4,0
57.5025,0.976638,60.000436,-0.001548,0.0000,1.0000,9135.4,0.0967,4,0
57.5202,0.976780,60.000435,-0.001538,0.0000,1.0000,9136.2,0.0989,4,0
57.5377,0.976922,60.000434,-0.001528,0.0000,1.0000,9138.6,0.1016,4,0
57.5554,0.977065,60.000433,-0.001517,0.0000,1.0000,9137.8,0.1048,4,0
57.5723,0.977207,60.000431,-0.001507,0.0000,1.0000,9142.7,0.1082,4,0
57.5884,0.977349,60.000430,-0.001497,0.0000,1.0000,9145.8,0.1119,4,0
57.6040,0.977491,60.000429,-0.001487,0.0000,1.0000,9150.8,0.1160,4,0
57.6188,0.977633,60.000428,-0.001477,0.0000,1.0000,9158.7,0.1199,4,0
57.6333,0.977776,60.000427,-0.001467,0.0000,1.0000,9163.3,0.1240,4,0
57.6488,0.977918,60.000425,-0.001457,0.0000,1.0000,9159.3,0.1276,4,0
57.6645,0.978060,60.000424,-0.001446,0.0000,1.0000,9154.2,0.1309,4,0
57.6783,0.978203,60.000423,-0.001436,0.0000,1.0000,9156.5,0.1334,4,0
57.6933,0.978345,60.000422,-0.001426,0.0000,1.0000,9151.4,0.1350,4,0
57.7082,0.978487,60.000421,-0.001416,0.0000,1.0000,9147.9,0.1358,4,0
57.7235,0.978630,60.000420,-0.001406,0.0000,1.0000,9147.2,0.1358,4,0
57.7382,0.978772,60.000419,-0.001396,0.0000,1.0000,9149.2,0.1352,4,0
57.7544,0.978915,60.000417,-0.001386,0.0000,1.0000,9147.2,0.1338,4,0
57.7705,0.979058,60.000416,-0.001376,0.0000,1.0000,9149.8,0.1323,4,0
57.7878,0.979200,60.000415,-0.001366,0.0000,1.0000,9154.1,0.1308,4,0
57.8061,0.979343,60.000414,-0.001355,0.0000,1.0000,9157.4,0.1295,4,0
57.8253,0.979486,60.000413,-0.001345,0.0000,1.0000,9158.4,0.1290,4,0
57.8442,0.979629,60.000412,-0.001335,0.0000,1.0000,9162.4,0.1293,4,0
57.8613,0.979771,60.000411,-0.001325,0.0000,1.0000,9171.2,0.1308,4,0
57.8769,0.979914,60.000410,-0.001315,0.0000,1.0000,9180.6,0.1332,4,0
57.8941,0.980057,60.000408,-0.001305,0.0000,1.0000,9186.3,0.1368,4,0
57.9135,0.980200,60.000407,-0.001295,0.0000,1.0000,9185.5,0.1414,4,0
57.9329,0.980343,60.000406,-0.001285,0.0000,1.0000,9182.3,0.1461,4,0
57.9520,0.980486,60.000405,-0.001275,0.0000,1.0000,9171.9,0.1509,4,0
57.9700,0.980629,60.000404,-0.001265,0.0000,1.0000,9158.5,0.1557,4,0
57.9874,0.980772,60.000402,-0.001255,0.0000,1.0000,9141.7,0.1600,4,0
58.0016,0.980916,60.000401,-0.001245,0.0000,1.0000,9135.7,0.1635,4,0
58.0172,0.981059,60.000400,-0.001234,0.0000,1.0000,9125.0,0.1663,4,0
58.0323,0.981202,60.000399,-0.001224,0.0000,1.0000,9120.1,0.1681,4,0
58.0467,0.981345,60.000397,-0.001214,0.0000,1.0000,9118.4,0.1686,4,0
58.0601,0.981489,60.000396,-0.001204,0.0000,1.0000,9117.8,0.1682,4,0
58.0763,0.981632,60.000394,-0.001194,0.0000,1.0000,9108.1,0.1667,4,0
58.0897,0.981776,60.000393,-0.001184,0.0000,1.0000,9111.7,0.1639,4,0
58.1033,0.981919,60.000391,-0.001174,0.0000,1.0000,9113.3,0.1601,4,0
58.1204,0.982062,60.000389,-0.001164,0.0000,1.0000,9105.5,0.1554,4,0
58.1375,0.982206,60.000388,-0.001154,0.0000,1.0000,9096.9,0.1497,4,0
58.1542,0.982350,60.000387,-0.001144,0.0000,1.0000,9101.1,0.1432,4,0
58.1695,0.982493,60.000385,-0.001134,0.0000,1.0000,9105.6,0.1361,4,0
58.1854,0.982637,60.000383,-0.001124,0.0000,1.0000,9114.8,0.1290,4,0
58.2024,0.982780,60.000382,-0.001114,0.0000,1.0000,9118.7,0.1218,4,0
58.2144,0.982924,60.000380,-0.001104,0.0000,1.0000,9142.8,0.1149,4,0
58.2317,0.983068,60.000379,-0.001094,0.0000,1.0000,9146.2,0.1085,4,0
58.2501,0.983212,60.000377,-0.001084,0.0000,1.0000,9149.9,0.1028,4,0
58.2623,0.983356,60.000376,-0.001074,0.0000,1.0000,9180.5,0.0977,4,0
58.2728,0.983499,60.000374,-0.001064,0.0000,1.0000,9216.9,0.0937,4,0
58.2888,0.983643,60.000373,-0.001054,0.0000,1.0000,9231.2,0.0909,4,0
58.3050,0.983787,60.000371,-0.001044,0.0000,1.0000,9241.4,0.0891,4,0
58.3212,0.983931,60.000370,-0.001034,0.0000,1.0000,9250.5,0.0885,4,0
58.3389,0.984075,60.000368,-0.001024,0.0000,1.0000,9251.5,0.0888,4,0
58.3564,0.984219,60.000367,-0.001014,0.0000,1.0000,9250.2,0.0901,4,0
58.3725,0.984363,60.000366,-0.001004,0.0000,1.0000,9253.9,0.0918,4,0
58.3858,0.984507,60.000364,-0.000994,0.0000,1.0000,9265.3,0.0939,4,0
58.4005,0.984652,60.000362,-0.000984,0.0000,1.0000,9269.7,0.0962,4,0
58.4141,0.984796,60.000361,-0.000974,0.0000,1.0000,9272.7,0.0983,4,0
58.4281,0.984940,60.000359,-0.000964,0.0000,1.0000,9278.4,0.1001,4,0
58.4414,0.985084,60.000358,-0.000954,0.0000,1.0000,9284.7,0.1018,4,0
58.4557,0.985229,60.000356,-0.000944,0.0000,1.0000,9283.2,0.1031,4,0
58.4692,0.985373,60.000355,-0.000934,0.0000,1.0000,9287.4,0.1038,4,0
58.4816,0.985517,60.000353,-0.000924,0.0000,1.0000,9291.1,0.1040,4,0
58.4950,0.985662,60.000351,-0.000915,0.0000,1.0000,9295.9,0.1036,4,0
58.5080,0.985806,60.000349,-0.000905,0.0000,1.0000,9297.1,0.1026,4,0
58.5218,0.985951,60.000347,-0.000895,0.0000,1.0000,9299.7,0.1011,4,0
58.5357,0.986095,60.000345,-0.000885,0.0000,1.0000,9304.2,0.0993,4,0
58.5519,0.986240,60.000344,-0.000875,0.0000,1.0000,9297.8,0.0974,4,0
58.5684,0.986384,60.000342,-0.000865,0.0000,1.0000,9295.5,0.0954,4,0
58.5831,0.986529,60.000340,-0.000855,0.0000,1.0000,9297.5,0.0936,4,0
58.5976,0.986674,60.000338,-0.000845,0.0000,1.0000,9304.9,0.0924,4,0
58.6128,0.986818,60.000336,-0.000835,0.0000,1.0000,9307.9,0.0915,4,0
58.6282,0.986963,60.000334,-0.000826,0.0000,1.0000,9311.0,0.0911,4,0
58.6421,0.987108,60.000332,-0.000816,0.0000,1.0000,9319.5,0.0912,4,0
58.6560,0.987253,60.000330,-0.000806,0.0000,1.0000,9324.9,0.0919,4,0
58.6699,0.987397,60.000328,-0.000796,0.0000,1.0000,9330.5,0.0929,4,0
58.6849,0.987542,60.000326,-0.000786,0.0000,1.0000,9329.6,0.0940,4,0
58.7001,0.987687,60.000325,-0.000777,0.0000,1.0000,9330.1,0.0954,4,0
58.7149,0.987832,60.000323,-0.000767,0.0000,1.0000,9328.8,0.0967,4,0
58.7289,0.987977,60.000321,-0.000757,0.0000,1.0000,9329.5,0.0977,4,0
58.7438,0.988122,60.000319,-0.000747,0.0000,1.0000,9329.5,0.0986,4,0
58.7587,0.988267,60.000317,-0.000737,0.0000,1.0000,9328.5,0.0993,4,0
58.7758,0.988412,60.000315,-0.000727,0.0000,1.0000,9321.8,0.0996,4,0
58.7928,0.988557,60.000313,-0.000718,0.0000,1.0000,9316.2,0.0996,4,0
58.8092,0.988703,60.000311,-0.000708,0.0000,1.0000,9317.8,0.0995,4,0
58.8264,0.988848,60.000309,-0.000698,0.0000,1.0000,9315.5,0.0991,4,0
58.8438,0.988993,60.000308,-0.000688,0.0000,1.0000,9312.8,0.0986,4,0
58.8606,0.989138,60.000306,-0.000679,0.0000,1.0000,9314.4,0.0981,4,0
58.8761,0.989284,60.000304,-0.000669,0.0000,1.0000,9322.2,0.0977,4,0
58.8937,0.989429,60.000302,-0.000659,0.0000,1.0000,9318.4,0.0972,4,0
58.9095,0.989575,60.000300,-0.000649,0.0000,1.0000,9319.6,0.0967,4,0
58.9265,0.989720,60.000298,-0.000640,0.0000,1.0000,9319.5,0.0963,4,0
58.9424,0.989865,60.000296,-0.000630,0.0000,1.0000,9319.2,0.0955,4,0
58.9499,0.990011,60.000293,-0.000620,0.0000,0.0000,9268.8,0.0943,4,0
58.9369,0.990157,60.000291,-0.000611,0.0000,0.0000,9218.7,0.0930,4,0
58.9171,0.990302,60.000289,-0.000601,0.0000,0.0000,9168.8,0.0913,4,0
58.8966,0.990447,60.000287,-0.000591,0.0000,0.0000,9119.1,0.0890,4,0
58.8975,0.990593,60.000284,-0.000582,0.0000,0.0000,8435.3,0.0864,5,0
58.9206,0.990738,60.000282,-0.000572,0.0000,0.0000,8035.0,0.0832,5,0
58.9431,0.990884,60.000280,-0.000562,0.0000,1.0000,8026.5,0.0794,5,0
58.9681,0.991029,60.000277,-0.000553,0.0000,1.0000,8014.5,0.0751,5,0
58.9895,0.991175,60.000275,-0.000543,0.0000,1.0000,8013.6,0.0708,5,0
59.0094,0.991321,60.000273,-0.000533,0.0000,1.0000,8023.0,0.0665,5,0
59.0313,0.991466,60.000270,-0.000524,0.0000,1.0000,8024.1,0.0623,5,0
59.0534,0.991612,60.000267,-0.000514,0.0000,1.0000,8018.6,0.0583,5,0
59.0712,0.991758,60.000265,-0.000504,0.0000,1.0000,8030.6,0.0545,5,0
59.0895,0.991904,60.000262,-0.000495,0.0000,1.0000,8039.8,0.0511,5,0
59.1078,0.992050,60.000260,-0.000485,0.0000,1.0000,8047.7,0.0481,5,0
59.1262,0.992196,60.000258,-0.000476,0.0000,1.0000,8056.7,0.0459,5,0
59.1458,0.992342,60.000255,-0.000466,0.0000,1.0000,8064.8,0.0446,5,0
59.1657,0.992488,60.000253,-0.000456,0.0000,1.0000,8068.5,0.0440,5,0
59.1847,0.992634,60.000250,-0.000447,0.0000,1.0000,8074.6,0.0441,5,0
59.2060,0.992780,60.000248,-0.000437,0.0000,1.0000,8075.6,0.0453,5,0
59.2270,0.992926,60.000246,-0.000428,0.0000,1.0000,8079.0,0.0470,5,0
59.2486,0.993072,60.000244,-0.000418,0.0000,1.0000,8076.3,0.0493,5,0
59.2705,0.993219,60.000242,-0.000409,0.0000,1.0000,8075.3,0.0522,5,0
59.2927,0.993365,60.000240,-0.000399,0.0000,1.0000,8077.3,0.0557,5,0
59.3151,0.993512,60.000238,-0.000390,0.0000,1.0000,8074.0,0.0595,5,0
59.3377,0.993658,60.000236,-0.000380,0.0000,1.0000,8070.6,0.0640,5,0
59.3597,0.993805,60.000234,-0.000371,0.0000,1.0000,8071.6,0.0689,5,0
59.3801,0.993951,60.000232,-0.000361,0.0000,1.0000,8073.0,0.0744,5,0
59.4043,0.994098,60.000230,-0.000351,0.0000,1.0000,8064.7,0.0801,5,0
59.4249,0.994244,60.000227,-0.000342,0.0000,1.0000,8061.3,0.0862,5,0
59.4455,0.994391,60.000224,-0.000333,0.0000,1.0000,8066.4,0.0928,5,0
59.4684,0.994538,60.000222,-0.000323,0.0000,1.0000,8064.7,0.0995,5,0
59.4905,0.994685,60.000219,-0.000314,0.0000,1.0000,8060.8,0.1062,5,0
59.5117,0.994832,60.000216,-0.000304,0.0000,1.0000,8056.1,0.1127,5,0
59.5309,0.994979,60.000213,-0.000295,0.0000,1.0000,8054.7,0.1186,5,0
59.5504,0.995126,60.000210,-0.000285,0.0000,1.0000,8052.7,0.1238,5,0
59.5682,0.995273,60.000208,-0.000276,0.0000,1.0000,8048.7,0.1281,5,0
59.5861,0.995420,60.000205,-0.000266,0.0000,1.0000,8047.4,0.1314,5,0
59.6040,0.995567,60.000202,-0.000257,0.0000,1.0000,8047.2,0.1331,5,0
59.6241,0.995714,60.000200,-0.000247,0.0000,1.0000,8037.5,0.1334,5,0
59.6450,0.995862,60.000198,-0.000238,0.0000,1.0000,8029.0,0.1329,5,0
59.6645,0.996009,60.000195,-0.000228,0.0000,1.0000,8030.3,0.1312,5,0
59.6857,0.996156,60.000193,-0.000219,0.0000,1.0000,8027.0,0.1287,5,0
59.7038,0.996304,60.000191,-0.000210,0.0000,1.0000,8032.2,0.1254,5,0
59.7170,0.996451,60.000189,-0.000200,0.0000,1.0000,8034.9,0.1218,5,0
59.7191,0.996598,60.000187,-0.000191,0.0000,1.0000,8047.7,0.1162,5,0
59.7272,0.996746,60.000184,-0.000181,0.0000,1.0000,8052.4,0.1099,5,0
59.7436,0.996893,60.000182,-0.000172,0.0000,1.0000,8061.4,0.1039,5,0
59.7571,0.997041,60.000180,-0.000163,0.0000,1.0000,8069.8,0.0988,5,0
59.7644,0.997188,60.000177,-0.000153,0.0000,1.0000,8123.4,0.0912,5,0
59.7868,0.997336,60.000175,-0.000144,0.0000,1.0000,8122.0,0.0861,5,0
59.7980,0.997484,60.000172,-0.000135,0.0000,1.0000,8121.2,0.0805,5,0
59.8184,0.997631,60.000169,-0.000125,0.0000,1.0000,8120.7,0.0750,5,0
59.8397,0.997779,60.000166,-0.000116,0.0000,1.0000,8152.2,0.0719,5,0
59.8629,0.997927,60.000164,-0.000107,0.0000,1.0000,8138.4,0.0698,5,0
59.8663,0.998075,60.000161,-0.000097,0.0000,1.0000,8203.6,0.0686,5,0
59.8919,0.998222,60.000158,-0.000088,0.0000,1.0000,8193.6,0.0682,5,0
59.9094,0.998370,60.000156,-0.000079,0.0000,1.0000,8181.7,0.0687,5,0
59.9288,0.998518,60.000153,-0.000069,0.0000,1.0000,8183.0,0.0687,5,0
59.9404,0.998666,60.000150,-0.000060,0.0000,1.0000,8185.3,0.0699,5,0
59.9688,0.998814,60.000147,-0.000051,0.0000,1.0000,8174.2,0.0708,5,0
59.9818,0.998962,60.000144,-0.000041,0.0000,1.0000,8200.7,0.0718,5,0
59.9989,0.999110,60.000141,-0.000032,0.0000,1.0000,8202.6,0.0724,5,0
60.0151,0.999259,60.000137,-0.000023,0.0000,1.0000,8207.4,0.0727,5,0
60.0453,0.999407,60.000134,-0.000014,0.0000,1.0000,8169.4,0.0728,5,0
60.0582,0.999555,60.000131,-0.000004,0.0000,1.0000,8165.6,0.0734,5,0
60.0707,0.999703,60.000128,0.000005,0.0000,1.0000,8204.1,0.0739,5,0
60.0823,0.999852,60.000125,0.000014,0.0000,1.0000,8187.5,0.0746,5,0
60.1000,1.000000,60.000122,0.000023,0.0000,1.0000,8209.7,0.0743,5,0